(94-32j),(5+0j),(5-2j),-6j,(4-7j),(2-10j),(-3-5j),(4+4j),(2+9j),(4+14j),(-4+14j),(4+7j),(8+16j),(12+19j),(9+15j),(13+15j),(11+12j),(12+12j),(9+11j),(4+12j),(6+8j),(4+6j),(-6+7j),2j,(-6-2j),(-10-1j),(-11+1j),0j,0j,0j,0j,0j,0j,0j,0j,0j,0j,0j,(10-43j),(9-45j),(7-41j),(5-42j),(3-38j),(4-43j),(4-43j),(2-36j),(4-34j),(-1-34j),(1-26j),(3-25j),(5-23j),(11-18j),(10-21j),(13-16j),(15-13j),(17-13j),(14-12j),(18-16j),(18-12j),(14-12j),(16-14j),(9-15j),(11-21j),(10-16j)
(-51-48j),(12+0j),(27-18j),(19-5j),(4-4j),(-8-6j),(-6+6j),(1+2j),(-18+21j),(-4+15j),(-15+25j),(-17+38j),(-7+26j),(-11+41j),(-3+33j),(-4+37j),(-2+42j),(-6+31j),(-11+38j),(-2+24j),(-4+19j),(-3+22j),(-3+4j),(-3+1j),(-12+2j),(-16-12j),(-16-18j),0j,0j,0j,0j,0j,0j,0j,0j,0j,0j,0j,(65-32j),(67-39j),(69-36j),(69-41j),(68-38j),(62-40j),(58-44j),(58-38j),(53-33j),(47-35j),(47-24j),(46-24j),(34-16j),(37-6j),(46-8j),(25-5j),(33-1j),(43+7j),(39+5j),(42+5j),(42+0j),(40-5j),(38+3j),(36+1j),(28+11j),(41-6j)
(124-64j),(7+0j),(29-16j),(21+4j),(10+2j),(-9-10j),(-22+0j),(1-4j),(-11+5j),(-15+20j),(-22+19j),(-20+11j),(-25+29j),(-22+38j),(-19+32j),(-23+30j),(-18+41j),(-18+23j),(-22+26j),(-11+23j),15j,(-7+13j),(-5+7j),(-2-3j),(-6-7j),(-7-18j),(4-14j),0j,0j,0j,0j,0j,0j,0j,0j,0j,0j,0j,(74-22j),(70-30j),(68-23j),(80-28j),(58-34j),(61-34j),(67-32j),(61-28j),(60-23j),(51-21j),(50-24j),(50-22j),(47-8j),(33+8j),(49+3j),(33+14j),(32+14j),(30+1j),(31+14j),(36+22j),(42+3j),(38+4j),(30+9j),(43+10j),(20+17j),(28+0j)
(9-110j),(32+0j),(-11-23j),(7-17j),(-7-21j),(-13+10j),(-11+11j),(18+12j),(7+15j),(26+27j),(13+14j),(28+22j),(14+20j),(25+22j),(35+17j),(29+7j),(37+11j),(26+18j),(25+9j),(27+4j),(20+11j),(10+9j),(3+2j),(5+11j),(-5+3j),(-11+3j),(-16+4j),0j,0j,0j,0j,0j,0j,0j,0j,0j,0j,0j,(-46-55j),(-46-65j),(-42-57j),(-55-69j),(-51-58j),(-57-59j),(-50-56j),(-46-54j),(-37-52j),(-40-43j),(-23-40j),(-24-42j),(-14-46j),(-13-43j),(-11-38j),(6-38j),(16-30j),(-3-38j),(4-46j),(13-36j),(5-52j),(2-45j),(12-46j),(4-38j),-37j,(-6-32j)
(38+98j),(34+0j),(-7+5j),(-12+12j),(-2+3j),(5-15j),-5j,(23-19j),(4-24j),(4-15j),(14-28j),(11-38j),(8-36j),-40j,(1-31j),(6-38j),-35j,(9-30j),(3-34j),(3-26j),(4-19j),(1-16j),(8-6j),(3+0j),(6+9j),(10+8j),(8+15j),0j,0j,0j,0j,0j,0j,0j,0j,0j,0j,0j,(-39+57j),(-38+63j),(-44+65j),(-40+66j),(-36+67j),(-32+63j),(-30+67j),(-34+63j),(-30+49j),(-35+51j),(-35+46j),(-30+36j),(-40+30j),(-24+29j),(-39+19j),(-28+5j),(-41+19j),(-37+10j),(-44+7j),(-31+7j),(-42+9j),(-29+23j),(-34+8j),(-38+23j),(-14+10j),(-30+13j)
(94-32j),(5+0j),(-14+0j),(1-3j),(-4-4j),(3+8j),(-3+3j),(-1+3j),(15+3j),(6+8j),(8+9j),(18+4j),(15+2j),(18+5j),(17+1j),(15+1j),(21+1j),(17+0j),(11-1j),(13+1j),(14+2j),(5+1j),(4+0j),(-3+0j),(-7+0j),(-7+6j),(-7+7j),0j,0j,0j,0j,0j,0j,0j,0j,0j,0j,0j,(-39-18j),(-38-13j),(-40-15j),(-41-12j),(-42-11j),(-40-10j),(-34-10j),(-38-15j),(-32-11j),(-28-11j),(-25-16j),(-23-11j),(-20-13j),(-11-14j),(-12-15j),(-10-20j),(-12-21j),(-8-19j),(-6-18j),(-6-21j),(-13-24j),(-2-20j),(-9-21j),(-3-14j),(-6-24j),(-3-16j)
(-34-30j),(45+0j),(10+7j),(6+4j),3j,(1+3j),(-5+3j),(-13+1j),(-14-1j),(-15+7j),(-14-1j),(-17-2j),(-22+11j),(-23+0j),(-25+0j),(-24+4j),(-20+7j),(-21-6j),(-24-4j),(-17-11j),(-24-8j),(-16-12j),(-14-13j),(-12-14j),(-7-23j),(-7-16j),(-6-20j),0j,0j,0j,0j,0j,0j,0j,0j,0j,0j,0j,(-11+4j),(-6+3j),(-8-1j),(-6+7j),(-3+6j),(-7+11j),(-2+17j),(2+15j),(1+18j),(5+17j),(4+18j),(3+24j),(10+34j),(2+18j),(9+22j),(11+36j),(10+23j),(17+25j),(17+18j),(13+17j),(24+16j),(18+24j),(22+9j),(21+11j),(17+11j),(9+10j)
(-93+48j),(10+0j),(-5+10j),(-5+10j),(1-3j),(8+4j),(2-4j),(1-4j),(-1-14j),(-8-11j),(-8-17j),(-12-19j),(-8-17j),(-13-13j),(-12-14j),(-14-11j),(-14-12j),(-11-14j),(-12-15j),(-13-9j),(-4-8j),(-4-5j),-2j,(2-2j),(4+2j),(10+5j),(10+2j),0j,0j,0j,0j,0j,0j,0j,0j,0j,0j,0j,(4+36j),(4+37j),(8+35j),(7+35j),(9+36j),(7+38j),(13+34j),(6+35j),(5+35j),(8+31j),(1+28j),(2+27j),(-4+23j),(-6+25j),(-4+21j),(-8+20j),(-11+18j),(-11+22j),(-7+18j),(-8+21j),(-6+23j),(-13+18j),(-9+18j),(-5+18j),(-1+18j),(-5+13j)
(94-32j),(5+0j),(7+17j),(-5+0j),(1+3j),(12-10j),(8-12j),(7+1j),(11-31j),-23j,(-4-23j),(9-30j),(-2-37j),(-13-37j),(-17-41j),(-15-36j),(-15-39j),(-10-24j),(-7-28j),(-5-25j),(2-21j),(-7-18j),(3-5j),(6-7j),(4+5j),(12+10j),(18+7j),0j,0j,0j,0j,0j,0j,0j,0j,0j,0j,0j,(10+65j),(7+67j),(10+67j),(4+73j),(12+67j),(8+64j),(9+68j),(10+57j),(2+64j),(-5+61j),(2+59j),49j,(-16+51j),(-12+39j),(-17+41j),(-15+31j),(-22+36j),(-21+34j),(-33+34j),(-18+43j),(-26+40j),(-27+42j),(-18+22j),(-21+30j),(-6+38j),(-9+27j)
(-98-32j),(9+0j),(-26+15j),(-8+6j),(-2+2j),(1+12j),(6+17j),(13-7j),(11-8j),(21-12j),(16-26j),(15-21j),(21-30j),(20-30j),(25-36j),(23-25j),(17-27j),(8-22j),(25-28j),(15-24j),(11-19j),(11-11j),-12j,(-2+11j),(-2+5j),(-3+13j),(-3+24j),0j,0j,0j,0j,0j,0j,0j,0j,0j,0j,0j,(-56+29j),(-65+28j),(-65+27j),(-61+26j),(-63+30j),(-56+24j),(-65+32j),(-70+27j),(-61+30j),(-54+25j),(-46+17j),(-42+9j),(-58+1j),(-53+1j),(-42+5j),(-50-13j),(-47-9j),(-32-13j),(-42-11j),(-51-8j),(-42-10j),(-34-10j),(-42-10j),(-51-9j),(-30+2j),(-23-2j)
(124-64j),(7+0j),(12+23j),14j,(-7+9j),(-8+12j),(5-8j),(-10-11j),(-15+14j),(-23-19j),(-7-9j),(-26-4j),(-34-15j),(-39-1j),(-42+2j),(-33+5j),(-32+4j),(-30+6j),(-32+2j),(-23+2j),(-23+4j),(-14+0j),(-16-3j),(8-7j),(-3-9j),(9-8j),(13-12j),0j,0j,0j,0j,0j,0j,0j,0j,0j,0j,0j,(16+69j),(17+66j),(17+63j),(24+64j),(28+64j),(29+63j),(36+64j),(22+74j),(17+58j),(22+48j),(20+51j),(11+43j),(9+47j),(8+43j),(4+41j),(-4+41j),(-4+43j),(-1+43j),(-6+56j),(-8+48j),43j,(16+52j),(7+45j),(14+36j),(16+46j),(3+40j)
(94-32j),(5+0j),(3-33j),(13-21j),(8-5j),(-2-8j),(-16+8j),(-8+6j),(-12+3j),(-3+14j),(-5+26j),(2+30j),(-7+28j),(7+33j),(-7+33j),(5+39j),(5+39j),(8+31j),30j,(8+23j),(-3+20j),(-3+12j),(-5+5j),(-2-6j),(-6+4j),(-9-15j),(-17-13j),0j,0j,0j,0j,0j,0j,0j,0j,0j,0j,0j,(70-2j),(64+2j),(70-10j),(68-10j),(69-12j),(75-10j),(63-6j),(60-9j),(66-18j),(47+0j),(43-13j),(53-12j),(41+3j),(39+0j),(39-3j),(57+7j),(43+1j),(31+5j),(34+10j),(40+0j),(55+1j),(34+13j),(34-6j),(27+5j),(22-11j),(28-1j)
(-98-32j),(9+0j),(4+25j),(7+9j),(2-19j),(5-1j),(-7-19j),(-22-3j),(-11-6j),(-11-14j),(-31-12j),(-23+0j),(-33-15j),(-39-26j),(-30-14j),(-34+0j),(-28-16j),(-32-9j),(-23-7j),(-25-7j),(-17-9j),(-16+5j),(-7+0j),(1-10j),(5-6j),(13-1j),(8-4j),0j,0j,0j,0j,0j,0j,0j,0j,0j,0j,0j,(58+27j),(67+30j),(66+26j),(74+26j),(61+15j),(63+26j),(52+29j),(65+22j),(61+28j),(53+23j),(43+22j),(26+35j),(36+27j),(26+41j),(20+34j),(28+36j),(20+25j),(10+45j),(10+38j),(6+43j),(23+45j),(12+39j),(5+36j),(1+39j),(15+33j),(28+24j)
(-98-32j),(9+0j),(7-16j),(-10-13j),(1-18j),(-4-6j),(6+13j),(-6+13j),(-7+8j),(-6+23j),(-6+34j),(-2+30j),(1+27j),(4+39j),(15+36j),(13+35j),(14+35j),(19+28j),(14+28j),(14+27j),(6+20j),(2+14j),(-2+9j),(-2-1j),(-12+1j),(-20-2j),(-18-13j),0j,0j,0j,0j,0j,0j,0j,0j,0j,0j,0j,(34-59j),(37-57j),(29-58j),(33-58j),(29-60j),(27-67j),(33-58j),(27-55j),(29-54j),(28-47j),(25-47j),(29-35j),(29-42j),(30-28j),(37-32j),(40-29j),(43-15j),(39-13j),(34-24j),(34-22j),(33-25j),(33-29j),(26-21j),(36-16j),(17-24j),(14-24j)
(-34-30j),(45+0j),(-20-14j),(-24+2j),(5-5j),(2+11j),(9+15j),(1+2j),(7+7j),(21+22j),(14+3j),(26-7j),(32-9j),(33-8j),(32-14j),(29-9j),(32-12j),(31-12j),(30-18j),(26-14j),(17-9j),(12+0j),(5-1j),(3+4j),(-6+3j),(-13+9j),(-11+17j),0j,0j,0j,0j,0j,0j,0j,0j,0j,0j,0j,(-56-19j),(-67-15j),(-69-12j),(-68-16j),(-62-9j),(-65-6j),(-60-15j),(-65-10j),(-66-11j),(-55-13j),(-52-16j),(-49-19j),(-45-21j),(-38-20j),(-27-28j),(-29-31j),(-34-42j),(-18-31j),(-33-29j),(-27-30j),(-33-38j),(-30-33j),(-33-23j),(-26-29j),(-29-18j),(-14-22j)
(125-48j),(7+0j),(-9+5j),(-10+2j),(1+1j),(4+3j),(7-3j),(7-4j),(9-6j),(8-5j),(8-9j),(9-5j),(9-13j),(16-15j),(9-11j),(9-19j),(10-19j),(10-15j),(5-14j),(7-11j),(3-11j),(2-7j),(2+0j),(2+2j),2j,(1+8j),12j,0j,0j,0j,0j,0j,0j,0j,0j,0j,0j,0j,(-35+7j),(-34+9j),(-33+11j),(-36+6j),(-35+14j),(-30+14j),(-31+10j),(-29+10j),(-32+11j),(-28+3j),(-27+6j),(-26+3j),(-25-1j),(-25-1j),(-19-6j),(-21-4j),(-22-7j),(-23-7j),(-21-9j),(-19-11j),(-18-6j),(-22-10j),(-18-7j),(-17-2j),(-20-3j),(-16-1j)
(25-111j),(17+0j),(4+3j),(4-3j),-4j,(-5-4j),(-8-6j),(-9-3j),(-13-7j),(-16-4j),(-13-4j),(-17-6j),(-21-3j),(-23-1j),(-21+2j),(-21+3j),(-19+3j),(-18+7j),(-15+1j),(-13+4j),(-10+5j),(-8+0j),(-3+4j),(1-2j),(7+2j),(10+1j),(13-5j),0j,0j,0j,0j,0j,0j,0j,0j,0j,0j,0j,(35+8j),(34+8j),(34+4j),(34+7j),(34+6j),(31+6j),(31+7j),(34+10j),(29+12j),(28+12j),(19+15j),(23+14j),(20+16j),(15+12j),(14+17j),(14+16j),(11+19j),(11+20j),(10+16j),(10+17j),(11+12j),(14+11j),(8+16j),(11+12j),(9+11j),(10+7j)
(-51-48j),(12+0j),(-1+2j),(3+2j),(2-1j),(7-1j),(7-5j),(9-7j),(8-6j),(10-11j),(10-14j),(8-15j),(10-17j),(7-19j),(7-18j),(4-17j),(1-21j),(-3-21j),(-1-16j),(-1-16j),(-1-11j),(1-7j),(-1+0j),(1+4j),(-4+7j),(-4+5j),(-3+10j),0j,0j,0j,0j,0j,0j,0j,0j,0j,0j,0j,(-32+17j),(-36+12j),(-34+18j),(-35+17j),(-32+11j),(-31+17j),(-29+16j),(-30+14j),(-26+11j),(-28+9j),(-24+7j),(-27+4j),(-27+4j),(-23-4j),(-22+1j),(-25+0j),(-21-3j),(-21-3j),(-21-2j),(-23-1j),(-15-3j),(-21+2j),(-18+0j),(-18+1j),(-10+3j),(-13+3j)
(94-32j),(5+0j),(-9+2j),(-3+3j),(5+1j),(6+1j),(6+5j),(10+0j),(10-2j),(17-7j),(9-10j),(11-13j),(18-12j),(7-16j),(12-16j),(14-22j),(11-18j),(4-14j),(4-10j),(1-15j),(1-12j),(-3-7j),(-1+0j),(-2+3j),(-8+4j),(-7+9j),(-6+18j),0j,0j,0j,0j,0j,0j,0j,0j,0j,0j,0j,(-36+11j),(-33+9j),(-35+8j),(-34+10j),(-32+15j),(-37+9j),(-37+11j),(-36+3j),(-30+7j),(-31+5j),(-31-1j),(-27-3j),(-29+0j),(-25-7j),(-21-4j),(-18-2j),(-21-6j),(-20-10j),(-21-8j),(-24-6j),(-15-4j),(-13+0j),(-18+3j),(-14-7j),(-11-1j),(-13+0j)
(-118-96j),(8+0j),(-3-4j),-1j,(-1-2j),(-3+1j),(4+0j),(-1+6j),(9+7j),(8+10j),(11+7j),(16+12j),(18+9j),(19+14j),(20+10j),(19+5j),(22+2j),(11-1j),(17+1j),(10+1j),(10-5j),(3+1j),(1-9j),(-2-2j),(-5-3j),(-14-3j),(-11-2j),0j,0j,0j,0j,0j,0j,0j,0j,0j,0j,0j,(-28-27j),(-24-32j),(-25-27j),(-27-24j),(-29-32j),(-26-21j),(-28-30j),(-23-28j),(-18-25j),(-18-22j),(-16-24j),(-11-24j),(-9-24j),(-9-22j),(-3-24j),(-7-23j),(-4-22j),(-1-20j),(2-21j),(-4-22j),(-6-18j),(-3-22j),(-4-19j),(-4-14j),(-10-9j),(-9-12j)
(-98-32j),(9+0j),9j,4j,(8-2j),(2+2j),(1-6j),(4-15j),(-3-13j),(3-21j),(3-16j),(-3-16j),(-6-21j),(-7-19j),(-7-24j),(-10-21j),(-7-20j),(-9-13j),(-9-15j),(-10-11j),(-9-9j),(-1+0j),(-3-3j),(-1+4j),(1+7j),(6+7j),(3+9j),0j,0j,0j,0j,0j,0j,0j,0j,0j,0j,0j,(10+37j),(7+35j),(5+35j),(9+37j),(6+34j),(4+35j),(6+32j),(4+35j),(1+25j),31j,(-1+29j),(-4+26j),(-3+29j),(-5+16j),(-14+20j),(-12+19j),(-10+17j),(-14+19j),(-12+21j),(-15+19j),(-10+20j),(-7+13j),(-12+17j),(-13+14j),(-7+19j),(-2+12j)
(124-64j),(7+0j),(13-2j),(1+0j),(-1-4j),(-6-4j),(-10-6j),(-15-3j),(-16-1j),(-15+2j),(-12+4j),(-19+4j),(-19+6j),(-20+5j),(-19+5j),(-21+8j),(-16+9j),(-17+9j),(-11+10j),(-15+11j),(-8+5j),(-3+4j),(1+3j),(5-5j),(7-6j),(8+0j),(13-5j),0j,0j,0j,0j,0j,0j,0j,0j,0j,0j,0j,(33-17j),(31-22j),(30-18j),(33-15j),(30-19j),(32-17j),(31-17j),(29-11j),(29-9j),(28-10j),(26-11j),(24-1j),(23-3j),(23+0j),(19+4j),(19+4j),(15+5j),(16+10j),(16+10j),(15+8j),(20+2j),(15+8j),(17+8j),(13+2j),(10+6j),(11-6j)
(124-64j),(7+0j),(-7-1j),(-7-1j),(-6+1j),7j,(1+8j),(5+9j),(7+12j),(6+13j),(6+14j),(10+8j),(15+14j),(16+12j),(13+11j),(15+11j),(14+6j),(16+8j),(15+7j),(10+4j),(9+0j),(6+1j),(2+0j),(-2-1j),(-9-7j),(-11-6j),(-11-6j),0j,0j,0j,0j,0j,0j,0j,0j,0j,0j,0j,(-18-32j),(-20-32j),(-21-32j),(-18-35j),(-21-33j),(-20-30j),(-17-28j),(-18-25j),(-14-29j),(-9-28j),(-8-25j),(-7-22j),(-5-26j),(-2-23j),(3-20j),(-2-23j),(6-23j),(5-17j),(2-25j),-16j,(-1-18j),(2-22j),(-3-18j),(-2-20j),(1-17j),(-1-13j)
(124-64j),(7+0j),(-10-1j),(-2+2j),5j,(4-3j),(7+3j),(11-4j),(16-12j),(14-6j),(15-13j),(15-14j),(13-18j),(8-22j),(12-23j),(7-25j),(7-20j),(8-19j),(3-16j),(5-13j),(2-13j),(-4-4j),(-2+2j),(-4+6j),(-1+5j),(-6+8j),(-6+13j),0j,0j,0j,0j,0j,0j,0j,0j,0j,0j,0j,(-33+19j),(-35+16j),(-35+21j),(-38+17j),(-36+18j),(-35+20j),(-33+13j),(-32+15j),(-31+10j),(-31+11j),(-32+6j),(-25+2j),(-23+5j),(-29-2j),(-27-1j),(-26-7j),(-22-5j),(-23-1j),(-28-2j),(-23-4j),(-26-2j),(-23-7j),(-22+2j),(-12+2j),(-15+7j),(-12+2j)
(124-64j),(7+0j),(1+13j),(5+0j),(10-2j),(5-9j),(1-15j),(-12-20j),(-8-28j),(-10-20j),(-20-16j),(-33-21j),(-34-24j),(-33-24j),(-38-15j),(-39-17j),(-45-9j),(-35-8j),(-33-16j),(-22-8j),(-16-3j),(-12-2j),(-3+1j),(-2+3j),(12+4j),(18+7j),(21+16j),0j,0j,0j,0j,0j,0j,0j,0j,0j,0j,0j,(43+48j),(53+47j),(46+42j),(47+50j),(43+44j),(44+38j),(38+43j),(33+44j),(32+49j),(24+44j),(14+48j),(16+45j),(14+43j),(17+29j),(-7+44j),(2+39j),(1+50j),(-4+35j),(-6+40j),(-7+35j),(5+40j),(4+33j),(-2+26j),(21+29j),(3+11j),(19+21j)
(124-64j),(7+0j),(1-6j),(3-3j),(-5-2j),(-9-1j),(-7+4j),(-6+6j),(-11+5j),(-11+12j),(-8+16j),(-7+16j),(-5+17j),(-11+23j),(-6+19j),(-3+17j),(-3+21j),17j,(-4+14j),(-2+14j),(2+9j),(2+4j),2j,(1-4j),(-2-6j),(2-9j),(3-17j),0j,0j,0j,0j,0j,0j,0j,0j,0j,0j,0j,(17-31j),(20-31j),(18-34j),(20-27j),(21-29j),(17-30j),(20-31j),(15-28j),(18-22j),(19-22j),(19-20j),(21-16j),(16-5j),(19-8j),(19-8j),(23-8j),(16-3j),(19-5j),(18-6j),(17-7j),(12-8j),(21-7j),(15-10j),(15-1j),(11-7j),(9-12j)
(-98-32j),(9+0j),(5-6j),-4j,(2+7j),(-1-4j),(10+12j),(6-4j),(8+7j),(7+12j),(14+17j),(9+10j),(5+20j),(11+15j),(17+18j),(17+17j),(13+22j),(11+22j),(16+22j),(5+23j),(1+24j),(-3+21j),(-4+18j),(-4+15j),(-8+15j),(-12+13j),(-16+12j),0j,0j,0j,0j,0j,0j,0j,0j,0j,0j,0j,(4+7j),(4+5j),(6+5j),(11-1j),(8+0j),(10+0j),(15-3j),(17-7j),(12-5j),(19-7j),(22-12j),(25-9j),(15-10j),(21-19j),(23-18j),(13-18j),(18-22j),(18-21j),(17-21j),(14-24j),(12-19j),(9-17j),(7-23j),(6-22j),(9-14j),(3-18j)
(-126+32j),(8+0j),(5-10j),(7-6j),-1j,(1+1j),(-6+6j),(-6+3j),(-7+9j),(-10+5j),(-10+22j),(-5+13j),(-15+16j),(-16+10j),(-17+23j),(-25+22j),(-17+15j),(-23+18j),(-24+15j),(-19+10j),(-26+0j),(-20-3j),(-22-7j),(-25-5j),(-15-6j),(-15-17j),(-9-11j),0j,0j,0j,0j,0j,0j,0j,0j,0j,0j,0j,(-2+12j),(-4+12j),(2+6j),(5+13j),(7+10j),(8+10j),(12+8j),(13+13j),(13+5j),(13+15j),(20+9j),(23+11j),(30+12j),(28+0j),(26+5j),(27-4j),(34+2j),(28+2j),(35-4j),(31-7j),(33-4j),(32+0j),(32-5j),(29-3j),(23-3j),(22-3j)
(-10+96j),(15+0j),(3-4j),(6+1j),2j,(6-8j),(-2-17j),-13j,(4-13j),(-3-16j),(-7-17j),(-3-14j),(-12-22j),(-10-16j),(-15-19j),(-10-14j),(-14-11j),(-14-14j),(-12-9j),(-11-5j),(-8-6j),(-2-4j),(-5+4j),(4+6j),(8+4j),(9+3j),(12+9j),0j,0j,0j,0j,0j,0j,0j,0j,0j,0j,0j,(-1+35j),(-2+36j),(-1+34j),(-2+36j),(1+36j),(-1+36j),(-3+33j),(-5+32j),(-5+30j),(-5+25j),(-7+22j),(-9+24j),(-9+19j),(-14+17j),(-14+19j),(-16+19j),(-12+15j),(-16+13j),(-15+7j),(-18+11j),(-18+13j),(-15+11j),(-10+10j),(-14+6j),(-7+8j),(-11+13j)
(-108+64j),(9+0j),(-2+1j),(19-2j),(-12-9j),(-10-13j),(-18-27j),(-10-28j),(-23-26j),(-32-22j),(-45-32j),(-34-18j),(-37-14j),(-39-19j),(-40-7j),(-42-1j),(-38-2j),(-32-7j),(-26+5j),(-17+4j),(-12+5j),(-6+2j),(1+6j),(6+5j),(13+3j),(24+2j),(22-1j),0j,0j,0j,0j,0j,0j,0j,0j,0j,0j,0j,(50+49j),(51+47j),(53+47j),(53+50j),(55+51j),(43+41j),(51+42j),(41+45j),(37+46j),(35+40j),(31+42j),(28+42j),(12+42j),(-2+40j),(9+41j),(-3+41j),(-3+44j),(-6+35j),(-3+44j),(-5+42j),(-8+46j),(-6+32j),(-3+31j),(1+19j),(5+29j),(4+22j)
(-98-32j),(9+0j),(-12-12j),(7+1j),(9+5j),(6-6j),(2-14j),(48+6j),(22-5j),(32-14j),(48-17j),(29-6j),(31-13j),(43-8j),(23-28j),(34-34j),(21-30j),(16-29j),(12-29j),(12-24j),(-2-13j),(-2-20j),(2-8j),(-4+4j),(-9+7j),(-20+15j),(-21+23j),0j,0j,0j,0j,0j,0j,0j,0j,0j,0j,0j,(-64-8j),(-66-14j),(-76-9j),(-72-7j),(-71-2j),(-62-10j),(-70-10j),(-59-11j),(-60-12j),(-48-14j),(-52-21j),(-41-28j),(-38-30j),(-36-25j),(-25-31j),(-22-33j),(-26-38j),(-15-27j),(-22-40j),(-22-40j),(-39-36j),(-32-31j),(-26-28j),(-17-18j),(-30-13j),(-24-4j)
(-98-32j),(9+0j),(-1-2j),-5j,(6+1j),(11-4j),(4-14j),(7-12j),(8-14j),(8-21j),(4-17j),(1-21j),(-2-24j),(-5-26j),(-8-20j),(-3-20j),(-11-21j),(-4-18j),(-10-11j),(-8-13j),(-4-9j),(-2-2j),3j,(-3+9j),(1+6j),(3+13j),(6+11j),0j,0j,0j,0j,0j,0j,0j,0j,0j,0j,0j,(-11+36j),(-10+39j),(-2+41j),(-4+38j),(-7+35j),(-5+40j),(-12+39j),(-7+35j),(-9+35j),(-12+31j),(-14+22j),(-18+23j),(-21+17j),(-16+16j),(-19+17j),(-21+10j),(-26+10j),(-20+4j),(-23+11j),(-23+6j),(-28+9j),(-26+7j),(-17+9j),(-13+2j),(-15+6j),(-12+6j)
(-73+112j),(11+0j),(-1-8j),(-2+6j),(-4+8j),(-12+0j),(-12-1j),(-10+2j),(-18+13j),(-20+6j),(-13+19j),(-14+10j),(-14+14j),(-14+19j),(-5+23j),(-2+18j),(-6+16j),(-3+23j),(2+16j),(2+9j),(5+6j),(4+2j),(-1-3j),(3-7j),-11j,(2-13j),(2-13j),0j,0j,0j,0j,0j,0j,0j,0j,0j,0j,0j,(31-30j),(24-28j),(27-26j),(28-32j),(22-29j),(27-25j),(28-26j),(34-17j),(35-26j),(30-18j),(17-16j),(25-7j),(29+1j),(29-3j),(26+8j),(25+15j),(29+9j),(24+6j),(24+6j),(26+4j),(28+0j),(27+10j),(18+5j),(19-7j),(16-4j),(10+3j)
(-93+48j),(10+0j),-1j,(3-1j),(5+2j),(3-7j),(10-8j),(9-8j),(8-10j),(9-10j),(8-17j),(9-20j),(10-23j),(-1-22j),(-1-19j),(4-15j),(-3-18j),(-4-16j),(-6-14j),(-1-13j),(-5-11j),(-2-4j),(-5-2j),(-3+3j),(-5+5j),(-1+9j),(-4+12j),0j,0j,0j,0j,0j,0j,0j,0j,0j,0j,0j,(-20+32j),(-20+34j),(-12+34j),(-17+34j),(-12+33j),(-20+28j),(-17+29j),(-15+31j),(-17+27j),(-23+19j),(-11+17j),(-16+18j),(-18+13j),(-14+9j),(-25+9j),(-22+6j),(-22+4j),(-28+3j),(-20-3j),(-27-3j),(-21+3j),(-22+6j),(-21+3j),(-21+1j),(-13+0j),(-14+4j)
(-98-32j),(9+0j),(2-5j),(-6-5j),(1+1j),(-12+2j),(-11-1j),(-10+5j),(-15+8j),(-14+10j),(-10+10j),(-17+12j),(-14+13j),(-10+18j),(-14+18j),(-10+15j),(-7+20j),(-3+18j),(1+16j),(3+8j),9j,(3+3j),(1+1j),(5-5j),(3-8j),(5-13j),(5-17j),0j,0j,0j,0j,0j,0j,0j,0j,0j,0j,0j,(34-16j),(31-15j),(35-19j),(27-19j),(29-21j),(29-16j),(28-18j),(30-12j),(33-12j),(25-5j),(25-6j),(25+1j),(23+0j),(23+4j),(18+9j),(26+8j),(25+12j),(17+15j),(19+15j),(19+16j),(17+9j),(16+11j),(13+5j),(9+7j),(13+2j),(5+1j)
(-98-32j),(9+0j),(-1-1j),-4j,(3+7j),(-1+7j),11j,17j,(5+14j),(7+20j),(9+24j),(15+18j),(13+21j),(16+17j),(19+12j),(23+15j),(17+5j),(19+6j),(13+5j),(12+4j),(9+4j),(5-2j),(-1-6j),(-4-8j),(-7-2j),(-13-8j),(-12-9j),0j,0j,0j,0j,0j,0j,0j,0j,0j,0j,0j,(-10-38j),(-10-35j),(-12-40j),(-14-42j),(-12-41j),(-13-34j),(-14-36j),(-7-35j),(-9-34j),(-4-32j),(2-28j),-28j,(9-29j),(8-26j),(11-21j),(15-24j),(18-19j),(17-23j),(15-22j),(14-19j),(14-17j),(14-19j),(11-20j),(7-17j),(3-14j),(8-8j)
(-98-32j),(9+0j),(3+7j),(5-8j),(14+4j),(-10-1j),(20+1j),(23-9j),(42-18j),(26-15j),(28-24j),(16-21j),(25-28j),(32-34j),(24-31j),(19-33j),(13-36j),(10-30j),(11-32j),(4-22j),(3-11j),(-8-14j),(-4-8j),(-9+4j),(-11+4j),(-5+18j),(-7+24j),0j,0j,0j,0j,0j,0j,0j,0j,0j,0j,0j,(-64+25j),(-67+21j),(-65+24j),(-69+24j),(-62+22j),(-59+22j),(-66+21j),(-60+21j),(-58+7j),(-51+18j),(-46+3j),(-42-8j),(-39-19j),(-37-5j),(-34-16j),(-38-31j),(-46-32j),(-30-29j),(-31-47j),(-36-24j),(-30-32j),(-20-19j),(-27-20j),(-27-12j),(-30-9j),(-14-9j)
(-108+64j),(9+0j),10j,(-3-6j),(8-31j),(-6-17j),(-10-16j),(-9-38j),(-21-26j),(-24-34j),(-20-29j),(-23-27j),(-38-9j),(-33-28j),(-29-10j),(-41-14j),(-39-18j),(-30-11j),(-24+1j),(-29-5j),(-14-1j),(-5+9j),(1+9j),(-1+11j),(17-4j),(19+6j),(29+8j),0j,0j,0j,0j,0j,0j,0j,0j,0j,0j,0j,(36+56j),(36+56j),(43+49j),(43+57j),(33+52j),(30+49j),(28+52j),(28+47j),(28+54j),(19+43j),(12+43j),(13+43j),(-9+42j),(-5+35j),(-21+43j),(-11+32j),(-10+49j),(-14+35j),(-12+39j),(-8+28j),(-12+34j),(-15+30j),(-10+52j),(-1+29j),(-1+36j),(2+37j)
(-126+32j),(8+0j),(-1+13j),(-6+2j),(-4+3j),(-6-5j),(-10-4j),(-5-3j),(-4-10j),(-10-14j),(-8-13j),(-14-18j),(-13-18j),(-17-15j),(-14-22j),(-11-27j),(-13-24j),(-7-23j),(-2-23j),(-2-25j),(4-17j),(8-20j),(18-21j),(6-9j),(15-13j),(10-9j),(12-7j),0j,0j,0j,0j,0j,0j,0j,0j,0j,0j,0j,(-6-4j),(-6+3j),(-6-1j),(-7+8j),(-6+1j),(-18+14j),(-6+10j),(-11+13j),(-16+13j),(-14+18j),(-15+17j),(-12+15j),(-7+19j),(-16+13j),(-11+26j),(-12+18j),(-12+30j),(-3+20j),(-15+31j),(-6+31j),(-6+29j),(-8+28j),(7+28j),(-5+20j),(1+15j),(1+9j)
(-39-112j),(13+0j),(2-2j),(8+4j),(4-5j),-2j,(-3+8j),(-3+13j),(4+9j),(-10+8j),(-3+18j),(-5+18j),23j,(-6+27j),(-11+19j),(-7+24j),(-13+24j),(-17+24j),(-15+17j),(-24+19j),(-25+11j),(-21+2j),(-24+11j),(-23-6j),(-15-1j),(-21-3j),(-19-10j),0j,0j,0j,0j,0j,0j,0j,0j,0j,0j,0j,(4+10j),(4+5j),8j,(7+4j),(6+9j),(13+6j),(15+7j),(17+8j),(10+6j),(20+7j),(22+4j),(30+0j),(28-3j),(27-8j),(31-5j),(31-5j),(26-9j),(29-5j),(35-4j),(29-7j),(32-16j),(23-15j),(30-12j),(20-14j),(19-14j),(11-15j)
(98+32j),(6+0j),(-7-2j),(1-4j),(-1-4j),(6+4j),(6-6j),(8-5j),(4-6j),(16-7j),(13-6j),(13-8j),(19-14j),(19-13j),(23-9j),(25-10j),(26-14j),(29-10j),(20-7j),(14-2j),(26+0j),(21+5j),(16+7j),(12+8j),(12+11j),(12+14j),(5+10j),0j,0j,0j,0j,0j,0j,0j,0j,0j,0j,0j,(7-8j),(4-6j),(7-9j),(2-13j),(6-14j),(2-14j),(-3-12j),-17j,(-4-15j),(-7-21j),(-15-21j),(-16-22j),(-23-22j),(-14-15j),(-11-15j),(-20-9j),(-25-19j),(-20-15j),(-25-12j),(-22-8j),(-23-10j),(-25-10j),(-22-9j),(-18-6j),(-21-4j),(-13-8j)
(98+32j),(6+0j),(-1-9j),(1-5j),(-1-5j),(2-6j),(4+0j),(4-7j),(12+0j),(15+3j),(21+3j),(19+5j),(19+7j),(25+10j),(20+7j),(23+4j),(27+9j),(17+10j),(25+17j),(20+11j),(16+15j),(11+13j),(9+19j),(6+19j),(7+17j),(5+17j),(-3+20j),0j,0j,0j,0j,0j,0j,0j,0j,0j,0j,0j,(9-1j),(7-2j),(4-6j),(4-3j),(14+1j),(17-8j),(15-12j),(6-10j),(9-22j),(10-20j),(12-21j),(8-18j),(12-26j),(8-18j),(4-22j),(-4-34j),(4-22j),(-3-28j),(-7-33j),(-8-27j),(-8-31j),(-8-26j),(-5-12j),(-11-15j),(-4-16j),(-10-12j)
(98+32j),(6+0j),(11-4j),(6+4j),(2+2j),(2+1j),10j,(-1+8j),(-6+11j),(7+13j),(7+16j),(8+20j),(3+23j),(3+25j),(3+29j),(4+29j),(-3+25j),(-3+24j),(-5+26j),(-7+26j),(-1+20j),(-3+18j),(-5+16j),(-15+13j),(-12+10j),(-10+4j),(-12+7j),0j,0j,0j,0j,0j,0j,0j,0j,0j,0j,0j,12j,(-1+12j),(-4+7j),(4+11j),(5+10j),(6+1j),(4+10j),(17+10j),(13+6j),(11+10j),(13-2j),(24+5j),(21+0j),(36-5j),(22-9j),(26+2j),(23-4j),(26-8j),(29-9j),(23-15j),(20-16j),(27-9j),(14-20j),(21-15j),(23-11j),(11-7j)
(-126+32j),(8+0j),8j,(-4+5j),(-4+0j),(-8+4j),(-5-4j),(-8-18j),(-3-13j),(1-15j),(-8-19j),(2-19j),(-4-20j),(-11-19j),(-3-21j),(-4-25j),(-3-17j),(5-26j),(10-27j),(6-26j),(7-20j),(17-18j),(12-15j),(13-8j),(20-8j),(19-8j),(18+2j),0j,0j,0j,0j,0j,0j,0j,0j,0j,0j,0j,(-4-8j),(-7-8j),(-13+0j),(-6-2j),(-12-4j),(-11-4j),(-18+2j),(-18+7j),(-13+4j),(-18+5j),(-20+11j),(-23+11j),(-18+16j),(-15+18j),(-20+20j),(-23+27j),(-16+24j),(-27+23j),(-10+23j),(-17+22j),(-15+25j),(-7+23j),(-5+21j),(-1+18j),(-6+21j),(-6+11j)
(22+97j),(17+0j),(-4-1j),(7+1j),(5+6j),(2-2j),(1+3j),(2+10j),(10+10j),(14+11j),(5+12j),(7+20j),(18+10j),(20+25j),(9+23j),(16+22j),(17+21j),(13+27j),(16+26j),(3+33j),(3+29j),(2+18j),(-6+21j),(-10+20j),(-14+12j),(-24+13j),(-12+7j),0j,0j,0j,0j,0j,0j,0j,0j,0j,0j,0j,11j,3j,(10+9j),(12+6j),(15-2j),(14-3j),(15-12j),(18-7j),(15+4j),(23-8j),(24-17j),(23-22j),(16-12j),(22-17j),(20-21j),(16-19j),(14-28j),(29-21j),(8-27j),(12-24j),(8-29j),(10-29j),(3-18j),(10-23j),(9-18j),(1-10j)
(92-62j),(37+0j),(-1-5j),0j,(-6+8j),(-10+8j),(-8+12j),(-7+12j),(-10+11j),(-1+9j),(-16+18j),(-4+14j),(-8+5j),(1+20j),(1+5j),(12+25j),(1+0j),(8+17j),(11+6j),(6-4j),(16+1j),(12+1j),(-1-2j),(-6-13j),(-1-7j),(-1-15j),(-12-16j),0j,0j,0j,0j,0j,0j,0j,0j,0j,0j,0j,(31-10j),(28-20j),(34-16j),(26-18j),(22-17j),(27-17j),(23-23j),(32-10j),(27-14j),(24-16j),(20-10j),(25-12j),(17+2j),(24+17j),(12+12j),(27+3j),(17+11j),(24+14j),(22+11j),(14+16j),(8+4j),(15-1j),(19+13j),(8+5j),(5-5j),(3+9j)
(-98-32j),(9+0j),(3+0j),(4-4j),(1-6j),(8-7j),(11-11j),(14-16j),(10-14j),(12-20j),(11-19j),(6-21j),(4-20j),(2-25j),(2-19j),(-2-21j),(-2-18j),(-2-15j),(-2-13j),(-7-8j),(-5-2j),(-9+0j),(-4+4j),(-7+7j),(-6+13j),(1+12j),(-1+20j),0j,0j,0j,0j,0j,0j,0j,0j,0j,0j,0j,(-27+27j),(-25+29j),(-25+26j),(-24+26j),(-28+29j),(-25+24j),(-22+25j),(-23+24j),(-23+20j),(-24+16j),(-27+11j),(-22+9j),(-21+6j),(-24+5j),(-20+2j),(-22-3j),(-25-4j),(-20-5j),(-22-6j),(-21-5j),(-20-6j),(-19-7j),(-15-8j),(-15-4j),(-6-6j),(-11+0j)
(22+97j),(17+0j),(-2+1j),(-6-2j),(-8-3j),(-9-4j),(-12-10j),(-14-9j),(-17-9j),(-18-12j),(-20-10j),(-21-7j),(-22+0j),(-23+0j),(-21-6j),(-19+5j),(-17+2j),(-12+5j),(-7+10j),(-8+9j),(-2+4j),(4+7j),(8+4j),(7+2j),(13+1j),(16+3j),(17-3j),0j,0j,0j,0j,0j,0j,0j,0j,0j,0j,0j,(29+24j),(27+23j),(31+20j),(31+22j),(32+21j),(25+21j),(27+22j),(20+23j),(22+21j),(18+20j),(13+19j),(8+18j),(4+18j),(2+22j),(3+23j),(-2+26j),(-4+19j),(-10+20j),(-3+24j),(-2+21j),(-2+19j),(-8+18j),(-4+11j),(-8+13j),(-2+12j),(-2+12j)
(-98-32j),(9+0j),(-4+2j),(-4-1j),(-12+3j),(-14-2j),(-15-2j),(-17-1j),(-20-8j),(-22+6j),(-17+1j),(-22+4j),(-24+6j),(-21+8j),(-17+10j),(-21+16j),(-15+13j),(-12+10j),(-5+8j),(-5+16j),5j,6j,(5-2j),(7-2j),(8-2j),(12-9j),(14-12j),0j,0j,0j,0j,0j,0j,0j,0j,0j,0j,0j,(35+14j),(32+15j),(36+9j),(36+14j),(35+10j),(35+14j),(34+8j),(30+13j),(31+12j),(21+13j),(20+15j),(16+17j),(15+19j),(12+19j),(6+21j),(6+22j),(8+26j),(4+23j),(8+24j),(9+18j),(4+23j),(7+21j),(4+15j),(2+15j),(1+12j),(-2+7j)
(108-64j),(6+0j),3j,(-1+7j),(-2+7j),(4+10j),9j,17j,(2+14j),(5+17j),(6+17j),(10+18j),(12+21j),(9+17j),(11+16j),(11+11j),(13+9j),(12+7j),(14+1j),(8+2j),(5+0j),(1-2j),(-3-6j),(-1-10j),(-8-11j),(-12-6j),(-17-12j),0j,0j,0j,0j,0j,0j,0j,0j,0j,0j,0j,(5-38j),(5-40j),(6-38j),(6-38j),(1-39j),(3-35j),(4-37j),(5-27j),(4-30j),(8-25j),(3-25j),(12-24j),(12-20j),(13-20j),(14-14j),(17-11j),(17-14j),(17-5j),(14-13j),(18-12j),(18-9j),(16-8j),(12-10j),(12-6j),(6-8j),(6-4j)
(-98-32j),(9+0j),(-1+3j),(-5+5j),(6+6j),(1+11j),(5+14j),(4+20j),(11+29j),(11+18j),(18+16j),(15+0j),(25+17j),(33+8j),(33+4j),(25+3j),(26+16j),(11-3j),(8-6j),(-2-14j),(8-8j),(7-13j),(2-2j),(-4+5j),(-9+19j),(-23+14j),(-20+13j),0j,0j,0j,0j,0j,0j,0j,0j,0j,0j,0j,(31+21j),(31+17j),(39+13j),(39+8j),(47+8j),(43+6j),(51+6j),(38+8j),(32+11j),(27+12j),(18+19j),(18+5j),(22+9j),(33-2j),(29+10j),(36+9j),(36+14j),(23+25j),(12+11j),(7+21j),(9-1j),(14-13j),(11-12j),(15-12j),(16-3j),(15-2j)
(-98-32j),(9+0j),(1+1j),(6+8j),(7+8j),(7+6j),(11+7j),(9+6j),(14+14j),(15+10j),(8+15j),(13+8j),(20+19j),(23+9j),(15+7j),(17+8j),(23-2j),(26+10j),(6-2j),(-1+2j),(10-6j),(12-11j),(-9-9j),(-13-12j),(1-14j),(-13-13j),(-11-17j),0j,0j,0j,0j,0j,0j,0j,0j,0j,0j,0j,(-33+18j),(-34+14j),(-32+18j),(-33+17j),(-29+18j),(-32+7j),(-38-2j),(-37+4j),(-36+4j),(-30+4j),(-24-1j),(-15+1j),(-4-21j),(-7-23j),(-23-17j),(-21-22j),(-17-26j),(-8-34j),-9j,(-11-36j),(-15-16j),(-4-11j),-5j,(-11-25j),(-11-5j),(-5-5j)
(-98-32j),(9+0j),(-5-5j),-7j,(-2-7j),(-5-14j),(-6-13j),(-3-19j),(-11-16j),(-8-18j),(-12-21j),(-11-19j),(-19-15j),(-16-16j),(-17-14j),(-16-14j),(-16-13j),(-16-8j),(-12-5j),(-9-2j),(-12-1j),(-1+1j),9j,(5+8j),(7+6j),(11+9j),(17+11j),0j,0j,0j,0j,0j,0j,0j,0j,0j,0j,0j,(6+39j),(7+38j),(8+37j),(6+36j),(9+35j),(8+36j),(7+35j),(8+32j),(5+28j),(3+30j),(-2+27j),(-5+28j),(-8+22j),(-10+21j),(-13+22j),(-14+14j),(-16+15j),(-14+14j),(-19+17j),(-15+12j),(-14+14j),(-17+12j),(-9+12j),(-11+10j),(-9+13j),(-6+5j)
(-128+0j),(8+0j),(-2+9j),(-9+0j),(-2+9j),(-15+9j),(-12+9j),(-17+0j),(-19+9j),(-18+16j),(-16+14j),(-9+7j),(-9+17j),(-12+12j),(-6+12j),(-8+13j),(-7+16j),(-4+14j),(-2+11j),(1+9j),(1+5j),(3+3j),(5-6j),(3-7j),(1-10j),(5-15j),(-5-18j),0j,0j,0j,0j,0j,0j,0j,0j,0j,0j,0j,(33-6j),(34-3j),(31-6j),(33-6j),(34-7j),(27-1j),(32-10j),(26+0j),(27-2j),(25+1j),(25-4j),(20+1j),(17+5j),(17+8j),(14+11j),(17+14j),(13+12j),(15+12j),(14+7j),(13+11j),(21+12j),(18+13j),(20+7j),(6+10j),(9+9j),(7+12j)
(-98-32j),(9+0j),(2+2j),(3+0j),(-12-7j),(-6-11j),(1-16j),(2-19j),(-7-10j),(-13-13j),(-12-13j),(-14-11j),(-19-14j),(-23-5j),(-23-1j),(-19-8j),(-15+0j),(-16-6j),(-10-2j),(-10+1j),(-2+5j),(-3+1j),(3+2j),(4-2j),(12+0j),(16+1j),(13-5j),0j,0j,0j,0j,0j,0j,0j,0j,0j,0j,0j,(5+36j),(3+32j),(8+38j),(7+40j),(10+37j),(7+33j),(5+31j),(7+35j),(1+33j),(-4+29j),(5+21j),(-1+19j),(-3+27j),(-5+31j),(-10+18j),(-11+16j),(-18+17j),(-13+15j),(-13+19j),(-17+17j),(-13+18j),(-10+15j),(-10+12j),(1+10j),(-7+12j),(-7+10j)
(-34-30j),(45+0j),(13-3j),(10+3j),(4-5j),(-9+5j),(-9+8j),(-11+4j),(-8+7j),(-15-1j),(-9+13j),(-14+11j),(-12+12j),(-11+14j),(-20+12j),(-17+14j),(-26+11j),(-22+14j),(-19+8j),(-22+2j),(-20+2j),(-18-2j),(-31-10j),(-12+1j),(-13-5j),(-5-14j),(-7-20j),0j,0j,0j,0j,0j,0j,0j,0j,0j,0j,0j,(-4+5j),9j,(-2+8j),(2+8j),(7+9j),(10+5j),(-1+6j),(18+3j),(11+9j),(12+6j),(11+8j),(15+10j),(3+11j),(17+14j),(26+7j),(32+2j),(27+2j),(25+7j),(18-11j),(21+1j),(13+10j),(18-5j),(22-4j),(15+0j),(9+0j),(15-4j)
(-91+80j),(10+0j),(-4+0j),(-9-4j),(-7-1j),(2-9j),(3-11j),(-3-15j),(3-12j),(-2-15j),-17j,(3-20j),-23j,(-3-25j),(-5-26j),(2-31j),(2-27j),(5-27j),(5-23j),(4-22j),(12-20j),(8-16j),(15-15j),(13-16j),(10-13j),(15-8j),(15-4j),0j,0j,0j,0j,0j,0j,0j,0j,0j,0j,0j,(4-9j),(3-3j),(2-10j),-7j,(-1-9j),-11j,(-3-11j),(-10-16j),(-7-13j),(-15-18j),(-17-12j),(-20-12j),(-18-19j),(-21-18j),(-24-8j),(-29-7j),(-23-10j),(-26-4j),(-30-1j),(-26+3j),(-21+1j),(-20+7j),(-28+0j),(-10+2j),(-14+11j),(-17-1j)
(-71-112j),(11+0j),(-8+2j),(2-4j),(-1+3j),(-7-1j),(2-4j),(-4-1j),(-12-7j),(-2+2j),(-26+5j),(-18-3j),(-15-2j),(-20+0j),(-26+3j),(-18-3j),(-27-4j),(-21-2j),(-22+3j),(-26+9j),(-24-4j),(-16-10j),(-23-12j),(-13-4j),(-10-11j),(-14-11j),(-10-15j),0j,0j,0j,0j,0j,0j,0j,0j,0j,0j,0j,(-1-9j),(-3-5j),(-6-12j),(-11-5j),(-15+0j),(-6-8j),(-12+2j),(-7+2j),(-12+19j),(-18+12j),(-23+5j),(-17+4j),(-20+20j),(-18+18j),(-12+14j),15j,(-9+20j),(-9+30j),(-3+31j),(-2+23j),(1+23j),(-3+21j),19j,21j,(4+14j),(4+20j)
(94-32j),(5+0j),-4j,-3j,(7+0j),(11+1j),(12-3j),(8-6j),(11-16j),(11-12j),(14-16j),(11-17j),(10-17j),(1-20j),-19j,(1-20j),(3-19j),(-5-18j),(-5-15j),(-3-12j),(-9-6j),(-3-3j),(-5+0j),7j,(-2+9j),11j,(1+17j),0j,0j,0j,0j,0j,0j,0j,0j,0j,0j,0j,(-28+23j),(-31+22j),(-31+25j),(-31+23j),(-32+27j),(-30+22j),(-28+21j),(-28+14j),(-27+12j),(-26+10j),(-24+4j),(-23+9j),(-22+2j),(-25-1j),(-23-2j),(-22-6j),(-26-13j),(-19-7j),(-24-6j),(-22-9j),(-20-5j),(-23-4j),(-18-4j),(-17-1j),(-14-1j),(-10+2j)
(94-32j),(5+0j),0j,(3+6j),(1+6j),(4+5j),(3+5j),(15+7j),(18+4j),(16+8j),(14+8j),(19+3j),(22+4j),(19-3j),(17-4j),(15-3j),(16-7j),(12-8j),(11-8j),(8-5j),(7-4j),(-1-3j),(-5-2j),(-4+0j),(-11+2j),(-12+7j),(-12+9j),0j,0j,0j,0j,0j,0j,0j,0j,0j,0j,0j,(-22-30j),(-23-33j),(-25-33j),(-25-32j),(-26-29j),(-18-32j),(-23-29j),(-20-26j),(-15-25j),(-12-28j),(-8-29j),(-5-22j),(-4-26j),(2-24j),-26j,(4-23j),(7-20j),(4-23j),(8-26j),(5-22j),(1-25j),(4-21j),-15j,(-3-14j),(1-15j),-12j
(94-32j),(5+0j),(3-1j),(-4-5j),(-2+5j),(-12+9j),(-11+12j),(-16+6j),(-8+13j),(-4+18j),(-4+14j),(-6+18j),(-1+22j),(6+19j),(2+18j),(1+18j),(4+14j),(4+14j),(4+6j),(3+10j),4j,(2+2j),(1+1j),(-3-4j),(-4-12j),(-7-15j),(-15-15j),0j,0j,0j,0j,0j,0j,0j,0j,0j,0j,0j,(13-34j),(15-41j),(10-36j),(9-38j),(10-36j),(14-36j),(11-32j),(11-32j),(14-27j),(15-24j),(11-22j),(16-17j),(12-16j),(26-15j),(18-9j),(24-4j),(21-4j),(23-3j),(26-1j),(23-2j),(28+3j),(16-7j),(20-6j),(14-2j),(10-4j),(5-8j)
(-98-32j),(9+0j),(-1+3j),(-13+5j),(-9-3j),(-12-1j),(-13-5j),(-10+1j),(-16+0j),(-15+6j),(-15+5j),(-16+15j),(-16+11j),(-14+13j),(-8+10j),(-6+17j),(-1+16j),(-2+10j),(-10+12j),7j,(5+7j),(1+5j),(-1+2j),(5-6j),(1-6j),(-4-11j),(3-14j),0j,0j,0j,0j,0j,0j,0j,0j,0j,0j,0j,(36+11j),(34+9j),(35+10j),(36+7j),(35+9j),(31+5j),(29+4j),(29+9j),(27+2j),(21+8j),(17+10j),(14+10j),(20+9j),(13+21j),(13+16j),(13+17j),(7+19j),(13+19j),(10+18j),(6+14j),(8+17j),(11+10j),(12+15j),(9+10j),(7+4j),(5+6j)
(-34-30j),(45+0j),5j,3j,(-3+9j),(2+10j),(5+10j),(6+13j),(10+13j),(11+14j),(12+12j),(21+7j),(21+8j),(16+6j),(23+7j),(19+2j),(17+2j),(14-1j),(13+3j),(12-6j),(5-3j),(-2-1j),(2-10j),(-9-4j),(-11+2j),(-16-3j),(-16+3j),0j,0j,0j,0j,0j,0j,0j,0j,0j,0j,0j,(-26-32j),(-24-31j),(-24-33j),(-25-33j),(-25-33j),(-23-29j),(-21-29j),(-15-29j),(-16-29j),(-11-29j),(-9-27j),(-5-26j),-24j,(1-20j),(4-22j),(5-26j),(6-23j),(10-20j),(9-24j),(7-22j),(8-18j),(6-18j),(2-14j),(1-13j),(2-12j),(-2-11j)
(-98-32j),(9+0j),(-4-1j),(1+1j),6j,(3+8j),(4+8j),(6+12j),(5+11j),(7+16j),(7+13j),(9+13j),(14+12j),(17+5j),(14+6j),(18+3j),(14+4j),(15+2j),(7+0j),(8-2j),(8+1j),(3-2j),(-1-1j),(-3+1j),(-10+2j),(-15-1j),(-15+7j),0j,0j,0j,0j,0j,0j,0j,0j,0j,0j,0j,(-9-35j),(-7-36j),(-10-36j),(-7-36j),(-10-32j),(-9-34j),(-9-32j),(-6-28j),(-3-27j),(-1-28j),(2-24j),(7-22j),(2-21j),(6-18j),(9-17j),(13-17j),(13-17j),(14-18j),(14-16j),(11-17j),(13-15j),(10-15j),(7-12j),(8-12j),(4-8j),(1-9j)
(110-32j),(6+0j),(-1+1j),(7+2j),(5-2j),(8-2j),(13-5j),(14-10j),(12-10j),(9-15j),(8-13j),(7-18j),(9-19j),(2-19j),(-2-21j),(1-14j),(-2-18j),(-1-13j),(2-13j),(2-10j),(-1-12j),(1-3j),2j,(2+2j),(1+7j),(3+14j),(5+16j),0j,0j,0j,0j,0j,0j,0j,0j,0j,0j,0j,(-28+24j),(-26+27j),(-24+25j),(-25+22j),(-26+23j),(-23+22j),(-21+18j),(-25+22j),(-24+16j),(-26+12j),(-19+7j),(-22+2j),(-25+1j),(-19+0j),(-19-3j),(-23-3j),(-28-1j),(-20-6j),(-22-8j),(-22-9j),(-21-9j),(-21-4j),(-17-2j),(-13-2j),(-13+1j),(-6+1j)
(-126+32j),(8+0j),(-5+2j),(-4+0j),(-14+2j),(-15+4j),(-13+5j),(-10+9j),(-13+13j),(-12+15j),(-9+18j),(-12+21j),(-5+21j),18j,(-5+22j),(-3+17j),(3+17j),(6+16j),(1+11j),(5+8j),3j,(1+4j),(-3-3j),(-1-10j),-9j,(-9-13j),(-8-14j),0j,0j,0j,0j,0j,0j,0j,0j,0j,0j,0j,(30-28j),(28-27j),(28-27j),(29-31j),(26-26j),(26-28j),(26-31j),(27-21j),(22-21j),(25-21j),(21-11j),(22-4j),(27-3j),(24+0j),(22-2j),(25+2j),(18+2j),(23+3j),(20+6j),(23+1j),(25+4j),(17+3j),(22+0j),(15+2j),(11-1j),(8-1j)
(-91+80j),(10+0j),(3+0j),(7+3j),(9+2j),(14-1j),(13+2j),(11-1j),(19-3j),(14-2j),(11-4j),(17-10j),(15-9j),(16-11j),(9-11j),(13-14j),(12-16j),(5-13j),(5-7j),(3-12j),(2-7j),(-1-2j),(-4+0j),(-6+1j),(-5+9j),(-4+8j),(-7+16j),0j,0j,0j,0j,0j,0j,0j,0j,0j,0j,0j,(-38-2j),(-34-1j),(-37+0j),(-35-3j),(-39+0j),(-33+2j),(-29-3j),(-29+2j),(-30-2j),(-27-6j),(-22-8j),(-18-11j),(-19-10j),(-20-14j),(-15-15j),(-14-17j),(-11-13j),(-13-16j),(-15-14j),(-9-16j),(-11-20j),(-13-13j),(-10-11j),(-7-10j),(-10-3j),(-7-7j)
(-71-112j),(11+0j),-2j,(-2-7j),(-4-7j),(-2-12j),(-7-16j),(-7-17j),(-10-15j),(-13-15j),(-18-17j),(-20-14j),(-24-16j),(-15-10j),(-20-7j),(-21-6j),(-22-5j),(-16+1j),(-12-1j),(-10+1j),(-6-1j),1j,(2+0j),(5+2j),(7-1j),(12-1j),(15-3j),0j,0j,0j,0j,0j,0j,0j,0j,0j,0j,0j,(22+28j),(23+28j),(25+30j),(22+30j),(24+32j),(22+29j),(21+24j),(17+23j),(15+34j),(17+21j),(5+22j),(7+25j),(5+21j),(-1+26j),(-3+25j),(-5+21j),(-6+24j),(-7+19j),(-5+20j),(-7+19j),(-12+15j),(-6+23j),(-7+18j),(-5+17j),(-4+11j),(-7+13j)
(98+32j),(6+0j),(-2-8j),(-3+0j),(3-6j),(-4-4j),(7-1j),(4-10j),(13-13j),(11-10j),(13-7j),(13-15j),(15-10j),(22-17j),(20-15j),(18-16j),(22-17j),(27-12j),(24-15j),(28-6j),(24-5j),(12+2j),(22+4j),(18+3j),(15+5j),(15+7j),(12+13j),0j,0j,0j,0j,0j,0j,0j,0j,0j,0j,0j,(10-9j),(10-7j),(8-2j),(4-7j),(-5-8j),(-4-18j),-19j,(-3-16j),(-11-19j),(-9-16j),(-4-17j),(-14-17j),(-23-24j),(-16-19j),(-16-21j),(-25-18j),(-24-21j),(-33-14j),(-29-6j),(-26-13j),(-25-10j),(-20-12j),(-22-10j),(-16-4j),(-18+3j),(-13-2j)
(-98-32j),(9+0j),(-5+1j),-2j,(-1-3j),(7-2j),(6+6j),(7+0j),(4+3j),(13+7j),(20+7j),(16+1j),(18+9j),(13+8j),(18-4j),(20+12j),(22+9j),(16+20j),(16+14j),(24+12j),(9+20j),(13+13j),(1+13j),(9+12j),(5+17j),(7+16j),(-5+19j),0j,0j,0j,0j,0j,0j,0j,0j,0j,0j,0j,(1+7j),(15+8j),(8+7j),(9+3j),(6+0j),(11-13j),(18-3j),(12-7j),(12-12j),(12-22j),(26-14j),(11-20j),(10-27j),(3-22j),(11-28j),(6-26j),(2-22j),(9-26j),(-4-25j),(-1-29j),(-3-24j),(-5-23j),(2-23j),(-10-17j),(2-19j),(-2-23j)
(98+34j),(38+0j),(2-5j),(5-5j),(-12-3j),(7+5j),(-6+2j),(-1+16j),(4+12j),(-10+15j),(1+12j),(-2+23j),(-6+22j),14j,(-5+24j),(-10+29j),(-9+27j),(-9+22j),(-16+18j),(-20+21j),(-19+17j),(-13+17j),(-19+3j),(-20+4j),(-20+0j),(-15-4j),(-19-7j),0j,0j,0j,0j,0j,0j,0j,0j,0j,0j,0j,(6+8j),(7+6j),(7+2j),(3+1j),(12+3j),(17+0j),(15-8j),(21-4j),(5-7j),(15-5j),(16-12j),(24-10j),(25-9j),(13-20j),(24-13j),(19-23j),(18-15j),(20-15j),(18-12j),(22-30j),(11-26j),(14-16j),(19-15j),(19-13j),(7-16j),(10-15j)
(118+98j),(39+0j),(7-1j),(4+3j),(5-4j),(5-2j),(-3+1j),(-5+13j),(-4+11j),(-4+19j),(-3+9j),(-4+18j),(-7+28j),(-15+19j),(-14+23j),(-11+23j),(-16+22j),(-21+22j),(-21+20j),(-26+23j),(-21+10j),(-23+11j),(-25+2j),(-19+0j),(-21+3j),(-22-6j),(-18-12j),0j,0j,0j,0j,0j,0j,0j,0j,0j,0j,0j,(-12+5j),(-5+7j),(-4+15j),13j,(7+11j),(10+9j),(13+14j),(20+8j),(14+6j),(22+15j),(24+13j),(24+5j),(34+8j),(18+8j),(36+6j),(31-4j),(35+1j),(32-1j),(24-1j),(31-1j),(31-5j),(19-6j),(21-8j),(25-17j),(20-10j),(7+2j)
(-93+48j),(10+0j),(-4-3j),(-2+1j),(2-3j),(2+7j),(9-4j),(6-6j),(10+0j),(18+1j),(16-2j),(17-3j),(18-5j),(18+8j),(23+4j),(18+8j),(23+6j),(27+16j),(23+14j),(24+18j),(15+8j),(12+18j),(10+19j),(-3+18j),(4+17j),(-6+15j),(-6+10j),0j,0j,0j,0j,0j,0j,0j,0j,0j,0j,0j,(1-1j),(4-5j),(-1-10j),-12j,(-3-13j),(-2-15j),(-7-17j),(-1-16j),(-9-23j),(-10-18j),(-14-15j),(-12-20j),(-21-19j),(-19-20j),(-16-20j),(-27-27j),(-26-18j),(-27-16j),(-28-22j),(-21-15j),(-22-15j),(-27-14j),(-23-12j),(-20-17j),(-15-6j),(-20-1j)
(-73+112j),(11+0j),(4-4j),(4-2j),(-2+2j),(-3+7j),(-8+3j),(-4+6j),4j,(-5+9j),(-9+3j),(-16+12j),(-13+13j),(-23+11j),(-14+14j),(-20+18j),(-19+13j),(-21+19j),(-16+8j),(-23+9j),(-23-2j),(-17+6j),(-12-6j),(-24-7j),(-14-6j),(-13-10j),(-18-6j),0j,0j,0j,0j,0j,0j,0j,0j,0j,0j,0j,(-2+7j),(-7+10j),(-5+2j),(8+9j),(5+10j),(3+12j),(4+6j),(16+10j),(6+11j),(19+8j),(8+8j),(15+8j),(17+21j),(17+9j),(23+14j),(31+12j),(20+10j),(22+7j),(24+3j),(22+4j),(29+10j),(31-7j),(17+10j),(18-4j),(17-5j),(17+5j)
(126-32j),(7+0j),(-11-7j),(-8-3j),(-10-6j),(-2-1j),(4-1j),(4+5j),(4-4j),(22+11j),(11+5j),(18+12j),(19+3j),(19+6j),(21+1j),(20+10j),(23+3j),(15+15j),(27+13j),(13+24j),(16+16j),(10+26j),(6+22j),(4+15j),(2+16j),(-1+13j),(-3+17j),0j,0j,0j,0j,0j,0j,0j,0j,0j,0j,0j,(7+4j),(16+9j),(1-10j),(9-8j),(10+0j),(10-11j),(9-7j),(11-13j),(5-15j),(10-14j),(3-15j),(3-23j),(-2-18j),(-2-17j),(6-28j),(4-18j),(-1-29j),(-12-29j),(-5-28j),(-2-21j),(-12-18j),(-13-26j),(-15-20j),(-10-21j),(-4-15j),(-16-8j)
(94-32j),(5+0j),(-11-4j),(-5+0j),(-20+4j),(-9+6j),(-14+13j),(-14+8j),(-15+14j),(-8+18j),(-10+24j),(-12+15j),(-9+23j),(-6+22j),(-4+16j),(2+18j),(4+19j),(1+18j),(2+9j),(-5+11j),3j,4j,(-11-1j),(-8-1j),(-8-5j),(-14-4j),(-19-9j),0j,0j,0j,0j,0j,0j,0j,0j,0j,0j,0j,(28-30j),(25-29j),(25-29j),(23-29j),(21-29j),(22-30j),(22-30j),(21-27j),(28-29j),(27-26j),(21-26j),(26-19j),(25-13j),(32-8j),(23-7j),(20-3j),(24-7j),(22-6j),(22-3j),(19-7j),(17-7j),(19-5j),(13-5j),(14-6j),(4-10j),(8-7j)
(-11+81j),(31+0j),(2+2j),(2-7j),(-3-11j),(-6-13j),(-2-16j),(-15-14j),(-10-12j),(-17-12j),(-18-12j),(-19-10j),(-21-10j),(-17-10j),(-15-7j),(-14-3j),(-16-6j),(-17-6j),(-13-2j),(-14-3j),(-6-6j),(-7-2j),(2-9j),-10j,(5-16j),(8-11j),(9-13j),0j,0j,0j,0j,0j,0j,0j,0j,0j,0j,0j,(29+20j),(27+19j),(28+20j),(28+21j),(27+22j),(26+17j),(24+19j),(25+18j),(22+18j),(21+20j),(17+18j),(13+21j),(11+18j),(9+17j),(3+19j),(4+19j),(6+18j),(-4+19j),(7+24j),(3+20j),(7+20j),(4+18j),(10+18j),(7+13j),(7+10j),(7+3j)
(9-110j),(32+0j),(-12+5j),(-1+6j),15j,(7+21j),(21+20j),(28+19j),(23+28j),(19+9j),(25+8j),(31+14j),(37+5j),(40+5j),(35+1j),(25+4j),(26-5j),(24-2j),(22+0j),(16+3j),(17+10j),(3+6j),(2+11j),(-1+14j),(-2+18j),(-10+13j),(-5+29j),0j,0j,0j,0j,0j,0j,0j,0j,0j,0j,0j,(-55-20j),(-56-19j),(-57-25j),(-55-18j),(-58-19j),(-55-26j),(-53-24j),(-55-25j),(-45-24j),(-46-26j),(-29-23j),(-28-22j),(-24-28j),(-19-32j),(-14-28j),(-18-33j),(-18-38j),(-12-31j),(-14-34j),(-13-34j),(-17-31j),(-20-29j),(-16-33j),(-17-11j),(-23-9j),(-7-3j)
(-128+0j),(8+0j),(29+7j),(28-10j),(10-5j),(39-17j),(8-30j),(19-32j),(30-42j),(5-48j),(-3-41j),(15-47j),(-4-38j),(-5-44j),(-8-42j),(-14-30j),(-11-32j),(-7-34j),(-3-20j),(3-13j),(7-19j),(10-12j),(15+0j),(15-1j),(20-2j),(28+13j),(30+2j),0j,0j,0j,0j,0j,0j,0j,0j,0j,0j,0j,(15+70j),(15+65j),(10+74j),(19+75j),(15+65j),(9+67j),74j,(-2+70j),(1+66j),(-7+63j),(-14+51j),(-15+49j),(-6+48j),(-24+48j),(-27+43j),(-33+36j),(-26+34j),(-31+36j),(-17+34j),(-26+25j),(-22+35j),(-15+29j),(-21+25j),(-7+17j),(-2+12j),(-6+20j)
(-93+48j),(10+0j),(2-1j),(10+17j),(28+14j),(23+1j),(44+8j),(45+1j),(35+3j),(50+0j),(38-18j),(44-19j),(32-29j),(35-17j),(32-21j),(32-18j),(27-26j),(24-23j),(14-19j),(9-11j),(8-8j),(5+7j),(6+13j),(6+22j),(15+20j),(13+30j),(10+35j),0j,0j,0j,0j,0j,0j,0j,0j,0j,0j,0j,(-58+38j),(-62+27j),(-70+43j),(-68+34j),(-60+39j),(-61+32j),(-61+28j),(-56+31j),(-60+19j),(-61+16j),(-58+12j),(-45+6j),(-58-8j),(-42-3j),(-42-12j),(-38-24j),(-50-26j),(-42-8j),(-45-16j),(-47-18j),(-42-15j),(-33-1j),(-26-12j),(-24-3j),(-15-8j),(-23+8j)
(-73+112j),(11+0j),(9+3j),(-7-22j),(6-20j),(11-31j),(-20-30j),(-18-44j),(-19-33j),(-29-27j),(-30-33j),(-21-24j),(-33-26j),(-42-36j),(-31-15j),(-36-17j),(-30-10j),(-32-14j),(-20-12j),(-19-7j),(-9-13j),(-8-16j),(5-12j),(6-25j),(17-19j),(21-28j),(22-32j),0j,0j,0j,0j,0j,0j,0j,0j,0j,0j,0j,(42+59j),(36+62j),(37+63j),(42+56j),(40+53j),(44+47j),(27+62j),(28+57j),(27+52j),(29+63j),(17+49j),(24+52j),(12+44j),(-9+54j),(-5+46j),(-1+45j),(-12+42j),(-13+42j),(-17+53j),(2+50j),(-12+50j),(-1+39j),(17+39j),(3+23j),(6+32j),(2+8j)
(126-32j),(7+0j),(4+4j),(31+15j),(10+18j),(35+4j),(23+3j),(42-9j),(48+4j),(39-9j),(47-23j),(39-20j),(36-20j),(36-23j),(32-27j),(24-23j),(26-24j),(5-20j),(5-17j),(12-6j),(17-14j),(18+2j),(16+9j),(17+16j),(16+24j),(3+20j),(16+22j),0j,0j,0j,0j,0j,0j,0j,0j,0j,0j,0j,(-64+3j),(-68-2j),(-74+6j),(-72+8j),(-68+16j),(-79+6j),(-78+0j),(-59+8j),(-63-4j),(-62-4j),(-58-4j),(-41-9j),(-47-16j),(-43-11j),(-44-23j),(-46-27j),(-34-37j),(-35-21j),(-47-15j),(-34-26j),(-46-20j),(-34-13j),(-23-9j),(-15-8j),(-15+7j),(-18+1j)
(94-32j),(5+0j),(6-1j),(11-7j),(2-17j),(-4-5j),(-2-17j),(-7-17j),(-11-14j),(-15-20j),(-8-21j),(-14-23j),(-11-16j),(-14-19j),(-19-19j),(-14-11j),(-14-15j),(-13-9j),(-11-10j),(-11-8j),(-9-7j),(3-9j),(1-8j),(1-6j),(13-2j),(11-8j),(14-6j),0j,0j,0j,0j,0j,0j,0j,0j,0j,0j,0j,(21+33j),(16+27j),(23+27j),(17+33j),(24+31j),(21+29j),(21+30j),(17+26j),(19+33j),(11+25j),(11+26j),(3+25j),(3+27j),25j,24j,(-5+22j),(-7+27j),(-4+23j),(-6+26j),(-5+24j),(-2+20j),(-7+17j),(-3+19j),(-2+12j),(2+8j),(7+10j)
(-66-32j),(11+0j),(5+2j),(20+11j),(14+4j),(13+2j),(21-8j),(19-8j),(22-13j),(15-13j),(9-11j),(17-25j),(11-17j),(7-22j),(9-17j),(10-14j),(4-13j),(5-12j),(3-12j),(7-9j),(2-5j),(7-2j),(7+1j),(5+4j),(10+7j),(14+12j),(20+19j),0j,0j,0j,0j,0j,0j,0j,0j,0j,0j,0j,(-19+30j),(-21+33j),(-20+34j),(-22+31j),(-21+33j),(-19+33j),(-22+28j),(-19+32j),(-23+28j),(-20+26j),(-25+13j),(-24+17j),(-21+8j),(-22-3j),(-26+9j),(-23+9j),(-29+5j),(-24+2j),(-26+4j),(-19+6j),(-21+0j),(-19+6j),(-19+12j),(-14+7j),(-10+8j),(-7+2j)
(-46+32j),(13+0j),(5-9j),(-2-19j),(-17-12j),(-13-38j),(-24-31j),(-17-25j),(-22-29j),(-34-25j),(-32-13j),(-41-9j),(-49-20j),(-53-4j),(-38-3j),(-32+0j),(-42+0j),(-29+3j),(-16+9j),(-16-3j),(-11-3j),(-5-11j),(1-19j),(-2-31j),(6-28j),(4-27j),(8-29j),0j,0j,0j,0j,0j,0j,0j,0j,0j,0j,0j,(48+45j),(52+48j),(44+50j),(54+46j),(49+47j),(49+46j),(50+46j),(54+42j),(39+45j),(33+49j),(34+45j),(36+43j),(32+50j),(13+37j),(20+42j),(9+51j),(6+51j),(-3+40j),(-2+41j),(2+32j),(15+39j),(7+23j),(20+23j),(6+15j),(7+12j),(4+18j)
(124-64j),(7+0j),(7-2j),(2+2j),(-8+2j),(-6-3j),(-3-1j),(-7+0j),(-11+3j),(-14-5j),(-19+5j),(-15+6j),(-16+7j),(-21-9j),(-19-7j),(-21+1j),(-27-7j),(-22-13j),(-20-16j),(-19-11j),(-15-15j),(-13-14j),(-12-17j),(-8-14j),(-4-10j),(1-16j),-17j,0j,0j,0j,0j,0j,0j,0j,0j,0j,0j,0j,(-4+5j),(-8+2j),(-3+6j),(-5+1j),(-2+9j),(-1+9j),(-3+20j),(-2+22j),(1+15j),(2+24j),(2+25j),(16+19j),(8+26j),(7+17j),(1+23j),(9+31j),(10+21j),(14+23j),(12+25j),(14+26j),(8+19j),(17+20j),(15+14j),(19+15j),(10+11j),(14+9j)
(98+32j),(6+0j),(14-1j),(2-7j),(4+4j),-5j,(-2+3j),(-7+8j),(-3+14j),(-6+12j),(9+19j),19j,14j,(-14+21j),(-5+24j),(-16+26j),(-4+28j),(-16+24j),(-13+32j),(-14+24j),(-11+16j),(-17+23j),(-20+14j),(-23+3j),(-24+7j),(-21+2j),(-19+0j),0j,0j,0j,0j,0j,0j,0j,0j,0j,0j,0j,11j,(1+4j),(7+7j),(4+5j),(13+6j),(11+5j),(12+9j),(14+4j),(14+0j),(26-2j),(18-2j),(30-6j),(31-5j),(33-13j),(31-13j),(30-20j),(36-15j),(28-17j),(24-18j),(27-12j),(23-12j),(22-23j),(17-11j),(15-11j),(23-18j),(13-7j)
(98+32j),(6+0j),(2+2j),(2+2j),(-3+1j),(-10-11j),(1+11j),(-17+8j),(-13+11j),12j,(-5+1j),(-7+11j),(-20+8j),(-18+11j),(-18+13j),(-15+9j),(-27+17j),(-18+6j),(-17+8j),(-29+2j),(-19+3j),(-14+3j),(-18+5j),(-15-12j),(-8-12j),(-9-11j),(-6-21j),0j,0j,0j,0j,0j,0j,0j,0j,0j,0j,0j,(1+7j),(-5+4j),(2+13j),(-2+3j),(1+8j),(2+10j),(3+11j),(15+19j),(7+11j),(15+13j),(16+12j),(13+13j),(24+9j),(21+9j),(16+10j),(20+4j),(20+7j),(30+6j),(29+10j),(30+1j),(31+12j),(18-4j),(11-6j),(15+2j),(15-9j),(8-4j)
(-85-80j),(10+0j),(2+3j),(-3-1j),(4-4j),(-3+4j),(-2-2j),(-7+0j),(-9+1j),(-5+0j),(-5-11j),(-9-5j),(-9-10j),(-7-12j),(-14-11j),(-14-10j),(-14-15j),(-10-20j),(-7-18j),(-8-17j),(1-13j),(-1-18j),-13j,(1-14j),(4-12j),(9-8j),(10-8j),0j,0j,0j,0j,0j,0j,0j,0j,0j,0j,0j,(-8-4j),(-7-4j),(-2+2j),(-8+3j),(-10+10j),(-4+5j),(-9+5j),(-11+8j),(-12+12j),(-8+13j),(-11+14j),(-12+10j),(-14+19j),(-8+22j),(-3+23j),(-10+23j),(-4+9j),(-8+27j),(4+17j),(-7+18j),(-2+16j),(1+9j),(3+20j),(-4+16j),(2+7j),(1+15j)
(-65-16j),(11+0j),(2-8j),(4+4j),(-9-7j),(3-6j),(3-5j),(-2-2j),(5-12j),(3-16j),(6-17j),(-5-13j),(1-20j),(-4-14j),-20j,(-4-14j),(-4-12j),(1-19j),(7-20j),(2-18j),(7-17j),(7-14j),(11-16j),(17-12j),(12+0j),(13-3j),(18-4j),0j,0j,0j,0j,0j,0j,0j,0j,0j,0j,0j,(-1-2j),(-3-9j),(-2-6j),(-2-13j),(-9-13j),(-9-6j),(-11-9j),(-10-8j),(-9-7j),(-14-2j),(-23-9j),(-17-8j),(-23-1j),(-24+4j),(-37-2j),(-26-1j),(-26+3j),(-20+7j),(-23+6j),(-20+8j),(-19+13j),(-15+7j),(-15+13j),(-19+10j),(-10+11j),(-14+7j)
(94-32j),(5+0j),-2j,(-4+0j),(-14+1j),(-6+4j),(-2+4j),(-6+9j),(-7+13j),(-3+15j),(-4+18j),18j,(2+18j),22j,(2+17j),(1+13j),(1+16j),(1+14j),(3+14j),(1+11j),(1+8j),(-4+5j),(-7+0j),(-12-4j),(-16-5j),(-16+1j),(-18+1j),0j,0j,0j,0j,0j,0j,0j,0j,0j,0j,0j,(12-37j),(11-36j),(8-34j),(10-32j),(9-37j),(4-32j),(9-33j),(10-35j),(9-28j),(12-28j),(13-23j),(10-20j),(18-18j),(14-15j),(16-12j),(18-13j),(16-12j),(22-15j),(20-11j),(21-13j),(18-10j),(15-16j),(17-13j),(13-12j),(12-13j),(9-13j)
(94-32j),(5+0j),(-1-5j),(-2-3j),(-4-2j),(-10-4j),(-12-2j),(-13-1j),(-15+1j),(-13+3j),(-14+5j),(-16+4j),(-17+10j),(-18+16j),(-15+13j),(-13+17j),(-14+11j),(-10+8j),(-12+11j),(-7+6j),(-5+4j),(-6+1j),(-7-7j),(-10-7j),(-5-8j),(-9-9j),(-8-17j),0j,0j,0j,0j,0j,0j,0j,0j,0j,0j,0j,(31+5j),(35+6j),(32+5j),(35+5j),(37+2j),(36+4j),(32+4j),(28+3j),(32+0j),(27+6j),(25+4j),(20+10j),(23+10j),(18+11j),(19+12j),(16+14j),(16+17j),(14+16j),(15+18j),(13+14j),(15+15j),(14+12j),(19+9j),(18+4j),(12+9j),(14+3j)
(-128+0j),(8+0j),(-3+0j),(5-1j),(5-9j),-7j,(-4-18j),(-10-13j),(-5-14j),(-6-16j),(-19-14j),(-15-21j),(-13-16j),(-18-16j),(-19-14j),(-18-7j),(-22-10j),(-20-6j),(-12-7j),(-11-6j),(-4-9j),(-4-9j),(2-10j),(7-9j),(7-13j),(12-11j),(17-10j),0j,0j,0j,0j,0j,0j,0j,0j,0j,0j,0j,(-1+41j),(-1+39j),(5+39j),(3+36j),(2+39j),(6+40j),(4+34j),35j,(-2+37j),(-2+32j),29j,(-5+26j),(-6+25j),(-10+20j),(-13+21j),(-13+22j),(-15+23j),(-16+21j),(-16+17j),(-15+19j),(-8+19j),(-11+17j),(-9+20j),(-8+15j),(-3+16j),8j
(-39-112j),(13+0j),(-4+2j),(2+3j),(4-2j),(8-5j),(8-11j),(5-8j),(14-15j),(9-10j),(2-19j),(7-16j),(5-20j),-21j,-24j,(-1-18j),(1-17j),-14j,(-2-12j),-11j,(2-8j),(1-6j),(10-1j),(9-3j),(13-2j),(13+2j),(18+2j),0j,0j,0j,0j,0j,0j,0j,0j,0j,0j,0j,(-28+23j),(-28+23j),(-24+21j),(-19+24j),(-24+26j),(-23+26j),(-27+27j),(-18+21j),(-22+21j),(-20+21j),(-20+16j),(-22+11j),(-21+7j),(-23+13j),(-25+8j),(-22-1j),(-23+1j),(-24+1j),(-26+1j),(-20+4j),(-19+2j),(-21+5j),(-19+1j),(-15+5j),(-10+7j),(-9+10j)
(124-64j),(7+0j),(-4-3j),(4-9j),(6-1j),(7-4j),(-3-13j),(-3-11j),(-1-19j),(-7-13j),(-13-23j),(-13-20j),(-14-16j),(-19-17j),(-19-22j),(-18-10j),(-14-13j),(-12-8j),(-15-11j),(-11-3j),(-7-5j),(-2-6j),(3-9j),(5-8j),(10-12j),(10-11j),(17-13j),0j,0j,0j,0j,0j,0j,0j,0j,0j,0j,0j,(-16+34j),(-15+35j),(-17+35j),(-15+38j),(-11+38j),(-9+37j),(-11+35j),(-10+34j),(-11+34j),(-12+34j),(-13+22j),(-9+24j),(-13+27j),(-19+19j),(-15+15j),(-22+15j),(-21+13j),(-21+12j),(-18+14j),(-16+15j),(-19+18j),(-11+13j),(-12+13j),(-12+17j),(-6+8j),(-8+10j)
(127-16j),(7+0j),(3-1j),(-1-5j),(-7-3j),(-10+0j),(-12-3j),(-16-1j),(-17+3j),(-19+6j),(-13+6j),(-16+8j),(-19+12j),(-16+11j),(-13+13j),(-15+15j),(-10+14j),(-9+12j),(-8+11j),(-6+11j),(-5+5j),(-6-1j),(-4-3j),(-10-6j),(-6-7j),(-10-12j),(-10-13j),0j,0j,0j,0j,0j,0j,0j,0j,0j,0j,0j,(30-7j),(33-8j),(34-6j),(33-7j),(34-8j),(32-10j),(32-9j),(32-6j),(29-7j),(27-7j),(26-3j),(24-2j),(25+4j),(23+2j),(24+4j),(20+10j),(21+11j),(19+13j),(18+13j),(21+12j),(22+11j),(18+11j),(15+6j),(17+3j),(12+2j),(10+4j)
(-48+0j),(13+0j),(2+0j),(3-2j),(-1-8j),(2-10j),-10j,(-5-13j),(-9-14j),(-9-13j),(-12-15j),(-13-16j),(-15-16j),(-21-15j),(-18-14j),(-18-11j),(-12-7j),(-13-11j),(-15-5j),(-10-5j),(-8-5j),(-2-3j),(3-10j),(5-8j),(8-9j),(13-10j),(13-10j),0j,0j,0j,0j,0j,0j,0j,0j,0j,0j,0j,(17+26j),(20+27j),(21+28j),(20+26j),(23+27j),(24+25j),(24+24j),(16+24j),(16+22j),(14+24j),(9+18j),(7+20j),(6+21j),(1+20j),(1+25j),(-6+19j),(-3+20j),(-3+21j),(-4+26j),(-3+23j),(-4+21j),(-3+19j),(-5+19j),16j,(-1+15j),(2+14j)
(94-32j),(5+0j),(-2-1j),(-1+3j),9j,(4+9j),(5+10j),(6+12j),(9+11j),(11+10j),(13+7j),(18+9j),(20+5j),(18+2j),(21+3j),(17+1j),(18+1j),(14-1j),(7+2j),(10-1j),(8+3j),(3+5j),(3+6j),(2+10j),(-4+11j),(-5+10j),(-9+16j),0j,0j,0j,0j,0j,0j,0j,0j,0j,0j,0j,(-13-26j),(-16-31j),(-16-33j),(-18-30j),(-19-31j),(-18-29j),(-19-30j),(-17-27j),(-15-22j),(-16-26j),(-9-26j),(-9-24j),(-4-23j),(-1-25j),-23j,(-1-25j),(1-23j),(3-24j),(2-20j),(2-19j),(-2-21j),-19j,(-3-19j),(-1-15j),(-5-13j),(-2-10j)
(94-32j),(5+0j),-1j,(-1-2j),(-8-1j),(-11+1j),(-9+6j),(-11+10j),(-10+10j),(-12+14j),(-10+19j),(-11+19j),(-5+21j),(-4+23j),(-3+25j),(-4+19j),(-1+19j),(-2+14j),(1+10j),(-3+10j),(-3+8j),(-2+4j),(-9+2j),(-8-3j),(-13-2j),(-15-3j),(-16-7j),0j,0j,0j,0j,0j,0j,0j,0j,0j,0j,0j,(28-27j),(25-26j),(30-26j),(28-31j),(28-31j),(24-26j),(23-31j),(25-30j),(22-22j),(27-19j),(23-17j),(23-12j),(25-11j),(22-5j),(21-10j),(23-5j),(24-3j),(25-5j),(25-3j),(22+0j),(23-6j),(23-4j),(18-2j),(15-6j),(13-7j),(9-10j)
(-98-32j),(9+0j),(3+0j),(-1-6j),(-10-5j),(-11-8j),(-14-6j),(-16-5j),(-21-6j),(-22+2j),(-23+3j),(-21+8j),(-23+5j),(-22+7j),(-19+11j),(-21+13j),(-19+12j),(-12+7j),(-10+10j),(-8+7j),(-7+0j),(-7-5j),(-5-5j),(-9-9j),(-2-15j),(-4-15j),(-4-19j),0j,0j,0j,0j,0j,0j,0j,0j,0j,0j,0j,(35+2j),(38+2j),(39+0j),(40+3j),(41-3j),(38-1j),(39-2j),(39+1j),(33+1j),(31+2j),(27+4j),(27+8j),(23+9j),(21+13j),(19+14j),(17+11j),(17+18j),(15+17j),(17+16j),(14+17j),(16+15j),(12+17j),(16+15j),(17+9j),(12+8j),(11+6j)
(92-62j),(37+0j),(6-9j),-7j,(-6-3j),(4+1j),(-1-1j),(-2+6j),14j,(6+16j),(7+18j),(7+19j),(3+20j),(2+25j),(13+27j),(5+25j),(9+29j),(-1+34j),(-7+34j),(-5+28j),(-13+28j),(-13+19j),(-11+13j),(-20+18j),(-14+10j),(-15+11j),(-16+4j),0j,0j,0j,0j,0j,0j,0j,0j,0j,0j,0j,(3+12j),(5+10j),(2+3j),(8+3j),(19+2j),(16-1j),(12-4j),(16-8j),(21-8j),(16-6j),(19-15j),(20-15j),(27-15j),(26-18j),(11-26j),(27-21j),(23-22j),(13-20j),(24-31j),(16-26j),(13-33j),(12-31j),(5-23j),(6-21j),(17-23j),(9-21j)
(9-110j),(32+0j),(-4+1j),(-2-1j),(-7-4j),(-4-12j),(-14-12j),(-20-8j),(-19-9j),(-19-6j),(-20-2j),(-13+1j),(-25-3j),(-16-3j),(-24+2j),(-19+5j),(-16+0j),(-14+1j),(-13+3j),(-10-1j),(-11+0j),(-4-2j),(1-3j),(-3-11j),(2-10j),(3-14j),(4-17j),0j,0j,0j,0j,0j,0j,0j,0j,0j,0j,0j,(35+6j),(32+5j),(34+5j),(33+5j),(36+0j),(36+5j),(32+0j),(31+3j),(29+7j),(25+3j),(25+9j),(16+5j),(18+10j),(15+9j),(18+13j),(16+16j),(9+14j),(8+18j),(13+16j),(11+16j),(13+10j),(7+14j),(9+15j),(12+15j),(11+8j),(4+7j)
(38+98j),(34+0j),(-3+0j),(-2+3j),(-6+1j),(-4+5j),(-7+11j),(-5+13j),(-2+16j),(2+18j),(1+21j),(5+18j),22j,(2+18j),(6+18j),(7+14j),(13+16j),(7+15j),(1+11j),(1+7j),(-1+8j),(-4+4j),(-4+4j),(-7+6j),(-9+2j),(-12+2j),(-16+4j),0j,0j,0j,0j,0j,0j,0j,0j,0j,0j,0j,-38j,(1-34j),(-2-37j),(-4-35j),(-3-34j),(-1-34j),(-6-32j),(-3-27j),(2-27j),(2-28j),(2-22j),(6-24j),(4-18j),(5-18j),(11-16j),(11-14j),(11-16j),(14-9j),(15-12j),(15-14j),(12-12j),(13-10j),(10-14j),(4-15j),(6-10j),(5-7j)
(-122+96j),(8+0j),(-3-4j),(3-7j),(-18-22j),(-3+0j),(-24-20j),(-39-8j),(-27-28j),(-46-3j),(-38+13j),(-45-6j),(-46+2j),(-53+11j),(-46+17j),(-28+8j),(-32+27j),(-27+14j),(-30+9j),(-24+3j),(-21+7j),(-22-8j),(-13-11j),(-10-16j),(-6-19j),(-6-39j),(-13-37j),0j,0j,0j,0j,0j,0j,0j,0j,0j,0j,0j,(73+0j),(70-9j),(69-1j),(69-5j),(64-8j),(69-13j),(69+6j),(64-6j),(64-10j),(56+4j),(44-7j),(45+7j),(46+25j),(31+20j),(41+22j),(17+28j),(27+29j),(35+24j),(41+27j),(16+32j),(28+26j),(19+17j),(14+10j),(7+26j),(1+14j),(16+14j)
(-102-96j),(9+0j),(-5-17j),(10-19j),(-14-18j),(-13-12j),(-17-30j),(-13-17j),(-24-24j),(-32-4j),(-40-19j),(-41-10j),(-49-10j),(-36-8j),(-32-4j),(-47-1j),(-30+4j),(-33+2j),(-25-1j),(-22-2j),(-18+2j),(-3-15j),(-13-14j),-21j,(-3-19j),(-3-25j),(1-35j),0j,0j,0j,0j,0j,0j,0j,0j,0j,0j,0j,(47+53j),(48+53j),(42+48j),(59+53j),(51+53j),(45+47j),(54+47j),(55+38j),(42+48j),(36+35j),(31+31j),(41+32j),(23+40j),(2+42j),(6+47j),(10+34j),(-3+50j),(-1+42j),(9+54j),(-2+43j),(2+51j),(-6+25j),(16+42j),(10+25j),(5+24j),(-5+21j)
(94-32j),(5+0j),(7-2j),(-1+3j),(8-1j),(12+1j),(21-9j),(22-26j),(23-21j),(23-39j),(25-32j),(12-35j),(18-37j),(10-47j),(16-43j),(10-38j),(8-35j),(6-32j),(5-24j),(8-22j),(6-13j),(18-14j),(18+1j),(15+11j),(23+10j),(29+12j),(27+15j),0j,0j,0j,0j,0j,0j,0j,0j,0j,0j,0j,(-51+54j),(-47+52j),(-47+60j),(-47+53j),(-49+58j),(-38+52j),(-42+59j),(-46+54j),(-45+43j),(-38+42j),(-26+35j),(-40+33j),(-34+25j),(-35+8j),(-38+19j),(-42+5j),(-37+1j),(-40+8j),(-32+0j),(-49-2j),(-42+1j),(-37-2j),(-45+9j),(-23+6j),(-39+1j),(-18+7j)
(125-48j),(7+0j),(-22-12j),(14+7j),(8+26j),(6+15j),(17+23j),(24+17j),(30+19j),(40+13j),(40+11j),(51+3j),(44+18j),(39+7j),(48-5j),(31-4j),(41-4j),(40-1j),(23-6j),(26-5j),(17+4j),(10+11j),(6+16j),(9+25j),(1+28j),(-4+30j),(-1+32j),0j,0j,0j,0j,0j,0j,0j,0j,0j,0j,0j,(-47-44j),(-54-41j),(-56-51j),(-62-42j),(-67-43j),(-55-37j),(-47-32j),(-59-27j),(-50-37j),(-37-36j),(-35-35j),(-23-34j),(-19-38j),(-15-38j),(-14-35j),(-16-44j),(-14-43j),(-17-37j),(4-38j),(-18-38j),(-11-39j),(3-29j),(-5-33j),(-8-27j),(3-12j),(-14-10j)
(-111+16j),(9+0j),(11+9j),(6+1j),(3-4j),(12-1j),(1-10j),(11-13j),(5-14j),(9-18j),(3-21j),(1-19j),(4-19j),(3-22j),(-1-26j),(-3-18j),(-1-22j),(2-19j),(-1-18j),(2-12j),(5-9j),(7-3j),(6-3j),(8+0j),(10+3j),(14+4j),(18+4j),0j,0j,0j,0j,0j,0j,0j,0j,0j,0j,0j,(-6+39j),(-2+38j),(-1+39j),(-2+39j),(-3+40j),(-3+42j),(-4+33j),(-2+33j),(-5+31j),(-7+27j),(-8+24j),(-10+19j),(-11+22j),(-14+12j),(-15+12j),(-22+12j),(-18+6j),(-23+9j),(-19+14j),(-18+12j),(-19+8j),(-21+11j),(-20+11j),(-12+9j),(-16+11j),(-4+4j)
(63-14j),(35+0j),(7+8j),(5-3j),(4-11j),(4-4j),(-4-11j),-15j,-14j,(-1-20j),(-1-25j),(-5-15j),(-9-17j),(-16-22j),(-14-22j),(-17-18j),(-10-18j),(-13-12j),(-11-11j),(-6-11j),-14j,-7j,(3-3j),(5-4j),(9-12j),(19-9j),(16-11j),0j,0j,0j,0j,0j,0j,0j,0j,0j,0j,0j,(7+34j),(8+38j),(12+35j),(15+37j),(10+38j),(8+38j),(10+29j),(9+33j),(10+30j),(9+26j),(-1+25j),(7+23j),(3+25j),(1+25j),(-5+18j),(-10+18j),(-11+18j),(-11+19j),(-11+15j),(-8+17j),(-5+18j),(-11+20j),(-3+18j),(-5+12j),(-3+8j),(-7+14j)
(92-62j),(37+0j),(-2-4j),-6j,(-5-2j),(-7-6j),(-18-9j),(-17-10j),(-14-6j),(-16-7j),(-21-6j),(-21-2j),(-20+5j),(-25+7j),(-23+1j),(-21+5j),(-21+9j),(-15+6j),(-11+2j),(-17+5j),(-6-4j),(-7-3j),(-4-10j),(-6-11j),(-2-12j),(-3-17j),-19j,0j,0j,0j,0j,0j,0j,0j,0j,0j,0j,0j,(35+12j),(35+14j),(35+10j),(35+12j),(38+8j),(37+12j),(34+12j),(30+6j),(29+6j),(30+12j),(27+12j),(25+8j),(21+11j),(17+13j),(10+13j),(11+13j),(10+17j),(7+17j),(9+19j),(10+16j),(12+19j),(13+14j),(14+14j),(9+8j),(13+8j),(5+6j)
(94-32j),(5+0j),(-1+7j),(5+5j),(8+3j),(12-1j),(9-2j),(12-4j),(16-7j),(12-7j),(14-10j),(19-14j),(20-17j),(16-15j),(17-17j),(12-15j),(9-15j),(7-12j),(8-12j),(4-12j),(9-3j),(6-4j),(6-1j),(7+4j),(8+8j),(11+11j),(9+17j),0j,0j,0j,0j,0j,0j,0j,0j,0j,0j,0j,(-35+15j),(-38+18j),(-36+20j),(-31+19j),(-31+18j),(-34+20j),(-32+20j),(-34+16j),(-31+15j),(-28+12j),(-25+10j),(-24+6j),(-22+3j),(-20-1j),(-21-3j),(-22-4j),(-23-6j),(-21-3j),(-18-6j),(-21-9j),(-18-7j),(-18-3j),(-17-6j),(-13-5j),(-15+2j),(-10-2j)
(-99-48j),(9+0j),(-1-8j),(-7-3j),(-1+2j),-1j,(8-8j),(12+9j),(12-4j),(19-1j),(15+9j),(15+3j),(16+6j),(18+10j),(18+16j),(16+3j),(27+20j),(21+20j),(17+18j),(16+14j),(14+16j),(17+21j),(15+23j),(6+16j),(2+17j),(-3+14j),(-6+12j),0j,0j,0j,0j,0j,0j,0j,0j,0j,0j,0j,(14-4j),(14-4j),(8-11j),(7-9j),(9-13j),(9-19j),(1-23j),(6-15j),(4-16j),(2-20j),(2-33j),(-5-29j),(-8-30j),(-8-35j),(-13-35j),(-14-29j),(-9-33j),(-12-25j),(-20-32j),(-6-29j),(-22-34j),(-10-21j),(-18-23j),(-18-24j),(-4-16j),(-12-10j)
(110-32j),(6+0j),(5+1j),(6+1j),(2-7j),(-9-1j),(-6+0j),(-11-1j),(-8+6j),(-13+9j),(-12+7j),(-10+13j),(-14+9j),(-10+18j),(-13+21j),(-14+14j),(-13+15j),(-12+17j),(-17+11j),(-22+12j),(-18+5j),(-18+4j),(-16+1j),(-16-6j),(-11-8j),(-12-12j),(-16-7j),0j,0j,0j,0j,0j,0j,0j,0j,0j,0j,0j,(1+7j),(7+8j),(1+11j),(4+5j),(9+10j),(6+9j),(10+4j),(14+2j),(18+2j),(18+0j),(22+2j),(19+5j),(20+3j),(24-1j),(26+2j),(25-8j),(27-5j),(24-3j),(22-5j),(22-6j),(16-4j),(21-6j),(21-4j),(18-1j),(10-3j),(11+1j)
(124-64j),(7+0j),(-6+9j),(3+13j),(-10-16j),(3+7j),(-1+2j),(9-11j),(-4-25j),(-1-6j),(-9-17j),(-6-14j),(-8-17j),(-10-13j),(-11-30j),(-12-21j),(-9-30j),(-1-24j),(-4-27j),(5-23j),(-3-25j),(8-13j),(7-13j),(14-10j),(8-19j),(20-4j),(16+0j),0j,0j,0j,0j,0j,0j,0j,0j,0j,0j,0j,(-7+6j),(-10+0j),(-7+9j),(-7+10j),(-7+7j),(-14+14j),(-6+18j),(-5+14j),(-11+21j),(-6+14j),(-8+27j),(2+24j),(-4+21j),(-12+30j),(-7+29j),(-9+32j),(3+26j),(2+30j),36j,(4+23j),(-6+23j),(3+24j),(-1+37j),(-3+29j),(10+18j),19j
(-126+32j),(8+0j),(-9+1j),(-6+4j),(-2-7j),(-4-11j),(2+0j),(9+8j),(11-15j),(10-7j),(19-11j),(15-17j),(12-15j),(21-12j),(12-11j),(21-30j),(26-21j),(21-11j),(23-6j),(22-9j),(23-5j),(25-4j),(19-4j),(16+13j),(10+12j),(14+11j),(9+14j),0j,0j,0j,0j,0j,0j,0j,0j,0j,0j,0j,(6-9j),(8-6j),(3-7j),(2-14j),(-11-16j),(-8-14j),(-2-16j),(-12-14j),(-15-17j),(-17-24j),(-14-26j),(-27-18j),(-23-28j),(-27-21j),(-31-27j),(-31-18j),(-32-18j),(-32-11j),(-30-15j),(-27-18j),(-31-12j),(-28-10j),(-26-11j),(-28-11j),(-22-6j),(-22-13j)
(-51-48j),(12+0j),(12+2j),(1-1j),(-6-5j),(-6-2j),(-7+1j),(-13-1j),(-10+2j),(-10-2j),(-8+4j),(-15+3j),(-13+20j),(-16+1j),(-17+13j),(-18+12j),(-22+20j),(-26+9j),(-26-5j),(-26-6j),(-22-6j),(-16-9j),(-19-2j),(-18-8j),(-7-13j),(-11-11j),(-2-10j),0j,0j,0j,0j,0j,0j,0j,0j,0j,0j,0j,(-10+10j),(4+19j),(4+14j),(12+10j),(3+11j),(6+5j),(10+4j),(16+8j),(19+10j),(20+11j),(17+9j),(21+9j),(19+12j),(27+6j),(29+8j),(28+10j),(33+6j),(31+0j),(35+0j),(30-2j),(25+2j),(24-1j),(28+5j),(23-9j),(15+2j),(11-2j)
(-51-48j),(12+0j),(-6-1j),(-8-3j),(-4-12j),(5-3j),(10+4j),(-3+6j),(13-2j),(8+0j),(26-7j),(19+1j),(20+2j),(19+6j),(24-3j),(23-9j),(16+5j),(27+14j),(31+11j),(17+19j),(18+20j),(18+16j),(4+25j),(10+15j),(7+20j),(5+16j),(1+17j),0j,0j,0j,0j,0j,0j,0j,0j,0j,0j,0j,(11+6j),(7-7j),(13-7j),(12-12j),(7+0j),(-1-9j),(3-28j),(1-7j),(8-21j),(7-21j),(10-35j),(-9-24j),(1-30j),(-12-33j),(-2-32j),(-8-31j),(-7-33j),(5-35j),(-6-33j),(-16-32j),(-9-37j),(-19-21j),(-20-27j),(-7-23j),(-7-17j),(-11-11j)
(-39-112j),(13+0j),(3+5j),(-2+3j),(-2+7j),(-3+2j),(-13-3j),(-5-11j),(-5-3j),(-10-2j),(-20-7j),(-15-7j),(-9-11j),(-20-6j),(-20-5j),(-18-8j),(-21-8j),(-19-12j),(-12-7j),(-16-19j),(-13-7j),(-16-12j),(-11-16j),(-2-17j),(-5-20j),(-7-17j),(5-16j),0j,0j,0j,0j,0j,0j,0j,0j,0j,0j,0j,(-9-7j),(-9+0j),(-6-7j),(-6+7j),(-12-1j),(-14+12j),(-10+5j),(-14+4j),(-12+14j),(-21+20j),(-13+10j),(-10+17j),(-17+22j),(-15+16j),(-11+30j),(-4+23j),(-11+26j),(-10+28j),(-7+27j),(-4+23j),(2+20j),(6+21j),(-3+26j),(2+10j),(1+16j),(5+14j)
(90-96j),(5+0j),(-8-1j),(-8-4j),(-7-9j),(11+0j),(4-2j),(10-7j),(2-10j),(13-7j),(13-19j),(18-13j),(10-20j),(14-21j),(19-14j),(21-17j),(25-17j),(23-15j),(21-20j),(24-16j),(24-15j),(17-2j),(23+5j),(26+7j),(18-2j),(17+14j),(6+10j),0j,0j,0j,0j,0j,0j,0j,0j,0j,0j,0j,(-1-10j),(-1-9j),(1-12j),(-2-10j),(-7-8j),(-13-19j),(-9-11j),(-9-9j),(-22-11j),(-16-16j),(-32-10j),(-26-9j),(-33-12j),(-22-7j),(-31-7j),(-28+1j),(-37+0j),(-38+4j),(-25-2j),(-26-1j),(-27+0j),(-20+3j),(-20+3j),(-27+6j),(-18+6j),(-20+11j)
(-98-32j),(9+0j),(-1+1j),(3-2j),(4-6j),(8-7j),(4-9j),(3-12j),(-2-16j),(4-18j),-20j,(-3-19j),(-3-19j),(-3-21j),(-6-23j),(-7-21j),(-8-19j),(-3-13j),(-3-15j),(-4-14j),(-1-13j),(4-7j),(6-5j),(6-3j),(13-3j),(14-3j),(20+0j),0j,0j,0j,0j,0j,0j,0j,0j,0j,0j,0j,(-20+31j),(-22+31j),(-21+33j),(-19+33j),(-15+34j),(-15+35j),(-13+34j),(-14+33j),(-14+32j),(-17+25j),(-14+21j),(-13+21j),(-12+17j),(-14+14j),(-16+8j),(-15+6j),(-17+7j),(-19+2j),(-14+8j),(-16+1j),(-16+7j),(-16+4j),(-15+6j),(-12+5j),(-9+8j),(-4+1j)
(120-128j),(7+0j),(-3-2j),(-1-6j),(-5-1j),(-3-5j),(-11-5j),(-15-4j),(-18-5j),(-19-4j),(-20-1j),(-21-2j),(-20+1j),(-20+1j),(-23+5j),(-20+4j),(-20+2j),(-14+3j),(-13+2j),(-14+0j),(-11+1j),(-4-4j),(-5-8j),(1-9j),(3-15j),(2-18j),(2-20j),0j,0j,0j,0j,0j,0j,0j,0j,0j,0j,0j,(37+11j),(37+11j),(39+10j),(37+10j),(42+7j),(36+10j),(33+6j),(32+6j),(31+9j),(27+3j),(25+7j),(21+8j),(17+14j),(16+8j),(13+8j),(11+13j),(3+17j),(7+14j),(5+14j),(6+15j),(8+18j),(8+13j),(6+12j),(8+13j),(7+7j),(4+7j)
(-116-64j),(8+0j),(4-3j),(1+3j),(-3+3j),(-4+5j),(-7+13j),(-4+14j),(-6+16j),(-1+12j),20j,(2+19j),(4+19j),(3+13j),(8+13j),(13+18j),(5+15j),(4+13j),(1+14j),(1+10j),(2+7j),(-2+12j),(-1+3j),(-8+7j),(-12+0j),(-17+2j),(-22+0j),0j,0j,0j,0j,0j,0j,0j,0j,0j,0j,0j,(26-26j),(25-29j),(20-29j),(26-31j),(22-33j),(20-30j),(15-32j),(23-32j),(16-28j),(17-29j),(15-22j),(12-14j),(11-12j),(16-19j),(15-7j),(18-5j),(17-1j),(17-8j),(17-2j),(14-4j),(16-6j),(18+0j),(11-2j),(10-4j),(8-5j),(11-10j)
(-98-32j),(9+0j),(1-5j),(5+0j),(-7+3j),(-8+8j),(-7+2j),(-7+6j),(-10+8j),(-8+16j),(-15+14j),(-14+17j),(-13+22j),(-8+19j),(-5+20j),(1+18j),(-6+16j),(-2+14j),(1+11j),(-1+9j),(-2+8j),(-9+3j),(-8+0j),(-9-2j),(-11-5j),(-15-7j),(-15-11j),0j,0j,0j,0j,0j,0j,0j,0j,0j,0j,0j,(35-13j),(39-15j),(33-16j),(34-14j),(29-19j),(31-17j),(30-17j),(32-15j),(27-14j),(25-20j),(28-14j),(20-9j),(18-8j),(17-1j),(22+2j),(16+2j),(12+2j),(17+2j),(13+9j),(15+6j),(15+2j),(8+9j),(14+5j),(10+4j),(8+1j),(7-2j)
(120-128j),(7+0j),(-3-4j),(-1+7j),(5+1j),(6+2j),(9+5j),(12+11j),(7+10j),(18+8j),(12+8j),(18+11j),(21+4j),(21+3j),(20+3j),(20-1j),(19+0j),(12+3j),(12+4j),(9-1j),(7+5j),(1+4j),(2+9j),(-3+8j),(-3+13j),(-5+15j),(-15+18j),0j,0j,0j,0j,0j,0j,0j,0j,0j,0j,0j,(-14-33j),(-15-36j),(-20-34j),(-18-37j),(-22-33j),(-18-34j),(-19-33j),(-17-26j),(-13-28j),(-11-22j),(-12-25j),(-14-23j),(-5-20j),(-5-19j),-19j,(-2-16j),(5-18j),(7-18j),(4-19j),(5-15j),(7-17j),(6-18j),(3-13j),(-2-15j),(3-15j),(-1-11j)
(-116-64j),(8+0j),(-1-1j),(7-4j),(6-3j),(11-1j),(9-3j),(11-8j),(18-11j),(18-14j),(17-13j),(9-15j),(11-22j),(13-17j),(7-21j),(9-18j),(7-12j),(4-14j),(8-16j),(4-16j),(9-10j),(9-7j),(14-3j),(9+3j),(9+5j),(14+8j),(17+15j),0j,0j,0j,0j,0j,0j,0j,0j,0j,0j,0j,(-38-13j),(-37-13j),(-38-16j),(-44-17j),(-40-13j),(-39-7j),(-39-7j),(-40-3j),(-34-9j),(-34-9j),(-30-5j),(-29-6j),(-21-5j),(-19-11j),(-18-16j),(-15-10j),(-14-14j),(-8-15j),(-14-16j),(-13-16j),(-8-17j),(-14-15j),(-12-7j),(-11-5j),(-17-1j),(-9-6j)
(102+96j),(6+0j),(2+1j),(-3-13j),(6-1j),(7+3j),(23+13j),(23-3j),(21-12j),(35-1j),(31-23j),(37-22j),(23-22j),(33-26j),(28-31j),(28-33j),(12-26j),(9-22j),(21-21j),(15-13j),(19-7j),(17-2j),(14+9j),(12+11j),(12+16j),(9+26j),(17+28j),0j,0j,0j,0j,0j,0j,0j,0j,0j,0j,0j,(-67-13j),(-68-12j),(-75-13j),(-74-14j),(-79-6j),(-71-1j),(-70-5j),(-62-3j),(-60-10j),(-58-13j),(-51-14j),(-44-9j),(-39-20j),(-32-20j),(-32-26j),(-25-20j),(-29-24j),(-15-28j),(-17-26j),(-22-39j),(-22-31j),(-15-26j),(-19-22j),(-7-21j),(-20-10j),(-8-10j)
(-99-48j),(9+0j),(-1+9j),(1+7j),(4+1j),(-1-8j),(15-2j),(16-5j),(17-2j),(16-8j),(21-7j),(12-5j),(10-1j),(10-7j),(3+7j),(10-3j),(17+11j),(22-15j),(11-9j),(13-7j),(-2-8j),(-3+9j),(2+8j),(10+2j),(-4+9j),(-6+18j),(-14+23j),0j,0j,0j,0j,0j,0j,0j,0j,0j,0j,0j,(-36+12j),(-33+20j),(-29+14j),(-34+8j),(-37+8j),(-34+22j),(-23+22j),(-38+9j),(-27+5j),(-16+7j),(-22+8j),(-25-5j),(-22+0j),(-20-12j),(-2-4j),(-23-10j),(-28+1j),(-6-14j),(-14+1j),(-22-16j),(-11-19j),(-19-4j),(-16-10j),(-8-1j),(-7-4j),(-7-13j)
(-79+16j),(11+0j),(-13+18j),-9j,(1-1j),(-16-22j),(5-25j),-20j,(-16-31j),(-8-40j),(-11-28j),(-23-38j),(-28-38j),(-28-26j),(-26-35j),(-26-31j),(-31-23j),(-26-18j),(-15-22j),(-19-14j),(-10-21j),(-3-16j),(6-16j),(7-16j),(16-16j),(26-21j),(33-20j),0j,0j,0j,0j,0j,0j,0j,0j,0j,0j,0j,(-52+48j),(-47+58j),(-46+56j),(-40+61j),(-44+64j),(-33+65j),(-38+58j),(-34+53j),(-31+42j),(-25+44j),(-25+42j),(-19+36j),(-26+33j),(-31+27j),(-32+26j),(-32+15j),(-29+10j),(-33+4j),(-30+14j),(-32+7j),(-21+13j),(-31+15j),(-18+11j),(-18+16j),(-30+18j),(-19+3j)
(94-32j),(5+0j),(-6-7j),(1+13j),(16+12j),(6+13j),(11+14j),(16+10j),(5+29j),(14+47j),(14+24j),(21+43j),(33+30j),(27+37j),(31+27j),(31+22j),(27+24j),(22+24j),(15+15j),(14+17j),(11+19j),(-3+14j),(-5+18j),(-12+16j),(-23+14j),(-30+15j),(-34+18j),0j,0j,0j,0j,0j,0j,0j,0j,0j,0j,0j,(13-69j),(2-67j),-74j,(-2-75j),(-4-74j),(-3-69j),(-8-65j),(-1-72j),(-5-63j),(-3-54j),(6-47j),(4-41j),(9-40j),(11-38j),(19-38j),(22-26j),(19-17j),(30-27j),(23-21j),(24-28j),(23-17j),(13-23j),(24-23j),(13-16j),(14-13j),(10-13j)
(-51-48j),(12+0j),(-7-1j),(-9-7j),(-9-7j),(-1-2j),(7-8j),(4-3j),(12-13j),(11-5j),(22-12j),(16-14j),(13-11j),(21-9j),(21-14j),(28-15j),(18-8j),(19-10j),(26-10j),(22+0j),(21+1j),(24+2j),(18+1j),(20+9j),(17+6j),(11+14j),(5+9j),0j,0j,0j,0j,0j,0j,0j,0j,0j,0j,0j,(8-7j),(6-7j),-11j,(5-8j),(5-9j),-11j,(4-17j),(-2-18j),(-10-19j),(-11-30j),(-6-18j),(-12-22j),(-11-25j),(-10-25j),(-16-22j),(-15-17j),(-13-20j),(-27-24j),(-23-18j),(-20-22j),(-19-20j),(-22-8j),(-14-7j),(-19-16j),(-17-5j),(-15-7j)
(-51-48j),(12+0j),(-6-8j),(8-6j),(4+9j),(5+2j),(-1+9j),(-3+11j),(12+25j),(-2+7j),(-2+3j),(-1+10j),(2+21j),(-4+25j),(5+23j),(-3+24j),(-7+21j),(-8+24j),(-12+18j),(-14+19j),(-13+12j),(-16+13j),(-19+10j),(-21+9j),(-16-5j),(-21-1j),(-13+0j),0j,0j,0j,0j,0j,0j,0j,0j,0j,0j,0j,(6+1j),(5+6j),(10+6j),(8-3j),(13-6j),(10-5j),(12+1j),(22-12j),(13-15j),(17-21j),(11-14j),(20-19j),(16-24j),(13-16j),(24-18j),(12-25j),(9-26j),(14-26j),(1-19j),(6-25j),(17-20j),(13-24j),(17-15j),(7-24j),(3-17j),(-1-16j)
(98+32j),(6+0j),(-2+6j),(-4+2j),-2j,(-6-7j),(-5-6j),(-2-7j),(-4-12j),(-1-14j),(-7-23j),(-6-9j),(-2-20j),(-10-19j),(-6-24j),(-4-15j),(-1-24j),(-5-22j),(1-30j),(5-22j),(4-24j),(10-21j),(4-22j),(12-14j),(16-11j),(14-10j),(20-6j),0j,0j,0j,0j,0j,0j,0j,0j,0j,0j,0j,(-5-7j),(-10-7j),(-4-7j),(-10-2j),(-13+4j),(-20+4j),(-11+10j),(-22+12j),(-19+12j),(-17+20j),(-21+14j),(-22+13j),(-24+15j),(-18+16j),(-25+21j),(-18+20j),(-12+29j),(-21+26j),(-15+26j),(-8+29j),(-13+18j),(-11+23j),(-9+26j),(-5+16j),(-12+19j),(-7+13j)
(-98-32j),(9+0j),(-6+2j),(-10+5j),(-3-2j),(-13-6j),(3+0j),(1-6j),(3-19j),(1-13j),(-5-18j),(-1-16j),(8-14j),(6-18j),(9-18j),(12-15j),(18-23j),(7-20j),(17-17j),(19-12j),(15-8j),(14-10j),(18-1j),(22-6j),(20+2j),(10+5j),(14+2j),0j,0j,0j,0j,0j,0j,0j,0j,0j,0j,0j,(-7-4j),(-11+0j),(-3-1j),(-14-2j),(-13+4j),(-21+5j),(-20+10j),(-20+4j),(-18+7j),(-25+7j),(-22+18j),(-23+13j),(-20+16j),(-22+17j),(-23+19j),(-22+29j),(-22+19j),(-24+21j),(-27+22j),(-17+24j),(-18+18j),(-24+11j),(-17+18j),(-15+11j),(-20+15j),(-12+16j)
(126-32j),(7+0j),(-9-5j),(-2-3j),(6+2j),(4-3j),(16-1j),(3+3j),(16+2j),(17+10j),(10+3j),(17+1j),(24+5j),(18+10j),(17+9j),(25+11j),(24+2j),(13+10j),(16+11j),(17+14j),(11+21j),(7+11j),(7+14j),(3+18j),(-1+20j),(2+19j),(-6+9j),0j,0j,0j,0j,0j,0j,0j,0j,0j,0j,0j,(9+1j),(8-4j),(9-10j),(5-8j),(-4-11j),(6-15j),(-4-19j),(12-21j),(1-19j),(-11-26j),(-2-25j),(-2-26j),(-9-27j),(-10-28j),(-9-30j),(-13-37j),(-14-26j),(-18-28j),(-14-31j),(-9-29j),(-15-16j),(-17-23j),(-7-21j),(-13-17j),(-17-14j),(-18-10j)
(94-32j),(5+0j),(5-2j),(5+3j),(6+4j),(11-2j),(15-5j),(10-9j),(16-14j),(16-16j),(8-14j),(16-22j),(13-18j),(3-20j),(13-24j),(7-24j),(7-21j),(8-20j),(10-17j),(8-17j),(11-13j),(5-9j),(10-2j),(8+5j),(12+6j),(12+5j),(20+8j),0j,0j,0j,0j,0j,0j,0j,0j,0j,0j,0j,(-27+16j),(-32+23j),(-31+22j),(-30+25j),(-34+24j),(-28+27j),(-30+22j),(-27+24j),(-28+18j),(-27+21j),(-29+18j),(-29+12j),(-19+12j),(-21+4j),(-19+2j),(-21-8j),(-16-4j),(-17-7j),(-14-10j),(-17-4j),(-17-6j),(-25-5j),(-16-1j),(-15+2j),(-11+1j),(-9-1j)
(124-64j),(7+0j),(-4+6j),(2+2j),(3+8j),(6+5j),(9+7j),(14+10j),(19+9j),(18+7j),(18+5j),(26+3j),(25+1j),(20+3j),(22+0j),(23-6j),(28-6j),(23-6j),(20-4j),(16-1j),(12+3j),(7+5j),(9+9j),(2+9j),(7+11j),(-1+15j),19j,0j,0j,0j,0j,0j,0j,0j,0j,0j,0j,0j,(-35-18j),(-32-12j),(-39-12j),(-39-9j),(-41-10j),(-36-10j),(-35-8j),(-32-14j),(-32-9j),(-28-4j),(-25-11j),(-20-15j),(-16-10j),(-18-15j),(-13-17j),(-13-22j),(-10-20j),(-8-24j),(-4-16j),(-4-20j),(-6-19j),(-11-17j),(-7-16j),(-8-11j),(-5-9j),(-9-10j)
(86+96j),(5+0j),(2+0j),(2-2j),(9-6j),(11-8j),(8-10j),(9-12j),(5-21j),(4-19j),(1-26j),(-1-26j),(-4-23j),(-5-23j),(-6-28j),(-5-20j),(-6-22j),(-6-26j),(-4-20j),(-2-15j),(2-13j),(1-11j),(8-12j),(7-4j),(12-3j),(18-7j),(20-3j),0j,0j,0j,0j,0j,0j,0j,0j,0j,0j,0j,(-7+35j),(-5+38j),40j,(-2+37j),39j,(-2+35j),(-3+41j),(-4+31j),(-6+39j),(-2+30j),(-9+25j),(-4+18j),(-11+13j),(-11+20j),(-13+14j),(-14+12j),(-14+9j),(-21+11j),(-17+10j),(-22+9j),(-18+10j),(-17+6j),(-15+7j),(-16+13j),(-10+5j),(-9+8j)
(-51-48j),(12+0j),0j,-4j,(-9-9j),(-8-14j),(-6-12j),(-11-17j),(-10-12j),(-18-11j),(-16-10j),(-17-10j),(-24-7j),(-18-4j),(-21-4j),(-26+2j),(-25-2j),(-20-2j),(-14-2j),(-19-2j),(-10-6j),(-12-8j),(-5-6j),(-6-9j),(-1-9j),(4-15j),-18j,0j,0j,0j,0j,0j,0j,0j,0j,0j,0j,0j,(20+30j),(24+28j),(25+31j),(28+30j),(29+29j),(28+27j),(22+30j),(26+24j),(24+24j),(23+19j),(13+23j),(9+22j),(9+20j),(5+18j),(-1+19j),(7+19j),(1+20j),(-6+16j),(-4+16j),(-5+15j),(-6+14j),(1+15j),(-4+12j),(-3+9j),(-2+13j),(2+5j)
(-51-48j),(12+0j),(-5-1j),(-2-4j),(1-5j),(3-13j),(-2-13j),(-7-14j),(-11-14j),(-10-18j),(-14-14j),(-15-12j),(-19-11j),(-17-14j),(-20-8j),(-18-11j),(-19-7j),(-13-12j),(-15-9j),(-6-9j),(-8-9j),(-5-7j),(-1-10j),-12j,(7-12j),(10-14j),(11-16j),0j,0j,0j,0j,0j,0j,0j,0j,0j,0j,0j,(21+24j),(23+25j),(25+24j),(25+22j),(24+22j),(27+24j),(26+24j),(22+18j),(22+14j),(16+17j),(11+21j),(10+16j),(10+14j),(2+14j),18j,18j,(-4+16j),(-7+18j),(-3+19j),(-4+18j),(-2+14j),(-7+16j),(-2+11j),(-3+15j),(-1+11j),(1+5j)
(94-32j),(5+0j),(-2+0j),(2-7j),(-3-6j),(-1-11j),(-10-10j),(-14-15j),(-15-16j),(-15-15j),(-16-10j),(-19-16j),(-22-13j),(-22-10j),(-23-12j),(-21-9j),(-26-9j),(-24-7j),(-17-3j),(-12-8j),(-9-8j),(-9-8j),(-1-10j),(-1-11j),(3-16j),(4-13j),(8-20j),0j,0j,0j,0j,0j,0j,0j,0j,0j,0j,0j,(17+30j),(23+28j),(23+30j),(25+29j),(30+24j),(28+27j),(28+28j),(21+24j),(21+24j),(16+23j),(15+23j),(12+19j),(5+21j),(8+19j),(-1+20j),(-4+19j),(-7+19j),(-6+21j),(-2+23j),(-3+16j),18j,(-6+17j),(-5+11j),15j,(2+10j),(-1+10j)
(124-64j),(7+0j),(-6-4j),(-3+0j),(3+1j),(1-2j),(8-6j),(1-14j),(12-6j),(14-5j),(14-3j),(14-7j),(19-5j),(21+2j),(19-3j),(22-9j),(27-4j),(32-2j),(25-2j),(14+0j),(18+3j),(15+10j),(19+9j),(14+14j),(11+14j),(4+18j),(6+15j),0j,0j,0j,0j,0j,0j,0j,0j,0j,0j,0j,(2-8j),(6-1j),(7-2j),(2-13j),(7-12j),(2-16j),(-5-21j),(-2-21j),(-4-25j),(-8-25j),(-4-23j),(-12-17j),(-8-20j),(-13-27j),(-16-23j),(-21-19j),(-21-20j),(-27-21j),(-16-16j),(-20-13j),(-27-13j),(-19-15j),(-13-10j),(-21-9j),(-18-6j),(-15-8j)
(120-128j),(7+0j),5j,(-2+3j),(1-15j),(1+2j),(7-3j),(-2-9j),(-18-7j),(-6-15j),(-5-8j),(-9-3j),(-6-19j),(-10-8j),(-19-13j),(1-9j),(-5-14j),(-7+5j),(-5-11j),(5-18j),(-2-23j),(6-17j),(12-4j),(-2-20j),(8-12j),(17-4j),(15-8j),0j,0j,0j,0j,0j,0j,0j,0j,0j,0j,0j,(36+8j),(46+3j),(36+6j),(44+5j),(43-4j),(47+4j),(35+4j),(42+12j),(32+2j),(23+10j),(13-3j),(13+7j),(19+2j),(-4+4j),(4+30j),(22-4j),(6+9j),(2+9j),(7+10j),(5+11j),(-6+22j),(-6+14j),(1+16j),(-2+12j),10j,(2+6j)
(124-64j),(7+0j),(9+5j),(-5-9j),(15-7j),(-6-11j),(-14-2j),(-12-12j),(-11-12j),(-20+2j),(-26-12j),(-26-2j),(-17+13j),(-24+9j),(-15+19j),(-17+8j),(-27+10j),(-26+16j),(-27+10j),(-21+8j),(-13+1j),(-17-2j),(-12-8j),(-14-21j),(-14-19j),(-13-24j),(-13-38j),0j,0j,0j,0j,0j,0j,0j,0j,0j,0j,0j,(68+15j),(67+8j),(69+8j),(68+9j),(67-3j),(63+2j),(62+1j),(57+2j),(57-6j),(61+2j),(43+1j),(39+3j),(27+14j),(15+12j),(19+19j),(7+22j),(10+22j),(-2+22j),(3+29j),(-1+24j),(23+24j),(12+25j),(8+17j),(11+4j),(23+16j),(3+11j)
(107-79j),(22+0j),(-15+2j),(4-9j),(-19+10j),(-11-14j),(4-2j),(-8+7j),(-3+11j),(-2+19j),(16+26j),(6+22j),(9+27j),(13+17j),(18+25j),(11+19j),(19+25j),(14+18j),(9+19j),(7+17j),(3+15j),(-4+16j),(-17+22j),(-12+19j),(-20+14j),(-28+20j),(-28+21j),0j,0j,0j,0j,0j,0j,0j,0j,0j,0j,0j,-72j,(3-67j),-68j,(-9-73j),(-14-68j),(-4-66j),(-18-68j),(-8-61j),(-1-49j),(-4-45j),(-8-41j),(-11-25j),(-4-26j),(-4-35j),(11-18j),(20-18j),(5-19j),(21-23j),(29-20j),(28-1j),(33-13j),(25-9j),(21-26j),(15-24j),(4-14j),(7-18j)
(127-15j),(23+0j),(-25-3j),(-2+7j),(27+2j),(12+1j),(19-3j),(19+0j),(23-11j),(17-8j),(13-20j),(16-16j),(21-24j),(14-22j),(2-32j),(7-23j),(14-18j),(1-27j),(14-14j),(15-14j),(6-9j),(15-18j),(15+4j),(21+3j),(22+8j),(23+12j),(24+21j),0j,0j,0j,0j,0j,0j,0j,0j,0j,0j,0j,(-50+42j),(-47+48j),(-52+55j),(-45+53j),(-46+54j),(-40+53j),(-41+59j),(-39+48j),(-35+54j),(-22+34j),(-30+29j),(-37+22j),(-27+25j),(-36+17j),(-22+4j),(-23-10j),(-30-4j),(-23-9j),(-20-6j),(-21-2j),(-27-13j),(-23-25j),(-33-13j),(-25-11j),(-14+2j),(-23-11j)
(-91+80j),(10+0j),(-4+16j),(3+18j),(21+9j),(3+1j),-13j,(-6-14j),(-18-10j),(-20-19j),(-20-6j),(-9-4j),(3-15j),(-3-13j),(7-20j),(8-29j),(2-33j),(10-20j),(17-18j),(23-5j),(13-11j),(20-9j),(7+0j),(13+15j),(11+17j),(6+11j),(9+18j),0j,0j,0j,0j,0j,0j,0j,0j,0j,0j,0j,(5-13j),(-1-5j),(9-14j),(5-4j),(5-14j),(6-21j),(3-24j),(-4-23j),(-1-14j),(10-11j),(13-12j),(24-18j),(18-30j),(19-25j),(15-25j),(14-14j),(23-20j),(25-17j),(29-21j),(20-8j),(19+3j),(26+6j),(20+5j),(29+3j),(29-2j),(16-5j)
(75-79j),(20+0j),(-7-4j),(-8+0j),(-6+4j),(-9-11j),(-2-3j),(2-16j),(-8-11j),(-4-20j),-17j,(-3-19j),(-8-30j),(-8-26j),(-7-25j),-29j,-20j,(-2-34j),(4-28j),-33j,(10-24j),(12-21j),(14-21j),(14-8j),(20-10j),(14-6j),(15-4j),0j,0j,0j,0j,0j,0j,0j,0j,0j,0j,0j,(-7-13j),(-6-14j),(-9-1j),(-3-8j),(-5-6j),(-17-2j),(-22+0j),(-19+5j),(-15+1j),(-29+2j),(-30+7j),(-25+7j),(-24+13j),(-35+14j),(-24+17j),(-26+23j),(-38+14j),(-33+12j),(-26+24j),(-16+28j),(-16+23j),(-15+20j),(-14+20j),(-16+17j),(-19+9j),(-12+17j)
(98+32j),(6+0j),(7+1j),(4+9j),(-6-2j),(-2+6j),(-5+0j),(-8-3j),(-12+3j),(-13+2j),(-18+10j),(-18+4j),(-23+3j),(-24-4j),(-26+1j),(-23+2j),(-25+6j),(-28+2j),(-22-1j),(-20-12j),(-22-11j),(-12-13j),(-15-15j),(-13-13j),(-11-12j),(-9-17j),(-1-17j),0j,0j,0j,0j,0j,0j,0j,0j,0j,0j,0j,(-3+8j),(-14+6j),(-4+8j),(-4+10j),(-2+9j),(-10+12j),(-2+16j),(-5+18j),22j,(1+22j),(10+20j),(8+23j),(10+28j),(6+27j),(11+21j),(13+20j),(21+18j),(18+22j),(20+23j),(22+23j),(21+20j),(20+16j),(12+10j),(14+13j),(13+6j),(11+7j)
(98+32j),(6+0j),(-5-7j),(8-12j),(10-5j),(-2+8j),(1+1j),3j,(13-1j),(11+13j),(9+17j),(9+16j),(11+14j),(15+10j),(9+19j),(11+14j),(24+24j),(16+18j),(13+18j),(3+23j),(2+24j),(-6+18j),(-4+18j),(-6+20j),(-5+18j),(-11+10j),(-11+11j),0j,0j,0j,0j,0j,0j,0j,0j,0j,0j,0j,(7+3j),(8+7j),(8+5j),(4-3j),(7+2j),(14-4j),(16-7j),(21-10j),(21-5j),(20-18j),(16-11j),(16-22j),(14-15j),(22-24j),(13-20j),(19-22j),(19-26j),(12-29j),(21-29j),(12-18j),(-3-31j),(6-19j),(13-29j),(-4-19j),(-5-23j),(-5-12j)
(2+33j),(16+0j),(7-1j),(-2+2j),(4-3j),-1j,(-7-1j),1j,(-13+11j),(-17+10j),(-8+22j),(-12+12j),(-19+12j),(-14+12j),(-19+16j),(-22+20j),(-19+14j),(-26+10j),(-19+10j),(-22+7j),(-18+13j),(-17-7j),(-23-11j),(-23-12j),(-18-6j),(-15-11j),(-11-15j),0j,0j,0j,0j,0j,0j,0j,0j,0j,0j,0j,9j,(4+4j),(3+10j),(5+5j),(2+9j),(5+8j),(12+6j),(16+7j),(14+7j),(18+7j),(25+5j),(29+1j),(28+1j),(30+7j),(33+2j),(28+1j),(30-6j),(31-10j),(25-4j),(33-4j),(30-7j),(34-2j),(23-7j),(21+0j),(22-9j),(16-3j)
(94-32j),(5+0j),(7+3j),(7-4j),(3-7j),-5j,(-5-8j),(-5-3j),(-10-1j),(-15-4j),(-15-5j),(-18-3j),(-19-1j),(-23-2j),(-21+8j),(-26+2j),(-22+0j),(-25+8j),(-19+3j),(-21+7j),(-17-4j),(-12+1j),(-10-5j),(-7-11j),(-3-11j),-13j,-19j,0j,0j,0j,0j,0j,0j,0j,0j,0j,0j,0j,(37+5j),(39+8j),(44+4j),(41+5j),(41+4j),(41+0j),(37-1j),(31-2j),(34+2j),(30+2j),(22-1j),(17+4j),(18+1j),(12+9j),(9+6j),(11+5j),(3+14j),(3+15j),19j,(1+20j),(3+17j),(3+15j),(3+15j),(2+10j),(3+7j),(6+10j)
(-91+80j),(10+0j),(-7+2j),(2+2j),(7+0j),(5+1j),(11-4j),(3-5j),(3-10j),(5-12j),(-4-13j),(-6-17j),(-10-23j),(-10-24j),(-3-26j),(-14-21j),(-11-23j),(-13-20j),(-7-19j),(-12-19j),(-6-17j),(-6-11j),(-2-14j),(2-12j),(9-8j),(11-9j),(15-8j),0j,0j,0j,0j,0j,0j,0j,0j,0j,0j,0j,(-13+39j),(-14+44j),(-14+43j),(-11+45j),(-10+38j),(-6+41j),(-5+35j),(-2+37j),(-5+29j),(-3+26j),(-10+23j),(-3+18j),(-7+16j),(-8+9j),(-15+10j),(-12+7j),(-15+2j),(-14+5j),(-16+4j),(-18+3j),(-20+3j),(-13+0j),(-13+5j),(-10+3j),(-13+9j),(-11+3j)
(-71-112j),(11+0j),(1+2j),(-4-12j),(-1-12j),(-8+1j),(-11-3j),(-12+1j),(-16+2j),(-16+8j),(-5+14j),(-9+20j),(-7+20j),(-7+17j),(-11+20j),(-5+27j),(-5+26j),(-2+31j),(2+26j),(-2+17j),(-1+18j),(-11+19j),(-13+11j),(-15+7j),(-14+5j),(-18-3j),(-27-4j),0j,0j,0j,0j,0j,0j,0j,0j,0j,0j,0j,(34-33j),(33-25j),(35-28j),(37-31j),(35-32j),(26-28j),(26-33j),(25-33j),(23-22j),(21-25j),(17-12j),(6-16j),(14-7j),(21-5j),(12-2j),(17-2j),(9+11j),(16+2j),(16+6j),(23+11j),(12+7j),(17+6j),(15-1j),(19-3j),(6-6j),(5-3j)
(98+32j),(6+0j),(-1-4j),-3j,(-8-1j),(-1-1j),(-2+3j),(-4+8j),8j,(-5+11j),(-1+12j),(4+16j),(4+17j),(8+16j),(7+17j),(10+17j),(8+19j),(10+18j),(8+14j),(7+17j),(2+12j),13j,12j,(-6+15j),(-9+10j),(-13+8j),(-14+8j),0j,0j,0j,0j,0j,0j,0j,0j,0j,0j,0j,(-2-37j),-39j,(1-39j),(-7-38j),(-4-34j),(-7-37j),(-8-36j),(-6-34j),(-6-26j),(-3-26j),(-3-22j),(-2-16j),(1-17j),(4-11j),(8-11j),(6-10j),(11-3j),(14-7j),(12-7j),(9-4j),(12-7j),(12-9j),(9-8j),(10-11j),(4-7j),(1-7j)
(94-32j),(5+0j),(-7+8j),(-8+5j),0j,(2+2j),(5+6j),(9-1j),(10+1j),(10-3j),(15-8j),(11-16j),(6-17j),(8-15j),(11-16j),(2-24j),(9-19j),(9-25j),(4-26j),(11-16j),(8-16j),(6-10j),(11-10j),(12-4j),(14-3j),(14+2j),(19+3j),0j,0j,0j,0j,0j,0j,0j,0j,0j,0j,0j,(-37+19j),(-40+19j),(-38+16j),(-31+21j),(-35+24j),(-35+25j),(-36+24j),(-28+22j),(-28+17j),(-25+14j),(-24+12j),(-12+12j),(-19+13j),(-16-1j),(-13-5j),(-10-5j),(-10-7j),(-14-8j),(-17-4j),(-11-11j),(-17-7j),(-16-8j),(-12-4j),(-17-3j),(-16-3j),(-10-3j)
(127-16j),(7+0j),(-5-4j),(-5+0j),(-4-4j),(-6+2j),(-6+3j),(3+9j),(4+8j),(9+3j),(2+12j),(9+11j),(11+15j),(15+15j),(14+14j),(15+15j),(18+13j),(17+12j),(16+11j),(10+12j),(6+11j),(6+11j),(5+10j),(-5+13j),(-5+5j),(-9+8j),(-11+13j),0j,0j,0j,0j,0j,0j,0j,0j,0j,0j,0j,(-26-24j),(-30-31j),(-30-28j),(-35-28j),(-29-25j),(-32-23j),(-29-21j),(-24-18j),(-25-17j),(-21-14j),(-16-14j),(-15-14j),(-10-15j),(-8-8j),(-5-15j),(-4-16j),(3-9j),(8-11j),(6-5j),(8-2j),(8-11j),(6-5j),(3-9j),-10j,(-1-11j),(-2-8j)
(75-79j),(20+0j),(-5-6j),(-1-8j),(-1-9j),(-8+2j),(-6-3j),(-9+9j),(-9+5j),(-10+14j),(1+11j),(-6+13j),(-1+19j),(-2+20j),20j,(3+21j),(3+29j),(6+22j),20j,17j,14j,(1+13j),(-6+10j),(-9+8j),(-11+5j),(-14-1j),(-17-3j),0j,0j,0j,0j,0j,0j,0j,0j,0j,0j,0j,(-4-40j),(-8-48j),(-6-42j),(-8-40j),(-10-42j),(-12-41j),(-5-40j),(-8-38j),(-6-34j),(-1-22j),(-5-29j),(1-16j),(3-10j),(6-12j),(8-17j),(4-9j),(10-6j),(9-8j),(10-4j),(10+0j),(15+3j),(21-3j),(16-1j),(12-4j),(11-3j),(9-3j)
(94-32j),(5+0j),(2-4j),-4j,(-4-6j),(-6-5j),(-5-2j),(-12+2j),(-4+2j),(-10+9j),(-12+15j),(-12+14j),(-10+16j),(-1+17j),(-6+25j),(-4+21j),(-10+17j),25j,(-5+23j),(-9+19j),(-7+9j),(-8+11j),(-8+6j),(-12+2j),(-13-1j),(-16-3j),(-16-4j),0j,0j,0j,0j,0j,0j,0j,0j,0j,0j,0j,(16-41j),(18-34j),(16-42j),(15-39j),(16-41j),(15-39j),(11-38j),(11-36j),(9-34j),(10-28j),(7-28j),(13-19j),(8-14j),(8-10j),(6-6j),(11-1j),(14-1j),(11+1j),(10+4j),(18+0j),(15+5j),(13+2j),(18-2j),(15-6j),(14-2j),(7-8j)
(94-32j),(5+0j),(7+0j),(2-5j),(4-1j),(2-9j),(-1-7j),(-4-9j),(-7-7j),(-15-14j),(-9-6j),(-15-8j),(-19-7j),(-22-7j),(-24-2j),(-20-3j),(-28-3j),(-23+2j),(-19-1j),(-19-4j),(-16-3j),(-12-8j),(-7-6j),(-8-15j),(-3-11j),(-1-17j),(1-17j),0j,0j,0j,0j,0j,0j,0j,0j,0j,0j,0j,(41+8j),(40+9j),(39+8j),(39+9j),(43+6j),(40+2j),(38+7j),(37+0j),(34+3j),(31+7j),(24+2j),(18+8j),(17+9j),(11+8j),(4+8j),(5+8j),(-4+15j),15j,(-3+17j),(-3+12j),(-4+14j),(-1+16j),(-2+15j),(5+12j),(3+15j),(-1+9j)
(2+33j),(16+0j),(-3+3j),(-2+4j),(4+4j),(6-3j),(3-4j),(1-7j),(1-13j),-14j,(-5-13j),(2-20j),(-6-16j),(-10-24j),(-10-18j),(-10-15j),(-5-15j),(-8-20j),(-9-16j),(-8-12j),(-7-20j),(-3-17j),(4-11j),(1-15j),(9-7j),(14-7j),(13-5j),0j,0j,0j,0j,0j,0j,0j,0j,0j,0j,0j,(7+40j),(3+42j),(6+43j),(9+43j),(10+41j),(11+42j),(7+40j),(14+36j),(9+28j),26j,(6+22j),(9+22j),(-3+12j),(-1+12j),(-7+10j),(-9+8j),(-11+3j),(-19+3j),(-19+7j),(-10+13j),(-14+6j),(-16+4j),(-10+6j),(-15+8j),(-9+5j),(-10+7j)
(20+65j),(17+0j),(9+10j),(4-1j),(5-6j),(-2-3j),(-1+8j),(-8-3j),(-4+3j),(-7+14j),(-9+12j),(-9+17j),(-10+19j),(-12+12j),(-9+16j),(-14+17j),(-11+18j),(-16+20j),(-19+17j),(-21+13j),(-26+5j),(-26+4j),(-20+5j),(-17+5j),(-21-7j),(-16-4j),(-13-9j),0j,0j,0j,0j,0j,0j,0j,0j,0j,0j,0j,(-3+12j),(-2+10j),(-1+11j),(3+10j),(7+11j),(10+4j),(7+11j),(14+13j),(14+16j),(18+6j),(16+7j),(22+5j),(27+8j),(19+5j),(28-5j),(30+10j),(26+4j),(28+2j),(26-1j),(17+8j),(24+2j),(17-7j),(20-15j),(13-12j),(19-5j),(15-6j)
(124-64j),(7+0j),(-11-9j),(-5-5j),(3+4j),(1-8j),(14+3j),(8-2j),(9-1j),(9+2j),(13+7j),(18+1j),(26+0j),(21+9j),(23+13j),(25+5j),(31+9j),(27+13j),(26+9j),(19+20j),(25+22j),(9+16j),(9+18j),(3+24j),(6+18j),(-6+19j),(-5+17j),0j,0j,0j,0j,0j,0j,0j,0j,0j,0j,0j,(7-7j),(10-2j),(14-1j),(12-9j),(3-12j),(4-13j),(10-21j),(9-23j),(9-20j),(1-30j),(-6-31j),(-6-28j),(-4-27j),(-2-26j),(-11-28j),(-4-41j),(-8-28j),(-11-32j),(-3-33j),(-15-23j),(-8-26j),(-18-24j),(-23-23j),(-14-18j),(-11-12j),(-16-20j)
(20+65j),(17+0j),(4-1j),-7j,(-5-5j),(-7-9j),(-12-7j),(-14-4j),(-15+7j),(-18+5j),(-27+5j),(-15+4j),(-21+9j),(-18+12j),(-23+11j),(-18+15j),(-17+12j),(-15+13j),(-18+12j),(-15+13j),(-10+6j),(-12+9j),(-11+2j),(-12-2j),(-9-9j),(-12-9j),(-11-10j),0j,0j,0j,0j,0j,0j,0j,0j,0j,0j,0j,(26-26j),(28-25j),(26-30j),(25-29j),(26-27j),(23-27j),(25-25j),(20-27j),(21-26j),(17-21j),(16-19j),(19-13j),(12-5j),(13-6j),(13+4j),(12+4j),(11+10j),(9+2j),(14+10j),(13+7j),(13+14j),(6+5j),(12+9j),(9+8j),(14+1j),(9+5j)
(124-64j),(7+0j),(-12+13j),(14+7j),(5+6j),(22+2j),(20+5j),(26-1j),(23-5j),(35-13j),(34-3j),(28-16j),(30-19j),(18-23j),(36-23j),(24-31j),(20-25j),(25-30j),(28-22j),(20-21j),(25-15j),(20-9j),(18-10j),(13+2j),(16+5j),(17+16j),(10+16j),0j,0j,0j,0j,0j,0j,0j,0j,0j,0j,0j,(-31+56j),(-31+55j),(-28+62j),(-34+54j),(-28+60j),(-29+56j),(-26+53j),(-27+45j),(-24+51j),(-25+40j),(-18+38j),(-19+12j),(-14+11j),(-19+17j),(-16+7j),(-11-8j),(-16-1j),(-31-8j),(-19-9j),(-23-8j),(-23-14j),(-19-16j),(-21-10j),(-24-9j),(-19+7j),(-28+2j)
(110-32j),(6+0j),(13-7j),(-6+0j),(-7-4j),(-27-25j),(-13-16j),(-19-28j),(-3-16j),(-27-10j),(-30-15j),(-27-26j),(-45-11j),(-34-6j),(-35-4j),(-37+3j),(-43-5j),(-38-1j),(-39-4j),(-36-2j),(-22-3j),(-22-7j),(-15-13j),(-12-10j),(-5-24j),(-10-14j),(-3-26j),0j,0j,0j,0j,0j,0j,0j,0j,0j,0j,0j,(56+34j),(50+33j),(52+29j),(51+32j),(58+24j),(57+25j),(60+28j),(51+31j),(47+24j),(33+13j),(24+25j),(20+12j),(15+22j),(12+22j),(17+17j),(5+19j),(-6+26j),(-12+20j),(-12+33j),(4+11j),(-8+29j),(7+19j),(8+13j),(11+11j),(-4+15j),(11+7j)
(-108+64j),(9+0j),(-14+6j),(-10-1j),(-19+10j),(-5+17j),(4+17j),27j,(5+23j),(19+28j),(8+26j),(20+27j),(22+40j),(27+30j),(22+27j),(23+32j),(24+33j),(27+23j),(20+13j),(26+15j),(12+26j),(7+15j),(5+15j),(-3+12j),(2+13j),(-14+8j),(-22+10j),0j,0j,0j,0j,0j,0j,0j,0j,0j,0j,0j,(-64-13j),(-65-16j),(-66-6j),(-63-12j),(-73-8j),(-62-7j),(-61-4j),(-55-15j),(-48-8j),(-29-15j),(-31-12j),(-30-9j),(-21-22j),(-11-23j),(-17-31j),(-5-29j),(-4-26j),(9-18j),(-8-24j),(3-16j),(-1-25j),(1-13j),-32j,(-2-25j),(2-17j),(-14-12j)
(104-128j),(6+0j),(4-10j),(-3-7j),(-3-10j),(-11-8j),(-10-8j),(-22-7j),(-21-6j),(-20-4j),(-23-3j),(-29+5j),(-26+1j),(-29+7j),(-23+13j),(-21+9j),(-30+11j),(-25+8j),(-20+10j),(-21+8j),(-21+1j),(-17-2j),(-12-5j),(-6-8j),(-6-14j),(-10-13j),(-8-21j),0j,0j,0j,0j,0j,0j,0j,0j,0j,0j,0j,(19-35j),(22-32j),(21-38j),(21-41j),(20-42j),(19-34j),(19-35j),(19-30j),(18-27j),(11-35j),(12-21j),(16-11j),(15-7j),(15-1j),(17+0j),(13-2j),(15+8j),(16+7j),(10+12j),(11+5j),(18+11j),(15+0j),(16+11j),(12+0j),(6-2j),(7-1j)
(-126+32j),(8+0j),(-2+0j),(-1+5j),(6+15j),(9+8j),(7+5j),(7+12j),(12+12j),(13+13j),(8-1j),(16+7j),(31+2j),(22+2j),(22-8j),(17+0j),(22-8j),(16+2j),(19-10j),(14+4j),(19-3j),(10-2j),(11+3j),(9+3j),(1+8j),(-3+12j),(-4+15j),0j,0j,0j,0j,0j,0j,0j,0j,0j,0j,0j,(-30+22j),(-33+18j),(-28+17j),(-32+15j),(-35+18j),(-26+21j),(-34+24j),(-28+24j),(-25+23j),(-19+16j),(-23+12j),(-25+3j),(-15-4j),(-13+0j),(-11+1j),(-10-10j),(-6-17j),(-9-12j),(-7-14j),(-12-11j),(-11-10j),(-5-12j),(-9-16j),(-6-9j),(-8-2j),(-9-10j)
(98+32j),(6+0j),(7-1j),(1-2j),(4-5j),(5-16j),(2-8j),(6-12j),(1-13j),(5-11j),(-1-23j),-18j,(-5-18j),(-8-20j),(-3-18j),(-7-18j),(-8-18j),(-7-20j),(-5-13j),(-6-16j),(-2-16j),(1-7j),(5-8j),(2-9j),(4-6j),(7-10j),(12-6j),0j,0j,0j,0j,0j,0j,0j,0j,0j,0j,0j,(14+29j),(21+26j),(18+22j),(18+27j),(20+20j),(21+26j),(19+28j),(18+21j),(17+21j),(6+24j),(6+18j),20j,(3+12j),(-4+4j),(-6+9j),8j,(-3+10j),(-6+9j),(-9+7j),(-13+10j),(-3+9j),(-8+9j),(-4+7j),(-12+10j),(-1+8j),(-4+7j)
(-87-111j),(26+0j),(-4-1j),(-8+0j),(-9+5j),(-11+14j),(-3+10j),9j,(2+16j),(2+11j),(-1+15j),(5+19j),(4+22j),(12+16j),(14+15j),(11+17j),(18+15j),(14+16j),(16+10j),(9+11j),(5+12j),(3+12j),(-4+3j),(-1+6j),(-9+9j),(-6+10j),(-8+3j),0j,0j,0j,0j,0j,0j,0j,0j,0j,0j,0j,(-34-14j),(-36-15j),(-37-15j),(-32-14j),(-39-9j),(-32-13j),(-30-13j),(-31-16j),(-23-11j),(-23-10j),(-17-12j),(-14-12j),(-12-14j),(-13-18j),(-9-14j),(-4-19j),(-3-12j),(5-10j),(5-11j),(2-14j),(-1-17j),(2-14j),(-3-11j),(-1-9j),-4j,(1-12j)
(107-79j),(22+0j),(-11-12j),(-6-7j),(-30+7j),(-20-9j),(-26+1j),(-17+2j),(-30-1j),(-27+29j),(-23+18j),(-9+34j),(-4+25j),(-26+43j),(-12+25j),(3+33j),(-2+30j),(7+24j),32j,33j,(-16+22j),(-9+17j),(-12+7j),(-17+4j),(-23+6j),(-20-5j),(-14-4j),0j,0j,0j,0j,0j,0j,0j,0j,0j,0j,0j,(-4-62j),(11-68j),(-4-59j),(-5-75j),(1-62j),(-3-63j),(-3-60j),-63j,(-7-41j),(2-45j),(-1-35j),(3-34j),(14-30j),(17-16j),(17-18j),(11-9j),(22-21j),(20-11j),(26-5j),(26-15j),(30-8j),(22-23j),(12-13j),(7-3j),(16-26j),(5-21j)
(94-32j),(5+0j),(-7+17j),(-17+11j),(12+2j),(20+8j),(41+6j),(22+11j),(27-5j),(33-4j),(45-24j),(25-18j),(36-14j),(19-21j),(27-31j),(27-20j),(24-23j),(22-14j),(28-30j),(14-14j),(11-10j),(14-7j),(17-6j),(16+4j),(22+11j),(20+13j),(17+11j),0j,0j,0j,0j,0j,0j,0j,0j,0j,0j,0j,(-55+20j),(-72+22j),(-60+19j),(-53+22j),(-50+20j),(-61+19j),(-53+24j),(-55+17j),(-46+20j),(-38+23j),(-34+19j),(-35+10j),(-39+8j),(-28-4j),(-24-3j),(-26-16j),(-22-13j),(-18-18j),(-20-20j),(-8-14j),(-26-9j),(-21-20j),(-13-18j),(-31-12j),(-14-9j),(-13-1j)
(98+32j),(6+0j),(-5+11j),(-9+1j),(-2-8j),(-1-2j),(2-4j),(-9-17j),(7-1j),(-8-14j),(-3-10j),(-4-23j),(-6-21j),(-6-22j),(-9-30j),(3-20j),-24j,(1-25j),(9-30j),(14-25j),(15-27j),(12-25j),(18-11j),(8-10j),(12-8j),(17-8j),(18-1j),0j,0j,0j,0j,0j,0j,0j,0j,0j,0j,0j,(-1-9j),(-7-8j),(-14-8j),(-10-4j),(-4-5j),(-17-7j),(-16+3j),(-15+3j),(-20-1j),(-25+5j),(-31+6j),(-28+2j),(-18+15j),(-28+18j),(-33+26j),(-17+12j),(-31+16j),(-19+28j),(-23+20j),(-20+24j),(-19+18j),(-18+11j),(-16+20j),(-11+14j),(-6+22j),(-5+20j)
(94-32j),(5+0j),(-12-2j),(-8-1j),(-2-8j),(-7-7j),(-5-9j),(-7-8j),-12j,(-7-15j),(-4-13j),(-5-16j),(-6-16j),(-5-19j),(-4-19j),(-9-21j),(-9-16j),(-9-21j),(-7-17j),(-3-17j),(1-13j),(-1-13j),(2-11j),(3-8j),(6-5j),(6-6j),(14+3j),0j,0j,0j,0j,0j,0j,0j,0j,0j,0j,0j,(-22+28j),(-25+29j),(-21+32j),(-19+32j),(-21+39j),(-16+37j),(-11+33j),(-15+33j),(-12+33j),(-14+26j),(-8+25j),(-7+20j),(-10+12j),(-11+11j),(-7+6j),(-13+7j),(-11+3j),(-14-2j),(-17-2j),(-16-5j),(-16-8j),(-20+2j),(-19+1j),(-17+2j),(-14-3j),(-16+0j)
(94-32j),(5+0j),(-2-11j),(2-9j),-6j,(5-7j),(9-7j),(8-2j),(8-6j),(11-6j),(13-1j),(15-6j),(13-9j),(18-5j),(15-9j),(14-6j),(16-8j),(14-5j),(14-7j),(12-3j),(10+1j),(8-1j),(10+4j),(6+4j),(3+4j),9j,(3+11j),0j,0j,0j,0j,0j,0j,0j,0j,0j,0j,0j,(-27-21j),(-32-23j),(-30-20j),(-37-19j),(-34-19j),(-37-14j),(-38-18j),(-37-10j),(-34-10j),(-28-12j),(-25-12j),(-24-10j),(-13-10j),(-14-10j),(-11-14j),(-10-12j),(-2-18j),(-2-12j),(1-16j),(2-20j),(-2-13j),(2-18j),(2-15j),(5-17j),(-1-17j),(-3-16j)
(120-128j),(7+0j),(15-3j),(9-1j),(1-1j),(3-2j),(3+5j),(7+16j),(3+8j),(8+11j),(18+15j),(10+17j),(14+13j),(14+14j),(16+18j),(14+8j),(15+9j),(13+11j),(13+16j),(11+8j),(5+11j),(3+12j),(-3+10j),(-3+5j),(-1+13j),(-3+17j),(-10+9j),0j,0j,0j,0j,0j,0j,0j,0j,0j,0j,0j,(20-34j),(18-35j),(15-38j),(16-39j),(16-42j),(7-42j),(7-37j),(13-37j),(10-38j),(11-33j),(3-25j),(-1-27j),(10-21j),(10-13j),(15-13j),(9-4j),(14-1j),(13-4j),(14+5j),(10-2j),(10+0j),(19+4j),(20-1j),(10-3j),(9-7j),(13+1j)
(104-127j),(22+0j),(6-14j),(7-8j),(3-6j),(4-4j),(8-3j),(10-4j),(18-4j),(10-1j),(14-5j),(14+0j),(21-7j),(17-10j),(16-11j),(19-1j),(19-3j),(20-12j),(11-3j),(16-2j),(15-3j),(12+1j),(8+4j),(7+11j),(4+10j),(2+10j),(5+22j),0j,0j,0j,0j,0j,0j,0j,0j,0j,0j,0j,(-34-26j),(-36-22j),(-38-22j),(-44-24j),(-41-18j),(-39-19j),(-42-20j),(-39-14j),(-32-13j),(-28-13j),(-28-10j),(-23-11j),(-19-13j),(-18-11j),(-12-9j),(-10-13j),(-7-16j),(-6-15j),(5-18j),(-1-19j),(5-18j),(1-18j),(6-14j),(4-18j),(-1-18j),(-3-14j)
(-125+48j),(8+0j),(14+1j),(7+6j),(4+5j),(4+7j),(5+4j),(10+6j),(7+9j),(7+8j),(12+10j),(17+7j),(23+13j),(16+7j),(10+9j),(19+6j),(16+3j),(16+8j),(12+7j),(15+10j),(7+10j),(4+5j),(8+13j),(1+13j),(-1+12j),(-4+17j),(-6+14j),0j,0j,0j,0j,0j,0j,0j,0j,0j,0j,0j,(29-23j),(29-29j),(30-35j),(26-32j),(25-34j),(20-37j),(22-37j),(21-34j),(20-33j),(11-30j),(15-28j),(11-25j),(14-19j),(9-10j),(13-17j),(13-7j),(16-4j),(18+2j),(21-4j),(16+0j),(19-2j),(23+1j),(19-4j),(19+4j),(17-3j),(12-4j)
(124-63j),(23+0j),(-13-7j),(-8-6j),(-4-16j),(-2-15j),(-5-10j),(4-14j),(-4-17j),(1-20j),(1-17j),(-3-18j),(-6-20j),(-5-18j),(1-21j),(-1-25j),(-6-21j),(1-18j),(-2-16j),(-2-13j),(1-14j),(3-9j),(1-13j),(3-10j),(5-4j),(10-7j),(14-2j),0j,0j,0j,0j,0j,0j,0j,0j,0j,0j,0j,(-40+8j),(-42+11j),(-38+12j),(-41+14j),(-40+14j),(-39+21j),(-31+21j),(-32+17j),(-33+14j),(-31+13j),(-24+14j),(-21+13j),(-20+8j),(-21+7j),(-13+7j),(-17-2j),(-11-12j),(-10-8j),(-13-8j),(-18-12j),(-17-8j),(-13-11j),(-16-9j),(-11-13j),(-12-15j),(-11-11j)
(94-32j),(5+0j),(-2-10j),(1-10j),-7j,(5-9j),(4-5j),(13-7j),(15-14j),(16-11j),(11-10j),(12-12j),(19-6j),(14-8j),(13-12j),(12-12j),(10-16j),(16-14j),(10-9j),(10-12j),(13-8j),(8-9j),(4-2j),(1+4j),(7+0j),(10+3j),(7+10j),0j,0j,0j,0j,0j,0j,0j,0j,0j,0j,0j,(-32-22j),(-31-20j),(-39-17j),(-38-22j),(-35-14j),(-36-16j),(-42-16j),(-38-10j),(-28-7j),(-24-8j),(-23-12j),(-16-17j),(-18-3j),(-11-12j),(-4-7j),(-4-13j),(-2-15j),(-2-10j),(-2-17j),(-1-16j),(2-16j),(4-19j),(4-18j),(-1-22j),(-1-12j),(2-14j)
(94-32j),(5+0j),(10+4j),(10+5j),(-3+6j),(6-1j),(4+9j),(5+2j),(-1+10j),(-2+14j),(-7+10j),(-4+15j),(3+18j),(13+16j),(4+18j),(7+17j),(10+18j),(9+15j),(6+17j),(8+15j),(2+11j),(-3+17j),(-1+10j),(-3-1j),(-7+13j),(-14+10j),(-8+5j),0j,0j,0j,0j,0j,0j,0j,0j,0j,0j,0j,(31-21j),(32-21j),(33-25j),(33-30j),(24-27j),(22-34j),(15-25j),(25-28j),(17-21j),(13-18j),(13-25j),(21-14j),(15-10j),(5-10j),(12-3j),(4+1j),(9+3j),(15+8j),(13+0j),(20+6j),(13+6j),(17+3j),(12+2j),(11+0j),(16+2j),(18+9j)
(94-32j),(5+0j),(5+9j),(-1+11j),(-1+7j),(-4+6j),(-3+12j),(-3+7j),(-5+8j),(-5+15j),(-9+9j),(-9+12j),(-12+13j),(-9+15j),(-9+14j),(-7+17j),(-9+15j),(-6+15j),(-9+14j),(-10+16j),(-10+9j),(-6+9j),(-12+4j),(-9+0j),(-5-4j),(-8+1j),(-7-6j),0j,0j,0j,0j,0j,0j,0j,0j,0j,0j,0j,(35+1j),(42-1j),(39-5j),(36-8j),(41-1j),(37-7j),(37-11j),(35-8j),(29-10j),(26-9j),(22-4j),(19-6j),(20-3j),(15+1j),(16+1j),(10+2j),(6+7j),(6+12j),(10+15j),(3+13j),(6+17j),(8+15j),(9+13j),(3+18j),(7+19j),(5+15j)
(94-32j),(5+0j),(-13+5j),(-11+3j),(-8+4j),(-5+6j),(-5+2j),(-8+2j),(-16+7j),(-16-1j),(-11-1j),(-20+5j),(-20+0j),(-20+2j),(-24+8j),(-22+2j),(-26+4j),(-18+4j),(-19+1j),(-10+1j),(-9+0j),(-10-2j),(-8-3j),(-12-8j),(-5-6j),(-5-9j),(-3-16j),0j,0j,0j,0j,0j,0j,0j,0j,0j,0j,0j,(17+36j),(21+34j),(26+32j),(24+32j),(27+35j),(27+32j),(34+34j),(30+29j),(24+20j),(27+19j),(17+16j),(15+17j),(14+16j),(5+15j),(4+13j),(2+12j),(-1+18j),(-2+12j),(-13+15j),(-11+19j),(-12+19j),(-9+15j),(-3+19j),(-10+15j),(-7+11j),(-7+11j)
(98+32j),(6+0j),(1+1j),(-2-7j),(-3-2j),(-11-8j),(-6+3j),(-7+8j),(-9+3j),(-15-5j),(-14-7j),(-12-11j),(-21-4j),(-31-12j),(-27-11j),(-24-11j),(-23-8j),(-27-9j),(-20-18j),(-22-23j),(-20-15j),(-11-18j),(-4-24j),(6-18j),(-4-15j),(1-19j),(2-18j),0j,0j,0j,0j,0j,0j,0j,0j,0j,0j,0j,(-8+0j),(-12-8j),(-9+4j),(-10+6j),(-8-2j),(-11-1j),(-22+4j),(-16+7j),(-20+13j),(-12+19j),(-8+21j),(-9+18j),(-7+25j),(-14+18j),(-2+18j),(-8+27j),28j,(-4+24j),(11+24j),(2+27j),(10+26j),(6+23j),(15+17j),(13+25j),(-3+14j),(2+16j)
(98+32j),(6+0j),(4+2j),(8+10j),(-5-5j),(-5-9j),-9j,(-3-9j),(-6-13j),(-9-12j),(-8-16j),(-10-22j),(-12-21j),(-7-28j),(-9-25j),(-8-28j),(-2-27j),(-10-30j),(-1-33j),(1-32j),(3-31j),(11-22j),(16-17j),(10-16j),(13-17j),(18-6j),(12-2j),0j,0j,0j,0j,0j,0j,0j,0j,0j,0j,0j,(-2-13j),(-9-8j),(-7-3j),(-12-6j),(-10+4j),(-14+4j),(-19-2j),(-23+3j),(-24+6j),(-21+14j),(-20+9j),(-30+9j),(-32+11j),(-38+18j),(-29+12j),(-26+19j),(-15+15j),(-25+40j),(-16+18j),(-23+21j),(-12+19j),(-16+20j),(-8+27j),(-12+25j),(-5+17j),(-2+15j)
(94-32j),(5+0j),(-6+15j),(-6+8j),(-1+12j),(-7+11j),(-9+5j),(-11+6j),(-15+9j),(-13+3j),(-17+4j),(-20+5j),(-20+6j),(-21+7j),(-19+5j),(-20+9j),(-19+8j),(-19+10j),(-18+7j),(-22+2j),(-15+3j),(-13+1j),(-10-2j),(-9-6j),(-9-5j),(-8-15j),(-7-12j),0j,0j,0j,0j,0j,0j,0j,0j,0j,0j,0j,(20+29j),(19+28j),(19+33j),(27+26j),(27+28j),(28+22j),(27+24j),(24+14j),(26+18j),(20+16j),(17+11j),(15+11j),(10+12j),(3+11j),(-2+8j),(-4+10j),(-7+10j),(-8+13j),(-12+15j),(-8+16j),(-8+18j),(-10+16j),(-11+17j),(-6+23j),(-9+19j),(-6+16j)
(94-32j),(5+0j),(-11+13j),(-14+11j),(-9+0j),(-10+1j),(-8+0j),(-12-2j),(-10-1j),(-11-2j),(-13-1j),(-22-7j),(-18-6j),(-14+1j),(-18+4j),(-18-2j),(-15+1j),(-28-2j),(-13+1j),(-22-2j),(-19-4j),(-10-7j),(-9-6j),(-5+0j),(-12-5j),(-9-9j),(-6-12j),0j,0j,0j,0j,0j,0j,0j,0j,0j,0j,0j,(-24+30j),(-25+29j),(-22+31j),(-13+35j),(-12+32j),(-7+34j),(-7+30j),(-10+29j),(-5+27j),(-3+25j),(-3+22j),(3+15j),(-4+20j),(-5+16j),(-11+6j),(-9+11j),(-21+10j),(-16+5j),(-12+7j),(-15+11j),(-17+5j),(-14+6j),(-20+7j),(-17+2j),(-19+11j),(-20+9j)
(98+32j),(6+0j),(-3-1j),(-1+4j),(-2+0j),(5+3j),(-12+4j),(-3-11j),(-12-6j),(-14-8j),(-9-23j),(-17-8j),(-25-9j),(-23-12j),(-37-16j),(-17-13j),(-41-11j),(-24-19j),(-26-19j),(-25-15j),(-19-19j),(-12-29j),(-11-16j),(-22-19j),(-15-18j),(-10-20j),(8-31j),0j,0j,0j,0j,0j,0j,0j,0j,0j,0j,0j,(2-11j),(-10-5j),-4j,(-5-3j),(-6-4j),(-23-7j),(-21+9j),(-22+6j),(-25+9j),(-12+14j),(-21+15j),(-23+11j),(-29+15j),(-17+18j),(-17+51j),(-24+19j),(-14+20j),(-13+24j),(-13+32j),(-22+35j),(7+31j),(1+23j),(-3+35j),15j,(5+13j),(-2+23j)
(94-32j),(5+0j),(-2-11j),(6-15j),(3-14j),(6-13j),(7-10j),(5-8j),(4-6j),(10-6j),(13-12j),(7-12j),(14-13j),(12-12j),(16-14j),(13-12j),(18-14j),(11-15j),(11-9j),(10-10j),(10-10j),(9-7j),(10-4j),(10+1j),(7+4j),(10+5j),(8+10j),0j,0j,0j,0j,0j,0j,0j,0j,0j,0j,0j,(-30-29j),(-24-25j),(-31-30j),(-30-18j),(-35-22j),(-33-17j),(-34-16j),(-29-16j),(-28-16j),(-27-15j),(-17-10j),(-17-8j),(-12-12j),(-11-9j),(-5-7j),(-3-13j),(2-14j),(3-17j),(7-15j),(8-18j),(7-20j),(3-19j),(6-21j),(6-20j),(2-16j),(1-19j)
(98+32j),(6+0j),(-3-4j),(-2-4j),-8j,(1-9j),-3j,(7+3j),(12-12j),(18-5j),(8+4j),(15+1j),(17-9j),(22-8j),(27-8j),(19-11j),(21-11j),(24-6j),(28-7j),(23+5j),(21+11j),(23+9j),(15+6j),(12+14j),(7+13j),(11+18j),(3+11j),0j,0j,0j,0j,0j,0j,0j,0j,0j,0j,0j,(7-4j),(3-1j),(14-5j),(-5-3j),(2-7j),(12-12j),(7-14j),(1-11j),(3-16j),(-5-19j),(-2-18j),(-4-21j),(-10-26j),(-5-19j),(-8-28j),(-13-20j),(-17-22j),(-22-16j),(-9-24j),(-16-16j),(-14-16j),(-22-14j),(-21-15j),(-18-7j),(-10-7j),(-9-12j)
(120-128j),(7+0j),(7-1j),(5+3j),(2+7j),(-1+7j),(-9-3j),(1-1j),(1-3j),(-15-9j),(-6-22j),(-12-6j),(-12-18j),(-8-21j),(-17-22j),(-16-13j),(-7-22j),(-12-29j),(-7-23j),(1-28j),(1-27j),(2-24j),(3-15j),(2-16j),(5-16j),(12-15j),(9-11j),0j,0j,0j,0j,0j,0j,0j,0j,0j,0j,0j,(1-5j),(-2-3j),(-5-9j),(-2-3j),(-7-5j),(-16-1j),(-12+2j),(-7+2j),(-21-4j),(-20+1j),(-28+2j),(-22+13j),(-30+5j),(-22+10j),(-29+4j),(-29+4j),(-18+19j),(-15+11j),(-22+21j),(-27+11j),(-27+13j),(-10+17j),(-9+13j),(-5+17j),(-7+8j),(-8+15j)
(98+32j),(6+0j),(-6-3j),(-7+3j),(-1-2j),(4-12j),(-1-2j),(5+4j),(13-10j),(12-9j),(14-11j),(11-9j),(17-11j),(17-15j),(13-14j),(22-11j),(22-11j),(23-9j),(25-9j),(20-6j),(22-3j),(20+6j),(13+9j),(16+14j),(6+4j),(10+12j),(4+14j),0j,0j,0j,0j,0j,0j,0j,0j,0j,0j,0j,(9-1j),(3-4j),(-4-8j),(-9-5j),(-5-5j),(-8-11j),(-14-17j),(-7-8j),(-12-13j),(-10-11j),(-21-17j),(-16-8j),(-22-14j),(-25-15j),(-21-7j),(-25-11j),(-32-1j),(-29-4j),(-33-11j),(-26+1j),(-26-11j),(-17-3j),(-22-5j),(-22+5j),(-27+6j),(-12+0j)
(-98-32j),(9+0j),(-3-6j),(-5-2j),(6+2j),(1+3j),(-9+4j),(2+2j),(-6+3j),(-4+9j),(-2+18j),(-10+16j),(-11+20j),(-6+15j),(-12+23j),(-13+21j),(-17+20j),(-12+18j),(-23+20j),(-11+17j),(-16+15j),(-18+8j),(-12-2j),(-15+4j),(-17-5j),(-15-3j),(-13-1j),0j,0j,0j,0j,0j,0j,0j,0j,0j,0j,0j,(-4+8j),(5+5j),(1+10j),(11+3j),(6+7j),(10+5j),(12+2j),(19+11j),(13-6j),(19+6j),(20+3j),(30+1j),(26-1j),(24-5j),(27-12j),(28-7j),(32-14j),(32-7j),(26-16j),(29-15j),(21-13j),(19-9j),(25-10j),(20+6j),(9-17j),(14-11j)
(98+32j),(6+0j),(3-3j),(1-1j),(3+4j),(-10+2j),(-9+2j),(-19+3j),(-16+3j),(-5+4j),(-19+3j),(-19-2j),(-20+0j),(-25+1j),(-25+6j),(-28+7j),(-32+7j),(-30+0j),(-25+6j),(-31+6j),(-21-11j),(-14-12j),(-23-8j),(-17-12j),(-18-14j),(-15-14j),(-5-14j),0j,0j,0j,0j,0j,0j,0j,0j,0j,0j,0j,(-11+5j),(-7-1j),(-8+9j),(-7+6j),(-3+4j),(-7+16j),(-7+12j),(-4+13j),(-3+15j),(5+25j),21j,(11+22j),(9+28j),(6+34j),(6+21j),(15+38j),(7+27j),(11+30j),(20+18j),(17+22j),(21+25j),(23+16j),(18+21j),(22+8j),(30+17j),(15+7j)
(95-15j),(21+0j),(-7-7j),(-2+3j),(3-12j),(2-5j),(10+0j),(8+4j),(14+1j),(16+5j),(22+10j),(21+5j),(18+4j),(11+10j),(25+5j),(20+11j),(22+4j),(21+16j),(10+15j),(11+14j),(11+16j),(11+20j),(2+17j),(4+15j),(-2+18j),(-5+17j),(-7+15j),0j,0j,0j,0j,0j,0j,0j,0j,0j,0j,0j,(12+1j),(13-6j),(3-6j),(1-10j),(7-8j),(3-11j),(5-13j),(3-14j),(1-17j),(2-15j),(-3-21j),(-7-21j),(-3-29j),(-10-28j),(-6-25j),(-8-24j),(-8-25j),(-6-25j),(-17-30j),(-13-25j),(-14-27j),(-17-24j),(-16-15j),(-10-14j),(-11-14j),(-6-13j)
(-126+32j),(8+0j),(6-5j),-4j,-3j,3j,0j,(-2+12j),(1+9j),9j,(-2+13j),(-6+22j),(-3+17j),(-2+17j),(-4+22j),(-8+18j),(-8+21j),(-12+19j),(-8+19j),(-9+14j),(-18+18j),(-16+11j),(-17+10j),(-14+3j),(-17+3j),(-16+5j),(-21-5j),0j,0j,0j,0j,0j,0j,0j,0j,0j,0j,0j,(3+3j),(9+7j),(3+0j),(7+1j),(5-5j),(7-5j),(9-3j),(18-4j),(17-5j),(20-8j),(15-11j),(19-11j),(23-11j),(27-14j),(24-15j),(24-15j),(29-16j),(24-17j),(23-23j),(24-23j),(21-21j),(18-18j),(15-16j),(9-22j),(6-10j),(6-11j)
(-51-48j),(12+0j),(4+7j),(3+12j),(-7+5j),(-15-5j),(-4-7j),(-11-8j),(-16-7j),(-16-13j),(-13-6j),(-21-6j),(-23-7j),(-24-10j),(-21-14j),(-21-14j),(-24-18j),(-25-10j),(-21-18j),(-18-24j),(-14-16j),(-10-23j),(-10-21j),(-2-19j),(-5-15j),(1-14j),(8-16j),0j,0j,0j,0j,0j,0j,0j,0j,0j,0j,0j,(-10-3j),(-12-3j),(-13+2j),(-8+3j),(-5+4j),(-14+8j),(-10+11j),(-15+12j),(-15+18j),(-12+24j),(-10+26j),(-8+24j),(-5+29j),(-8+25j),(-12+31j),32j,(-1+30j),(2+34j),28j,(3+28j),(2+26j),(12+27j),(7+17j),(8+20j),(9+22j),(2+16j)
(94-32j),(5+0j),(7+3j),(10+4j),(8+4j),(7+9j),(10+5j),(14+5j),(14+6j),(4+12j),(6+8j),(7+23j),(11+8j),(13+22j),(9+15j),(22+20j),(18+7j),(20+17j),(-3+19j),(3+23j),(11+17j),(2-3j),(-6-4j),(-3+1j),(-16-5j),(-9-1j),(-22-11j),0j,0j,0j,0j,0j,0j,0j,0j,0j,0j,0j,(-16-40j),(-15-38j),(-16-37j),(-23-37j),(-27-42j),(-22-42j),(-15-37j),(-24-39j),(-16-31j),(-8-30j),(-15-16j),(4-31j),(-11-14j),(10-11j),(1-17j),(2+2j),(8+2j),(2+5j),(11-17j),(17+4j),(6-4j),(26+15j),(24+0j),(15-6j),(21-4j),(20+0j)
(120-128j),(7+0j),(5+16j),(7+10j),(-1+17j),(2+9j),(-3+11j),(-5+12j),(-6+12j),(-1+17j),(-6+20j),(-2+17j),(-1+20j),(1+22j),(-3+20j),(-2+17j),19j,(1+21j),(-3+16j),(-2+14j),(-5+10j),(-5+6j),(-7+3j),(-3-3j),(-5+1j),(-13-12j),(-12-10j),0j,0j,0j,0j,0j,0j,0j,0j,0j,0j,0j,(36-16j),(37-22j),(33-23j),(32-25j),(31-27j),(29-26j),(27-27j),(23-25j),(23-25j),(25-20j),(19-20j),(22-11j),(13-11j),(17-8j),(10-3j),(10+2j),(10+3j),(9+9j),(4+7j),(6+13j),(9+12j),(5+15j),(7+15j),(8+11j),(9+15j),(10+14j)
(-98-32j),(9+0j),(14+5j),(18+8j),(15+0j),(11+6j),(9+10j),(10+6j),(10+15j),(8+11j),(15+8j),(11+4j),(23+6j),(19+9j),(18+9j),(19+10j),(16+10j),(15+6j),(13+4j),(7+6j),(9-1j),(4+7j),(-4+7j),(-6+4j),(-10+2j),(-18+6j),(-23+7j),0j,0j,0j,0j,0j,0j,0j,0j,0j,0j,0j,(-5-40j),(-6-41j),(-8-40j),(-11-45j),(-11-41j),(-15-36j),(-16-33j),(-18-35j),(-14-31j),(-9-26j),(-9-19j),(-16-19j),(-9-15j),(-7-11j),(1-14j),(1-5j),(6-7j),(12-8j),(6-6j),(9+5j),(20+1j),(13-2j),(12-2j),(18+2j),(13-4j),(16+4j)
(22+97j),(17+0j),(2-15j),(4-13j),(2-10j),(5-8j),(13-14j),(6-14j),(7-22j),(2-20j),(-1-18j),-18j,(2-30j),(3-27j),(-1-31j),(6-27j),(8-20j),(1-20j),(1-16j),(2-16j),(-5-13j),-8j,-7j,(3+0j),(9+6j),(10+0j),(22+15j),0j,0j,0j,0j,0j,0j,0j,0j,0j,0j,0j,(-45-5j),(-44-4j),(-49+1j),(-43-1j),(-47+0j),(-41+3j),(-46+0j),(-39+13j),(-37+2j),(-37+1j),(-39+2j),(-24-1j),(-22+2j),(-14-4j),(-15+1j),(-5-9j),(-9-10j),(-3-5j),(-11-14j),(-4-16j),(-2-12j),(-5-23j),(-1-13j),(-7-20j),(-4-10j),(-2-12j)
(2+33j),(16+0j),(-8-8j),(-6-6j),(-7-13j),(-5-12j),(1-9j),(-5-16j),-16j,(3-17j),(-5-14j),(-6-18j),(-7-17j),(-3-18j),(-8-18j),(-9-15j),(-5-18j),(-2-19j),(-5-16j),-16j,(-4-14j),(4-9j),-8j,(3+0j),(8+0j),(16+3j),(12+9j),0j,0j,0j,0j,0j,0j,0j,0j,0j,0j,0j,(-30+18j),(-33+16j),(-30+17j),(-29+23j),(-26+25j),(-31+23j),(-27+23j),(-24+25j),(-19+22j),(-20+21j),(-13+16j),(-9+11j),(-10+9j),(-8+8j),(-12+6j),(-5+2j),(-8-5j),(-15-7j),(-4-6j),(-8-10j),-13j,(-5-9j),(-8-18j),(-12-7j),(-12-11j),(-8-11j)
(94-32j),(5+0j),(-8+7j),(-7+3j),8j,(-14-5j),(-19-1j),(-25+10j),(-22+4j),(-28+12j),(-25-4j),(-27+5j),(-27+3j),(-33+7j),(-29+14j),(-30+9j),(-30+4j),(-20+5j),(-21+8j),(-14+3j),(-12+4j),(-8-4j),(-2-2j),(-3-6j),(6-8j),(7-17j),(11-15j),0j,0j,0j,0j,0j,0j,0j,0j,0j,0j,0j,(40+20j),(46+23j),(46+19j),(44+20j),(49+19j),(42+21j),(46+20j),(46+14j),(39+13j),(38+9j),(37+12j),(25+7j),(18+9j),(11+7j),(3+10j),(6+8j),(1+11j),(-1+18j),(-6+14j),(-9+12j),(-12+10j),(-5+19j),(-7+14j),(-5+20j),(-7+18j),(-10+9j)
(127-16j),(7+0j),(-18-20j),(-21-12j),(-28-22j),(-22-24j),(-19-33j),(3-18j),(-14-32j),(-22-36j),(-20-41j),(-11-31j),(-15-32j),(-26-39j),(-17-30j),(-20-32j),(-18-31j),(-21-41j),(-22-24j),(-7-22j),(-5-12j),-16j,(10-8j),(7-6j),(19-1j),(21+3j),(32+9j),0j,0j,0j,0j,0j,0j,0j,0j,0j,0j,0j,(-40+60j),(-35+59j),(-39+66j),(-34+71j),(-25+70j),(-29+67j),(-21+68j),(-19+68j),(-15+57j),(-11+59j),(-9+45j),(-12+33j),(-9+30j),(-16+13j),(-12+11j),(-10+17j),(-13+11j),(-21-6j),(-22-4j),(-29-4j),(-21-21j),(-25-18j),(-36-6j),(-22-11j),(-19-19j),(-26-17j)
(-18-32j),(14+0j),(12-31j),(-2-24j),(9-22j),(21-22j),(19-15j),(29-6j),(32-21j),(25-23j),(31-23j),(41-24j),(40-29j),(40-19j),(32-23j),(33-22j),(35-28j),(33-23j),(29-12j),(25-4j),(20-11j),(16-4j),(9-1j),9j,(5+20j),(-5+16j),(-1+27j),0j,0j,0j,0j,0j,0j,0j,0j,0j,0j,0j,(-74+4j),(-73-1j),(-77+2j),(-82+9j),(-80+11j),(-78+6j),(-76+17j),(-80+18j),(-64+13j),(-58+9j),(-49+16j),(-38+2j),(-33+6j),(-16+0j),(-18-4j),(-7-10j),(-12-18j),(-9-21j),(-2-24j),(15-19j),(10-35j),(6-28j),(9-20j),(-2-32j),(-12-28j),-25j
(2+33j),(16+0j),(8-27j),(2-35j),(23-22j),(2-27j),(15-15j),(19-34j),(14-17j),(16-11j),(26-23j),(39-29j),(38-30j),(35-43j),(32-21j),(27-25j),(30-27j),(27-25j),(23-30j),(26-16j),(27-18j),(8-2j),(11+7j),(3+18j),18j,(-2+31j),(8+24j),0j,0j,0j,0j,0j,0j,0j,0j,0j,0j,0j,(-69-22j),(-70-34j),(-68-27j),(-80-23j),(-69-19j),(-71-12j),(-73-11j),(-74-12j),(-63-14j),(-58-17j),(-50-6j),(-42-11j),(-22-10j),(-18-13j),(-15-20j),(-10-19j),(-9-25j),(-12-25j),(11-18j),(16-36j),(4-16j),(22-30j),(21-30j),(12-43j),(12-39j),(4-35j)
(94-32j),(5+0j),(-32-11j),(-25-16j),(-7-19j),(-17-17j),(-25-18j),(-39-16j),(-25-18j),(-36-35j),(-26-25j),(-31-27j),(-45-21j),(-45-24j),(-41-21j),(-39-33j),(-28-19j),(-33-13j),(-27-20j),(-24-16j),(-12-17j),(-4-13j),(4-14j),(8-15j),(12-17j),(22-12j),(24-19j),0j,0j,0j,0j,0j,0j,0j,0j,0j,0j,0j,(-42+55j),(-47+63j),(-44+66j),(-32+63j),(-27+68j),(-27+63j),(-15+68j),(-25+67j),(-11+58j),(-12+52j),(-16+52j),(-11+43j),(-10+32j),(-7+18j),(-15+27j),(-22+9j),(-21+2j),(-23-2j),(-23-9j),(-17-11j),(-33-12j),(-32-9j),(-19-14j),(-31-3j),(-30-14j),(-30-12j)
(-2-32j),(15+0j),(-2+7j),(-1+5j),(-4-1j),(6+0j),(-10-12j),(-10-16j),(-10-11j),(-12-3j),(-9-19j),(-12-10j),(-12-13j),(-19-13j),(-19-14j),(-22-19j),(-20-17j),(-19-17j),(-12-20j),(-4-18j),(-7-20j),(-10-25j),(-8-21j),-13j,(5-14j),(6-15j),(12-8j),0j,0j,0j,0j,0j,0j,0j,0j,0j,0j,0j,(-8-6j),(-9-4j),(-11+2j),(-7+2j),(-9+10j),(-15+12j),(-16+7j),(-7+7j),(-8+16j),(-18+15j),(-6+13j),(-21+18j),(-13+26j),(-17+22j),(-16+31j),(-15+30j),(-10+22j),(-9+21j),(-8+29j),24j,(1+20j),(1+22j),(-1+27j),(2+20j),22j,(-6+1j)
(65+18j),(36+0j),(3-7j),(7-4j),(7-5j),(10-1j),(8+0j),(10+2j),(11+1j),(8+4j),(12+5j),(10+2j),(13+6j),(13+4j),(11+3j),(12+4j),(13+7j),(7+5j),(11+3j),(9+4j),(6+3j),(6+1j),(-1+3j),(-7+3j),(-3-1j),(-10+2j),(-12+3j),0j,0j,0j,0j,0j,0j,0j,0j,0j,0j,0j,(-16-35j),(-18-33j),(-18-34j),(-20-33j),(-20-34j),(-21-31j),(-20-25j),(-20-27j),(-20-28j),(-15-21j),(-11-18j),(-9-19j),(-9-18j),(-1-5j),(3-13j),(2-10j),(3-6j),(10-7j),(8-11j),(14-8j),(12-8j),(15-7j),(9-9j),(11-10j),(5-12j),(6-6j)
(94-32j),(5+0j),-14j,(1-6j),(4-1j),(-2-9j),(2-6j),(6-9j),(9-14j),(8-13j),(8-10j),(1-16j),(7-14j),(11-18j),(13-14j),(6-21j),(10-19j),(7-13j),(7-16j),(2-10j),(1-9j),(3-9j),(6+1j),(8-1j),(-1+6j),(4+6j),(7+12j),0j,0j,0j,0j,0j,0j,0j,0j,0j,0j,0j,(-43-7j),(-41-4j),(-44-2j),(-44-1j),(-40+1j),(-33+2j),(-34+2j),(-32-2j),(-29+6j),(-26+4j),(-24+3j),(-21-2j),(-19-4j),(-18-7j),(-12-6j),(-6-15j),(-8-13j),(-6-14j),(-3-15j),(-3-12j),(-7-15j),-15j,(-7-17j),(-4-12j),(-12-21j),(-8-16j)
(-2-32j),(15+0j),(9-6j),(9-7j),(8-3j),(8-3j),(10-10j),(10+1j),(14+3j),(16-1j),(17+3j),(20+2j),(20+9j),(18-2j),(18+3j),(18+2j),(18-1j),(14+2j),(16-2j),(15+0j),(8+1j),(5+5j),(2+5j),(1+7j),7j,(-9+5j),(-11+10j),0j,0j,0j,0j,0j,0j,0j,0j,0j,0j,0j,(-14-37j),(-21-37j),(-20-39j),(-21-37j),(-23-31j),(-24-35j),(-23-34j),(-22-23j),(-20-25j),(-19-23j),(-10-19j),(-9-21j),(-12-18j),(-3-14j),-9j,(1-10j),(4-12j),(8-10j),(10-15j),(8-12j),(18-11j),(14-11j),(12-13j),(8-17j),(8-12j),(12-8j)
(-126+32j),(8+0j),(7+5j),(6+7j),4j,10j,(-5+5j),(-2+8j),(-7+8j),(1+14j),(-6+17j),(-8+16j),(-10+19j),18j,(-1+19j),(-1+16j),(-4+18j),(-2+18j),(-1+15j),(-2+12j),(-4+7j),(-4+12j),(-5+2j),(-7+2j),(-4-5j),(-11-14j),(-7-10j),0j,0j,0j,0j,0j,0j,0j,0j,0j,0j,0j,(36-24j),(33-29j),(30-25j),(31-27j),(29-28j),(25-30j),(31-25j),(18-32j),(22-25j),(26-17j),(23-15j),(6-21j),(8-6j),(17-6j),(10-5j),(5+2j),(8+6j),(15+13j),(6+11j),(7+6j),(9+3j),(12+9j),(17+8j),(10+14j),(9+3j),(10+18j)
(-40-127j),(29+0j),(-2-8j),(2-7j),(1-12j),(4-6j),(5-10j),(8-14j),(11-5j),(11-4j),(11-6j),(14-13j),(13-9j),(12-10j),(14-7j),(18-14j),(11-10j),(13-8j),(8-7j),(9-11j),(6-5j),(8-6j),(7+0j),(5+7j),(5+13j),(2+11j),(3+12j),0j,0j,0j,0j,0j,0j,0j,0j,0j,0j,0j,(-29-19j),(-30-21j),(-31-18j),(-37-20j),(-32-17j),(-34-10j),(-38-18j),(-34-15j),(-28-5j),(-19-5j),(-19-8j),(-13-10j),(-15-7j),(-7-5j),(-6-11j),(-1-11j),(-2-16j),(-1-13j),(2-16j),(1-15j),-17j,(4-15j),(3-17j),(5-15j),(2-11j),(-1-14j)
(-20-63j),(30+0j),(7+8j),(-5+5j),(1+14j),(-10+11j),(-8+7j),12j,(-8+10j),(-10+12j),(-12+12j),(-11+14j),(-18+9j),(-13+13j),(-10+18j),(-12+14j),(-12+11j),(-10+16j),(-11+11j),(-9+6j),(-10+4j),(-7+4j),(-9-2j),(-3-6j),(-4-7j),(-6-9j),(-6-16j),0j,0j,0j,0j,0j,0j,0j,0j,0j,0j,0j,(40+13j),(39+5j),(42+11j),(40+7j),(40+4j),(39+8j),(37+1j),(36-4j),(36-3j),(33+3j),(30+1j),(19+1j),(18+6j),(14+1j),(8+2j),(11+5j),(6+10j),(4+10j),(6+16j),(4+12j),(-2+14j),(2+19j),(2+15j),(4+18j),18j,(5+11j)
(-126+32j),(8+0j),(-10+5j),(-6+3j),(-11+5j),(-9-6j),(-9+0j),(-10-4j),(-14-16j),(-12-1j),(-18-3j),(-15-6j),(-18-9j),(-25-2j),(-22-6j),(-20-1j),(-21-8j),(-16-5j),(-22-6j),(-15-8j),(-12-7j),(-5-6j),(-1-7j),(-2-6j),(4-6j),(4-7j),(7-7j),0j,0j,0j,0j,0j,0j,0j,0j,0j,0j,0j,(24+34j),(23+36j),(23+33j),(27+36j),(27+30j),(27+28j),(31+21j),(24+23j),(19+18j),(23+17j),(15+20j),(16+18j),(9+17j),(2+11j),(4+13j),(1+7j),(-8+10j),(-12+10j),(-18+19j),(-3+13j),(-9+12j),(-15+12j),(-9+13j),(-7+13j),(-8+11j),(-2+14j)
(-2-32j),(15+0j),(13+9j),(3+4j),(10+4j),(8+10j),(2+5j),(3+6j),(2+8j),(1+15j),19j,(2+17j),(3+19j),(6+18j),(4+21j),(6+18j),(6+21j),(4+17j),(1+13j),(4+11j),(1+8j),(-2+10j),(-5+3j),(-6+5j),(-4+2j),(-16-5j),(-16-6j),0j,0j,0j,0j,0j,0j,0j,0j,0j,0j,0j,(29-24j),(34-26j),(30-27j),(29-31j),(24-33j),(20-35j),(22-34j),(23-31j),(19-28j),(16-20j),(12-21j),(15-20j),(10-10j),(11-7j),(14-4j),(14+0j),(7+1j),(11-3j),(9+3j),(10+7j),(10+5j),(15+7j),(19+10j),(13+1j),(15+3j),(11+2j)
(94-32j),(5+0j),(-3+13j),(-7+13j),(-6+6j),(-8+7j),(-5+5j),(-15+6j),(-16+6j),(-10+2j),(-21+4j),(-17+2j),(-22+11j),(-22+8j),(-19+12j),(-20+4j),(-14+8j),(-11+10j),(-15+11j),(-11+6j),(-12+5j),(-7-2j),(-9-6j),(-3-8j),(2-2j),(-6-14j),-11j,0j,0j,0j,0j,0j,0j,0j,0j,0j,0j,0j,(23+31j),(21+37j),(34+32j),(31+32j),(32+34j),(32+30j),(35+36j),(32+30j),(30+25j),(25+24j),(22+18j),(19+22j),(9+13j),(7+18j),(2+12j),(5+13j),(2+13j),(-3+15j),(-13+13j),(-13+21j),(-8+16j),(-8+20j),(-4+19j),(-13+25j),(-8+23j),(1+14j)
(-122+96j),(8+0j),(-9+4j),(-8+3j),(-7+2j),(-9+2j),(-8-2j),(-9-5j),(-11-4j),(-19-5j),(-15-12j),(-17-5j),(-13-8j),(-22-6j),(-19-9j),(-22-10j),(-20-8j),(-12-5j),(-12-6j),(-17-2j),(-8-6j),(-6-3j),-7j,(-2-3j),(1-4j),(9-3j),(9-10j),0j,0j,0j,0j,0j,0j,0j,0j,0j,0j,0j,(5+33j),(6+37j),(10+34j),(14+35j),(13+33j),(16+32j),(12+28j),(13+28j),(11+25j),(11+25j),(9+16j),(3+20j),(6+14j),12j,(-5+10j),(-8+8j),(-6+10j),(-11+10j),(-9+14j),(-11+8j),(-15+9j),(-17+4j),(-13+6j),(-10+8j),(-16+8j),(-11+8j)
(-2-32j),(15+0j),(5+6j),(3+11j),(2+13j),(3+10j),(-3+9j),(-1+13j),(-4+10j),(2+15j),(4+20j),(-1+19j),(2+15j),22j,(2+23j),(2+23j),17j,(2+15j),(1+17j),(5+8j),(-4+6j),(3+4j),(-4+7j),(-8+3j),(-11-7j),(-14-3j),(-15-9j),0j,0j,0j,0j,0j,0j,0j,0j,0j,0j,0j,(37-19j),(40-19j),(34-25j),(31-24j),(29-25j),(32-21j),(28-30j),(26-26j),(26-20j),(23-25j),(21-18j),(15-14j),(18-14j),(11-8j),(10-2j),(4+2j),(7+4j),(16+3j),(8+7j),(15+7j),(17+10j),(17+10j),(16+13j),(9+7j),(13+7j),(15+11j)
(-2-32j),(15+0j),(-19-1j),(-2+2j),(4-8j),(3-5j),(6+4j),(9+6j),(12-12j),(14-16j),(4-13j),(8-14j),(13-12j),(16+5j),(15-11j),(16-7j),(23-11j),(7+2j),(10-1j),(20-2j),(21-1j),(12-1j),(20+13j),(13+12j),(9+10j),(9+12j),(10+12j),0j,0j,0j,0j,0j,0j,0j,0j,0j,0j,0j,(8-10j),(3+0j),(1-6j),(2-11j),(-9+2j),(-17-8j),(-17-20j),(-20-5j),(-16-10j),(-17-13j),(-24-6j),(-17-15j),(-25-7j),(-26-4j),(-19+0j),(-23-5j),(-21-9j),(-23-1j),(-22+1j),(-24+4j),(-27-6j),(-21-3j),(-26+2j),(-19+0j),(-18-8j),(-16+8j)
(-2-32j),(15+0j),(4-9j),(8-5j),(4-5j),(7-8j),(9-4j),(11-3j),(13-8j),(12-8j),(11-14j),(13-10j),(20-14j),(15-13j),(12-15j),(11-12j),(11-10j),(8-12j),(10-9j),(4-1j),(10-3j),(8-2j),(3+6j),(4+11j),(3+12j),(3+18j),(3+27j),0j,0j,0j,0j,0j,0j,0j,0j,0j,0j,0j,(-40-23j),(-41-21j),(-44-23j),(-41-16j),(-42-13j),(-40-13j),(-42-13j),(-41-12j),(-33-12j),(-34-9j),(-26-10j),(-22-13j),(-13-6j),(-13-8j),(-13-12j),(-6-16j),(-5-13j),(-5-14j),(-9-12j),(1-15j),(3-16j),(-3-12j),(-7-16j),(-6-13j),(2-9j),(-3-10j)
(120-128j),(7+0j),(2+1j),(6+4j),(3+10j),(5+0j),(1+7j),(8+12j),(5+14j),(3+13j),(-2+17j),(3+21j),(3+19j),(10+14j),(11+16j),(9+15j),(10+13j),(8+14j),(6+17j),10j,(-5+7j),(-8+4j),(-8+8j),(-5-4j),(-16+0j),(-24-2j),(-26-5j),0j,0j,0j,0j,0j,0j,0j,0j,0j,0j,0j,(32-32j),(32-35j),(29-34j),(25-35j),(30-34j),(26-40j),(27-38j),(26-33j),(21-33j),(20-31j),(14-26j),(13-22j),(13-14j),(7-11j),(12-13j),(10-8j),(17-5j),(12+3j),(17+2j),(16+3j),(16-3j),(11+1j),(15+4j),(10+4j),(10+2j),(7-3j)
(2+33j),(16+0j),-8j,(5-1j),(1+2j),(11+2j),(7-2j),(9+3j),(14+2j),(20+9j),(10+9j),(19-5j),(22-1j),(20-2j),(20-6j),(22-4j),(21-2j),(10-3j),(14+3j),(5-2j),(5+5j),4j,(-1+8j),(-10+16j),(-9+13j),(-13+6j),(-16+21j),0j,0j,0j,0j,0j,0j,0j,0j,0j,0j,0j,(-23-41j),(-21-36j),(-26-41j),(-24-33j),(-29-36j),(-28-34j),(-27-34j),(-25-27j),(-20-31j),(-27-29j),(-21-23j),(-14-22j),(-6-14j),(-5-18j),-14j,-14j,(4-12j),(4-11j),(4-15j),(9-10j),(10-15j),(1-13j),(3-4j),(5-8j),(1-9j),(6-7j)
(22+97j),(17+0j),(-2-2j),(-5-8j),(3-7j),(2-7j),-8j,(1-12j),(2-12j),-13j,(-1-15j),(-1-16j),(-5-21j),(-3-18j),(-3-20j),(-2-19j),(-2-16j),(-7-15j),(-1-12j),(-3-10j),(2-6j),(4-7j),(6-4j),(12+2j),(15+4j),(13+3j),(18+9j),0j,0j,0j,0j,0j,0j,0j,0j,0j,0j,0j,(-38+11j),(-39+9j),(-37+15j),(-34+18j),(-39+18j),(-35+16j),(-37+16j),(-29+14j),(-30+15j),(-27+17j),(-20+12j),(-22+8j),(-19+8j),(-12+6j),(-12-2j),(-14-2j),(-14-4j),(-14-6j),(-9-7j),(-13-5j),(-11-10j),(-14-7j),(-10-6j),(-11-9j),(-12-5j),(-8-7j)
(-2-32j),(15+0j),(-6-1j),(-7-5j),(-3-8j),(-2-4j),(-6-4j),(-4-14j),(-11-6j),(-7-11j),(-6-18j),(-7-10j),(-12-12j),(-12-18j),(-14-14j),(-10-12j),(-11-20j),(-13-11j),(-5-8j),(-4-9j),(-7-9j),-4j,-6j,(8-10j),(12-11j),(13-11j),(11-8j),0j,0j,0j,0j,0j,0j,0j,0j,0j,0j,0j,(-33+27j),(-31+23j),(-27+29j),(-26+25j),(-24+30j),(-21+28j),(-20+27j),(-25+28j),(-22+27j),(-16+27j),(-14+21j),(-19+16j),(-12+9j),(-11+11j),(-16+9j),(-8+9j),(-15+1j),(-12+1j),(-10+4j),(-12-8j),(-16-2j),(-20-5j),(-14-1j),(-11-6j),(-8-3j),(-13-2j)
(98+32j),(6+0j),(2+7j),(-13+7j),(-3+5j),(-3-7j),0j,(11-11j),(-6-12j),(8+1j),(9-18j),(12-23j),-16j,(7-26j),(17-29j),(17-29j),(12-26j),(15-17j),(19-20j),(18-18j),(28-13j),(18-9j),(27-12j),(11+0j),(23+4j),(23-2j),(23+11j),0j,0j,0j,0j,0j,0j,0j,0j,0j,0j,0j,(-13-10j),(-15-4j),(-8+0j),(-15-4j),(-17+2j),(-18+1j),(-14-1j),(-15+5j),(-29-2j),(-26+14j),(-30+6j),(-27+10j),(-22+17j),(-36+22j),(-23+15j),(-33+23j),(-29+18j),(-32+20j),(-29+16j),(-29+27j),(-31+9j),(-23+22j),(-22+18j),(-28+19j),(-28+19j),(-13+14j)
(-2-32j),(15+0j),(-2+1j),(-2+4j),(-7+6j),-7j,(1-12j),(2-11j),(13-2j),(7-1j),(11-6j),(14-5j),(13-8j),(10-8j),(24-10j),(23-5j),(18-2j),(18+6j),(25-3j),(19+0j),(21+5j),(19+9j),(19+13j),(20+6j),(8+7j),(12+14j),(9+20j),0j,0j,0j,0j,0j,0j,0j,0j,0j,0j,0j,(6-1j),(5-4j),(10-6j),(6-1j),(8-5j),(1-16j),(-4-11j),(-5-15j),(-1-14j),(-4-18j),(-8-21j),(-11-23j),(-10-22j),(-17-16j),(-13-29j),(-14-23j),(-26-19j),(-13-21j),(-22-18j),(-22-23j),(-27-17j),(-22-17j),(-18-18j),(-17-12j),(-13-1j),(-17-7j)
(-125+48j),(8+0j),(3-11j),(-3-3j),(-5-14j),(6-2j),(14+3j),(15+2j),(13+6j),(10+3j),(11+12j),(11+10j),(17+8j),(19+10j),(22+11j),(21+19j),(25+16j),(16+23j),(21+19j),(21+15j),(14+22j),(15+17j),(7+18j),(8+16j),(1+19j),(-11+21j),(-1+15j),0j,0j,0j,0j,0j,0j,0j,0j,0j,0j,0j,(7+5j),(1+1j),(1+1j),(4+2j),(8-5j),(9-1j),(16-8j),(14-5j),(16-15j),(24-17j),(22-14j),(13-16j),(11-11j),(14-28j),(19-24j),(14-30j),(5-20j),-36j,(-10-29j),(1-22j),(3-43j),(2-24j),(1-27j),(-1-30j),(-2-26j),(1-17j)
(-34-32j),(13+0j),(-3-1j),(-6+6j),(-2-1j),(-3-2j),(2-8j),(-3-5j),-12j,(-5-13j),(-7-23j),(1-16j),-20j,(-4-19j),(-2-20j),(10-28j),(22-22j),(11-33j),(7-27j),(7-26j),(14-21j),(17-19j),(10-17j),(15-21j),(22-15j),(18-9j),(22-3j),0j,0j,0j,0j,0j,0j,0j,0j,0j,0j,0j,-11j,(-2-10j),(-3-13j),(-5-8j),(-15-9j),(-20-6j),(-10-4j),(-17+2j),(-23+3j),(-16+6j),(-27+8j),(-24+10j),(-25+5j),(-27+14j),(-28+11j),(-23+10j),(-26+15j),(-25+15j),(-27+18j),(-26+22j),(-23+19j),(-17+19j),(-20+15j),(-13+17j),(-12+18j),(-8+12j)
(-14+32j),(15+0j),(7-6j),(4-10j),(9-2j),(11+2j),(6+13j),(3+10j),(10+15j),(5+8j),(7+24j),(8+15j),(9+17j),(10+20j),(14+22j),(15+45j),(4+31j),(10+25j),(8+30j),(1+27j),(1+24j),27j,(-7+29j),(-7+10j),(-6+15j),(-13+16j),(-12+14j),0j,0j,0j,0j,0j,0j,0j,0j,0j,0j,0j,(-4+9j),(-3+8j),(4+9j),(6+9j),(12+5j),(9+3j),(10+6j),(14+6j),(22+6j),(24-4j),(24-3j),(25-2j),(20-3j),(22-11j),(22-20j),(19-13j),(27-24j),(23-21j),(21-23j),(16-19j),(12-25j),(21-21j),(17-23j),(14-17j),(4-17j),(2-18j)
(-65-15j),(27+0j),(2+4j),(-6-3j),(-4+2j),(-3+2j),(-9-6j),(-10-6j),(-3-13j),(-11+0j),(-8-13j),(-17-9j),(-17-7j),(-12-9j),(-17-18j),(-20-9j),(-20-17j),(-15-19j),(-18-14j),(-16-30j),(-10-21j),(-9-21j),(-6-17j),(-2-22j),(4-18j),(4-19j),-17j,0j,0j,0j,0j,0j,0j,0j,0j,0j,0j,0j,(-14+1j),(-12+3j),(-4+6j),(-10+3j),(-5+4j),(-6+6j),(-5+14j),(-9+17j),(2+13j),(-5+16j),(-4+21j),(3+22j),(-3+25j),(5+37j),(5+28j),25j,(9+38j),(8+26j),(10+20j),(2+20j),(18+18j),(7+26j),(8+25j),(1+21j),(8+16j),(8+16j)
(-45+49j),(29+0j),(5-14j),(9-5j),(-6-4j),(1-2j),(13+2j),(5+8j),(19+4j),(11+8j),(7+8j),(8+9j),(20+15j),(19+14j),(17+12j),(18+14j),(14+17j),(18+12j),(21+19j),(12+21j),(9+18j),(6+15j),(6+20j),(2+19j),(-1+16j),18j,(-7+7j),0j,0j,0j,0j,0j,0j,0j,0j,0j,0j,0j,(9+6j),(6+6j),(6+10j),(12+4j),(6-5j),(10+2j),(11-9j),(14-3j),(9-10j),(11-14j),(11-13j),(8-16j),(20-22j),(10-23j),(19-14j),(6-29j),(13-34j),(-2-30j),(3-27j),(8-35j),-18j,(-2-23j),(5-22j),-19j,-19j,(-6-15j)
(-1-16j),(15+0j),(-16-1j),(-3+6j),(3+1j),(3-1j),(1-7j),(7-13j),(3-4j),(-9-14j),(-1-25j),(-6-23j),(-9-25j),(6-27j),(-3-32j),(-3-26j),(2-36j),(1-36j),(-5-35j),(12-27j),(2-22j),(14-24j),(17-15j),(17-13j),(22-8j),(22-1j),(24-3j),0j,0j,0j,0j,0j,0j,0j,0j,0j,0j,0j,(-2-15j),(-4-10j),(-5-14j),(2-5j),(-12-2j),(-16+2j),(-15-2j),(-28+2j),(-24+3j),(-28+3j),(-32+2j),(-28+3j),(-29+9j),(-34+13j),(-18+19j),(-38+24j),(-21+28j),(-22+17j),(-24+24j),(-19+15j),(-23+22j),(-17+23j),(-12+19j),(-18+27j),(-13+19j),(-10+5j)
(98+32j),(6+0j),(6+4j),(11+0j),(2+2j),(8+6j),(11+4j),(13+1j),(12-1j),(8+9j),(8+4j),(6+3j),(13+9j),(16+3j),(13+2j),(10+2j),(16+2j),(6+7j),(2+3j),(1+4j),(1+3j),(-3+4j),(-10+3j),(-14+0j),(-20+4j),(-16+1j),(-18+7j),0j,0j,0j,0j,0j,0j,0j,0j,0j,0j,0j,(15-41j),(7-35j),(9-39j),(4-35j),(4-38j),(7-32j),(6-32j),(-3-38j),(5-33j),-31j,(2-24j),(7-23j),(2-26j),(12-13j),(11-7j),(8-4j),(6-7j),(13-3j),(18-6j),(20-2j),(17-1j),(15-3j),(12+0j),(13-8j),(9+2j),(13-4j)
(94-32j),(5+0j),(-8-4j),-7j,(-10-9j),(-6-12j),(-11-8j),(-1-4j),(-1-8j),(-4-8j),(-1-6j),(-8-19j),(-7-9j),(-8-16j),(-4-21j),(-2-17j),(-8-14j),(-3-9j),(-8-10j),(-5+0j),(6-3j),(7+1j),(12+5j),(7+5j),(17+15j),(16+9j),(20+12j),0j,0j,0j,0j,0j,0j,0j,0j,0j,0j,0j,(-36+16j),(-41+22j),(-36+21j),(-35+24j),(-33+23j),(-36+27j),(-34+36j),(-43+28j),(-19+21j),(-29+24j),(-20+13j),(-27+8j),(-17+6j),(-16+1j),(-19+0j),(-14-9j),(-12-4j),(-20-14j),(-16-14j),(-16-8j),(-20-10j),(-16-7j),(-18-15j),(-21-7j),(-17-6j),(-14-7j)
(-2-32j),(15+0j),(6-2j),(2-9j),(-2-6j),(10-1j),(2-16j),(8-2j),(15-13j),(13-5j),(8+0j),(10+9j),(2-7j),(9-17j),(16-13j),(-1-15j),(-2-1j),(5-2j),(1+13j),(11-1j),(5+3j),(-14-3j),(-5+18j),(-3+11j),(-13+8j),(-21+5j),(-11+10j),0j,0j,0j,0j,0j,0j,0j,0j,0j,0j,0j,(-34+11j),(-30+7j),(-40+11j),(-37+12j),(-37+13j),(-34+10j),(-33+8j),(-35+10j),(-28+12j),(-19-7j),(-20+2j),(-24+1j),(-19+7j),(-10-16j),-20j,(-7-16j),(-14-9j),(-11-12j),-13j,(-4-24j),(-10-11j),(3-15j),(6-19j),(1-10j),(-5-13j),(-1-8j)
(-34-30j),(45+0j),(22+30j),(16+28j),(15+1j),(1+17j),(1+9j),8j,(-4+10j),(5+10j),(2+17j),(17+14j),(16+23j),(9+12j),(17+23j),(15+11j),(16+13j),(5+6j),(9+10j),(8+11j),(-9+14j),(-15+2j),(-13+1j),(-22-1j),(-26-2j),(-36+8j),(-44-2j),0j,0j,0j,0j,0j,0j,0j,0j,0j,0j,0j,(60+15j),(67+16j),(65+17j),(64+2j),(69-4j),(66-6j),(71-3j),(70-4j),(51+5j),(49-3j),(40-4j),(27-7j),(35+10j),(28-3j),(18-3j),(19+5j),(20+22j),(21+26j),(17+21j),(7+29j),(16+20j),(19+23j),(22+12j),(25+19j),(27+12j),(12+19j)
(-125+48j),(8+0j),(29-13j),(7+11j),(15+5j),(13+20j),(18+2j),(9+3j),(7+21j),(12+19j),(13+1j),(23+14j),(17+6j),(26+0j),(34+1j),(25+18j),(16+7j),(15+5j),(5+7j),(-3+4j),(4+2j),(-9+4j),(-13+12j),(-12+7j),(-29+14j),(-28+23j),(-45+17j),0j,0j,0j,0j,0j,0j,0j,0j,0j,0j,0j,(64-17j),(71-5j),(58-22j),(66-24j),(53-35j),(53-37j),(62-28j),(55-38j),(42-35j),(37-28j),(36-25j),(30-18j),(12-18j),(23-2j),(33+1j),(32+1j),(29+20j),(25+7j),(31+15j),(20+12j),(20+12j),(17+11j),(20+6j),(19+1j),(11+0j),(25+7j)
(-5-79j),(31+0j),(1-10j),(2-3j),(6+5j),(7+0j),(4+10j),(9+3j),(9+3j),(11+8j),(14+10j),(21+14j),(19+13j),(26+14j),(21+18j),(21+16j),(22+12j),(20+22j),(16+20j),(14+14j),(10+20j),(4+18j),(5+15j),(-2+11j),(-7+18j),(-5+10j),(-6+15j),0j,0j,0j,0j,0j,0j,0j,0j,0j,0j,0j,(5+6j),(15+0j),(8-4j),(5-13j),-3j,(1-4j),(13-15j),(4-14j),(10-23j),(-3-17j),(6-19j),(-5-24j),-27j,(4-27j),(3-30j),(-2-23j),(-9-31j),(-2-34j),(-9-30j),(-11-35j),(-9-25j),(-15-25j),(-7-32j),(-1-9j),(-3-20j),(-6-17j)
(-5-79j),(31+0j),(-14+8j),(-7+3j),(-15+5j),(-11+2j),(-5+3j),(-12+7j),(-9+5j),(-10+8j),(-12+5j),(-12+10j),(-13+10j),(-12+16j),(-10+15j),(-7+5j),(-6+10j),(-8+8j),(-1+5j),(-10+0j),(-6-2j),(-4-4j),(1-9j),(-3-11j),(-3-16j),(-5-19j),(-4-21j),0j,0j,0j,0j,0j,0j,0j,0j,0j,0j,0j,(20+34j),(18+35j),(17+38j),(21+32j),(26+32j),(28+31j),(25+30j),(22+26j),(22+24j),(18+22j),(18+20j),(13+17j),(12+20j),(11+18j),(6+11j),(-2+13j),(-2+14j),(-4+8j),(-10+12j),(-2+16j),(-11+14j),(-14+8j),(-9+14j),(-9+14j),(-12+8j),(-7+12j)
(75-79j),(20+0j),(-1-26j),(18-29j),(-1-25j),(12-37j),(16-32j),(12-25j),(15-25j),(24-31j),(12-31j),(16-38j),(8-31j),(8-32j),(9-30j),(6-30j),(2-21j),(12-17j),(2-14j),(12-6j),(1-10j),(7+6j),(14+17j),(12+22j),(20+21j),(10+20j),(27+30j),0j,0j,0j,0j,0j,0j,0j,0j,0j,0j,0j,(-67-54j),(-64-57j),(-68-57j),(-79-55j),(-77-45j),(-77-34j),(-82-42j),(-66-32j),(-61-36j),(-62-27j),(-59-26j),(-44-29j),(-29-28j),(-28-26j),(-24-27j),(-19-26j),(-3-25j),(-3-18j),(-12-19j),(-6-31j),(6-36j),(11-48j),(-1-26j),(5-32j),(4-32j),(10-36j)
(94-32j),(5+0j),(-6-8j),(3-17j),(5-18j),(7-8j),(-8-8j),(-4-17j),(-3-21j),(-10-19j),(-10-14j),(7-11j),(-14-17j),(5-11j),(-6-19j),(4-2j),(-11-15j),(-7-21j),(-1-13j),(-5+5j),(10-8j),(13-6j),(13+5j),(18-2j),(6+3j),(16-6j),(18+6j),0j,0j,0j,0j,0j,0j,0j,0j,0j,0j,0j,(-13-34j),(-19-30j),(-16-32j),(-21-31j),(-26-24j),(-23-28j),(-32-16j),(-15-16j),(-19-23j),(-18-18j),(-28-16j),(-19-11j),(-19-18j),(-6-5j),(-3-3j),(5+9j),(-10+0j),(-4+1j),(-9-24j),(-3-17j),(1-19j),(-1-17j),(-4-11j),-21j,(2-22j),(3-8j)
(95-15j),(21+0j),(12-6j),(16-5j),(12-7j),(12-2j),(17-5j),(10-5j),(10+4j),(5-9j),(14-1j),(16-8j),(10-5j),(15-6j),(16+1j),(10-19j),(4-11j),(6+6j),(8-4j),(10-7j),(5+6j),7j,(-7+6j),(1-3j),(9+14j),(3+20j),(2+16j),0j,0j,0j,0j,0j,0j,0j,0j,0j,0j,0j,(40-8j),(35-5j),(34-16j),(31-19j),(28-24j),(33-22j),(25-26j),(24-29j),(23-23j),(14-19j),(4-18j),(9-21j),(6-17j),(14-35j),(19-17j),(7-11j),(11-9j),(9+11j),(10+20j),(-5+0j),(19+5j),(2-2j),(9-11j),(13+2j),(20+1j),(8+2j)
(-80+1j),(27+0j),(14-7j),(15-13j),(1-16j),(9-11j),(13-5j),(11-11j),(6-12j),(10-16j),(18-18j),(12-15j),(-2+0j),(15-5j),(4-5j),(13-3j),(8-3j),(19-7j),(-6+6j),(14-4j),(11-8j),(7+6j),(12+4j),(4+14j),(14+11j),(-5+21j),(1+20j),0j,0j,0j,0j,0j,0j,0j,0j,0j,0j,0j,(-16-36j),(-20-40j),(-17-34j),(-26-35j),(-14-37j),(-22-33j),(-19-35j),(-31-36j),(-26-26j),(-17-20j),(-22-12j),(-6-14j),(-9-23j),(-8-17j),(-11-7j),(-14-18j),(-3-13j),(-12-5j),-14j,(21-16j),(8-5j),(1-9j),(12-6j),(-1-17j),(8-5j),(-3-9j)
(-60+65j),(28+0j),(13-12j),(14-2j),(11-9j),(12-9j),(15-10j),(14-8j),(15-7j),(12-6j),(14-4j),(12-7j),(15-7j),(9-5j),(13-8j),(12-6j),(10-5j),(4-2j),(4-4j),(3+1j),(3+1j),(-1+2j),(-2+12j),(1+10j),(-3+13j),(-2+16j),(-6+17j),0j,0j,0j,0j,0j,0j,0j,0j,0j,0j,0j,(-5-41j),(-11-38j),(-10-43j),(-12-44j),(-15-39j),(-17-37j),(-18-37j),(-16-35j),(-16-27j),(-14-33j),(-9-25j),(-11-21j),(-10-22j),(-8-18j),(2-19j),(-4-10j),(-3-16j),(3-11j),(12-10j),(10-10j),(8-6j),(12-15j),(8-8j),(5-7j),(13-13j),(12-11j)
(103+114j),(38+0j),(7+10j),(3+14j),(4+11j),(1+16j),(2+12j),(4+11j),(1+11j),(1+9j),(4+11j),(7+12j),(3+14j),(7+11j),(5+14j),(5+11j),(3+8j),(2+11j),(2+6j),7j,(-7+3j),(-8+1j),(-6+3j),(-11+1j),(-13-2j),(-16-3j),(-21-4j),0j,0j,0j,0j,0j,0j,0j,0j,0j,0j,0j,(41+1j),(37-1j),(41-4j),(38-8j),(39-9j),(40-10j),(39-10j),(36-12j),(34-5j),(28-7j),(30-15j),(25-6j),(23-3j),(16-1j),(12+4j),(8+3j),(8+5j),(11+0j),(7+8j),(11+9j),(10+13j),(9+15j),(6+10j),(8+14j),(8+15j),(10+12j)
(123-78j),(39+0j),(10-11j),(9-4j),(10-7j),(18-4j),(8-5j),(12-8j),(19-4j),(15-3j),(14-4j),(8-3j),(12-8j),(18-3j),(11-5j),(10-5j),(9-3j),(4+1j),(10+1j),(2+4j),(5+1j),(2+9j),(-3+3j),(1+8j),(-6+12j),(-11+13j),(-12+16j),0j,0j,0j,0j,0j,0j,0j,0j,0j,0j,0j,(-21-39j),(-28-36j),(-27-43j),(-29-38j),(-31-30j),(-33-39j),(-29-26j),(-28-30j),(-31-19j),(-22-19j),(-22-17j),(-18-12j),(-13-21j),(-8-21j),(-9-21j),(4-13j),(1-15j),(5-18j),(6-20j),(6-9j),(13-12j),(8-13j),(13-11j),(11-6j),(12-11j),(9-10j)
(98+32j),(6+0j),(9-8j),(12-4j),(4-2j),(3-2j),(-1+8j),(-7+12j),(-5+13j),(-5+5j),(-5+18j),(-9+15j),(-11+20j),18j,(-7+26j),(-11+24j),(-10+33j),(-16+31j),(-17+20j),(-9+19j),(-19+16j),(-11+16j),(-23+13j),(-17+10j),(-22+8j),(-21+0j),(-12-2j),0j,0j,0j,0j,0j,0j,0j,0j,0j,0j,0j,(-6+9j),(-3+9j),(-3+5j),(1+6j),(8+8j),10j,(6+10j),(9+12j),(10+9j),(19+7j),(14+17j),(21+9j),(33+12j),(31+4j),(20+4j),(38+2j),(23+2j),(25-2j),(32+1j),(36-8j),(31-8j),(26-6j),(26-7j),(29-17j),(22-9j),(24-3j)
(98+32j),(6+0j),(16+0j),(2+13j),(7+0j),(-15-4j),(3+5j),(-6+3j),(5+14j),(1+10j),(-6+10j),(-6+20j),(-6+12j),(14+20j),(4+25j),25j,(-13+21j),(-7+25j),(-11+19j),(-10+20j),(-12+17j),(-15+14j),(-10+16j),(-13+15j),(-14+5j),(-16+13j),(-18+4j),0j,0j,0j,0j,0j,0j,0j,0j,0j,0j,0j,(-9-1j),(-8+4j),(-10+7j),(-9+11j),(1+9j),(10+10j),(1+10j),(1+6j),(11+12j),(12+10j),(13+18j),(20+9j),(27+22j),(24+18j),(26+17j),(33+13j),(21-3j),(27+8j),(27-5j),(30-1j),(28+4j),(23-5j),(26-11j),(21+7j),(15-2j),(13+0j)
(104-126j),(38+0j),(-13+4j),(-7+4j),(-3-7j),(-8-12j),(8+9j),(11-8j),(13-6j),(11-14j),(13-18j),(20-21j),(20-22j),(21-14j),(25-22j),(27-16j),(28-14j),(25-7j),(28-15j),(28-6j),(24-6j),(28+4j),(25+0j),(14+10j),(20+6j),(17+14j),(12+12j),0j,0j,0j,0j,0j,0j,0j,0j,0j,0j,0j,(10-12j),(2-6j),(1-9j),(3-14j),(-5-12j),(-10-11j),(-5-17j),(-8-9j),(-13-8j),(-19-12j),(-21-16j),(-19-13j),(-27-21j),(-34-11j),(-29-17j),(-35-5j),(-35-14j),(-33-11j),(-36-5j),(-34-11j),(-33+0j),(-28-5j),(-33+3j),(-27-1j),(-20-6j),(-18-5j)
(-34-30j),(45+0j),(-8+3j),(-6-5j),(4-1j),(2+1j),(3-3j),(8-9j),(15-14j),(15-11j),(14-14j),(12-14j),(14-11j),(17-13j),(16-16j),(22-16j),(16-17j),(20-14j),(17-18j),(24-10j),(18-3j),(27-4j),(22+2j),(16+8j),(17+6j),(17+12j),(15+11j),0j,0j,0j,0j,0j,0j,0j,0j,0j,0j,0j,(2-9j),(-3-8j),-8j,(-9-8j),(-7-7j),(-5-12j),(-9-13j),(-10-16j),(-17-8j),(-20-14j),(-24-12j),(-23-14j),(-27-15j),(-30-8j),(-31-5j),(-27-1j),(-33-3j),(-31-6j),(-33-3j),(-29+3j),(-31-4j),(-29+5j),(-22+2j),(-21-7j),(-18+2j),(-17-1j)
(98+32j),(6+0j),(6+3j),(3+9j),(4-2j),(-8+2j),(-9+1j),(-15+3j),(-11-4j),(-19+2j),(-17+5j),(-23+5j),(-23+8j),(-24+3j),(-27+5j),(-26+9j),(-26+7j),(-26+0j),(-22-5j),(-28-1j),(-29-5j),(-17-9j),(-17-13j),(-13-15j),(-10-14j),(-9-14j),(-4-20j),0j,0j,0j,0j,0j,0j,0j,0j,0j,0j,0j,(-4+1j),(-3+2j),(-2+3j),(-5+14j),(-1+11j),(6+15j),12j,(7+10j),(11+16j),(13+19j),(13+13j),(17+22j),(21+14j),(19+15j),(21+15j),(30+21j),(20+20j),(21+22j),(27+10j),(22+9j),(27+15j),(30+8j),(26+14j),(25+6j),(21+0j),(14+7j)
(-98-32j),(9+0j),(-2+1j),(-7+3j),(-4-4j),(2-6j),(-2-10j),(1-11j),(4-8j),-17j,(-5-21j),(3-20j),(-4-25j),(-2-20j),(2-26j),(2-32j),(5-31j),(4-30j),(6-25j),(6-22j),(16-20j),(16-20j),(16-11j),(14-14j),(19-6j),(12-4j),(18+2j),0j,0j,0j,0j,0j,0j,0j,0j,0j,0j,0j,-10j,(-3-9j),-13j,(-3-4j),(-9-7j),(-8-9j),(-9-14j),(-12-3j),(-9+3j),(-20-5j),(-24-3j),(-26+6j),(-30+3j),(-31+0j),(-31-1j),(-36+5j),(-28+8j),(-36+16j),(-25+12j),(-26+11j),(-28+14j),(-23+15j),(-23+16j),(-19+8j),(-15+12j),(-17+13j)
(98+32j),(6+0j),(-11+0j),(-4+3j),-4j,(5-20j),(10-11j),(2-2j),(7-13j),(8-7j),(8-15j),(11-20j),(10-25j),(9-17j),(14-15j),(14-19j),(21-16j),(18-25j),(18-17j),(17-17j),(19-15j),(20-7j),(25+0j),(22+0j),(20+8j),(19+7j),(22+11j),0j,0j,0j,0j,0j,0j,0j,0j,0j,0j,0j,(-2-3j),(3-6j),(-1-13j),(-7-8j),(-7-16j),(-12-14j),(-11-15j),(-16-10j),(-9-18j),(-19-10j),(-20-10j),(-27-9j),(-25-15j),(-28-12j),(-27-9j),(-22-3j),(-33-11j),(-30+6j),(-30-4j),(-28+1j),(-21+2j),(-25+6j),(-26+0j),(-22-1j),(-25+3j),(-18+6j)
(98+32j),(6+0j),(10+1j),(9+4j),(-3+4j),(-6+0j),(-16+15j),(-9-6j),(-17-2j),(-19-13j),(-26-3j),(-25-1j),(-23+5j),(-25-2j),(-39-1j),(-26+2j),(-36-5j),(-24-5j),(-30-8j),(-19-12j),(-22-12j),(-25-15j),(-23-19j),(-13-22j),(-9-21j),(-7-17j),-23j,0j,0j,0j,0j,0j,0j,0j,0j,0j,0j,0j,(-16+7j),(-7-3j),(-8+1j),(-3+12j),(-5+7j),(-6+18j),17j,(1+14j),(4+24j),(6+18j),(5+27j),(12+28j),(17+24j),(16+23j),(18+29j),(20+23j),(17+20j),(17+24j),(23+26j),(20+26j),(32+17j),(25+24j),(27+14j),(23+12j),(22+9j),(10+9j)
(98+32j),(6+0j),(-13+0j),(-12-3j),-8j,(-1-8j),(-8-7j),(-6-2j),(2-10j),(1-21j),(-10-26j),(1-30j),(-1-24j),(-7-23j),(-1-33j),(-1-27j),-21j,(1-39j),(6-23j),(9-25j),(7-23j),(13-17j),(18-17j),(17-16j),(16-9j),(14-5j),(23-10j),0j,0j,0j,0j,0j,0j,0j,0j,0j,0j,0j,(2-6j),(2-9j),(-3-3j),-19j,(-17-11j),(-16-15j),(-15-14j),(-13-8j),(-19-8j),(-24-10j),(-27-2j),(-36-7j),(-30-4j),(-31-4j),(-37+8j),(-38-2j),(-35+10j),(-41+9j),(-33+4j),(-34+13j),(-27+15j),(-28+8j),(-20+5j),(-20+11j),(-28+13j),(-19+5j)
(108-64j),(6+0j),(-2+6j),(4+11j),(3+5j),(-5-3j),(-10-6j),(-7+6j),(-28-1j),(-12+7j),(-1+0j),(-7+13j),(-24+2j),(-21-5j),(-26-6j),(-31+0j),(-22-3j),(-27-16j),(-21-12j),(-14-9j),(-14-13j),(-14-14j),(-11-14j),(-13-16j),(-9-8j),(4-7j),(7-22j),0j,0j,0j,0j,0j,0j,0j,0j,0j,0j,0j,(-12-2j),(-12+6j),(-12+3j),(-7+9j),(-4-1j),(-9+11j),(7+15j),(-6+15j),(12+10j),(2+20j),(10+16j),(5+11j),(16+16j),(2+31j),(9+26j),(12+18j),(18+26j),(14+19j),(17+23j),(28+13j),(21+21j),(20+16j),(22+15j),(20+11j),(9+12j),(9+6j)
(124-64j),(7+0j),(-1-9j),(-2-5j),(2-8j),(6-11j),(14-4j),(13+2j),(11-3j),(10+3j),(17+0j),(20-1j),(15+5j),(28+1j),(21-6j),(24-1j),(29+2j),(27+3j),(22+2j),(29+5j),(15+9j),(23+14j),(11+7j),(9+14j),(2+14j),(1+16j),(5+18j),0j,0j,0j,0j,0j,0j,0j,0j,0j,0j,0j,(11-3j),(7+2j),(7-4j),(3-12j),(6-7j),(-3-4j),(4-17j),(5-17j),(7-16j),(-2-19j),(-2-15j),(-1-21j),(-8-22j),(-9-23j),(-8-23j),(-8-22j),(-13-26j),(-11-24j),(-18-23j),(-16-26j),(-13-14j),(-18-24j),(-17-22j),(-18-17j),(-18-8j),(-5-5j)
(-39-112j),(13+0j),(-13-22j),(-5-11j),(-7+3j),(9+5j),(7-4j),(16+7j),(19+4j),(10+5j),(9+15j),(24+9j),(9+14j),(29+12j),(19+16j),(26+17j),(18+11j),(23+19j),(24+13j),(12+20j),(1+14j),(5+13j),(5+15j),(-2+10j),(-3+17j),(-13+15j),(-16+20j),0j,0j,0j,0j,0j,0j,0j,0j,0j,0j,0j,(4+4j),(15-9j),(6-9j),(-3-9j),(2-6j),(-3-11j),-17j,(1-26j),(-3-27j),-32j,(-1-30j),(-7-27j),(-9-18j),(-2-31j),(-11-28j),(-10-34j),(-5-23j),(-23-22j),(-9-38j),(-3-28j),(-12-34j),(-33-22j),(-13-20j),(-6-19j),-16j,(-6-10j)
(-87-111j),(26+0j),(-5-9j),-6j,(7-2j),(-3-1j),(10+5j),(9+1j),(11+8j),(12+10j),(12+12j),(7+16j),(19+13j),(15+8j),(24+14j),(21+11j),(16+14j),(25+18j),(19+21j),(19+26j),(9+17j),(13+18j),(9+12j),(3+24j),(3+18j),(-3+16j),(-9+18j),0j,0j,0j,0j,0j,0j,0j,0j,0j,0j,0j,(10+7j),(5+6j),(7-3j),(5+2j),(9+1j),(9-5j),(15-7j),(15-10j),(15-17j),(14-18j),(20-16j),(12-19j),(13-20j),(9-20j),(8-23j),(11-30j),(13-33j),(13-23j),(4-30j),(4-25j),(5-29j),(-3-35j),(-3-25j),(2-26j),(1-24j),-20j
(-67-47j),(27+0j),(-4-14j),(11-1j),(-4+8j),1j,(3+11j),(1+6j),(6+4j),(12+11j),(19+17j),(25+11j),(13+24j),(8+16j),(20+17j),(18+23j),(14+27j),(14+31j),(18+34j),(-5+27j),(6+24j),(-4+16j),(-2+18j),18j,(1+17j),(-3+10j),(-9+15j),0j,0j,0j,0j,0j,0j,0j,0j,0j,0j,0j,(-1+13j),(2+3j),(6+9j),(9-1j),(14+6j),(15+9j),(6+7j),(24+4j),(23-1j),(22+1j),(27-12j),(20-19j),(19-11j),(28-19j),(21-20j),(23-26j),(21-24j),(33-29j),(23-22j),(27-18j),(10-29j),(13-26j),(9-27j),(12-26j),(11-10j),-17j
(-98-32j),(9+0j),(10+2j),(19+5j),(11+7j),(10+4j),(14+2j),(14+7j),(9+8j),(11+4j),(10+7j),(13+5j),(6+4j),(11+12j),(13+10j),(3+1j),(13+7j),(7+5j),(5+2j),(2+7j),(-3+2j),(-3+3j),(-3+0j),(-6+0j),(-12+2j),(-19+3j),(-18+4j),0j,0j,0j,0j,0j,0j,0j,0j,0j,0j,0j,(18-40j),(16-42j),(16-38j),(17-42j),(12-40j),(7-43j),(7-39j),(5-37j),(8-34j),(11-28j),(2-31j),(7-24j),(9-16j),(8-18j),(8-6j),(4-3j),(12-4j),(15-1j),(17+0j),(18+3j),(18+3j),(10+5j),(22+4j),(17-4j),(22+2j),(21+0j)
(122-96j),(7+0j),(4-37j),(5-36j),(4-13j),-20j,(15-23j),(19-26j),(23-24j),(13-23j),(12-30j),(9-33j),(15-34j),(6-27j),(1-19j),(15-23j),-27j,(6-17j),(6-18j),(7-6j),(3-4j),(-1-1j),(6+11j),(9+11j),(6+18j),(11+22j),(24+29j),0j,0j,0j,0j,0j,0j,0j,0j,0j,0j,0j,(-77-30j),(-88-37j),(-90-25j),(-87-21j),(-90-20j),(-86-14j),(-93-13j),(-84-6j),(-77-12j),(-67-12j),(-55-10j),(-49-10j),(-41-20j),(-40-15j),(-19-20j),(-21-20j),(-6-35j),(-7-25j),(-3-31j),(10-36j),(9-38j),(-6-27j),(10-37j),(-2-44j),(4-46j),(2-31j)
(102+96j),(6+0j),(19-1j),(14+2j),(11+2j),(19-5j),(21+0j),(16-7j),(11+1j),(17+10j),(14+0j),(10+6j),(14+15j),(12+6j),(13+6j),(13-2j),(14+8j),(4+2j),(3+4j),(5+1j),(-2+7j),(-4+3j),(-7+6j),(-7+4j),(-12+5j),(-17+3j),(-16+1j),0j,0j,0j,0j,0j,0j,0j,0j,0j,0j,0j,(-4-50j),(-9-51j),(-8-55j),(-11-58j),(-12-52j),(-5-52j),(-17-46j),(-6-50j),(-14-39j),(-7-36j),(-10-36j),(-6-30j),(-3-27j),-17j,(3-14j),(7-9j),(11-5j),(20-11j),(10-4j),(18+1j),(27-5j),(9-9j),(33-7j),(15-1j),(22+0j),(22-8j)
(122-96j),(7+0j),(5+7j),(12+4j),(6+13j),(11+20j),(3+8j),(4+13j),(6+6j),(6+16j),(3+12j),(-1+10j),(5+14j),(7+9j),(9+16j),(4+9j),(8+8j),(3+5j),(4+8j),6j,(-2+1j),(-3+0j),(-5-1j),(-5-2j),(-10-2j),(-15-10j),(-17-7j),0j,0j,0j,0j,0j,0j,0j,0j,0j,0j,0j,(30-35j),(29-35j),(19-43j),(24-40j),(22-38j),(19-38j),(19-39j),(19-36j),(15-28j),(11-26j),(14-26j),(8-22j),(11-14j),(11-5j),(12-4j),(13+1j),(11+1j),(16+6j),(12+10j),(8+7j),(15+5j),(10+8j),(16+8j),(16+15j),(22+16j),(11+4j)
(102+96j),(6+0j),(-15+8j),(-12+10j),(-13-4j),(-10+4j),(-14+9j),(-11-5j),(-14+4j),(-12+0j),(-11+3j),(-17-4j),(-13+0j),(-15+3j),(-17+4j),(-15+0j),(-12+2j),(-12+3j),(-7+1j),(-10-1j),(-2-1j),(-1-3j),(1-5j),(4-9j),(5-9j),(6-11j),(6-16j),0j,0j,0j,0j,0j,0j,0j,0j,0j,0j,0j,(12+37j),(13+41j),(19+39j),(17+38j),(21+36j),(20+34j),(17+35j),(19+32j),(16+29j),(14+24j),(18+23j),(10+23j),(7+13j),(5+12j),(-1+11j),(-5+9j),(-9+13j),(-14+12j),(-14+6j),(-12+6j),(-18+11j),(-21+12j),(-19+8j),(-17+8j),(-15+14j),(-18+10j)
(-98-32j),(9+0j),(-35-4j),(-23+4j),(-32-12j),(-28-9j),(-32+0j),(-42+1j),(-20-8j),(-11-28j),(-12-10j),(-23-14j),(-36-9j),(-37-12j),(-41-18j),(-21-7j),(-15-11j),(-24-14j),(-12-16j),(-8-7j),(3-14j),(2-15j),(9-7j),(15-8j),(20-17j),(25-12j),(28-8j),0j,0j,0j,0j,0j,0j,0j,0j,0j,0j,0j,(-36+75j),(-40+80j),(-36+79j),(-27+89j),(-19+80j),(-21+77j),(-22+86j),(-9+70j),(-21+81j),(-10+61j),(-19+59j),(-13+44j),(-10+34j),(-24+21j),(-30+15j),(-17+18j),(-12+6j),(-38-11j),(-32-6j),(-36-6j),(-33-24j),(-43-1j),(-42-9j),(-36-13j),(-33-6j),(-40+0j)
(8-127j),(16+0j),(-4+17j),31j,(-4+38j),(-17+20j),(3+26j),(-9+26j),(-14+23j),(1+22j),(-6+30j),(-1+29j),(-11+30j),(-14+42j),(3+35j),(-6+23j),(-22+23j),(-16+18j),(-9+5j),(-7+3j),(-1+4j),(-4-1j),(-8-6j),(-19-7j),(-13-14j),(-18-10j),(-9-21j),0j,0j,0j,0j,0j,0j,0j,0j,0j,0j,0j,(82+3j),(89-3j),(85-8j),(95-12j),(84-14j),(89-17j),(85-10j),(84-16j),(71-15j),(61-15j),(57-3j),(55-7j),(40-4j),(23-9j),(22+8j),(14+24j),(8+16j),(2+31j),(3+39j),(1+46j),(-1+40j),(7+40j),(8+45j),(-11+49j),(12+45j),(8+36j)
(28-63j),(17+0j),(11-5j),(8-10j),(11+1j),(12-4j),(17-5j),(11-3j),(11+1j),(12+1j),(10-1j),(13+0j),(11+1j),(12+4j),(10-2j),(12+2j),(14+0j),(4+0j),(8+1j),(5+2j),(2+2j),-1j,(-6+5j),(-7+7j),(-9+6j),(-13+6j),(-12+9j),0j,0j,0j,0j,0j,0j,0j,0j,0j,0j,0j,(-7-41j),(-10-41j),(-13-43j),(-19-41j),(-14-42j),(-14-37j),(-14-39j),(-19-35j),(-18-30j),(-14-30j),(-9-25j),(-7-21j),(-3-20j),(-5-19j),(3-10j),(5-9j),(13-8j),(12-4j),(10-9j),(12-9j),(21-7j),(20-7j),(19-8j),(21-4j),(19-7j),(20-6j)
(94-32j),(5+0j),(-2-14j),(-7-15j),(-1-7j),(4-15j),(5-16j),(-1-15j),(3-13j),(10-11j),(9-6j),(7-13j),(6-11j),(8-15j),(9-15j),(7-9j),(5-8j),(6-2j),(5-9j),(6-2j),-2j,(2-1j),(4+2j),(1+10j),(-2+8j),(-3+13j),(-1+17j),0j,0j,0j,0j,0j,0j,0j,0j,0j,0j,0j,(-42+11j),(-42+14j),(-44+15j),(-40+16j),(-40+20j),(-35+19j),(-35+16j),(-35+15j),(-31+16j),(-25+14j),(-24+6j),(-24+9j),(-19+1j),(-18+2j),(-9+1j),(-9-4j),(-3-10j),(-5-10j),(-7-15j),(-6-17j),(-2-14j),(-5-19j),(-4-21j),(-7-18j),-16j,(-7-18j)
(94-32j),(5+0j),(19-1j),(10-1j),(11+1j),(9+7j),(20+3j),(12+8j),(11+6j),(11+0j),(7+4j),(10+7j),(7+7j),(10+6j),(13+0j),(10+0j),(15+6j),(11+5j),(10+5j),(3+1j),(7+6j),(5+3j),(-6-1j),(-4+1j),(-11+1j),(-10-2j),(-13+5j),0j,0j,0j,0j,0j,0j,0j,0j,0j,0j,0j,(1-47j),(2-44j),(-5-45j),(-3-49j),(-7-50j),(-6-41j),(-10-45j),(-3-33j),(-4-41j),(-7-36j),(2-28j),-19j,(1-17j),(-6-12j),(8-14j),(8-9j),(11-5j),(9-6j),(11-3j),(23-3j),(15-2j),(21+1j),(15-5j),(10-5j),(15+1j),(18+2j)
(126-31j),(23+0j),-8j,(-1-5j),(6+1j),7j,(11+13j),(16+13j),(1+5j),(-3+17j),(5+21j),(12+14j),(6+25j),(12+22j),(10+14j),(3+24j),(11+29j),(4+17j),(-1+29j),(-3+23j),(-14+19j),(-13+16j),(-20+19j),(-18+15j),(-13+15j),(-18+8j),(-17+7j),0j,0j,0j,0j,0j,0j,0j,0j,0j,0j,0j,(13+4j),(7+3j),(9+8j),(12-7j),(11-5j),(11-9j),(12-3j),(14-15j),(16-16j),(6-20j),(18-14j),(11-17j),(14-32j),(10-24j),(17-28j),(16-31j),(15-35j),(18-32j),(4-30j),(11-32j),(4-26j),(5-22j),(7-25j),(-11-27j),(-1-24j),(16-10j)
(18+34j),(33+0j),(8+8j),(1+4j),(-5+0j),(-9-4j),(-6-2j),(-2-16j),(-10+3j),(-17-16j),(-28-6j),(-23-3j),(-16-6j),(-22-13j),(-26-12j),(-20-12j),(-23-18j),(-25-11j),(-19-21j),(-17-18j),(-17-20j),(-17-24j),(-6-24j),(-7-22j),(-7-21j),-19j,(4-19j),0j,0j,0j,0j,0j,0j,0j,0j,0j,0j,0j,(-8+2j),(-12+6j),(-7+3j),(-6+8j),(-8+4j),(-11+18j),(-6+19j),(-12+15j),(9+17j),(-5+22j),(2+22j),(3+22j),(1+25j),(1+31j),(9+28j),(12+22j),(9+31j),(16+30j),(15+26j),(6+28j),(8+31j),(12+25j),(16+26j),(18+24j),(10+16j),16j
(47-14j),(34+0j),(2+7j),0j,(-4+0j),(-1-2j),(-13+1j),(-12-4j),(-6-13j),(-11-16j),(-12-2j),(-15-17j),(-18-13j),(-13-18j),(-19-16j),(-11-21j),(-10-23j),(-10-23j),(-16-28j),(-9-18j),(-8-19j),(-4-23j),(7-20j),(9-23j),(8-13j),(5-10j),(17-10j),0j,0j,0j,0j,0j,0j,0j,0j,0j,0j,0j,(-13-1j),(-8+3j),(-11+4j),(-11+8j),(-5+5j),(-11+13j),(-9+12j),(-7+22j),(-10+16j),25j,(-2+25j),(-2+20j),(-6+27j),(-1+25j),(2+35j),(3+28j),(-4+36j),(10+29j),(9+29j),(3+38j),(3+29j),(3+24j),(3+19j),(6+31j),(9+19j),(13+23j)
(94-32j),(5+0j),(7+5j),(12+10j),(7+4j),(4+9j),(7+14j),(-1+5j),(-4+5j),(4+10j),(7+5j),(-4+10j),14j,(-2+13j),(-7+18j),(-4+16j),(-3+12j),(-6+16j),(1+8j),(-8+6j),(-8+7j),(-2+0j),(-9-7j),(-9-3j),(-7-10j),(-13-13j),(-12-14j),0j,0j,0j,0j,0j,0j,0j,0j,0j,0j,0j,(-13-44j),(-7-44j),(-18-44j),(-16-41j),(-9-39j),(-15-40j),(-11-34j),(-6-35j),(-16-32j),(-4-17j),(1-26j),(-7-13j),(4-6j),(3-14j),(1+2j),(5+4j),(10+1j),(10+10j),(23+5j),(15+3j),(19+13j),(19-2j),(19+9j),(21+10j),(18+3j),(9+8j)
(-98-32j),(9+0j),(3+18j),(-4+15j),(-1+11j),(-1+11j),(-8+4j),(-14+7j),(-2+10j),(-7+5j),(-13+5j),(-8+8j),(-18+12j),(-14+13j),(-14+8j),(-12+5j),(-12+9j),(-14+11j),(-18+9j),(-10+5j),(-8+4j),(-3-2j),(-10-8j),(-5-12j),(-2-20j),(-6-16j),(-2-15j),0j,0j,0j,0j,0j,0j,0j,0j,0j,0j,0j,(49-3j),(48-1j),(45-1j),(52-10j),(45-10j),(41-10j),(44-7j),(33-16j),(30-11j),(20-6j),(13-10j),(19-11j),(15+2j),(4+8j),(7-1j),(3+6j),(3+12j),(3+16j),(-2+22j),(-1+17j),(-1+22j),(-3+22j),(-3+21j),(-2+18j),(-5+23j),(4+16j)
(94-32j),(5+0j),(16-2j),(12-2j),(12-1j),(6-1j),(9+3j),(8+4j),(8+7j),(11+9j),(9+14j),(8+8j),(7+11j),(8+12j),(9+13j),(6+11j),(6+9j),(2+8j),(3+12j),(-1+5j),(1+4j),(-4+1j),(-8-1j),(-7+1j),(-14-3j),(-17-2j),(-17-6j),0j,0j,0j,0j,0j,0j,0j,0j,0j,0j,0j,(-11-44j),(-10-40j),(-17-44j),(-18-38j),(-21-41j),(-17-37j),(-18-38j),(-15-28j),(-18-26j),(-11-23j),(-8-25j),(-5-15j),(-4-17j),(6-7j),(4-6j),(7-5j),(13-6j),(17-1j),(20+2j),(20+3j),(26+0j),(19-3j),(19-1j),(19-4j),(17-3j),(19-2j)
(94-32j),(5+0j),(8+16j),(11+10j),(5+11j),(4+12j),(-1+6j),(-5+8j),7j,12j,(-3+10j),(-5+11j),(-5+13j),(-5+16j),(-6+15j),(-5+12j),(-6+10j),(-7+9j),(-6+6j),(-6+4j),(-5+1j),(-4-4j),(-6-5j),(-6-8j),(-10-10j),(-8-11j),(-12-17j),0j,0j,0j,0j,0j,0j,0j,0j,0j,0j,0j,(42-23j),(39-23j),(35-24j),(33-26j),(35-25j),(32-27j),(25-23j),(23-27j),(24-21j),(18-20j),(12-16j),(14-11j),(13-1j),(10-2j),(7+3j),(9+7j),(3+7j),(9+10j),(5+14j),(6+18j),(6+21j),(8+20j),(7+19j),(13+18j),(11+18j),(6+12j)
(-87-111j),(26+0j),(-2+14j),(-1+10j),(-2+9j),(-9+9j),(-4+6j),(-1+6j),(-6+7j),(-6+2j),(-10+6j),(-10+11j),(-11+7j),(-13+11j),(-10+3j),(-14+10j),(-4+8j),(-12+4j),(-7+3j),(-10+1j),(-5-3j),(-6-4j),(-3-10j),(-1-16j),(1-13j),(2-20j),(3-16j),0j,0j,0j,0j,0j,0j,0j,0j,0j,0j,0j,(41+1j),(44-2j),(46-4j),(42-3j),(43-7j),(40-10j),(36-9j),(36-10j),(27-9j),(25-8j),(23-3j),(20+0j),(10+3j),(9+2j),(1+8j),(-3+9j),(2+6j),(-4+15j),(-5+18j),(-7+21j),(-6+23j),(-8+25j),(-8+22j),(-7+19j),(1+22j),10j
(65+18j),(36+0j),(-10+5j),(-11+11j),(-8+3j),(-4+3j),(-11+1j),(-12+1j),(-18+3j),(-22+6j),(-10-3j),(-10+6j),(-2-13j),(-7+3j),(-2-9j),(-25-3j),(-4-11j),(-19-6j),(-8-5j),(5-1j),(-5-7j),(-4-13j),(-6-1j),(5-10j),(7-11j),(6-12j),(19-17j),0j,0j,0j,0j,0j,0j,0j,0j,0j,0j,0j,(40+13j),(45+12j),(33+15j),(37+7j),(46+4j),(51+5j),(39+8j),(40+7j),(23-1j),(32-8j),(32+15j),(9-4j),(6+13j),(4-3j),(-5+7j),17j,(8+3j),(-11-4j),(-21+12j),(-30+1j),(-14+1j),(-2+27j),(-10+6j),(-11+18j),(-7+23j),(-13+14j)
(-108+64j),(9+0j),(3+11j),(2+6j),(-2+9j),(-6+8j),(-2+7j),(-2+7j),(-5+5j),(-4+4j),(-6+13j),(-10+9j),(-9+15j),(-10+9j),(-7+13j),(-7+13j),(-5+9j),(-11+10j),(-10+11j),(-9+3j),(-5+1j),(-10+3j),(-13-3j),(-12-11j),(-11-10j),(-10-13j),(-11-14j),0j,0j,0j,0j,0j,0j,0j,0j,0j,0j,0j,(42+8j),(42+9j),(47+7j),(43+4j),(40+1j),(37-2j),(41+3j),(33-3j),(37-6j),(31-2j),(24-4j),(16+1j),(11-2j),(7+2j),(4+5j),4j,(-4+8j),(-1+12j),(5+11j),(-3+18j),(1+20j),(-3+21j),(1+18j),(6+18j),(-1+16j),(6+16j)
(-108+64j),(9+0j),(-5-5j),(-7-6j),(-1-8j),(-1-6j),(-7-8j),(-5+1j),(-1-16j),(-8-16j),(-5-10j),(3-12j),(3-20j),-5j,(-6-10j),(3-12j),(-3-15j),(-3-11j),(-3-8j),(6-13j),(8-8j),(10-3j),(8-7j),(5-4j),(14-5j),(18+0j),(14+9j),0j,0j,0j,0j,0j,0j,0j,0j,0j,0j,0j,(-26+42j),(-25+34j),(-26+42j),(-21+42j),(-21+35j),(-15+35j),(-16+37j),(-14+37j),(-8+26j),(-6+15j),(-8+23j),(-8+18j),(-6+5j),(-8+2j),(-6+6j),(-9+1j),(-7-7j),(-12-4j),(-13-5j),(-9-8j),(-15-10j),(-21-13j),(-14-7j),(-24-7j),(-18-14j),(-16+3j)
(124-64j),(7+0j),(17+6j),(11+3j),(8+2j),(6+4j),(6+2j),(1+8j),(-4+6j),(8+15j),(1+7j),(2+13j),(11+14j),16j,(4+14j),(3+11j),15j,(7+12j),(2+8j),(-3+7j),(-5+5j),(-5+4j),(-6+6j),(-9+1j),(-17+4j),(-25+8j),(-25+1j),0j,0j,0j,0j,0j,0j,0j,0j,0j,0j,0j,(5-51j),(8-37j),(-4-46j),-49j,(-4-41j),(-1-39j),(-9-40j),(-5-39j),(-10-34j),(-4-26j),(-5-23j),(-6-21j),(4-10j),(7-7j),(8-1j),(8-6j),(11+1j),(18-1j),(15+0j),(19+4j),(17+5j),(22+1j),(15-1j),(15-7j),(19-4j),(19-3j)
(124-63j),(23+0j),(-5-9j),(-4-11j),(-2-4j),(-2-5j),(1-3j),(9-5j),(5-6j),(11-7j),(7-9j),(12-5j),(7-8j),(17-6j),(8-9j),(10-11j),(8-9j),(8-10j),(6-7j),(11-1j),(9+4j),(8+6j),(7+4j),(3+12j),(2+8j),(1+11j),16j,0j,0j,0j,0j,0j,0j,0j,0j,0j,0j,0j,(-30+37j),(-22+32j),(-24+40j),(-22+37j),(-23+36j),(-20+34j),(-15+32j),(-18+31j),(-15+34j),(-11+26j),(-12+14j),(-17+12j),(-8+6j),(-9+6j),(-13+5j),(-5-5j),(-7-9j),(-7-11j),(-9-14j),(-15-21j),(-10-15j),(-13-15j),(-9-20j),(-16-18j),(-14-13j),(-15-14j)
(108-64j),(6+0j),(8+8j),(11-5j),(-8-10j),(-6+7j),1j,(-1+6j),(-11+9j),(-12+1j),(-10+18j),(-21-5j),(-24+7j),(-20+6j),(-31+15j),(-26+7j),(-18+1j),(-13+7j),(-26-5j),(-14+7j),(-25-3j),(-27-6j),(-11-4j),(-16-5j),(-12-5j),(-11-13j),(-11-12j),0j,0j,0j,0j,0j,0j,0j,0j,0j,0j,0j,(-1+6j),(-7+14j),(-4+17j),(-6+11j),(2+13j),(2+12j),(5+10j),(14+17j),(16+13j),(26+18j),(14+30j),(15+5j),(26+15j),(35+8j),(34+17j),(15+17j),(31+13j),(33+16j),(29+9j),(29+10j),(28+14j),(26+3j),(27+6j),(16+8j),(28+14j),(12+6j)
(94-32j),(5+0j),(4-9j),(3-5j),-2j,(-4+8j),(6+5j),(-10+11j),3j,(5+15j),18j,(2+15j),(-1+21j),(10+20j),(1+23j),(2+21j),(-1+14j),(-2+24j),21j,(-1+24j),(-7+24j),(-10+14j),(-13+17j),(-11+13j),(-15+7j),(-11+6j),(-16+5j),0j,0j,0j,0j,0j,0j,0j,0j,0j,0j,0j,(1+9j),(3+7j),(3+5j),(5+5j),(7+7j),(17+0j),(13-1j),(8-5j),(6-1j),(19-14j),(20-3j),(31-11j),(25-13j),(21-9j),(24-14j),(17-20j),(22-26j),(20-21j),(20-24j),(13-22j),(16-18j),(13-24j),(13-26j),(14-17j),(8-11j),(9-9j)
(94-32j),(5+0j),(-7-11j),(-10-5j),(-10-8j),(-9-2j),(-14-7j),(-6-10j),(-5-8j),(-11-3j),(-16-7j),(-14-12j),(-15-15j),(-14-15j),(-10-12j),(-10-11j),(-16-10j),(-15-8j),(-7-9j),(-3-5j),(4-5j),(3-8j),(6-4j),(6-2j),(16+0j),(16-2j),(23-4j),0j,0j,0j,0j,0j,0j,0j,0j,0j,0j,0j,(-24+36j),(-26+35j),(-20+41j),(-22+41j),(-17+38j),(-20+42j),(-13+40j),(-13+39j),(-9+36j),(-7+29j),(-11+24j),(-7+19j),(-6+17j),(-6+11j),(-12+11j),(-10+5j),(-7-1j),(-6-6j),(-20-4j),(-15-8j),(-17-13j),(-8-8j),(-12-7j),(-17-8j),(-15-7j),(-10-8j)
(125-48j),(7+0j),(1-11j),-12j,(2-8j),(4-13j),(11-12j),(2-20j),(5-12j),(2-16j),(4-18j),(1-15j),(5-19j),(5-21j),(7-21j),(2-18j),(11-8j),(2-13j),(3-14j),(9-9j),(5-6j),(10+0j),(8+0j),(3+11j),(3+13j),(3+15j),(4+20j),0j,0j,0j,0j,0j,0j,0j,0j,0j,0j,0j,(-45-12j),(-42-12j),(-45-8j),(-46-7j),(-44-3j),(-49-3j),(-48-4j),(-43-1j),(-39+2j),(-35-1j),(-28-2j),(-21+2j),(-15-7j),(-14-1j),(-11-3j),(-11-8j),(-9-9j),-16j,(2-11j),(4-16j),-18j,(3-14j),-14j,-21j,(-3-18j),(-1-14j)
(-111+16j),(9+0j),(-13+7j),(-15+0j),(-9-1j),(-18+4j),(-16+3j),(-14+5j),(-13+2j),(-16+3j),(-22+1j),(-15+7j),(-20+2j),(-12+1j),(-25+5j),(-16+5j),(-14+2j),(-12-2j),(-11-3j),(-6-2j),(-4-8j),(2-4j),-10j,(5-8j),(9-13j),(10-10j),(17-23j),0j,0j,0j,0j,0j,0j,0j,0j,0j,0j,0j,(15+41j),(13+43j),(17+44j),(23+43j),(19+44j),(17+42j),(23+38j),(19+33j),(16+30j),(13+22j),(15+20j),(16+22j),(8+21j),(5+12j),(1+8j),(-3+8j),(-8+7j),(-9+0j),(-8+7j),(-7+8j),(-11+6j),(-12+7j),(-17+6j),(-10+6j),(-12+15j),(-12+5j)
(94-32j),(5+0j),(-16-2j),(-9-4j),(-10-2j),(-11-5j),(-8-3j),(-11-10j),(-14-11j),(-13-8j),(-15+0j),(-12-13j),(-18-10j),(-13-11j),(-13-12j),(-10-9j),(-14-6j),(-7-2j),(-7-9j),(-6-9j),(-4-3j),(6-5j),(3-7j),(11-2j),(9-2j),(16-1j),(18-5j),0j,0j,0j,0j,0j,0j,0j,0j,0j,0j,0j,(-5+37j),(-5+40j),(-4+39j),(-7+39j),(3+41j),(-2+39j),35j,(1+41j),(-1+36j),(1+27j),(-3+22j),19j,(-1+17j),(-5+8j),(-11+7j),(-4+8j),(-12+3j),(-6-1j),(-17-2j),(-13-3j),(-12+1j),(-18-3j),(-10-3j),(-17-7j),(-13+3j),(-12+3j)
(94-32j),(5+0j),(-17-7j),(-10-9j),(-7-7j),(-11-6j),(-13-16j),(-12-9j),(-13-11j),(-15-10j),(-13-10j),(-10-9j),(-14-18j),(-15-12j),(-12-12j),(-11-14j),(-12-12j),(-11-11j),(-7-6j),(-5-9j),(-2-7j),(5-6j),(5-4j),(13-2j),(16+1j),(18+0j),(21+0j),0j,0j,0j,0j,0j,0j,0j,0j,0j,0j,0j,(-22+39j),(-19+39j),(-20+40j),(-19+46j),(-18+40j),(-14+42j),(-13+43j),(-16+38j),(-10+33j),(-15+32j),(-7+25j),(-12+19j),(-5+18j),(-7+15j),(-8+9j),(-6+4j),(-10+2j),(-12-3j),(-11+0j),(-11-6j),(-13-1j),(-18-9j),(-17-6j),(-17-4j),(-16-6j),(-20-5j)
(-75+80j),(11+0j),(4-17j),(5-15j),(9-11j),(3-15j),(5-16j),(1-18j),(8-16j),(11-14j),(2-7j),(10-9j),(6-15j),(14-15j),(7-17j),(11-12j),(7-11j),(8-14j),(4-10j),(9-1j),-5j,(1+1j),(-2+6j),13j,(-2+14j),(-6+14j),(-5+23j),0j,0j,0j,0j,0j,0j,0j,0j,0j,0j,0j,(-42-8j),(-46-10j),(-42-12j),(-47-5j),(-45+0j),(-44-8j),(-45-1j),(-39+2j),(-39+2j),(-33-7j),(-28-1j),(-27-4j),(-24+1j),(-10+3j),(-10-9j),(-9-7j),(-3-13j),(-3-18j),(1-21j),(3-10j),(-5-17j),(11-20j),(4-20j),(4-17j),(5-17j),-13j
(124-64j),(7+0j),(9+7j),(3+3j),(6+9j),(2+9j),(-1+16j),(3+10j),(-3+11j),(2+14j),(3+11j),(5+15j),(7+15j),(3+14j),(2+10j),(5+12j),(3+10j),(3+9j),15j,(-1+10j),(-6+4j),(-9-1j),(-7-4j),(-10-5j),(-15-9j),(-17-8j),(-17-11j),0j,0j,0j,0j,0j,0j,0j,0j,0j,0j,0j,(36-15j),(38-12j),(40-15j),(37-16j),(37-16j),(32-19j),(37-19j),(34-14j),(29-15j),(24-18j),(19-12j),(15-9j),(14-2j),(6-8j),(8+5j),(7+2j),(-1+6j),(4+7j),(1+9j),(4+5j),(2+11j),(9+18j),12j,(5+16j),(9+17j),(5+10j)
(108-64j),(6+0j),(8-7j),(10-8j),(7-9j),(9-7j),(10-9j),(14-7j),(12-13j),(16-9j),(13-7j),(13-9j),(16-9j),(17-12j),(12-6j),(13-9j),(14-7j),(10-4j),(7+0j),(9-5j),(6+2j),2j,(-4+8j),(-2+9j),(-6+15j),(-6+14j),(-5+16j),0j,0j,0j,0j,0j,0j,0j,0j,0j,0j,0j,(-30-34j),(-29-36j),(-30-35j),(-32-31j),(-35-36j),(-35-29j),(-33-29j),(-33-25j),(-30-22j),(-27-20j),(-22-20j),(-21-18j),(-10-15j),(-11-14j),(-6-9j),(1-11j),(2-12j),(6-9j),(9-8j),(9-9j),(13-9j),(11-10j),(12-9j),(13-14j),(11-8j),(12-16j)
(94-32j),(5+0j),(8-11j),(9-4j),(9-7j),(11-7j),(10-5j),(8-4j),(12-6j),(9-3j),(14-5j),(17-3j),(16-2j),(12-6j),(17-5j),(15-7j),(15-1j),(12-3j),(8-1j),(9-1j),(3+1j),(-2+1j),(-2+7j),(-6+9j),(-10+5j),(-16+10j),(-15+11j),0j,0j,0j,0j,0j,0j,0j,0j,0j,0j,0j,(-23-31j),(-30-33j),(-28-34j),(-29-32j),(-27-30j),(-29-30j),(-29-27j),(-24-23j),(-27-24j),(-19-18j),(-17-18j),(-18-15j),(-12-18j),(-7-11j),(-5-8j),(-1-13j),(1-6j),(6-8j),(6-9j),(11-5j),(12-5j),(16-9j),(14-5j),(18-10j),(9-7j),(7-8j)
(94-32j),(5+0j),(8+7j),(5+11j),(6+8j),(5+10j),(9+9j),(5+8j),(9+12j),(8+14j),(5+11j),(8+11j),(7+13j),(5+15j),(9+14j),(5+11j),(8+8j),(5+10j),5j,(-3+2j),(-2+7j),(-5+4j),(-7-3j),(-6-4j),(-14-5j),(-13-9j),(-19-9j),0j,0j,0j,0j,0j,0j,0j,0j,0j,0j,0j,(23-37j),(19-35j),(21-40j),(16-37j),(14-36j),(18-36j),(16-37j),(13-32j),(11-35j),(11-28j),(8-22j),(8-19j),(5-17j),(7-9j),(9-5j),(10-1j),(8+3j),(7+8j),(10+5j),(7+8j),(9+5j),(11+9j),(9+10j),(15+9j),(15+10j),(14+8j)
(-66-32j),(11+0j),14j,(15+6j),(2-5j),(1-5j),(-6-17j),(-3-10j),(-14+8j),(-1-16j),(-9-15j),(-29-17j),(-24-11j),(-16-24j),(-20-8j),(-26-10j),(-20-12j),(-16-29j),(-17-21j),(-3-22j),(-6-18j),(6-19j),(4-18j),(11-16j),(-2-25j),(17-12j),(14-11j),0j,0j,0j,0j,0j,0j,0j,0j,0j,0j,0j,(-11+0j),(-6+9j),(-9+4j),(3+12j),(-5+9j),(-12+17j),(-2+22j),(-3+12j),(1+22j),(2+21j),(-1+25j),(7+9j),(8+34j),(12+35j),(7+25j),(7+25j),(13+24j),(12+22j),(16+22j),(7+19j),(13+33j),(8+15j),(5+16j),(7+18j),(4+10j),(-4+13j)
(-46+32j),(13+0j),(-11-17j),(14-4j),(8+1j),(-4+5j),(11-2j),(8+12j),(10-1j),(9-3j),(12+2j),(22-3j),(21-2j),(37+0j),(27+0j),(25-5j),(21-7j),(29+0j),(22+3j),(26+1j),(18+10j),(22+10j),(18+6j),(17+10j),(15+12j),(6+16j),(6+13j),0j,0j,0j,0j,0j,0j,0j,0j,0j,0j,0j,(4+17j),(1+6j),(14+2j),(8+1j),(14+0j),(13+8j),(18-4j),(17-8j),(20-2j),(21-7j),(14-11j),(13-21j),(16-18j),(17-20j),(9-24j),(13-25j),(9-34j),(2-25j),(4-34j),(-4-18j),(-2-32j),(-2-33j),(-4-16j),(7-18j),(-9-13j),(1-22j)
(-126+32j),(8+0j),(9-7j),(1+3j),3j,(-10+3j),(-4+9j),(-7+18j),(-10+7j),(-13+13j),(-7+8j),(-12+18j),(-23+24j),(-14+18j),(-20+26j),(-19+19j),(-24+11j),(-24+18j),(-18+12j),(-27+10j),(-30+8j),(-23+7j),(-22+6j),(-21-4j),(-23-3j),(-17-10j),(-18-12j),0j,0j,0j,0j,0j,0j,0j,0j,0j,0j,0j,11j,(4+10j),(5+6j),(-4+10j),(-2+10j),(6+6j),(11+9j),(13+14j),(18+10j),(15+10j),(21+4j),(24+11j),(24+1j),(25+1j),(34+2j),(37+0j),(37+6j),(32+3j),(36-1j),(34-5j),(28-6j),(30-4j),(27-1j),(24-6j),(22-8j),(10-9j)
(18+34j),(33+0j),(5-8j),(-3+2j),(-7-5j),(-8+7j),(-6+5j),(-9-2j),(-14+0j),(-10+4j),(-19+10j),(-11+8j),(-19+16j),(-12+14j),(-14+13j),(-24+10j),(-22+13j),(-24+18j),(-23+12j),(-25+5j),(-20+4j),(-19+4j),(-25+0j),(-23-8j),(-17-9j),(-17-9j),(-10-9j),0j,0j,0j,0j,0j,0j,0j,0j,0j,0j,0j,(-10+1j),(-6+11j),(-1+9j),(-4+4j),(-5+16j),10j,(4+9j),(9+13j),(14+10j),(11+18j),(17+8j),(14+12j),(14+22j),(20+14j),(22+14j),(33+12j),(20+3j),(26+3j),(25+8j),(25+7j),(27+8j),(16+4j),(17-5j),(25+5j),(18+5j),(9+11j)
(-51-48j),(12+0j),3j,(3+8j),-1j,(-1+6j),(-4+0j),(-20-4j),(-7-2j),(-13-1j),(-18-1j),(-20-3j),(-27+4j),(-24+1j),(-19-7j),(-25-2j),(-29-8j),(-30-14j),(-28-16j),(-26-11j),(-27-10j),(-8-13j),(-23-24j),(-11-16j),(-5-20j),(-7-15j),(8-10j),0j,0j,0j,0j,0j,0j,0j,0j,0j,0j,0j,(-7+0j),(-6-3j),(-9+13j),(-10+3j),20j,(-3+5j),(7+11j),21j,(1+22j),(-15+21j),(12+25j),(12+25j),(4+26j),(5+23j),(10+16j),(14+27j),(23+15j),(10+28j),(23+30j),(22+19j),(16+30j),(16+11j),(14+13j),(4+14j),(21+5j),(19+2j)
(98+32j),(6+0j),(-1+6j),(-1+2j),(-11-3j),(-3-7j),(-6-10j),(-4-7j),(-10-8j),(-1-9j),(-10-12j),(-8-19j),(-6-16j),(-16-17j),(-12-9j),(-13-24j),(-15-23j),(-9-27j),(-9-19j),(-8-28j),(-2-23j),(2-21j),(-2-18j),(6-14j),(15-6j),(13-10j),(5-7j),0j,0j,0j,0j,0j,0j,0j,0j,0j,0j,0j,(-13-8j),(-8-1j),(-7-3j),(-13+3j),(-4+3j),(-8+8j),(-9+14j),(-17+16j),(-13+16j),(-8+12j),(-5+17j),(-6+18j),(-7+22j),(-17+26j),(-9+29j),(-7+36j),(-9+26j),(-1+22j),35j,23j,(6+15j),(7+16j),20j,(-4+15j),(-2+15j),(6+25j)
(98+32j),(6+0j),(-5-11j),(4-4j),(4-11j),(16+2j),(10+6j),(2+6j),(18+7j),(23+0j),(15+8j),(16+16j),(20+4j),(20+13j),(25+13j),(23+7j),(24+21j),(28+25j),(14+26j),(22+25j),(15+14j),(8+22j),(3+17j),(3+18j),(-1+28j),(4+17j),(-8+21j),0j,0j,0j,0j,0j,0j,0j,0j,0j,0j,0j,(13+0j),(6+7j),(10-1j),(12-8j),(5-9j),(14-3j),(13-15j),(7-13j),(12-12j),(11-18j),(10-29j),(6-22j),(4-26j),(6-28j),(9-23j),(-5-33j),(-3-32j),(-3-37j),(-6-30j),(-5-28j),(-14-29j),(-16-23j),(-11-23j),(-8-24j),(-7-18j),(-3-19j)
(120-128j),(7+0j),(4-16j),-18j,(10-17j),(4-15j),(8-12j),(9-17j),(11-15j),(8-15j),(10-13j),(14-17j),(12-12j),(5-20j),(4-13j),(9-17j),(11-10j),(11-9j),(12-8j),(11-4j),(6-2j),(8+5j),(4+2j),(12+13j),(9+15j),(9+13j),(12+20j),0j,0j,0j,0j,0j,0j,0j,0j,0j,0j,0j,(-35-29j),(-36-26j),(-33-26j),(-38-23j),(-41-18j),(-43-20j),(-42-17j),(-37-16j),(-35-9j),(-32-12j),(-27-7j),(-28-9j),(-15-7j),(-23-12j),(-15-9j),(-7-11j),(-12-17j),(-11-16j),(-1-15j),(3-14j),(-3-14j),(-4-20j),(4-22j),(3-16j),(5-21j),(-5-18j)
(120-128j),(7+0j),(-19-10j),(-10-7j),(-14-12j),(-11-13j),(-6-12j),(-9-11j),(-6-13j),(-7-16j),(-7-12j),(-10-15j),(-11-16j),(-9-15j),(-4-19j),(-7-16j),(-13-15j),(-7-14j),(-2-11j),(-1-8j),(3-13j),(7-9j),(7-5j),(10-3j),(14-5j),(18-2j),(19-3j),0j,0j,0j,0j,0j,0j,0j,0j,0j,0j,0j,(-37+26j),(-34+25j),(-31+28j),(-31+31j),(-32+33j),(-28+32j),(-29+36j),(-22+36j),(-22+31j),(-18+28j),(-17+22j),(-13+17j),(-14+18j),(-13+11j),(-15+10j),(-14+6j),(-9+3j),(-10-1j),(-14-1j),(-19-4j),(-14-8j),(-16-9j),(-21-6j),(-11-8j),(-16-13j),(-18-11j)
(-128+0j),(8+0j),(-16+5j),(-12+7j),(-12+7j),(-14+2j),(-14+6j),(-14+1j),(-13+6j),(-17+9j),(-17-3j),(-12+10j),(-19+14j),(-22+7j),(-15-3j),(-19+0j),(-24+7j),(-11-5j),(-9+6j),(-13+2j),(-6+0j),(1+3j),(6-6j),(-3-13j),(-3-16j),(7-15j),(-2-18j),0j,0j,0j,0j,0j,0j,0j,0j,0j,0j,0j,(1+45j),(6+32j),(10+36j),(12+40j),(10+40j),(17+34j),(19+33j),(16+25j),(11+27j),(13+21j),(15+20j),(21+30j),(9+4j),(9+18j),(6+18j),(-3+24j),(-15+14j),(-15+11j),(-9-2j),(-9+13j),(-7+20j),(-17+8j),(-14+18j),(-10+17j),(-15+9j),(-5+13j)
(-34-30j),(45+0j),(2+10j),(5+9j),(11+9j),(-1+8j),(2+12j),(4+14j),(2+7j),(-2+10j),(-2+17j),(2+20j),(3+20j),(-5+12j),(-10+14j),(2+9j),(12+8j),(6+11j),(10+10j),(-11+4j),(-8+8j),(-4+10j),(-15-1j),(-15-8j),(-8-8j),(-9-9j),(-16-6j),0j,0j,0j,0j,0j,0j,0j,0j,0j,0j,0j,(26-23j),(21-20j),(25-25j),(18-19j),(24-22j),(17-32j),(17-27j),(20-20j),(17-17j),(16-16j),(14-17j),(9-22j),(10-2j),(20-16j),(10-14j),(-1+2j),(8-1j),(8-15j),(11+7j),(10+8j),(10+4j),(7+8j),(6+19j),(15+3j),(7+10j),(8+13j)
(94-32j),(5+0j),(18-8j),(18-1j),(11-4j),(7-3j),(10+0j),(13+1j),(10+5j),(16+1j),(16+5j),(14+1j),(19+3j),(17+4j),(17+8j),(15+4j),(15+5j),(10+7j),(10+8j),(5+5j),(4+6j),(1+8j),(-4+7j),(-1+11j),(-4+8j),(-9+11j),(-10+15j),0j,0j,0j,0j,0j,0j,0j,0j,0j,0j,0j,(6-35j),(3-38j),(4-38j),-43j,(-3-38j),(-6-41j),(-9-38j),(-6-38j),(-5-36j),(-11-33j),(-6-28j),(-3-20j),(-3-24j),(-1-18j),(-2-14j),(4-10j),(3-10j),(7-6j),(13-5j),(11-5j),(11-13j),(17-8j),(13-3j),(15-8j),(18-7j),(16-3j)
(94-32j),(5+0j),(9+14j),(6+9j),(6+10j),(1+11j),(2+11j),(6+13j),(5+13j),(2+16j),(9+15j),(4+12j),(3+21j),(6+18j),(5+16j),(3+11j),(5+12j),(1+11j),(2+14j),10j,(-4+5j),(-4+7j),(-13+9j),(-14+3j),(-12+3j),(-16+1j),(-19+0j),0j,0j,0j,0j,0j,0j,0j,0j,0j,0j,0j,(37-5j),(37-6j),(35-14j),(35-13j),(36-17j),(36-17j),(34-19j),(26-17j),(29-20j),(23-16j),(24-13j),(21-13j),(20-9j),(15-7j),(15-3j),(13+0j),(12-1j),(12+2j),(8+4j),(12+3j),(10+4j),(11+10j),(12+10j),(9+12j),(9+7j),(10+11j)
(-126+32j),(8+0j),8j,(-9+8j),(-11+13j),(-11+10j),(-8+2j),(-10+8j),(-11+5j),(-13+6j),(-13+12j),(-13+6j),(-15+8j),(-14+9j),(-14+7j),(-8+14j),(-15+10j),(-10+9j),(-13+2j),(-9+2j),(-9-4j),(-8+2j),(-9-8j),(-6-10j),(-4-12j),(-6-17j),(-6-17j),0j,0j,0j,0j,0j,0j,0j,0j,0j,0j,0j,(31+18j),(34+18j),(33+17j),(36+12j),(37+15j),(41+10j),(34+10j),(33+11j),(33+8j),(28+5j),(23+4j),(27+9j),(20+5j),(15+5j),(11+4j),(9+9j),(7+11j),(6+7j),(7+7j),(-3+6j),(-1+14j),(-4+14j),(2+18j),(-2+17j),14j,(-3+11j)
(-34-30j),(45+0j),(20-6j),(11-3j),(4-5j),(14-3j),(13-2j),(16+0j),(17+8j),(18+9j),(16+5j),(9+7j),(18+3j),(23+3j),(22+0j),(19-1j),(17+5j),(22+5j),(13+5j),(3+9j),(11+8j),(2+5j),(3+9j),(-9+8j),(-8+13j),(-13+16j),(-8+19j),0j,0j,0j,0j,0j,0j,0j,0j,0j,0j,0j,(4-46j),(3-41j),(-4-41j),(-6-39j),(-3-48j),(-6-39j),(-11-43j),(-14-41j),(-11-38j),(-9-33j),(-10-28j),(-10-26j),(-4-17j),(-5-22j),(2-21j),(2-15j),(8-14j),(6-12j),(1-9j),(14-8j),(20-14j),(5-7j),(9-13j),(6-13j),(14-12j),(19-12j)
(-34-30j),(45+0j),(-11-17j),(-3-12j),(-7-17j),(-1-12j),(-9-11j),(-3-16j),(1-17j),(2-9j),(2-12j),(3-22j),(1-16j),(6-15j),(-1-16j),(7-17j),-15j,(5-21j),(7-12j),(5-14j),(7-11j),(9-7j),(11-2j),(12-1j),(12-2j),(12+4j),(18+4j),0j,0j,0j,0j,0j,0j,0j,0j,0j,0j,0j,(-35-16j),(-36-17j),(-40-15j),(-40-8j),(-41-8j),(-40-8j),(-40-6j),(-41+0j),(-32-1j),(-34-2j),(-24-3j),(-20-3j),(-16-2j),(-14-6j),(-12-3j),(-10-9j),(-6-9j),(-7-9j),(-4-17j),(-6-16j),(-2-10j),(-3-18j),(-1-17j),(-7-17j),(-1-19j),(-9-22j)
(94-32j),(5+0j),(-9-12j),(-11-12j),(-7-11j),(-4-12j),(-8-12j),(-5-7j),(-7-16j),(-4-11j),(-4-19j),(-5-14j),(-1-17j),(-4-18j),(-1-13j),(-6-15j),(-4-11j),(-1-13j),(2-13j),(7-12j),(7-11j),(5-7j),(9-7j),(10-2j),(11+0j),(11-3j),(18+1j),0j,0j,0j,0j,0j,0j,0j,0j,0j,0j,0j,(-32-13j),(-33-17j),(-33-11j),(-33-7j),(-36-12j),(-37+1j),(-36+0j),(-36+1j),(-31+1j),(-22+2j),(-22+1j),(-20+1j),(-16+0j),(-16-4j),(-15-5j),(-9-4j),(-5-2j),(-10-11j),(-5-14j),(-4-10j),(-6-12j),(-6-10j),(-6-12j),(-7-12j),(-10-17j),(-8-18j)
(125-48j),(7+0j),(12-8j),(8-3j),(12+0j),(9-3j),(12+1j),(12-6j),(2+1j),(11-5j),(20-10j),(22+8j),(13+5j),(4+0j),(18+4j),(17-9j),(11+7j),(16-5j),(17-2j),(11+3j),(1+18j),(9-2j),(6+5j),(3+16j),(5+0j),(-5+15j),(-4+5j),0j,0j,0j,0j,0j,0j,0j,0j,0j,0j,0j,(13-31j),(14-35j),(11-34j),(8-38j),(8-39j),-30j,(5-34j),(-1-35j),(-2-31j),(-6-28j),(1-27j),(2-22j),(11-22j),(-4-9j),(4-13j),(14-12j),(-1-5j),(-4+2j),(11+7j),(12+1j),(12-5j),(12-13j),(13+1j),(11-2j),(12-12j),(13-2j)
(-111+16j),(9+0j),(-11-11j),(-12-15j),(-9-8j),(-10-10j),(-9-9j),(-11-11j),(-2-14j),(-6-11j),(-3-12j),(-1-16j),(-4-18j),(-7-16j),-17j,(-4-19j),(-1-20j),(-6-18j),(-3-20j),(5-16j),(8-13j),(5-9j),(15-8j),(15-6j),(14-1j),(16-2j),(17+0j),0j,0j,0j,0j,0j,0j,0j,0j,0j,0j,0j,(-37+10j),(-38+13j),(-34+14j),(-34+21j),(-34+16j),(-35+17j),(-31+26j),(-31+23j),(-30+22j),(-20+20j),(-23+17j),(-22+16j),(-17+14j),(-12+9j),(-14+5j),(-11-4j),(-8-5j),(-4-2j),(-11-9j),(-10-10j),(-9-13j),(-13-10j),(-14-14j),(-17-11j),(-16-11j),(-13-5j)
(-98-32j),(9+0j),(-15-11j),(-9-11j),(-14-7j),(-13-4j),(-6-7j),(1-14j),(-9-14j),-12j,(-4-13j),(-1-19j),(-2-16j),(-8-16j),(-8-14j),(-8-16j),(3-21j),(2-9j),(11-12j),(6-13j),(6-9j),(15-3j),(3-5j),(7+3j),(15-3j),(13+0j),(22+5j),0j,0j,0j,0j,0j,0j,0j,0j,0j,0j,0j,(-36+12j),(-35+15j),(-36+13j),(-35+18j),(-36+20j),(-32+15j),(-36+19j),(-31+27j),(-28+24j),(-31+19j),(-24+14j),(-21+21j),(-16+4j),(-20+13j),(-6+9j),(-8+2j),(-17-3j),(-4-15j),(-5-4j),(-14-13j),(-10-12j),(-6+2j),-15j,(-15-2j),(-24-16j),(-23-17j)
(-98-32j),(9+0j),(-1+12j),12j,9j,(-4+12j),(-3+6j),(-6+12j),(-5+12j),(-5+14j),(-6+10j),(-8+12j),(-11+12j),(-5+15j),(-11+13j),(-13+15j),(-15+12j),(-10+13j),(-9+9j),(-10+8j),(-11+0j),(-6+5j),(-8+4j),(-8-2j),(-10-4j),(-6-8j),(-7-9j),0j,0j,0j,0j,0j,0j,0j,0j,0j,0j,0j,(33+4j),(32+1j),(37+2j),(33-5j),(35+0j),(34-5j),(32-6j),(24-5j),(29-6j),(23-5j),(16+0j),(19-3j),(16+0j),(12+1j),(7-1j),(3+2j),2j,(-1+7j),(1+14j),(-4+16j),(-3+15j),(3+12j),(3+15j),(9+14j),(2+21j),(4+10j)
(2+33j),(16+0j),(7+9j),(8+6j),(9+10j),(7+5j),(4+17j),(-2+7j),(3+18j),(1+23j),9j,(5+12j),(-2+32j),(4+28j),(9+6j),(-6+1j),(-17+20j),(-2+8j),(-4+11j),(-11+19j),(-6+23j),(-17-7j),(-11+8j),(-16-8j),(-7-6j),(-14-10j),(-3-4j),0j,0j,0j,0j,0j,0j,0j,0j,0j,0j,0j,(9-37j),(7-42j),(10-36j),(9-35j),(4-33j),(15-29j),(11-42j),(7-31j),-33j,-20j,(-3-25j),(15-25j),(17-5j),-1j,(5-30j),(-2+0j),(1+9j),(20+18j),(13+13j),(20+1j),(-8+8j),(15+21j),(25+17j),(15+24j),(9+4j),(10+7j)
(-98-32j),(9+0j),(-8-14j),(-7-10j),(-5-9j),-7j,(-2-6j),(-6-12j),(3-6j),(1-14j),(-1-10j),-13j,(7-16j),(1-18j),(4-15j),(10-20j),(5-20j),(12-22j),(8-13j),(8-14j),(6-11j),(11-4j),(10-2j),(11-3j),(6+4j),(10+3j),(9+2j),0j,0j,0j,0j,0j,0j,0j,0j,0j,0j,0j,(-41+8j),(-40+10j),(-38+12j),(-32+10j),(-42+15j),(-36+17j),(-41+18j),(-38+17j),(-28+16j),(-27+13j),(-22+12j),(-12+11j),(-17+4j),(-11+5j),(-6-1j),(-8-2j),(-4-15j),(-5-13j),(-6-7j),(-9-17j),(-3-8j),(-7-14j),(-8-13j),(-8-13j),(-11-15j),(-6-17j)
(-34-30j),(45+0j),(-10+3j),(-17+7j),(-9+4j),(-11+10j),(-8+5j),(-10-3j),(-19+1j),(-6+2j),(-11-5j),(-12+1j),(-16+1j),(-23-4j),(-20-3j),(-17+0j),(-20-1j),(-13+0j),(-12-2j),(-18-8j),(-10-7j),(-7-2j),(-1-11j),(-5-9j),(2-11j),(6-10j),(6-8j),0j,0j,0j,0j,0j,0j,0j,0j,0j,0j,0j,(-5+38j),(4+38j),(1+34j),(2+38j),(4+39j),(7+40j),(4+36j),(5+26j),(5+31j),(13+29j),(10+28j),(-2+23j),(-1+17j),(-2+8j),(-11+10j),(-2+4j),(-20+4j),(-18+6j),(-12+2j),(-12+2j),(-12+10j),(-12+11j),(-21+9j),(-12+6j),(-18+8j),(-11+5j)
(-10+96j),(15+0j),(-7+13j),(-14+11j),(-10+9j),(-18+4j),(-14+4j),(-11+5j),(-13+4j),(-14+1j),(-16+0j),(-12-8j),(-19-1j),(-20+7j),(-24+2j),(-19+1j),(-20+0j),(-14-2j),(-9-8j),(-11-2j),(-3-11j),(-7-13j),(-7-8j),(-3-3j),(5-12j),(6-14j),(11-16j),0j,0j,0j,0j,0j,0j,0j,0j,0j,0j,0j,(12+39j),(16+43j),(13+40j),(19+32j),(15+39j),(24+39j),(17+35j),(14+34j),(17+27j),(17+24j),(12+20j),(8+23j),(2+11j),(3+14j),10j,(-4+5j),(-8+7j),(-8+3j),(-14+4j),(-17+8j),(-17+11j),(-14+11j),(-17+10j),(-17+13j),(-14+20j),(-11+11j)
(-101-79j),(25+0j),(-6+12j),(-7+16j),(-7+13j),(-7+10j),(-12+7j),(-7+3j),(-9+8j),(-13+7j),(-14+7j),(-11+7j),(-17+6j),(-14+10j),(-19+9j),(-17+7j),(-21+3j),(-16+6j),(-17-5j),(-16+1j),(-12-6j),(-6-5j),(-4-5j),(-8-12j),(-6-9j),(1-11j),(6-20j),0j,0j,0j,0j,0j,0j,0j,0j,0j,0j,0j,(22+36j),(25+37j),(21+35j),(25+34j),(23+29j),(28+29j),(37+29j),(29+28j),(27+19j),(24+18j),(23+13j),(19+17j),(11+9j),(8+11j),(1+14j),(2+7j),(-3+9j),(-6+10j),(-12+14j),(-12+15j),(-12+15j),(-12+16j),(-13+19j),(-10+16j),(-8+16j),(-7+16j)
(-81-15j),(26+0j),(6+16j),(8+9j),(5+15j),(1+11j),(1+9j),(2+10j),(-5+12j),(-6+6j),(-1+11j),(-7+13j),(-4+15j),(-5+18j),(-2+19j),(-7+14j),(-8+15j),(-9+12j),(-7+10j),(-10+12j),(-3+11j),(-7+8j),(-9+3j),(-11-4j),(-11-4j),(-13-7j),(-13-9j),0j,0j,0j,0j,0j,0j,0j,0j,0j,0j,0j,(38+7j),(37+3j),(39+0j),(39-1j),(40-6j),(36-3j),(37-10j),(35-6j),(30-5j),(26-5j),(22-4j),(19-4j),(14-1j),(14-1j),(10+4j),(11+11j),(4+5j),(2+7j),(3+10j),16j,(3+17j),(5+16j),(8+10j),(5+19j),(8+17j),(9+14j)
(108-64j),(6+0j),(-2-6j),(-2-11j),(-2-8j),(-2-1j),-5j,(9-6j),(7-5j),(15+8j),(5+4j),(20-2j),(15+1j),(15+0j),(26+8j),(20+5j),(27+5j),(19+3j),(20+4j),(17+7j),(20+12j),(19+12j),(8+7j),(6+15j),(7+13j),(5+13j),(4+10j),0j,0j,0j,0j,0j,0j,0j,0j,0j,0j,0j,(9+2j),(3-1j),(1-7j),(4+1j),(4-9j),(11-13j),(-3-10j),(5-12j),(1-21j),(6-17j),(-8-23j),(-7-21j),(-3-21j),(-3-25j),(-10-22j),(-7-30j),(-14-22j),(-13-27j),(-8-19j),(-11-19j),(-18-12j),(-13-22j),(-9-14j),(-12-19j),(-16-8j),(-11-13j)
(98+32j),(6+0j),(-11-1j),(5+0j),(-9+1j),(1-3j),(1-12j),(7-14j),(13-4j),(5-11j),(3-17j),(14-20j),(14-22j),(6-28j),(10-23j),(10-25j),(13-27j),(12-26j),(14-21j),(16-21j),(17-14j),(19-11j),(25-11j),(22-3j),(15-3j),(20+3j),(19+8j),0j,0j,0j,0j,0j,0j,0j,0j,0j,0j,0j,(3-6j),(5-5j),(3-11j),(-5-12j),(-10-9j),(-10-6j),(-8-4j),(-18-8j),(-16-9j),(-22-5j),(-24-7j),(-26-9j),(-26+0j),(-29+0j),(-33+1j),(-29-1j),(-33-2j),(-30+6j),(-26+6j),(-32+8j),(-38+6j),(-30+4j),(-22+12j),(-17+8j),(-23+9j),(-11+11j)
(125-48j),(7+0j),(-5+2j),(-7-2j),(1-2j),(-8-7j),(-7-2j),(-4-18j),(-3-24j),(4-21j),(3-19j),(-2-24j),(2-22j),-26j,(2-26j),(2-23j),(4-30j),(10-29j),(3-30j),(9-27j),(9-23j),(12-20j),(12-21j),(16-7j),(16-16j),(20-9j),(25+0j),0j,0j,0j,0j,0j,0j,0j,0j,0j,0j,0j,(8-8j),(8-11j),(-2-13j),(-6-10j),(-8-7j),(-4-9j),(-11-16j),(-14-10j),(-20-12j),(-21-1j),(-25-6j),(-32+2j),(-26-1j),(-30-6j),(-33+7j),(-36+12j),(-27+2j),(-32+9j),(-29+7j),(-32+12j),(-29+4j),(-27+14j),(-28+3j),(-29+2j),(-13+12j),(-6+2j)
(-61+48j),(12+0j),(-15-6j),(-3-3j),(3-13j),(9-3j),(6-9j),(7-7j),(14-10j),(14-15j),(16-16j),(20-19j),(19-23j),(23-14j),(21-23j),(20-17j),(24-14j),(14-13j),(27-18j),(26-12j),(21-10j),(26-3j),(20-1j),(28-4j),(18+5j),(19+4j),(16+7j),0j,0j,0j,0j,0j,0j,0j,0j,0j,0j,0j,(8+1j),(13-3j),(11-8j),(6-6j),(2-11j),-13j,-16j,(-5-19j),(-12-18j),(-6-21j),(-5-26j),(-12-20j),(-16-21j),(-14-21j),(-18-19j),(-26-19j),(-26-27j),(-27-22j),(-24-16j),(-35-18j),(-26-17j),(-27-12j),(-24-14j),(-27-12j),(-14-10j),(-15-8j)
(-128+0j),(8+0j),(-11-2j),(-9-3j),(-5-5j),(-8-7j),(-8-7j),(-6-5j),(-8-9j),(-7-12j),(-10-10j),(-11-12j),(-7-16j),(-10-15j),(-16-14j),(-9-15j),(-8-15j),(-8-18j),(-2-15j),(-2-11j),-15j,(4-9j),(1-6j),(7-7j),(11-5j),(15-4j),(14-2j),0j,0j,0j,0j,0j,0j,0j,0j,0j,0j,0j,(-14+36j),(-8+35j),(-10+38j),(-8+40j),(-3+41j),(-3+42j),(-1+40j),(-5+38j),(1+32j),(3+31j),(-2+27j),(-1+24j),(-2+20j),(1+16j),(-3+11j),(-4+6j),(-4+6j),(-8-1j),(-8+4j),(-10+2j),(-9+1j),(-10-1j),(-9+0j),(-10+1j),(-13+2j),(-12+1j)
(108-64j),(6+0j),(-2-9j),(-4-5j),(-2-8j),-9j,-9j,(2-10j),(6-13j),(2-13j),(7-15j),(7-16j),(5-14j),(4-20j),(8-19j),(11-15j),(9-19j),(7-14j),(10-13j),(10-10j),(14-8j),(8-2j),(11+1j),(9+5j),(6+7j),(10+9j),(10+13j),0j,0j,0j,0j,0j,0j,0j,0j,0j,0j,0j,(-43+10j),(-42+11j),(-44+11j),(-44+16j),(-45+14j),(-41+18j),(-38+18j),(-38+19j),(-36+21j),(-28+16j),(-28+14j),(-25+14j),(-20+11j),(-17+7j),(-12+5j),(-14+1j),(-5-1j),(-3-4j),(-6-5j),(-6-7j),(-8-9j),(-8-9j),(-7-11j),(-6-14j),(-10-13j),(-7-11j)
(94-32j),(5+0j),(-5-12j),(-5-7j),(-5-6j),(-3-11j),-10j,(4-9j),(-3-8j),(4-13j),(4-11j),(5-17j),(2-16j),(6-20j),(11-18j),(9-15j),(9-12j),(1-12j),(5-10j),(8-8j),(6-7j),(9-5j),(9-2j),(6+1j),(7+3j),(9+8j),(11+14j),0j,0j,0j,0j,0j,0j,0j,0j,0j,0j,0j,(-39-2j),(-39-2j),(-42+1j),(-39+0j),(-39+6j),(-38+6j),(-39+9j),(-38+9j),(-33+9j),(-28+8j),(-28+9j),(-20+8j),(-21+10j),(-17+3j),(-13+0j),(-13-1j),(-10-1j),(-4-1j),(-3-6j),(-6-4j),(1-12j),(-2-7j),(-10-11j),(-5-12j),(-3-10j),(-5-12j)
(94-32j),(5+0j),(6-7j),(4-1j),(6-5j),(9-2j),(8+1j),(10-2j),(9+4j),(7+7j),(12+3j),(15+6j),(16+5j),(14+6j),(9+8j),(15+10j),(15+6j),(9+9j),(10+7j),(7+7j),(6+7j),(3+11j),(-2+7j),(-3+9j),(-14+5j),(-14+7j),(-11+7j),0j,0j,0j,0j,0j,0j,0j,0j,0j,0j,0j,(-15-33j),(-17-33j),(-19-34j),(-20-35j),(-23-33j),(-22-34j),(-23-34j),(-21-29j),(-23-23j),(-19-25j),(-19-21j),(-18-16j),(-11-15j),(-8-15j),(-5-11j),(-5-9j),-8j,(4-1j),(3-4j),(4-5j),(8-5j),(11-9j),(8-6j),(11-5j),(10-8j),(9-7j)
(94-32j),(5+0j),(3+2j),7j,(3+5j),(1+11j),(1+6j),9j,(-1+12j),(-2+14j),(-4+15j),(-5+12j),(-4+18j),(-5+19j),(-7+17j),(-6+14j),(-7+14j),(-7+16j),(-5+16j),(-12+14j),(-10+10j),(-12+6j),(-9+3j),(-10+0j),(-14-6j),(-14-7j),(-15-12j),0j,0j,0j,0j,0j,0j,0j,0j,0j,0j,0j,(41-12j),(43-14j),(40-17j),(36-21j),(40-22j),(38-24j),(38-24j),(31-25j),(35-22j),(33-23j),(25-15j),(18-15j),(19-13j),(15-9j),(11-4j),(8-9j),(7+0j),(8+3j),(5+2j),(6+3j),(9+4j),(8+9j),(4+9j),(6+5j),(6+10j),(7+7j)
(125-48j),(7+0j),(-3+15j),(-9+9j),(-6+8j),(-8+4j),(-10+7j),(-13+6j),(-9+2j),(-9+6j),(-15+4j),(-19+8j),(-18+2j),(-19+6j),(-18+1j),(-19+8j),(-17+4j),(-20+4j),(-16+3j),(-15+0j),(-8-1j),(-11-2j),(-6-13j),(-9-14j),(-9-16j),(-5-15j),(-6-20j),0j,0j,0j,0j,0j,0j,0j,0j,0j,0j,0j,(36+24j),(38+25j),(38+24j),(35+22j),(40+21j),(41+17j),(44+16j),(36+14j),(33+7j),(37+7j),(28+5j),(25+5j),(21+9j),(16+3j),(10+9j),(4+9j),(3+7j),(4+2j),(-2+3j),(-2+9j),(-4+10j),(-5+12j),(-3+11j),(-2+11j),(-6+8j),(-1+6j)
(-61+48j),(12+0j),(8-2j),(8+0j),(13-2j),(13+5j),(3+8j),(13+9j),(10+7j),(8+10j),(7+11j),(15+10j),(12+16j),(11+18j),(11+16j),(9+12j),(11+15j),(7+14j),(9+15j),(3+14j),(-1+12j),(-5+10j),(-6+7j),(-11+7j),(-10+8j),(-12+4j),(-13+1j),0j,0j,0j,0j,0j,0j,0j,0j,0j,0j,0j,(6-41j),(2-47j),(2-39j),(5-48j),(-2-44j),(-4-41j),(1-44j),(-7-43j),(-7-37j),(-4-36j),(-6-32j),(-10-22j),(-7-21j),(-2-19j),(-6-16j),(6-15j),(8-10j),(9-8j),(4-5j),(8-2j),(2+0j),(3-6j),(10+2j),(15-2j),(10-4j),(11-5j)
(-98-32j),(9+0j),(-2-3j),(4-3j),(11-14j),(12+4j),(2+2j),(7+7j),16j,(12+15j),(23+7j),(20+5j),(27+6j),(18+13j),(15+9j),(23+11j),(12+13j),(21+8j),(21+17j),(21+15j),(23+5j),(15+20j),(12+17j),(6+18j),(4+28j),(-3+19j),(-2+14j),0j,0j,0j,0j,0j,0j,0j,0j,0j,0j,0j,(10+5j),(3+4j),(-2+8j),(7-3j),(13+4j),(8-3j),(6-15j),(12-7j),(15-17j),(14-9j),(6-32j),(18-20j),(3-26j),(11-20j),(8-16j),(5-33j),(3-30j),(7-34j),(5-32j),(2-30j),-31j,(-5-26j),(-4-20j),(-7-22j),(-8-24j),(-4-11j)
(98+32j),(6+0j),(1-7j),(-4-9j),(3+1j),(7+6j),(6+3j),(2+3j),(10+12j),(9+2j),(22+13j),(18+6j),(19+20j),(22+24j),(19+17j),(13+26j),(16+26j),(14+22j),(13+27j),(14+25j),(9+29j),(15+21j),(-2+20j),(-3+25j),(-8+22j),(-13+14j),(-17+10j),0j,0j,0j,0j,0j,0j,0j,0j,0j,0j,0j,(8+0j),(11+2j),(7-4j),(7+0j),(10-3j),(3-13j),(7-11j),(6-11j),(14-10j),(12-18j),(10-29j),(6-16j),(7-26j),(6-26j),(5-35j),(1-34j),(-7-27j),(-4-31j),(-4-34j),(1-41j),(-10-29j),(-4-22j),(-6-29j),(-5-31j),(-5-19j),(-13-27j)
(-51-48j),(12+0j),(9-1j),(5+0j),(3-3j),(4+8j),(-2+8j),(-6+8j),(2+4j),(-10+18j),(-5+22j),(-6+20j),(-11+22j),(-8+20j),(-3+26j),(-8+24j),(-8+20j),(-9+22j),(-7+28j),(-12+23j),(-11+10j),(-24+21j),(-12+11j),(-15+8j),(-13+7j),(-19+6j),(-21+2j),0j,0j,0j,0j,0j,0j,0j,0j,0j,0j,0j,(-7+5j),(-3+5j),(-6+6j),(-9+5j),(2+10j),(-1+11j),(3+12j),(2+6j),(7+12j),(19+13j),(15+11j),(11+17j),(14+23j),(15+3j),(22+8j),(20+12j),(24+7j),(29+5j),(19-2j),(31+4j),(21-2j),(22+6j),(26-1j),(22-2j),(13+1j),(16+3j)
(-111+16j),(9+0j),(-5+14j),(1+3j),(-5+5j),(-6+8j),(-5+7j),(-9+1j),(-21+9j),(-10-2j),(-21+8j),(-16+9j),(-22+8j),(-16+4j),(-20-3j),(-18+4j),(-28+7j),(-32+9j),(-29+0j),(-23-4j),(-32-3j),(-20-3j),(-22-7j),(-11-7j),(-17-13j),(-12-18j),(-9-25j),0j,0j,0j,0j,0j,0j,0j,0j,0j,0j,0j,(-7-3j),(-13+2j),(-14+4j),(-10+1j),(-13+6j),(-16+12j),(-9+15j),(-10+7j),(-1+12j),(-12+18j),(-3+19j),(-5+19j),(-1+23j),(14+29j),(4+36j),(5+31j),(9+27j),(15+28j),(18+29j),(22+23j),(13+18j),(20+21j),(16+17j),(15+23j),(14+20j),(11+19j)
(108-64j),(6+0j),(-5-3j),(3-1j),(-3+2j),(-7-3j),(-12-3j),(-21-11j),(-13+1j),(-22-5j),(-9-3j),(-22-2j),(-25-9j),(-23-9j),(-22-8j),(-29-16j),(-25-16j),(-19-2j),(-26-7j),(-19-4j),(-21-24j),(-16-10j),(-10-12j),(-13-14j),(-6-23j),(-7-20j),(-1-11j),0j,0j,0j,0j,0j,0j,0j,0j,0j,0j,0j,(-3-8j),(-2-11j),(-10+4j),(-3+2j),(-7-1j),(-9-4j),(-2+8j),(-13+18j),(-19+26j),(-21+14j),(-13+13j),(-4+14j),(-14+25j),(-10+23j),(-8+31j),(4+28j),(1+31j),(-3+20j),(6+25j),31j,(5+31j),(13+20j),(6+27j),(3+18j),(8+20j),(9+13j)
(73-110j),(36+0j),(-7+0j),(-7-2j),(-6-9j),(2-9j),(-2-5j),(-3-3j),-18j,(-5-10j),(-7-22j),(-7-29j),(-6-20j),(-5-21j),(-9-33j),(-4-23j),(2-32j),(4-30j),(-1-31j),(1-28j),(5-32j),(13-22j),(11-22j),(11-24j),(6-12j),(13-5j),(23-6j),0j,0j,0j,0j,0j,0j,0j,0j,0j,0j,0j,(-1-12j),(-8-10j),(-3-8j),(-6-4j),(-6-4j),(-13-7j),(-15+1j),(-21-2j),(-21-2j),(-18+9j),(-22+15j),(-31+5j),(-23+12j),(-31+12j),(-27+23j),(-35+17j),(-30+22j),(-27+23j),(-24+17j),(-30+17j),(-15+24j),(-20+19j),(-16+20j),(-16+11j),(-15+21j),(-7+17j)
(102+98j),(38+0j),(6-3j),(5+3j),(14-7j),(-10+5j),(-11+0j),(-12+4j),(1+11j),(-6+8j),(-8+11j),(-14+8j),(-9+16j),(-16+15j),(-17+19j),(-18+26j),(-20+7j),(-18+10j),(-20+17j),(-19+15j),(-16+5j),(-27+5j),(-23-3j),(-18-8j),(-13-7j),(-17-6j),(-10-10j),0j,0j,0j,0j,0j,0j,0j,0j,0j,0j,0j,(-3+9j),(5+6j),(-1+14j),(5+8j),(2+4j),(4-2j),(3+9j),(12+8j),(16+3j),(17+1j),(21-3j),(20+1j),(31+1j),(27-5j),(25-21j),(28-4j),(32-11j),(29-12j),(16-10j),(32-6j),(20-14j),(24-8j),(16-4j),(25-9j),(14-7j),(8-3j)
(-98-32j),(9+0j),(3+0j),(5+1j),2j,(4+4j),(5+3j),(3+9j),(8+4j),(6+10j),(10+11j),(12+10j),(14+13j),(15+10j),(17+9j),(10+7j),(17+8j),(9+8j),(9+7j),(6+4j),(5+6j),(4+4j),(-1+6j),(-6+3j),(-6+7j),(-10+5j),(-12+7j),0j,0j,0j,0j,0j,0j,0j,0j,0j,0j,0j,(-24-31j),(-27-33j),(-27-33j),(-30-34j),(-32-29j),(-28-30j),(-34-28j),(-32-28j),(-28-25j),(-25-23j),(-23-23j),(-19-21j),(-16-17j),(-14-12j),(-6-12j),(-8-14j),(-3-15j),(1-12j),(2-6j),(5-8j),(4-7j),(3-7j),(5-6j),(7-9j),(1-2j),(4-4j)
(94-32j),(5+0j),-6j,(1-3j),(3-6j),(5-1j),(6-7j),(10-7j),(7-9j),(7-9j),(6-13j),(12-10j),(12-17j),(4-17j),(7-17j),(7-13j),(7-12j),(8-14j),(8-8j),(8-10j),(6-7j),(10-2j),(7-2j),(6+3j),(9+3j),(8+9j),(11+13j),0j,0j,0j,0j,0j,0j,0j,0j,0j,0j,0j,(-30+29j),(-29+29j),(-28+32j),(-30+28j),(-27+35j),(-24+32j),(-28+32j),(-23+31j),(-20+28j),(-22+27j),(-15+24j),(-15+19j),(-14+16j),(-14+12j),(-15+8j),(-8+4j),(-11+2j),(-11-4j),(-7-3j),(-11-4j),(-8-5j),(-4+0j),(-7-5j),(-3-5j),(-6-2j),(-6-3j)
(-51-48j),(12+0j),(-1+2j),(4+2j),(5-1j),(5+3j),(5+5j),(2+3j),(8+4j),(13+5j),(15+3j),(10+2j),(13+0j),(10+5j),(17+3j),(17+5j),(17+4j),(15+4j),(12+3j),(12+6j),(7+8j),(5+8j),(3+8j),7j,(-3+7j),(-2+9j),(-5+4j),0j,0j,0j,0j,0j,0j,0j,0j,0j,0j,0j,(-37-14j),(-41-16j),(-40-10j),(-41-9j),(-43-10j),(-40-14j),(-42-10j),(-40-10j),(-38-10j),(-33-5j),(-29-5j),(-28-3j),(-23-5j),(-23-2j),(-12-4j),(-9-6j),(-8-7j),(-4-8j),(-1-10j),(1-6j),(4-7j),-8j,(4-4j),(6-11j),(5-7j),(3-9j)
(-111+16j),(9+0j),(2-1j),2j,(4+0j),(10-2j),(9+6j),(8+5j),(11+6j),(7+9j),(11+4j),(11+8j),(14+9j),(14+7j),(14+5j),(13+9j),(13+3j),(14+4j),(12+6j),(8+3j),(5+8j),(1+6j),7j,(-2+4j),(-7+9j),(-3+5j),(-7+11j),0j,0j,0j,0j,0j,0j,0j,0j,0j,0j,0j,(-37-27j),(-34-27j),(-40-26j),(-36-20j),(-43-19j),(-37-17j),(-36-19j),(-37-17j),(-35-13j),(-27-16j),(-23-10j),(-21-17j),(-20-13j),(-15-14j),(-10-6j),(-8-9j),(-8-9j),(-1-8j),-7j,-11j,(4-9j),(3-8j),(4-11j),-7j,(3-5j),(6+1j)
(108-64j),(6+0j),(2-1j),(5-3j),(6-4j),(7-6j),(8-1j),(9-5j),(13-2j),(13-4j),(10-5j),(11-5j),(17-5j),(11-10j),(10-7j),(15-6j),(14-5j),(11-5j),(9-8j),(9-2j),(8-2j),(10+1j),(7+1j),(7+5j),(6+8j),(2+11j),(2+11j),0j,0j,0j,0j,0j,0j,0j,0j,0j,0j,0j,(-40+1j),(-43+1j),(-42+3j),(-43+5j),(-40+8j),(-42+8j),(-43+6j),(-37+8j),(-35+10j),(-33+14j),(-32+8j),(-26+4j),(-24-2j),(-21+2j),(-16+1j),(-13-4j),(-9-4j),(-10-1j),(-5-5j),(-6-3j),(-8-10j),(-5-9j),(-2-12j),(-4-9j),(-6-3j),(-3-6j)
(73-110j),(36+0j),(2-3j),(5-1j),(8-3j),(5-1j),(12+4j),(9+4j),(10+2j),(12+5j),(15-3j),(16-3j),(17-2j),(14+1j),(16+0j),(18-2j),(14-1j),(13+1j),(14-2j),(10-2j),(10-2j),(5+6j),(4+4j),(2+6j),(-3+7j),(-4+10j),(-3+13j),0j,0j,0j,0j,0j,0j,0j,0j,0j,0j,0j,(-42-9j),(-40-9j),(-41-6j),(-42-6j),(-47-6j),(-46-2j),(-43+0j),(-40+1j),(-36+2j),(-36+0j),(-30-8j),(-28-1j),(-20-3j),(-16-5j),(-16-6j),(-14-4j),(-13-7j),(-8-4j),(-7-9j),(-2-10j),(2-9j),-9j,(-3-11j),(5-11j),(3-5j),(1-9j)
(102+98j),(38+0j),(1+5j),(3+6j),(1+4j),(1+6j),(3+6j),(1+12j),(1+10j),(1+16j),(1+13j),(2+16j),16j,(4+15j),(4+16j),(1+16j),(2+13j),(1+12j),(4+11j),(-5+10j),(-2+10j),(-4+7j),(-4+3j),(-6+3j),(-10+0j),(-10-4j),(-13-3j),0j,0j,0j,0j,0j,0j,0j,0j,0j,0j,0j,(3-43j),(3-43j),-42j,(-3-44j),(-4-45j),(-7-45j),-39j,(-6-39j),(-3-37j),-35j,(-4-31j),(-3-25j),(2-20j),-21j,(3-16j),(2-11j),(3-9j),(6-6j),(6-6j),(7-3j),(6-4j),(8-2j),(7-2j),(11-1j),(5-1j),(5-4j)
(98+32j),(6+0j),(2-3j),(-10+7j),(2-5j),(-2+6j),(-3-2j),(8+8j),(14+5j),(9+6j),(8+17j),(16+12j),(15+10j),(17+12j),(22+15j),(16+19j),(16+17j),(16+23j),(15+22j),(10+19j),(8+20j),(6+23j),(3+19j),24j,(-1+16j),(-5+22j),(-6+16j),0j,0j,0j,0j,0j,0j,0j,0j,0j,0j,0j,(8+8j),(-6+4j),(10+6j),(7-2j),(8+2j),(14-1j),(14+1j),(9-5j),(16-6j),(15-6j),(21-15j),(18-10j),(16-18j),(17-24j),(20-29j),(15-22j),(13-30j),(14-23j),(8-29j),(10-26j),(12-33j),(9-26j),(3-27j),(13-14j),(2-17j),(8-13j)
(-128+0j),(8+0j),(-5+1j),(-13+9j),(4-3j),(8-6j),(3-1j),-7j,(9-16j),(19-16j),(6-20j),(13-15j),(10-14j),(14-23j),(13-24j),(9-20j),(18-19j),(12-22j),(16-12j),(21-18j),(26-11j),(24-7j),(17-6j),(24+2j),(20+9j),(16+9j),(5+4j),0j,0j,0j,0j,0j,0j,0j,0j,0j,0j,0j,-10j,(9-11j),(2-11j),(-3-11j),(1-11j),(-13-15j),(-17-16j),(-16-7j),(-15-2j),(-21-7j),(-21-5j),(-19-4j),(-27-9j),(-30+1j),(-26+5j),(-40+3j),(-42+4j),(-34+3j),(-30+4j),(-37+5j),(-28-1j),(-20+3j),(-26+3j),(-22+9j),(-13+1j),(-15+13j)
(98+32j),(6+0j),(-3+1j),(-4-3j),(-6+7j),(1-11j),(-4-1j),(-3-10j),(-12-11j),(-11-16j),(-12-12j),(-19-15j),(-13-16j),(-17-24j),(-13-18j),(-20-18j),(-17-23j),(-14-26j),(-7-23j),(-8-25j),(-2-24j),(-3-28j),(1-26j),(4-26j),(11-19j),(6-20j),(8-12j),0j,0j,0j,0j,0j,0j,0j,0j,0j,0j,0j,(-6-8j),(-11-2j),(-4-5j),(-7-3j),(-16+6j),(-10+2j),(-9+5j),(-15+13j),(-13+16j),(-19+16j),(-18+10j),(-17+20j),(-17+28j),(-9+29j),(-13+33j),(-13+26j),(-11+30j),(-6+31j),(-8+32j),(-10+33j),30j,(-1+29j),(-5+24j),(-4+20j),(2+16j),(-2+12j)
(98+32j),(6+0j),(-9+3j),(-4-2j),(1-8j),(2-7j),(9-5j),(9-7j),(15-5j),(16-12j),(10-10j),(16-13j),(19-6j),(17-9j),(27-15j),(20-13j),(19-12j),(21-10j),(25-11j),(24-7j),(20+0j),(19+6j),(20+4j),(15+8j),(14+12j),(13+7j),(10+16j),0j,0j,0j,0j,0j,0j,0j,0j,0j,0j,0j,(6-11j),(2-6j),(-1-8j),(-3-9j),-10j,(-2-7j),(-7-13j),(-4-15j),(-12-11j),(-15-17j),(-18-14j),(-17-18j),(-23-13j),(-26-18j),(-23-7j),(-31-6j),(-29-6j),(-32-6j),(-32-11j),(-30+2j),(-31-6j),(-27-3j),(-24-2j),(-22+2j),(-11-4j),(-15+0j)
(-1-16j),(15+0j),(4-7j),(4-1j),(1+5j),(6+3j),(11+16j),(7+8j),(7+10j),(3+17j),(2+12j),(8+22j),16j,(2+18j),(3+26j),(3+26j),(-3+22j),(5+21j),(5+19j),21j,(-1+25j),(-4+18j),(-12+21j),(-9+17j),(-16+11j),(-12+15j),(-18+7j),0j,0j,0j,0j,0j,0j,0j,0j,0j,0j,0j,(4+5j),(6+6j),(5+1j),(3+2j),(11+2j),(8+7j),(13+1j),(19-2j),(19-1j),(21-5j),(20-6j),(22-15j),(20-8j),(25-15j),(21-19j),(21-17j),(19-17j),(16-20j),(18-22j),(16-26j),(13-17j),(10-23j),(15-15j),(11-24j),(15-10j),(7-19j)
(-98-32j),(9+0j),(-5-1j),(-3-5j),(-6-4j),(8-3j),(11+1j),(3+8j),(6+2j),(15+4j),(7+7j),(12+5j),(12+12j),(18+16j),(11+5j),(27+8j),(14+12j),(20+6j),(18+15j),(10+12j),(13+16j),(11+19j),(5+17j),(5+23j),(-2+19j),(-7+17j),(-8+13j),0j,0j,0j,0j,0j,0j,0j,0j,0j,0j,0j,(5+3j),(8+3j),(8+6j),(15-5j),(4-6j),(10-4j),(16-6j),(13-17j),(9-14j),(8-12j),(11-15j),(-1-13j),(7-23j),(7-17j),(2-33j),(-6-24j),(-3-19j),-32j,(-3-27j),-27j,(-3-18j),(-9-27j),(-8-27j),(-8-12j),(-2-14j),(-1-19j)
(98+32j),(6+0j),(2+8j),(-1+7j),(-7+2j),-6j,(-12-8j),(-12-3j),(-7-6j),(-10-10j),(-13-7j),(-18-17j),(-13-11j),(-18-12j),(-16-14j),(-19-12j),(-14-15j),(-15-19j),(-16-21j),(-5-18j),(-10-22j),(-5-21j),(-3-19j),-12j,(1-12j),(3-16j),(5-14j),0j,0j,0j,0j,0j,0j,0j,0j,0j,0j,0j,(-10-5j),(-12-4j),(-5-3j),(-11+1j),(-10+4j),(-6+5j),(-8+8j),(-5+11j),(-5+14j),(-9+14j),(-6+19j),(-7+18j),(2+23j),22j,(-2+27j),(-4+26j),(-9+23j),(-6+23j),(3+25j),(-4+26j),(4+25j),(5+26j),(-1+20j),(4+23j),(3+20j),(7+17j)
(98+32j),(6+0j),(1-8j),(1-9j),(7-10j),(5-10j),(4-12j),(3-14j),(3-17j),(1-11j),(5-12j),(6-11j),(4-12j),(6-15j),(4-14j),(6-9j),(4-11j),(1-11j),(1-5j),(4-8j),(3-6j),(4+2j),(5+2j),(7+11j),(5+8j),(5+11j),(6+13j),0j,0j,0j,0j,0j,0j,0j,0j,0j,0j,0j,(-37-15j),(-38-14j),(-38-14j),(-37-12j),(-43-7j),(-35-9j),(-41-4j),(-46-5j),(-44-8j),(-29-1j),(-26-9j),(-30-2j),(-25-4j),(-19-10j),(-18-6j),(-17-9j),(-11-8j),(-7-6j),(-10-9j),(-4-5j),(-5-6j),(-1-9j),(-5-9j),(1-12j),-11j,(2-9j)
(94-32j),(5+0j),(-8+5j),(-8+2j),(-10+4j),(-9+6j),(-10+0j),(-10+2j),(-9+3j),(-13+4j),(-15+1j),(-14-1j),(-15+2j),(-13+6j),(-12+6j),(-14+5j),(-11+1j),(-7+3j),(-7+1j),(-6+1j),(-3-3j),-3j,(2-5j),(1-6j),(4-10j),(7-12j),(7-14j),0j,0j,0j,0j,0j,0j,0j,0j,0j,0j,0j,(17+32j),(21+33j),(18+35j),(22+32j),(23+33j),(25+31j),(26+31j),(24+30j),(22+29j),(18+22j),(19+24j),(17+20j),(16+23j),(11+17j),(9+17j),(5+16j),(5+14j),(2+11j),(-1+11j),(-2+8j),(-4+8j),(-7+9j),(-4+7j),(-6+6j),(-6+4j),(-7+6j)
(-10+96j),(15+0j),(-9+0j),(-6-5j),(-7-10j),(-8-10j),(-11-7j),(-7-7j),(-8-10j),(-4-11j),(-7-5j),(-11-11j),(-12-11j),(-8-8j),(-7-11j),(-9-6j),(-8-7j),(-4-9j),(-5-2j),(-1-5j),-1j,(4+0j),(4+0j),(7+2j),(8+0j),(10+0j),(17+4j),0j,0j,0j,0j,0j,0j,0j,0j,0j,0j,0j,(-17+33j),(-19+35j),(-17+36j),(-17+37j),(-11+39j),(-12+37j),(-11+38j),(-11+39j),(-11+36j),(-9+33j),(-10+28j),(-6+29j),(-8+26j),(-10+20j),(-9+20j),(-7+10j),(-5+11j),(-8+7j),(-10+5j),(-8+4j),(-8+3j),(-12+1j),(-10-5j),(-7+0j),(-7-3j),(-13-4j)
(94-32j),(5+0j),(-12-1j),(-9-3j),(-10+1j),(-10-4j),(-11-1j),(-11-5j),(-12-1j),(-15-2j),(-13+1j),(-15-2j),(-12-1j),(-15-2j),(-13+2j),(-12-1j),(-11+0j),(-8-6j),(-3-4j),(-2+0j),(-4-4j),(-1-2j),(2-7j),(3-3j),(9-5j),(13-8j),(11-9j),0j,0j,0j,0j,0j,0j,0j,0j,0j,0j,0j,(11+36j),(11+36j),(13+35j),(16+37j),(19+37j),(16+33j),(18+35j),(19+34j),(16+31j),(18+30j),(14+25j),(13+23j),(10+24j),(8+19j),(7+16j),(4+16j),(2+14j),(-3+10j),(-6+8j),(-2+7j),(-7+8j),(-5+4j),(-9+6j),(-8+4j),(-10+7j),(-10+2j)
(-128+0j),(8+0j),-7j,(1-11j),(5-9j),(2-7j),(4-15j),(-2-17j),(3-10j),-12j,(-4-13j),(-1-17j),(-1-11j),-17j,(-4-14j),-8j,(-2-14j),(-3-7j),(1-9j),(1-2j),(1+2j),(8-1j),(5+3j),(2+2j),(4+9j),(7+11j),(6+10j),0j,0j,0j,0j,0j,0j,0j,0j,0j,0j,0j,(-36+2j),(-37+0j),(-39+2j),(-43+7j),(-41+2j),(-36+7j),(-41+13j),(-40+14j),(-40+6j),(-31+17j),(-35+11j),(-27+0j),(-21+5j),(-21+0j),(-18+1j),(-20+3j),(-14-2j),(-12-7j),(-9-5j),(-8-8j),(-5-6j),(-8-6j),(-5-6j),-7j,(-7-9j),(-6-12j)
(94-32j),(5+0j),(7-5j),(9-2j),(8-7j),(8-1j),(10-3j),(10-3j),(11-4j),(8-5j),(10-9j),(14-4j),(12-5j),(12-4j),(7-6j),(11-6j),(11-5j),(8-6j),(4-1j),(6-1j),(2-1j),1j,8j,(-2+8j),(-2+8j),(-6+10j),(-8+13j),0j,0j,0j,0j,0j,0j,0j,0j,0j,0j,0j,(-17-32j),(-14-36j),(-17-40j),(-18-36j),(-21-38j),(-22-33j),(-22-35j),(-23-31j),(-23-31j),(-21-29j),(-23-31j),(-18-25j),(-14-19j),(-13-20j),(-13-19j),(-1-13j),(-3-12j),(1-13j),(1-13j),-5j,(5-9j),(3-9j),(4-6j),(4-9j),(6-8j),(7-3j)
(94-32j),(5+0j),(11+5j),(7+4j),(9+4j),(11+7j),(8+5j),(6+4j),(9+9j),(8+9j),(10+8j),(14+6j),(9+5j),(12+6j),(11+5j),(8+5j),(8+7j),(5+9j),(5+10j),(-2+8j),(1+7j),(1+4j),(-3+4j),(-12-2j),(-15+4j),(-16+4j),(-18+0j),0j,0j,0j,0j,0j,0j,0j,0j,0j,0j,0j,(24-36j),(21-38j),(25-39j),(24-39j),(20-43j),(19-41j),(20-41j),(11-42j),(14-42j),(16-40j),(14-36j),(7-30j),(11-25j),(9-20j),(13-21j),(9-15j),(10-12j),(9-9j),(11-7j),(8-5j),(14-5j),(10-2j),(10+4j),(6+2j),(10+0j),(11+4j)
(94-32j),(5+0j),4j,(-1+7j),(-3+8j),(-8+11j),(-6+9j),(-8+9j),(-6+10j),(-10+9j),(-7+12j),(-7+11j),(-6+8j),(-9+13j),(-5+13j),(-5+12j),(-4+10j),(-6+10j),(-4+7j),(-3+4j),(-5+0j),(-3-3j),(-4-5j),(-5-9j),(-3-10j),(-4-14j),(-5-15j),0j,0j,0j,0j,0j,0j,0j,0j,0j,0j,0j,(37+0j),(37-2j),(39-1j),(40-4j),(42-7j),(42-8j),(39-5j),(37-9j),(36-6j),(33-7j),(31-5j),(27-6j),(27-2j),(23-3j),(16-3j),(17+1j),(12+3j),(7+3j),(8+2j),(6+8j),(8+8j),(4+4j),(1+6j),(1+9j),(3+7j),(-2+5j)
(-1-16j),(15+0j),(-9-2j),(-8-3j),(-7-4j),(-10-3j),(-10-8j),(-11-4j),(-12-9j),(-11-10j),(-10-6j),(-13-7j),(-14-5j),(-12-8j),(-12-5j),(-14-6j),(-9-4j),(-8-3j),(-5-6j),(-4-2j),(2-4j),(4-4j),(5-3j),(6-4j),(11-5j),(13-4j),(13-3j),0j,0j,0j,0j,0j,0j,0j,0j,0j,0j,0j,(-6+40j),(-7+38j),(-4+40j),(-3+41j),(-3+40j),42j,(1+39j),(3+36j),(1+36j),(4+34j),(1+28j),(5+27j),30j,(-1+19j),(-1+19j),(-2+15j),(-5+13j),(-9+10j),(-7+5j),(-6+7j),(-9+6j),(-6+3j),(-11-2j),(-9+3j),(-10+1j),(-10-1j)
(-98-32j),(9+0j),-10j,(3-7j),(4-7j),(8-8j),(7-10j),(8-8j),(7-11j),(6-12j),(5-16j),(5-12j),(7-11j),(4-11j),(5-10j),(8-11j),(5-12j),(7-10j),(3-8j),(5-4j),(4-4j),(6+3j),(5+5j),(6+9j),(5+9j),(7+10j),(5+14j),0j,0j,0j,0j,0j,0j,0j,0j,0j,0j,0j,(-38-14j),(-39-15j),(-37-12j),(-39-10j),(-42-11j),(-39-9j),(-38-5j),(-39-5j),(-39-2j),(-35-7j),(-31-7j),(-28-8j),(-26-3j),(-21-6j),(-16-7j),(-16-5j),(-10-5j),(-11-4j),(-9-6j),(-6-8j),(-3-8j),(-3-12j),(-3-8j),(1-6j),-9j,(-1-10j)
(9-110j),(32+0j),(6+7j),(5+8j),(-8+5j),(-5+4j),(-4-5j),(-2-2j),(-12-4j),(-25-3j),(-10+1j),(-25-9j),(-28+3j),(-20-4j),(-19+2j),(-25-6j),(-17+2j),(-21+2j),(-28-9j),(-31-6j),(-22-15j),(-16-8j),(-17-12j),(-19-17j),(-16-21j),(-5-12j),(-2-10j),0j,0j,0j,0j,0j,0j,0j,0j,0j,0j,0j,(-4+3j),(-10+1j),(-2+9j),(1+14j),(-6+9j),(-8+13j),(3+11j),(6+10j),(-3+19j),(4+18j),(9+26j),(9+26j),(21+17j),(17+27j),(15+24j),(22+30j),(22+19j),(13+22j),(12+10j),(30+16j),(23+20j),(24+1j),(23+20j),(24+13j),(8+5j),(18+6j)
(124-64j),(7+0j),(-4-7j),(-4-5j),(2+0j),(11-3j),(3-5j),(11-12j),(12-6j),(17-2j),(19-8j),(22-9j),(22-14j),(27-15j),(24-12j),(23-14j),(29-12j),(25-14j),(27-3j),(23-9j),(23-7j),(18+7j),(17-1j),(16+9j),(12+11j),(20+4j),(10+18j),0j,0j,0j,0j,0j,0j,0j,0j,0j,0j,0j,(4-12j),(2-8j),(2-14j),(-3-8j),(-3-10j),(-7-13j),(-9-11j),(-12-13j),(-12-16j),(-14-13j),(-17-15j),(-25-14j),(-28-22j),(-31-16j),(-24-15j),(-32-17j),(-28-12j),(-36-11j),(-32-20j),(-37-7j),(-30-5j),(-31-4j),(-28-6j),(-32-8j),(-19+0j),(-18-6j)
(103+114j),(38+0j),(6-6j),(4-7j),(3+9j),(-1+2j),(1+6j),12j,(-1+7j),(-1+20j),(-1+18j),(8+15j),(6+19j),(3+21j),(1+20j),(2+27j),(2+21j),(-3+33j),(-3+23j),(-4+20j),(-5+21j),(-6+22j),(-14+18j),(-10+12j),(-12+10j),(-14+8j),(-20+3j),0j,0j,0j,0j,0j,0j,0j,0j,0j,0j,0j,(-2+9j),(2+8j),4j,(8+10j),(5+0j),(10+9j),(10+8j),(16-1j),(22+7j),(20+3j),(17-4j),(32-2j),(25-1j),(27-8j),(33-6j),(25-7j),(22-11j),(30-6j),(28-10j),(32-12j),(26-11j),(23-14j),(16-17j),(21-14j),(13-5j),(11-12j)
(123-78j),(39+0j),(-12-10j),(-4+5j),(-3-2j),(-1-9j),(13+1j),(8+0j),(12+3j),(15+3j),(13+1j),(23+2j),(22-2j),(21-5j),(19+0j),(23-2j),(21+4j),(19+0j),(19+7j),(19+11j),(18+4j),(10+7j),(12+13j),(12+19j),(10+20j),(7+13j),(4+12j),0j,0j,0j,0j,0j,0j,0j,0j,0j,0j,0j,(5-5j),(8-8j),(6-8j),(1-10j),-8j,(-1-6j),(-4-12j),(-3-14j),(-4-18j),(-13-17j),(-4-17j),(-8-20j),(-11-22j),(-17-20j),(-14-26j),(-20-20j),(-20-23j),(-23-14j),(-19-22j),(-23-16j),(-19-14j),(-17-15j),(-15-12j),(-22-15j),(-20-12j),(-9-15j)
(73-111j),(20+0j),(8-5j),(11+0j),(6-4j),(10-4j),(14-1j),(13-2j),(14-1j),(15+2j),(14-2j),(14+0j),(15+1j),(15+0j),(13+1j),(11+2j),(14+2j),(7+6j),(8+0j),(5+4j),(4+5j),(4+8j),(2+6j),(-1+12j),(-6+15j),(-7+14j),(-5+22j),0j,0j,0j,0j,0j,0j,0j,0j,0j,0j,0j,(-20-33j),(-25-35j),(-22-32j),(-27-36j),(-26-35j),(-26-30j),(-27-32j),(-34-27j),(-30-26j),(-25-21j),(-20-21j),(-23-21j),(-18-14j),(-13-19j),(-10-11j),(-5-15j),(-3-12j),(-2-15j),(2-6j),-10j,(3-14j),(8-13j),(7-9j),(8-14j),(7-9j),(6-10j)
(93-47j),(21+0j),(-10-1j),(-12-3j),(-9-8j),(-8-5j),(-10-9j),(-10-9j),(-14-8j),(-11-12j),(-13-12j),(-13-12j),(-9-11j),(-13-12j),(-13-11j),(-13-8j),(-10-12j),(-6-10j),(-4-10j),(-2-12j),(1-11j),-8j,(4-12j),(7-7j),(13-9j),(13-6j),(14-11j),0j,0j,0j,0j,0j,0j,0j,0j,0j,0j,0j,(-13+40j),(-9+39j),(-8+42j),(-6+44j),(-6+40j),(-4+40j),40j,(-1+40j),37j,(1+35j),31j,(-1+28j),27j,(-3+20j),(-4+18j),(-4+13j),(-4+8j),(-9+7j),(-11+7j),(-11+6j),(-7+0j),(-11+4j),(-12+5j),(-12+2j),(-12+1j),(-16+2j)
(94-32j),(5+0j),(-8+10j),(-8+8j),(-16+8j),(-10+13j),(-12+5j),(-16+8j),(-14+2j),(-20+8j),(-21+3j),(-16+10j),(-19+3j),(-15+4j),(-16+5j),(-16+10j),(-14+6j),(-15+6j),(-15+0j),(-10+1j),(-11+1j),(-3-3j),(-5-8j),(-8-15j),(-4-16j),(-3-16j),(-4-23j),0j,0j,0j,0j,0j,0j,0j,0j,0j,0j,0j,(25+37j),(22+37j),(26+36j),(31+31j),(37+32j),(32+26j),(32+31j),(32+28j),(33+22j),(30+24j),(28+25j),(25+21j),(19+18j),(18+16j),(10+12j),(12+14j),(3+14j),(4+10j),10j,(1+9j),(1+11j),(1+13j),(-5+8j),(-6+12j),(-6+17j),(-8+8j)
(9-110j),(32+0j),(-14-1j),(-5-9j),(-10-4j),(-8-6j),(-6-7j),(-11-8j),(-5-11j),(-16-11j),(-13-13j),(-14-15j),(-14-13j),(-10-11j),(-11-14j),(-15-6j),(-11-15j),(-9-10j),(-2-11j),-10j,-11j,(4-10j),(5-8j),(8-9j),(11-8j),(12-11j),(16-12j),0j,0j,0j,0j,0j,0j,0j,0j,0j,0j,0j,(-20+35j),(-19+36j),(-19+40j),(-17+40j),(-14+38j),(-14+43j),(-13+38j),(-7+32j),(-7+35j),(-3+37j),(-4+28j),(-4+24j),(-7+25j),(-6+19j),(-9+12j),(-8+14j),(-7+9j),(-10+6j),(-11+7j),(-9+6j),(-14+2j),(-13-2j),(-10+1j),(-12+1j),(-12+1j),(-12+3j)
(38+98j),(34+0j),10j,(-7+6j),(-8+8j),(-6+5j),(-6+8j),(-8+8j),(-11+8j),(-13+7j),(-15+11j),(-15+10j),(-10+11j),(-12+10j),(-10+12j),(-10+12j),(-11+9j),(-10+4j),(-7+5j),(-7+5j),(-9+1j),(-10-3j),(-10-7j),(-7-7j),(-10-12j),(-8-12j),(-8-17j),0j,0j,0j,0j,0j,0j,0j,0j,0j,0j,0j,(36+19j),(36+17j),(36+18j),(39+14j),(37+12j),(39+12j),(36+11j),(35+8j),(36+7j),(35+4j),(30+12j),(25+5j),(22+5j),(19+4j),(18+6j),(13+7j),(14+3j),(7+6j),(5+6j),(1+9j),(2+9j),(2+7j),7j,(-1+8j),(2+9j),(3+10j)
(124-64j),(7+0j),(-8-1j),(-5-6j),(-9-6j),(-7-5j),(-8-5j),(-11-6j),(-8-11j),(-10-9j),(-9-11j),(-15-12j),(-12-10j),(-10-10j),(-15-11j),(-13-9j),(-9-6j),(-9-9j),(-5-12j),(-4-8j),-9j,(2-7j),(3-10j),(7-10j),(10-8j),(12-11j),(14-12j),0j,0j,0j,0j,0j,0j,0j,0j,0j,0j,0j,(-10+39j),(-6+39j),(-7+42j),(-4+41j),(-1+42j),(-2+41j),(1+34j),(4+36j),34j,(1+33j),(5+31j),(-1+29j),(1+24j),(-1+19j),(-4+17j),(-4+12j),(-8+12j),(-7+7j),(-6+8j),(-9+12j),(-10+6j),(-9+6j),(-9+3j),(-11+2j),(-9+3j),(-10+0j)
(103+114j),(38+0j),(4+11j),(3+13j),(-5+10j),(-10+11j),(-3+11j),(-6+9j),(-6+11j),(-8+15j),(-7+17j),(-10+16j),(-5+13j),(-4+15j),(-5+16j),(-4+14j),(-5+15j),(-3+13j),(-3+8j),(-8+8j),(-7+9j),(-8+2j),(-12-2j),(-17-2j),(-12-5j),(-16-6j),(-19-10j),0j,0j,0j,0j,0j,0j,0j,0j,0j,0j,0j,(45+5j),(44+5j),(48+4j),(43+2j),(45+3j),(42-4j),(43-4j),(40-10j),(42-11j),(38-4j),(31-5j),(28-7j),(23-3j),(24-4j),(20+1j),(16+1j),(12+0j),(12+5j),(10+5j),(13+8j),(7+6j),(8+3j),(11+6j),(8+2j),(4+11j),(6+8j)
(123-78j),(39+0j),(5+3j),(8+3j),(9+9j),(4+6j),(4+15j),(3+8j),(7+10j),(7+13j),(5+11j),(13+14j),(10+14j),(11+19j),(11+17j),(9+12j),(9+8j),(5+14j),(5+8j),(2+9j),(-1+5j),(-7+5j),(-10+8j),(-9+7j),(-15+8j),(-19+5j),(-19+3j),0j,0j,0j,0j,0j,0j,0j,0j,0j,0j,0j,(20-39j),(22-42j),(17-46j),(15-45j),(15-46j),(10-43j),(6-41j),(10-40j),(10-41j),(10-37j),(8-35j),(4-32j),(6-31j),(11-22j),(9-17j),(4-17j),(7-11j),(10-8j),(10-9j),(10-7j),(10-5j),(9-5j),(11-7j),(10-5j),(11-1j),(10-2j)
(108-64j),(6+0j),(-7+0j),(-3-2j),(5+3j),(2-3j),(8+2j),(11+6j),(10+1j),(17+3j),(15+6j),(15+7j),(19+0j),(16+9j),(22+5j),(24+8j),(17+11j),(19+13j),(19+14j),(21+15j),(19+16j),(12+17j),(5+21j),(5+15j),(-2+17j),(-4+17j),(-6+20j),0j,0j,0j,0j,0j,0j,0j,0j,0j,0j,0j,(10-4j),(12+1j),(3-3j),(11-9j),(4-8j),(7-13j),-11j,(8-17j),(1-19j),-21j,-18j,-21j,(-3-24j),(-4-27j),(-7-21j),(-8-27j),(-8-28j),(-1-28j),(-14-26j),(-13-28j),(-16-21j),(-6-16j),(-11-20j),(-14-21j),(-15-16j),(-12-15j)
(-128+0j),(8+0j),(7+8j),(8+1j),(3-6j),(-13-7j),(3-5j),(-6-18j),(-10-17j),(-11-10j),(-8-2j),(-8-21j),(-20-23j),(-23-14j),(-15-20j),(-18-11j),(-14-22j),(-7-20j),(-16-29j),(-7-28j),(2-26j),(1-26j),(11-21j),(5-21j),(11-17j),(11-9j),(4-9j),0j,0j,0j,0j,0j,0j,0j,0j,0j,0j,0j,(-7-6j),(-7-2j),(-12+6j),(1+6j),7j,(-7+8j),(3+24j),(-12+19j),11j,(3+25j),(2+22j),(7+10j),(-1+30j),(3+29j),(2+27j),(4+38j),(3+25j),(3+27j),(7+32j),(4+31j),(3+23j),(1+27j),(11+21j),(3+20j),(2+16j),(3+15j)
(98+32j),(6+0j),(-12+0j),(-12+6j),(2+1j),(-3-6j),(-7-4j),(1-16j),(6-14j),(5-9j),(5-20j),(6-25j),(12-23j),(8-26j),(8-31j),(13-19j),(12-24j),(13-22j),(12-24j),(12-27j),(13-15j),(25-13j),(13-12j),(24-9j),(14-6j),(16+2j),(20+3j),0j,0j,0j,0j,0j,0j,0j,0j,0j,0j,0j,-12j,(4-8j),(3-6j),(-6-9j),(-10-11j),(-16-7j),(-15-3j),(-19-5j),(-21-8j),(-23-4j),(-30-1j),(-27+7j),(-25+6j),(-30+0j),(-35+1j),(-27+1j),(-37+4j),(-26+5j),(-31+10j),(-25+8j),(-28+10j),(-29+11j),(-25+9j),(-23+14j),(-14+12j),(-15+1j)
(94-32j),(5+0j),(6+1j),(10+11j),(12+6j),(12+7j),(18+7j),(22+3j),(19+5j),(20+5j),(19+2j),(23+0j),(21+2j),(22-1j),(22+3j),(17+0j),(16-1j),(10+1j),(12+3j),(8+4j),(1+4j),(1+7j),(-3+10j),(-4+15j),(-11+12j),(-9+11j),(-11+18j),0j,0j,0j,0j,0j,0j,0j,0j,0j,0j,0j,(-30-22j),(-32-24j),(-32-23j),(-29-23j),(-34-21j),(-36-20j),(-35-20j),(-34-19j),(-31-22j),(-29-17j),(-29-14j),(-20-14j),(-21-16j),(-19-15j),(-12-11j),(-13-11j),(-9-12j),(-8-6j),(-6-8j),(-4-7j),(-1-5j),(-4-2j),-5j,(1-2j),(2-1j),(7+5j)
(94-32j),(5+0j),(-3+14j),12j,(-5+12j),(-4+15j),(-4+15j),(-1+18j),(1+20j),(-1+19j),(4+21j),(3+21j),(5+20j),(2+21j),(3+18j),(5+18j),14j,(2+16j),(-3+14j),(-3+7j),(-7+4j),(-12+2j),(-10+1j),(-11-1j),(-14-4j),(-22-4j),(-17-6j),0j,0j,0j,0j,0j,0j,0j,0j,0j,0j,0j,(17-34j),(18-33j),(14-36j),(13-37j),(12-39j),(10-37j),(11-36j),(10-36j),(11-38j),(10-32j),(11-30j),(9-23j),(10-24j),(8-20j),(6-16j),(6-13j),(5-12j),(8-9j),(8-7j),(2-8j),(2-5j),(2-6j),(4+2j),3j,(5+4j),(-2+5j)
(-111+16j),(9+0j),(-17-2j),(-12-2j),(-17+1j),(-17+0j),(-16+1j),(-18-1j),(-18+5j),(-20+4j),(-16+8j),(-19+7j),(-23+10j),(-21+3j),(-21+9j),(-18+5j),(-17+6j),(-15+7j),(-12+1j),(-14+1j),(-12-3j),(-4-11j),(-3-9j),(-4-13j),(-6-18j),(-5-19j),(-2-25j),0j,0j,0j,0j,0j,0j,0j,0j,0j,0j,0j,(40+5j),(39+3j),(38+0j),(39+1j),(41+1j),(36-3j),(38-2j),(41-4j),(36-2j),(32-3j),(29-2j),(28-1j),(19-2j),(17+3j),(18-2j),(18+1j),(12+0j),(8+1j),(7-2j),(9+3j),(7-1j),1j,(1+2j),(-3+4j),(-2-3j),(-5+2j)
(125-48j),(7+0j),(-9+7j),(-10+9j),(-12+12j),(-12+10j),(-13+16j),(-12+12j),(-18+19j),(-12+17j),(-13+17j),(-12+20j),(-9+20j),(-10+18j),(-11+20j),(-15+10j),(-7+14j),(-5+12j),(-7+6j),(-14+7j),(-6+0j),(-6-1j),(-8-2j),(-12-10j),(-9-9j),(-12-15j),(-13-20j),0j,0j,0j,0j,0j,0j,0j,0j,0j,0j,0j,(30-18j),(33-21j),(30-28j),(31-25j),(32-26j),(29-26j),(28-26j),(27-30j),(25-23j),(24-22j),(26-18j),(21-18j),(17-12j),(16-14j),(17-12j),(16-8j),(8-5j),(6-3j),(10-1j),(3+2j),(2-1j),(1-1j),(3+1j),(1+4j),(-1-1j),(-2+6j)
(108-64j),(6+0j),(10+8j),(8+7j),(14+7j),(12+9j),(15+11j),(17+10j),(15+8j),(18+9j),(16+5j),(21+7j),(20+5j),(22+3j),(17+6j),(19+1j),(14+2j),(9+4j),(11+4j),(3+8j),(4+6j),(-2+6j),(-4+8j),(-3+14j),(-6+10j),(-11+16j),(-7+13j),0j,0j,0j,0j,0j,0j,0j,0j,0j,0j,0j,(-20-31j),(-18-34j),(-21-31j),(-23-31j),(-25-34j),(-26-33j),(-23-34j),(-23-31j),(-26-29j),(-22-25j),(-18-26j),(-19-19j),(-17-21j),(-12-18j),(-13-15j),(-6-17j),(-5-13j),(-3-9j),(-3-5j),(-5-11j),(-1-7j),(1-4j),(-1-3j),(1-2j),(5-4j),(4+1j)
(108-64j),(6+0j),(6+9j),(7+9j),(10+14j),(13+13j),(13+12j),(15+12j),(14+8j),(16+9j),(12+11j),(17+16j),(16+13j),(12+16j),(15+12j),(17+12j),(13+10j),(11+8j),(6+8j),(1+6j),(-3+6j),(-5+3j),(-10+8j),(-12+10j),(-13+8j),(-14+7j),(-18+9j),0j,0j,0j,0j,0j,0j,0j,0j,0j,0j,0j,(-19-34j),(-20-30j),(-25-31j),(-24-33j),(-25-30j),(-26-32j),(-27-33j),(-23-29j),(-24-27j),(-20-24j),(-14-23j),(-18-24j),(-11-23j),(-10-19j),(-7-12j),(-8-11j),(-4-12j),(-8-14j),-5j,(1-7j),(-9-9j),(2-4j),(2-2j),(-2+1j),3j,(4+5j)
(-128+0j),(8+0j),(9+12j),(7+9j),(19+15j),(11+14j),(10+13j),(16+11j),(7+15j),(19+9j),(13+12j),(17+13j),(13+8j),(15+9j),(19+10j),(13+9j),(13+1j),(9+9j),(10+6j),(4+12j),(6+2j),(-4+7j),(-4+9j),(-9+6j),(-5+11j),(-16+12j),(-17+10j),0j,0j,0j,0j,0j,0j,0j,0j,0j,0j,0j,(-25-29j),(-25-33j),(-35-35j),(-28-26j),(-28-30j),(-28-30j),(-27-35j),(-29-28j),(-24-24j),(-22-27j),(-32-15j),(-19-19j),(-19-16j),(-13-18j),(-18-18j),(-9-13j),(-6-15j),(-4-7j),-3j,(-3-6j),-3j,-4j,(5-2j),(2-1j),(4-2j),(2+1j)
(94-32j),(5+0j),(-10+8j),(-12+1j),(-10+2j),(-11+4j),(-14+6j),(-13+9j),(-15+8j),(-17+12j),(-13+9j),(-7+12j),(-4+17j),(-11+14j),(-12-1j),(-8+17j),(-9+9j),(-18+4j),(-8+0j),(-12+4j),(-10-3j),(-4-8j),(-16-4j),(-5-16j),(-6-21j),(-11-16j),(-5-23j),0j,0j,0j,0j,0j,0j,0j,0j,0j,0j,0j,(27+10j),(28+6j),(29+7j),(29+6j),(33+4j),(37+8j),(24+5j),(26+5j),(17+5j),(34+8j),(36-4j),(27+8j),(29-1j),(13-8j),(15+0j),(23+1j),(8+2j),(-4+4j),(3+1j),(-7-7j),(6+7j),(3-9j),(1+15j),(-2+5j),(-1+5j),(-5+4j)
(-51-48j),(12+0j),(-1-7j),(-2-10j),(-3-10j),(-5-15j),(-3-15j),(-6-16j),(-5-14j),(-7-14j),(-6-15j),(-8-15j),(-9-15j),(-9-14j),(-11-13j),(-6-13j),(-7-11j),(-4-9j),(-5-8j),-7j,(2-6j),(3-5j),(4-4j),(11-4j),(10-2j),(13-2j),(13-4j),0j,0j,0j,0j,0j,0j,0j,0j,0j,0j,0j,(-1+30j),(-3+30j),(-4+31j),(-4+33j),30j,(1+30j),(1+31j),(1+27j),27j,23j,(1+21j),(-3+20j),(-3+18j),(-2+14j),(-2+14j),(-1+9j),(-2+10j),(-3+8j),(-3+3j),(-3+5j),(-3+1j),(-3+1j),(-3+1j),(1-1j),-1j,-8j
(-126+32j),(8+0j),(-6+15j),(2+10j),(-8-1j),(12+11j),(-14-15j),(-6-14j),(-8-11j),(-12-13j),(-8-20j),(-3-23j),(-17-18j),(-12-21j),(-13-25j),(-6-20j),(-8-17j),(-7-28j),(-7-29j),-24j,(8-23j),(9-16j),(10-18j),(15-14j),(13-14j),(13-10j),(16-5j),0j,0j,0j,0j,0j,0j,0j,0j,0j,0j,0j,(-12-6j),(-12+1j),(-9-6j),(-12+3j),(-8+8j),(-12+3j),(-12+11j),(-18+17j),(-15+13j),(-16+19j),(-18+25j),(-10+23j),(-17+23j),(-19+27j),(-8+35j),(-5+20j),(-15+35j),(-10+34j),(1+32j),(-12+28j),(-1+37j),(-13+29j),(-8+28j),(-5+27j),(-2+22j),(-7+13j)
(-51-48j),(12+0j),(-4+3j),(-6-3j),(1-3j),-7j,(9-6j),(5-4j),(2-19j),(-6-15j),(3-17j),(-6-13j),(7-17j),(3-26j),(8-16j),(4-16j),(10-21j),(9-23j),(5-22j),(20-26j),(9-15j),(5-12j),(17-16j),(8-15j),(12-9j),(13+2j),(1-8j),0j,0j,0j,0j,0j,0j,0j,0j,0j,0j,0j,(3-2j),(7-6j),-8j,(6+5j),(4-15j),(-6-8j),(-2-17j),(11-18j),(-4-5j),(-16-27j),(-5-10j),(-15-11j),(-6-19j),(-19-13j),(-23-25j),(-14-14j),(-21-15j),(-26-11j),(-18-14j),(-21-12j),(-28-13j),(-24-15j),(-26-4j),(-24-10j),(-16+5j),(-16-10j)
(-126+32j),(8+0j),(5-3j),(14+4j),-3j,(6+7j),11j,(-5+15j),(-9+8j),(-8+14j),(-18+10j),(-13+14j),(-17+10j),(-11+24j),(-17+22j),(-20+22j),(-17+25j),(-14+25j),(-17+18j),(-25+15j),(-23+10j),(-20+12j),(-18+5j),(-22-5j),(-19+1j),(-15-6j),(-14-6j),0j,0j,0j,0j,0j,0j,0j,0j,0j,0j,0j,(-5+12j),(-4+1j),(2+9j),(1+8j),(4+10j),(3+9j),(9+12j),(16+14j),(14+14j),(12+15j),(21+11j),(24+11j),(30+12j),(22+9j),(26+12j),(29+12j),(37+5j),(32+6j),(31+8j),(31+8j),(21-3j),(32-1j),(22+4j),(32-7j),(24-7j),(15+3j)
(-126+32j),(8+0j),(6+4j),(6+11j),(5+0j),(2+11j),(-8-2j),(-9-2j),(-20+6j),(-12+6j),(-15+6j),(-15+9j),(-12+3j),(-18+16j),(-21+9j),(-26+12j),(-20+4j),(-25-1j),(-20-6j),(-12-13j),(-19-1j),(-24-12j),(-17-9j),(-23-20j),(-13-10j),(1-13j),(1-12j),0j,0j,0j,0j,0j,0j,0j,0j,0j,0j,0j,(-18+4j),(-7+5j),(-4+10j),(-2+9j),(6+7j),(5+11j),(3+18j),(-4+17j),(5+14j),(13+18j),(11+16j),(15+16j),(9+27j),(28+27j),(18+11j),(16+10j),(20+25j),(20+8j),(28+19j),(15+15j),(24+17j),(18+4j),(18+11j),(23+9j),(15+12j),(19+1j)
(-91+80j),(10+0j),(16+1j),(10+4j),(15+3j),(20+3j),(16-1j),(18+2j),(16+5j),(18+3j),(14+4j),(16+5j),(18+2j),(16+7j),(13+5j),(12-2j),(12+1j),(7+4j),(7+3j),(1+5j),6j,(-4+3j),(-3+6j),(-9+7j),(-9+8j),(-15+6j),(-15+10j),0j,0j,0j,0j,0j,0j,0j,0j,0j,0j,0j,(6-37j),(3-41j),(1-39j),(1-40j),-39j,(2-42j),(-1-39j),-38j,(-3-35j),(-4-34j),(-1-28j),(-1-27j),(1-22j),-20j,(4-10j),(1-15j),(1-7j),(4-5j),(6-7j),(6-5j),(5-3j),(9-7j),(8-3j),(9-2j),(9-1j),(12+2j)
(-71-112j),(11+0j),(-4-13j),(-3-15j),(-5-18j),(2-17j),(-3-13j),(-4-17j),(-3-23j),(-7-12j),(-6-21j),(-8-22j),(-11-22j),(-9-16j),(-2-10j),(-8-14j),-10j,(-5-14j),(-2-7j),(2-1j),(4-6j),(5-4j),(10-2j),(12+4j),(15+0j),(16+4j),(15+4j),0j,0j,0j,0j,0j,0j,0j,0j,0j,0j,0j,(-38+4j),(-36+4j),(-41+8j),(-40+8j),(-38+4j),(-38+10j),(-39+9j),(-41+11j),(-30+13j),(-26+8j),(-30+12j),(-26+4j),(-22+6j),(-24+8j),(-20+0j),(-9+3j),(-11-2j),(-16-7j),(-6-2j),(-8-3j),(-6-8j),(-5-7j),(-6-9j),(-7-9j),(-8-5j),(-3-9j)
(-126+32j),(8+0j),(-9-6j),(-13-4j),(-12-7j),(-17-5j),(-19-6j),(-16-7j),(-16-4j),(-17-5j),(-16-3j),(-19-4j),(-18-3j),(-15-4j),(-16-6j),(-14-6j),(-13-4j),(-10-2j),(-7-3j),(-3-5j),-4j,(6-5j),(4-6j),(5-6j),(11-4j),(14-6j),(14-9j),0j,0j,0j,0j,0j,0j,0j,0j,0j,0j,0j,(1+36j),(6+37j),(4+39j),(6+39j),(6+38j),(7+39j),(6+36j),(7+36j),(8+33j),(8+30j),(7+27j),(6+23j),(4+22j),18j,(2+15j),(-1+14j),14j,(-7+7j),(-6+5j),(-5+7j),(-9+2j),(-7-2j),(-7-3j),(-10+0j),(-13+0j),(-10+0j)
(-51-48j),(12+0j),(-4+15j),(2+15j),(-1+20j),(2+16j),18j,(3+20j),(5+22j),(2+19j),(4+23j),(3+17j),(3+17j),(1+17j),(4+14j),(-1+15j),(2+12j),(-3+13j),(-7+8j),(-11+4j),(-5+2j),(-7+6j),(-8-3j),(-5-11j),(-11-7j),(-13-6j),(-19-11j),0j,0j,0j,0j,0j,0j,0j,0j,0j,0j,0j,(33-16j),(36-14j),(39-17j),(39-19j),(36-19j),(31-21j),(37-20j),(36-23j),(32-18j),(27-21j),(26-19j),(25-10j),(19-13j),(21-10j),(12-3j),(13-7j),(11-1j),(10-2j),2j,(6-1j),(1+1j),9j,(7+6j),(6+4j),11j,(8+12j)
(-126+32j),(8+0j),(3+16j),(9+14j),(6+12j),(9+17j),(8+17j),(15+18j),(8+17j),(10+22j),(11+17j),(12+16j),(9+10j),(9+14j),(10+14j),(8+14j),(-2+12j),(4+15j),(-1+9j),9j,(1+7j),(-11+3j),(-9-1j),(-13+0j),(-11-1j),(-19-5j),(-17-2j),0j,0j,0j,0j,0j,0j,0j,0j,0j,0j,0j,(40-14j),(41-13j),(40-20j),(39-17j),(41-17j),(37-17j),(38-18j),(32-14j),(34-21j),(30-15j),(30-23j),(20-16j),(24-16j),(13-10j),(25-8j),(16-4j),(16+2j),(4-4j),(3-1j),(3+1j),(13+5j),(4+11j),(6+10j),(9+5j),(7+13j),(1+4j)
(-126+32j),(8+0j),(7-14j),(13-13j),(13-13j),(9-13j),(9-14j),(9-16j),(8-16j),(18-12j),(9-22j),(9-13j),(5-19j),(8-22j),(6-17j),(7-19j),(4-5j),(12-7j),(7-10j),(8-10j),(8-3j),(7+2j),(1+4j),(4+6j),(8+19j),9j,(9+18j),0j,0j,0j,0j,0j,0j,0j,0j,0j,0j,0j,(-34-25j),(-37-21j),(-38-22j),(-41-18j),(-37-14j),(-33-15j),(-43-20j),(-32-12j),(-38-3j),(-36-6j),(-27-5j),(-30-12j),(-21-7j),(-28-2j),(-25-15j),(-9-13j),(-6-10j),(-11-10j),(-2-4j),(-6-11j),(-1-12j),(2-8j),(5-10j),(4-6j),(2-6j),(2-12j)
(94-32j),(5+0j),(-14-3j),(-15-5j),(-13-7j),(-17-6j),(-14-2j),(-21-5j),(-20-5j),(-21-5j),(-22-4j),(-21-4j),(-17-1j),(-17-2j),(-17+0j),(-18-3j),(-19-3j),(-15-5j),(-5-1j),(-4-5j),(-5-7j),(-3-7j),(2-7j),(4-7j),(9-8j),(13-9j),(15-8j),0j,0j,0j,0j,0j,0j,0j,0j,0j,0j,0j,(-7+38j),(-1+41j),(-1+39j),45j,(4+44j),(1+40j),(4+42j),(2+40j),(4+35j),(3+37j),29j,(3+26j),(-2+22j),(-1+21j),18j,11j,(-6+11j),(-7+8j),(-7+8j),(-10+5j),(-6+0j),(-8+3j),(-10+0j),(-7+1j),(-12-2j),(-11-2j)
(94-32j),(5+0j),(-3-15j),(-3-14j),(-3-12j),(-6-19j),(-3-17j),(-4-18j),(-6-16j),(-4-14j),(-6-20j),(-8-17j),(-7-18j),(-6-18j),(-8-16j),(-4-13j),(-5-11j),(-3-12j),(-2-8j),(1-10j),(1-6j),(4-2j),(6+0j),(9+3j),(11+4j),(10+2j),(12+6j),0j,0j,0j,0j,0j,0j,0j,0j,0j,0j,0j,(-34+20j),(-35+18j),(-30+18j),(-34+22j),(-30+21j),(-31+25j),(-30+23j),(-26+20j),(-26+22j),(-24+18j),(-22+18j),(-19+17j),(-16+14j),(-16+8j),(-14+5j),(-14+7j),(-9+1j),(-9+0j),(-8-2j),(-5-5j),(-2-5j),(-7-6j),(-9-4j),(-5-7j),(-4-9j),(-7-13j)
(80+0j),(5+0j),(12-11j),(12-9j),(12-9j),(15-8j),(15-11j),(14-11j),(17-5j),(20-6j),(16-8j),(17-9j),(16-10j),(14-12j),(13-13j),(14-10j),(13-9j),(12-6j),(2-8j),(7-1j),(7+5j),(5+5j),(-3+6j),(-1+10j),(-2+13j),(-2+14j),(-3+21j),0j,0j,0j,0j,0j,0j,0j,0j,0j,0j,0j,(-23-34j),(-24-35j),(-25-32j),(-26-32j),(-29-31j),(-27-31j),(-28-29j),(-29-24j),(-27-22j),(-24-27j),(-24-22j),(-17-16j),(-18-22j),(-15-19j),(-10-15j),(-6-12j),(-9-14j),(-3-10j),(2-9j),(-3-11j),(4-11j),(6-7j),(8-9j),(6-6j),(9-5j),(7-7j)
(-126+32j),(8+0j),(9+7j),(2+4j),(1+1j),(-8-3j),(2-6j),(-11-3j),(-13-1j),(-2-8j),(-14-19j),(-11-17j),(-11-13j),(-15-15j),(-16-21j),(-16-20j),(-16-24j),(-4-20j),(-8-24j),(1-22j),(1-17j),(-2-12j),(3-14j),(8-15j),(16-17j),(17-16j),(9-17j),0j,0j,0j,0j,0j,0j,0j,0j,0j,0j,0j,(-11-3j),(-2-1j),(-6+6j),(-9+7j),(-2+8j),(-15+11j),(-6+9j),(-11+18j),(-3+21j),(-5+18j),(-15+14j),21j,(-2+14j),(1+29j),(-4+29j),(-5+37j),(-7+22j),(-3+29j),(8+33j),(-1+18j),30j,(-5+28j),(9+20j),(6+20j),(-4+16j),(12+17j)
(-46+32j),(13+0j),(7+2j),(-2+3j),(-2-5j),(-3+9j),10j,(-8+9j),(-7+4j),(-9+1j),(-13+14j),(-1+12j),(-12+18j),(-14+19j),(-15+8j),(-22+13j),(-13+20j),(-13+20j),(-15+12j),(-21+14j),(-13+13j),(-11+6j),(-20-1j),(-11-6j),(-9+3j),(-11-7j),(-17-1j),0j,0j,0j,0j,0j,0j,0j,0j,0j,0j,0j,(-4+0j),(8+13j),(1+10j),(-3+4j),(6+2j),(-7+0j),(3+9j),(19+4j),(2+16j),(6+1j),(26+4j),(16+2j),(22+1j),(12-5j),(24+2j),(24+2j),(28+2j),(21-8j),(21-8j),(16+1j),(19-10j),(23-15j),(19-2j),(17-8j),(10-8j),(16-9j)
(98+32j),(6+0j),(-4+6j),(-2+4j),(-5+8j),(-5+6j),(-9+0j),(-9+2j),(-13-6j),(-18-2j),(-16-4j),(-18+1j),(-26-5j),(-21-8j),(-16-2j),(-20-4j),(-23-4j),(-27-10j),(-25-8j),(-24-5j),(-24-11j),(-19-14j),(-19-10j),(-16-11j),(-11-14j),(-9-13j),(-2-16j),0j,0j,0j,0j,0j,0j,0j,0j,0j,0j,0j,(-12-2j),(-6-4j),(-7-3j),(-11-2j),(-12+1j),(-8+2j),(-9+9j),(-10+0j),(-14+9j),(-11+14j),(-13+20j),(-14+13j),(-15+20j),(-12+27j),(-7+27j),(-6+20j),(-3+24j),(5+32j),(2+27j),(3+28j),(-1+30j),(-2+19j),(3+27j),(7+20j),(3+20j),16j
(63-14j),(35+0j),(11+0j),(13-4j),(8+7j),(1+8j),(-4+4j),(-7+10j),(-3+15j),(-9+14j),(-12+20j),(-9+16j),(-8+24j),(-8+22j),(-8+17j),(-17+20j),(-12+14j),(-12+16j),(-14+19j),(-15+12j),(-15+11j),(-17+7j),(-22+9j),(-20+11j),(-19-3j),(-19+4j),(-13-6j),0j,0j,0j,0j,0j,0j,0j,0j,0j,0j,0j,(2+7j),(-3+6j),5j,(-2+8j),(13+11j),(3+1j),(11+6j),(12+12j),(20+3j),(17-4j),(23-3j),(28+3j),(29-2j),(25-8j),(26-1j),(25-4j),(21-12j),(25-7j),(30-5j),(37-10j),(23-20j),(17-12j),(21-5j),(17-15j),(17-11j),(20+0j)
(92-62j),(37+0j),(-1+4j),2j,(-7+1j),(-3-2j),(-7-1j),(-8-3j),(-9-3j),(-4-11j),(-5-14j),(-6-19j),(-6-20j),(-11-14j),(-13-19j),(-8-20j),(-14-23j),(-13-23j),(-6-26j),(-3-23j),(-5-21j),-18j,(3-14j),(5-15j),(14-14j),(13-14j),(9-8j),0j,0j,0j,0j,0j,0j,0j,0j,0j,0j,0j,(-6-9j),(-5-5j),(-6-10j),(-8+0j),(-10+2j),(-9-1j),(-12+9j),(-12+8j),(-16+8j),(-19+15j),(-13+14j),(-18+17j),(-19+16j),(-20+17j),(-12+17j),(-13+26j),(-23+22j),(-18+22j),(-20+26j),(-13+25j),(-9+27j),(-4+23j),(-5+21j),(-6+17j),(1+19j),(-7+20j)
(98+32j),(6+0j),(4+7j),(2+4j),(-4+3j),(-1-6j),(-1+0j),(-5+9j),(-12+14j),(-19+12j),(-24+5j),(-19+10j),(-22+9j),(-19+5j),(-29+11j),(-27+6j),(-31+9j),(-24+2j),(-20+5j),(-31+1j),(-20-4j),(-20+0j),(-18-8j),(-22-4j),(-15-9j),(-16-14j),(-6-20j),0j,0j,0j,0j,0j,0j,0j,0j,0j,0j,0j,(-10+1j),(-9-3j),(-9-3j),(-18+5j),(-6+13j),(-7+9j),(-6+12j),(-10+17j),(-7+7j),(-11+21j),(-7+23j),(1+25j),(-3+32j),(2+29j),(7+29j),(5+30j),(12+30j),(13+41j),(10+32j),(9+18j),(19+29j),(14+19j),(18+24j),(15+16j),(11+15j),(16+13j)
(-10+96j),(15+0j),(-6+6j),(-12+0j),(-11-3j),(-5+1j),(-6-7j),(-5-5j),(-15-10j),(-7-4j),(-16-6j),(-13-12j),(-16-11j),(-16-16j),(-15-19j),(-13-12j),(-21-20j),(-18-17j),(-12-23j),(-9-17j),(-5-27j),(-8-18j),(-9-25j),(-2-25j),(1-18j),(2-19j),(1-17j),0j,0j,0j,0j,0j,0j,0j,0j,0j,0j,0j,(-4-9j),(-11-10j),(-6-4j),(-8-5j),(-11-1j),(-13+1j),(-15+4j),(-14+6j),(-17+6j),(-17+10j),(-17+13j),(-16+14j),(-21+24j),(-18+20j),(-19+21j),(-16+20j),(-15+24j),(-4+26j),(-7+27j),(-13+31j),(-8+21j),(-5+22j),(-11+21j),(-2+22j),(-9+16j),(-3+19j)
(90-96j),(5+0j),(3-3j),(1+3j),(-2-6j),(8-5j),(6-2j),(18+3j),(9-6j),(11-1j),(15+0j),(16-3j),(22-4j),(21-6j),(21-6j),(25-4j),(21-3j),(32+1j),(17+5j),(21+3j),(18+3j),(10+12j),(12+13j),(15+15j),(6+11j),(2+10j),(1+13j),0j,0j,0j,0j,0j,0j,0j,0j,0j,0j,0j,(10-3j),(5-1j),(5-3j),(3-5j),(2-6j),(2-13j),(2-7j),(2-11j),-17j,(-7-23j),-21j,(-6-17j),(-7-22j),(-11-27j),(-16-27j),(-18-19j),(-15-23j),(-15-25j),(-20-20j),(-16-24j),(-24-21j),(-18-15j),(-13-18j),(-16-8j),(-16-18j),(-15-14j)
(20+65j),(17+0j),(3-14j),(3-13j),(-3-14j),(4-17j),(6-18j),(5-15j),(7-19j),-18j,(7-22j),(4-22j),(4-19j),(2-20j),(7-20j),(1-16j),(10-17j),(4-12j),(7-16j),(5-11j),(5-7j),(3-3j),(4+4j),(5+8j),(8+4j),(5+10j),(7+17j),0j,0j,0j,0j,0j,0j,0j,0j,0j,0j,0j,(-36-11j),(-41-16j),(-41-15j),(-39-8j),(-45-12j),(-42-9j),(-38-4j),(-41-6j),(-44-4j),(-35-4j),(-31-1j),(-25+1j),(-24+0j),(-17-5j),(-15-8j),(-15-7j),(-9-7j),(-10-7j),(-9-9j),(-6-11j),(-2-14j),(-3-11j),(-1-12j),-15j,(-1-15j),(-6-10j)
(-126+32j),(8+0j),(2+14j),(6+10j),(4+18j),(4+13j),(3+13j),(5+18j),(-1+17j),(4+16j),(-1+20j),(-2+22j),(-4+21j),24j,(-6+23j),16j,(2+17j),(1+18j),(-2+10j),(-2+5j),(-8+8j),(-5+3j),(-7-2j),(-5-9j),(-8-9j),(-14-7j),(-11-13j),0j,0j,0j,0j,0j,0j,0j,0j,0j,0j,0j,(40+8j),(37+4j),(46+6j),(41+6j),(45+1j),(42-4j),(44-4j),(41-2j),(35-1j),(32+0j),(27-2j),(27+2j),(25-2j),(20-4j),(11-4j),(13+3j),(11+2j),(5+4j),(6+3j),(6+5j),(3+7j),(7+11j),(9+10j),(7+7j),(7+7j),(1+16j)
(-66-32j),(11+0j),(-4-17j),(-5-17j),-13j,(6-18j),(9-11j),(1-16j),(5-16j),(6-17j),(7-19j),(11-22j),(6-16j),(12-11j),(10-22j),(4-25j),(5-10j),(3-16j),(5-10j),(5-14j),(6-2j),(3+0j),(6+3j),(1+8j),(1+7j),(-1+11j),(6+12j),0j,0j,0j,0j,0j,0j,0j,0j,0j,0j,0j,(-49-3j),(-41-2j),(-47-5j),(-47-3j),(-48+0j),(-39+4j),(-40+7j),(-43+0j),(-39+3j),(-36-5j),(-30+4j),(-25+2j),(-27+3j),(-20-3j),(-14+2j),(-11+1j),(-11-1j),(-14-7j),(-5-8j),(2-12j),(-8-6j),(-5-6j),(-10-10j),(-3-11j),(-7-19j),(-5-13j)
(-46+32j),(13+0j),(-9-3j),(-5-17j),(-14-9j),(-8-16j),(-12-12j),(-12-11j),(-8-16j),(-17-19j),(-12-16j),(-12-13j),(-8-13j),(-8-19j),(-11-20j),(-13-19j),(-10-8j),(-5-15j),(-6-2j),(-4-12j),(-3-7j),(4-8j),(5-3j),(6-1j),(6+1j),(16+4j),(22+1j),0j,0j,0j,0j,0j,0j,0j,0j,0j,0j,0j,(-23+32j),(-26+27j),(-27+28j),(-23+31j),(-24+29j),(-25+32j),(-19+36j),(-19+33j),(-25+33j),(-17+28j),(-13+21j),(-14+18j),(-10+16j),(-5+14j),(-12+14j),(-10+7j),(-8+6j),(-5+10j),(-5-2j),(-10+1j),(-8+0j),(-9-2j),(-11+2j),(-10-3j),(-17-2j),(-9-5j)
(94-32j),(5+0j),(8-4j),(18+0j),(16+0j),(11-5j),(18+0j),(20-2j),(17-1j),(22-5j),(14-1j),(20-4j),(18-3j),(21-4j),(25+4j),(14-1j),(26+1j),(12+1j),(11+2j),(12+2j),(8+2j),(2+5j),(5+3j),(-5+11j),(-4+11j),(-12+16j),(-6+20j),0j,0j,0j,0j,0j,0j,0j,0j,0j,0j,0j,(20-34j),(24-32j),(23-43j),(24-40j),(21-45j),(14-38j),(15-38j),(9-36j),(14-38j),(7-29j),(6-33j),(6-26j),(4-28j),(10-20j),(7-13j),(6-17j),(7-8j),(10-11j),(7-5j),(10-5j),(6-6j),(13-7j),(10-4j),(10-8j),(10-10j),(12+4j)
(63-14j),(35+0j),(1+20j),(6+12j),20j,(-4+12j),(-6+11j),(-3+15j),(-11+14j),(-4+19j),(-6+17j),(-2+21j),(-2+18j),(-5+22j),(-3+13j),(1+22j),(-1+17j),(1+15j),(-6+11j),(-1+9j),(-6+7j),(-10+4j),(-10-6j),(-6-10j),(-9-12j),(-2-15j),(-6-16j),0j,0j,0j,0j,0j,0j,0j,0j,0j,0j,0j,(38+9j),(38+8j),(41+9j),(41+7j),(45+6j),(39+4j),(43+2j),(41-3j),(42+2j),(33+8j),(34-4j),(32-3j),(25-3j),(24-3j),(15+0j),(10+2j),(13+7j),(7+7j),(4+5j),(7+10j),(-2+8j),(10+8j),(10+12j),(7+12j),(8+14j),(7+7j)
(92-62j),(37+0j),(9+9j),(7+13j),(11+12j),(6+11j),(6+14j),(13+15j),(6+9j),(13+9j),(8+20j),(10+17j),(5+14j),(4+15j),(5+14j),(3+15j),(4+11j),(4+19j),(4+17j),(1+8j),(3+7j),(-3+1j),(-5+1j),(-9-4j),(-12-6j),(-14-4j),(-14-6j),0j,0j,0j,0j,0j,0j,0j,0j,0j,0j,0j,(34-22j),(31-22j),(29-22j),(31-28j),(33-24j),(28-24j),(26-26j),(29-33j),(23-23j),(22-24j),(17-23j),(18-19j),(16-14j),(18-12j),(11-12j),(11-9j),(11-5j),(8-6j),(3-4j),(7+1j),(8+1j),(8+7j),(10+2j),(11+5j),(15+4j),(10+6j)
(-10+96j),(15+0j),7j,(5+6j),(1+13j),(1+11j),12j,(-2+11j),(3+12j),(7+13j),(1+12j),(6+8j),(10+16j),(-5+7j),(10+10j),(11+6j),(14+3j),(-3+5j),(9+2j),(-5+3j),(-4+6j),(6-1j),(-3+3j),(-12+2j),(-9-4j),(-8-3j),(-5-12j),0j,0j,0j,0j,0j,0j,0j,0j,0j,0j,0j,(23+7j),(32+6j),(28+8j),(30+7j),(33+3j),(34+4j),(35+5j),(34+0j),(29+1j),(20-6j),(11-5j),(15+5j),(16+0j),(21+2j),(10-1j),(17+0j),(10-13j),(12-4j),(10+18j),(4+15j),(11+13j),(4+14j),(3+4j),(7+8j),(4+12j),15j
(86+96j),(5+0j),(8+9j),(12+9j),(10+10j),(8+9j),(8+14j),(8+15j),(9+14j),(11+18j),(8+15j),(4+15j),(6+19j),(8+12j),(7+21j),(10+14j),(6+13j),(8+14j),(6+10j),(1+8j),(-2+8j),(-6+7j),(-7+0j),(-8-2j),(-13-8j),(-14-7j),(-18-11j),0j,0j,0j,0j,0j,0j,0j,0j,0j,0j,0j,(36-22j),(33-20j),(33-22j),(38-28j),(38-28j),(37-27j),(36-24j),(30-25j),(27-24j),(23-20j),(24-22j),(21-21j),(19-18j),(14-14j),(10-9j),(9-8j),(6-6j),(6-1j),(8+1j),(7+2j),(6+3j),(7+7j),(8+4j),(10+13j),(10+7j),(12+10j)
(-39-112j),(13+0j),(15-2j),(13-5j),(10-1j),(13-1j),(15+0j),(17-1j),(14+3j),(14+1j),(16+7j),(16+1j),(19+3j),(14+1j),(15+1j),(19+5j),(14+6j),(12+3j),(10+4j),(3+1j),(3+4j),(2+3j),(-3+1j),(-7+4j),(-10+5j),(-13+3j),(-14+7j),0j,0j,0j,0j,0j,0j,0j,0j,0j,0j,0j,(5-40j),(3-38j),(-2-41j),(2-39j),(-4-39j),(-3-40j),(-5-37j),(-1-43j),(-4-36j),(-2-30j),-24j,(-2-26j),(-3-21j),(3-22j),(-2-16j),(2-15j),(2-13j),(3-6j),(7-9j),(4-9j),(10-4j),(9-7j),(9-5j),(15-6j),(7-2j),(12-4j)
(-91+80j),(10+0j),(7+4j),(-1+0j),(-14+6j),(-9+0j),(-6+1j),(-11-2j),(-16-1j),(-22-2j),(-19+1j),(-21+0j),(-17-10j),(-20+2j),(-22-2j),(-21-3j),(-18-7j),(-32-7j),(-17-9j),(-20-15j),(-16-15j),(-9-11j),(-11-18j),(-12-22j),(-6-11j),(-8-14j),(-5-18j),0j,0j,0j,0j,0j,0j,0j,0j,0j,0j,0j,(-10-1j),(-1+3j),(-3+5j),(-9+7j),11j,(-2+6j),(-4+14j),(-8+20j),(-4+14j),(-1+20j),(3+27j),(5+25j),(6+23j),(6+25j),(10+27j),(11+30j),(2+28j),(14+24j),(15+23j),(15+20j),(18+20j),(14+18j),(17+21j),(11+14j),(13+10j),(7+18j)
(-71-112j),(11+0j),(10+9j),(6-1j),(-7+9j),(-3-9j),(-5+1j),(-11-11j),(-5-17j),(-30-9j),(-19-14j),(-31-9j),(-21-15j),(-18-12j),(-20-7j),(-14-15j),(-6-21j),(-2-39j),(-14-35j),-23j,(-2-28j),(2-28j),(-1-12j),(11-11j),(17-5j),(14-2j),(24-8j),0j,0j,0j,0j,0j,0j,0j,0j,0j,0j,0j,(1+13j),(-6-1j),(-1+7j),(-6+19j),(-4+7j),(1+13j),(5+18j),(19+15j),(23+17j),(22+17j),(30+13j),(27+14j),(30+8j),(18+6j),(18+18j),(16+17j),(27+25j),(17+29j),(28+23j),(36+10j),(27+19j),(28+6j),(14+11j),(13+16j),(10+16j),(8+22j)
(98+32j),(6+0j),(9+9j),(2+2j),(-6+7j),(-4-1j),(-15+6j),(-12+1j),(-10+5j),(-11+1j),(-18+12j),(-18+9j),(-19+0j),(-19-2j),(-18+10j),(-25+9j),(-18+9j),(-26+14j),(-14+6j),(-19+7j),(-24-3j),(-18-6j),(-15-2j),(-15-4j),(-11-12j),(-9-11j),(-7-11j),0j,0j,0j,0j,0j,0j,0j,0j,0j,0j,0j,(-13-1j),(-7+6j),(-5+4j),(-5+16j),(-3+10j),(9+10j),(-3+16j),(3+14j),24j,(7+13j),15j,(12+9j),(10+24j),(22+24j),(16+18j),(19+22j),(17+14j),(26+16j),(25+19j),(21+9j),(20+10j),(21+22j),(17+9j),(20+11j),(16+9j),(15+13j)
(98+32j),(6+0j),(3+3j),(2-1j),(-4+6j),(-8+3j),(-10-14j),(-10+3j),(-20+1j),(-17+5j),(-14-3j),(-17+7j),(-22+5j),(-23-6j),(-22-1j),(-29-2j),(-27-5j),(-15-9j),(-25-17j),(-14-15j),(-21-11j),(-15-15j),(-9-16j),(-5-22j),(1-18j),(-7-15j),(-1-12j),0j,0j,0j,0j,0j,0j,0j,0j,0j,0j,0j,(-3+9j),(-8+6j),(-4+9j),(4+16j),(1+7j),(-2+17j),(4+9j),(2+11j),(3+11j),(11+26j),(3+20j),(19+18j),(21+8j),(18+19j),(24+25j),(16+11j),(21+18j),(25+15j),(23+15j),(21+15j),(26+17j),(25-4j),(11+14j),(26+13j),(15+7j),(15+13j)
(-128+0j),(8+0j),(10-3j),(1+7j),(7-2j),(-3+1j),(-9+13j),(-15+11j),(-18+11j),(-10+19j),(-17+15j),(-18+25j),(-19+16j),(-1+19j),(-7+15j),(-23+19j),(-21+18j),(-28+16j),(-29+11j),(-28+14j),(-29+14j),(-24+3j),(-27-1j),(-26-4j),(-18-5j),(-20-12j),(-15-11j),0j,0j,0j,0j,0j,0j,0j,0j,0j,0j,0j,(-13+8j),(-8+11j),(-5+11j),(-2+10j),(8+9j),(8+13j),(11+23j),(13+17j),(14+17j),(15+11j),(21+23j),(28+10j),(29+26j),(25+7j),(29+11j),(29+8j),(36+12j),(32+19j),(36+10j),(40+5j),(35+2j),(30-1j),(27+0j),(30-3j),(22+9j),(19+4j)
(-6-96j),(15+0j),(10+2j),(5+5j),(10+0j),(3+0j),(13+0j),(6+3j),(6+4j),(5+6j),(-7+13j),(4+13j),(3+14j),(-3+15j),(5+13j),(4+15j),(-1+10j),(-6+8j),(-4+13j),(-7+11j),(-9+4j),(-7+0j),(-9+0j),(-10-5j),(-10-5j),(-11-13j),(-12-11j),0j,0j,0j,0j,0j,0j,0j,0j,0j,0j,0j,(-1-44j),(-1-41j),(-2-41j),(-5-41j),(-8-43j),(-6-43j),(-7-45j),(-13-38j),(-9-38j),(-9-31j),(-5-29j),(-9-26j),(-5-25j),(-6-18j),(-2-15j),(-4-13j),(2-3j),(1-7j),(-1-1j),(3-1j),(5+5j),(3+1j),(4-1j),(11-3j),(6+3j),(8+5j)
(-91+80j),(10+0j),(20-13j),(11-7j),-13j,(26-3j),(15-20j),(32+2j),(17+11j),(12-2j),(23-2j),(15-1j),(37+18j),(25+9j),(25+10j),(23+1j),(22+16j),(33+13j),(16+4j),(21+7j),(-4+14j),(-3+13j),(-7+17j),(-11+21j),(-20+11j),(-29+8j),(-28+8j),0j,0j,0j,0j,0j,0j,0j,0j,0j,0j,0j,(-69-37j),(-77-27j),(-76-38j),(-72-23j),(-78-28j),(-72-26j),(-71-26j),(-73-27j),(-66-19j),(-62-17j),(-46-16j),(-45-16j),(-45-15j),(-35-8j),(-22-4j),(-19-5j),(-7-10j),(1-4j),(3-15j),(14-7j),(5-5j),(11-7j),(17-7j),(6-16j),(17-13j),(7-11j)
(-71-112j),(11+0j),(-10-18j),(-17+3j),(-15-20j),(3-3j),(-11+3j),(-12-21j),-23j,(-18-20j),(-18-24j),(-8-20j),(-18-23j),(-6-32j),(-10-19j),(-13-29j),(-11-18j),(-3-33j),(-5-20j),-20j,(13-4j),(5-17j),(13-8j),(15-14j),(29+1j),(35+4j),(21+13j),0j,0j,0j,0j,0j,0j,0j,0j,0j,0j,0j,(-37+68j),(-42+68j),(-37+65j),(-33+78j),(-23+73j),(-27+81j),(-28+73j),(-14+76j),(-3+71j),(-16+58j),(-6+54j),(3+39j),(3+49j),(-1+36j),(-9+24j),(-5+12j),(-8+4j),(-6+10j),(-5+6j),(-13+3j),(-2-11j),(-4-3j),(-22-9j),(-21-6j),(-14-3j),(-20-15j)
(-128+0j),(8+0j),(-11+7j),(-11+6j),(-6+1j),(-10+4j),(-9+2j),(-10+2j),(-9+1j),(-13+0j),(-10+0j),(-11-3j),(-12-6j),(-16-5j),(-14-5j),(-11-5j),(-14-10j),(-13-9j),(-9-4j),(-10-8j),(-7-9j),(-1-8j),(1-10j),(8-8j),(6-10j),(14-7j),(14-10j),0j,0j,0j,0j,0j,0j,0j,0j,0j,0j,0j,(36+13j),(39+13j),(39+14j),(42+11j),(40+11j),(40+9j),(37+9j),(39+10j),(38+6j),(31+6j),(28+2j),(25+5j),(18+2j),(15+2j),(16+2j),(10+0j),(6+1j),(3+3j),-2j,6j,(-7+3j),(-8+0j),(-4+3j),(-7+9j),(-5+7j),(-6+8j)
(94-32j),(5+0j),(-11-19j),(-15-29j),(-17-25j),(-11-16j),(-9-19j),(-23-17j),(7-22j),(2-16j),(-4-23j),(8-19j),(1-35j),(-11-21j),(5-26j),(-6-29j),(5-36j),(20-31j),(12-14j),(14-10j),(13-10j),(15-12j),(13+1j),(8+12j),(13+7j),(23+19j),(21+26j),0j,0j,0j,0j,0j,0j,0j,0j,0j,0j,0j,(-52+62j),(-42+63j),(-46+67j),(-48+72j),(-51+74j),(-39+70j),(-35+77j),(-34+64j),(-32+69j),(-29+69j),(-20+56j),(-26+55j),(-22+36j),(-13+29j),(-14+18j),(-14+20j),(-10+4j),(-2+3j),(-10-4j),(-9-6j),(-7-12j),(-6-11j),(-3-21j),(-17-8j),(-23-12j),(-22-7j)
(94-32j),(5+0j),(-8-19j),(-3-12j),(5-15j),(27-36j),(10-18j),(9-6j),(20-9j),(21-13j),(25-6j),(14-9j),(27-13j),(25-14j),(32-15j),(28-13j),(29-11j),(25-14j),(22-2j),(22+3j),(9+4j),(9+7j),(6+21j),(-2+20j),(5+18j),(-9+21j),(-18+21j),0j,0j,0j,0j,0j,0j,0j,0j,0j,0j,0j,(-79+6j),(-73+1j),(-77+13j),(-72+6j),(-82+14j),(-72+11j),(-81+14j),(-74+19j),(-67+19j),(-71+21j),(-54+20j),(-45+22j),(-41+9j),(-43+3j),(-29+12j),(-26+6j),(-10+7j),(-5+3j),(-14-12j),(-5-8j),(-9-13j),-24j,(-5-14j),(-4-11j),(5-13j),(6-29j)
(94-32j),(5+0j),(15-5j),(3-2j),(19-6j),(9+4j),(2-1j),(17+2j),(6+11j),(10+5j),(14+4j),(14+2j),(9+8j),(13+12j),(19+11j),(9+5j),(10+9j),(7+10j),(7+7j),(5+8j),(-2+9j),(-1+9j),(-3+6j),(-8+5j),(-13+4j),(-16+8j),(-17+0j),0j,0j,0j,0j,0j,0j,0j,0j,0j,0j,0j,(-15-42j),(-19-41j),(-21-45j),(-21-43j),(-21-46j),(-27-43j),(-24-37j),(-23-39j),(-20-39j),(-24-26j),(-19-25j),(-20-28j),(-13-17j),(-11-17j),(-13-16j),(-6-13j),(-5-4j),(-2-9j),(-4-5j),(3-13j),(-4-6j),(1-10j),(3-2j),(5-5j),(12-5j),(10-1j)
(-128+0j),(8+0j),(9+21j),(9+15j),(2+14j),(2+7j),(6+12j),(-6+18j),(-6+30j),(6+22j),(-9+21j),(-8+27j),(-7+24j),(-13+22j),(-17+27j),(-17+33j),(-23+21j),(-12+15j),(-22+7j),(-12+10j),(-22+4j),(-15-1j),(-11-10j),(-11-11j),(-7-16j),(-8-29j),(-7-29j),0j,0j,0j,0j,0j,0j,0j,0j,0j,0j,0j,(52-55j),(50-65j),(50-57j),(40-72j),(49-68j),(49-63j),(44-63j),(39-61j),(33-62j),(33-54j),(22-48j),(23-53j),(20-38j),(12-38j),(16-28j),(9-19j),(5-3j),(6-4j),(10+4j),(7+3j),(-3+7j),(7-2j),(6+22j),(-8+19j),(24+16j),(11+21j)
(90-96j),(5+0j),(7-6j),(3-4j),(8+4j),6j,(2+10j),(-3+5j),(1+10j),(-2+17j),(-2+16j),16j,(1+21j),(5+14j),(1+23j),26j,(-2+25j),(3+22j),(-4+32j),(-11+18j),(-9+20j),(-13+15j),(-14+18j),(-11+12j),(-10+15j),(-10+5j),(-15+5j),0j,0j,0j,0j,0j,0j,0j,0j,0j,0j,0j,(1+4j),(-2+7j),6j,(4+7j),(7+2j),(8+6j),(11+10j),(15+2j),(22+1j),(19-1j),(21-1j),(19-3j),(24-5j),(27-7j),(23-1j),(27-8j),(25-7j),(25-10j),(31-13j),(24-15j),(23-20j),(18-7j),(20-14j),(16-11j),(16-15j),(14-13j)
(-59+80j),(12+0j),(6+10j),(1+3j),(-8-1j),(-13+1j),(-9+1j),(-13-7j),(-12+8j),(-12-1j),(-13+1j),(-21+8j),(-20+9j),(-23+5j),(-22+7j),(-22+14j),(-26+5j),(-30+6j),(-27+2j),(-27+6j),(-22-5j),(-23-8j),(-16-8j),(-21-4j),(-10-13j),(-15-14j),(-11-18j),0j,0j,0j,0j,0j,0j,0j,0j,0j,0j,0j,(-10-1j),(-8+2j),(-11+4j),(-8+6j),(-2+9j),(1+7j),(4+10j),(-3+15j),(-2+21j),(4+13j),(4+19j),(9+22j),(11+25j),(13+26j),(13+23j),(12+18j),(18+16j),(19+13j),(19+26j),(21+11j),(24+16j),(22+11j),(20+27j),(19+19j),(10+12j),(14+0j)
(-39-112j),(13+0j),(-15+3j),(-6+0j),(1-2j),(8+2j),(5-10j),(-3-15j),(9-6j),(12-17j),(11-14j),(12-13j),(21-17j),(13-12j),(14-11j),(24-17j),(20-24j),(19-11j),(22-10j),(16-10j),(14+2j),(28+7j),(14+9j),(16+2j),(11+7j),(4+8j),(11+13j),0j,0j,0j,0j,0j,0j,0j,0j,0j,0j,0j,(-2-11j),(-2-8j),(-9-9j),(-5-11j),(-17-8j),(-17-9j),(-15+5j),(-17+1j),(-20+1j),(-28+3j),(-19+1j),(-22+2j),(-17+10j),(-24+4j),(-18+6j),(-41+7j),(-19+6j),(-24+9j),(-23+11j),(-31+12j),(-15+5j),(-29+14j),(-23+6j),(-16+15j),(-20+9j),(-8+7j)
(-128+0j),(8+0j),(-3-9j),(2-4j),(4-16j),(3-2j),-9j,(-1-9j),(-7-6j),(11-6j),(1-20j),(3-14j),(21-16j),(7-21j),(6-24j),(13-20j),(-2-19j),(10-20j),(14-22j),(18-19j),(17-18j),(20-7j),(19-6j),(19-7j),(8+0j),(17-2j),(12+4j),0j,0j,0j,0j,0j,0j,0j,0j,0j,0j,0j,(-4-5j),(-2-9j),(-1-12j),(-11-3j),(-11-4j),(-11-6j),(-19+10j),(-19+2j),(-20+4j),(-17-2j),(-39+17j),(-20+4j),(-25+7j),(-30+8j),(-11+2j),(-23+2j),(-30+17j),(-28+15j),(-19+0j),(-24+4j),(-27+14j),(-25+10j),(-16+22j),(-17+9j),(-18+2j),(-15+7j)
(108-64j),(6+0j),(12+9j),(4+15j),(5+7j),(8+5j),(-2+2j),11j,(6+4j),(-3+4j),(-5+9j),(-3+18j),(-12+13j),(-10+14j),(-18+12j),(-17+10j),(-25+20j),(-18+15j),(-23+2j),(-20+6j),(-15+5j),(-16+0j),(-18+3j),(-16-3j),(-8-12j),(-8-7j),(-7-12j),0j,0j,0j,0j,0j,0j,0j,0j,0j,0j,0j,(-1+4j),4j,(6-1j),(-3+2j),(2+4j),(2-1j),(10+4j),(10+4j),(15+5j),(21+1j),(18-2j),(19-8j),(22-7j),(21-9j),(30-7j),(28-9j),(32-13j),(18-15j),(21-18j),(20-17j),(16-16j),(15-16j),(5-11j),(12-14j),(12-10j),(5-9j)
(-48+1j),(29+0j),0j,(11-4j),(7-5j),0j,(-3+4j),(-2+15j),(-27+19j),(-11+13j),(-12+9j),(-15+13j),(-16+11j),(-24+15j),(-31+17j),(-19+20j),(-27+15j),(-20+4j),(-13+15j),(-27+8j),(-28+10j),(-22-3j),(-28-1j),(-18-1j),(-25-11j),(-16-4j),(-10-6j),0j,0j,0j,0j,0j,0j,0j,0j,0j,0j,0j,(5+7j),(10+5j),(-5+9j),(4+12j),(6+9j),(15+13j),(17+16j),(17+18j),(17+6j),(28+10j),(25+15j),(28+0j),(32+9j),(34+2j),(27-7j),(32-1j),(30-5j),(28-4j),(38-8j),(33-6j),(36-2j),(29-6j),(21+7j),(27-9j),(21-9j),(15-5j)
(-28+65j),(30+0j),(5+5j),(3+1j),(-1+13j),(-10+1j),(-8+3j),(-11-1j),(-17+1j),(-15+5j),(-23+1j),(-17-1j),(-20-4j),(-20-1j),(-25+4j),(-28+4j),(-25+5j),(-33+3j),(-22-3j),(-31-8j),(-25-13j),(-17-16j),(-18-15j),(-12-15j),(-14-15j),(-10-18j),(-1-15j),0j,0j,0j,0j,0j,0j,0j,0j,0j,0j,0j,(-12-1j),(-9-1j),(-10+0j),(-10+3j),(-7+7j),(-12+8j),(-3+17j),(-4+13j),(-7+21j),(1+27j),(-3+19j),(8+28j),(8+26j),(9+29j),(17+27j),(15+26j),(16+28j),(17+27j),(9+29j),(16+26j),(19+26j),(12+19j),(23+14j),(19+19j),(15+17j),(20+13j)
(98+32j),(6+0j),-4j,(11-7j),(3-2j),(11-3j),(5+11j),(1+8j),6j,(14+15j),(17+19j),(6+21j),(14+18j),(10+27j),(15+31j),(10+26j),(8+28j),(3+32j),(15+35j),(10+29j),(1+26j),(-2+27j),(-2+24j),(-10+22j),(-10+15j),(-11+15j),(-15+15j),0j,0j,0j,0j,0j,0j,0j,0j,0j,0j,0j,(-1+6j),(3+9j),(2+4j),(5+16j),(3+9j),(6+2j),(20+4j),(19+7j),(23+3j),(22-6j),(30-1j),(24+2j),(27+1j),(28-12j),(33-13j),(23-13j),(32-20j),(33-16j),(27-13j),(21-24j),(24-22j),(24-23j),(24-16j),(14-32j),(15-16j),(7-13j)
(-51-48j),(12+0j),(12-1j),(18-4j),(9+4j),(6+2j),(5+5j),(-8+14j),(-11+7j),(-14+15j),(-13+18j),(-4+18j),(-17+22j),(-3+31j),(-11+21j),(-4+18j),(-11+18j),(-12+18j),(-6+21j),(-21+21j),(-20+19j),(-9+19j),(-14+11j),(-23+18j),(-17-5j),(-12+5j),(-16+1j),0j,0j,0j,0j,0j,0j,0j,0j,0j,0j,0j,(-6+11j),(-4+7j),9j,(6+6j),(9+15j),(7+2j),(12+13j),(15+6j),(18+17j),(26+21j),(24+3j),(21-2j),(30-6j),(32-12j),(32+11j),(29-1j),(34-9j),(37-7j),(25-4j),(29+3j),(28-7j),(26-16j),(22-7j),(11-17j),(21-16j),(19-4j)
(86+96j),(5+0j),(15-5j),(12+1j),(9-1j),(14-2j),(14+1j),(15-2j),(16+0j),(12+5j),(15+3j),(20+3j),(15+6j),(17-2j),(16+3j),(17+2j),(15+1j),(11-1j),(15+1j),(13+4j),(4+4j),(6+5j),(1+4j),8j,(-4+6j),(-10+11j),(-10+9j),0j,0j,0j,0j,0j,0j,0j,0j,0j,0j,0j,(-10-39j),(-12-40j),(-15-39j),(-16-36j),(-15-40j),(-17-34j),(-14-34j),(-16-30j),(-12-28j),(-11-29j),(-17-23j),(-10-21j),(-7-18j),(-7-16j),(-2-10j),(-1-10j),-7j,(3-6j),(3-6j),(7-4j),(5-2j),(8-3j),(7-5j),(8-4j),(12-4j),(11-2j)
(-39-112j),(13+0j),(3-10j),(4-13j),(2-16j),(10-11j),(7-12j),(6-9j),(8-10j),(12-14j),(9-15j),(13-10j),(8-17j),(12-12j),(14-17j),(16-15j),(8-15j),(8-13j),(9-9j),(6-11j),(4-7j),(7-4j),(6-1j),(5+5j),(7+8j),(10+9j),(4+17j),0j,0j,0j,0j,0j,0j,0j,0j,0j,0j,0j,(-38-15j),(-41-14j),(-38-11j),(-37-8j),(-40-9j),(-37-7j),(-38-4j),(-36-4j),(-34-5j),(-30-5j),(-25-1j),(-18-3j),(-17-1j),(-15-2j),(-10-5j),(-10-7j),(-5-5j),(-6-5j),(-1-9j),(1-7j),(2-8j),-10j,(1-10j),(3-11j),(3-11j),(4-14j)
(-59+80j),(12+0j),(-10-7j),(-10-11j),(-4-11j),(-4-13j),(-6-16j),(-9-14j),(-4-16j),(-4-16j),(-8-15j),(-5-18j),(-10-17j),(-15-16j),(-4-18j),(-10-12j),(-11-14j),(-9-15j),(-7-12j),(-2-13j),(-3-11j),(-2-11j),(5-7j),(2-5j),(9-1j),(9-4j),(12+3j),0j,0j,0j,0j,0j,0j,0j,0j,0j,0j,0j,(-21+30j),(-24+29j),(-21+33j),(-23+31j),(-20+36j),(-19+35j),(-14+38j),(-18+32j),(-11+28j),(-12+26j),(-10+24j),(-9+25j),(-10+12j),(-8+17j),(-11+7j),(-11+7j),(-2+2j),(-6-2j),(-4+0j),(-5-1j),(-8-2j),(-9-7j),(-7-8j),(-9-5j),(-11-9j),(-12-4j)
(-128+0j),(8+0j),(-1+16j),(-1+11j),(-5+9j),(-11+17j),(-11+12j),(-4+12j),(-6+16j),(-6+14j),(-9+10j),(-8+15j),(-12+18j),(-8+19j),(-7+21j),(-8+18j),(-12+16j),(-8+14j),(-8+13j),(-8+9j),(-10+8j),(-7+4j),(-4+0j),(-9-8j),(-8-3j),(-6-8j),(-9-16j),0j,0j,0j,0j,0j,0j,0j,0j,0j,0j,0j,(44+4j),(42+3j),(41+1j),(43+0j),(43-2j),(46-5j),(40-6j),(40-8j),(38-5j),(32-3j),(30-5j),(24-3j),(18+3j),(18-4j),(14+4j),(6+4j),(5+2j),(5+5j),(2+9j),(4+5j),(-2+9j),(-1+7j),11j,7j,(-4+8j),(-4+11j)
(108-64j),(6+0j),(-10+4j),(-18+1j),(-14+2j),(-14-2j),(-15-4j),(-12-7j),(-20-1j),(-20+0j),(-21-1j),(-16+1j),(-20+1j),(-22+0j),(-20-2j),(-25-3j),(-21-5j),(-19-3j),(-17+0j),(-11-4j),(-13-5j),(-8-6j),(-2-5j),(-2-9j),(4-13j),(4-10j),(10-16j),0j,0j,0j,0j,0j,0j,0j,0j,0j,0j,0j,(7+42j),(4+45j),(8+42j),(13+44j),(13+41j),(18+41j),(11+44j),(15+39j),(16+28j),(9+31j),(11+24j),(11+21j),(11+22j),(6+18j),(1+15j),(1+10j),(-1+4j),(-6+8j),(-11-1j),(-14+6j),(-6+3j),(-11+3j),(-9+8j),(-12+8j),(-17+5j),(-13+0j)
(-48+1j),(29+0j),(-10+2j),(-9-1j),(-11-7j),(-15+0j),(-14+2j),(-13-9j),(-10-3j),(-22-4j),(-20-4j),(-19-4j),(-14-1j),(-25-9j),(-20-4j),(-20-8j),(-13-6j),(-12-3j),(-15-9j),(-8-6j),(-9-4j),(-3-5j),(-1-5j),(-3-7j),(4-5j),(9-7j),(10-11j),0j,0j,0j,0j,0j,0j,0j,0j,0j,0j,0j,(7+40j),(11+37j),(10+34j),(9+38j),(14+36j),(15+40j),(6+35j),(17+31j),(6+30j),(9+27j),(13+24j),(11+25j),(11+19j),(4+17j),(8+8j),(-2+8j),7j,(-6+6j),(-5+6j),(-8+4j),(-6+2j),(-8+0j),(-15+3j),(-8+0j),(-12+5j),(-9-1j)
(-28+65j),(30+0j),(-9-4j),(-12-9j),(-10-10j),(-11-10j),(-12-12j),(-12-10j),(-8-15j),(-12-13j),(-10-14j),(-13-18j),(-13-17j),(-12-14j),(-12-18j),(-12-13j),(-14-16j),(-11-15j),(-6-13j),(-5-13j),(-3-8j),(-3-8j),(4-6j),(5-5j),(9-3j),(13-2j),(13-3j),0j,0j,0j,0j,0j,0j,0j,0j,0j,0j,0j,(-16+35j),(-12+39j),(-11+36j),(-10+39j),(-8+37j),(-8+37j),(-9+37j),(-5+33j),(-6+31j),(-5+28j),(-6+25j),(-7+19j),(-3+14j),(-1+14j),(-5+6j),(-8+9j),(-2+3j),(-9+3j),(-4-3j),(-7+0j),(-4-1j),(-9-3j),(-10-3j),(-11-2j),(-9-4j),(-10-10j)
(94-32j),(5+0j),(6-7j),(9-7j),(11-10j),(6-7j),(10-10j),(15-5j),(15-11j),(14-6j),(12-10j),(17-10j),(19-10j),(17-11j),(15-11j),(17-13j),(16-6j),(13-7j),(12-6j),(11-2j),(11+0j),(11-1j),(3+4j),(5+9j),(1+8j),8j,(-1+16j),0j,0j,0j,0j,0j,0j,0j,0j,0j,0j,0j,(-33-21j),(-34-20j),(-34-16j),(-39-18j),(-39-16j),(-41-16j),(-35-12j),(-33-14j),(-28-12j),(-27-8j),(-23-7j),(-19-6j),(-15-7j),(-12-4j),(-9-7j),(-9-9j),(-3-7j),(-2-6j),(-2-3j),(2-9j),(3-8j),(1-8j),(2-7j),(4-10j),(7-11j),(5-9j)
(-51-48j),(12+0j),(13+5j),(10+9j),(10+7j),(8+5j),(16+10j),(13+13j),(13+11j),(14+15j),(21+7j),(17+8j),(15+12j),(19+14j),(18+16j),(14+13j),(17+11j),(13+11j),(14+10j),(10+12j),(5+9j),(3+4j),(-3+7j),(-10+8j),(-5+8j),(-10+5j),(-14+4j),0j,0j,0j,0j,0j,0j,0j,0j,0j,0j,0j,(10-42j),(12-43j),(9-47j),(5-46j),(4-40j),(-1-43j),-41j,(-1-39j),(2-36j),-29j,(-1-31j),-29j,(-2-20j),(1-18j),(5-11j),(5-9j),(2-6j),(7-2j),(6-3j),(7+2j),(9+0j),(7+0j),(12+3j),(6+2j),(13+3j),(8+4j)
(94-32j),(5+0j),(7+8j),(2+9j),(7+5j),(5+11j),10j,10j,(2+12j),(3+14j),(-6+20j),(3+17j),(-1+10j),(-14+17j),(2+27j),(-5+26j),(2+13j),(2+10j),(-2+9j),(5-2j),(-5-1j),(-9+13j),(-5+3j),(-11-6j),(-13-7j),(-7-7j),(-3-12j),0j,0j,0j,0j,0j,0j,0j,0j,0j,0j,0j,-32j,(4-38j),(4-32j),(4-36j),(1-34j),(-3-33j),(3-28j),-26j,(-4-31j),(3-29j),(12-21j),(7-27j),(-2-12j),(3-12j),(6+4j),(8-8j),(-1-10j),(1+4j),(11+0j),(7-5j),(14+2j),(13+7j),(9+14j),(15+11j),(3+6j),(11+10j)
(92-62j),(37+0j),(-1-1j),(2+12j),-9j,(-1-1j),(-1+13j),(1+14j),(-5+9j),(-6+15j),(-4+21j),(-3+21j),(3+20j),(-13+17j),(-1+25j),(-1+21j),(-6+21j),(-8+21j),(-11+20j),(-12+26j),(-11+13j),(-14+6j),(-19+15j),(-17+7j),(-16+9j),(-17+6j),(-17-2j),0j,0j,0j,0j,0j,0j,0j,0j,0j,0j,0j,(4+8j),(6+6j),(7+6j),(8+1j),(9+7j),(10+1j),(12-11j),(24-9j),(20-10j),(17-8j),(17+0j),(27-16j),(32-9j),(23-20j),(30-20j),(33-20j),(24-14j),(27-21j),(27-23j),(22-18j),(13-25j),(17-18j),(20-12j),(15-17j),(15-18j),(20-13j)
(-39-112j),(13+0j),(10-8j),(6-1j),(-4-5j),(3-3j),(6+5j),(10+8j),(8+5j),(16+11j),(12+13j),(7+13j),(8+16j),(11+20j),(10+16j),(3+14j),(7+15j),(3+19j),(2+15j),(1+19j),(-8+20j),(-6+25j),(-6+21j),(-12+7j),(-23+10j),(-12+9j),(-14+10j),0j,0j,0j,0j,0j,0j,0j,0j,0j,0j,0j,(6-4j),(5-3j),(11-7j),(7-5j),(15-8j),(14-9j),(5-16j),(2-14j),(4-13j),(14-18j),(7-28j),(10-25j),(2-21j),-25j,(4-28j),(10-24j),(1-33j),(-1-32j),(1-31j),(-1-16j),(-1-23j),(2-27j),(-3-21j),-25j,(-5-19j),(-4-12j)
(-39-112j),(13+0j),(3+9j),(-1-4j),(-2+0j),(10+5j),(14-4j),(3-4j),(6+5j),(10+3j),(9+13j),(10+17j),(14+10j),(16+15j),(14+17j),(20+10j),(15+10j),(15+14j),(15+13j),(9+13j),(2+17j),(7+18j),(2+18j),(-5+17j),(-6+13j),(-8+12j),(-12+7j),0j,0j,0j,0j,0j,0j,0j,0j,0j,0j,0j,(5+1j),(10-5j),(5-1j),(2-3j),(6-10j),(3-16j),(-2-11j),(5-19j),(9-14j),(-1-22j),(1-22j),(3-20j),(-9-23j),(-2-27j),(-5-25j),-29j,(-2-26j),(-11-30j),(-8-29j),(-2-23j),(-13-23j),(-12-24j),(-14-23j),(-10-13j),(-14-7j),(7-12j)
(-51-48j),(12+0j),(-5+0j),(9+9j),(6-1j),(-3-16j),(1-13j),-8j,(-1-6j),(9-16j),(-2-20j),(-1-22j),(-1-23j),-25j,(-4-19j),(2-24j),(8-25j),(7-19j),(17-19j),(2-19j),(16-15j),(7-18j),(17-13j),(16-10j),(9-3j),(18+5j),(15+0j),0j,0j,0j,0j,0j,0j,0j,0j,0j,0j,0j,(-9+0j),(-12+1j),(-12+5j),(-6+5j),(-5+5j),(-11+7j),(-14+4j),(-14+4j),(-12+15j),(-8+12j),(-13+20j),(-9+24j),(-9+24j),25j,(-12+28j),(-20+23j),(-13+23j),(-8+31j),(-5+26j),(-3+26j),(-3+20j),(-15+22j),(-9+22j),(-9+22j),(-5+14j),(-9+6j)
(98+32j),(6+0j),(4+4j),(4-7j),(-2-2j),(1+1j),(-14+5j),(-8-2j),(-9-2j),(-10-3j),(-25+7j),(-27+6j),(-16+14j),(-22+11j),(-18+10j),(-21+9j),(-26+2j),(-26+2j),(-22-2j),(-24-1j),(-25+1j),(-23-16j),(-11-3j),(-17-11j),(-13-13j),(-16-16j),(-9-18j),0j,0j,0j,0j,0j,0j,0j,0j,0j,0j,0j,(-13+3j),(-12+6j),(-4+8j),(-7+5j),(-1+2j),(1+10j),(6+18j),(-2+17j),(8+18j),(6+28j),(-5+24j),(4+18j),(11+26j),(13+38j),(15+26j),(17+30j),(22+22j),(19+26j),(15+28j),(23+19j),(22+20j),(19+16j),(23+16j),(12+8j),(15+11j),(16+11j)
(-48+0j),(13+0j),(5+2j),(9+1j),(1-3j),(-3-5j),(-2+7j),(-11+7j),(-11+0j),(-23-1j),(-26+9j),(-21+25j),(-11+4j),(-23+5j),(-22+15j),(-19+23j),(-25+6j),(-17+8j),(-33+1j),(-27+1j),(-25-12j),(-19-9j),(-13-20j),(-13-12j),(-10-21j),(-16-18j),(-14-10j),0j,0j,0j,0j,0j,0j,0j,0j,0j,0j,0j,(1+6j),(3+8j),(1+6j),(2+6j),(3+7j),(6+8j),(12+4j),(15+3j),(18+0j),(16-9j),(41+4j),(33-7j),(42+1j),(31+4j),(33-2j),(39+1j),(37+1j),(32-8j),(34-10j),(37-3j),(42+2j),(18-3j),(20-1j),(19-3j),(21-1j),(24-10j)
(-128+0j),(8+0j),(8-5j),(7+5j),(-2-1j),(1+4j),6j,(-1+12j),(1+11j),(2+18j),(-2+16j),(8+22j),(2+10j),(-1+25j),(8+23j),(2+23j),(-1+25j),(-1+19j),(-7+28j),(-7+22j),(-1+26j),(-12+15j),(-10+18j),(-13+17j),(-16+12j),(-15+4j),(-18+4j),0j,0j,0j,0j,0j,0j,0j,0j,0j,0j,0j,(2+6j),(10+15j),(3+3j),(4+3j),(14+3j),(12+3j),(12-8j),(13-8j),(16-5j),(23-2j),(24-8j),(23-7j),(20-17j),(21-18j),(26-16j),(25-23j),(14-16j),(23-24j),(23-22j),(18-16j),(20-18j),(11-14j),(12-19j),(14-17j),(11-18j),(6-13j)
(98+32j),(6+0j),(-15-5j),(-6-6j),0j,0j,(8-7j),(15-13j),(12-13j),(15-2j),(23-14j),(16-9j),(16-13j),(15-8j),(18-9j),(27-6j),(20-11j),(27-1j),(20+3j),(23+3j),(22+11j),(23+7j),(19+14j),(18+12j),(12+11j),(10+14j),(1+18j),0j,0j,0j,0j,0j,0j,0j,0j,0j,0j,0j,-11j,(-4-9j),(1-8j),(-8-11j),(-5-8j),(-9-8j),(-13-8j),(-8-10j),(-22-16j),(-19-15j),(-24-11j),(-28-6j),(-26-18j),(-36-11j),(-36-7j),(-37-13j),(-33-4j),(-33-3j),(-26-5j),(-37-5j),(-32-7j),(-26-8j),(-39-3j),(-25+1j),(-29+7j),(-19+0j)
(90-96j),(5+0j),(17+7j),(-4+9j),(1+6j),(-3+0j),(-7+1j),(-6+1j),(-7-3j),(-12-2j),(-12-1j),(-24+1j),(-18+4j),(-16-9j),(-30+7j),(-31-7j),(-22-11j),(-19-8j),(-18-9j),(-17-13j),(-19-11j),(-12-18j),(-6-14j),(-3-19j),(-5-16j),(-2-16j),(7-13j),0j,0j,0j,0j,0j,0j,0j,0j,0j,0j,0j,(-15+2j),(-3+9j),16j,(1+4j),8j,(-1+11j),(7+19j),(3+16j),(11+17j),(3+16j),(9+15j),(16+15j),(20+27j),(23+12j),(20+23j),(24+18j),(22+24j),(25+15j),(33+16j),(24+19j),(23+14j),(15+16j),(24+9j),(20+10j),(12+17j),(27+6j)
(-48+0j),(13+0j),(-1+4j),2j,(-12-4j),(-2+4j),(-8+2j),(-13-10j),(-9+3j),(-9-4j),(-13-9j),(-17-9j),(-16-8j),(-17-14j),(-25-10j),(-21-11j),(-21-12j),(-23-20j),(-19-16j),(-19-15j),(-12-15j),(-8-9j),(-9-19j),(-3-15j),(-5-18j),(1-15j),(10-16j),0j,0j,0j,0j,0j,0j,0j,0j,0j,0j,0j,(-7+3j),(-2+1j),(-5+6j),(-8+0j),(-8+4j),(-9+9j),(-8+11j),(-7+14j),17j,(-5+19j),23j,(-3+26j),(-2+33j),(2+27j),(3+26j),(-2+25j),(7+27j),(2+27j),(5+25j),(10+21j),(17+26j),(14+22j),(8+27j),(-1+15j),(-5+21j),(11+14j)
(-66-32j),(11+0j),(2+7j),(-1+12j),(-2+11j),(-1+14j),(-2+17j),(-5+14j),(-2+19j),(-2+16j),(-6+18j),(-4+24j),(-7+22j),(2+24j),(2+23j),(-5+26j),(2+17j),(-6+16j),(-4+18j),(-7+13j),(-4+11j),(-5+7j),(-5+4j),(-8-1j),(-11-5j),(-9-4j),(-15-7j),0j,0j,0j,0j,0j,0j,0j,0j,0j,0j,0j,(19-38j),(17-33j),(14-36j),(15-39j),(17-39j),(17-38j),(17-37j),(12-36j),(12-31j),(14-32j),(7-26j),(7-26j),(9-16j),(4-18j),(5-16j),(4-9j),(3-7j),-4j,(4+1j),(4+1j),(1-1j),(2+3j),5j,(4+4j),(-1+4j),(2+9j)
(-46+32j),(13+0j),(7+7j),(10+1j),(13+3j),(12+4j),(13+4j),(17+7j),(15+6j),(18+5j),(20+5j),(16+5j),(22+6j),(20+5j),(19+9j),(21+7j),(19+5j),(14+7j),(16+4j),(11+7j),(10+7j),(4+2j),(1+9j),(-6+10j),(-8+7j),(-9+6j),(-11+7j),0j,0j,0j,0j,0j,0j,0j,0j,0j,0j,0j,(-32-25j),(-33-21j),(-33-20j),(-37-19j),(-35-18j),(-36-17j),(-36-17j),(-33-19j),(-33-16j),(-29-14j),(-23-14j),(-21-11j),(-18-9j),(-14-7j),(-10-6j),(-7-6j),(-7-4j),(-7-2j),(1-4j),-2j,(2-5j),(2-3j),(1-1j),(6-5j),(7+1j),(5-3j)
(-128+0j),(8+0j),(-8+3j),(-13+2j),(-13+0j),(-12+2j),(-14+2j),(-18+6j),(-15+2j),(-18+5j),(-16+5j),(-14+9j),(-19+7j),(-23+11j),(-21+9j),(-18+9j),(-19+6j),(-22+9j),(-19+2j),(-14+2j),(-9+2j),(-10+0j),(-11+1j),(-5-7j),(1-8j),(-2-12j),(2-17j),0j,0j,0j,0j,0j,0j,0j,0j,0j,0j,0j,(35+12j),(35+13j),(37+11j),(37+10j),(36+12j),(34+6j),(38+6j),(33+6j),(31+8j),(26+2j),(28+3j),(22+2j),(21+4j),(14+2j),(11+1j),(6+2j),(4+4j),(3+0j),(2+1j),(-1+3j),(-2-4j),4j,(-5+5j),(-5+6j),(-6+1j),(-4+2j)
(92-62j),(37+0j),(-6-10j),(-5-18j),(-2-10j),(-3-11j),(-6-14j),(-7-12j),(-6-12j),(-9-17j),(-4-20j),(-9-22j),(-9-22j),(-10-25j),(-11-26j),(-8-16j),(-10-17j),(-8-16j),(-5-17j),(-1-14j),(-1-12j),(1-5j),(6-4j),(7-3j),(11-2j),(10-1j),(14+4j),0j,0j,0j,0j,0j,0j,0j,0j,0j,0j,0j,(-13+34j),(-14+39j),(-13+39j),(-16+39j),(-11+37j),(-9+39j),(-4+34j),(-10+36j),(-8+35j),(-5+32j),(-3+23j),(-5+29j),(-3+22j),(-3+17j),(-2+16j),(-2+8j),(-2+6j),(-7+3j),(-7+3j),(-2-2j),(-3-9j),(-7-3j),(-8-3j),(-2-4j),(-8-3j),(1-6j)
(-46+32j),(13+0j),(5+1j),(9+6j),(10+8j),(7+12j),(13+11j),(6+17j),(11+15j),(12+15j),(6+11j),(11+24j),(17+18j),(8+11j),(11+14j),(6+18j),(16+13j),(9+13j),(3+13j),13j,(4+11j),(-1+6j),3j,(-5+7j),(-12-4j),(-16+1j),(-11+1j),0j,0j,0j,0j,0j,0j,0j,0j,0j,0j,0j,(-16-34j),(-15-40j),(-14-37j),(-12-40j),(-14-33j),(-24-37j),(-18-39j),(-18-33j),(-16-31j),(-7-33j),(-17-25j),(-12-16j),(-9-22j),(-7-17j),(-10-9j),(-5-11j),(5-5j),(-5-4j),(-2-3j),(-1-2j),(4+2j),(10+6j),(7-7j),(5-5j),(6+1j),(10+0j)
(-30+32j),(14+0j),(-10-2j),(-15-4j),(-13-6j),(-10-4j),(-14-7j),(-13-5j),(-17-5j),(-20-9j),(-18-15j),(-18-11j),(-24-7j),(-20-6j),(-22-6j),(-17-8j),(-20-8j),(-13-5j),(-15-7j),(-9-5j),(-9-6j),(-6-8j),(2-9j),-11j,(5-9j),(10-10j),(13-14j),0j,0j,0j,0j,0j,0j,0j,0j,0j,0j,0j,(19+32j),(21+32j),(20+32j),(21+37j),(22+29j),(27+28j),(23+29j),(20+29j),(24+26j),(22+20j),(19+22j),(17+15j),(20+8j),(12+10j),(9+8j),(6+8j),(4+9j),(2+3j),(-4+6j),(-8+2j),(-1+3j),(-6+5j),(-8-1j),(-10+0j),(-9-3j),(-14-2j)
(-91+80j),(10+0j),(-6-14j),(-7-13j),(-2-9j),(-1-13j),(-2-14j),(-1-16j),(-3-16j),(3-21j),(-3-20j),(-6-21j),(-7-14j),(-4-22j),(-2-23j),(1-24j),(2-21j),-15j,(4-16j),(2-13j),(2-12j),(7-3j),(6-6j),(5+0j),(7+8j),(10+10j),(14+8j),0j,0j,0j,0j,0j,0j,0j,0j,0j,0j,0j,(-2+37j),40j,(-5+39j),(3+36j),39j,(5+39j),(-1+37j),(5+44j),35j,(2+26j),(-1+29j),(8+28j),(3+16j),(-2+19j),(3+14j),(-3+6j),(-4+4j),(-2+6j),(-3+1j),(-2+4j),(-6-3j),(-1-2j),(-5-4j),(-6-6j),(-6-10j),(-1-7j)
(-71-112j),(11+0j),(-6+8j),(-6+5j),(-9+7j),(-15+11j),(-12+9j),(-14+12j),(-13+10j),(-17+10j),(-15+12j),(-15+12j),(-15+14j),(-14+12j),(-17+16j),(-15+14j),(-19+10j),(-14+10j),(-10+10j),(-12+5j),(-9+0j),(-8+0j),(-8-5j),(-5-10j),(-9-10j),(-5-13j),(-8-17j),0j,0j,0j,0j,0j,0j,0j,0j,0j,0j,0j,(37+4j),(37+5j),(41+6j),(38+5j),(42+0j),(41+1j),(39+2j),(35+0j),(37-2j),(29-3j),(27-2j),(22-2j),(16-2j),(14-3j),(11-4j),(8-1j),(7+0j),(5+2j),(2+1j),(-1+4j),(2+4j),0j,(-8+6j),(-2+6j),(-4+7j),(-4+2j)
(-128+0j),(8+0j),(3+11j),(4+9j),(4+12j),(5+12j),(6+16j),(9+15j),(8+17j),(5+16j),(9+13j),(12+16j),(12+20j),(9+18j),(14+18j),(13+17j),(10+15j),(10+12j),(9+13j),(2+12j),11j,(-2+10j),(-5+7j),(-9+5j),(-11+3j),(-14+4j),(-17+3j),0j,0j,0j,0j,0j,0j,0j,0j,0j,0j,0j,(8-39j),(8-37j),(4-42j),(7-43j),(4-39j),(5-41j),(2-37j),(1-38j),(1-35j),(2-26j),(3-24j),(-3-24j),(-2-23j),-16j,(-1-14j),(-1-11j),(2-4j),(2-4j),0j,(1+1j),(5+1j),(2+1j),(3+3j),(3+3j),(6+4j),(2+7j)
(30-32j),(1+0j),(-5+5j),(-5+8j),(-7+5j),(-12+5j),(-13+4j),(-14+9j),(-10+9j),(-16+10j),(-13+5j),(-13+12j),(-13+11j),(-15+13j),(-16+10j),(-14+12j),(-14+9j),(-11+10j),(-9+10j),(-12+7j),(-14+1j),(-8-2j),(-13-6j),(-9-7j),(-4-11j),(-6-8j),(-5-16j),0j,0j,0j,0j,0j,0j,0j,0j,0j,0j,0j,(16+27j),(17+31j),(17+30j),(19+27j),(26+30j),(21+28j),(18+25j),(24+21j),(15+20j),(21+9j),(15+14j),(14+13j),(15+12j),(11+9j),(15+4j),(8+8j),(3+2j),5j,(1+6j),(-1+3j),(5+2j),(-4+7j),6j,(-3+6j),(-5+2j),(-8+4j)
(-128+0j),(8+0j),(6-5j),(7+0j),(-2+2j),(3+4j),(6+5j),9j,(-7+14j),(-2+20j),(-4+20j),(1+21j),20j,23j,(-7+25j),(-2+27j),(-7+27j),(-2+30j),(-11+25j),(-12+22j),(-14+23j),(-9+14j),(-16+20j),(-19+10j),(-14+9j),(-18-5j),(-19+0j),0j,0j,0j,0j,0j,0j,0j,0j,0j,0j,0j,4j,(6+6j),(6+1j),(10+9j),(15+0j),(12+0j),(15-4j),(20-5j),(22-11j),(24-10j),(23-8j),(25-7j),(27-6j),(23-12j),(27-13j),(28-15j),(27-22j),(25-21j),(26-18j),(26-21j),(28-24j),(18-18j),(17-12j),(17-16j),(16-13j),(9-16j)
(86+96j),(5+0j),(-14+11j),(-4+13j),(-9+6j),(-12+8j),(-8+12j),(-14+9j),(-11+13j),(-14+11j),(-16+14j),(-15+12j),(-19+10j),(-18+10j),(-13+14j),(-18+11j),(-17+7j),(-14+11j),(-17+2j),(-15+5j),(-15+2j),(-14+0j),(-12-6j),(-11-10j),(-9-12j),(-6-15j),(-6-18j),0j,0j,0j,0j,0j,0j,0j,0j,0j,0j,0j,(22+25j),(25+23j),(28+20j),(31+21j),(32+20j),(30+17j),(32+16j),(31+13j),(31+13j),(28+10j),(27+10j),(24+4j),(17+5j),(18+7j),(12+4j),(12+8j),(8+3j),(5+5j),(3+7j),(3+3j),7j,6j,(-2+8j),(-10+11j),(-2+6j),(-4+4j)
(9-110j),(32+0j),(-3+13j),(3+13j),(-5+21j),(-4+12j),(1+13j),(-5+18j),(-2+21j),(-2+23j),(-7+24j),(-1+16j),(-1+21j),(-4+21j),(-4+20j),(-9+19j),(-7+15j),(-5+17j),(-9+15j),(-7+9j),(-10+10j),(-9+4j),(-11+4j),(-14-1j),(-10-3j),(-14-5j),(-18-6j),0j,0j,0j,0j,0j,0j,0j,0j,0j,0j,0j,(33+5j),(34+2j),(35+3j),(35+2j),(37-2j),(36-3j),(38-4j),(36-4j),(35-5j),(33-4j),(24-7j),(22-6j),(19-7j),(18-5j),(15-8j),(12-2j),(6+0j),(9-1j),(4-1j),(5+2j),4j,7j,(1+9j),(4+13j),8j,(1+13j)
(98+32j),(6+0j),(5+7j),(2+19j),(-5+13j),(-2+15j),(-4+21j),(-2+14j),(2+21j),(-7+16j),(5+8j),(8+17j),(5+14j),(10+21j),(13+25j),(3+29j),(-6+20j),(5+16j),(-5+22j),(10+11j),(-1+14j),(-5+8j),(-6+12j),(-4+7j),(-12+7j),(-18+11j),(-13+11j),0j,0j,0j,0j,0j,0j,0j,0j,0j,0j,0j,(22+29j),(18+22j),(23+24j),(29+22j),(31+26j),(26+23j),(35+21j),(28+16j),(32+11j),(28+16j),(20+8j),(25+3j),(21+11j),(8+13j),(7-4j),(9+8j),(7-4j),(3+2j),(14+2j),(-4+1j),(-7+13j),10j,(2+3j),(-6+15j),(1+3j),(2+9j)
(-40-127j),(29+0j),(5-11j),(12-17j),(6-13j),(7-12j),(11-13j),(11-13j),(10-15j),(10-13j),(12-17j),(11-15j),(13-14j),(15-9j),(11-17j),(14-14j),(16-15j),(14-15j),(10-13j),(14-8j),(12-8j),(10-4j),(11+1j),(10+4j),(9+5j),(10+8j),(14+10j),0j,0j,0j,0j,0j,0j,0j,0j,0j,0j,0j,(-23-23j),(-21-29j),(-21-23j),(-27-25j),(-33-22j),(-31-21j),(-31-18j),(-29-19j),(-30-17j),(-27-16j),(-25-9j),(-23-11j),(-21-11j),(-17-10j),(-11-7j),(-14-4j),(-9-7j),(-3-5j),(-4-7j),-8j,(2-10j),(6-7j),(-2-11j),(5-10j),(3-11j),(2-9j)
(-20-63j),(30+0j),(-1+16j),(5+6j),(1+14j),(-3+9j),(-1+13j),(-1+14j),(-2+19j),(-3+17j),(2+20j),(-4+21j),(-4+15j),(-8+22j),(-3+17j),(-3+21j),(-7+15j),(-3+21j),(-7+11j),(-10+5j),(-7+9j),(-11+7j),(-9+5j),(-15+0j),(-12-2j),(-17+0j),(-15-4j),0j,0j,0j,0j,0j,0j,0j,0j,0j,0j,0j,(32+5j),(31+8j),(33+6j),(35+6j),(33+7j),(38+1j),(41+0j),(41-6j),(32-1j),(30-4j),(29-2j),(26-4j),(21-4j),(13-2j),(15-4j),(14-2j),(4+2j),(4-1j),(7+3j),(1+3j),(5+6j),(1+5j),(1+8j),(6+5j),(4+7j),(4+12j)
(-128+0j),(8+0j),(-13+1j),(-16+5j),(-16+8j),(-17+4j),(-16+0j),(-14+4j),(-21+4j),(-18+2j),(-24+1j),(-21+2j),(-23-5j),(-26-1j),(-23-4j),(-21-4j),(-22-6j),(-20-6j),(-15-4j),(-13-8j),(-9-8j),(-7-13j),(-2-10j),(-6-17j),(3-13j),(5-17j),(6-19j),0j,0j,0j,0j,0j,0j,0j,0j,0j,0j,0j,(12+30j),(19+37j),(18+36j),(25+35j),(23+35j),(27+35j),(27+30j),(30+29j),(24+29j),(21+27j),(20+23j),(16+17j),(17+18j),(14+15j),(12+11j),(11+9j),(7+9j),(4+2j),6j,(-5+4j),(-8+1j),(-6+2j),(-5+9j),(-5+6j),(-6+5j),(-9+6j)
(94-32j),(5+0j),(17-14j),(15-10j),(17-12j),(17-8j),(19-9j),(20-6j),(21-11j),(19-8j),(21-7j),(20-9j),(19-6j),(19-7j),(18-6j),(19-4j),(16-2j),(15-1j),(15-2j),(15+2j),(10+2j),(7+5j),(5+3j),(5+10j),(5+14j),(-1+13j),(-2+16j),0j,0j,0j,0j,0j,0j,0j,0j,0j,0j,0j,(-26-28j),(-29-29j),(-29-30j),(-27-28j),(-33-23j),(-31-26j),(-38-23j),(-31-21j),(-32-17j),(-32-14j),(-27-14j),(-25-13j),(-20-12j),(-19-8j),(-13-9j),(-10-5j),(-4-6j),(-2-7j),(1-2j),(4-7j),(6-8j),(9-10j),(9-9j),(12-8j),(15-11j),(10-8j)
(-98-32j),(9+0j),(-6-5j),(-6+2j),(5-11j),(-2+1j),(-1-3j),(4-8j),(16-12j),(6-15j),(17-11j),(5-23j),(17-11j),(9-25j),(15-13j),(20-18j),(16-6j),(19-17j),(15-12j),(20-11j),(15+0j),(23-6j),(14+5j),(22-2j),(9+10j),(14+7j),(5+17j),0j,0j,0j,0j,0j,0j,0j,0j,0j,0j,0j,(-10-5j),(3-7j),(-6-7j),(-1-12j),(-12-9j),(-5-12j),(-22-3j),(-12-10j),(-25-4j),(-15-1j),(-37-2j),(-25+4j),(-35-4j),(-25+10j),(-39-3j),(-26+6j),(-36+0j),(-27+9j),(-30+2j),(-32+10j),(-27+3j),(-23+12j),(-28+4j),(-25+9j),(-26+2j),(-14+10j)
(98+32j),(6+0j),(1-12j),(4-2j),(3-6j),(7+15j),(-8+2j),(-9+15j),12j,(-8+21j),(3+22j),(-6+22j),(-7+19j),(-9+24j),(-3+23j),(-8+25j),(-13+20j),(-18+24j),(-11+19j),(-9+21j),(-13+22j),(-21+18j),(-20+11j),(-12+7j),(-24+1j),(-22+0j),(-17-5j),0j,0j,0j,0j,0j,0j,0j,0j,0j,0j,0j,(1+5j),(-3+6j),(2+8j),(8+6j),(11+11j),(10+3j),(10+5j),(18+12j),(16+6j),(19+0j),(22+4j),(25+4j),(34-6j),(27-4j),(34-4j),(35-3j),(29-5j),(38-11j),(35-6j),(33-8j),(30-8j),(32-20j),(25-20j),(18-9j),(14-13j),(17-5j)
(98+32j),(6+0j),(8+4j),(-8+3j),(-2-2j),(-3-6j),(-5-7j),(8-6j),(6-10j),(9-7j),(4-17j),(10-19j),(4-17j),(9-19j),(7-19j),(9-25j),(12-16j),(8-18j),(12-16j),(11-11j),(17-18j),(16-10j),(16-6j),(16-2j),(13-2j),(13+2j),(13+5j),0j,0j,0j,0j,0j,0j,0j,0j,0j,0j,0j,(-3-7j),(-4-9j),(-5-9j),(-5-4j),(-3-7j),(-9-5j),(-12+2j),(-13-5j),(-16-7j),(-21-6j),(-22-4j),(-24-1j),(-23+0j),(-18-7j),(-26+0j),(-29+7j),(-15+6j),(-23+11j),(-24+8j),(-25+3j),(-16+13j),(-17+9j),(-17+10j),(-18+12j),(-23+3j),(-13+8j)
(-98-32j),(9+0j),(-15+11j),(-17+5j),(-17+10j),(-19+7j),(-18+12j),(-20+9j),(-18+10j),(-21+8j),(-17+10j),(-18+11j),(-23+7j),(-21+9j),(-22+9j),(-24+6j),(-23+8j),(-18+5j),(-15+0j),(-19+2j),(-14+2j),(-14-4j),(-6-8j),(-5-10j),(-4-9j),(-2-12j),(-4-18j),0j,0j,0j,0j,0j,0j,0j,0j,0j,0j,0j,(30+21j),(34+22j),(36+21j),(34+20j),(37+18j),(40+15j),(40+15j),(33+9j),(35+13j),(31+8j),(28+6j),(24+6j),(25+10j),(16+6j),(12+2j),(11+8j),(2+8j),(-1+8j),(-2+6j),(-7+4j),(-11+6j),(-7+6j),(-4+10j),(-15+11j),(-9+12j),(-10+14j)
(-128+0j),(8+0j),(9+11j),(12+6j),(12+10j),(8+11j),(8+13j),(13+13j),(11+12j),(8+14j),(10+19j),(11+13j),(10+16j),(13+16j),(11+21j),(7+16j),(11+18j),(10+17j),(7+14j),(4+11j),(-1+11j),(-2+6j),(-7+8j),(-4+6j),(-13+5j),(-13+7j),(-14+4j),0j,0j,0j,0j,0j,0j,0j,0j,0j,0j,0j,(18-30j),(21-30j),(19-31j),(17-31j),(12-33j),(13-32j),(17-36j),(14-36j),(9-29j),(9-27j),(4-27j),(6-22j),(2-21j),(1-17j),(9-12j),(2-11j),(3-5j),(4-1j),(8+3j),(7+4j),(6+3j),(9+5j),(10+7j),(12+9j),(14+6j),(12+8j)
(-98-32j),(9+0j),(-4+10j),(-7+13j),(-7+14j),(-12+12j),(-9+10j),(-13+17j),(-9+15j),(-6+18j),(-12+15j),(-12+15j),(-13+15j),(-13+17j),(-14+16j),(-11+15j),(-12+15j),(-14+13j),(-9+16j),(-14+8j),(-12+4j),(-13+2j),(-8-1j),(-12-4j),(-9-8j),(-11-13j),(-12-9j),0j,0j,0j,0j,0j,0j,0j,0j,0j,0j,0j,(32+15j),(35+12j),(36+12j),(34+11j),(34+10j),(37+8j),(37+6j),(31+6j),(32+0j),(31+4j),(25+4j),(21+0j),(15+5j),(18+3j),(12+6j),(5+5j),(2+4j),(6+10j),5j,(-6+11j),(-9+12j),(-5+14j),(-4+12j),(-4+14j),(-9+8j),(-3+15j)
(-126+32j),(8+0j),(18-4j),(15+0j),(13+1j),(14+2j),(17+1j),(17+4j),(20+9j),(14+4j),(21+4j),(21+3j),(21+2j),(16+9j),(16+7j),(17+9j),(19+6j),(21+11j),(14+5j),(6+4j),(8+8j),(3+5j),8j,10j,(-3+9j),(-7+6j),(-9+15j),0j,0j,0j,0j,0j,0j,0j,0j,0j,0j,0j,(-4-34j),(-3-36j),(-5-40j),(-6-35j),(-9-38j),(-10-37j),(-13-34j),(-12-33j),(-9-32j),(-11-29j),(-12-23j),(-11-19j),(-9-18j),(-5-15j),(-4-11j),(-1-11j),(1-5j),(2-4j),(9-2j),(4-4j),(8-1j),(9-5j),(15+0j),(11-6j),(17+5j),(13-1j)
(94-32j),(5+0j),(-4-15j),(-11-19j),(-12-18j),-19j,(-5-17j),(-6-22j),(-8-20j),(-12-25j),(-8-23j),(-11-21j),(-15-23j),(-9-23j),(-10-24j),(-10-17j),(-6-20j),(-3-24j),(-1-17j),(-2-21j),(-1-12j),(3-8j),(4-14j),(11-7j),(13-10j),(8+1j),(15-5j),0j,0j,0j,0j,0j,0j,0j,0j,0j,0j,0j,(-35+21j),(-33+19j),(-28+28j),(-33+28j),(-32+26j),(-33+29j),(-27+29j),(-26+30j),(-23+31j),(-25+34j),(-23+25j),(-15+24j),(-17+18j),(-14+10j),(-9+10j),(-12+5j),(-7+1j),(-9-4j),(-9-3j),(-9-8j),(-8-8j),(-5-11j),(-5-12j),(-4-12j),(-12-15j),(-12-11j)
(-98-32j),(9+0j),(12-9j),(15-13j),(12-10j),(11-10j),(13-5j),(15-10j),(15-4j),(18-10j),(19-11j),(13-13j),(17-7j),(15-11j),(18-5j),(18-11j),(14-8j),(14-6j),(16-7j),(13-1j),(8-3j),(6+3j),(9+4j),(3+3j),(5+8j),(-2+13j),(-2+14j),0j,0j,0j,0j,0j,0j,0j,0j,0j,0j,0j,(-30-18j),(-31-19j),(-34-20j),(-35-13j),(-35-15j),(-34-14j),(-34-14j),(-35-10j),(-31-8j),(-30-8j),(-26-7j),(-21-3j),(-16-7j),(-15-5j),(-9-7j),(-11-7j),-9j,(-1-6j),(1-6j),(3-11j),(8-5j),(5-9j),(9-16j),(4-15j),(6-13j),(10-9j)
(74-95j),(20+0j),(-17-15j),(-16-13j),(-14-11j),(-14-12j),(-17-11j),(-12-13j),(-17-14j),(-17-15j),(-14-19j),(-19-14j),(-14-16j),(-18-18j),(-16-19j),(-14-17j),(-19-18j),(-14-16j),(-8-17j),(-11-14j),(-3-15j),(-4-8j),(3-13j),(5-10j),(10-8j),(11-8j),(13-9j),0j,0j,0j,0j,0j,0j,0j,0j,0j,0j,0j,(-20+32j),(-21+34j),(-19+35j),(-19+42j),(-15+38j),(-16+41j),(-11+38j),(-10+39j),(-11+32j),(-9+32j),(-8+30j),(-7+26j),(-6+24j),(-7+17j),(-2+9j),(-6+7j),(-3+6j),(-5+5j),(-7-2j),(-11-7j),(-12-5j),(-10-4j),(-13-6j),(-15-8j),(-14-7j),(-15-7j)
(94-31j),(21+0j),(1+19j),(1+17j),(-2+15j),(2+15j),(-4+16j),(-4+18j),(-3+21j),(-3+20j),(1+24j),(-3+21j),(-1+22j),(-7+22j),(-6+20j),(-3+22j),(-2+22j),(-5+22j),(-7+18j),(-4+13j),(-7+10j),(-11+7j),(-10+6j),(-9-1j),(-13-2j),(-14-6j),(-16-12j),0j,0j,0j,0j,0j,0j,0j,0j,0j,0j,0j,(36-11j),(39-8j),(38-14j),(40-12j),(40-18j),(38-17j),(38-19j),(32-20j),(29-17j),(28-18j),(25-15j),(22-13j),(17-13j),(11-9j),(9-8j),(4-10j),(6+5j),(6+2j),(1+8j),(4+10j),(2+4j),(4+13j),(-3+12j),(1+12j),(1+21j),(4+15j)
(-1-16j),(15+0j),(10+14j),(11+6j),(13+8j),(12+8j),(15+11j),(16+12j),(16+14j),(12+13j),(14+13j),(19+16j),(19+12j),(13+15j),(10+18j),(11+12j),(13+9j),(8+17j),(6+14j),(1+10j),(4+7j),(3+9j),(-1+6j),(-2+5j),(-10+7j),(-14+5j),(-14+7j),0j,0j,0j,0j,0j,0j,0j,0j,0j,0j,0j,(13-36j),(10-34j),(9-35j),(7-39j),(5-39j),(6-42j),(3-37j),(4-34j),(3-35j),(-1-29j),-25j,(6-23j),(1-21j),(1-17j),(3-10j),(3-10j),(1-4j),(4-5j),(4+1j),(9-1j),(10+1j),(7+2j),(14+6j),(15+3j),(10+9j),(12+6j)
(94-32j),(5+0j),(-11+10j),(-12+10j),(-11+9j),(-12+13j),(-12+13j),(-13+11j),(-14+12j),(-15+11j),(-14+13j),(-17+11j),(-19+15j),(-11+10j),(-12+13j),(-17+13j),(-15+11j),(-10+12j),(-16+9j),(-12+7j),(-12+0j),(-6+2j),(-10+2j),(-8-8j),(-8-10j),(-8-8j),(-5-12j),0j,0j,0j,0j,0j,0j,0j,0j,0j,0j,0j,(23+21j),(24+24j),(27+21j),(28+20j),(28+24j),(33+20j),(30+18j),(34+16j),(31+15j),(29+9j),(27+8j),(23+9j),(18+3j),(11+13j),(9+4j),(8+4j),(6+3j),(1+7j),(-5+6j),(-3+3j),(-5+4j),(-6+11j),(-7+12j),(-12+6j),(-9+11j),(-11+9j)
(-126+32j),(8+0j),(-7+4j),(-5+7j),(-2+6j),(-6+0j),(-8-7j),(-4-7j),(-4-7j),(-7-16j),(-10-16j),(-7-17j),(-12-12j),(-8-20j),(-10-17j),(-7-21j),(-7-19j),(-3-23j),-23j,(-2-27j),(7-20j),(3-16j),(6-15j),(10-14j),(12-14j),(14-13j),(13-6j),0j,0j,0j,0j,0j,0j,0j,0j,0j,0j,0j,(-10-6j),(-6+2j),(-8-2j),(-6+6j),(-7+9j),(-12+10j),(-12+12j),(-9+19j),(-8+17j),(-11+20j),(-6+23j),(-3+17j),(-4+27j),(-6+29j),(-6+29j),(-9+30j),(-6+28j),(-7+26j),(-2+31j),(-3+31j),(-6+30j),(-3+35j),(1+23j),19j,22j,(9+19j)
(-59+80j),(12+0j),4j,(-2-3j),(-2-4j),(4-10j),-5j,(3-9j),(10-15j),(4-14j),(-2-17j),(4-19j),(9-18j),(8-20j),(6-23j),(10-26j),(12-24j),(13-18j),(14-19j),(14-14j),(15-13j),(19-6j),(21-8j),(19-5j),(18+1j),(16+2j),(7+6j),0j,0j,0j,0j,0j,0j,0j,0j,0j,0j,0j,(-3-13j),-5j,(-3-10j),(-3-6j),(-10-12j),(-10-1j),(-11-7j),(-20-5j),(-21-5j),(-25-6j),(-26+4j),(-25+0j),(-25+2j),(-25+1j),(-23+2j),(-34+6j),(-21+14j),(-30+5j),(-28+4j),(-30+8j),(-31+12j),(-22+13j),(-20+7j),(-22+5j),(-22+13j),(-13+0j)
(-39-112j),(13+0j),(6-5j),(7+0j),(-5-3j),(3+3j),(-6+17j),(-8+0j),14j,(3+4j),(1+20j),(-7+17j),(3+21j),(-4+26j),(9+21j),(1+22j),(2+27j),(-2+23j),(-8+20j),(-6+20j),(-4+13j),(-14+18j),(-20+16j),(-12+9j),(-13+4j),(-21+1j),(-16+2j),0j,0j,0j,0j,0j,0j,0j,0j,0j,0j,0j,8j,(2+7j),(3+5j),(9+7j),(6+5j),(7+2j),(19+3j),(12+8j),(21+0j),(19-4j),(23+3j),(20-3j),(23-4j),(31-3j),(35+1j),(24-8j),(23-6j),(22-15j),(23-19j),(27-6j),(28-10j),(19-20j),(15-21j),(13-10j),(10-7j),(5-9j)
(90-96j),(5+0j),(6-5j),(3+1j),(7-1j),(5-5j),(2-3j),(9-4j),(10-1j),(10+0j),(11-8j),(16+1j),(18-6j),(17-1j),(18+6j),(19-2j),(29+7j),(25+6j),(12+8j),(22+15j),(15+7j),(15+11j),(14+18j),(6+14j),(5+9j),(2+12j),(6+14j),0j,0j,0j,0j,0j,0j,0j,0j,0j,0j,0j,(7+5j),(4-2j),(5-6j),(-2-11j),(9-11j),(9-13j),(7-8j),(8-18j),(8-17j),(1-17j),(3-21j),(-2-24j),(-2-31j),(-1-32j),(-4-26j),(-4-36j),(-12-30j),(-5-20j),(-4-29j),(-4-18j),(-9-30j),(-1-13j),(-12-17j),(-12-21j),(-9-8j),(-5-6j)
(94-32j),(5+0j),(6-21j),(5-18j),(5-16j),(7-15j),(8-16j),(12-17j),(10-17j),(13-15j),(13-16j),(10-16j),(12-20j),(15-20j),(12-17j),(14-19j),(17-15j),(16-12j),(14-14j),(14-12j),(13-8j),(12-6j),(10-3j),(9+3j),(9+6j),(5+10j),(5+12j),0j,0j,0j,0j,0j,0j,0j,0j,0j,0j,0j,(-35-3j),(-35-2j),(-36+1j),(-34+4j),(-36+8j),(-34+7j),(-35+9j),(-33+6j),(-32+8j),(-27+7j),(-23+9j),(-18+6j),(-11+5j),(-9+3j),(-6+5j),(-7+2j),(-1-6j),-4j,(4-3j),(4-11j),(6-11j),(3-10j),(6-14j),(3-18j),(5-18j),(4-16j)
(-126+32j),(8+0j),(20-4j),(20-3j),(18-1j),(17-2j),(20-2j),(17-5j),(19+3j),(18+1j),(16+2j),(21+1j),(20+7j),(18+5j),(25+3j),(21+3j),(19+3j),(18+4j),(18+7j),(12+8j),(12+8j),(7+3j),(2+8j),(1+11j),(-3+9j),(-5+11j),(-9+12j),0j,0j,0j,0j,0j,0j,0j,0j,0j,0j,0j,(-13-32j),(-13-32j),(-16-35j),(-18-30j),(-19-31j),(-18-31j),(-21-29j),(-16-26j),(-17-25j),(-19-22j),(-16-21j),(-17-13j),(-11-13j),(-9-7j),(-7-4j),(-3-3j),-4j,(4-1j),(5-4j),(10+1j),(13-2j),(14+2j),(16-3j),(11-4j),(17-1j),(14+0j)
(124-64j),(7+0j),(-12-7j),(-11-18j),(-12-16j),(-12-18j),(-14-16j),(-12-21j),(-10-14j),(-5-17j),(-7-17j),(-3-20j),(-6-24j),(-5-22j),(-8-18j),(-7-22j),(-5-18j),(-5-17j),(3-18j),(4-21j),(2-16j),(7-18j),(6-7j),(9-3j),(10+0j),(11+0j),(17+0j),0j,0j,0j,0j,0j,0j,0j,0j,0j,0j,0j,(4+35j),(4+34j),(3+35j),(12+36j),(9+34j),(8+34j),(11+31j),(9+28j),(3+31j),(7+26j),(7+27j),(8+24j),(10+10j),(3+12j),(3+7j),(-2-3j),(-2+0j),(-8-7j),(-8-5j),(-11-13j),(-5-12j),(-12-9j),(-11-10j),(-11-9j),(-13-19j),(-21-10j)
(-59+80j),(12+0j),(-16+11j),(-11+20j),(-15+11j),(-17+12j),(-16+18j),(-18+18j),(-16+16j),(-23+9j),(-21+7j),(-25+7j),(-19+6j),(-27+16j),(-22+13j),(-23+7j),(-23+7j),(-23+3j),(-19+0j),(-22+1j),(-20-2j),(-9-11j),(-8-4j),(-6-4j),(-2-11j),(2-11j),(1-19j),0j,0j,0j,0j,0j,0j,0j,0j,0j,0j,0j,(36+11j),(41+7j),(36+5j),(42+13j),(42+0j),(41+9j),(37-1j),(37-4j),(33-7j),(29-1j),(30-7j),(22+4j),(13+1j),(18+1j),(7-2j),(4+2j),(-3+2j),(-3+8j),(-9+3j),(-8+12j),(-4+8j),(-10+4j),(-15+10j),(-8+20j),(-9+16j),(-18+13j)
(-39-112j),(13+0j),(38+20j),(42+12j),(46+7j),(38+12j),(41+27j),(41+24j),(31+21j),(21+30j),(32+50j),(39+33j),(32+33j),(36+24j),(27+32j),(38+22j),(37+26j),(26+39j),(18+26j),(18+34j),(8+24j),(2+23j),(-7+23j),(-8+27j),(-11+13j),(-23+11j),(-25+5j),0j,0j,0j,0j,0j,0j,0j,0j,0j,0j,0j,(8-67j),(17-67j),(14-78j),(6-80j),(7-78j),(5-79j),(-8-79j),(-2-69j),(-9-68j),(-12-64j),(-6-54j),(-14-42j),(-14-36j),(-5-30j),(-4-28j),-17j,(2-4j),(12-12j),(19+12j),(13+16j),(6+13j),(21+10j),(40+26j),(23+16j),(27+34j),(33+26j)
(86+96j),(5+0j),(11-17j),(14-20j),(6-18j),(14-16j),(18-16j),(4-14j),(19-13j),(10-14j),(22-12j),(15-14j),(17-17j),(17-12j),(22-10j),(18-9j),(18-11j),(20-7j),(19-8j),(20-1j),(13-1j),(16-1j),(11+4j),(11+9j),(4+10j),(-2+10j),(2+12j),0j,0j,0j,0j,0j,0j,0j,0j,0j,0j,0j,(-39-1j),(-43+4j),(-43+7j),(-40+5j),(-40+10j),(-40+15j),(-44+11j),(-39+8j),(-37+7j),(-30+8j),(-28+10j),(-23+12j),(-15+7j),(-16+5j),(-7+5j),(-6+2j),(-4+0j),(4-9j),(-3-8j),(3-8j),(13-9j),(15-17j),(13-15j),(8-18j),(9-15j),(10-19j)
(108-64j),(6+0j),5j,(9+14j),(-1+18j),(-8+5j),(-8+1j),(-4+2j),(-39+5j),(-18-5j),(-15-4j),(-22-6j),(-26-5j),(-35+2j),(-21-5j),(-31+1j),(-14-13j),(-32-5j),(-27-8j),(-26-15j),(-3-7j),(-18-16j),(-21-17j),(-14-19j),(-17-4j),(-7-24j),(-3-21j),0j,0j,0j,0j,0j,0j,0j,0j,0j,0j,0j,(-14+11j),(-10+10j),(-17+11j),(1+13j),(-2+11j),(-4+23j),(-14+8j),(-1+21j),24j,(10+26j),(-9+48j),(8+33j),(12+30j),(25+35j),(1+22j),(16+31j),(24+28j),(22+26j),(31+32j),(11+29j),(25+23j),(15+21j),(23+28j),(24+13j),(12+16j),(16+6j)
(98+32j),(6+0j),(-12-3j),(-10-10j),(2+14j),(6+4j),(11-11j),(7-3j),(9-9j),(10-4j),(18-10j),(12-10j),(24-8j),(23-6j),(21-6j),(26-9j),(24-5j),(21-9j),(27-4j),(26+3j),(15+2j),(24+3j),(17-3j),(19+6j),(10+4j),(9+17j),(-1+17j),0j,0j,0j,0j,0j,0j,0j,0j,0j,0j,0j,(5-1j),(2-5j),(1-7j),(-1-6j),(-2-11j),(-9-8j),-5j,(-12-20j),(-1-13j),(-22-11j),(-16-21j),(-17-20j),(-33-10j),(-27-9j),(-35-17j),(-24-11j),(-35-9j),(-22-17j),(-31-7j),(-36-9j),(-23-6j),(-19-14j),(-24-1j),(-23-9j),(-25-7j),(-21+1j)
(98+32j),(6+0j),-3j,(-5-3j),(3-4j),(1-3j),(9+4j),(7-5j),(20+0j),(13-5j),(21+0j),(19+0j),(25-1j),(20-1j),(18+9j),(32+6j),(30+8j),(33+10j),(24+17j),(25+7j),(21+20j),(23+14j),(15+14j),(12+12j),(6+15j),(5+16j),18j,0j,0j,0j,0j,0j,0j,0j,0j,0j,0j,0j,(3-4j),(7-6j),(4-10j),-10j,(1-14j),(2-13j),(3-24j),(4-21j),-25j,(-2-14j),(-9-29j),(-6-27j),(-20-28j),(-15-30j),(-23-31j),(-18-31j),(-13-28j),(-25-32j),(-24-23j),(-24-30j),(-19-25j),(-20-25j),(-22-22j),(-16-22j),(-16-17j),(-14-10j)
(-128+0j),(8+0j),(5+11j),(-4+3j),(1-3j),(-7+4j),(-9+5j),(-9+4j),(-17+11j),(-16+1j),(-15+0j),(-18-1j),(-25+7j),(-26+2j),(-25+3j),(-32+2j),(-26-4j),(-30+3j),(-25+1j),(-28-9j),(-20-4j),(-15-2j),(-20-5j),(-23-6j),(-11-10j),(-13-14j),(-10-16j),0j,0j,0j,0j,0j,0j,0j,0j,0j,0j,0j,(-10-2j),(-6-3j),(-6+4j),(-6+8j),(-10+3j),(-7+8j),(-7+7j),(-14+11j),(-9+18j),(-6+19j),(-7+28j),(-4+23j),(-5+28j),(-4+25j),26j,(3+26j),(7+28j),(1+25j),(12+26j),(4+22j),(11+25j),(6+21j),(13+15j),(12+13j),(12+19j),(10+11j)
(120-128j),(7+0j),(-1+6j),(-6+7j),(4+4j),(-6-3j),(-13-14j),(-8-12j),(-3-10j),(-11-6j),(-12-8j),(-4-2j),(-18-17j),(-11-11j),(-24-11j),(-19-12j),(-17-12j),(-8-13j),(-20-15j),(-14-19j),(-6-30j),(-1-22j),-18j,(1-13j),(12-14j),(6-23j),(5-7j),0j,0j,0j,0j,0j,0j,0j,0j,0j,0j,0j,(-8+1j),(-6+5j),(-2+4j),(-2+4j),(-5+11j),(5+15j),(10+5j),(8+9j),(4+19j),(6+21j),(5+18j),(14+21j),(14+23j),(-1+19j),(7+35j),(7+18j),(11+23j),(16+29j),(20+16j),(8+25j),(16+21j),(16+16j),(10+12j),(12+8j),(13+11j),(11+0j)
(108-64j),(6+0j),(6-47j),(-2-46j),-41j,(-2-34j),(2-51j),(14-54j),(15-46j),(9-35j),(14-51j),(9-50j),(4-47j),(13-40j),(6-55j),(12-37j),(18-35j),(9-36j),(13-39j),(20-37j),(21-26j),(17-18j),(7-8j),(12+6j),(14+3j),(20+13j),(26+15j),0j,0j,0j,0j,0j,0j,0j,0j,0j,0j,0j,(-75-5j),(-75+2j),(-83+3j),(-79+10j),(-84+5j),(-85+17j),(-78+24j),(-81+21j),(-71+20j),(-70+26j),(-59+21j),(-44+17j),(-34+20j),(-28+5j),(-30+6j),(-15-4j),(-7-18j),(-3-14j),(3-24j),(-10-23j),(-1-28j),(-10-31j),-34j,(-6-39j),(-5-47j),(-2-44j)
(98+32j),(6+0j),(-11-52j),(-12-60j),(8-54j),(5-36j),(9-56j),(18-40j),(13-55j),(11-31j),(7-58j),(2-51j),(21-57j),(16-53j),(15-46j),(19-40j),(22-25j),(14-34j),(10-26j),(19-24j),(21-17j),(10-17j),(12-5j),(12+6j),(18+11j),(17+13j),(21+20j),0j,0j,0j,0j,0j,0j,0j,0j,0j,0j,0j,(-71-22j),(-73-24j),(-79-20j),(-83-10j),(-81-9j),(-79-2j),(-83-1j),(-74-3j),(-72+5j),(-71+7j),(-52+9j),(-60+1j),(-33+5j),(-31+5j),(-16-3j),(-15-5j),(-15-7j),-15j,(3-29j),(3-27j),(4-27j),(4-28j),(8-46j),(16-58j),-43j,(5-51j)
(-108+64j),(9+0j),(-24+21j),(-26+18j),(-19+21j),(-15+31j),(-18+20j),(-12+22j),(-22+11j),(-21+12j),(-26+19j),(-30+20j),(-25+15j),(-28+16j),(-23+10j),(-25+17j),(-23+13j),(-17+10j),(-21+8j),(-18+2j),(-12+3j),(-18+2j),(-14-1j),(-13-8j),(-11-14j),(-6-9j),(1-14j),0j,0j,0j,0j,0j,0j,0j,0j,0j,0j,0j,(18+40j),(19+39j),(21+43j),(28+38j),(28+40j),(31+38j),(29+33j),(33+28j),(30+25j),(24+22j),(21+20j),(17+19j),(16+22j),(11+13j),(5+9j),(-3+8j),(-4+14j),(4+5j),(-19+7j),(-14+7j),(-15+14j),(-16+21j),(-20+15j),(-15+16j),(-21+18j),(-22+18j)
(-128+0j),(8+0j),(3-55j),(-6-55j),(4-46j),(8-45j),(12-37j),(11-60j),(9-45j),(21-34j),(11-39j),(18-39j),(31-40j),(9-39j),(27-36j),(13-36j),(26-28j),(25-26j),(23-20j),(22-16j),(19-21j),(19-16j),(20-7j),(11-2j),(19+14j),(16+20j),(14+19j),0j,0j,0j,0j,0j,0j,0j,0j,0j,0j,0j,(-76-19j),(-69-21j),(-82-6j),(-90+3j),(-83+3j),(-87+10j),(-71+7j),(-75+7j),(-80+16j),(-70+12j),(-61+16j),(-51+15j),(-37-2j),(-36-1j),(-17-6j),(-18-8j),(-4-23j),(3-31j),(-8-20j),(-8-30j),(-2-41j),(15-37j),(9-33j),(7-42j),(1-50j),(-1-50j)
(94-32j),(5+0j),23j,(-3+19j),(-4+13j),(-3+19j),(-3+18j),17j,(-5+18j),(-7+21j),(-7+19j),(-2+20j),(-8+14j),(-5+17j),(-3+17j),(-9+17j),(-6+17j),(-8+14j),(-7+13j),(-8+13j),(-10+11j),(-11+8j),(-8+3j),(-7-3j),(-8-4j),(-8-7j),(-8-8j),0j,0j,0j,0j,0j,0j,0j,0j,0j,0j,0j,(31+9j),(31+6j),(32+8j),(31+3j),(38+2j),(33+2j),(34-2j),(34-2j),(30-5j),(25-5j),(22-3j),(18-5j),(14+0j),(11-2j),(6+5j),(6+4j),(2+6j),(2+11j),(1+11j),(2+14j),(-1+16j),(-1+19j),(-2+15j),(-2+24j),(4+19j),(3+20j)
(86+96j),(5+0j),(-24+3j),(-25+9j),(-21+3j),(-20+2j),(-24-6j),(-18-3j),(-17+5j),(-21-1j),(-23-4j),(-20+0j),(-25-4j),(-27-6j),(-20-7j),(-23-11j),(-21-5j),(-22-9j),(-16-4j),(-12-8j),(-14-6j),(-8-6j),(-6-9j),(-2-11j),(-2-9j),(6-8j),(7-9j),0j,0j,0j,0j,0j,0j,0j,0j,0j,0j,0j,(-6+36j),(-9+39j),(-5+36j),(-1+38j),(6+38j),35j,(8+35j),(6+36j),(6+30j),(5+26j),(5+27j),(4+16j),(5+21j),(-3+12j),(-4+3j),(-6+9j),(-5+1j),(-7+6j),(-11-3j),(-19-5j),(-18+2j),(-22+3j),(-22+7j),(-28+0j),(-19+3j),(-23+7j)
(90-96j),(5+0j),26j,(-2+23j),(-8+16j),18j,(-2+18j),(-7+18j),(-4+17j),(-4+11j),(-8+11j),(-11+15j),(-10+21j),(-12+18j),(-15+18j),(-12+20j),(-9+18j),(-10+14j),(-8+12j),(-13+13j),(-7+10j),(-11+5j),(-6+3j),(-4+2j),(-8-9j),(-6-9j),(-8-11j),0j,0j,0j,0j,0j,0j,0j,0j,0j,0j,0j,(36+3j),(35-1j),(38+3j),(35+0j),(37-5j),(36-6j),(36-6j),(35-5j),(32-7j),(28-4j),(23-8j),(23-2j),(15-4j),(11+1j),(8+0j),(2+0j),(2+5j),(3+5j),(2+14j),(-1+14j),(1+14j),(1+18j),(-3+19j),(-2+25j),(-1+25j),(4+22j)
(-128+0j),(8+0j),(-12-20j),(-16-14j),(-13-11j),(-5-16j),(-10-13j),(-5-18j),(-5-25j),(-4-18j),(-6-13j),(-7-24j),(1-14j),(-4-25j),(-11-17j),(-5-14j),(-5-27j),-16j,(1-19j),(-1-15j),(13-14j),(9-5j),-9j,(5-2j),(7+0j),(7+4j),(9+3j),0j,0j,0j,0j,0j,0j,0j,0j,0j,0j,0j,(-34+6j),(-29+10j),(-28+9j),(-32+19j),(-34+17j),(-23+20j),(-22+22j),(-22+19j),(-34+24j),(-28+21j),(-19+6j),(-4+25j),(-11+3j),(-4+11j),(-7+4j),(-11-15j),(-9-2j),(-4-3j),(10+7j),(-7-8j),(-13-18j),(-6-12j),(-24-15j),(-3-20j),(-14-11j),(-8-19j)
(-118-96j),(8+0j),(8-18j),(6-19j),(13-18j),(14-15j),(15-12j),(20-14j),(11-14j),(10-17j),(13-8j),(8-4j),(4-10j),(13-12j),(20-9j),(11-9j),(22+3j),(21-11j),(20-9j),(1-3j),(13+3j),(8+8j),(10-1j),(7+6j),13j,(6+4j),(-5+7j),0j,0j,0j,0j,0j,0j,0j,0j,0j,0j,0j,(-24-20j),(-24-16j),(-29-12j),(-31-17j),(-28-11j),(-29-10j),(-39-22j),(-27-14j),(-22-18j),(-34-10j),(-21-1j),(-24-3j),(-13-15j),(-10-5j),(-17-15j),(-10+2j),(-5+6j),(-5-8j),(2-16j),(16-11j),(15-18j),(-3-17j),(3-18j),(18-4j),(12-12j),(3-22j)
(-98-32j),(9+0j),(-1+22j),(-3+26j),(-5+21j),(-2+19j),(-3+17j),(-4+22j),(-8+20j),(-9+17j),(-10+20j),(-8+17j),(-6+19j),(-9+22j),(-4+18j),(-8+21j),(-6+17j),(-8+19j),(-7+10j),(-9+12j),(-8+11j),(-9+3j),(-8+5j),(-10+1j),(-7-2j),(-7-5j),(-8-11j),0j,0j,0j,0j,0j,0j,0j,0j,0j,0j,0j,(30+19j),(25+21j),(34+17j),(32+19j),(33+16j),(35+14j),(33+12j),(32+7j),(34+7j),(30+6j),(26+5j),(18+4j),(15+0j),(8+8j),(5+8j),(9+6j),(2+7j),(4+9j),(-3+10j),(-4+18j),(-6+16j),(-5+16j),(-7+19j),(3+24j),(-5+25j),(1+15j)
(102+96j),(6+0j),(3+4j),(12-1j),(17-4j),(7-3j),(11+5j),(12+11j),(18+2j),(11+1j),(27+8j),(21+8j),(6+9j),(29+12j),(21+16j),(24+14j),(13+18j),(19+16j),(20+20j),(13+21j),(7+16j),(17+17j),(5+20j),(-5+19j),(6+8j),(1+17j),(-4+16j),0j,0j,0j,0j,0j,0j,0j,0j,0j,0j,0j,(-3+2j),(10+4j),(5+7j),(2+1j),(9+1j),(15+10j),(22+0j),(17-8j),(11-19j),(19-5j),(26-17j),(22-16j),(14-16j),(22-23j),(19-21j),(18-24j),(11-29j),(22-29j),(16-20j),(12-25j),(16-21j),(8-26j),(13-24j),(14-19j),-13j,(1-25j)
(-116-64j),(8+0j),(5-21j),(3-18j),(3-17j),(10-15j),(10-18j),(12-15j),(14-15j),(12-15j),(14-19j),(14-14j),(20-15j),(18-13j),(20-18j),(17-14j),(17-13j),(15-13j),(16-11j),(16-10j),(14-5j),(13-4j),(9+0j),(10+3j),(10+4j),(7+10j),(6+9j),0j,0j,0j,0j,0j,0j,0j,0j,0j,0j,0j,(-29-22j),(-32-23j),(-36-24j),(-37-19j),(-40-18j),(-41-15j),(-41-13j),(-39-10j),(-35-9j),(-36-8j),(-30-6j),(-29-3j),(-24-5j),(-19-4j),(-14-3j),(-12-7j),(-7-9j),(-6-8j),(-4-12j),-12j,(-1-15j),-19j,(2-18j),(2-20j),(3-19j),(4-21j)
(-115-48j),(8+0j),(9-18j),(5-12j),(10-17j),(11-14j),(12-14j),(12-12j),(14-14j),(14-12j),(13-12j),(17-13j),(18-9j),(14-11j),(18-10j),(18-11j),(19-10j),(16-7j),(13-5j),(14-6j),(11-6j),(13+0j),(7+2j),(10+3j),(3+8j),(3+10j),(3+11j),0j,0j,0j,0j,0j,0j,0j,0j,0j,0j,0j,(-23-25j),(-23-26j),(-27-26j),(-29-27j),(-32-22j),(-32-21j),(-33-21j),(-30-19j),(-28-12j),(-27-11j),(-25-6j),(-23-12j),(-21-10j),(-14-6j),(-11-7j),(-10-6j),(-6-9j),(-3-7j),(-2-7j),(5-11j),(2-12j),(6-15j),(7-14j),(7-15j),(6-17j),(3-14j)
(-95+16j),(10+0j),(3-23j),(9-16j),(7-16j),(4-14j),(13-16j),(15-19j),(11-13j),(13-14j),(16-8j),(12-13j),(15-12j),(18-14j),(17-12j),(16-13j),(13-10j),(16-9j),(13-7j),(14-6j),(9-4j),(11-1j),(9-1j),(7+6j),(5+6j),(7+9j),(5+7j),0j,0j,0j,0j,0j,0j,0j,0j,0j,0j,0j,(-31-20j),(-32-19j),(-34-18j),(-38-15j),(-35-13j),(-37-15j),(-36-8j),(-33-10j),(-32-8j),(-32-2j),(-27-4j),(-26-4j),(-21-3j),(-16-6j),(-15-3j),(-10-1j),(-7-6j),-6j,(-6-8j),(-3-9j),(2-19j),(4-22j),(5-15j),(2-18j),(2-16j),(3-20j)
(-99-48j),(9+0j),(23-3j),(20-1j),(19+2j),(18+5j),(19+5j),(18+11j),(19+3j),(17+12j),(19+8j),(21+6j),(18+13j),(20+12j),(23+14j),(22+12j),(18+14j),(14+13j),(11+16j),(12+8j),(9+14j),(7+9j),(-1+15j),(-2+11j),(-3+11j),(-9+8j),(-14+7j),0j,0j,0j,0j,0j,0j,0j,0j,0j,0j,0j,(19-34j),(18-37j),(17-36j),(12-39j),(7-42j),(3-42j),(8-42j),(2-39j),(1-39j),(-2-37j),(-1-32j),(-4-30j),(-3-20j),(-1-20j),(-2-14j),(7-15j),(6-6j),(9-4j),(7-4j),(12-1j),(9-3j),(15-2j),(15+1j),(20-1j),(14-1j),(21+2j)
(-79+16j),(11+0j),(2-13j),(1-14j),(3-17j),(9-14j),(9-21j),(8-12j),(10-16j),(12-16j),(4-16j),(12-16j),(14-20j),(13-12j),(13-18j),(15-14j),(17-12j),(10-12j),(12-16j),(11-8j),(10-9j),(10-4j),(6-2j),(8+4j),(11+7j),(7+8j),(5+11j),0j,0j,0j,0j,0j,0j,0j,0j,0j,0j,0j,(-30-17j),(-32-17j),(-33-13j),(-37-14j),(-38-12j),(-37-9j),(-38-5j),(-36-3j),(-36-5j),(-32-1j),(-30+0j),(-21+0j),(-19-1j),(-20-2j),(-15-2j),(-13-4j),(-6-2j),(-4-7j),(-4-13j),(-3-13j),(1-11j),(2-11j),(-3-13j),-16j,(-1-21j),-20j
(-2-32j),(15+0j),(3+17j),(4+15j),(-1+19j),(-2+18j),(-2+18j),(-3+13j),(-4+15j),(-8+17j),(-7+18j),(-7+17j),(-7+18j),(-8+20j),(-10+19j),(-10+17j),(-9+13j),(-8+16j),(-10+14j),(-10+10j),(-8+9j),(-11+6j),(-10-1j),(-9-2j),(-9-1j),(-9-4j),(-13-7j),0j,0j,0j,0j,0j,0j,0j,0j,0j,0j,0j,(35+4j),(34+5j),(33+2j),(38-2j),(36-1j),(33-5j),(37-6j),(36-9j),(33-6j),(30-7j),(26-8j),(23-4j),(20-4j),(15-4j),(15-2j),(9+1j),(7+0j),(5+1j),(3+7j),(7+9j),11j,(2+15j),(3+12j),(4+15j),(3+17j),(7+15j)
(102+96j),(6+0j),(-21-1j),(-18-1j),(-17+1j),(-17-5j),(-17-2j),(-12-10j),(-17-7j),(-17-5j),(-16-8j),(-15-8j),(-20-13j),(-18-13j),(-20-13j),(-16-11j),(-20-10j),(-14-12j),(-11-14j),(-10-10j),(-8-10j),(-4-11j),-9j,(-1-12j),(3-10j),(8-9j),(8-10j),0j,0j,0j,0j,0j,0j,0j,0j,0j,0j,0j,(-13+31j),(-11+34j),(-13+33j),(-8+35j),(-6+36j),(-3+34j),(-2+38j),(-2+37j),(1+33j),(3+29j),(2+29j),(3+23j),(3+20j),14j,13j,(-4+10j),(-2+6j),(-6+4j),(-7+2j),(-13+2j),(-12+3j),(-13+0j),(-14+1j),(-12+3j),(-18+5j),(-15-1j)
(125-48j),(7+0j),(-10-18j),(-7-13j),(-7-17j),(-1-13j),(-2-16j),(-3-19j),(-1-18j),(3-19j),(3-17j),(5-18j),(2-20j),(3-20j),(5-22j),(7-18j),(3-21j),(6-17j),(8-19j),(9-12j),(9-13j),(7-6j),(7-5j),(9+1j),(6-1j),(8+3j),(8+7j),0j,0j,0j,0j,0j,0j,0j,0j,0j,0j,0j,(-35+9j),(-33+12j),(-33+14j),(-34+17j),(-34+17j),(-33+19j),(-33+20j),(-27+21j),(-23+17j),(-21+19j),(-21+16j),(-17+15j),(-15+13j),(-13+10j),(-10+5j),(-10+4j),(-9-1j),(-8-3j),(-4-8j),(-8-7j),(-8-9j),(-5-11j),(-5-14j),(-8-17j),(-12-15j),(-9-14j)
(-111+16j),(9+0j),(-5+17j),(-10+15j),(-12+13j),(-12+14j),(-14+13j),(-14+13j),(-20+9j),(-21+9j),(-20+10j),(-20+9j),(-22+9j),(-24+9j),(-23+10j),(-21+10j),(-22+6j),(-20+7j),(-20+6j),(-18+3j),(-14+0j),(-13-2j),(-8-4j),(-10-9j),(-6-9j),(-6-10j),(-5-14j),0j,0j,0j,0j,0j,0j,0j,0j,0j,0j,0j,(28+26j),(26+28j),(28+25j),(31+27j),(34+22j),(35+18j),(35+23j),(34+16j),(32+14j),(30+11j),(29+8j),(27+8j),(20+9j),(12+7j),(12+5j),(10+8j),(6+5j),(2+8j),5j,(-4+12j),(-6+12j),(-6+13j),(-11+15j),(-8+18j),(-8+16j),(-7+16j)
(-126+32j),(8+0j),(-7+17j),(-7+17j),(-6+16j),(-5+18j),(-10+14j),(-12+12j),(-9+13j),(-10+16j),(-12+13j),(-13+14j),(-15+15j),(-13+15j),(-17+11j),(-12+11j),(-11+11j),(-14+13j),(-15+11j),(-12+7j),(-14+6j),(-10+6j),(-8+2j),(-8-4j),(-10-4j),(-6-6j),(-5-8j),0j,0j,0j,0j,0j,0j,0j,0j,0j,0j,0j,(21+23j),(25+20j),(28+19j),(30+22j),(32+16j),(32+14j),(33+12j),(32+12j),(29+9j),(28+8j),(25+4j),(22+6j),(20+4j),(16+7j),(14+5j),(8+4j),(7+8j),(4+7j),(-1+5j),5j,(2+9j),(-1+12j),17j,(-4+17j),(-5+15j),(-2+16j)
(-73+112j),(11+0j),(6+6j),(2-12j),(-4-2j),(3+5j),(6+4j),(8+16j),(1+3j),(-1+17j),(8+14j),(1+17j),(12+15j),(5+17j),(7+23j),(-4+27j),(3+17j),(3+25j),(-2+19j),(-2+18j),(-2+23j),(-6+16j),(-14+10j),(-8+13j),(-12+5j),(-21+4j),(-20+1j),0j,0j,0j,0j,0j,0j,0j,0j,0j,0j,0j,(9+7j),(13+1j),(15+5j),(7-2j),(10+7j),(12+3j),(13-5j),(19-10j),(19-9j),(18-11j),(22-21j),(23-24j),(23-9j),(21-19j),(20-18j),(17-19j),(25-11j),(14-24j),(14-22j),(7-37j),(18-15j),(9-29j),(7-25j),(11-24j),(5-10j),(13-12j)
(-46+32j),(13+0j),(10+2j),(4-1j),(-3+2j),(1+1j),(-6+8j),(-9+5j),(-13+9j),(-11+10j),(-9+10j),(-16+8j),(-15+16j),(-16+10j),(-14+14j),(-22+7j),(-18+11j),(-22+12j),(-21+3j),(-18+5j),(-24+1j),(-24+0j),(-18-6j),(-18-9j),(-15-8j),(-6-11j),(-4-12j),0j,0j,0j,0j,0j,0j,0j,0j,0j,0j,0j,(5+4j),(6+4j),(6+6j),(12+8j),(9+2j),(10+2j),(12+6j),(19+7j),(17-1j),(20+3j),(23-4j),(24+1j),(24-7j),(30-8j),(29-4j),(36+2j),(33-2j),(30-4j),(24-11j),(27-2j),(31-11j),(27-5j),(23-13j),(18-13j),(15-11j),(8-9j)
(120-128j),(7+0j),(-7-10j),(17+1j),-6j,(2+6j),(2-11j),(15+9j),(9+7j),(14+2j),(12+11j),(20+20j),(17+8j),(26+9j),(16+10j),(19+15j),(19+17j),(14+14j),(17+21j),(15+15j),(13+23j),(13+21j),(6+29j),(6+16j),(4+12j),(-3+17j),(-5+9j),0j,0j,0j,0j,0j,0j,0j,0j,0j,0j,0j,(10+5j),(5+3j),(9-7j),(7-5j),(12-3j),(9-12j),(18-8j),(12-14j),(14-18j),(16-23j),(14-20j),(19-15j),(20-22j),(15-25j),(13-30j),(9-29j),(5-35j),(2-39j),(5-35j),(2-34j),(3-34j),(3-23j),(6-27j),(-1-16j),(1-20j),-12j
(-116-64j),(8+0j),(-7-6j),(-3-7j),(-3-7j),(9-6j),(5-14j),(5-14j),(14-11j),(11-14j),(5-17j),(9-15j),(10-14j),(10-19j),(19-17j),(16-22j),(20-20j),(17-19j),(22-13j),(20-11j),(20-11j),(16-6j),(14-1j),(18-1j),(15+2j),(15+9j),(14+5j),0j,0j,0j,0j,0j,0j,0j,0j,0j,0j,0j,(2-6j),(-5-10j),-5j,(-7-8j),(1-15j),(-12-10j),(-10-12j),(-15-18j),(-18-15j),(-18-12j),(-21-13j),(-26-12j),(-32-15j),(-26-8j),(-36-7j),(-32-9j),(-31-11j),(-34-8j),(-32-4j),(-36-5j),(-30-3j),(-30-9j),(-17+0j),(-21+3j),(-18-4j),(-18-1j)
(-2-32j),(15+0j),(-16+10j),(-16+7j),(-13+5j),(-15+1j),(-16-2j),(-17-6j),(-17-6j),(-19-5j),(-20-9j),(-21-11j),(-23-9j),(-26-8j),(-22-7j),(-23-8j),(-25-9j),(-22-9j),(-16-9j),(-18-7j),(-11-8j),(-8-13j),(-8-12j),(-1-11j),(2-9j),(6-15j),(6-16j),0j,0j,0j,0j,0j,0j,0j,0j,0j,0j,0j,(-4+38j),40j,(-2+37j),(4+41j),(6+37j),(8+36j),(12+40j),(11+34j),(9+34j),(12+28j),(8+27j),(9+22j),(7+19j),(4+14j),11j,(-4+14j),(-3+10j),(-13+11j),(-8+10j),(-10+12j),(-13+12j),(-18+13j),(-15+10j),(-18+7j),(-19+16j),(-16+13j)
(94-32j),(5+0j),(-14-16j),(-6-19j),(-5-12j),(2-20j),-14j,(8-13j),(7-17j),(10-17j),(11-23j),(11-24j),(11-23j),(19-25j),(15-24j),(15-23j),(15-20j),(11-19j),(15-21j),(12-19j),(13-11j),(13-8j),(12-1j),(12+5j),(15+4j),(10+7j),(12+17j),0j,0j,0j,0j,0j,0j,0j,0j,0j,0j,0j,(-41-1j),(-42+2j),(-45+6j),(-45+9j),(-42+10j),(-43+14j),(-45+15j),(-39+14j),(-39+16j),(-35+14j),(-28+11j),(-25+15j),(-20+4j),(-18+7j),(-15+3j),(-12-2j),(-10-3j),(-11-7j),(-11-9j),(-13-15j),(-8-17j),(-8-19j),(-14-20j),(-15-22j),(-14-21j),(-15-19j)
(-73+112j),(11+0j),(5-12j),(12-15j),(11-10j),(9-13j),(13-4j),(15-7j),(15-7j),(22-1j),(16+4j),(17-2j),(28-2j),(23-4j),(21-3j),(25-6j),(23-5j),(20-2j),(15-1j),(15-2j),(14+1j),(9+2j),(10+2j),(6+10j),(4+13j),(3+15j),(1+18j),0j,0j,0j,0j,0j,0j,0j,0j,0j,0j,0j,(-12-36j),(-15-38j),(-15-40j),(-19-38j),(-22-32j),(-17-36j),(-19-32j),(-21-33j),(-21-27j),(-20-24j),(-20-17j),(-21-18j),(-17-13j),(-12-13j),(-7-11j),(1-11j),(2-11j),(5-10j),(4-15j),(11-11j),(6-20j),(8-20j),(7-20j),(9-18j),(8-17j),(6-20j)
(-53-80j),(12+0j),(-7+13j),(-7+11j),(-7+10j),(-10+6j),(-14+9j),(-9+3j),(-16+1j),(-22+6j),(-17+3j),(-19+3j),(-21+4j),(-23+5j),(-26+7j),(-23+7j),(-25+6j),(-17+4j),(-19+3j),(-20+0j),(-17-3j),(-13-3j),(-11-6j),(-3-15j),(-4-10j),(-3-11j),(-3-17j),0j,0j,0j,0j,0j,0j,0j,0j,0j,0j,0j,(24+27j),(24+29j),(28+25j),(30+26j),(29+22j),(32+20j),(33+23j),(33+15j),(30+12j),(26+13j),(26+9j),(23+8j),(11+8j),(13+11j),(11+8j),(3+10j),(2+8j),(-4+12j),(-2+9j),(-4+13j),(-6+11j),(-4+18j),(-5+18j),(-8+17j),(1+21j),(-4+21j)
(-128+0j),(8+0j),(5-11j),(13-16j),(13-17j),(5-14j),(12-16j),(9-5j),(14-9j),(12-5j),(16-10j),(16-14j),(16-18j),(25-7j),(21-16j),(19-19j),(22-13j),(17-9j),(16-13j),(14-9j),(11-8j),(11-5j),(16+2j),(10+4j),(8+4j),(9+5j),(10+14j),0j,0j,0j,0j,0j,0j,0j,0j,0j,0j,0j,(-9-39j),(-10-34j),(-10-37j),(-12-35j),(-16-34j),(-17-30j),(-27-33j),(-19-28j),(-16-25j),(-28-21j),(-14-21j),(-20-21j),(-21-17j),(-12-11j),(-7-10j),(-10-16j),(5-14j),(-1-9j),(2-6j),(2-18j),(-4-20j),(3-20j),(3-18j),(2-20j),(4-19j),(5-18j)
(-66-32j),(11+0j),(8-4j),(17-2j),(17+3j),(10+1j),(13-3j),(7+10j),(13+8j),(16+9j),(16+8j),(14+11j),(12+19j),(13+17j),(15+20j),(21+20j),(14+21j),(17+14j),(12+17j),(10+12j),(5+17j),(3+7j),14j,(1+12j),(-5+12j),(-5+10j),(-13+10j),0j,0j,0j,0j,0j,0j,0j,0j,0j,0j,0j,(20-33j),(16-32j),(16-39j),(14-44j),(7-40j),(9-39j),(3-38j),-34j,(2-37j),(3-37j),(3-32j),(-5-25j),(5-26j),(2-17j),(10-18j),(6-8j),(6-12j),(14+0j),(8-3j),(13-9j),(10-4j),(14-7j),(23-3j),(15-3j),(17-10j),(16-8j)
(-46+32j),(13+0j),(-14+9j),(-16+2j),(-17-7j),(-10-4j),(-9-7j),(-12+0j),(-9-9j),(-12-10j),(-18-6j),(-7-7j),(-12-15j),(-26-14j),(-17-12j),(-9-3j),(-17-8j),(-13-3j),(-17-10j),(-14-2j),(-12-8j),-8j,-11j,(8-14j),(6-12j),(5-4j),(9-12j),0j,0j,0j,0j,0j,0j,0j,0j,0j,0j,0j,(-27+21j),(-23+21j),(-31+29j),(-26+24j),(-25+29j),(-16+29j),(-12+28j),(-17+24j),(-18+20j),(-2+31j),(-22+39j),(-2+14j),(8+29j),(-10+2j),(-5+2j),(2+4j),(-19-10j),(4-5j),(-14-6j),(-10-8j),(-14+16j),(-13+8j),(-20+4j),(-16-6j),(-19+19j),(-17+0j)
(120-128j),(7+0j),(10+8j),(11+10j),(3+12j),(5+6j),(2+11j),(1+10j),(2+14j),(-3+16j),(-4+15j),(-9+20j),(-5+16j),(-6+20j),(-7+21j),(-5+20j),(-8+18j),(-9+18j),(-2+21j),(-6+15j),(-8+13j),(-9+8j),(-10+6j),(-10+0j),(-14-1j),(-11-6j),(-14-6j),0j,0j,0j,0j,0j,0j,0j,0j,0j,0j,0j,(32-8j),(35-9j),(30-12j),(30-17j),(33-19j),(34-20j),(29-22j),(25-19j),(22-20j),(22-20j),(21-17j),(14-15j),(11-10j),(13-7j),(11-5j),(8-2j),(11+6j),(13-2j),(10+10j),(10+10j),(6+13j),(16+10j),(15+12j),(16+7j),(14+11j),(15+13j)
(120-128j),(7+0j),(9-9j),(16-4j),(14+3j),(13-2j),(11+3j),(11+9j),(16+5j),(10+5j),(12+11j),(16+10j),(14+11j),(20+12j),(16+15j),(18+11j),(13+10j),(15+13j),(11+9j),(9+9j),(8+10j),(5+9j),(2+10j),(-1+7j),(-2+9j),(-10+13j),(-9+10j),0j,0j,0j,0j,0j,0j,0j,0j,0j,0j,0j,(10-31j),(6-34j),(5-34j),(3-35j),(2-35j),(1-34j),(-1-34j),(-7-33j),(-5-31j),(-5-27j),(-5-25j),(-3-20j),(-5-17j),(-1-15j),(3-8j),(4-10j),(6-10j),(10-4j),(11-5j),(6-5j),(9-4j),(16-9j),(16-9j),(11-8j),(11-9j),(13-7j)
(-116-64j),(8+0j),(16-31j),(22-18j),(11-16j),(30-5j),(12+2j),(18-11j),(16+8j),(32-4j),(42+4j),(22-2j),(36+0j),(32+20j),(41+41j),(24+11j),(9+14j),(31+22j),(39+11j),(29+13j),(4-7j),(4+9j),(-3+29j),(24+7j),(-10-4j),(-17+27j),(-24+31j),0j,0j,0j,0j,0j,0j,0j,0j,0j,0j,0j,(-13-69j),-60j,(-17-49j),(-18-66j),(-25-60j),(-32-75j),(-25-78j),(-43-74j),(-35-57j),(-35-34j),(-15-31j),(-33-33j),-56j,(3+2j),(44-9j),(-26-23j),(23-51j),(-3-16j),(-17-38j),(-9-17j),(23-45j),-46j,(43-13j),(51-41j),(4-16j),(36-20j)
(98+32j),(6+0j),(4-7j),(5-6j),(11+0j),(3+12j),(2+5j),(4-5j),(-1+10j),15j,(4+20j),(5+22j),(-2+17j),(15+21j),(17+28j),(6+31j),(1+32j),(3+26j),(9+24j),(-6+36j),(-8+29j),(-4+18j),(-1+19j),(-21+14j),(-13+10j),(-14+16j),(-24+10j),0j,0j,0j,0j,0j,0j,0j,0j,0j,0j,0j,(8+3j),(11+11j),(14+3j),(7+5j),(12+0j),(16+7j),(24-13j),(8-14j),(20-10j),(31-4j),(27-13j),(21-12j),(26-7j),(25-18j),(33-31j),(31-25j),(21-25j),(34-31j),(9-18j),(22-18j),(11-39j),(17-32j),(21-17j),(4-21j),(1-23j),(4-19j)
(-51-48j),(12+0j),(5+7j),4j,(8+7j),(-4+8j),(-12-1j),(-5+2j),(-15+9j),(-10+8j),(-10+13j),(-12+13j),(-14+10j),(-16+14j),(-17+17j),(-17+16j),(-15+12j),(-20+21j),(-19+11j),(-21+11j),(-19+12j),(-24+2j),(-17+6j),(-22-2j),(-15-5j),(-15-3j),(-15-9j),0j,0j,0j,0j,0j,0j,0j,0j,0j,0j,0j,(-9+0j),(-7+2j),(-7+5j),(-9+5j),(-6+11j),(-2+11j),(-1+12j),(3+15j),(-3+18j),(9+11j),(12+23j),(10+22j),(10+23j),(19+14j),(14+21j),(21+20j),(28+21j),(16+11j),(24+11j),(23+17j),(27+12j),(22+5j),(17+8j),(15+3j),(14+1j),(12+7j)
(-6-96j),(15+0j),(-14-8j),(-10-3j),(-10-10j),(-4-6j),(-3-10j),(-2-5j),(2-9j),(3-13j),(6-15j),(1-14j),(4-16j),(9-21j),(3-21j),(4-24j),(2-19j),(4-21j),(5-18j),(4-16j),(5-13j),(3-8j),(6-6j),(3+2j),(11+3j),(11+3j),(14+11j),0j,0j,0j,0j,0j,0j,0j,0j,0j,0j,0j,(-41+2j),(-41+5j),(-41+4j),(-34+8j),(-40+11j),(-37+14j),(-32+13j),(-34+9j),(-27+10j),(-26+10j),(-23+8j),(-20+5j),(-16+4j),(-11-3j),(-11-4j),(-14-4j),(-14-9j),(-14-13j),(-13-13j),(-13-13j),(-13-10j),(-20-11j),(-14-9j),(-21-10j),(-18-11j),(-18-11j)
(-128+0j),(8+0j),(-4+13j),(-6+10j),(-7+13j),(-7+3j),(-3+9j),(-9+3j),(-11+1j),(-19-1j),(-16+0j),(-16-6j),(-24-2j),(-26-5j),(-24-6j),(-21-2j),(-22-7j),(-23-6j),(-18-1j),(-18-4j),(-17-10j),(-4-8j),(-8-6j),(3-8j),(1-9j),(5-13j),(10-10j),0j,0j,0j,0j,0j,0j,0j,0j,0j,0j,0j,(3+41j),(6+37j),(8+41j),(9+41j),(12+42j),(10+39j),(13+43j),(15+35j),(16+31j),(11+28j),(6+20j),(5+18j),(-3+17j),(1+12j),(-8+11j),(-9+13j),(-10+13j),(-11+8j),(-11+11j),(-13+18j),(-11+13j),(-12+16j),(-14+18j),(-13+15j),(-12+19j),(-9+24j)
(-2-32j),(15+0j),(-18-11j),(-14+2j),(-15-9j),(-9-2j),(-6-2j),(-3-4j),(-2-9j),(2-19j),(3-22j),(-2-18j),(-2-15j),(-1-24j),-24j,(2-22j),(4-23j),(3-23j),(2-29j),(1-18j),(-3-15j),(2-13j),(6-4j),(12-5j),(8+0j),(9+2j),(23+6j),0j,0j,0j,0j,0j,0j,0j,0j,0j,0j,0j,(-35+18j),(-39+18j),(-33+19j),(-42+25j),(-32+19j),(-31+21j),(-28+18j),(-25+29j),(-24+19j),(-31+22j),(-20+12j),(-13+15j),(-17+13j),(-9+8j),(-16-6j),(-15-3j),(-16-8j),(-15-7j),(-20-7j),(-17-5j),(-11-3j),(-21-12j),(-25-8j),(-20+1j),(-31+3j),(-29-2j)
(-92+64j),(10+0j),(-9-17j),(-3-14j),(-1-8j),(-3-6j),(2-12j),(9-6j),(11-8j),(16-2j),(15-5j),(16+3j),(21-5j),(26-1j),(18-7j),(21-6j),(28-11j),(18-4j),(26-7j),(12-3j),(16-4j),(11+1j),(1+7j),(5+7j),(-2+9j),(-1+14j),(-5+20j),0j,0j,0j,0j,0j,0j,0j,0j,0j,0j,0j,(-30-25j),(-30-26j),(-35-26j),(-35-23j),(-37-22j),(-34-17j),(-35-15j),(-30-15j),(-28-16j),(-23-11j),(-26-9j),(-15-13j),(-13-13j),(-10-14j),(-9-9j),(-8-11j),(1-15j),(3-19j),(4-14j),(4-21j),(1-19j),(2-23j),(-1-20j),(-1-28j),(-2-24j),(-2-21j)
(-72-128j),(11+0j),(-17+1j),(-17-1j),(-10+4j),(-9-2j),(-5-11j),(1-8j),(-5-11j),(-5-15j),(-6-16j),(-5-17j),(-6-17j),(-8-26j),(-10-24j),(-7-22j),(-10-24j),(-7-24j),(-10-24j),(-4-21j),(-5-14j),(-2-12j),(5-11j),(9-6j),(10-5j),(14-4j),(17+5j),0j,0j,0j,0j,0j,0j,0j,0j,0j,0j,0j,(-41+6j),(-42+8j),(-40+15j),(-36+17j),(-36+18j),(-37+17j),(-37+23j),(-33+20j),(-28+15j),(-26+18j),(-21+11j),(-18+9j),(-17+4j),(-17+2j),(-9+3j),(-13-5j),(-8-9j),(-13-6j),(-13-8j),(-17-3j),(-21-1j),(-17-13j),(-16-5j),(-26-3j),(-17-2j),(-20-2j)
(-51-48j),(12+0j),(-3+17j),(-2+13j),(-7+12j),(-3+6j),(-6+4j),(-10+4j),(-15+0j),(-13+2j),(-9-9j),(-18-1j),(-20-10j),(-20-10j),(-23-6j),(-25-8j),(-28-2j),(-26-7j),(-20-7j),(-17-5j),(-14-5j),(-8-12j),(-3-8j),(-2-6j),(4-10j),(7-9j),(10-14j),0j,0j,0j,0j,0j,0j,0j,0j,0j,0j,0j,(14+36j),(17+39j),(19+33j),(22+34j),(24+35j),(24+35j),(23+33j),(22+26j),(24+24j),(19+23j),(13+15j),(10+18j),(8+16j),(5+13j),17j,(-4+12j),(-5+12j),(-8+7j),(-6+12j),(-13+16j),(-15+20j),(-9+21j),(-12+19j),(-9+23j),(-7+21j),(-10+19j)
(94-32j),(5+0j),(-4+18j),(-2+14j),(-7+10j),(-5+12j),(-5+6j),(-9-1j),(-10+3j),(-15+1j),(-16-1j),(-14-3j),(-22+2j),(-25+4j),(-24+5j),(-20+0j),(-20+5j),(-22+1j),(-18+0j),(-16+1j),(-11+1j),(-8-1j),(-6-6j),(-9-10j),(-3-12j),-13j,(1-16j),0j,0j,0j,0j,0j,0j,0j,0j,0j,0j,0j,(10+36j),(10+41j),(15+39j),(15+39j),(18+37j),(21+32j),(21+35j),(19+30j),(19+28j),(13+23j),(15+20j),(9+16j),(5+12j),(2+14j),(-5+11j),(-4+10j),(-10+10j),(-9+10j),(-7+14j),(-13+13j),(-6+13j),(-7+18j),(-6+24j),(-4+23j),(-8+22j),(-7+19j)
(120-128j),(7+0j),(-15+2j),(-15+1j),(-11+2j),(-7-2j),(-6-2j),(-4-7j),(-1-7j),(-5-12j),(-2-14j),(-4-20j),(-3-23j),(-6-23j),(-6-23j),(-6-26j),(-5-23j),(-5-20j),(-7-18j),(-2-22j),(-4-17j),(2-11j),(8-9j),(4-5j),(10-6j),(11-1j),(15+5j),0j,0j,0j,0j,0j,0j,0j,0j,0j,0j,0j,(-28+27j),(-30+29j),(-27+32j),(-27+35j),(-24+32j),(-27+34j),(-25+31j),(-17+30j),(-15+32j),(-17+24j),(-14+20j),(-9+17j),(-12+12j),(-14+10j),(-15+8j),(-14-1j),(-13+0j),(-14-2j),(-17-6j),(-16-6j),(-21-6j),(-22-5j),(-24-4j),(-25-3j),(-26+2j),(-22+2j)
(-116-64j),(8+0j),(-4+11j),(-4+13j),(-7+12j),(-7+7j),(-7+4j),(-7+5j),(-8+3j),(-7+0j),(-11+0j),(-14-9j),(-18+1j),(-17-3j),(-22-3j),(-15+0j),(-21-1j),(-19+0j),(-20-2j),(-17-3j),(-13-1j),(-7-8j),(-7-9j),(-3-11j),-11j,(4-14j),(4-11j),0j,0j,0j,0j,0j,0j,0j,0j,0j,0j,0j,(9+35j),(9+34j),(14+34j),(12+31j),(22+35j),(13+32j),(15+30j),(13+25j),(16+27j),(17+21j),(9+20j),(13+13j),(7+10j),(2+14j),(-7+10j),(-7+8j),(-5+10j),(-9+13j),(-10+10j),(-8+11j),(-5+11j),(-8+12j),(-13+16j),(-7+19j),(-6+20j),(-5+20j)
(-116-64j),(8+0j),(-6+17j),(-6+12j),(-5+10j),(-6+5j),(-7+2j),(-7-1j),(-14-4j),(-15-7j),(-14-5j),(-15-13j),(-21-12j),(-21-5j),(-21-11j),(-19-4j),(-22-10j),(-19-7j),(-14-5j),(-14-10j),(-15-14j),(-5-7j),(-6-12j),(-2-7j),(3-6j),(11-12j),(12-16j),0j,0j,0j,0j,0j,0j,0j,0j,0j,0j,0j,(10+39j),(13+37j),(17+38j),(17+37j),(21+37j),(17+31j),(25+36j),(17+36j),(16+26j),(16+20j),(7+19j),(8+16j),(3+16j),(-1+18j),(-6+13j),(-3+13j),(-7+13j),(-12+11j),(-9+12j),(-11+15j),(-18+20j),(-21+19j),(-18+15j),(-17+17j),(-12+16j),(-11+19j)
(-51-48j),(12+0j),(3+4j),(9+9j),(-5+7j),(-2+2j),(-2-10j),(-12+1j),(-13+2j),(-11+4j),(-14+4j),(-16+0j),(-20+10j),(-21+11j),(-22+6j),(-29+8j),(-22-4j),(-17+2j),(-18-2j),(-19-5j),(-25-3j),(-26-5j),(-12-10j),(-9-16j),(-5-11j),(-2-17j),(-2-19j),0j,0j,0j,0j,0j,0j,0j,0j,0j,0j,0j,(-8+7j),(-7+6j),(-7+9j),2j,(-9+8j),8j,(-5+18j),(5+17j),(2+26j),(10+17j),(10+27j),(13+27j),(12+27j),(14+21j),(21+27j),(15+27j),(20+14j),(19+29j),(16+17j),(14+20j),(18+7j),(22+17j),(14+3j),(18+11j),(17+4j),(16+10j)
(-98-32j),(9+0j),(-12-9j),(-13-9j),(4-13j),(-10-15j),(-4-7j),(5-18j),(2-22j),(6-18j),(7-15j),(6-18j),(2-18j),(9-20j),(10-25j),(8-19j),(6-22j),(6-18j),-14j,(5-15j),(4-14j),(4-9j),(4-4j),(5+3j),(8+2j),(9+7j),(12+14j),0j,0j,0j,0j,0j,0j,0j,0j,0j,0j,0j,(-35-5j),(-37+0j),(-35+0j),(-32+1j),(-39+1j),(-35+4j),(-32+7j),(-32+9j),(-27+4j),(-26+6j),(-23+5j),(-24-4j),(-21-3j),(-15-3j),(-14-6j),(-15-8j),(-12-7j),(-7-9j),(-16-10j),(-12-8j),(-10-19j),(-17-14j),(-17-15j),(-18-11j),(-18-15j),(-13-9j)
(94-32j),(5+0j),(-17+19j),(-12+18j),(-28+16j),(-11+17j),(-20-3j),(-28+19j),(-37+11j),(-25+1j),(-46+0j),(-41-4j),(-38-4j),(-43+8j),(-46+7j),(-40+0j),(-43+2j),(-40+2j),(-31+4j),(-24+1j),(-27+0j),(-10-1j),(-6-11j),(-7-12j),(6-18j),(4-32j),(8-30j),0j,0j,0j,0j,0j,0j,0j,0j,0j,0j,0j,(-13+60j),(-14+62j),(-7+69j),(-3+74j),(4+70j),(13+67j),(7+62j),(15+59j),(10+58j),(6+48j),(5+46j),(8+36j),(5+38j),(2+29j),(2+30j),(-8+21j),(-2+16j),(-16+37j),(-18+28j),(-25+31j),(-16+25j),(-21+34j),(-15+27j),(-22+30j),(-12+32j),(-21+27j)
(-51-48j),(12+0j),(-14+1j),(-25-4j),(-5-5j),(-9-3j),(-15-10j),(-10-18j),(-13-24j),(-14-21j),(-13-20j),(-16-19j),(-21-19j),(-18-15j),(-14-21j),(-16-21j),(-18-20j),(-15-16j),(-13-18j),(-12-12j),(-6-8j),(-5-11j),(1-3j),(6-11j),(8-7j),(12-10j),(19-9j),0j,0j,0j,0j,0j,0j,0j,0j,0j,0j,0j,(-31+17j),(-36+16j),(-32+19j),(-33+18j),(-30+22j),(-32+26j),(-26+25j),(-21+28j),(-22+25j),(-24+27j),(-16+18j),(-20+11j),(-15+18j),(-13+10j),(-14+10j),(-10-1j),(-20+4j),(-11+0j),(-18-1j),(-21-4j),(-24+1j),(-18+8j),(-20+8j),(-15-1j),(-23+2j),(-21-4j)
(-98-32j),(9+0j),(-6-27j),(-5-32j),(-7-27j),(-10-8j),(8-23j),(17-20j),(16-37j),(8-22j),(25-28j),(2-37j),(19-30j),(25-40j),(31-49j),(24-41j),(26-40j),(32-38j),(15-23j),(20-23j),(18-18j),(12-9j),(16-5j),(8-2j),(18+9j),(9+18j),(10+25j),0j,0j,0j,0j,0j,0j,0j,0j,0j,0j,0j,(-59-7j),(-71-2j),(-65-1j),(-79-4j),(-69+0j),(-78-2j),(-68+1j),(-65+17j),(-51+6j),(-51+8j),(-47+9j),(-35+10j),(-36+2j),(-27-9j),(-25-1j),(-27-14j),(-8-16j),(-26-25j),(-32-29j),(-15-26j),(-28-31j),(-17-29j),(-33-44j),(-23-31j),(-29-18j),(-26-33j)
(-74+96j),(11+0j),(-10+11j),(-8+7j),(-12-1j),(-16+8j),(-13+3j),(-14-6j),(-15-10j),(-14-12j),(-17-6j),(-20-6j),(-22-8j),(-26-4j),(-26-4j),(-17+2j),(-20-5j),(-16-1j),(-22-5j),(-16-2j),(-13-9j),(-8-10j),(4-6j),(-6-12j),-7j,(6-13j),(9-14j),0j,0j,0j,0j,0j,0j,0j,0j,0j,0j,0j,(-5+34j),(-1+33j),(-1+36j),(2+38j),(7+30j),(8+35j),(5+35j),(7+33j),(11+26j),(5+24j),(6+21j),(3+21j),(3+16j),(2+17j),(-7+23j),(-3+13j),(-9+14j),(-2+12j),(-15+10j),(-15+11j),(-13+15j),(-14+15j),(-12+12j),(-8+8j),(-7+14j),(-6+12j)
(-54-96j),(12+0j),(-5-24j),(3-20j),(7-8j),(9-6j),(12-16j),(14-12j),(15-9j),(14-3j),(22-11j),(15-8j),(18-12j),(16-21j),(18-17j),(18-11j),(20-12j),(17-10j),(16-8j),(13-11j),(8-6j),(11-5j),(9+1j),(4+0j),(4+11j),(4+12j),(2+19j),0j,0j,0j,0j,0j,0j,0j,0j,0j,0j,0j,(-15-28j),(-15-32j),(-17-29j),(-22-27j),(-22-24j),(-28-29j),(-27-20j),(-21-21j),(-25-18j),(-23-22j),(-24-13j),(-13-10j),(-13-16j),(-13-10j),(-6-4j),(-1-16j),(-5-18j),-18j,(-1-15j),(-5-18j),(-7-23j),(-5-21j),(-1-21j),-18j,(1-19j),(-4-19j)
(-120-127j),(24+0j),(-10-3j),(-9-3j),(2-8j),(3-5j),(11-5j),(14-5j),(15-2j),(17-7j),(19-8j),(24+0j),(17-17j),(21-8j),(18-7j),(28-9j),(22-9j),(30-3j),(31-1j),(20+2j),(18+5j),(13+10j),(16+8j),(12+10j),(18+9j),(5+12j),(4+16j),0j,0j,0j,0j,0j,0j,0j,0j,0j,0j,0j,(6-7j),(3-3j),(-4-9j),-6j,-13j,(-9-7j),(-3-16j),(-13-15j),(-12-21j),(-15-25j),(-23-26j),(-21-23j),(-24-26j),(-21-22j),(-29-23j),(-25-19j),(-27-20j),(-34-18j),(-31-20j),(-28-14j),(-21-18j),(-30-22j),(-25-13j),(-19-3j),(-24-3j),(-17-8j)
(-35-48j),(13+0j),(-6+6j),(-1+2j),(-9-7j),(-3-1j),(4-4j),(8-4j),(-2-14j),(-6-14j),(8-12j),(1-16j),(3-21j),(5-26j),(2-22j),(12-22j),(9-21j),(16-23j),(14-21j),(21-21j),(18-16j),(19-15j),(14-9j),(14-12j),(19-2j),(20+3j),(19+7j),0j,0j,0j,0j,0j,0j,0j,0j,0j,0j,0j,(-7-7j),(-5-9j),(-12-8j),(-12-4j),(-15-3j),(-16+4j),(-16+4j),(-21+5j),(-17+8j),(-27+3j),(-23+0j),(-28+14j),(-33+17j),(-22+22j),(-35+18j),(-27+25j),(-19+22j),(-32+26j),(-27+23j),(-30+22j),(-27+18j),(-25+11j),(-17+18j),(-18+14j),(-6+12j),(-8+15j)
(98+32j),(6+0j),(-3-8j),(6-2j),(3-9j),(7+1j),(12+3j),8j,(11+3j),(17+6j),(12+8j),(18+4j),(22+1j),(21+12j),(17+12j),(24+15j),(15+11j),(15+15j),(15+14j),(15+13j),(15+15j),(3+12j),(7+13j),(2+16j),(5+14j),(-1+19j),(-7+11j),0j,0j,0j,0j,0j,0j,0j,0j,0j,0j,0j,(6+0j),(7+0j),(10-3j),(8-5j),(10+0j),(12-7j),(10-8j),(15-15j),(11-16j),(11-19j),(9-21j),(7-21j),(9-28j),(7-21j),(7-25j),(-1-32j),(5-32j),(1-30j),(-7-34j),(-1-28j),-21j,(-9-24j),(3-28j),(-9-21j),(-5-24j),(-3-15j)
(98+32j),(6+0j),(11+2j),(8+0j),(-2+3j),(-3+3j),(-1+8j),(-1+19j),(-6+11j),(-7+19j),21j,(-4+23j),(-15+26j),(-10+21j),(-8+25j),(-11+28j),(-19+15j),(-17+27j),(-16+17j),(-17+21j),(-13+16j),(-18+11j),(-16+12j),(-24+4j),(-15-2j),(-15+1j),(-15-3j),0j,0j,0j,0j,0j,0j,0j,0j,0j,0j,0j,(3+10j),(-4+10j),(9+10j),(7+8j),(10+9j),(12+6j),(19+2j),(24+5j),(20+8j),(28+7j),(33-1j),(34+2j),(28+5j),(28-5j),(31-2j),(29-8j),(35-5j),(36-17j),(30-10j),(42-10j),(40-4j),(30-16j),(26-15j),(14-8j),(14-11j),(22-11j)
(124-64j),(7+0j),(6+2j),(3+5j),(-5+3j),(-4+1j),(-11+9j),(-7+8j),(-12+4j),(-13+21j),(-24+6j),(-9+10j),(-16+15j),(-11+15j),(-15+22j),(-15+12j),(-14+13j),(-22+14j),(-24+12j),(-17+12j),(-22+1j),(-29+1j),(-20+0j),(-20-3j),(-20-5j),(-8-12j),(-10-7j),0j,0j,0j,0j,0j,0j,0j,0j,0j,0j,0j,(-4+5j),8j,(1+10j),13j,(6+13j),(12+10j),(16+10j),(15+12j),(14+11j),(22+1j),(14+7j),(26+10j),(31+7j),(30+10j),(30+4j),(31+2j),(37-3j),(34-4j),(28+3j),(40+0j),(27+0j),(32+5j),(26-8j),(31-6j),(24-6j),(17+3j)
(98+32j),(6+0j),(-6-5j),(6-5j),(-3-9j),(2-4j),(3+5j),(1-2j),(11+1j),(2+7j),(8+13j),(14+3j),(21+5j),(17+18j),(16+7j),(18+10j),(9+13j),(8+19j),(6+16j),(5+10j),(-2+19j),(-4+15j),(2+20j),(2+13j),(-19+15j),(-11+11j),(-4+13j),0j,0j,0j,0j,0j,0j,0j,0j,0j,0j,0j,(11+7j),(1+0j),(11-1j),(13+1j),(9-10j),(13-6j),(8-11j),(2-16j),(15-13j),(5-20j),-21j,(6-25j),(18-20j),(10-28j),(4-24j),(9-27j),(3-28j),(15-31j),(1-31j),(8-28j),(2-24j),(1-22j),(-4-18j),(4-21j),(-2-11j),(-2-22j)
(-4-64j),(15+0j),(5+0j),(4-21j),(2-4j),(7-2j),(8+10j),(6+23j),(7+11j),(30+23j),(-3+0j),(21+4j),(17+20j),(25+24j),(14+24j),(11+25j),(10+15j),(19+23j),(20+18j),(16+22j),(15+19j),(10+28j),(4+27j),(-8+18j),(-11+18j),(-4+11j),(-3+17j),0j,0j,0j,0j,0j,0j,0j,0j,0j,0j,0j,(3+5j),(2+12j),(9-1j),(11+0j),(19+7j),(14-12j),(23-4j),(18-8j),(4-17j),(29-4j),(21-17j),(22-16j),(16-25j),(23-22j),(21-28j),(21-25j),(28-31j),(19-34j),(22-21j),(19-28j),(19-33j),(-2-33j),(9-28j),(10-25j),-14j,(13-17j)
(16+1j),(17+0j),(3-12j),(7-6j),(-2-4j),(9-3j),(8+8j),5j,(3+7j),(2+13j),(7+16j),(16+7j),(12+14j),(6+8j),(9+22j),(11+19j),(7+19j),(9+23j),(9+12j),(2+18j),(8+15j),(-4+19j),(2+17j),18j,(-3+13j),(-17+14j),(-11+7j),0j,0j,0j,0j,0j,0j,0j,0j,0j,0j,0j,(-1+11j),(3+4j),(-4+3j),(6+4j),(6+5j),(14+5j),(19+2j),(13-7j),(14-8j),(23-1j),(16-6j),(22-10j),(23-5j),(25-17j),(25-16j),(28-16j),(17-18j),(18-13j),(2-21j),(14-29j),(18-17j),(14-21j),(9-22j),(2-12j),(11-25j),(14-13j)
(-122+96j),(8+0j),(4-5j),(-5-12j),(1-10j),(-3+0j),(17+1j),(9+2j),(14+6j),(4-13j),(5-6j),(25+6j),(32-6j),(32+1j),(25+3j),(22-1j),(32+0j),(21+1j),(15-2j),(20+10j),(24+22j),(5+16j),(14+25j),(12+11j),(16+22j),(8+18j),(1+22j),0j,0j,0j,0j,0j,0j,0j,0j,0j,0j,0j,(7-6j),(-3+2j),(2-12j),(-1-11j),(-1+0j),(3-27j),-16j,(-19-31j),(-5-27j),(-6-15j),(-1-30j),(-12-29j),(-10-35j),(-24-28j),(-15-18j),(-15-33j),(-21-24j),(-9-41j),(-25-25j),(-27-28j),(-24-24j),(-17-26j),(-16-20j),(-12-18j),(-8-14j),(-14-11j)
(-102-96j),(9+0j),(-5+0j),(-9+0j),(-7+4j),(-4+6j),(-13+2j),(-9-10j),(-18+5j),(-11-1j),(-22+0j),(-25-6j),(-27+2j),(-24+6j),(-22-2j),(-23-2j),(-18-6j),(-29-7j),(-29-9j),(-17-8j),(-19-19j),(-17-12j),(-25-20j),(-13-16j),(-9-23j),(-4-15j),(-4-17j),0j,0j,0j,0j,0j,0j,0j,0j,0j,0j,0j,(-16+3j),(-7+1j),(-7+0j),(-6+3j),(-6+14j),(-3+12j),(-4+16j),(-6+17j),(-6+22j),(-11+22j),(-5+20j),(2+35j),(-11+29j),(4+23j),(8+32j),(9+26j),(10+35j),(10+31j),(14+33j),(19+26j),(15+33j),(15+14j),(19+24j),(16+19j),(22+13j),(4+14j)
(75-78j),(36+0j),(-7+1j),2j,(-2-8j),(1-2j),(1-13j),(2-9j),(7-12j),(4-10j),(11-15j),(12-18j),(17-14j),(11-24j),(5-24j),(9-19j),(16-26j),(14-22j),(11-28j),(18-14j),(19-13j),(18-14j),(23-12j),(16-4j),(19-7j),(21-1j),(22+3j),0j,0j,0j,0j,0j,0j,0j,0j,0j,0j,0j,(-1-5j),-9j,(5-4j),(-6-6j),(-6-13j),(-12-9j),(-26-4j),(-15-9j),(-18-11j),(-29-1j),(-26-6j),(-24-7j),(-31+2j),(-34-3j),(-36+6j),(-39+4j),(-39+9j),(-27+11j),(-31+15j),(-29+2j),(-32+3j),(-26+11j),(-23+6j),(-27+11j),(-24+1j),(-16+0j)
(104-126j),(38+0j),(-5+9j),6j,(1-2j),(-4-3j),(-6+6j),(-2-6j),(-12-6j),(-14-9j),(-15-4j),(-14-7j),(-19-7j),(-19-14j),(-18-15j),(-14-13j),(-17-13j),(-18-14j),(-12-24j),(-12-15j),(-7-24j),(-7-16j),-21j,-16j,(-1-20j),(3-11j),(5-13j),0j,0j,0j,0j,0j,0j,0j,0j,0j,0j,0j,(-9-2j),(-9-2j),(-10+8j),(-5+1j),(-7+6j),(-6+9j),(-8+13j),(-4+15j),(-6+18j),(-5+24j),(-6+21j),(-7+22j),(-4+32j),(-10+26j),(1+27j),(1+30j),28j,(5+26j),(3+27j),(4+24j),(2+25j),(7+22j),(7+16j),(10+20j),(8+15j),(1+10j)
(90-96j),(5+0j),(-4+6j),(-3-2j),(10+4j),(-2-12j),(-12+0j),(-9-14j),(-10-11j),(-13-8j),(-8-18j),(-11-17j),(-18-16j),(-10-20j),(-14-21j),(-21-11j),(-20-14j),(-17-24j),(-10-25j),(-6-24j),(-3-22j),(5-18j),(5-24j),(6-18j),(10-22j),(1-15j),(10-17j),0j,0j,0j,0j,0j,0j,0j,0j,0j,0j,0j,(-13-1j),(-4-3j),(-5-1j),(-10+2j),(-3+10j),(-8+17j),(-13+13j),(-8+15j),(-20+18j),(-18+18j),(-17+16j),(-10+32j),(-10+31j),(-8+30j),(3+28j),(-8+32j),(-1+28j),(-3+28j),(2+31j),30j,(-5+31j),(-4+30j),(-1+22j),(2+11j),(-5+16j),(-3+14j)
(-92+64j),(10+0j),(-9-1j),(3-6j),(6-1j),-3j,(-6-1j),(4-3j),(-5-16j),(6-9j),(5-13j),(9-17j),(9-19j),(4-19j),(7-23j),(7-19j),(14-25j),(10-15j),(15-19j),(22-16j),(18-17j),(13-3j),(13-10j),(20-4j),(15-2j),(13+4j),(14+1j),0j,0j,0j,0j,0j,0j,0j,0j,0j,0j,0j,(-8-15j),(-9-4j),(-6-4j),(-12-3j),(-11-4j),(-5-5j),(-12+0j),(-18+1j),(-23+2j),(-24+12j),(-26-2j),(-24-1j),(-24+9j),(-24+2j),(-29+11j),(-27+18j),(-28+11j),(-18+15j),(-20+8j),(-25+14j),(-30+12j),(-22+16j),(-21+14j),(-26+15j),(-8+14j),(-8+6j)
(-72-128j),(11+0j),(-6-1j),(-4+5j),(-4+2j),(-8-4j),(4-9j),(-8-5j),-12j,(6-12j),(-5-19j),(-2-17j),(-5-20j),(5-21j),(6-21j),(4-25j),(7-22j),(-5-19j),(5-19j),(8-27j),(14-23j),(13-22j),(13-16j),(21-9j),(11-12j),(21-8j),(16+1j),0j,0j,0j,0j,0j,0j,0j,0j,0j,0j,0j,(-1-10j),(-8-11j),(2-9j),(-6-7j),(-8-15j),(-11-6j),(-16-5j),(-18-5j),(-31-11j),(-23-9j),(-20-1j),(-26+0j),(-24-6j),(-23+10j),(-30+2j),(-30+2j),(-31+11j),(-21+12j),(-29+8j),(-31+5j),(-27+13j),(-22+2j),(-28+16j),(-19+16j),(-17+6j),(-14+15j)
(94-32j),(5+0j),(2-5j),-5j,(-2-1j),(5+1j),(8-3j),(10+3j),(9+1j),(14+3j),(12+9j),(20+1j),(20+1j),(20+0j),(21-1j),(23-1j),(21+1j),(23-1j),(21+0j),(12-2j),(12+0j),(13-2j),(3+1j),(2+4j),(-3+3j),(-2+10j),(-8+5j),0j,0j,0j,0j,0j,0j,0j,0j,0j,0j,0j,(-29-21j),(-33-16j),(-33-15j),(-27-16j),(-34-14j),(-35-12j),(-35-11j),(-33-13j),(-28-14j),(-27-16j),(-28-7j),(-21-12j),(-15-16j),(-15-11j),(-9-16j),(-12-11j),(-8-12j),(-7-8j),(-2-11j),(-6-22j),(-3-21j),(-2-19j),(-1-13j),(-5-15j),(-4-12j),-10j
(-122+96j),(8+0j),(19+12j),(-4+13j),(-8+6j),(-15+18j),(-22+29j),(-16+20j),(-17+20j),(-13+22j),(-20+15j),(-11+36j),(-20+31j),(-15+44j),(-14+38j),(-16+53j),(-13+36j),(-2+37j),(-1+38j),(-15+25j),(-2+16j),(-11+19j),(-5+3j),(3-4j),(-3-8j),(-7-24j),(-9-22j),0j,0j,0j,0j,0j,0j,0j,0j,0j,0j,0j,(63-2j),(66+2j),(75-10j),(70-11j),(77-3j),(76-12j),(75-6j),(73-16j),(66-12j),(63-25j),(50-7j),(52+6j),(44+0j),(50-2j),(46-7j),(38-8j),(32+2j),(22+27j),(24+11j),(36+7j),(44+14j),(28+12j),(29+2j),(25+24j),(23+8j),(13+14j)
(-30+32j),(14+0j),(-9+4j),(-13+1j),(-9-3j),(-11-8j),(-10-4j),(-11-9j),(-14-12j),(-14-8j),(-12-11j),(-13-7j),(-22-10j),(-28-10j),(-27-14j),(-17-10j),(-22-12j),(-26-7j),(-18-4j),(-20-6j),(-15-4j),(-6-5j),(-2+0j),(-1-3j),(6+1j),(4-3j),(12-1j),0j,0j,0j,0j,0j,0j,0j,0j,0j,0j,0j,(-3+36j),(-2+44j),(-1+40j),(2+37j),(9+38j),(9+44j),(6+32j),(9+34j),(4+35j),(5+34j),(4+35j),(5+31j),(-2+30j),20j,(-1+23j),(-9+18j),(-5+19j),(-7+5j),(-8+13j),(-5+9j),(-19+19j),(-7+16j),(-11+14j),(-8+15j),(-13+9j),(-7+11j)
(-126+32j),(8+0j),(-2-1j),(-3+8j),(-5-2j),(1-2j),(-4-3j),(-11-6j),(-12-5j),(-14-2j),(-16-15j),(-15+5j),(-16-9j),(-20-5j),(-19-10j),(-21-13j),(-20-12j),(-16-14j),(-15-23j),(-15-15j),(-16-18j),(-8-22j),(-8-13j),(-4-16j),(1-18j),(6-15j),(9-14j),0j,0j,0j,0j,0j,0j,0j,0j,0j,0j,0j,(-13+7j),(-5+3j),(-1+9j),8j,(-4+5j),(-2+11j),11j,(-3+16j),(8+18j),(4+20j),(11+21j),(12+19j),(15+26j),(12+25j),(16+28j),(16+24j),(13+29j),(14+25j),(18+16j),(20+26j),(20+15j),(8+16j),(16+17j),(15+21j),(16+17j),(12+6j)
(-47+16j),(13+0j),(10+0j),(9+4j),(9+5j),(3+5j),(4+10j),(5+13j),(1+16j),17j,(4+20j),(5+24j),(10+20j),(11+23j),(11+21j),(12+19j),(13+22j),(12+18j),(9+18j),(9+12j),(8+12j),(4+12j),(2+8j),(-4+8j),(-6+3j),(-7+6j),(-14+2j),0j,0j,0j,0j,0j,0j,0j,0j,0j,0j,0j,(32-7j),(36-5j),(36-10j),(35-10j),(34-11j),(33-14j),(33-13j),(31-13j),(26-18j),(31-13j),(22-12j),(24-7j),(19-10j),(21-8j),(20-5j),(16-4j),(15-2j),(13-1j),(15-2j),(14-1j),(17-1j),(19+2j),(18+2j),(14-2j),(19-4j),(14+0j)
(-25+113j),(30+0j),(-8-2j),(-9-1j),(-10-4j),(-4-6j),(-7-11j),(-8-9j),(-7-13j),(-11-17j),(-9-20j),(-11-20j),(-10-21j),(-12-20j),(-17-21j),(-14-19j),(-15-17j),(-11-21j),(-14-17j),(-11-17j),(-6-14j),(-6-12j),(-3-7j),(-1-6j),(4-6j),(6-5j),(10-2j),0j,0j,0j,0j,0j,0j,0j,0j,0j,0j,0j,(-26+21j),(-25+23j),(-25+25j),(-27+29j),(-26+27j),(-24+28j),(-20+26j),(-24+28j),(-19+25j),(-15+25j),(-19+21j),(-13+21j),(-16+16j),(-16+13j),(-15+14j),(-14+5j),(-20+10j),(-14+8j),(-18+8j),(-18+9j),(-16+10j),(-17+7j),(-14+5j),(-14+2j),(-18+3j),(-15+6j)
(-5-79j),(31+0j),(5+6j),7j,(-6+7j),(-7+6j),(-5+6j),(-9+9j),(-10+7j),(-12+8j),(-11+10j),(-14+11j),(-15+12j),(-19+13j),(-18+15j),(-18+16j),(-13+18j),(-14+15j),(-12+11j),(-11+11j),(-10+11j),(-7+6j),(-10+4j),(-8-3j),(-5-2j),(-2-12j),(-4-12j),0j,0j,0j,0j,0j,0j,0j,0j,0j,0j,0j,(26+19j),(30+13j),(29+14j),(29+13j),(26+12j),(28+9j),(28+11j),(32+5j),(26+6j),(22+10j),(25+1j),(23+8j),(17+10j),(15+10j),(15+9j),(12+12j),(10+13j),(6+11j),(7+11j),(7+8j),(10+19j),(8+10j),(9+11j),(9+12j),(4+12j),(6+10j)
(-85-80j),(10+0j),(1-7j),(3-10j),(-1-9j),(4-8j),(11-6j),(9-9j),(15-13j),(18-12j),(16-12j),(15-15j),(19-18j),(19-23j),(19-19j),(16-21j),(17-19j),(12-18j),(14-21j),(9-18j),(10-13j),(7-8j),(5-2j),(9-4j),(5+4j),(6+3j),(6+9j),0j,0j,0j,0j,0j,0j,0j,0j,0j,0j,0j,(-29-20j),(-29-20j),(-33-17j),(-33-16j),(-33-19j),(-35-11j),(-38-14j),(-31-9j),(-32-15j),(-27-10j),(-30-12j),(-24-12j),(-20-17j),(-20-9j),(-16-10j),(-14-11j),(-9-19j),(-15-13j),(-9-14j),(-7-14j),(-9-13j),(-12-21j),(-11-19j),(-8-13j),(-11-13j),(-5-11j)
(-65-16j),(11+0j),(-2+7j),(-4+4j),(-5+4j),(-5+4j),(-11+3j),(-16+3j),(-16+2j),(-21+1j),(-18+2j),(-23+1j),(-27+5j),(-24+2j),(-22+6j),(-23+6j),(-25+3j),(-19+10j),(-22+6j),(-20+6j),(-13+5j),(-11+0j),(-8-3j),(-5-4j),(-3-4j),(1-9j),-11j,0j,0j,0j,0j,0j,0j,0j,0j,0j,0j,0j,(21+27j),(22+29j),(21+26j),(25+26j),(29+25j),(24+23j),(29+23j),(29+23j),(28+20j),(22+19j),(21+19j),(20+16j),(17+17j),(14+13j),(10+16j),(10+16j),(6+14j),(1+17j),(5+17j),(6+17j),(4+17j),(1+14j),(-1+18j),(2+11j),(-2+12j),(3+11j)
(94-32j),(5+0j),(4+5j),(1+7j),(6+9j),(4+7j),(-4+11j),(-1+13j),(-6+17j),(2+17j),(7+14j),(1+20j),(2+22j),(10+21j),(9+23j),(4+21j),(6+23j),(3+24j),(7+23j),(9+14j),(1+17j),(-1+5j),(-5+10j),(-1+1j),(-6+2j),(-9-3j),(-16+2j),0j,0j,0j,0j,0j,0j,0j,0j,0j,0j,0j,(33-10j),(33-11j),(37-7j),(37-12j),(35-16j),(34-19j),(33-17j),(31-15j),(30-12j),(28-11j),(29-11j),(21-13j),(21-13j),(23-7j),(18-10j),(17-1j),(8-4j),(16-7j),(21+0j),(17+2j),(20+1j),(15+4j),(17-1j),(11+2j),(8+2j),(14+1j)
(-126+32j),(8+0j),(2+10j),(-5+9j),(-3+9j),(-7+12j),(-11+3j),(-11+11j),(-14+7j),(-16+8j),(-20+11j),(-15+11j),(-14+12j),(-16+12j),(-17+17j),(-17+17j),(-17+17j),(-12+19j),(-11+9j),(-11+11j),(-6+10j),(-7+5j),(-7-2j),(-4-5j),(-7-4j),(-3-6j),(-7-9j),0j,0j,0j,0j,0j,0j,0j,0j,0j,0j,0j,(21+21j),(22+22j),(24+20j),(27+19j),(29+19j),(25+17j),(27+16j),(25+15j),(25+12j),(22+16j),(27+11j),(21+13j),(18+16j),(15+13j),(11+12j),(14+13j),(6+14j),(6+13j),(3+13j),(7+11j),(5+16j),(8+8j),(2+12j),(6+14j),(2+15j),(4+7j)
(124-64j),(7+0j),(3+8j),(-6+2j),(-2-2j),(-6+6j),(-7-3j),(-16-2j),(-13-7j),(-15-3j),(-17-10j),(-29-18j),(-25-7j),(-25-14j),(-20-16j),(-23-10j),(-27-15j),(-30-17j),(-24-21j),(-16-20j),(-15-23j),(-12-22j),(-8-25j),(-2-22j),(1-22j),(-5-23j),(11-20j),0j,0j,0j,0j,0j,0j,0j,0j,0j,0j,0j,(-8+0j),(-10+2j),(-12+3j),(-12+4j),(-11+12j),(-13+10j),(-11+18j),(-12+27j),(-10+25j),(-20+26j),(-19+32j),(-11+43j),(-13+30j),(-13+27j),(-14+33j),(-4+33j),(-1+35j),(-6+34j),(1+35j),(3+37j),(8+32j),(5+31j),(5+33j),(3+22j),(4+17j),(4+19j)
(-30+32j),(14+0j),(-14+0j),(-6-6j),(-2+1j),(-2+0j),-3j,(4-11j),(3-5j),(5-20j),(3-15j),(-5-17j),(11-15j),(12-15j),(16-15j),(15-16j),(17-20j),(18-19j),(22-14j),(18-12j),(24-7j),(23-11j),(16-8j),(17+1j),(20-1j),(17+2j),(14+5j),0j,0j,0j,0j,0j,0j,0j,0j,0j,0j,0j,(3-11j),-7j,-11j,(-5-12j),(-1-11j),(-8-12j),(-7-14j),(-10-15j),(-16-9j),(-14-18j),(-14-15j),(-18-13j),(-24-17j),(-30-10j),(-24-10j),(-32-10j),(-28-10j),(-25-10j),(-27+0j),(-27-8j),(-30+0j),(-25+1j),(-19-3j),(-17-2j),(-20+1j),(-18+2j)
(-75+80j),(11+0j),(4+7j),(8+9j),(-7+2j),(2+6j),(-13-5j),(-9+0j),(-8+3j),(-19-1j),(-19-4j),(-24-7j),(-21-3j),(-26-2j),(-22-1j),(-25-1j),(-26-4j),(-23-3j),(-34-11j),(-18-11j),(-23-18j),(-17-14j),(-7-18j),(-9-17j),(-1-18j),(-7-11j),(-2-22j),0j,0j,0j,0j,0j,0j,0j,0j,0j,0j,0j,(-14+5j),(-10+8j),(-12+9j),(-6+18j),(-5+10j),(-11+14j),21j,(-3+21j),(-2+17j),(-10+27j),(-8+24j),(3+25j),(4+27j),(12+35j),(7+24j),(17+26j),(5+30j),(4+31j),(12+34j),(14+30j),(14+21j),(17+20j),(14+30j),(18+23j),(7+25j),(9+11j)
(94-32j),(5+0j),(10+5j),(14+3j),(9+9j),(6+2j),(6+8j),(5+6j),(1+15j),(5+16j),(5+17j),(8+14j),(6+14j),(12+25j),(13+20j),(11+21j),(11+20j),(8+15j),(8+17j),(6+11j),(7+9j),(1+5j),5j,4j,(-7+4j),(-9+4j),(-13+0j),0j,0j,0j,0j,0j,0j,0j,0j,0j,0j,0j,(19-27j),(19-27j),(15-29j),(20-32j),(16-32j),(12-34j),(9-32j),(12-36j),(12-32j),(7-30j),(9-27j),(7-28j),(5-26j),(8-20j),(7-14j),(11-14j),(9-10j),(9-10j),(9-5j),(14-4j),(10-5j),(17-2j),(18-7j),(14-3j),(13-3j),(15+1j)
(-27+80j),(14+0j),(-2+23j),(11+29j),(-6+19j),(-11+13j),(-13+22j),(-31+25j),(-22+25j),(-15+30j),(-29+38j),(-31+37j),(-30+45j),(-24+53j),(-23+45j),(-31+43j),(-29+40j),(-21+33j),(-15+33j),(-17+27j),(-18+22j),(-18+19j),(-21+9j),(-13-7j),(-11-5j),(-15-6j),(-19-17j),0j,0j,0j,0j,0j,0j,0j,0j,0j,0j,0j,(58+30j),(59+34j),(66+22j),(70+23j),(75+25j),(79+24j),(80+20j),(76+17j),(73+6j),(66+9j),(59+5j),(56+7j),(44+5j),(27+16j),(35+2j),(33+18j),(22+14j),(20+22j),(16+18j),(12+20j),(18+22j),(8+22j),(20+27j),(9+18j),(13+22j),(1+30j)
(94-32j),(5+0j),(8+4j),(9+0j),(9+2j),(7+10j),(11+9j),(11+6j),(7+19j),(5+19j),(6+5j),(16+13j),(7+22j),(16+10j),(-1+22j),(23+15j),(-3+11j),(18+26j),(13+14j),(11+17j),(3+5j),(3+11j),(-6+6j),(3+5j),(-6-1j),(-7+8j),(-4+5j),0j,0j,0j,0j,0j,0j,0j,0j,0j,0j,0j,(8-29j),(7-30j),(12-31j),(6-32j),(3-28j),(5-35j),(10-36j),(7-37j),(13-29j),(-7-33j),(-10-26j),(8-24j),(4-24j),(-1-16j),(-3-11j),(4-2j),-20j,(-1-12j),(18-9j),(17-16j),(5+6j),(1-6j),(10-10j),(11-7j),(13-5j),(16-2j)
(-64+0j),(12+0j),(10+5j),(5+7j),(2+6j),(2+12j),(5+7j),(-5+14j),(-2+16j),(-5+19j),18j,(3+16j),(-1+16j),22j,(1+22j),13j,17j,23j,14j,15j,(-6+11j),(-4+9j),(-7+5j),2j,(-10-1j),(-10+2j),(-10-1j),0j,0j,0j,0j,0j,0j,0j,0j,0j,0j,0j,(31-12j),(28-14j),(31-17j),(30-19j),(32-27j),(29-22j),(28-18j),(32-21j),(23-23j),(25-23j),(23-19j),(24-16j),(16-12j),(13-11j),(12-3j),(12-4j),(11-3j),(13+0j),(13+1j),(10+4j),(12+0j),(12-2j),(9+2j),(11+6j),(7+13j),(10+6j)
(94-32j),(5+0j),(4-21j),(4-9j),(14-16j),(14-12j),(42+1j),(30-22j),(32-14j),(49-20j),(39-14j),(43-17j),(36-20j),(37-19j),(45-12j),(44-19j),(43-16j),(35-22j),(30-22j),(26-9j),(31-2j),(19+5j),(18+2j),(15+10j),(7+4j),(4+29j),(-3+18j),0j,0j,0j,0j,0j,0j,0j,0j,0j,0j,0j,(-22-59j),(-38-60j),(-24-63j),(-35-70j),(-43-68j),(-44-66j),(-42-65j),(-45-54j),(-47-64j),(-53-48j),(-45-41j),(-30-38j),(-28-50j),(-26-39j),(-10-39j),(-12-35j),(-13-35j),(-13-33j),(4-26j),(2-30j),(8-26j),(-3-26j),(-3-23j),(1-23j),(-1-26j),(10-28j)
(124-64j),(7+0j),(15-5j),(30+0j),(29+7j),(27+4j),(9+17j),(12+24j),(29+17j),(13+31j),(23+37j),(33+16j),(35+37j),(28+22j),(47+25j),(31+28j),(42+29j),(40+27j),(32+17j),(15+15j),(25+24j),(11+19j),(6+10j),(3+16j),(-2+4j),(-9+25j),(-14+16j),0j,0j,0j,0j,0j,0j,0j,0j,0j,0j,0j,(30-60j),(30-63j),(30-74j),(18-74j),(16-69j),(12-91j),(12-81j),(20-83j),(13-79j),(6-70j),(13-56j),(6-57j),(9-44j),(4-42j),(19-47j),(20-17j),(23-36j),(27-24j),(14-21j),(21-8j),(14-6j),(32-11j),(19-24j),(30-14j),(32-10j),(39-14j)
(-111+16j),(9+0j),(8-29j),(11-18j),(8-26j),(19-12j),(27-13j),(16-15j),(33-26j),(31-5j),(33-19j),(36-34j),(38-30j),(36-34j),(43-30j),(36-36j),(36-29j),(30-27j),(34-24j),(26-21j),(24-17j),(19-16j),(19-2j),(15+10j),(17+10j),(4+15j),(12+23j),0j,0j,0j,0j,0j,0j,0j,0j,0j,0j,0j,(-51-34j),(-68-36j),(-64-32j),(-72-37j),(-73-31j),(-76-22j),(-69-23j),(-71-28j),(-71-18j),(-64-20j),(-66-19j),(-57-5j),(-46-12j),(-35-2j),(-39-8j),(-25-18j),(-25-11j),(-23-13j),(-16-20j),(-19-32j),(-9-33j),(-10-20j),(-2-33j),(-9-27j),(-9-18j),(-3-25j)
(125-48j),(7+0j),(-17-21j),(-11-24j),(14-25j),(-2-27j),(5-13j),(8-26j),(2-26j),(16-29j),(10-37j),(5-42j),(25-38j),(18-50j),(5-44j),(22-38j),(17-39j),(16-41j),(15-41j),(14-36j),(8-27j),(6-18j),(12-8j),(18-1j),(13-1j),(18+14j),(13+9j),0j,0j,0j,0j,0j,0j,0j,0j,0j,0j,0j,(-68-13j),(-72-6j),(-76-4j),(-83-5j),(-79+0j),(-85+7j),(-78+5j),(-81+9j),(-69+6j),(-62+3j),(-67+13j),(-50+13j),(-54+9j),(-55+10j),(-32+0j),(-26-9j),(-26-7j),(-21-11j),(-23-5j),(-28-22j),(-21-23j),(-32-22j),(-21-19j),(-26-18j),(-24-25j),(-14-13j)
(-50-32j),(12+0j),(-22+5j),(-19+20j),(-16-3j),(-23-13j),(-17-12j),(-29-12j),(-26-15j),(-39-19j),(-41-6j),(-43-25j),(-47-16j),(-60-18j),(-43-21j),(-51-14j),(-44-12j),(-38-11j),(-38-18j),(-31-13j),(-23-14j),(-16-9j),(-18-15j),(-13-12j),(1-11j),(13-15j),(12-23j),0j,0j,0j,0j,0j,0j,0j,0j,0j,0j,0j,(-7+71j),(-7+70j),(-7+74j),(3+75j),(8+80j),(8+82j),(11+73j),(15+73j),(11+74j),(15+68j),(12+55j),(14+58j),(4+51j),(2+43j),(7+41j),(1+36j),(-14+23j),(-6+28j),(-10+26j),(-15+28j),(-18+34j),(-16+31j),(-13+14j),(-7+20j),(-26+16j),(-25+22j)
(-30+32j),(14+0j),(-11-2j),(-8+1j),(-8+1j),(-12-10j),(-12-11j),(-19-12j),(-19-10j),(-14-9j),(-18-16j),(-21-12j),(-26-19j),(-30-18j),(-20-17j),(-25-15j),(-23-9j),(-21-9j),(-15-8j),(-15-13j),(-14-5j),-6j,(1-9j),(2-6j),(2-9j),(6-8j),(5-4j),0j,0j,0j,0j,0j,0j,0j,0j,0j,0j,0j,(-1+39j),(1+37j),(5+41j),(10+38j),(11+35j),(6+40j),(10+42j),(6+37j),(9+35j),(7+37j),(5+24j),(10+25j),(2+33j),(7+19j),(-2+26j),(-4+14j),(-1+12j),(-9+14j),(-2+10j),(-7+20j),(-7+15j),(-10+7j),(-16+6j),(-7+10j),(-9+12j),(-10+7j)
(74-95j),(20+0j),(-9-13j),(-8-12j),(-8-14j),-16j,(-5-17j),-13j,(-3-17j),-14j,(-2-21j),(1-18j),(-1-23j),(4-19j),(2-23j),(-1-20j),(-4-17j),(1-14j),(4-16j),(3-13j),(5-9j),(5-10j),(8-1j),(10-3j),(10+3j),(13+2j),(16+6j),0j,0j,0j,0j,0j,0j,0j,0j,0j,0j,0j,(-37+18j),(-35+25j),(-29+25j),(-34+26j),(-30+31j),(-28+32j),(-31+31j),(-27+32j),(-28+28j),(-26+26j),(-20+28j),(-20+22j),(-19+17j),(-15+14j),(-17+12j),(-14+5j),(-12+2j),(-13+4j),(-12-4j),(-13-4j),(-10-8j),(-13-8j),(-15-5j),(-16-11j),(-14-9j),(-16-14j)
(94-31j),(21+0j),32j,(-8+34j),(-13+32j),(-12+22j),(2+24j),(-6+34j),(-20+28j),(-16+27j),(-15+31j),(-9+33j),(-11+42j),(-26+45j),(-14+40j),(-12+36j),(-8+36j),(-9+27j),(-13+22j),(-17+19j),(-12+14j),(-12+13j),(-14+8j),(-13+3j),(-10-9j),(-21-11j),(-24-19j),0j,0j,0j,0j,0j,0j,0j,0j,0j,0j,0j,(60+20j),(70+10j),(80+21j),(76+11j),(81+2j),(85+7j),(79-4j),(76+3j),(70-6j),(69-9j),(73-9j),(53-20j),(52-9j),(51+7j),(36+8j),(27+5j),(22+11j),(16+12j),(19+21j),(13+22j),(14+31j),(6+22j),(12+33j),(17+20j),(13+30j),(14+35j)
(-51-48j),(12+0j),(36+19j),(36+19j),(20+18j),(28+13j),(24+19j),(19+20j),(28+29j),(27+28j),(20+31j),(31+30j),(23+33j),(25+41j),(32+30j),(17+22j),(23+32j),(20+30j),(8+26j),(13+25j),(8+18j),(5+23j),(-1+15j),(-7+20j),(-20+20j),(-25+4j),(-25+21j),0j,0j,0j,0j,0j,0j,0j,0j,0j,0j,0j,(52-48j),(50-55j),(53-67j),(45-62j),(38-68j),(37-73j),(24-81j),(33-81j),(30-73j),(34-63j),(22-60j),(14-55j),(12-45j),(26-40j),(20-30j),(30-27j),(14-9j),(32-6j),(14+1j),(24-13j),(31+2j),(18+8j),(35-6j),(29+12j),(15+14j),(30+9j)
(-51-48j),(12+0j),(5+5j),(8+10j),(8+5j),(4+7j),(4+8j),12j,(5+7j),(6+17j),(2+14j),(9+13j),(-5+17j),(1+6j),(-3+6j),(-5+16j),(4+12j),18j,5j,(-3+6j),(-1+9j),(-10+11j),(-11-2j),6j,(-2-3j),(-8-5j),(-6+4j),0j,0j,0j,0j,0j,0j,0j,0j,0j,0j,0j,(22-17j),(24-16j),(17-19j),(18-15j),(20-25j),(18-19j),(15-26j),(21-19j),(22-28j),(19-27j),(3-27j),(2-26j),(2-16j),(19-4j),(11-10j),(16-1j),(13+9j),(18-4j),(-7+1j),(14-9j),(8+2j),(13+9j),(15+1j),(4-5j),(16+7j),(7+12j)
(98+32j),(6+0j),(11+10j),(8+8j),(7+6j),(3+12j),(7+13j),(5+17j),(3+11j),(2+15j),(1+16j),(2+14j),(3+15j),(4+19j),(2+18j),(4+16j),(1+18j),17j,(-1+15j),(-2+13j),(-2+7j),(-4+5j),(-6+6j),(-11-1j),(-9+0j),(-14+0j),(-14-2j),0j,0j,0j,0j,0j,0j,0j,0j,0j,0j,0j,(26-19j),(27-21j),(27-24j),(31-26j),(24-28j),(24-32j),(23-34j),(22-30j),(23-26j),(19-29j),(16-24j),(13-22j),(12-20j),(10-14j),(11-12j),(10-8j),(8-5j),(11-3j),(9-3j),(8+0j),(10+0j),(11+1j),(11+5j),(9+4j),(8+6j),(14+5j)
(98+32j),(6+0j),-17j,(3-13j),(3-13j),(5-15j),(7-11j),(9-15j),(11-11j),(11-14j),(12-12j),(13-17j),(14-15j),(15-21j),(16-18j),(17-15j),(11-17j),(16-14j),(11-11j),(10-8j),(9-9j),(8-4j),(10-1j),(11+5j),(7+10j),(11+10j),(13+11j),0j,0j,0j,0j,0j,0j,0j,0j,0j,0j,0j,(-33-19j),(-34-19j),(-40-16j),(-40-19j),(-42-14j),(-41-12j),(-43-10j),(-42-9j),(-39-6j),(-39-4j),(-31-6j),(-26-3j),(-29-7j),(-20-4j),(-18-3j),(-16-10j),(-9-7j),(-10-7j),(-5-12j),(-4-13j),(-4-13j),-17j,(2-17j),(-1-18j),(-1-13j),(-2-18j)
(-51-48j),(12+0j),(-15+10j),(-14+9j),(-11+8j),(-18+2j),(-16+3j),(-16+4j),(-19+6j),(-23-1j),(-18-1j),(-23+2j),(-23+2j),(-22+2j),(-17+3j),(-20+3j),(-23+1j),(-18+3j),(-12+2j),(-19-1j),(-11-4j),(-11-4j),(-9-9j),(-6-11j),(1-13j),(2-17j),-16j,0j,0j,0j,0j,0j,0j,0j,0j,0j,0j,0j,(11+36j),(13+39j),(13+40j),(17+38j),(23+36j),(25+35j),(24+32j),(25+36j),(22+29j),(25+25j),(24+20j),(18+24j),(18+21j),(14+18j),(8+17j),(4+13j),(8+12j),14j,(-5+8j),(-3+12j),(-10+12j),(-6+11j),(-8+11j),(-10+12j),(-7+13j),(-8+14j)
(-40-127j),(29+0j),(-14+4j),(-10+1j),(-16+1j),(-16+4j),(-18-2j),(-14+1j),(-15-3j),(-19-5j),(-16-3j),(-18-5j),(-18-7j),(-22-2j),(-17-2j),(-17-2j),(-20-2j),(-16-3j),(-13+1j),(-11-3j),(-7-7j),(-5-7j),(-4-9j),(-2-9j),(2-10j),(3-12j),(5-16j),0j,0j,0j,0j,0j,0j,0j,0j,0j,0j,0j,(6+33j),(9+36j),(10+36j),(12+32j),(19+34j),(17+35j),(18+33j),(16+30j),(17+28j),(16+27j),(15+25j),(12+18j),(9+20j),(7+18j),(4+14j),(2+14j),(2+10j),(-1+7j),(-5+9j),(-6+10j),(-8+7j),(-9+11j),(-12+8j),(-11+10j),(-13+6j),(-8+9j)
(-20-63j),(30+0j),(16-13j),(14-9j),(12-5j),(12-6j),(15-5j),(12-2j),(19-3j),(15+0j),(18-3j),(20-6j),(19-5j),(18-8j),(19-8j),(15-7j),(16-1j),(15-5j),(15-2j),(11-2j),(9+0j),(10+2j),(7+6j),(4+9j),(3+8j),(4+12j),(4+14j),0j,0j,0j,0j,0j,0j,0j,0j,0j,0j,0j,(-12-32j),(-16-34j),(-16-31j),(-16-34j),(-24-31j),(-25-32j),(-22-28j),(-27-30j),(-22-25j),(-25-21j),(-21-19j),(-21-21j),(-15-19j),(-12-14j),(-9-14j),(-11-11j),(-5-14j),(1-8j),(6-12j),(3-10j),(6-11j),(3-11j),(4-11j),(8-12j),(8-13j),(6-11j)
(-42+96j),(13+0j),(13-1j),(14+2j),(8+2j),(11+7j),(16+3j),(11+5j),(14+5j),(17+12j),(14+5j),(17+7j),(18+11j),(14+10j),(16+13j),(18+9j),(20+10j),(15+5j),(15+10j),(11+9j),(6+12j),(2+10j),(1+10j),(-2+10j),(-3+6j),(-12+11j),(-13+9j),0j,0j,0j,0j,0j,0j,0j,0j,0j,0j,0j,(13-36j),(10-40j),(9-45j),(6-45j),(6-40j),(1-41j),(1-45j),-41j,(-2-36j),-34j,(-2-31j),(-2-27j),(2-26j),(1-23j),(1-19j),(1-14j),(5-11j),(8-9j),(7-8j),(9-5j),(7-6j),(14-4j),(12-11j),(13-5j),(13-3j),(16-3j)
(-45+49j),(29+0j),(-8-7j),(-5-17j),(2+1j),(3-5j),(10-4j),(2-4j),(16+0j),(16-2j),(19-4j),(23+2j),(27-5j),(16-6j),(19+6j),(25+3j),(33-1j),(26+6j),(16+10j),(16+10j),(20+13j),(14+15j),(13+16j),(4+13j),(2+16j),(2+12j),(-1+14j),0j,0j,0j,0j,0j,0j,0j,0j,0j,0j,0j,(1-7j),(-1-6j),(4-12j),(-5-10j),(-6-14j),(-3-10j),(-9-13j),(-15-14j),(-16-12j),(-17-15j),(-13-21j),(-23-21j),(-24-16j),(-21-19j),(-24-22j),(-28-19j),(-27-20j),(-27-20j),(-14-9j),(-18-13j),(-31-12j),(-16-5j),(-14-12j),(-24-12j),(-23-9j),(-17-4j)
(-47+16j),(13+0j),(9-8j),(-1+1j),(1+2j),(3-1j),(2+4j),(8+8j),(3+3j),(5+8j),(5+14j),(7+12j),(16+11j),(14+21j),(14+18j),(5+20j),(5+18j),(3+26j),(7+21j),(8+22j),(2+22j),(-8+23j),(-7+17j),(-2+16j),(-6+10j),(-13+9j),(-14+3j),0j,0j,0j,0j,0j,0j,0j,0j,0j,0j,0j,(8+6j),(-1+5j),(11+6j),(12-3j),(8+7j),(11-4j),(6-12j),(16-11j),(21-12j),(20-12j),(28-15j),(22-12j),(22-13j),(22-22j),(23-33j),(21-18j),(17-22j),(15-21j),(14-20j),(5-23j),(15-27j),(2-27j),(10-27j),(4-22j),(4-17j),(3-18j)
(-27+80j),(14+0j),(-2+7j),(-10+13j),3j,(-7-1j),(-12+0j),(-12-5j),(-18-7j),(-14-15j),(-22-15j),(-12-7j),(-13-15j),(-23-14j),(-14-15j),(-17-18j),(-18-19j),(-17-25j),(-17-17j),(-15-20j),(-10-18j),(-7-20j),(1-19j),-15j,(5-19j),-16j,(7-10j),0j,0j,0j,0j,0j,0j,0j,0j,0j,0j,0j,(-7-4j),(-12-1j),(-6-3j),(-6+5j),(-10+7j),(-8+11j),(-10+12j),(-6+17j),(-13+19j),(-9+14j),(-11+20j),(-5+26j),(-6+25j),(-7+29j),(-8+26j),(-3+30j),(-11+29j),(-7+29j),(3+26j),(3+32j),(3+26j),29j,(-2+22j),(2+20j),(5+17j),(7+20j)
(123-78j),(39+0j),(4+3j),(4+3j),(-8+12j),(-9+1j),(-10+8j),(-15+6j),(-13+4j),(-18+2j),(-18+10j),(-18+4j),(-20+7j),(-32+14j),(-22+6j),(-30+4j),(-32+6j),(-19+4j),(-27+3j),(-30+1j),(-19-9j),(-19-4j),(-18-8j),(-21-13j),(-21-11j),(-16-16j),(-6-14j),0j,0j,0j,0j,0j,0j,0j,0j,0j,0j,0j,(-5+6j),(-8+2j),(-7+11j),(-7+4j),(-6+8j),(-1+6j),(-4+17j),(1+19j),(1+21j),(3+22j),29j,26j,(11+29j),(11+28j),(12+24j),(19+26j),(20+27j),(16+25j),(21+22j),(24+21j),(21+17j),(22+11j),(14+12j),(19+16j),(16+11j),(16+14j)
(74-95j),(20+0j),(-16+3j),(-16+4j),(-15+1j),(-11+4j),(-12+0j),(-13-1j),(-13-3j),(-15-5j),(-14-2j),(-16-6j),(-15-7j),(-17-7j),(-16-5j),(-15-6j),(-13-1j),(-12-10j),(-11-7j),(-9-7j),(-6-8j),(-2-11j),-12j,-14j,(3-14j),(7-12j),(7-12j),0j,0j,0j,0j,0j,0j,0j,0j,0j,0j,0j,(-18+27j),(-19+28j),(-19+34j),(-15+35j),(-13+38j),(-9+38j),(-11+40j),(-10+36j),(-6+36j),(-6+37j),(-3+34j),(-2+26j),(-2+28j),(-4+22j),(-5+19j),(-7+14j),(-4+15j),(-8+10j),(-10+10j),(-12+7j),(-16+7j),(-16+6j),(-19+4j),(-17+9j),(-14+9j),(-16+3j)
(94-31j),(21+0j),(15+6j),(13+1j),(15+4j),(13+7j),(11+6j),(8+9j),(8+8j),(8+13j),(10+10j),(6+10j),(6+10j),(8+12j),(10+12j),(8+10j),(7+12j),(4+11j),14j,(4+11j),(-3+9j),(-3+11j),(-5+9j),(-7+7j),(-13+7j),(-13+9j),(-17+8j),0j,0j,0j,0j,0j,0j,0j,0j,0j,0j,0j,(29-18j),(31-23j),(28-23j),(29-31j),(28-29j),(27-29j),(26-32j),(23-35j),(23-31j),(21-33j),(21-28j),(14-26j),(13-21j),(16-19j),(12-16j),(12-10j),(13-8j),(12-1j),(13+0j),(15-5j),(15+2j),(11-1j),(18+3j),(20+3j),(21+2j),(16+2j)
(86+96j),(5+0j),(6-13j),(14-9j),(11-11j),(11-8j),(15-5j),(11-6j),(10-5j),(13-6j),(11-4j),(16+1j),(18-1j),(15-1j),(15+2j),(13-1j),(14-1j),(16-1j),(8+4j),(11+6j),(7+2j),(6+6j),(1+7j),(5+11j),(-2+12j),(-2+16j),(-2+12j),0j,0j,0j,0j,0j,0j,0j,0j,0j,0j,0j,(-8-34j),(-9-35j),(-8-35j),(-14-37j),(-17-35j),(-19-37j),(-21-39j),(-23-33j),(-19-33j),(-19-32j),(-15-28j),(-17-24j),(-12-19j),(-11-21j),(-4-20j),(-2-18j),(-2-14j),(2-11j),(5-13j),(1-10j),(5-6j),(5-12j),(11-14j),(9-12j),(15-12j),(5-17j)
(-65-15j),(27+0j),(-5-18j),(-2-15j),(1-14j),(-4-18j),(-2-8j),(5-14j),(4-18j),(1-13j),(2-14j),(7-12j),(8-16j),(9-12j),(6-11j),(12-17j),(14-11j),(5-11j),(8-16j),(1-10j),(9-6j),(9-5j),(10+0j),(14+4j),(8+7j),(13+6j),(17+14j),0j,0j,0j,0j,0j,0j,0j,0j,0j,0j,0j,(-28-20j),(-28-21j),(-36-19j),(-36-20j),(-37-19j),(-41-15j),(-42-10j),(-42-9j),(-32-13j),(-35-9j),(-34-5j),(-26-5j),(-25-6j),(-21-6j),(-19-6j),(-12-6j),(-15-8j),(-13-10j),(-9-10j),(-9-14j),(-6-15j),(-4-16j),(-5-13j),(-6-18j),(-3-20j),(-6-21j)
(-45+49j),(29+0j),(12+5j),(17+9j),(14+6j),(6+8j),(12+6j),(5+10j),(4+7j),(4+13j),16j,(3+17j),(-2+15j),(-5+15j),(1+16j),(1+12j),13j,(-2+13j),(-4+13j),(-4+10j),(-7+8j),(-13+7j),(-9+5j),(-11+5j),(-12-2j),(-14-3j),(-17-4j),0j,0j,0j,0j,0j,0j,0j,0j,0j,0j,0j,(33-13j),(35-13j),(37-16j),(33-21j),(34-24j),(34-26j),(36-26j),(30-27j),(28-25j),(27-23j),(23-20j),(24-26j),(18-18j),(21-14j),(17-13j),(13-7j),(9-9j),(12-1j),(16+0j),(12+4j),(12+3j),(12+3j),(12+8j),(9+7j),(15+9j),(16+7j)
(-47+16j),(13+0j),(-14-21j),(-32-29j),(-25-20j),(-24-11j),(-25-16j),(-23-21j),(-20-33j),(-1-35j),(-6-29j),(-2-33j),(2-23j),(-13-31j),(-3-28j),(-14-30j),(-5-29j),(-2-31j),(-1-23j),(7-21j),(18-22j),(6-20j),(17-24j),(25-13j),(30-11j),(32-6j),(27+0j),0j,0j,0j,0j,0j,0j,0j,0j,0j,0j,0j,(-70-9j),(-72-1j),(-81+0j),(-85+3j),(-88+19j),(-91+17j),(-96+31j),(-87+28j),(-83+23j),(-73+20j),(-70+23j),(-61+18j),(-57+21j),(-55+6j),(-49+8j),(-40-7j),(-34+0j),(-21-7j),(-26-27j),(-20-14j),(-20-25j),(-28-19j),(-25-19j),(-34-28j),(-30-18j),(-36-22j)
(-27+80j),(14+0j),(15-2j),(15+1j),(16+8j),(15+1j),(11+1j),(9+12j),(10+6j),(16+5j),(8+10j),(14+8j),(14+4j),(15+14j),(14+11j),(12+9j),(13+12j),(10+14j),(2+13j),(7+12j),(-3+12j),(-1+8j),(1+11j),(-6+10j),(-10+14j),(-11+15j),(-14+11j),0j,0j,0j,0j,0j,0j,0j,0j,0j,0j,0j,(29-26j),(32-26j),(27-30j),(28-38j),(28-40j),(22-39j),(24-38j),(22-39j),(19-42j),(21-38j),(15-32j),(13-34j),(11-25j),(16-27j),(15-21j),(10-14j),(14-13j),(8-10j),(13-3j),(16-9j),(12-3j),(17-4j),(19-1j),(20-1j),(19-4j),(21-4j)
(103+114j),(38+0j),(-27-15j),(-15-24j),(-17-30j),(-6-24j),(-16-34j),(1-34j),(-5-19j),(11-24j),(1-27j),(-1-19j),(11-32j),(-1-34j),(5-32j),(2-30j),(8-29j),(14-28j),(7-30j),(12-21j),(18-16j),(21-7j),(18-9j),(18+4j),(23+4j),(25+6j),(31+15j),0j,0j,0j,0j,0j,0j,0j,0j,0j,0j,0j,(-68-16j),(-66-8j),(-76-14j),(-78-7j),(-88+1j),(-81+1j),(-86+8j),(-78+19j),(-74+18j),(-79+12j),(-68+13j),(-50+7j),(-51+11j),(-44+2j),(-38+9j),(-37-5j),(-30-16j),(-28-10j),(-26-12j),(-23-18j),(-29-29j),(-33-18j),(-13-27j),(-21-30j),(-26-29j),(-22-33j)
(98+32j),(6+0j),(-25-4j),(-39+14j),(-26-4j),(-37+8j),(-30+17j),(-27+2j),(-25-4j),(-32-10j),(-27-9j),(-26-14j),(-35-11j),(-19-15j),(-36-17j),(-21-12j),(-29-14j),(-17-26j),(-14-20j),(-22-19j),(-7-22j),(-1-27j),(3-20j),(10-25j),(5-27j),(18-24j),(24-26j),0j,0j,0j,0j,0j,0j,0j,0j,0j,0j,0j,(-22+69j),(-17+77j),(-16+78j),(-13+85j),(-10+82j),(-3+91j),(1+89j),93j,(3+85j),(7+79j),(11+69j),(2+66j),(7+63j),(3+51j),43j,(-6+38j),(-5+32j),(-24+32j),(-21+23j),(-31+23j),(-19+15j),(-28+13j),(-27+16j),(-36+17j),(-36+18j),(-20+18j)
(123-78j),(39+0j),(17+7j),(23+3j),(16+3j),(14+1j),(12+9j),(9+10j),(12+10j),(7+12j),(11+6j),(1+10j),(6+14j),(-1+15j),(8+17j),(5+14j),(-1+14j),15j,(3+15j),(-2+15j),(-3+14j),(-4+10j),(-8+10j),(-10+6j),(-15+4j),(-15+5j),(-18+2j),0j,0j,0j,0j,0j,0j,0j,0j,0j,0j,0j,(37-15j),(36-16j),(40-23j),(37-22j),(40-29j),(35-32j),(36-30j),(34-31j),(27-29j),(27-29j),(26-28j),(23-22j),(22-22j),(13-21j),(19-15j),(17-12j),(14-6j),(19-3j),(15-4j),(18+1j),(18+1j),(14+4j),(15+0j),(24+7j),(19+5j),(17+7j)
(104-126j),(38+0j),(7+1j),(5+3j),(8+3j),(7+2j),(9-2j),(1+13j),(10+9j),(9+11j),(-2+10j),(11+8j),(6+11j),(9+13j),(6+11j),(1+8j),(5+12j),(10+7j),(4+7j),(-8+7j),(-3+5j),(7+8j),(-6+6j),(-8-4j),(-12+7j),(-6+4j),(-13-1j),0j,0j,0j,0j,0j,0j,0j,0j,0j,0j,0j,(3-24j),(7-30j),(2-32j),(7-31j),(3-30j),-36j,(5-38j),(-7-36j),-31j,(-6-25j),(-2-28j),(9-29j),(-7-27j),(-2-22j),(2-17j),(14-8j),(8-8j),(-5-10j),(7+5j),(20-5j),(22+0j),(12-14j),(15+10j),(13-11j),(24-3j),(17-2j)
(98+32j),(6+0j),(4+10j),(-2+1j),3j,(-4+0j),(-14+0j),(-8+4j),(-14+3j),(-23+3j),(-15+1j),(-23+5j),(-22+3j),(-25-2j),(-25+4j),(-31-1j),(-19-3j),(-22-7j),(-24-11j),(-23-5j),(-20-11j),(-19-12j),(-17-14j),(-12-12j),(-7-12j),(-5-17j),(-7-18j),0j,0j,0j,0j,0j,0j,0j,0j,0j,0j,0j,(-9+2j),(-3+6j),(-9+7j),(-2+7j),(-2+9j),(-8+11j),(-4+19j),(2+17j),(6+19j),(-1+15j),(1+22j),(7+20j),(9+27j),(10+23j),(10+27j),(12+29j),(12+22j),(14+20j),(18+23j),(14+24j),(17+24j),(16+19j),(16+19j),(13+20j),(13+14j),(8+9j)
(-95+16j),(10+0j),(10-6j),(12-1j),(10+1j),(9+5j),(11+3j),(11+5j),(9+7j),(6+6j),(9+11j),(6+11j),(10+8j),(7+11j),(11+10j),(12+8j),(9+9j),(7+12j),(6+9j),(4+11j),(3+5j),(-1+9j),(-3+6j),(-8+7j),(-11+7j),(-15+5j),(-15+7j),0j,0j,0j,0j,0j,0j,0j,0j,0j,0j,0j,(10-32j),(10-35j),(6-40j),(7-39j),(2-45j),(3-43j),(-3-44j),(2-39j),(-4-37j),(1-37j),(-2-35j),(-4-30j),(-2-27j),-21j,(1-18j),(6-17j),(2-15j),(5-12j),(6-8j),(7-3j),(7-9j),(8-6j),(10-8j),(13-5j),(13-2j),(12-2j)
(-75+80j),(11+0j),(5+13j),14j,(2+11j),(5+7j),(-2+16j),(-4+13j),(-1+12j),(-12+6j),(-8+15j),(-5+12j),(-9+10j),(-9+13j),(-3+14j),(-5+15j),(-7+8j),(-11+16j),(-9+10j),(-8+6j),(-9+4j),(-9+1j),(-7-5j),(-9-4j),(-9-8j),(-10-12j),(-9-13j),0j,0j,0j,0j,0j,0j,0j,0j,0j,0j,0j,(38-9j),(37-8j),(33-15j),(35-10j),(38-18j),(38-17j),(36-20j),(33-17j),(30-19j),(30-24j),(21-21j),(24-12j),(23-13j),(19-13j),(16-11j),(9-5j),(16+1j),(14-4j),(7-2j),(6+1j),(2+4j),(6+8j),(8+11j),(1+6j),(10+6j),(6+10j)
(-3-48j),(15+0j),(-12-3j),(-11-5j),(-8-3j),(-10-1j),(-10-7j),(2-13j),(-9-18j),(-10-14j),(-2-15j),(-6-13j),(-10-18j),(-3-18j),(-9-18j),(-6-14j),(-5-16j),(-2-13j),(-4-10j),(4-11j),(3-12j),(8-8j),(7-3j),(9-2j),(8-2j),(14+3j),(14+4j),0j,0j,0j,0j,0j,0j,0j,0j,0j,0j,0j,(-19+33j),(-15+31j),(-16+37j),(-13+38j),(-11+38j),(-15+40j),(-6+41j),(-9+41j),(-7+40j),(-11+36j),(-4+34j),(-12+29j),(-6+25j),(-7+21j),(-3+15j),(-6+17j),(-8+10j),(-7+15j),(-14+9j),(-9+9j),(-11-2j),(-12-3j),(-17-3j),(-15+3j),(-9-1j),(-12-2j)
(17+17j),(17+0j),(13-16j),(13-14j),(20-18j),(8-14j),(28-13j),(34-12j),(19-5j),(41-6j),(38-8j),(19-12j),(37-7j),(36+8j),(43+9j),(40-5j),(42+13j),(25+3j),(32+4j),(16+4j),(12+13j),(-1+7j),(2+30j),(-6+30j),(-8+17j),(-14+26j),(-26+34j),0j,0j,0j,0j,0j,0j,0j,0j,0j,0j,0j,(-46-67j),(-53-54j),(-57-56j),(-57-72j),(-58-60j),(-73-63j),(-75-71j),(-67-60j),(-69-59j),(-61-41j),(-62-46j),(-45-25j),(-46-49j),(-30-37j),(-35-26j),(-13-30j),(-22-29j),(-5-18j),(4-26j),(-2-23j),(7-21j),(18-8j),(14-28j),(9-9j),(11-33j),(7-30j)
(-39-112j),(13+0j),(-3-12j),(2-11j),(7-3j),(5-8j),(8-5j),(9-10j),(8-3j),(12-10j),(13-6j),(12-3j),(4-5j),(12+4j),(11+6j),(13+4j),(26-5j),(4+5j),(7-12j),(-1+3j),(17+0j),(8+16j),(5+6j),(4+13j),(-3+7j),(-5+17j),(-2+16j),0j,0j,0j,0j,0j,0j,0j,0j,0j,0j,0j,(-35-14j),(-32-16j),(-35-16j),(-35-15j),(-30-16j),(-38-6j),(-37-6j),(-35-6j),(-31-7j),(-40-2j),(-18+0j),(-18+0j),(-26-20j),(-18+0j),(-6-13j),(-3-7j),(-16-20j),(-17+4j),(-10-8j),(-20-17j),(-3-8j),(-9-13j),(4-13j),(1-18j),(-3-14j),(2-12j)
(-68-64j),(11+0j),(-7-11j),(-9-7j),(-4-12j),(-3-12j),(-1-11j),(1-13j),-15j,-14j,(1-15j),(2-15j),-16j,(3-15j),(1-16j),(1-15j),(3-14j),(2-16j),(3-14j),(8-9j),(8-6j),(6-7j),(9-3j),(10+2j),(8+7j),(10+7j),(12+11j),0j,0j,0j,0j,0j,0j,0j,0j,0j,0j,0j,(-34+11j),(-34+14j),(-33+16j),(-34+19j),(-37+20j),(-38+24j),(-34+24j),(-32+25j),(-31+22j),(-30+22j),(-26+20j),(-24+19j),(-18+14j),(-19+13j),(-16+11j),(-11+6j),(-12+4j),(-10-1j),(-12-1j),(-10-1j),(-9-4j),(-12-6j),(-9-8j),(-9-7j),(-9-9j),(-11-9j)
(94-32j),(5+0j),(12-7j),(7-5j),(9+0j),(10-3j),(13-1j),(9-2j),(10+0j),(13+2j),(9+6j),(11+4j),(14+3j),(11+7j),(15+7j),(15+4j),(13+7j),(7+5j),(10+10j),(7+7j),(7+6j),8j,(-2+9j),(-6+9j),(-8+8j),(-10+11j),(-10+10j),0j,0j,0j,0j,0j,0j,0j,0j,0j,0j,0j,(-10-36j),(-13-37j),(-13-39j),(-17-36j),(-20-36j),(-19-37j),(-22-36j),(-22-34j),(-20-33j),(-21-28j),(-21-27j),(-20-23j),(-14-22j),(-13-19j),(-10-17j),(-7-13j),(-3-13j),(-2-12j),(1-9j),(2-9j),(8-7j),(7-5j),(4-14j),(8-8j),(11-8j),(12-3j)
(-128+0j),(8+0j),(13+4j),(5+7j),(3+11j),(6+5j),(-1+5j),(-1+9j),(1+9j),(3+11j),(6+17j),(3+12j),(-1+17j),16j,21j,12j,(-2+11j),(1+15j),(2+11j),(-3+11j),(-5+9j),(-3+8j),(-6+4j),(-11-1j),(-15+1j),(-16-2j),(-15-7j),0j,0j,0j,0j,0j,0j,0j,0j,0j,0j,0j,(37-5j),(31-6j),(37-5j),(35-9j),(42-13j),(35-15j),(38-20j),(36-17j),(36-21j),(30-14j),(30-19j),(26-13j),(23-9j),(17-10j),(19-7j),(16-6j),(9-5j),(11-2j),(6+0j),(11+0j),(7+1j),(5+4j),(8+4j),(8+5j),(9+6j),(9+10j)
(94-32j),(5+0j),(-3+9j),(-6+9j),(-5+15j),(-5+10j),(-5+11j),(-11+11j),(-7+9j),(-8+9j),(-13+7j),(-14+11j),(-12+7j),(-16+10j),(-15+7j),(-13+8j),(-12+9j),(-14+7j),(-17+6j),(-12+2j),(-5+1j),(-6-3j),(-9-2j),(-6-8j),(-6-13j),-16j,(-4-16j),0j,0j,0j,0j,0j,0j,0j,0j,0j,0j,0j,(33+8j),(39+10j),(39+5j),(40+5j),(42-1j),(42+3j),(40+1j),(43-1j),(39-3j),(35-2j),(34-3j),(31-3j),(24+3j),(20+0j),(21+0j),(16+2j),(18+2j),(3+2j),(9+6j),(6+8j),(3+6j),(7+7j),(-1+12j),(3+7j),(2+12j),(8+12j)
(-126+33j),(24+0j),(-11-7j),(-8-1j),(-12-3j),(-10-5j),(-11-8j),(-10-12j),(-9-15j),(-12-9j),(-5-12j),(-8-14j),(-9-13j),(-15-18j),(-10-15j),(-5-18j),(-10-12j),(-8-13j),(-6-11j),(-1-17j),(2-11j),-11j,(3-10j),(3-4j),(12-5j),(15-2j),(19-3j),0j,0j,0j,0j,0j,0j,0j,0j,0j,0j,0j,(-17+31j),(-17+32j),(-16+34j),(-12+36j),(-15+37j),(-8+42j),(-8+41j),(-8+40j),(-5+39j),(-6+36j),(-9+33j),(-4+27j),(-3+32j),(-4+21j),(-1+15j),(-3+13j),(-9+11j),(-9+5j),(-6+4j),(-6+5j),(-9-2j),(-7+2j),(-11-1j),(-11-2j),(-15+0j),(-13-1j)
(98+32j),(6+0j),(8+6j),(1-6j),(11+3j),(-2+4j),(-3+10j),(-4+7j),(3+10j),(-1+17j),(9+16j),(-1+21j),(-2+22j),(3+21j),(-5+28j),(-3+22j),(-7+30j),(-8+24j),(-6+26j),(-9+22j),(-9+22j),(-18+14j),(-9+16j),(-13+7j),(-18+9j),(-18+4j),(-13+1j),0j,0j,0j,0j,0j,0j,0j,0j,0j,0j,0j,(6+7j),(1+7j),(5+6j),(7+6j),(5+7j),(15+5j),(11+8j),(15+5j),(18+6j),(16+0j),(21+4j),(25-7j),(21-1j),(29+1j),(30-8j),(31-4j),(28-11j),(29-11j),(20-12j),(27-10j),(23-14j),(18-14j),(17-6j),(24-8j),(14-18j),(13-17j)
(-115-48j),(8+0j),(-13-9j),(-3-6j),(1-9j),(1-8j),(9+5j),(2-2j),(21+6j),(17-8j),(15-3j),(18-1j),(18+15j),(35+8j),(19+4j),(18+11j),(29+11j),(31+9j),(28+10j),(17+22j),(14+16j),(16+14j),(12+23j),(1+20j),25j,(2+21j),(-3+14j),0j,0j,0j,0j,0j,0j,0j,0j,0j,0j,0j,(8-4j),(5-6j),(8-15j),(3-5j),-12j,(-7-19j),(-12-24j),(-3-13j),(-13-22j),(-3-29j),(-8-32j),(-16-24j),(-18-28j),(-25-23j),(-17-37j),(-26-33j),(-16-22j),(-21-23j),(-15-27j),(-21-29j),(-21-22j),(-20-22j),(-16-21j),(-22-15j),(-7-14j),(-5-7j)
(-95+16j),(10+0j),(13-4j),(1-4j),(5-2j),(6+5j),(3+9j),(1+8j),16j,(1+14j),(2+15j),(2+22j),(2+19j),(1+25j),(-4+30j),(-4+26j),(-2+27j),(-3+26j),(1+26j),(-10+24j),(-16+22j),(-15+24j),(-14+14j),(-19+3j),(-17+5j),(-17+4j),(-16+1j),0j,0j,0j,0j,0j,0j,0j,0j,0j,0j,0j,(4+15j),(8+8j),(2+4j),(8+8j),(9+6j),(17+3j),(24-5j),(19+1j),(17-1j),(25-3j),(29-2j),(29-7j),(33-11j),(27-16j),(36-12j),(28-21j),(29-15j),(28-21j),(24-23j),(29-15j),(25-25j),(26-12j),(20-18j),(16-18j),(16-17j),(15-14j)
(-51-48j),(12+0j),-11j,-10j,(5-3j),(3-7j),(15+0j),(10-4j),(12-2j),(20-1j),(13+2j),(23+1j),(17+3j),(20-3j),(23-6j),(27-2j),(26-1j),(25+2j),(21+6j),(23+8j),(20+9j),(16+11j),(14+9j),(11+11j),(11+15j),(6+15j),(3+14j),0j,0j,0j,0j,0j,0j,0j,0j,0j,0j,0j,(6+3j),(7-4j),(9-5j),(9-2j),(8-7j),(5-11j),(4-12j),(7-18j),(4-23j),(9-25j),(3-23j),(3-25j),(3-27j),(4-22j),(-6-24j),(-7-30j),-33j,(-14-36j),(-11-26j),(-16-31j),(-8-23j),(-9-24j),(-14-22j),(-15-20j),(-12-21j),(-8-13j)
(-54-96j),(12+0j),(-11+4j),(-1-6j),(1+0j),(1-10j),(2-9j),(2-12j),(8-11j),(6-12j),(8-12j),(8-14j),(4-24j),(11-18j),(10-21j),(17-14j),(23-16j),(15-16j),(12-19j),(18-17j),(22-10j),(23-13j),(13-5j),(15+0j),(19+3j),(12+3j),(8+8j),0j,0j,0j,0j,0j,0j,0j,0j,0j,0j,0j,-12j,(-5-5j),(-1-11j),(-3-16j),(-13-1j),(-8-7j),(-15-17j),(-17-4j),(-18-13j),(-21-9j),(-21+0j),(-26-8j),(-28+0j),(-26-1j),(-34+1j),(-32-1j),(-26-4j),(-30-1j),(-31+5j),(-26+0j),(-38+11j),(-32+5j),(-18-1j),(-21+1j),(-19+8j),(-20+1j)
(-128+0j),(8+0j),(-9-10j),(-7-5j),(-2-10j),(9-5j),(11+4j),(8+2j),(14-9j),(6-8j),(22-3j),(19-5j),(24-2j),(13-7j),(26-3j),(16-6j),(25-3j),(16-1j),(22+0j),(19-4j),(16-1j),(18+5j),(15+16j),(12+10j),(7+8j),(4+13j),(6+18j),0j,0j,0j,0j,0j,0j,0j,0j,0j,0j,0j,(5-7j),(8-4j),(-1-5j),(8-7j),(-2-6j),(-2-14j),(2-17j),(-2-16j),(-6-21j),(-4-21j),(-7-25j),(-8-20j),(-9-19j),(-12-24j),(-8-21j),(-15-25j),(-19-24j),(-10-24j),(-21-20j),(-9-24j),(-16-23j),(-17-10j),(-17-11j),(-16-14j),(-19-3j),(-12-7j)
(127-15j),(23+0j),(-2-1j),(9+3j),2j,(-9+3j),(-6+6j),(-6+10j),(-12+7j),(-3+7j),(-14+8j),(-7+17j),(-17+11j),(-16+15j),(-11+21j),(-12+17j),(-19+12j),(-17+12j),(-20+15j),(-26+8j),(-19+3j),(-16+2j),(-18+1j),(-17-2j),(-15-4j),(-15-6j),(-15-7j),0j,0j,0j,0j,0j,0j,0j,0j,0j,0j,0j,(-8+6j),(-4+5j),(-3+3j),(1+8j),(4+5j),(5+10j),(7+7j),(9+10j),(8+10j),(16+13j),(13+13j),(16+7j),(25+21j),(23+12j),(18+11j),(24+12j),(24+7j),(23+14j),(23+11j),(21+11j),(26+6j),(20+1j),(18-6j),(19-3j),(15-4j),(20+2j)
(107-79j),(22+0j),(12-8j),(6-5j),(9+7j),(10-2j),(2+7j),(-2+9j),(8+13j),(4+17j),(7+11j),(-3+11j),(-2+22j),(4+17j),(10+16j),(5+20j),(-4+19j),(8+29j),(1+21j),(-4+23j),(-8+21j),(-5+13j),(-9+10j),(-13+4j),(-8+9j),(-14+8j),(-17+1j),0j,0j,0j,0j,0j,0j,0j,0j,0j,0j,0j,(5+9j),(6+4j),(3+5j),(8-3j),(5+2j),(6+1j),(15-6j),(17+3j),(14-5j),(25-4j),(22-13j),(21-11j),(16-11j),(16-18j),(22-10j),(20-24j),(19-17j),(19-26j),(13-18j),(15-24j),(20-22j),(17-19j),(9-23j),(14-12j),(12-12j),(10-17j)
(20+65j),(17+0j),(5+9j),(1+6j),(1+4j),(-5-10j),(-8-2j),(-4-5j),(-14-5j),(-8-2j),(-16-8j),(-18-7j),(-22-3j),(-18-15j),(-23-10j),(-26-12j),(-23-14j),(-21-16j),(-12-17j),(-11-16j),(-10-17j),(-11-19j),(-8-13j),(-2-19j),(5-15j),(5-15j),(3-12j),0j,0j,0j,0j,0j,0j,0j,0j,0j,0j,0j,(-4+6j),(-9+3j),(-6+9j),(-4+9j),9j,(-1+6j),(1+11j),(1+16j),(-1+18j),25j,(-3+30j),(-1+29j),(4+28j),(5+34j),(10+25j),(13+25j),(14+27j),(13+26j),(17+23j),(16+21j),(19+29j),(14+22j),(14+19j),(11+20j),(5+16j),(13+18j)
(18+34j),(33+0j),(5+13j),12j,10j,(-5+11j),(-2+10j),(-4+4j),(-12+15j),(-13+12j),(-17+14j),(-8+15j),(-12+16j),(-14+10j),(-13+11j),(-7+16j),(-5+18j),(-3+11j),(-10+9j),(-9+7j),(-8+7j),(-4-2j),(-4-5j),(1-6j),(-4-13j),(3-13j),-17j,0j,0j,0j,0j,0j,0j,0j,0j,0j,0j,0j,(30-8j),(33-10j),(29-14j),(33-16j),(30-19j),(34-17j),(28-17j),(32-18j),(32-20j),(26-19j),(32-14j),(23-15j),(19-10j),(17-4j),(19-4j),(10-1j),(9+1j),(15+1j),(8+5j),(11+7j),(9+4j),(5+6j),(8+4j),(7+8j),(5+9j),(7+5j)
(47-14j),(34+0j),(-4+9j),(-3+7j),(-4+8j),(-7+6j),(-10+4j),(-11+10j),(-7+5j),(-15+4j),(-16+10j),(-14+7j),(-14+12j),(-17+9j),(-17+12j),(-11+9j),(-16+9j),(-10+10j),(-9+9j),(-6+4j),(-8+3j),(-5-1j),(-3-2j),(-3-7j),(6-8j),(3-11j),(3-14j),0j,0j,0j,0j,0j,0j,0j,0j,0j,0j,0j,(26+14j),(26+9j),(29+9j),(26+10j),(29+8j),(30+9j),(29+6j),(30+6j),(31+8j),(29+7j),(25+5j),(18+5j),(19+7j),(16+9j),(16+3j),(16+8j),(10+8j),(6+7j),(5+9j),(4+8j),(5+8j),(4+11j),9j,(1+9j),(-1+8j),(-3+6j)
(98+32j),(6+0j),(6-4j),(9-1j),(11-1j),(13-1j),(13-1j),(16+1j),(17-2j),(19+3j),(17+1j),(17-1j),(21-2j),(20-1j),(20+0j),(23-1j),(23+0j),(17-2j),(15-3j),(10+4j),(10+2j),2j,(1+3j),(-3+9j),(-6+8j),(-10+9j),(-12+10j),0j,0j,0j,0j,0j,0j,0j,0j,0j,0j,0j,(-4-41j),(-9-40j),(-5-40j),(-12-43j),(-14-38j),(-12-42j),(-17-38j),(-16-38j),(-12-34j),(-16-31j),(-14-30j),(-12-30j),(-10-26j),(-8-25j),(-2-24j),(-4-17j),(-4-14j),-17j,-15j,(1-14j),(6-20j),(4-7j),(9-13j),(9-13j),(9-9j),(5-11j)
(108-64j),(6+0j),(-8+3j),(-11-13j),(-7-11j),(-7-13j),(-1-10j),(-9-17j),(-8-14j),(-10-19j),(-3-18j),(-11-18j),(-1-20j),(-6-27j),(-6-23j),(-13-18j),(-7-19j),(-7-13j),(-9-17j),(-1-11j),(-8-9j),(2-1j),(1+0j),(4+2j),(10+1j),(18+2j),(16+12j),0j,0j,0j,0j,0j,0j,0j,0j,0j,0j,0j,(-27+26j),(-25+31j),(-26+31j),(-20+37j),(-19+36j),(-20+41j),(-15+28j),(-16+29j),(-13+33j),(-17+34j),(-10+30j),(-9+29j),(-13+22j),(-19+22j),(-12+16j),(-10+12j),(-11+9j),(-18+9j),(-14+1j),(-12+2j),(-12+0j),(-17+4j),(-14+2j),(-17-2j),(-13+1j),(-7-1j)
(20+65j),(17+0j),(-13-1j),(-7-10j),(-9-7j),(-10-9j),(-10-13j),(-10-13j),(-10-14j),(-7-17j),(-11-16j),(-15-13j),(-15-20j),(-20-18j),(-12-15j),(-16-13j),(-15-15j),(-13-17j),(-11-10j),(-9-9j),(-2-11j),(-1-7j),(-3-3j),(4+0j),(10-1j),(16-1j),(12+4j),0j,0j,0j,0j,0j,0j,0j,0j,0j,0j,0j,(-29+23j),(-30+23j),(-30+24j),(-28+28j),(-26+29j),(-26+31j),(-24+30j),(-25+30j),(-23+27j),(-21+25j),(-16+24j),(-22+23j),(-15+22j),(-17+15j),(-14+12j),(-15+14j),(-11+6j),(-15+3j),(-16+5j),(-13+3j),(-17+3j),(-17+4j),(-10+1j),(-13+3j),(-11+3j),(-11+2j)
(80+0j),(5+0j),(10+1j),(8+1j),(7+3j),(6+2j),(7+10j),(11+9j),(9+13j),(10+12j),(9+12j),(14+13j),(15+16j),(16+15j),(13+15j),(14+12j),(13+8j),(7+9j),(9+8j),(6+9j),(2+10j),(2+7j),(-4-2j),(-9-2j),(-10-3j),(-15-1j),(-19-9j),0j,0j,0j,0j,0j,0j,0j,0j,0j,0j,0j,(20-32j),(21-33j),(17-30j),(16-32j),(14-34j),(14-40j),(7-40j),(17-32j),(10-35j),(10-34j),(6-28j),(7-28j),(7-27j),(8-21j),(9-21j),(5-14j),(7-15j),(4-12j),(12-12j),(12-7j),(8-7j),(10-10j),(13-8j),(13-2j),(17-9j),(9-4j)
(120-128j),(7+0j),(-18+7j),(-10+2j),(-4-3j),(-4-4j),(3-12j),(-6-10j),(6-12j),(1-15j),(6-17j),(10-19j),(8-27j),(2-27j),(4-22j),(12-19j),(7-22j),(14-25j),(16-23j),(11-19j),(21-11j),(15-18j),(17-9j),(16-3j),(21+1j),(16+0j),(14+2j),0j,0j,0j,0j,0j,0j,0j,0j,0j,0j,0j,(-1-9j),(-6-12j),(-8-9j),(-3-8j),(-11-3j),(-11+1j),(-17-4j),(-17-1j),(-34-1j),(-22+4j),(-25+2j),(-31+0j),(-36+2j),(-27+0j),(-29+11j),(-34+4j),(-29+7j),(-29+14j),(-27+18j),(-30+21j),(-28+13j),(-28+14j),(-28+11j),(-25+13j),(-15+6j),(-22+6j)
(-116-64j),(8+0j),(3+3j),(-1+8j),(-1+7j),(-9+8j),(-10+0j),(-13+9j),(-15+5j),(-17+10j),(-14+8j),(-16+5j),(-18+13j),(-13+16j),(-19+10j),(-25-3j),(-24+5j),(-20+5j),(-29-2j),(-23+0j),(-21-5j),(-18-11j),(-18-7j),(-18-9j),(-15-13j),(-8-12j),(-14-12j),0j,0j,0j,0j,0j,0j,0j,0j,0j,0j,0j,(-6+4j),(-7+7j),(-5+0j),7j,(-3+10j),14j,(3+16j),(4+20j),(4+17j),(4+21j),(11+26j),(12+24j),(16+18j),(12+26j),(18+26j),(19+33j),(20+17j),(28+17j),(24+21j),(23+18j),(24+17j),(21+14j),(18+18j),(20+10j),(12+11j),(17+17j)
(98+32j),(6+0j),(-3-7j),(-3-10j),(-3-4j),(3-4j),(12+1j),(11+0j),(10+2j),(12+0j),(8+3j),(14+2j),(20-1j),(19+6j),(22-1j),(14+8j),(21+5j),(18+5j),(19+8j),(19+10j),(13+10j),(10+12j),(12+14j),(8+14j),(3+17j),(2+13j),(1+9j),0j,0j,0j,0j,0j,0j,0j,0j,0j,0j,0j,(11-2j),(9-1j),(8-9j),-7j,(7-13j),(-1-10j),(9-20j),-15j,(3-20j),-20j,(3-25j),(3-23j),(-4-19j),(-7-26j),(-6-36j),(-10-28j),(-10-23j),(-7-23j),(-18-21j),(-14-29j),(-11-25j),(-6-23j),(-14-16j),(-6-20j),(-12-16j),(-12-18j)
(98+32j),(6+0j),(6-8j),(4-5j),(4-1j),(4+3j),(5+5j),(7+3j),(5+13j),(3+22j),(2+13j),(6+18j),(6+19j),(6+23j),(14+24j),(6+17j),(7+17j),(7+20j),(3+25j),(-2+18j),(-1+26j),10j,(-11+15j),(-15+17j),(-8+8j),(-14+8j),(-14+3j),0j,0j,0j,0j,0j,0j,0j,0j,0j,0j,0j,(6+4j),(10+4j),(7+3j),(7+1j),(10-1j),(10-8j),(17-7j),(18-5j),(20-12j),(20-11j),(21-16j),(17-21j),(19-15j),(19-21j),(16-19j),(11-12j),(19-24j),(12-24j),(17-23j),(14-24j),(11-27j),(16-23j),(11-20j),(10-23j),(11-22j),(7-13j)
(94-31j),(21+0j),(8-5j),(8-5j),(2-3j),(4+0j),(4+4j),(12+1j),(9+7j),(14+13j),(8+12j),(11+17j),(18+16j),(15+19j),(17+20j),(20+14j),(13+18j),(8+24j),(6+23j),(10+20j),(4+20j),(-1+21j),20j,(-3+10j),(-5+16j),(-8+9j),(-8+13j),0j,0j,0j,0j,0j,0j,0j,0j,0j,0j,0j,(8+6j),(9+6j),(8+8j),(13+2j),(7-5j),(12-9j),(14-8j),(14-7j),(16-16j),(18-13j),(22-8j),(15-15j),(15-20j),(21-26j),(17-24j),(15-21j),(8-25j),(18-28j),(17-27j),(7-30j),(7-25j),(8-26j),(7-26j),(3-22j),-26j,(6-12j)
(-95+16j),(10+0j),(-14+7j),(-18-7j),(-8+10j),(-11-7j),(-18-11j),(-6-7j),(-16-8j),(-15-16j),(-6-13j),(-13-14j),(-27-15j),(-19-8j),(-22-13j),(-25-5j),(-19-9j),(-11-7j),(-7-8j),(-14-7j),-6j,(-2-7j),(1-6j),(4-5j),(9-4j),(13-3j),(14-2j),0j,0j,0j,0j,0j,0j,0j,0j,0j,0j,0j,(-19+26j),(-16+28j),(-14+32j),(-15+34j),(-14+32j),(-13+33j),(-9+36j),(-8+31j),(-7+29j),(-9+34j),(-9+25j),(-9+26j),(-12+19j),(-6+17j),(-6+10j),(-8+11j),(-10+4j),(-11+7j),(-7+11j),(-9+8j),(-18+0j),(-19+9j),(-21+0j),(-15+3j),(-6+1j),(-17+5j)
(94-32j),(5+0j),(-8-9j),(-5-9j),(-1-16j),(1-12j),(2-13j),(7-14j),(6-14j),(2-21j),(3-23j),(5-22j),(8-25j),-30j,(3-23j),(3-17j),(1-21j),(-1-20j),(3-20j),(5-13j),(3-13j),(5-8j),(4-3j),(6+2j),(6+6j),(5+7j),(10+13j),0j,0j,0j,0j,0j,0j,0j,0j,0j,0j,0j,(-38-3j),(-37+0j),(-35+3j),(-39+4j),(-38+7j),(-37+9j),(-39+9j),(-37+11j),(-39+13j),(-33+8j),(-32+10j),(-27+8j),(-23+7j),(-23+6j),(-22+0j),(-17-3j),(-16-3j),(-18-6j),(-11-6j),(-15-11j),(-10-4j),(-8-8j),(-14-7j),(-12-10j),(-11-8j),(-10-12j)
(120-128j),(7+0j),(5-7j),(7-4j),(12-1j),(2-5j),(13-3j),(11+3j),(8+3j),(16+6j),(14+0j),(13+2j),(19+2j),(16+5j),(18+3j),(17+2j),(16+0j),(17+3j),(10+1j),(9+2j),(3+0j),4j,1j,(-2+4j),(-8+5j),(-10+4j),(-14+7j),0j,0j,0j,0j,0j,0j,0j,0j,0j,0j,0j,(1-30j),(-4-33j),(-3-34j),(-7-33j),(-5-34j),(-10-35j),(-10-30j),(-8-31j),(-11-31j),(-12-28j),(-6-23j),(-6-24j),(-6-22j),(-1-19j),(-1-13j),(4-14j),(7-12j),(5-15j),(4-12j),(10-12j),(9-13j),(2-16j),(8-9j),(10-11j),(7-9j),(11-9j)
(94-32j),(5+0j),(17-19j),(3-26j),(27-26j),(18-9j),(20+2j),(14-13j),(20-7j),(29-11j),(35-23j),(24-24j),(36-36j),(32-34j),(37-19j),(34-16j),(31-20j),(24-25j),(25-15j),(18-21j),(15-8j),(4-2j),(9-2j),(-3+14j),(4+16j),(-5+26j),(-1+32j),0j,0j,0j,0j,0j,0j,0j,0j,0j,0j,0j,(-32-52j),(-43-60j),(-46-65j),(-48-56j),(-50-54j),(-60-52j),(-55-53j),(-57-43j),(-57-41j),(-46-37j),(-45-33j),(-34-35j),(-25-37j),(-23-28j),(-18-33j),(-18-31j),(-6-30j),-31j,(-4-21j),(-2-30j),(-2-30j),(-4-24j),(2-19j),(10-30j),(3-39j),(-1-35j)
(120-128j),(7+0j),(10+5j),(14+6j),(9+5j),(10+5j),(16+5j),(26+3j),(17+7j),(28+6j),(12+10j),(23+8j),(18+13j),(28+9j),(25+6j),(17+3j),(16+8j),(16+4j),(14+2j),(14+7j),(6+4j),(3+4j),(-2+3j),(-9-1j),(-12+10j),(-17+8j),(-19+9j),0j,0j,0j,0j,0j,0j,0j,0j,0j,0j,0j,(6-41j),(4-37j),(6-42j),(7-43j),(-2-44j),-49j,-47j,(-2-45j),(2-41j),(-6-40j),(-7-35j),(-4-30j),(3-28j),(-3-23j),(3-22j),(6-13j),(5-13j),(16-7j),(8-16j),(12-13j),(8-13j),(18-8j),(9-13j),(15-11j),(13-7j),(12-12j)
(-116-64j),(8+0j),-16j,(4-15j),(12-15j),(16-21j),(5-14j),(9-17j),(16-18j),(9-18j),(11-17j),(11-21j),(17-16j),(13-17j),(9-23j),(9-18j),(9-16j),(9-16j),(5-15j),(11-7j),(5-6j),(6-2j),(1+1j),(5+7j),(2+9j),(1+15j),17j,0j,0j,0j,0j,0j,0j,0j,0j,0j,0j,0j,(-29-19j),(-33-20j),(-31-19j),(-36-18j),(-38-11j),(-40-11j),(-39-8j),(-36-12j),(-37-14j),(-33-8j),(-29-8j),(-25-11j),(-21-8j),(-20-3j),(-14-7j),(-17-13j),(-9-14j),(-10-17j),(-6-9j),(-7-13j),(-9-12j),(-5-14j),(-2-13j),(-2-15j),(-3-14j),(-6-14j)
(94-32j),(5+0j),(-3-9j),-11j,(1-10j),(8-7j),(-2-8j),(4-8j),(-1+3j),(1-12j),(13-14j),(-5-20j),(2-39j),(4-12j),(-12-21j),(10-22j),(1-18j),(-10-12j),(-16-9j),(8-8j),(1-7j),(-5-2j),(1-3j),(4-7j),(7-5j),(9+13j),(10+10j),0j,0j,0j,0j,0j,0j,0j,0j,0j,0j,0j,(-17-26j),(-26-23j),(-26-20j),(-31-14j),(-31-18j),(-34-20j),(-36-13j),(-28-4j),(-27+2j),(-20-14j),(-29-9j),(-13+0j),(-22-11j),(-16-18j),(-15-11j),(-10-22j),(-29-8j),(-16-11j),(-20-24j),(3-14j),(2-13j),(-7-8j),(-19-21j),(-2-7j),(-9-11j),(1-16j)
(120-128j),(7+0j),(14-2j),(10+0j),(9-2j),(8-2j),(10+2j),(18-2j),(8+1j),(12+1j),(14+4j),(9+8j),(9+6j),(18+15j),(14+9j),(18-9j),(9+4j),(13-8j),(6+3j),(3-3j),(3+0j),(2+5j),(-1+7j),(2+6j),(2+8j),(-6-2j),(-15-2j),0j,0j,0j,0j,0j,0j,0j,0j,0j,0j,0j,(9-32j),(2-29j),(1-30j),-33j,(5-30j),(-8-25j),(-9-41j),-33j,(-8-34j),(2-19j),(6-32j),(-11-27j),(-7-24j),(7-20j),(14-3j),(-1-3j),(9+8j),(11-14j),(7-5j),(15-7j),(10-11j),(15-14j),(18-1j),(11-11j),(9-16j),(5+0j)
(-116-64j),(8+0j),(5-17j),(5-7j),(3-11j),(9-3j),(10-5j),(10-8j),(10-6j),(14-8j),(17-12j),(13-8j),(17-7j),(15-11j),(16-7j),(15-13j),(17-8j),(10-10j),(12-9j),(9-7j),(5-1j),(3+1j),(1+1j),(-1+2j),(-2+9j),(-4+11j),(-6+15j),0j,0j,0j,0j,0j,0j,0j,0j,0j,0j,0j,(-24-23j),(-25-21j),(-28-20j),(-27-20j),(-30-18j),(-31-17j),(-32-13j),(-31-14j),(-28-15j),(-30-12j),(-26-11j),(-22-14j),(-18-7j),(-17-10j),(-17-9j),(-13-15j),(-7-11j),(-5-13j),(-5-13j),(-6-15j),(-5-11j),(-2-14j),(-1-20j),(2-11j),(2-12j),(-1-11j)
(94-32j),(5+0j),(4-8j),(5-12j),(10-13j),(5-12j),(9-9j),(11-11j),(15-14j),(15-8j),(14-14j),(15-14j),(21-17j),(11-17j),(14-17j),(15-12j),(14-18j),(10-10j),(6-13j),(7-9j),(7-5j),(5-3j),(-1-1j),(1+5j),(-2+8j),(-2+15j),(-3+13j),0j,0j,0j,0j,0j,0j,0j,0j,0j,0j,0j,(-26-27j),(-26-27j),(-32-27j),(-32-24j),(-31-25j),(-36-25j),(-35-18j),(-33-16j),(-33-17j),(-27-17j),(-30-16j),(-24-15j),(-20-13j),(-13-12j),(-15-13j),(-13-18j),(-12-16j),(-4-10j),(-4-14j),(-1-17j),-17j,(-5-19j),(-3-16j),(1-21j),(2-19j),(7-15j)
(98+32j),(6+0j),(-9+0j),(-7-9j),(-3-3j),(-3-10j),(21-13j),(2-14j),(6-17j),(8-12j),(6-3j),(7-17j),(11-17j),(15-19j),(10-17j),(12-16j),(13-16j),(18-21j),(11-17j),(21-11j),(18-10j),(22-4j),(21+4j),(19-4j),(14+2j),(16+7j),(14+7j),0j,0j,0j,0j,0j,0j,0j,0j,0j,0j,0j,(-3-7j),(5-6j),(-1-10j),(-12-10j),(-6-7j),(-10-14j),(-19-9j),(-13-12j),(-20-14j),(-23-11j),(-21-9j),(-26-4j),(-21-10j),(-18-20j),(-28-12j),(-29-4j),(-20-9j),(-31-7j),(-27+0j),(-28+2j),(-33-8j),(-27-2j),(-24-8j),(-25+1j),(-26+3j),(-10+2j)
(124-64j),(7+0j),(-11-3j),(-8-6j),(-4-3j),(6-14j),(1-8j),(3-12j),(4-12j),(6-13j),(3-19j),(11-16j),(18-27j),(10-24j),(14-26j),(16-21j),(20-19j),(16-22j),(16-20j),(19-16j),(14-5j),(17+0j),(27-3j),(19+1j),(15+8j),(16+12j),(12+10j),0j,0j,0j,0j,0j,0j,0j,0j,0j,0j,0j,-7j,(1-9j),(-6-7j),(-4-7j),(-12-9j),(-12-6j),(-20-3j),(-21-7j),(-27+2j),(-26-2j),(-31-4j),(-34+5j),(-28+6j),(-28+3j),(-37+5j),(-36-4j),(-30+13j),(-41+4j),(-28+9j),(-32+7j),(-28+10j),(-26+12j),(-21+6j),(-28+7j),(-20+9j),(-22+14j)
(-46+32j),(13+0j),(-7+0j),(-4-3j),(-5-5j),(2+0j),(15+9j),(14-5j),(9-7j),(14-5j),(9-6j),(14+3j),(11-8j),(20-3j),(23-3j),(26+1j),(19+3j),(20-1j),(25+2j),(11+4j),(22+2j),(8+8j),(4+14j),(8+13j),(1+13j),19j,(-3+7j),0j,0j,0j,0j,0j,0j,0j,0j,0j,0j,0j,(-2-8j),-11j,-13j,(-5-14j),(-10-8j),(1-14j),(-29-17j),(-11-9j),(-18-10j),(-19-7j),(-16+0j),(-19-11j),(-39-12j),(-26-17j),(-10-15j),(-26-10j),(-30-12j),(-29-6j),(-31-9j),(-20-13j),(-31-3j),(-27-7j),(-25-14j),(-31-6j),(-18-8j),(-21-5j)
(98+32j),(6+0j),(6+0j),(6-2j),2j,(-1+1j),(3+2j),(-4+7j),(1+18j),(2+14j),11j,(3+18j),17j,(5+27j),(-1+29j),(2+20j),(-2+26j),(1+22j),(-5+29j),(-7+25j),(-8+19j),(-15+19j),(-16+13j),(-9+13j),(-18+8j),(-21+7j),(-15+2j),0j,0j,0j,0j,0j,0j,0j,0j,0j,0j,0j,(-1+4j),(-1+8j),(3+10j),(9+10j),(12+8j),(13+4j),(17+6j),(15+7j),(21+1j),(27+4j),(20+1j),(28-6j),(28-4j),(28-8j),(24-12j),(29-13j),(34-13j),(28-14j),(33-16j),(28-15j),(24-18j),(20-17j),(17-18j),(16-15j),(17-13j),(18-5j)
(18+34j),(33+0j),(-8-8j),(-10-7j),(-11-12j),(-11-19j),(-13-10j),(-16-13j),(-18-12j),(-22-19j),(-16-13j),(-21-15j),(-21-15j),(-21-16j),(-23-13j),(-21-11j),(-22-12j),(-18-8j),(-18-7j),(-10-6j),(-5-7j),(-4-8j),-5j,(5+2j),(7+0j),(12-3j),(14-3j),0j,0j,0j,0j,0j,0j,0j,0j,0j,0j,0j,(-28+24j),(-26+29j),(-25+28j),(-24+30j),(-23+29j),(-20+34j),(-20+34j),(-21+33j),(-14+35j),(-20+27j),(-18+27j),(-15+24j),(-18+26j),(-16+20j),(-16+12j),(-14+6j),(-16+7j),(-20+4j),(-11+5j),(-20+6j),(-15+1j),(-13-2j),(-16+3j),(-15+6j),(-18-2j),(-14-1j)
(47-14j),(34+0j),(-16-29j),(-5-32j),(-4-22j),(-8-30j),(-5-23j),(-4-40j),(-22-36j),(-5-31j),(-15-53j),(-16-48j),(-22-49j),(-29-51j),(-23-42j),(-20-38j),(-23-42j),(-12-31j),(-15-25j),(-11-21j),(-11-18j),-5j,(3-1j),(8+8j),(12+9j),(21+11j),(29+19j),0j,0j,0j,0j,0j,0j,0j,0j,0j,0j,0j,(-71+3j),(-66+9j),(-74+16j),(-72+20j),(-67+19j),(-67+26j),(-75+31j),(-66+20j),(-63+22j),(-61+23j),(-51+19j),(-49+11j),(-46+11j),(-37+2j),(-34-3j),(-36+3j),(-32+1j),(-42-5j),(-24-17j),(-26-7j),(-28-8j),(-25-20j),(-34-23j),(-36-17j),(-26-25j),(-21-21j)
(-95+16j),(10+0j),(-8+12j),(-8+9j),(-5+9j),(-6+9j),(-14+15j),(-9+10j),(-9+15j),(-10+17j),(-12+22j),(-11+18j),(-8+21j),(-7+21j),(-6+18j),(-8+23j),(-6+22j),(-12+15j),(-7+14j),(-3+13j),(-2+9j),(-1+1j),(1-2j),(-5-3j),(-7-6j),(-6-13j),(-6-21j),0j,0j,0j,0j,0j,0j,0j,0j,0j,0j,0j,(23+21j),(27+18j),(27+20j),(30+13j),(32+16j),(31+12j),(31+12j),(28+11j),(31+10j),(26+11j),(21+6j),(25+11j),(19+13j),(16+9j),(16+10j),(5+10j),(7+14j),(5+14j),(1+13j),(8+13j),(5+9j),(1+16j),(10+10j),(7+20j),(4+12j),(6+16j)
(-75+80j),(11+0j),(-13-2j),(-15-8j),(-10-4j),(-9-12j),(-14-3j),(-12-13j),(-13-12j),(-20-5j),(-19-13j),(-20-27j),(-17-17j),(-19-13j),(-19-15j),(-15-14j),(-28-3j),(-18-4j),(-5-14j),(-12+2j),-5j,(-8-4j),(2+2j),(-4+0j),(10+3j),(13-2j),(14+0j),0j,0j,0j,0j,0j,0j,0j,0j,0j,0j,0j,(-7+34j),(-9+28j),(-5+37j),(1+37j),(-5+34j),(-3+31j),(5+32j),(-10+33j),(-9+30j),(2+29j),(9+13j),(-3+22j),(-8+28j),(-4+11j),(-2+15j),(-6+20j),(-1+12j),(-4-1j),(-8+5j),(-11+23j),(-13+15j),(-9+11j),(-14+11j),(-9+11j),(-12+11j),(-19+2j)
(120-128j),(7+0j),(7-25j),(8-13j),(23-9j),(24-20j),(34-11j),(40-12j),(42-19j),(48-16j),(39-24j),(42-15j),(49-25j),(35-28j),(43-16j),(44-19j),(36-23j),(26-16j),(26-18j),(17-22j),(8-11j),(4-10j),4j,(-1+10j),(-6+12j),(-14+20j),(-13+27j),0j,0j,0j,0j,0j,0j,0j,0j,0j,0j,0j,(-23-64j),(-28-63j),(-26-69j),(-30-71j),(-35-68j),(-35-62j),(-45-68j),(-38-55j),(-40-51j),(-34-54j),(-33-51j),(-27-50j),(-21-45j),(-11-46j),(-2-43j),(-9-42j),(-8-37j),(1-30j),(3-32j),(7-34j),-35j,(1-38j),(6-35j),(21-29j),(12-39j),(15-31j)
(-116-64j),(8+0j),(-12-9j),(-17-14j),(-10-22j),(-7-17j),(3-27j),(-6-44j),-30j,(-4-32j),(-3-49j),(-15-33j),(-8-48j),(-20-45j),(-12-50j),(-18-45j),(-16-38j),(-21-35j),(-9-32j),(-8-28j),(-2-24j),(-1-12j),(2-5j),(10+6j),(14+13j),(20+11j),(26+26j),0j,0j,0j,0j,0j,0j,0j,0j,0j,0j,0j,(-65+1j),(-71+8j),(-65+14j),(-78+20j),(-67+22j),(-71+17j),(-75+24j),(-69+31j),(-66+19j),(-59+23j),(-57+24j),(-51+21j),(-52+16j),(-46+3j),(-45-1j),(-33-12j),(-38-11j),(-31-13j),(-45-9j),(-38-16j),(-32-13j),(-36-16j),(-23-22j),(-33-9j),(-30-16j),(-21-17j)
(120-128j),(7+0j),(-2-21j),(7-25j),(7-35j),(2-27j),(3-13j),(4-23j),(25-38j),(10-33j),(17-33j),(15-39j),(19-49j),(14-40j),(12-44j),(10-43j),(17-46j),(4-45j),(6-40j),(5-23j),(9-15j),(5-15j),(7+5j),11j,(3+18j),(4+25j),(9+26j),0j,0j,0j,0j,0j,0j,0j,0j,0j,0j,0j,(-69-13j),(-70-8j),(-73-7j),(-72-6j),(-80+0j),(-72-1j),(-74-2j),(-68+1j),(-68+9j),(-64+0j),(-56+4j),(-45-1j),(-59-2j),(-46-5j),(-36-12j),(-36-15j),(-15-17j),(-23-25j),(-18-25j),(-33-24j),(-33-27j),(-13-30j),(-19-28j),(-7-17j),(-12-29j),(-18-29j)
(-116-64j),(8+0j),(-9+0j),(-28-7j),(-21-14j),(-16-10j),(-35-10j),(-38-30j),(-31-11j),(-44-22j),(-32-23j),(-51-16j),(-49-16j),(-50-29j),(-49-11j),(-44-8j),(-49-17j),(-40-16j),(-30-8j),(-25+0j),(-25-8j),(-9-6j),(3-3j),(5+0j),(20-8j),(19-9j),(30-9j),0j,0j,0j,0j,0j,0j,0j,0j,0j,0j,0j,(-46+48j),(-50+54j),(-47+53j),(-45+56j),(-33+64j),(-35+60j),(-33+69j),(-35+64j),(-35+61j),(-31+55j),(-23+51j),(-37+48j),(-26+36j),(-27+39j),(-23+26j),(-34+31j),(-26+27j),(-23+22j),(-24+13j),(-38+26j),(-17+9j),(-32+13j),(-26+8j),(-29+12j),(-18+10j),(-37-1j)
(98+32j),(6+0j),(-13+0j),(-14-7j),(-24-8j),(-14-4j),(-14-17j),(-20-13j),(-22-16j),(-32-22j),(-26-26j),(-29-33j),(-29-24j),(-29-27j),(-30-26j),(-32-18j),(-23-17j),(-19-15j),(-19-12j),(-15-14j),(-9-6j),(-5-5j),(3+4j),(8+6j),(13-6j),(23+4j),(24+3j),0j,0j,0j,0j,0j,0j,0j,0j,0j,0j,0j,(-31+37j),(-32+46j),(-26+44j),(-31+47j),(-20+47j),(-22+47j),(-18+51j),(-29+54j),(-14+45j),(-23+40j),(-19+41j),(-21+34j),(-26+28j),(-23+21j),(-20+24j),(-18+20j),(-23+16j),(-28+8j),(-20+10j),(-20+9j),(-19+10j),(-18+9j),(-20+7j),(-20+1j),(-21+1j),(-19+7j)
(98+32j),(6+0j),(1+14j),(17+36j),27j,(1+27j),(7+22j),(-4+34j),(-1+35j),(1+45j),(-9+37j),53j,(6+48j),(4+53j),(8+55j),(10+46j),(9+50j),(4+30j),(7+30j),(3+32j),(5+18j),(-7+14j),(-6+3j),(-6-14j),(-11-14j),(-20-19j),(-21-26j),0j,0j,0j,0j,0j,0j,0j,0j,0j,0j,0j,(67+13j),(69+11j),(68+13j),(65+0j),(75-5j),(73-1j),(82-6j),(74-11j),(65-1j),(62-3j),(60-10j),(49-7j),(47-2j),(38+4j),(43+7j),(29+3j),(34+9j),(25+31j),(29+19j),(33+19j),(41+29j),(31+25j),(30+19j),(24+16j),(19+25j),(20+22j)
(-126+32j),(8+0j),(-12+1j),(-1+3j),(-8-6j),(-3-9j),(5-3j),(-1-11j),(7-16j),(6-8j),(7-19j),(5-17j),(5-22j),(6-21j),(9-19j),(5-20j),(12-18j),(14-17j),(11-15j),(14-16j),(21-10j),(21-6j),(19-11j),(17-5j),(16-2j),(12-2j),(14+4j),0j,0j,0j,0j,0j,0j,0j,0j,0j,0j,0j,-5j,(-2-10j),(-3-12j),(-7-8j),(-6-2j),(-14-4j),(-9-7j),(-17-12j),(-22-12j),(-24-7j),(-23-3j),(-24-2j),(-24-8j),(-27-6j),(-28-4j),(-28-1j),(-27+0j),(-31-4j),(-36+2j),(-29+3j),(-25+2j),(-29+3j),(-22+5j),(-24+4j),(-26+7j),(-18+3j)
(98+32j),(6+0j),(6+4j),(6-1j),(12+6j),(-1+9j),(-3+6j),(-6+10j),(1+9j),(-5+9j),(-7+11j),(-16+16j),(-13+19j),(-18+19j),(-7+16j),(-15+16j),(-18+14j),(-16+12j),(-14+11j),(-24+10j),(-16+6j),(-17+0j),(-15+3j),(-16-4j),(-16-3j),(-14-7j),(-17-6j),0j,0j,0j,0j,0j,0j,0j,0j,0j,0j,0j,(-5+2j),(-5+3j),(-7+4j),(2+4j),(2+8j),(2+16j),(8+10j),(9+10j),(8+15j),(7+19j),(17+13j),(18+16j),(19+16j),(20+16j),(30+18j),(21+8j),(17+14j),(31+12j),(20+8j),(21+2j),(29+5j),(24+6j),(13+7j),(22+6j),(15+6j),(15+6j)
(120-128j),(7+0j),-7j,(6+2j),(11+2j),(6+2j),(-4+9j),(-4+12j),(-1+20j),(-7+12j),(4+9j),(-16+18j),(-8+20j),(4+21j),(-3+17j),(-4+22j),(-14+23j),(-11+24j),(-16+27j),(-12+16j),(-13+13j),(-10+11j),(-18+7j),(-12+6j),(-20+0j),(-20-2j),(-13-5j),0j,0j,0j,0j,0j,0j,0j,0j,0j,0j,0j,6j,5j,(4+5j),(9+2j),(4-4j),(12+6j),(15-1j),(18+7j),(19+2j),(22-3j),(18-4j),(24-2j),(30+7j),(23-13j),(33-9j),(41-10j),(26-7j),(25-14j),(32-10j),(27-12j),(33-4j),(26-9j),(24-12j),(20-15j),(11-13j),(14-16j)
(-2-32j),(15+0j),(-18+5j),(-5-9j),(-6-1j),(2-8j),(4-8j),(2-13j),(-3-13j),-19j,(-2-14j),(5-18j),(1-28j),-27j,(-1-21j),(-1-26j),(9-20j),(1-25j),(13-27j),(9-17j),(9-20j),(12-11j),(10-15j),(14-13j),(18-12j),(16-6j),(14+1j),0j,0j,0j,0j,0j,0j,0j,0j,0j,0j,0j,(4-8j),(-5-5j),(-8-7j),(-3-17j),(-10-10j),(-7-10j),(-14-9j),(-14-11j),(-11-9j),(-16-9j),(-20-17j),(-21-8j),(-20-8j),(-29-4j),(-29+0j),(-28+1j),(-33-1j),(-32+1j),(-19+6j),(-22+5j),(-27+0j),(-19+8j),(-21+2j),(-16+12j),(-19+2j),(-24+8j)
(-126+32j),(8+0j),(14-5j),(11+0j),(13+1j),(14-2j),(20+4j),(18+4j),(17+3j),(21+9j),(23+5j),(27+7j),(26+9j),(21+7j),(26+7j),(27+2j),(24+4j),(18+3j),(18+7j),(13+4j),(11-1j),(8-1j),(3+2j),(-6+1j),(-10+4j),(-12+5j),(-17+3j),0j,0j,0j,0j,0j,0j,0j,0j,0j,0j,0j,(4-39j),(-2-39j),-40j,(-5-40j),(-9-41j),(-9-42j),(-8-36j),(-8-38j),(-10-36j),(-8-33j),(-9-30j),(-2-28j),(-7-25j),(1-26j),(1-19j),-18j,(8-15j),(7-11j),(1-14j),(14-14j),(13-16j),(5-12j),(12-11j),(8-7j),(12-4j),(15-9j)
(94-32j),(5+0j),(-11-8j),(-8-14j),(-4-16j),(-4-21j),(-3-20j),(-6-19j),-21j,(-4-24j),(-1-26j),-27j,(-4-24j),-27j,(-4-26j),(-4-24j),(-5-22j),(-3-22j),(-2-13j),(-2-16j),(-4-10j),(3-5j),(2-1j),(4+4j),(2+5j),(8+10j),(9+15j),0j,0j,0j,0j,0j,0j,0j,0j,0j,0j,0j,(-36+5j),(-36+7j),(-39+13j),(-37+14j),(-39+19j),(-33+17j),(-33+19j),(-33+20j),(-33+15j),(-30+17j),(-28+15j),(-23+11j),(-21+11j),(-21+7j),(-18+5j),(-19+1j),(-14-1j),(-19-2j),(-13-6j),(-13-5j),(-13-9j),(-15-10j),(-13-7j),(-13-14j),(-16-11j),(-12-12j)
(94-32j),(5+0j),(17-37j),(28-22j),(18-9j),(32-24j),(23-14j),(27-19j),(34-12j),(32-15j),(34-23j),(38-30j),(49-36j),(26-43j),(34-42j),(32-33j),(33-30j),(29-27j),(19-30j),(26-24j),(13-3j),(14-11j),(4+1j),(5+10j),(-3+15j),24j,(10+28j),0j,0j,0j,0j,0j,0j,0j,0j,0j,0j,0j,(-3-68j),(-6-74j),(-15-70j),(-23-78j),(-25-72j),(-27-64j),(-27-70j),(-28-70j),(-33-58j),(-34-58j),(-21-49j),(-32-43j),(-24-40j),(-1-46j),(-6-32j),(-14-32j),(-6-32j),(2-29j),(-2-30j),(9-40j),(15-12j),(5-32j),(1-34j),(-5-27j),(20-30j),(31-12j)
(25-111j),(17+0j),(22+8j),(23+18j),(23+7j),(29+1j),(33+16j),(36+22j),(25+25j),(48+28j),(49+24j),(43+19j),(45+13j),(44+23j),(45+11j),(40+18j),(38+15j),(31+14j),(31+22j),(20+11j),(18+8j),(12+12j),(3+7j),(1+3j),(-14+6j),(-19+14j),(-19+3j),0j,0j,0j,0j,0j,0j,0j,0j,0j,0j,0j,(50-44j),(52-36j),(58-54j),(46-58j),(49-64j),(46-60j),(38-64j),(39-62j),(39-58j),(25-54j),(30-48j),(24-40j),(21-43j),(33-35j),(28-21j),(31-23j),(27-25j),(24-13j),(20-8j),(28+0j),(29-3j),(27-3j),(40+2j),(31-2j),(34-8j),(35-4j)
(-126+32j),(8+0j),(-31+6j),(-39-2j),(-47+1j),(-34-2j),(-49-1j),(-30+13j),(-38-11j),(-43-15j),(-50-18j),(-54+2j),(-69-1j),(-47-4j),(-50+5j),(-43+8j),(-41+0j),(-35+2j),(-33+4j),(-23+14j),(-26+2j),(-11+3j),(-2-12j),(7-8j),(8-17j),(10-19j),(17-18j),0j,0j,0j,0j,0j,0j,0j,0j,0j,0j,0j,(-26+68j),(-22+72j),(-20+64j),(-23+69j),(-7+68j),(-10+80j),(-12+76j),(-11+68j),(-2+68j),(1+66j),(-13+57j),(3+56j),(1+49j),(-11+31j),(-2+46j),(-12+32j),(-15+38j),(-34+26j),(-13+18j),(-27+22j),(-18+18j),(-38+26j),(-24+9j),(-25+15j),(-27+14j),(-37+17j)
(94-32j),(5+0j),(6+8j),(14+10j),(7+5j),(9+11j),(5+6j),(4+16j),(13+19j),(8+25j),(5+16j),(8+13j),(12+19j),(14+16j),(11+21j),(9+13j),(13+18j),(9+15j),(11+13j),(3+13j),(7+9j),(3+6j),3j,(-4+0j),(-7+1j),(-13-5j),(-9-5j),0j,0j,0j,0j,0j,0j,0j,0j,0j,0j,0j,(28-20j),(24-20j),(26-20j),(25-27j),(26-26j),(25-28j),(20-30j),(24-26j),(16-31j),(16-23j),(20-24j),(13-22j),(15-21j),(16-11j),(15-16j),(12-10j),(14-6j),(12-6j),(8-3j),(16-1j),(11-1j),(14+1j),(13+5j),(17-1j),(13+4j),(16+3j)
(120-128j),(7+0j),32j,(-4+27j),(-18+35j),(-14+36j),(-17+26j),(-16+38j),(-31+28j),(-37+41j),(-29+48j),(-37+38j),(-36+47j),(-29+35j),(-31+37j),(-18+37j),(-30+42j),(-18+33j),(-13+28j),(-17+24j),(-7+9j),(-4+4j),(2+0j),-9j,(-1-16j),(-1-19j),(7-28j),0j,0j,0j,0j,0j,0j,0j,0j,0j,0j,0j,(53+35j),(60+31j),(65+38j),(66+32j),(81+26j),(74+23j),(66+23j),(69+24j),(63+8j),(59+14j),(56+20j),(48+19j),(41+20j),(38+11j),(27+28j),(24+24j),(20+26j),(13+11j),(12+25j),(8+27j),(-2+32j),(-4+38j),(15+30j),(4+39j),(-5+27j),(-2+35j)
(-2-32j),(15+0j),(17+26j),26j,(11+36j),(8+46j),(-9+31j),(1+42j),(-4+29j),(-3+34j),(1+41j),(2+51j),(-2+50j),(7+52j),(2+55j),(12+40j),(9+42j),(9+32j),(1+27j),(-2+30j),(6+14j),(3+13j),(-9+2j),(-5-4j),(-3-12j),(-16-17j),(-20-21j),0j,0j,0j,0j,0j,0j,0j,0j,0j,0j,0j,(69-14j),(69-10j),(71-12j),(72-16j),(80-22j),(68-25j),(77-20j),(67-26j),(61-28j),(62-23j),(60-20j),(53-22j),(45-17j),(34-9j),(33-9j),(31+2j),(38+11j),(30+7j),(19+11j),(21+15j),(25+11j),(24+14j),(17+19j),(11+18j),(21+28j),(24+17j)
(-3-48j),(15+0j),(-19+1j),(-11+0j),(-10+0j),(-10+0j),(-15-5j),(-16+1j),(-22-1j),(-23+3j),(-19-6j),(-28-5j),(-23-4j),(-24-6j),(-24-6j),(-22-5j),(-22-2j),(-18-2j),(-14-1j),(-14-3j),(-5+0j),(-4-2j),1j,(1-3j),(4-4j),(8-4j),(13-8j),0j,0j,0j,0j,0j,0j,0j,0j,0j,0j,0j,(-3+32j),(-3+32j),(-1+36j),(3+34j),(3+34j),(3+35j),(7+33j),(7+32j),(5+31j),(6+28j),(6+21j),(2+23j),(3+24j),(3+21j),(-2+15j),(-2+15j),(-7+15j),(-11+12j),(-10+10j),(-6+10j),(-8+11j),(-5+8j),(-14+10j),(-12+11j),(-16+9j),(-12+5j)
(17+17j),(17+0j),(-1-7j),(7-19j),(4-13j),(6-14j),(9-17j),(7-16j),(14-7j),(14-19j),(12-24j),(16-18j),(11-16j),(15-19j),(12-21j),(12-15j),(13-17j),(7-14j),(8-15j),(5-14j),(5-9j),(6-4j),(3-2j),(-1+3j),(-2+7j),(1+9j),(1+13j),0j,0j,0j,0j,0j,0j,0j,0j,0j,0j,0j,(-32-16j),(-33-14j),(-31-12j),(-36-11j),(-32-7j),(-36-6j),(-31-8j),(-35+0j),(-33-5j),(-28-6j),(-32-2j),(-23-6j),(-23-5j),(-16-13j),(-16-6j),(-9-9j),(-10-16j),(-8-13j),(-6-16j),(-6-11j),(-9-12j),(-7-9j),(-5-16j),(-2-12j),(-5-16j),(-1-13j)
(-34-30j),(45+0j),1j,(6-11j),(3+13j),(-5+15j),(-4+2j),4j,(-2+12j),(-12+16j),(-4+15j),(2+9j),(-8+18j),(-8+18j),(-12+21j),(-10+24j),(-7+19j),(-7+27j),(-11+26j),(-16+17j),(-16+14j),(-10+19j),(-16+14j),(-17+13j),(-8+9j),(-11+7j),(-14+3j),0j,0j,0j,0j,0j,0j,0j,0j,0j,0j,0j,(-9-6j),(-7-2j),(-3+4j),(-12+2j),(-10-4j),(-3+8j),(-8+14j),(-13+8j),(-2+13j),(2+18j),(-2+21j),(-2+22j),(1+29j),(9+25j),(12+30j),(5+29j),(8+14j),(20+19j),(15+30j),(15+22j),(12+9j),(26+9j),(22+11j),(17+14j),(19+0j),(17-2j)
(-128+0j),(8+0j),(-18-5j),(-13-3j),(-2-8j),(1-6j),(6-5j),(7-14j),(-2-8j),(9-8j),(15-12j),(23-17j),(18-20j),(13-13j),(19-13j),(18-16j),(22-12j),(37-6j),(24-5j),(24+4j),(31+7j),(19+3j),(24+2j),(9+12j),(12+1j),(11+13j),(7+14j),0j,0j,0j,0j,0j,0j,0j,0j,0j,0j,0j,(-3-13j),(-3-3j),(-1-8j),(-3-7j),(-11-20j),(-12-8j),(-10-16j),(-11-21j),(-15-19j),(-13-11j),(-24-17j),(-19-18j),(-30-9j),(-26-15j),(-28-13j),(-32-14j),(-33-7j),(-27-16j),(-33-18j),(-37-11j),(-31-5j),(-28-8j),(-22-7j),(-19-9j),(-25-6j),(-23+0j)
(-34-30j),(45+0j),(-2+4j),(1+8j),(-8+6j),(-14+0j),(-5-7j),(-4-3j),-4j,(-11-3j),(-19-10j),(-12-4j),(-17-13j),(-16-10j),(-19-11j),(-24-17j),(-14-13j),(-17-13j),(-18-11j),(-21-16j),(-17-21j),(-15-23j),(-7-19j),(-5-17j),(-5-23j),(-1-15j),(-1-16j),0j,0j,0j,0j,0j,0j,0j,0j,0j,0j,0j,(-2-5j),(-1-1j),(-1-6j),(-7-3j),(-5-6j),(-13-3j),(-11+1j),(-14-2j),(-15+0j),(-24+7j),(-24+7j),(-22+7j),(-23+10j),(-23+15j),(-17+14j),(-14+18j),(-14+10j),(-10+27j),(-11+26j),(-14+26j),(-6+23j),(5+26j),(-6+25j),(-3+18j),(-8+20j),(-6+17j)
(-50-32j),(12+0j),(-1-6j),(1-5j),(-15+4j),(-1-1j),(-6+1j),(11+5j),3j,(5+8j),(12+7j),(5+0j),(13+5j),(15+21j),(21+17j),(25+22j),(7+20j),(21+8j),(16+18j),(8+26j),(10+21j),(3+16j),(-1+16j),(-8+15j),(-6+17j),(-2+18j),(-13+13j),0j,0j,0j,0j,0j,0j,0j,0j,0j,0j,0j,(5+1j),(6-6j),(-2-3j),(6-14j),(5-11j),(9-9j),(2-22j),(6-18j),-26j,(3-18j),(3-26j),(13-28j),(2-32j),(3-26j),(-14-16j),(-8-21j),(-1-39j),(1-29j),(-8-23j),(-4-26j),(-6-27j),(-14-26j),(-14-21j),(1-14j),(-4-27j),(-14-21j)
(-30+32j),(14+0j),(-9+3j),(-2+2j),(-9-3j),(-3+6j),(-6-2j),(-9-6j),(-10-9j),(-5-2j),(-9-7j),(-13-6j),(-17-9j),(-14-3j),(-21-3j),(-21-6j),(-22-14j),(-28-5j),(-17+0j),(-16-10j),(-19-6j),(-13-9j),(-14-11j),(-13-7j),(-12-6j),(-7-6j),(-11-12j),0j,0j,0j,0j,0j,0j,0j,0j,0j,0j,0j,(4-1j),(6-4j),(-1-5j),(7-3j),(2-7j),-10j,(-4-12j),(-5-13j),(-7-11j),(-1-8j),(-7-8j),(-10-14j),(15-28j),(37-2j),(-47-22j),(-31-28j),(-30+2j),(-24-6j),(-20+1j),(-24+9j),(-20+9j),(-11+2j),(-19+13j),(-14+15j),(-10+16j),(-11+6j)
(98+32j),(6+0j),(5+1j),(-7+5j),(1-2j),(-3+3j),(-6-1j),(-10-6j),(-15-4j),(-21+2j),(-18+0j),(-15-3j),(-21-3j),(-24-3j),(-25-7j),(-24-11j),(-24-8j),(-16-10j),(-17-17j),(-12-17j),(-17-16j),(-12-20j),(-7-19j),(-11-19j),-16j,(-2-17j),(5-21j),0j,0j,0j,0j,0j,0j,0j,0j,0j,0j,0j,(-9+2j),(-8+3j),(-4+12j),(-3+10j),(-2+12j),(-4+15j),(-7+19j),(2+20j),(-2+20j),(15+19j),(2+17j),(7+24j),(17+27j),(9+25j),(9+23j),(18+19j),(15+27j),(18+23j),(11+18j),(26+24j),(21+21j),(21+11j),(17+8j),(12+22j),(5+17j),(14+20j)
(98+32j),(6+0j),(-10-1j),(-3+4j),(-3-4j),(5-10j),(2+0j),-12j,(4-13j),(5-13j),(10-23j),(2-9j),(18-12j),(-1-13j),(10-16j),(16-22j),(11-21j),(18-20j),(17-14j),(10-10j),(7-13j),(12-5j),(12-18j),(19-5j),(19+2j),(11+1j),(17+10j),0j,0j,0j,0j,0j,0j,0j,0j,0j,0j,0j,(13-6j),(5-1j),-7j,(3-10j),(5-13j),(1-12j),(4-4j),(-13-13j),(-1-16j),(-6-20j),(-10-20j),(-14-16j),(-12-11j),(-20-8j),(-20-20j),(-20-18j),(-22-17j),(-29-11j),(-24-12j),(-27-9j),(-29-9j),(-29-2j),(-23-9j),(-25-5j),(-14+2j),(-15-9j)
(-39-112j),(13+0j),(-4+7j),(-12-2j),(-2+2j),(-3-1j),(-4-6j),(2-4j),(-4-10j),(2-9j),(-2-13j),(-5-22j),(-6-24j),-27j,(-4-26j),-22j,(9-27j),(6-25j),(5-28j),(2-26j),(13-16j),(10-19j),(11-13j),(16-10j),(15-5j),(12-6j),(15-7j),0j,0j,0j,0j,0j,0j,0j,0j,0j,0j,0j,(-3-7j),(-5-3j),(-4-3j),(-11-3j),(-9-4j),(-11+2j),(-20+0j),(-20+5j),(-16+6j),(-18+0j),(-22+13j),(-22+8j),(-15+8j),(-24+15j),(-24+16j),(-16+11j),(-19+16j),(-17+14j),(-21+19j),(-20+21j),(-19+15j),(-15+15j),(-15+19j),(-17+21j),(-4+12j),(-7+9j)
(90-96j),(5+0j),(8-9j),(11-1j),(3-10j),(6+4j),(4+7j),(5+9j),(6+8j),(3+14j),(5+20j),(9+14j),(2+17j),(5+15j),(13+22j),(6+16j),(9+16j),(8+27j),30j,(3+27j),(-4+21j),(-5+18j),(-10+16j),(-3+12j),(-9+12j),(-13+9j),(-14+10j),0j,0j,0j,0j,0j,0j,0j,0j,0j,0j,0j,(-1+1j),(2+8j),8j,(5+4j),(7+11j),(9+4j),(8+5j),(15-2j),(22-4j),(22-2j),(24+1j),(13-5j),(30-4j),(21-7j),(29-10j),(27-20j),(23-13j),(22-12j),(17-14j),(22-19j),(19-12j),(15-17j),(13-11j),(9-14j),(10-22j),(11-18j)
(124-63j),(23+0j),(7+4j),(14+9j),(8+9j),(9+6j),(8+11j),(9+15j),(16+16j),(9+14j),(12+18j),(7+19j),(12+13j),(10+18j),(14+17j),(16+15j),(16+12j),(13+16j),(10+14j),(7+9j),(7+8j),(2+5j),5j,(-5+2j),(-4+5j),(-9+2j),(-11+1j),0j,0j,0j,0j,0j,0j,0j,0j,0j,0j,0j,(30-8j),(35-9j),(31-12j),(36-12j),(29-22j),(29-18j),(28-22j),(22-17j),(27-18j),(23-16j),(26-11j),(15-8j),(18-12j),(16-7j),(16-2j),(12-2j),(13+2j),(14-1j),(16-6j),(11+1j),(8+2j),(20-2j),(13+3j),(17+5j),(16+3j),(13+6j)
(-51-48j),(12+0j),(-10+5j),(-8+1j),(-15-1j),(-14+7j),(-11-9j),(-16+0j),(-20-3j),(-18-6j),(-15-9j),(-24-5j),(-22-7j),(-23-2j),(-18-2j),(-19-3j),(-21-3j),(-19-5j),(-16-1j),(-11-3j),(-9-3j),(-9-3j),(-3-6j),-6j,(2-4j),(7-7j),(11-10j),0j,0j,0j,0j,0j,0j,0j,0j,0j,0j,0j,(5+32j),(10+34j),(7+36j),(15+41j),(16+33j),(19+27j),(21+30j),(12+26j),(20+29j),(16+26j),(11+23j),(6+22j),(3+19j),(3+18j),11j,(1+12j),(-1+10j),(-4+9j),(-3+12j),(-14+13j),(-17+11j),(-8+10j),(-16+12j),(-11+20j),(-17+12j),(-10+9j)
(98+32j),(6+0j),(-15+1j),(-17+0j),(-15-6j),(-18-3j),(-19-4j),(-14-8j),(-21-12j),(-28-12j),(-27-9j),(-28-13j),(-23-15j),(-18-10j),(-18-4j),(-28-6j),(-21-6j),(-18-2j),(-18+5j),(-15-3j),(-12-6j),(-8-2j),(-4-4j),-5j,(1-4j),(3-10j),(5-11j),0j,0j,0j,0j,0j,0j,0j,0j,0j,0j,0j,(-27+30j),(-29+31j),(-29+34j),(-18+33j),(-19+37j),(-23+34j),(-17+35j),(-13+29j),(-11+32j),(-14+26j),(-18+19j),(-13+21j),(-9+17j),(-7+21j),(-11+14j),(-17+12j),(-10+8j),(-14+5j),(-11+13j),(-15+6j),(-18+9j),(-18+3j),(-14+4j),(-17+6j),(-18+2j),(-11+2j)
(22+97j),(17+0j),(4+9j),(7+10j),(8+9j),(3+12j),(5+19j),(6+12j),(7+17j),(5+14j),(5+23j),(12+15j),(2+18j),(4+19j),(11+20j),(6+18j),(7+19j),(11+14j),(4+17j),(7+15j),(4+8j),(-1+8j),(-2+3j),(-5+1j),(-11-1j),(-9-5j),(-8-6j),0j,0j,0j,0j,0j,0j,0j,0j,0j,0j,0j,(29-18j),(28-20j),(27-22j),(27-23j),(26-26j),(24-23j),(26-29j),(20-24j),(24-25j),(17-22j),(16-20j),(20-17j),(18-16j),(12-14j),(13-12j),(14-4j),(14-5j),(13-1j),(14-1j),(12+0j),(10+1j),(13+3j),(13-1j),(9+3j),(12+9j),(15+4j)
(-34-30j),(45+0j),(10-6j),(8+2j),(12-1j),(15+3j),(18+2j),(20+5j),(14+7j),(14+4j),(18+10j),(24+4j),(23+6j),(21+4j),(23+4j),(18+1j),(20+0j),(19+3j),(18+4j),(12+2j),(9+0j),(4+3j),(3+1j),(-2+5j),(-5+8j),(-5+6j),(-8+9j),0j,0j,0j,0j,0j,0j,0j,0j,0j,0j,0j,(14-30j),(17-32j),(15-22j),(18-30j),(13-37j),(10-43j),(12-36j),(8-30j),(10-35j),(5-32j),(8-27j),(5-23j),(7-21j),(6-14j),(8-13j),(12-14j),(11-8j),(8-10j),(9-10j),(13-9j),(14-2j),(14-5j),(14-7j),(11-11j),(13-6j),(13-4j)
(-128+0j),(8+0j),(2+11j),(-4+15j),(2+12j),14j,(2+11j),(5+19j),(-2+17j),(1+21j),(-8+19j),(-1+21j),(1+24j),(1+23j),(3+28j),19j,(4+23j),(-3+21j),18j,(-1+10j),11j,(-3+10j),(-2+3j),(-4-2j),(-5-2j),(-8-8j),(-13-13j),0j,0j,0j,0j,0j,0j,0j,0j,0j,0j,0j,(30+2j),(34+7j),(36-1j),(40-3j),(34-2j),(36-5j),(30-7j),(30-4j),(29-5j),(27-5j),(23-6j),(18-3j),(21-3j),(19-4j),(20-2j),(13-1j),(18+6j),(8+3j),(7+8j),(11+2j),(7+10j),(11+9j),(10+5j),(11+11j),(10+9j),(5+8j)
(-50-32j),(12+0j),(-6+13j),(-10+15j),(-8+9j),(-12+9j),(-13+12j),(-14+11j),(-17+9j),(-18+13j),(-21+12j),(-22+17j),(-23+16j),(-22+17j),(-16+19j),(-15+23j),(-15+17j),(-16+20j),(-13+13j),(-10+12j),(-6+11j),(-7+5j),(-5+2j),(-2-6j),(-1-8j),-13j,(-3-14j),0j,0j,0j,0j,0j,0j,0j,0j,0j,0j,0j,(28+26j),(28+23j),(28+26j),(30+23j),(34+21j),(32+20j),(33+20j),(36+14j),(30+17j),(29+20j),(27+14j),(22+17j),(22+18j),(16+14j),(11+12j),(11+17j),(5+16j),(8+12j),(10+13j),(2+17j),(10+12j),(-1+14j),(8+13j),(5+13j),(5+15j),(-2+12j)
(-30+32j),(14+0j),(-6+8j),(-9+9j),(-14+4j),(-18+7j),(-16+5j),(-17+7j),(-18+6j),(-19+7j),(-19+9j),(-21+7j),(-22+10j),(-22+7j),(-21+13j),(-22+12j),(-18+13j),(-19+12j),(-14+8j),(-13+9j),(-7+2j),(-8+4j),(-4-1j),(-4-4j),(2-4j),-9j,(1-12j),0j,0j,0j,0j,0j,0j,0j,0j,0j,0j,0j,(19+28j),(22+28j),(22+27j),(22+26j),(26+26j),(23+19j),(25+23j),(26+22j),(27+18j),(27+19j),(22+18j),(19+15j),(17+17j),(11+14j),(8+15j),(8+13j),(4+14j),(2+12j),(6+12j),(1+18j),(-1+12j),(3+12j),(-3+14j),(-1+14j),(-4+14j),(-5+14j)
(98+32j),(6+0j),(-11-2j),(-15-4j),(-15-5j),(-13-8j),(-14-10j),(-17-9j),(-17-12j),(-17-11j),(-19-10j),(-24-8j),(-25-9j),(-24-7j),(-22-9j),(-23-6j),(-20-5j),(-18-9j),(-17-3j),(-13-5j),(-11-6j),(-6-4j),(-1-8j),(1-3j),(2-6j),(7-8j),(7-6j),0j,0j,0j,0j,0j,0j,0j,0j,0j,0j,0j,(-17+31j),(-17+30j),(-14+33j),(-14+33j),(-12+33j),(-10+34j),(-10+35j),(-7+30j),(-5+32j),(-5+25j),(-5+25j),(-6+23j),(-4+18j),(-7+17j),(-8+15j),(-9+13j),(-9+11j),(-9+12j),(-12+5j),(-11+6j),(-10+6j),(-13+5j),(-13+6j),(-14+4j),(-11+6j),(-14+1j)
(94-32j),(5+0j),(5+13j),(5+11j),(6+13j),(2+14j),(-1+15j),(3+18j),22j,(-2+24j),(3+24j),26j,(-1+28j),(1+32j),(1+29j),(3+27j),(6+23j),(1+26j),(7+19j),(3+18j),17j,(2+10j),(-6+5j),(-3-1j),(-4-3j),(-9-3j),(-11-11j),0j,0j,0j,0j,0j,0j,0j,0j,0j,0j,0j,(37-3j),(38-4j),(39-9j),(38-9j),(35-9j),(39-14j),(34-12j),(34-14j),(36-12j),(33-14j),(29-13j),(27-11j),(20-6j),(22-7j),(20-2j),(20+1j),(13-1j),(19+2j),(12+0j),(13+3j),(10+5j),(15+6j),(13+6j),(6+6j),(10+8j),(11+5j)
(102+98j),(38+0j),(3+3j),(6+5j),(-4+2j),(-1+0j),(-11+2j),(-12+3j),(-12+5j),(-14+3j),(-13+15j),(-17+3j),(-21+6j),(-26+5j),(-20+5j),(-23+5j),(-26+5j),(-25+0j),(-27-3j),(-23-6j),(-28-7j),(-22-13j),(-18-15j),(-8-8j),(-18-12j),(-9-12j),(-1-20j),0j,0j,0j,0j,0j,0j,0j,0j,0j,0j,0j,(-14+7j),(-5+4j),(-10+8j),(-10+2j),(-2+17j),11j,(-9+17j),(-2+21j),(9+11j),(2+20j),(10+25j),(16+31j),(7+28j),(21+24j),(8+23j),(19+22j),(18+31j),(26+24j),(20+24j),(31+19j),(15+11j),(25+11j),(23+19j),(13+11j),(16+4j),(9+7j)
(28-63j),(17+0j),(4+7j),(3+8j),(2-3j),(6+11j),(1+8j),(-2+5j),(10+2j),(1+11j),(4+16j),(9+21j),(-6+25j),29j,(3+19j),22j,(-8+24j),(-5+24j),(-14+23j),(-13+17j),(-16+19j),(-11+13j),(-21+9j),(-14+9j),(-14+3j),(-13-4j),(-18-1j),0j,0j,0j,0j,0j,0j,0j,0j,0j,0j,0j,(4+6j),(9+2j),(5+8j),(10-5j),(8+2j),(17-4j),(16-1j),(15-10j),(22-7j),(27-11j),(22-11j),(17-11j),(30-15j),(27-23j),(18-23j),(31-10j),(28-13j),(22-18j),(28-23j),(23-25j),(21-18j),(14-28j),(8-17j),(1-21j),(1-22j),(8-13j)
(-110+33j),(25+0j),14j,(1+15j),(-6+16j),(-4+13j),(-5+15j),(-8+17j),(-11+12j),(-12+18j),(-7+17j),(-10+15j),(-11+18j),(-12+20j),(-8+20j),(-9+23j),(-9+20j),(-6+17j),(-9+15j),(-10+13j),(-6+7j),(-7+3j),(-2-1j),(-4-2j),-8j,(-4-10j),(-2-12j),0j,0j,0j,0j,0j,0j,0j,0j,0j,0j,0j,(35+16j),(41+15j),(37+13j),(41+10j),(41+10j),(44+9j),(43+6j),(40+5j),(35+2j),(35+3j),(30+2j),(28-2j),(22+4j),(20+5j),(17+6j),(9+11j),(9+10j),(10+12j),(4+13j),(2+9j),(5+17j),(4+14j),(3+13j),(5+15j),20j,17j
(94-32j),(5+0j),(1-19j),(3-14j),(3-20j),(4-16j),(9-18j),(9-15j),(9-15j),(13-16j),(10-16j),(11-20j),(13-19j),(6-20j),(11-17j),(7-20j),(8-20j),(10-16j),(5-15j),(6-13j),(3-11j),(6-6j),-1j,(1+5j),(1+5j),(-3+9j),9j,0j,0j,0j,0j,0j,0j,0j,0j,0j,0j,0j,(-40-10j),(-38-9j),(-44-10j),(-43-6j),(-43-2j),(-43-2j),(-43+1j),(-44+5j),(-34+2j),(-35-3j),(-34+0j),(-28+1j),(-27-5j),(-22+0j),(-18-6j),(-11-8j),(-13-8j),(-11-9j),(-7-15j),(-13-12j),(-5-14j),(-8-16j),(-5-15j),(-1-20j),(-3-18j),(-1-18j)
(-117-79j),(24+0j),(15+1j),(15+6j),(17+1j),(10+4j),(12+2j),(19+6j),(14+9j),(12+10j),(13+12j),(16+10j),(19+8j),(21+13j),(15+8j),(17+10j),(18+3j),(16+5j),(11+9j),(12+8j),(3+4j),(2+4j),(-3-1j),(-4+5j),(-7+3j),(-10-2j),(-10-2j),0j,0j,0j,0j,0j,0j,0j,0j,0j,0j,0j,(8-36j),(7-34j),(4-36j),(-1-38j),(2-38j),(1-37j),(-5-38j),(-2-38j),(-4-28j),(1-33j),(-6-31j),(-5-29j),-23j,(-3-12j),(5-14j),(6-10j),(4-10j),(5-9j),(13-14j),(14-10j),(17-8j),(10-5j),(9-5j),(12-3j),(22-3j),(15-8j)
(94-32j),(5+0j),(-12-11j),(-10-16j),(-9-18j),(-7-12j),(-7-16j),-12j,(-9-22j),(-5-20j),(-11-24j),(-2-25j),(-6-24j),(-5-25j),(-5-26j),(-6-24j),(-4-18j),(3-21j),(-7-14j),(-3-20j),(-2-10j),(6-11j),(-2-4j),(1-2j),(6+8j),(7+4j),(5+9j),0j,0j,0j,0j,0j,0j,0j,0j,0j,0j,0j,(-42+2j),(-41+1j),(-39+10j),(-43+11j),(-41+12j),(-42+17j),(-37+18j),(-34+11j),(-35+21j),(-34+13j),(-31+10j),(-29+13j),(-28+12j),(-20+13j),(-20+5j),(-13-5j),(-15-2j),(-17-6j),(-4-6j),(-12-5j),(-19-13j),(-13-9j),(-11-8j),(-15-16j),(-9-16j),(-10-16j)
(-123+80j),(8+0j),(13-3j),(13-3j),(17-11j),(18-9j),(13-2j),(17+0j),(12-2j),(24+0j),(27+1j),(23-1j),(23+0j),(20-2j),(23-2j),(23+1j),(21-1j),(15-3j),(22-2j),(10-5j),(12-5j),(7+1j),(1+6j),(-3+7j),(-5+2j),(-10+4j),(-10+4j),0j,0j,0j,0j,0j,0j,0j,0j,0j,0j,0j,(-15-36j),(-24-36j),(-20-33j),(-23-38j),(-17-34j),(-20-31j),(-27-31j),(-21-34j),(-25-27j),(-25-21j),(-19-23j),(-19-21j),(-12-21j),(-11-17j),(-3-14j),(-1-17j),-15j,(10-11j),(9-15j),(8-11j),(8-14j),(15-16j),(12-12j),(14-10j),(12-14j),(12-19j)
(-128+0j),(8+0j),(17-6j),(9-8j),(11-5j),(13-4j),(14-1j),(14-2j),(15-5j),(16+3j),(18+2j),(18+3j),(21-2j),(20+1j),(18+0j),(20-4j),(20+0j),(19-5j),(14-3j),(12+2j),(8-3j),(8-2j),(1+0j),(1+7j),(-7+2j),(-5+6j),(-8+7j),0j,0j,0j,0j,0j,0j,0j,0j,0j,0j,0j,(-11-36j),(-14-34j),(-15-34j),(-14-36j),(-17-33j),(-20-34j),(-18-34j),(-22-28j),(-18-25j),(-20-22j),(-18-27j),(-15-20j),(-10-23j),(-9-17j),(-4-13j),(-5-14j),(2-16j),(5-14j),(4-10j),(9-9j),(5-14j),(12-15j),(11-11j),(10-10j),(12-13j),(12-9j)
(113+16j),(7+0j),(10+14j),(6+11j),(5+17j),(5+12j),(3+10j),(2+11j),(6+16j),(2+15j),(-1+20j),(-1+19j),(-2+19j),18j,(6+19j),(1+19j),(4+19j),(5+16j),(1+13j),(5+12j),(-1+7j),(2+8j),(-2+0j),(-2+1j),(-6-2j),(-8-5j),(-6-7j),0j,0j,0j,0j,0j,0j,0j,0j,0j,0j,0j,(34-10j),(35-11j),(34-14j),(34-16j),(31-16j),(32-22j),(31-23j),(25-22j),(27-20j),(24-19j),(24-17j),(23-14j),(16-13j),(14-5j),(14-5j),(14-4j),(13-4j),(11+0j),(10+2j),(10+8j),(14+5j),(15+8j),(9+10j),(10+9j),(14+13j),(12+14j)
(-128+0j),(8+0j),(11+9j),(11+3j),(14+7j),(9+10j),(12+8j),(8+11j),(9+9j),(14+16j),(10+17j),(11+13j),(12+14j),(14+16j),(13+16j),(13+13j),(12+13j),(9+11j),(9+11j),(9+7j),(7+5j),(1+8j),(1+6j),(-2+0j),(-5+1j),(-7+1j),(-13+0j),0j,0j,0j,0j,0j,0j,0j,0j,0j,0j,0j,(31-17j),(29-20j),(30-23j),(27-26j),(26-29j),(24-24j),(23-28j),(17-29j),(20-26j),(23-24j),(16-23j),(15-22j),(12-17j),(13-12j),(14-9j),(12-4j),(7-4j),(13-6j),(13+2j),(14+3j),(13+1j),(16+4j),(16+6j),(14+2j),(16+0j),(15+6j)
(-126+32j),(8+0j),(2+12j),(2+12j),(1+12j),(-4+15j),(2+13j),(-3+14j),(-3+14j),(-5+14j),(-4+15j),(-2+19j),(-1+18j),(-2+21j),(-2+17j),(-8+20j),(-1+17j),(-2+15j),15j,(-3+16j),(-3+10j),(-2+7j),5j,(-2-2j),(-7-3j),(-7-5j),(-10-10j),0j,0j,0j,0j,0j,0j,0j,0j,0j,0j,0j,(35+7j),(35+9j),(34+5j),(33+3j),(37+0j),(35-1j),(36-3j),(33-4j),(28-5j),(31-4j),(29-6j),(23-8j),(18+2j),(17-4j),(19+0j),(16+0j),(10+7j),(11+8j),(5+14j),(8+11j),(10+7j),(5+14j),(7+12j),(11+11j),(6+13j),(4+14j)
(73-110j),(36+0j),(8-16j),(6-10j),(6-10j),(10-14j),(10-14j),(10-12j),(10-12j),(14-12j),(19-9j),(18-10j),(17-16j),(16-17j),(18-14j),(20-15j),(15-13j),(8-12j),(9-9j),(12-11j),(6-7j),(6-2j),(1-1j),(4+1j),(1+1j),(5+9j),(-1+12j),0j,0j,0j,0j,0j,0j,0j,0j,0j,0j,0j,(-16-30j),(-18-30j),(-19-33j),(-23-31j),(-26-30j),(-27-27j),(-30-22j),(-23-24j),(-24-19j),(-29-19j),(-21-14j),(-18-17j),(-20-15j),(-9-15j),(-11-16j),(-7-13j),(-4-11j),-12j,(1-15j),(5-15j),-10j,(2-15j),(3-15j),(2-18j),(5-14j),(8-14j)
(73-110j),(36+0j),(-11-5j),(-7-3j),(-12-1j),(-16-3j),(-8-5j),(-15-4j),(-10-7j),(-16-4j),(-13-13j),(-14-4j),(-16-15j),(-12-7j),(-17-8j),(-21-7j),(-15-8j),(-12-5j),(-14-7j),(-5-4j),(-5-6j),(-5-1j),(-3-4j),(2-3j),(2-5j),(6-7j),(3-6j),0j,0j,0j,0j,0j,0j,0j,0j,0j,0j,0j,(-23+17j),(-25+19j),(-23+21j),(-21+21j),(-19+20j),(-20+22j),(-15+22j),(-18+24j),(-20+20j),(-15+22j),(-11+19j),(-8+14j),(-11+11j),(-6+11j),(-5+11j),(-6+6j),(-12+4j),(-7+2j),(-8+0j),(-10-3j),(-10+0j),(-14+5j),(-16+0j),(-10-4j),(-18-2j),(-10-2j)
(-71-112j),(11+0j),(14-2j),(14-4j),(-2+3j),(-6+0j),(-6+6j),(-9+9j),(-6+9j),(-13+10j),(-15+16j),(-13+17j),(-17+10j),(-16+15j),(-16+16j),(-13+21j),(-24+12j),(-22+11j),(-22+5j),(-25+9j),(-19+2j),(-23+1j),(-18-5j),(-21-4j),(-16-9j),(-15-13j),(-11-16j),0j,0j,0j,0j,0j,0j,0j,0j,0j,0j,0j,(-2+10j),(-1+11j),9j,(-1+11j),(5+13j),(13+8j),(10+11j),(15+16j),(13+17j),(22+13j),(20+22j),(19+13j),(22+15j),(19+11j),(26+11j),(36+12j),(30+5j),(26-1j),(34+3j),(28+3j),(34+0j),(24-2j),(21-3j),(19-2j),(15-4j),(14-1j)
(98+32j),(6+0j),(-2-6j),(-1-5j),-9j,(4-13j),(-2+1j),(15-5j),(9-5j),(11-2j),(10-11j),(12-18j),(12-10j),(17-14j),(18-7j),(18-14j),(26-5j),(23-1j),(23+0j),(20+2j),(20+4j),(12+6j),(22+11j),(10+12j),(13+12j),(5+15j),(3+15j),0j,0j,0j,0j,0j,0j,0j,0j,0j,0j,0j,(5-7j),(2-11j),(-3-12j),(-2-8j),(-2-11j),(-5-11j),(-8-12j),(-6-19j),(-13-17j),(-10-20j),(-15-24j),(-21-18j),(-19-27j),(-20-21j),(-27-23j),(-22-22j),(-25-16j),(-25-18j),(-31-19j),(-28-11j),(-29-15j),(-35-8j),(-26-16j),(-22-5j),(-22+3j),(-15-7j)
(116+64j),(7+0j),(-8+12j),(-7+10j),(-4-1j),(-4+5j),(1+1j),(2-10j),(-1-11j),(-4-10j),(-19-12j),(-8-17j),(-6-12j),(-7-18j),(-7-24j),(-9-17j),(-6-29j),(-6-22j),(-3-27j),(-3-24j),(2-18j),-27j,(5-17j),(15-13j),(16-13j),(9-6j),(14-10j),0j,0j,0j,0j,0j,0j,0j,0j,0j,0j,0j,(-9+0j),(-4+2j),(-5-1j),(-5+5j),(-2+1j),(-10+4j),(-14+12j),(-12+15j),(-17+15j),(-18+12j),(-8+22j),(-10+12j),(-16+23j),(-5+27j),(-9+23j),(-14+19j),(-9+32j),(-10+24j),(1+32j),(-11+19j),(-12+27j),(-4+23j),(-8+19j),(-3+19j),(1+13j),(4+12j)
(100+64j),(6+0j),(-10-5j),(-6-6j),(-9-5j),(-1+0j),(10-12j),(6-8j),(6-9j),(9-17j),(8-3j),(12-11j),(12-16j),(21-10j),(11-18j),(14-15j),(24-10j),(20-8j),(23-4j),(18-2j),(17+1j),(16+2j),(22+5j),(15+8j),(10+6j),(9+12j),(8+12j),0j,0j,0j,0j,0j,0j,0j,0j,0j,0j,0j,-8j,(-4-9j),(-2-8j),(-3-8j),(-5-11j),(-15-10j),(-11-8j),(-18-7j),(-10-18j),(-23-12j),(-24-19j),(-21-14j),(-20-11j),(-25-19j),(-35-16j),(-24-9j),(-24-11j),(-28-7j),(-28-2j),(-31-3j),(-33-12j),(-30+1j),(-20+3j),(-20+1j),(-27+2j),(-27-5j)
(6+97j),(16+0j),(11+0j),(15+2j),(12+4j),(7+5j),(14+4j),(14+8j),(7+10j),(10+9j),(6+11j),(9+7j),(13+12j),(12+12j),(13+9j),(11+13j),(14+10j),(8+8j),(4+10j),(2+7j),(3+3j),(-1+1j),(-3+0j),(-3-3j),(-7-3j),(-11-4j),(-14-6j),0j,0j,0j,0j,0j,0j,0j,0j,0j,0j,0j,(26-25j),(28-32j),(29-30j),(24-33j),(20-37j),(22-37j),(19-36j),(21-35j),(16-34j),(14-35j),(13-23j),(14-25j),(13-17j),(13-12j),(16-10j),(19-6j),(14-4j),(14-3j),(16+3j),(17+2j),(20-2j),(24+1j),(20+2j),(17+4j),(18+1j),(17-2j)
(26-95j),(17+0j),(-12-14j),(-12-12j),(-8-13j),(-1-12j),(-5-9j),(-4-14j),-13j,(1-13j),-17j,(1-18j),(-1-17j),(-2-16j),(1-19j),(1-14j),(-2-17j),(-1-12j),(1-12j),(1-8j),(3-6j),-6j,-2j,(4+6j),(3+3j),(3+7j),(6+14j),0j,0j,0j,0j,0j,0j,0j,0j,0j,0j,0j,(-40-2j),(-40-1j),(-40+2j),(-39+2j),(-40+4j),(-39+5j),(-39+12j),(-37+11j),(-31+9j),(-34+11j),(-30+9j),(-21+2j),(-23+3j),(-19+0j),(-15-3j),(-14-10j),(-8-7j),(-11-12j),(-16-14j),(-13-17j),(-14-17j),(-11-19j),(-14-19j),(-12-15j),(-14-18j),(-11-15j)
(-91+80j),(10+0j),(18+0j),(14+0j),(13+2j),(9+0j),(12+8j),(10+4j),(13+6j),(13+8j),(13+14j),(11+11j),(12+12j),(13+10j),(11+8j),(13+9j),(10+8j),(10+9j),(11+6j),(4+5j),(3+4j),(-3+1j),(-7+0j),(-7-5j),(-10+2j),(-14+1j),(-17+1j),0j,0j,0j,0j,0j,0j,0j,0j,0j,0j,0j,(34-22j),(31-18j),(30-22j),(32-28j),(31-28j),(28-35j),(25-32j),(24-29j),(23-28j),(19-21j),(15-24j),(15-21j),(17-17j),(15-13j),(17-7j),(14-2j),(17-4j),(18+1j),(17-1j),(20+3j),(21-1j),(22+3j),(24-2j),(22+0j),(22+0j),(24+5j)
(98+32j),(6+0j),(-11-13j),(-10-9j),(-6-12j),(-3-11j),(-2-11j),(-3-12j),-14j,(2-12j),(2-11j),(2-15j),-17j,(5-16j),-17j,-13j,(2-14j),(-1-13j),(-1-16j),(3-12j),(-2-5j),(3-1j),(5-1j),(-1+6j),(3+9j),10j,(4+16j),0j,0j,0j,0j,0j,0j,0j,0j,0j,0j,0j,(-42-1j),(-43-2j),(-44+0j),(-35+1j),(-46+6j),(-40+8j),(-41+8j),(-38+6j),(-35+9j),(-33+6j),(-24+5j),(-23+0j),(-21+2j),(-20-1j),(-17-7j),(-15-11j),(-15-13j),(-13-8j),(-13-17j),(-11-18j),(-15-22j),(-13-17j),(-15-20j),(-14-22j),(-12-18j),(-18-18j)
(94-32j),(5+0j),(-3+17j),(-7+16j),(-7+14j),(-7+10j),(-7+8j),(-8+10j),(-13+4j),(-14+5j),(-20+8j),(-15+12j),(-20+7j),(-18+7j),(-22+9j),(-14+6j),(-12+8j),(-13+7j),(-9+3j),(-6+2j),(-1+4j),(-2+4j),(1+0j),(3-4j),(7-7j),(8-7j),(8-12j),0j,0j,0j,0j,0j,0j,0j,0j,0j,0j,0j,(22+33j),(24+29j),(25+30j),(26+27j),(29+29j),(25+28j),(31+25j),(31+20j),(28+19j),(25+16j),(20+17j),(17+12j),(15+16j),(8+15j),(2+17j),(2+14j),(-4+15j),(-5+19j),(-7+17j),(-5+18j),(-7+14j),(-6+21j),(-8+18j),(-5+21j),(-6+17j),(-7+16j)
(-71-112j),(11+0j),(-36+20j),(-32+16j),(-31+7j),(-13+4j),(-15-5j),(-32-5j),(-16-29j),(-38-16j),(-21-8j),(-31-21j),(-9-23j),(-38-18j),(-24-17j),(-23-22j),(-24-11j),(-21-13j),(-10-8j),(-14-10j),(-12-4j),(4-8j),(-5+6j),(6+4j),(14+1j),(22-2j),(14+9j),0j,0j,0j,0j,0j,0j,0j,0j,0j,0j,0j,(-18+69j),(-16+76j),(-9+75j),(-5+74j),(-7+78j),(-1+84j),(12+91j),61j,62j,(8+54j),(-11+59j),(-5+56j),(-7+40j),(-8+43j),(-19+19j),(-24+21j),(-24+12j),(-31+26j),(-38+9j),(-42+14j),(-39+30j),(-37+12j),(-33+14j),(-41+13j),(-40+14j),(-44+17j)
(98+32j),(6+0j),(-1+11j),(-1+5j),(-1+9j),(3-8j),(-3-3j),(-1+2j),(-18-8j),(-23-9j),(-13-15j),(-12-10j),(-24-15j),(-19-10j),(-21-15j),(-12-34j),(-20-28j),(-18-27j),(-15-21j),(-6-21j),(-6-21j),(1-23j),(-2-23j),(3-15j),(8-20j),(12-13j),(13-9j),0j,0j,0j,0j,0j,0j,0j,0j,0j,0j,0j,(-14-1j),(-8+3j),(-7+4j),(-15+10j),(-13+6j),(-5+14j),(-22+5j),(-8+17j),(-11+15j),(-25+8j),(-20+30j),(-18+13j),(-6+33j),(-17+30j),(-15+31j),(-16+34j),(-4+34j),(-14+35j),(-9+26j),(-7+25j),(-8+33j),(-1+24j),(-6+22j),(5+27j),(1+14j),(1+16j)
(-98-32j),(9+0j),(1-8j),(3-7j),(6-6j),(-3+4j),(2+3j),(3+3j),(5+9j),(2+9j),(6+11j),(2+15j),(1+19j),(3+16j),18j,(9+25j),(1+23j),(4+20j),(1+23j),(-7+21j),(-6+20j),(-12+16j),(-13+13j),(-14+18j),(-13+11j),(-14+5j),(-16+1j),0j,0j,0j,0j,0j,0j,0j,0j,0j,0j,0j,5j,(8+9j),(7+5j),(9+6j),(13+9j),(13-2j),(11+2j),(11-2j),(19-1j),(17-4j),(19+2j),(20-11j),(25-10j),(23-11j),(21-11j),(21-13j),(22-12j),(15-19j),(21-17j),(27-12j),(15-18j),(14-25j),(16-17j),(15-16j),(7-19j),(7-14j)
(98+32j),(6+0j),(-1+6j),(-10-4j),-2j,(3-2j),(4-5j),(6-7j),(7-9j),(10-17j),(10-19j),(5-15j),(11-18j),(13-19j),(13-18j),(16-23j),(11-23j),(16-13j),(17-18j),(14-8j),(22-8j),(20-2j),(19-12j),(9-9j),(12-2j),(17+9j),(9+10j),0j,0j,0j,0j,0j,0j,0j,0j,0j,0j,0j,(-7-8j),(-3-11j),(-11-6j),(-3-7j),(-12-4j),(-11-13j),(-16-12j),(-21-13j),(-22-12j),(-17+0j),(-24-2j),(-29-1j),(-27-4j),(-28+2j),(-32+0j),(-32+2j),(-27-3j),(-32+14j),(-28+0j),(-18+13j),(-24+10j),(-30+6j),(-17+7j),(-24+3j),(-22+8j),(-17+3j)
(98+32j),(6+0j),(-3-8j),(1-3j),(-1-9j),(3+4j),(6+0j),(7+1j),(10+0j),(15+4j),(21+7j),(17+12j),(22+11j),(18+15j),(20+20j),(21+8j),(21+21j),(20+11j),(17+20j),(8+22j),(8+17j),(7+21j),(9+21j),(2+22j),(-1+20j),(-9+12j),(-9+13j),0j,0j,0j,0j,0j,0j,0j,0j,0j,0j,0j,(6+1j),(8-3j),(7+1j),(6-4j),(8-3j),(11-10j),(9-8j),(19-14j),(10-16j),(13-18j),(15-24j),(15-24j),(6-29j),(11-35j),(4-26j),(3-26j),(4-29j),(7-38j),(-2-34j),-35j,(6-31j),(3-30j),-23j,(-8-24j),(-8-19j),(-3-13j)
(94-31j),(21+0j),(-8-1j),(-2-1j),(-3-6j),(8-7j),(5-11j),(2+3j),(18+3j),(14+4j),(10-14j),(19+5j),(21+0j),(23-2j),(26+1j),(16+0j),(21+2j),(26+9j),(27+14j),(23+10j),(22+19j),(13+11j),(12+11j),(2+19j),(4+19j),(4+9j),(-4+7j),0j,0j,0j,0j,0j,0j,0j,0j,0j,0j,0j,(2-1j),(3-9j),-11j,(7-9j),(-6-9j),(1-17j),(-12-16j),(-6-19j),(-9-18j),(-9-22j),(-5-24j),(-4-27j),(-17-15j),(-12-26j),(-9-24j),(-25-20j),(-6-21j),(-23-32j),(-21-28j),(-21-25j),(-23-15j),(-17-22j),(-23-18j),(-14-9j),(-20-10j),(-15-14j)
(74-95j),(20+0j),(-6+2j),(2-5j),(2-3j),(-9+1j),(-4+7j),(-8-11j),(-21-3j),(-15-9j),(-22-8j),(-18+0j),(-33-9j),(-26-5j),(-22-12j),(-18-3j),(-24-7j),(-28-12j),(-20-14j),(-20-25j),(-20-16j),(-14-12j),(-15-12j),(-11-16j),(3-22j),-18j,(1-21j),0j,0j,0j,0j,0j,0j,0j,0j,0j,0j,0j,(-2+1j),(-12-4j),(-11+6j),(-12+14j),(-11+13j),(-6+16j),(2+23j),(-2+25j),(-6+18j),(-6+30j),(1+25j),(1+30j),(4+31j),(5+38j),(3+29j),(4+34j),(6+32j),(25+25j),(17+26j),(18+26j),(8+27j),(6+21j),(3+31j),(17+16j),(22+28j),(11+31j)
(-128+0j),(8+0j),(4+0j),(18-1j),(1+9j),(-9+0j),(1+10j),(-7+4j),12j,(-3+16j),(-10+17j),(-12+22j),(-12+21j),(-20+21j),(-16+24j),(-14+22j),(-15+15j),(-18+12j),(-23+14j),(-22+11j),(-22+10j),(-22+9j),(-29+0j),(-23-3j),(-14-5j),(-15-4j),(-22-5j),0j,0j,0j,0j,0j,0j,0j,0j,0j,0j,0j,(3+8j),(5+15j),11j,9j,(14+13j),(13+8j),(22+8j),(21+14j),(22+7j),(18+8j),(22+2j),(30+5j),(36+8j),(30-4j),(31-2j),(40-5j),(39+1j),(33-6j),(28-2j),(33-9j),(23-17j),(35-11j),(28-16j),(26-12j),(21-6j),(14-14j)
(98+32j),(6+0j),(-7-1j),(-12+5j),(-4-3j),(2-3j),(2-7j),(-4-6j),(-3-8j),(3-10j),(1-14j),(-3-13j),(-7-23j),(-1-18j),(1-21j),(-4-25j),(4-20j),(4-22j),(4-27j),(7-23j),(6-21j),(11-13j),(13-13j),(16-12j),(13-7j),(9-4j),(15-3j),0j,0j,0j,0j,0j,0j,0j,0j,0j,0j,0j,(-6-9j),(-5-8j),(-2-9j),(-12+0j),(-8-2j),(-14-2j),(-16-1j),(-22-2j),(-19-3j),(-23+6j),(-20+5j),(-26+9j),(-15+8j),(-24+7j),(-24+10j),(-18+8j),(-31+8j),(-20+18j),(-24+17j),(-25+16j),(-25+12j),(-16+14j),(-12+9j),(-13+15j),(-15+14j),(-13+14j)
(98+32j),(6+0j),(-5-11j),(-4-5j),(6+0j),(4+4j),(1-3j),(4+7j),(9+7j),(10+3j),(20-3j),(15+3j),(12+6j),(9+3j),(18+11j),(16+17j),(13+15j),(21+19j),(13+22j),(10+20j),(4+15j),(4+24j),(3+16j),(4+19j),(-3+14j),(-1+12j),(-12+13j),0j,0j,0j,0j,0j,0j,0j,0j,0j,0j,0j,(6-4j),(7-6j),(4-3j),(3-12j),(8-12j),(-1-10j),(4-23j),(2-15j),(3-14j),(4-25j),(8-24j),(1-25j),(-12-19j),(2-29j),(-7-23j),(-8-30j),(-10-21j),(-9-32j),(-7-22j),(-15-14j),(-12-31j),(-22-18j),(-10-6j),(-9-19j),(-10-25j),(-8-15j)
(-51-48j),(12+0j),(6+8j),(7+12j),(4+12j),(1+13j),(1+16j),(-5+14j),(3+20j),15j,(1+19j),20j,(3+25j),(-1+18j),(4+18j),(2+15j),(2+20j),(5+12j),(2+16j),13j,(2+9j),(1+7j),(-2+0j),(-3-2j),(-3-6j),(-6-9j),(-7-12j),0j,0j,0j,0j,0j,0j,0j,0j,0j,0j,0j,(34-6j),(36-9j),(33-12j),(36-11j),(38-13j),(33-14j),(33-18j),(30-16j),(29-13j),(27-15j),(26-14j),(21-11j),(20-5j),(18-6j),(19-3j),(11-5j),(18+4j),(16+1j),(12+7j),(10+3j),(14+11j),(17+10j),(11+8j),(17+8j),(14+3j),(8+12j)
(94-32j),(5+0j),(23+20j),(11+29j),(15+19j),(1+27j),(-3+21j),(1+33j),(-1+34j),(-1+35j),(-12+36j),36j,(-6+45j),(-5+44j),38j,(-1+38j),(-3+33j),34j,(5+39j),(6+25j),(3+15j),(1+17j),(-9+3j),(-6-13j),(-11-11j),(-11-16j),(-21-21j),0j,0j,0j,0j,0j,0j,0j,0j,0j,0j,0j,(76+15j),(66+13j),(74+9j),(83-2j),(78+2j),(80+4j),(88+2j),(72-8j),(76+8j),(67-8j),(62-6j),(59-1j),(49-3j),(43+1j),(30-1j),(27+8j),(41+12j),(27+14j),(23+22j),(18+23j),(21+28j),(23+28j),(16+32j),(25+21j),(30+30j),(17+22j)
(-3-48j),(15+0j),(-16+30j),(-29+23j),(-16+14j),(-28+12j),(-30+3j),(-26+4j),(-32+19j),(-36+13j),(-43+5j),(-38+22j),(-50+15j),(-43+14j),(-40+15j),(-39+9j),(-32+14j),(-19+17j),(-26+12j),(-20+12j),(-12+5j),(-18+2j),(-2-5j),(-1-5j),(11-7j),(16-21j),(6-27j),0j,0j,0j,0j,0j,0j,0j,0j,0j,0j,0j,(12+75j),(6+73j),(10+78j),(22+74j),(22+76j),(29+65j),(34+71j),(34+67j),(41+66j),(28+61j),(25+64j),(19+44j),(27+43j),(7+36j),(1+43j),(2+35j),(-6+32j),(-5+36j),(-14+19j),(-15+26j),(-11+40j),(-15+32j),(-20+31j),(-23+29j),(-23+33j),(-18+25j)
(-126+32j),(8+0j),(14+5j),(6+11j),(8+1j),(6-1j),(7+12j),(6+5j),(5+12j),(-1+10j),(7+10j),(12+15j),(6+11j),(17+8j),(13+13j),(10+13j),(9+11j),(9+9j),(10+12j),(5+5j),(3+3j),1j,(-1+3j),(-1+0j),(-8-4j),(-8-2j),(-10-6j),0j,0j,0j,0j,0j,0j,0j,0j,0j,0j,0j,(32-18j),(32-21j),(27-22j),(27-26j),(23-29j),(26-27j),(28-26j),(24-27j),(21-30j),(20-20j),(20-26j),(16-20j),(18-17j),(16-16j),(12-9j),(18-8j),(11-8j),(15-3j),(18+1j),(9+2j),(20+2j),(17-3j),(18-2j),(15-1j),(11+5j),(10+3j)
(98+32j),(6+0j),(3-14j),(-3-3j),(-4-2j),-6j,(4+5j),(6+5j),(9+11j),(3+8j),(11+18j),(9+19j),(11+20j),(8+20j),(4+20j),(8+21j),(9+30j),(2+28j),(2+24j),(4+25j),(-2+16j),(-11+26j),(-8+19j),(-7+11j),(-10+12j),(-14+15j),(-21+7j),0j,0j,0j,0j,0j,0j,0j,0j,0j,0j,0j,(6+2j),(7+4j),(8+2j),(8-2j),(9-1j),(12-11j),(20-8j),(16-5j),(24-15j),(17-15j),(17-18j),(21-15j),(22-21j),(25-21j),(21-27j),(19-23j),(20-34j),(13-29j),(17-27j),(20-25j),(14-28j),(8-33j),(10-27j),(3-22j),(8-21j),(5-17j)
(-51-48j),(12+0j),(6+5j),(-2+0j),6j,(-5+1j),(-1+5j),(-10-3j),(-21+2j),(-16+6j),(-18-7j),(-19+2j),(-16+5j),(-21-2j),(-26-9j),(-26-10j),(-26-11j),(-22-4j),(-30-14j),(-13-15j),(-22-16j),(-15-15j),(-16-14j),(-7-18j),(-6-18j),(-8-26j),(-1-17j),0j,0j,0j,0j,0j,0j,0j,0j,0j,0j,0j,(-9+7j),(-7+9j),(-6+8j),(1+7j),(-1+17j),(-2+17j),(2+13j),(4+21j),(1+28j),(9+17j),(9+27j),(13+25j),(12+16j),(6+27j),(16+30j),(8+27j),(18+23j),(22+21j),(25+21j),(20+21j),(19+14j),(11+23j),(15+15j),(19+11j),(16+6j),(15+11j)
(-68-64j),(11+0j),(1+7j),(9+1j),8j,(-10+9j),(-11-4j),(-4+10j),(-3+0j),(-15-5j),(-6+7j),(-15-4j),(-20-3j),(-19+11j),(-18+0j),(-28+5j),(-28+6j),(-29-6j),(-25-6j),(-23-13j),(-17-5j),(-17-14j),(-14-7j),(-8-6j),(-12-7j),(-8-15j),(-7-18j),0j,0j,0j,0j,0j,0j,0j,0j,0j,0j,0j,(-7-2j),(-3+1j),(-8+8j),(-7+12j),(-4+10j),(-6+9j),(-5+18j),(-8+11j),(-8+20j),(11+32j),(4+23j),(5+16j),(10+13j),(15+22j),(17+21j),(14+18j),(17+24j),(21+21j),(19+17j),(14+16j),(14+16j),(18+15j),(20+24j),(18+10j),(14+20j),(7+11j)
(94-32j),(5+0j),(-16+3j),(-12-2j),(-13-4j),(-15-8j),(-9-7j),(-13-7j),(-8-9j),(-13-12j),(-10-13j),(-9-10j),(-11-17j),(-12-14j),(-14-14j),(-10-12j),(-13-8j),(-8-11j),(-7-9j),(-6-7j),(-4-4j),(1-4j),(3-4j),(6+2j),(8-5j),(14+0j),(15-4j),0j,0j,0j,0j,0j,0j,0j,0j,0j,0j,0j,(-30+21j),(-29+20j),(-29+25j),(-30+24j),(-25+29j),(-23+32j),(-24+32j),(-20+33j),(-21+33j),(-21+28j),(-20+20j),(-20+23j),(-19+18j),(-17+18j),(-20+14j),(-20+13j),(-15+7j),(-24+3j),(-21+2j),(-23+4j),(-22-4j),(-21+2j),(-19+4j),(-18+2j),(-21+0j),(-17+5j)
(-51-48j),(12+0j),(-7-16j),(-3-16j),(-1-18j),(2-13j),(9-9j),(9-11j),(8-13j),(6-10j),(10-12j),(8-16j),(13-12j),(10-12j),(11-15j),(11-11j),(9-11j),(11-10j),(9-12j),(4-12j),(8-8j),(2-2j),(1+1j),(4+6j),(-2+9j),(-2+12j),15j,0j,0j,0j,0j,0j,0j,0j,0j,0j,0j,0j,(-23-25j),(-30-26j),(-30-23j),(-33-24j),(-35-20j),(-36-20j),(-38-17j),(-33-18j),(-36-17j),(-34-16j),(-29-15j),(-25-15j),(-23-16j),(-18-14j),(-11-16j),(-16-22j),(-11-20j),(-5-13j),(-9-19j),(-5-16j),(-8-19j),(-5-19j),(-6-21j),(-3-22j),(-6-17j),(-8-23j)
(56-127j),(19+0j),(-2-49j),(-2-30j),(10-20j),(30-17j),(9-22j),(19-12j),(29+1j),(23-16j),(20-18j),(26-11j),(30-31j),(19-13j),(18-26j),(15-17j),(29-30j),(20-17j),(21-15j),(10-4j),(10+0j),(1-4j),(6+11j),(7+12j),(2+6j),(10+23j),(1+29j),0j,0j,0j,0j,0j,0j,0j,0j,0j,0j,0j,(-12-62j),(-17-73j),(-16-70j),(-25-72j),(-33-71j),(-40-63j),(-30-60j),(-38-66j),(-36-54j),(-27-54j),(-39-51j),(-27-40j),(-18-56j),(-21-40j),(4-34j),(-7-33j),(-11-44j),-39j,(-4-47j),(4-48j),(-9-45j),(4-49j),(4-40j),(14-42j),(18-29j),(1-24j)
(76-63j),(20+0j),(4-16j),(-6-14j),(2-21j),(11-11j),(10-11j),-9j,(4-5j),(11-15j),(13-13j),(3-14j),(9-19j),(9-18j),(9-19j),(12-15j),(6-17j),(6-12j),(10-14j),(8-7j),(5-8j),(3-5j),(4+0j),(1+3j),(1+7j),(1+14j),(9+11j),0j,0j,0j,0j,0j,0j,0j,0j,0j,0j,0j,(-30-22j),(-34-18j),(-33-24j),(-35-16j),(-41-17j),(-37-19j),(-37-16j),(-42-15j),(-32-15j),(-35-17j),(-30-9j),(-27-7j),(-24-10j),(-24-14j),(-18-11j),(-17-13j),(-12-19j),(-13-14j),(-10-17j),(-6-18j),(-13-26j),(-15-24j),(-14-21j),(-6-21j),(-4-24j),(-12-17j)
(-68-64j),(11+0j),(3-15j),(8-13j),(3-13j),(5-5j),(-2-9j),(4-8j),(2-11j),(5-9j),(12-6j),(13-15j),(14-9j),(10-9j),(10-10j),(9-13j),(9-14j),(6-12j),(8-7j),(4-5j),(5-6j),(2-2j),(3+1j),(5+4j),(3+5j),13j,(2+13j),0j,0j,0j,0j,0j,0j,0j,0j,0j,0j,0j,(-12-31j),(-14-25j),(-15-28j),(-18-29j),(-24-30j),(-24-29j),(-24-27j),(-24-22j),(-25-26j),(-20-22j),(-19-23j),(-17-23j),(-13-19j),(-12-19j),(-8-21j),(-10-21j),(-8-20j),-17j,(-6-18j),(-5-19j),(-4-18j),(2-21j),(-4-19j),(1-18j),(2-19j),(-2-14j)
(108-64j),(6+0j),(32+18j),(28+18j),(13+13j),(23+27j),(17+14j),(18+31j),(9+20j),(14+33j),(8+31j),(5+40j),(5+33j),(7+34j),(19+35j),(13+30j),(14+28j),(10+24j),(10+22j),(8+21j),(8+12j),(1+11j),(-4+7j),(-20+5j),(-22-5j),(-26-3j),(-24-5j),0j,0j,0j,0j,0j,0j,0j,0j,0j,0j,0j,(61+19j),(65+13j),(70+13j),(73+5j),(77+0j),(79+1j),(78-6j),(74-7j),(65-8j),(70-6j),(66-5j),(54-12j),(59-3j),(59-8j),(44+9j),(41+15j),(38+9j),(29+13j),(34+22j),(45+24j),(38+27j),(38+18j),(34+22j),(38+22j),(40+22j),(25+16j)
(-71-112j),(11+0j),(-2-14j),(-1-10j),(2-9j),(-2-8j),(7-15j),(9-9j),(6-9j),(14-10j),(7-7j),(10-9j),(11-13j),(10-9j),(10-14j),(12-12j),(14-13j),(7-9j),(7-8j),(6-4j),(4-5j),(7+3j),(3+5j),(3+10j),(3+10j),(-2+9j),(1+10j),0j,0j,0j,0j,0j,0j,0j,0j,0j,0j,0j,(-15-34j),(-19-25j),(-17-31j),(-23-28j),(-24-23j),(-24-29j),(-16-14j),(-23-30j),(-17-19j),(-30-16j),(-24-15j),(-19-16j),(-19-15j),(-12-22j),(-11-21j),(-5-14j),(-8-20j),(-2-19j),(-2-26j),(-6-17j),-26j,-22j,(-1-18j),(-6-21j),(-7-14j),(-5-14j)
(-91+80j),(10+0j),(-14-12j),(-16-19j),(-11-13j),(-19-11j),(-14-31j),(-6-30j),(-2-31j),(-11-36j),-28j,(-12-18j),(-18-41j),(-3-31j),(-20-36j),(-10-35j),(-5-36j),(-7-26j),(-2-20j),(-10-22j),(-1-20j),(-2-13j),(14-1j),(13+0j),(14+1j),(29-2j),(28+4j),0j,0j,0j,0j,0j,0j,0j,0j,0j,0j,0j,(-54-23j),(-67-18j),(-68-17j),(-76-9j),(-74-4j),(-80+2j),(-82+3j),(-72+5j),(-70+1j),(-65+4j),(-67+16j),(-55+8j),(-47-3j),(-52-5j),(-50-13j),(-44-15j),(-43-11j),(-37-23j),(-35-29j),(-32-26j),(-32-26j),(-32-12j),(-33-23j),(-33-37j),(-38-30j),(-42-23j)
(-71-112j),(11+0j),(2+23j),(4+23j),(-13+30j),(-7+20j),(-16+14j),(-12+17j),(-14+27j),(-15+17j),(-20+25j),(-25+16j),(-23+24j),(-14+28j),(-34+15j),(-24+16j),(-17+25j),(-21+25j),(-12+21j),(-15+23j),(-16+9j),(-13+0j),(-11-3j),(-6-16j),(-10-22j),(-2-24j),(-9-22j),0j,0j,0j,0j,0j,0j,0j,0j,0j,0j,0j,(28+53j),(32+54j),(45+56j),(48+55j),(53+53j),(53+53j),(53+46j),(59+49j),(56+46j),(58+40j),(51+43j),(56+41j),(39+34j),(29+36j),(35+50j),(22+39j),(19+45j),(11+29j),(14+36j),(9+37j),(6+41j),(15+52j),(14+54j),(7+45j),(-3+44j),(18+33j)
(94-32j),(5+0j),(13+6j),(9+7j),(6+5j),(3+5j),(7+9j),(5+12j),(5+11j),(4+11j),(1+12j),(3+15j),(4+16j),(5+15j),(6+15j),(6+12j),(7+14j),(9+15j),(7+11j),(5+9j),(2+7j),(-3+5j),(-6+2j),(-9+0j),(-9-1j),(-13+0j),(-11-3j),0j,0j,0j,0j,0j,0j,0j,0j,0j,0j,0j,(32+0j),(28-4j),(33-3j),(34-8j),(35-11j),(34-12j),(35-11j),(31-12j),(30-10j),(29-13j),(28-10j),(25-11j),(26-5j),(20-4j),(20+0j),(19+4j),(19+4j),(21+1j),(22+6j),(19+6j),(19+6j),(20+8j),(17+3j),(17+6j),(17+11j),(17+3j)
(98+32j),(6+0j),(-2-1j),(-2+1j),-4j,(2-9j),(5-5j),(7-6j),(8-8j),(12-8j),(14-6j),(12-4j),(23-7j),(15-10j),(22-10j),(21-13j),(17-7j),(23-3j),(21+8j),(24-2j),(30+4j),(17+0j),(16+10j),(14+12j),(9+10j),(5+9j),(5+16j),0j,0j,0j,0j,0j,0j,0j,0j,0j,0j,0j,(6-10j),(7-3j),(5-10j),(1-7j),(-9-8j),(-1-13j),(2-14j),(-7-20j),(-1-21j),(-11-25j),(-10-21j),(-12-16j),(-16-25j),(-18-28j),(-18-18j),(-20-16j),(-19-21j),(-19-13j),(-27-18j),(-22-17j),(-23-16j),(-20-11j),(-24-12j),(-23-10j),(-16-8j),(-9-6j)
(-51-48j),(12+0j),(10+8j),(-2+4j),(-5+2j),(-5+8j),(-14+2j),(-8+6j),(-9+3j),(-12+2j),(-16-2j),(-21-7j),(-25-1j),(-23-2j),(-28-7j),(-26+1j),(-23-1j),(-26-1j),(-30-8j),(-24-14j),(-24-13j),(-12-19j),(-12-14j),(-12-16j),(-7-19j),(-4-17j),(-1-17j),0j,0j,0j,0j,0j,0j,0j,0j,0j,0j,0j,(-10-1j),(-11+6j),(-12+0j),(-4+0j),(-4+8j),(-5+15j),(-7+16j),(-6+16j),(-1+17j),(-4+24j),(5+22j),(-3+30j),(4+27j),(10+29j),(3+32j),(13+26j),(5+32j),(18+26j),(17+31j),(16+29j),(18+21j),(16+19j),(17+14j),(14+12j),(11+8j),(14+9j)
(-96+1j),(26+0j),(-7-5j),-6j,(-1-7j),(6-6j),(6-5j),(10-14j),(9-14j),(13-13j),(12-9j),(16-16j),(17-15j),(15-16j),(18-15j),(21-19j),(21-10j),(20-5j),(25-3j),(28-3j),(19-5j),(15+0j),(19+1j),(18+3j),(14+6j),(13+10j),(5+11j),0j,0j,0j,0j,0j,0j,0j,0j,0j,0j,0j,(6-7j),(4-8j),(7-7j),(4-11j),(-9-8j),(-6-17j),(-11-18j),(-1-21j),(-10-18j),(-11-23j),(-10-27j),(-16-21j),(-21-18j),(-24-16j),(-23-14j),(-28-16j),(-25-16j),(-34-20j),(-28-15j),(-27-12j),(-33-12j),(-21-15j),(-24-15j),(-22-6j),(-22-8j),(-23-5j)
(-96+1j),(26+0j),(-10-13j),(-4-2j),(-2-7j),(-3-3j),(-4-5j),(2-12j),(-1-12j),(-2-19j),(2-10j),(-3-19j),(-2-19j),(-3-18j),-18j,(-2-16j),(-4-17j),-16j,(-1-11j),(-5-8j),(-3-10j),(-1-6j),(1-4j),(5-1j),(6+2j),(7+3j),(9+3j),0j,0j,0j,0j,0j,0j,0j,0j,0j,0j,0j,(-26-17j),(-30-15j),(-29-15j),(-33-14j),(-32-14j),(-33-10j),(-38-12j),(-37-7j),(-36-9j),(-35-10j),(-32-1j),(-28-8j),(-20-9j),(-26-13j),(-23-13j),(-16-13j),(-19-13j),(-14-12j),(-18-10j),(-14-11j),(-14-18j),(-11-17j),(-15-12j),(-14-13j),(-17-12j),(-11-17j)
(-76+65j),(27+0j),(-35+12j),(-25+4j),(-14-1j),(-16+0j),(-21-11j),(-12-5j),(-25-17j),(-37-23j),(-29-11j),(-24-30j),(-40-30j),(-28-23j),(-37-17j),(-39-21j),(-42-21j),(-29-9j),(-19-13j),(-21-14j),(-14-10j),(-15-14j),(-6-12j),(-4-2j),(10-1j),(11-9j),(21-11j),0j,0j,0j,0j,0j,0j,0j,0j,0j,0j,0j,(-54+28j),(-58+36j),(-61+42j),(-60+44j),(-61+50j),(-60+48j),(-63+51j),(-58+49j),(-58+58j),(-52+49j),(-48+46j),(-49+41j),(-50+37j),(-47+23j),(-52+21j),(-40+17j),(-42+22j),(-36+8j),(-36+8j),(-31+11j),(-38+11j),(-33+10j),(-40+17j),(-36+7j),(-43+5j),(-38+10j)
(125-48j),(7+0j),(-11-1j),(-6-7j),(-4-8j),(-7-9j),(-4-11j),-9j,(-5-17j),(-8-9j),-25j,(-8-18j),(3-8j),(-7-17j),(2-6j),(-12-7j),(-10-22j),-6j,(-1-15j),(-9-13j),(-4-10j),(3-12j),(2+2j),(-3-5j),(-1+6j),(8+1j),(8+0j),0j,0j,0j,0j,0j,0j,0j,0j,0j,0j,0j,(-21-8j),(-24-9j),(-31-11j),(-26-7j),(-29-5j),(-24-2j),(-29+5j),(-20+1j),(-30+6j),(-27+2j),(-15-1j),(-21-7j),(-17+10j),(-13-8j),(-15-7j),(-22-10j),(-12-11j),(-11+4j),(-15-16j),(-16-10j),(-1-2j),(-13+2j),(-8+4j),(-11-10j),(-11-9j),(-14-7j)
(-111+16j),(9+0j),(1+12j),(2+9j),(-2+3j),(-1+9j),(-8+11j),(-3+8j),(-5+8j),(-7+9j),(-7+13j),(-9+13j),(-11+17j),(-8+13j),(-9+16j),(-7+15j),(-10+17j),(-7+14j),(-5+8j),(-4+11j),(-4+6j),(-3+4j),(-4+0j),(-6-4j),(-5-8j),(-4-8j),(-6-10j),0j,0j,0j,0j,0j,0j,0j,0j,0j,0j,0j,(19+20j),(25+17j),(27+15j),(33+16j),(30+14j),(31+14j),(35+8j),(31+12j),(36+11j),(30+11j),(27+12j),(24+13j),(23+12j),(18+7j),(17+15j),(16+13j),(13+16j),(10+15j),(9+15j),(11+16j),(12+11j),(15+17j),(12+17j),(11+14j),(8+12j),(9+12j)
(-111+16j),(9+0j),(-1+9j),(-17+3j),(-11+3j),(7+5j),(-4-4j),(-8-8j),(-7-3j),(-11-4j),(-16-15j),(-15-9j),(-11-21j),(-21-20j),(-7-19j),(-19-22j),(-14-19j),(-11-22j),(-9-21j),(-20-19j),(-11-27j),(-9-15j),(-6-24j),(-2-21j),(1-14j),(4-20j),-19j,0j,0j,0j,0j,0j,0j,0j,0j,0j,0j,0j,(-4-7j),(-8-9j),(-10-9j),(-17-10j),(-9-14j),(-10-14j),(-9-9j),(-14+0j),(-23+6j),(-22+3j),(-21+4j),(-25+14j),(-33-1j),(-24+4j),(-24+18j),(-29+19j),(-35+13j),(-24+15j),(-27+12j),(-26+17j),(-16+24j),(-20+21j),(-12+13j),(-2+19j),(-6+20j),(-12+10j)
(98+32j),(6+0j),(-11-3j),(-8+1j),(-10-2j),(-4+0j),(-4-5j),(1-11j),(10-12j),(5-14j),(3-15j),(5-11j),(9-18j),(4-22j),(15-17j),(9-22j),(15-26j),(12-21j),(15-18j),(16-19j),(19-13j),(18-14j),(16-7j),(19-1j),(19-2j),(14+1j),(11+5j),0j,0j,0j,0j,0j,0j,0j,0j,0j,0j,0j,(-4-9j),(-7-7j),(-7-6j),(-11-10j),(-13-9j),(-17-6j),(-15+2j),(-17-4j),(-24-1j),(-21-3j),(-23-2j),(-19+3j),(-38+0j),(-28-2j),(-31+6j),(-33+9j),(-22+5j),(-27+16j),(-23+11j),(-26+16j),(-29+13j),(-27+17j),(-17+10j),(-18+9j),(-16+9j),(-11+7j)
(124-64j),(7+0j),(4+5j),(7-1j),1j,(-3-1j),(4+7j),(-12+3j),(-6+12j),(-13+9j),(-12+9j),(-12+11j),(-12+20j),(-15+17j),(-7+15j),(-25+16j),(-22+20j),(-16+13j),(-21+5j),(-29+1j),(-19+5j),(-27-5j),(-18-1j),(-19-1j),(-13-7j),(-11-15j),(-7-12j),0j,0j,0j,0j,0j,0j,0j,0j,0j,0j,0j,(-7+7j),(-5+5j),(-4+6j),9j,(2+15j),(9+10j),(7+21j),(10+18j),(8+23j),(14+21j),(14+17j),(18+20j),(19+16j),(17+22j),(20+23j),(20+19j),(26+15j),(30+15j),(26+9j),(28+9j),(28+11j),(21+10j),(14+7j),(19-1j),(22+2j),(12+5j)
(-75+80j),(11+0j),(-2+7j),(-11+1j),(-6+3j),(-8-1j),-6j,(-6-11j),(-8-9j),(-13-19j),(-17-11j),(-17-17j),(-18-17j),(-18-13j),(-17-21j),(-6-29j),(-10-27j),(-12-33j),(-9-27j),(-7-28j),(-7-22j),(-3-25j),(6-19j),(3-27j),(7-18j),(6-13j),(13-11j),0j,0j,0j,0j,0j,0j,0j,0j,0j,0j,0j,(-13-1j),(-4-2j),(-7-1j),(-8-2j),(-16+4j),(-15+11j),(-21+8j),(-17+13j),(-17+13j),(-15+13j),(-23+20j),(-21+19j),(-26+15j),(-23+23j),(-11+24j),(-9+27j),(-15+24j),(-13+33j),(-16+30j),(-9+27j),(-11+23j),(-11+32j),(-3+28j),(-2+21j),(-4+29j),(-5+15j)
(-10+96j),(15+0j),(8+5j),(7+4j),(1-1j),(-1+2j),(-2+9j),(-7+4j),(-8+3j),(-6+12j),(-8+5j),(-21+9j),(-13+8j),(-23+2j),(-21+7j),(-27+18j),(-31+7j),(-26+1j),(-25+0j),(-22-6j),(-22-11j),(-17-9j),(-22-8j),(-14-6j),(-9-19j),(-8-19j),(-7-17j),0j,0j,0j,0j,0j,0j,0j,0j,0j,0j,0j,(-6+6j),(2+4j),13j,(3+7j),(9+6j),(6+19j),(12+20j),(8+22j),(7+19j),(8+16j),(12+15j),(19+17j),(21+24j),(22+25j),(25+17j),(27+21j),(31+17j),(25+16j),(34+17j),(27+7j),(25+13j),(29+13j),(32+13j),(26+3j),(18+9j),(18-4j)
(94-32j),(5+0j),(8+2j),(6+8j),(-4+2j),(-9+3j),(-2-2j),(-14+3j),(-10+11j),(-16+3j),(-20+0j),(-18+6j),(-22+8j),(-20-3j),(-19+0j),(-26-2j),(-22+1j),(-23-2j),(-19+1j),(-19-11j),(-19-7j),(-17-11j),(-13-17j),(-10-11j),(-13-16j),(-5-11j),(-1-16j),0j,0j,0j,0j,0j,0j,0j,0j,0j,0j,0j,(-3+1j),(-4+10j),6j,(-2+4j),(4+8j),(1+15j),(1+16j),(10+11j),(7+16j),(5+17j),(12+23j),(5+25j),(20+21j),(17+21j),(19+17j),(19+22j),(21+21j),(22+21j),(22+20j),(18+21j),(19+15j),(18+10j),(14+5j),(15+6j),(20+7j),(11+2j)
(80+0j),(5+0j),(-11+0j),(-8+3j),(-10+0j),(-3-2j),(-7-4j),(-11-3j),(-9-4j),(-5-7j),(-10-8j),(-13-8j),(-13-7j),(-12-10j),(-14-7j),(-11-6j),(-15-7j),(-15-7j),(-7-7j),(-8-7j),(-8-4j),(-3-6j),(-2-3j),(1-4j),(3-5j),(6-6j),(8-6j),0j,0j,0j,0j,0j,0j,0j,0j,0j,0j,0j,(-16+27j),(-15+32j),(-15+32j),(-13+34j),(-12+32j),(-15+41j),(-13+38j),(-6+37j),(-8+33j),(-6+36j),(-9+32j),(-7+33j),(-11+28j),(-12+26j),(-9+22j),(-11+20j),(-13+12j),(-10+17j),(-13+14j),(-14+15j),(-13+15j),(-14+11j),(-10+9j),(-8+11j),(-7+5j),(-12+6j)
(-51-48j),(12+0j),(-1+5j),(-4+4j),(-7+0j),(-8+3j),(-12+3j),(-14-2j),(-14-1j),(-13+1j),(-18-2j),(-20+0j),(-20+0j),(-16+2j),(-19+4j),(-19+7j),(-19+5j),(-15+1j),(-12+5j),(-9+7j),(-11+2j),(-4-1j),(-2-3j),(-4-3j),-9j,(1-5j),(4-12j),0j,0j,0j,0j,0j,0j,0j,0j,0j,0j,0j,(4+34j),(3+38j),(8+38j),(8+40j),(12+41j),(15+39j),(15+42j),(13+40j),(16+36j),(17+37j),(11+34j),(12+32j),(4+31j),(9+29j),(3+26j),(4+23j),20j,(4+22j),22j,(-1+21j),(-4+17j),(-3+17j),(-5+14j),(-6+18j),(-5+11j),(-4+13j)
(94-32j),(5+0j),(-7+4j),(-12-4j),(-12-2j),(-5-5j),(-6-11j),(-8-5j),(-4-15j),(-3-9j),(-6-13j),(-3-13j),(-10-13j),(-9-17j),(-7-8j),(-7+0j),(-12-6j),(-9-5j),(-12-3j),(-6-11j),(-8+3j),(7-7j),(-3-10j),(10+1j),(6+3j),(5+4j),(8+3j),0j,0j,0j,0j,0j,0j,0j,0j,0j,0j,0j,(-21+21j),(-12+21j),(-19+25j),(-13+27j),(-17+29j),(-12+23j),(-6+26j),(-16+32j),(-19+32j),(-6+23j),(-11+13j),(-9+15j),(-3+26j),(-4+10j),(-11+11j),(-13+20j),(-27+19j),(-7+9j),(-13+3j),(-9+2j),(-16-12j),(-13+12j),(-12+6j),(-17+6j),(-11+0j),(-11-5j)
(125-48j),(7+0j),(-6+2j),(-10+9j),(-10+6j),(-8+0j),(-11-6j),(-8-5j),(-3-3j),(-16+3j),(-18-1j),(-11+8j),(-16+6j),(-9-9j),(-19+9j),(-16+5j),(-21-5j),(-19+6j),(-13+1j),(-7+10j),(-10+7j),(-10+4j),(-6-8j),(-6+3j),-5j,(-2-8j),(-1-2j),0j,0j,0j,0j,0j,0j,0j,0j,0j,0j,0j,(5+34j),(-3+33j),(3+32j),(10+28j),(12+34j),(6+37j),(8+28j),(9+27j),(16+38j),(8+23j),(15+26j),(3+24j),(3+34j),(3+31j),(5+26j),(-2+7j),(-4+14j),(-11+8j),(-9+11j),(-5+8j),(-15+22j),(5+9j),(-11+6j),(-10+0j),(5+13j),8j
(-111+16j),(9+0j),(-13+32j),(-13+12j),(-4+9j),(-20+5j),(-22+3j),(-13+1j),(-19-3j),(-24+0j),(-27+15j),(-26+17j),(-44+8j),(-41+13j),(-38+13j),(-36+18j),(-27+14j),(-27+17j),(-25+12j),(-16+11j),(-8+6j),(-8+1j),(-9-3j),(-11-10j),-13j,(2-21j),(1-26j),0j,0j,0j,0j,0j,0j,0j,0j,0j,0j,0j,(4+66j),(1+66j),(13+75j),(11+79j),(21+80j),(27+70j),(19+84j),(34+67j),(23+68j),(27+69j),(18+65j),(24+73j),(8+64j),(8+50j),(-5+50j),(2+49j),42j,(-1+34j),(-3+36j),(5+44j),(-2+33j),(-3+38j),(-12+40j),(-19+23j),(5+19j),(-1+37j)
(124-64j),(7+0j),(-5+11j),(-10+4j),(-6+6j),(-4-1j),(-9+4j),(-10+2j),(-17-1j),(-16+0j),(-23+2j),(-25+19j),(-29+5j),9j,(1+18j),(-26+9j),13j,(-8+17j),(-21+0j),(-3-2j),(-12-3j),(3+11j),(-7-5j),(-3-6j),(-3-2j),(-11-11j),(-6-22j),0j,0j,0j,0j,0j,0j,0j,0j,0j,0j,0j,(-7+38j),(1+42j),(3+33j),(8+41j),(12+46j),(9+35j),(17+41j),(14+46j),(20+42j),(8+16j),(27+29j),(14+19j),(13+32j),(7+21j),(-4+27j),(6+36j),(11+28j),(5+25j),(-6+27j),(-4+2j),(-4+22j),(-5+16j),(2+12j),(-12+15j),(-4+15j),(-7+13j)
(-57+112j),(12+0j),(15+6j),(18+12j),(10+8j),(8-3j),(9+18j),(13+32j),(10+14j),(19+20j),(16+22j),(20+20j),(26+25j),(21+18j),(24+18j),(29+19j),(25+15j),(23+12j),(14+13j),(17+15j),(10+7j),(6+14j),(-2+6j),(-4+5j),(-9+5j),(-18+9j),(-22+7j),0j,0j,0j,0j,0j,0j,0j,0j,0j,0j,0j,(53-43j),(57-51j),(59-47j),(58-45j),(53-62j),(53-56j),(57-69j),(57-64j),(45-67j),(53-61j),(46-50j),(40-57j),(45-45j),(39-51j),(38-27j),(40-28j),(41-21j),(36-31j),(29-12j),(39-19j),(34-19j),(20-16j),(23-11j),(28-3j),(39+1j),(14-5j)
(-75+80j),(11+0j),(13+13j),(-3+13j),(-6+11j),(-8+10j),(-5-7j),(-10+24j),(-2+16j),(-15+30j),21j,(-8+34j),(-12+28j),(-12+45j),(-3+40j),(-9+29j),(-9+31j),(-1+25j),(-4+31j),(-15+23j),(-4+11j),(-5+8j),(-9-2j),(-4-3j),(-14-4j),(-11-9j),(-16-15j),0j,0j,0j,0j,0j,0j,0j,0j,0j,0j,0j,(64+3j),(72+0j),(73-6j),(86-9j),(73-13j),(77-11j),(83-16j),(81-9j),(72-12j),(81-18j),(68-11j),(64-17j),(58+2j),(57-12j),(51-1j),(46+0j),(50+1j),(31+10j),(31+15j),(34+9j),(25+15j),(30+14j),(31+4j),(23+4j),(25+10j),(25+14j)
(-10+96j),(15+0j),(-28-2j),(-10+0j),(-14-8j),(-23-3j),(-15+4j),(-4-13j),(-15-10j),(-3-18j),(-27-25j),(-21-22j),(-29-20j),(-25-29j),(-31-36j),(-22-20j),(-25-17j),(-32-19j),(-14-18j),(-18-13j),(-13-17j),(-4-12j),(8-9j),(2-3j),(5-4j),(12-7j),(24-4j),0j,0j,0j,0j,0j,0j,0j,0j,0j,0j,0j,(-49+44j),(-45+49j),(-53+59j),(-45+63j),(-46+69j),(-43+71j),(-43+75j),(-57+66j),(-40+63j),(-37+68j),(-32+60j),(-31+57j),(-34+51j),(-34+52j),(-39+38j),(-32+30j),(-35+28j),(-22+24j),(-27+21j),(-39+22j),(-23+23j),(-22+17j),(-29+16j),(-26+10j),(-30+6j),(-27-6j)
(-10+96j),(15+0j),(-9+8j),(-7-1j),(-11-1j),(-5+0j),(-8-2j),(-14-4j),(-6-4j),(-11-9j),(-15-1j),(-16-7j),(-17-5j),(-20-4j),(-16-2j),(-15-3j),(-21-2j),(-16-2j),(-11+1j),(-8-2j),(-8+0j),(-5-3j),(1-5j),(2-2j),(2-7j),(5-8j),(8-6j),0j,0j,0j,0j,0j,0j,0j,0j,0j,0j,0j,(-7+30j),(-4+35j),(-3+37j),(-3+36j),(1+36j),(1+40j),(5+40j),(7+36j),(4+33j),(2+33j),(-1+31j),(-1+30j),(1+25j),27j,(-7+21j),(-3+17j),(-8+18j),(-12+16j),(-7+13j),(-7+14j),(-13+8j),(-9+10j),(-9+10j),(-6+12j),(-11+9j),(-8+7j)
(98+32j),(6+0j),(-1+20j),(-5+0j),(-5+5j),10j,(11-7j),(-7-15j),(-7-10j),(-4-12j),(-3-7j),(-15-15j),(-6-19j),(-9-22j),-19j,(-6-18j),(-3-21j),(3-26j),(4-25j),(7-21j),(12-24j),(15-23j),(9-12j),(10-13j),(16-8j),(14-8j),(13-2j),0j,0j,0j,0j,0j,0j,0j,0j,0j,0j,0j,(-13-6j),(-7-2j),(-14-4j),(-11+7j),(-20+4j),(-12+5j),(-11+10j),(-18+1j),(-9+14j),(-12+14j),(-23+26j),(-17+19j),(-23+13j),(-19+23j),(-22+28j),(-13+28j),(-15+26j),(-20+27j),(-18+25j),(-20+24j),(-15+21j),(-14+19j),(-13+22j),(-11+14j),(-15+24j),13j
(98+32j),(6+0j),(-7+10j),(-8+3j),(-4+3j),(2-7j),(7+3j),(2+3j),(5-4j),(15-7j),(11-11j),(13-10j),(22-6j),(19-11j),(15-10j),(16-17j),(17-11j),(20-5j),(17-1j),(19-3j),(18+1j),(17+0j),(14+5j),(15+6j),(13+8j),(13+8j),(3+13j),0j,0j,0j,0j,0j,0j,0j,0j,0j,0j,0j,(5-9j),(5-10j),-12j,(-3-14j),(4-9j),(-7-9j),(-11-14j),(-14-10j),(-13-16j),(-18-16j),(-18-16j),(-14-19j),(-14-28j),(-18-15j),(-20-10j),(-26-15j),(-23-17j),(-27-10j),(-35-15j),(-26-7j),(-24-16j),(-26-17j),(-20-5j),(-23-9j),(-20-8j),(-17-5j)
(-88-128j),(10+0j),(7+5j),(1+2j),2j,(-9+7j),(-13-1j),(-11+6j),(-8+2j),(-16+13j),(-17+7j),(-13+7j),(-19+13j),(-18+1j),(-16+12j),(-26+17j),(-26+7j),(-24+12j),(-27+5j),(-25+0j),(-22+0j),(-20+2j),(-21-11j),(-14-4j),(-19-12j),(-14-8j),(-10-14j),0j,0j,0j,0j,0j,0j,0j,0j,0j,0j,0j,(-11+4j),(-8+6j),(-1+7j),(-5+11j),(-6+12j),(-8+12j),(6+14j),(-4+21j),23j,(3+19j),(2+25j),(11+25j),(12+26j),(14+25j),(16+24j),(20+28j),(26+22j),(18+28j),(16+23j),(27+11j),(20+24j),(25+15j),(17+12j),(20+8j),(14+8j),(12+6j)
(-6-96j),(15+0j),(-3+5j),(-10-5j),(-2-3j),(1-3j),(-2-3j),(-6-6j),(-3-20j),(-2-17j),(-5-28j),(-9-21j),(-5-39j),(-10-37j),(4-22j),(2-24j),(1-27j),(-1-32j),(3-28j),(6-27j),(7-22j),(11-23j),(12-18j),(23-9j),(19-19j),(15-4j),(20+0j),0j,0j,0j,0j,0j,0j,0j,0j,0j,0j,0j,(-1-10j),(-8-7j),(-6-5j),(-13-5j),(-13-13j),(-19-10j),(-19+0j),(-20-4j),(-28-2j),(-20-2j),(-31-6j),(-23+0j),(-33-3j),(-26+5j),(-35+18j),(-39+9j),(-35+12j),(-38+17j),(-38+23j),(-33+16j),(-36+20j),(-19+15j),(-25+8j),(-25+11j),(-17+13j),(-12+5j)
(98+32j),(6+0j),(-5-5j),(-3-3j),(10-1j),(12+2j),(11-1j),(11-3j),(15+4j),(13+11j),(10+8j),(8+4j),(15+9j),(17+15j),(26+21j),(13+12j),(13+20j),(21+8j),(14+26j),(11+19j),(10+15j),(1+16j),(3+22j),(6+20j),(-4+18j),(-8+22j),(-8+15j),0j,0j,0j,0j,0j,0j,0j,0j,0j,0j,0j,(11-4j),(3-4j),(2-8j),(-4-8j),(5-8j),(3-12j),(-6-18j),(-2-26j),(-9-30j),(-6-24j),(-12-25j),(-22-27j),(-12-24j),(-14-25j),(-6-38j),(-13-36j),(-15-29j),(-10-34j),(-13-30j),(-8-30j),(-16-22j),(-18-5j),(-4-18j),(-9-19j),(-12-21j),(-13-15j)
(-51-48j),(12+0j),(-5+7j),(2+9j),(5+4j),(-10+6j),(-10+3j),(-12-7j),(-15-10j),(-14-9j),(-23-5j),(-21-14j),(-15-14j),(-19-9j),(-27-22j),(-28-14j),(-20-15j),(-29-18j),(-9-19j),(-20-20j),(-13-26j),(-5-29j),(-9-26j),(1-18j),(3-26j),(3-19j),(16-11j),0j,0j,0j,0j,0j,0j,0j,0j,0j,0j,0j,(-4-2j),(-6-6j),(-7+7j),(-13+13j),(-13+9j),(-19+11j),(-17+16j),(-18+18j),(-17+19j),(-20+17j),(-17+23j),(-17+28j),(-18+25j),(-13+30j),(-16+28j),(-8+30j),27j,(-17+27j),(6+31j),(1+29j),(-1+34j),(4+32j),(7+34j),(2+30j),(9+24j),(7+19j)
(-46+32j),(13+0j),(-3+9j),(-1+7j),(-7+10j),(-5+10j),(-11+8j),(-13+7j),(-11+11j),(-12+7j),(-11+9j),(-16+12j),(-12+12j),(-15+13j),(-13+15j),(-12+14j),(-17+10j),(-10+15j),(-10+12j),(-8+10j),(-7+9j),(-5+3j),(-5+3j),(-5-3j),(-4-3j),(-1-5j),(-5-10j),0j,0j,0j,0j,0j,0j,0j,0j,0j,0j,0j,(22+24j),(26+21j),(27+19j),(33+18j),(31+18j),(31+19j),(33+16j),(32+15j),(30+16j),(28+12j),(23+16j),(23+11j),(23+13j),(18+11j),(16+12j),(11+12j),(12+14j),(6+14j),(3+15j),(2+15j),(4+15j),(1+14j),(3+17j),(5+16j),15j,(-1+13j)
(-128+0j),(8+0j),(-6-10j),(1-12j),(4-12j),(2-7j),(6-8j),(4-14j),(6-13j),(8-14j),(9-12j),(13-15j),(12-15j),(8-16j),(6-19j),(12-20j),(10-22j),(7-19j),(5-15j),(3-16j),(3-8j),(1-11j),(4-5j),(6+1j),(2+3j),(6+1j),(5+6j),0j,0j,0j,0j,0j,0j,0j,0j,0j,0j,0j,(-25-20j),(-29-19j),(-32-16j),(-30-16j),(-36-10j),(-35-10j),(-38-10j),(-38-11j),(-37-11j),(-29-7j),(-34-9j),(-27-10j),(-25-9j),(-20-13j),(-17-10j),(-17-11j),(-14-17j),(-8-14j),(-7-12j),(-8-17j),(-4-14j),(-4-20j),(-5-12j),(-10-13j),(-6-13j),(-7-8j)
(-39-112j),(13+0j),(7-3j),(11-1j),(9+2j),(9+2j),(10+3j),(12+2j),(15+4j),(13+2j),(18+0j),(18+0j),(17+3j),(20+4j),(23+5j),(18-3j),(21-1j),(18+2j),(18+0j),(12-3j),(10+2j),(7+0j),(6+4j),(4+3j),8j,(-4+4j),(-6+8j),0j,0j,0j,0j,0j,0j,0j,0j,0j,0j,0j,(11-33j),(11-34j),(10-33j),(6-38j),(5-36j),(6-37j),(-2-37j),(1-38j),(1-34j),-32j,(2-30j),(2-28j),-23j,(3-23j),(3-23j),(7-20j),(9-16j),(6-9j),(13-14j),(9-10j),(10-10j),(15-14j),(11-9j),(11-11j),(14-11j),(12-9j)
(94-32j),(5+0j),-15j,(-9-13j),(7-24j),(18-16j),(4-26j),(23-16j),(21-26j),(33-21j),(20-36j),(25-33j),(30-40j),(25-37j),(20-43j),(32-32j),(21-39j),(13-35j),(12-24j),(17-24j),(13-21j),(11-16j),(13-8j),(8-4j),(4+2j),(13+13j),(14+14j),0j,0j,0j,0j,0j,0j,0j,0j,0j,0j,0j,(-58-35j),(-63-30j),(-68-39j),(-76-34j),(-71-32j),(-82-31j),(-80-21j),(-76-24j),(-71-18j),(-71-18j),(-60-17j),(-62-12j),(-48-18j),(-48-21j),(-30-32j),(-30-34j),(-22-36j),(-17-23j),(-7-24j),(-19-31j),(-15-28j),(-6-40j),(-17-40j),(-16-17j),(-7-34j),(-7-30j)
(94-32j),(5+0j),(32+8j),(18+5j),(30+6j),(17+14j),(17+14j),(28+12j),(13+15j),(36+22j),(30+15j),(37+10j),(45+18j),(40+11j),(48+12j),(40+3j),(39+3j),(40+21j),(39+7j),(31+3j),(20+7j),(24+11j),(10+9j),(10+5j),(-1+3j),(-5+15j),(-17+19j),0j,0j,0j,0j,0j,0j,0j,0j,0j,0j,0j,(23-67j),(20-69j),(21-81j),(17-76j),(7-85j),(7-76j),(1-90j),(12-80j),(11-84j),(1-70j),(5-63j),(13-52j),(19-55j),(7-44j),(13-45j),(11-35j),(21-42j),(19-31j),(13-21j),(23-21j),(23-23j),(18-12j),(27-11j),(31-11j),(19-9j),(24-15j)
(94-32j),(5+0j),(7+10j),(2+2j),(-1+6j),(2+8j),(1+6j),(-2+8j),(-4+17j),(2+17j),(3+20j),(3+19j),22j,(1+23j),(3+19j),21j,(1+22j),(4+16j),(1+14j),(1+12j),(2+12j),(-1+6j),4j,(-2+4j),(-7+0j),(-3-3j),(-8-1j),0j,0j,0j,0j,0j,0j,0j,0j,0j,0j,0j,(32-13j),(33-13j),(29-16j),(30-17j),(28-22j),(30-24j),(30-20j),(25-22j),(29-20j),(24-20j),(27-14j),(24-16j),(21-12j),(17-10j),(19-7j),(18-4j),(16-4j),(16+2j),(13+4j),(16+4j),(18+4j),(14+6j),(14+1j),(15+2j),(10+0j),(13+4j)
(-51-48j),(12+0j),(-4+5j),(6+20j),(-4+15j),(-7+14j),(-8+21j),(-14+13j),(-12+18j),(-13+15j),(-12+26j),(-10+28j),(-8+34j),(-4+23j),(-4+24j),(-13+31j),(-2+23j),(-2+25j),33j,(-3+23j),17j,(1+14j),(-5+7j),(-4+1j),(-9-1j),(-8-8j),(-7-10j),0j,0j,0j,0j,0j,0j,0j,0j,0j,0j,0j,(41+19j),(46+18j),(49+16j),(48+13j),(50+8j),(52+6j),(51+3j),(55+9j),(52+4j),(45-2j),(45+8j),(36+6j),(32+9j),(26+5j),(25+11j),(26+9j),(14+12j),(17+9j),(17+15j),(18+12j),(15+22j),(12+13j),(12+19j),(7+20j),(7+15j),(-5+7j)
(108-64j),(6+0j),(-3+16j),(-1+6j),22j,(-10+26j),(-2+25j),(-9+27j),(-23+21j),(-30+24j),(-42+33j),(-30+34j),(-35+36j),(-27+50j),(-23+42j),(-15+44j),(-19+42j),(-14+35j),(-6+31j),(-17+36j),(-5+21j),(-17+18j),(-6+12j),(-8-2j),(-6-6j),(-10-7j),(-7-22j),0j,0j,0j,0j,0j,0j,0j,0j,0j,0j,0j,(58+44j),(52+37j),(65+38j),(65+36j),(71+37j),(72+31j),(77+26j),(78+27j),(73+29j),(65+32j),(59+20j),(61+23j),(52+32j),(46+28j),(36+31j),(26+26j),(25+39j),(24+44j),(19+27j),(16+41j),(13+41j),(17+22j),(7+22j),(-5+28j),(3+25j),(12+33j)
(-34-30j),(45+0j),(2+24j),(20+6j),(4+19j),29j,33j,(-4+28j),(3+36j),(6+18j),(7+51j),(-3+46j),(8+43j),(5+50j),(9+42j),(13+41j),(7+38j),(15+36j),(11+40j),(4+36j),(13+25j),(3+18j),(-9+6j),(-6+8j),(-14+3j),(-9-7j),(-17-1j),0j,0j,0j,0j,0j,0j,0j,0j,0j,0j,0j,(66+5j),(63+1j),(78+0j),(76-8j),(82-16j),(70-10j),(77-28j),(71-29j),(72-24j),(69-22j),(60-21j),(50-18j),(37-23j),(73-9j),(44-11j),(42+14j),(42+12j),(23+6j),(27+2j),(34+17j),(17+17j),(25+13j),(36+12j),(24+7j),(27+30j),(21+21j)
(-128+0j),(8+0j),(3-3j),(9+2j),(8-2j),(-7+0j),(-7+2j),(-6+3j),(-8+0j),(-14+9j),(-12+6j),(-12+7j),(-10+15j),(-9+10j),(-21+9j),(-20+14j),(-26+11j),(-27+9j),(-25+7j),(-18+4j),(-21-4j),(-15-8j),(-22-7j),(-20-5j),(-13-15j),(-11-10j),(-7-12j),0j,0j,0j,0j,0j,0j,0j,0j,0j,0j,0j,(-3+7j),(-3+4j),(2+12j),(4+8j),(4+11j),(11+8j),(13+11j),(8+9j),(13+14j),(20+11j),(25+20j),(24+14j),(18+17j),(25+11j),(26+14j),(28+7j),(30+12j),(27+8j),(26+12j),(33+1j),(31+7j),(22+2j),(26+8j),(25+7j),(20+2j),(14+5j)
(112+2j),(39+0j),(3+3j),(-5-2j),(-10-3j),2j,(-12+4j),(-8-5j),(-7-10j),(-13-8j),(-15-8j),(-14-11j),(-17-12j),(-19-13j),(-19-11j),(-19-9j),(-18-14j),(-18-12j),(-13-17j),(-14-16j),(-8-18j),(-9-19j),(-2-20j),(-3-19j),(2-16j),-9j,(8-14j),0j,0j,0j,0j,0j,0j,0j,0j,0j,0j,0j,(-8+0j),(-9+0j),(-6-1j),(-3+2j),(-7+3j),(-9+10j),(-9+13j),(-7+21j),(-4+12j),(-8+24j),(-8+22j),(-6+23j),(-6+30j),(-9+23j),(2+19j),(-5+19j),(2+27j),(-2+27j),(8+21j),(8+26j),(7+16j),(10+26j),(7+20j),(2+16j),(5+22j),(3+4j)
(-124+66j),(40+0j),(-11-8j),(-14-6j),(3+4j),(6-3j),(15+4j),(4-4j),(10+2j),(11+0j),(14+5j),(13-1j),(17+2j),(14+12j),(18+2j),(26+12j),(19-4j),(31+9j),(24+12j),(13+5j),(21+14j),(15+12j),(13+16j),(16+18j),(-1+17j),(9+13j),(5+13j),0j,0j,0j,0j,0j,0j,0j,0j,0j,0j,0j,(12-1j),(7+3j),(9-2j),(7-7j),-6j,(10-16j),(12-20j),(6-15j),(5-19j),-20j,(12-25j),-29j,(-5-23j),-33j,(4-36j),(1-26j),(-5-21j),(-5-20j),(-17-25j),(-9-30j),(-10-18j),(-15-17j),(-6-29j),(-16-12j),(-20-10j),(-6-13j)
(-98-32j),(9+0j),(-14-4j),(-10-3j),(-15-6j),(-12-5j),(-14-9j),(-18-8j),(-14-11j),(-18-12j),(-23-16j),(-24-20j),(-30-13j),(-24-18j),(-18-15j),(-23-14j),(-19-7j),(-28-16j),(-22-9j),(-18-9j),(-12-9j),(-8-2j),(-11-12j),(-7-5j),(-5-2j),(-3-6j),(6+6j),0j,0j,0j,0j,0j,0j,0j,0j,0j,0j,0j,(20+22j),(19+20j),(21+21j),(17+21j),(21+19j),(22+23j),(17+19j),(20+21j),(12+15j),(19+20j),(16+7j),(8+24j),(18+23j),(16+17j),(2+8j),(7+8j),(-3+1j),(3+2j),(3+3j),(5+0j),(-2+3j),(-7+6j),(-6+5j),(-1+4j),(-10-5j),(-8+0j)
(98+32j),(6+0j),(-2+11j),(-6+10j),(-8+17j),(-9+16j),(-12+16j),(-9+17j),(-10+21j),(-11+21j),(-12+26j),(-9+26j),(-10+29j),(-10+25j),(-9+32j),(-10+25j),(-9+27j),(-9+24j),(-9+22j),(-6+20j),(-4+19j),(-5+12j),(-2+6j),(-1+6j),(-2+2j),(-6-1j),(-4-5j),0j,0j,0j,0j,0j,0j,0j,0j,0j,0j,0j,(23-19j),(24-19j),(25-23j),(22-22j),(24-27j),(23-24j),(19-23j),(22-23j),(19-22j),(17-22j),(16-20j),(12-12j),(14-13j),(14-11j),(14-10j),(10-5j),(6-2j),(8-1j),(5-2j),(6+3j),(7+5j),(6+6j),(4+7j),(4+5j),(3+7j),9j
(98+32j),(6+0j),(14-3j),(13+0j),(19-2j),(20-1j),(22-1j),(25+0j),(26+8j),(25+1j),(28-7j),(31-2j),(13-5j),(30-7j),(34-7j),(29-9j),(39-26j),(27-6j),(27-9j),(19-3j),(28+12j),(14-6j),(11-4j),(6+1j),(-15-1j),(-1+4j),(-3+4j),0j,0j,0j,0j,0j,0j,0j,0j,0j,0j,0j,(-26-24j),(-28-24j),(-41-22j),(-30-21j),(-30-18j),(-34-16j),(-35-29j),(-28-15j),(-31-15j),(-27-15j),(-44-1j),(-22-14j),(-18-13j),(-17-7j),(-26-27j),(-10-8j),(-8-7j),(-3-10j),(-19+10j),(-3-9j),(1-7j),(2-9j),(-11-20j),(3-8j),(6-5j),(9-5j)
(80+0j),(5+0j),(-13-10j),(-15-6j),(-11-9j),(-15-10j),(-15-10j),(-17-15j),(-20-10j),(-21-16j),(-20-16j),(-26-15j),(-26-17j),(-29-12j),(-26-16j),(-26-11j),(-27-9j),(-23-9j),(-24-6j),(-21-8j),(-15-8j),(-14-7j),(-10-5j),(-8-3j),(-1-2j),(1-2j),(7-3j),0j,0j,0j,0j,0j,0j,0j,0j,0j,0j,0j,(7+30j),(4+32j),(7+31j),(6+29j),(10+31j),(12+30j),(15+30j),(11+30j),(9+29j),(8+25j),(7+24j),(9+21j),(6+20j),12j,(1+12j),(-1+13j),(-5+8j),(-1+6j),(-3+7j),(-6+2j),(-7+2j),(-8+1j),(-9+3j),(-10-1j),(-11+1j),(-11-2j)
(-126+32j),(8+0j),(-13-9j),(-12-12j),(-10-12j),(-10-11j),(-14-13j),(-14-17j),(-18-15j),(-18-17j),(-18-17j),(-23-19j),(-20-22j),(-23-21j),(-26-22j),(-22-16j),(-24-16j),(-18-20j),(-18-19j),(-17-16j),(-13-7j),(-11-9j),(-9-5j),(-5-7j),(-3-2j),(4-1j),(2+2j),0j,0j,0j,0j,0j,0j,0j,0j,0j,0j,0j,(9+30j),(13+27j),(15+25j),(16+27j),(16+29j),(22+28j),(15+26j),(14+26j),(13+22j),(13+23j),(12+19j),(11+19j),(7+17j),(5+14j),(2+10j),(3+11j),(-1+9j),(-3+4j),(-3+4j),(-7+5j),(-9+8j),(-8+3j),(-10+3j),(-7+3j),(-8+1j),(-6+3j)
(75-79j),(20+0j),(2+17j),12j,(2+14j),(-2+17j),(-2+17j),(-4+23j),(-1+25j),(-1+23j),(-4+30j),(-2+30j),(-1+29j),(1+28j),(3+28j),(1+25j),(2+25j),(1+27j),(2+25j),21j,(4+18j),(-2+13j),(-6+8j),(1+5j),(-2+0j),(-3-4j),(-4-3j),0j,0j,0j,0j,0j,0j,0j,0j,0j,0j,0j,(10-28j),(12-31j),(8-32j),(8-33j),(5-36j),(8-34j),(4-34j),(7-30j),(6-31j),(4-27j),(5-28j),(4-25j),(7-20j),(7-14j),(7-14j),(7-9j),(6-10j),(7-5j),(4-1j),(6+0j),(5+2j),(8+2j),(4+3j),(6+3j),(6+5j),(5+5j)
(-34-30j),(45+0j),12j,(-5+7j),(-7+14j),(-10+13j),(-10+15j),(-11+18j),(-13+17j),(-8+24j),(-9+24j),(-24+21j),(-11+22j),(-10+27j),(-13+23j),(-3+25j),(-11+27j),(-13+12j),(-15+29j),(-16+16j),(-7+17j),(-2+5j),8j,(5+3j),(4+2j),(-9-4j),(-1-2j),0j,0j,0j,0j,0j,0j,0j,0j,0j,0j,0j,(30-10j),(22-14j),(29-17j),(28-15j),(24-15j),(26-20j),(30-19j),(24-27j),(22-19j),(18-23j),(13-17j),(19-15j),(19-9j),(11-12j),(9-7j),(17+2j),(6+8j),(9+3j),(13-7j),(16+3j),(12+4j),(-1+2j),(9+1j),(4+6j),(8+7j),(-2+11j)
(95-15j),(21+0j),(-9+11j),(-2+8j),(-2+14j),(-6+19j),(-10+15j),(-6+18j),(-7+25j),(-5+21j),(-5+28j),(-1+25j),(-5+29j),(-12+29j),(-5+29j),(-6+25j),(-4+24j),(-4+25j),(-6+27j),(-4+22j),(-1+19j),(-3+13j),(-2+8j),(-2+3j),(-6+2j),-2j,(-8-6j),0j,0j,0j,0j,0j,0j,0j,0j,0j,0j,0j,(25-14j),(28-16j),(24-17j),(25-17j),(26-20j),(29-20j),(23-23j),(20-22j),(23-17j),(20-19j),(21-20j),(14-12j),(15-11j),(11-11j),(9-11j),(9-4j),(9+1j),(10-1j),(8+5j),(9+2j),(7+6j),(6+5j),(4+5j),(1+9j),(8+7j),(-2+8j)
(94-32j),(5+0j),(11+5j),(9+9j),(8+12j),(9+15j),(7+13j),(13+17j),(15+16j),(12+18j),(16+21j),(15+20j),(21+19j),(20+22j),(20+20j),(23+17j),(18+18j),(17+15j),(17+16j),(14+13j),(12+14j),(8+10j),(2+8j),(2+4j),(-1+2j),(-2+1j),(-2-2j),0j,0j,0j,0j,0j,0j,0j,0j,0j,0j,0j,(-3-29j),(-8-28j),(-10-32j),(-11-29j),(-9-31j),(-12-33j),(-12-31j),(-12-29j),(-12-28j),(-11-28j),(-7-25j),(-10-23j),(-4-21j),(-4-18j),(-3-16j),(1-11j),(1-11j),(4-8j),(3-8j),(3-7j),(7-4j),(7-4j),(3+0j),(5-2j),(6+1j),(6+2j)
(-108+64j),(9+0j),(-4+13j),(-5+14j),(-7+14j),(-7+18j),(-13+16j),(-10+20j),(-12+19j),(-12+21j),(-10+22j),(-12+23j),(-11+23j),(-11+26j),(-10+27j),(-10+25j),(-11+26j),(-6+26j),(-6+25j),(-6+18j),(-4+17j),(-7+12j),(-4+10j),(-5+4j),(-1+4j),(-4-1j),(-3-7j),0j,0j,0j,0j,0j,0j,0j,0j,0j,0j,0j,(28-14j),(27-14j),(30-16j),(27-18j),(29-17j),(28-16j),(26-18j),(25-19j),(25-18j),(24-17j),(22-18j),(18-14j),(17-8j),(8-9j),(12-5j),(11-1j),(8+1j),(5+1j),(6-1j),(5+6j),(6+6j),(5+9j),(5+6j),(5+11j),(5+10j),(4+9j)
(98+32j),(6+0j),(2-10j),(-1-4j),(-5-1j),(4+2j),(14-1j),(7+0j),(8-5j),(16+10j),(14+6j),(21+5j),(11-3j),(14-1j),(19+10j),(26+9j),(21+4j),(20+8j),(19+14j),(18+16j),(8+14j),(5+13j),(12+19j),(3+15j),(-6+18j),(-7+13j),(-1+9j),0j,0j,0j,0j,0j,0j,0j,0j,0j,0j,0j,(-1-2j),(2-13j),(1-8j),(1-18j),(2-11j),-14j,(-2-18j),(-4-19j),(-13-14j),(-16-24j),(-4-16j),(-18-26j),(-18-26j),(-14-20j),(-6-26j),(-19-20j),(-30-23j),(-29-26j),(-16-20j),(-20-26j),(-23-24j),(-21-25j),(-21-6j),(-16-13j),(-8-1j),(-8+2j)
(-128+0j),(8+0j),(13-8j),(-1-2j),(-6-3j),(-5+13j),(-7+12j),(-8-1j),(-6+12j),(-1+9j),(-17+4j),(-5+4j),(-18+9j),(-14+19j),(-15+8j),(-13+17j),(-16+10j),(-23+13j),(-18+5j),(-21-1j),(-19+2j),(-22-6j),(-18-13j),(-14-3j),(-5-9j),(-11-17j),(-16-12j),0j,0j,0j,0j,0j,0j,0j,0j,0j,0j,0j,(-6+12j),(6+2j),(3+2j),(10+0j),(6-4j),(9-3j),(14-11j),(18+6j),(22-4j),(20-1j),(25+0j),(22-10j),(23-13j),(31-7j),(23-19j),(28-18j),(20-5j),(26-14j),(26-11j),(29-19j),(21-8j),(22-9j),(9-11j),(19-3j),(20-8j),(18-3j)
(-128+0j),(8+0j),(1+6j),(2+7j),(-2+3j),(-14+5j),(-9+6j),(-6+12j),(-12+3j),(-20+3j),(-15+7j),(-18+1j),(-22+2j),(-9-6j),(-26+5j),(-23+7j),(-25+3j),(-28+2j),(-21-3j),(-21-8j),(-23-11j),(-22-11j),(-16-11j),(-12-12j),(-15-14j),(-8-16j),(-4-20j),0j,0j,0j,0j,0j,0j,0j,0j,0j,0j,0j,(-10+0j),(-9+9j),(-7+7j),(-3+6j),10j,(-2+10j),(-2+18j),(4+19j),(-9+26j),26j,(12+18j),(8+23j),(24+20j),(22+21j),(12+25j),(21+27j),(22+29j),(23+27j),(19+31j),(23+20j),(16+15j),(17+15j),(18+19j),(8+11j),(18-3j),(13+9j)
(108-64j),(6+0j),(-8+3j),(-13+2j),(-8+4j),(2-10j),(5+2j),(7+1j),(17+0j),(11-6j),(13-3j),(18-8j),(17-11j),(19-8j),(20-3j),(24-8j),(28+6j),(29-1j),(18+6j),(14+10j),(19+8j),(13+12j),(14+16j),(16+17j),(5+14j),(-3+14j),14j,0j,0j,0j,0j,0j,0j,0j,0j,0j,0j,0j,(1-8j),(4-11j),(-7-2j),(-5-6j),(-10-8j),(-3-3j),(-15-12j),(-19-10j),(-21-10j),(-25-8j),(-21-7j),(-26-9j),(-30-16j),(-29-14j),(-31-3j),(-40-6j),(-25+3j),(-28-6j),(-29-6j),(-26-8j),(-33-12j),(-22-1j),(-21-10j),(-24+2j),(-23+3j),(-17+1j)
(98+32j),(6+0j),(3+7j),-1j,-3j,(9+3j),(3-8j),-3j,(-2-11j),(6-6j),(-4-14j),(-4-19j),(-2-19j),(-6-22j),(-5-23j),(4-25j),(8-25j),(6-28j),(7-25j),(7-17j),(10-17j),(12-20j),(15-7j),(15-10j),(8-1j),(12+2j),(18+1j),0j,0j,0j,0j,0j,0j,0j,0j,0j,0j,0j,(-3-3j),(-6-4j),(-7+2j),(-9+5j),(-12+5j),(-7+8j),(-13+14j),(-10+10j),(-14+9j),(-17+15j),(-9+11j),(-17+17j),(-16+19j),(-19+20j),(-19+28j),(-15+27j),(-20+22j),(-15+21j),(-8+24j),(-12+16j),(-8+26j),(-11+18j),(-8+25j),(-17+16j),(-3+21j),(1+13j)
(-51-48j),(12+0j),(-2-4j),(3-5j),(-2-4j),(5-2j),(5+9j),(1+8j),(9+1j),(17+13j),(14+11j),(13+11j),(17+13j),(21+13j),(12+13j),(17+15j),(15+15j),(10+14j),(15+23j),(12+21j),(7+27j),(3+19j),22j,(-6+26j),(-6+25j),(-9+12j),(-13+13j),0j,0j,0j,0j,0j,0j,0j,0j,0j,0j,0j,(4+5j),(4+3j),(11-4j),(10-2j),(9-5j),(17-9j),(12-12j),(15-14j),(13-16j),(17-11j),(15-20j),(12-26j),(10-22j),(15-30j),(10-29j),(3-27j),(6-27j),(2-32j),(6-20j),(6-29j),(-5-28j),(-4-26j),(-7-30j),(-6-25j),(2-16j),-23j
(-120-127j),(24+0j),(-1-2j),(-10+3j),(11+0j),(-2+2j),(-5+4j),(2+4j),(11-3j),(13+8j),(17+15j),(15+16j),(7+14j),19j,(3+15j),(3+14j),(1+24j),(9+25j),(9+18j),(-5+19j),(-2+15j),(-5+12j),(-8+10j),(-13+12j),(-16+6j),(-13+5j),(-16+3j),0j,0j,0j,0j,0j,0j,0j,0j,0j,0j,0j,(6-6j),(10-3j),(10-12j),(6-8j),(2-13j),(3-14j),(6-13j),(7-16j),(2-16j),(2-19j),-22j,(-4-24j),(-2-26j),(-4-31j),(-4-30j),(-3-28j),(-6-38j),(-6-31j),(-10-23j),(-2-29j),(-17-27j),(-9-23j),(-7-28j),(-9-24j),(-7-18j),(-8-11j)
(94-32j),(5+0j),-5j,(3-21j),(-2-12j),(7-12j),(4-14j),(10-23j),(3-17j),(7-22j),(5-19j),(7-23j),(8-19j),(7-23j),(2-22j),(-2-24j),(4-22j),(-1-19j),(1-18j),(1-16j),(6-10j),(3-8j),(2-6j),(2-1j),(1-1j),(5+4j),(4+4j),0j,0j,0j,0j,0j,0j,0j,0j,0j,0j,0j,(-22+17j),(-24+20j),(-23+21j),(-22+22j),(-22+23j),(-22+23j),(-20+24j),(-19+23j),(-21+24j),(-16+19j),(-16+20j),(-15+13j),(-13+12j),(-13+14j),(-14+11j),(-10+5j),(-7+1j),(-8+7j),(-5-2j),(-5-2j),(-4-2j),(-6-5j),(-8-9j),(-1-15j),(-3-2j),(5-13j)
(52+64j),(3+0j),(36-8j),(41-9j),(48+14j),(52-6j),(29+8j),(57-19j),(45-25j),(52+0j),(55-10j),(69-21j),(73+0j),(70-22j),(59-15j),(54-7j),(56-3j),(42-8j),(39+2j),(35-13j),(32+5j),(20-7j),(10+5j),(7+5j),(-1+6j),(-7+6j),(-6+15j),0j,0j,0j,0j,0j,0j,0j,0j,0j,0j,0j,(-74-30j),(-64-27j),(-72-27j),(-82-29j),(-88-28j),(-78-25j),(-86-21j),(-78-23j),(-74-15j),(-72-26j),(-62-22j),(-60-18j),(-60-25j),(-31-9j),(-28-18j),(-30-21j),(-19-17j),(-9-11j),(-13-9j),(5+2j),(-10-23j),(10-8j),(6+4j),(25+2j),(20-3j),(24-9j)
(-98-32j),(9+0j),(10-32j),(22-48j),(8-26j),(1-49j),(-1-50j),(25-67j),(8-58j),(-7-43j),(9-82j),(18-66j),(25-63j),(2-74j),(9-61j),(-2-54j),(-2-60j),-41j,(1-42j),(-7-36j),(6-28j),(7-25j),(-2-11j),(9-12j),(11+1j),(12+10j),(11+8j),0j,0j,0j,0j,0j,0j,0j,0j,0j,0j,0j,(-68+28j),(-70+32j),(-67+32j),(-68+41j),(-75+44j),(-69+38j),(-70+48j),(-57+43j),(-62+40j),(-55+46j),(-58+42j),(-46+33j),(-50+17j),(-37+35j),(-35+20j),(-36+13j),(-25-4j),(-18-7j),(-10-8j),(-2-12j),(-8-3j),(-3-1j),(7-23j),(-1-34j),(-6-17j),-27j
(94-32j),(5+0j),(-28-6j),(-6-28j),(-42-13j),(-45-18j),(-54-19j),(-58-18j),(-48-20j),(-56-22j),(-51-22j),(-65-17j),(-72-21j),(-53-10j),(-62-12j),(-54-14j),(-66-28j),(-42-5j),(-37-13j),(-48+6j),(-26-14j),(-22-7j),(-7-15j),(-9-8j),(5-8j),(15-10j),(13-11j),0j,0j,0j,0j,0j,0j,0j,0j,0j,0j,0j,(58+50j),(67+39j),(56+46j),(65+43j),(67+45j),(70+45j),(71+47j),(70+39j),(59+38j),(55+38j),(52+32j),(44+35j),(47+40j),(36+18j),(32+22j),(16+20j),(13+26j),(6+24j),(3+16j),(-1+11j),(-7+14j),(-11-3j),(-14+10j),-5j,(-21-9j),(-23-11j)
(-128+0j),(8+0j),(12-42j),(23-46j),(15-31j),(36-35j),(17-37j),(38-40j),(16-23j),(20-46j),(29-44j),(19-70j),(37-49j),(41-52j),(26-55j),(1-64j),(15-63j),(15-42j),(18-44j),(19-35j),(17-21j),(15-20j),(10-2j),-5j,(8+3j),(2+9j),(9+24j),0j,0j,0j,0j,0j,0j,0j,0j,0j,0j,0j,(-71+12j),(-77+24j),(-71+19j),(-82+33j),(-75+16j),(-83+34j),(-84+30j),(-83+28j),(-79+35j),(-80+28j),(-60+29j),(-50+23j),(-50+25j),(-43+13j),(-40+14j),(-31+6j),(-16+4j),(-32+1j),(-12+9j),(-16-1j),(11-13j),(-14-2j),(-23-20j),-32j,(3-27j),(18-32j)
(-123+80j),(8+0j),(24-14j),(31-12j),(43-1j),(38-9j),(46-16j),(58-14j),(61-16j),(57-14j),(63-15j),(73-4j),(62-18j),(72-26j),(64-20j),(57-27j),(57-20j),(46-17j),(39-17j),(26-10j),(22-17j),(25-11j),(14-7j),(16+9j),(1+7j),(-4+13j),(-11+10j),0j,0j,0j,0j,0j,0j,0j,0j,0j,0j,0j,(-59-43j),(-49-45j),(-67-45j),(-68-47j),(-74-42j),(-70-30j),(-75-44j),(-69-36j),(-71-34j),(-62-41j),(-65-34j),(-54-29j),(-52-31j),(-36-17j),(-31-20j),(-32-17j),(-16-20j),(-1-11j),(-3-5j),(1-22j),(1-18j),(8+3j),(8-18j),(14-10j),(18-5j),(24-13j)
(113+16j),(7+0j),(10-2j),(17+4j),(18+4j),(20+2j),(13+5j),(25+8j),(23+4j),(25+5j),(24+8j),(23+9j),(27+5j),(26+2j),(22+5j),(24-3j),(22+4j),(20+4j),(20+1j),(18+2j),(9+1j),(6+2j),(9+2j),(6+3j),(1+3j),(-3+1j),(-5+2j),0j,0j,0j,0j,0j,0j,0j,0j,0j,0j,0j,(-23-23j),(-25-22j),(-27-22j),(-31-22j),(-28-18j),(-26-21j),(-28-23j),(-28-16j),(-25-18j),(-23-15j),(-24-15j),(-18-16j),(-22-17j),(-16-13j),(-10-15j),(-6-4j),(-8-8j),(-2-10j),(-1-10j),-9j,(1-4j),(2-5j),(4-8j),(9+0j),(4-2j),(17+1j)
(-128+0j),(8+0j),(44-21j),(45-19j),(41-5j),(48-14j),(41-12j),(54-13j),(52-23j),(60-14j),(65-17j),(68-17j),(62-21j),(62-15j),(55-18j),(60-19j),(50-24j),(46-18j),(39-15j),(33-21j),(26-13j),(21-1j),(14+5j),(14+4j),(7+7j),(1+16j),(-12+14j),0j,0j,0j,0j,0j,0j,0j,0j,0j,0j,0j,(-62-48j),(-57-46j),(-72-46j),(-69-41j),(-72-47j),(-64-36j),(-78-37j),(-78-36j),(-68-34j),(-65-34j),(-64-27j),(-47-25j),(-53-30j),(-37-13j),(-27-22j),(-27-21j),(-12-12j),(-3-9j),(-4-22j),(2-22j),(5-21j),(13-20j),(16-13j),(18-25j),(23-17j),(22-6j)
(124-64j),(7+0j),(16+21j),(13+26j),(20+41j),(26+28j),(19+36j),(23+49j),(24+53j),(27+53j),(30+52j),(27+58j),(25+55j),(35+43j),(42+47j),(26+45j),(42+39j),(31+38j),(28+30j),(17+29j),(18+32j),(8+16j),(-3+15j),(-2+6j),(-7+12j),(-14+5j),(-21-1j),0j,0j,0j,0j,0j,0j,0j,0j,0j,0j,0j,(16-70j),(22-68j),(16-77j),(21-77j),(18-83j),(19-82j),(7-82j),(1-80j),(16-72j),(12-75j),(6-58j),(4-61j),(14-52j),(8-30j),(14-39j),(10-36j),(16-28j),(19-22j),(5-19j),(8-3j),(18+6j),(20+3j),(5+6j),(23+14j),(17+23j),(23+15j)
(-128+0j),(8+0j),(18-27j),(42-19j),(41-23j),(52-25j),(41-26j),(40-35j),(44-26j),(50-25j),(52-34j),(60-39j),(48-35j),(54-42j),(41-35j),(39-32j),(41-39j),(34-38j),(40-26j),(34-25j),(20-25j),(17-16j),(16-2j),(13+2j),(8+3j),(3+8j),17j,0j,0j,0j,0j,0j,0j,0j,0j,0j,0j,0j,(-63-6j),(-71-15j),(-74-1j),(-84-6j),(-86-6j),(-86-4j),(-85-2j),(-82+7j),(-74-3j),(-67+4j),(-67-2j),(-59+1j),(-46-2j),(-43-4j),(-38-7j),(-33-10j),(-23-8j),(-24-6j),(-14-11j),(-10-19j),(-6-8j),(8-15j),(1-16j),(15-20j),(4-20j),(14-21j)
(-98-32j),(9+0j),(-32+0j),(-41-8j),(-49-8j),(-40-11j),(-56-6j),(-43-25j),(-50-2j),(-59+2j),(-63-7j),(-59-9j),(-71-13j),(-70+4j),(-69-5j),(-59+5j),(-61+5j),(-53+2j),(-45+4j),(-42+2j),(-35-2j),(-22-4j),(-26-4j),(-16-7j),(-2-7j),(4-13j),(6-19j),0j,0j,0j,0j,0j,0j,0j,0j,0j,0j,0j,(39+58j),(48+59j),(45+56j),(56+61j),(58+57j),(51+47j),(55+58j),(58+49j),(61+52j),(49+52j),(45+39j),(49+47j),(45+46j),(34+31j),(34+33j),(27+26j),(14+27j),(8+17j),(11+26j),(-4+12j),(-2+17j),(-9+12j),(-20+4j),(-11+11j),(-25-1j),(-24-9j)
(-98-32j),(9+0j),(-7+3j),(-8+2j),(-2-15j),(9+0j),(9-8j),(9-6j),(12-8j),(17-13j),(5-12j),(12-14j),(10-13j),(18-10j),(19-7j),(23-17j),(24-10j),(26-6j),(23-10j),(23-5j),(19-4j),(19+6j),(23+7j),(17+6j),(17+6j),(14+15j),(11+15j),0j,0j,0j,0j,0j,0j,0j,0j,0j,0j,0j,(2-8j),(3-7j),(1-16j),(-2-18j),(1-6j),(-15-10j),(-7-12j),(-8-19j),(-26-14j),(-20-8j),(-21-9j),(-24-14j),(-33-16j),(-30-17j),(-29-16j),(-32-9j),(-25-9j),(-25-7j),(-32-8j),(-31-7j),(-28-10j),(-30+4j),(-24-6j),(-20-5j),(-23+1j),(-29+1j)
(98+32j),(6+0j),(-10+0j),(-2+3j),-2j,(3-9j),(2-5j),(2-14j),(7-15j),(10-10j),(8-19j),(6-19j),(9-20j),(19-24j),(14-25j),(13-23j),(17-16j),(16-21j),(23-18j),(17-15j),(20-15j),(23-12j),(18-10j),(22+3j),(18-1j),(16+4j),(18+8j),0j,0j,0j,0j,0j,0j,0j,0j,0j,0j,0j,-13j,(-1-11j),(-2-7j),(-3-13j),(-12-14j),(-9-13j),(-9-5j),(-14-12j),(-22-8j),(-25-8j),(-29-10j),(-27-8j),(-28-5j),(-32+3j),(-26-4j),(-32+0j),(-33+2j),(-31+4j),(-32-1j),(-33+4j),(-25+9j),(-28+5j),(-20+13j),(-20+8j),(-25+0j),(-9+5j)
(98+32j),(6+0j),(9+6j),(7-3j),(4+3j),(-8+2j),(-7+1j),(1+8j),(-5+17j),(-12+3j),(-1+21j),(-2+20j),(2+15j),(-5+24j),(1+21j),(-12+22j),(-6+26j),(-10+17j),(-14+20j),(-11+19j),(-13+9j),(-12+13j),(-20+13j),(-16+8j),(-19+2j),(-22-6j),(-18-6j),0j,0j,0j,0j,0j,0j,0j,0j,0j,0j,0j,(-3+5j),(1+7j),(5+11j),(10+5j),(2+9j),(5+9j),(15+7j),(15+9j),(20+6j),(19+7j),(22+6j),(29+5j),(25+5j),(26-2j),(32-3j),(29+3j),(27+2j),(35-10j),(32-6j),(18-3j),(24-9j),(27-14j),(20-15j),(17-9j),(12-7j),(22-10j)
(-51-48j),(12+0j),(2+3j),(-3+4j),(-4+0j),(-3-7j),(-1-2j),(1-3j),(-5-8j),(-14-10j),(-7-14j),(-14-14j),(-10-16j),(-19-24j),(-18-27j),(-11-19j),(-20-26j),(-10-24j),(-5-27j),(-2-24j),(-5-22j),(-1-22j),(2-19j),(5-17j),(10-20j),(7-14j),(18-8j),0j,0j,0j,0j,0j,0j,0j,0j,0j,0j,0j,(-3-10j),(-14-9j),(-12-6j),(-7-6j),(-5+1j),(-15+2j),(-10+6j),(-15+6j),(-14+8j),(-18+9j),(-25+15j),(-18+14j),(-26+22j),(-18+24j),(-16+18j),(-12+23j),(-15+21j),(-14+22j),(-16+22j),(-9+28j),(-1+26j),(-11+29j),(-16+22j),(-11+24j),(1+11j),(1+18j)
(69+81j),(20+0j),(3+18j),(4+20j),(3+20j),(-1+21j),(4+24j),23j,27j,(5+25j),(4+23j),(4+24j),(4+26j),(8+26j),(7+25j),(5+23j),(2+20j),(9+21j),(4+18j),(2+11j),(4+12j),(1+11j),(-2+7j),(-1+2j),(-3-2j),(-8-1j),(-7-6j),0j,0j,0j,0j,0j,0j,0j,0j,0j,0j,0j,(9-34j),(8-34j),(4-35j),(6-34j),(4-37j),(4-35j),(2-37j),(2-33j),-33j,(2-33j),(2-30j),(4-26j),(4-22j),(4-20j),(1-15j),(5-13j),(3-8j),(5-6j),(7-1j),(3+1j),(1+2j),(4+7j),(7+9j),(5+9j),(6+10j),(3+11j)
(89-111j),(21+0j),(-15+10j),(-17+11j),(-20+6j),(-21+7j),(-28+9j),(-20+8j),(-23+9j),(-24+12j),(-26+13j),(-22+11j),(-21+11j),(-22+16j),(-18+10j),(-19+13j),(-16+11j),(-16+9j),(-13+9j),(-14+7j),(-10+7j),(-8+5j),(-9+1j),(-3-5j),(1-2j),-6j,(1-7j),0j,0j,0j,0j,0j,0j,0j,0j,0j,0j,0j,(32-1j),(32-4j),(32-6j),(36-5j),(38-5j),(32-8j),(32-8j),(34-6j),(32-6j),(27-7j),(24-7j),(26-6j),(23-7j),(18-2j),(14-2j),(16+3j),(8+4j),(6+0j),(-1+6j),(3+5j),(-2+6j),(-5+9j),(-8+9j),(-7+7j),(-7+10j),(-11+6j)
(-108+64j),(9+0j),(-16+13j),(-13+13j),(-14+17j),(-20+20j),(-16+19j),(-22+17j),(-17+20j),(-18+16j),(-14+18j),(-14+19j),(-16+18j),(-13+19j),(-12+21j),(-13+17j),(-13+16j),(-9+17j),(-5+19j),(-9+14j),(-4+8j),(-6+8j),(-6+3j),(-2-1j),(-2-4j),-5j,(-5-8j),0j,0j,0j,0j,0j,0j,0j,0j,0j,0j,0j,(32-7j),(33-6j),(33-11j),(35-8j),(33-8j),(34-11j),(32-12j),(29-11j),(33-14j),(29-15j),(24-10j),(24-11j),(21-6j),(18-8j),(17-1j),(9-2j),(7+0j),(3-1j),(6+8j),7j,4j,(-3+4j),(2+10j),(-6+12j),(-10+10j),(-7+6j)
(-98-32j),(9+0j),-15j,(2-22j),(-1-21j),(-6-20j),(1-23j),(-1-24j),(-1-27j),(-3-28j),(-5-24j),(-5-25j),(-9-27j),(-8-25j),(-6-28j),(-10-21j),(-11-16j),(-5-18j),(-4-14j),(-2-14j),(2-9j),(3-14j),(-4-8j),(6+2j),(1-1j),(4+0j),(3+3j),0j,0j,0j,0j,0j,0j,0j,0j,0j,0j,0j,(-11+31j),(-14+30j),(-14+33j),(-10+35j),(-9+30j),(-10+37j),(-10+36j),(-7+37j),(-10+34j),(-9+33j),(-13+28j),(-8+27j),(-6+24j),(-12+16j),(-5+18j),(-5+9j),(-9+3j),(-9+4j),(-7-5j),(-7-4j),(-9-3j),(-9-5j),(-3-6j),(-4-10j),(-4-14j),(-3-11j)
(94-32j),(5+0j),(-18+2j),(-25-4j),(-22-2j),(-23-6j),(-26+2j),(-30+2j),(-29+1j),(-27+2j),(-26-3j),(-27+3j),(-24+4j),(-27+3j),(-23+6j),(-22+2j),(-23-1j),(-17+2j),(-17+4j),(-13+2j),(-13-1j),(-9-2j),(-5+0j),(-2-2j),(-2-1j),(4-5j),(4-7j),0j,0j,0j,0j,0j,0j,0j,0j,0j,0j,0j,(25+15j),(24+18j),(29+21j),(31+22j),(28+13j),(34+17j),(28+15j),(32+16j),(32+17j),(28+12j),(26+13j),(21+7j),(25+11j),(14+8j),(13+11j),(10+10j),(8+7j),(2+2j),(6+3j),(-4+5j),(-3+4j),(-5+2j),(-8+2j),(-10+2j),(-14-1j),(-14-1j)
(94-32j),(5+0j),(-7-20j),(-7-19j),(-5-24j),(-4-25j),(-4-25j),(-6-25j),(-10-24j),(-7-25j),(-7-25j),(-11-25j),(-13-22j),(-11-25j),(-10-23j),(-11-23j),(-9-17j),(-4-17j),(-6-18j),(-6-14j),(-5-8j),(-3-7j),(-2-7j),-2j,(4+1j),(6+0j),(7+5j),0j,0j,0j,0j,0j,0j,0j,0j,0j,0j,0j,(-6+33j),(-4+29j),(-4+34j),(-4+34j),(-4+36j),35j,(-3+37j),(-1+35j),(-1+34j),(-1+30j),(1+29j),(-1+27j),(-2+21j),(-3+19j),(-5+16j),(-3+14j),(-4+7j),(-6+7j),(-6+1j),(-8-2j),(-5-2j),(-9-7j),(-6-4j),(-6-11j),(-7-12j),(-6-12j)
(-51-48j),(12+0j),(17-10j),(16-12j),(17-14j),(18-15j),(17-12j),(17-16j),(20-17j),(20-15j),(16-15j),(16-18j),(19-20j),(17-19j),(16-20j),(17-14j),(12-19j),(12-19j),(5-14j),(10-12j),(7-10j),(4-6j),(3-2j),(4+0j),(1+0j),3j,(-2+8j),0j,0j,0j,0j,0j,0j,0j,0j,0j,0j,0j,(-31+6j),(-33+5j),(-34+6j),(-35+6j),(-35+9j),(-35+9j),(-35+11j),(-33+10j),(-34+9j),(-29+11j),(-27+10j),(-26+5j),(-22+4j),(-21+5j),(-15+5j),(-14+1j),(-9-3j),(-6+1j),(-6-4j),(-3-7j),(1-8j),(2-8j),-7j,(5-11j),(6-10j),(8-10j)
(-98-32j),(9+0j),(8-2j),(2+7j),(-1+4j),(-1+3j),(-2+2j),(-13+8j),(-7+6j),(-6+9j),(-10+5j),(-13+9j),(-6+19j),(-11+17j),(-16+14j),(-16+22j),(-19+12j),(-14+16j),(-14+13j),(-22+8j),(-20+7j),(-18+2j),(-19-3j),(-20-4j),(-20-4j),(-13-7j),(-12-9j),0j,0j,0j,0j,0j,0j,0j,0j,0j,0j,0j,(-6+7j),(-2+8j),3j,(6+6j),(11+7j),(5+8j),(15+4j),(10+6j),(16+6j),(19+7j),(24+6j),(25+6j),(17+4j),(27+4j),(29+1j),(22+0j),(33-4j),(23-5j),(26-6j),(18+5j),(23-4j),(27-12j),(16-1j),(17-2j),(22-8j),(18-5j)
(125-48j),(7+0j),(-18+1j),(-4-5j),(1-2j),(2-7j),(7-4j),(4-10j),(12-15j),(12-15j),(5-19j),(12-19j),(12-21j),(15-20j),(20-20j),(25-20j),(26-20j),(21-17j),(19-22j),(27-12j),(19-6j),(24-10j),(26-6j),(15+0j),(21+4j),(17+7j),(16+12j),0j,0j,0j,0j,0j,0j,0j,0j,0j,0j,0j,(-1-13j),(7-11j),(2-8j),(-3-11j),(-3-7j),(-7-12j),(-6-18j),(-21-16j),(-17-18j),(-23-23j),(-27-14j),(-22-16j),(-27-14j),(-32-17j),(-30-8j),(-34-16j),(-36-8j),(-33-14j),(-30-1j),(-33+1j),(-32-5j),(-26-1j),(-21+3j),(-31+5j),(-20+3j),(-18+5j)
(-111+16j),(9+0j),(3+3j),(8+8j),(8+2j),(-10+16j),(-8+8j),(-8+11j),(-17+8j),(-9+11j),(-11+5j),(-13+7j),(-18+10j),(-20+8j),(-20+11j),(-30+14j),(-28+3j),(-27+5j),(-24+16j),(-34-3j),(-28+0j),(-26-1j),(-17-8j),(-19-4j),(-23-10j),(-22-7j),(-16-19j),0j,0j,0j,0j,0j,0j,0j,0j,0j,0j,0j,(-11+13j),(-2+2j),(-3+6j),(-3+7j),(2+7j),(-11+12j),17j,(10+16j),(10+18j),(10+22j),(5+28j),(15+23j),(11+20j),(17+27j),(18+26j),(25+22j),(22+22j),(20+14j),(26+20j),(19+10j),(17+7j),(32+11j),(17+5j),(20+3j),(22+8j),(17-5j)
(98+32j),(6+0j),(3-5j),(5-4j),(-3+5j),(-4+7j),(3+3j),(-1+2j),(-1+13j),(-2+14j),(3+10j),(-11+20j),(-2+23j),(-6+20j),(-6+15j),(-14+23j),(-19+20j),(-14+18j),(-18+22j),(-19+18j),(-16+7j),(-15+9j),(-21+2j),(-20+4j),(-13-1j),(-12-10j),(-19-10j),0j,0j,0j,0j,0j,0j,0j,0j,0j,0j,0j,(4+9j),(3+6j),(10+2j),(9+1j),(5-5j),(5+5j),(12-3j),(10+0j),(5-3j),(21-8j),(18-23j),(13-9j),(27-14j),(19-17j),(26-15j),(18-11j),(20-13j),(18-14j),(17-17j),(17-18j),(24-20j),(16-25j),(14-17j),(13-15j),(11-14j),(3-9j)
(-51-48j),(12+0j),(-2-1j),(-7-4j),(-6-3j),(2-5j),(3+0j),(7-9j),(10-2j),(17-8j),(11-7j),(18-6j),(24-9j),(22-9j),(21-4j),(27-4j),(23-2j),(26+0j),(21+4j),(29+3j),(23-1j),(19+9j),(15+9j),(9+16j),(11+12j),(5+14j),(3+13j),0j,0j,0j,0j,0j,0j,0j,0j,0j,0j,0j,(6-10j),(2-6j),(-2-7j),(-1-15j),-10j,(-3-12j),(2-19j),(-5-18j),(-11-15j),(-12-19j),(-17-16j),(-15-17j),(-21-28j),(-18-15j),(-27-16j),(-32-13j),(-29-12j),(-23-15j),(-27-14j),(-28-14j),(-24-15j),(-20-9j),(-26-12j),(-23-12j),(-20-6j),(-15-1j)
(94-32j),(5+0j),(7+13j),(4+17j),(5+16j),(8+16j),(7+17j),(11+16j),(9+15j),(10+17j),(11+16j),(13+16j),(11+17j),(12+16j),(10+15j),(12+11j),(8+12j),(10+12j),(5+10j),(4+7j),(5+3j),(1+2j),(-1-1j),(-2+3j),(-6-2j),(-8-5j),(-5-5j),0j,0j,0j,0j,0j,0j,0j,0j,0j,0j,0j,(-19-27j),(-21-29j),(-22-28j),(-20-29j),(-23-28j),(-20-29j),(-26-31j),(-23-28j),(-23-27j),(-19-28j),(-21-25j),(-17-25j),(-11-24j),(-12-20j),(-10-16j),(-6-14j),(-6-10j),(-3-10j),(-1-6j),(2-2j),(2-3j),(1+1j),(3+4j),(4+4j),(1+9j),(4+9j)
(94-32j),(5+0j),(-7+12j),(-10+14j),(-11+13j),(-13+15j),(-12+17j),(-12+14j),(-11+17j),(-11+18j),(-11+20j),(-10+18j),(-10+18j),(-8+16j),(-8+19j),(-9+15j),(-7+16j),(-6+14j),(-3+12j),(-4+8j),(-4+7j),(-4+3j),(-2+1j),(-2-1j),-5j,(-1-8j),(1-9j),0j,0j,0j,0j,0j,0j,0j,0j,0j,0j,0j,(16-26j),(19-27j),(18-30j),(21-31j),(16-31j),(16-35j),(15-34j),(17-34j),(18-31j),(17-30j),(16-28j),(15-26j),(15-21j),(13-18j),(11-15j),(11-10j),(7-10j),(5-4j),(3-5j),(6+0j),(2-1j),(-2+2j),(-1+5j),(-4+5j),(-2+6j),(-5+10j)
(-126+32j),(8+0j),(-21-2j),(-23-3j),(-17+1j),(-22-5j),(-24+1j),(-28-4j),(-28-2j),(-25-1j),(-24-1j),(-22-1j),(-25+0j),(-28+2j),(-21+3j),(-21+5j),(-20+4j),(-16+7j),(-14+2j),(-11+5j),(-7-2j),(-7+1j),(1+0j),(-2-3j),(4-2j),(5-2j),(14-4j),0j,0j,0j,0j,0j,0j,0j,0j,0j,0j,0j,(37+2j),(40-1j),(38-2j),(43+1j),(39-5j),(43+0j),(41-5j),(44-3j),(39+0j),(38+2j),(32+1j),(30+1j),(28+4j),(17+5j),(19+5j),(20+1j),(13+5j),(9+2j),(6+6j),(3+3j),(-1+12j),(-2+0j),(-1+0j),(-7+0j),(-11-1j),(-6+2j)
(-128+0j),(8+0j),(3+21j),(1+22j),(1+17j),(4+20j),(4+17j),(8+23j),(6+22j),(6+23j),(8+19j),(13+19j),(9+21j),(13+21j),(13+19j),(9+13j),(8+18j),(6+15j),(6+15j),(-1+5j),(3+1j),(3+5j),(-4+0j),(2-4j),(-4-4j),(-6-4j),(-9-7j),0j,0j,0j,0j,0j,0j,0j,0j,0j,0j,0j,(-11-37j),(-13-38j),(-11-37j),(-10-39j),(-11-42j),(-17-41j),(-15-41j),(-15-42j),(-9-34j),(-15-36j),(-8-31j),(-11-30j),(-9-27j),(-7-25j),(-7-21j),(-1-14j),(-3-18j),(-3-15j),(1-4j),(1-5j),-4j,(3+0j),(6+3j),(2+5j),(1+10j),(3+10j)
(-98-32j),(9+0j),(-17+10j),(-18+9j),(-19+10j),(-21+8j),(-19+13j),(-19+12j),(-22+12j),(-17+16j),(-21+13j),(-16+16j),(-21+14j),(-16+16j),(-15+16j),(-13+12j),(-12+13j),(-13+11j),(-9+15j),(-5+10j),(-5+6j),(-5+1j),(-1+0j),(3-3j),(1-3j),(2-7j),(2-11j),0j,0j,0j,0j,0j,0j,0j,0j,0j,0j,0j,(29-22j),(29-21j),(35-19j),(33-23j),(32-23j),(32-24j),(35-23j),(32-26j),(31-26j),(34-23j),(29-22j),(27-16j),(23-16j),(22-11j),(21-9j),(16-6j),(11-4j),(8-4j),(4-4j),(6+1j),(2+2j),(-2+1j),(-5+4j),(-6+5j),(-8+4j),(-8+4j)
(-128+0j),(8+0j),(6+17j),(4+20j),(4+18j),(4+22j),(5+25j),(6+22j),(9+26j),(4+27j),(6+19j),(6+22j),(7+23j),(7+19j),(8+20j),(10+12j),(10+14j),(7+16j),(7+9j),(4+7j),(-1+6j),(1+1j),-1j,(2+0j),(-6-5j),(-3-5j),(-5-10j),0j,0j,0j,0j,0j,0j,0j,0j,0j,0j,0j,(-13-37j),(-13-34j),(-21-30j),(-16-40j),(-14-36j),(-22-39j),(-19-36j),(-15-36j),(-15-42j),(-15-35j),(-15-30j),(-8-29j),(-15-25j),(-8-27j),(-5-22j),(-5-14j),(-4-14j),(-2-8j),(2-8j),(-3+0j),(2-6j),3j,(4+2j),(2+4j),(6+11j),(8+13j)
(-128+0j),(8+0j),(-13+11j),(-11+10j),(-16+9j),(-17+12j),(-16+10j),(-17+14j),(-18+14j),(-19+12j),(-13+16j),(-13+16j),(-13+17j),(-10+16j),(-10+15j),(-13+13j),(-10+13j),(-7+11j),(-6+9j),(-8+6j),(-6+5j),(-6+1j),(-1+0j),-2j,-6j,(2-4j),(2-8j),0j,0j,0j,0j,0j,0j,0j,0j,0j,0j,0j,(20-26j),(20-27j),(20-30j),(18-29j),(20-30j),(21-29j),(20-34j),(22-32j),(20-28j),(19-27j),(21-24j),(20-23j),(15-19j),(16-19j),(11-15j),(11-9j),(8-7j),(6-5j),(1-6j),(3-1j),(-3+3j),(1+3j),(-1+5j),(-3+6j),(-4+3j),(-5+10j)
(125-48j),(7+0j),(-17-5j),(-19-6j),(-18-8j),(-18-8j),(-19-9j),(-23-7j),(-23-7j),(-23-5j),(-21-6j),(-24-4j),(-22-3j),(-19-3j),(-21+0j),(-20+0j),(-18+0j),(-14+2j),(-14+3j),(-10+1j),(-4+1j),(-4-1j),1j,(-2-4j),(6+3j),(8-1j),(8-2j),0j,0j,0j,0j,0j,0j,0j,0j,0j,0j,0j,(33+8j),(35+9j),(40+8j),(40+6j),(40+6j),(38+8j),(39+9j),(41+9j),(38+10j),(37+7j),(32+6j),(28+6j),(28+11j),(23+5j),(19+9j),(14+7j),(11+7j),(10+5j),(2+2j),(1+3j),(-4+3j),(-2+0j),(-5+4j),(-9-2j),(-13-3j),(-14-7j)
(-111+16j),(9+0j),(-8+12j),(-7+18j),(-8+17j),(-5+18j),(-8+19j),(-9+20j),(-5+19j),(-5+21j),(-5+17j),(-2+18j),19j,(-2+21j),(-1+17j),(-3+17j),15j,(4+13j),(1+12j),(-3+11j),(1+4j),(-3+3j),(-2+0j),(-1-4j),(-2-4j),(-2-6j),(-3-9j),0j,0j,0j,0j,0j,0j,0j,0j,0j,0j,0j,(4-32j),(6-33j),(4-35j),(4-35j),(4-36j),(3-36j),(6-37j),(4-37j),(4-35j),(6-31j),(5-31j),(4-27j),(3-24j),(4-21j),(6-18j),(3-15j),(6-12j),(3-11j),(1-2j),(6-1j),(-1+0j),3j,(-1+5j),9j,(-1+8j),(-3+11j)
(94-32j),(5+0j),(-3+13j),15j,16j,(1+19j),(2+19j),(4+21j),(2+18j),(5+19j),(6+21j),(5+18j),(8+15j),(9+19j),(6+18j),(6+14j),(7+10j),(9+11j),(6+11j),(1+6j),6j,(-1+1j),-3j,-3j,(-1-5j),(-4-9j),(-4-9j),0j,0j,0j,0j,0j,0j,0j,0j,0j,0j,0j,(-8-32j),(-7-34j),(-10-35j),(-12-34j),(-13-35j),(-13-39j),(-11-37j),(-12-35j),(-10-33j),(-8-31j),(-5-27j),(-7-26j),(-5-26j),(-4-23j),(-7-17j),(-2-13j),-10j,-10j,(2-6j),(3-3j),(1+2j),6j,(2+3j),(2+9j),(6+10j),(3+13j)
(98+32j),(6+0j),(-2-3j),(-2-5j),(5-4j),(6+6j),(7+5j),(10-1j),(13-1j),(15+6j),(16+2j),(22+2j),(24+5j),(19+4j),(22+5j),(24+6j),(24+10j),(17+17j),(24+15j),(22+20j),(18+14j),(11+23j),(16+16j),(4+18j),(6+18j),(-6+13j),(-4+14j),0j,0j,0j,0j,0j,0j,0j,0j,0j,0j,0j,(8+0j),(8-1j),(4-6j),(10-11j),(4-10j),(5-14j),(2-18j),-18j,(6-20j),-18j,(-2-24j),(2-30j),(-7-27j),(-6-30j),(-13-29j),(-13-31j),(-16-28j),(-11-27j),(-11-30j),(-15-24j),(-9-21j),(-21-29j),(-16-21j),(-12-12j),(-6-14j),(-10-11j)
(90-96j),(5+0j),(9+1j),(2+7j),5j,(-6+0j),(-6+4j),(-9+3j),(-16+3j),(-14+2j),(-14-1j),(-20+5j),(-22+0j),(-17+1j),(-20+1j),(-30-1j),(-25-2j),(-23-3j),(-22-7j),(-25-5j),(-18-7j),(-19-13j),(-19-8j),(-9-15j),(-9-14j),(-6-18j),(-2-15j),0j,0j,0j,0j,0j,0j,0j,0j,0j,0j,0j,(-4+2j),(-6+1j),(-10+6j),(-6+8j),(-3+10j),(-3+15j),(6+7j),(4+14j),(3+22j),(6+19j),(10+16j),(13+24j),(8+20j),(10+20j),(19+21j),(13+17j),(16+18j),(18+20j),(20+25j),(11+10j),(20+16j),(24+8j),(15+7j),(15+9j),(14+6j),(13+3j)
(98+32j),(6+0j),(7-2j),(8-4j),(5-2j),(-6-1j),(-9+8j),(-6+10j),(-13+9j),(-3+15j),(-3+15j),(-12+20j),(-18+22j),(-13+21j),(-14+27j),(-25+26j),(-22+19j),(-18+20j),(-26+16j),(-23+21j),(-25+6j),(-16+7j),(-19+3j),(-28-5j),(-26-1j),(-20-11j),(-15-7j),0j,0j,0j,0j,0j,0j,0j,0j,0j,0j,0j,(1+18j),(-3+11j),(7+16j),(6+8j),(9+7j),(8+6j),(14+9j),(15+12j),(19+6j),(33+0j),(24+0j),(34+9j),(33+5j),(34+6j),(37-3j),(41-2j),(32+0j),(35-3j),(34-5j),(36-11j),(27-8j),(26-15j),(30-6j),(27-10j),(20-8j),(17-6j)
(98+32j),(6+0j),(-3+11j),(-5+1j),(-11+2j),(-5-2j),(-7-5j),(-6-5j),(-9-7j),(-7-7j),(-4-14j),(-12-17j),(-11-14j),(-8-21j),(-14-23j),(-15-24j),(-9-27j),(-11-29j),(-15-27j),(-6-26j),(-2-25j),(-3-23j),(4-25j),(2-18j),(11-15j),(12-16j),(10-14j),0j,0j,0j,0j,0j,0j,0j,0j,0j,0j,0j,(-4-6j),(-6-2j),(-9-8j),(-13-2j),(-10+1j),(-14+7j),(-11+5j),(-13+8j),(-24+4j),(-18+10j),(-19+17j),(-16+14j),(-16+19j),(-19+20j),(-26+27j),(-15+19j),(-18+23j),(-17+23j),(-17+35j),(-15+30j),(-12+23j),(-11+24j),(-4+27j),(-6+26j),(-9+12j),(-6+16j)
(98+32j),(6+0j),(3+17j),(5-1j),(-1+5j),7j,(-3+7j),(-15+5j),(-15+5j),(-14+0j),(-16+5j),(-18+12j),(-25+12j),(-28+10j),(-28+2j),(-35+12j),(-30+4j),(-31+10j),(-37+9j),(-30-9j),(-29-6j),(-25-7j),(-23-5j),(-11-12j),(-15-16j),(-14-20j),(-6-17j),0j,0j,0j,0j,0j,0j,0j,0j,0j,0j,0j,(-13+0j),(-12-2j),(-10+3j),(-7+4j),(-11+5j),(-16+7j),(-15+21j),(-9+15j),(-8+22j),(-12+20j),(-6+22j),(-2+24j),30j,40j,(12+31j),(9+32j),(16+27j),(9+37j),(12+31j),(22+28j),(13+26j),(21+30j),(20+21j),(9+20j),(9+13j),(5+10j)
(108-64j),(6+0j),(2-2j),(-1-3j),(5+0j),(3-7j),(13-5j),(-3+0j),(-1-16j),(15-10j),(13-3j),(8-13j),(23-6j),(17-10j),(20-13j),(19-9j),(20-12j),(20-11j),(23-5j),(19-5j),(12-9j),(19+3j),(16-5j),(18-2j),(13+6j),(14+6j),(15+10j),0j,0j,0j,0j,0j,0j,0j,0j,0j,0j,0j,(9+3j),(6+7j),(3-5j),(8-1j),(8-6j),(10-13j),(7-3j),(7-15j),(4-10j),(8-23j),(6-20j),(5-17j),(3-30j),(3-24j),(-1-33j),(3-28j),(2-16j),(-11-28j),(-13-20j),(-24-18j),(-6-23j),(-15-16j),(-14-9j),(-15-12j),(-19-12j),(-13-4j)
(74-95j),(20+0j),(6-2j),(7-6j),(-5+0j),(-4+9j),(5+13j),(8+15j),(7+5j),(-1+8j),(-5+17j),(2+18j),(4+16j),(-8+15j),(-15+17j),(-17+24j),(-9+18j),(-16+12j),(-31+12j),(-26+7j),(-15+1j),(-20-11j),(-23-13j),(-15-11j),(-7-13j),-19j,(-4-19j),0j,0j,0j,0j,0j,0j,0j,0j,0j,0j,0j,(-6-8j),(-8-4j),(-3-3j),-3j,(-6-5j),(-16+1j),(-9+5j),(-3-12j),(-19-16j),(-32-12j),(-27-5j),(-12-7j),(-16-16j),(-31-18j),(-24-9j),(-17-10j),(-13-14j),(-25-26j),(-19-15j),(-15-16j),(-6-20j),(-16-27j),(-12-17j),(-5-14j),(-5-20j),(-9-18j)
(-128+0j),(8+0j),(-6-4j),(-5+0j),(-2-3j),-4j,(5-7j),(2-9j),(11-8j),(4-12j),(10-13j),(5-16j),(7-15j),(9-22j),(15-18j),(13-19j),(16-25j),(13-16j),(13-13j),(14-9j),(22-7j),(19-5j),(16-4j),(15+0j),(14+4j),(18+6j),(14+5j),0j,0j,0j,0j,0j,0j,0j,0j,0j,0j,0j,(3-10j),(4-11j),(-1-12j),(-1-11j),(-1-11j),(-8-11j),(-2-2j),(-10-14j),(-12-11j),(-14-12j),(-14-13j),(-16-13j),(-24-13j),(-25-10j),(-30-13j),(-28-14j),(-25-5j),(-30+0j),(-30-7j),(-27-10j),(-28-15j),(-23-3j),(-21+2j),(-20+0j),(-19+1j),(-17+0j)
(-10+96j),(15+0j),(-7-2j),-3j,-3j,(1+0j),(11-2j),(9-3j),(11-3j),(11-2j),(12-2j),(11-4j),(18-8j),(22+0j),(23+3j),(21-4j),(23+4j),(23+2j),(28+3j),(18+13j),(20+8j),(15+7j),(15+16j),(11+6j),(8+15j),(4+16j),(2+16j),0j,0j,0j,0j,0j,0j,0j,0j,0j,0j,0j,(7+1j),(9-2j),(4-1j),(8+1j),(5-7j),(9-8j),(10-13j),(4-20j),(5-16j),(2-18j),(3-20j),(1-18j),(-1-25j),(-6-25j),(-1-26j),(-9-24j),(-3-23j),(-13-27j),(-14-23j),(-6-19j),(-15-15j),(-14-20j),(-11-16j),(-13-17j),(-10-15j),(-10-13j)
(98+32j),(6+0j),(6-11j),(9-17j),(8-14j),(8-12j),(7-15j),(6-16j),(10-20j),(7-18j),(6-25j),(4-21j),(5-21j),(2-25j),(2-25j),(-1-24j),-17j,(-1-19j),-17j,-11j,-10j,(-2-3j),-1j,(-2+0j),(1+6j),(1+5j),11j,0j,0j,0j,0j,0j,0j,0j,0j,0j,0j,0j,(-31+20j),(-31+22j),(-29+22j),(-28+26j),(-31+28j),(-30+25j),(-25+26j),(-28+24j),(-26+24j),(-30+19j),(-23+18j),(-22+14j),(-21+14j),(-19+13j),(-19+9j),(-15+9j),(-16+0j),(-14-5j),(-12+2j),(-7+3j),(-14-1j),(-7-6j),(-5-9j),(-3-8j),-3j,(-6-7j)
(86+96j),(5+0j),(-8+9j),(-11+13j),(-6+9j),(-13+11j),(-10+12j),(-7+14j),(-13+12j),(-7+13j),(-7+12j),(-10+16j),(-6+22j),(-4+14j),(-5+16j),(6+14j),(-6+18j),14j,(-3+13j),4j,(-5+2j),(-7+3j),(-1+2j),(7-1j),(-6+0j),-5j,-9j,0j,0j,0j,0j,0j,0j,0j,0j,0j,0j,0j,(27-15j),(28-18j),(26-14j),(31-17j),(27-20j),(24-20j),(36-18j),(29-17j),(25-16j),(33-13j),(26-20j),(14-9j),(10-9j),(25-5j),(21-5j),(9-5j),(8-7j),(14-1j),(3+2j),(1-6j),(11+5j),(3+7j),(8+11j),(1+4j),(1+1j),(-4+9j)
(94-32j),(5+0j),(-4+13j),(5+14j),(-1+15j),(1+16j),(4+16j),(3+19j),(4+20j),(-2+19j),(6+23j),(8+20j),(6+22j),(5+19j),(11+20j),(3+18j),(11+14j),(10+13j),(9+12j),(6+8j),(7+7j),(4+7j),(3+0j),0j,(-4-4j),(-4-5j),(-5-8j),0j,0j,0j,0j,0j,0j,0j,0j,0j,0j,0j,(20-33j),(18-30j),(16-32j),(19-38j),(17-34j),(19-37j),(15-32j),(16-36j),(16-31j),(17-31j),(13-26j),(11-27j),(10-25j),(15-19j),(7-18j),(14-9j),(13-3j),(9-4j),(11-5j),(6-1j),(8-2j),(8+4j),(6+6j),(5+4j),(7+6j),(2+6j)
(119+112j),(7+0j),(3+11j),(2+15j),(6+15j),(8+22j),(6+17j),(12+13j),(14+18j),(10+16j),(13+18j),(13+19j),(17+16j),(15+12j),(16+9j),(17+9j),(17+7j),(13+9j),(12+4j),(10+5j),(6+3j),(1-1j),(1-2j),(-3-5j),(-5-3j),(-9-3j),(-11-2j),0j,0j,0j,0j,0j,0j,0j,0j,0j,0j,0j,(7-35j),(7-37j),(4-37j),(4-37j),(4-39j),(3-39j),(3-39j),(4-36j),(2-37j),-34j,(1-35j),(6-32j),(5-31j),(4-22j),(11-20j),(4-15j),(7-14j),(9-10j),(10-10j),(7-6j),(3+0j),(12-7j),(8+3j),-2j,(10+5j),(10+6j)
(-117-80j),(8+0j),(13-2j),(4-1j),(17+5j),(14-2j),(21+4j),(17+5j),(25-2j),(19-3j),(20-2j),(25-4j),(23-7j),(17-7j),(19-4j),(22-10j),(15-8j),(18-8j),(8-8j),(8-10j),(5-4j),(1-4j),(-1-3j),(-3+2j),(-5-3j),(-11+3j),(-10+6j),0j,0j,0j,0j,0j,0j,0j,0j,0j,0j,0j,(-31-14j),(-30-16j),(-33-15j),(-35-17j),(-37-19j),(-37-17j),(-35-13j),(-36-16j),(-32-13j),(-27-18j),(-26-10j),(-24-22j),(-21-19j),(-22-14j),(-16-16j),(-11-15j),(-10-12j),(-7-11j),(-3-10j),(-2-6j),(-1-10j),(-1-3j),(5-9j),(2-7j),(8-1j),(10+3j)
(94-32j),(5+0j),(12+3j),(10+5j),(13+7j),(15+11j),(13+13j),(18+9j),(20+10j),(17+7j),(17+8j),(23+11j),(16+4j),(39-3j),(21-1j),(22+0j),(19-3j),(16+4j),(8-3j),(10-1j),(5-3j),(3-3j),(1-2j),(-1-3j),(-9-6j),(-9-2j),(-10-3j),0j,0j,0j,0j,0j,0j,0j,0j,0j,0j,0j,(-21-27j),(-19-30j),(-24-26j),(-23-32j),(-23-25j),(-26-33j),(-27-30j),(-25-29j),(-22-25j),(-18-28j),(-15-27j),(-16-25j),(-13-23j),(-10-23j),(-12-22j),(-6-16j),(-5-15j),(-4-9j),(2-14j),-11j,(5-4j),(3-5j),(5-4j),(4-5j),(7+6j),(8+1j)
(108-64j),(6+0j),(4-1j),(15+1j),(-6+8j),(1+9j),(-3+8j),(-7+12j),(-6+10j),(-9+11j),(-8+9j),(-2+25j),(-5+23j),(-10+23j),(-11+34j),(-8+24j),(-11+24j),(-22+25j),(-15+24j),(-12+24j),(-21+13j),(-17+15j),(-19+11j),(-22+4j),(-17+3j),(-17-3j),(-21-4j),0j,0j,0j,0j,0j,0j,0j,0j,0j,0j,0j,(-4-1j),(-8+5j),(-14+0j),(-11+4j),(-4+18j),(-6+15j),(5+15j),(5+31j),12j,(4+16j),(11+18j),(3+18j),(18+15j),(19+9j),(23+11j),(24+14j),(16+11j),(26+8j),(26+6j),(24+8j),(32+3j),(28+7j),(31+8j),(27+2j),(16-5j),(21+5j)
(98+32j),(6+0j),(2+0j),(5-7j),(5-1j),(-2-12j),(4+0j),(8+3j),(10+5j),(9+1j),(18-4j),(22-6j),(19-8j),(23-5j),(24+5j),(22-2j),(25+0j),(22+7j),(23+6j),(15+12j),(13+11j),(14+17j),(19+11j),(7+14j),(7+17j),(-2+19j),(-1+11j),0j,0j,0j,0j,0j,0j,0j,0j,0j,0j,0j,(10-3j),(13-3j),(6-3j),(3-7j),(3-7j),(9-12j),(4-18j),(7-13j),(3-14j),(-7-22j),(-4-20j),(-4-23j),(-11-23j),(-6-22j),(-16-24j),(-14-25j),(-19-28j),(-16-16j),(-22-26j),(-22-26j),(-20-22j),(-16-16j),(-17-13j),(-17-18j),(-11-16j),(-16-10j)
(-113-16j),(8+0j),(8-7j),(-3-7j),(-3-5j),(-7+16j),(4+2j),(-10+4j),(-8+13j),(7+10j),(-8+6j),(-28+1j),(-21+13j),(-27+2j),(-12+9j),(-26+18j),(-22+4j),(-27+6j),(-28+7j),(-31+1j),(-21+3j),(-22-3j),(-24-9j),(-11-10j),(-11-6j),(-11-17j),(-4-25j),0j,0j,0j,0j,0j,0j,0j,0j,0j,0j,0j,(8+9j),(2+3j),(6+11j),(9+7j),(12+8j),(12-4j),(15+1j),(12+1j),(18+2j),(20-2j),(32-9j),(22+3j),(28+1j),(27-10j),(24-4j),(29-10j),(32-1j),(28-9j),(27-11j),(29-8j),(35-5j),(26-17j),(20-5j),(9+1j),(15-7j),(10-8j)
(-123+80j),(8+0j),(-5+6j),(-8+4j),(3+1j),0j,(-6-7j),-14j,(-1-18j),(-7-16j),(5-20j),(-9-13j),(-7-30j),(-6-19j),-24j,(3-25j),(2-27j),(-1-30j),(6-26j),(15-24j),(9-21j),(11-25j),(10-19j),(23-10j),(18-19j),(18-7j),(20-2j),0j,0j,0j,0j,0j,0j,0j,0j,0j,0j,0j,(-1-8j),(-9-2j),(2-7j),(-9-8j),(-9-6j),(-15+1j),(-10+0j),(-14-4j),(-19+5j),(-27+0j),(-33+6j),(-21+9j),(-20+6j),(-25+8j),(-30+19j),(-28+20j),(-26+24j),(-28+21j),(-22+21j),(-15+15j),(-19+19j),(-15+17j),(-21+26j),(-15+16j),(-10+12j),(-8+12j)
(126-32j),(7+0j),(1+0j),(6+2j),(-6+4j),(1+11j),(-4+2j),(-10-2j),(-9+3j),(-15+2j),(-15+4j),(-17+2j),(-15+1j),(-19+2j),(-22+5j),(-32-2j),(-22+1j),(-28-8j),(-20-5j),(-25-12j),(-20-9j),(-14-12j),(-16-9j),(-12-15j),(-10-11j),(-7-15j),(-5-18j),0j,0j,0j,0j,0j,0j,0j,0j,0j,0j,0j,(-7+6j),(-6+3j),(-3+5j),(-9+4j),(-3+8j),(1+13j),(-1+16j),(5+12j),(4+20j),(8+22j),(7+18j),(9+17j),(6+22j),(14+16j),(14+22j),(21+20j),(17+23j),(22+22j),(16+16j),(21+16j),(19+15j),(17+12j),(14+8j),(7+10j),(15+7j),(16+2j)
(-82-32j),(10+0j),(-7-9j),(-4-1j),(-4-13j),(6-8j),(1-6j),(3+0j),(7-9j),(13-12j),(9-12j),(14-10j),(20-21j),(25-13j),(13-18j),(18-18j),(23-17j),(24-18j),(22-20j),(21-3j),(27-2j),(13-4j),(19-1j),(18+5j),(20+17j),(18+6j),(10+9j),0j,0j,0j,0j,0j,0j,0j,0j,0j,0j,0j,(8-6j),(-4-4j),(4-6j),(8-16j),(-3-11j),(-2-9j),(1-12j),(-8-12j),(-5-13j),(-2-22j),(-8-19j),(-16-21j),(-26-24j),(-22-22j),(-16-18j),(-27-13j),(-29-11j),(-30-13j),(-28-14j),(-24-16j),(-26-13j),(-27-11j),(-24-9j),(-22-4j),(-23-7j),(-9-2j)
(-39-112j),(13+0j),(2-3j),(2-12j),(6-2j),(4+1j),(13+2j),(5+7j),(11+7j),(15+6j),(16+5j),(14+6j),(22+2j),(18+12j),(28+6j),(18+9j),(25+9j),(25+11j),(18+15j),(17+20j),(17+19j),(14+19j),(10+19j),(4+19j),21j,(6+12j),(1+18j),0j,0j,0j,0j,0j,0j,0j,0j,0j,0j,0j,(4+5j),(5+1j),(8-2j),(7+2j),(9+0j),(9-6j),(8-14j),(6-15j),(6-15j),(11-23j),(13-29j),(9-14j),(12-23j),(9-31j),(6-30j),-27j,(2-30j),(4-37j),(3-30j),(1-27j),(-5-26j),(-9-30j),(-2-25j),(-2-22j),(-6-13j),(-8-15j)
(-91+80j),(10+0j),(-4-6j),(3-9j),(7-6j),(-3+1j),(9+0j),(5+5j),(13+4j),(18-4j),(18+3j),(14-1j),(25+8j),(23-4j),(30+6j),(24-3j),(23+2j),(28+7j),(26+12j),(25+14j),(25+14j),(15+15j),(13+13j),(13+23j),(8+14j),(8+9j),14j,0j,0j,0j,0j,0j,0j,0j,0j,0j,0j,0j,(9-1j),(9-1j),(2-8j),(7-4j),(4-7j),(2-12j),(4-17j),(12-19j),(5-18j),(8-19j),(3-22j),(-2-26j),(-4-28j),(-12-34j),(-11-24j),(-10-26j),(-18-28j),(-9-35j),(-15-25j),(-8-25j),(-11-21j),(-15-24j),(-20-22j),(-14-16j),(-12-12j),(-11-17j)
(-91+80j),(10+0j),(-1+1j),-2j,(1-5j),-9j,-4j,(1-10j),(-1-11j),(-2-18j),(4-19j),(1-22j),(4-23j),(3-16j),(3-22j),-24j,(12-18j),(11-25j),(12-15j),(9-18j),(19-16j),(11-10j),(16-5j),(17-6j),(17-2j),(13+2j),(17+4j),0j,0j,0j,0j,0j,0j,0j,0j,0j,0j,0j,(-6-7j),(-8-5j),(-8-1j),(-8-2j),(-13-3j),(-13+0j),(-12-6j),(-18-1j),(-19+4j),(-19+1j),(-23+13j),(-21+13j),(-22+5j),(-26+14j),(-21+11j),(-24+14j),(-19+14j),(-22+16j),(-16+19j),(-20+15j),(-16+17j),(-16+17j),(-13+6j),(-12+16j),(-12+13j),(-5+10j)
(-71-112j),(11+0j),(-11+8j),(-6+3j),(1-6j),(5-2j),(3-3j),(1+2j),(1-11j),(10-12j),(8-19j),(3-23j),(6-20j),(-2-13j),(7-28j),(14-25j),(7-22j),(10-27j),(15-31j),(14-16j),(12-18j),(14-22j),(14-14j),(19-15j),(16-2j),(18+2j),(26+4j),0j,0j,0j,0j,0j,0j,0j,0j,0j,0j,0j,(-2-10j),(5-4j),(-8-11j),(-8-13j),(-10-6j),(-8-8j),(-9-10j),(-20-9j),(-21-9j),(-19-11j),(-26-5j),(-28+1j),(-19+7j),(-33-1j),(-33+5j),(-31+3j),(-29+5j),(-33-4j),(-32+5j),(-22+10j),(-26+5j),(-27+12j),(-19+11j),(-19+8j),(-19+14j),(-25+16j)
(-62+32j),(12+0j),(2+2j),(-6-10j),2j,(-4-1j),(9-6j),(7-11j),(9-10j),(4-10j),(-1-11j),(13-19j),(11-25j),(12-19j),(16-15j),(14-21j),(15-18j),(16-13j),(19-17j),(19-7j),(15-7j),(18-3j),(15-4j),(14-1j),(16+0j),(12+3j),(5+4j),0j,0j,0j,0j,0j,0j,0j,0j,0j,0j,0j,(2-9j),(3-7j),(-6-9j),-11j,(2-5j),(-11-8j),(-9-4j),(-11-10j),(-21-4j),(-14-13j),(-15-14j),(-18-12j),(-25-6j),(-27-6j),(-22-6j),(-30-9j),(-27-8j),(-21-5j),(-14-3j),(-31-1j),(-22+9j),(-21+1j),(-24+8j),(-24-4j),(-25-4j),(-16+6j)
(-128+0j),(8+0j),(18+4j),(12+1j),(-1-5j),(4+14j),(-18+7j),(-12-4j),(-7+9j),(-6+6j),(-16+8j),(-12+15j),(-18+17j),(-15+20j),(-23+15j),(-24+17j),(-26+17j),(-22+15j),(-19+12j),(-26+4j),(-21+1j),(-17-2j),(-21+7j),(-22+5j),(-16+1j),(-23+1j),(-10-8j),0j,0j,0j,0j,0j,0j,0j,0j,0j,0j,0j,(-10-4j),(-5+2j),(-5-11j),(-12+4j),(-10+0j),(-11+1j),(-8+13j),(-17+17j),(-12+9j),(-12+16j),(-3+12j),(1+24j),(6+24j),(-2+24j),(4+25j),(3+26j),(13+19j),(15+18j),(19+25j),(9+23j),(15+18j),(31+15j),(20+20j),(20+8j),(22+11j),(11+8j)
(-66-32j),(11+0j),(9+5j),(8+10j),(1+10j),(-4+5j),(-4+8j),(-11+8j),(-11+7j),(-18+8j),(-18+2j),(-20+2j),(-22+0j),(-30+4j),(-25+10j),(-23+5j),(-19+9j),(-24+11j),(-26+1j),(-26-7j),(-26-4j),(-21-3j),(-17-6j),(-22-9j),(-16-11j),(-17-12j),(-11-13j),0j,0j,0j,0j,0j,0j,0j,0j,0j,0j,0j,(-10-2j),(-5+5j),(-9+9j),(-8+8j),(-7+10j),(-6+14j),17j,(-7+18j),17j,(2+22j),(3+27j),(8+21j),(10+24j),(7+29j),(7+27j),(13+19j),(16+29j),(20+24j),(14+15j),(18+25j),(12+19j),(16+15j),(12+16j),(21+13j),(20+9j),(16+10j)
(-71-112j),(11+0j),(2-8j),(-2-4j),(-2+1j),(1+12j),(5+10j),(7+2j),(6+16j),(8+17j),(8+21j),14j,(4+20j),(7+24j),(6+33j),(1+26j),(-6+31j),(3+27j),(-8+29j),(-14+22j),(-11+21j),(-5+18j),(-12+17j),(-15+10j),(-21+11j),(-12+7j),(-21+2j),0j,0j,0j,0j,0j,0j,0j,0j,0j,0j,0j,(4+9j),(6+7j),(5+6j),(11-3j),(11+2j),(17-5j),(18-10j),(27-3j),(20-6j),(22-17j),(22-8j),(23-16j),(28-23j),(19-30j),(21-29j),(29-19j),(20-25j),(21-30j),(18-26j),(18-29j),(22-22j),(14-25j),(17-23j),(11-19j),-12j,(5-23j)
(-113-16j),(8+0j),(14-2j),(12+0j),(12+4j),(15-2j),(16+6j),(23-3j),(18+3j),(23-3j),(16+7j),(21-2j),(26+1j),(19-2j),(21-1j),(17-3j),(18-7j),(16-7j),(11-6j),(13-4j),(9-4j),(3-3j),-2j,(1+0j),(-2-2j),(-6+3j),(-5+2j),0j,0j,0j,0j,0j,0j,0j,0j,0j,0j,0j,(-28-19j),(-28-22j),(-27-20j),(-30-16j),(-34-20j),(-29-19j),(-32-16j),(-28-14j),(-29-18j),(-25-14j),(-19-13j),(-18-12j),(-16-13j),(-16-13j),(-9-14j),(-11-13j),(-2-14j),(-5-16j),(-5-9j),(8-8j),(3-9j),(4-6j),(8-12j),(5-5j),(9-1j),(7-3j)
(92-62j),(37+0j),(4-9j),(-4-1j),(2-4j),(3-10j),(5-5j),(15+2j),(15+8j),(11+3j),(15+4j),(18+3j),(25-5j),(20+2j),(29+7j),(21+3j),(32+8j),(23+6j),(24+9j),(16+16j),(18+14j),(16+15j),(8+16j),(11+19j),(6+12j),(-1+17j),(-1+15j),0j,0j,0j,0j,0j,0j,0j,0j,0j,0j,0j,(13+6j),(5+0j),(5-7j),(9-5j),(9-15j),(10-12j),(4-16j),(6-19j),(5-21j),(3-26j),(2-25j),(-2-24j),(-4-32j),(-6-23j),(-9-34j),(-16-25j),(-11-31j),(-9-29j),(-12-22j),(-16-30j),(-11-28j),(-11-22j),(-20-27j),(-13-21j),(-16-13j),(-12-13j)
(112+2j),(39+0j),(-2+0j),(5+0j),(2+17j),(1-9j),(5-1j),(-1+13j),(19+19j),(16+15j),(11+8j),(6+21j),(18+15j),(15+14j),(17+19j),(13+35j),(2+26j),(11+28j),(14+24j),(-4+29j),(1+26j),(2+21j),(-2+24j),(-3+22j),(-7+26j),(-11+19j),(-8+10j),0j,0j,0j,0j,0j,0j,0j,0j,0j,0j,0j,(8+7j),(10+3j),(17+1j),(7+3j),(18-5j),(12+2j),(25-13j),(25-5j),(20-16j),(18-7j),(10-18j),(22-21j),(19-26j),(11-22j),(32-33j),(18-24j),(22-29j),(24-32j),(22-23j),(2-28j),(3-30j),(13-29j),(17-22j),(1-28j),(-4-20j),(2-11j)
(108-64j),(6+0j),(-7+7j),(-13-1j),(-5+2j),(-1-4j),(-9-9j),(1-11j),(-8-13j),(-7-19j),(-9-17j),(-3-9j),(-14-24j),(-6-25j),(-3-16j),(-7-27j),(-9-30j),(-3-27j),(-3-26j),(-1-24j),(2-22j),(8-19j),(2-22j),(16-17j),(12-11j),(14-13j),(12-11j),0j,0j,0j,0j,0j,0j,0j,0j,0j,0j,0j,(-4-9j),(3-9j),(-4-10j),(-11-9j),(-10-8j),(-15+0j),(-20-7j),(-17-4j),(-22+0j),(-21+1j),(-24+1j),(-26+10j),(-29+4j),(-31+7j),(-25+8j),(-24+9j),(-25+11j),(-28+18j),(-23+19j),(-30+18j),(-22+17j),(-22+19j),(-16+14j),(-16+16j),(-9+13j),(-8+7j)
(92-62j),(37+0j),(-3+11j),(-4+11j),(-8+10j),(-11+12j),(-9+13j),(-7+17j),(-7+20j),(-11+23j),(-9+24j),(-4+21j),(-6+27j),(-2+25j),25j,(-1+24j),(-1+24j),(1+24j),18j,(3+15j),(2+14j),(1+9j),(2+7j),(2+1j),-2j,(-1-5j),-9j,0j,0j,0j,0j,0j,0j,0j,0j,0j,0j,0j,(10-30j),(13-35j),(11-34j),(11-35j),(9-37j),(8-36j),(12-32j),(10-32j),(8-30j),(10-27j),(8-22j),(9-21j),(10-19j),(10-14j),(9-12j),(9-5j),(7-2j),(11+1j),(10+3j),(9+5j),(6+0j),(6+8j),(8+5j),(7+6j),(3+6j),(4+7j)
(112+2j),(39+0j),(-4-14j),(2-17j),(5-11j),(3-17j),(3-18j),(3-22j),(3-22j),(2-24j),-29j,(-2-28j),(-4-32j),(-6-30j),(-8-31j),(-6-29j),(-5-25j),(-5-31j),(-8-20j),(-8-21j),(-9-16j),(-4-11j),(-5-8j),(-3-4j),(-1+2j),(1+2j),10j,0j,0j,0j,0j,0j,0j,0j,0j,0j,0j,0j,(1+39j),(3+39j),(8+40j),(5+40j),(7+41j),(8+40j),(6+38j),(6+35j),(4+35j),(2+29j),(-1+27j),24j,(-3+19j),(-6+16j),(-10+12j),(-12+8j),(-9+7j),(-13+3j),(-10+4j),(-11-2j),(-17+2j),(-14-2j),(-14-2j),(-12-3j),(-11-6j),(-10-8j)
(-91+80j),(10+0j),(11+0j),(13+2j),(9+3j),(13+5j),(17+8j),(16+9j),(16+8j),(22+8j),(24+11j),(24+5j),(27+2j),(24+4j),(24+6j),(22-1j),(26+0j),(23+2j),(20-2j),(18+0j),(15-4j),(11-1j),(6-2j),-1j,-4j,-5j,(-3-2j),0j,0j,0j,0j,0j,0j,0j,0j,0j,0j,0j,(-37-10j),(-37-5j),(-36-6j),(-35-4j),(-34-4j),(-38-2j),(-38+0j),(-32-3j),(-28-5j),(-26-3j),(-24-3j),(-24-8j),(-15-11j),(-12-8j),(-11-9j),(-11-11j),(-6-10j),(-1-9j),(5-12j),(5-16j),(6-14j),(3-9j),(7-11j),(8-10j),(3-8j),(6-3j)
(-71-112j),(11+0j),(-12-10j),(-8-11j),(-7-13j),(-10-12j),(-11-16j),(-12-15j),(-17-16j),(-18-19j),(-18-15j),(-22-18j),(-24-19j),(-23-18j),(-24-19j),(-23-17j),(-24-15j),(-22-11j),(-21-10j),(-16-8j),(-15-5j),(-12-6j),(-8-1j),(-5+0j),(-2+1j),(1+5j),(6+2j),0j,0j,0j,0j,0j,0j,0j,0j,0j,0j,0j,(27+23j),(27+24j),(25+21j),(25+20j),(28+24j),(30+23j),(28+23j),(27+19j),(22+18j),(19+17j),(19+16j),(12+16j),(11+12j),(5+10j),(2+10j),11j,11j,(-5+8j),(-7+6j),(-7+6j),(-6+7j),(-8+7j),(-7+6j),(-12+5j),(-9+2j),(-12+2j)
(108-64j),(6+0j),(-13+7j),(-15+2j),(-14+3j),(-16+5j),(-17+2j),(-20+1j),(-23+5j),(-24+3j),(-22+5j),(-26+7j),(-26+8j),(-25+14j),(-22+12j),(-23+13j),(-19+12j),(-19+14j),(-18+13j),(-16+18j),(-10+13j),(-9+11j),(-7+4j),(-1+4j),0j,(1+1j),(5-5j),0j,0j,0j,0j,0j,0j,0j,0j,0j,0j,0j,(32-13j),(33-11j),(33-12j),(31-12j),(32-15j),(31-16j),(32-15j),(29-15j),(29-13j),(25-8j),(22-10j),(18-4j),(14+0j),(12+3j),(14+1j),(11+5j),(9+9j),(6+9j),(1+11j),(3+13j),(1+9j),11j,(3+10j),(-3+11j),(-2+7j),(-1+8j)
(127-16j),(7+0j),(-14-3j),(-11+1j),(-15-1j),(-17-7j),(-16-4j),(-16-4j),(-20+1j),(-26+0j),(-23+0j),(-26+0j),(-26+2j),(-28+5j),(-27+2j),(-24+8j),(-24+7j),(-23+7j),(-20+8j),(-17+9j),(-12+6j),(-10+4j),(-3+2j),(-3+1j),(1+3j),(1+0j),(5-1j),0j,0j,0j,0j,0j,0j,0j,0j,0j,0j,0j,(32+5j),(32+6j),(38+1j),(36+2j),(37+5j),(32-1j),(34+0j),(36+1j),(32+2j),(26+3j),(23+2j),(21+4j),(14+7j),(13+9j),(9+5j),(7+9j),(2+9j),(4+9j),(-1+9j),(-1+9j),(-3+12j),(-3+11j),(-2+10j),(-4+11j),(-5+10j),(-4+4j)
(-51-48j),(12+0j),(-17-5j),(-2+0j),(2-1j),(1-7j),(9-6j),(10-7j),(11-12j),(13-11j),(10-10j),(17-12j),(17-22j),(17-18j),(21-19j),(22-9j),(26-13j),(25-17j),(35-7j),(26-10j),(19+0j),(24+4j),(26+3j),(20+8j),(15+10j),(12+19j),(12+16j),0j,0j,0j,0j,0j,0j,0j,0j,0j,0j,0j,(6-11j),(2-12j),(-4-5j),(-2-17j),(-4-13j),(-16-19j),(-15-15j),(-13-14j),(-17-11j),(-21-22j),(-22-20j),(-21-18j),(-26-14j),(-30-17j),(-32-13j),(-39-12j),(-35-10j),(-37-5j),(-37-6j),(-25-6j),(-35-9j),(-28+2j),(-26-5j),(-18+5j),(-21+4j),(-18+0j)
(-39-112j),(13+0j),(-9-4j),(-6+1j),(2+3j),(9-3j),(1-2j),(11-6j),(12-11j),(16-9j),(13-6j),(10-8j),(19-14j),(19-14j),(19-15j),(31-9j),(25-11j),(18-6j),(29-8j),(20-8j),(22+3j),(19+6j),(16+9j),(11+10j),(13+16j),(8+14j),(6+14j),0j,0j,0j,0j,0j,0j,0j,0j,0j,0j,0j,(1-9j),(-1-10j),(-5-13j),(-7-9j),(-9-8j),(-10-14j),(-14-10j),(-10-15j),(-18-14j),(-21-8j),(-25-14j),(-26-9j),(-27-15j),(-25-2j),(-25-2j),(-32-2j),(-26-2j),(-28-11j),(-31-6j),(-26-4j),(-31-2j),(-29-4j),(-26+2j),(-27-2j),(-25+4j),(-17+3j)
(98+32j),(6+0j),(3+1j),(11+3j),(2-3j),(-1+7j),(-5+6j),(-17+7j),(-7+6j),(-12+7j),(-3+16j),(-14+21j),(-13+20j),(-12+17j),(-13+25j),(-14+24j),(-20+15j),(-22+19j),(-16+16j),(-25+9j),(-27+5j),(-27+14j),(-16+10j),(-19+6j),(-21-4j),(-12-8j),(-10-7j),0j,0j,0j,0j,0j,0j,0j,0j,0j,0j,0j,(-6+10j),(-10+2j),(-5+10j),(-1+9j),(-3+7j),(4+21j),(8+11j),(7+19j),(8+17j),(7+12j),(15+16j),(18+16j),(24+21j),(25+18j),(19+12j),(18+21j),(24+12j),(28+16j),(25+2j),(24+3j),(27+0j),(22+8j),(20+8j),(12+1j),(28+7j),(10+4j)
(94-32j),(5+0j),(-11-3j),(-4-12j),(-9-11j),(-4-16j),(-10-23j),(-7-21j),(-10-29j),(-11-24j),(-13-28j),(-24-24j),(-29-38j),(-23-12j),(-24-24j),(-9-28j),(-20-13j),(-14-21j),(-9-27j),(-18-30j),(-4-7j),(-7-22j),(-11-20j),(-12+0j),(-4-13j),(-2-4j),(10+2j),0j,0j,0j,0j,0j,0j,0j,0j,0j,0j,0j,(40-2j),(43+3j),(37+2j),(42-1j),(38+3j),(30-6j),(33+7j),(37+13j),(44-4j),(25-2j),(17-2j),(15-6j),(28+23j),(2+13j),(2+34j),(15+14j),(4+19j),(-19+16j),(-7+12j),(6+13j),(5+0j),(-15+15j),(8+9j),(-10+0j),(-13+2j),(-11+3j)
(-39-112j),(13+0j),(-5-7j),(-8-13j),(-1-12j),(-2-17j),(-3-16j),(-8-18j),(-4-17j),(-2-23j),(-4-19j),(-5-23j),(-14-22j),(-12-14j),(-25-27j),(-14-10j),(-28-21j),(-16-14j),(-9-11j),(-6-9j),(-17-10j),(-8-1j),(-15-17j),(-9-4j),(-4-7j),(3+3j),(4+1j),0j,0j,0j,0j,0j,0j,0j,0j,0j,0j,0j,(4+28j),(7+28j),(6+34j),(10+31j),(8+28j),(4+28j),(6+27j),(10+30j),(9+24j),(1+13j),(1+18j),(-6+22j),(-11+15j),(1+14j),(-7+10j),(1+8j),(-16+12j),(-14+14j),(-19+16j),(-3-5j),(-5-6j),(-6+7j),(-9+5j),(-13+5j),(-7+1j),(-5+4j)
(-126+32j),(8+0j),(-6-4j),(-10-1j),(-15-2j),(-17-10j),(-15-7j),(-21-9j),(-24-9j),(-27-10j),(-24-11j),(-28-8j),(-28-2j),(-29-6j),(-30-2j),(-30-1j),(-29+2j),(-28+1j),(-23+1j),(-23+0j),(-18+3j),(-14+5j),(-10+1j),(-8-2j),(-3+0j),1j,(2-2j),0j,0j,0j,0j,0j,0j,0j,0j,0j,0j,0j,(33-7j),(34-8j),(34-10j),(34-10j),(34-13j),(34-10j),(30-14j),(28-8j),(23-9j),(19-2j),(18-6j),(17-5j),(15+3j),(11+3j),(7+7j),(7+8j),(1+9j),(3+17j),(2+11j),(-3+8j),(-8+11j),(-2+11j),(-8+13j),(-1+6j),(-9+9j),(-8-4j)
(-51-48j),(12+0j),(5+6j),(5+13j),(3+12j),(-1+16j),(1+19j),(1+22j),(4+22j),(4+22j),(10+23j),(11+26j),(9+25j),(13+29j),(14+26j),(16+23j),(14+22j),(16+22j),(16+20j),(17+17j),(10+13j),(9+6j),(9+7j),(10+3j),1j,(-2-1j),(-5-5j),0j,0j,0j,0j,0j,0j,0j,0j,0j,0j,0j,(-21-29j),(-18-30j),(-20-30j),(-21-31j),(-21-27j),(-19-25j),(-19-26j),(-16-27j),(-18-23j),(-13-21j),(-9-19j),(-5-17j),(-2-16j),-12j,(4-10j),(9-9j),(8-6j),(9-6j),(10-6j),(11-3j),(9-2j),(11-5j),(14-3j),(10-1j),(8-4j),(7+2j)
(94-32j),(5+0j),(2+8j),10j,(-6+15j),(-2+16j),(-6+19j),(-3+17j),(-4+22j),(-9+22j),(-7+28j),(-1+30j),(4+29j),(2+31j),(5+31j),(5+26j),(5+27j),(7+31j),(6+23j),(3+21j),(3+17j),13j,(6+7j),(2+7j),(2+4j),(-3-1j),-2j,0j,0j,0j,0j,0j,0j,0j,0j,0j,0j,0j,(1-35j),(1-36j),(-1-35j),(-1-37j),-32j,-36j,(-2-36j),(-7-33j),(-1-32j),(2-25j),(4-23j),(7-16j),(2-13j),(5-11j),(8-9j),(6-6j),(11-2j),(9-1j),(9+1j),(14+8j),(11+3j),(10+7j),(10+4j),(10+6j),(5+5j),(3+6j)
(7+113j),(16+0j),(-9+1j),(-12-3j),(-14+0j),(-19+2j),(-20+6j),(-19+1j),(-21+9j),(-28+8j),(-29+12j),(-27+7j),(-23+13j),(-28+17j),(-24+17j),(-27+18j),(-20+15j),(-21+21j),(-17+14j),(-19+17j),(-15+13j),(-10+12j),(-8+7j),(-3+5j),(-4+3j),(2+1j),-4j,0j,0j,0j,0j,0j,0j,0j,0j,0j,0j,0j,(27-24j),(26-23j),(29-23j),(25-22j),(23-25j),(20-23j),(24-25j),(26-21j),(21-19j),(21-16j),(17-14j),(14-10j),(12-5j),(11-4j),(10+1j),(8+3j),(8+6j),(5+11j),(3+11j),(8+13j),(3+11j),(1+11j),(1+13j),(4+10j),11j,(-3+7j)
(27-79j),(17+0j),(5+5j),(5+8j),(3+10j),(8+16j),(6+21j),(9+18j),(7+21j),(12+23j),(12+23j),(15+27j),(15+26j),(19+22j),(17+23j),(21+21j),(24+19j),(20+19j),(16+17j),(16+11j),(12+11j),(12+10j),(10+2j),(5+3j),1j,(-6+0j),(-5-2j),0j,0j,0j,0j,0j,0j,0j,0j,0j,0j,0j,(-26-24j),(-29-23j),(-29-22j),(-31-24j),(-30-23j),(-29-20j),(-25-20j),(-24-18j),(-19-17j),(-17-16j),(-11-15j),(-11-14j),(-9-12j),(-4-14j),(2-9j),(1-10j),(4-9j),(12-7j),(8-8j),(9-10j),(12-6j),(11-5j),(11-4j),(10-2j),(9+0j),(7+5j)
(-57+112j),(12+0j),(-6+17j),(-7-1j),(-15-3j),(-8+3j),(-1-4j),(-9-5j),(-13-7j),(-9-16j),(-9-18j),(-14-12j),(-23-15j),(-19-21j),(-16-12j),(-20-11j),(-20-23j),(-21-18j),(-19-21j),(-13-30j),(-10-21j),(-11-22j),(-5-21j),(-3-21j),-15j,(4-14j),(6-13j),0j,0j,0j,0j,0j,0j,0j,0j,0j,0j,0j,(-3-7j),(-5-8j),(-6-8j),(-3-1j),(-16-5j),(-18+2j),(-23-2j),(-12+2j),(-25+9j),(-22+7j),(-27+8j),(-24+11j),(-27+18j),(-20+18j),(-13+22j),(-21+24j),(-16+26j),(-10+30j),(-10+19j),(-19+28j),(-11+23j),(-7+16j),(-7+23j),(-3+16j),21j,(-2+16j)
(20+65j),(17+0j),(3-9j),(3-14j),(4+1j),(8+0j),(8+3j),(6+12j),(12+8j),(14+4j),(10+16j),(17+10j),(17+20j),(12+21j),(18+7j),(16+17j),(10+21j),(24+27j),(9+28j),(10+27j),(4+24j),(-5+30j),(-4+22j),(-8+18j),(-2+16j),(-14+17j),(-10+9j),0j,0j,0j,0j,0j,0j,0j,0j,0j,0j,0j,(18+7j),(13+3j),(8+0j),(14+4j),(16-3j),(8-2j),(16-11j),(16-14j),(15-17j),(16-11j),(15-25j),(13-34j),(13-27j),(18-31j),(14-24j),(14-33j),(10-28j),(13-43j),(14-29j),(9-37j),(4-37j),(-1-28j),(3-22j),(8-22j),(-5-28j),(-2-19j)
(-115-48j),(8+0j),(-8-1j),(-3-7j),(2-2j),(-7-7j),(10-5j),(10-6j),(4-4j),(11-2j),(14-13j),(20-7j),(23-11j),(16-11j),(17-7j),(20-10j),(25-12j),(25-3j),(24-5j),(21-5j),(24-1j),(18+3j),(19+11j),(15+10j),(13+15j),(12+8j),(11+14j),0j,0j,0j,0j,0j,0j,0j,0j,0j,0j,0j,(7-12j),(1-6j),(1-13j),(1-10j),(-3-14j),(-5-12j),(-7-16j),(-4-12j),(-6-19j),(-10-13j),(-11-11j),(-17-23j),(-21-13j),(-20-16j),(-20-19j),(-33-20j),(-25-17j),(-29-16j),(-24-15j),(-28-17j),(-32-7j),(-30-9j),(-27-14j),(-23-7j),(-16-6j),(-14-5j)
(-95+16j),(10+0j),(-5+0j),(-5-3j),(-2-3j),(4-9j),(7-5j),(6-5j),(18-4j),(18-2j),(11+0j),(13-1j),(23-9j),(25-5j),(18-4j),(25-6j),(28-5j),(29+1j),(22+7j),(21+1j),(16+9j),(22+13j),(21+11j),(9+17j),(14+15j),(10+13j),(7+15j),0j,0j,0j,0j,0j,0j,0j,0j,0j,0j,0j,(11-7j),(8+0j),(6-1j),(1-8j),(2-11j),(5-14j),(3-18j),(-1-22j),(6-19j),(-1-21j),(3-20j),(-1-26j),(-5-26j),(-11-28j),(-11-28j),(-11-24j),(-14-29j),(-16-23j),(-23-25j),(-22-28j),(-27-21j),(-15-16j),(-21-24j),(-18-20j),(-10-12j),(-11-7j)
(-54-96j),(12+0j),(5-4j),(4+3j),(1+5j),(-5+6j),(2+9j),(-2+8j),(3+13j),(-8+9j),(-1+20j),(-7+17j),(-8+20j),(-5+17j),(-12+22j),(-13+20j),(-19+22j),(-13+21j),(-21+21j),(-21+14j),(-19+8j),(-18+7j),(-19+0j),(-19-8j),(-19-13j),(-19-3j),(-21-8j),0j,0j,0j,0j,0j,0j,0j,0j,0j,0j,0j,(-1+7j),(4+7j),(6+1j),(4+6j),(12+2j),(11+4j),(15+2j),(16+1j),(17+4j),(27+8j),(25-5j),(24+0j),(19-4j),(23+2j),(26-4j),(28-1j),(24-15j),(28-16j),(32-20j),(23-9j),(28-10j),(29-16j),(24-16j),(16-9j),(15-9j),(8-13j)
(98+32j),(6+0j),(-3+6j),(-5+10j),(-7+12j),(-7+10j),(-4+17j),(-4+14j),(-4+21j),(-4+25j),(-1+24j),(1+29j),(1+27j),(4+27j),(1+29j),(6+27j),(3+28j),(5+23j),(7+22j),(3+19j),(2+14j),(2+12j),7j,(1+3j),(-2-2j),(-5-6j),(-5-8j),0j,0j,0j,0j,0j,0j,0j,0j,0j,0j,0j,(-29-20j),(-30-22j),(-32-25j),(-33-22j),(-29-23j),(-30-21j),(-32-18j),(-30-18j),(-22-17j),(-24-16j),(-20-16j),(-17-14j),(7-2j),(-16-12j),(-30-19j),(8-3j),(12-11j),(7-5j),(9-2j),(6-5j),(11-2j),(4-2j),(8-4j),(8-2j),(6-3j),(1-2j)
(-57+112j),(12+0j),(4-4j),(8-8j),(15-5j),(10-8j),(12-16j),(18-20j),(15-20j),(14-16j),(22-25j),(21-26j),(17-27j),(20-32j),(15-28j),(14-30j),(16-28j),(9-29j),(10-25j),(8-19j),(7-14j),(9-12j),(4-7j),(3-2j),(1+1j),(5+2j),(-2+10j),0j,0j,0j,0j,0j,0j,0j,0j,0j,0j,0j,(-1+40j),43j,(-1+41j),(5+40j),(4+37j),(5+39j),(3+40j),(4+39j),(-1+31j),(1+28j),(-8+28j),(-1+21j),(-2+17j),(-6+12j),(-7+8j),(-12+4j),(-8-1j),(-9+2j),(-8-3j),(-12-8j),(-8-3j),(-8-5j),(-10-5j),(-11-8j),(-9-8j),(-2-3j)
(94-32j),(5+0j),(9-1j),(8+0j),(15+4j),(13-2j),(18+5j),(19+5j),(25+1j),(24-1j),(28-3j),(31+1j),(31-4j),(34-11j),(29-4j),(27-10j),(29-14j),(25-8j),(24-9j),(18-7j),(17-11j),(16-3j),(6-5j),(-1+2j),(-3-1j),(-5+4j),(-10+2j),0j,0j,0j,0j,0j,0j,0j,0j,0j,0j,0j,(-23+35j),(-27+32j),(-24+33j),(-27+33j),(-27+33j),(-23+35j),(-17+34j),(-24+28j),(-21+28j),(-15+22j),(-14+16j),(-16+14j),(-10+8j),(-12+6j),(-12-1j),(-10-1j),(-7-4j),(-6-7j),(-7-13j),(-6-8j),(-3-13j),(-8-10j),(-6-7j),(1-12j),(-3-7j),(2-6j)
(108-64j),(6+0j),8j,(-2+9j),(-1+14j),(-3+12j),(-4+15j),(-9+19j),(3+25j),(-1+19j),(1+26j),28j,(3+26j),(1+29j),(2+26j),(3+31j),(6+21j),(8+25j),(3+19j),(1+19j),(1+14j),(-2+10j),(-5+6j),6j,(-1-1j),(-5-5j),(-2-11j),0j,0j,0j,0j,0j,0j,0j,0j,0j,0j,0j,(-36-16j),(-36-13j),(-37-11j),(-39-13j),(-39-13j),(-31-14j),(-32-10j),(-30-5j),(-23-10j),(-21-10j),(-17-7j),(-17-10j),(-10-10j),(-6-7j),(-2-4j),(4-7j),(-4-8j),(9-5j),(3-4j),(8-8j),(8-4j),(7-5j),(9+0j),(6-5j),(6+2j),(2+4j)
(20+65j),(17+0j),(-5+6j),(-6+10j),(-6+12j),(-7+13j),(-8+17j),(-13+18j),(-5+24j),(-12+21j),(-9+25j),(-4+26j),(-3+28j),(-4+31j),(-3+31j),(-2+29j),26j,(4+19j),(1+24j),(1+20j),(4+16j),13j,(-2+6j),5j,(-3+1j),(-7-5j),(-5-10j),0j,0j,0j,0j,0j,0j,0j,0j,0j,0j,0j,(-21-32j),(-18-32j),(-23-28j),(-24-30j),(-18-29j),(-22-28j),(-20-29j),(-17-26j),(-19-23j),(-15-21j),(-11-20j),(-6-19j),(-3-13j),(-3-8j),-10j,(3-7j),(4-7j),(8-5j),(9-4j),(7-1j),(9+0j),(9-2j),(7-1j),(6-4j),(6+2j),(5+0j)
(-115-48j),(8+0j),(-2-10j),(-1-10j),(4-14j),(1-16j),(3-19j),-23j,(1-25j),(-3-23j),-28j,(-2-28j),(-1-30j),(-5-27j),(-9-29j),(-7-27j),(-5-30j),(-9-24j),(-6-24j),(-6-19j),(-7-17j),(-5-14j),(3-6j),(-2-6j),-1j,(1+6j),(5+8j),0j,0j,0j,0j,0j,0j,0j,0j,0j,0j,0j,(32+14j),(34+13j),(36+12j),(32+11j),(34+15j),(29+13j),(31+13j),(30+10j),(30+9j),(22+12j),(19+7j),(16+8j),(4+9j),(4+5j),(1+7j),(-3+4j),(-3+7j),(-7+10j),(-7+7j),(-8+7j),(-4+1j),(-9+6j),(-5+3j),(-5+2j),(-5+3j),(-4-1j)
(-95+16j),(10+0j),(-2-9j),(-1-11j),(-4-13j),(-5-13j),(-4-18j),(-4-18j),(-7-23j),(-8-24j),(-12-24j),(-14-19j),(-16-26j),(-17-23j),(-22-23j),(-19-21j),(-17-19j),(-15-21j),(-13-15j),(-12-18j),(-12-12j),(-8-11j),(-6-6j),(-1-6j),(2-1j),(7-2j),(7+3j),0j,0j,0j,0j,0j,0j,0j,0j,0j,0j,0j,(36+4j),(33+4j),(36+6j),(37+1j),(37+2j),(34+3j),(32+3j),(33+2j),(26+4j),(25+7j),(22+4j),(16+4j),(11+3j),(5+6j),(2+6j),(3+5j),(-2+7j),(-3+9j),(-5+6j),(-5+7j),(-6+4j),(-8+4j),(-4+6j),(-5+3j),(-6+4j),(-5-1j)
(-54-96j),(12+0j),(5-4j),(5-1j),(11-7j),(15-2j),(20-3j),(22-2j),(20-7j),(24-7j),(24-11j),(23-7j),(27-15j),(26-11j),(24-17j),(23-12j),(23-10j),(19-13j),(20-14j),(16-9j),(12-11j),(12-7j),(8-7j),(1-2j),(-3+0j),(-6+3j),(-6+9j),0j,0j,0j,0j,0j,0j,0j,0j,0j,0j,0j,(3+36j),(2+35j),(3+36j),(5+38j),(4+36j),(3+33j),(5+32j),(-1+32j),(4+28j),(-2+25j),(-2+23j),(-1+18j),(-1+13j),(-8+9j),(-6+6j),(-7-1j),(-11-3j),(-7-3j),(-6-4j),(-7-5j),(-9-10j),(-7-8j),(-8-2j),(-6-8j),(-2-7j),(-3-6j)
(80+0j),(5+0j),(-7+0j),(-13-3j),(-13-4j),(-18-3j),(-23-8j),(-21-2j),(-23-3j),(-27-2j),(-28-1j),(-29+2j),(-27-3j),(-35+6j),(-31+6j),(-21+2j),(-27+3j),(-23+6j),(-22+5j),(-20+3j),(-15+0j),(-15+4j),(-5+1j),(-6+0j),-1j,0j,(5-3j),0j,0j,0j,0j,0j,0j,0j,0j,0j,0j,0j,(13-34j),(9-32j),(8-37j),(8-37j),(4-38j),(12-39j),(9-33j),(7-33j),(11-24j),(9-25j),(8-17j),(11-14j),(10-13j),(9-6j),(6-8j),(9+0j),(12+3j),(-1+8j),(6+10j),7j,(-1+10j),(5+6j),(3+8j),(1+4j),8j,(-1+5j)
(-64+2j),(44+0j),(-1+4j),(3+4j),(-2-5j),(5-3j),(-9+1j),(4+18j),(-6+13j),(-17+6j),(-10+9j),(-13+22j),(-3+28j),(-13+25j),(-9+12j),(-16+23j),(-15+12j),(-15+11j),(-15+15j),(-20+9j),(-23+16j),(-22+5j),(-20+0j),(-25+0j),(-11+1j),(-10-4j),(-15-10j),0j,0j,0j,0j,0j,0j,0j,0j,0j,0j,0j,(4+13j),(-1+6j),(1+13j),(5+5j),(5+7j),(15+3j),(3+21j),(17+9j),(17+10j),(22+3j),(28-6j),(29+7j),(34-3j),(24+1j),(32-5j),(29+3j),(27-2j),(37-11j),(26-10j),(28-17j),(31-2j),(30-3j),(19-15j),(23+1j),(19-3j),(20-3j)
(-93+48j),(10+0j),(-2+9j),5j,(-11+16j),(-1-4j),(-14-3j),(-5-3j),(-9-9j),(-13-14j),(-13-6j),(-16+1j),(-26-7j),(-20-4j),(-21-11j),(-18-15j),(-25-13j),(-21-17j),(-16-13j),(-15-22j),(-12-22j),(-9-15j),(-3-21j),(-6-17j),(6-18j),-17j,(7-15j),0j,0j,0j,0j,0j,0j,0j,0j,0j,0j,0j,(-11-3j),(-13+1j),(-7-2j),(-10+3j),(-8+3j),(-15+8j),(-12+10j),(-14+17j),(-11+12j),(-10+15j),(-10+16j),(-11+22j),(-15+28j),(-7+19j),(-2+16j),(-6+26j),(-1+31j),24j,(-2+34j),(6+29j),22j,(8+26j),(4+30j),(7+18j),(4+27j),(5+11j)
(124-64j),(7+0j),(12-1j),(10+0j),(-4+3j),(5+6j),(-8-3j),(-5+9j),(-3+8j),(-8+15j),7j,(-6+20j),(-14+16j),(-17+22j),(-22+22j),(-20+20j),(-19+18j),(-17+14j),(-22+13j),(-18+13j),(-19+9j),(-16+0j),(-20+4j),(-17-4j),(-18-5j),(-18-5j),(-14-6j),0j,0j,0j,0j,0j,0j,0j,0j,0j,0j,0j,(-5+5j),(-5+5j),(-4+6j),(-3+12j),(3+7j),(5+13j),(6+9j),(15+14j),(12+15j),(8+9j),(13+18j),(16+17j),(24+18j),(25+18j),(28+14j),(35+11j),(32+16j),(28+13j),(16-3j),(25-2j),(24-1j),(24-1j),(27+0j),(14-6j),(17-7j),(19+1j)
(98+32j),(6+0j),(-6+8j),(-5+9j),(-3-6j),(-2-3j),(-8-5j),(-8-10j),(-6-5j),(-16-6j),(-9-8j),(-15-13j),(-16-12j),(-18-14j),(-21-16j),(-19-10j),(-14-20j),(-12-18j),(-18-21j),(-8-22j),(-7-21j),(-12-25j),(-2-19j),(-4-19j),(3-17j),(1-20j),(8-16j),0j,0j,0j,0j,0j,0j,0j,0j,0j,0j,0j,(-6-5j),(-9-4j),(-8-4j),(-7-3j),(-8+6j),(-11+4j),(-15+4j),(-16+4j),(-21+4j),(-20+8j),(-15+7j),(-12+12j),(-20+18j),(-14+16j),(-17+19j),(-8+19j),(-10+22j),(-11+26j),(-11+25j),(-11+26j),23j,(-5+27j),(-3+22j),(-7+16j),(-1+19j),(1+8j)
(124-64j),(7+0j),(-5+2j),(-3+9j),(-11+3j),(-3+2j),(2-10j),(-9-8j),(-6-14j),(-5-15j),(-8-16j),(-10-18j),(10-25j),(-6-20j),(-7-27j),(-5-30j),(-4-29j),-26j,(4-22j),(7-26j),(8-22j),(5-18j),(15-17j),(12-15j),(10-13j),(9-9j),(17-3j),0j,0j,0j,0j,0j,0j,0j,0j,0j,0j,0j,(-5-11j),(-9-7j),(-6-8j),(-11+2j),(-5-3j),(-17-3j),(-21-3j),(-16+7j),(-19+2j),(-18+6j),(-25+9j),(-26+12j),(-27+11j),(-25+14j),(-17+18j),(-30+19j),(-17+18j),(-22+15j),(-23+24j),(-20+21j),(-19+20j),(-15+24j),(-11+21j),(-9+16j),(-9+13j),(-17+14j)
(98+32j),(6+0j),(-11+4j),(-4+4j),(-1-2j),(1+0j),(1+7j),(13-11j),(9-3j),(17-1j),(9-2j),(8-3j),(27-3j),(10-12j),(16-8j),(15+0j),(20+3j),(17-7j),(23+4j),(23+8j),(14+7j),(18+11j),(11+1j),(16+13j),(6+16j),(2+19j),(5+18j),0j,0j,0j,0j,0j,0j,0j,0j,0j,0j,0j,(1-10j),-2j,(-1-4j),(6-10j),(-8-3j),(-7-9j),(-5-14j),(-8-13j),(-9-13j),(-12-15j),(-18-15j),(-23-14j),(-26-11j),(-23-9j),(-31-14j),(-18-14j),(-30-13j),(-25-11j),(-33-6j),(-27-16j),(-27-7j),(-18-9j),(-28-9j),(-21-1j),(-16+0j),(-17-9j)
(98+32j),(6+0j),(-8+0j),(-11-8j),(3+5j),1j,(11+6j),(12+3j),(9+6j),(7+4j),(17+7j),(15+3j),(16+8j),(18+7j),(19+16j),(19+18j),(24+16j),(17+20j),(18+20j),(8+21j),(11+17j),(11+20j),(2+16j),(-4+15j),(-10+23j),(-7+9j),(-9+16j),0j,0j,0j,0j,0j,0j,0j,0j,0j,0j,0j,(1-7j),(8-5j),(4-15j),(2-8j),(8-15j),(6-17j),(-4-21j),(-1-22j),(-7-15j),(-10-16j),(-6-27j),(-7-20j),(-11-35j),(-14-30j),(-14-26j),(-6-21j),(-24-27j),(-19-26j),(-8-19j),(-12-27j),(-14-20j),(-9-34j),(-18-18j),(-15-12j),(-20-18j),(-10-14j)
(124-64j),(7+0j),4j,(1+4j),(-8+6j),(-8+0j),(-4-6j),(-9-5j),(-9+0j),(-15-10j),(-7-5j),(-29-4j),(-23-10j),(-21-11j),(-23-10j),(-22-11j),(-29-5j),(-11-10j),(-22-18j),(-21-20j),(-11-15j),(-12-21j),(-7-17j),-28j,(-4-18j),(6-23j),(2-14j),0j,0j,0j,0j,0j,0j,0j,0j,0j,0j,0j,(-3-5j),(-10-1j),(-5+5j),(-11+5j),(-12+3j),(-10+6j),(-9+7j),(-12+17j),(-5+15j),(-10+20j),(-9+25j),(-2+24j),(-3+23j),(-3+30j),(-5+23j),(4+40j),(5+30j),(3+24j),(12+26j),(5+24j),(11+24j),(9+26j),(-4+24j),(6+24j),(6+17j),(5+14j)
(126-32j),(7+0j),(8-8j),(7-9j),(5+0j),(3-3j),(3+5j),(3+11j),(-4+10j),(3+16j),(5+12j),(-4+24j),(1+13j),(1+20j),(-2+22j),(-7+21j),(-7+19j),(-13+21j),(-10+25j),(-14+20j),(-15+19j),(-15+16j),(-16+9j),(-11+9j),(-24+2j),(-18+3j),(-14-4j),0j,0j,0j,0j,0j,0j,0j,0j,0j,0j,0j,(4+0j),(3+5j),(3+7j),(11+2j),(15-4j),(13-4j),(17-4j),(13-6j),(18-6j),(23-11j),(21-12j),(15-13j),(23-8j),(31-21j),(28-20j),(20-15j),(27-17j),(23-21j),(21-22j),(22-26j),(25-23j),(12-26j),(16-23j),(14-19j),(15-11j),(16-22j)
(98+32j),(6+0j),(7-6j),(12+4j),(-1+6j),(-1+3j),(3+19j),(-1+6j),(-5+9j),(-3+25j),(-1+12j),(-6+22j),(-5+30j),(-5+13j),(-3+25j),(-2+24j),(-2+18j),(-10+19j),(-4+22j),(-3+14j),(-17+12j),(-14+18j),(-14+11j),(-14+13j),(-17+8j),(-18+10j),(-22+3j),0j,0j,0j,0j,0j,0j,0j,0j,0j,0j,0j,(-7+3j),(-7+11j),(-1+4j),(4+4j),(14+16j),(1+7j),(11+9j),(10+14j),(24+5j),(20+13j),(19+1j),(22+6j),(27+6j),(16+4j),(28+0j),(29+6j),(20+1j),(30-1j),(32-6j),(15-17j),(35-10j),(20+2j),(22-9j),(19-4j),(13-9j),(14-17j)
(-128+0j),(8+0j),(-6+8j),(2+7j),(-6-1j),(-11-2j),(-6-1j),(-6-5j),(-9+4j),(-16-3j),(-17-9j),(-20-5j),(-26-2j),(-29-6j),(-28-7j),(-27-7j),(-31-5j),(-25-14j),(-23-7j),(-13-15j),(-18-19j),(-20-15j),(-8-17j),(-5-16j),-22j,(-7-20j),(-2-21j),0j,0j,0j,0j,0j,0j,0j,0j,0j,0j,0j,(-10+2j),(-12+5j),(-3+4j),(-2+10j),(-1+7j),(-5+12j),(1+20j),(-10+14j),18j,(-3+22j),(3+24j),(9+24j),(11+20j),(10+18j),(14+28j),(17+16j),(14+27j),(13+17j),(15+15j),(13+19j),(25+30j),(16+16j),(16+11j),(16+13j),(7+14j),(13+10j)
(115+48j),(7+0j),(2-13j),(3-7j),(-5-6j),(7+6j),(12-5j),(14-6j),(17-3j),(9+1j),(6+3j),(13+12j),(16+9j),(20+12j),(14+9j),(20+24j),(17+12j),(21+18j),(15+21j),(7+24j),(15+25j),(5+22j),25j,(-3+14j),(-8+20j),(-5+21j),(-8+9j),0j,0j,0j,0j,0j,0j,0j,0j,0j,0j,0j,(6+0j),(7+4j),(11-4j),(4-7j),(7-5j),(11-8j),(10-13j),(11-12j),(15-15j),(13-16j),(12-24j),(8-24j),(4-30j),(8-34j),(3-26j),(-1-30j),(2-25j),(-3-26j),-30j,(-2-28j),(-10-35j),(-7-24j),(4-27j),(-11-24j),(-9-23j),(-6-17j)
(122-96j),(7+0j),(2+9j),(5+4j),(10+13j),(14+13j),(20+12j),(13+0j),(20+13j),(25+11j),(18+10j),(22+1j),(24+7j),(26+0j),(26-3j),(26+0j),(25-7j),(21+0j),(21-2j),(16-2j),(15+1j),(15-4j),(4-2j),(-3-1j),(-4+1j),(-10+1j),(-7+1j),0j,0j,0j,0j,0j,0j,0j,0j,0j,0j,0j,(-25+30j),(-29+30j),(-28+26j),(-25+30j),(-22+30j),(-24+29j),(-25+33j),(-27+29j),(-24+25j),(-23+18j),(-21+13j),(-18+11j),(-24+10j),(-18+9j),(-13+5j),(-14-4j),(-9-3j),(-15-6j),(-6-5j),(-12-3j),(-4-13j),(-3-10j),(-5-3j),(-6-1j),(-11-4j),3j
(-64+2j),(44+0j),(-9-2j),(-14+0j),(-16-5j),(-17-3j),(-19+3j),(-14+3j),(-21+6j),(-22+12j),(-22+10j),(-18+6j),(-19+13j),(-21+15j),(-19+17j),(-18+17j),(-14+9j),(-13+13j),(-13+10j),(-11+13j),(-9+9j),(-6+4j),(-1+5j),(1+1j),(1-4j),(3-7j),(3-9j),0j,0j,0j,0j,0j,0j,0j,0j,0j,0j,0j,(10-32j),(8-33j),(11-34j),(11-33j),(9-32j),(6-30j),(7-30j),(10-28j),(9-23j),(9-24j),(15-23j),(8-15j),(8-11j),(14-13j),(14-2j),(10-5j),(7+2j),(11+2j),(9+0j),(14-1j),(12+0j),(9+2j),(9+0j),(-2+3j),(5+3j),3j
(124-64j),(7+0j),(-4-9j),(4-9j),(3-13j),(5-12j),(10-11j),(4-19j),(5-17j),(6-25j),-22j,(7-23j),(-4-26j),(4-33j),(-2-27j),(-2-23j),(-7-24j),(-3-23j),(-2-13j),(-3-14j),(-4-14j),(-6-7j),(1-2j),(2-3j),(5-2j),(4+7j),(6+8j),0j,0j,0j,0j,0j,0j,0j,0j,0j,0j,0j,(-2+34j),(-6+35j),(-5+33j),(3+35j),34j,(-1+33j),(-1+32j),(-2+37j),(-2+30j),(-2+25j),(-5+22j),(-2+24j),(-1+17j),(-6+14j),(-11+9j),(-6+10j),(-6+4j),(-12+12j),(-8+3j),(-16+2j),(-13+3j),(-5+1j),(-13+2j),(-7-7j),(-6+3j),-4j
(90-96j),(5+0j),(-6+12j),(5+1j),(2+19j),(-11-3j),(3-6j),(-7-11j),(-3-11j),(-11-8j),(-7-19j),(-19-17j),(-4-19j),(-15-24j),(-9-23j),(-13-17j),(-16-29j),(-10-24j),(-8-23j),(-1-20j),(4-19j),(2-24j),(7-20j),(9-16j),(10-12j),(18-11j),(13-7j),0j,0j,0j,0j,0j,0j,0j,0j,0j,0j,0j,(-8-11j),(-5-13j),(-13-5j),(-13-4j),(-6-5j),(-9+0j),(-21+8j),(-11+6j),(-22+4j),(-26+12j),(-12+7j),(-21+13j),(-11+13j),(-16+22j),(-28+26j),(-16+16j),(-6+20j),(-30+27j),(-18+18j),(-23+35j),(8+23j),(-13+18j),(-13+23j),(3+7j),(-3+10j),(-4+8j)
(98+32j),(6+0j),(3-7j),(7+0j),(2-2j),(3+2j),(2+4j),(2+8j),(4+9j),(1+12j),(1+12j),(5+19j),19j,(1+18j),(5+21j),(4+18j),(-2+17j),(-6+17j),(-7+16j),(-2+17j),(-8+12j),(-5+12j),(-7+12j),(-12+12j),(-9+9j),(-12+5j),(-16+1j),0j,0j,0j,0j,0j,0j,0j,0j,0j,0j,0j,(-3+2j),(-2+8j),(4+3j),(1+6j),(5+2j),(6+5j),(14+3j),(13+9j),(11+9j),(11+2j),(19+4j),(21+5j),(20-1j),(18+4j),(23+1j),(25+2j),(20-5j),(26-3j),(26-9j),(16-6j),(16-5j),(17-10j),(16-4j),(13-12j),(6-7j),(9-4j)
(-98-32j),(9+0j),(-10+9j),(-1+0j),-5j,(-5-4j),(-4-6j),(-12-9j),(-4-11j),(-8-14j),(-10-21j),(2-25j),(-5-19j),(-6-23j),(-5-27j),(-8-27j),-25j,-23j,(5-26j),(3-32j),(4-23j),(4-20j),(10-18j),(10-16j),(18-12j),(22-3j),(16-10j),0j,0j,0j,0j,0j,0j,0j,0j,0j,0j,0j,(2-11j),(-7-2j),(-10-6j),(-11-3j),(-14+3j),(-19+5j),(-14-1j),(-18+4j),(-19+7j),(-19+10j),(-23+12j),(-28+8j),(-23+16j),(-26+16j),(-27+20j),(-26+23j),(-27+25j),(-22+15j),(-22+20j),(-17+20j),(-19+17j),(-16+22j),(-6+19j),(-12+9j),(-10+21j),(-5+9j)
(-2-32j),(15+0j),(-3+12j),(-6+5j),(2+0j),(-5-5j),(-5-8j),(-4-3j),(-7-16j),(-10-17j),(-14-10j),(-14-16j),(-3-22j),(-10-19j),(-12-22j),(-15-26j),(-4-24j),(-14-20j),(-5-21j),(-5-25j),(3-19j),-24j,(9-17j),(10-21j),(7-20j),(12-11j),(11-6j),0j,0j,0j,0j,0j,0j,0j,0j,0j,0j,0j,(-5-9j),(-4-6j),(-6-7j),(-8-6j),(-13-1j),(-9-7j),(-13+2j),(-15-3j),(-14+5j),(-21+0j),(-20+10j),(-24+7j),(-23+5j),(-26+13j),(-19+13j),(-20+11j),(-18+18j),(-12+15j),(-21+17j),(-21+15j),(-20+22j),(-12+13j),(-10+16j),(-12+17j),(-6+9j),(-8+12j)
(98+32j),(6+0j),(4-12j),(5+1j),(2+0j),(-2-2j),(1+4j),(3+9j),(14+6j),(8+11j),(16+10j),(13+12j),(23+11j),(14+21j),(15+13j),(11+21j),(21+17j),(11+20j),(8+29j),(9+29j),(14+21j),(-5+28j),(-6+24j),(-5+20j),(-5+16j),(-7+18j),(-16+17j),0j,0j,0j,0j,0j,0j,0j,0j,0j,0j,0j,(3-1j),(9+6j),(9+7j),(11+5j),(12+2j),(14-4j),(15-10j),(22-11j),(16-14j),(18-8j),(17-15j),(24-21j),(19-11j),(15-21j),(26-24j),(11-20j),(12-30j),(18-19j),(10-24j),(14-31j),(13-28j),(12-27j),(5-34j),(3-18j),(2-23j),(-5-15j)
(98+32j),(6+0j),(8-7j),(13+1j),3j,(-5+5j),(-3+4j),(-8+6j),11j,(-15+14j),(-2+14j),(-18+18j),(-16+20j),(-21+16j),(-13+23j),(-21+20j),(-19+22j),(-26+16j),(-30+11j),(-19+11j),(-19-2j),(-23-1j),(-21+8j),(-25-8j),(-17-4j),(-20-5j),(-12-11j),0j,0j,0j,0j,0j,0j,0j,0j,0j,0j,0j,(-9+6j),(-2+13j),(-2+12j),(1+4j),(-1+17j),(4+5j),(5+21j),(12+6j),(11+13j),(11+6j),(15+18j),(17+18j),(20+12j),(28+10j),(22+15j),(26+7j),(25+14j),(27+12j),(30+1j),(33-1j),(23+6j),(25+6j),(16-1j),(20-1j),(24-2j),(14-11j)
(-98-32j),(9+0j),(-7+0j),(-13-2j),-10j,(4-4j),(7-3j),(14-3j),(11+4j),(20+1j),(16+6j),(12+4j),(17+6j),(14+3j),(20+9j),(24+11j),(24+7j),(25+6j),(25+11j),(22+13j),(11+13j),(12+10j),(8+8j),(10+11j),(5+15j),(1+17j),(2+15j),0j,0j,0j,0j,0j,0j,0j,0j,0j,0j,0j,(2+2j),(6+4j),(4-6j),(3-2j),(7-1j),(9-8j),(16-6j),(14-14j),(18-16j),(13-19j),(9-19j),(10-15j),(4-29j),(2-27j),(4-23j),(3-23j),(2-29j),(-2-26j),(-8-34j),(3-22j),(-7-34j),(-2-20j),(-11-19j),(-4-24j),(-7-17j),(1-16j)
(-126+32j),(8+0j),(-8+0j),(-6+1j),(-2-1j),(-4-6j),(2-1j),(6-2j),(4-14j),(11-13j),(10-16j),(8-17j),(9-16j),(9-23j),(14-17j),(12-25j),(15-21j),(14-9j),(16-16j),(13-12j),(15-5j),(23-3j),(18-2j),(17-1j),(16+8j),(11+5j),(9+9j),0j,0j,0j,0j,0j,0j,0j,0j,0j,0j,0j,(-3-9j),(3-3j),(-2-8j),(-4-8j),(-12-7j),(-12-12j),(-12-5j),(-23-7j),(-14-5j),(-17-7j),(-20+5j),(-19-8j),(-24-3j),(-27+0j),(-29-2j),(-31+0j),(-28-1j),(-27+1j),(-30+6j),(-30+5j),(-30+7j),(-26+9j),(-21+4j),(-17+6j),(-13+8j),(-13+4j)
(127-16j),(7+0j),(6-9j),1j,(10-6j),(-5+3j),(7+1j),(-1+3j),(3+11j),(6+15j),17j,(-3+16j),18j,(-13+17j),(-8+20j),(-4+20j),(-13+24j),24j,(-9+15j),(-12+13j),(-14+21j),(-12+12j),(-12+10j),(-21+3j),(-21+7j),(-20-6j),(-13-5j),0j,0j,0j,0j,0j,0j,0j,0j,0j,0j,0j,6j,11j,(6+5j),(7+8j),(8-2j),(11-2j),(16+4j),(15-1j),(18+0j),(20-1j),(22-3j),(17+3j),(19+2j),(12-9j),(28-9j),(24-10j),(22-10j),(29-10j),(20-26j),(20-20j),(25-13j),(18-19j),(18-23j),(13-16j),(12-16j),(9-11j)
(-128+0j),(8+0j),(15-11j),(5+6j),(-4+3j),(-1+9j),(-2+0j),(-4+14j),(-5+14j),(-7+20j),(-9+29j),18j,(-9+24j),(1+20j),(-5+26j),(-5+20j),(-4+29j),(-5+28j),(-6+19j),(-8+22j),(-17+18j),(-12+18j),(-13+20j),(-10+16j),(-21+8j),(-16+7j),(-20-8j),0j,0j,0j,0j,0j,0j,0j,0j,0j,0j,0j,(-4+9j),(-1+7j),(7+9j),(3+12j),(3+9j),(9+9j),(18-1j),(21+10j),(15+10j),(23+1j),(22+4j),(27+0j),(25+1j),(27-8j),(30-6j),(34-3j),(34-16j),(24-6j),(30+0j),(30-12j),(32-7j),(24-11j),(26-7j),(19-18j),(24-9j),(11-10j)
(-105+112j),(9+0j),(1+10j),(-5+6j),(-5+9j),(-6+7j),(-13+10j),(-10+8j),(-18+13j),(-18+11j),(-13+20j),(-17+15j),(-15+20j),(-17+21j),(-16+20j),(-20+22j),(-10+21j),(-8+20j),(-10+21j),(-9+14j),(-6+15j),(-6+11j),(-2+7j),(1-3j),(5-5j),(-1-7j),(3-13j),0j,0j,0j,0j,0j,0j,0j,0j,0j,0j,0j,(18-29j),(19-30j),(16-33j),(18-33j),(13-36j),(14-33j),(18-31j),(13-28j),(10-26j),(12-24j),(12-23j),(13-14j),(9-11j),(10-9j),(10-9j),(11-3j),(12+0j),(13+3j),(10+7j),(17+8j),(12+7j),(8+6j),(3+11j),(5+13j),(10+6j),(3+10j)
(32+1j),(18+0j),(1+7j),(5+11j),(1+10j),(-1+14j),(-5+18j),(-3+13j),(-3+20j),(-4+24j),(-2+25j),(2+22j),(1+27j),(9+33j),(2+31j),(8+25j),(9+20j),(11+21j),(5+20j),(5+19j),(6+11j),(2+8j),(5+8j),(-3-1j),(1-5j),(-8-9j),(-8-9j),0j,0j,0j,0j,0j,0j,0j,0j,0j,0j,0j,(1-38j),-38j,(-1-43j),(-2-38j),-43j,(-5-42j),-37j,(-6-37j),(3-33j),-28j,-27j,(-1-24j),(1-23j),(6-15j),(10-10j),(10-6j),(15-9j),(11-4j),(16-1j),(13+0j),(15+2j),(12+1j),(10-4j),(12+0j),(11-4j),(11+2j)
(66+33j),(20+0j),(-6+1j),(-7-7j),(-6-4j),(-11-1j),(-15-1j),(-19-2j),(-21-6j),(-13-1j),(-16+2j),(-18+9j),(-28+11j),(-26+6j),(-15+8j),(-15+4j),(-12+14j),(-11+14j),(-16+18j),(-10+12j),(-6+8j),(-4+0j),(2+4j),(-5-2j),(1-2j),(-2-7j),(1-15j),0j,0j,0j,0j,0j,0j,0j,0j,0j,0j,0j,(7+29j),(10+31j),(12+32j),(10+27j),(12+25j),(14+24j),(20+20j),(20+24j),(18+23j),(10+23j),(6+10j),(9+15j),(11+12j),(9+17j),(3+15j),(-7+12j),(-2+6j),(-3+10j),(-2+9j),(-7+10j),(-6+11j),(-9+17j),(-8+11j),(-10+6j),(-6+3j),(-4+2j)
(32+1j),(18+0j),(6+6j),(1+8j),(4+12j),(4+15j),10j,(-2+20j),(3+17j),(8+20j),(7+23j),(12+27j),(15+24j),(18+23j),(16+25j),(16+25j),(20+19j),(16+15j),(10+16j),(14+11j),(9+7j),(5+5j),(3+0j),(1-3j),(-5-2j),(-6-6j),(-5-10j),0j,0j,0j,0j,0j,0j,0j,0j,0j,0j,0j,(-20-36j),(-21-31j),(-19-32j),(-20-31j),(-29-32j),(-24-33j),(-21-32j),(-22-30j),(-13-25j),(-15-28j),(-15-29j),(-11-23j),(-1-19j),(-5-18j),(4-12j),(7-11j),(11-10j),(9-9j),(13-7j),(14-10j),(14-9j),(20-4j),(9-8j),(12-6j),(12-5j),(9-6j)
(66+33j),(20+0j),(-10+0j),(-10-7j),(-14-9j),(-12-9j),(-13-10j),(-20-10j),(-19-13j),(-25-5j),(-17-15j),(-24-7j),(-24-3j),(-31-7j),(-28-6j),(-32+0j),(-30-1j),(-25+3j),(-23+0j),(-17+5j),(-20+5j),(-6+3j),(-5-1j),(2-2j),(8+0j),(12+3j),(16+2j),0j,0j,0j,0j,0j,0j,0j,0j,0j,0j,0j,(31+5j),(37+4j),(40+5j),(44+7j),(42-2j),(40+3j),(35+2j),(38+6j),(29+7j),(29+12j),(24+5j),(24+6j),(17+9j),(10+9j),(9+13j),(8+14j),(6+19j),(3+11j),(-7+12j),(-5+9j),(-3+13j),(-3+13j),(-2+13j),(-4+5j),(-7+12j),(-1+5j)
(47-15j),(18+0j),(2+6j),(-2+7j),13j,(-5+15j),(-1+15j),(-5+20j),(-4+22j),(1+19j),(-1+23j),(2+27j),(5+31j),(6+26j),(8+26j),(6+25j),(11+26j),(9+21j),(6+22j),(6+14j),(4+15j),(4+6j),(3+1j),-1j,(-4-6j),(-5-11j),(-7-12j),0j,0j,0j,0j,0j,0j,0j,0j,0j,0j,0j,(2-42j),(3-41j),-41j,(-3-42j),(-3-40j),(-2-42j),(-3-37j),-36j,(1-33j),(-3-33j),(4-25j),(4-24j),(10-20j),(3-17j),(9-12j),(5-9j),(13-7j),(18-2j),(12-3j),(10+2j),(12-3j),(10-1j),(11-1j),(14-1j),(10-2j),(7+1j)
(81+17j),(21+0j),(1-11j),(3-8j),(6-8j),(7-11j),(13-13j),(12-12j),(13-14j),(9-20j),(14-22j),(8-25j),(9-19j),(3-33j),(4-30j),(2-27j),(-7-29j),(1-29j),(-1-24j),(-5-27j),(-1-18j),(-3-8j),(-1-6j),(-2-1j),(-1+0j),(5+7j),(3+9j),0j,0j,0j,0j,0j,0j,0j,0j,0j,0j,0j,(-30+24j),(-34+18j),(-34+24j),(-30+26j),(-32+28j),(-33+28j),(-23+24j),(-30+25j),(-28+24j),(-25+18j),(-21+15j),(-20+13j),(-17+9j),(-18+12j),(-14+4j),(-17-10j),(-14-7j),(-13-4j),(-8-5j),(-17-12j),(-12-13j),(-14+3j),(-12-4j),(-8-12j),(-2-11j),(-7-9j)
(32+1j),(18+0j),(1-4j),(4-5j),(7-9j),(15-8j),(8-11j),(13-10j),(14-19j),(11-16j),(16-15j),(15-19j),(9-18j),(11-22j),(14-26j),(5-22j),(5-26j),(4-27j),(6-21j),(5-16j),(2-14j),(3-12j),(-1+0j),(-2+3j),5j,(-2+5j),(-8+15j),0j,0j,0j,0j,0j,0j,0j,0j,0j,0j,0j,(-27+29j),(-28+28j),(-28+29j),(-26+33j),(-22+32j),(-22+30j),(-23+28j),(-20+27j),(-23+27j),(-19+28j),(-19+18j),(-18+14j),(-16+6j),(-17+10j),(-16+4j),(-10-6j),(-14-4j),(-13-7j),(-14-9j),(-13-11j),(-13-13j),(-9-7j),(-6-13j),(-6-6j),(-8-10j),(-8-5j)
(66+33j),(20+0j),(3+1j),(4+8j),(5+5j),(4+7j),(7+12j),(6+17j),(5+17j),(6+26j),(14+22j),(15+14j),(11+23j),(10+21j),(17+15j),(19+14j),(18+15j),(11+11j),(10+11j),(12+11j),(8+8j),(5+1j),(4+3j),(-2+0j),(-3-8j),(-4-9j),(-13-8j),0j,0j,0j,0j,0j,0j,0j,0j,0j,0j,0j,(-27-22j),(-26-18j),(-29-20j),(-31-24j),(-31-24j),(-36-20j),(-30-16j),(-29-26j),(-23-16j),(-28-21j),(-16-10j),(-14-22j),(-13-17j),(-10-11j),(-1-14j),(-2-17j),(5-14j),(7-8j),(-1-11j),(6-10j),(6-11j),(10-8j),(5-15j),(5-10j),(8-8j),(9-5j)
(-98-32j),(9+0j),(1-10j),(3-12j),(11-4j),(12-9j),(9-11j),(12-11j),(19-17j),(11-10j),(14-20j),(19-7j),(14-21j),(18-25j),(13-33j),(9-15j),(16-35j),(14-9j),(6-19j),(-3-16j),(13-11j),(9-10j),(-5-5j),(-2-5j),(-5-3j),(-14+2j),(-13+7j),0j,0j,0j,0j,0j,0j,0j,0j,0j,0j,0j,(8+30j),(10+35j),(12+31j),(8+35j),(8+34j),(12+36j),(9+37j),(-1+34j),(6+36j),(3+21j),(-3+35j),(1+19j),(1+16j),(-4+11j),(-15+3j),(-6+7j),(2+8j),(-5-7j),(-7-4j),(-9-9j),(-26+7j),(-13-9j),(-12+2j),(-6-17j),(-7-2j),(2-3j)
(-2-32j),(15+0j),(-1+1j),(-4+5j),(-5+7j),(-3+9j),(-9+11j),(-6+15j),(-7+14j),(-6+14j),(-13+17j),(-3+18j),(-7+19j),(-4+17j),(-4+16j),(1+19j),(-4+17j),(2+17j),(-2+13j),(3+14j),(-2+9j),(1+6j),(2+3j),(2-2j),(-1-2j),(2-4j),(-2-6j),0j,0j,0j,0j,0j,0j,0j,0j,0j,0j,0j,(-3-25j),(-2-29j),(-11-30j),(-7-28j),(-6-30j),(-5-28j),(-5-29j),(-10-27j),(-5-25j),(-3-21j),-19j,(5-16j),(3-17j),(6-7j),(11-7j),(4-9j),(10-4j),(7-9j),(6-4j),(8-6j),(5-4j),(11-4j),(8+0j),(2+5j),(8-2j),(3+2j)
(124-64j),(7+0j),(-23-1j),(-10-10j),(4-15j),(2-7j),(5-6j),(9-3j),(17-2j),(24-10j),(17-8j),(30-2j),(27-7j),(23-12j),(30+2j),(30-7j),(21+0j),(30+4j),(23+3j),(24+8j),(28+13j),(22+13j),(17+18j),(17+20j),(12+18j),(12+20j),(10+23j),0j,0j,0j,0j,0j,0j,0j,0j,0j,0j,0j,(8-7j),(5-5j),(6-10j),(-3-8j),(-5-10j),(1-19j),(3-23j),(-9-24j),(-4-29j),(-5-26j),(-14-33j),(-1-21j),(-15-32j),(-18-27j),(-18-30j),(-28-37j),(-19-29j),(-23-22j),(-24-27j),(-30-24j),(-24-17j),(-23-15j),(-28-20j),(-24-14j),(-21-22j),(-18-2j)
(98+32j),(6+0j),(6+1j),(6-4j),(13+4j),(-1+9j),(-11+6j),(-7+8j),(-10+7j),(-5+10j),(-9+11j),(-13+8j),(-18+13j),(-16+13j),(-21+18j),(-14+13j),(-19+12j),(-18+13j),(-23+9j),(-28+2j),(-25+5j),(-14+0j),(-17-4j),(-19-7j),(-16-8j),(-10-4j),(-9-8j),0j,0j,0j,0j,0j,0j,0j,0j,0j,0j,0j,(-6+5j),(-2+2j),(1+7j),(2+11j),(5+11j),(5+12j),(8+13j),(10+12j),(10+6j),(9+15j),(16+11j),(19+17j),(21+17j),(26+10j),(23+13j),(17+7j),(26+5j),(30+8j),(28+6j),(25+7j),(23+6j),(24+2j),(27-6j),(17-1j),(14+6j),(15-7j)
(98+32j),(6+0j),(7+2j),(1+1j),(-2-4j),(-6+5j),(-9+0j),(-16+6j),(-11-12j),(-10-6j),(-16-4j),(-16-6j),(-16-7j),(-22-2j),(-21-9j),(-16-10j),(-18-15j),(-21-4j),(-20-19j),(-14-21j),(-15-18j),(-10-17j),(-7-18j),-14j,(1-17j),(-4-18j),(3-14j),0j,0j,0j,0j,0j,0j,0j,0j,0j,0j,0j,(-7+0j),(-10+4j),(-11+0j),(-5+6j),(-2+5j),(-16+9j),(-5+16j),(-3+13j),(-11+15j),(-4+14j),(-11+25j),(-5+26j),(-5+23j),(-4+24j),(2+27j),(-3+20j),(5+23j),(14+30j),(7+25j),(7+23j),(11+27j),(12+24j),(7+23j),(7+14j),(10+16j),(7+8j)
(86+96j),(5+0j),(-8+12j),(-5+7j),(-12+7j),(-8+6j),(-16+2j),(-18+2j),(-22+0j),(-20+8j),(-24+1j),(-23+5j),(-24+8j),(-26+6j),(-26+10j),(-23+10j),(-19+11j),(-19+10j),(-18+10j),(-14+9j),(-9+8j),(-6+3j),(-4+5j),(1-1j),-1j,(2-4j),(5-5j),0j,0j,0j,0j,0j,0j,0j,0j,0j,0j,0j,(39+2j),(40+0j),(41+0j),(43-5j),(37-6j),(44-5j),(36-2j),(35-2j),(36+1j),(27+0j),(25-3j),(19+2j),(17+5j),(12+6j),(11+7j),(12+12j),(8+9j),(-1+13j),(4+18j),(9+17j),14j,(3+13j),(7+13j),(4+12j),(-3+12j),(-4+9j)
(-44+66j),(45+0j),(7+9j),(5+9j),(-1+14j),11j,(-1+14j),17j,(-3+22j),(3+17j),(-2+24j),(3+25j),(1+24j),(6+26j),(8+23j),(11+21j),(7+21j),(11+21j),(9+18j),(4+16j),(5+12j),(5+7j),(3+8j),(-1-2j),(-5-2j),(-6-3j),(-10-7j),0j,0j,0j,0j,0j,0j,0j,0j,0j,0j,0j,(26-28j),(28-29j),(25-30j),(25-32j),(20-32j),(23-33j),(19-34j),(18-32j),(16-26j),(15-27j),(17-23j),(16-13j),(14-12j),(14-13j),(18-6j),(16-2j),(14-1j),(13+0j),(13+3j),(16-3j),(18+3j),(17+1j),(14+4j),(15+1j),(17+2j),(15+1j)
(32+1j),(18+0j),(2-8j),(8-7j),(11-5j),(14-4j),(11-4j),(15-1j),(16-2j),(17-4j),(20-4j),(26-8j),(25-3j),(28-10j),(24-12j),(21-15j),(21-11j),(20-8j),(17-9j),(15-8j),(14-4j),(6-6j),(5-5j),(-1+0j),(-5+3j),(-1+4j),(-10+9j),0j,0j,0j,0j,0j,0j,0j,0j,0j,0j,0j,(-37-10j),(-38-3j),(-38-8j),(-40-3j),(-41-3j),(-35-5j),(-36-1j),(-32-5j),(-31-3j),(-27-8j),(-29-4j),(-22-5j),(-17-7j),(-11-7j),(-13-10j),(-7-18j),(-7-18j),(-4-15j),-18j,(-1-12j),(-2-21j),(-5-21j),(-5-18j),(2-21j),(-5-15j),(-4-6j)
(66+33j),(20+0j),(8+4j),(7+8j),(3+8j),(3+9j),(3+11j),15j,(4+16j),(3+17j),(6+27j),(9+26j),(8+25j),(8+23j),(10+24j),(13+21j),(10+18j),(13+22j),(11+14j),(10+13j),(11+8j),(5+7j),(3+3j),(-3+3j),(-3-1j),(-4+0j),(-8-5j),0j,0j,0j,0j,0j,0j,0j,0j,0j,0j,0j,(10-39j),(11-39j),(9-38j),(5-41j),(4-39j),(5-35j),(3-36j),(1-34j),(3-33j),(5-27j),(1-24j),(5-23j),(7-16j),(9-13j),(11-14j),(10-9j),(12-4j),(14-7j),(16-3j),(20+0j),(14-2j),(18-1j),(14+2j),(16-3j),(14+1j),(11-1j)
(-64+2j),(44+0j),(2-9j),(-2-3j),(6+3j),(11+0j),(19+3j),(19-1j),(16+0j),(18+1j),(22-2j),(21+2j),(24-2j),(21-10j),(24-10j),(24-9j),(24-9j),(18-6j),(18-16j),(14-12j),(14-8j),(6-6j),(2-1j),3j,(1+5j),(-3+5j),(-7+7j),0j,0j,0j,0j,0j,0j,0j,0j,0j,0j,0j,(-40+2j),(-41-3j),(-39+0j),(-38-2j),(-39+1j),(-35+7j),(-32+0j),(-38-2j),(-34+3j),(-24-1j),(-28-4j),(-14-5j),(-14-6j),(-20-6j),(-13-11j),(-12-11j),(-6-14j),(-3-12j),(-4-13j),(1-14j),(-9-25j),(-4-15j),(-2-13j),(-3-16j),-15j,(-2-11j)
(124-64j),(7+0j),(2+12j),(-9+5j),(-8+5j),(-12+2j),(-16+0j),(-20+1j),(-16-1j),(-22-1j),(-17+0j),(-28+7j),(-22+17j),(-34+6j),(-23+11j),(-15+0j),(-21+6j),(-12-2j),(-6-3j),(-20-5j),(-16+3j),(-10+11j),(-2+3j),(-4-5j),(11-1j),(3+2j),(9-6j),0j,0j,0j,0j,0j,0j,0j,0j,0j,0j,0j,(23-26j),(22-24j),(23-27j),(29-24j),(22-25j),(21-19j),(19-18j),(11-22j),(17-18j),(22-11j),(8-12j),(18-22j),(8-4j),(7+7j),(8-3j),(8-7j),(-7+6j),(10-5j),(12+17j),(16+6j),(4+15j),(-9+11j),(-4+7j),(14+19j),(17-5j),(-3+7j)
(94-32j),(5+0j),(1-7j),(5-2j),(13-4j),(12-1j),(12+2j),(11-3j),(9+4j),(18+5j),(20+3j),(28-9j),(14-7j),(19-12j),(26-6j),(14-7j),(36-23j),(10-6j),(16-9j),(8-8j),(18-3j),(3-6j),(-1-4j),(1+4j),(-14+8j),(-1+6j),(-8+10j),0j,0j,0j,0j,0j,0j,0j,0j,0j,0j,0j,(1-32j),(-5-34j),(-6-32j),(-11-28j),(-11-36j),(-9-30j),(-20-24j),(-10-30j),(-9-18j),(-15-26j),(6-16j),(-12-21j),(2-22j),(-5-7j),(14-7j),(5+0j),(-4-18j),(17-12j),(1-27j),(14-15j),(4-3j),(10-17j),(21-11j),(1-8j),(11-10j),(6+0j)
(-128+0j),(8+0j),(8+0j),(2+7j),(2+6j),(2+4j),(2+12j),(2+14j),(1+15j),(2+12j),(5+16j),(6+11j),(20+13j),(19+13j),(12+28j),(9+1j),(14+17j),(9+18j),(7+16j),(4+1j),(2-1j),(10-2j),(5+6j),(7-2j),(3+0j),(-6+1j),(1-3j),0j,0j,0j,0j,0j,0j,0j,0j,0j,0j,0j,(21-24j),(18-20j),(14-31j),(18-28j),(13-23j),(13-21j),-31j,(18-27j),(16-26j),(12-19j),(1-19j),(19-15j),(5-25j),(9-13j),(16-3j),(-2+4j),(12+11j),(18-1j),(10-3j),(13-14j),(20+17j),(18+1j),(-5+0j),(9+11j),(13+3j),(6+0j)
(94-32j),(5+0j),(-11+6j),(-10+3j),(-10+0j),(-11-2j),(-20-7j),(-19-8j),(-23-9j),(-20-10j),(-23-6j),(-24-5j),(-22-3j),(-25-3j),(-25-4j),(-27-3j),(-27-1j),(-21+0j),(-24+2j),(-15+5j),(-12+2j),(-11-2j),(-8-1j),(-2-1j),(2+1j),(7-2j),(7-3j),0j,0j,0j,0j,0j,0j,0j,0j,0j,0j,0j,(31+20j),(33+19j),(32+18j),(35+19j),(37+14j),(33+12j),(30+16j),(29+10j),(25+17j),(21+14j),(19+13j),(16+13j),(13+13j),(6+9j),10j,(4+19j),(-3+14j),(-2+13j),(-1+15j),(-3+16j),(-3+11j),(-8+11j),(-7+14j),(-5+15j),(-12+14j),(-3+12j)
(-91+80j),(10+0j),(-9-9j),(-8-8j),-9j,(-2-7j),-18j,(3-20j),(-1-21j),(-3-23j),(-6-19j),(-6-30j),(-7-25j),(-7-26j),(-9-25j),(-9-25j),(-12-19j),(-8-20j),(-11-17j),(-8-18j),(-4-14j),(-4-10j),(-2-8j),(-3-4j),(6+0j),(5+1j),(4+1j),0j,0j,0j,0j,0j,0j,0j,0j,0j,0j,0j,(-12+34j),(-14+37j),(-11+39j),(-11+35j),(-11+35j),(-5+36j),(-4+37j),(-9+33j),(-9+32j),(-5+28j),(-6+27j),(-3+19j),(-7+15j),(-12+17j),(-9+11j),(-9+3j),(-16+4j),(-12+2j),(-18-2j),(-22-2j),(-8+1j),(-12+3j),(-16+3j),(-12-3j),(-13-3j),(-15-6j)
(-125+48j),(8+0j),(-11+0j),(-4+3j),(-3-2j),(-9-3j),(-1-13j),(-6-11j),(-7-13j),(-2-14j),(-6-17j),(-16-14j),(-7-20j),(-8-20j),(-11-24j),(-3-21j),(-1-23j),(-7-29j),(-4-25j),(1-18j),(4-22j),(5-23j),(2-17j),(9-14j),(15-14j),(19-7j),(14-7j),0j,0j,0j,0j,0j,0j,0j,0j,0j,0j,0j,-2j,(1-6j),(-3-6j),(-7-7j),(-8-5j),(-13-6j),(-12-1j),(-11+2j),(-14+1j),(-19+5j),(-20+5j),(-18+9j),(-27+12j),(-29+11j),(-28+18j),(-18+13j),(-24+22j),(-14+17j),(-20+20j),(-13+16j),(-15+22j),(-13+23j),(-11+22j),(-14+18j),(-9+15j),(-12+17j)
(-105+112j),(9+0j),(-9-9j),(-3-8j),(-1-5j),(-9-5j),(7-2j),(13-16j),(3-9j),(11-12j),(13-7j),(16-18j),(19-16j),(22-16j),(22-22j),(18-14j),(25-17j),(19-13j),(26-8j),(22-8j),(17-3j),(19-3j),(16+0j),(17+0j),(19+8j),(17+5j),(11+8j),0j,0j,0j,0j,0j,0j,0j,0j,0j,0j,0j,(6-3j),(5-9j),-14j,(7-11j),(1-6j),(-7-9j),(1-15j),(-4-17j),(-1-14j),(-10-24j),(-13-12j),(-16-19j),(-19-12j),(-21-16j),(-22-14j),(-24-14j),(-23-16j),(-25-10j),(-29-17j),(-21-9j),(-29-6j),(-25-6j),(-23-10j),(-17+0j),(-15+8j),(-17+2j)
(124-64j),(7+0j),(-8+3j),(-9-1j),(-8-4j),(-12-4j),(-11-5j),(-18-5j),(-17-2j),(-16-10j),(-20-6j),(-26-7j),(-30-3j),(-26-3j),(-25-6j),(-23-8j),(-28+1j),(-24+0j),(-21+3j),(-19+0j),(-13+1j),(-14-2j),(-11-1j),(-3-4j),(-5-6j),(1-6j),(3-8j),0j,0j,0j,0j,0j,0j,0j,0j,0j,0j,0j,(20+27j),(23+24j),(23+24j),(23+22j),(27+25j),(26+22j),(26+21j),(27+20j),(24+19j),(20+17j),(19+16j),(16+16j),(15+18j),(7+14j),(4+8j),(3+15j),(-1+13j),(-3+14j),(1+10j),(-6+10j),(1+14j),(-10+14j),(-11+10j),(-6+13j),(-9+14j),(-8+4j)
(94-32j),(5+0j),(22+8j),(6+14j),(5+17j),(9+13j),(-7+24j),(-8+34j),(-2+25j),(-11+32j),(-1+52j),(4+53j),(4+52j),(6+54j),(14+51j),(10+51j),(10+46j),(9+46j),(10+37j),(6+35j),(4+31j),(2+30j),(-2+11j),(-8+13j),(-12+11j),(-15+1j),(-19+7j),0j,0j,0j,0j,0j,0j,0j,0j,0j,0j,0j,(49-48j),(47-51j),(52-55j),(46-62j),(48-65j),(45-58j),(49-68j),(46-59j),(41-57j),(37-51j),(31-48j),(31-43j),(19-27j),(29-16j),(26-14j),(20-18j),(27-12j),(39+2j),(27+4j),(27+3j),(39+0j),(23+7j),(29-5j),(28+8j),(31+20j),(23+3j)
(94-32j),(5+0j),(-2+1j),(-9+6j),(-7+2j),(-17-1j),(-17-10j),(-24+0j),(-34-3j),(-30-4j),(-27-1j),(-31-4j),(-23-5j),(-25-1j),(-32+3j),(-28+4j),(-33+9j),(-26+7j),(-24+8j),(-19+7j),(-20+7j),(-15+9j),(-11+0j),(-10+3j),(-5-3j),(-1-9j),(3-15j),0j,0j,0j,0j,0j,0j,0j,0j,0j,0j,0j,(29+30j),(32+28j),(32+31j),(35+25j),(36+29j),(34+22j),(37+22j),(34+18j),(32+17j),(31+24j),(28+16j),(15+18j),(18+18j),(7+24j),(10+24j),(13+19j),(3+15j),(1+20j),(1+10j),(2+17j),(-2+21j),(-6+17j),(-13+13j),(-3+15j),(-1+17j),(-6+9j)
(98+32j),(6+0j),(-3-8j),-8j,(5-11j),(7-4j),(15-14j),(11-17j),(16-20j),(17-17j),(11-12j),(12-28j),(17-16j),(16-14j),(7-27j),(6-13j),(14-22j),(6-8j),(15-14j),(10-15j),(7-15j),(17-9j),(2-2j),(7-13j),-6j,(8+9j),(7+7j),0j,0j,0j,0j,0j,0j,0j,0j,0j,0j,0j,(-17+23j),(-20+33j),(-20+28j),(-26+30j),(-19+30j),(-14+37j),(-25+27j),(-14+31j),(-18+34j),(-10+27j),(-20+26j),(-22+25j),(-17+6j),(-6+13j),(-9+5j),(-11+14j),(-9+3j),(-33-3j),(-20+15j),(-5-10j),(-10+11j),(-2-11j),(-16-1j),(-1-2j),-9j,(-6-10j)
(94-32j),(5+0j),8j,(1+7j),(-2+10j),(-7+9j),(-9+14j),(-9+17j),(-8+18j),(-6+19j),(-8+24j),(-9+23j),(-8+25j),(-5+29j),(-3+29j),(-5+27j),(-5+26j),(-4+24j),(-1+27j),(1+19j),(-2+17j),(-1+16j),(-6+8j),(-8+3j),(-4+2j),(-8+2j),(-11-3j),0j,0j,0j,0j,0j,0j,0j,0j,0j,0j,0j,(32-19j),(35-19j),(33-20j),(34-24j),(30-25j),(32-24j),(30-30j),(32-25j),(26-21j),(22-21j),(23-19j),(19-16j),(20-8j),(19-11j),(16-7j),(18+0j),(17+0j),(13+3j),(13+9j),(15+4j),(12+2j),(15+10j),(18+4j),(10+5j),(10+7j),(4+1j)
(32+1j),(18+0j),(-7+1j),(-3+8j),(-11-2j),(-15+2j),(-14-5j),(-21+0j),(-19-4j),(-20-4j),(-19-6j),(-22+1j),(-22-2j),(-28+0j),(-23-3j),(-25+4j),(-22+1j),(-24+6j),(-22+5j),(-15+2j),(-10+3j),(-12+2j),(-10-6j),(-9+1j),(-6-6j),(-1-4j),(4-10j),0j,0j,0j,0j,0j,0j,0j,0j,0j,0j,0j,(31+15j),(32+10j),(30+12j),(37+9j),(38+10j),(33+12j),(33+7j),(29+10j),(30+6j),(25+5j),(23+7j),(25+8j),(18+10j),(20+2j),(8+7j),(13+15j),(4+12j),(-3+13j),(-3+17j),(4+11j),13j,(-5+12j),16j,(-4+14j),(3+20j),(-1+12j)
(66+33j),(20+0j),(-6-6j),(-1-16j),(6-6j),(10-12j),(6-14j),(6-10j),(8-16j),(5-21j),(9-21j),(12-24j),(6-27j),(6-30j),(2-29j),(-1-33j),(-3-29j),(-2-30j),(1-22j),(2-18j),(-1-14j),(1-15j),(4-13j),(4-3j),(6-2j),(8-2j),(8+2j),0j,0j,0j,0j,0j,0j,0j,0j,0j,0j,0j,(-31+23j),(-29+21j),(-32+30j),(-26+28j),(-30+30j),(-26+27j),(-28+30j),(-21+27j),(-24+30j),(-23+23j),(-18+21j),(-13+15j),(-18+14j),(-13+9j),(-16+5j),(-13+8j),(-16+0j),(-16-5j),(-16-2j),(-19-8j),(-13-8j),(-10-9j),(-9-3j),(-17-9j),(-9-3j),(-9-5j)
(47-15j),(18+0j),(-8+7j),(-4-1j),(-9-3j),(-9-1j),(-14-8j),(-13-5j),(-14-6j),(-13-9j),(-18-7j),(-24-7j),(-23-7j),(-25-5j),(-23-4j),(-22-6j),(-25-6j),(-23-1j),(-18-3j),(-17+0j),(-13-4j),(-11-2j),(-8-4j),(-6-5j),(-2-3j),(2-7j),(5-8j),0j,0j,0j,0j,0j,0j,0j,0j,0j,0j,0j,(28+18j),(30+19j),(31+18j),(31+18j),(33+18j),(32+14j),(32+14j),(33+14j),(23+11j),(23+9j),(22+9j),(19+6j),(16+11j),(11+12j),(6+11j),(5+12j),(2+11j),8j,(-1+12j),(-2+11j),(-3+16j),(-4+11j),(-5+8j),(-9+9j),(-1+10j),(-3+7j)
(81+17j),(21+0j),(7-2j),(7-3j),(7+5j),(6+8j),(7+7j),(11+17j),(13+12j),(15+16j),(16+15j),(16+13j),(23+18j),(21+17j),(20+15j),(25+11j),(22+12j),(20+9j),(18+11j),(12+8j),(13+7j),(9+4j),(3+6j),(4+9j),(-3+5j),(-10+5j),(-8+6j),0j,0j,0j,0j,0j,0j,0j,0j,0j,0j,0j,(-20-33j),(-23-33j),(-23-35j),(-26-33j),(-27-27j),(-29-32j),(-29-31j),(-26-26j),(-22-24j),(-24-26j),(-21-21j),(-12-23j),(-13-19j),(-9-15j),(-4-16j),(-5-16j),(2-17j),(7-11j),(2-16j),(3-16j),(3-13j),(10-8j),(5-13j),(10-13j),(7-9j),(8-11j)
(57-111j),(19+0j),(5+2j),(1+7j),6j,8j,(-2+17j),(4+15j),(4+17j),(-3+17j),(2+17j),(9+21j),(11+13j),(10+23j),(16+17j),(13+22j),(12+25j),(8+16j),(8+18j),(9+16j),(7+10j),(5+10j),9j,(-2+10j),(-7+2j),(-12-3j),(-8+6j),0j,0j,0j,0j,0j,0j,0j,0j,0j,0j,0j,(-9-42j),(-10-36j),(-12-41j),(-13-36j),(-8-34j),(-16-34j),(-15-37j),(-15-28j),(-2-35j),(-14-24j),(-3-28j),(-12-30j),(-13-23j),(-2-23j),(3-15j),(3-16j),-12j,(10-8j),(11-13j),(13-9j),(9-4j),(14-8j),(13-12j),(12-8j),(11-7j),(11-9j)
(-77+49j),(27+0j),(-1-7j),(-2+3j),(3-8j),(7+2j),(8-2j),(14-5j),(13+0j),(20-3j),(23+3j),(25+6j),(25+3j),(18+4j),(26+1j),(24+8j),(32+7j),(20+9j),(24+19j),(17+11j),(18+15j),(15+18j),(12+19j),(9+11j),(-4+20j),(-2+19j),(-2+16j),0j,0j,0j,0j,0j,0j,0j,0j,0j,0j,0j,(7-11j),(6-14j),(7-8j),(5-13j),(1-9j),(1-10j),(-2-19j),(-3-17j),(-5-19j),(-6-23j),(-5-25j),(-12-32j),(-23-26j),(-22-22j),(-24-25j),(-26-25j),(-26-27j),(-27-22j),(-25-17j),(-29-22j),(-18-21j),(-20-16j),(-21-14j),(-24-8j),(-14-13j),(-13-7j)
(-57+113j),(28+0j),-12j,(8+0j),(13+1j),(2-2j),(4+7j),(6+0j),(4+7j),(9+17j),(10+12j),(10+11j),(8+17j),(10+20j),(13+20j),(5+16j),(10+18j),(4+22j),(6+17j),(5+22j),21j,(-4+16j),(-6+18j),(-5+20j),(-8+11j),(-4+13j),(-10+12j),0j,0j,0j,0j,0j,0j,0j,0j,0j,0j,0j,(2+11j),(2+5j),(-4+9j),(3+4j),(4+12j),(9+1j),(13+4j),(13+0j),(19+5j),(11+5j),(20-7j),(23-8j),(21+0j),(20-6j),(25-12j),(25-10j),(17-13j),(23-17j),(21-15j),(14-16j),(27-20j),(12-17j),(17-14j),(3-20j),(13-12j),(11-10j)
(47-15j),(18+0j),(-4-2j),(-5-6j),(-8-6j),(-1-9j),(13+0j),(16+0j),(15+1j),(14+1j),(9+9j),(31-1j),(19+14j),(26+4j),(27+6j),(27+15j),(22+9j),(28+7j),(18+11j),(21+25j),(17+13j),(12+8j),(11+19j),(4+18j),(9+15j),(-5+17j),(-5+14j),0j,0j,0j,0j,0j,0j,0j,0j,0j,0j,0j,(9+4j),(13+2j),(10-5j),(8-6j),(13-15j),(5-14j),(9-17j),(12-11j),(4-22j),(9-23j),(11-23j),(7-28j),(-1-30j),(-5-33j),(3-32j),(-3-32j),(1-31j),(-10-34j),(4-32j),(6-27j),(-8-34j),(-13-20j),(-8-27j),(-12-16j),(-14-20j),(-5-17j)
(81+17j),(21+0j),(-8+5j),(-8+2j),(-8+3j),(-3+1j),(-5-4j),(-1-13j),(-7-15j),(-9-17j),(-13-23j),(-5-27j),(-4-22j),(-7-29j),(-16-37j),(-7-27j),(-12-31j),(-4-28j),-32j,(5-29j),(3-26j),(3-26j),(16-27j),(14-19j),(11-16j),(14-9j),(13-8j),0j,0j,0j,0j,0j,0j,0j,0j,0j,0j,0j,(-8-14j),(-9-9j),(-2-6j),(-10-7j),(-16-5j),(-13-4j),(-15-4j),(-16+5j),(-24-3j),(-28+8j),(-29+10j),(-25+11j),(-24+10j),(-24+19j),(-28+18j),(-31+23j),(-27+25j),(-23+26j),(-29+20j),(-22+22j),(-17+25j),(-17+27j),(-11+22j),(-10+16j),(-15+22j),(-10+9j)
(57-111j),(19+0j),(4-2j),(9+4j),(8-1j),(-11+14j),(-7+3j),(-9+11j),(-28-3j),(-21+10j),(-29+11j),(-22+2j),(-32+17j),(-23+16j),(-30+1j),(-29+6j),(-27+3j),(-38+4j),(-27+11j),(-35+1j),(-27+5j),(-25-15j),(-28-12j),(-24-22j),(-22-8j),(-21-17j),(-16-22j),0j,0j,0j,0j,0j,0j,0j,0j,0j,0j,0j,(-9-1j),(-7+3j),(-8-2j),(-6+13j),9j,(-6+18j),(-7+16j),(2+18j),(1+21j),(6+17j),(-3+25j),(3+29j),(10+29j),(15+28j),(16+33j),(17+41j),(20+34j),(15+26j),(13+28j),(26+32j),(14+32j),(22+24j),(30+21j),(13+15j),(22+5j),(10+13j)
(91-79j),(21+0j),(-8+3j),(2-3j),(8-5j),(13-6j),(8-2j),(16+4j),(11+3j),(12-3j),(12-4j),(14+5j),(24+1j),(17+2j),(15+8j),(23+6j),(23+14j),(22+4j),(24+6j),(16+17j),(19+13j),(8+16j),(12+15j),(5+15j),(2+11j),(-2+13j),(-3+9j),0j,0j,0j,0j,0j,0j,0j,0j,0j,0j,0j,(11+2j),(12-1j),(6-2j),(10-8j),(8-6j),(6-12j),(1-14j),(12-14j),(6-20j),(4-17j),(2-18j),(7-17j),(1-19j),(1-29j),(-1-22j),(-1-29j),(-5-25j),(-6-27j),(-9-32j),(-2-18j),(-3-23j),(-2-26j),(-16-18j),(-12-23j),(-13-15j),(-6-27j)
(-98-32j),(9+0j),(-1-3j),(2+2j),(2+1j),(5-4j),(4-8j),(5-6j),(21-1j),(7-17j),(17-9j),(27-10j),(29-5j),(15-8j),(20-14j),(33-9j),(29-17j),(29-5j),(25-4j),(32+3j),(28+5j),(20+7j),(30+1j),(10+13j),(14+9j),(16+20j),(12+22j),0j,0j,0j,0j,0j,0j,0j,0j,0j,0j,0j,(13-7j),(1-10j),(12-1j),(2-2j),-13j,(-6-12j),(-3-22j),(-1-22j),(4-23j),(-12-28j),(-9-26j),(-16-25j),(-19-32j),(-20-26j),(-19-33j),(-26-23j),(-19-31j),(-35-19j),(-22-12j),(-34-21j),(-19-21j),(-26-16j),(-23-23j),(-24-13j),(-15-9j),(-27-7j)
(126-32j),(7+0j),(10-4j),(5+4j),(2+1j),(2+11j),(3+3j),(-9+9j),(-3+12j),(-10+19j),(-8+12j),(-6+15j),(-12+16j),(-9+23j),(-5+17j),(-12+21j),(-13+20j),(-18+21j),(-16+16j),(-13+14j),(-18+6j),(-22+6j),(-20+6j),(-15+6j),(-18-2j),(-15-7j),(-16-7j),0j,0j,0j,0j,0j,0j,0j,0j,0j,0j,0j,(-2+4j),(-2+8j),14j,(7+13j),(5+9j),(7+11j),(5+5j),(13+10j),(11+8j),(9+13j),(20+11j),(21+15j),(18+16j),(26+16j),(25+5j),(26+10j),(28+7j),(30-3j),(32+1j),(22+1j),(26+1j),(21-9j),(24+4j),(15+3j),(12+1j),(18+2j)
(98+32j),(6+0j),(5-9j),(3-13j),(8+4j),(4+2j),(8+9j),(10+2j),(9+14j),(7+8j),(8+24j),(8+16j),(11+18j),(20+22j),(12+21j),(15+22j),(8+28j),(14+25j),(7+29j),(14+27j),(-3+23j),(-6+20j),(-3+17j),(-1+22j),(-15+18j),(-10+8j),(-19+9j),0j,0j,0j,0j,0j,0j,0j,0j,0j,0j,0j,(6+9j),(5+9j),(11+5j),(8+2j),(8-4j),(10-4j),(9+1j),(18-10j),(16-2j),(22-5j),(27-12j),(22-17j),(22-19j),(18-21j),(22-22j),(21-23j),(20-24j),(12-21j),(15-26j),(15-22j),(9-28j),(13-24j),(11-25j),(6-29j),(3-22j),(5-16j)
(27-79j),(17+0j),-10j,(5-14j),(7+1j),(2-7j),(5+0j),3j,(-1+2j),(11+6j),(11+10j),(13+17j),(14+10j),(14+13j),(18+15j),(18+11j),(20+19j),(16+23j),(19+22j),(17+13j),(5+15j),(7+18j),(1+19j),(-1+17j),(4+17j),(-7+17j),(-5+16j),0j,0j,0j,0j,0j,0j,0j,0j,0j,0j,0j,(6+8j),(-1+6j),(8+1j),(6+4j),(13+5j),(15-2j),(15-5j),(16-10j),(12-10j),(12-13j),(15-8j),(19-12j),(17-17j),(14-16j),(10-20j),(14-20j),(5-22j),(6-24j),(13-20j),(9-24j),(13-24j),(9-19j),(6-20j),(1-30j),(2-11j),(2-7j)
(7+113j),(16+0j),(-7-3j),(-15-3j),(-5-3j),(1+0j),(3-9j),(1-16j),-18j,(5-10j),(11-24j),(11-13j),(12-14j),(4-19j),(14-22j),(6-24j),(14-27j),(13-15j),(25-17j),(18-19j),(23-13j),(18-10j),(26-2j),(22-5j),(21+5j),(15+8j),(15+8j),0j,0j,0j,0j,0j,0j,0j,0j,0j,0j,0j,(2-8j),(-1-8j),-4j,(-6-12j),(-8-7j),(-11-13j),(-13-11j),(-13-11j),(-9-14j),(-29-6j),(-29-17j),(-21-2j),(-27-10j),(-32-5j),(-33+2j),(-26-7j),(-28+3j),(-26+3j),(-35+1j),(-31+0j),(-35+8j),(-28+13j),(-25+6j),(-23+8j),(-21+7j),(-11+6j)
(-98-32j),(9+0j),(-1-12j),(-1-7j),(1-5j),2j,(8+7j),(8-3j),(14+1j),(8+2j),(15+13j),(18+10j),(15+9j),(22+18j),(25+11j),(18+14j),(21+18j),(12+10j),(10+26j),(6+23j),(9+25j),(-4+16j),(2+21j),(-3+19j),(-6+15j),(-12+15j),(-12+16j),0j,0j,0j,0j,0j,0j,0j,0j,0j,0j,0j,(10+2j),(9-2j),(9-1j),(7-4j),(9-8j),(8-13j),(8-17j),(6-18j),(7-20j),(6-20j),(6-28j),(-5-22j),(6-23j),(1-30j),(2-33j),(2-33j),(1-33j),(-4-36j),-27j,(-4-25j),(-8-25j),(-2-28j),(-9-27j),(-4-22j),(-6-16j),(-5-14j)
(-39-112j),(13+0j),(-11-6j),(-1-3j),(7-10j),(1-12j),(5+0j),(6-9j),(5-2j),(16-7j),(15-9j),(17-6j),(18-13j),(21-3j),(20-2j),(21-5j),(22-5j),(24-2j),(18+2j),(16+7j),(24+10j),(14+6j),(13+8j),(10+11j),(15+13j),(4+12j),(8+16j),0j,0j,0j,0j,0j,0j,0j,0j,0j,0j,0j,(10-6j),(8-3j),(2-9j),(-1-8j),(-3-9j),(-1-10j),(-2-13j),-10j,(-10-14j),(-8-14j),(-9-18j),(-15-17j),(-14-20j),(-20-22j),(-20-16j),(-28-16j),(-24-12j),(-18-11j),(-30-13j),(-24-8j),(-27-10j),(-23-9j),(-23-9j),(-18-13j),(-15-14j),(-14-10j)
(94-32j),(5+0j),(-8-4j),(-7-13j),(-1-6j),(-2-13j),-15j,-14j,(5-19j),(-5-21j),(-3-25j),-22j,(-3-23j),(-7-23j),(-9-24j),(-7-25j),(-7-21j),(-12-21j),(-8-20j),(-5-17j),(-5-11j),(-2-12j),(-6-8j),(5-6j),(1-5j),(6-8j),(11-6j),0j,0j,0j,0j,0j,0j,0j,0j,0j,0j,0j,(-28+16j),(-30+16j),(-31+22j),(-30+23j),(-26+25j),(-28+23j),(-29+26j),(-25+22j),(-22+26j),(-21+20j),(-20+23j),(-19+15j),(-19+16j),(-14+11j),(-14+7j),(-19+9j),(-17+6j),(-22+2j),(-19+3j),(-17-3j),(-14+1j),(-15+3j),(-13-4j),(-14-2j),(-13-2j),(-11-1j)
(108-64j),(6+0j),(8-5j),(8+4j),(10-3j),(11+1j),(14+0j),(13+3j),(13-2j),(21-3j),(21-4j),(23-7j),(24-3j),(23-7j),(19-10j),(21-11j),(21-9j),(16-11j),(15-9j),(14-8j),(11-6j),(12-2j),(5-2j),(6+3j),(4+6j),(2+8j),(2+10j),0j,0j,0j,0j,0j,0j,0j,0j,0j,0j,0j,(-16-28j),(-18-28j),(-21-29j),(-22-24j),(-23-28j),(-21-28j),(-26-26j),(-25-24j),(-21-21j),(-23-20j),(-18-17j),(-22-16j),(-16-20j),(-9-21j),(-9-12j),(-7-13j),(-5-19j),(-6-15j),-16j,(-2-12j),(1-16j),(-1-17j),(-1-16j),(2-9j),(2-9j),-5j
(-128+0j),(8+0j),(2-7j),(4-6j),(8-1j),(9-2j),(14+0j),(17-2j),(17-1j),(18-4j),(21-8j),(21-4j),(22-8j),(25-8j),(24-9j),(23-9j),(18-11j),(20-11j),(15-8j),(13-8j),(12-5j),(6-3j),(10+1j),(5+2j),(2+3j),(1+4j),10j,0j,0j,0j,0j,0j,0j,0j,0j,0j,0j,0j,(-28-16j),(-30-16j),(-31-18j),(-30-14j),(-35-15j),(-32-10j),(-37-12j),(-34-9j),(-31-11j),(-27-9j),(-27-14j),(-23-9j),(-19-9j),(-16-11j),(-15-12j),(-15-14j),(-16-9j),(-4-17j),(-6-13j),(-5-17j),(-4-16j),(-2-17j),(-2-11j),(-1-13j),(-2-12j),(-3-6j)
(94-32j),(5+0j),(-1-7j),(3+3j),(7-2j),(13+0j),(17+0j),(13+2j),(16+6j),(12+10j),(18-3j),(12+0j),(30-4j),(26-8j),(17-1j),(22+13j),(13-1j),(17+5j),(15+0j),(20+1j),(9-2j),(-1+6j),(8-5j),(2-6j),(-8+7j),(5+1j),(-5+0j),0j,0j,0j,0j,0j,0j,0j,0j,0j,0j,0j,(-25-16j),(-29-19j),(-23-19j),(-27-16j),(-34-20j),(-32-20j),(-28-10j),(-37-16j),(-27-5j),(-23-16j),(-31-23j),(-39-14j),(-23-5j),(-5-21j),(-8-11j),(-7-13j),(-5-19j),(-5-18j),(-13-14j),(2-30j),(9-20j),(8-12j),(8-15j),(-2-8j),(3-10j),(6-15j)
(47-15j),(18+0j),(2+3j),(4+2j),(4+12j),(1+7j),(-5+15j),(-1+19j),(-2+13j),(1+17j),(3+18j),(5+24j),(6+23j),(8+23j),(3+24j),(8+22j),(6+17j),(10+23j),(8+17j),(5+12j),(8+12j),(3+10j),(4+9j),(1+3j),(-7+4j),(-8+1j),(-12-2j),0j,0j,0j,0j,0j,0j,0j,0j,0j,0j,0j,(28-15j),(27-17j),(26-21j),(26-21j),(27-26j),(22-25j),(25-25j),(22-26j),(21-26j),(18-24j),(20-17j),(18-19j),(21-16j),(12-12j),(14-13j),(16-4j),(16-5j),(17-4j),(19-2j),(16-3j),(16+1j),(17-1j),(10+2j),(11-1j),(16-1j),(8+6j)
(57-111j),(19+0j),(-1+10j),(-2+13j),(-1+8j),(-3+6j),(-16-15j),(-21-9j),(-12-3j),(-25-6j),(-15+5j),(-17-8j),(-26+0j),(-15-4j),(-21-10j),(-28-11j),(-22-16j),(-28-14j),(-25-15j),(-20-13j),(-20-20j),(-13-20j),(-11-24j),(-10-19j),(-6-16j),(3-17j),(-1-17j),0j,0j,0j,0j,0j,0j,0j,0j,0j,0j,0j,(-10+1j),(-7-2j),(-10+6j),(-6+4j),(-6+14j),(-3+5j),(1+12j),(-2+16j),(-7+19j),(-11+24j),(-3+21j),(1+26j),(-1+14j),(-1+19j),(5+28j),(-1+30j),(7+24j),(8+27j),(5+23j),(15+25j),(18+20j),(5+21j),(9+18j),(8+24j),(10+18j),(11+14j)
(-128+0j),(8+0j),(3-8j),(5-10j),(4-5j),(2+0j),(8-3j),(8-4j),(15-1j),(13+4j),(14+6j),(22+3j),(24+1j),(26+5j),(25+6j),(24+4j),(30+12j),(25+11j),(22+17j),(19+14j),(25+15j),(19+17j),(10+18j),(4+15j),(4+15j),(3+20j),(-3+19j),0j,0j,0j,0j,0j,0j,0j,0j,0j,0j,0j,(11+3j),(8-3j),(7-1j),(5-6j),(7-10j),(9-4j),(11-12j),(15-19j),(14-21j),(6-21j),(7-27j),(6-23j),(1-24j),(7-26j),(4-34j),(-7-28j),(-8-35j),(-9-33j),(-10-28j),(-10-24j),(-10-24j),(-5-26j),(-10-26j),(-9-13j),(-14-15j),(-5-15j)
(94-32j),(5+0j),(7+2j),(8+4j),(2+0j),(7+10j),(9+9j),(4+13j),(11+12j),(13+13j),(14+16j),(18+17j),(14+22j),(17+17j),(20+14j),(23+16j),(20+11j),(19+9j),(18+12j),(11+8j),(10+10j),(8+11j),(2+8j),(2+7j),(-4+6j),(-10+7j),(-6+8j),0j,0j,0j,0j,0j,0j,0j,0j,0j,0j,0j,(20-25j),(18-25j),(16-29j),(13-29j),(14-31j),(13-30j),(13-31j),(13-30j),(14-27j),(11-26j),(10-21j),(8-22j),(6-18j),(13-16j),(13-17j),(12-10j),(12-12j),(15-5j),(14-9j),(15-7j),(21-4j),(15-6j),(15-1j),(16-1j),(9-4j),(9-7j)
(94-32j),(5+0j),(6+19j),(-2+21j),(-11+36j),(-14+30j),(-5+27j),(-14+32j),(-26+33j),(-15+34j),(-16+43j),(-14+47j),(-22+44j),(-21+57j),(-10+55j),(-13+53j),(-5+51j),(-2+44j),(-9+44j),(-10+38j),(-11+32j),(-7+25j),(-9+11j),(-21+6j),(-16+2j),(-19+2j),(-18-8j),0j,0j,0j,0j,0j,0j,0j,0j,0j,0j,0j,(62+21j),(61+19j),(63+9j),(68+8j),(68+5j),(64+3j),(67-1j),(68-1j),(65+7j),(65-1j),(51-2j),(46+4j),(44+6j),(41+3j),(34+16j),(24+19j),(26+18j),(21+13j),(27+22j),(23+22j),(22+23j),(17+21j),(18+31j),(23+23j),(20+30j),(19+25j)
(108-64j),(6+0j),(-14+10j),(-15+0j),(-29-5j),(-31-5j),(-40-19j),(-33-14j),(-40-23j),(-35-19j),(-42-8j),(-42-15j),(-57-16j),(-63-12j),(-60-6j),(-49+3j),(-56-4j),(-33-3j),(-45-5j),(-34-9j),(-20+1j),(-21-9j),(-14-3j),(-14-14j),(-5-14j),(-3-20j),(7-6j),0j,0j,0j,0j,0j,0j,0j,0j,0j,0j,0j,(-17+54j),(-11+63j),(-16+63j),(-7+67j),73j,(-4+72j),(-6+67j),(-3+74j),(6+68j),(-4+59j),(3+44j),(1+52j),(-4+47j),(-10+30j),(-10+40j),(-24+28j),(-20+34j),(-31+25j),(-19+29j),(-27+21j),(-11+37j),(-27+22j),(-17+22j),(-20+26j),(-19+9j),(-25+21j)
(57-111j),(19+0j),(-13-4j),(-5-7j),(-8-3j),(-9-4j),(-4-15j),(-12-13j),(-15-11j),(-17-12j),(-17-7j),(-21-11j),(-23-14j),(-18-16j),(-21-13j),(-25-9j),(-22-11j),(-20-11j),(-20-10j),(-18-7j),(-12-7j),(-12-5j),(-3-9j),(-7-5j),(-1-11j),(4-8j),(3-10j),0j,0j,0j,0j,0j,0j,0j,0j,0j,0j,0j,(-21+20j),(-21+24j),(-22+24j),(-19+28j),(-19+26j),(-13+29j),(-14+27j),(-10+32j),(-16+28j),(-14+25j),(-12+26j),(-11+21j),(-13+18j),(-13+15j),(-15+8j),(-14+11j),(-12+10j),(-8+5j),(-14+5j),(-16+6j),(-13-3j),(-14+3j),(-14+1j),(-9-6j),(-11+1j),(-15+1j)
(91-79j),(21+0j),(14-26j),(15-23j),(24-8j),(19-14j),(28-8j),(41-3j),(52-3j),(52-7j),(28-24j),(46-22j),(63-24j),(53-26j),(48-33j),(58-20j),(44-29j),(34-31j),(28-23j),(28-20j),(36-11j),(16-11j),(23-5j),(17+1j),(8+1j),(10+13j),(2+20j),0j,0j,0j,0j,0j,0j,0j,0j,0j,0j,0j,(-36-51j),(-36-50j),(-51-59j),(-52-54j),(-51-51j),(-41-43j),(-58-38j),(-54-45j),(-36-39j),(-41-44j),(-40-34j),(-32-42j),(-29-36j),(-29-36j),(-9-18j),(-15-33j),(-19-29j),(-7-30j),(-5-23j),(7-31j),(9-34j),(7-43j),(6-32j),(5-34j),(-2-36j),-24j
(-128+0j),(8+0j),(5+7j),(-3+8j),(-9+12j),(-13+11j),(-14+10j),(-19+12j),(-15+17j),(-10+18j),(-8+19j),(-15+20j),(-19+27j),(-18+26j),(-14+25j),(-15+24j),(-12+23j),(-8+24j),(-7+20j),(-8+20j),(-5+15j),(-8+11j),(-6+8j),(-7+3j),(-8-4j),(-8-3j),(-9-11j),0j,0j,0j,0j,0j,0j,0j,0j,0j,0j,0j,(32+9j),(32+1j),(36+2j),(37+1j),(36+1j),(40-2j),(39-2j),(37-1j),(36-2j),(31-4j),(27+0j),(22-1j),(21+5j),(21+8j),(16+8j),(14+11j),(15+16j),(16+14j),(8+14j),(11+12j),(13+12j),(12+13j),(5+11j),(6+11j),(9+10j),(5+8j)
(-126+32j),(8+0j),(-31+8j),(-14+10j),(-22-8j),(-13-7j),(-30+0j),(-25-4j),(-50-20j),(-35-21j),(-51-23j),(-60-3j),(-57-7j),(-65-5j),(-52-12j),(-62-9j),(-61-4j),(-42-1j),(-45-1j),(-39+1j),(-35-7j),(-27-7j),(-19-11j),(-17-7j),(1-12j),(6-18j),(3-23j),0j,0j,0j,0j,0j,0j,0j,0j,0j,0j,0j,(12+57j),(21+65j),(19+68j),(26+59j),(29+64j),(30+63j),(26+59j),(26+62j),(26+49j),(22+45j),(25+44j),(18+40j),(19+35j),(-1+35j),(-1+36j),(-1+28j),(-10+31j),(-26+33j),(-8+39j),(-18+29j),(-23+26j),(-16+21j),(-17+22j),(-21+19j),(-21+22j),(-24+21j)
(-128+0j),(8+0j),(20+15j),(5+21j),(-1+16j),(20+24j),(5+32j),(13+36j),(15+22j),(23+46j),(28+40j),(26+41j),(36+39j),(28+46j),(31+48j),(32+41j),(26+39j),(38+35j),(32+31j),(23+25j),(22+28j),(15+24j),(9+20j),(-3+16j),(-5+14j),(-8+10j),(-22+11j),0j,0j,0j,0j,0j,0j,0j,0j,0j,0j,0j,(49-34j),(50-34j),(49-37j),(49-48j),(42-53j),(52-49j),(45-53j),(46-55j),(41-50j),(41-45j),(40-33j),(29-29j),(29-35j),(27-32j),(33-22j),(24-17j),(22-10j),(28-6j),(34+6j),(27-13j),(15-5j),(42+1j),(26-7j),(24-3j),(21-9j),(29-2j)
(94-32j),(5+0j),(-8+13j),(-16+15j),(-15+7j),(-31+7j),(-33+9j),(-36+17j),(-29+21j),(-32+36j),(-39+31j),(-39+21j),(-49+29j),(-44+37j),(-51+33j),(-35+38j),(-40+39j),(-35+30j),(-28+30j),(-25+31j),(-24+27j),(-18+16j),(-17+10j),(-16+4j),(-12-10j),(-10-14j),(-15-22j),0j,0j,0j,0j,0j,0j,0j,0j,0j,0j,0j,(43+43j),(47+44j),(51+42j),(63+43j),(57+37j),(58+29j),(65+31j),(63+31j),(51+20j),(51+32j),(48+27j),(44+21j),(30+25j),(28+26j),(20+34j),(18+25j),(10+28j),(6+28j),(8+39j),(3+23j),(-1+27j),(3+17j),(6+36j),(11+32j),(-4+25j),(-1+14j)
(-98-32j),(9+0j),(-7+3j),(-8-2j),(-2+1j),(2+0j),(-5-7j),(-1-14j),(5-9j),(2-15j),(2-23j),(2-24j),-29j,(-3-23j),(-8-28j),(3-27j),(3-20j),(4-29j),(3-31j),(16-25j),(8-21j),(6-18j),(20-15j),(11-6j),(12-8j),(14-1j),(18+0j),0j,0j,0j,0j,0j,0j,0j,0j,0j,0j,0j,(3-6j),(-4-8j),(-5-9j),(-2-11j),(-8-4j),(-9-6j),(-14-9j),(-8-13j),(-16-9j),(-25-8j),(-24-7j),(-25-7j),(-24-10j),(-32-11j),(-27+2j),(-23+1j),(-35-6j),(-28+6j),(-20+2j),(-41+19j),(-25+6j),(-28+15j),(-28+3j),(-23+8j),(-26+14j),(-14+1j)
(57-111j),(19+0j),(-9-14j),(-8-5j),(7-8j),(-1+4j),(4-2j),(16-5j),(8+2j),(12-10j),(13-8j),(19-2j),(16-11j),(23+1j),(24-4j),(28+2j),(30-5j),(25+3j),(34+3j),(17+5j),(24+11j),(23+5j),(19+14j),(12+14j),(5+13j),(2+14j),(5+14j),0j,0j,0j,0j,0j,0j,0j,0j,0j,0j,0j,(10-6j),(8+0j),(4-6j),(7-15j),-13j,(-2-9j),(-2-10j),(-9-13j),(-10-18j),(-12-17j),(-3-19j),(-12-22j),(-16-29j),(-22-32j),(-16-20j),(-16-23j),(-23-24j),(-22-20j),(-22-17j),(-31-15j),(-25-18j),(-24-18j),(-18-19j),(-30-8j),(-19-13j),(-19-6j)
(91-79j),(21+0j),(8-4j),(5-3j),(5+0j),(3-5j),(4+3j),(3+12j),9j,14j,(3+14j),(-6+21j),(-5+15j),(-3+20j),(-8+25j),(1+23j),(-8+24j),(-8+26j),(-8+22j),(-16+16j),(-23+19j),(-14+18j),(-22+15j),(-15+5j),(-19+10j),(-15-6j),(-18+0j),0j,0j,0j,0j,0j,0j,0j,0j,0j,0j,0j,(6+9j),(4+12j),(10+7j),(10+9j),(13+2j),(7-1j),(10+3j),(16+0j),(19-1j),(27-1j),(25-10j),(21+3j),(25-7j),(26-11j),(24-8j),(28-16j),(28-13j),(28-22j),(28-19j),(18-18j),(18-8j),(23-18j),(24-16j),(20-21j),(9-11j),(17-15j)
(-44+66j),(45+0j),(-1-11j),-10j,(5-11j),(7-10j),(6-12j),(10-18j),(6-18j),(9-15j),(9-19j),(9-21j),(10-24j),(6-24j),(6-24j),(9-24j),(7-24j),(3-20j),(6-18j),(6-17j),(3-15j),(5-13j),(7-8j),(7-2j),(8-1j),(8+0j),(12+8j),0j,0j,0j,0j,0j,0j,0j,0j,0j,0j,0j,(-33-9j),(-36-5j),(-33-5j),(-38-2j),(-36-3j),(-35+1j),(-34+0j),(-35+2j),(-33+2j),(-30-1j),(-28+0j),(-27-1j),(-23-3j),(-27-1j),(-20-2j),(-17-7j),(-15-9j),(-14-7j),(-11-9j),(-9-12j),(-10-13j),(-11-10j),(-12-8j),(-10-7j),(-9-14j),(-10-13j)
(-125+48j),(8+0j),(-2+4j),(-11+7j),(-6+5j),(-12+4j),(-19+8j),(-11+8j),(-20+6j),(-18+1j),(-18+12j),(-20+8j),(-19+9j),(-22+11j),(-18+13j),(-19+14j),(-18+14j),(-17+14j),(-13+13j),(-16+8j),(-9+7j),(-11+5j),(-7-1j),(-7-4j),(-9-7j),(-4-8j),(-4-10j),0j,0j,0j,0j,0j,0j,0j,0j,0j,0j,0j,(19+24j),(24+21j),(23+19j),(28+22j),(27+19j),(29+20j),(29+16j),(30+13j),(29+15j),(23+15j),(25+11j),(22+15j),(17+11j),(16+15j),(15+17j),(10+13j),(10+12j),(4+16j),(7+14j),(9+13j),(8+19j),(3+16j),(3+15j),(2+19j),(2+11j),(2+14j)
(-105+112j),(9+0j),(25-5j),(13-2j),(27-6j),(18+16j),(28+26j),(32+8j),(30+12j),(25+10j),(49+17j),(52+25j),(36+16j),(54+18j),(49+16j),(60+6j),(43+5j),(33+6j),(39+8j),(25+6j),(18+11j),(17+11j),(8+9j),(10+12j),(2+12j),(-2+17j),(-11+27j),0j,0j,0j,0j,0j,0j,0j,0j,0j,0j,0j,(26-52j),(32-58j),(25-70j),(18-65j),(20-67j),(12-69j),(10-78j),(6-73j),(10-69j),(10-67j),(8-60j),(10-58j),(5-57j),(12-46j),(13-35j),(25-33j),(12-21j),(24-35j),(18-27j),(27-20j),(24-39j),(25-40j),(20-31j),(26-20j),(20-16j),(17-11j)
(94-32j),(5+0j),(24-16j),(11-13j),(27-16j),(28-16j),(23-11j),(26-7j),(31-5j),(51-6j),(45-24j),(44-16j),(49-23j),(50-25j),(45-24j),(43-27j),(41-31j),(41-26j),(30-29j),(28-19j),(24-17j),(10-9j),(20-8j),(16-2j),(21+12j),(12+19j),(14+24j),0j,0j,0j,0j,0j,0j,0j,0j,0j,0j,0j,(-17-60j),(-21-58j),(-23-74j),(-30-64j),(-33-63j),(-37-65j),(-37-70j),(-43-56j),(-32-57j),(-35-58j),(-38-53j),(-30-51j),(-35-48j),(-22-45j),(-13-25j),(-22-44j),(-8-45j),(-4-33j),(-5-34j),(-12-37j),(-5-38j),(12-25j),(-9-34j),(2-16j),(1-33j),(8-15j)
(-128+0j),(8+0j),(17+16j),(9+10j),(8+15j),(6+14j),(5+22j),(14+26j),(5+39j),(20+33j),(20+40j),(22+43j),(23+45j),(20+52j),(25+40j),(33+39j),(22+35j),(23+34j),(28+28j),(15+27j),(15+30j),(8+28j),(-2+16j),(-2+17j),(-13+13j),(-20+8j),(-23+16j),0j,0j,0j,0j,0j,0j,0j,0j,0j,0j,0j,(57-24j),(61-26j),(59-41j),(55-39j),(64-50j),(54-50j),(57-52j),(58-55j),(55-48j),(47-48j),(55-45j),(40-35j),(40-30j),(32-27j),(47-20j),(31-16j),(35-13j),(33-5j),(26-4j),(41-10j),(31-15j),(32-13j),(32+0j),(32+3j),(22-3j),(18+9j)
(123-80j),(7+0j),15j,(-1+25j),(-18+27j),(-26+14j),(-24+28j),(-22+35j),(-34+29j),(-28+27j),(-45+20j),(-24+31j),(-30+32j),(-34+44j),(-30+51j),(-34+41j),(-21+43j),(-17+44j),(-23+29j),(-11+31j),(-13+30j),(-19+18j),(-16+9j),(-14+5j),(-16-1j),(-20-13j),(-13-11j),0j,0j,0j,0j,0j,0j,0j,0j,0j,0j,0j,(59+29j),(58+28j),(65+23j),(71+26j),(70+22j),(68+18j),(79+18j),(70+14j),(68+8j),(69+3j),(65+3j),(57+5j),(50+10j),(43+17j),(47+19j),(31+20j),(25+18j),(24+18j),(24+20j),(16+22j),(9+22j),(27+30j),(22+20j),(23+16j),(15+14j),(18+17j)
(-113-16j),(8+0j),(-11-3j),(-4-1j),(-6-12j),(-2-6j),(-9-10j),(-2-9j),(-7-19j),(-11-16j),(-19-17j),(-13-15j),(-16-19j),(-18-17j),(-19-15j),(-21-17j),(-16-14j),(-15-17j),(-15-12j),(-11-12j),(-8-11j),(-2-11j),(-3-7j),(-2-7j),(5-5j),(7-9j),(7-5j),0j,0j,0j,0j,0j,0j,0j,0j,0j,0j,0j,(-17+31j),(-13+28j),(-12+31j),(-12+35j),(-10+33j),(-8+36j),(-9+29j),(-7+34j),(-6+29j),(-7+29j),(-5+23j),(-9+26j),(-9+19j),(-14+25j),(-10+22j),(-8+19j),(-13+15j),(-13+11j),(-14+9j),(-13+13j),(-16+9j),(-10+6j),(-9+5j),(-13+5j),(-6+1j),(-10+4j)
(-66-32j),(11+0j),(16-1j),(21-1j),(16-9j),(12+14j),(17+19j),(38+16j),(33+11j),(47+14j),(27+26j),(39+14j),(43+27j),(50+15j),(48+12j),(52+6j),(45+7j),(41+12j),(35+9j),(27+4j),(32+5j),(20+11j),(13+12j),(7+10j),(4+18j),(-11+24j),(-9+21j),0j,0j,0j,0j,0j,0j,0j,0j,0j,0j,0j,(11-62j),(10-65j),(5-73j),(1-73j),(-3-72j),(-9-73j),(-4-83j),(-8-72j),-72j,(-5-66j),(-10-64j),(-1-59j),(3-57j),(-4-46j),(14-40j),(6-48j),(18-32j),(15-39j),(14-32j),(17-27j),(15-32j),(13-30j),(23-27j),(19-20j),(20-16j),(14-18j)
(-98-32j),(9+0j),(-2-10j),(-5-11j),(7-15j),(9-10j),(10-19j),(16-21j),(12-17j),(8-23j),(11-29j),(9-25j),(8-33j),(6-32j),(5-33j),(10-39j),(2-32j),(2-28j),(3-25j),(1-24j),(3-19j),(1-16j),(7-10j),(13-3j),(11-5j),(11-5j),(15+7j),0j,0j,0j,0j,0j,0j,0j,0j,0j,0j,0j,(-40-17j),(-40-17j),(-45-17j),(-47-14j),(-51-11j),(-50-6j),(-52-6j),(-47-10j),(-46-5j),(-49-3j),(-44-5j),(-37-5j),(-35-2j),(-31-10j),(-30-13j),(-28-12j),(-25-10j),(-24-7j),(-17-12j),(-21-17j),(-20-14j),(-16-10j),(-15-17j),(-13-15j),(-8-10j),(-4-9j)
(-54-96j),(12+0j),(-17-10j),(-15-1j),(-21-10j),(-34-13j),(-21-19j),(-26-25j),(-30-13j),(-36-28j),(-48-27j),(-42-22j),(-46-18j),(-54-12j),(-45-23j),(-47-15j),(-47-19j),(-45-10j),(-38-11j),(-40-7j),(-21-11j),(-22-10j),(-15-11j),(-11-13j),(-3-15j),(5-21j),(10-20j),0j,0j,0j,0j,0j,0j,0j,0j,0j,0j,0j,(-32+52j),(-29+66j),(-27+65j),(-21+73j),(-18+74j),(-18+70j),(-17+71j),(-15+70j),(-14+70j),(-13+70j),(-12+62j),(-7+58j),(-15+52j),(-16+41j),(-9+41j),(-21+40j),(-16+33j),(-28+34j),(-20+26j),(-12+29j),(-24+31j),(-34+18j),(-11+24j),(-17+18j),(-18+30j),(-26+10j)
(98+32j),(6+0j),(4+5j),(2+3j),(-1+1j),(-4+2j),(-11+4j),(-7-1j),(-23+6j),(-15-5j),(-12+1j),(-22-3j),(-25+3j),(-26-4j),(-25+4j),(-28-6j),(-21-2j),(-25-8j),(-27-7j),(-23-5j),(-18-14j),(-22-15j),(-15-15j),(-14-13j),(-13-20j),(-6-15j),(1-15j),0j,0j,0j,0j,0j,0j,0j,0j,0j,0j,0j,(-8+0j),(-10+2j),(-5+4j),(-7+8j),(-8+11j),(-7+14j),(-4+10j),(-8+15j),(-14+21j),26j,(-17+21j),(-1+23j),28j,(-1+29j),(5+23j),(5+28j),(5+32j),(1+24j),(19+37j),(11+23j),(15+22j),(21+30j),(5+18j),(12+16j),(7+15j),(10+12j)
(-128+0j),(8+0j),(-11+0j),(-12+0j),(-15-1j),(-14-4j),(-18-4j),(-19-3j),(-20-4j),(-21-6j),(-21-9j),(-23-1j),(-26-2j),(-22-5j),(-25-2j),(-25+3j),(-23-1j),(-17+2j),(-16+3j),(-16+3j),(-11-1j),(-8+1j),(-5-1j),(-6-3j),(-1-5j),(2-5j),(4-5j),0j,0j,0j,0j,0j,0j,0j,0j,0j,0j,0j,(-1+29j),(1+30j),(1+33j),(3+31j),(5+31j),(7+32j),(9+30j),(8+26j),(8+27j),(8+26j),(5+23j),(5+25j),(4+20j),(1+17j),(-5+14j),(-1+14j),(-9+10j),(-7+10j),(-8+8j),(-9+8j),(-12+9j),(-9+10j),(-14+9j),(-14+10j),(-13+5j),(-11+5j)
(74-95j),(20+0j),(-8-11j),(-9-13j),(-5-14j),(-5-19j),(-5-20j),(-3-19j),(-2-19j),(-3-24j),(-6-26j),(-5-27j),(-6-28j),(-10-28j),(-8-25j),(-5-22j),(-10-23j),(-9-20j),(-11-16j),(-8-18j),(-8-13j),(-4-8j),(1-7j),(1-2j),(3+1j),(7+2j),(9+2j),0j,0j,0j,0j,0j,0j,0j,0j,0j,0j,0j,(-28+22j),(-26+26j),(-25+23j),(-28+30j),(-24+27j),(-21+28j),(-20+31j),(-21+27j),(-20+27j),(-18+25j),(-18+22j),(-15+14j),(-13+15j),(-13+12j),(-13+10j),(-14+6j),(-13+2j),(-13+3j),(-14-5j),(-14-6j),(-12-2j),(-11-10j),(-11-7j),(-14-7j),(-13-11j),(-12-5j)
(94-31j),(21+0j),(-5+11j),(-8+10j),(-8+13j),(-14+11j),(-9+13j),(-11+15j),(-16+14j),(-14+18j),(-13+20j),(-16+15j),(-16+18j),(-12+20j),(-11+18j),(-9+21j),(-12+19j),(-7+15j),(-6+15j),(-8+14j),(-4+12j),(-4+5j),(-4+1j),(-3-1j),(-2-4j),(-4-7j),(-7-11j),0j,0j,0j,0j,0j,0j,0j,0j,0j,0j,0j,(30+5j),(30+5j),(32+3j),(32+0j),(32+1j),(33+0j),(33-4j),(31-3j),(26+0j),(27-6j),(27-1j),(23+1j),(16+2j),(16+5j),(13+3j),(9+8j),(6+8j),(7+4j),(11+9j),(4+10j),(5+12j),(4+13j),(4+10j),11j,(5+13j),11j
(-96+0j),(10+0j),(10+4j),(12+7j),(7+12j),(10+13j),(6+14j),(8+18j),(6+22j),(2+21j),(15+21j),(4+15j),(4+30j),(16+23j),(5+11j),(1+32j),(5+25j),(1+12j),(5+18j),(1+10j),(2+8j),(-4+16j),(7+8j),(-6-2j),(-4-3j),(-4-11j),(-3-19j),0j,0j,0j,0j,0j,0j,0j,0j,0j,0j,0j,(-3-31j),(-1-30j),(-4-38j),(-6-33j),(-9-35j),(-12-30j),(-6-39j),(-10-27j),(-1-25j),(-3-22j),(-15-23j),(5-20j),(-1-9j),(2-7j),(15-12j),(8-7j),(4-3j),(-1-15j),(-2-18j),3j,(2+0j),(7-12j),(14+1j),(9+2j),(3+1j),(7-1j)
(-76+64j),(11+0j),(-4+17j),(-11+10j),(-12+10j),(-15+12j),(-19+13j),(-17+14j),(-17+13j),(-18+13j),(-19+16j),(-18+20j),(-21+17j),(-20+18j),(-18+23j),(-19+19j),(-16+19j),(-14+17j),(-12+16j),(-11+14j),(-7+13j),(-6+8j),(-6+4j),(-2-2j),(-2-4j),-8j,(-4-11j),0j,0j,0j,0j,0j,0j,0j,0j,0j,0j,0j,(32+16j),(33+13j),(32+10j),(34+13j),(36+11j),(36+7j),(36+6j),(34+5j),(33+6j),(31+4j),(27+3j),(24+4j),(15+10j),(15+8j),(13+5j),(15+10j),(4+13j),(2+10j),(5+14j),17j,(4+15j),16j,14j,(1+16j),(-1+11j),(-4+14j)
(-126+32j),(8+0j),(-4+14j),(-5+12j),(-7+16j),(-10+15j),(-13+17j),(-10+17j),(-11+19j),(-12+23j),(-13+17j),(-13+26j),(-13+24j),(-13+24j),(-9+26j),(-9+25j),(-6+21j),(-5+22j),(-5+18j),(-4+16j),(-4+12j),(-4+9j),(-2+6j),(-3-2j),(-5-4j),(-1-5j),(-4-10j),0j,0j,0j,0j,0j,0j,0j,0j,0j,0j,0j,(33+4j),(36+2j),(37-2j),(40-3j),(39-3j),(37-3j),(37-9j),(32-7j),(34-5j),(31-6j),(30-8j),(24-4j),(22-1j),(19+3j),(17+4j),(15+6j),(9+8j),(6+12j),(10+11j),(9+12j),(6+13j),(2+14j),(5+13j),(2+14j),(2+16j),(1+15j)
(57-111j),(19+0j),(17-8j),(13-7j),(13-4j),(15-4j),(15-1j),(22-5j),(25-3j),(23-3j),(25-4j),(31+1j),(26-6j),(27-5j),(27-4j),(24-8j),(19-5j),(18-4j),(19-9j),(16-7j),(10-4j),(10-4j),(2+4j),(4+2j),(-4+5j),(-4+2j),(-5+4j),0j,0j,0j,0j,0j,0j,0j,0j,0j,0j,0j,(-22-31j),(-26-25j),(-25-26j),(-26-28j),(-27-29j),(-34-21j),(-32-23j),(-35-20j),(-25-20j),(-28-22j),(-23-28j),(-19-13j),(-14-19j),(-10-20j),(-10-14j),(-3-17j),(-10-13j),(4-13j),-17j,-14j,(6-17j),(3-16j),(9-14j),(8-10j),(10-12j),(10-13j)
(91-79j),(21+0j),(-5+14j),(-9+8j),(-4+12j),(-6+13j),(-10+12j),(-10+14j),(-18+17j),(-21+16j),(-22+22j),(-16+18j),(-21+21j),(-18+26j),(-20+20j),(-12+23j),(-10+18j),(-14+16j),(-11+20j),(-7+19j),(-7+11j),(-6+4j),(-1+1j),(-4+0j),(2+0j),(-5-12j),(-1-8j),0j,0j,0j,0j,0j,0j,0j,0j,0j,0j,0j,(33+4j),(37+0j),(35+0j),(39-1j),(42-3j),(39-2j),(43+0j),(37-11j),(38-6j),(31-8j),(28-6j),(27+2j),(18+3j),(18+2j),(14+9j),(16+7j),(14+7j),(8+11j),(4+12j),(9+13j),(4+11j),(6+20j),(6+15j),(4+11j),(3+16j),(-2+10j)
(-10+96j),(15+0j),(-1-13j),(-3-14j),(-2-16j),(-1-16j),(-2-15j),(1-25j),-22j,(2-26j),(1-25j),(-3-24j),(-3-23j),(-7-29j),(-4-28j),(-6-25j),(-5-24j),(-7-21j),(-4-17j),(-6-15j),(-3-11j),(-1-9j),(-4-3j),-1j,(3-1j),(7+2j),(8+4j),0j,0j,0j,0j,0j,0j,0j,0j,0j,0j,0j,(-32+12j),(-33+16j),(-34+19j),(-31+23j),(-33+22j),(-32+19j),(-30+24j),(-34+26j),(-23+23j),(-25+21j),(-26+12j),(-20+13j),(-19+9j),(-19+4j),(-17+1j),(-14-2j),(-14-3j),(-14-4j),(-11-7j),(-11-7j),(-14-12j),(-13-12j),(-13-12j),(-15-12j),(-12-14j),(-15-13j)
(94-32j),(5+0j),(-12-8j),(-10-9j),(-10-13j),(-7-12j),(-8-12j),(-11-17j),(-11-20j),(-10-17j),(-17-19j),(-13-21j),(-14-19j),(-20-21j),(-19-20j),(-17-15j),(-13-12j),(-17-11j),(-13-12j),(-6-8j),(-8-10j),(-9-8j),(-5-4j),(1-3j),-2j,(4-1j),(9+2j),0j,0j,0j,0j,0j,0j,0j,0j,0j,0j,0j,(-20+25j),(-21+24j),(-18+27j),(-15+29j),(-17+34j),(-16+31j),(-15+27j),(-16+33j),(-10+25j),(-9+26j),(-12+23j),(-12+18j),(-11+18j),(-11+14j),(-12+10j),(-15+9j),(-7+1j),(-13+6j),(-8+1j),(-17-1j),(-12-1j),(-14+0j),(-14-1j),(-12-2j),(-14-4j),(-9-3j)
(98+32j),(6+0j),-5j,(5-1j),(2+1j),(-5-1j),(8+5j),(3+7j),(9+2j),(11+3j),(18+6j),(21+7j),(20+5j),(17-1j),(21+13j),(21+9j),(14+15j),(21+11j),(20+19j),(12+22j),(1+18j),(2+20j),(12+22j),21j,(1+16j),(-10+15j),(-12+16j),0j,0j,0j,0j,0j,0j,0j,0j,0j,0j,0j,(9-7j),(4-3j),(4-10j),(6-11j),(-1-5j),(5-13j),(6-26j),-23j,(-2-22j),(-10-20j),(-6-29j),(-13-30j),(-14-25j),(-15-22j),(-17-26j),(-15-20j),(-17-25j),(-20-23j),(-19-23j),(-21-18j),(-18-24j),(-19-23j),(-16-22j),(-17-14j),(-22-7j),(-9-6j)
(57-111j),(19+0j),(1-6j),(-1+7j),(4+7j),(4+0j),(-6-4j),(-6+7j),(-12+6j),(-17+6j),(-12+5j),(-11+7j),(-19+10j),(-22+6j),(-22+21j),(-22+15j),(-25+6j),(-25+1j),(-23+3j),(-22+5j),(-29+4j),(-19-6j),(-21-10j),(-19-6j),(-12-6j),(-12-8j),(-12-14j),0j,0j,0j,0j,0j,0j,0j,0j,0j,0j,0j,11j,(-2+8j),10j,(4+8j),(9+21j),(1+12j),(14+7j),(11+20j),(20+16j),(17+16j),(21+10j),(31+18j),(25+18j),(24+16j),(23+9j),(28+13j),(24+16j),(28+7j),(36+8j),(28+2j),(24+10j),(20+11j),(22+1j),(23+3j),(20+2j),(10-2j)
(-68-64j),(11+0j),(-14-6j),(-13+1j),(-10+2j),(-10-11j),(-10-6j),(-11-23j),(-13-17j),(-10-7j),(-15-17j),(-11-12j),(-13-24j),(-16-16j),(-16-17j),(-14-11j),(-17-16j),(-15-12j),(-10-10j),(-13-11j),(-5-8j),(-8-6j),(-5-6j),(-3-3j),(3-5j),(5-7j),(7-2j),0j,0j,0j,0j,0j,0j,0j,0j,0j,0j,0j,(-20+21j),(-19+20j),(-18+24j),(-19+26j),(-17+25j),(-16+27j),(-16+27j),(-12+27j),(-13+24j),(-14+24j),(-13+21j),(-11+19j),(-12+15j),(-12+13j),(-12+6j),(-14+7j),(-14+8j),(-13+2j),(-14+5j),(-15-2j),(-13+5j),(-15+1j),(-17-3j),(-13+2j),(-14+2j),(-15+0j)
(108-64j),(6+0j),(6-30j),(41-35j),(27-20j),(28-30j),(7-19j),(32-41j),(39-17j),(16-23j),(25-35j),(49-35j),(56-29j),(29-39j),(51-41j),(31-24j),(39-38j),(34-27j),(27-33j),(19-22j),(13-25j),(21-15j),(15-15j),(9-11j),(7-2j),(8+12j),(11+14j),0j,0j,0j,0j,0j,0j,0j,0j,0j,0j,0j,(31-62j),(35-63j),(24-73j),(24-81j),(24-85j),(11-80j),(9-81j),(-3-81j),(5-77j),(-6-66j),(-3-61j),(-4-53j),-57j,(6-47j),(6-46j),(5-39j),(1-36j),(4-43j),(18-30j),(28-43j),(38-26j),(21-39j),(23-36j),(13-47j),(31-31j),(28-19j)
(-108+64j),(9+0j),(8-4j),(40+11j),(36+3j),(17-3j),(56+9j),(42+4j),(31+4j),(54+21j),(63+9j),(56-13j),(61+5j),(60+13j),(54+0j),(38+10j),(60+5j),(40+6j),(38-3j),(30-9j),(27+12j),(22+5j),(18+0j),(12+12j),(7+11j),(-4+18j),(-14+10j),0j,0j,0j,0j,0j,0j,0j,0j,0j,0j,0j,(17-60j),(22-74j),(13-77j),(13-83j),(-1-72j),(-1-84j),(11-86j),(-2-73j),(8-77j),(2-74j),(-7-69j),(8-59j),-53j,(5-43j),(11-48j),(26-49j),(9-39j),(18-32j),(3-34j),(33-24j),(34-24j),(4-29j),(26-24j),(42-38j),(32-44j),(36-24j)
(124-64j),(7+0j),(-9+40j),(-13+22j),(-5+43j),(-36+26j),(-54+37j),(-20+14j),(-32+18j),(-46+8j),(-27+19j),(-28+37j),(-41+50j),(-40+31j),(-44+40j),(-30+39j),(-32+44j),(-28+36j),(-23+31j),(-18+38j),(-17+15j),(-16+10j),(-18+14j),(-15+7j),(-11-7j),(-7-16j),(-16-9j),0j,0j,0j,0j,0j,0j,0j,0j,0j,0j,0j,(6+68j),(22+65j),(28+77j),(26+68j),(35+70j),(43+77j),(44+79j),(43+66j),(36+60j),(40+57j),(31+57j),(29+62j),(22+43j),(20+40j),(21+36j),(10+36j),(13+43j),(3+50j),(1+33j),(-8+50j),(4+25j),(-4+39j),(-17+23j),(-14+42j),(-2+26j),(-16+45j)
(116+66j),(39+0j),(32+10j),(36+10j),(30+16j),(26+23j),(28+18j),(25+27j),(34+27j),(32+27j),(38+24j),(44+29j),(45+36j),(36+31j),(45+27j),(42+29j),(41+23j),(38+27j),(39+26j),(36+21j),(24+18j),(22+18j),(6+11j),(9+10j),(3+14j),(-11+8j),(-16+19j),0j,0j,0j,0j,0j,0j,0j,0j,0j,0j,0j,(68-14j),(70-16j),(77-20j),(68-28j),(76-42j),(67-30j),(65-39j),(61-49j),(61-41j),(60-40j),(52-36j),(45-44j),(48-33j),(42-20j),(39-10j),(40-16j),(32-12j),(35+0j),(38-8j),(39-2j),(49+7j),(33+12j),(45+7j),(34+2j),(39+8j),(42+12j)
(-120-126j),(40+0j),(29+22j),(20+36j),(8+27j),(27+35j),(6+22j),(6+28j),(21+44j),44j,(9+49j),(9+54j),(7+49j),(12+62j),(12+55j),(20+50j),(17+51j),(17+41j),(18+43j),(16+34j),(17+19j),(8+26j),(3+21j),(-4+10j),(-11+5j),(-12+12j),(-13+5j),0j,0j,0j,0j,0j,0j,0j,0j,0j,0j,0j,(64+17j),(70+16j),(75+13j),(85+5j),(90+8j),(77-5j),(77-6j),(81-7j),(80-9j),(68-15j),(66-5j),(52-3j),(59-5j),(55-1j),(42+7j),(34+17j),(32+21j),(29+16j),(34+26j),(28+20j),(35+27j),(34+23j),(34+28j),(32+22j),(35+22j),(35+29j)
(94-32j),(5+0j),(17-7j),(14+2j),(11-3j),(13+6j),(17-5j),(18+5j),(19+0j),(16+5j),(20+5j),(24+3j),(22+8j),(25-5j),(15+2j),(15+0j),(28+0j),(11+8j),(17+1j),(22-1j),(20+5j),(5+1j),(1-6j),(5-5j),(-3-4j),(-3+2j),(-4+5j),0j,0j,0j,0j,0j,0j,0j,0j,0j,0j,0j,(14-25j),(13-24j),(15-27j),(7-30j),(7-33j),(2-34j),(1-24j),(-1-25j),(14-33j),(-4-29j),(9-31j),(-3-25j),(2-19j),(3-10j),(15-20j),(13-11j),(11-8j),(6-3j),(18-18j),(12-18j),(20-15j),(10-3j),(10-8j),(6-7j),(10-9j),(4-3j)
(57-111j),(19+0j),(11+15j),(13+12j),(7+16j),(5+15j),(1+10j),(-2+12j),(-1+24j),(-4+10j),(4+21j),(-4+19j),(-3+17j),(-2+17j),(-12+21j),(3+31j),(4+20j),(-3+29j),(-5+19j),(-13+12j),(-2+16j),(7+13j),(-1+5j),(-10+0j),(-6+6j),(-4-9j),(-8-7j),0j,0j,0j,0j,0j,0j,0j,0j,0j,0j,0j,(26-7j),(28-10j),(34-13j),(24-17j),(32-17j),(26-16j),(39-13j),(29-18j),(28-17j),(20-18j),(16-6j),(25-4j),(21+8j),(24-12j),(20+8j),(13+6j),(24+7j),(8+5j),(26+8j),(7+3j),(8+11j),(16+3j),(20+3j),(7+16j),(14+11j),(15+0j)
(91-79j),(21+0j),(-13-12j),(-10-11j),(-10-8j),(-8-9j),(-12-11j),(-10-14j),(-10-12j),(-14-16j),(-12-17j),(-9-18j),(-10-16j),(-13-15j),(-16-19j),(-13-17j),(-13-16j),(-11-12j),(-11-12j),(-8-10j),(-9-13j),(-6-7j),(-4-6j),(-2-2j),-3j,(4-5j),(8-1j),0j,0j,0j,0j,0j,0j,0j,0j,0j,0j,0j,(-28+11j),(-27+13j),(-27+15j),(-27+16j),(-27+17j),(-25+18j),(-24+18j),(-22+22j),(-20+20j),(-23+16j),(-18+15j),(-16+16j),(-15+14j),(-16+7j),(-15+7j),(-13+3j),(-14+4j),(-14+2j),(-13-4j),(-13-3j),(-17-1j),(-14-3j),(-12-10j),(-16-5j),(-22-2j),(-23-1j)
(94-32j),(5+0j),(39-22j),(35-7j),(37-11j),(41-2j),(39-5j),(48-17j),(38-3j),(47-11j),(47-3j),(46-9j),(52+1j),(49-10j),(54-9j),(52-18j),(45-18j),(48-17j),(41-17j),(34-9j),(27-15j),(12-8j),(16+1j),(9+4j),(-1+7j),(-2+7j),(1+20j),0j,0j,0j,0j,0j,0j,0j,0j,0j,0j,0j,(31-60j),(33-68j),(34-74j),(22-79j),(19-80j),(10-79j),(8-84j),(16-78j),(15-65j),(2-70j),(-1-63j),(6-59j),(-8-60j),(10-55j),(25-35j),(9-39j),(22-31j),(22-22j),(30-26j),(28-36j),(34-26j),(20-26j),(36-30j),(41-26j),(33-18j),(34-18j)
(-125+48j),(8+0j),(1+14j),(2+20j),(1+17j),(-1+11j),(-2+19j),(-3+15j),(-2+19j),(-8+15j),(-7+17j),(-6+17j),(-6+20j),(-3+23j),(-3+15j),(-5+22j),(-4+19j),(-3+21j),(2+13j),(-2+13j),(-1+14j),(-5+10j),(-4+7j),(-1+1j),(-4+1j),(-4-7j),(-3-6j),0j,0j,0j,0j,0j,0j,0j,0j,0j,0j,0j,(30+6j),(31+4j),(33+1j),(34-3j),(32-3j),(34+0j),(34-2j),(33-5j),(29-4j),(29-7j),(27-9j),(22-5j),(20+4j),(15+0j),(18-2j),(11+4j),(14+6j),(9+9j),(7+12j),(6+15j),(6+7j),(9+11j),(5+13j),(3+16j),(12+14j),(8+16j)
(-126+32j),(8+0j),(6-9j),(6-4j),(6-11j),(9-9j),(6-6j),(18-3j),(9-1j),(14-6j),(22-6j),(15-8j),(18-7j),(24-13j),(22-7j),(23-8j),(21-13j),(17-12j),(16-9j),(18-7j),(12-6j),(9-10j),(10+0j),(7+0j),(6+3j),(2+7j),(-2+3j),0j,0j,0j,0j,0j,0j,0j,0j,0j,0j,0j,(-25-22j),(-27-17j),(-29-17j),(-32-17j),(-33-18j),(-32-10j),(-33-9j),(-33-11j),(-34-10j),(-28-8j),(-20-8j),(-25-5j),(-22-7j),(-16-5j),(-13-11j),(-12-8j),(-9-11j),(-11-12j),(-5-12j),(-3-14j),(-6-14j),(1-13j),(-5-16j),(-3-14j),(-1-14j),(6-11j)
(94-32j),(5+0j),(-13+5j),(-12+4j),(-12+3j),(-17+2j),(-13+0j),(-16-9j),(-19-6j),(-21-10j),(-22-11j),(-21-9j),(-21-3j),(-27-8j),(-29-9j),(-28-9j),(-24-4j),(-20-5j),(-20-4j),(-21-1j),(-17-6j),(-10-5j),(-9-7j),(-7-9j),(-3-4j),(3-4j),(5-7j),0j,0j,0j,0j,0j,0j,0j,0j,0j,0j,0j,(15+32j),(15+35j),(19+36j),(26+29j),(22+30j),(30+28j),(24+33j),(30+26j),(23+27j),(27+23j),(22+22j),(17+19j),(17+15j),(9+17j),(6+14j),15j,(2+18j),(-6+15j),(-5+19j),(-1+14j),(-2+16j),(-4+12j),(-4+13j),(-11+18j),(-11+16j),(-7+15j)
(86+96j),(5+0j),(-10-6j),(-8-10j),(1-11j),(1-14j),(5-11j),(1-18j),(6-14j),(4-19j),(9-24j),(5-24j),(5-25j),(4-22j),(2-33j),(7-25j),(7-29j),(4-29j),(5-21j),(3-24j),(4-19j),(5-17j),(4-11j),(7-3j),(4-5j),-2j,(5+8j),0j,0j,0j,0j,0j,0j,0j,0j,0j,0j,0j,(-36+8j),(-37+10j),(-36+11j),(-34+19j),(-35+15j),(-34+21j),(-34+26j),(-31+18j),(-28+23j),(-32+21j),(-27+18j),(-20+15j),(-23+13j),(-15+9j),(-18+0j),(-20+2j),(-16+0j),(-16-2j),(-13-4j),(-22-5j),(-24-10j),(-17-4j),(-16-10j),(-14-11j),(-14-5j),(-10-9j)
(-10+96j),(15+0j),(-17-3j),(-10-4j),(-11-8j),(-7-13j),(-6-12j),(-7-12j),(-9-14j),(-8-12j),(-6-21j),(-10-16j),(-16-16j),(-15-20j),(-13-20j),(-14-17j),(-18-12j),(-16-20j),(-13-15j),(-11-16j),(-14-11j),(-9-9j),(-8-10j),-6j,-7j,(3-8j),(2+3j),0j,0j,0j,0j,0j,0j,0j,0j,0j,0j,0j,(-26+22j),(-25+23j),(-19+26j),(-19+25j),(-19+28j),(-16+26j),(-18+33j),(-20+27j),(-15+26j),(-14+29j),(-14+23j),(-10+21j),(-11+15j),(-14+12j),(-15+14j),(-14+8j),(-11+7j),(-11+6j),(-19+6j),(-12+3j),(-8-2j),(-17+3j),(-17+0j),(-13+5j),(-16+8j),(-10+2j)
(94-32j),(5+0j),(-10+2j),(-9-1j),(-9+1j),(-11-6j),(-11-4j),(-14-3j),(-14-7j),(-14-8j),(-19-11j),(-18-4j),(-21-6j),(-23-7j),(-21-3j),(-19-6j),(-21-4j),(-19-4j),(-20-2j),(-18-7j),(-10-6j),(-10-4j),(-9-6j),(-6-5j),(-2-3j),(2-4j),-4j,0j,0j,0j,0j,0j,0j,0j,0j,0j,0j,0j,(1+29j),(-2+30j),(5+29j),(6+34j),(11+31j),(10+29j),(10+28j),(12+29j),(10+25j),(7+24j),(11+20j),(8+19j),(8+18j),(2+15j),(2+13j),(-1+11j),(-4+9j),(1+13j),(-6+14j),(-5+10j),(-5+7j),(-11+11j),(-7+10j),(-8+11j),(-11+8j),(-10+7j)
(-128+0j),(8+0j),(-13-5j),(-9-2j),(-1-11j),(-7-11j),-17j,(-4-17j),(-6-19j),(1-17j),(2-25j),(-4-23j),(-3-25j),(-2-26j),(-4-24j),(1-21j),-23j,(-5-23j),(-5-20j),(-5-20j),(-3-16j),(-3-15j),(-2-10j),(2-5j),(2-2j),(4+4j),(9+7j),0j,0j,0j,0j,0j,0j,0j,0j,0j,0j,0j,(-21+25j),(-20+22j),(-20+29j),(-18+28j),(-19+28j),(-14+31j),(-19+33j),(-12+28j),(-16+30j),(-16+28j),(-13+18j),(-14+23j),(-11+17j),(-10+15j),(-8+12j),(-13+2j),(-15+4j),(-12+6j),(-11+5j),(-15+2j),(-14+4j),(-19+0j),(-17-2j),(-14-5j),(-20-4j),(-12-3j)
(-73+112j),(11+0j),(13-17j),(7-14j),(18-12j),(20-15j),(40-9j),(34-3j),(36-22j),(44-4j),(43-5j),(62-4j),(55-13j),(52+3j),(53-12j),(58-12j),(56-17j),(46-12j),(42-10j),(28-11j),(32-8j),(27-2j),(16-3j),(17-7j),(12+2j),(1+7j),(-4+14j),0j,0j,0j,0j,0j,0j,0j,0j,0j,0j,0j,(-39-49j),(-44-61j),(-61-58j),(-60-65j),(-69-52j),(-61-45j),(-76-49j),(-71-41j),(-67-44j),(-59-49j),(-52-30j),(-53-40j),(-50-36j),(-25-30j),(-32-36j),(-22-34j),(-8-37j),(-13-26j),(-21-32j),(8-28j),(5-33j),(-1-30j),(3-33j),(12-44j),(-2-27j),-25j
(-2-32j),(15+0j),(-1+11j),(-2+13j),(-5+11j),(-1+9j),(-12+11j),(-10+11j),(-14+8j),(-14+15j),(-15+19j),(-17+16j),(-21+13j),(-18+12j),(-18+20j),(-22+20j),(-19+21j),(-17+23j),(-16+20j),(-13+13j),(-10+11j),(-10+7j),(-8+8j),(-5+2j),(-5+0j),(-2-3j),(-5-5j),0j,0j,0j,0j,0j,0j,0j,0j,0j,0j,0j,(35+6j),(32+5j),(38+0j),(38-1j),(39-2j),(38-6j),(37-7j),(34-3j),(35-6j),(33-7j),(30-4j),(25-4j),(21+0j),(20-3j),(13+5j),(13+1j),(11+6j),(9+10j),(13+7j),(7+9j),(12+10j),(11+8j),(14+13j),(7+13j),(5+12j),(6+15j)
(124-64j),(7+0j),(-11-4j),(-5-11j),(-6-14j),(5+4j),(7+2j),(14+2j),(12+7j),(7+1j),(19+12j),(25+9j),(19+1j),(28+7j),(23+15j),(27+16j),(27+4j),(27+18j),(24+23j),(7+22j),(12+21j),(7+21j),(10+30j),(-4+24j),(2+23j),(-5+19j),(-9+25j),0j,0j,0j,0j,0j,0j,0j,0j,0j,0j,0j,(12+4j),(8-4j),(5-6j),(5-9j),(8-12j),(4-12j),(14-11j),(13-26j),(10-26j),(10-21j),(8-25j),(1-40j),(-1-36j),(2-34j),-34j,(-2-33j),(-5-35j),(-6-40j),(-8-29j),(-5-34j),(-14-31j),(-16-30j),(-10-28j),(-6-28j),(-4-17j),(-14-18j)
(16+1j),(17+0j),(-7-2j),(-13+8j),(-7-7j),(-4+0j),(4-14j),(2-11j),(4-5j),(6-6j),(19-12j),(21-13j),(16-5j),(19-8j),(17-8j),(19-14j),(21-18j),(14-8j),(22-4j),(12-2j),(18-3j),(16-1j),(18+2j),(15+1j),(11+6j),(13+10j),(16+11j),0j,0j,0j,0j,0j,0j,0j,0j,0j,0j,0j,(5-9j),(7-6j),(-3-11j),(-5-9j),(-7-8j),(-3-9j),(-7-19j),(-19-8j),(-15-9j),(-30-17j),(-22-19j),(-24-8j),(-27-18j),(-21-8j),(-22-12j),(-24-17j),(-24-6j),(-23-2j),(-32-7j),(-34-11j),(-29-8j),(-21-7j),(-19+3j),(-20+6j),(-23+2j),(-24-3j)
(-53-80j),(12+0j),(10+2j),(-1+6j),(3+0j),(-4-2j),(-6+7j),(-15+8j),(-15+2j),(-14+8j),(-19-4j),(-19+3j),(-13+8j),(-17+11j),(-22+4j),(-20+7j),(-21+9j),(-27+9j),(-21+6j),(-30-7j),(-26-5j),(-30-8j),(-19-2j),(-14-6j),(-9-9j),(-18-13j),(-8-15j),0j,0j,0j,0j,0j,0j,0j,0j,0j,0j,0j,(-13+5j),(-1+4j),(-14+9j),(-6+9j),(-5+10j),(-8+8j),(-1+17j),(-1+17j),(-6+16j),(-3+16j),15j,(1+23j),(3+22j),(8+29j),(11+31j),(12+18j),(10+19j),(23+19j),(18+14j),(21+19j),(8+21j),(14+10j),(19+10j),(21+9j),(9+13j),(11+4j)
(114+32j),(7+0j),(4+5j),(-2+7j),1j,(-7+3j),(-1+0j),(-10+1j),(-8+2j),(-10-10j),(-9-4j),(-17-10j),(-13-8j),(-27-13j),(-24-15j),(-20-17j),(-17-19j),(-22-27j),(-16-25j),(-16-27j),(-7-21j),(-8-23j),(4-15j),(4-16j),-18j,(10-22j),(9-16j),0j,0j,0j,0j,0j,0j,0j,0j,0j,0j,0j,(-10-5j),(-10-2j),(-11+2j),(-8-3j),(-16+3j),(-16+14j),(-12+11j),(-9+10j),(-18+19j),(-16+17j),(-16+14j),(-14+22j),(-22+26j),(-18+24j),(-14+31j),(-8+24j),(-8+28j),(-10+27j),(-9+30j),(-1+26j),(-7+19j),(-7+24j),(-5+26j),(2+24j),(2+19j),(3+18j)
(-122+96j),(8+0j),(1+7j),(7+0j),(-1+11j),(-4+2j),(-5+7j),(-8+12j),(-6+4j),(-14+1j),(-14+3j),(-16+0j),(-19+7j),(-21+8j),(-30+2j),(-10+1j),(-19-6j),(-36+1j),(-16+4j),(-22-9j),(-25-10j),(-17-12j),(-18-6j),(-13-18j),(-14-9j),(-10-17j),(-3-17j),0j,0j,0j,0j,0j,0j,0j,0j,0j,0j,0j,(-4+1j),(-15+1j),(-6+6j),(-8+9j),(-2+9j),(-6+5j),(-10+15j),(-6+16j),(2+22j),(3+24j),(3+20j),(4+25j),(-4+25j),(11+22j),(8+23j),(13+15j),(15+20j),(17+20j),(17+21j),(11+23j),(18+14j),(22+17j),(13+15j),(13+6j),(20+10j),(1+7j)
(113+16j),(7+0j),(-3-12j),(4+3j),(-3-9j),(15-1j),(16+1j),(10-2j),(1+2j),(16+8j),(10+10j),(18+3j),(20+5j),(31+6j),(24+10j),(27+16j),(21+18j),(31+21j),(23+16j),(28+25j),(24+15j),(13+21j),(10+22j),(13+22j),(1+17j),(5+15j),(-2+19j),0j,0j,0j,0j,0j,0j,0j,0j,0j,0j,0j,(5+12j),(5+8j),(14+3j),(10+0j),(18+8j),(21+2j),(13-3j),(23-1j),(26-8j),(25-13j),(24-16j),(22-16j),(20-18j),(22-21j),(28-19j),(27-25j),(15-44j),(38-53j),(16-11j),(8-33j),(10-29j),(11-29j),(1-22j),(-1-18j),(3-20j),(3-24j)
(124-64j),(7+0j),(3-6j),(1-9j),(4+0j),(3-1j),(2+1j),(-4+7j),(3+9j),(5+8j),(2+15j),(3+12j),19j,(3+14j),(6+22j),(5+17j),(-3+29j),(1+23j),(-6+18j),(-7+21j),(-7+19j),(-7+14j),(-20+14j),(-15+12j),(-17+8j),(-15+4j),(-15+2j),0j,0j,0j,0j,0j,0j,0j,0j,0j,0j,0j,(6+8j),(4+6j),(1+4j),(6+5j),(13+2j),(15+0j),(18-1j),(11-4j),(19+1j),(21-2j),(20-10j),(17-9j),(22-14j),(21-13j),(20-12j),(22-10j),(22-15j),(22-12j),(15-22j),(19-16j),(17-20j),(15-20j),(13-14j),(9-17j),(9-12j),(10-13j)
(124-64j),(7+0j),(-15+1j),(1+1j),(-3-5j),-11j,(-6-12j),(-2-11j),(-6-8j),(1-9j),(-8-8j),(-11-21j),(1-15j),(-10-25j),(2-16j),(-2-24j),(-9-27j),(-1-22j),(2-16j),(3-20j),(2-17j),(9-20j),(7-13j),(12-23j),(9-11j),(15-11j),(16-8j),0j,0j,0j,0j,0j,0j,0j,0j,0j,0j,0j,(3-9j),(7-7j),(2-8j),(2-10j),(-7-12j),(-8-6j),(-14-9j),(-15-14j),(-18-10j),(-15-9j),(-17-13j),(-21-8j),(-21-10j),(-26-6j),(-28-2j),(-33-2j),(-28+0j),(-28+2j),(-24+4j),(-24-1j),(-25+6j),(-30+8j),(-21+4j),(-15+5j),(-18+15j),(-16+1j)
(124-64j),(7+0j),(7-6j),(9-4j),(9-3j),(14-2j),(15-1j),(12+4j),(17+5j),(20+3j),(23+0j),(25+4j),(26+4j),(26+5j),(27+2j),(28+3j),(26+0j),(21-2j),(21+0j),(18+1j),(13-1j),(10+4j),(7+1j),(9+2j),(3+2j),(-5+5j),(-8+8j),0j,0j,0j,0j,0j,0j,0j,0j,0j,0j,0j,(-2-31j),(-4-35j),(-7-36j),(-10-36j),(-10-38j),(-15-35j),(-15-37j),(-14-34j),(-13-32j),(-12-33j),(-11-30j),(-16-25j),(-7-26j),(-6-20j),(-3-22j),(-4-21j),(-3-19j),(-1-20j),(6-18j),(3-18j),(5-19j),(4-20j),(3-18j),(2-15j),(5-15j),(11-19j)
(113+16j),(7+0j),(-12-7j),(-8-8j),(-2-4j),-12j,(-1-13j),(2-16j),(4-23j),(2-23j),(-2-23j),(-1-25j),(-2-26j),(-2-25j),(-4-31j),(-3-27j),(-6-27j),(-4-27j),(-5-24j),(-1-20j),(-1-16j),(-4-15j),(-2-14j),(2-6j),(4-4j),(3+1j),(8+2j),0j,0j,0j,0j,0j,0j,0j,0j,0j,0j,0j,(-32+7j),(-31+11j),(-33+15j),(-34+16j),(-31+16j),(-33+21j),(-34+15j),(-31+20j),(-29+16j),(-28+20j),(-29+12j),(-21+13j),(-22+11j),(-22+9j),(-19+11j),(-19+2j),(-22+1j),(-21+1j),(-17+7j),(-22-2j),(-21-5j),(-18-2j),(-21-10j),(-16-6j),(-18-2j),(-12-4j)
(-123+80j),(8+0j),(-9-4j),(-12-7j),(-9-4j),-13j,(-6-10j),(-8-17j),(-5-17j),(-4-16j),(-9-19j),(-12-23j),(-12-26j),(-13-24j),(-20-26j),(-16-22j),(-17-20j),(-18-24j),(-18-19j),(-13-15j),(-8-14j),(-4-13j),(-3-12j),(1-9j),(1-3j),(1-4j),(8+1j),0j,0j,0j,0j,0j,0j,0j,0j,0j,0j,0j,(-32+15j),(-31+13j),(-33+21j),(-31+21j),(-29+21j),(-24+23j),(-28+27j),(-27+23j),(-23+26j),(-23+23j),(-21+23j),(-17+20j),(-16+14j),(-18+17j),(-16+11j),(-16+12j),(-18+9j),(-17+9j),(-21+6j),(-23+2j),(-16-2j),(-20-1j),(-16-2j),(-15+3j),(-16+4j),(-14-6j)
(-4-64j),(15+0j),(-10-16j),(-5-11j),(-3-10j),(7-6j),(13-7j),(17-13j),(7-12j),(15-11j),(17-17j),(11-15j),(10-22j),(20-23j),(14-23j),(15-21j),(10-27j),(11-19j),(7-19j),(14-19j),(11-15j),(2-18j),(4-11j),(7-3j),(7+7j),(5-2j),(2+7j),0j,0j,0j,0j,0j,0j,0j,0j,0j,0j,0j,(-31-12j),(-29-5j),(-37-7j),(-35-4j),(-38-4j),(-37+2j),(-37+4j),(-40+3j),(-39+1j),(-28+1j),(-33+10j),(-32+0j),(-24-4j),(-24-8j),(-18-5j),(-18-7j),(-16-13j),(-18-12j),(-11-12j),(-15-9j),(-16-17j),(-15-16j),(-19-12j),(-13-18j),(-7-15j),(-7-9j)
(16+1j),(17+0j),(-13+1j),(-8-3j),(-10-4j),(-5-6j),(-10-9j),(-12-12j),(-13-11j),(-13-15j),(-15-17j),(-16-10j),(-20-17j),(-20-19j),(-22-16j),(-22-15j),(-20-15j),(-17-17j),(-17-13j),(-12-13j),(-9-9j),(-9-8j),(-6-8j),(-3-5j),(-2-5j),(4-6j),(6-5j),0j,0j,0j,0j,0j,0j,0j,0j,0j,0j,0j,(-22+22j),(-18+26j),(-17+26j),(-18+23j),(-13+29j),(-14+29j),(-12+31j),(-11+31j),(-13+31j),(-8+26j),(-11+29j),(-10+23j),(-7+18j),(-10+17j),(-12+15j),(-16+15j),(-9+13j),(-13+12j),(-12+8j),(-14+14j),(-12+7j),(-13+5j),(-14+12j),(-14+6j),(-12+10j),(-12+2j)
(-53-80j),(12+0j),(-10+4j),(-12-3j),(-10-5j),(-10-10j),(-12-10j),(-10-12j),(-14-15j),(-12-14j),(-12-19j),(-14-19j),(-15-19j),(-15-24j),(-18-20j),(-19-20j),(-19-19j),(-20-16j),(-15-17j),(-15-12j),(-11-12j),(-8-11j),(-6-8j),(-4-6j),(1-7j),(7-6j),(8-5j),0j,0j,0j,0j,0j,0j,0j,0j,0j,0j,0j,(-20+26j),(-14+28j),(-12+32j),(-15+32j),(-10+34j),(-11+29j),(-7+36j),(-8+36j),(-9+32j),(-8+30j),(-10+30j),(-8+27j),(-8+22j),(-8+19j),(-7+16j),(-10+13j),(-11+10j),(-15+9j),(-15+11j),(-14+10j),(-14+7j),(-15+9j),(-16+13j),(-18+10j),(-18+11j),(-13+5j)
(114+32j),(7+0j),(11+2j),(7+7j),(5+11j),(5+6j),(2+10j),(3+15j),(1+18j),(4+20j),(1+24j),(3+26j),(4+28j),(4+28j),(8+23j),(6+25j),(8+26j),(7+23j),(8+20j),(3+18j),(4+17j),(1+16j),(-1+9j),(-3+6j),(-6+5j),(-5+3j),(-8+0j),0j,0j,0j,0j,0j,0j,0j,0j,0j,0j,0j,(27-18j),(26-24j),(25-24j),(25-25j),(25-28j),(24-28j),(23-30j),(23-29j),(20-31j),(18-25j),(18-24j),(14-21j),(18-17j),(18-13j),(16-15j),(17-9j),(14-7j),(15-5j),(13-4j),(19-3j),(16-4j),(16-2j),(16-2j),(19+0j),(20+4j),(17-3j)
(-122+96j),(8+0j),(11-3j),(9-1j),(12+2j),(7+5j),(9+9j),(12+12j),(11+12j),(14+15j),(16+17j),(18+16j),(16+19j),(21+15j),(21+16j),(20+16j),(20+16j),(19+17j),(18+14j),(14+12j),(13+10j),(11+12j),(4+6j),3j,(-3+5j),(-4+4j),(-6+4j),0j,0j,0j,0j,0j,0j,0j,0j,0j,0j,0j,(14-30j),(12-32j),(8-33j),(5-35j),(5-37j),(4-36j),(3-37j),(1-35j),(2-33j),(1-35j),(3-29j),(2-27j),(4-24j),(6-18j),(9-19j),(6-17j),(8-12j),(11-14j),(12-10j),(12-12j),(9-10j),(13-11j),(14-13j),(11-6j),(16-12j),(14-10j)
(113+16j),(7+0j),(7+5j),(8+5j),(3+7j),(-2+7j),(-1+13j),16j,(-3+13j),(-3+21j),(-3+21j),(1+25j),(-2+24j),29j,(1+28j),(3+25j),(3+25j),(2+25j),(3+23j),(2+21j),(3+19j),(2+13j),(-3+9j),(-3+5j),(-6+3j),(-8+0j),(-9-3j),0j,0j,0j,0j,0j,0j,0j,0j,0j,0j,0j,(29-6j),(30-9j),(30-9j),(32-15j),(30-18j),(31-21j),(29-19j),(27-19j),(29-19j),(26-18j),(25-15j),(22-12j),(24-14j),(19-9j),(18-6j),(17-2j),(16+2j),(15+1j),(15+2j),(17+3j),(18+1j),(17+5j),(20+4j),(13+3j),(17+5j),(12+4j)
(115+48j),(7+0j),(13+1j),(12+4j),(7+1j),(3+6j),(8+13j),(8+13j),(3+15j),(7+16j),(12+20j),(8+22j),(10+21j),(13+25j),(12+25j),(13+22j),(11+18j),(17+21j),(11+23j),(10+14j),(8+12j),(5+11j),(1+8j),(1+6j),(-4+5j),(-8+2j),(-9-2j),0j,0j,0j,0j,0j,0j,0j,0j,0j,0j,0j,(21-22j),(21-26j),(16-30j),(18-33j),(14-34j),(12-33j),(12-35j),(12-35j),(11-31j),(8-29j),(9-26j),(11-23j),(9-23j),(11-18j),(13-13j),(12-13j),(9-11j),(11-11j),(15-9j),(11-7j),(18-8j),(16-4j),(13-7j),(16-7j),(17-6j),(17-6j)
(98+32j),(6+0j),(-8+8j),(-8+5j),(-6+8j),(-3-6j),(-2-2j),(-3-9j),(-3-9j),(-7-11j),(-8-14j),(-3-16j),(-6-14j),(-8-25j),(-10-24j),(-9-23j),(-5-23j),(-7-27j),(-3-27j),(-1-23j),-22j,(5-16j),(8-18j),(12-16j),(12-15j),(12-11j),(13-6j),0j,0j,0j,0j,0j,0j,0j,0j,0j,0j,0j,(-11-7j),(-5-6j),(-5-4j),(-7-6j),(-11-7j),(-10-1j),(-20+2j),(-23+1j),(-24+2j),(-22+3j),(-23+11j),(-22+13j),(-19+6j),(-25+14j),(-26+18j),(-14+15j),(-22+19j),(-20+17j),(-21+17j),(-14+27j),(-18+22j),(-15+18j),(-9+12j),(-11+14j),(-9+12j),(-11+12j)
(-125+48j),(8+0j),(7-16j),(1-10j),(5+0j),(4-2j),(2+5j),(3+7j),(8+8j),(2+10j),(9+20j),(8+21j),(12+22j),(14+25j),(8+24j),(6+19j),(7+23j),(3+26j),(5+19j),(1+20j),(-7+25j),(-6+20j),(-9+13j),(-9+15j),(-16+12j),(-20+13j),(-14+2j),0j,0j,0j,0j,0j,0j,0j,0j,0j,0j,0j,(8+7j),(11+2j),(7+0j),(8+4j),(14+3j),(10-3j),(16-7j),(16-12j),(14-13j),(19-13j),(15-10j),(18-18j),(21-14j),(24-19j),(24-28j),(20-29j),(18-26j),(15-32j),(16-25j),(12-26j),(15-35j),(11-28j),(7-18j),(5-17j),(3-20j),(11-11j)
(98+32j),(6+0j),(-6+0j),(-1+2j),(-7-6j),(-7-6j),(-4-10j),(2-12j),(2-16j),(2-12j),(-2-16j),(5-20j),-18j,(-6-22j),-25j,(5-27j),(8-31j),(14-28j),(9-23j),(18-20j),(15-17j),(10-17j),(15-13j),(15-14j),(21-4j),(16-4j),(12-4j),0j,0j,0j,0j,0j,0j,0j,0j,0j,0j,0j,(1-9j),(-3-11j),(-11-10j),(-8-11j),(-15-6j),(-18-2j),(-15-4j),(-14+1j),(-19-4j),(-27+3j),(-21+4j),(-29+7j),(-28+8j),(-23+9j),(-36+4j),(-30+15j),(-29+11j),(-32+18j),(-25+11j),(-27+13j),(-21+18j),(-22+18j),(-22+25j),(-13+18j),(-15+20j),(-14+4j)
(124-64j),(7+0j),(-17+2j),(-6-5j),(-3-5j),(1-7j),(-4-7j),(3-13j),(7-12j),(2-17j),(1-17j),-21j,(-1-24j),(1-23j),(-7-24j),(-7-28j),(-7-25j),(-8-19j),(-7-20j),(-8-17j),(-5-15j),(-5-9j),-10j,(-4-4j),(2-1j),(6-2j),(5+7j),0j,0j,0j,0j,0j,0j,0j,0j,0j,0j,0j,(-27+18j),(-28+21j),(-26+25j),(-27+27j),(-24+23j),(-26+30j),(-23+27j),(-22+31j),(-22+32j),(-23+23j),(-17+18j),(-16+15j),(-20+21j),(-23+12j),(-19+7j),(-21+7j),(-19+8j),(-20+6j),(-18+1j),(-22+0j),(-20+3j),(-23+2j),(-21+2j),(-21+2j),(-17-1j),(-16-4j)
(94-32j),(5+0j),(-2+8j),(-5+8j),(-1+2j),(-4+0j),(-11-2j),(-14-2j),(-15-4j),(-16-3j),(-19-7j),(-23-8j),(-20-4j),(-22-7j),(-26-1j),(-26-2j),(-24-2j),(-21-4j),(-18+0j),(-19+0j),(-16-3j),(-10-3j),(-6-2j),(-4-2j),(-2-6j),(2-6j),(4-11j),0j,0j,0j,0j,0j,0j,0j,0j,0j,0j,0j,(10+32j),(14+30j),(14+34j),(14+30j),(18+31j),(18+33j),(19+28j),(18+26j),(18+28j),(21+25j),(13+22j),(12+21j),(9+24j),(6+20j),(2+24j),(5+17j),(-3+19j),(-5+18j),(-1+18j),(-5+19j),(-7+21j),(-4+23j),(-4+16j),(-1+19j),(-4+16j),(-1+18j)
(-125+48j),(8+0j),(-12-2j),(-5-10j),(-9-1j),(-7-8j),(4-7j),(1-8j),(2-15j),(2-15j),(3-19j),(2-20j),(-4-24j),(-9-26j),(-3-24j),(-3-24j),(-4-21j),(-7-23j),(-5-20j),(-7-16j),(-2-14j),(-3-14j),(-9-5j),(2-5j),(3-4j),(6+0j),(10+1j),0j,0j,0j,0j,0j,0j,0j,0j,0j,0j,0j,(-25+23j),(-25+25j),(-18+27j),(-22+30j),(-21+30j),(-20+31j),(-19+33j),(-18+33j),(-20+28j),(-17+24j),(-14+26j),(-17+18j),(-14+18j),(-14+21j),(-16+10j),(-21+10j),(-21+6j),(-18+6j),(-19+1j),(-17+3j),(-24-1j),(-23+2j),(-19+0j),(-18+5j),(-16+3j),(-16+4j)
(-105+112j),(9+0j),(8+6j),(2+9j),(-2+6j),7j,(-9+8j),(-15+7j),(-8+8j),(-15+14j),(-12+13j),(-14+17j),(-17+16j),(-19+15j),(-14+19j),(-12+23j),(-11+23j),(-6+20j),(-10+15j),(-4+15j),(-6+10j),(-3+10j),(-5+4j),(-9+1j),(-2-1j),(-3-3j),(-5-6j),0j,0j,0j,0j,0j,0j,0j,0j,0j,0j,0j,(29+11j),(29+10j),(32+12j),(30+9j),(36+7j),(34+8j),(37+2j),(32+6j),(31+1j),(33-2j),(29+3j),(20+0j),(23+6j),(17+3j),(20+8j),(23+10j),(19+14j),(14+10j),(14+14j),(11+17j),(14+17j),(11+11j),(15+15j),(15+14j),(14+14j),(9+11j)
(86+96j),(5+0j),(10+2j),(5+2j),(5+1j),(-2+6j),(-3+4j),(-3+11j),(-2+15j),(-3+17j),(-1+20j),(-2+17j),(-1+21j),(-1+24j),(3+27j),(3+22j),(4+21j),(8+24j),(5+17j),(2+15j),(7+11j),(2+13j),(3+9j),1j,(-5+1j),(-8-1j),(-12-4j),0j,0j,0j,0j,0j,0j,0j,0j,0j,0j,0j,(30-17j),(27-18j),(29-22j),(28-24j),(30-24j),(27-23j),(26-26j),(24-23j),(20-24j),(25-23j),(20-17j),(20-17j),(18-12j),(18-15j),(20-6j),(19-7j),(16-5j),(20-3j),(20-1j),(19+2j),(23+1j),(22+1j),(22-2j),(19+2j),(18-3j),(20+1j)
(94-32j),(5+0j),(3-12j),(8-4j),(2-4j),(8-2j),(8+5j),(10+4j),(13+8j),(15+5j),(17+14j),(23+11j),(25+7j),(20+5j),(22+4j),(21+6j),(28+7j),(18+5j),(17+2j),(16+2j),(14+0j),(10+4j),(8+2j),(5+3j),(-3+2j),(-6+2j),(-5+10j),0j,0j,0j,0j,0j,0j,0j,0j,0j,0j,0j,(2-32j),(1-33j),(1-32j),(-8-38j),(-5-40j),(-8-37j),(-3-36j),(-7-37j),(-6-32j),(-7-32j),(-5-29j),(-7-29j),(-1-23j),(3-25j),-25j,(9-18j),(11-17j),(11-21j),(10-21j),(5-18j),(13-24j),(15-18j),(6-21j),(9-19j),(6-17j),(10-12j)
(86+96j),(5+0j),(11-4j),(6-2j),(4+7j),(1+12j),14j,(-3+12j),12j,(-1+21j),(-5+24j),(-1+21j),25j,26j,(7+23j),(7+31j),(4+24j),(7+24j),(6+27j),(4+20j),(3+15j),(5+13j),(3+10j),(-6+4j),(-5+2j),(-4+1j),(-11+0j),0j,0j,0j,0j,0j,0j,0j,0j,0j,0j,0j,(32-21j),(36-20j),(31-22j),(33-22j),(28-26j),(30-28j),(28-32j),(31-29j),(25-24j),(27-25j),(22-25j),(23-20j),(23-16j),(22-14j),(23-10j),(16-7j),(18-1j),(21-3j),(18-1j),(23+0j),(27+2j),(25+1j),(21-2j),(21-5j),(24+0j),(20-6j)
(94-32j),(5+0j),(5-8j),(6-2j),(6+5j),(5+3j),(3+6j),(5+4j),(7+12j),(6+11j),(4+17j),(9+13j),(12+17j),(11+20j),(15+19j),(15+15j),(17+15j),(12+16j),(12+16j),(8+11j),(7+6j),(7+5j),(4+7j),3j,(-2+2j),(-8+2j),(-9+1j),0j,0j,0j,0j,0j,0j,0j,0j,0j,0j,0j,(17-23j),(16-25j),(17-28j),(14-28j),(12-28j),(11-34j),(14-31j),(9-36j),(10-29j),(6-27j),(8-24j),(11-23j),(9-18j),(10-18j),(13-14j),(13-7j),(14-10j),(14-12j),(14-7j),(14-12j),(19-14j),(16-10j),(15-8j),(12-8j),(15-11j),(16-11j)
(69+81j),(20+0j),(-14-6j),(-1-3j),(2-4j),(5-4j),(8-7j),(6-7j),(15-9j),(12-11j),(12-5j),(13-13j),(24-8j),(23-7j),(20-13j),(31-8j),(28-6j),(25+2j),(20+2j),(26+2j),(21+3j),(13+5j),(19+6j),(14+16j),(12+14j),(8+13j),(6+16j),0j,0j,0j,0j,0j,0j,0j,0j,0j,0j,0j,(4-7j),(7-8j),(5-11j),-7j,(-8-11j),(-2-17j),(-12-16j),(-9-17j),(-11-15j),(-9-19j),(-17-17j),(-25-22j),(-25-23j),(-23-20j),(-26-21j),(-27-15j),(-28-15j),(-25-18j),(-31-13j),(-23-17j),(-25-7j),(-29-8j),(-30-15j),(-23-4j),(-22-3j),(-15+5j)
(108-64j),(6+0j),(10-7j),(-1-3j),(7-1j),(5-2j),(6+4j),(5+9j),(6+6j),(11+13j),(13+21j),(15+12j),(8+13j),(12+17j),(16+18j),(15+21j),(9+32j),(11+22j),(13+26j),(5+27j),(-3+25j),(-2+19j),(-6+21j),(-3+18j),(-9+15j),(-7+14j),(-17+13j),0j,0j,0j,0j,0j,0j,0j,0j,0j,0j,0j,(2+8j),(4+9j),(6+3j),(10+2j),(11-5j),(16+6j),(14-6j),(17-5j),(22+1j),(19-9j),(23-11j),(18-12j),(27-10j),(26-11j),(24-13j),(29-16j),(22-15j),(22-23j),(8-21j),(17-23j),(16-24j),(17-19j),(15-23j),(8-23j),(2-19j),(5-15j)
(98+32j),(6+0j),(-12-10j),(-12+3j),(1-2j),(10+9j),(1+0j),(13-11j),(3-7j),(4-14j),(4-9j),(19-16j),(21-18j),(11-21j),(9-12j),(18-29j),(17-17j),(22-18j),(20-15j),(21-3j),(17-15j),(28-5j),(18+1j),(24+1j),(17+6j),(16+6j),(11+6j),0j,0j,0j,0j,0j,0j,0j,0j,0j,0j,0j,(4-7j),(5-6j),(-1-11j),(3-7j),(-4-12j),(-8-6j),(-10-18j),(-10-12j),(-12-20j),(-13-10j),(-9-21j),(-24-20j),(-29-20j),(-26-14j),(-23-14j),(-26-9j),(-26-18j),(-32-8j),(-28-6j),(-27-1j),(-41-6j),(-26-4j),(-25-2j),(-28+3j),(-20-4j),(-21-8j)
(98+32j),(6+0j),(2+9j),(-6+6j),(-13+12j),(-5+1j),(-14+5j),(-10+2j),(-18+3j),(-15-6j),(-16-13j),(-15-12j),(-25-12j),(-22-2j),(-9-1j),(-24-16j),(-20-8j),(-16-15j),(-17-9j),(-14-14j),(-13-15j),(-8-13j),(-6-21j),(-6-22j),(5-12j),(-3-17j),(-1-15j),0j,0j,0j,0j,0j,0j,0j,0j,0j,0j,0j,(-10+2j),(-10+6j),(-4+15j),(2+8j),(-11+10j),(-1+9j),(-4+24j),(-3+20j),(-2+26j),(3+19j),(1+25j),(7+23j),(3+31j),(3+28j),(12+33j),(8+39j),(7+30j),(8+26j),(17+24j),(13+29j),(14+28j),(9+25j),(21+30j),(11+13j),(3+16j),(-1+18j)
(-127+17j),(24+0j),(-5-7j),(-5-3j),(6-2j),(8+0j),(6-5j),(14-6j),(17-17j),(12-9j),(21-8j),(20-9j),(16-15j),(31-15j),(31-3j),(24-13j),(28-7j),(25-11j),(25-2j),(30-2j),(24-4j),(22+0j),(16+3j),(18+14j),(11+10j),(5+21j),(5+13j),0j,0j,0j,0j,0j,0j,0j,0j,0j,0j,0j,-15j,(4-5j),(-3-8j),(-5-10j),(-8-9j),(4-13j),(-8-24j),(-12-14j),(-20-18j),(-11-22j),(-24-16j),(-23-15j),(-20-17j),(-29-14j),(-28-14j),(-32-21j),(-27-7j),(-38-11j),(-31-8j),(-26-18j),(-32-22j),(-32-12j),(-27-8j),(-23-2j),(-21-2j),(-26-6j)
(-115-48j),(8+0j),(7-9j),(9-3j),(7+1j),(5+3j),(6+4j),(9+7j),(8+11j),(10+13j),(12+13j),(16+18j),(18+14j),(18+13j),(22+16j),(18+13j),(22+11j),(20+12j),(19+10j),(17+11j),(16+8j),(9+5j),(7+4j),(2+4j),(3+3j),(-3+4j),(-3+5j),0j,0j,0j,0j,0j,0j,0j,0j,0j,0j,0j,(17-28j),(14-28j),(14-31j),(15-31j),(10-31j),(10-33j),(8-31j),(9-31j),(6-29j),(6-27j),(9-23j),(8-20j),(10-22j),(13-18j),(12-13j),(16-12j),(15-14j),(17-12j),(17-10j),(19-13j),(20-13j),(19-14j),(16-14j),(18-16j),(15-11j),(16-11j)
(-95+16j),(10+0j),(7-8j),(8-3j),(9-5j),(8+2j),(11+4j),(13+8j),(9+11j),(11+15j),(15+11j),(16+13j),(17+13j),(18+16j),(23+15j),(22+13j),(23+9j),(21+11j),(21+10j),(17+8j),(13+6j),(12+3j),(6+5j),(4+2j),(1+5j),(-4+3j),(-8+6j),0j,0j,0j,0j,0j,0j,0j,0j,0j,0j,0j,(13-29j),(12-29j),(13-31j),(10-33j),(10-35j),(4-35j),(6-30j),(5-33j),(5-28j),(5-25j),(8-26j),(6-24j),(8-20j),(12-16j),(12-15j),(17-14j),(15-14j),(18-9j),(19-13j),(17-11j),(17-16j),(19-13j),(16-15j),(14-14j),(15-18j),(15-14j)
(94-32j),(5+0j),(-6+11j),(5+19j),(-4+9j),(-9+4j),(-13-1j),(-11+4j),(-21-9j),(-17+2j),(-28+0j),(-29-1j),(-33-2j),(-34-3j),(-36+2j),(-38+14j),(-32+5j),(-31+8j),(-28+12j),(-22+4j),(-20-1j),(-13-1j),(-12+4j),(-8-2j),(-4-8j),(-5-6j),(1-15j),0j,0j,0j,0j,0j,0j,0j,0j,0j,0j,0j,(13+34j),(15+32j),(20+39j),(21+33j),(25+38j),(19+36j),(24+36j),(27+32j),(21+30j),(22+28j),(14+25j),(4+25j),(7+23j),(3+24j),(-1+31j),(-4+25j),(-3+29j),(-10+28j),(-4+25j),(-6+34j),(-8+26j),(1+29j),(-5+25j),(-7+36j),(4+26j),(-1+21j)
(94-32j),(5+0j),(-27-12j),(-27-10j),(-6-15j),(-6-5j),-17j,(2-26j),(-3-28j),(-13-35j),(-19-47j),(-25-47j),(-15-52j),(-13-50j),(-11-59j),(-20-54j),(-29-46j),(-26-47j),(-24-44j),(-18-39j),(-18-32j),(-12-28j),(-4-18j),-15j,(4-9j),(10-4j),(18-6j),0j,0j,0j,0j,0j,0j,0j,0j,0j,0j,0j,(-61+21j),(-62+20j),(-57+31j),(-61+38j),(-57+38j),(-63+47j),(-54+43j),(-49+42j),(-51+34j),(-50+37j),(-52+28j),(-48+22j),(-41+29j),(-40+11j),(-38+5j),(-47+9j),(-48+7j),(-51-1j),(-52-9j),(-51+3j),(-51-3j),(-45+2j),(-47-1j),(-50+3j),(-55+0j),(-39+5j)
(-128+0j),(8+0j),(-21-24j),(-15-23j),(4-12j),-14j,(5-24j),(12-19j),(25-13j),(29-22j),(35-22j),(34-28j),(41-36j),(34-41j),(44-39j),(56-45j),(38-46j),(36-36j),(32-36j),(19-30j),(21-26j),(28-20j),(19-10j),(18-14j),(10+5j),(10+4j),(4+9j),0j,0j,0j,0j,0j,0j,0j,0j,0j,0j,0j,(-55-17j),(-60-23j),(-66-21j),(-66-17j),(-71-13j),(-70-10j),(-78-7j),(-65-7j),(-58-10j),(-58-5j),(-46-11j),(-39-25j),(-30-25j),(-31-27j),(-29-31j),(-21-31j),(-25-46j),(-13-40j),(-14-48j),(-31-43j),(-21-52j),(-33-39j),(-24-40j),(-32-42j),(-30-25j),(-32-38j)
(69+81j),(20+0j),(26-17j),(17-18j),(10+10j),(19+0j),(21+14j),(24+15j),(17+18j),(21+25j),(28+38j),(30+36j),(30+26j),(41+28j),(44+34j),(53+40j),(46+32j),(36+24j),(49+19j),(40+10j),(38+32j),(29+19j),(13+19j),(18+8j),(8+14j),(-3+15j),(-13+14j),0j,0j,0j,0j,0j,0j,0j,0j,0j,0j,0j,(50-45j),(49-50j),(42-54j),(41-52j),(41-62j),(36-57j),(45-62j),(37-55j),(32-53j),(26-46j),(31-42j),(34-48j),(33-27j),(30-25j),(40-10j),(19-15j),(38-20j),(43-19j),(44-29j),(49-16j),(40-19j),(45-26j),(49-27j),(33-32j),(36-28j),(30-11j)
(108-64j),(6+0j),(15-2j),(10-6j),(12-1j),(2+4j),(1+7j),(-1+11j),(-1+14j),(1+15j),(1+17j),(4+22j),(1+21j),(9+25j),(4+24j),(13+25j),(11+20j),(12+21j),(10+20j),(12+15j),(7+17j),(5+9j),(4+8j),(1+7j),(-3+1j),(-1+0j),(-9+1j),0j,0j,0j,0j,0j,0j,0j,0j,0j,0j,0j,(18-21j),(18-26j),(16-26j),(14-27j),(10-30j),(14-32j),(15-29j),(14-28j),(13-26j),(14-25j),(15-20j),(11-19j),(15-16j),(15-13j),(19-11j),(18-10j),(16-7j),(22-4j),(24-2j),(21-4j),(25-4j),(22-6j),(23-9j),(21-9j),(22-9j),(17-8j)
(94-32j),(5+0j),(7-5j),(8+2j),(3-1j),(4+6j),9j,12j,(-1+18j),(5+16j),21j,(2+24j),24j,(3+21j),(5+28j),(8+29j),(6+24j),(7+20j),(10+20j),(12+19j),(4+17j),(5+13j),(3+14j),(-1+5j),(-2+3j),(-5-1j),(-10-2j),0j,0j,0j,0j,0j,0j,0j,0j,0j,0j,0j,(22-23j),(22-22j),(17-23j),(19-23j),(18-26j),(21-29j),(23-25j),(18-30j),(18-26j),(17-21j),(18-23j),(17-18j),(12-13j),(14-13j),(18-6j),(16-3j),(17-2j),(21+0j),(21+0j),(26+0j),(26+0j),(26-2j),(24-4j),(23-6j),(17-7j),(17-5j)
(94-32j),(5+0j),(7+13j),(1+10j),(-7+6j),(-7-2j),(-10-2j),(-14+1j),(-16+1j),(-16+0j),(-14+0j),(-23+6j),(-25-5j),(-26+8j),(-26+2j),(-30+8j),(-27+9j),(-22+6j),(-19+6j),(-24+9j),(-16+4j),(-12+2j),(-11+5j),(-7+1j),(-3+1j),-5j,(-3-4j),0j,0j,0j,0j,0j,0j,0j,0j,0j,0j,0j,(15+28j),(19+27j),(15+28j),(22+23j),(22+26j),(20+28j),(22+21j),(23+28j),(23+22j),(17+11j),(10+24j),(5+21j),(11+15j),(10+21j),(6+14j),24j,23j,(-4+23j),(-6+25j),(-1+23j),(1+22j),27j,(-1+25j),(-1+24j),(-3+18j),(-1+17j)
(-127+17j),(24+0j),(-12+5j),(-14+0j),(-9-6j),(-7-4j),(-2-5j),(-2-10j),(-9-15j),(-9-17j),(-7-23j),(-14-17j),(-9-23j),(-9-26j),(-16-25j),(-19-22j),(-11-21j),(-17-19j),(-13-17j),(-12-16j),(-12-12j),(-9-11j),(-11-7j),(-3-8j),(5-3j),(2-6j),(10-2j),0j,0j,0j,0j,0j,0j,0j,0j,0j,0j,0j,(-27+13j),(-23+19j),(-28+20j),(-25+22j),(-27+27j),(-21+22j),(-19+23j),(-26+20j),(-21+26j),(-23+20j),(-22+15j),(-20+16j),(-19+11j),(-23+5j),(-13+4j),(-25+6j),(-21+4j),(-23+6j),(-22+1j),(-23+2j),(-21+2j),(-19+3j),(-25+4j),(-18+7j),(-20+7j),(-21+3j)
(-51-48j),(12+0j),-3j,(5-4j),(6+3j),(9-2j),(4+7j),(-1+9j),(5+11j),(5+18j),(11+11j),(18+18j),(15+22j),(16+16j),(14+27j),(11+22j),(14+25j),(9+26j),(15+32j),(5+28j),(-3+26j),(-2+23j),(-9+17j),(-10+14j),(-13+19j),(-11+19j),(-18+9j),0j,0j,0j,0j,0j,0j,0j,0j,0j,0j,0j,(6+6j),(9+4j),(15-1j),(11-1j),(11-6j),(16-2j),(22-10j),(19-9j),(19-5j),(23-13j),(18-22j),(16-19j),(22-21j),(13-29j),(21-29j),(14-25j),(16-27j),(22-33j),(17-29j),(19-30j),(12-29j),(14-36j),(8-23j),(3-25j),(-1-27j),(-1-16j)
(-51-48j),(12+0j),-1j,(-6-3j),(2-7j),(1-9j),(7-3j),(4-10j),(18-5j),(5-3j),(6-7j),(12-2j),(25-7j),(15-3j),(11-1j),(23-10j),(20-3j),(18-3j),(23-7j),(19+2j),(22-3j),(14+3j),(12+8j),(13+6j),(13+10j),(10+10j),(3+9j),0j,0j,0j,0j,0j,0j,0j,0j,0j,0j,0j,(2-5j),(4-8j),(1-10j),(-1-2j),(-6-12j),(-10-9j),(-8-9j),(-11-6j),(-16-22j),(-2-9j),(-14-23j),(-22-19j),(-19-11j),(-15-17j),(-24-18j),(-29-16j),(-27-12j),(-23-6j),(-24-8j),(-21-8j),(-27-10j),(-23-10j),(-23-10j),(-18-4j),(-19-4j),(-5-2j)
(-98-32j),(9+0j),(-15-8j),-5j,-16j,(2-6j),(-2+0j),(7-10j),(21-3j),(15-6j),(21-13j),(13-14j),(15-25j),(16-15j),(16-13j),(21-14j),(27-12j),(17-13j),(26-4j),(17-5j),(27+2j),(19-1j),(21+4j),(16+2j),(17+6j),(18+7j),(9+8j),0j,0j,0j,0j,0j,0j,0j,0j,0j,0j,0j,(6-5j),(14-4j),(8-2j),-6j,(7-16j),(1-14j),(4-18j),(3-14j),(2-23j),(-2-29j),(-6-22j),(-11-22j),(-9-26j),(-17-24j),(-10-25j),(-15-20j),(-19-29j),(-14-22j),(-18-32j),(-23-24j),(-15-14j),(-22-23j),(-13-9j),(-18-10j),(-14-14j),(-12-7j)
(-51-48j),(12+0j),(9-11j),(4-7j),(3-2j),(1+0j),(2+4j),(1+9j),(3+14j),(4+16j),(4+15j),(10+17j),(11+19j),(12+19j),(9+21j),(16+20j),(14+21j),(16+13j),(11+11j),(6+7j),(8+11j),(4+7j),(-3+8j),(-1+3j),(-5-2j),(-8-2j),(-15+1j),0j,0j,0j,0j,0j,0j,0j,0j,0j,0j,0j,(14-30j),(11-31j),(11-35j),(9-37j),(8-37j),(7-35j),(7-34j),(9-31j),(7-32j),(11-25j),(13-20j),(12-19j),(10-20j),(15-16j),(18-13j),(20-18j),(23-10j),(24-11j),(23-7j),(23-10j),(23-10j),(23-13j),(23-11j),(21-13j),(19-16j),(16-12j)
(-11+81j),(31+0j),(11-8j),(6-1j),(4-1j),(1+3j),(1+5j),(4+9j),(5+11j),(-2+18j),(5+21j),(9+21j),(9+18j),(8+24j),(11+19j),(15+21j),(15+22j),(15+19j),(16+17j),(10+12j),(3+9j),(3+6j),(-1+3j),(-4+0j),(-8-1j),(-9-3j),(-17+0j),0j,0j,0j,0j,0j,0j,0j,0j,0j,0j,0j,(17-28j),(17-30j),(13-31j),(14-34j),(10-36j),(15-36j),(8-33j),(10-29j),(15-28j),(8-28j),(16-24j),(12-13j),(14-17j),(15-15j),(24-8j),(23-7j),(23-7j),(24-8j),(24-9j),(26-9j),(25-12j),(23-14j),(23-11j),(21-12j),(22-12j),(21-11j)
(9-110j),(32+0j),(-9-4j),(-10-1j),(-5-1j),(2-7j),-6j,(5-10j),(5-16j),(5-18j),(7-20j),(6-21j),(4-23j),(3-28j),(-1-30j),(-4-29j),(-1-25j),(1-23j),-20j,(-3-17j),(-4-14j),-15j,(5-3j),(2-1j),(7-2j),(8+4j),(11+7j),0j,0j,0j,0j,0j,0j,0j,0j,0j,0j,0j,(-33+18j),(-31+22j),(-31+17j),(-29+24j),(-29+25j),(-27+25j),(-27+20j),(-24+19j),(-25+20j),(-24+14j),(-21+11j),(-20+8j),(-21+5j),(-19+6j),(-25+2j),(-25+2j),(-24-7j),(-26-6j),(-27-8j),(-26-5j),(-25-5j),(-27-3j),(-28+0j),(-26+0j),(-27+0j),(-21+1j)
(-44+66j),(45+0j),(3+11j),(1+3j),(-2+2j),(-8-1j),(-11-4j),(-9-6j),(-11+0j),(-18-4j),(-17-3j),(-20-3j),(-26+1j),(-29+1j),(-23+1j),(-27+2j),(-25+4j),(-18+7j),(-21+7j),(-14+6j),(-11+1j),(-11+0j),(-5-4j),(-4-6j),(2-6j),(6-9j),(3-13j),0j,0j,0j,0j,0j,0j,0j,0j,0j,0j,0j,(17+26j),(22+27j),(24+28j),(23+29j),(25+23j),(21+24j),(25+21j),(22+22j),(22+23j),(16+19j),(12+22j),(7+21j),(6+17j),(1+19j),22j,(-1+25j),(-3+20j),(-5+28j),(-2+27j),(-3+30j),(-4+24j),30j,22j,(2+23j),(-2+20j),(3+22j)
(-51-48j),(12+0j),(6-13j),(5-1j),(6+3j),(4+2j),(-1+9j),(2+8j),(4+13j),(4+15j),(8+15j),(8+18j),(9+18j),(17+21j),(11+24j),(21+17j),(13+19j),(15+17j),(14+17j),(9+17j),(10+13j),(8+7j),5j,(-1+5j),(-5-5j),(-12-2j),(-13+3j),0j,0j,0j,0j,0j,0j,0j,0j,0j,0j,0j,(8-37j),(7-37j),(1-37j),(1-38j),(-3-35j),(1-37j),(1-35j),(5-30j),(8-33j),(1-30j),(6-25j),(10-20j),(14-20j),(18-19j),(19-14j),(16-15j),(19-11j),(24-14j),(25-14j),(26-13j),(23-16j),(20-16j),(25-18j),(20-17j),(19-18j),(15-15j)
(94-32j),(5+0j),(8-6j),(4-5j),(4-2j),(6+2j),(1+5j),(1+6j),(2+14j),(7+11j),(6+20j),(7+15j),(11+25j),(12+22j),(13+23j),(16+19j),(13+17j),(15+16j),(20+16j),(10+12j),(6+7j),(4+6j),(3+6j),(-2-1j),(-7+5j),(-11+5j),(-9+2j),0j,0j,0j,0j,0j,0j,0j,0j,0j,0j,0j,(9-32j),(13-33j),(8-36j),(10-34j),(7-35j),(4-39j),(5-36j),(9-30j),(5-30j),(8-25j),(9-25j),(12-21j),(17-17j),(21-15j),(17-14j),(20-13j),(20-11j),(27-10j),(26-10j),(28-11j),(25-13j),(23-18j),(23-13j),(18-12j),(17-14j),(17-21j)
(-51-48j),(12+0j),(9+5j),(8+3j),(4+3j),(-3+3j),(-7+3j),(-8+3j),(-13+6j),(-12+7j),(-16+8j),(-14+13j),(-16+13j),(-17+14j),(-14+16j),(-14+16j),(-16+15j),(-12+16j),(-7+14j),(-10+14j),(-3+13j),(-2+6j),(-6+6j),(-1-2j),(-4-4j),(-2-7j),(-2-13j),0j,0j,0j,0j,0j,0j,0j,0j,0j,0j,0j,(30+1j),(30+0j),(30+0j),(28-2j),(31-4j),(27-6j),(30-2j),(26-6j),(26-4j),(22+1j),(24+4j),(18+4j),(16+8j),(21+8j),(12+13j),(14+17j),(14+16j),(16+18j),(14+16j),(16+19j),(14+17j),(17+16j),(16+18j),(16+13j),(13+12j),(11+10j)
(-51-48j),(12+0j),(7+10j),(4+2j),(3+4j),(-2+0j),(-6+4j),(-10+3j),(-13+1j),(-14+7j),(-16+8j),(-17+11j),(-18+8j),(-18+15j),(-15+15j),(-17+15j),(-14+18j),(-16+15j),(-10+17j),(-12+13j),(-6+11j),(-10+8j),(-7+5j),(-3-1j),-9j,(1-6j),(1-12j),0j,0j,0j,0j,0j,0j,0j,0j,0j,0j,0j,(28+1j),(30+0j),(30-3j),(28-3j),(31-4j),(32-9j),(31-3j),(29-2j),(22-2j),(26+0j),(19-1j),(19+8j),(21+6j),(16+14j),(16+14j),(12+18j),(13+19j),(14+17j),(17+17j),(15+20j),(15+22j),(16+20j),(16+14j),(16+18j),(12+13j),(18+10j)
(-51-48j),(12+0j),(11+6j),(5+4j),(-2+4j),(-3+2j),(-11+2j),(-11+2j),(-17+7j),(-14+5j),(-16+6j),(-20+14j),(-27+15j),(-22+12j),(-18+18j),(-20+13j),(-21+15j),(-20+15j),(-15+13j),(-12+12j),(-9+12j),(-7+5j),(-7+2j),(-3-2j),(-1-8j),(-2-3j),(-3-14j),0j,0j,0j,0j,0j,0j,0j,0j,0j,0j,0j,(30+12j),(33+9j),(29+11j),(31+3j),(32+10j),(32+1j),(34+5j),(32+5j),(30+6j),(29+7j),(21+7j),(15+10j),(16+14j),(15+16j),(12+20j),(8+23j),(10+19j),(11+21j),(14+23j),(16+24j),(4+26j),(15+26j),(17+20j),(15+23j),(16+18j),(14+18j)
(-98-32j),(9+0j),(8+1j),(3+3j),0j,3j,(-6+0j),(-13+1j),(-12+3j),(-14+5j),(-17+6j),(-20+11j),(-21+7j),(-22+10j),(-18+9j),(-19+10j),(-19+13j),(-18+12j),(-16+12j),(-13+9j),(-8+7j),(-6+7j),(-4+0j),(-3-3j),(-1-4j),(1-6j),-13j,0j,0j,0j,0j,0j,0j,0j,0j,0j,0j,0j,(30+5j),(31+2j),(33+3j),(31+0j),(32+0j),(31+0j),(31-3j),(27+0j),(27+1j),(21+5j),(22+4j),(19+9j),(15+9j),(12+11j),(16+16j),(13+15j),(9+17j),(10+19j),(11+18j),(13+20j),(13+23j),(14+18j),(13+16j),(15+15j),(15+19j),(10+13j)
(124-64j),(7+0j),(10+1j),(5+4j),6j,(-5+1j),(-5+6j),(-2+11j),(-5+11j),(-11+13j),(-13+5j),(-20+12j),(-17+13j),(-18+17j),(-16+19j),(-21+12j),(-28+12j),(-23+11j),(-19+5j),(-26+3j),(-22+2j),(-21-8j),(-19-8j),(-15-12j),(-11-13j),(-11-14j),(-11-19j),0j,0j,0j,0j,0j,0j,0j,0j,0j,0j,0j,(-6+5j),(2+7j),(4+10j),(3+10j),(8+11j),(8+8j),(13+9j),(15+13j),(19+14j),(23+4j),(22+7j),(24+9j),(33-1j),(28+9j),(28-1j),(36+4j),(30+1j),(27+6j),(28-4j),(27+6j),(34+3j),(31-6j),(21-7j),(21-5j),(17-6j),(14-7j)
(-125+48j),(8+0j),(-1-7j),-3j,(3-2j),(6-1j),(8+7j),(9+9j),(12+3j),(17+4j),(16+6j),(22+5j),(25+2j),(24+2j),(26-1j),(24-3j),(24-5j),(23-1j),(18-2j),(15-5j),(11-5j),(9-6j),(5-4j),(2+1j),3j,(-6+3j),(-8+5j),0j,0j,0j,0j,0j,0j,0j,0j,0j,0j,0j,(-22-21j),(-28-22j),(-26-24j),(-30-24j),(-28-21j),(-28-20j),(-29-21j),(-26-19j),(-23-17j),(-19-18j),(-18-17j),(-15-15j),(-13-14j),(-10-16j),(-3-19j),(-2-20j),(-2-22j),(1-23j),(3-20j),(3-26j),(-2-20j),(2-25j),-20j,(-1-22j),(-2-19j),-15j
(-105+112j),(9+0j),(-8+4j),(-4+3j),(-4-2j),(-2-6j),-8j,(1-5j),(-3-12j),(-8-17j),(-10-19j),(-12-23j),(-13-20j),(-17-23j),(-19-21j),(-20-19j),(-18-19j),(-17-18j),(-14-14j),(-13-14j),(-9-11j),(-8-10j),(-9-5j),(-4-2j),(3-1j),(6-2j),(9+2j),0j,0j,0j,0j,0j,0j,0j,0j,0j,0j,0j,(-4+34j),(-2+34j),(-1+35j),35j,(-2+32j),34j,(2+33j),(-1+31j),(-1+31j),(-2+25j),(-5+22j),(-5+19j),(-9+19j),(-9+18j),(-12+16j),(-15+12j),(-12+11j),(-19+14j),(-20+11j),(-20+14j),(-19+13j),(-17+14j),(-16+14j),(-18+10j),(-18+11j),(-8+11j)
(86+96j),(5+0j),(5+3j),(-3+2j),(-4-1j),(-9-1j),(-10+0j),(-14-5j),(-20-6j),(-14-5j),(-22-3j),(-19-3j),(-27-3j),(-25-1j),(-33-1j),(-22+3j),(-27+7j),(-22+6j),(-20+6j),(-16+5j),(-13+1j),(-10+7j),(-3+0j),(-2-4j),(-2-4j),(1-8j),(8-7j),0j,0j,0j,0j,0j,0j,0j,0j,0j,0j,0j,(26+12j),(31+13j),(29+9j),(33+13j),(34+9j),(30+7j),(33+8j),(26+8j),(27+10j),(24+9j),(20+11j),(18+10j),(18+13j),(10+14j),(8+21j),(10+19j),(8+22j),(2+14j),(3+24j),(5+21j),(2+20j),(5+20j),(6+17j),(7+18j),(4+12j),(6+17j)
(32+1j),(18+0j),(9+2j),(3+1j),5j,(-8+1j),(-4+1j),(-9+1j),(-13+9j),(-13+6j),(-21+14j),(-16+11j),(-16+13j),(-21+19j),(-17+22j),(-17+18j),(-18+14j),(-15+19j),(-10+18j),(-12+18j),(-6+11j),(-2+7j),(-4+4j),(-3+0j),0j,(-2-3j),-9j,0j,0j,0j,0j,0j,0j,0j,0j,0j,0j,0j,(28-13j),(28-17j),(27-20j),(26-19j),(30-21j),(31-19j),(30-19j),(26-19j),(22-20j),(26-13j),(19-10j),(19-9j),(22-1j),(18-1j),(16+4j),(23+8j),(16+9j),(21+6j),(19+10j),(18+10j),(19+12j),(24+7j),(15+10j),(17+10j),(13+8j),(17+5j)
(102+97j),(22+0j),(-11+0j),(-3+1j),(-4-2j),(-2-12j),(1-4j),(1-15j),(-8-16j),(-9-17j),(-6-12j),(-10-20j),(-14-15j),(-22-18j),(-23-19j),(-21-17j),(-23-13j),(-25-14j),(-19-12j),(-17-8j),(-13-6j),(-7-7j),(-8+2j),(-7-5j),(3-6j),(6-1j),(9-3j),0j,0j,0j,0j,0j,0j,0j,0j,0j,0j,0j,(-8+31j),(-11+26j),(-4+32j),(-6+33j),(-1+32j),(-3+28j),(-4+31j),(-6+33j),(-3+32j),(1+32j),(-11+22j),(2+20j),(-13+16j),(-6+11j),(-18+14j),(-16+12j),(-18+10j),(-17+12j),(-14+15j),(-20+9j),(-15+7j),(-18+14j),(-18+12j),(-18+8j),(-18+12j),(-13+8j)
(66+33j),(20+0j),(-6-7j),(-6-4j),(1-4j),(7-4j),(7-5j),(13-2j),(13-5j),(17-8j),(18-12j),(18-11j),(20-15j),(20-14j),(19-17j),(15-19j),(17-16j),(15-18j),(12-18j),(11-15j),(7-15j),(8-11j),(3-5j),(3-1j),(1+3j),7j,(-2+10j),0j,0j,0j,0j,0j,0j,0j,0j,0j,0j,0j,(-34-9j),(-33-9j),(-34-5j),(-36-3j),(-36-6j),(-36-2j),(-34-3j),(-33+1j),(-30-3j),(-29-5j),(-25-5j),(-20-6j),(-17-9j),(-14-12j),(-12-14j),(-13-16j),(-10-18j),(-13-20j),(-8-18j),(-9-17j),(-12-18j),(-9-17j),(-10-19j),(-11-17j),(-10-13j),(-11-16j)
(122-95j),(23+0j),(-1+13j),(-4+0j),(-4+6j),(-9-8j),(-4-5j),(-9-13j),(-10-8j),(-14-11j),(-15-14j),(-27-16j),(-17-9j),(-30-12j),(-23-11j),(-28-7j),(-23-5j),(-24-1j),(-20-3j),(-17+2j),(-17-5j),(-6+1j),(-12+1j),(-3-2j),(-2-1j),(7-6j),(7+0j),0j,0j,0j,0j,0j,0j,0j,0j,0j,0j,0j,29j,34j,(1+31j),(6+34j),(3+34j),(9+30j),(6+35j),(9+28j),(2+31j),(4+19j),27j,(2+15j),(-1+22j),(-7+14j),(-7+19j),(-12+13j),(-6+16j),(-16+14j),(-10+14j),(-15+16j),(-10+16j),(-12+19j),(-17+15j),(-8+15j),(-13+16j),(-8+8j)
(47-15j),(18+0j),(-3+11j),(2-1j),(-6-1j),(-9-7j),(-10-9j),(-11-1j),(-15-7j),(-24-4j),(-20-6j),(-21-4j),(-32-4j),(-34-1j),(-33-1j),(-29+5j),(-31-1j),(-24+4j),(-25+5j),(-21+2j),(-15+4j),(-13+0j),(-6+4j),(-7-3j),-3j,(9-3j),(11-8j),0j,0j,0j,0j,0j,0j,0j,0j,0j,0j,0j,(32+13j),(35+16j),(33+20j),(34+15j),(38+15j),(37+10j),(41+13j),(30+17j),(23+13j),(22+18j),(23+8j),(14+14j),(19+16j),(11+9j),(3+17j),(-1+16j),(1+18j),(3+24j),(-5+19j),26j,(1+26j),(-1+24j),(2+24j),(1+16j),(5+18j),(3+16j)
(-125+48j),(8+0j),(5-7j),(3-6j),-1j,(1+1j),(6+11j),(11+11j),(9+15j),(13+14j),(15+15j),(19+19j),(18+18j),(20+16j),(23+19j),(23+16j),(23+16j),(22+15j),(20+9j),(15+13j),(14+4j),(6+3j),(5+4j),(7+1j),(-6-4j),(-7+0j),(-10-3j),0j,0j,0j,0j,0j,0j,0j,0j,0j,0j,0j,(-23-31j),(-22-32j),(-25-35j),(-25-32j),(-29-29j),(-23-27j),(-25-27j),(-19-24j),(-19-27j),(-19-27j),(-12-23j),(-13-21j),(-8-22j),(-5-18j),(2-21j),(4-14j),(9-20j),(7-19j),(11-24j),(12-22j),(14-24j),(9-21j),(9-19j),(10-24j),(7-19j),(6-18j)
(81+17j),(21+0j),(-8-1j),(-7+3j),-7j,(6-5j),(4-14j),(6-8j),(5-16j),(4-11j),(-2-24j),(1-24j),(3-24j),(-3-28j),-27j,(-4-29j),(-5-27j),(-7-21j),(-4-16j),(-1-18j),(-5-15j),(-3-10j),(-2-6j),(-1+2j),(6+2j),(1+7j),(2+8j),0j,0j,0j,0j,0j,0j,0j,0j,0j,0j,0j,(-15+27j),(-16+31j),(-14+30j),(-11+33j),(-15+30j),(-12+27j),(-14+29j),(-11+28j),(-13+21j),(-10+27j),(-15+18j),(-16+10j),(-12+7j),(-16+6j),(-21+9j),(-20+0j),(-14+0j),(-27+2j),(-21+1j),(-20+0j),(-21-1j),(-20+1j),(-24+1j),(-17+1j),(-19-3j),(-15+6j)
(124-64j),(7+0j),(1+11j),3j,(-5-4j),(-4-3j),(-10-4j),(-16-9j),(-20-6j),(-18+2j),(-24-1j),(-22+2j),(-24-1j),(-29+5j),(-26+6j),(-32+5j),(-29+9j),(-23+6j),(-24+7j),(-13+9j),(-17+6j),(-11+5j),(-8+2j),(1-1j),(1+2j),(7-4j),(10-7j),0j,0j,0j,0j,0j,0j,0j,0j,0j,0j,0j,(32+7j),(36+6j),(37+5j),(40+7j),(38+6j),(36+7j),(38+4j),(39-1j),(30+4j),(24+4j),(26+7j),(18+6j),(15+15j),(13+7j),(9+13j),(16+18j),(7+19j),(5+21j),(1+15j),(9+19j),(9+29j),(6+25j),(5+20j),(2+15j),(2+14j),(6+13j)
(98+32j),(6+0j),(-16-16j),(2+1j),(6-2j),(1+1j),(3-2j),(9-9j),(13+0j),(16+8j),(21+6j),(8-8j),(16+3j),(22+6j),(18+11j),(15+12j),(26+14j),(19+14j),(20+5j),(16+14j),(13+14j),(14+23j),(10+18j),(7+19j),(5+14j),(-2+18j),(-1+17j),0j,0j,0j,0j,0j,0j,0j,0j,0j,0j,0j,(9+11j),(7+5j),(10+6j),(6-7j),(9-5j),(7-8j),(6-13j),(15-18j),(14-19j),(16-18j),(18-20j),(16-24j),(14-21j),(6-28j),(7-27j),(-3-24j),(4-31j),(-1-36j),(3-20j),(-1-27j),(3-24j),(2-16j),(-4-21j),(-3-23j),(1-20j),(-3-10j)
(107-79j),(22+0j),(-14+2j),(4-5j),(-10-3j),(-6+3j),(5+0j),(-11+0j),(2-3j),(5-13j),-26j,(1-19j),(9-23j),-24j,(7-28j),(10-24j),(12-24j),(9-22j),(10-15j),(17-21j),(21-12j),(13-15j),(17-5j),(21-8j),(17-2j),(20+1j),(21+4j),0j,0j,0j,0j,0j,0j,0j,0j,0j,0j,0j,(1-12j),(-10-5j),(-8-3j),(-12-2j),(-10-5j),(-16+4j),(-15-2j),(-15+8j),(-23+5j),(-26+11j),(-26+9j),(-27+10j),(-22+15j),(-28+11j),(-29+15j),(-27+16j),(-28+17j),(-34+21j),(-20+17j),(-20+16j),(-19+15j),(-27+18j),(-17+25j),(-9+16j),(-19+13j),(-19+12j)
(94-32j),(5+0j),(1-7j),(4-1j),(4+3j),(-5+6j),(1+0j),(5+7j),(-2+15j),(5+11j),(6+15j),(7+17j),(13+21j),(12+16j),(14+21j),(17+17j),(15+14j),(16+16j),(16+12j),(12+7j),(13+9j),(8+7j),(3+6j),(2+5j),(-5+1j),(-5+5j),(-11+0j),0j,0j,0j,0j,0j,0j,0j,0j,0j,0j,0j,(4-31j),(2-34j),(2-37j),(2-37j),(1-37j),(-2-34j),(-2-36j),(-2-35j),(-1-33j),(1-32j),-28j,(4-24j),(3-19j),(9-20j),(12-18j),(9-18j),(9-11j),(16-13j),(17-10j),(12-14j),(16-14j),(16-12j),(15-17j),(15-11j),(10-15j),(8-12j)
(-126+32j),(8+0j),(5+4j),0j,(-5+1j),(-4+1j),(-6-1j),(-5+6j),(-17+10j),(-16+6j),(-12+11j),(-15+17j),(-10+20j),(-15+19j),(-16+23j),(-11+20j),(-7+20j),(-5+19j),(-8+20j),(-7+14j),(-8+16j),(-8+11j),(-3+9j),(-5+0j),(-4-3j),(-4-3j),(-5-7j),0j,0j,0j,0j,0j,0j,0j,0j,0j,0j,0j,(30-8j),(27-11j),(33-13j),(31-16j),(33-16j),(31-14j),(33-17j),(28-13j),(30-16j),(26-12j),(25-8j),(23-4j),(20-2j),(23-2j),(20+4j),(18+5j),(12+9j),(20+8j),(20+5j),(19+13j),(18+8j),(17+10j),(15+10j),(17+4j),(17+8j),(15+0j)
(94-32j),(5+0j),(-9-5j),(-1-5j),(-4-1j),(5+2j),(1+8j),(8+7j),(13+11j),(15+13j),(15+9j),(16+13j),(20+4j),(19+9j),(21+4j),(26+12j),(29+3j),(22+3j),(19+4j),(17+4j),(11+4j),(9+3j),(4+2j),(4+4j),(-3+3j),(-9+0j),(-12+7j),0j,0j,0j,0j,0j,0j,0j,0j,0j,0j,0j,(-21-27j),(-23-26j),(-25-25j),(-27-26j),(-23-24j),(-28-25j),(-31-24j),(-21-28j),(-20-25j),(-18-22j),(-21-21j),(-13-19j),(-12-24j),(-7-19j),(-2-20j),-20j,(-1-16j),(6-19j),-21j,-17j,(2-23j),(1-23j),(-1-24j),(-3-16j),(5-18j),(4-15j)
(32+1j),(18+0j),(13-7j),(2-11j),(5-6j),(-5+10j),(-2+21j),(-4+22j),(-6+25j),(3+30j),(10+30j),(10+44j),(9+43j),(26+37j),(19+49j),(25+37j),(22+39j),(24+38j),(13+33j),(20+32j),(10+30j),(13+11j),15j,0j,(-6+6j),(-17+4j),(-9+2j),0j,0j,0j,0j,0j,0j,0j,0j,0j,0j,0j,(27-56j),(23-69j),(25-72j),(25-76j),(22-73j),(18-77j),(20-70j),(21-68j),(22-68j),(27-60j),(16-46j),(18-45j),(23-55j),(19-34j),(30-31j),(31-20j),(36-20j),(33-21j),(30-16j),(35-18j),(41-23j),(35-23j),(34-12j),(36-27j),(27-20j),(22-13j)
(66+33j),(20+0j),(1+9j),-1j,(-9-7j),(-15-6j),(-19-14j),(-14-10j),(-43-16j),(-33-19j),(-47-16j),(-32-21j),(-41-15j),(-42-18j),(-45-15j),(-54-12j),(-46-11j),(-46-3j),(-35-4j),(-39-4j),(-25+3j),(-23-1j),-1j,(-10-6j),-1j,(21-7j),(19-17j),0j,0j,0j,0j,0j,0j,0j,0j,0j,0j,0j,(53+45j),(53+39j),(51+58j),(65+45j),(65+43j),(63+44j),(55+45j),(57+42j),(47+48j),(54+41j),(38+35j),(31+36j),(28+36j),(21+42j),(13+34j),(10+42j),39j,(11+38j),(1+44j),(-3+42j),(-19+41j),(5+33j),(-3+40j),(-7+35j),(1+40j),(14+28j)
(47-15j),(18+0j),(9+0j),(3-2j),2j,(-6+6j),(-3+7j),(-3+6j),(-7+10j),(-8+13j),(-8+16j),(-7+19j),(-7+20j),(-2+21j),(-3+21j),(1+21j),(5+22j),(3+20j),(5+18j),(3+16j),(5+13j),(-1+7j),7j,(-2+0j),(-4+0j),(-7-3j),(-7-8j),0j,0j,0j,0j,0j,0j,0j,0j,0j,0j,0j,(25-16j),(28-19j),(28-21j),(24-25j),(26-23j),(28-20j),(25-24j),(23-18j),(23-22j),(25-20j),(25-13j),(22-11j),(19-9j),(20-7j),(18-4j),(18+0j),(19+2j),(21-3j),(19+2j),(19+2j),(13+6j),(19+0j),(19+2j),(18-2j),(11-3j),(15+2j)
(81+17j),(21+0j),(-6-3j),(-1-4j),(1-4j),(5-5j),(3-4j),(11-9j),(10-6j),(8-11j),(12-14j),(10-18j),(14-20j),(10-19j),(11-21j),(8-21j),(10-20j),(5-19j),(2-17j),(6-17j),(2-12j),(4-11j),(1-5j),(2-1j),2j,(1+3j),(5+9j),0j,0j,0j,0j,0j,0j,0j,0j,0j,0j,0j,(-32+5j),(-34+8j),(-31+12j),(-35+10j),(-33+16j),(-34+9j),(-31+16j),(-32+13j),(-27+10j),(-29+7j),(-29+6j),(-24+3j),(-21-1j),(-19-2j),(-19-4j),(-17-8j),(-15-8j),(-19-12j),(-15-13j),(-16-11j),(-19-10j),(-18-10j),(-17-9j),(-17-6j),(-11-6j),(-13-4j)
(-51-48j),(12+0j),(-9-3j),(-2-3j),(-1-3j),(3-5j),(7-1j),(10-5j),(15-9j),(13-9j),(13-13j),(14-14j),(15-18j),(12-16j),(12-18j),(12-15j),(13-20j),(6-17j),(5-20j),(7-15j),(6-12j),(4-7j),(2-4j),(3+2j),(3+0j),(1+0j),(-1+8j),0j,0j,0j,0j,0j,0j,0j,0j,0j,0j,0j,(-32+6j),(-34+6j),(-35+10j),(-34+10j),(-36+11j),(-32+10j),(-33+13j),(-31+12j),(-30+9j),(-29+7j),(-29+7j),(-25+2j),(-18-2j),(-22-2j),(-18-5j),(-17-7j),(-17-9j),(-12-10j),(-18-13j),(-14-15j),(-16-12j),(-15-8j),(-18-11j),(-12-9j),(-16-12j),(-13-7j)
(94-32j),(5+0j),(-4-5j),(3-4j),(3-4j),(5-3j),(6-4j),(9-3j),(15-3j),(15-5j),(14-4j),(18-9j),(14-14j),(19-11j),(17-16j),(15-11j),(17-13j),(16-13j),(16-14j),(11-13j),(6-7j),(3-7j),(4-4j),(1-1j),(-1+1j),(-2+5j),(-1+5j),0j,0j,0j,0j,0j,0j,0j,0j,0j,0j,0j,(-30-8j),(-32-8j),(-36-6j),(-34-7j),(-35-8j),(-36-4j),(-35-5j),(-34-4j),(-32-3j),(-33-6j),(-24-7j),(-20-8j),(-22-11j),(-17-9j),(-15-17j),(-13-15j),(-14-17j),(-10-17j),(-11-15j),(-12-19j),(-8-17j),(-11-17j),(-9-17j),(-7-13j),(-9-11j),(-12-7j)
(-126+32j),(8+0j),(1-5j),(1+3j),(4-1j),(5+3j),(2+3j),(3+10j),(2+13j),(2+16j),(3+19j),(10+18j),(11+22j),(13+22j),(16+19j),(18+15j),(18+16j),(18+19j),(14+16j),(13+10j),(9+9j),(7+8j),(6+1j),(5+1j),(-5+0j),(-8-2j),(-9-2j),0j,0j,0j,0j,0j,0j,0j,0j,0j,0j,0j,(10-35j),(7-36j),(4-39j),(7-41j),(1-42j),(5-40j),(2-46j),(6-40j),(5-37j),(4-31j),(6-30j),(7-25j),(10-28j),(12-23j),(10-19j),(15-19j),(14-16j),(17-11j),(20-12j),(19-8j),(20-11j),(18-11j),(15-12j),(17-14j),(12-9j),(13-9j)
(32+1j),(18+0j),(11+6j),(-8+3j),(2+3j),-2j,(-10+11j),(-4+0j),(-19-2j),(-9-2j),(-5-3j),(-22-7j),(-21-7j),(-28-4j),(-23-5j),(-20-10j),(-18-6j),(-24-6j),(-14-13j),(-20-15j),(-18-7j),(-15-15j),(-10-13j),(1-19j),(4-24j),(5-23j),(2-21j),0j,0j,0j,0j,0j,0j,0j,0j,0j,0j,0j,(-8+3j),(-2+4j),(-6+5j),(-6+8j),11j,(-2+8j),(11+13j),(-6+18j),(2+12j),(8+24j),(4+22j),(3+20j),(2+24j),(4+24j),(4+26j),(20+33j),(12+19j),(2+32j),(13+28j),(12+18j),(14+26j),(6+14j),(9+13j),(4+11j),(20+14j),(10+11j)
(66+33j),(20+0j),-3j,(2-9j),(5-1j),(9-6j),(7+6j),(10-4j),(15+11j),(24+11j),(16+2j),(5+2j),(18+9j),(12+14j),(30+27j),(15+16j),(30+23j),(8+9j),(11+20j),(10+21j),(-1+24j),(4+19j),(-2+16j),(-7+16j),(-1+21j),(-5+13j),(-6+13j),0j,0j,0j,0j,0j,0j,0j,0j,0j,0j,0j,(5-7j),(13-4j),(1-15j),(-5-14j),(-4-16j),(-2-16j),(1-12j),(-11-28j),(-12-26j),(8-19j),(-17-23j),(-1-22j),(-19-31j),(-16-29j),(-14-31j),(-11-29j),(-16-31j),(-18-32j),(-12-31j),(-22-24j),(-11-34j),(-16-29j),(-12-22j),(-15-29j),(-10-17j),(-16-13j)
(123-78j),(39+0j),(7+8j),(-9-4j),(5+6j),(-12-4j),(-11+5j),(-4+9j),(-15+13j),(-18+2j),(-19+4j),(-12+8j),(-21+0j),(-27+12j),(-23+3j),(-18+10j),(-17+5j),(-21-1j),(-23+4j),(-23+0j),(-15-7j),(-23-14j),(-13-10j),(-9-9j),(-10-16j),(-5-12j),(-11-10j),0j,0j,0j,0j,0j,0j,0j,0j,0j,0j,0j,(-2+3j),(1+5j),(-7+9j),(2+15j),(-3+6j),(3+11j),(11+16j),(6+14j),(13+9j),(10+20j),(18+17j),(13+7j),(33+7j),(27+16j),(16+25j),(26+19j),(26+14j),(16+13j),(23+14j),(29+6j),(29-3j),(21+6j),(15+0j),(26+0j),(18+2j),(9-2j)
(-66-32j),(11+0j),(-5+6j),(1-2j),(-12+2j),(-1-9j),(4+0j),(-5-14j),(-6-1j),(-15-19j),(-12-19j),(4-25j),(-4-25j),(1-23j),(-14-21j),(1-23j),(-13-29j),(-2-22j),(10-28j),(2-18j),(7-24j),(7-22j),(7-24j),(12-10j),(9-22j),(12-4j),(14-10j),0j,0j,0j,0j,0j,0j,0j,0j,0j,0j,0j,(-7-6j),(-8+3j),(-10+0j),(-14-7j),(-11-2j),(-18+7j),(-17-9j),(-20+11j),(-19+4j),(-26+4j),(-4+2j),(-24+9j),(-28+13j),(-24+12j),(-32+16j),(-30+14j),(-16+18j),(-30+14j),(-26+21j),(-20+21j),(-8+18j),(-18+20j),(-10+19j),(-14+24j),(-3+14j),(-3+17j)
(-46+32j),(13+0j),(6+3j),(1-5j),(-5+0j),(2+1j),(1-4j),(10-1j),(5+5j),(11+3j),(10+10j),(10+5j),(26+1j),(11+12j),(21+7j),(17+16j),(15+15j),(17+18j),(16+17j),(13+21j),(10+15j),(15+20j),(5+16j),(-8+14j),(-3+18j),(-6+15j),9j,0j,0j,0j,0j,0j,0j,0j,0j,0j,0j,0j,(7+1j),(4-1j),(6-2j),(10-7j),(2-13j),(10-9j),(8-14j),-20j,(7-22j),(11-23j),(22-29j),(6-30j),(1-26j),-24j,(3-34j),(4-33j),(-5-31j),(-10-25j),(3-33j),(1-27j),(-1-27j),(-8-22j),(-7-29j),(-2-21j),(-7-15j),(-3-18j)
(125-47j),(23+0j),(2+13j),7j,(-10+6j),(-10-9j),(-10+6j),(-22-4j),(-11+6j),(-7-2j),(-12+1j),(-6-5j),(-25-1j),(-21-4j),(-21-2j),(-23-11j),(-13-7j),(-19-13j),(-19-18j),(-19-16j),(-10-15j),(-6-17j),(-12-19j),(-1-19j),(-4-13j),(2-20j),(7-21j),0j,0j,0j,0j,0j,0j,0j,0j,0j,0j,0j,(-6+4j),(-4+6j),(2+4j),6j,(-4+2j),(-5+13j),(1+19j),(4+11j),(2+22j),(8+26j),(11+24j),(6+30j),(7+22j),(11+31j),(16+23j),(16+23j),(8+24j),(13+26j),(17+16j),(18+23j),(20+21j),(16+25j),(14+19j),(28+16j),(15+6j),(18+11j)
(-125+48j),(8+0j),(-2+4j),(-3-2j),(-7+3j),(-7+2j),(-11-6j),(-5+1j),(-10-2j),(-19-6j),(-15-6j),(-19-6j),(-14-9j),(-23-12j),(-20-10j),(-22-5j),(-16-9j),(-20-15j),(-11-16j),(-16-17j),(-13-15j),(-5-20j),(-8-18j),(2-21j),(-4-13j),(7-16j),(5-14j),0j,0j,0j,0j,0j,0j,0j,0j,0j,0j,0j,(-8+1j),(-7+3j),(-4+4j),(-10+6j),(-5+2j),(-11+15j),(-11+18j),(3+18j),(6+20j),(-2+26j),(1+20j),(2+24j),(6+32j),(-2+23j),(11+31j),(8+26j),(11+27j),(4+27j),(14+26j),(13+25j),(9+22j),(11+22j),(11+12j),(6+17j),(6+15j),(5+6j)
(-105+112j),(9+0j),(5-4j),(6-2j),(4-2j),(-4+2j),5j,(6+5j),(6+9j),(4+4j),(1+10j),(11+14j),(5+18j),(4+19j),(5+23j),23j,(4+19j),(2+17j),21j,(-2+18j),(-6+20j),(-12+20j),(-6+15j),(-14+6j),(-11+10j),(-16+7j),(-14+8j),0j,0j,0j,0j,0j,0j,0j,0j,0j,0j,0j,(-1+2j),(6+5j),(9+12j),(7-5j),(7-4j),(20-1j),(17-10j),(15-8j),(21-9j),(19-9j),(20-14j),(17-12j),(17-19j),(23-12j),(21-17j),(16-17j),(9-20j),(21-19j),(17-33j),(13-21j),(9-25j),(14-17j),(15-21j),(8-21j),(10-14j),(11-3j)
(32+1j),(18+0j),(-3-7j),(-2+5j),(3+0j),(5+2j),(12+0j),(9+4j),(12+6j),(20+6j),(17+1j),(22+3j),(19+1j),(24-5j),(24-1j),(21-5j),(20-4j),(18-4j),(19-2j),(18-3j),(12-2j),(8+0j),(4+0j),(4+3j),(-2+4j),6j,(-5+11j),0j,0j,0j,0j,0j,0j,0j,0j,0j,0j,0j,(-24-17j),(-28-21j),(-28-18j),(-30-17j),(-28-17j),(-32-14j),(-29-14j),(-28-13j),(-25-16j),(-29-12j),(-18-15j),(-22-15j),(-18-17j),(-8-15j),(-8-16j),(-10-18j),(-9-22j),(-3-18j),(-7-18j),-15j,(-2-18j),-17j,(-4-19j),(-9-17j),(-2-13j),(-5-12j)
(66+33j),(20+0j),(8+2j),-2j,(5+3j),(-7+0j),(-10+7j),(-3+1j),(-9+8j),(-19+11j),(-9+9j),(-13+16j),(-10+22j),(-4+20j),(-10+23j),(-5+20j),(-5+23j),(-7+23j),(-5+18j),(-2+14j),(-2+9j),(-1+12j),(-4+7j),(-3+0j),(-3-1j),(-3-4j),(-6-11j),0j,0j,0j,0j,0j,0j,0j,0j,0j,0j,0j,(29-15j),(29-15j),(29-16j),(27-15j),(28-19j),(24-17j),(27-19j),(27-17j),(24-14j),(24-11j),(21-12j),(21-12j),(18-4j),(23-1j),(20-3j),(15+0j),(16+1j),(21+8j),(13+5j),(17+8j),(16+3j),(20+4j),(13+4j),(16+1j),(15-3j),(15+0j)
(47-15j),(18+0j),(1-4j),(-3-3j),(2-3j),(1+0j),(2+12j),(6+0j),(15+20j),(11+14j),(17+17j),(13+10j),(23+11j),(25+12j),(20+15j),(19+7j),(28+13j),(24+6j),(17+8j),(13+4j),(15+4j),(6+2j),(8+6j),2j,(1+2j),(-10+2j),(-13+2j),0j,0j,0j,0j,0j,0j,0j,0j,0j,0j,0j,(-17-34j),(-22-30j),(-19-36j),(-22-28j),(-25-29j),(-21-31j),(-26-29j),(-22-27j),(-18-29j),(-15-23j),(-14-24j),(-10-19j),(-6-26j),-23j,(4-20j),(-3-18j),-17j,(7-18j),(8-20j),(5-17j),(9-20j),(3-15j),(8-19j),(3-10j),(2-27j),(-3-16j)
(81+17j),(21+0j),(-7+9j),(6+4j),(-3+2j),(-6-5j),-10j,(-5-3j),(-4-15j),(-11-15j),(-7-25j),(-9-17j),(-21-17j),(-15-26j),(-22-16j),(-20-17j),(-22-20j),(-27-11j),(-17-17j),(-13-7j),(-11-8j),(-7-9j),(-2-5j),(-5-5j),(6+3j),(7-2j),(9+2j),0j,0j,0j,0j,0j,0j,0j,0j,0j,0j,0j,(-1+36j),(1+39j),(5+37j),(1+36j),(7+38j),(10+36j),(1+35j),(1+34j),(7+34j),(7+32j),(1+25j),(-1+26j),(-1+21j),(-2+15j),(-10+24j),(-7+20j),(-17+14j),(-10+14j),(-13+17j),(-14+19j),(-11+15j),(-19+13j),(-14+18j),(-14+5j),(-8+12j),(-11+14j)
(103+114j),(38+0j),(-2+15j),(-5-1j),(2+7j),(-5-3j),(-19-11j),(-5-22j),(-10-30j),(-20-23j),(-18-35j),(-27-30j),(-32-34j),(-41-36j),(-44-29j),(-37-34j),(-50-36j),(-36-23j),(-32-24j),(-31-16j),(-20-16j),(-13-10j),(-11-8j),(-9-3j),(5-5j),(10-11j),(17+0j),0j,0j,0j,0j,0j,0j,0j,0j,0j,0j,0j,(-23+59j),(-22+58j),(-20+57j),(-16+71j),(-9+69j),(-13+70j),(-18+75j),(-8+75j),(-16+63j),(-14+57j),(-17+56j),(-17+37j),(-17+37j),(-19+29j),(-17+33j),(-25+27j),(-33+27j),(-42+25j),(-42+16j),(-30+30j),(-43+25j),(-27+16j),(-38+25j),(-37+27j),(-26+34j),(-29+24j)
(123-78j),(39+0j),(4+11j),(4+3j),(-7-2j),(-9-2j),(-8+0j),(-9-1j),(-12+2j),(-19-1j),(-19-1j),(-20-4j),(-19+2j),(-20-1j),(-26-5j),(-29-3j),(-23+18j),(-31+11j),(-17+8j),(-21+1j),(-7+3j),(-1+5j),(-15-1j),(-4-9j),(7+3j),(9-6j),(3-7j),0j,0j,0j,0j,0j,0j,0j,0j,0j,0j,0j,(29+4j),(32+8j),(34+11j),(38+10j),(34+5j),(34+7j),(38+8j),(34+1j),(25-6j),(21+7j),(26+2j),(15+15j),(19+0j),(26+7j),(16-9j),(20+23j),(13-1j),(13+10j),(19+6j),(20+19j),(-4+29j),(19+22j),(7+22j),(15+8j),(10+14j),(17+14j)
(-66-32j),(11+0j),(-6+19j),(2+5j),(4-6j),(-8+6j),(-20-8j),(-20-4j),(-28-7j),(-28-6j),(-45-5j),(-39-11j),(-57+7j),(-45+4j),(-47+12j),(-49+12j),(-42+15j),(-41+21j),(-39+17j),(-34+14j),(-29+12j),(-16+10j),(-7-2j),(-8-5j),(2-4j),(12-8j),(5-21j),0j,0j,0j,0j,0j,0j,0j,0j,0j,0j,0j,(58+31j),(59+34j),(63+24j),(64+30j),(72+17j),(62+29j),(68+18j),(67+25j),(60+22j),(50+31j),(46+21j),(37+27j),(36+29j),(29+31j),(6+37j),(23+34j),(19+36j),(10+29j),(7+36j),(9+48j),(9+42j),(9+34j),(9+42j),(8+43j),36j,(11+23j)
(-46+32j),(13+0j),(7-1j),(7+1j),(5+0j),(-4+3j),(-3+14j),(-3+13j),(-3+13j),(-4+12j),(-7+15j),22j,25j,(6+27j),(7+29j),(5+28j),(4+24j),(7+22j),(5+19j),(9+16j),(3+11j),(4+12j),(-3+3j),(4-1j),(-1-4j),(-7-2j),(-13-10j),0j,0j,0j,0j,0j,0j,0j,0j,0j,0j,0j,(14-35j),(18-31j),(16-35j),(9-36j),(12-39j),(12-39j),(9-39j),(10-32j),(9-31j),(10-26j),(7-26j),(16-17j),(9-19j),(12-14j),(9-17j),(20-12j),(23-1j),(21-8j),(18-4j),(28-8j),(24-9j),(20-8j),(20-6j),(24-10j),(14-6j),(12-7j)
(-87-111j),(26+0j),(-5+3j),(-11+5j),(-1-2j),(-4-3j),(-12-12j),(2-16j),-17j,(-4-22j),(-2-23j),(-9-30j),(-9-32j),(-20-33j),(-19-24j),(-25-27j),(-22-27j),(-24-22j),(-22-18j),(-11-14j),(-13-13j),(-12-10j),(-7-8j),-5j,(1-4j),(10-4j),(11+1j),0j,0j,0j,0j,0j,0j,0j,0j,0j,0j,0j,(-13+41j),(-17+45j),(-14+44j),(-14+41j),(-14+49j),(-10+45j),(-9+45j),(-18+43j),(-8+42j),(-12+36j),(-17+36j),(-12+29j),(-10+24j),(-14+23j),(-17+19j),(-19+16j),(-24+17j),(-30+15j),(-22+7j),(-24+15j),(-28+17j),(-29+14j),(-20+15j),(-20+18j),(-16+12j),(-13+18j)
(-67-47j),(27+0j),(-16-12j),(-9-2j),(7+0j),(2+1j),(3-12j),(21-3j),(39-17j),(31-2j),(42-30j),(22-37j),(36-33j),(42-36j),(37-26j),(32-37j),(26-43j),(11-41j),(20-35j),(31-31j),(16-25j),(4-9j),(3-15j),(7+1j),(8+10j),(4+14j),(4+23j),0j,0j,0j,0j,0j,0j,0j,0j,0j,0j,0j,(-64+1j),(-69+3j),(-69-5j),(-69+10j),(-70+11j),(-76+12j),(-72+13j),(-74+15j),(-67+12j),(-57+4j),(-56+5j),(-48-4j),(-41-10j),(-44-16j),(-33-18j),(-43-24j),(-25-31j),(-28-32j),(-23-38j),(-22-34j),(-32-37j),(-33-30j),(-26-31j),(-20-23j),(-31-30j),(-26-26j)
(-125+48j),(8+0j),(18+0j),(7-2j),(-4+7j),(-3-2j),(-5+5j),(-7+12j),(-9+6j),(-14+9j),(-7+11j),(-8+13j),(-10+21j),(-12+18j),(-13+18j),(-10+23j),(-6+23j),(-3+16j),(-7+18j),(-6+18j),(-3+13j),(-1+10j),(-6+7j),(-6+2j),(-5+3j),(-5-5j),(-2-16j),0j,0j,0j,0j,0j,0j,0j,0j,0j,0j,0j,(30-7j),(33-6j),(33-16j),(32-13j),(31-17j),(26-14j),(31-15j),(27-16j),(26-15j),(26-12j),(24-10j),(23-5j),(21-3j),(15+1j),(16+2j),(19+2j),(16+2j),(18+13j),(14+11j),(15+7j),(17+7j),(14+10j),(14+7j),(16+3j),(11+7j),(11+0j)
(124-64j),(7+0j),(6-7j),(8+0j),(6-2j),(6+3j),(7+6j),(7+11j),(9+13j),(11+16j),(13+13j),(16+17j),(22+13j),(21+14j),(21+15j),(22+9j),(21+9j),(20+12j),(20+5j),(13+7j),(11+1j),(7+0j),(3+1j),(1+1j),(-5+2j),(-9+0j),(-13+2j),0j,0j,0j,0j,0j,0j,0j,0j,0j,0j,0j,(8-36j),(6-39j),(4-39j),(7-37j),(2-38j),(-1-38j),(4-35j),(-1-33j),(2-28j),(3-31j),(2-25j),(3-26j),(9-24j),(12-20j),(16-21j),(15-16j),(18-13j),(21-13j),(18-16j),(23-14j),(17-16j),(19-18j),(19-13j),(15-14j),(16-14j),(17-15j)
(92-62j),(37+0j),(-2-12j),(-4-8j),(4-9j),(7-12j),(11-10j),(12-7j),(14-13j),(13-13j),(14-20j),(13-21j),(19-21j),(14-26j),(10-25j),(7-25j),(8-23j),(3-25j),(4-20j),(3-14j),(3-13j),(4-13j),(-2-6j),(3+0j),(2+8j),(2+4j),(4+12j),0j,0j,0j,0j,0j,0j,0j,0j,0j,0j,0j,(-32-15j),(-33-15j),(-37-13j),(-34-13j),(-37-8j),(-37-7j),(-38-8j),(-34-6j),(-34-10j),(-29-7j),(-28-10j),(-24-13j),(-18-14j),(-18-16j),(-17-13j),(-15-20j),(-13-21j),(-11-20j),(-11-21j),(-17-20j),(-17-20j),(-16-27j),(-14-18j),(-14-19j),(-13-15j),(-10-20j)
(112+2j),(39+0j),(2+9j),6j,(-7+7j),(-10+5j),(-11+8j),(-8+8j),(-13+10j),(-21+12j),(-21+14j),(-24+17j),(-19+16j),(-17+24j),(-11+13j),(-13+21j),(-12+20j),(-5+20j),(-7+15j),(-6+11j),(-6+10j),6j,(-2+1j),(-1-4j),-5j,(-5-4j),(-2-9j),0j,0j,0j,0j,0j,0j,0j,0j,0j,0j,0j,(33+13j),(31+9j),(24+13j),(31+12j),(31+8j),(34+7j),(30+6j),(29+8j),(29+6j),(30+4j),(23+7j),(18+9j),(16+11j),(16+10j),(17+13j),(11+22j),(11+13j),(7+19j),(13+22j),(7+17j),(11+20j),(12+18j),(8+20j),(9+14j),(10+17j),(4+14j)
(80+1j),(21+0j),(-8+8j),(-13+2j),(-10-2j),(-11-5j),(-8-10j),(-15-9j),(-13-9j),(-17-12j),(-21-15j),(-22-17j),(-21-15j),(-25-14j),(-29-9j),(-27-12j),(-23-7j),(-21-10j),(-20-7j),(-13-3j),(-13-4j),(-6+2j),(-5-5j),(-3-1j),(2-2j),(8-3j),(13+1j),0j,0j,0j,0j,0j,0j,0j,0j,0j,0j,0j,(-2+37j),(3+39j),(3+36j),(3+36j),(7+37j),(6+35j),(10+31j),(5+32j),(6+27j),(2+29j),24j,(3+20j),(-7+24j),(-10+19j),(-11+18j),(-14+18j),(-16+15j),(-16+14j),(-22+16j),(-21+17j),(-20+19j),(-21+14j),(-18+16j),(-16+16j),(-18+17j),(-10+15j)
(100+65j),(22+0j),(8+4j),(6+3j),(2+7j),(4+12j),(2+13j),(5+16j),(-3+21j),(5+14j),(7+20j),(7+15j),(8+22j),(14+21j),(7+22j),(14+21j),(12+17j),(10+17j),(7+12j),(12+11j),(8+7j),(8+6j),(-1+0j),1j,(-3-4j),(-6-3j),(-12-2j),0j,0j,0j,0j,0j,0j,0j,0j,0j,0j,0j,(25-19j),(23-20j),(21-23j),(21-24j),(21-26j),(16-24j),(17-24j),(18-26j),(20-17j),(18-18j),(18-16j),(22-12j),(21-7j),(17-6j),(22-1j),(17-4j),(21-4j),(22-1j),(24+1j),(24-5j),(19+3j),(24-2j),(21-5j),(20-3j),(14-1j),(18-3j)
(-126+32j),(8+0j),(-1-8j),(-3-7j),(7-10j),(14-6j),(12-2j),(21-4j),(17-2j),(23-12j),(21-9j),(18-8j),(23-14j),(26-10j),(26-14j),(20-16j),(17-11j),(18-17j),(15-13j),(9-12j),(9-11j),(6-9j),(1-4j),2j,(-1+5j),(-2+6j),(-6+9j),0j,0j,0j,0j,0j,0j,0j,0j,0j,0j,0j,(-25-25j),(-26-25j),(-28-25j),(-30-23j),(-32-24j),(-28-20j),(-28-18j),(-25-20j),(-28-17j),(-15-23j),(-17-18j),(-14-23j),(-14-21j),(-6-17j),(-7-21j),(-6-22j),(-6-25j),(-4-24j),(-2-26j),(-2-24j),(-3-26j),(-1-29j),(-8-22j),(-4-22j),(-6-21j),(-4-18j)
(98+32j),(6+0j),(6+0j),(4-2j),(-1-8j),(4-3j),(11+2j),(6-2j),(6+15j),(15+5j),(9+9j),(7+2j),(10+21j),(16+14j),(20+18j),(15+8j),(12+18j),(6+16j),(12+17j),(7+24j),(4+16j),(3+16j),(-4+20j),(-8+16j),(-4+9j),(-8+17j),(-16+8j),0j,0j,0j,0j,0j,0j,0j,0j,0j,0j,0j,(12+3j),(9-1j),(5+8j),(18+0j),(10-12j),(11-8j),(10-19j),(17-19j),(3-11j),(12-25j),(16-16j),(13-34j),(14-21j),(14-37j),(17-30j),(6-19j),(6-33j),(6-29j),(10-25j),(8-24j),(1-24j),(6-27j),(6-30j),-29j,(-1-24j),(-4-20j)
(125-48j),(7+0j),(-4+2j),(-1+1j),(-2+2j),(-8+6j),(-9+0j),(-7-1j),(-9-13j),(-21-13j),(-15-10j),(-8-7j),(-17-10j),(-24-14j),(-13-10j),(-25-12j),(-20-17j),(-14-26j),(-9-16j),(-16-20j),(-15-21j),(-5-21j),(-2-23j),(-2-17j),(-3-13j),(6-15j),(7-19j),0j,0j,0j,0j,0j,0j,0j,0j,0j,0j,0j,(-11-1j),(-10-1j),(-11+1j),(-6+3j),(-12+6j),(-14+8j),(-10+10j),(-12+5j),(-19+21j),(-12+20j),(-14+22j),(-12+22j),(-6+32j),(-3+25j),(-6+31j),(-10+28j),(-8+27j),(-6+31j),(8+20j),(-2+31j),(3+27j),(8+28j),28j,(-4+19j),(4+13j),(9+22j)
(-111+16j),(9+0j),(2-4j),(2-9j),(6-3j),(-4+3j),(5+1j),(-4-2j),(12+10j),(9+16j),(2+19j),(17+8j),(14+13j),(13+8j),(23+9j),(11+17j),(14+20j),(3+24j),(15+16j),(4+21j),(1+19j),18j,(-2+18j),(-1+20j),(-5+11j),(-13+15j),(-13+10j),0j,0j,0j,0j,0j,0j,0j,0j,0j,0j,0j,(-1-5j),(5+4j),(7+6j),(9-5j),(10-3j),(6-9j),(11-12j),(15-11j),(12-20j),(14-19j),(11-22j),(9-27j),-26j,(4-25j),(9-27j),(9-21j),(2-33j),(1-26j),(2-23j),(7-31j),(9-29j),(-5-33j),(-2-21j),(2-25j),-16j,(-5-15j)
(-51-48j),(12+0j),(3+0j),(6+4j),(-17-2j),(-5+9j),(-3+7j),(-5+6j),(-3-8j),(-10+9j),(-9+0j),(-11+8j),(-23+14j),(-20+6j),(-22+12j),(-18+12j),(-24+12j),(-23+0j),(-23+1j),(-26-1j),(-25+6j),(-24-5j),(-17-16j),(-15-16j),(-13-19j),(-7-16j),(-8-17j),0j,0j,0j,0j,0j,0j,0j,0j,0j,0j,0j,(-5+12j),11j,(4+14j),(5+8j),(1+17j),(11+15j),(9+9j),(17+11j),(18+6j),(21+6j),(24+19j),(28+17j),(26+10j),(26+8j),(17+15j),(32+8j),(29+2j),(34-3j),(24+12j),(22-2j),(36+2j),(23+3j),(8+4j),(20+6j),(20-8j),(13-5j)
(-54-96j),(12+0j),(8-11j),(-1-12j),(1+2j),(-3+0j),(10+1j),(1+1j),(10+6j),(10+14j),(10+11j),(4+9j),(7+19j),(14+18j),(14+29j),(14+20j),(15+25j),(6+26j),(4+22j),(1+28j),(7+20j),(2+26j),(-1+20j),(-11+20j),(-13+17j),(-8+17j),(-12+12j),0j,0j,0j,0j,0j,0j,0j,0j,0j,0j,0j,(1+4j),(5+4j),(8+5j),(13+3j),(17+1j),(18-4j),(19-3j),(16-6j),(13-4j),(25-3j),(23-15j),(28-10j),(22-8j),(19-18j),(21-21j),(22-23j),(22-28j),(13-24j),(16-29j),(12-24j),(11-32j),(7-27j),(7-25j),(9-21j),(9-21j),(16-14j)
(-57+112j),(12+0j),(-6-1j),(-2-3j),(3+4j),(2-5j),(5-4j),(4-6j),(8-16j),(1-21j),(9-18j),(19-20j),(12-21j),(11-17j),(6-19j),(15-27j),(17-28j),(15-20j),(16-15j),(27-20j),(22-13j),(23-7j),(18-15j),(26-6j),(18+4j),(23+4j),(15+16j),0j,0j,0j,0j,0j,0j,0j,0j,0j,0j,0j,(-1-5j),(1-2j),(2-17j),(-8-6j),(-9-12j),(-14-17j),(-9-13j),(-12-20j),(-13-15j),(-25-22j),(-18-18j),(-27-21j),(-26-21j),(-23-19j),(-34-11j),(-38-16j),(-26-18j),(-33-2j),(-34-10j),(-31+2j),(-38+5j),(-32+1j),(-25+3j),(-27+4j),(-21+7j),(-15+9j)
(116+66j),(39+0j),(12-8j),(5+2j),(3+5j),(-5+0j),(-2-2j),(-2+4j),(-8+5j),(-11+14j),(-15+8j),(-14+12j),(-21+9j),(-20+8j),(-21+12j),(-27+15j),(-24+13j),(-19+9j),(-26+3j),(-25+2j),(-24-3j),(-18+0j),(-17-3j),(-24-7j),(-12-11j),(-13-12j),(-14-13j),0j,0j,0j,0j,0j,0j,0j,0j,0j,0j,0j,(-3+8j),(-9+8j),(-5+8j),(-2+3j),(-1+11j),(-2+10j),(8+11j),(1+11j),(6+26j),(7+26j),(10+27j),(14+19j),(17+28j),(16+24j),(18+20j),(19+25j),(23+20j),(19+23j),(25+17j),(24+24j),(22+11j),(17+7j),(21+13j),(15+14j),(18+12j),(10+3j)
(94-32j),(5+0j),(-2-6j),(2-1j),(8-4j),(3+4j),(9+1j),(12+9j),(13+7j),(19+13j),(20+12j),(19+7j),(21+9j),(23+6j),(24+6j),(25+4j),(25-1j),(17+2j),(14-2j),(16-3j),(12-1j),(4-3j),(-2-1j),(-3+1j),(-11+2j),(-11+2j),(-13+5j),0j,0j,0j,0j,0j,0j,0j,0j,0j,0j,0j,(-24-30j),(-19-28j),(-24-30j),(-25-27j),(-26-28j),(-22-26j),(-24-24j),(-19-22j),(-17-22j),(-16-27j),(-12-19j),(-12-24j),(-7-21j),(-3-21j),(-1-20j),(3-21j),(2-25j),(7-19j),(7-18j),(5-22j),(5-25j),(5-26j),(4-23j),(3-21j),(5-16j),-20j
(94-32j),(5+0j),(7+1j),(1+5j),(-4+5j),(-9+5j),(-9+11j),(-10+11j),(-10+15j),(-15+14j),(-13+18j),(-10+17j),(-11+23j),(-8+23j),(-5+26j),(-9+22j),(-3+20j),(-4+19j),(-1+19j),(-1+15j),(-1+11j),(2+6j),(-3+1j),(-1-4j),(-3-10j),(-3-13j),(-5-13j),0j,0j,0j,0j,0j,0j,0j,0j,0j,0j,0j,(29-19j),(27-22j),(30-24j),(29-23j),(27-25j),(25-25j),(26-23j),(22-21j),(20-20j),(20-14j),(21-17j),(21-14j),(21-4j),(19-3j),(20-2j),(21+2j),(22+6j),(21+6j),(19+9j),(22+9j),(21+6j),(21+9j),(17+2j),(17+7j),(16+5j),(17+4j)
(125-48j),(7+0j),(-1+6j),(-4+0j),(-2+2j),(-7+1j),(-15+0j),(-14-3j),(-14-1j),(-20+3j),(-31+9j),(-23+4j),(-23+3j),(-26+8j),(-28+8j),(-20+13j),(-22+12j),(-15+6j),(-18+11j),(-15+12j),(-8+6j),(-5+4j),1j,-5j,(2-7j),(7-9j),(10-13j),0j,0j,0j,0j,0j,0j,0j,0j,0j,0j,0j,(32+8j),(33+4j),(37+4j),(37-1j),(35-1j),(33+3j),(35+1j),(28-1j),(26+3j),(25+2j),(24+2j),(25+9j),(16+9j),(15+14j),(9+16j),(16+18j),(8+20j),(8+19j),(8+21j),(9+21j),(9+19j),(8+18j),(10+20j),(7+17j),(9+15j),(9+13j)
(-111+16j),(9+0j),(9-6j),(1-2j),(3+1j),(3+7j),(1+6j),(2+6j),(5+10j),(-2+25j),(7+16j),(3+16j),(8+25j),(1+21j),(5+29j),(8+17j),(5+20j),(9+20j),(7+17j),(6+9j),(3+4j),(4+7j),(-1+4j),(-6+0j),(-3-4j),(-12-8j),(-12-7j),0j,0j,0j,0j,0j,0j,0j,0j,0j,0j,0j,(24-27j),(24-24j),(21-22j),(20-29j),(20-25j),(21-28j),(16-29j),(11-26j),(20-22j),(18-25j),(23-25j),(16-15j),(16-9j),(15-11j),(17-10j),(22-3j),(25+3j),(19-2j),(25-5j),(21-5j),(20-4j),(23+2j),(24-2j),(27-9j),(16-8j),(17-5j)
(-51-48j),(12+0j),(4-4j),(4+1j),4j,(2+7j),(3+12j),(1+15j),(1+16j),(5+18j),(4+21j),(5+19j),(7+20j),(14+19j),(13+21j),(13+17j),(12+15j),(16+15j),(8+12j),(11+9j),(6+6j),(6+4j),(2+0j),(1-4j),(-9-3j),(-11-3j),(-12-5j),0j,0j,0j,0j,0j,0j,0j,0j,0j,0j,0j,(7-37j),(6-34j),(4-36j),(5-37j),(5-38j),-36j,(3-35j),-33j,(4-30j),(5-27j),(8-23j),(9-23j),(13-16j),(13-19j),(15-13j),(20-13j),(20-10j),(22-11j),(23-9j),(21-7j),(21-11j),(19-11j),(18-15j),(19-12j),(15-10j),(9-12j)
(-54-96j),(12+0j),(4-1j),2j,(4-2j),(3+8j),12j,(4+11j),(1+19j),(5+16j),(5+15j),(11+20j),(13+22j),(12+21j),(15+18j),(13+14j),(15+17j),(16+10j),(14+8j),(9+9j),(6+1j),(6+1j),(-1-1j),(-2+0j),(-6+1j),(-11-1j),(-12+0j),0j,0j,0j,0j,0j,0j,0j,0j,0j,0j,0j,(12-33j),(13-32j),(10-34j),(8-35j),(5-32j),(2-34j),(6-36j),(6-30j),(7-26j),(8-25j),(9-26j),(12-17j),(10-21j),(19-11j),(17-14j),(14-14j),(14-9j),(16-13j),(22-12j),(23-8j),(23-13j),(19-6j),(18-11j),(17-14j),(16-10j),(14-9j)
(-57+112j),(12+0j),(-12-2j),(-5-2j),(-6-3j),(3-4j),(6-9j),(2-15j),(12-13j),(5-18j),(-3-24j),(-3-26j),(-1-23j),(-7-25j),(-8-21j),(-10-21j),(-7-18j),(-9-21j),(-6-16j),(-14-11j),(-1-13j),(-4-9j),(1+0j),(2-2j),(5-1j),(5+9j),(10+11j),0j,0j,0j,0j,0j,0j,0j,0j,0j,0j,0j,(-28+25j),(-28+24j),(-25+25j),(-20+29j),(-24+25j),(-20+23j),(-18+30j),(-21+25j),(-16+17j),(-11+21j),(-23+21j),(-16+9j),(-21+18j),(-22+10j),(-24-1j),(-24+0j),(-20-2j),(-25-2j),(-28-4j),(-25+2j),(-27-2j),(-25-4j),(-22+2j),(-17+3j),(-18+0j),(-21+3j)
(116+66j),(39+0j),(-9-6j),(-3-3j),(1-6j),(6-7j),(4-6j),(10-6j),(14-10j),(15-9j),(17-12j),(18-13j),(16-13j),(17-17j),(17-18j),(14-20j),(11-19j),(8-20j),(7-14j),(5-13j),(4-11j),(3-7j),(-1-4j),(-3+4j),(-1+7j),(-2+10j),(-5+16j),0j,0j,0j,0j,0j,0j,0j,0j,0j,0j,0j,(-36+5j),(-37+2j),(-37+5j),(-37+6j),(-34+10j),(-32+9j),(-35+8j),(-28+8j),(-28+8j),(-27+6j),(-24+5j),(-22+2j),(-20-3j),(-24-6j),(-18-7j),(-16-14j),(-17-15j),(-20-18j),(-19-15j),(-16-17j),(-20-14j),(-22-17j),(-22-18j),(-22-14j),(-14-16j),(-16-14j)
(-120-126j),(40+0j),(-5-13j),(-1-6j),(4-1j),(5-3j),(11-1j),(14+4j),(16+2j),(21+2j),(17+0j),(22-3j),(26-9j),(22-8j),(23-11j),(23-8j),(22-13j),(17-9j),(12-9j),(9-10j),(8-9j),(4-4j),(2-1j),(-2+2j),(-6+7j),(-6+9j),(-8+12j),0j,0j,0j,0j,0j,0j,0j,0j,0j,0j,0j,(-34-17j),(-38-13j),(-38-14j),(-36-15j),(-37-13j),(-34-12j),(-36-7j),(-35-11j),(-32-12j),(-27-10j),(-24-11j),(-19-14j),(-21-15j),(-14-20j),(-11-23j),(-8-22j),(-5-24j),(-8-25j),(-10-27j),(-10-27j),(-7-26j),(-11-27j),(-11-30j),(-8-20j),(-8-24j),(-10-18j)
(20+65j),(17+0j),(-8-1j),(-6-1j),-8j,(3-3j),(8-5j),(9-7j),(15-9j),(12-11j),(16-14j),(14-19j),(15-17j),(10-21j),(11-20j),(11-23j),(8-17j),(4-20j),(2-18j),(3-9j),-9j,(-2-6j),(-2-1j),(-3+2j),(-2+4j),(-1+11j),13j,0j,0j,0j,0j,0j,0j,0j,0j,0j,0j,0j,(-33+14j),(-33+13j),(-33+17j),(-32+17j),(-31+21j),(-31+15j),(-29+16j),(-28+13j),(-28+15j),(-24+8j),(-22+7j),(-26+2j),(-21-4j),(-19-3j),(-22-3j),(-22-9j),(-19-10j),(-22-10j),(-20-9j),(-25-18j),(-25-12j),(-24-8j),(-26-9j),(-18-10j),(-25-9j),(-19-10j)
(-105+112j),(9+0j),(-1+11j),(-9+4j),(-7-3j),(-8-3j),(-3-13j),(-4-12j),(-2-13j),(-2-19j),(-6-17j),(-2-20j),(2-29j),-22j,(-3-23j),-27j,(-11-26j),(3-20j),(3-24j),-17j,(2-27j),(14-22j),(5-22j),(12-16j),(9-10j),(18-7j),(17+1j),0j,0j,0j,0j,0j,0j,0j,0j,0j,0j,0j,(-3-5j),(-7-12j),(-4-8j),(-9-6j),(-14-7j),(-5-6j),(-16-9j),(-16-7j),(-17+3j),(-20-9j),(-28+2j),(-22-1j),(-23-3j),(-23+2j),(-32+11j),(-30+14j),(-33+12j),(-29+15j),(-28+16j),(-29+13j),(-15+11j),(-23+9j),(-30+13j),(-19+8j),(-16+9j),(-20+16j)
(-39-112j),(13+0j),(-6+7j),(5+6j),(4+3j),(-2-6j),(-5-5j),(-2-5j),(-8-1j),(-14-6j),(-13-1j),(-15-4j),(-18-15j),(-23-9j),(-19-13j),(-27-9j),(-16-16j),(-25-17j),(-27-24j),(-23-28j),(-14-20j),(-6-15j),(-4-19j),(-1-24j),(2-15j),(2-19j),(6-11j),0j,0j,0j,0j,0j,0j,0j,0j,0j,0j,0j,(-10-7j),(-12+1j),(-11+2j),(-9+6j),(-8+2j),(-1+13j),(-8+20j),(-6+24j),(-9+22j),(-3+17j),(-7+26j),(-9+24j),(-4+21j),24j,(10+29j),(5+25j),27j,(15+21j),(7+31j),(18+31j),(9+26j),(16+22j),(9+24j),(10+18j),(3+19j),(15+13j)
(124-64j),(7+0j),(14-3j),(7+5j),(2-5j),(5+2j),(-2+7j),(-6+5j),(-13+10j),(-5+12j),(-16+14j),(-15+14j),(-10+18j),(-11+12j),(-15+21j),(-32+25j),(-24+21j),(-30+23j),(-30+19j),(-27+15j),(-30+10j),(-23+1j),(-22+1j),(-17-4j),(-22-3j),(-12-10j),(-16-10j),0j,0j,0j,0j,0j,0j,0j,0j,0j,0j,0j,(-11+9j),(-5+11j),(-4+11j),(-1+13j),12j,(5+16j),(5+16j),(5+15j),(10+19j),(11+12j),(17+27j),(21+17j),(19+25j),(28+18j),(22+18j),(23+17j),(35+13j),(22+20j),(27+12j),(32+16j),(31+11j),(29+9j),(19+4j),(26+2j),(32+7j),(17-2j)
(-128+0j),(8+0j),(-6+6j),(-5+7j),(-3+5j),(-3+3j),(-6-10j),(-12-14j),(1-7j),(-3-15j),-15j,(-4-20j),(-8-21j),(-11-24j),(-18-21j),(-6-29j),(-6-30j),(-10-27j),(1-28j),(-4-22j),(1-23j),(6-23j),(10-20j),(16-18j),(14-16j),(17-17j),(16-5j),0j,0j,0j,0j,0j,0j,0j,0j,0j,0j,0j,(-5-7j),(-6-4j),(-4-5j),(-4-3j),(-10-5j),(-14-2j),(-14+4j),(-20-1j),(-24+6j),(-18+10j),(-25+12j),(-26+14j),(-22+12j),(-24+18j),(-20+22j),(-19+21j),(-21+21j),(-14+25j),(-19+22j),(-10+22j),(-15+15j),(-7+30j),(-17+18j),(-4+24j),(-17+19j),(-3+16j)
(124-64j),(7+0j),(2+1j),(-3+2j),(-2+2j),(-6-4j),(-12-3j),(-14-1j),(-13-2j),(-16-1j),(-20-1j),(-20-1j),(-23-1j),(-23+1j),(-22+3j),(-21+4j),(-20+7j),(-20+5j),(-15+9j),(-11+7j),(-8+5j),(-6+4j),(-4+3j),(1+5j),(4-3j),(8-3j),(8-2j),0j,0j,0j,0j,0j,0j,0j,0j,0j,0j,0j,(29+12j),(30+5j),(30+6j),(30+6j),(35+4j),(29+6j),(31+5j),(25+5j),(24+7j),(24+5j),(23+11j),(21+13j),(17+15j),(16+14j),(5+16j),(7+17j),(11+18j),(7+19j),(9+19j),(6+18j),(6+21j),(6+16j),(4+15j),(8+16j),(3+13j),(1+13j)
(98+32j),(6+0j),(4-2j),(2+1j),(2+5j),(2+6j),(2+13j),(-1+13j),(-3+15j),(-2+19j),(-2+23j),(5+25j),(3+24j),(3+25j),(8+23j),(10+19j),(9+23j),(7+19j),(8+19j),(7+12j),(6+9j),(5+5j),(4+2j),-2j,(-1-6j),(-6-6j),(-4-9j),0j,0j,0j,0j,0j,0j,0j,0j,0j,0j,0j,(16-31j),(14-31j),(14-35j),(12-32j),(12-35j),(11-33j),(12-33j),(10-31j),(12-30j),(11-27j),(16-24j),(15-20j),(15-17j),(16-16j),(18-16j),(18-9j),(18-8j),(21-9j),(22-7j),(22-5j),(22-6j),(22-10j),(19-8j),(18-10j),(13-7j),(14-5j)
(94-32j),(5+0j),(-7-4j),(-5-4j),(2-4j),(6-6j),(4-7j),(10-9j),(9-6j),(10-10j),(4-15j),(13-15j),(13-16j),(13-20j),(8-25j),(6-16j),(7-22j),(7-18j),(-1-20j),(1-13j),(2-11j),(-1-8j),(-1-4j),(-3+3j),(-4+3j),(-1+6j),(-2+11j),0j,0j,0j,0j,0j,0j,0j,0j,0j,0j,0j,(-30+9j),(-27+11j),(-30+14j),(-29+12j),(-28+15j),(-30+12j),(-28+13j),(-23+15j),(-25+14j),(-25+6j),(-25+5j),(-21+4j),(-15-3j),(-21+2j),(-23+0j),(-21-6j),(-20-9j),(-18-9j),(-15-7j),(-23-12j),(-14-8j),(-16-10j),(-20-7j),(-13-6j),(-17-5j),(-11-6j)
(-125+48j),(8+0j),(3-5j),(3-1j),(5+0j),(4+0j),(7+4j),(9+8j),(10+9j),(17+8j),(17+13j),(18+7j),(19+6j),(20+9j),(22+5j),(21+7j),(22+2j),(17-2j),(16+0j),(10-7j),(9-3j),(10-2j),(3-2j),(2-2j),(-3-3j),(-5+0j),(-11-1j),0j,0j,0j,0j,0j,0j,0j,0j,0j,0j,0j,(-14-27j),(-7-27j),(-18-33j),(-13-30j),(-19-29j),(-14-28j),(-14-27j),(-15-25j),(-14-22j),(-12-24j),(-9-25j),(-5-26j),(-1-21j),(1-23j),(4-22j),(5-23j),(8-18j),(5-21j),(6-20j),(9-21j),(8-17j),(6-18j),(6-18j),(4-17j),-16j,(2-22j)
(-105+112j),(9+0j),(-4+1j),(-5-5j),(2-4j),(2-12j),(3-10j),(1-14j),(-1-15j),-20j,-17j,(-3-23j),(-6-26j),(-7-23j),(-7-23j),(-9-23j),(-10-20j),(-13-22j),(-8-18j),(-12-13j),(-8-8j),(-7-6j),-2j,(-1+1j),(2+3j),(5+5j),(6+7j),0j,0j,0j,0j,0j,0j,0j,0j,0j,0j,0j,(-19+29j),(-17+29j),(-16+32j),(-16+34j),(-16+31j),(-15+32j),(-15+32j),(-16+32j),(-13+30j),(-13+24j),(-17+20j),(-17+18j),(-18+17j),(-21+15j),(-23+14j),(-25+7j),(-22+5j),(-24+5j),(-24+2j),(-22+7j),(-20+7j),(-22+8j),(-21+5j),(-18+4j),(-17+8j),(-11+9j)
(-39-112j),(13+0j),(-9+2j),(-4+0j),(-1-5j),(-1-3j),(-7-6j),(-5-10j),(-7-12j),(-12-12j),(-11-16j),(-11-18j),(-19-16j),(-20-12j),(-18-13j),(-17-10j),(-21-10j),(-20-6j),(-17-5j),(-14-4j),(-10-2j),(-5+1j),(-2+0j),(-1-4j),(5+3j),(9+4j),(8+1j),0j,0j,0j,0j,0j,0j,0j,0j,0j,0j,0j,(8+31j),(10+25j),(15+26j),(7+31j),(17+30j),(16+27j),(15+29j),(12+30j),(11+24j),(7+22j),(3+21j),(6+25j),(2+19j),(-6+21j),(-10+18j),(-1+15j),(-12+18j),(-12+13j),(-7+22j),(-12+13j),(-14+14j),(-9+14j),(-10+13j),(-8+11j),(-8+9j),(-6+14j)
(94-32j),(5+0j),(-3+5j),(-1+5j),(-5+0j),(-8+0j),(-11+3j),(-16+6j),(-18+3j),(-21+3j),(-17+5j),(-20+10j),(-22+12j),(-22+12j),(-20+15j),(-18+16j),(-17+16j),(-13+13j),(-13+16j),(-10+13j),(-7+7j),(-1+4j),6j,(1+0j),(3-1j),(4-8j),(4-12j),0j,0j,0j,0j,0j,0j,0j,0j,0j,0j,0j,(28+16j),(31+17j),(29+15j),(32+15j),(32+12j),(31+10j),(34+10j),(30+12j),(28+10j),(24+13j),(26+12j),(22+16j),(20+17j),(14+18j),(13+19j),(13+19j),(8+23j),(9+21j),(8+17j),(11+19j),(4+16j),(11+20j),(8+15j),(13+14j),(9+15j),(8+14j)
(124-64j),(7+0j),(-3+4j),(-4+4j),(-4-2j),(-4-9j),(-10-12j),(-10-9j),(-10-14j),(-14-15j),(-16-19j),(-17-18j),(-20-16j),(-23-13j),(-21-15j),(-19-11j),(-21-10j),(-17-10j),(-16-5j),(-16-2j),(-11-2j),(-8+0j),(-2+4j),(-1+2j),(4+0j),(9+2j),(12+1j),0j,0j,0j,0j,0j,0j,0j,0j,0j,0j,0j,(6+31j),(7+31j),(6+33j),(10+33j),(10+32j),(9+34j),(14+33j),(11+31j),(8+29j),(7+30j),(4+28j),(-1+24j),(-1+22j),(-5+20j),(-10+18j),(-11+17j),(-11+17j),(-13+20j),(-14+20j),(-12+18j),(-14+17j),(-14+19j),(-12+18j),(-7+17j),(-9+17j),(-10+14j)
(-128+0j),(8+0j),(4+11j),(2+5j),(-3+2j),(-10-1j),(-10+3j),(-13+1j),(-17+6j),(-17+3j),(-19+7j),(-19+7j),(-17+12j),(-17+13j),(-17+14j),(-21+13j),(-15+14j),(-11+16j),(-9+14j),(-9+10j),(-8+12j),(-3+5j),(-2+4j),(3+0j),(7-3j),(4-7j),(2-10j),0j,0j,0j,0j,0j,0j,0j,0j,0j,0j,0j,(31-8j),(27-10j),(29-7j),(28-10j),(29-10j),(27-11j),(29-12j),(29-6j),(28-7j),(27-2j),(22-2j),(19+0j),(20+7j),(21+2j),(16+7j),(17+10j),(16+10j),(14+11j),(16+10j),(13+15j),(11+11j),(16+17j),(14+13j),(16+7j),(15+11j),(9+7j)
(-120-127j),(24+0j),(-5-4j),-9j,(9+1j),(5+1j),(18+5j),(5-9j),(17+0j),(9-7j),(19-3j),(10-6j),(22-10j),(3-9j),(16-11j),(21-5j),(19-10j),(22-3j),(27+2j),(24+3j),(10+7j),(19+3j),(19+1j),(17+18j),(7+11j),(6+11j),(2+10j),0j,0j,0j,0j,0j,0j,0j,0j,0j,0j,0j,(7-2j),(8-2j),(12-8j),(2-10j),(3-8j),(12-8j),(-1-21j),(-4-20j),(4-22j),(-9-10j),(2-26j),(-11-8j),(-16-15j),(-10-16j),(-19-20j),(-27-19j),(-18-12j),(-23-15j),(-18-15j),(-21-17j),(-18-9j),(-15-24j),(-20-11j),(-22-7j),(-10-14j),(-17-4j)
(98+32j),(6+0j),(-16+3j),(-7+3j),(-3-7j),(-4-3j),(1-10j),(11-13j),-11j,(5-10j),(8-19j),(14-24j),(7-25j),(13-27j),(11-25j),(13-27j),(9-30j),(13-27j),(10-25j),(18-24j),(21-20j),(17-17j),(28-11j),(15-6j),(22+1j),(18+9j),(15+3j),0j,0j,0j,0j,0j,0j,0j,0j,0j,0j,0j,(-1-12j),(4-15j),(3-12j),(-1-18j),(-10-13j),(4-8j),(-17-12j),(-11-15j),(-16-8j),(-21-17j),(-20-8j),(-28-16j),(-33-11j),(-35-8j),(-35-8j),(-32-5j),(-38-5j),(-33-3j),(-34-4j),(-32+13j),(-45+5j),(-25+8j),(-32+4j),(-23+6j),(-22+10j),(-23+3j)
(-10+96j),(15+0j),(14+15j),(16-4j),(6+1j),(-10-1j),(-8+8j),(-10+3j),(-4+3j),(-25+5j),(-9+16j),(-15+11j),(-22+12j),(-28+12j),(-31+14j),(-28+3j),(-30+15j),(-22+22j),(-33+5j),(-18+6j),(-26+4j),(-26-6j),(-21-10j),(-21-20j),(-16-19j),(-8-16j),(-12-21j),0j,0j,0j,0j,0j,0j,0j,0j,0j,0j,0j,(-9+15j),(-1+13j),(-4+8j),(-3+12j),(6+12j),(6+12j),(15+7j),(10+16j),(8+8j),(18+13j),(22+4j),(27+27j),(25+10j),(25+13j),(39+4j),(34+5j),(37-4j),(29+15j),(29+9j),(33-3j),(27+7j),(19-1j),(41-4j),(15-11j),(20+4j),(18+11j)
(-128+0j),(8+0j),(16-2j),(1+3j),8j,(-6-4j),(-9+10j),(-12-1j),(-16+6j),(-21-4j),(-8+4j),(-15+6j),(-20+4j),(-21+10j),(-24+3j),(-28+5j),(-29-7j),(-30+7j),(-24+1j),(-24-7j),(-30-8j),(-20-11j),(-13-15j),(-18-15j),(-10-10j),(-8-11j),(-4-14j),0j,0j,0j,0j,0j,0j,0j,0j,0j,0j,0j,(-9+8j),(-5+8j),(-6+7j),15j,(-1+14j),(3+13j),(1+13j),(8+17j),(7+17j),(17+19j),(12+19j),(17+19j),(20+13j),(19+15j),(19+11j),(20+15j),(24+14j),(27+15j),(22+17j),(29+14j),(13+7j),(32+6j),(29+6j),(22+8j),(21+9j),(19+8j)
(-120-127j),(24+0j),(3-3j),(2-2j),(6+5j),(10+2j),(5+4j),(9+3j),(4+3j),(12+3j),(11+15j),(16+11j),(14+20j),(12+22j),(21+23j),(16+3j),(11+7j),(10+23j),(15+14j),(3+11j),(4-4j),(2+10j),(1-2j),(8+5j),(2+0j),(-3-10j),(-2-4j),0j,0j,0j,0j,0j,0j,0j,0j,0j,0j,0j,(-27+7j),(-32+5j),(-31+14j),(-26+9j),(-25+9j),(-34+7j),(-29+8j),(-18+1j),(-29+6j),(-18-2j),(-27-10j),(-24+2j),(-13-15j),(-25-10j),(-11-6j),(-12-4j),(-4-24j),(-13-8j),(3-21j),(-8-16j),(-8-17j),(-11-6j),(9-18j),(5-19j),(-1-8j),(-2-7j)
(124-64j),(7+0j),(10-2j),(5-8j),(2+8j),(-7+7j),(-5+12j),(-5+9j),(-12+11j),(-3+25j),(-4+8j),(-14+14j),23j,(-15+14j),21j,(-3+16j),(12+25j),(3+26j),(-1+27j),(-6+11j),(-4+17j),(-4+7j),(2+6j),(6-5j),(2+1j),(-5+3j),(-3-4j),0j,0j,0j,0j,0j,0j,0j,0j,0j,0j,0j,-31j,(-5-32j),(-4-39j),(-7-40j),(-4-32j),(-2-30j),(-1-34j),(-5-30j),(-4-29j),(9-31j),(3-29j),(21-22j),(4-28j),(-3-11j),(20-20j),(27-8j),(25-16j),(-2-21j),(12-7j),(24-21j),(3-11j),(5-19j),(12-4j),(2+9j),(-3-1j),(5-3j)
(94-32j),(5+0j),(8+3j),(2+3j),(7+2j),(7+10j),(6+11j),(6+12j),(1+21j),(10+16j),(7+15j),(12+22j),(7+5j),(13+20j),(16+19j),(11+20j),(34+18j),(17+11j),(8+12j),(11+2j),(1+17j),(6+5j),(4+3j),(2+1j),(1-19j),(-4-3j),(-5-5j),0j,0j,0j,0j,0j,0j,0j,0j,0j,0j,0j,-32j,(4-34j),(-10-34j),(-3-34j),(-3-36j),(-1-35j),(-7-41j),(-3-37j),(-2-33j),(5-29j),(-8-19j),(4-29j),(3-24j),(4-14j),(-6-31j),(4-11j),(11-14j),(18-10j),-9j,(14-10j),-14j,(16-21j),(4-25j),(9-12j),(8-19j),(11-10j)
(-10+96j),(15+0j),(6+18j),(1+15j),(-10+10j),(-22+8j),(-28+3j),(-17+6j),(-32+11j),(-41+3j),(-39+25j),(-39+26j),(-28+36j),(-29+39j),(-22+34j),(-34+42j),(-26+34j),(-12+37j),(-10+45j),(-26+37j),(-14+29j),(-14+18j),(-1+7j),(3+4j),(3-3j),(6-12j),(5-21j),0j,0j,0j,0j,0j,0j,0j,0j,0j,0j,0j,(64-6j),(70-10j),(66-12j),(75-11j),(69-18j),(77-13j),(77-15j),(66-19j),(58-6j),(55-11j),(60-5j),(52+2j),(50-8j),(40+7j),(43+9j),(25+22j),(31+18j),(29+14j),(31+27j),(32+22j),(29+23j),(26+24j),(21+17j),(16+24j),(2+18j),(18+14j)
(-128+0j),(8+0j),(14+4j),(4+20j),1j,(4+19j),(-19+11j),(-17+19j),(-16+39j),(-21+37j),(-15+42j),(-19+48j),(-12+41j),(-15+47j),(-5+48j),48j,(-16+45j),(7+48j),(8+37j),29j,(3+21j),(-7+18j),(11+13j),(-6-3j),-1j,(-5-7j),(-1-11j),0j,0j,0j,0j,0j,0j,0j,0j,0j,0j,0j,(59-19j),(59-26j),(67-23j),(70-29j),(66-37j),(58-24j),(64-38j),(65-35j),(63-27j),(60-35j),(54-17j),(49-9j),(57-6j),(47+2j),(46+3j),(44-1j),(40-3j),(40+9j),(17+6j),(39+8j),(46+10j),(19-9j),(21+15j),(18+13j),(20+8j),(30+10j)
(95-15j),(21+0j),(-4+3j),(-2+1j),(-9+3j),(-10-2j),(-13-5j),(-15-2j),(-18+7j),(-19+1j),(-23+4j),(-22+7j),(-24+11j),(-27+6j),(-20+12j),(-21+10j),(-14+13j),(-13+9j),(-12+11j),(-11+12j),(-8+6j),(-3+5j),(-4+12j),(-3+4j),(-1+4j),(7-6j),(8-4j),0j,0j,0j,0j,0j,0j,0j,0j,0j,0j,0j,(35+9j),(34+11j),(36+4j),(36+6j),(36+7j),(38+8j),(36+4j),(33+2j),(38+11j),(26+8j),(30+7j),(22+10j),(22+16j),(23+10j),(17+18j),(15+15j),(9+18j),(13+16j),(11+14j),(14+18j),(10+14j),(6+15j),(5+16j),(10+16j),(8+12j),(6+4j)
(-98-32j),(9+0j),(3+0j),3j,(-2+5j),(-5+5j),(-8+8j),(-9+7j),(-13+9j),(-13+10j),(-10+12j),(-15+17j),(-13+17j),(-14+20j),(-13+22j),(-8+20j),(-8+19j),(-6+15j),(-8+17j),(-3+12j),(-1+8j),(-2+8j),(-2+6j),-1j,-1j,(-1-6j),(2-10j),0j,0j,0j,0j,0j,0j,0j,0j,0j,0j,0j,(28-11j),(28-16j),(30-14j),(29-14j),(29-18j),(27-17j),(27-13j),(28-17j),(28-14j),(25-13j),(26-11j),(23-9j),(21-6j),(23-3j),(18+1j),(20+4j),(19+4j),(20+9j),(15+8j),(17+6j),(16+8j),(17+6j),(15+7j),(12+2j),(12+5j),(11-1j)
(90-96j),(5+0j),(3+12j),(-3+2j),(-4+8j),(-3+0j),(-6-4j),(-10-8j),(-8-2j),(-16+0j),(-12+5j),(-14-9j),(-16-5j),(-26-12j),(-22-12j),(-21-9j),(-13-15j),(-23-16j),(-20-21j),(-20-22j),(-14-20j),(-10-21j),(-7-25j),(-6-20j),(6-18j),-20j,(-1-15j),0j,0j,0j,0j,0j,0j,0j,0j,0j,0j,0j,(-7+0j),(-11+3j),(-8+1j),(-9-2j),(-10+7j),(-8+9j),(-14+11j),(-16+15j),(-15+9j),(-10+17j),(-12+25j),(-8+17j),(-1+26j),(-7+27j),(1+30j),(-10+25j),(-3+29j),(-7+34j),(-5+21j),(5+29j),(5+22j),(5+24j),(9+26j),(9+22j),(5+16j),(11+21j)
(98+32j),(6+0j),(2+1j),(8-3j),(-7+11j),(-10+1j),(-5-2j),(-14+1j),(-11+1j),(-17+14j),(-14+2j),(-26+14j),(-18+8j),(-28+8j),(-31+9j),(-37+2j),(-39+10j),(-22+8j),(-24-5j),(-24+4j),(-32-13j),(-26-3j),(-18-10j),(-16-14j),(-9-23j),(-9-25j),(-12-23j),0j,0j,0j,0j,0j,0j,0j,0j,0j,0j,0j,(5+3j),(-12+2j),(-3+7j),(-11+5j),(-6+21j),(-10+8j),(7+10j),(8+22j),(17+15j),(12+17j),(12+14j),(20+17j),(29+26j),(27+22j),(26+13j),(25+11j),(38+28j),(41+17j),(35+11j),(43+29j),(36+23j),(18+12j),(23+0j),(29+6j),(15-2j),(17-1j)
(98+32j),(6+0j),(-18+1j),(-10+5j),-10j,(-7-6j),-8j,(-2-8j),(9-13j),(3-16j),(7-25j),(12-20j),(20-19j),(14-24j),(14-20j),(20-26j),(19-24j),(17-29j),(17-21j),(21-11j),(25-11j),(18-12j),(19-5j),(18-4j),(23+5j),(22+7j),(20+11j),0j,0j,0j,0j,0j,0j,0j,0j,0j,0j,0j,-12j,(-4-12j),(-11-4j),(-6-7j),(-5-8j),(-8-6j),(-15-7j),(-19-3j),(-26-4j),(-27-5j),(-31-1j),(-22+1j),(-33+4j),(-32+1j),(-35+7j),(-41+0j),(-29+5j),(-40+11j),(-38+19j),(-33+6j),(-25+14j),(-28+9j),(-28+9j),(-13+12j),(-25+6j),(-21+15j)
(98+32j),(6+0j),-10j,(-8-9j),-7j,(8-3j),(10+2j),(14-2j),(6-5j),(11-5j),(21+1j),(22-5j),(25-3j),(24+2j),(18-3j),(19-3j),(22+2j),(29-2j),(21+0j),(20+15j),(13+12j),(16+18j),(12+12j),(12+13j),(12+17j),(2+14j),(4+13j),0j,0j,0j,0j,0j,0j,0j,0j,0j,0j,0j,(7-3j),(10+3j),(9-6j),(6-7j),(6-12j),(2-19j),(11-23j),(9-21j),(-1-19j),(-2-21j),(-4-29j),(-10-18j),(-13-26j),(-19-28j),(-9-30j),(-16-21j),(-15-32j),(-12-27j),(-21-26j),(-18-23j),(-16-23j),(-20-20j),(-15-13j),(-10-19j),(-10-16j),(-15-6j)
(98+32j),(6+0j),(-5+6j),(-8+0j),(-5-4j),(5-4j),-9j,(-3-13j),(1-16j),(-4-17j),(3-17j),(2-24j),(10-19j),(8-25j),(3-26j),(8-30j),(9-25j),(7-22j),(11-16j),(9-14j),(12-19j),(22-12j),(16-10j),(16-8j),(21-2j),(17-4j),(17+3j),0j,0j,0j,0j,0j,0j,0j,0j,0j,0j,0j,(-3-7j),(-7-7j),(-6-7j),(-8-5j),(-11-8j),(-18+3j),(-12-3j),(-19-5j),(-26-9j),(-22+2j),(-27+5j),(-26+3j),(-26+3j),(-27+6j),(-29+9j),(-34+6j),(-26+11j),(-23+16j),(-27+26j),(-26+15j),(-22+17j),(-15+17j),(-21+13j),(-19+11j),(-15+11j),(-8+12j)
(98+32j),(6+0j),(-3+0j),(-2+1j),(-2-2j),(-2+1j),(-5-6j),(-5-14j),(-2-7j),(-5-7j),(-5-19j),(-4-16j),(-11-10j),(-5-19j),(-12-26j),(-5-19j),(-1-24j),(-8-23j),(3-23j),-20j,(6-24j),(4-16j),(13-14j),(11-18j),(12-11j),(13-4j),(19-6j),0j,0j,0j,0j,0j,0j,0j,0j,0j,0j,0j,(-6-12j),(-8-7j),(-7-2j),(-3+0j),(-10-4j),(-10-3j),(-17+5j),(-16+8j),(-11+4j),(-18+13j),(-18+13j),(-19+11j),(-18+10j),(-20+18j),(-22+21j),(-16+19j),(-19+18j),(-15+14j),(-13+18j),(-17+18j),(-12+25j),(-7+18j),(-10+16j),(-6+13j),(-12+23j),(-9+18j)
(98+32j),(6+0j),(-8+1j),(-18-10j),(2-8j),(-4-8j),(6-4j),(10-4j),(5-16j),(19-16j),(11-6j),(11-17j),(17-27j),(15-19j),(21-23j),(19-32j),(27-11j),(29-20j),(18-17j),(28-22j),(29-3j),(30+5j),(30-7j),(19+4j),(32+10j),(4+10j),(9+10j),0j,0j,0j,0j,0j,0j,0j,0j,0j,0j,0j,(12-12j),(5-10j),(7-13j),(5-9j),(-1-22j),(-10-18j),(-7-17j),(-19-20j),(-16-24j),(-13-11j),(-18-19j),(-35-25j),(-31-22j),(-20-13j),(-42-20j),(-29-23j),(-32-23j),(-30-18j),(-38-19j),(-38-1j),(-46-6j),(-25-7j),(-24-3j),(-24-7j),(-29-7j),(-28+5j)
(98+32j),(6+0j),(-4+2j),(-5+10j),(-2+3j),(-15-8j),(-17-1j),(-12-14j),(10-13j),(-9-5j),(-1-14j),(-16-9j),(2-23j),(-7-29j),(-6-17j),(-21-38j),(-9-25j),(-12-26j),(-10-23j),(-5-24j),(-14-22j),(6-29j),(4-10j),(9-19j),(1-18j),(11-13j),(15-12j),0j,0j,0j,0j,0j,0j,0j,0j,0j,0j,0j,(5-6j),(-5-7j),(3-6j),(-7-10j),(-7-2j),(-4-4j),(-12-14j),(-11-3j),(-10-7j),(-6-5j),(-16-5j),(-19+4j),(-27-10j),(-23-3j),(-27+2j),(-27-6j),(-30+10j),(-27+9j),(-27+4j),(-28+11j),(-11+17j),(-20+20j),(-16+18j),(-15+11j),(-8+4j),(-9+18j)
(98+32j),(6+0j),(3-1j),(-6-2j),(-1-2j),(5+2j),(2+3j),(8+2j),(6+9j),(10+2j),(14+10j),(12+9j),(11+7j),(17+12j),(13+19j),(14+15j),(11+14j),(18+18j),(14+26j),(11+27j),(10+22j),(2+21j),(5+18j),(-7+21j),(-3+12j),(-8+14j),(-8+14j),0j,0j,0j,0j,0j,0j,0j,0j,0j,0j,0j,(2+8j),(7+2j),(6-2j),(10-4j),(9+1j),(10-9j),(11-11j),(10-15j),(15-14j),(15-26j),(14-21j),(10-14j),(14-25j),(13-24j),(11-27j),(12-30j),(11-25j),(9-31j),(12-33j),(5-31j),(1-29j),(-1-28j),-24j,(-7-29j),(-3-18j),(3-17j)
(98+32j),(6+0j),(-2+2j),3j,(-7-2j),(-2-1j),(-12-2j),(-5-7j),(-10-1j),(-11-7j),(-7-16j),(-15-10j),(-13-23j),(-11-17j),(-23-16j),(-22-19j),(-12-22j),(-17-24j),(-14-17j),(-17-18j),(-10-20j),(-5-22j),(-6-23j),(-1-17j),(7-17j),(7-22j),(11-16j),0j,0j,0j,0j,0j,0j,0j,0j,0j,0j,0j,(-11-1j),(-3-5j),(-5+0j),(-10+3j),(-12+4j),(-7+2j),(-18+8j),(-16+15j),(-10+16j),(-9+18j),(-19+25j),(-8+21j),(-11+27j),(-18+31j),(-9+31j),(-7+36j),(-6+31j),(-10+34j),(-3+35j),(-1+30j),(-1+28j),(-6+28j),(-1+22j),(-1+23j),17j,(-2+15j)
(-115-48j),(8+0j),(1-12j),(-1-10j),-1j,(5+3j),(7+7j),(11+5j),(18+7j),(7+8j),(7+7j),(11+13j),(10+13j),(14+16j),(16+16j),(20+21j),(19+9j),(10+22j),(10+25j),(9+23j),(2+21j),(4+16j),(2+26j),(-4+19j),(-8+17j),(-10+15j),(-13+8j),0j,0j,0j,0j,0j,0j,0j,0j,0j,0j,0j,(8+4j),(5+1j),(14-4j),(8-3j),(10-5j),(13-11j),(11-11j),(12-20j),(13-22j),(8-15j),(8-23j),(4-30j),(2-29j),(14-27j),(12-33j),(4-32j),(-1-29j),(-2-32j),(-5-31j),(-6-29j),(3-24j),(1-22j),-24j,(-8-22j),(-6-21j),(-1-16j)
(-95+16j),(10+0j),(-5-4j),(-2-3j),(4-2j),(2+6j),(3-8j),(24-2j),(9+2j),(11+8j),(19+9j),(7+19j),(18-5j),(9+7j),(30+2j),(28+13j),(27+14j),(25+17j),(20+7j),(18+20j),(17+16j),(11+9j),(6+23j),(8+12j),(7+22j),(-4+23j),(-9+12j),0j,0j,0j,0j,0j,0j,0j,0j,0j,0j,0j,(9+5j),(5+4j),(8-1j),(4-9j),(8-5j),(19-5j),(-2-6j),(21-18j),(12-17j),(3-31j),(13-19j),(15-32j),(5-16j),(17-27j),(15-35j),(4-35j),(-4-22j),(-2-30j),-34j,(-11-35j),(-1-34j),(-9-29j),(-6-24j),(-7-22j),(-17-19j),(-6-15j)
(120-128j),(7+0j),(-10+0j),(-5+2j),(1+0j),-4j,(-2-5j),(-1-13j),-17j,(-3-21j),(-2-16j),(3-24j),(-4-22j),(-3-27j),(4-24j),(6-21j),(4-31j),(5-28j),(4-20j),(7-23j),(20-15j),(12-13j),(15-11j),(15-9j),(15-10j),(19-10j),(13-4j),0j,0j,0j,0j,0j,0j,0j,0j,0j,0j,0j,(-3-8j),(-5-7j),(-3-8j),(-8-9j),(-7-5j),(-11-6j),(-15+1j),(-12-5j),(-15-7j),(-19-1j),(-24-2j),(-21+4j),(-31+2j),(-30+8j),(-34+4j),(-25+6j),(-31+7j),(-22+8j),(-25+17j),(-23+8j),(-24+16j),(-27+13j),(-25+14j),(-13+16j),(-11+14j),(-18+8j)
(-116-64j),(8+0j),(9+4j),(-2+8j),(-4+9j),(3+2j),(-6-4j),(-5+2j),(-13-4j),(-11-5j),(-23+1j),(-24-3j),(-20-2j),(-26-3j),(-29-9j),(-24-13j),(-21-14j),(-22-8j),(-11-9j),(-19-21j),(-14-16j),(-11-20j),(-8-23j),(-4-22j),(-4-18j),(4-20j),(4-17j),0j,0j,0j,0j,0j,0j,0j,0j,0j,0j,0j,(-10+5j),(-7+6j),(-5+7j),(-3+9j),(-5+10j),(-4+9j),(-1+11j),18j,(3+17j),(8+26j),(10+19j),(6+18j),(11+26j),(11+25j),(18+28j),(15+18j),(16+20j),(19+20j),(23+20j),(16+20j),(20+19j),(18+19j),(12+15j),(15+14j),(20+13j),(10+1j)
(94-32j),(5+0j),(1+10j),(1+2j),(-2-2j),(-6+1j),(-12-2j),(-13-6j),(-12-2j),(-19-4j),(-23-6j),(-29-2j),(-23-3j),(-24-2j),(-25-1j),(-24+2j),(-29+5j),(-22+3j),(-21+6j),(-21+5j),(-17+5j),(-9+5j),(-9+0j),(-4-1j),-1j,(2-4j),(8-3j),0j,0j,0j,0j,0j,0j,0j,0j,0j,0j,0j,(34+14j),(35+13j),(34+9j),(35+14j),(37+11j),(36+9j),(35+11j),(35+11j),(31+10j),(28+9j),(23+9j),(20+11j),(14+17j),(12+14j),(13+15j),(10+19j),(3+24j),22j,(2+22j),21j,(6+18j),18j,(1+24j),(7+22j),(3+19j),(7+17j)
(90-96j),(5+0j),(-5+2j),(-1-1j),(1-2j),(1-3j),(-1-8j),(-1-7j),(-1-6j),-18j,(-4-18j),(-4-23j),(-3-21j),(-5-21j),(-7-26j),(-8-21j),(-10-19j),(-8-19j),(-13-19j),(-8-12j),(-8-12j),(-9-10j),(-5-5j),(-2-4j),(1+3j),(3+6j),(5+6j),0j,0j,0j,0j,0j,0j,0j,0j,0j,0j,0j,(-3+32j),(1+31j),35j,34j,(3+36j),(-3+35j),(2+35j),(2+30j),29j,(-1+28j),(-5+23j),(-5+20j),(-8+20j),(-12+17j),(-9+12j),(-12+14j),(-16+12j),(-16+10j),(-19+9j),(-15+8j),(-18+5j),(-21+9j),(-21+10j),(-17+9j),(-15+14j),(-16+7j)
(94-32j),(5+0j),(-7-8j),(-2-5j),3j,(9-2j),(7+1j),(10+1j),(21+3j),(13+1j),(17-3j),(15-5j),(26-5j),(23-6j),(20-8j),(20-8j),(22-7j),(18-10j),(15-12j),(15-6j),(11-11j),(6-10j),(4-5j),(3+0j),(-2+3j),-1j,(-8+5j),0j,0j,0j,0j,0j,0j,0j,0j,0j,0j,0j,(-32-6j),(-35-5j),(-36-3j),(-35-5j),(-29-6j),(-30-4j),(-28+3j),(-33-2j),(-31-3j),(-23-6j),(-25-2j),(-22-8j),(-21-9j),(-13-10j),(-10-17j),(-13-17j),(-16-18j),(-8-19j),(-4-20j),(-9-21j),(-14-22j),(-5-21j),(-9-19j),(-11-17j),(-11-17j),(-8-15j)
(-116-64j),(8+0j),(7+0j),(-3+3j),(-11-2j),(-12-6j),(-8+1j),(-13-1j),(-15+0j),(-14+6j),(-20+2j),(-23+0j),(-30+7j),(-29+14j),(-28+8j),(-23+11j),(-25+15j),(-19+9j),(-19+15j),(-12+12j),(-12+12j),(-10+8j),(-6+5j),(-1+2j),-1j,(4+2j),(1-11j),0j,0j,0j,0j,0j,0j,0j,0j,0j,0j,0j,(33+2j),(38+5j),(37+0j),(40+0j),(37+2j),(34+1j),(38+0j),(30+4j),(28+1j),(25+1j),(23+9j),(24+6j),(18+12j),(18+10j),(13+19j),(13+12j),(12+19j),(11+20j),(13+21j),(12+27j),(3+16j),(6+16j),(10+17j),(11+9j),(15+17j),(4+1j)
(98+32j),(6+0j),(4+10j),(6+9j),(-3+4j),(-9+3j),(-8+4j),(-10-3j),(-15+0j),(-17+1j),(-19+2j),(-20+1j),(-27+1j),(-18+0j),(-30+0j),(-24+2j),(-28-2j),(-26-3j),(-25-5j),(-21-13j),(-23-9j),(-21-14j),(-21-17j),(-9-14j),(-11-16j),(-7-12j),(-4-16j),0j,0j,0j,0j,0j,0j,0j,0j,0j,0j,0j,(-12+2j),(-6+1j),(-7+4j),(-6+9j),(-11+11j),(-9+13j),(-6+17j),(-5+11j),(-7+14j),(-6+27j),(3+22j),(4+23j),(6+22j),(7+31j),(10+32j),(11+23j),(18+35j),(9+30j),(20+23j),(18+26j),(11+25j),(22+24j),(17+16j),(7+15j),(9+14j),(4+10j)
(98+32j),(6+0j),(-2-8j),(4-8j),(5-6j),(8-4j),(-5+1j),(-3+4j),(-14+10j),12j,(-1+9j),(-6+19j),(-14+17j),(-18+14j),(-18+23j),(-21+22j),(-12+15j),(-18+13j),(-23+16j),(-16+13j),(-23+16j),(-27+5j),(-20+0j),(-13-5j),(-15-10j),(-15-4j),(-15-17j),0j,0j,0j,0j,0j,0j,0j,0j,0j,0j,0j,(3+6j),(4+8j),(9+9j),(10+9j),(14+3j),(4+0j),(20+4j),(13-1j),(16+5j),(22+3j),(20+0j),(26+3j),(26-4j),(29+2j),(21-2j),(28-9j),(25-3j),(28-5j),(21-13j),(26-5j),(28-15j),(30-15j),(15-14j),(12-14j),(5-8j),(18-13j)
(98+32j),(6+0j),(-8+4j),(-9-14j),(-3-4j),(2-5j),(-7-6j),(-7+0j),(2-8j),(14-14j),(8-21j),(14-9j),(15-21j),(20-13j),(24-12j),(25-15j),(15-11j),(24-13j),(22-1j),(23-3j),(25-1j),(22+4j),(20+2j),(17-1j),(22+7j),(13+7j),(11+18j),0j,0j,0j,0j,0j,0j,0j,0j,0j,0j,0j,(3-12j),(4-2j),(1-13j),-7j,-11j,(-12-15j),(-7-7j),(-8-16j),(-2-23j),(-19-20j),(-20-14j),(-22-12j),(-21-14j),(-30-12j),(-24-9j),(-33-11j),(-33-10j),(-30-3j),(-29-8j),(-31-9j),(-22-6j),(-23-2j),(-22-7j),(-23+1j),(-21+6j),(-18-1j)
(98+32j),(6+0j),(-3-9j),(2-14j),(-1+2j),(2+9j),(8+3j),(10+11j),(12+11j),(12+9j),(16+12j),(9+9j),(18+8j),(16+13j),(20+23j),(18+15j),(5+22j),(18+17j),(10+18j),(12+23j),(3+22j),19j,(-4+18j),(1+23j),(-5+24j),(-7+15j),(-12+8j),0j,0j,0j,0j,0j,0j,0j,0j,0j,0j,0j,(5+7j),(4+10j),(5+2j),(7+0j),(14-1j),(12-2j),(18-4j),(12-7j),(12-11j),(23-16j),(20-14j),(17-20j),(14-22j),(18-26j),(19-19j),(12-26j),(11-26j),(12-31j),(12-27j),(17-23j),(6-23j),(5-23j),(9-25j),(5-24j),(1-16j),(-6-13j)
(-128+0j),(8+0j),(-6+2j),(-2+0j),(-3-2j),(-8-4j),(-3-9j),(-6-15j),(-8-15j),(-12-21j),(-12-23j),(-12-24j),(-18-25j),(-14-22j),(-17-25j),(-22-21j),(-19-18j),(-20-16j),(-19-15j),(-21-15j),(-15-11j),(-11-4j),(-4-4j),(-2-4j),(-2-2j),(6+1j),(6+3j),0j,0j,0j,0j,0j,0j,0j,0j,0j,0j,0j,(7+36j),(8+34j),(10+34j),(7+34j),(9+37j),(9+29j),(11+34j),(12+30j),(8+29j),(7+26j),(2+25j),(-2+19j),(-2+20j),(-10+21j),(-8+14j),(-11+12j),(-7+15j),(-19+16j),(-14+15j),(-15+14j),(-14+12j),(-14+16j),(-13+13j),(-11+14j),(-6+15j),(-11+11j)
(74-95j),(20+0j),(-3+2j),(-4+0j),(3-1j),-9j,(10-5j),(9-12j),(16-13j),(13-16j),(14-16j),(19-24j),(14-19j),(14-23j),(13-23j),(12-27j),(7-21j),(6-26j),(7-21j),(1-22j),(2-17j),-11j,(2-7j),(-1-4j),-3j,(-3+5j),(-3+7j),0j,0j,0j,0j,0j,0j,0j,0j,0j,0j,0j,(-17+26j),(-21+28j),(-19+31j),(-18+29j),(-16+32j),(-16+31j),(-17+28j),(-20+29j),(-15+26j),(-16+19j),(-19+16j),(-17+10j),(-16+4j),(-18+7j),(-16+5j),(-16-1j),(-15-2j),(-17-3j),(-17-7j),(-23-5j),(-23-6j),(-20-6j),(-21-1j),(-13-1j),(-9-1j),(-19-4j)
(80+0j),(5+0j),(-10+3j),(-5-6j),(-9-5j),(-5-3j),(-19-1j),(-24-6j),(-31-7j),(-27-10j),(-36-4j),(-36+6j),(-41+7j),(-44+0j),(-44+2j),(-40+10j),(-37+8j),(-28+11j),(-26+12j),(-25+13j),(-19+9j),(-13+9j),(-7+5j),(-5+4j),(-1-1j),(7-5j),(10-7j),0j,0j,0j,0j,0j,0j,0j,0j,0j,0j,0j,(47+12j),(49+14j),(49+9j),(48+10j),(52+13j),(48+14j),(50+12j),(44+7j),(42+13j),(36+8j),(30+12j),(22+12j),(23+26j),(18+23j),(15+24j),(11+28j),(8+26j),(3+20j),(1+29j),(10+28j),(2+31j),(11+23j),(4+26j),(6+35j),(11+30j),(5+19j)
(94-31j),(21+0j),(4-3j),2j,(-5+6j),(-2+6j),(-12-3j),(-10+3j),(-22-2j),(-19+7j),(-23+8j),(-23+14j),(-22+11j),(-25+15j),(-19+14j),(-21+14j),(-21+20j),(-18+19j),(-13+15j),(-14+14j),(-9+13j),(-4+7j),(-3+3j),(-3-1j),0j,(4-3j),(7-8j),0j,0j,0j,0j,0j,0j,0j,0j,0j,0j,0j,(27-14j),(32-16j),(29-19j),(30-18j),(30-22j),(35-17j),(28-17j),(28-16j),(29-11j),(27-17j),(22-7j),(22+1j),(22-1j),(15+3j),(19+6j),(22+9j),(18+13j),(16+12j),(19+19j),(17+11j),(16+11j),(17+5j),(13+13j),(18+10j),(12+17j),(11+6j)
(94-32j),(5+0j),(5-5j),(-1+3j),8j,(-17+7j),(-21+12j),(-24+20j),(-25+16j),(-21+33j),(-21+45j),(-28+52j),(-17+50j),(-23+52j),(-13+49j),(-12+58j),(-14+49j),(-12+57j),(-3+45j),(-2+35j),31j,(1+23j),(4+10j),(7+2j),(-6+4j),(-7-7j),(-1-17j),0j,0j,0j,0j,0j,0j,0j,0j,0j,0j,0j,(29-62j),(24-73j),(25-72j),(21-76j),(18-69j),(23-68j),(21-74j),(26-69j),(33-54j),(26-58j),(30-53j),(32-34j),(40-32j),(31-18j),(33-15j),(42-4j),(40-6j),(38-5j),(45+3j),(41-1j),(36-4j),(37+2j),(42-1j),(34-5j),(34-13j),(30-3j)
(94-32j),(5+0j),(5+7j),(-3+5j),(-1-2j),(-11-5j),(-15-6j),(-11-6j),(-17-4j),(-18-6j),(-21-2j),(-23-5j),(-25-2j),(-26-3j),(-25-1j),(-23+2j),(-23+3j),(-24+1j),(-19+7j),(-13+5j),(-14+6j),(-10+4j),(-5+3j),(-3+1j),1j,(6-2j),(7-6j),0j,0j,0j,0j,0j,0j,0j,0j,0j,0j,0j,(28+9j),(28+5j),(32+7j),(31+2j),(33+4j),(31+4j),(27+5j),(28+5j),(27+7j),(23+4j),(18+4j),(16+8j),(15+13j),(10+13j),(5+12j),(11+16j),(8+21j),(1+17j),(4+16j),(11+18j),(1+25j),(6+17j),(6+14j),(5+15j),(7+9j),(5+13j)
(98+32j),(6+0j),(-7+9j),(-6+3j),(-14+5j),(-11-4j),(-1-9j),(-10-26j),(4-28j),(-16-43j),(-14-50j),(-20-51j),(-26-48j),(-31-51j),(-30-45j),(-39-51j),(-36-41j),(-31-34j),(-25-36j),(-34-29j),(-23-23j),(-15-21j),(-14-6j),(-3-8j),(-2+6j),(7-1j),(19+8j),0j,0j,0j,0j,0j,0j,0j,0j,0j,0j,0j,(6+72j),(10+70j),(10+72j),(13+76j),(8+72j),(14+70j),(12+72j),(5+69j),(1+70j),(7+56j),(-2+56j),(-12+48j),(-15+39j),(-21+27j),(-26+30j),(-35+28j),(-40+18j),(-38+25j),(-30+17j),(-41+40j),(-35+23j),(-39+33j),(-33+30j),(-39+24j),(-15+37j),(-26+33j)
(-51-48j),(12+0j),(4+0j),(-3+6j),(-3+5j),(-8+1j),(-10-3j),(-9-3j),(-15+2j),(-15+3j),(-21+1j),(-23-1j),(-21+4j),(-20-7j),(-24-4j),(-23-4j),(-21-2j),(-20-5j),(-20-9j),(-21-12j),(-22-11j),(-18-18j),(-16-18j),(-9-21j),(-11-18j),(-6-24j),(3-17j),0j,0j,0j,0j,0j,0j,0j,0j,0j,0j,0j,(-9+1j),(-6+5j),(-9+7j),(-8+6j),(-8+11j),(-8+11j),(-12+21j),(-7+16j),(1+16j),(-10+23j),25j,(-3+28j),(2+34j),29j,(4+26j),(11+28j),(13+26j),(12+26j),(16+27j),(15+21j),(14+21j),(10+23j),(17+22j),(16+13j),(10+12j),(7+13j)
(98+32j),(6+0j),(3+2j),(-6+3j),-1j,3j,(-6-7j),(-8-11j),(-8-6j),(-10-12j),(-16-15j),(-13-14j),(-15-16j),(-11-10j),(-16-13j),(-18-24j),(-12-22j),(-15-24j),(-10-24j),(-8-24j),(-4-21j),(-2-27j),-24j,(8-20j),(8-20j),(14-8j),(11-13j),0j,0j,0j,0j,0j,0j,0j,0j,0j,0j,0j,(-6-6j),(-11-4j),(-8-6j),(-10+1j),(-13-1j),(-16+8j),(-22+6j),(-10+12j),(-25+10j),(-20+19j),(-24+15j),(-21+10j),(-20+21j),(-26+22j),(-22+17j),(-19+29j),(-18+25j),(-13+28j),(-11+28j),(-18+19j),(-15+28j),(-6+27j),(-12+25j),(-4+15j),(-4+18j),(-4+15j)
(98+32j),(6+0j),(-6-3j),(-6-7j),-6j,-2j,(-4-11j),(4-10j),(5-11j),(2-15j),(11-13j),(3-18j),(11-23j),(3-25j),(3-20j),(8-22j),(15-26j),(12-21j),(18-18j),(16-20j),(21-13j),(17-5j),(19-5j),(19-8j),(15-3j),(17+3j),(17+4j),0j,0j,0j,0j,0j,0j,0j,0j,0j,0j,0j,(3-8j),-5j,(-5-6j),(-6-11j),(-9-7j),(-15-7j),(-13-10j),(-14-11j),(-19-10j),(-17-11j),(-23-6j),(-22-13j),(-31-7j),(-32-6j),(-30-6j),(-35-11j),(-31+4j),(-30-6j),(-28+1j),(-31+7j),(-31+6j),(-28+7j),(-21+0j),(-23-2j),(-17-3j),(-13+8j)
(-115-48j),(8+0j),(12-10j),(8+2j),(-1+6j),(13+6j),(3-3j),(4+3j),(6+7j),(6+18j),(4+11j),(7+19j),(12+11j),(14+14j),(8+25j),(4+20j),(6+21j),(3+21j),(6+22j),(-1+13j),(5+24j),(3+19j),(-8+22j),(-9+10j),(-13+18j),(-8+12j),(-9+13j),0j,0j,0j,0j,0j,0j,0j,0j,0j,0j,0j,(5+10j),(5+12j),(6+6j),(3+9j),(8+0j),(13+0j),(14+5j),(17-9j),(14-2j),(15-4j),(23-10j),(14-5j),(18-1j),(22-13j),(25-20j),(26-18j),(22-18j),(23-23j),(11-25j),(19-22j),(12-14j),(9-14j),(5-24j),(13-16j),(-2-11j),(6-14j)
(94-32j),(5+0j),(-8-4j),(-5-1j),(2-3j),(5-5j),(5-7j),(10-9j),(12-12j),(10-18j),(13-25j),(17-26j),(12-26j),(15-27j),(12-30j),(10-34j),(8-27j),(10-31j),(7-24j),(6-24j),(7-20j),(2-13j),(5-12j),(2-6j),(5-1j),(5-2j),(5+9j),0j,0j,0j,0j,0j,0j,0j,0j,0j,0j,0j,(-15+32j),(-15+31j),(-17+35j),(-13+35j),(-17+34j),(-12+31j),(-14+35j),(-8+28j),(-14+27j),(-10+27j),(-12+23j),(-10+12j),(-13+9j),(-15+8j),(-16+1j),(-18+3j),(-16-4j),(-19-4j),(-16-5j),(-23-2j),(-21-4j),(-19-5j),(-25-3j),(-15-4j),(-21+2j),(-15+1j)
(98+32j),(6+0j),(-4-4j),(2-3j),1j,(7+1j),(6+5j),(9+6j),(13+8j),(16+7j),(17+9j),(23+7j),(25+11j),(25+8j),(25+5j),(25+7j),(28+3j),(22+1j),(22+4j),(20+2j),(19+2j),(13-1j),(7+2j),(3+5j),(-1+3j),(-3+2j),(-8+6j),0j,0j,0j,0j,0j,0j,0j,0j,0j,0j,0j,(-29-7j),(-35-5j),(-29-7j),(-31-3j),(-31-5j),(-32-2j),(-35-2j),(-28-3j),(-25-5j),(-22-4j),(-19-4j),(-14-9j),(-12-9j),(-10-9j),(-6-8j),(-5-15j),(-3-17j),(-3-20j),(-1-19j),(-3-16j),(-1-17j),-16j,(-4-18j),(3-17j),(-3-17j),(-2-15j)
(-115-48j),(8+0j),(-4-1j),(-3+1j),-6j,(1-11j),(-2-11j),(4-18j),(2-19j),(-3-21j),(-8-33j),(-1-25j),(-3-26j),(-4-32j),(-8-34j),(-6-31j),(-6-32j),(-8-28j),(-5-28j),(-6-22j),(-3-16j),(-6-16j),(-3-12j),(2-8j),(2-2j),(3+0j),(9+5j),0j,0j,0j,0j,0j,0j,0j,0j,0j,0j,0j,(4+34j),(6+35j),(3+31j),(12+35j),(14+33j),(10+32j),(9+32j),(9+32j),(8+28j),(3+22j),(2+18j),(1+17j),(1+18j),(-4+14j),(-13+11j),(-16+9j),(-17+6j),(-15+9j),(-16+8j),(-23+10j),(-19+7j),(-17+13j),(-21+9j),(-17+13j),(-14+14j),(-11+10j)
