-2.825976991551027,0.0,-1.4056476493802699,-1.6030432092301505,-1.4994888620096063,-1.6775319994440323,-1.8094056493030977,-1.727398203776912,-1.5430256902014756,-1.750649826587375,-1.8157749899217608,-1.9100889412489412,-1.9333405640594041,-1.8018869939907938,-1.9100889412489412,-1.9163519073766087,-1.9591150449673627,-1.6614562139956417,-1.7975951748487824,-2.399645385583876,-2.6344941491974563,-2.9441970937399127,-2.922923707715851,2.922923707715851,2.609868586330988,2.439335722080786,2.390663591191853,0.0,0.0,0.0,0.0,0.0,0.0,0.0,0.0,0.0,0.0,0.0,-1.0164888305933455,-0.722979353401491,-0.4636476090008061,-0.6107259643892086,-0.625485040239229,-0.3947911196997615,-0.2551823906208184,-0.25732371497108864,-0.17985349979247828,-0.09966865249116202,0.17219081452293902,0.3217505543966422,0.4993467216801301,0.4993467216801301,0.5880026035475675,0.43662715981354133,0.35877067027057225,0.09065988720074511,-0.4636476090008061,-0.11065722117389565,0.4636476090008061,-0.7086262721276703,-1.3045442776439713,-1.4056476493802699,-1.4288992721907328,-1.4056476493802699
-2.5722794624891314,0.0,-3.1031500635686053,3.017237659043032,3.038511045067093,3.067653615931853,-3.109345771154539,3.048115872431204,3.038511045067093,3.048115872431204,3.0090411212931194,3.0560873599115888,2.981679530431574,2.8501358591119264,2.90604767286893,2.9516043656710775,2.833539872566017,2.9105019863938963,2.922923707715851,2.8501358591119264,2.356194490192345,2.4668517113662407,1.7894652726688385,0.7853981633974483,0.960070362405688,0.8960553845713439,0.7853981633974483,0.0,0.0,0.0,0.0,0.0,0.0,0.0,0.0,0.0,0.0,0.0,-2.6078844619505315,-2.587285157388242,-2.20354516179708,-2.1341125882868646,-2.05527425583192,-2.007423486608438,-1.849095985800008,-1.5707963267948966,-1.6756732655251305,-1.382574821490126,-1.4536875822280324,-1.4536875822280324,-1.1441688336680205,-1.3258176636680326,-0.9272952180016122,-1.373400766945016,-1.4801364395941514,-1.460139105621001,-1.460139105621001,-1.0303768265243125,-2.2655346029916,-2.677945044588987,-2.356194490192345,-2.356194490192345,-2.896613990462929,-2.9147938055359073
2.323947607757091,0.0,-3.0451188784072065,3.141592653589793,3.141592653589793,-3.0045264792796056,-3.107123552590285,3.0535852800620527,3.0828368308740703,3.1058935409104693,2.8305943729842524,2.930499320367047,3.0535852800620527,2.896613990462929,2.8879185574511506,2.819842099193151,2.961739153797315,2.8632929945846817,2.875340604438868,2.356194490192345,2.2318394956455836,2.677945044588987,1.0516502125483738,1.1071487177940904,0.844153986113171,0.5880026035475675,0.6055446636049701,0.0,0.0,0.0,0.0,0.0,0.0,0.0,0.0,0.0,0.0,0.0,-2.1341125882868646,-2.185459278717062,-1.9974238199217726,-1.892546881191539,-1.7359450042095235,-1.6124389058934852,-1.6506263125071339,-1.4056476493802699,-1.2277723863741932,-1.3521273809209546,-1.1071487177940904,-1.3258176636680326,-0.7853981633974483,-1.2277723863741932,-0.8329812666744317,-1.1525719972156676,-1.5707963267948966,-1.8157749899217608,-0.6435011087932844,-1.460139105621001,-1.5707963267948966,-2.677945044588987,-2.432966381462123,-2.704965493776252,-2.9441970937399127,-2.9105019863938963
-2.4186133001883023,0.0,-2.4186133001883023,-2.2831539248892256,-2.0852476398539244,-2.356194490192345,-2.356194490192345,-2.312743594800814,-2.316215803069055,-2.334921104168284,-2.2502101322027452,-2.5722794624891314,-2.44293282886833,-2.4416997838705496,-2.3291740410050803,-2.5127963671743605,-2.6271413405307653,-2.65711472455277,-2.485897027348257,-3.050932766389048,-2.9147938055359073,2.5535900500422257,2.5829933382462307,1.892546881191539,1.837048375945822,1.8692952583810758,1.6756732655251305,0.0,0.0,0.0,0.0,0.0,0.0,0.0,0.0,0.0,0.0,0.0,-1.5253730473733196,-1.4513674007765582,-1.4056476493802699,-1.3045442776439713,-1.124690777851493,-0.8960553845713439,-0.9179496956941223,-0.37089128881266237,-0.83798122500839,-0.8960553845713439,-0.7853981633974483,-0.24497866312686414,-0.04995839572194276,-0.4636476090008061,-0.3217505543966422,0.0,-0.35877067027057225,-0.19739555984988075,-0.16514867741462683,-0.8960553845713439,-0.9505468408120752,-1.1441688336680205,-1.892546881191539,-1.2120256565243244,-1.892546881191539,-1.7681918866447774
2.4936206356892883,0.0,-2.169215220273434,-2.2831539248892256,-2.3794461130028077,-2.356194490192345,-2.3145519110937567,-2.485897027348257,-2.417342652841646,-2.3978370692909334,-2.5032728455807476,-2.5040438554511004,-2.611376880813163,-2.5283853047152838,-2.5283853047152838,-2.498091544796509,-2.6311043316730176,-2.743070207923373,-2.701750070774057,-2.976443976175166,3.0309354324158977,2.819842099193151,2.356194490192345,1.7126933813990606,1.7033478590915707,1.8157749899217608,1.633215136790854,0.0,0.0,0.0,0.0,0.0,0.0,0.0,0.0,0.0,0.0,0.0,-1.7004988639508087,-1.6107750139181867,-1.3016288340091962,-1.3078015951139772,-1.2360594894780819,-0.9707461133931431,-0.8902751021276822,-0.844153986113171,-0.7853981633974483,-0.625485040239229,-0.388318718172466,-0.27829965900511133,-0.3805063771123649,-0.30587887140485215,-0.22679884805388587,-0.2984989315861793,-0.43240777557053783,-0.6610431688506869,-0.348771003583907,-0.9505468408120752,-0.960070362405688,-1.2490457723982544,-1.7359450042095235,-1.97568811307998,-1.965587446494658,-2.158798930342464
-2.2355708216122423,0.0,-2.38321493937961,-2.4227626539681686,-2.5535900500422257,-2.462178848181945,-2.498091544796509,-2.5829933382462307,-2.5686265107010873,-2.561589879382112,-2.618314331457818,-2.5860989183242498,-2.5829933382462307,-2.677945044588987,-2.8305943729842524,-2.692869309579072,-2.8535372065391673,-2.7367008673047097,-2.8501358591119264,-2.976443976175166,3.058451421701352,2.5213431676069717,2.2455372690184494,1.3521273809209546,2.0344439357957027,1.5083775167989393,1.5707963267948966,0.0,0.0,0.0,0.0,0.0,0.0,0.0,0.0,0.0,0.0,0.0,-1.878849107818673,-1.892546881191539,-1.6124389058934852,-1.3986055122719576,-1.4840579881189115,-1.3156139361740782,-1.176005207095135,-1.124690777851493,-0.870903457075653,-0.8960553845713439,-0.6947382761967031,-0.6327488350021832,-0.20749622643520266,-0.49394136891958124,-0.5404195002705842,-0.5404195002705842,-0.19739555984988075,-1.1071487177940904,-0.8960553845713439,-0.6435011087932844,-1.1071487177940904,-1.460139105621001,-1.9195673303788037,-2.4805494847391065,-2.403777593469328,-2.396173177315635
-0.4764674194737067,0.0,-1.690225252813235,-1.9333405640594041,-1.8449637779145553,-1.8399638195805972,-1.9222411207984482,-1.9513027039072615,-1.849095985800008,-2.0778948311872334,-1.9195673303788037,-2.0205559398647357,-2.0214576528755304,-1.9222411207984482,-1.9922155336827008,-2.0672190801997785,-2.1962813670341257,-2.2058230621852104,-2.316215803069055,-2.356194490192345,-2.714965160462917,-3.058451421701352,2.62244653934327,2.356194490192345,2.408777551803287,2.2597207150097582,2.223642957895671,0.0,0.0,0.0,0.0,0.0,0.0,0.0,0.0,0.0,0.0,0.0,-1.2252407462131845,-1.0516502125483738,-0.9944211062037129,-0.9707461133931431,-0.7328151017865066,-0.6162969373960713,-0.5543074962015512,-0.4444192099010989,-0.3217505543966422,-0.1297025371559121,-0.35877067027057225,0.05258306161094172,0.15660187698201536,0.260602391747341,0.2984989315861793,0.07130746478529032,0.2914567944778671,0.08314123188844123,-0.348771003583907,0.16514867741462683,-0.960070362405688,-0.982793723247329,-1.3045442776439713,-1.7818896600176433,-1.4994888620096063,-1.7894652726688385
2.420433465633635,0.0,3.017237659043032,2.988943325194528,2.6607053733944572,2.981679530431574,2.949544636349063,2.9037567261323427,2.7763912038016203,2.8674252024701343,2.741351996555819,2.677945044588987,2.7928216500058864,2.677945044588987,2.7091848780192556,2.5415424401880395,2.5415424401880395,2.8501358591119264,2.5829933382462307,2.601173153319209,2.129395642138459,1.2793395323170296,0.8760580505981934,0.8519663271732721,0.4266274931268761,0.3671738338182192,0.3906070436976868,0.0,0.0,0.0,0.0,0.0,0.0,0.0,0.0,0.0,0.0,0.0,-2.5415424401880395,-2.356194490192345,-2.2706891965141405,-2.251317551462111,-2.129395642138459,-2.0672190801997785,-1.9576720445259248,-1.837048375945822,-1.784857010358718,-1.5707963267948966,-1.2220253232109897,-1.4288992721907328,-1.3654009376051293,-1.1801892830972098,-1.2490457723982544,-0.83798122500839,-1.0636978224025597,-1.35970299357215,-1.7359450042095235,-1.9295669970654687,-2.2455372690184494,-2.5829933382462307,-2.5829933382462307,3.141592653589793,3.141592653589793,-2.8501358591119264
-2.4637589377221736,0.0,0.0,0.844153986113171,1.1071487177940904,0.8621700546672264,0.9272952180016122,2.4668517113662407,2.356194490192345,1.892546881191539,2.455863142683507,2.20354516179708,2.279422598922567,2.2455372690184494,2.356194490192345,2.2655346029916,2.677945044588987,2.488746022489019,2.5829933382462307,2.723368324010564,3.050932766389048,3.050932766389048,-2.601173153319209,-2.62244653934327,-2.5899376710612465,-2.158798930342464,-2.1995926132103296,0.0,0.0,0.0,0.0,0.0,0.0,0.0,0.0,0.0,0.0,0.0,2.5308666892005847,1.8622531212727638,1.5707963267948966,1.2793395323170296,0.8960553845713439,0.6947382761967031,1.0303768265243125,0.5713374798336268,0.5123894603107377,0.5485494024505281,0.4266274931268761,0.4964227534048819,0.3625442372645076,0.2730087030867106,0.3347368373168147,0.4145068745847859,0.12062366858010272,0.06241880999595735,0.15264932839526515,0.1746721990082397,-0.07393903765794034,0.04345089539153084,-0.18998828791871572,-0.18822150530477075,-0.11710874456686428,0.23109066719589708
-2.4637589377221736,0.0,-1.9195673303788037,-0.6610431688506869,-1.892546881191539,-0.40489178628508343,-1.1071487177940904,0.11065722117389565,-0.6435011087932844,0.5317240672588056,0.7188299996216245,0.11065722117389565,0.4214192068878042,0.8960553845713439,0.5880026035475675,0.8224182792713783,0.5880026035475675,0.9197196053504169,0.8478169733934057,0.8760580505981934,1.2847448850775784,1.4219063791853994,1.396124127786657,1.3854483767992019,1.7975951748487824,2.0131705497716417,2.396173177315635,0.0,0.0,0.0,0.0,0.0,0.0,0.0,0.0,0.0,0.0,0.0,0.982793723247329,0.5880026035475675,0.7853981633974483,-0.3217505543966422,0.07130746478529032,-0.3217505543966422,-0.8685393952858895,-0.4228539261329407,-0.3805063771123649,-0.40489178628508343,-0.7086262721276703,-0.8139618212362083,-0.9397169393235674,-1.1839206090638685,-0.960070362405688,-0.8652281491096856,-1.1210367137250576,-1.3078015951139772,-1.1902899496825317,-1.2298173732985471,-1.2490457723982544,-1.3078015951139772,-1.373400766945016,-1.3258176636680326,-1.7126933813990606,-1.3521273809209546
-2.825976991551027,0.0,3.050932766389048,3.141592653589793,-1.4711276743037347,-2.289626326416521,-1.5707963267948966,-2.289626326416521,-1.2277723863741932,-1.8766751981997487,-1.6373644905707205,-1.1071487177940904,-1.5273454314033659,-1.2793395323170296,-1.6207547225168393,-1.382574821490126,-1.3986055122719576,-1.217805938967986,-1.3370531459259951,-0.982793723247329,-1.2847448850775784,-0.8224182792713783,-0.8850668158886104,-0.6022873461349642,-0.16514867741462683,-0.43240777557053783,-0.23109066719589708,0.0,0.0,0.0,0.0,0.0,0.0,0.0,0.0,0.0,0.0,0.0,-1.2490457723982544,-1.2490457723982544,-0.982793723247329,-1.5707963267948966,-2.0988707752212563,-2.455863142683507,-2.356194490192345,-2.62244653934327,-2.5269297016676275,-2.936197264400026,-2.907849472720892,-2.782821983319221,-2.922923707715851,-2.8879185574511506,-2.8785979219088738,-3.017237659043032,-3.110352820159525,-3.054854314913808,2.976443976175166,3.067653615931853,2.833539872566017,2.796037073008081,3.0890095919788516,2.988943325194528,2.5829933382462307,3.141592653589793
-2.825976991551027,0.0,-3.0940095503128098,-3.024483909022929,-2.90604767286893,-3.099950074491205,-3.1031500635686053,-3.1058935409104693,3.1058935409104693,2.9441970937399127,2.9147938055359073,2.9147938055359073,2.994514298201391,2.7686049317897323,2.833539872566017,2.714965160462917,2.788602265762883,2.408777551803287,2.2730532583039036,2.4756234162106834,1.7033478590915707,2.0344439357957027,1.4056476493802699,1.4181469983996315,1.6756732655251305,1.6162196062164735,1.6475682180646747,0.0,0.0,0.0,0.0,0.0,0.0,0.0,0.0,0.0,0.0,0.0,-3.061762667877556,-2.90604767286893,-2.7270857790050074,-2.5308666892005847,-2.455863142683507,-2.5415424401880395,-2.158798930342464,-2.0988707752212563,-2.0533096218173736,-1.9195673303788037,-1.750649826587375,-1.4840579881189115,-1.6814535479687922,-1.7975951748487824,-1.6373644905707205,-1.3045442776439713,-1.6207547225168393,-2.0032041023654346,-1.7126933813990606,-1.892546881191539,-1.9974238199217726,-2.4668517113662407,-2.214297435588181,-2.158798930342464,-2.647651284670212,-2.7928216500058864
-2.825976991551027,0.0,2.654693421778524,2.0241350226494594,2.0344439357957027,1.7879076415298019,1.9477055971197177,1.9737079176484125,1.512040504079174,1.8855539881862056,2.171870081292646,1.5916266468311138,1.7771202208246142,1.6921483273656603,2.356194490192345,1.7975951748487824,1.513715544388632,1.719686274404394,1.776191715984664,1.8766751981997487,1.0912770348023004,0.40489178628508343,0.8408966686431651,0.9707461133931431,0.6107259643892086,0.40489178628508343,0.5123894603107377,0.0,0.0,0.0,0.0,0.0,0.0,0.0,0.0,0.0,0.0,0.0,2.289626326416521,2.107231784399628,2.372066173184135,2.7109001422032852,2.571552189890083,2.770701364777131,2.97975522235137,2.9441970937399127,-3.1193740882630743,-3.002952916455635,-2.869446763058606,-2.7326848246388677,-2.6260436461308143,-2.5283853047152838,-2.6971734436886945,-2.44293282886833,-2.356194490192345,-2.0831857871056343,2.297438667476622,-2.961739153797315,2.9669204545815537,-2.642245931909663,-3.110352820159525,2.7928216500058864,-2.7128146261437767,2.642245931909663
1.9775433985208675,0.0,-0.1283232276857948,0.6146629519221655,0.0,-0.21655030497608926,-0.18216831047276347,-0.16137511042069147,-0.1510153429213594,-0.27829965900511133,-0.35877067027057225,-0.18164883000001195,-0.3217505543966422,0.20131710837464076,-0.40489178628508343,-0.25044308961135187,-0.7568345055586884,-0.260602391747341,-0.7008544078844502,-0.8921338360465839,-1.1902899496825317,-1.4056476493802699,-1.2341215074081695,-1.4157995848709557,-1.6657480331376529,-1.4247840690836213,-1.373400766945016,0.0,0.0,0.0,0.0,0.0,0.0,0.0,0.0,0.0,0.0,0.0,-0.2984989315861793,-0.5954098754787326,-0.4287780274460164,0.05258306161094172,0.05992815512120789,0.29544083714372,0.31475766139130884,0.4398425828157362,0.7590884461445261,1.0808390005411683,0.7362574289814281,1.2679114584199251,1.240498971965643,0.9097531579442097,1.2793395323170296,1.3909428270024184,1.5291537476963082,1.3633001003596938,1.0121970114513341,1.0121970114513341,1.1999050379822342,0.5880026035475675,1.0121970114513341,-0.4160645057238227,0.047583103276983396,0.3671738338182192
2.4936206356892883,0.0,1.6278771092011612,1.6262948320406134,1.0714496051147666,1.5226408137349812,1.0007558630951863,1.171280832795522,0.9536049352545344,1.1659045405098132,0.9716210038085897,0.8559877532163219,1.0204103791181054,0.992894389832651,0.5754246505352849,1.039072259536091,0.6489955589965009,0.7216548508647612,0.2551823906208184,0.35470565201094034,0.14189705460416394,0.18998828791871572,-0.35470565201094034,-0.13255153229667402,-0.1607627406258347,-0.5800027742076809,-0.3947911196997615,0.0,0.0,0.0,0.0,0.0,0.0,0.0,0.0,0.0,0.0,0.0,1.1493771199070923,1.3886280163221332,1.378095568132511,1.5912016574814347,1.7725586711151837,1.7721134351695373,1.9868608325187194,2.0229501890806723,2.416726509974452,2.502678668585906,2.34081108841175,2.8911495639784413,2.8023000391357487,2.7445132083648107,2.936197264400026,2.5672878234150915,2.8083483524781205,2.7314653130483024,-2.6992184306130484,2.677945044588987,2.0899424410414196,2.9656530281372655,2.356194490192345,2.1451011569695986,1.7126933813990606,1.8313987185422376
-2.2355708216122423,0.0,0.29654580906970046,0.8139618212362083,1.4621351109543088,0.8166379968277165,1.2341215074081695,0.5633162614919681,0.6043055068662296,0.6837093116343713,0.9588938923602299,0.7012599228662774,1.0659349551357702,0.3156156620387663,0.30499234681440474,0.05400150037596829,0.27094685033842053,0.29654580906970046,-0.24497866312686414,0.3947911196997615,-0.5247957716501074,-0.3970794452249823,-1.0743735733900148,-1.0121970114513341,nan,-1.8157749899217608,-1.7051177687478651,-1.4648119688052967,-1.8295672187585943,-1.7975951748487824,-1.5951817359676153,-1.7681918866447774,-1.837048375945822,-2.0516836069902324,-1.8157749899217608,-1.7051177687478651,-1.4648119688052967,-1.8295672187585943,-1.7975951748487824,-1.5951817359676153,-1.7681918866447774,-1.837048375945822,-2.0516836069902324,-1.8157749899217608,-1.7051177687478651,-1.4648119688052967,-1.8295672187585943,-1.7975951748487824,-1.5951817359676153,-1.7681918866447774,-1.837048375945822,-2.0516836069902324,-1.8157749899217608,-1.7051177687478651,-1.4648119688052967,-1.8295672187585943,-1.7975951748487824,-1.5951817359676153,-1.7681918866447774,-1.837048375945822,-2.0516836069902324,-1.8157749899217608,-1.7051177687478651,-1.4648119688052967,-1.8295672187585943,-1.7975951748487824,-1.5951817359676153,-1.7975951748487824,-1.1777383076129642,nan
nan
-2.690139562037239,0.0,-1.2847448850775784,-2.5829933382462307,-2.3291740410050803,-2.969401839066854,-3.110352820159525,-2.935268759560076,-3.0488363334016495,-2.852088981628405,-2.984990776607778,-2.8780287700067553,-3.0839642261123195,-3.121187322903255,-2.984990776607778,-2.8535372065391673,2.9441970937399127,-2.8828217616260954,2.720173446701989,2.427501954977635,2.279422598922567,1.892546881191539,1.9055331641117113,1.730709449953116,1.4801364395941514,1.4876550949064553,1.3838170568759856,0.0,0.0,0.0,0.0,0.0,0.0,0.0,0.0,0.0,0.0,0.0,-1.7731179551732004,-1.6892862859530344,-1.6657480331376529,-1.4977557614917774,-1.3045442776439713,-1.4382447944982226,-1.2679114584199251,-0.8996524913588878,-0.7853981633974483,-0.6593100683328579,-0.6781193077490456,-0.43240777557053783,-0.7695264804056583,-0.7298996581517315,-0.625485040239229,-0.4636476090008061,-0.6986598247214632,-0.668289418830584,0.3217505543966422,-0.8685393952858895,-0.982793723247329,-2.356194490192345,-0.9272952180016122,-0.6510767214444798,-2.5269297016676275,-2.482786617472317
1.70577307664882,0.0,2.761086276477428,2.677945044588987,-0.8960553845713439,-1.7126933813990606,-1.7033478590915707,-2.5308666892005847,0.0,-1.373400766945016,-1.3439974787410107,-1.299849476456476,-1.2870022175865687,-1.3909428270024184,-1.0714496051147666,-1.1071487177940904,-0.5779019369622457,-0.5633162614919681,-0.8253768505207384,-0.3217505543966422,-0.34555558058171215,-0.24497866312686414,0.058755822715722696,0.11065722117389565,0.6435011087932844,0.22679884805388587,1.0121970114513341,0.0,0.0,0.0,0.0,0.0,0.0,0.0,0.0,0.0,0.0,0.0,-1.460139105621001,-2.191045812777718,-2.642245931909663,-2.498091544796509,3.0750244898139694,-2.984990776607778,-2.677945044588987,-2.9105019863938963,3.026716048172894,-3.0727361642887487,-2.701750070774057,2.5535900500422257,-3.0810606338076862,2.7672590375822095,3.099950074491205,2.958481836327309,2.8794728123243205,2.498091544796509,2.8632929945846817,2.800613700093444,2.7686049317897323,2.6344941491974563,2.5636907166275478,2.723368324010564,2.904743892642873,2.922923707715851
2.89288266449627,0.0,-0.9505468408120752,-1.1525719972156676,-2.7367008673047097,1.5707963267948966,0.9272952180016122,0.0,1.1383885512243588,1.5707963267948966,1.7561442767905915,1.4940244355251187,1.873681195169868,1.97568811307998,2.173083672929861,1.8622531212727638,2.0344439357957027,2.1962813670341257,1.9693187724613168,2.356194490192345,2.356194490192345,2.4668517113662407,2.746801533890032,2.961739153797315,3.141592653589793,3.0750244898139694,-2.8809902618424523,0.0,0.0,0.0,0.0,0.0,0.0,0.0,0.0,0.0,0.0,0.0,1.750649826587375,1.4056476493802699,1.1071487177940904,0.4182243295792291,0.7378150601204649,0.507098504392337,0.19739555984988075,-0.11710874456686428,0.24497866312686414,0.3217505543966422,0.0,0.07130746478529032,-0.1767088560700366,-0.2551823906208184,-0.13255153229667402,-0.06241880999595735,-0.21866894587394195,-0.2536740961386427,-0.08314123188844123,-0.372987721800061,-0.33205946754288546,-0.4145068745847859,0.04164257909858842,-0.5280744484263596,-0.6947382761967031,-0.507098504392337
0.3156156620387663,0.0,0.7483780475235183,0.4266274931268761,-1.5707963267948966,0.0,1.5707963267948966,1.5707963267948966,2.609868586330988,1.9513027039072615,2.316215803069055,1.7063240407803975,2.158798930342464,2.0852476398539244,1.9100889412489412,2.2848870254070546,2.2390857456254807,2.2531128816696446,2.129395642138459,2.2367655641740063,2.6344941491974563,2.7509856098921066,2.5899376710612465,3.141592653589793,-2.8632929945846817,-2.5360479899848234,-2.819842099193151,0.0,0.0,0.0,0.0,0.0,0.0,0.0,0.0,0.0,0.0,0.0,1.9890206563741257,2.1112158270654806,2.2455372690184494,1.4711276743037347,1.0191413442663497,1.1071487177940904,0.9994588469612699,0.8224182792713783,0.4993467216801301,0.3080527810237764,0.7551044034786732,0.19739555984988075,0.24497866312686414,0.5516549825285468,0.3556358843007598,0.11379200714370806,0.3625442372645076,0.25168997175818675,0.1343214419529685,0.21866894587394195,0.3009202343604251,0.0,0.14888994760949725,-0.7328151017865066,0.2860514417173182,-0.08314123188844123
-1.634003158692357,0.0,-1.7942729279355296,-1.9163519073766087,-1.8157749899217608,-1.7928782287003768,-1.9631364710104124,-1.8588517738455226,-1.9890206563741257,-1.9222411207984482,-2.0183163019520665,-2.1112158270654806,-2.1995926132103296,-2.1815222911841055,-2.1815222911841055,-2.2318394956455836,-2.289626326416521,-2.4668517113662407,-2.976443976175166,-3.0309354324158977,-3.070285188804503,2.819842099193151,2.44685437739309,2.5535900500422257,2.2455372690184494,2.0831857871056343,2.2597207150097582,0.0,0.0,0.0,0.0,0.0,0.0,0.0,0.0,0.0,0.0,0.0,-0.3671738338182192,-0.12435499454676144,-0.2730087030867106,-0.14189705460416394,0.07677189126977804,0.14189705460416394,0.3332443011116727,0.3671738338182192,0.3671738338182192,0.4636476090008061,0.44610554894340365,0.7266423406817256,0.6022873461349642,0.7853981633974483,0.7853981633974483,0.8288490587889792,0.982793723247329,0.6202494859828215,1.1071487177940904,0.3217505543966422,-0.6747409422235526,-0.7086262721276703,-1.4056476493802699,-1.1659045405098132,-1.5707963267948966,-1.4940244355251187
-0.32811989501530536,0.0,1.089909046599561,1.1493771199070923,1.0121970114513341,0.906750163968212,0.9151007005533605,0.8288490587889792,0.8076167287241673,0.702256931509007,0.6857295109062863,0.6640461628266846,0.6857295109062863,0.636508215787951,0.3347368373168147,0.3217505543966422,0.39852244566642026,0.06656816377582381,-0.3028848683749714,-0.3947911196997615,-0.7419472680059175,-0.9272952180016122,-1.1659045405098132,-1.2793395323170296,-1.1999050379822342,-1.2924966677897853,-1.4410937896389846,0.0,0.0,0.0,0.0,0.0,0.0,0.0,0.0,0.0,0.0,0.0,2.4905159321453136,2.498091544796509,2.704965493776252,2.7722589959161676,2.7672590375822095,2.782821983319221,2.9912212255826587,3.024483909022929,3.0419240010986313,-3.0828368308740703,-2.912360720312798,-2.9195107516843133,-2.922923707715851,-2.714965160462917,-2.788602265762883,-2.819842099193151,-2.5535900500422257,-2.782821983319221,-2.723368324010564,2.896613990462929,2.356194490192345,1.892546881191539,1.9295669970654687,1.7126933813990606,0.844153986113171,1.039072259536091
-2.4186133001883023,0.0,-2.782821983319221,-1.965587446494658,1.5707963267948966,-2.356194490192345,-0.4636476090008061,3.141592653589793,0.0,-1.1071487177940904,-0.5123894603107377,-0.8685393952858895,-0.3430239404207034,0.0,-0.3347368373168147,-0.058755822715722696,-0.14189705460416394,0.08314123188844123,0.260602391747341,0.19739555984988075,0.7853981633974483,0.8850668158886104,0.8329812666744317,0.7266423406817256,1.5707963267948966,1.5707963267948966,1.5707963267948966,0.0,0.0,0.0,0.0,0.0,0.0,0.0,0.0,0.0,0.0,0.0,-1.0516502125483738,-0.7853981633974483,-1.1071487177940904,-1.0303768265243125,-2.279422598922567,-1.7975951748487824,-2.0899424410414196,-2.158798930342464,-2.321725389192837,-2.3191743743184148,-2.516107613350564,-2.1995926132103296,-2.173083672929861,-2.2318394956455836,-2.6271413405307653,-2.3794461130028077,-2.432966381462123,-2.5535900500422257,-2.393214606066275,-2.5722794624891314,-2.4186133001883023,-2.5625183842220625,-3.046640947247037,-2.5702551737561663,-2.601173153319209,-2.9562447035940984
-2.825976991551027,0.0,-3.011890116433881,2.896613990462929,-2.714965160462917,-0.40489178628508343,-0.844153986113171,-1.0636978224025597,-0.4636476090008061,-0.4182243295792291,-0.982793723247329,-0.8567056281827387,-0.8621700546672264,-0.8621700546672264,-0.7853981633974483,-0.625485040239229,-0.27094685033842053,-0.17985349979247828,-0.17985349979247828,0.0,0.09966865249116202,0.14189705460416394,0.3217505543966422,0.7853981633974483,0.8253768505207384,0.9420000403794636,1.3909428270024184,0.0,0.0,0.0,0.0,0.0,0.0,0.0,0.0,0.0,0.0,0.0,-1.2120256565243244,-1.7818896600176433,-1.6814535479687922,-1.9295669970654687,-2.1815222911841055,-2.2318394956455836,-2.601173153319209,-2.5535900500422257,-2.6292031932790554,-3.011890116433881,-3.079173843593836,-2.8706458032513726,-3.1031500635686053,-2.907849472720892,-2.796037073008081,3.0451188784072065,-2.912360720312798,-2.804917834203066,-2.8785979219088738,-3.107123552590285,3.141592653589793,-2.896613990462929,-3.1016139664665032,3.141592653589793,2.642245931909663,-3.050932766389048
-2.825976991551027,0.0,1.5707963267948966,2.922923707715851,2.485897027348257,0.6435011087932844,-2.9441970937399127,-2.356194490192345,-2.62244653934327,-2.289626326416521,-2.5652174329986095,-2.459276098715045,-2.356194490192345,-2.388441372627599,-2.0899424410414196,-2.0701430484750265,-2.2706891965141405,-2.125103822996448,-1.8076450877418169,-1.8337910584758161,-1.7894652726688385,-1.3370531459259951,-1.3876855095324125,-1.0303768265243125,-0.9357695914045828,-0.7853981633974483,-0.5880026035475675,0.0,0.0,0.0,0.0,0.0,0.0,0.0,0.0,0.0,0.0,0.0,-2.5899376710612465,3.141592653589793,-2.8501358591119264,3.0419240010986313,3.058451421701352,2.44685437739309,2.9340964271545906,2.578276392097825,2.5308666892005847,2.3291740410050803,2.158798930342464,2.0812846487116725,2.356194490192345,1.7738415440483617,2.045196209586804,1.9890206563741257,1.892546881191539,1.8993494973463476,1.9451299428024806,1.892546881191539,1.7607846147136124,1.8622531212727638,1.7234456551901618,1.7234456551901618,1.4940244355251187,2.007423486608438
-0.3185556770880671,0.0,-2.677945044588987,-2.9516043656710775,-2.936197264400026,-2.976443976175166,-3.0132694259039985,-2.9865959116658525,-2.9562447035940984,-2.994514298201391,-3.0810606338076862,3.141592653589793,3.0419240010986313,2.976443976175166,2.9441970937399127,3.0940095503128098,2.677945044588987,2.8555412118724752,2.819842099193151,2.601173153319209,2.356194490192345,2.356194490192345,1.5707963267948966,0.6202494859828215,0.6857295109062863,0.507098504392337,0.7378150601204649,0.0,0.0,0.0,0.0,0.0,0.0,0.0,0.0,0.0,0.0,0.0,-1.1263771168937977,-1.3258176636680326,-1.089909046599561,-1.0014831356942346,-0.866302262552679,-0.8353565591193911,-0.7621465405869854,-0.8288490587889792,-0.8156919233162234,-0.4297622790966885,-0.36397895650964407,-0.24497866312686414,-0.23554498072086333,-0.5191461142465229,-0.27094685033842053,-0.33667481938672716,-0.12435499454676144,-0.4636476090008061,-0.4636476090008061,-0.4636476090008061,-2.819842099193151,-1.849095985800008,-2.5535900500422257,-2.9441970937399127,-2.5308666892005847,-2.642245931909663
-0.32811989501530536,0.0,2.5829933382462307,2.461071428922579,2.293775680196388,2.4061528859142878,2.3794461130028077,2.3818298987140225,2.378413055519064,2.3086113869153615,2.1112158270654806,2.0672190801997785,2.129395642138459,2.14717154738608,1.9163519073766087,1.892546881191539,1.9614033704925835,1.892546881191539,1.6814535479687922,2.158798930342464,0.982793723247329,0.5880026035475675,-0.3217505543966422,-0.5585993153435624,-0.628796286415433,-0.5404195002705842,-0.5713374798336268,0.0,0.0,0.0,0.0,0.0,0.0,0.0,0.0,0.0,0.0,0.0,-1.837048375945822,-1.750649826587375,-1.6814535479687922,-1.6447353644528369,-1.4968572891369563,-1.373400766945016,-1.297787623708186,-1.4000611153196139,-1.3078015951139772,-1.2120256565243244,-1.0303768265243125,-1.1978086049948355,-1.0240074859056494,-0.8884797719201485,-0.9151007005533605,-0.9048270894157867,-1.0714496051147666,-1.1071487177940904,-1.4288992721907328,-1.892546881191539,-2.819842099193151,-2.761086276477428,3.141592653589793,2.62244653934327,2.677945044588987,2.843093722003614
-1.4891599846658266,0.0,0.23374318086890142,0.14189705460416394,0.2730087030867106,0.1297025371559121,0.11065722117389565,-0.037020115873930025,0.06241880999595735,-0.037020115873930025,-0.0570807824062646,-0.1586552621864014,-0.037020115873930025,-0.07393903765794034,-0.40489178628508343,-0.2914567944778671,-0.3028848683749714,-0.5880026035475675,-0.5404195002705842,-0.9272952180016122,-0.7853981633974483,-1.5707963267948966,-2.2655346029916,-2.4227626539681686,-2.677945044588987,-2.819842099193151,-2.5748634360662868,0.0,0.0,0.0,0.0,0.0,0.0,0.0,0.0,0.0,0.0,0.0,2.4149503129080676,2.4149503129080676,2.452668265374932,2.642245931909663,2.62244653934327,2.645169900184911,2.692869309579072,2.6607053733944572,2.922923707715851,3.0309354324158977,2.976443976175166,3.0940095503128098,3.141592653589793,3.096169374168216,3.0890095919788516,-2.819842099193151,-2.875340604438868,-2.988943325194528,2.999695598985629,-2.999695598985629,-2.0344439357957027,0.3217505543966422,0.7266423406817256,0.5404195002705842,0.5404195002705842,0.5713374798336268
-2.825976991551027,0.0,-1.825978717415715,-1.6447353644528369,-1.717874682183299,-1.8244704229335393,-1.9631364710104124,-1.8233506025729562,-1.967875772019879,-2.0344439357957027,-2.0491487581735544,-2.1112158270654806,-2.234842489621581,-2.2073045425828477,-2.1995926132103296,-2.2531128816696446,-2.20354516179708,-2.191045812777718,-2.6344941491974563,-2.7928216500058864,2.999695598985629,2.819842099193151,2.2655346029916,1.7126933813990606,1.837048375945822,1.7359450042095235,1.7975951748487824,0.0,0.0,0.0,0.0,0.0,0.0,0.0,0.0,0.0,0.0,0.0,0.18311081726248413,0.29544083714372,0.2551823906208184,0.41012734054149097,0.3805063771123649,0.5585993153435624,0.4964227534048819,0.7044940642422177,0.7853981633974483,0.9197196053504169,0.9944211062037129,1.0074800653029286,0.8478169733934057,1.0768549578753155,1.1071487177940904,0.982793723247329,1.0636978224025597,1.4288992721907328,0.8960553845713439,0.0,-0.4636476090008061,-0.6435011087932844,-1.373400766945016,-1.5707963267948966,-1.7681918866447774,-1.7681918866447774
-0.32811989501530536,0.0,3.141592653589793,2.1462209773301817,2.691833040519954,2.733103760517166,2.4006097054392557,2.3914739637859364,2.5865969262512065,2.5117893181693747,2.356194490192345,2.1169628902286846,2.6694706711860166,2.4668517113662407,2.33980251588434,2.214297435588181,2.191045812777718,2.1150768117408765,2.0778948311872334,2.223642957895671,0.7853981633974483,0.6857295109062863,-0.21866894587394195,-0.3217505543966422,-0.22679884805388587,-0.27829965900511133,-0.060532019782107135,0.0,0.0,0.0,0.0,0.0,0.0,0.0,0.0,0.0,0.0,0.0,-1.4925251862736186,-1.5526165117219184,-1.446441332248135,-1.317122230656254,-1.4536875822280324,-1.1681416732430239,-1.1930296688550752,-1.1990873766763117,-1.200890259338339,-0.6722471818069637,-1.0496581833107783,-0.9229848998677982,-0.9197196053504169,-0.6837093116343713,-0.507098504392337,-0.7597627548757708,-0.8139618212362083,-1.0603080048781208,-0.3217505543966422,-1.9437840485949576,-2.0988707752212563,1.642103791580187,2.9912212255826587,3.113822016996372,-2.356194490192345,2.9634997153585956
-0.32811989501530536,0.0,-1.9832067683922838,-2.455863142683507,-2.297438667476622,-1.8757886736093012,-2.277704387555013,-2.5868004264518976,-2.2271446944580884,-2.432966381462123,-2.563068439172088,-2.9097279927404043,-2.356194490192345,-2.7209293044567584,-2.372066173184135,-2.704965493776252,-2.518921864832726,-2.819842099193151,-2.5308666892005847,-2.8632929945846817,3.050932766389048,1.5707963267948966,1.6539375586833378,1.6295521495106193,1.2036224929766774,1.2698760924344714,1.1606689862534056,0.0,0.0,0.0,0.0,0.0,0.0,0.0,0.0,0.0,0.0,0.0,-0.1586552621864014,-0.3156156620387663,-0.020405330686538086,-0.08904958263449779,0.07259945373049462,0.20902294280626463,0.11242713083019014,0.2405342479459046,0.2872814533971342,0.4353532751523024,0.6747409422235526,0.7188299996216245,0.8276265655104502,0.5754246505352849,0.7209713239718948,0.6078019961139605,1.025141272267905,0.4241944079037666,-0.24497866312686414,0.0,0.40489178628508343,1.0863183977578734,-2.642245931909663,-1.35970299357215,-1.1571071135160333,-2.2083451249335893
0.3156156620387663,0.0,0.6435011087932844,0.40489178628508343,1.3258176636680326,-2.4227626539681686,0.40489178628508343,1.9974238199217726,2.6135182051634334,2.0899424410414196,1.892546881191539,2.44685437739309,2.0899424410414196,1.892546881191539,2.2318394956455836,2.356194490192345,2.44685437739309,1.9513027039072615,2.0344439357957027,2.4668517113662407,2.5127963671743605,2.79856871316909,2.498091544796509,2.819842099193151,2.714965160462917,-2.62244653934327,2.819842099193151,0.0,0.0,0.0,0.0,0.0,0.0,0.0,0.0,0.0,0.0,0.0,2.0778948311872334,1.849095985800008,1.373400766945016,1.4288992721907328,0.4636476090008061,1.2220253232109897,1.2793395323170296,1.1659045405098132,0.7853981633974483,0.8097835725701669,0.4636476090008061,0.2662520491509254,0.4636476090008061,0.39852244566642026,0.22347660114063303,0.5104883219167757,0.5028432109278608,0.15037142800713454,0.2662520491509254,-0.05549850524571683,0.3392926144540447,0.07130746478529032,-0.1767088560700366,0.35299038782691045,0.0,0.3430239404207034
-0.32811989501530536,0.0,-1.9347752833045406,-1.8804992713373527,-1.9832067683922838,-1.9922155336827008,-2.1262900620604404,-2.0481417091685685,-1.9451299428024806,-2.0724003809840172,-2.0940746489268722,-2.214297435588181,-2.214297435588181,-2.26945615151636,-2.356194490192345,-2.300695984946628,-2.321725389192837,-2.403777593469328,-2.356194490192345,3.141592653589793,-2.819842099193151,2.5535900500422257,2.1112158270654806,1.4801364395941514,1.7359450042095235,1.4056476493802699,1.7126933813990606,0.0,0.0,0.0,0.0,0.0,0.0,0.0,0.0,0.0,0.0,0.0,-0.12435499454676144,0.04542327942157701,0.04345089539153084,0.10673567264913565,0.2629947316809195,0.20304521725346514,0.4182243295792291,0.4825132950224769,0.4475199751571699,0.5554937352655436,0.8176450458327023,0.43240777557053783,0.8519663271732721,0.5880026035475675,0.7188299996216245,0.8685393952858895,0.4398425828157362,0.40489178628508343,0.3805063771123649,0.6747409422235526,-0.507098504392337,0.0,-1.3258176636680326,-1.5707963267948966,-1.892546881191539,-1.8417431771333173
0.0,0.0,-0.5467888408892474,-0.6078019961139605,-0.7853981633974483,-0.7378150601204649,-0.8721365020734334,-0.8870870151605253,-0.9332475286562039,-0.9272952180016122,-0.9575889779203873,-0.973619668702219,-0.8803498697402047,-1.0714496051147666,-1.0164888305933455,-1.1659045405098132,-1.0303768265243125,-1.35970299357215,-1.5042281630190728,-1.373400766945016,-1.9513027039072615,-2.976443976175166,3.0309354324158977,2.9441970937399127,2.9147938055359073,2.704965493776252,2.838707785214822,0.0,0.0,0.0,0.0,0.0,0.0,0.0,0.0,0.0,0.0,0.0,1.1659045405098132,1.3654009376051293,1.2870022175865687,1.423717971406494,1.460139105621001,1.5323537367737086,1.6030432092301505,1.717874682183299,1.730709449953116,1.9028557943377822,1.9028557943377822,2.0183163019520665,1.9936502529278373,2.0344439357957027,2.095592098445004,2.1112158270654806,1.97568811307998,2.0032041023654346,2.0344439357957027,2.1112158270654806,0.7853981633974483,0.0,0.4636476090008061,-0.24497866312686414,-0.3805063771123649,-0.43240777557053783
-2.38648825011112,0.0,-1.5337762109209665,-1.433730152484709,-1.373400766945016,-1.6041173226731438,-1.5707963267948966,-1.5413930385908916,-1.7211677548020312,-1.5167948264189284,-1.7798192696011612,-1.664273107953486,-1.7359450042095235,-1.7861540264926348,-1.719686274404394,-1.729451588981298,-1.941687615607559,-1.7454685258031364,-2.158798930342464,-2.432966381462123,-2.677945044588987,2.0344439357957027,2.601173153319209,2.2318394956455836,2.0344439357957027,2.0344439357957027,2.158798930342464,0.0,0.0,0.0,0.0,0.0,0.0,0.0,0.0,0.0,0.0,0.0,0.4444192099010989,0.5485494024505281,0.6350267353903137,0.6435011087932844,0.7157435896688801,0.7298996581517315,0.8491414759301353,0.8850668158886104,0.973619668702219,1.0768549578753155,1.1705556697609225,1.1824776086224307,1.1071487177940904,1.3258176636680326,1.1309537439791604,1.396124127786657,1.2924966677897853,1.2277723863741932,1.1071487177940904,0.4636476090008061,0.0,0.12435499454676144,-1.1071487177940904,-1.2793395323170296,-1.2277723863741932,-1.0516502125483738
-0.32811989501530536,0.0,-1.089909046599561,-1.2870022175865687,-1.332960399337446,-1.219351532791345,-1.4501726582147938,-1.423717971406494,-1.5374753309166493,-1.39408747072486,-1.6052654277944047,-1.5405025668761214,-1.6814535479687922,-1.602036160225165,-1.7033478590915707,-1.9100889412489412,-1.9890206563741257,-2.0106389096106327,-2.0647376957144776,-1.5707963267948966,-2.432966381462123,2.9441970937399127,1.5707963267948966,2.137525544318403,2.498091544796509,2.137525544318403,2.0344439357957027,0.0,0.0,0.0,0.0,0.0,0.0,0.0,0.0,0.0,0.0,0.0,0.5247957716501074,0.7568345055586884,0.7298996581517315,0.901157381118259,0.982793723247329,1.015302591529353,0.9629943306809362,1.1263771168937977,1.0934509444212248,1.0358412530088001,1.124690777851493,1.2068173702852525,1.2722973952087173,1.2490457723982544,1.4876550949064553,1.2870022175865687,1.4994888620096063,1.5707963267948966,0.8329812666744317,1.2120256565243244,2.677945044588987,-0.7853981633974483,-1.2490457723982544,-0.7853981633974483,-1.4382447944982226,-0.9272952180016122
-0.32811989501530536,0.0,0.0,0.0,0.06442683942555355,-0.19739555984988075,-0.11065722117389565,-0.18534794999569476,-0.16514867741462683,-0.1470783553884025,-0.3947911196997615,-0.4089078289509254,-0.40024065703397416,-0.49394136891958124,-0.1586552621864014,-0.6146629519221655,-0.4124104415973873,-0.40489178628508343,-0.83798122500839,-0.9272952180016122,-1.892546881191539,-1.8157749899217608,-2.4668517113662407,-2.819842099193151,-2.4668517113662407,-3.0090411212931194,-2.7776136970801493,0.0,0.0,0.0,0.0,0.0,0.0,0.0,0.0,0.0,0.0,0.0,2.158798930342464,2.432966381462123,2.297438667476622,2.62244653934327,2.44685437739309,2.505084437801842,2.6344941491974563,2.483704048407583,2.5625183842220625,2.543173760111256,2.9195107516843133,2.6590793585673165,2.819842099193151,3.036715714859559,2.788602265762883,3.0090411212931194,3.141592653589793,3.017237659043032,-3.0419240010986313,2.9441970937399127,2.723368324010564,0.6747409422235526,0.5191461142465229,0.8960553845713439,0.0,0.14189705460416394
-0.32811989501530536,0.0,1.3156139361740782,1.0516502125483738,1.1978086049948355,1.3654009376051293,1.1999050379822342,1.0040671092713902,1.201462669121271,0.9575889779203873,0.9505468408120752,1.1493771199070923,0.8110335719191258,1.0121970114513341,0.9272952180016122,0.870903457075653,1.042721878368537,0.8850668158886104,0.9097531579442097,0.5585993153435624,0.19739555984988075,-2.0344439357957027,-1.2793395323170296,-1.4181469983996315,-1.5042281630190728,-1.6373644905707205,-1.7359450042095235,0.0,0.0,0.0,0.0,0.0,0.0,0.0,0.0,0.0,0.0,0.0,2.819842099193151,2.770701364777131,3.1058935409104693,2.9504081939927786,3.141592653589793,-2.9441970937399127,3.109345771154539,-2.9865959116658525,-2.9639964863063053,-2.8632929945846817,-2.694072678432623,-2.5337906574758327,-2.8535372065391673,-2.4149503129080676,-2.356194490192345,-2.4668517113662407,-2.356194490192345,-2.5535900500422257,-2.723368324010564,-2.961739153797315,-2.2455372690184494,2.761086276477428,1.695151321341658,1.8281200417659853,1.2679114584199251,1.6704649792860586
-0.32811989501530536,0.0,2.2455372690184494,1.9974238199217726,2.0533096218173736,2.1341125882868646,2.117585167684144,1.9513027039072615,1.97568811307998,1.9333405640594041,1.9040406279065694,1.8157749899217608,1.729451588981298,1.695151321341658,1.7429871413178357,1.7561442767905915,1.5083775167989393,1.5707963267948966,1.8622531212727638,1.5707963267948966,1.5707963267948966,0.24497866312686414,-0.4636476090008061,-0.5880026035475675,-0.9505468408120752,-0.9097531579442097,-0.5880026035475675,0.0,0.0,0.0,0.0,0.0,0.0,0.0,0.0,0.0,0.0,0.0,-2.2058230621852104,-2.0701430484750265,-1.9693187724613168,-1.9055331641117113,-1.8588517738455226,-1.9437840485949576,-1.7126933813990606,-1.7748143063874453,-1.5413930385908916,-1.7928782287003768,-1.4410937896389846,-1.7607846147136124,-1.5707963267948966,-1.2627435457711202,-1.5182132651839548,-1.2924966677897853,-1.2679114584199251,-1.3258176636680326,-1.837048375945822,-2.214297435588181,-2.761086276477428,-2.356194490192345,3.141592653589793,2.2455372690184494,2.44685437739309,2.44685437739309
0.3156156620387663,0.0,-0.3217505543966422,0.0,0.0,0.5191461142465229,0.24497866312686414,-0.21866894587394195,0.5123894603107377,0.7378150601204649,0.7378150601204649,0.8850668158886104,0.8288490587889792,0.8818719385800352,0.9397169393235674,0.7853981633974483,1.0460005551447893,0.8519663271732721,1.217805938967986,1.2120256565243244,1.3909428270024184,1.1801892830972098,1.5707963267948966,1.7818896600176433,2.1025203940537023,2.356194490192345,2.5360479899848234,0.0,0.0,0.0,0.0,0.0,0.0,0.0,0.0,0.0,0.0,0.0,1.2277723863741932,1.7894652726688385,0.8621700546672264,0.4636476090008061,0.49394136891958124,-0.08314123188844123,-0.23374318086890142,0.0,-0.16514867741462683,-0.16514867741462683,-0.1767088560700366,-0.5743048301747018,-0.28805544705062586,-0.4636476090008061,-0.3947911196997615,-0.4795192919925962,-0.5232783221319756,-0.8238407534186363,-0.5611634122883522,-0.7399748839758713,-0.7399748839758713,-0.7483780475235183,-0.8353565591193911,-0.9964914966201949,-0.8097835725701669,-0.8960553845713439
0.3156156620387663,0.0,0.4636476090008061,-0.07677189126977804,2.498091544796509,1.4288992721907328,1.4711276743037347,1.0768549578753155,1.5042281630190728,1.0636978224025597,1.7234456551901618,1.2220253232109897,1.9074711461816238,2.095592098445004,1.6262948320406134,1.9195673303788037,1.9809236673363877,2.0533096218173736,2.4227626539681686,2.4186133001883023,2.593043251139265,2.6344941491974563,2.9441970937399127,2.654693421778524,-2.838707785214822,-2.5308666892005847,-2.6292031932790554,0.0,0.0,0.0,0.0,0.0,0.0,0.0,0.0,0.0,0.0,0.0,1.3258176636680326,0.5585993153435624,1.1071487177940904,0.5880026035475675,0.348771003583907,0.07677189126977804,-0.06241880999595735,-0.09495170634275632,0.0,0.0,-0.41012734054149097,-0.19118445959701444,-0.22347660114063303,-0.25255427577805956,-0.3129012278803845,-0.6632029927060933,-0.15991312315821926,-0.3430239404207034,-0.2942345651111878,-0.2860514417173182,-0.7641247773733871,-0.4636476090008061,-0.43240777557053783,-0.5971766580926775,-0.9048270894157867,-0.17985349979247828
0.0,0.0,-2.2865399164637767,-2.4668517113662407,-2.399645385583876,-2.425849063920913,-2.254505638429268,-2.3774678762164063,-2.4756234162106834,-2.3036114285814033,-2.2455372690184494,-2.510513266118464,-2.0481417091685685,-2.2286849319771065,-2.44685437739309,-2.9340964271545906,2.5535900500422257,-2.578276392097825,2.4149503129080676,1.695151321341658,2.5308666892005847,2.2655346029916,1.3521273809209546,1.5707963267948966,1.6373644905707205,1.9513027039072615,1.6614562139956417,0.0,0.0,0.0,0.0,0.0,0.0,0.0,0.0,0.0,0.0,0.0,-0.9342881110069455,-1.0584068664841588,-1.0516502125483738,-0.973619668702219,-0.9129077216126865,-0.6107259643892086,-0.6267429012110469,-0.348771003583907,-0.28805544705062586,-0.5191461142465229,0.0,-0.3752708228559573,-0.27829965900511133,0.2662520491509254,0.3217505543966422,-0.3217505543966422,0.0,0.6202494859828215,0.3332443011116727,-1.3258176636680326,-2.0344439357957027,-2.976443976175166,-1.7818896600176433,-2.234842489621581,-2.129395642138459,-2.723368324010564
-0.32811989501530536,0.0,2.694072678432623,2.912360720312798,2.7547169358587653,2.7672590375822095,2.729182211992406,2.840672419229368,2.8879185574511506,2.819842099193151,2.642245931909663,2.6271413405307653,2.7509856098921066,2.8685839505030826,2.5308666892005847,2.158798930342464,2.6992184306130484,2.191045812777718,-1.5707963267948966,2.819842099193151,1.5707963267948966,1.3101939350475555,0.3805063771123649,0.5404195002705842,0.4993467216801301,0.6202494859828215,0.3947911196997615,0.0,0.0,0.0,0.0,0.0,0.0,0.0,0.0,0.0,0.0,0.0,-1.878849107818673,-2.2597207150097582,-2.0152155366959956,-1.7078625011050843,-1.633215136790854,-1.6704649792860586,-1.4056476493802699,-1.3016288340091962,-1.1839206090638685,-1.4513674007765582,-1.5405025668761214,-1.0358412530088001,-1.4219063791853994,-1.4056476493802699,-0.6435011087932844,-1.3156139361740782,-0.6610431688506869,-1.382574821490126,-2.129395642138459,-0.8329812666744317,2.896613990462929,1.8157749899217608,-3.0309354324158977,-3.017237659043032,3.141592653589793,2.439335722080786
-2.825976991551027,0.0,-2.0812846487116725,-2.3062360944704023,-2.2730532583039036,-2.169215220273434,-2.214297435588181,-2.184003675669406,-2.419937802725032,-2.356194490192345,-2.1421338066285234,-2.254505638429268,-2.356194490192345,-2.2318394956455836,-2.5269297016676275,3.141592653589793,-2.9533711482850227,-2.5535900500422257,-3.0419240010986313,3.141592653589793,-0.7853981633974483,1.2490457723982544,0.7853981633974483,0.7853981633974483,1.3521273809209546,0.8224182792713783,1.2924966677897853,0.0,0.0,0.0,0.0,0.0,0.0,0.0,0.0,0.0,0.0,0.0,0.24497866312686414,0.23374318086890142,0.14189705460416394,0.17219081452293902,0.43240777557053783,0.5543074962015512,0.5971766580926775,0.3217505543966422,0.5585993153435624,0.7853981633974483,0.8818719385800352,0.6805212246672144,0.5317240672588056,0.5123894603107377,1.2160906747839564,0.7853981633974483,0.5667292175235064,0.5585993153435624,1.1071487177940904,0.09065988720074511,0.8960553845713439,-1.2679114584199251,-1.97568811307998,-1.3258176636680326,-1.8766751981997487,-2.408777551803287
-0.32811989501530536,0.0,2.711830374493105,2.5360479899848234,2.683153330828059,2.0405788281535786,2.9000269464944672,2.315566452510972,2.356194490192345,2.297438667476622,2.198425752596391,2.2286849319771065,2.5887514319972538,2.087828279286438,2.0803885916038225,2.10660756475536,2.5829933382462307,2.158798930342464,1.2679114584199251,1.4288992721907328,-1.2277723863741932,0.0,-0.23554498072086333,-0.4636476090008061,-0.4636476090008061,-0.5645693936681,-0.23860932250820097,0.0,0.0,0.0,0.0,0.0,0.0,0.0,0.0,0.0,0.0,0.0,-1.7088023504524161,-1.7156088250338357,-1.642103791580187,-1.4758446204521403,-1.4749371796848834,-1.3813161689137492,-1.299849476456476,-1.3415643935179014,-1.1543577096033049,-1.1678847359413809,-1.0996300624817865,-1.0929652718027818,-0.8243395064944875,-0.8865015351337469,-1.010109331812091,-0.9137213910832431,-1.1801892830972098,-1.1839206090638685,0.5880026035475675,-0.6435011087932844,3.0309354324158977,2.7091848780192556,2.4227626539681686,2.0106389096106327,2.677945044588987,2.701750070774057
-0.32811989501530536,0.0,-3.01118934570066,-2.293775680196388,-2.408777551803287,-2.294733534309579,-2.6066375798036967,-2.4508017253120746,-2.356194490192345,-2.7308756904751212,-2.651635327336065,-2.761086276477428,-2.4520536373023583,-2.924719037923385,-2.8461518164460733,-2.937574673997245,-2.8286914257094087,3.0916342578678506,2.5899376710612465,2.62244653934327,1.5182132651839548,1.6814535479687922,0.7853981633974483,0.6107259643892086,0.6947382761967031,0.7419472680059175,0.5954098754787326,0.0,0.0,0.0,0.0,0.0,0.0,0.0,0.0,0.0,0.0,0.0,0.30161904626623964,0.2872814533971342,0.34161549064780716,0.3473859629183197,0.4636476090008061,0.35662013595143194,0.5536813222069976,0.5170319524915414,0.5721936440079941,0.7044940642422177,0.5681047324744272,0.8163161429604909,0.931026543968271,0.7298996581517315,0.73139666302148,0.8577354939360433,0.8166379968277165,1.0863183977578734,0.0,1.042721878368537,-2.356194490192345,-2.0344439357957027,-2.9147938055359073,-1.695151321341658,-2.356194490192345,-2.0481417091685685
-1.9058794244856845,0.0,-0.387770171875319,-0.504165961479153,-0.2528940650955976,-0.5467888408892474,-0.25732371497108864,-0.7779908914662833,-0.6435011087932844,-0.6564873917134568,-0.6883587774154488,-0.7709064243319483,-1.0768549578753155,-0.9034901918165423,-0.9481255380378293,-0.3625442372645076,-0.8584387287005676,-0.8818719385800352,-1.1071487177940904,-0.7853981633974483,-1.6814535479687922,-2.838707785214822,-3.108271657711546,2.8674252024701343,3.1031500635686053,2.9325697107835285,2.9808299129639586,0.0,0.0,0.0,0.0,0.0,0.0,0.0,0.0,0.0,0.0,0.0,1.5495229407708355,1.5253730473733196,1.709892268276968,1.7301479676988134,1.8301280711955814,1.9379701606131159,1.9067639327210275,1.9960013457745147,2.158798930342464,2.1479885406683574,2.0701430484750265,2.179485634122308,2.37111875518243,2.4897235392842165,2.2848870254070546,2.4106859464330763,2.5065659181994793,1.729451588981298,1.8157749899217608,-1.8157749899217608,-0.21866894587394195,-0.6528466311007743,-0.5218342798144104,-0.5218342798144104,-0.3970794452249823,-0.5337081916392615
2.89288266449627,0.0,2.7367008673047097,2.922923707715851,-2.129395642138459,-1.5707963267948966,-1.9295669970654687,-2.44685437739309,-1.7359450042095235,-1.7590178320996674,-2.0778948311872334,-1.5042281630190728,-1.7681918866447774,-1.6295521495106193,-1.5707963267948966,-1.373400766945016,-1.2924966677897853,-1.5707963267948966,-1.4994888620096063,-1.3045442776439713,-0.9272952180016122,-1.0882830317724197,-1.0516502125483738,-0.8288490587889792,-0.2914567944778671,-0.3947911196997615,0.09495170634275632,0.0,0.0,0.0,0.0,0.0,0.0,0.0,0.0,0.0,0.0,0.0,-1.1902899496825317,-1.1525719972156676,-2.0344439357957027,-1.695151321341658,-1.7681918866447774,-2.3086113869153615,-2.321725389192837,-2.6387494426619322,-2.5535900500422257,-2.609868586330988,-2.8305943729842524,-2.79856871316909,-2.9504081939927786,-2.961739153797315,-2.8785979219088738,-3.050932766389048,-3.0810606338076862,3.0231026944316555,3.079173843593836,3.011890116433881,2.896613990462929,2.8461518164460733,2.994514298201391,2.875340604438868,2.7187387274568526,3.141592653589793
2.89288266449627,0.0,0.0,0.12435499454676144,0.0,-1.5707963267948966,1.5707963267948966,3.141592653589793,2.5748634360662868,2.0344439357957027,1.5707963267948966,2.4668517113662407,2.677945044588987,2.5269297016676275,2.356194490192345,2.173083672929861,3.017237659043032,2.6292031932790554,2.651635327336065,-3.0916342578678506,3.050932766389048,3.141592653589793,-2.647651284670212,-2.819842099193151,-2.060753653048625,-2.356194490192345,-1.892546881191539,0.0,0.0,0.0,0.0,0.0,0.0,0.0,0.0,0.0,0.0,0.0,0.9097531579442097,1.1659045405098132,0.5880026035475675,0.982793723247329,0.14189705460416394,-0.6435011087932844,-0.5880026035475675,-0.8760580505981934,-0.19739555984988075,-0.2629947316809195,-0.16514867741462683,-0.5880026035475675,-0.3347368373168147,-0.4475199751571699,-0.23554498072086333,0.04345089539153084,-0.3409789534963494,-0.4297622790966885,-0.21109333322274654,-0.3217505543966422,-0.47835243137865757,-0.1470783553884025,-0.18822150530477075,-0.23109066719589708,-0.10487693873023389,-0.7483780475235183
-0.5349550737860964,0.0,-2.2455372690184494,-1.9513027039072615,-2.1112158270654806,-1.446441332248135,-0.9272952180016122,-1.3521273809209546,-0.27829965900511133,-0.4636476090008061,-0.6947382761967031,-0.4636476090008061,-0.3217505543966422,-0.4423742229767449,-0.4423742229767449,0.0,-0.2551823906208184,-0.3097029445424562,0.0,0.21406068356382152,0.17985349979247828,0.5123894603107377,0.5404195002705842,0.8224182792713783,1.1071487177940904,1.2220253232109897,1.2924966677897853,0.0,0.0,0.0,0.0,0.0,0.0,0.0,0.0,0.0,0.0,0.0,-0.5880026035475675,-0.7853981633974483,-0.9097531579442097,-1.2120256565243244,-1.7126933813990606,-1.4382447944982226,-1.849095985800008,-2.0899424410414196,-1.750649826587375,-2.0988707752212563,-1.9710369838288708,-2.2752903910371143,-2.158798930342464,-2.0812846487116725,-2.289626326416521,-2.2831539248892256,-2.396173177315635,-2.5535900500422257,-2.3794461130028077,-2.44293282886833,-2.3757998210495495,-2.5337906574758327,-2.5959375990628013,-2.356194490192345,-2.4149503129080676,-2.5672878234150915
2.474899827335522,0.0,-0.11065722117389565,-0.3805063771123649,-0.17985349979247828,1.7359450042095235,1.7894652726688385,2.356194490192345,1.750649826587375,2.642245931909663,2.0344439357957027,2.5127963671743605,2.4668517113662407,2.2848870254070546,2.2730532583039036,2.1962813670341257,2.427501954977635,2.65711472455277,2.743070207923373,2.601173153319209,2.896613990462929,2.999695598985629,2.896613990462929,2.8023000391357487,3.141592653589793,-2.455863142683507,-2.44685437739309,0.0,0.0,0.0,0.0,0.0,0.0,0.0,0.0,0.0,0.0,0.0,2.723368324010564,2.819842099193151,2.8632929945846817,2.7367008673047097,1.8622531212727638,1.7975951748487824,1.2490457723982544,1.837048375945822,1.5707963267948966,1.4536875822280324,1.4056476493802699,1.3909428270024184,1.317122230656254,1.1410340476982082,1.0714496051147666,0.9652516631899266,1.067953115867036,0.8124186125847132,0.7853981633974483,0.5543074962015512,0.7328151017865066,0.7853981633974483,0.17219081452293902,0.5667292175235064,0.4636476090008061,0.982793723247329
-0.4679394281428173,0.0,0.8960553845713439,0.982793723247329,0.906750163968212,0.9723774333163594,0.9652516631899266,0.7853981633974483,0.7157435896688801,0.6805212246672144,0.7583777142101835,0.4266274931268761,0.6528466311007743,0.7853981633974483,0.5280744484263596,0.3671738338182192,0.2662520491509254,0.0,-0.19739555984988075,-0.4636476090008061,-1.373400766945016,-2.0778948311872334,-2.158798930342464,-2.0106389096106327,-2.137525544318403,-2.1995926132103296,-2.191045812777718,0.0,0.0,0.0,0.0,0.0,0.0,0.0,0.0,0.0,0.0,0.0,-2.6954871046463897,-2.645169900184911,-2.6135182051634334,-2.5652174329986095,-2.4775464907631086,-2.5040438554511004,-2.310771210770768,-2.279422598922567,-2.2073045425828477,-2.1870932641909677,-2.105751400580993,-2.0701430484750265,-2.0533096218173736,-1.9437840485949576,-1.849095985800008,-1.9295669970654687,-1.965587446494658,-1.8692952583810758,-2.0778948311872334,-2.214297435588181,3.141592653589793,-1.5707963267948966,1.695151321341658,1.2220253232109897,1.373400766945016,1.1071487177940904
2.474899827335522,0.0,-0.24497866312686414,-0.2536740961386427,-0.3671738338182192,-0.4182243295792291,-0.45066132608063364,-0.43833655985795783,-0.5516549825285468,-0.5554937352655436,-0.8076167287241673,-0.8086497862079112,-0.8621700546672264,-0.844153986113171,-0.8124186125847132,-0.8884797719201485,-1.0768549578753155,-0.960070362405688,-1.446441332248135,-2.356194490192345,-2.158798930342464,-2.961739153797315,2.961739153797315,2.642245931909663,2.729182211992406,2.651635327336065,2.761086276477428,0.0,0.0,0.0,0.0,0.0,0.0,0.0,0.0,0.0,0.0,0.0,2.452668265374932,2.579671091332978,2.677945044588987,2.7492525093742772,2.649783477601095,2.7173982456860264,2.7403638545849445,2.819842099193151,2.8809902618424523,3.079173843593836,3.0090411212931194,3.070285188804503,3.141592653589793,3.1058935409104693,-3.0221637275714546,-2.999695598985629,3.141592653589793,3.141592653589793,-2.62244653934327,-2.356194490192345,-2.0344439357957027,-0.5880026035475675,-0.27829965900511133,-0.5191461142465229,0.2984989315861793,-0.3217505543966422
1.0714496051147666,0.0,2.922923707715851,-2.137525544318403,-1.7681918866447774,-1.3854483767992019,-0.982793723247329,-1.1659045405098132,-1.042721878368537,-0.3805063771123649,-0.3805063771123649,-1.1583858851975093,-1.2627435457711202,-0.24497866312686414,-0.8567056281827387,-0.1746721990082397,-0.5743048301747018,-0.5763752205911837,-0.6528466311007743,0.21866894587394195,-0.16514867741462683,-0.14189705460416394,0.0,0.5880026035475675,0.48689923181126904,0.960070362405688,1.1071487177940904,0.0,0.0,0.0,0.0,0.0,0.0,0.0,0.0,0.0,0.0,0.0,-0.9505468408120752,-1.3045442776439713,-0.9994588469612699,-1.6657480331376529,-1.4056476493802699,-1.7894652726688385,-2.0831857871056343,-1.2341215074081695,-1.7126933813990606,-1.9138202672156,-1.9451299428024806,-1.9138202672156,-2.254505638429268,-2.1815222911841055,-2.462178848181945,-2.396173177315635,-2.6078844619505315,-2.473303234759209,-3.0090411212931194,-2.6344941491974563,-2.471071095609244,-2.7091848780192556,-2.7928216500058864,-3.099950074491205,-3.054854314913808,-2.356194490192345
-0.3666376408401143,0.0,-1.6704649792860586,-0.24497866312686414,0.3217505543966422,-1.97568811307998,-0.7188299996216245,0.19739555984988075,-0.6857295109062863,-0.7378150601204649,-0.24497866312686414,-0.10487693873023389,-0.5280744484263596,-0.35299038782691045,-0.19739555984988075,-0.13255153229667402,0.0,-0.04542327942157701,0.07982998571223732,0.5191461142465229,0.12435499454676144,0.7853981633974483,0.9151007005533605,1.0303768265243125,0.9151007005533605,1.3045442776439713,1.1659045405098132,0.0,0.0,0.0,0.0,0.0,0.0,0.0,0.0,0.0,0.0,0.0,-0.5880026035475675,-1.2490457723982544,-0.6747409422235526,-0.982793723247329,-1.4288992721907328,-1.3258176636680326,-1.4219063791853994,-1.9693187724613168,-1.7126933813990606,-1.5182132651839548,-1.6506263125071339,-1.892546881191539,-2.0344439357957027,-2.000558605891585,-1.9295669970654687,-2.224879051209257,-2.310771210770768,-2.2612427838495885,-2.310771210770768,-2.0344439357957027,-2.321725389192837,-2.2058230621852104,-2.137525544318403,-2.5088438185876103,-2.390663591191853,-2.2264919530364327
2.998434565606144,0.0,2.214297435588181,2.0899424410414196,2.2455372690184494,1.3258176636680326,2.819842099193151,2.356194490192345,-2.62244653934327,-2.723368324010564,-2.356194490192345,-2.439335722080786,-2.5535900500422257,-2.0899424410414196,-2.0576955586061656,-2.2218730482393765,-2.390663591191853,-2.2367655641740063,-1.878849107818673,-1.9513027039072615,-1.5707963267948966,-1.5707963267948966,-1.0040671092713902,-0.9272952180016122,-0.7853981633974483,-1.0040671092713902,-0.7853981633974483,0.0,0.0,0.0,0.0,0.0,0.0,0.0,0.0,0.0,0.0,0.0,3.141592653589793,2.723368324010564,-3.064820762320015,2.9147938055359073,2.651635327336065,2.356194490192345,1.892546881191539,2.455863142683507,2.1962813670341257,1.923786714621807,2.5535900500422257,1.856847768512215,2.223642957895671,1.9138202672156,1.965587446494658,1.9631364710104124,1.7063240407803975,1.5291537476963082,1.8018869939907938,1.6539375586833378,1.5707963267948966,1.4968572891369563,1.4801364395941514,1.9513027039072615,1.7607846147136124,2.0988707752212563
0.3156156620387663,0.0,1.1071487177940904,-0.12435499454676144,3.141592653589793,1.0516502125483738,2.5535900500422257,2.214297435588181,2.5535900500422257,2.432966381462123,2.2455372690184494,2.289626326416521,2.279422598922567,2.4668517113662407,2.5088438185876103,2.3291740410050803,2.609868586330988,2.761086276477428,2.992702705980296,3.017237659043032,-3.011890116433881,-2.819842099193151,-2.896613990462929,-2.5088438185876103,-2.0344439357957027,-2.0778948311872334,-1.6704649792860586,0.0,0.0,0.0,0.0,0.0,0.0,0.0,0.0,0.0,0.0,0.0,2.7928216500058864,2.0778948311872334,1.7681918866447774,1.837048375945822,1.5707963267948966,1.5707963267948966,1.1722738811284763,1.356735643231075,1.3854483767992019,1.176005207095135,1.0460005551447893,0.8685393952858895,0.8721365020734334,0.5619215622568153,0.9944211062037129,0.6489955589965009,0.7610127542247298,0.7419472680059175,0.5713374798336268,0.6078019961139605,0.3743336160075839,0.4475199751571699,0.34555558058171215,0.4844779290370232,0.43240777557053783,0.5880026035475675
-0.4764674194737067,0.0,-2.4149503129080676,-2.191045812777718,-2.1995926132103296,-1.2924966677897853,-0.5880026035475675,-0.4636476090008061,-1.1071487177940904,-0.6857295109062863,-0.8760580505981934,-0.8760580505981934,-0.9048270894157867,-0.7853981633974483,-1.1071487177940904,-0.6435011087932844,-0.714090698612158,-0.5880026035475675,-0.3097029445424562,-0.4182243295792291,-0.1297025371559121,-0.058755822715722696,0.3671738338182192,0.4636476090008061,0.7853981633974483,0.7853981633974483,0.7086262721276703,0.0,0.0,0.0,0.0,0.0,0.0,0.0,0.0,0.0,0.0,0.0,-1.0303768265243125,-1.460139105621001,-1.373400766945016,-1.5707963267948966,-1.7234456551901618,-1.8313987185422376,-1.856847768512215,-1.5232132235179132,-2.1112158270654806,-2.0899424410414196,-2.32590073027357,-2.095592098445004,-2.1995926132103296,-2.510513266118464,-2.178598322908857,-2.505084437801842,-2.4905159321453136,-2.403777593469328,-2.510513266118464,-2.6387494426619322,-2.796037073008081,-2.539305307454829,-2.4370985893475754,-2.498091544796509,3.0060649396042924,-2.7509856098921066
-0.5349550737860964,0.0,2.601173153319209,1.3521273809209546,0.6747409422235526,2.214297435588181,-3.058451421701352,-1.9890206563741257,-2.723368324010564,-2.2264919530364327,-2.4149503129080676,-2.312743594800814,-2.4668517113662407,-2.191045812777718,-2.5065659181994793,-2.297438667476622,-2.214297435588181,-1.8766751981997487,-1.8417431771333173,-1.7590178320996674,-1.5253730473733196,-1.4994888620096063,-1.3397056595989996,-1.5707963267948966,-0.9179496956941223,-0.8818719385800352,-0.9151007005533605,0.0,0.0,0.0,0.0,0.0,0.0,0.0,0.0,0.0,0.0,0.0,-2.498091544796509,-2.356194490192345,-2.279422598922567,3.017237659043032,-2.761086276477428,3.058451421701352,2.9441970937399127,2.312743594800814,2.936197264400026,2.601173153319209,2.327630832353585,2.462178848181945,2.4756234162106834,2.0169018757383004,2.1486982637571423,2.44685437739309,2.297438667476622,2.1948193797716535,2.0778948311872334,2.356194490192345,1.849095985800008,1.9222411207984482,1.9451299428024806,1.7681918866447774,1.6614562139956417,2.2264919530364327
-0.5349550737860964,0.0,-2.961739153797315,-1.0303768265243125,-1.5083775167989393,-1.0303768265243125,-0.43662715981354133,-1.750649826587375,-1.460139105621001,-0.16514867741462683,-1.2490457723982544,-0.04995839572194276,-0.21109333322274654,-0.21109333322274654,-0.07677189126977804,-0.047583103276983396,-0.21866894587394195,0.18311081726248413,0.33667481938672716,0.4636476090008061,0.6107259643892086,0.5191461142465229,0.7328151017865066,1.373400766945016,1.4382447944982226,1.35970299357215,1.373400766945016,0.0,0.0,0.0,0.0,0.0,0.0,0.0,0.0,0.0,0.0,0.0,-0.7853981633974483,-1.0516502125483738,-1.3045442776439713,-1.460139105621001,-1.3258176636680326,-1.9974238199217726,-2.1224513093234436,-1.8417431771333173,-2.0647376957144776,-2.0812846487116725,-2.3062360944704023,-2.32590073027357,-2.214297435588181,-2.3062360944704023,-2.2073045425828477,-2.4061528859142878,-2.4370985893475754,-2.7069224384405484,-2.498091544796509,-2.457883341955422,-2.601173153319209,-2.7776136970801493,-2.2531128816696446,-2.223642957895671,-2.8632929945846817,-2.488746022489019
-1.633215136790854,0.0,-2.388441372627599,-2.746801533890032,-2.692869309579072,-2.896613990462929,-2.831889709047337,-2.819842099193151,-2.875340604438868,-2.969401839066854,-2.8555412118724752,2.8555412118724752,2.79856871316909,3.0090411212931194,2.922923707715851,2.723368324010564,2.158798930342464,1.892546881191539,0.24497866312686414,0.8519663271732721,0.3217505543966422,0.0,0.24497866312686414,-0.260602391747341,0.10487693873023389,0.18534794999569476,0.0,0.0,0.0,0.0,0.0,0.0,0.0,0.0,0.0,0.0,0.0,0.0,0.060532019782107135,0.23783592745745075,0.23109066719589708,0.260602391747341,0.3217505543966422,0.33787818824027843,0.3129012278803845,0.3693336576736256,0.5260664189967634,0.40122879900484876,0.5349550737860964,0.6350267353903137,0.7531512809621944,0.6435011087932844,0.4124104415973873,0.7266423406817256,0.3217505543966422,0.5404195002705842,2.356194490192345,2.896613990462929,-2.782821983319221,-2.297438667476622,-2.5702551737561663,-2.312743594800814,-2.3191743743184148,-2.642245931909663
1.0714496051147666,0.0,-1.2120256565243244,-1.3016288340091962,-1.2160906747839564,-1.124690777851493,-1.2627435457711202,-1.3876855095324125,-1.3258176636680326,-1.4559197213779975,-1.4801364395941514,-1.4056476493802699,-1.6704649792860586,-1.7975951748487824,-1.965587446494658,-2.2655346029916,3.141592653589793,3.141592653589793,2.677945044588987,2.62244653934327,1.6704649792860586,2.1112158270654806,1.9513027039072615,1.4382447944982226,1.687905071361761,1.3258176636680326,1.5707963267948966,0.0,0.0,0.0,0.0,0.0,0.0,0.0,0.0,0.0,0.0,0.0,1.6092389168160846,1.5102643070127895,1.6278771092011612,1.7529646372676602,1.8018869939907938,1.892546881191539,1.8650308919060843,1.9513027039072615,1.8525681940682488,1.979704155745822,2.167972984887574,2.2073045425828477,2.17084654019665,2.2058230621852104,1.9138202672156,1.965587446494658,2.0344439357957027,2.1112158270654806,2.819842099193151,-1.2490457723982544,-0.5880026035475675,-1.4288992721907328,-1.042721878368537,-0.8760580505981934,-0.8156919233162234,-0.7853981633974483
-0.3666376408401143,0.0,1.892546881191539,1.9333405640594041,1.7681918866447774,1.825978717415715,1.7429871413178357,1.727398203776912,1.7942729279355296,1.4840579881189115,1.2490457723982544,1.2679114584199251,1.5083775167989393,1.0636978224025597,1.176005207095135,-0.5880026035475675,0.3805063771123649,0.16514867741462683,-0.6435011087932844,-1.3258176636680326,-1.5707963267948966,-1.6539375586833378,-1.5707963267948966,-1.8692952583810758,-1.695151321341658,-1.8157749899217608,-1.5707963267948966,0.0,0.0,0.0,0.0,0.0,0.0,0.0,0.0,0.0,0.0,0.0,-1.633215136790854,-1.6010900867136717,-1.6010900867136717,-1.5444866095419745,-1.4659193880646628,-1.4432867685796584,-1.4940244355251187,-1.2882413743253092,-1.3397056595989996,-1.2397002500907646,-1.1705556697609225,-1.208252089530389,-1.3078015951139772,-1.1284221038181517,-1.1284221038181517,-0.9272952180016122,-1.2490457723982544,-0.24497866312686414,2.0344439357957027,2.214297435588181,1.6814535479687922,2.723368324010564,2.439335722080786,2.1224513093234436,1.5182132651839548,1.8622531212727638
2.998434565606144,0.0,0.1586552621864014,0.07677189126977804,0.09966865249116202,-0.09065988720074511,-0.26916749278570046,-0.3347368373168147,-0.34555558058171215,-0.372987721800061,-0.5880026035475675,-0.43662715981354133,-0.5516549825285468,-0.702256931509007,-0.982793723247329,-0.7853981633974483,-1.1071487177940904,-1.5707963267948966,3.141592653589793,3.141592653589793,2.961739153797315,2.999695598985629,2.8809902618424523,2.761086276477428,2.5088438185876103,2.843093722003614,2.601173153319209,0.0,0.0,0.0,0.0,0.0,0.0,0.0,0.0,0.0,0.0,0.0,3.141592653589793,-3.109345771154539,3.1145722044025286,-3.0451188784072065,-3.111298893671018,-3.024483909022929,-2.9340964271545906,-2.875340604438868,-2.961739153797315,-2.845046844520093,-2.9105019863938963,-2.7868870015788527,-2.831889709047337,-2.65711472455277,-2.875340604438868,-2.782821983319221,-2.843093722003614,-2.5535900500422257,-2.819842099193151,-1.373400766945016,-0.15264932839526515,0.21866894587394195,0.2984989315861793,-0.08314123188844123,0.27094685033842053,0.3217505543966422
0.3156156620387663,0.0,-0.3217505543966422,-0.4297622790966885,-0.4214192068878042,-0.4182243295792291,-0.3217505543966422,-0.6805212246672144,-0.7328151017865066,-0.5880026035475675,-0.844153986113171,-0.6947382761967031,-1.2722973952087173,-0.9505468408120752,-1.6539375586833378,-0.982793723247329,-2.191045812777718,-2.0899424410414196,2.999695598985629,3.141592653589793,2.9441970937399127,2.356194490192345,2.0988707752212563,2.173083672929861,2.191045812777718,2.20354516179708,1.9832067683922838,0.0,0.0,0.0,0.0,0.0,0.0,0.0,0.0,0.0,0.0,0.0,2.6135182051634334,2.691833040519954,2.6651252341160867,2.8555412118724752,2.766321830733836,2.7763912038016203,2.852617243597227,2.961739153797315,2.976443976175166,3.0045264792796056,2.938547436336328,2.976443976175166,3.1031500635686053,3.0419240010986313,3.141592653589793,3.058451421701352,2.896613990462929,-2.9441970937399127,-2.158798930342464,-0.7853981633974483,0.5191461142465229,0.08314123188844123,-0.21109333322274654,-0.3671738338182192,-0.06241880999595735,-0.21866894587394195
-2.38648825011112,0.0,1.0040671092713902,0.9179496956941223,0.9453112865556675,0.9505468408120752,0.8176450458327023,0.23374318086890142,0.2629947316809195,0.05258306161094172,0.29544083714372,-0.24497866312686414,-0.7853981633974483,0.3430239404207034,-0.5880026035475675,-0.4636476090008061,-1.373400766945016,-0.982793723247329,2.9441970937399127,1.892546881191539,1.4056476493802699,2.498091544796509,2.5088438185876103,2.0344439357957027,2.4668517113662407,2.0344439357957027,2.8555412118724752,0.0,0.0,0.0,0.0,0.0,0.0,0.0,0.0,0.0,0.0,0.0,-0.9357695914045828,-0.9025069079643125,-1.0516502125483738,-1.0808390005411683,-1.0563450137358688,-1.0074800653029286,-0.9272952180016122,-1.1284221038181517,-1.2870022175865687,-1.1071487177940904,-0.7853981633974483,-1.5707963267948966,-0.7853981633974483,-0.3217505543966422,-1.9591150449673627,-1.5707963267948966,-1.7033478590915707,-0.9097531579442097,-2.356194490192345,1.5707963267948966,2.922923707715851,1.4181469983996315,2.439335722080786,2.677945044588987,0.9964914966201949,1.1479424006619559
-2.9002371630143893,0.0,-1.1300454790154746,-1.0088747645380813,-1.2966288756752378,-1.0541011880326194,-1.602036160225165,-2.093585412175299,-1.4089588955564738,-2.3145519110937567,-2.370278066015205,-1.8545904360032244,-2.609868586330988,-2.393214606066275,-2.62244653934327,-1.1525719972156676,2.5829933382462307,1.892546881191539,1.4801364395941514,1.4288992721907328,1.3854483767992019,1.299849476456476,1.0303768265243125,1.120135000714263,1.0405805540182667,1.1441688336680205,1.178456182579381,0.0,0.0,0.0,0.0,0.0,0.0,0.0,0.0,0.0,0.0,0.0,2.0870269974066447,1.9974238199217726,2.1740261797195815,2.1815222911841055,2.097739553984326,2.1970577643936515,2.281067334281583,2.294544319553086,2.291069326857959,2.251317551462111,2.191045812777718,2.2752903910371143,2.29911370778608,2.2091161348039425,2.356194490192345,2.0647376957144776,-2.7367008673047097,-2.2455372690184494,-1.1071487177940904,0.668289418830584,2.729182211992406,-1.0863183977578734,-2.601173153319209,-0.8270407424960368,-0.8831250707561671,-0.9224643377076359
-0.32811989501530536,0.0,2.8899026818316065,-2.8572078769959344,3.141592653589793,2.880113837877544,-3.0535852800620527,2.580429241301441,-3.0404892818534948,-2.8828217616260954,2.782821983319221,-2.992702705980296,2.5702551737561663,2.498091544796509,2.137525544318403,2.408777551803287,1.97568811307998,1.5707963267948966,0.6435011087932844,1.2120256565243244,0.3217505543966422,-0.7086262721276703,-0.4182243295792291,-0.8124186125847132,-0.8058034940839864,-0.7551044034786732,-0.7583777142101835,0.0,0.0,0.0,0.0,0.0,0.0,0.0,0.0,0.0,0.0,0.0,0.6273081922757625,0.6032298529246849,0.6777082925646276,0.7853981633974483,0.6184279943725194,0.7509290623979403,0.7853981633974483,0.796386732080182,0.903888122555586,0.7109093731835666,0.7720656201033026,0.7288547264526309,0.6632029927060933,0.6747409422235526,0.8176450458327023,1.1659045405098132,0.7266423406817256,1.4940244355251187,0.11487660541689913,-2.999695598985629,-1.35970299357215,2.2455372690184494,-2.356194490192345,-2.1995926132103296,-2.9937432883310375,-2.668686049926864
-0.4764674194737067,0.0,-2.5672878234150915,-2.1662062022736293,-2.0210219230556117,-2.2083451249335893,-1.9061207081099079,-2.5040438554511004,-2.044647663289657,-1.6814535479687922,-2.2226654411004736,-3.0090411212931194,-1.892546881191539,-2.4805494847391065,-2.961739153797315,-2.8068558162729786,2.601173153319209,-0.24497866312686414,1.5707963267948966,1.2490457723982544,1.0222469243443686,0.21109333322274654,0.8124186125847132,0.7551044034786732,0.691336928769462,1.0603080048781208,1.0062269331267966,0.0,0.0,0.0,0.0,0.0,0.0,0.0,0.0,0.0,0.0,0.0,-0.04164257909858842,0.017542060057402487,-0.01817981507297828,0.18362232616928015,0.23684876094692026,0.19063890591409552,0.5232783221319756,0.5971766580926775,0.3168244858682192,0.41987995720555177,0.6316906343389693,0.5651494400067594,0.8210972760767723,0.5585993153435624,0.4636476090008061,0.6000502134017536,0.0,1.719686274404394,-0.4899573262537283,-0.07677189126977804,0.058755822715722696,-0.5123894603107377,-2.819842099193151,-1.6775319994440323,-2.2455372690184494,-2.3386524301349425
-0.5349550737860964,0.0,2.960272879188303,2.388441372627599,2.677945044588987,2.5360479899848234,1.7577755967138078,2.5535900500422257,1.4940244355251187,1.9928013566971143,2.214297435588181,2.184003675669406,1.8157749899217608,1.3654009376051293,2.060753653048625,1.7359450042095235,0.982793723247329,-0.8960553845713439,-1.0768549578753155,-1.3258176636680326,-1.1824776086224307,-1.6539375586833378,-1.1263771168937977,-1.1071487177940904,-1.5707963267948966,-1.5707963267948966,-1.6162196062164735,0.0,0.0,0.0,0.0,0.0,0.0,0.0,0.0,0.0,0.0,0.0,-1.115345255544003,-1.075244653309068,-0.9716210038085897,-0.8960553845713439,-0.946160904023283,-0.7853981633974483,-0.7971623265472071,-0.9380474917927135,-0.6624262938331512,-0.6632029927060933,-0.7328151017865066,-0.73139666302148,-0.7641247773733871,-0.6055446636049701,-1.1071487177940904,-0.35299038782691045,-0.3906070436976868,-0.08314123188844123,-0.5516549825285468,2.9147938055359073,3.141592653589793,2.0778948311872334,-2.356194490192345,2.297438667476622,2.5636907166275478,2.7492525093742772
-2.1357904390613704,0.0,2.875340604438868,-2.5702551737561663,-2.677945044588987,-2.4805494847391065,-2.896613990462929,-2.0344439357957027,-1.7975951748487824,-1.5707963267948966,-1.3909428270024184,-1.5208379310729538,-1.0636978224025597,-1.8018869939907938,-1.6657480331376529,-1.35970299357215,-1.2847448850775784,-1.2220253232109897,-1.2120256565243244,-0.7531512809621944,-1.3370531459259951,-0.9272952180016122,-0.5743048301747018,-0.507098504392337,-0.3217505543966422,-0.16514867741462683,-0.3217505543966422,0.0,0.0,0.0,0.0,0.0,0.0,0.0,0.0,0.0,0.0,0.0,-1.7234456551901618,-1.837048375945822,-1.4994888620096063,-2.782821983319221,-2.408777551803287,-2.297438667476622,-2.6992184306130484,-2.651635327336065,-2.5652174329986095,-2.8023000391357487,-3.108271657711546,-2.896613990462929,-2.904743892642873,3.0903554861863745,3.064820762320015,3.0107652575157364,2.9562447035940984,2.840672419229368,2.875340604438868,2.8095331860469077,-3.0348569809406576,2.8305943729842524,2.922923707715851,2.5065659181994793,2.609868586330988,2.7187387274568526
2.420433465633635,0.0,-2.356194490192345,-2.9441970937399127,-1.4994888620096063,-1.3439974787410107,-1.0303768265243125,-0.43240777557053783,-0.6747409422235526,-0.6857295109062863,-0.628796286415433,-0.21866894587394195,-0.21406068356382152,-0.982793723247329,-0.33667481938672716,-0.4398425828157362,-0.4444192099010989,-0.2730087030867106,-0.034469100999508014,0.11710874456686428,0.3217505543966422,0.7853981633974483,0.7454194762741583,0.507098504392337,1.0222469243443686,1.2924966677897853,1.5707963267948966,0.0,0.0,0.0,0.0,0.0,0.0,0.0,0.0,0.0,0.0,0.0,-0.7378150601204649,-0.4636476090008061,-0.507098504392337,-1.1383885512243588,-1.5707963267948966,-2.060753653048625,-1.3633001003596938,-1.7126933813990606,-1.8804992713373527,-1.9591150449673627,-2.0701430484750265,-2.137525544318403,-2.0481417091685685,-2.086345334253876,-2.0491487581735544,-2.0516836069902324,-2.1975392280059434,-2.44293282886833,-2.372066173184135,-2.356194490192345,-2.609868586330988,-2.224879051209257,-2.356194490192345,-2.0812846487116725,-2.2848870254070546,-2.601173153319209
-2.1357904390613704,0.0,-1.2490457723982544,-2.0899424410414196,-1.1902899496825317,-1.4994888620096063,1.892546881191539,-0.3392926144540447,-0.4636476090008061,-0.7853981633974483,-0.27829965900511133,-0.11710874456686428,0.18822150530477075,0.19739555984988075,-0.37089128881266237,0.13255153229667402,0.20749622643520266,0.37089128881266237,0.7419472680059175,0.7853981633974483,0.6747409422235526,0.8288490587889792,0.982793723247329,1.4711276743037347,1.642103791580187,1.512040504079174,2.5308666892005847,0.0,0.0,0.0,0.0,0.0,0.0,0.0,0.0,0.0,0.0,0.0,-0.982793723247329,-0.5191461142465229,-0.982793723247329,-1.7894652726688385,-1.6539375586833378,-1.5707963267948966,-2.3036114285814033,-2.0344439357957027,-1.750649826587375,-1.719686274404394,-1.849095985800008,-2.0503156187874927,-2.312743594800814,-2.125103822996448,-2.0852476398539244,-2.234842489621581,-2.3062360944704023,-2.214297435588181,-2.4719537079131557,-1.892546881191539,-2.403777593469328,-2.5308666892005847,-2.2318394956455836,-2.5269297016676275,-2.178598322908857,-2.539305307454829
0.3156156620387663,0.0,2.761086276477428,2.961739153797315,2.356194490192345,-2.158798930342464,-2.356194490192345,-2.2318394956455836,-2.158798930342464,-1.892546881191539,-2.173083672929861,-1.97568811307998,-1.5707963267948966,-1.8622531212727638,-1.6183794300718801,-1.9936502529278373,-1.7561442767905915,-1.5707963267948966,-1.2315037123408519,-1.2315037123408519,-0.9151007005533605,-1.3258176636680326,-0.6435011087932844,-0.7853981633974483,-0.7853981633974483,-0.7853981633974483,-0.14189705460416394,0.0,0.0,0.0,0.0,0.0,0.0,0.0,0.0,0.0,0.0,0.0,-1.7126933813990606,-1.8157749899217608,-2.62244653934327,-2.214297435588181,-2.289626326416521,-2.356194490192345,-2.761086276477428,-3.064820762320015,-3.046640947247037,-3.0419240010986313,3.0940095503128098,-2.8555412118724752,2.969401839066854,3.061762667877556,3.026716048172894,2.9829373914033916,2.796037073008081,2.6590793585673165,2.6292031932790554,2.38648825011112,2.4668517113662407,2.356194490192345,2.961739153797315,2.593043251139265,2.723368324010564,2.819842099193151
-0.8113663506090047,0.0,-2.316215803069055,-2.158798930342464,-1.7894652726688385,-1.5707963267948966,-0.6107259643892086,-0.8760580505981934,-0.348771003583907,-0.7853981633974483,-0.5667292175235064,-0.6055446636049701,-0.3906070436976868,-0.7188299996216245,-0.24497866312686414,-0.3805063771123649,-0.22347660114063303,-0.047583103276983396,0.07677189126977804,-0.10487693873023389,0.6947382761967031,0.5317240672588056,0.8224182792713783,1.1659045405098132,1.042721878368537,1.1071487177940904,1.6814535479687922,0.0,0.0,0.0,0.0,0.0,0.0,0.0,0.0,0.0,0.0,0.0,-0.960070362405688,-0.982793723247329,-0.9505468408120752,-1.2490457723982544,-1.3439974787410107,-1.8157749899217608,-1.8018869939907938,-2.158798930342464,-1.9100889412489412,-2.214297435588181,-2.0344439357957027,-2.2455372690184494,-2.316215803069055,-2.356194490192345,-2.20354516179708,-2.201875714266226,-2.132717889051712,-2.455863142683507,-2.471071095609244,-2.4905159321453136,-2.6954871046463897,-2.746801533890032,-2.5269297016676275,-2.4668517113662407,-2.601173153319209,-2.831889709047337
0.3156156620387663,0.0,-0.7853981633974483,-2.4668517113662407,0.0,-0.7086262721276703,-0.6107259643892086,-0.21866894587394195,0.0,-0.24497866312686414,0.3947911196997615,-0.13255153229667402,0.7483780475235183,0.15660187698201536,-0.24497866312686414,-0.37089128881266237,0.1586552621864014,0.28379410920832787,0.3217505543966422,0.6947382761967031,0.6857295109062863,0.8960553845713439,0.9380474917927135,0.8288490587889792,1.446441332248135,1.446441332248135,2.0344439357957027,0.0,0.0,0.0,0.0,0.0,0.0,0.0,0.0,0.0,0.0,0.0,0.0,0.0,-0.4636476090008061,-0.3947911196997615,-0.17985349979247828,-1.0191413442663497,-0.9994588469612699,-1.1071487177940904,-1.1071487177940904,-1.0460005551447893,-1.1479424006619559,-1.4909663410826592,-1.4121410646084953,-1.512040504079174,-1.6539375586833378,-1.6010900867136717,-1.4288992721907328,-1.6539375586833378,-1.7257930687188376,-1.7415315382701795,-2.0091328866528544,-1.5707963267948966,-1.6756732655251305,-2.191045812777718,-1.8804992713373527,-2.173083672929861
0.3156156620387663,0.0,1.2490457723982544,1.2490457723982544,2.5360479899848234,2.158798930342464,2.875340604438868,2.214297435588181,-2.761086276477428,2.9562447035940984,2.647651284670212,-2.819842099193151,2.8785979219088738,-3.096169374168216,3.0060649396042924,-3.050932766389048,-3.104572537715863,-2.8023000391357487,-2.714965160462917,-2.896613990462929,-2.723368324010564,-2.516107613350564,-2.1112158270654806,-2.396173177315635,-1.856847768512215,-2.0899424410414196,-1.97568811307998,0.0,0.0,0.0,0.0,0.0,0.0,0.0,0.0,0.0,0.0,0.0,2.7367008673047097,-2.819842099193151,2.601173153319209,2.356194490192345,2.0899424410414196,2.214297435588181,2.1995926132103296,1.7234456551901618,1.6814535479687922,1.7975951748487824,1.7234456551901618,1.4940244355251187,1.433730152484709,1.477319545636307,1.6041173226731438,1.433730152484709,1.3633001003596938,1.1849136573968229,1.2882413743253092,1.2924966677897853,0.9629943306809362,1.0714496051147666,1.0863183977578734,1.2068173702852525,1.0040671092713902,1.2847448850775784
-0.4764674194737067,0.0,-0.5633162614919681,-0.6947382761967031,-0.5880026035475675,-0.6747409422235526,-0.6947382761967031,-1.0460005551447893,-0.9272952180016122,-0.9179496956941223,-1.039072259536091,-1.0768549578753155,-1.1071487177940904,-1.4181469983996315,-1.0768549578753155,-0.8760580505981934,-0.982793723247329,-0.8960553845713439,0.7853981633974483,0.982793723247329,0.4636476090008061,1.5707963267948966,1.2490457723982544,1.460139105621001,1.2924966677897853,1.4994888620096063,1.512040504079174,0.0,0.0,0.0,0.0,0.0,0.0,0.0,0.0,0.0,0.0,0.0,2.692869309579072,2.723368324010564,2.720173446701989,2.664247271216121,2.6888141817662574,2.6658974347348012,2.796945337971767,2.819842099193151,2.7403638545849445,2.835713782184941,2.8890383778117337,2.8809902618424523,2.831889709047337,2.7532739354173272,2.8501358591119264,2.601173153319209,3.070285188804503,2.782821983319221,2.677945044588987,0.4636476090008061,0.7853981633974483,0.16514867741462683,-0.4636476090008061,-0.49394136891958124,-0.4636476090008061,-0.40489178628508343
-1.9058794244856845,0.0,-2.2531128816696446,-2.2455372690184494,-2.2455372690184494,-2.44685437739309,-2.293775680196388,-2.5829933382462307,-2.677945044588987,-2.7928216500058864,-2.5899376710612465,-2.782821983319221,-2.6992184306130484,-2.677945044588987,-2.843093722003614,-2.356194490192345,-2.601173153319209,-2.158798930342464,2.356194490192345,-0.6435011087932844,-0.6747409422235526,-0.4636476090008061,-0.5404195002705842,-0.4636476090008061,-0.14189705460416394,-0.4636476090008061,-0.4266274931268761,0.0,0.0,0.0,0.0,0.0,0.0,0.0,0.0,0.0,0.0,0.0,0.960070362405688,0.866302262552679,0.8960553845713439,0.8960553845713439,0.9048270894157867,0.8870870151605253,0.9907935525872157,1.0552473193359175,1.0121970114513341,1.09432890732119,1.1324597669369387,1.047518004662921,1.2160906747839564,1.124690777851493,1.2490457723982544,1.0303768265243125,1.2490457723982544,1.2793395323170296,0.0,0.0,-2.356194490192345,-1.97568811307998,-1.8157749899217608,-2.297438667476622,-2.316215803069055,-2.0778948311872334
-0.4764674194737067,0.0,2.6607053733944572,3.0132694259039985,2.896613990462929,2.782821983319221,2.5535900500422257,2.6607053733944572,2.677945044588987,2.692869309579072,2.452668265374932,2.293775680196388,2.158798930342464,2.677945044588987,2.2655346029916,2.214297435588181,2.62244653934327,2.714965160462917,0.0,-0.40489178628508343,-0.6107259643892086,-1.3439974787410107,-0.7188299996216245,-1.2847448850775784,-1.217805938967986,-1.1071487177940904,-1.0222469243443686,0.0,0.0,0.0,0.0,0.0,0.0,0.0,0.0,0.0,0.0,0.0,-0.6162969373960713,-0.7853981633974483,-0.5645693936681,-0.5667292175235064,-0.4973427163468224,-0.4773453823736719,-0.6022873461349642,-0.6383198080090459,-0.6022873461349642,-0.420663349133035,-0.4089078289509254,-0.40489178628508343,-0.22679884805388587,-0.5467888408892474,-0.40489178628508343,-0.09065988720074511,-0.4636476090008061,0.507098504392337,-1.1659045405098132,-1.5707963267948966,-0.4636476090008061,-3.0419240010986313,2.761086276477428,2.922923707715851,2.746801533890032,3.0060649396042924
-0.32811989501530536,0.0,0.8353565591193911,1.1571071135160333,0.1869792699189111,1.0951011079399045,0.8345388978134685,0.7590884461445261,0.6504214135435249,0.21608497229678642,0.7610127542247298,0.28805544705062586,0.8148014516014535,0.037020115873930025,0.21406068356382152,1.1232763516377267,0.4636476090008061,1.4056476493802699,2.2455372690184494,-2.819842099193151,2.788602265762883,-2.761086276477428,2.9533711482850227,2.8461518164460733,3.0419240010986313,3.0309354324158977,2.7776136970801493,0.0,0.0,0.0,0.0,0.0,0.0,0.0,0.0,0.0,0.0,0.0,-2.0425738379756466,-2.09223076656664,-1.8705723968948762,-1.8639832233527789,-1.9974238199217726,-1.9401299844685223,-1.8288035686588517,-1.7963975706309205,-2.028271174690922,-1.674896264904496,-1.9157985040020018,-1.5707963267948966,-1.8466022253834191,-1.7590178320996674,-1.7359450042095235,-1.9631364710104124,-1.6030432092301505,-1.9576720445259248,-1.1071487177940904,-1.0714496051147666,-2.976443976175166,1.446441332248135,-3.050932766389048,1.382574821490126,0.6132073488745093,0.09966865249116202
0.3156156620387663,0.0,1.7315590674207313,2.4629301628414804,2.9533711482850227,1.837048375945822,2.0503156187874927,1.4801364395941514,1.4288992721907328,2.645169900184911,2.2390857456254807,1.2387368592520112,0.8198672643969563,2.8023000391357487,2.0899424410414196,1.0191413442663497,1.460139105621001,1.4288992721907328,-0.7853981633974483,-0.4636476090008061,-2.819842099193151,-1.5152978215491797,-1.97568811307998,-1.6064954394742206,-2.0152155366959956,-2.0344439357957027,-1.7211677548020312,0.0,0.0,0.0,0.0,0.0,0.0,0.0,0.0,0.0,0.0,0.0,-1.2953702230988613,-1.2737321144538538,-1.3952041648447164,-1.3574276846430886,-1.3111666973866392,-1.2231894670389947,-1.2578950989145121,-1.1640492550689256,-1.1205707305341817,-1.0863183977578734,-1.059240199624591,-0.9526521008597094,-0.9017533286043231,-1.1071487177940904,-1.219351532791345,-0.7520771675192011,-0.6747409422235526,0.09065988720074511,-1.5707963267948966,1.6704649792860586,2.961739153797315,2.214297435588181,1.7126933813990606,2.7928216500058864,2.2769954192228936,2.312743594800814
-0.3666376408401143,0.0,-0.8253768505207384,0.0,0.14816002073183138,0.11065722117389565,-0.6014547068602731,-0.28379410920832787,-0.10673567264913565,-0.6478114269270985,0.039978687123290044,-0.04345089539153084,0.08673833867598511,-0.5880026035475675,-1.1071487177940904,-1.464060654145761,-0.21109333322274654,-1.0303768265243125,1.2490457723982544,2.356194490192345,1.0191413442663497,2.2455372690184494,1.856847768512215,1.892546881191539,2.356194490192345,2.2318394956455836,1.979704155745822,0.0,0.0,0.0,0.0,0.0,0.0,0.0,0.0,0.0,0.0,0.0,-2.9267772531881344,-2.8736822311664536,-2.810038491713855,-2.7878895075086714,-2.853005291695716,-2.7667519382341954,-2.8473580884786056,-2.926234953892055,-2.782821983319221,-2.712414145588495,-2.6328628292742398,-2.8375917142496485,-2.721395939980518,-2.769524894731673,-2.8068558162729786,3.112189365385788,0.0,-2.7928216500058864,-2.9504081939927786,3.141592653589793,-0.09065988720074511,1.892546881191539,1.039072259536091,0.3805063771123649,0.0696545737285682,-0.8329812666744317
2.998434565606144,0.0,-1.6195381781048281,-0.5713374798336268,-1.2145766713987465,-1.2277723863741932,-1.6262948320406134,-1.6517004259501271,-1.3101939350475555,-2.0874914655571737,0.0,-1.4327903031373772,-1.446441332248135,-1.442473099109102,-2.173083672929861,-2.0344439357957027,-2.297438667476622,-1.3258176636680326,-1.5707963267948966,0.16514867741462683,0.35877067027057225,0.9151007005533605,0.6556956262415362,1.1441688336680205,1.373400766945016,1.2036224929766774,1.1839206090638685,0.0,0.0,0.0,0.0,0.0,0.0,0.0,0.0,0.0,0.0,0.0,1.5350972141155728,1.6648575614228829,1.503103304100928,1.6672701019774836,1.5707963267948966,1.6672701019774836,1.7083830632652466,1.7928782287003768,1.7894652726688385,1.8417431771333173,1.9401299844685223,1.9091199493041562,2.000558605891585,1.6461252176232368,1.8580777801920307,2.0344439357957027,2.2197918857913974,1.6233793884058383,2.2655346029916,-2.714965160462917,-3.0828368308740703,-1.446441332248135,-1.6041173226731438,-0.681298225287849,-1.923786714621807,-0.7328151017865066
3.141592653589793,0.0,-2.617673305904594,-2.2058230621852104,-1.8797270707186382,-2.819842099193151,-2.210566109621522,-2.7656316997184875,-2.4116929954380617,-2.2197918857913974,-3.017237659043032,-2.44685437739309,3.0771658141642395,2.838707785214822,-2.488746022489019,-2.3305590816706676,-2.408777551803287,-1.642103791580187,-1.1902899496825317,-1.1071487177940904,1.1902899496825317,-0.5280744484263596,0.23109066719589708,-0.27829965900511133,-0.18311081726248413,-0.0964737751825869,-0.25255427577805956,0.0,0.0,0.0,0.0,0.0,0.0,0.0,0.0,0.0,0.0,0.0,0.9391056924559273,0.9357695914045828,0.9505468408120752,0.995724037062506,0.9561333748727311,1.0229327952930611,1.0405805540182667,1.0738277219158434,1.0845536937073916,1.1071487177940904,1.2746811809199319,0.9570262317783282,1.2746811809199319,1.1659045405098132,0.9544993893988254,1.3876855095324125,1.176005207095135,0.7853981633974483,0.5713374798336268,-1.9513027039072615,1.9513027039072615,-1.6183794300718801,-1.501939837493852,-1.4876550949064553,-2.171870081292646,-1.2793395323170296
-2.825976991551027,0.0,1.2490457723982544,1.0768549578753155,1.5707963267948966,1.7234456551901618,1.7359450042095235,2.714965160462917,2.9562447035940984,2.408777551803287,2.761086276477428,2.704965493776252,2.761086276477428,2.743070207923373,2.539305307454829,2.875340604438868,2.992702705980296,3.1016139664665032,-3.036715714859559,-3.0750244898139694,-2.9147938055359073,-2.403777593469328,-2.3191743743184148,-2.677945044588987,-2.432966381462123,-2.0701430484750265,-1.633215136790854,0.0,0.0,0.0,0.0,0.0,0.0,0.0,0.0,0.0,0.0,0.0,2.0344439357957027,1.892546881191539,1.9974238199217726,1.446441332248135,1.4382447944982226,1.2220253232109897,1.4181469983996315,0.9272952180016122,0.8818719385800352,0.9272952180016122,0.9025069079643125,0.5971766580926775,0.901157381118259,0.9025069079643125,0.65788860518221,0.5880026035475675,0.636508215787951,0.8097835725701669,0.5779019369622457,0.5349550737860964,0.4795192919925962,0.09495170634275632,0.29544083714372,0.12435499454676144,0.4636476090008061,0.5667292175235064
3.141592653589793,0.0,-1.6657480331376529,-1.373400766945016,-1.5707963267948966,-1.4801364395941514,-1.5232132235179132,-1.6124389058934852,-1.878849107818673,-1.6162196062164735,-1.7590178320996674,-1.7454685258031364,-1.9974238199217726,-1.8337910584758161,-2.007423486608438,-3.017237659043032,2.9147938055359073,-2.403777593469328,2.356194490192345,-1.1071487177940904,0.6947382761967031,-1.3258176636680326,2.976443976175166,0.9151007005533605,1.6262948320406134,0.8288490587889792,1.1902899496825317,0.0,0.0,0.0,0.0,0.0,0.0,0.0,0.0,0.0,0.0,0.0,2.0533096218173736,1.9591150449673627,1.9631364710104124,1.9853032013796825,2.0491487581735544,1.9018924034990288,2.14717154738608,2.17084654019665,1.9040406279065694,2.321725389192837,2.0344439357957027,2.5378433201923567,2.3062360944704023,2.2197918857913974,2.896613990462929,2.0344439357957027,2.191045812777718,1.687905071361761,1.892546881191539,-2.0344439357957027,2.8023000391357487,-1.512040504079174,2.2455372690184494,-1.9379701606131159,-1.5042281630190728,-1.727398203776912
0.3156156620387663,0.0,-2.356194490192345,-1.892546881191539,-2.356194490192345,3.141592653589793,-1.1441688336680205,-1.512040504079174,-1.3521273809209546,-1.4801364395941514,-1.5707963267948966,-1.512040504079174,-1.3352513460740332,-1.3370531459259951,-1.1902899496825317,-1.2277723863741932,-1.0563450137358688,-1.2827408797442708,-0.9025069079643125,-0.9561333748727311,-0.15660187698201536,-0.35299038782691045,-0.33667481938672716,0.0,0.21866894587394195,0.17219081452293902,0.35877067027057225,0.0,0.0,0.0,0.0,0.0,0.0,0.0,0.0,0.0,0.0,0.0,-1.2490457723982544,-0.9272952180016122,-1.9100889412489412,-1.6475682180646747,-2.761086276477428,-2.5652174329986095,-2.2390857456254807,-2.388441372627599,-2.654693421778524,-2.4756234162106834,-2.694072678432623,-2.766321830733836,-2.9037567261323427,-2.961739153797315,-3.0309354324158977,-2.902361053626133,-3.0202406530190298,-3.113028995751033,-2.968346987137428,3.141592653589793,3.141592653589793,3.141592653589793,3.141592653589793,3.0060649396042924,3.0419240010986313,3.0419240010986313
-0.8176450458327023,0.0,-1.4288992721907328,-0.9652516631899266,-1.3045442776439713,-0.6947382761967031,0.7853981633974483,-0.08314123188844123,0.06656816377582381,0.0,0.3947911196997615,0.4636476090008061,0.4266274931268761,0.27829965900511133,0.09966865249116202,0.6202494859828215,0.25732371497108864,0.6022873461349642,0.7328151017865066,0.8139618212362083,0.9505468408120752,1.5083775167989393,0.9652516631899266,1.8018869939907938,1.5083775167989393,1.7234456551901618,2.2655346029916,0.0,0.0,0.0,0.0,0.0,0.0,0.0,0.0,0.0,0.0,0.0,0.2914567944778671,-0.09065988720074511,-0.3217505543966422,-0.4636476090008061,-0.7853981633974483,-0.5585993153435624,-0.8253768505207384,-0.8884797719201485,-0.866302262552679,-1.0863183977578734,-1.1071487177940904,-1.042721878368537,-1.201462669121271,-1.4288992721907328,-1.319793640151862,-1.460139105621001,-1.5102643070127895,-1.5042281630190728,-1.332960399337446,-1.6041173226731438,-1.5374753309166493,-1.873681195169868,-1.5707963267948966,-1.5707963267948966,-1.7033478590915707,-1.1902899496825317
0.3156156620387663,0.0,-2.498091544796509,-1.849095985800008,-0.7853981633974483,-1.4056476493802699,-0.21866894587394195,-0.40489178628508343,-0.5280744484263596,0.0,-0.35877067027057225,0.0,0.23109066719589708,0.06241880999595735,0.15660187698201536,0.348771003583907,0.3805063771123649,0.2662520491509254,0.7853981633974483,0.9151007005533605,0.48689923181126904,0.7188299996216245,0.7853981633974483,1.1722738811284763,1.4056476493802699,1.7681918866447774,1.5707963267948966,0.0,0.0,0.0,0.0,0.0,0.0,0.0,0.0,0.0,0.0,0.0,-0.40489178628508343,-0.7853981633974483,-1.0516502125483738,-0.7853981633974483,-0.9994588469612699,-1.1383885512243588,-1.1525719972156676,-1.1071487177940904,-1.512040504079174,-1.396124127786657,-1.729451588981298,-1.7607846147136124,-2.0481417091685685,-1.8622531212727638,-1.9138202672156,-2.000558605891585,-1.825978717415715,-1.892546881191539,-1.9591150449673627,-1.9513027039072615,-1.9379701606131159,-2.1815222911841055,-1.8417431771333173,-1.9347752833045406,-1.965587446494658,-2.2455372690184494
-2.690139562037239,0.0,-2.896613990462929,-0.83798122500839,-1.0121970114513341,-0.5191461142465229,0.7853981633974483,0.3805063771123649,0.4993467216801301,0.9272952180016122,0.8253768505207384,0.6435011087932844,0.4636476090008061,0.8960553845713439,0.9151007005533605,1.1659045405098132,0.982793723247329,1.3045442776439713,1.4141944498128813,1.373400766945016,1.446441332248135,1.4659193880646628,1.695151321341658,1.965587446494658,1.460139105621001,2.5899376710612465,2.4149503129080676,0.0,0.0,0.0,0.0,0.0,0.0,0.0,0.0,0.0,0.0,0.0,0.5880026035475675,0.0,-0.4182243295792291,0.0,-0.4636476090008061,-0.7188299996216245,-0.8685393952858895,-0.6659692373791098,-0.9685089806599324,-0.9048270894157867,-0.9272952180016122,-0.8902751021276822,-1.089909046599561,-1.1618884978439712,-1.14660191889113,-0.9197196053504169,-1.4743225516123097,-1.1618884978439712,-1.5707963267948966,-1.4711276743037347,-1.2870022175865687,-1.176005207095135,-0.8960553845713439,-1.5182132651839548,-1.6162196062164735,-1.2793395323170296
2.941764008516803,0.0,0.5404195002705842,-0.8288490587889792,0.0,0.0,0.4993467216801301,0.8960553845713439,1.373400766945016,0.8850668158886104,1.042721878368537,1.6262948320406134,1.4758446204521403,1.892546881191539,1.1284221038181517,1.3045442776439713,1.4840579881189115,1.4909663410826592,1.695151321341658,1.6657480331376529,1.7590178320996674,2.1995926132103296,2.2655346029916,2.609868586330988,2.455863142683507,2.729182211992406,-2.8023000391357487,0.0,0.0,0.0,0.0,0.0,0.0,0.0,0.0,0.0,0.0,0.0,0.9272952180016122,1.5707963267948966,0.8850668158886104,0.6747409422235526,0.16514867741462683,0.3947911196997615,-0.22679884805388587,0.08673833867598511,0.21866894587394195,-0.04164257909858842,-0.1470783553884025,0.05258306161094172,-0.11065722117389565,-0.6857295109062863,-0.6055446636049701,-0.6107259643892086,-0.6132073488745093,-0.7641247773733871,-0.507098504392337,-0.7568345055586884,-0.8308214428190254,-0.7483780475235183,-0.5280744484263596,-0.8353565591193911,-0.6327488350021832,-0.714090698612158
-0.5349550737860964,0.0,-0.5404195002705842,0.9505468408120752,0.982793723247329,0.844153986113171,1.5707963267948966,1.8157749899217608,1.7894652726688385,1.3045442776439713,1.373400766945016,1.3439974787410107,1.6262948320406134,1.6856729322117958,1.5707963267948966,1.8622531212727638,1.923786714621807,1.8337910584758161,1.9513027039072615,2.4668517113662407,2.095592098445004,2.5308666892005847,2.5535900500422257,2.9147938055359073,3.017237659043032,2.896613990462929,3.017237659043032,0.0,0.0,0.0,0.0,0.0,0.0,0.0,0.0,0.0,0.0,0.0,2.158798930342464,1.5707963267948966,0.7853981633974483,0.9272952180016122,0.5667292175235064,0.3217505543966422,0.2984989315861793,0.0,0.11065722117389565,0.24497866312686414,0.21109333322274654,0.04345089539153084,-0.060532019782107135,0.07130746478529032,-0.09347678115858947,0.0,-0.35470565201094034,-0.12435499454676144,-0.348771003583907,-0.47835243137865757,-0.10308160852270024,-0.28379410920832787,-0.348771003583907,-0.21406068356382152,-0.39852244566642026,-0.507098504392337
3.141592653589793,0.0,2.875340604438868,-2.0344439357957027,2.356194490192345,-1.3521273809209546,-1.5707963267948966,-2.0988707752212563,-2.1112158270654806,-1.750649826587375,-1.687905071361761,-1.313472611823808,-1.5253730473733196,-1.4382447944982226,-1.1902899496825317,-1.1824776086224307,-1.313472611823808,-1.0303768265243125,-0.5585993153435624,-1.0584068664841588,-0.7853981633974483,-0.7853981633974483,-0.3347368373168147,-0.27094685033842053,-0.21109333322274654,0.43240777557053783,0.27094685033842053,0.0,0.0,0.0,0.0,0.0,0.0,0.0,0.0,0.0,0.0,0.0,-2.4668517113662407,-2.356194490192345,-2.44685437739309,-2.279422598922567,-2.403777593469328,-2.8809902618424523,-3.036715714859559,-3.036715714859559,3.141592653589793,3.141592653589793,2.819842099193151,3.1016139664665032,2.9441970937399127,2.8590377011202057,2.7509856098921066,2.729182211992406,2.689438791304018,2.7868870015788527,2.9516043656710775,2.694072678432623,2.5308666892005847,2.5032728455807476,2.7367008673047097,2.5748634360662868,2.711830374493105,2.432966381462123
3.141592653589793,0.0,-1.6539375586833378,-1.4288992721907328,-0.5585993153435624,-0.3671738338182192,-0.6747409422235526,0.0,0.0,-0.09065988720074511,0.0,0.058755822715722696,0.1297025371559121,-0.372987721800061,0.41012734054149097,0.0,0.37089128881266237,0.6610431688506869,0.24497866312686414,0.4124104415973873,0.9652516631899266,0.9179496956941223,1.0838970949836275,1.1263771168937977,1.4056476493802699,1.9195673303788037,1.873681195169868,0.0,0.0,0.0,0.0,0.0,0.0,0.0,0.0,0.0,0.0,0.0,0.09966865249116202,-0.43662715981354133,-0.6202494859828215,-1.0303768265243125,-0.6435011087932844,-0.83798122500839,-1.373400766945016,-0.8224182792713783,-1.0636978224025597,-1.5182132651839548,-1.6064954394742206,-1.6078164426688266,-1.695151321341658,-1.5707963267948966,-1.7234456551901618,-1.776191715984664,-1.5102643070127895,-1.5707963267948966,-1.7211677548020312,-1.7359450042095235,-1.892546881191539,-2.0169018757383004,-1.9513027039072615,-2.0106389096106327,-2.0131705497716417,-2.279422598922567
3.141592653589793,0.0,-1.5707963267948966,-0.3217505543966422,-1.3397056595989996,-0.5585993153435624,0.4636476090008061,1.5707963267948966,0.7853981633974483,0.8519663271732721,0.6857295109062863,0.6022873461349642,0.6055446636049701,0.6435011087932844,0.9723774333163594,0.9561333748727311,0.43662715981354133,1.1071487177940904,1.2793395323170296,1.2490457723982544,1.1659045405098132,1.7063240407803975,1.633215136790854,1.7561442767905915,2.256525837701183,2.5899376710612465,2.5702551737561663,0.0,0.0,0.0,0.0,0.0,0.0,0.0,0.0,0.0,0.0,0.0,-0.21866894587394195,-0.4636476090008061,-0.8329812666744317,-0.6747409422235526,-1.2490457723982544,-1.4056476493802699,-1.0808390005411683,-1.1309537439791604,-0.8288490587889792,-1.6142472221864275,-1.4382447944982226,-1.460139105621001,-1.3078015951139772,-1.5707963267948966,-1.3909428270024184,-1.2397002500907646,-1.5422326689561365,-1.5413930385908916,-1.7257930687188376,-1.5707963267948966,-1.6914199953749993,-2.0701430484750265,-1.750649826587375,-1.1978086049948355,-1.4840579881189115,-1.941687615607559
-0.8176450458327023,0.0,-2.321725389192837,-1.7782925532300993,-1.5707963267948966,-2.0778948311872334,-1.5337762109209665,-1.9401299844685223,-2.0988707752212563,-2.1341125882868646,-1.8662371639386166,-2.14717154738608,-2.129395642138459,-2.1451011569695986,-2.2367655641740063,-2.279422598922567,-2.7928216500058864,-2.62244653934327,-2.5829933382462307,2.2455372690184494,-2.9441970937399127,1.8157749899217608,1.5707963267948966,1.4288992721907328,1.3521273809209546,1.3258176636680326,1.1441688336680205,0.0,0.0,0.0,0.0,0.0,0.0,0.0,0.0,0.0,0.0,0.0,1.3258176636680326,1.3521273809209546,1.4711276743037347,1.382574821490126,1.5273454314033659,1.5707963267948966,1.6124389058934852,1.7607846147136124,1.8157749899217608,1.825978717415715,1.8157749899217608,1.97568811307998,1.7942729279355296,2.0344439357957027,2.2455372690184494,2.158798930342464,2.0988707752212563,2.356194490192345,2.356194490192345,-2.356194490192345,-1.97568811307998,1.892546881191539,-2.0344439357957027,-2.5308666892005847,-2.498091544796509,-1.6575346654708818
0.3156156620387663,0.0,3.079173843593836,-2.968346987137428,-3.085049216644976,-2.9788652789494123,2.8869679873952516,3.0903554861863745,2.994514298201391,3.062393582620342,2.9105019863938963,2.4602944283019443,2.5065659181994793,1.9467572806662023,1.8588517738455226,2.316215803069055,2.0106389096106327,1.4352686128093959,1.176005207095135,1.892546881191539,0.0,0.0,-0.22679884805388587,-0.6747409422235526,-0.8353565591193911,-0.6805212246672144,-0.7631795980707292,0.0,0.0,0.0,0.0,0.0,0.0,0.0,0.0,0.0,0.0,0.0,0.5028432109278608,0.37206775885812043,0.6627295078929916,0.5543074962015512,0.7604033697785282,0.7086262721276703,0.7188299996216245,0.7492693128846728,0.8097835725701669,0.9171604298753748,0.8253768505207384,0.906021831977551,0.7366563120875167,0.7853981633974483,0.9324765187858508,1.2679114584199251,1.2882413743253092,2.0344439357957027,1.1071487177940904,1.1525719972156676,2.9441970937399127,2.356194490192345,-2.964883797519757,2.577023259921693,-3.122364254490086,-2.6120030548077167
3.141592653589793,0.0,1.9591150449673627,1.9040406279065694,1.7004988639508087,1.80634130751576,1.6775319994440323,1.7234456551901618,1.5707963267948966,1.6373644905707205,1.3909428270024184,1.501939837493852,1.3258176636680326,1.4909663410826592,1.1071487177940904,1.5042281630190728,1.2722973952087173,1.2120256565243244,1.5707963267948966,0.35877067027057225,-1.0303768265243125,-1.3258176636680326,-0.982793723247329,-1.5707963267948966,-1.4876550949064553,-1.35970299357215,-1.8157749899217608,0.0,0.0,0.0,0.0,0.0,0.0,0.0,0.0,0.0,0.0,0.0,-1.6162196062164735,-1.6575346654708818,-1.446441332248135,-1.4909663410826592,-1.4000611153196139,-1.317122230656254,-1.1562894522101106,-1.0303768265243125,-1.1071487177940904,-1.042721878368537,-1.0040671092713902,-0.83798122500839,-1.0040671092713902,-0.7188299996216245,-0.9505468408120752,-0.8253768505207384,-0.7853981633974483,-0.35877067027057225,-0.5585993153435624,-0.16514867741462683,0.0,2.1112158270654806,1.4288992721907328,2.158798930342464,1.9379701606131159,2.0032041023654346
3.141592653589793,0.0,-2.8706458032513726,-2.8864102629689747,-2.958481836327309,-3.067653615931853,-3.0750244898139694,3.109345771154539,3.070285188804503,2.958481836327309,2.9441970937399127,2.819842099193151,2.8785979219088738,2.833539872566017,2.65711472455277,2.65711472455277,2.746801533890032,2.677945044588987,2.0899424410414196,2.677945044588987,0.6747409422235526,0.9505468408120752,0.16514867741462683,-0.4993467216801301,0.0,-0.09065988720074511,-0.22679884805388587,0.0,0.0,0.0,0.0,0.0,0.0,0.0,0.0,0.0,0.0,0.0,-0.08673833867598511,-0.18822150530477075,0.0,0.0,-0.037020115873930025,0.19739555984988075,0.3097029445424562,0.35877067027057225,0.3743336160075839,0.43240777557053783,0.35877067027057225,0.6435011087932844,0.507098504392337,0.5633162614919681,0.7853981633974483,0.6747409422235526,0.960070362405688,0.7266423406817256,0.6435011087932844,0.7853981633974483,2.761086276477428,-2.819842099193151,-2.601173153319209,3.141592653589793,-2.896613990462929,-2.896613990462929
-0.5349550737860964,0.0,-2.8577985443814655,-2.90604767286893,-2.819842099193151,-2.8461518164460733,3.107123552590285,3.054854314913808,3.058451421701352,2.922923707715851,2.992702705980296,2.875340604438868,2.7928216500058864,2.796037073008081,2.677945044588987,2.0344439357957027,1.9379701606131159,-2.922923707715851,1.2490457723982544,2.214297435588181,0.19739555984988075,0.5880026035475675,0.08314123188844123,-0.5585993153435624,-0.43662715981354133,-0.08314123188844123,-0.27829965900511133,0.0,0.0,0.0,0.0,0.0,0.0,0.0,0.0,0.0,0.0,0.0,0.4899573262537283,0.8818719385800352,0.6998928697192437,0.83798122500839,0.7086262721276703,0.7531512809621944,0.6947382761967031,0.7044940642422177,0.9129077216126865,1.0636978224025597,0.6510767214444798,1.0603080048781208,1.4536875822280324,1.1071487177940904,1.1383885512243588,1.460139105621001,2.0701430484750265,0.6327488350021832,1.1071487177940904,2.677945044588987,2.0988707752212563,-2.1112158270654806,-2.2655346029916,3.141592653589793,-2.214297435588181,-2.782821983319221
3.141592653589793,0.0,-2.2286849319771065,-2.184003675669406,-2.256525837701183,-2.376599820878883,-2.356194490192345,-2.3978370692909334,-2.3978370692909334,-2.451146196535101,-2.505084437801842,-2.6344941491974563,-2.5748634360662868,-2.6954871046463897,-2.5127963671743605,-2.804917834203066,-2.922923707715851,-2.976443976175166,-2.9441970937399127,3.0309354324158977,2.356194490192345,1.8157749899217608,1.2490457723982544,1.0516502125483738,0.8760580505981934,0.7853981633974483,0.8960553845713439,0.0,0.0,0.0,0.0,0.0,0.0,0.0,0.0,0.0,0.0,0.0,0.6000502134017536,0.668289418830584,0.6805212246672144,0.6998928697192437,0.7853981633974483,0.9575889779203873,1.0014831356942346,1.1210367137250576,1.1071487177940904,1.14660191889113,1.219351532791345,1.2827408797442708,1.317122230656254,1.3909428270024184,1.3633001003596938,1.5707963267948966,1.35970299357215,1.8622531212727638,1.2924966677897853,2.1112158270654806,1.5707963267948966,-2.7367008673047097,-2.191045812777718,-1.9513027039072615,-2.2264919530364327,-2.2455372690184494
3.141592653589793,0.0,-1.4000611153196139,-1.379611867197882,-1.3854483767992019,-1.5063694873693432,-1.512040504079174,-1.7078625011050843,-1.602036160225165,-1.8399638195805972,-1.730709449953116,-1.602036160225165,-1.6775319994440323,-2.0169018757383004,-2.223642957895671,-2.158798930342464,-2.79856871316909,-2.356194490192345,-2.0899424410414196,-2.4227626539681686,0.7853981633974483,3.141592653589793,0.5404195002705842,1.695151321341658,2.1763409903998667,1.892546881191539,1.373400766945016,0.0,0.0,0.0,0.0,0.0,0.0,0.0,0.0,0.0,0.0,0.0,1.4876550949064553,1.6575346654708818,1.6142472221864275,1.6107750139181867,1.5707963267948966,1.6052654277944047,1.7088023504524161,1.97568811307998,1.8650308919060843,2.104504518434158,2.0812846487116725,2.0749622882740497,2.2073045425828477,2.473303234759209,2.2848870254070546,2.4186133001883023,2.969401839066854,2.279422598922567,-1.5707963267948966,-1.892546881191539,-0.14189705460416394,-0.43240777557053783,-1.446441332248135,-1.3258176636680326,-1.299849476456476,-1.5182132651839548
3.141592653589793,0.0,0.7157435896688801,0.7399748839758713,0.5404195002705842,0.4636476090008061,0.4398425828157362,0.23783592745745075,0.34653886443394183,0.24497866312686414,0.3009202343604251,0.0964737751825869,0.06442683942555355,-0.11487660541689913,-0.1470783553884025,-0.09065988720074511,-0.25732371497108864,-0.5667292175235064,-0.8760580505981934,-0.9272952180016122,-1.446441332248135,-2.356194490192345,-2.6344941491974563,-2.714965160462917,-2.896613990462929,-2.804917834203066,-2.976443976175166,0.0,0.0,0.0,0.0,0.0,0.0,0.0,0.0,0.0,0.0,0.0,-2.432966381462123,-2.432966381462123,-2.332942867381882,-2.007423486608438,-2.2083451249335893,-2.0647376957144776,-2.060753653048625,-2.6949888485839844,-1.97568811307998,-1.9832067683922838,-1.9832067683922838,-1.9018924034990288,-1.8076450877418169,-1.8438050298816073,-1.8692952583810758,-1.80634130751576,-1.7359450042095235,-1.9138202672156,-1.5707963267948966,-0.9272952180016122,0.0,0.6435011087932844,1.2120256565243244,0.4636476090008061,0.4636476090008061,0.9380474917927135
3.141592653589793,0.0,2.819842099193151,-2.498091544796509,-2.356194490192345,-2.4668517113662407,-1.97568811307998,-2.158798930342464,-0.5516549825285468,-1.2722973952087173,-1.0584068664841588,-0.9964914966201949,-1.1659045405098132,-1.3258176636680326,-1.4141944498128813,-1.1479424006619559,-1.373400766945016,-1.2490457723982544,-0.7853981633974483,-0.714090698612158,-0.6327488350021832,-0.3671738338182192,-0.2984989315861793,-0.15264932839526515,0.5880026035475675,0.7086262721276703,0.4636476090008061,0.0,0.0,0.0,0.0,0.0,0.0,0.0,0.0,0.0,0.0,0.0,-1.3045442776439713,-1.849095985800008,-1.4181469983996315,-2.279422598922567,-2.158798930342464,-2.7928216500058864,-2.729182211992406,-2.79856871316909,-2.7686049317897323,-2.896613990462929,3.054854314913808,-3.050932766389048,-2.9441970937399127,-2.8461518164460733,3.017237659043032,-3.112189365385788,-3.0090411212931194,3.141592653589793,2.91811605244916,-3.017237659043032,2.819842099193151,3.099950074491205,2.7672590375822095,2.907849472720892,2.356194490192345,2.8632929945846817
-0.9090248259535488,0.0,-2.774418819771574,-1.7818896600176433,-2.0701430484750265,-1.396124127786657,-1.2490457723982544,-0.7853981633974483,-1.5707963267948966,-1.373400766945016,-0.6556956262415362,-0.23109066719589708,-0.4636476090008061,0.17985349979247828,-0.65788860518221,-0.7621465405869854,-0.6000502134017536,-0.6146629519221655,-0.12435499454676144,0.20539538918976738,-0.14189705460416394,-0.4398425828157362,0.5404195002705842,0.3217505543966422,0.5585993153435624,0.7853981633974483,0.7419472680059175,0.0,0.0,0.0,0.0,0.0,0.0,0.0,0.0,0.0,0.0,0.0,-0.24497866312686414,-0.43240777557053783,-0.3217505543966422,-1.2036224929766774,-0.5667292175235064,-1.1383885512243588,-0.9652516631899266,-1.0303768265243125,-1.6107750139181867,-1.8157749899217608,-1.382574821490126,-1.7975951748487824,-1.7975951748487824,-1.5707963267948966,-1.7861540264926348,-1.9922155336827008,-1.8860110265456076,-2.000558605891585,-2.3086113869153615,-1.9333405640594041,-2.2494588175432093,-1.7415315382701795,-2.0344439357957027,-1.8281200417659853,-2.3818298987140225,-2.1224513093234436
-0.3185556770880671,0.0,-2.0831857871056343,-2.761086276477428,-1.5707963267948966,-1.042721878368537,-0.5585993153435624,-0.24497866312686414,-1.1525719972156676,-0.6947382761967031,-0.5713374798336268,-0.8960553845713439,-1.0222469243443686,-0.7853981633974483,-0.6435011087932844,-0.507098504392337,-0.9380474917927135,-0.4636476090008061,-0.33667481938672716,-0.27094685033842053,-0.4636476090008061,-0.1586552621864014,0.5191461142465229,0.348771003583907,0.6022873461349642,0.5880026035475675,0.8621700546672264,0.0,0.0,0.0,0.0,0.0,0.0,0.0,0.0,0.0,0.0,0.0,-0.4266274931268761,-0.4266274931268761,-0.6202494859828215,-1.2490457723982544,-0.8760580505981934,-1.2793395323170296,-1.2036224929766774,-1.5707963267948966,-1.7894652726688385,-1.7063240407803975,-1.8281200417659853,-1.729451588981298,-1.9295669970654687,-1.884416979011595,-2.356194490192345,-2.086345334253876,-1.9451299428024806,-2.451146196535101,-2.158798930342464,-2.425849063920913,-2.214297435588181,-2.356194490192345,-2.4756234162106834,-2.44293282886833,-2.5535900500422257,-2.2752903910371143
0.3156156620387663,0.0,-0.982793723247329,-1.5707963267948966,-0.982793723247329,-1.2277723863741932,-0.6747409422235526,0.3217505543966422,-0.18534794999569476,0.2662520491509254,-0.11065722117389565,0.07677189126977804,0.16514867741462683,0.2914567944778671,0.21109333322274654,0.1746721990082397,0.4182243295792291,0.14189705460416394,0.6107259643892086,0.7419472680059175,0.7853981633974483,0.6947382761967031,1.2490457723982544,1.35970299357215,1.5707963267948966,1.2722973952087173,2.1112158270654806,0.0,0.0,0.0,0.0,0.0,0.0,0.0,0.0,0.0,0.0,0.0,0.14189705460416394,-0.08314123188844123,-0.11065722117389565,-0.5191461142465229,-0.9420000403794636,-0.7853981633974483,-1.0222469243443686,-1.373400766945016,-1.0516502125483738,-1.2870022175865687,-1.4559197213779975,-1.6738779353175968,-1.3554386270971586,-1.4570043196511886,-1.5395564933646284,-1.5437758776076318,-1.8233506025729562,-1.6295521495106193,-1.9040406279065694,-2.007423486608438,-1.7681918866447774,-1.7894652726688385,-1.8804992713373527,-1.873681195169868,-1.8244704229335393,-1.7234456551901618
-1.3492675221781487,0.0,2.0344439357957027,1.9513027039072615,3.017237659043032,-2.316215803069055,-2.6344941491974563,3.141592653589793,-2.819842099193151,-2.835713782184941,-2.5308666892005847,-2.9441970937399127,-2.743070207923373,-2.185459278717062,-2.356194490192345,-2.214297435588181,-2.4756234162106834,-2.2706891965141405,-2.3191743743184148,-1.97568811307998,-2.1112158270654806,-1.9832067683922838,-1.3101939350475555,-1.1583858851975093,-0.8253768505207384,-1.2490457723982544,-0.9505468408120752,0.0,0.0,0.0,0.0,0.0,0.0,0.0,0.0,0.0,0.0,0.0,-2.356194490192345,-2.2655346029916,2.819842099193151,-3.0309354324158977,-2.432966381462123,3.050932766389048,2.922923707715851,2.5829933382462307,2.5213431676069717,2.5652174329986095,2.390663591191853,2.356194490192345,2.2612427838495885,2.167972984887574,2.125103822996448,2.0940746489268722,2.0899424410414196,2.0344439357957027,1.892546881191539,1.7126933813990606,2.0516836069902324,1.8076450877418169,1.690225252813235,1.5707963267948966,1.176005207095135,1.849095985800008
-0.9090248259535488,0.0,-1.464060654145761,-1.6475682180646747,-1.5707963267948966,-1.5308176396716067,-1.6856729322117958,-1.7539071440573808,-1.6041173226731438,-1.9295669970654687,-1.7539071440573808,-1.9576720445259248,-1.9437840485949576,-2.1451011569695986,-2.498091544796509,-2.677945044588987,-2.782821983319221,-2.677945044588987,2.5535900500422257,0.7853981633974483,2.356194490192345,1.7126933813990606,1.7359450042095235,2.356194490192345,1.3101939350475555,1.1441688336680205,1.2793395323170296,0.0,0.0,0.0,0.0,0.0,0.0,0.0,0.0,0.0,0.0,0.0,2.060753653048625,2.158798930342464,2.396173177315635,2.408777551803287,2.3291740410050803,2.44293282886833,2.178598322908857,2.356194490192345,2.0344439357957027,2.44685437739309,2.4416997838705496,2.5148497523787463,2.485897027348257,-3.064820762320015,2.279422598922567,2.6292031932790554,-2.833539872566017,-2.0778948311872334,2.999695598985629,1.6614562139956417,2.356194490192345,-0.9097531579442097,-1.512040504079174,-1.0303768265243125,-2.0344439357957027,-1.1071487177940904
1.2722973952087173,0.0,1.5253730473733196,1.7942729279355296,1.366778347202348,1.3258176636680326,1.2252407462131845,1.0789871508061981,1.0370881351556351,1.1383885512243588,0.8902751021276822,0.690446457054692,0.4636476090008061,0.6510767214444798,0.09966865249116202,0.0,0.3671738338182192,0.7328151017865066,0.7328151017865066,0.0,0.4636476090008061,-1.3521273809209546,1.2490457723982544,-1.7126933813990606,3.141592653589793,-2.896613990462929,-3.0750244898139694,0.0,0.0,0.0,0.0,0.0,0.0,0.0,0.0,0.0,0.0,0.0,-1.0164888305933455,-0.8139618212362083,-0.8124186125847132,-0.982793723247329,-0.866302262552679,-0.7853981633974483,-0.6435011087932844,-0.4266274931268761,-0.4636476090008061,-0.2914567944778671,-0.449759613069839,-0.6435011087932844,-0.260602391747341,-1.2490457723982544,-0.8850668158886104,-0.982793723247329,-0.8519663271732721,-0.27829965900511133,0.8329812666744317,-0.83798122500839,0.9048270894157867,0.7853981633974483,2.7928216500058864,1.7126933813990606,1.2870022175865687,1.5273454314033659
0.0,0.0,-1.0191413442663497,-1.2490457723982544,-1.3339475658479765,-1.3258176636680326,-1.0164888305933455,-1.7234456551901618,-1.356735643231075,-1.7078625011050843,-1.6142472221864275,-1.8313987185422376,-1.5707963267948966,-1.5152978215491797,-2.0899424410414196,-2.191045812777718,-2.5535900500422257,0.5880026035475675,-2.3191743743184148,-1.7681918866447774,3.050932766389048,-2.988943325194528,2.158798930342464,2.214297435588181,2.0344439357957027,1.5707963267948966,0.24497866312686414,0.0,0.0,0.0,0.0,0.0,0.0,0.0,0.0,0.0,0.0,0.0,2.4668517113662407,2.701750070774057,2.7776136970801493,2.936197264400026,2.6971734436886945,2.5948038127005457,3.109345771154539,3.108271657711546,2.7950537891558516,2.8473580884786056,3.036715714859559,2.2597207150097582,-2.9708574421145104,3.141592653589793,3.058451421701352,-1.892546881191539,-2.5829933382462307,-2.173083672929861,2.4668517113662407,-0.7378150601204649,1.0303768265243125,-2.158798930342464,-0.6857295109062863,-0.507098504392337,-1.2490457723982544,-1.0636978224025597
-0.3666376408401143,0.0,-1.695151321341658,-1.8449637779145553,-1.8018869939907938,-1.7577755967138078,-1.7894652726688385,-1.9832067683922838,-1.9566789961929705,-2.2083451249335893,-2.0491487581735544,-2.158798930342464,-2.2865399164637767,-2.3305590816706676,-2.498091544796509,-2.356194490192345,-2.743070207923373,-2.677945044588987,-2.601173153319209,3.141592653589793,2.601173153319209,2.0899424410414196,1.6814535479687922,1.0516502125483738,1.2277723863741932,1.1659045405098132,1.1071487177940904,0.0,0.0,0.0,0.0,0.0,0.0,0.0,0.0,0.0,0.0,0.0,1.7818896600176433,1.7748143063874453,1.8828384483574299,1.9018924034990288,1.9010936816241504,1.97568811307998,2.0344439357957027,2.0344439357957027,2.1156602422464403,2.184003675669406,2.184003675669406,2.289626326416521,2.310771210770768,2.4370985893475754,2.819842099193151,2.5415424401880395,3.0419240010986313,2.988943325194528,3.141592653589793,-2.279422598922567,-2.0344439357957027,-1.6704649792860586,-1.7894652726688385,-1.6756732655251305,-1.719686274404394,-1.5707963267948966
2.998434565606144,0.0,-3.108271657711546,2.838707785214822,2.904743892642873,2.896613990462929,3.0727361642887487,3.0451188784072065,2.6954871046463897,2.645169900184911,2.6971734436886945,2.473303234759209,2.578276392097825,2.390663591191853,2.432966381462123,2.485897027348257,2.356194490192345,2.4149503129080676,1.5707963267948966,1.1902899496825317,1.892546881191539,1.1902899496825317,-1.1071487177940904,-0.4636476090008061,-0.3805063771123649,-0.6202494859828215,-0.7266423406817256,0.0,0.0,0.0,0.0,0.0,0.0,0.0,0.0,0.0,0.0,0.0,-0.07130746478529032,0.0,0.11487660541689913,0.0,0.07982998571223732,0.21866894587394195,0.3009202343604251,0.28805544705062586,0.4475199751571699,0.628796286415433,0.507098504392337,0.6947382761967031,0.5743048301747018,0.4899573262537283,1.0303768265243125,0.7853981633974483,0.8760580505981934,2.2655346029916,2.0778948311872334,1.97568811307998,2.0344439357957027,2.761086276477428,2.961739153797315,3.0419240010986313,-3.099950074491205,2.976443976175166
-0.32811989501530536,0.0,2.356194490192345,2.2218730482393765,2.310771210770768,2.256525837701183,2.0344439357957027,2.0672190801997785,2.2706891965141405,2.0344439357957027,1.965587446494658,1.97568811307998,1.7681918866447774,1.923786714621807,1.6373644905707205,1.5707963267948966,1.750649826587375,1.0121970114513341,0.5404195002705842,-0.19739555984988075,0.24497866312686414,0.8960553845713439,-1.5707963267948966,-2.2455372690184494,-0.7853981633974483,-1.5707963267948966,-1.7359450042095235,0.0,0.0,0.0,0.0,0.0,0.0,0.0,0.0,0.0,0.0,0.0,-0.6350267353903137,-0.4993467216801301,-0.4475199751571699,-0.4475199751571699,-0.4444192099010989,-0.3009202343604251,-0.27829965900511133,-0.08314123188844123,-0.13706617431018764,-0.2730087030867106,-0.08673833867598511,-0.03844259002118798,0.04542327942157701,0.0,0.23109066719589708,0.13255153229667402,0.3805063771123649,0.6435011087932844,1.1902899496825317,1.3258176636680326,2.356194490192345,2.782821983319221,2.4805494847391065,2.399645385583876,2.5829933382462307,2.4668517113662407
-1.3492675221781487,0.0,-2.6303619413120036,-3.0606885544345626,-2.9137356048726937,-2.8926299477970763,-2.6611868370067495,-3.0018837793006297,-3.0343137979413903,3.0883098020301007,-2.9071769778659826,3.107123552590285,2.8125429587494537,3.141592653589793,2.896613990462929,2.5686265107010873,2.4629301628414804,2.125103822996448,2.3086113869153615,1.8692952583810758,1.9379701606131159,0.4182243295792291,0.3805063771123649,-0.83798122500839,-0.27829965900511133,-0.24497866312686414,-0.372987721800061,0.0,0.0,0.0,0.0,0.0,0.0,0.0,0.0,0.0,0.0,0.0,0.5090708884223831,0.4160645057238227,0.6567016621194341,0.6799088548723576,0.7959240904291737,0.7509290623979403,0.7853981633974483,0.7237479927581892,0.8737749495422971,1.0067126057452396,1.0557235097761148,1.2430578200143412,1.237552025683224,1.331564726831236,1.2397002500907646,1.3182420510168371,0.7853981633974483,1.2490457723982544,2.8632929945846817,2.3191743743184148,2.782821983319221,-3.0727361642887487,-2.0899424410414196,-1.9936502529278373,-2.7326848246388677,-2.726100557648903
-1.8759213347918609,0.0,-1.3644724327651792,-1.1011964071394988,-0.5880026035475675,-1.3149877621795247,-1.3408918986629919,-1.4481276712904398,-1.2746811809199319,-1.2899586021736937,-1.6359214901292825,-1.4164775508687775,-1.8817946074004375,-1.9638543459768292,-1.9264322110956564,-1.237552025683224,-1.967875772019879,-2.3318090810196264,-2.403777593469328,-2.5748634360662868,2.356194490192345,2.0344439357957027,1.6614562139956417,1.0714496051147666,1.1284221038181517,1.2120256565243244,1.1071487177940904,0.0,0.0,0.0,0.0,0.0,0.0,0.0,0.0,0.0,0.0,0.0,2.996780155350854,3.026716048172894,3.070285188804503,3.0555983623955525,3.0940095503128098,-2.999695598985629,-3.067653615931853,-3.1098572800613353,-3.0214839180228803,-2.971380728304319,-3.054097312787402,-2.9562447035940984,-2.9551057519225763,-2.875340604438868,-2.843093722003614,3.141592653589793,-3.002952916455635,-2.677945044588987,3.141592653589793,-2.0701430484750265,-1.2220253232109897,-0.9707461133931431,-2.0736395377227574,-0.844153986113171,-1.2090670852749643,-0.681298225287849
-1.878193799917718,0.0,2.2856049003734715,1.4749371796848834,2.201875714266226,2.0659295902633006,2.509902019250824,1.9591150449673627,1.8577350797256662,1.8157749899217608,1.9281050098029966,1.8606428167065163,1.9379701606131159,1.8873655804073002,1.5957911204138169,1.5940479496053594,1.124690777851493,1.3258176636680326,1.5707963267948966,1.3258176636680326,0.14189705460416394,-1.1071487177940904,-0.7853981633974483,-1.1902899496825317,-1.6142472221864275,-1.5707963267948966,-0.9629943306809362,0.0,0.0,0.0,0.0,0.0,0.0,0.0,0.0,0.0,0.0,0.0,-0.8288490587889792,-0.8315192794119595,-0.8876048815047018,-0.7590884461445261,-0.6640461628266846,-0.6640461628266846,-0.6889243882148613,-0.5354195419366259,-0.34194982697771015,-0.36397895650964407,-0.33261969157391236,-0.26984915593846925,-0.2984989315861793,-0.36314700994617627,-0.22923193327699534,-0.0688564893010446,0.49394136891958124,0.0,0.9420000403794636,0.6857295109062863,-3.0981417581982624,1.690225252813235,2.310771210770768,1.972666974235353,2.5602124697848936,2.356194490192345
-0.32811989501530536,0.0,-2.992702705980296,3.108271657711546,3.092451919173773,2.9905773106684337,2.8555412118724752,2.4727804956536605,2.6066375798036967,2.9331274352098053,2.505084437801842,2.5072098331137043,2.532134115644873,2.293775680196388,2.578276392097825,2.3305590816706676,2.690139562037239,2.0533096218173736,1.382574821490126,1.761980786391911,2.1025203940537023,-1.1902899496825317,0.0,-0.5585993153435624,-0.9097531579442097,-0.9964914966201949,-0.6435011087932844,0.0,0.0,0.0,0.0,0.0,0.0,0.0,0.0,0.0,0.0,0.0,-0.33667481938672716,-0.32811989501530536,-0.1746721990082397,-0.07006058263845544,-0.18648690166721676,-0.09232933473159899,0.0,0.13255153229667402,0.28511773517259614,0.27094685033842053,0.2121437530044756,0.26791042242333973,0.20232162837830375,0.6055446636049701,0.4636476090008061,0.7354397676755056,0.9357695914045828,0.19739555984988075,0.9505468408120752,-2.642245931909663,2.300695984946628,2.2455372690184494,-2.677945044588987,2.7367008673047097,2.388441372627599,2.72790344031093
2.89288266449627,0.0,2.0899424410414196,1.892546881191539,-2.0344439357957027,3.141592653589793,-2.7367008673047097,-2.289626326416521,-2.44685437739309,-2.5748634360662868,-2.2455372690184494,-2.256525837701183,-2.1025203940537023,-2.0106389096106327,-2.2655346029916,-1.9832067683922838,-1.849095985800008,-1.5707963267948966,-1.6124389058934852,-1.4711276743037347,-1.6295521495106193,-1.3258176636680326,-0.9994588469612699,-1.0040671092713902,-0.6747409422235526,-0.8329812666744317,-0.06656816377582381,0.0,0.0,0.0,0.0,0.0,0.0,0.0,0.0,0.0,0.0,0.0,-3.064820762320015,3.0419240010986313,-2.819842099193151,2.976443976175166,2.6344941491974563,2.455863142683507,2.4668517113662407,2.5088438185876103,1.9693187724613168,2.1112158270654806,2.125103822996448,2.256525837701183,2.117585167684144,2.0988707752212563,2.1401095178955587,1.9513027039072615,2.0195196708056176,1.8533512792644842,1.8692952583810758,1.8313987185422376,1.6373644905707205,1.727398203776912,1.8337910584758161,1.8662371639386166,1.5707963267948966,1.8157749899217608
2.89288266449627,0.0,1.4659193880646628,1.8157749899217608,1.5707963267948966,2.2655346029916,3.017237659043032,2.356194490192345,-2.761086276477428,2.9562447035940984,-3.058451421701352,2.9562447035940984,3.141592653589793,-3.070285188804503,3.141592653589793,3.141592653589793,3.141592653589793,-2.677945044588987,-2.835713782184941,-2.459276098715045,-2.5213431676069717,-2.5065659181994793,-2.356194490192345,-2.158798930342464,-1.892546881191539,-1.7818896600176433,-1.512040504079174,0.0,0.0,0.0,0.0,0.0,0.0,0.0,0.0,0.0,0.0,0.0,3.058451421701352,-3.0309354324158977,3.141592653589793,2.7367008673047097,2.4805494847391065,2.819842099193151,2.1995926132103296,2.1112158270654806,2.0344439357957027,1.9138202672156,1.9591150449673627,1.5707963267948966,1.761980786391911,1.6142472221864275,1.7975951748487824,1.4968572891369563,1.2722973952087173,1.4711276743037347,1.2387368592520112,1.1232763516377267,1.4352686128093959,1.3258176636680326,1.217805938967986,1.3370531459259951,0.7378150601204649,1.0768549578753155
-0.32811989501530536,0.0,-2.5535900500422257,-2.44685437739309,-2.201875714266226,-3.0309354324158977,-2.3805798993650633,-2.498091544796509,3.079173843593836,-2.746801533890032,-2.5453935122923133,-3.1058935409104693,-2.7547169358587653,-2.8461518164460733,-2.819842099193151,-2.976443976175166,3.0750244898139694,-2.9147938055359073,2.782821983319221,2.819842099193151,2.677945044588987,0.0,1.3258176636680326,0.4636476090008061,0.7853981633974483,0.507098504392337,0.0,0.0,0.0,0.0,0.0,0.0,0.0,0.0,0.0,0.0,0.0,0.0,1.1071487177940904,0.9380474917927135,1.0636978224025597,1.1284221038181517,1.0563450137358688,1.2627435457711202,1.4056476493802699,1.356735643231075,1.3258176636680326,1.5337762109209665,1.7063240407803975,1.750649826587375,1.965587446494658,2.0533096218173736,2.0344439357957027,2.0899424410414196,2.3036114285814033,2.44685437739309,2.819842099193151,2.723368324010564,-2.7367008673047097,2.5127963671743605,-2.922923707715851,-2.7367008673047097,-2.1112158270654806,-2.356194490192345
-0.32811989501530536,0.0,-1.4513674007765582,-0.982793723247329,-1.7359450042095235,-1.6582916675972879,-1.660300145146507,-1.842588485469596,-1.933943336741073,-1.8757886736093012,-1.849095985800008,-2.154432145872058,-2.367429972450308,-2.061648107192916,-2.507569933926371,-2.0778948311872334,2.8890383778117337,-2.726100557648903,-2.875340604438868,-2.356194490192345,2.9669204545815537,-2.677945044588987,1.6814535479687922,0.4993467216801301,0.3805063771123649,-0.058755822715722696,0.5280744484263596,0.0,0.0,0.0,0.0,0.0,0.0,0.0,0.0,0.0,0.0,0.0,2.129395642138459,2.1462209773301817,2.135945766801656,2.3172531470953057,2.2752903910371143,2.408777551803287,2.5702551737561663,2.494200513849864,2.6160088600381832,2.7803888980961116,2.643770320972792,2.774418819771574,2.642245931909663,2.5065659181994793,2.667741317095033,3.046640947247037,3.0090411212931194,2.9533711482850227,-2.2655346029916,-1.892546881191539,-1.0516502125483738,-1.9163519073766087,-1.1978086049948355,-2.1036402144142854,-1.6001996149989017,-1.7359450042095235
-0.32811989501530536,0.0,-0.15660187698201536,-0.4081491037550893,-0.07561314323682984,0.013332543294145677,-0.11065722117389565,-0.5485494024505281,-0.260602391747341,-0.42343940615971926,-0.3764903344465229,-0.5743048301747018,-0.4636476090008061,-0.3562196553961502,-0.722979353401491,-0.7469555733762603,-0.6383198080090459,-0.7157435896688801,-1.2120256565243244,-0.7853981633974483,-1.3045442776439713,-2.356194490192345,2.7367008673047097,3.064820762320015,2.7509856098921066,2.770701364777131,3.017237659043032,0.0,0.0,0.0,0.0,0.0,0.0,0.0,0.0,0.0,0.0,0.0,2.573068105858753,2.609868586330988,2.687748652068283,2.8785979219088738,-3.054097312787402,2.961739153797315,3.011890116433881,-3.080444490940492,-3.0816644984685855,-2.8771042710405608,-2.788602265762883,-2.721395939980518,-2.5636907166275478,-2.4775464907631086,-2.432966381462123,-2.601173153319209,-2.2597207150097582,-1.7126933813990606,-1.3258176636680326,-1.4108832036366774,1.1383885512243588,0.08314123188844123,-0.7853981633974483,-0.8097835725701669,0.4533386958545628,0.027770636593421036
-0.9090248259535488,0.0,0.5743048301747018,0.583373006993856,0.4688289097850447,0.7741626811394856,0.568847858421359,0.6711438354360088,0.26211984126547283,0.4136892132788634,0.388318718172466,0.0,0.05627853628876196,-0.07827114052127797,-0.26211984126547283,-0.41012734054149097,-0.4339533693938966,-0.21109333322274654,-0.4636476090008061,-0.9272952180016122,-1.2722973952087173,-2.1995926132103296,2.976443976175166,2.5127963671743605,2.5702551737561663,2.6954871046463897,-2.969401839066854,0.0,0.0,0.0,0.0,0.0,0.0,0.0,0.0,0.0,0.0,0.0,-1.967237610013338,-1.8778420588136875,-1.7186456920536521,-1.764418319650842,-1.6307244819161044,-1.5337762109209665,-1.5273454314033659,-1.5363272257953886,-1.4056476493802699,-1.2895641248766014,-1.2953702230988613,-1.4442041995149246,-1.277207339386147,-1.220068378546693,-1.3086764855294237,-1.1071487177940904,-1.0040671092713902,-1.0863183977578734,-0.12435499454676144,0.08314123188844123,0.27094685033842053,0.6876712560387296,0.634022719663422,0.3671738338182192,0.7531512809621944,1.7681918866447774
-0.3185556770880671,0.0,-1.1361261116456518,-1.1232763516377267,-1.373400766945016,-1.317122230656254,-1.4056476493802699,-1.312025434831199,-1.6010900867136717,-1.6041173226731438,-1.761980786391911,-1.687905071361761,-1.7975951748487824,-1.8692952583810758,-2.0736395377227574,-2.0131705497716417,-2.1112158270654806,-2.0344439357957027,-2.0344439357957027,-2.158798930342464,-2.819842099193151,2.356194490192345,1.2490457723982544,2.289626326416521,1.460139105621001,1.1383885512243588,1.373400766945016,0.0,0.0,0.0,0.0,0.0,0.0,0.0,0.0,0.0,0.0,0.0,2.095592098445004,2.191045812777718,1.965587446494658,2.251317551462111,2.4370985893475754,2.425849063920913,2.356194490192345,2.38321493937961,2.7547169358587653,2.694072678432623,2.6271413405307653,2.587285157388242,3.011890116433881,2.8842689386187046,3.0890095919788516,2.819842099193151,3.058451421701352,-2.6344941491974563,-2.191045812777718,-2.356194490192345,-1.97568811307998,-1.4056476493802699,-1.3909428270024184,-1.1071487177940904,-0.9151007005533605,-0.982793723247329
-0.32811989501530536,0.0,-2.62244653934327,-2.5829933382462307,-2.587285157388242,-2.7672590375822095,-2.79856871316909,-2.8674252024701343,-2.7672590375822095,-2.8501358591119264,3.109345771154539,-3.0348569809406576,3.107123552590285,3.099950074491205,3.011890116433881,2.8809902618424523,2.838707785214822,2.7367008673047097,2.875340604438868,2.677945044588987,1.9295669970654687,1.2490457723982544,0.0,-0.19739555984988075,-0.19739555984988075,-0.5404195002705842,-0.16514867741462683,0.0,0.0,0.0,0.0,0.0,0.0,0.0,0.0,0.0,0.0,0.0,1.1232763516377267,1.0516502125483738,1.1824776086224307,1.1410340476982082,1.1562894522101106,1.2722973952087173,1.39408747072486,1.3078015951139772,1.4181469983996315,1.4876550949064553,1.5707963267948966,1.446441332248135,1.6162196062164735,1.892546881191539,1.7894652726688385,2.191045812777718,2.2367655641740063,2.289626326416521,2.498091544796509,2.62244653934327,2.714965160462917,-3.0419240010986313,-2.714965160462917,-2.8809902618424523,-2.654693421778524,-2.5535900500422257
2.89288266449627,0.0,-1.4121410646084953,-1.366778347202348,-1.4994888620096063,-1.5707963267948966,-1.5385494443596428,-1.7033478590915707,-1.6064954394742206,-1.800028260071892,-1.8076450877418169,-1.9576720445259248,-1.9513027039072615,-2.0701430484750265,-2.0701430484750265,-2.1193457292454245,-2.0131705497716417,-2.2730532583039036,-2.5308666892005847,-2.4668517113662407,-2.601173153319209,-1.5707963267948966,1.892546881191539,1.892546881191539,0.8621700546672264,0.9272952180016122,0.7853981633974483,0.0,0.0,0.0,0.0,0.0,0.0,0.0,0.0,0.0,0.0,0.0,1.9074711461816238,2.14717154738608,2.158798930342464,2.1486982637571423,2.1112158270654806,2.251317551462111,2.2455372690184494,2.425849063920913,2.451146196535101,2.5213431676069717,2.677945044588987,2.62244653934327,2.796037073008081,2.7928216500058864,2.8555412118724752,2.9669204545815537,-2.988943325194528,-2.961739153797315,-2.976443976175166,-2.2655346029916,-1.5707963267948966,-2.0899424410414196,-1.5707963267948966,-1.396124127786657,-1.642103791580187,-1.5707963267948966
2.89288266449627,0.0,2.310771210770768,2.356194490192345,2.356194490192345,2.2404352724715344,2.2197918857913974,2.1870932641909677,2.0701430484750265,1.9720251257997454,1.911775280291246,1.8449637779145553,1.873681195169868,1.6539375586833378,1.6475682180646747,1.9040406279065694,1.6183794300718801,1.4940244355251187,1.2490457723982544,1.0516502125483738,1.0303768265243125,-0.3805063771123649,-1.1902899496825317,-1.2490457723982544,-1.7359450042095235,-1.5707963267948966,-1.5707963267948966,0.0,0.0,0.0,0.0,0.0,0.0,0.0,0.0,0.0,0.0,0.0,-0.5467888408892474,-0.4145068745847859,-0.4145068745847859,-0.2536740961386427,-0.2825549524695875,-0.13255153229667402,-0.033320995878247196,0.03569911267932397,0.0,0.09966865249116202,0.16514867741462683,0.2629947316809195,0.19739555984988075,0.23374318086890142,0.4398425828157362,0.7086262721276703,0.9151007005533605,0.6435011087932844,1.1525719972156676,1.1659045405098132,2.0899424410414196,1.97568811307998,2.4149503129080676,2.316215803069055,2.4756234162106834,2.5088438185876103
0.3156156620387663,0.0,1.2490457723982544,1.2722973952087173,1.4994888620096063,2.0344439357957027,2.432966381462123,2.999695598985629,2.5360479899848234,2.5535900500422257,-2.9441970937399127,2.8023000391357487,2.647651284670212,2.677945044588987,-3.054854314913808,2.8535372065391673,2.9533711482850227,2.9516043656710775,-2.9516043656710775,-2.9441970937399127,-2.714965160462917,-2.2848870254070546,-2.459276098715045,-2.654693421778524,-2.312743594800814,-1.9890206563741257,-1.892546881191539,0.0,0.0,0.0,0.0,0.0,0.0,0.0,0.0,0.0,0.0,0.0,3.141592653589793,-2.875340604438868,2.356194490192345,2.4227626539681686,2.4149503129080676,2.396173177315635,2.0152155366959956,1.97568811307998,1.695151321341658,1.8157749899217608,1.7539071440573808,1.460139105621001,1.2793395323170296,1.477319545636307,1.5374753309166493,1.2397002500907646,1.464060654145761,1.1071487177940904,1.3339475658479765,1.2252407462131845,0.8960553845713439,0.9505468408120752,0.901157381118259,0.982793723247329,1.0863183977578734,0.7853981633974483
-2.825976991551027,0.0,1.0516502125483738,1.2220253232109897,1.5707963267948966,2.677945044588987,2.5308666892005847,2.4668517113662407,2.7367008673047097,2.62244653934327,3.0090411212931194,3.036715714859559,2.819842099193151,3.141592653589793,2.91811605244916,3.054854314913808,-2.976443976175166,-2.835713782184941,3.096169374168216,-2.761086276477428,-2.7509856098921066,-2.158798930342464,-2.5829933382462307,-2.1224513093234436,-1.849095985800008,-1.8157749899217608,-1.6814535479687922,0.0,0.0,0.0,0.0,0.0,0.0,0.0,0.0,0.0,0.0,0.0,2.677945044588987,2.922923707715851,2.2318394956455836,2.0988707752212563,1.9295669970654687,1.9974238199217726,1.695151321341658,2.060753653048625,1.727398203776912,1.5273454314033659,1.373400766945016,1.642103791580187,1.219351532791345,1.442473099109102,1.1071487177940904,1.1324597669369387,1.2120256565243244,1.1618884978439712,1.2490457723982544,0.7853981633974483,1.1978086049948355,1.0516502125483738,0.8288490587889792,0.43240777557053783,0.6823165548747481,1.3101939350475555
-0.32811989501530536,0.0,2.05527425583192,2.356194490192345,2.1995926132103296,2.17084654019665,2.185459278717062,2.1498705961626277,2.251317551462111,1.925501978805837,1.7975951748487824,2.0054665419441413,1.464060654145761,1.717874682183299,1.1722738811284763,0.9652516631899266,2.4756234162106834,1.7454685258031364,1.9295669970654687,0.3217505543966422,0.3217505543966422,0.4636476090008061,-0.7853981633974483,-1.5707963267948966,-1.1659045405098132,-0.5713374798336268,-1.5707963267948966,0.0,0.0,0.0,0.0,0.0,0.0,0.0,0.0,0.0,0.0,0.0,-0.6350267353903137,-0.5880026035475675,-0.4487233440107211,-0.4124104415973873,-0.6350267353903137,-0.07982998571223732,-0.24497866312686414,-0.10673567264913565,-0.4636476090008061,-0.4636476090008061,0.20539538918976738,0.7853981633974483,0.11942892601833845,0.16514867741462683,0.6202494859828215,1.0516502125483738,2.5535900500422257,0.4636476090008061,2.677945044588987,1.6373644905707205,1.4876550949064553,2.356194490192345,2.0831857871056343,2.2848870254070546,2.539305307454829,3.079173843593836
-2.825976991551027,0.0,2.191045812777718,2.2286849319771065,1.9347752833045406,2.095592098445004,2.0533096218173736,1.9809236673363877,1.776191715984664,2.1025203940537023,1.7590178320996674,1.6092389168160846,1.4758446204521403,1.8157749899217608,2.0344439357957027,1.9974238199217726,0.5191461142465229,1.7818896600176433,2.819842099193151,0.5404195002705842,1.5707963267948966,-1.8157749899217608,-2.191045812777718,-0.9505468408120752,-1.4056476493802699,-0.6435011087932844,-1.7894652726688385,0.0,0.0,0.0,0.0,0.0,0.0,0.0,0.0,0.0,0.0,0.0,-1.067953115867036,-1.0303768265243125,-0.8156919233162234,-0.7853981633974483,-0.7531512809621944,-0.870903457075653,-1.0912770348023004,-0.9179496956941223,-0.25732371497108864,-0.9048270894157867,-0.4398425828157362,-0.7531512809621944,-0.6146629519221655,-0.7266423406817256,1.2490457723982544,0.09495170634275632,0.5880026035475675,-0.19739555984988075,-2.158798930342464,-1.6704649792860586,1.1659045405098132,2.5360479899848234,2.356194490192345,2.0344439357957027,2.0344439357957027,1.892546881191539
3.110352820159525,0.0,-1.0863183977578734,-0.5463600244489791,-0.3828987170459434,-0.6831914452901948,-0.6022873461349642,-0.564083721049657,-0.982793723247329,-0.6107259643892086,-1.2036224929766774,-1.0906212971913698,-1.1001558247887573,-1.1525719972156676,-1.5405025668761214,-1.4181469983996315,-1.0062269331267966,-1.5707963267948966,-1.941687615607559,-1.6614562139956417,-2.0899424410414196,-2.214297435588181,3.141592653589793,2.214297435588181,2.44685437739309,2.746801533890032,2.677945044588987,0.0,0.0,0.0,0.0,0.0,0.0,0.0,0.0,0.0,0.0,0.0,2.604681910849748,2.403777593469328,2.397267268782799,2.4310543379031118,2.4819639109528726,2.7326848246388677,2.5727447951684344,2.723368324010564,2.990217209855767,-3.0947519406738238,-3.0947519406738238,2.9002371630143893,2.9912212255826587,-2.9669204545815537,-3.0309354324158977,-2.5829933382462307,-2.5213431676069717,-1.8157749899217608,-0.7188299996216245,1.5707963267948966,-1.0808390005411683,-0.9272952180016122,-0.5790742693677309,-1.3397056595989996,-0.9034901918165423,-1.027318732081853
0.3156156620387663,0.0,2.2455372690184494,2.0899424410414196,2.323419345788269,2.417342652841646,1.9591150449673627,2.2318394956455836,2.0081342185427804,1.9347752833045406,2.1015698239978033,1.8100279267585573,1.8650308919060843,1.8109673346550696,1.967237610013338,1.6359214901292825,1.332960399337446,1.8244704229335393,1.5707963267948966,0.7454194762741583,0.3805063771123649,0.08314123188844123,-0.8960553845713439,-0.3217505543966422,-0.8760580505981934,-0.8139618212362083,-0.960070362405688,0.0,0.0,0.0,0.0,0.0,0.0,0.0,0.0,0.0,0.0,0.0,-1.4254863161591944,-1.3009471708564273,-1.1583858851975093,-1.174714885230589,-1.1593400833811944,-1.0620665024793434,-1.0303768265243125,-1.008298395725824,-0.8366353308008672,-0.7354397676755056,-0.5438324563021224,-0.36574730126234445,-0.5930025618815259,-0.5191461142465229,-0.8584387287005676,-0.3743336160075839,-0.4266274931268761,0.12435499454676144,-2.5308666892005847,1.3854483767992019,2.677945044588987,1.5707963267948966,1.1441688336680205,1.856847768512215,2.3291740410050803,1.4940244355251187
0.3156156620387663,0.0,-0.4560719963496107,-0.6202494859828215,-0.6132073488745093,-0.9505468408120752,-1.0603080048781208,-0.48139722405730373,-0.3268266529299407,-0.5456550545269917,-1.2698760924344714,-1.3059789968891078,-0.844153986113171,-1.1071487177940904,-1.1309537439791604,-1.171280832795522,-1.545160918273219,-0.7853981633974483,-1.5208379310729538,-2.1224513093234436,-2.5535900500422257,3.141592653589793,2.8501358591119264,2.5535900500422257,2.677945044588987,2.2455372690184494,2.0503156187874927,0.0,0.0,0.0,0.0,0.0,0.0,0.0,0.0,0.0,0.0,0.0,2.9068700411045962,2.733443549834704,2.8555412118724752,2.7314653130483024,3.0214839180228803,2.992702705980296,2.981679530431574,3.070285188804503,3.1098572800613353,3.0309354324158977,3.141592653589793,-2.7945310500503027,-2.9551057519225763,-2.961739153797315,-2.896613990462929,-2.432966381462123,-2.6387494426619322,-2.5652174329986095,-1.4056476493802699,0.0,-1.717874682183299,-1.1071487177940904,-1.2578950989145121,-1.1324597669369387,-0.49180917598869855,-0.27829965900511133
-1.0963964440029892,0.0,0.6610431688506869,0.6202494859828215,0.6842947916611498,0.22208190190548016,0.9272952180016122,0.8699419189104465,0.6435011087932844,0.6898000447336079,0.4110645473898644,0.48689923181126904,0.6162969373960713,0.25732371497108864,0.0688564893010446,0.3868757177310281,0.12062366858010272,0.27829965900511133,-0.3671738338182192,-0.11065722117389565,-0.4182243295792291,-1.042721878368537,-1.1071487177940904,-1.446441332248135,-2.356194490192345,-1.9195673303788037,-2.158798930342464,0.0,0.0,0.0,0.0,0.0,0.0,0.0,0.0,0.0,0.0,0.0,3.0451188784072065,2.981679530431574,-3.0860941483440762,3.141592653589793,-2.976443976175166,-2.827972001373095,-2.835713782184941,-2.6888141817662574,-2.6992184306130484,-2.609868586330988,-2.498091544796509,-2.356194490192345,-2.356194490192345,-2.0183163019520665,-2.289626326416521,-1.97568811307998,-2.2655346029916,0.12435499454676144,-1.1902899496825317,2.5213431676069717,1.2924966677897853,0.4423742229767449,0.5485494024505281,-0.14189705460416394,0.25732371497108864,0.6375487981386927
-0.5480239164242775,0.0,2.649783477601095,2.524401262049431,2.457883341955422,2.5453935122923133,2.391893602871669,2.457883341955422,2.33658915933514,2.2318394956455836,2.2655346029916,2.167972984887574,2.251317551462111,2.000558605891585,1.8804992713373527,2.0736395377227574,1.8417431771333173,1.8281200417659853,1.6373644905707205,1.7359450042095235,1.695151321341658,1.5707963267948966,0.4636476090008061,-0.09966865249116202,-0.3805063771123649,-0.12435499454676144,-0.628796286415433,0.0,0.0,0.0,0.0,0.0,0.0,0.0,0.0,0.0,0.0,0.0,-1.0743735733900148,-1.1839206090638685,-1.0768549578753155,-0.982793723247329,-0.8803498697402047,-0.8760580505981934,-0.8329812666744317,-0.7853981633974483,-0.5971766580926775,-0.6747409422235526,-0.5516549825285468,-0.3097029445424562,-0.4825132950224769,-0.25732371497108864,-0.16514867741462683,-0.2984989315861793,-0.08314123188844123,0.3805063771123649,1.4056476493802699,0.0,2.2655346029916,2.7091848780192556,2.7928216500058864,2.4668517113662407,3.141592653589793,2.804917834203066
-1.633215136790854,0.0,2.976443976175166,2.7672590375822095,2.677945044588987,2.579671091332978,2.485897027348257,2.539305307454829,2.498091544796509,2.295046327543044,2.2730532583039036,2.3086113869153615,2.158798930342464,2.0852476398539244,2.191045812777718,2.125103822996448,2.0576955586061656,2.0344439357957027,1.642103791580187,1.3439974787410107,1.4288992721907328,1.2490457723982544,-0.3217505543966422,0.24497866312686414,-0.9505468408120752,-0.5404195002705842,-0.83798122500839,0.0,0.0,0.0,0.0,0.0,0.0,0.0,0.0,0.0,0.0,0.0,-0.65788860518221,-0.4444192099010989,-0.4773453823736719,-0.40024065703397416,-0.18998828791871572,-0.4214192068878042,-0.28805544705062586,-0.31099828060554097,-0.1470783553884025,-0.17985349979247828,0.033320995878247196,0.1297025371559121,-0.047583103276983396,0.047583103276983396,-0.07130746478529032,0.35877067027057225,0.4993467216801301,0.5585993153435624,2.1112158270654806,-2.356194490192345,2.677945044588987,2.714965160462917,3.141592653589793,3.036715714859559,2.8842689386187046,-2.833539872566017
1.200890259338339,0.0,-1.5350972141155728,-1.8157749899217608,-1.7088023504524161,-1.716808584506172,-1.6352231662204502,-1.7483924940783846,-1.8329161680603694,-1.8817946074004375,-1.8828384483574299,-1.8313987185422376,-1.9949907346986633,-2.1112158270654806,-2.104504518434158,-2.2058230621852104,-2.452668265374932,-2.1025203940537023,-2.601173153319209,-2.647651284670212,-2.896613990462929,1.892546881191539,3.141592653589793,2.356194490192345,-2.677945044588987,1.5707963267948966,1.4801364395941514,0.0,0.0,0.0,0.0,0.0,0.0,0.0,0.0,0.0,0.0,0.0,0.8139618212362083,1.0164888305933455,1.0303768265243125,1.0666303653157436,1.1361261116456518,1.2490457723982544,1.3554386270971586,1.373400766945016,1.4288992721907328,1.4801364395941514,1.690225252813235,1.4559197213779975,1.7004988639508087,1.8157749899217608,1.7894652726688385,2.356194490192345,2.1112158270654806,-2.761086276477428,2.819842099193151,-2.0344439357957027,-1.8157749899217608,-1.5707963267948966,-1.7126933813990606,-1.849095985800008,-1.6233793884058383,-1.446441332248135
-0.4764674194737067,0.0,1.0882830317724197,1.1071487177940904,0.9629943306809362,1.0088747645380813,1.1071487177940904,1.0040671092713902,0.8086497862079112,0.8066715494215095,0.65788860518221,0.628796286415433,0.5984188934785372,0.44610554894340365,0.5763752205911837,0.5123894603107377,0.3217505543966422,0.260602391747341,0.3671738338182192,-0.2914567944778671,-0.11065722117389565,0.0,-1.8157749899217608,-1.2490457723982544,-1.9513027039072615,-2.2455372690184494,-1.9890206563741257,0.0,0.0,0.0,0.0,0.0,0.0,0.0,0.0,0.0,0.0,0.0,-2.6590793585673165,-2.4805494847391065,-2.498091544796509,-2.4061528859142878,-2.356194490192345,-2.2612427838495885,-2.3086113869153615,-2.3036114285814033,-2.0812846487116725,-1.9974238199217726,-1.892546881191539,-1.8622531212727638,-1.8018869939907938,-1.9100889412489412,-1.7894652726688385,-1.892546881191539,-1.2490457723982544,-1.1071487177940904,-0.7853981633974483,1.1071487177940904,1.1071487177940904,0.8760580505981934,1.1071487177940904,1.8157749899217608,1.0584068664841588,1.0838970949836275
-0.32811989501530536,0.0,-0.9723774333163594,-0.8066715494215095,-1.0563450137358688,-0.9685089806599324,-0.8491414759301353,-0.9978301839061905,-1.0552473193359175,-0.992894389832651,-1.1902899496825317,-1.2387368592520112,-1.4056476493802699,-1.1902899496825317,-1.5291537476963082,-1.3909428270024184,-1.6207547225168393,-1.5707963267948966,-1.5707963267948966,-1.892546881191539,-2.214297435588181,-2.2455372690184494,-2.498091544796509,2.782821983319221,2.356194490192345,2.5535900500422257,2.432966381462123,0.0,0.0,0.0,0.0,0.0,0.0,0.0,0.0,0.0,0.0,0.0,1.7126933813990606,1.80634130751576,1.9163519073766087,2.0516836069902324,1.9138202672156,2.1401095178955587,2.0626055027835952,2.2073045425828477,2.254505638429268,2.356194490192345,2.408777551803287,2.5748634360662868,2.5065659181994793,2.6992184306130484,2.819842099193151,2.774418819771574,2.896613990462929,2.356194490192345,-1.892546881191539,-1.7681918866447774,-1.7359450042095235,-0.7853981633974483,-0.960070362405688,-0.625485040239229,-0.6823165548747481,-0.7483780475235183
0.3156156620387663,0.0,0.3097029445424562,0.3409789534963494,0.2825549524695875,0.3310960767041321,0.16514867741462683,0.19118445959701444,0.10768987083282068,0.060532019782107135,0.11487660541689913,-0.19118445959701444,0.0,-0.15991312315821926,-0.372987721800061,0.0,-0.29544083714372,-0.5743048301747018,-0.3217505543966422,-0.6435011087932844,-0.4636476090008061,-1.4056476493802699,0.7853981633974483,-1.5707963267948966,-2.782821983319221,-2.4668517113662407,-2.7091848780192556,0.0,0.0,0.0,0.0,0.0,0.0,0.0,0.0,0.0,0.0,0.0,3.0309354324158977,2.999695598985629,-3.108271657711546,3.141592653589793,-3.107123552590285,-3.107123552590285,-2.937574673997245,-2.8577985443814655,-2.7868870015788527,-2.692869309579072,-2.7314653130483024,-2.618314331457818,-2.5269297016676275,-2.439335722080786,-2.0344439357957027,-2.1995926132103296,-2.1112158270654806,-1.849095985800008,-2.0344439357957027,0.3217505543966422,-0.3217505543966422,0.16514867741462683,0.5667292175235064,0.21109333322274654,0.628796286415433,0.6146629519221655
-0.4764674194737067,0.0,-1.9138202672156,-1.9922155336827008,-1.9040406279065694,-1.999574354240913,-2.184003675669406,-2.174545660192333,-2.254505638429268,-2.312743594800814,-2.292451177659658,-2.4917222041778455,-2.3794461130028077,-2.44685437739309,-2.5899376710612465,-2.601173153319209,-2.8785979219088738,-2.788602265762883,-2.701750070774057,-2.782821983319221,-2.8501358591119264,2.677945044588987,1.7359450042095235,1.5707963267948966,0.7853981633974483,0.8621700546672264,1.1071487177940904,0.0,0.0,0.0,0.0,0.0,0.0,0.0,0.0,0.0,0.0,0.0,0.6202494859828215,0.6747409422235526,0.6998928697192437,0.8353565591193911,0.973619668702219,0.9209258773829491,1.0370881351556351,1.0912770348023004,1.2827408797442708,1.4000611153196139,1.2597980461893556,1.5291537476963082,1.3909428270024184,1.6183794300718801,1.873681195169868,1.6614562139956417,2.0899424410414196,2.432966381462123,0.0,-0.3217505543966422,-1.8157749899217608,-1.750649826587375,-1.642103791580187,-1.9614033704925835,-1.892546881191539,-1.9100889412489412
-0.32811989501530536,0.0,2.0798672152172797,2.671810152231111,2.460575643142675,2.498091544796509,2.1781015519611473,2.3462938236043565,2.7314653130483024,2.173083672929861,2.0195196708056176,2.0344439357957027,2.272056249661174,2.000558605891585,2.256525837701183,2.2752903910371143,2.305390786134123,2.1975392280059434,2.0701430484750265,2.0344439357957027,1.9295669970654687,1.8018869939907938,0.6202494859828215,-0.05258306161094172,-0.20749622643520266,-0.7266423406817256,-0.8224182792713783,0.0,0.0,0.0,0.0,0.0,0.0,0.0,0.0,0.0,0.0,0.0,-1.7161063374305987,-1.690225252813235,-1.7640078106427026,-1.6556981202446186,-1.5503909961083586,-1.3854483767992019,-1.2722973952087173,-1.2793395323170296,-1.2610933822524404,-1.049361887023153,-0.9780989220598338,-0.7853981633974483,-0.8685393952858895,-0.7496990507181244,-1.14660191889113,-0.43662715981354133,0.15660187698201536,1.965587446494658,2.321725389192837,0.0,1.7894652726688385,3.061762667877556,2.125103822996448,2.578276392097825,2.388441372627599,2.518921864832726
-1.9058794244856845,0.0,-1.9949907346986633,-2.529865688533919,-2.867933332507703,-2.601173153319209,-2.643770320972792,-2.4602944283019443,-2.5148497523787463,-2.558516118570649,-2.5045223243141095,-2.646459390121389,-2.4642062148923913,-2.3698922635652107,-2.8809902618424523,-2.7509856098921066,-2.4704488181537845,-2.649783477601095,-2.782821983319221,-2.8535372065391673,2.9275319700259717,3.079173843593836,2.62244653934327,2.1112158270654806,1.1441688336680205,1.2315037123408519,0.9994588469612699,0.0,0.0,0.0,0.0,0.0,0.0,0.0,0.0,0.0,0.0,0.0,-0.5317240672588056,-0.39852244566642026,-0.21109333322274654,-0.30704573201879076,0.0,0.06656816377582381,0.13909594148207133,0.2860514417173182,0.2063238940297175,0.5010133868035894,0.4955516734858285,0.4764674194737067,0.9561333748727311,0.8353565591193911,0.7266423406817256,0.7621465405869854,1.1071487177940904,1.3909428270024184,2.1112158270654806,2.999695598985629,3.141592653589793,-2.8501358591119264,-1.9018924034990288,-2.0778948311872334,-2.483704048407583,-2.7004131731748124
-0.8176450458327023,0.0,-1.8157749899217608,-1.1659045405098132,-0.3217505543966422,-0.5404195002705842,0.3805063771123649,-1.1071487177940904,0.2984989315861793,-0.11065722117389565,0.13255153229667402,-0.3392926144540447,0.04995839572194276,0.0,-0.21406068356382152,0.04995839572194276,0.3217505543966422,0.2551823906208184,0.23109066719589708,0.6202494859828215,0.8567056281827387,0.35877067027057225,1.042721878368537,1.1525719972156676,1.3521273809209546,1.4801364395941514,1.9379701606131159,0.0,0.0,0.0,0.0,0.0,0.0,0.0,0.0,0.0,0.0,0.0,0.0,0.06241880999595735,-0.7266423406817256,-1.042721878368537,-0.7086262721276703,-0.982793723247329,-0.982793723247329,-0.9964914966201949,-1.0164888305933455,-1.317122230656254,-1.3854483767992019,-1.5308176396716067,-1.5253730473733196,-1.690225252813235,-1.6373644905707205,-1.5395564933646284,-1.6456561745056635,-1.7681918866447774,-2.007423486608438,-1.7681918866447774,-1.9163519073766087,-1.8313987185422376,-1.849095985800008,-1.8588517738455226,-1.7782925532300993,-1.9295669970654687
0.8402880259916021,0.0,1.1902899496825317,1.1659045405098132,0.7853981633974483,0.8685393952858895,0.5743048301747018,0.5880026035475675,0.7853981633974483,0.8567056281827387,0.4636476090008061,0.7853981633974483,0.0,0.24497866312686414,-0.3671738338182192,-0.04995839572194276,0.18534794999569476,0.14189705460416394,0.3392926144540447,0.7086262721276703,-1.1071487177940904,0.14189705460416394,2.999695598985629,1.9295669970654687,1.1071487177940904,2.356194490192345,2.9441970937399127,0.0,0.0,0.0,0.0,0.0,0.0,0.0,0.0,0.0,0.0,0.0,-2.289626326416521,-2.3191743743184148,-2.1815222911841055,-2.1112158270654806,-2.1948193797716535,-2.1763409903998667,-2.3062360944704023,-1.9028557943377822,-1.8804992713373527,-1.5253730473733196,-1.5374753309166493,-1.8337910584758161,-1.9513027039072615,-1.9028557943377822,-1.7429871413178357,-2.356194490192345,-2.0831857871056343,2.896613990462929,-1.2490457723982544,1.4288992721907328,-0.6747409422235526,0.3947911196997615,1.6704649792860586,1.4056476493802699,1.1801892830972098,0.7378150601204649
-0.8113663506090047,0.0,-1.5707963267948966,-1.7681918866447774,0.0,-0.8621700546672264,-0.5667292175235064,-0.628796286415433,-0.7853981633974483,-0.49394136891958124,-0.3217505543966422,0.1746721990082397,-0.43662715981354133,0.05549850524571683,-0.3217505543966422,-0.3332443011116727,-0.047583103276983396,-0.04345089539153084,0.08314123188844123,0.08673833867598511,0.37089128881266237,0.6146629519221655,0.6000502134017536,0.7853981633974483,0.9561333748727311,1.0516502125483738,1.3101939350475555,0.0,0.0,0.0,0.0,0.0,0.0,0.0,0.0,0.0,0.0,0.0,0.16514867741462683,0.12435499454676144,-0.5880026035475675,-0.3805063771123649,-0.6435011087932844,-1.0714496051147666,-0.9652516631899266,-0.9272952180016122,-1.1824776086224307,-1.373400766945016,-1.501939837493852,-1.39408747072486,-1.4056476493802699,-1.3654009376051293,-1.6396528160959412,-1.761980786391911,-1.7818896600176433,-1.7359450042095235,-2.0503156187874927,-2.1112158270654806,-1.9295669970654687,-2.117585167684144,-2.0152155366959956,-2.1025203940537023,-2.1763409903998667,-1.784857010358718
-0.15660187698201536,0.0,0.982793723247329,0.3805063771123649,2.0344439357957027,1.0516502125483738,1.5707963267948966,2.158798930342464,2.214297435588181,2.3291740410050803,2.2264919530364327,2.5213431676069717,2.0899424410414196,2.2597207150097582,2.316215803069055,2.6311043316730176,2.5948038127005457,2.8305943729842524,2.677945044588987,3.0221637275714546,2.907849472720892,3.0940095503128098,3.096169374168216,-2.9669204545815537,-2.593043251139265,-2.439335722080786,-2.4668517113662407,0.0,0.0,0.0,0.0,0.0,0.0,0.0,0.0,0.0,0.0,0.0,2.819842099193151,2.0778948311872334,2.5829933382462307,1.5707963267948966,1.7681918866447774,1.750649826587375,1.5152978215491797,1.3909428270024184,1.1606689862534056,1.3156139361740782,0.9685089806599324,1.2490457723982544,0.8621700546672264,0.8913825213870482,0.8593372010553887,0.9272952180016122,0.7597627548757708,0.8902751021276822,0.6162969373960713,0.6489955589965009,0.5467888408892474,0.4297622790966885,0.712357598094329,0.372987721800061,0.5713374798336268,0.507098504392337
-0.4241944079037666,0.0,0.6747409422235526,0.5404195002705842,0.7853981633974483,1.9195673303788037,1.1071487177940904,1.3521273809209546,1.9138202672156,1.5707963267948966,1.9513027039072615,2.0344439357957027,2.1224513093234436,2.095592098445004,1.9055331641117113,1.6814535479687922,1.7539071440573808,2.0169018757383004,2.1112158270654806,2.2318394956455836,2.4416997838705496,2.4805494847391065,3.0419240010986313,2.8685839505030826,-2.819842099193151,-2.9441970937399127,-2.677945044588987,0.0,0.0,0.0,0.0,0.0,0.0,0.0,0.0,0.0,0.0,0.0,2.819842099193151,3.141592653589793,2.356194490192345,1.5707963267948966,0.6435011087932844,1.1071487177940904,1.2490457723982544,1.0768549578753155,1.2120256565243244,0.8224182792713783,0.6000502134017536,0.722979353401491,0.8139618212362083,0.8270407424960368,0.7641247773733871,0.8097835725701669,0.348771003583907,0.40489178628508343,0.15991312315821926,0.18311081726248413,0.3217505543966422,0.24497866312686414,0.4228539261329407,0.1297025371559121,-0.14888994760949725,0.25732371497108864
0.3156156620387663,0.0,-1.7975951748487824,-0.6610431688506869,1.5707963267948966,-0.5880026035475675,0.0,-0.2662520491509254,0.0,0.07677189126977804,0.15660187698201536,0.22679884805388587,-0.05258306161094172,0.23109066719589708,0.4145068745847859,0.5543074962015512,0.2984989315861793,0.6998928697192437,0.5144513130590278,0.982793723247329,0.9179496956941223,1.2847448850775784,0.7853981633974483,1.1071487177940904,1.6704649792860586,2.0344439357957027,2.0032041023654346,0.0,0.0,0.0,0.0,0.0,0.0,0.0,0.0,0.0,0.0,0.0,0.4636476090008061,0.2984989315861793,-0.19739555984988075,-0.08314123188844123,-0.49394136891958124,-0.15264932839526515,-0.39852244566642026,-0.6202494859828215,-0.8478169733934057,-0.8478169733934057,-1.0164888305933455,-1.1902899496825317,-1.0121970114513341,-1.0370881351556351,-1.237552025683224,-1.380808038876181,-1.3439974787410107,-1.176005207095135,-1.3182420510168371,-1.4288992721907328,-1.3352513460740332,-1.5707963267948966,-1.6856729322117958,-1.729451588981298,-1.7681918866447774,-1.4352686128093959
-2.825976991551027,0.0,-3.017237659043032,-2.4805494847391065,-2.0344439357957027,-2.0778948311872334,-1.2793395323170296,-1.2490457723982544,-1.2793395323170296,-1.35970299357215,-1.6373644905707205,-1.3909428270024184,-1.2220253232109897,-1.1071487177940904,-0.9272952180016122,-1.1071487177940904,-1.1999050379822342,-0.8408966686431651,-0.7188299996216245,-0.702256931509007,-0.6107259643892086,-0.35299038782691045,-0.37089128881266237,-0.19739555984988075,0.0,0.35877067027057225,0.7853981633974483,0.0,0.0,0.0,0.0,0.0,0.0,0.0,0.0,0.0,0.0,0.0,-1.0121970114513341,-1.0303768265243125,-1.6704649792860586,-1.5707963267948966,-1.642103791580187,-1.7561442767905915,-1.7818896600176433,-1.9295669970654687,-2.007423486608438,-2.498091544796509,-2.384758148031105,-2.3305590816706676,-2.483704048407583,-2.498091544796509,-2.7672590375822095,-2.843093722003614,-2.6387494426619322,-2.9441970937399127,-2.8535372065391673,-2.8083483524781205,-3.0727361642887487,-2.6344941491974563,-2.907849472720892,3.141592653589793,2.9669204545815537,-2.782821983319221
0.7754974968094598,0.0,-2.704965493776252,-3.064820762320015,-2.1112158270654806,-1.5707963267948966,-1.9100889412489412,-1.4711276743037347,-1.2220253232109897,-1.1902899496825317,-1.8692952583810758,-1.5152978215491797,-1.3258176636680326,-1.1525719972156676,-0.6202494859828215,-0.8408966686431651,-1.0303768265243125,-0.7298996581517315,-0.6947382761967031,-0.6947382761967031,-0.24497866312686414,-0.4423742229767449,-0.058755822715722696,0.15264932839526515,0.2662520491509254,0.43240777557053783,0.5585993153435624,0.0,0.0,0.0,0.0,0.0,0.0,0.0,0.0,0.0,0.0,0.0,-1.5707963267948966,-2.0647376957144776,-2.0701430484750265,-2.356194490192345,-2.279422598922567,-2.746801533890032,-2.403777593469328,-2.485897027348257,-2.7532739354173272,-2.782821983319221,-2.988943325194528,-2.677945044588987,-2.761086276477428,-3.108271657711546,-2.796037073008081,3.141592653589793,-3.0090411212931194,3.011890116433881,3.070285188804503,-3.054854314913808,2.922923707715851,3.011890116433881,3.0309354324158977,-2.999695598985629,3.079173843593836,-2.9441970937399127
0.3156156620387663,0.0,-2.761086276477428,-3.070285188804503,-1.892546881191539,-2.0899424410414196,-1.5707963267948966,-0.7853981633974483,-0.12435499454676144,-0.4636476090008061,-0.3217505543966422,-0.7086262721276703,-0.6659692373791098,-0.4636476090008061,-0.7853981633974483,-0.3906070436976868,-0.48088728019533583,-0.3805063771123649,-0.5317240672588056,0.09495170634275632,0.2914567944778671,-0.11065722117389565,-0.15264932839526515,0.3217505543966422,1.0040671092713902,0.9994588469612699,0.5667292175235064,0.0,0.0,0.0,0.0,0.0,0.0,0.0,0.0,0.0,0.0,0.0,-1.2924966677897853,-0.7853981633974483,-0.5404195002705842,-1.4056476493802699,-1.1525719972156676,-2.191045812777718,-2.3086113869153615,-1.7454685258031364,-2.1193457292454245,-1.7818896600176433,-2.393214606066275,-2.117585167684144,-2.79856871316909,-2.8023000391357487,-2.9533711482850227,-2.256525837701183,-2.7270857790050074,-2.5948038127005457,-2.4227626539681686,-2.5702551737561663,3.104572537715863,-2.804917834203066,-2.0344439357957027,-3.1031500635686053,-2.1421338066285234,-2.4756234162106834
-0.15660187698201536,0.0,1.042721878368537,1.5395564933646284,1.0370881351556351,0.7853981633974483,1.3787483095541666,0.9397169393235674,0.9453112865556675,0.23374318086890142,0.9652516631899266,0.7583777142101835,0.4636476090008061,0.24497866312686414,0.5191461142465229,0.4266274931268761,0.40489178628508343,0.14888994760949725,0.0,0.4636476090008061,-0.21866894587394195,-0.35877067027057225,-1.3258176636680326,-0.7853981633974483,-2.677945044588987,-2.5535900500422257,-2.4149503129080676,0.0,0.0,0.0,0.0,0.0,0.0,0.0,0.0,0.0,0.0,0.0,-2.300695984946628,-2.0736395377227574,-2.0169018757383004,-2.137525544318403,-2.0516836069902324,-1.7004988639508087,-1.7234456551901618,-1.717874682183299,-1.5707963267948966,-1.5291537476963082,-1.4288992721907328,-1.4219063791853994,-1.1525719972156676,-1.3521273809209546,-1.3258176636680326,-1.3397056595989996,-1.2793395323170296,-0.35877067027057225,-0.3430239404207034,0.0,0.24497866312686414,2.0344439357957027,-1.2120256565243244,0.7086262721276703,0.0,1.5707963267948966
-2.173083672929861,0.0,-1.4711276743037347,-1.5273454314033659,-1.3352513460740332,-1.5707963267948966,-1.8817946074004375,-1.7561442767905915,-1.5323537367737086,-1.9513027039072615,-2.0183163019520665,-1.9333405640594041,-2.214297435588181,-2.1224513093234436,-2.2286849319771065,-2.1995926132103296,-2.356194490192345,-2.2455372690184494,-2.191045812777718,-2.6135182051634334,-2.455863142683507,-2.498091544796509,2.677945044588987,-1.5707963267948966,1.8157749899217608,1.1071487177940904,0.9272952180016122,0.0,0.0,0.0,0.0,0.0,0.0,0.0,0.0,0.0,0.0,0.0,1.6657480331376529,1.804539507663798,1.7234456551901618,1.80634130751576,1.892546881191539,1.9710369838288708,2.0778948311872334,2.0701430484750265,2.2612427838495885,2.432966381462123,2.38321493937961,2.403777593469328,2.5269297016676275,2.654693421778524,2.593043251139265,2.838707785214822,2.729182211992406,3.0419240010986313,2.875340604438868,-2.677945044588987,-2.7367008673047097,-2.498091544796509,-0.8960553845713439,-1.4876550949064553,-1.5707963267948966,-1.7234456551901618
-0.32811989501530536,0.0,-1.356735643231075,-1.5337762109209665,-1.3654009376051293,-1.5707963267948966,-1.5707963267948966,-1.7078625011050843,-1.664273107953486,-1.6672701019774836,-1.9720251257997454,-2.0344439357957027,-2.1164513813218884,-2.1262900620604404,-2.201875714266226,-2.1421338066285234,-2.2752903910371143,-2.461071428922579,-2.516107613350564,-2.4756234162106834,-2.4227626539681686,-2.819842099193151,-2.761086276477428,2.896613990462929,1.2490457723982544,0.982793723247329,0.9272952180016122,0.0,0.0,0.0,0.0,0.0,0.0,0.0,0.0,0.0,0.0,0.0,2.0672190801997785,2.3036114285814033,2.1948193797716535,2.401617769613922,2.429235055495464,2.457883341955422,2.5702551737561663,2.6292031932790554,2.6532587025333876,2.611376880813163,2.691833040519954,2.819842099193151,3.0419240010986313,2.8577985443814655,3.141592653589793,3.141592653589793,3.0060649396042924,-2.961739153797315,-2.8501358591119264,3.141592653589793,-2.158798930342464,-1.892546881191539,-1.5707963267948966,-1.2220253232109897,-1.3439974787410107,-1.2277723863741932
-0.4241944079037666,0.0,0.2860514417173182,0.04995839572194276,-0.04345089539153084,0.047583103276983396,-0.10673567264913565,-0.11065722117389565,-0.2984989315861793,-0.2741674511196588,-0.4475199751571699,-0.3805063771123649,-0.4214192068878042,-0.6240230529767569,-0.6857295109062863,-0.6528466311007743,-0.7853981633974483,-0.7853981633974483,-1.1071487177940904,-1.1071487177940904,-1.042721878368537,-1.2220253232109897,-1.373400766945016,-2.896613990462929,-3.017237659043032,2.8632929945846817,2.819842099193151,0.0,0.0,0.0,0.0,0.0,0.0,0.0,0.0,0.0,0.0,0.0,-2.988943325194528,-2.988943325194528,-2.723368324010564,-2.8305943729842524,-2.7790484163252858,-2.5535900500422257,-2.796037073008081,-2.601173153319209,-2.498091544796509,-2.279422598922567,-2.214297435588181,-2.0988707752212563,-2.2218730482393765,-2.1451011569695986,-2.0899424410414196,-1.8417431771333173,-1.695151321341658,-1.7126933813990606,-1.7234456551901618,-1.8157749899217608,-1.1071487177940904,-0.7853981633974483,-0.16514867741462683,0.0,0.0,0.3217505543966422
0.3156156620387663,0.0,-0.8253768505207384,-0.9994588469612699,-1.1071487177940904,-1.0303768265243125,-0.9723774333163594,-1.1071487177940904,-1.1606689862534056,-1.1441688336680205,-1.2490457723982544,-1.6092389168160846,-1.460139105621001,-1.6856729322117958,-1.4909663410826592,-1.4288992721907328,-1.6614562139956417,-1.5707963267948966,-1.849095985800008,-1.642103791580187,-1.837048375945822,-1.5707963267948966,-2.356194490192345,2.8632929945846817,1.9513027039072615,2.0344439357957027,1.3521273809209546,0.0,0.0,0.0,0.0,0.0,0.0,0.0,0.0,0.0,0.0,0.0,2.0533096218173736,2.0503156187874927,2.0736395377227574,2.158798930342464,2.14717154738608,2.452668265374932,2.432966381462123,2.5065659181994793,2.356194490192345,2.7928216500058864,2.543173760111256,2.6992184306130484,2.7532739354173272,2.729182211992406,-2.9105019863938963,3.141592653589793,-2.835713782184941,2.922923707715851,-2.723368324010564,-2.761086276477428,-1.9513027039072615,-2.819842099193151,-1.1902899496825317,-0.8760580505981934,-0.7853981633974483,-0.9097531579442097
0.3156156620387663,0.0,3.054854314913808,-3.1058935409104693,2.7367008673047097,2.6954871046463897,2.9147938055359073,2.8828217616260954,2.5959375990628013,2.5748634360662868,2.4061528859142878,2.254505638429268,2.44685437739309,2.2218730482393765,2.2073045425828477,2.0169018757383004,2.0812846487116725,2.20354516179708,1.9693187724613168,2.0778948311872334,1.7033478590915707,0.982793723247329,0.7853981633974483,-1.1071487177940904,-1.1659045405098132,-0.7188299996216245,-0.6435011087932844,0.0,0.0,0.0,0.0,0.0,0.0,0.0,0.0,0.0,0.0,0.0,-0.06656816377582381,0.1470783553884025,0.0,0.16514867741462683,0.2825549524695875,0.3217505543966422,0.35877067027057225,0.2860514417173182,0.6435011087932844,0.6747409422235526,0.5880026035475675,0.7853981633974483,0.8353565591193911,0.8156919233162234,0.8818719385800352,1.1659045405098132,1.1071487177940904,1.176005207095135,1.3045442776439713,1.373400766945016,1.695151321341658,2.976443976175166,2.677945044588987,-3.0750244898139694,-2.7928216500058864,2.714965160462917
-2.825976991551027,0.0,-0.702256931509007,-1.0222469243443686,-0.37089128881266237,-0.8124186125847132,-0.6435011087932844,-0.6805212246672144,-0.5247957716501074,-0.7610127542247298,-1.1071487177940904,-1.2753554896511765,-1.3654009376051293,-0.9685089806599324,-1.1849136573968229,-1.3045442776439713,-1.7590178320996674,-1.5707963267948966,-1.892546881191539,-1.5152978215491797,-2.1763409903998667,2.5535900500422257,1.5707963267948966,2.5127963671743605,2.356194490192345,2.4805494847391065,2.2655346029916,0.0,0.0,0.0,0.0,0.0,0.0,0.0,0.0,0.0,0.0,0.0,2.488746022489019,2.994514298201391,2.922923707715851,2.7187387274568526,2.7901478595862415,2.694072678432623,3.141592653589793,-2.843093722003614,3.0107652575157364,-2.9708574421145104,-3.0348569809406576,-2.7270857790050074,-2.62244653934327,2.9147938055359073,-2.279422598922567,-2.0344439357957027,0.0,-2.1112158270654806,-2.5899376710612465,-1.5707963267948966,3.141592653589793,-1.3258176636680326,-0.7853981633974483,2.0344439357957027,-0.982793723247329,-0.3028848683749714
0.7754974968094598,0.0,-1.0789871508061981,-1.1737168815699144,-1.5912016574814347,-1.1955255039389392,-0.5543074962015512,-0.6435011087932844,-1.1071487177940904,-0.7224185009645038,-1.37014344947501,-1.3451950829588726,-1.6107750139181867,-1.3101939350475555,-1.6648575614228829,-1.5912016574814347,-1.5152978215491797,-1.433730152484709,-1.2870022175865687,-1.5102643070127895,-1.6041173226731438,-2.399645385583876,-1.5707963267948966,2.356194490192345,2.2455372690184494,2.455863142683507,0.7853981633974483,0.0,0.0,0.0,0.0,0.0,0.0,0.0,0.0,0.0,0.0,0.0,1.965587446494658,1.9554010416171101,1.6921483273656603,2.131483321777702,2.129395642138459,2.23983932498547,2.356194490192345,2.5065659181994793,2.5887514319972538,2.569132839771742,2.6882539577352302,2.785372998193643,2.869446763058606,-3.1183410307793302,3.1031500635686053,-3.070285188804503,-2.7868870015788527,-2.137525544318403,-2.9441970937399127,2.8842689386187046,-0.19739555984988075,-1.7942729279355296,0.0,-1.695151321341658,-1.2698760924344714,-0.23109066719589708
-0.32811989501530536,0.0,1.0209431441183117,0.7483780475235183,-0.13909594148207133,0.6383198080090459,-0.22208190190548016,0.15991312315821926,0.2721458905311873,0.36397895650964407,0.1460122577112754,-0.4136892132788634,-0.058755822715722696,-0.037020115873930025,-0.24497866312686414,-0.10768987083282068,0.21866894587394195,-0.1460122577112754,-0.25255427577805956,-0.22679884805388587,-0.5880026035475675,0.14189705460416394,-2.356194490192345,-1.4056476493802699,-2.896613990462929,-2.297438667476622,-2.677945044588987,0.0,0.0,0.0,0.0,0.0,0.0,0.0,0.0,0.0,0.0,0.0,2.241940162230905,2.34081108841175,2.5065659181994793,2.4245808337828483,2.789548339274376,2.7038013499482467,2.952393631489825,2.9829373914033916,-3.026716048172894,-3.010277214606705,-2.7522759317566523,-2.7928216500058864,-2.8555412118724752,-2.561589879382112,-2.3191743743184148,-2.52905509697949,-2.44685437739309,-1.9513027039072615,-2.2655346029916,-2.408777551803287,2.0344439357957027,-3.0419240010986313,1.0516502125483738,-1.4056476493802699,1.4940244355251187,-0.0302937599187751
-0.32811989501530536,0.0,0.7509290623979403,0.982793723247329,0.9453112865556675,0.7568345055586884,0.6202494859828215,0.6857295109062863,0.6510767214444798,0.5880026035475675,0.4636476090008061,0.48088728019533583,0.3009202343604251,0.24497866312686414,0.19739555984988075,0.13706617431018764,-0.04345089539153084,0.3392926144540447,-0.19739555984988075,0.3947911196997615,-0.6747409422235526,-0.7853981633974483,-2.5535900500422257,-1.5707963267948966,-2.0344439357957027,-2.356194490192345,-2.4668517113662407,0.0,0.0,0.0,0.0,0.0,0.0,0.0,0.0,0.0,0.0,0.0,-2.191045812777718,-2.0672190801997785,-2.158798930342464,-2.0626055027835952,-1.9379701606131159,-1.892546881191539,-1.8533512792644842,-1.6052654277944047,-1.5273454314033659,-1.4827889532671559,-1.4000611153196139,-1.3654009376051293,-1.460139105621001,-1.2220253232109897,-1.2627435457711202,-1.2679114584199251,-1.3909428270024184,-0.982793723247329,-0.982793723247329,-0.9505468408120752,-1.0121970114513341,1.5707963267948966,0.7853981633974483,0.5880026035475675,0.7853981633974483,1.2793395323170296
-2.38648825011112,0.0,2.356194490192345,2.5672878234150915,2.5308666892005847,2.4061528859142878,2.3794461130028077,2.5748634360662868,2.2058230621852104,2.3062360944704023,2.14717154738608,2.2848870254070546,1.9890206563741257,2.289626326416521,1.923786714621807,2.761086276477428,2.5308666892005847,1.687905071361761,2.896613990462929,-0.27829965900511133,2.356194490192345,-2.0344439357957027,0.19739555984988075,-1.892546881191539,-0.6556956262415362,-0.8960553845713439,-1.1583858851975093,0.0,0.0,0.0,0.0,0.0,0.0,0.0,0.0,0.0,0.0,0.0,-1.039072259536091,-0.9357695914045828,-0.9505468408120752,-0.7044940642422177,-0.4844779290370232,-0.9272952180016122,-0.6747409422235526,-0.7853981633974483,-0.40489178628508343,0.4124104415973873,-0.49394136891958124,-0.40489178628508343,-0.3947911196997615,-0.348771003583907,-1.1071487177940904,2.214297435588181,0.9420000403794636,1.1902899496825317,0.3217505543966422,2.399645385583876,2.1193457292454245,2.279422598922567,1.7359450042095235,2.6135182051634334,2.79856871316909,2.321725389192837
-2.0831857871056343,0.0,2.5652174329986095,2.7270857790050074,2.5748634360662868,2.645169900184911,2.761086276477428,2.4775464907631086,2.191045812777718,2.726100557648903,2.238102461773251,2.321725389192837,2.694072678432623,2.0778948311872334,2.396173177315635,2.616796881939686,2.0054665419441413,1.4940244355251187,1.2847448850775784,2.819842099193151,0.19739555984988075,0.09966865249116202,-0.7853981633974483,-0.6107259643892086,-1.0303768265243125,-0.7378150601204649,-0.6202494859828215,0.0,0.0,0.0,0.0,0.0,0.0,0.0,0.0,0.0,0.0,0.0,0.0,0.09495170634275632,0.07130746478529032,0.23783592745745075,-0.11487660541689913,-0.06241880999595735,0.3332443011116727,0.10308160852270024,0.23554498072086333,0.8803498697402047,0.45066132608063364,0.5554937352655436,0.7853981633974483,0.30587887140485215,0.982793723247329,0.4636476090008061,2.2455372690184494,0.9179496956941223,1.1410340476982082,2.1962813670341257,2.723368324010564,2.796037073008081,3.036715714859559,2.1112158270654806,-3.0981417581982624,2.483704048407583
-0.4764674194737067,0.0,-0.9900399732272263,-1.6888883552139906,-2.187987718335259,-1.557463783500751,-1.6262948320406134,-1.6262948320406134,-2.087828279286438,-1.627339763739714,-2.0210219230556117,-2.1077070695349422,-2.1995926132103296,-2.243274829439742,-2.1224513093234436,-1.719686274404394,-2.3086113869153615,-1.7429871413178357,-2.0344439357957027,-2.0032041023654346,-2.8501358591119264,0.982793723247329,0.8960553845713439,1.0040671092713902,0.9272952180016122,0.6805212246672144,1.1722738811284763,0.0,0.0,0.0,0.0,0.0,0.0,0.0,0.0,0.0,0.0,0.0,1.5877438566013016,1.6388727850528961,1.4909663410826592,1.640856909433352,1.908252396022678,1.709892268276968,1.7156088250338357,1.791625096524245,1.899846021635236,2.0119758072098772,1.9472866612414195,1.9720251257997454,2.171870081292646,2.0183163019520665,2.587285157388242,2.7509856098921066,3.0309354324158977,-2.62244653934327,-1.9295669970654687,-1.9922155336827008,-1.1583858851975093,-1.9513027039072615,-2.403777593469328,-2.0778948311872334,-2.2058230621852104,-1.5350972141155728
-0.47007838851840694,0.0,2.80097641317148,-3.070285188804503,3.0309354324158977,2.7282622490504655,2.664247271216121,2.8916140321289707,2.6858188976130877,2.5652174329986095,2.5809056586069876,2.6201582138180495,2.7522759317566523,2.730528106199929,2.271650734679347,2.4668517113662407,2.305390786134123,2.3318090810196264,2.593043251139265,2.0032041023654346,-2.875340604438868,3.0309354324158977,0.0,-1.2490457723982544,-0.7853981633974483,-0.5633162614919681,-0.4145068745847859,0.0,0.0,0.0,0.0,0.0,0.0,0.0,0.0,0.0,0.0,0.0,0.08490179344972196,-0.07827114052127797,-0.06512516333438588,0.17593962545252784,0.05549850524571683,0.1555948279770297,0.11710874456686428,0.348771003583907,0.2935889874087498,0.6570749357116535,0.4955516734858285,0.4636476090008061,0.973619668702219,0.8685393952858895,1.2610933822524404,1.5707963267948966,1.089909046599561,1.7681918866447774,2.579671091332978,2.5535900500422257,1.9513027039072615,2.578276392097825,-3.038511045067093,-2.8685839505030826,2.301703033951614,2.782821983319221
-0.32811989501530536,0.0,-1.373400766945016,-1.1263771168937977,-0.9179496956941223,-1.2706251559647845,-1.8608832591159248,-1.6704649792860586,-1.202100424136847,-2.041200589731488,-2.063282092666822,-1.7599953488948648,-1.7429871413178357,-2.0626055027835952,-1.6680495250464624,-2.0870269974066447,-2.3725864645003503,-2.2848870254070546,-2.3805798993650633,-2.0344439357957027,-2.4149503129080676,2.289626326416521,1.1902899496825317,0.12435499454676144,0.8519663271732721,0.49394136891958124,0.6162969373960713,0.0,0.0,0.0,0.0,0.0,0.0,0.0,0.0,0.0,0.0,0.0,2.9656530281372655,2.7392715557293528,2.976443976175166,3.1058935409104693,2.7716865861332356,3.0288650419994156,2.9733858817327072,3.118869292748152,3.0928508022798615,2.9130960142979307,2.947970660733848,2.9441970937399127,-2.999695598985629,-2.694072678432623,-2.9441970937399127,-2.654693421778524,-2.7091848780192556,-1.6183794300718801,-1.5083775167989393,-2.403777593469328,-2.214297435588181,-0.7853981633974483,-1.8076450877418169,-0.9229848998677982,-0.7309067071567171,-1.217805938967986
-2.825976991551027,0.0,-0.47116626431311,-0.01999733397315053,-0.7328151017865066,-0.3608367830330907,-0.7931499461096552,-0.47534298216649506,-0.6747409422235526,-1.0088747645380813,-1.069192272605776,-0.8685393952858895,-0.982793723247329,-1.1300454790154746,-1.1935472671525376,-1.124690777851493,-1.2924966677897853,-1.3547113544981102,-0.8760580505981934,-1.5707963267948966,-1.9513027039072615,-1.460139105621001,-1.8157749899217608,2.356194490192345,1.4840579881189115,1.7063240407803975,1.9809236673363877,0.0,0.0,0.0,0.0,0.0,0.0,0.0,0.0,0.0,0.0,0.0,-2.4634733458407476,-2.4897235392842165,-2.4638843610251655,-2.454468443448354,-2.4116929954380617,-2.4370985893475754,-2.5652174329986095,-2.256525837701183,-2.2730532583039036,-2.2494588175432093,-2.1269625569153496,-2.0344439357957027,-2.0988707752212563,-2.0032041023654346,-2.2531128816696446,-1.6475682180646747,-0.3430239404207034,-0.18534794999569476,-0.6528466311007743,-0.4993467216801301,-1.2068173702852525,-0.06656816377582381,-0.5028432109278608,0.04647813135100294,-0.14189705460416394,-0.4266274931268761
-0.5349550737860964,0.0,-1.7483924940783846,-2.022249418347451,-1.5111656136637273,-2.1451011569695986,-1.8774726461965794,-2.432966381462123,-2.403777593469328,-2.1156602422464403,-2.321725389192837,-2.143762469683603,-2.332942867381882,-2.191045812777718,-2.33924696038594,-2.642245931909663,-2.5088438185876103,-2.8864102629689747,-2.723368324010564,3.064820762320015,-1.0303768265243125,-2.601173153319209,-1.0516502125483738,0.6947382761967031,0.0,0.388318718172466,0.11942892601833845,0.0,0.0,0.0,0.0,0.0,0.0,0.0,0.0,0.0,0.0,0.0,1.9178579303343872,1.899846021635236,1.9601130486280374,2.0503156187874927,2.043702930457826,2.0744226229189926,2.2367655641740063,2.118358562734894,2.214297435588181,2.3086113869153615,2.356194490192345,2.462178848181945,2.332942867381882,2.5829933382462307,2.691833040519954,2.498091544796509,-2.5652174329986095,2.976443976175166,-1.6657480331376529,-1.2722973952087173,-2.0344439357957027,-1.4108832036366774,-1.5707963267948966,-1.3876855095324125,-1.4559197213779975,-1.884416979011595
-2.825976991551027,0.0,1.9513027039072615,2.7367008673047097,2.214297435588181,-1.1071487177940904,2.214297435588181,3.141592653589793,-2.0647376957144776,-2.0899424410414196,-2.0344439357957027,-2.173083672929861,-1.9138202672156,-1.7429871413178357,-1.9055331641117113,-1.6575346654708818,-1.7894652726688385,-1.837048375945822,-1.8157749899217608,-1.7004988639508087,-1.6614562139956417,-1.2924966677897853,-1.373400766945016,-0.8329812666744317,-0.6857295109062863,-0.7853981633974483,-0.5880026035475675,0.0,0.0,0.0,0.0,0.0,0.0,0.0,0.0,0.0,0.0,0.0,-2.5213431676069717,-2.279422598922567,-2.6344941491974563,-2.642245931909663,-2.746801533890032,-2.896613990462929,3.141592653589793,-2.9562447035940984,3.0060649396042924,2.9533711482850227,2.936197264400026,2.992702705980296,2.677945044588987,2.7069224384405484,2.5535900500422257,2.7672590375822095,2.8577985443814655,2.5308666892005847,2.44685437739309,2.5636907166275478,2.356194490192345,2.2367655641740063,2.3191743743184148,2.279422598922567,2.2367655641740063,2.356194490192345
-0.4764674194737067,0.0,2.677945044588987,3.058451421701352,-2.677945044588987,-2.408777551803287,-0.5880026035475675,-2.060753653048625,-1.9890206563741257,-1.1659045405098132,-1.7033478590915707,-1.633215136790854,-1.2827408797442708,-1.39408747072486,-1.7475051828649333,-1.5350972141155728,-1.5707963267948966,-1.80634130751576,-1.6052654277944047,-1.2597980461893556,-1.1964627107873127,-0.9629943306809362,-0.7419472680059175,-1.1441688336680205,-0.35877067027057225,-0.3947911196997615,-0.14189705460416394,0.0,0.0,0.0,0.0,0.0,0.0,0.0,0.0,0.0,0.0,0.0,-0.844153986113171,-0.7853981633974483,-0.348771003583907,-0.7853981633974483,-1.9379701606131159,-1.5707963267948966,-1.5707963267948966,-1.687905071361761,-2.539305307454829,-2.191045812777718,-2.2286849319771065,-2.220666776206844,-2.2730532583039036,-2.6374266921106404,-2.677945044588987,-2.5378433201923567,-2.5308666892005847,-2.7547169358587653,-2.714965160462917,-2.937574673997245,-3.027800646446085,-3.0940095503128098,3.058451421701352,-2.9340964271545906,-2.9340964271545906,3.096169374168216
-0.5349550737860964,0.0,-0.6610431688506869,0.0,0.5191461142465229,1.1659045405098132,1.2490457723982544,1.9138202672156,1.727398203776912,1.9295669970654687,1.6233793884058383,1.719686274404394,1.9347752833045406,1.750649826587375,1.7607846147136124,2.0736395377227574,1.9195673303788037,2.060753653048625,2.0344439357957027,2.3318090810196264,2.1763409903998667,2.804917834203066,2.647651284670212,2.7776136970801493,3.017237659043032,-3.036715714859559,-2.8632929945846817,0.0,0.0,0.0,0.0,0.0,0.0,0.0,0.0,0.0,0.0,0.0,2.0899424410414196,1.892546881191539,1.8622531212727638,1.1525719972156676,1.4181469983996315,0.7853981633974483,0.9994588469612699,0.5880026035475675,0.7044940642422177,0.8124186125847132,0.18822150530477075,0.2984989315861793,0.43662715981354133,0.4964227534048819,0.06656816377582381,-0.03224688243525392,0.029403288204005115,0.06442683942555355,-0.17985349979247828,0.10673567264913565,-0.25732371497108864,-0.22679884805388587,-0.2662520491509254,-0.3217505543966422,-0.48689923181126904,-0.09966865249116202
-1.3492675221781487,0.0,-2.158798930342464,-1.5707963267948966,-1.446441332248135,-1.4056476493802699,-0.844153986113171,-0.8253768505207384,-0.6947382761967031,-0.35877067027057225,-0.19739555984988075,-0.7568345055586884,-0.5317240672588056,-0.21866894587394195,-0.5123894603107377,-0.4487233440107211,-0.22679884805388587,-0.2860514417173182,0.0,0.20749622643520266,0.25732371497108864,0.17219081452293902,0.6747409422235526,0.6823165548747481,0.982793723247329,1.4181469983996315,0.9994588469612699,0.0,0.0,0.0,0.0,0.0,0.0,0.0,0.0,0.0,0.0,0.0,-0.4636476090008061,-0.2662520491509254,-0.3217505543966422,-0.8760580505981934,-1.1902899496825317,-1.837048375945822,-1.5182132651839548,-1.460139105621001,-1.4410937896389846,-1.8692952583810758,-1.8157749899217608,-1.8804992713373527,-1.979704155745822,-2.1112158270654806,-2.0472637462686034,-2.117585167684144,-2.2502101322027452,-2.201875714266226,-2.241317884775446,-2.356194490192345,-2.7091848780192556,-2.3145519110937567,-2.356194490192345,-2.5672878234150915,-2.396173177315635,-2.488746022489019
3.141592653589793,0.0,0.16514867741462683,-1.1071487177940904,1.6814535479687922,2.2455372690184494,1.8157749899217608,2.0344439357957027,2.4805494847391065,2.485897027348257,2.214297435588181,2.587285157388242,2.129395642138459,2.1341125882868646,2.321725389192837,2.158798930342464,2.356194490192345,2.5415424401880395,2.677945044588987,2.896613990462929,3.046640947247037,-2.999695598985629,3.141592653589793,-2.896613990462929,-2.8864102629689747,-2.5088438185876103,-2.399645385583876,0.0,0.0,0.0,0.0,0.0,0.0,0.0,0.0,0.0,0.0,0.0,2.5127963671743605,2.2655346029916,1.2490457723982544,1.7894652726688385,1.695151321341658,1.4711276743037347,1.2490457723982544,1.3854483767992019,0.7378150601204649,0.8884797719201485,0.4398425828157362,0.5667292175235064,0.83798122500839,0.3217505543966422,0.5516549825285468,0.7044940642422177,0.4487233440107211,0.7216548508647612,0.23783592745745075,0.24497866312686414,0.26916749278570046,0.28379410920832787,-0.07982998571223732,-0.047583103276983396,0.20539538918976738,0.058755822715722696
-0.5349550737860964,0.0,1.1071487177940904,0.866302262552679,1.067953115867036,0.8850668158886104,0.7853981633974483,0.8097835725701669,0.6435011087932844,0.5247957716501074,0.4124104415973873,-0.21406068356382152,0.11065722117389565,-0.033320995878247196,-0.04345089539153084,0.3671738338182192,0.8960553845713439,-0.16514867741462683,-0.4636476090008061,-0.7483780475235183,1.4711276743037347,1.6814535479687922,-2.5535900500422257,1.7126933813990606,2.1224513093234436,2.396173177315635,3.017237659043032,0.0,0.0,0.0,0.0,0.0,0.0,0.0,0.0,0.0,0.0,0.0,-0.30587887140485215,-0.4266274931268761,-0.4228539261329407,-0.4228539261329407,-0.4844779290370232,-0.14189705460416394,-0.6055446636049701,-0.7454194762741583,-0.4182243295792291,-0.7568345055586884,0.19739555984988075,-0.1297025371559121,-0.3430239404207034,-0.4636476090008061,0.5667292175235064,-1.2924966677897853,0.10487693873023389,0.12435499454676144,-2.976443976175166,-0.15660187698201536,0.3217505543966422,-0.8850668158886104,1.1525719972156676,1.1071487177940904,0.9097531579442097,0.7188299996216245
-1.3492675221781487,0.0,0.6889243882148613,1.0714496051147666,0.8818719385800352,0.9209258773829491,0.668289418830584,0.7631795980707292,0.4297622790966885,0.5191461142465229,0.5191461142465229,0.6857295109062863,0.22679884805388587,0.3217505543966422,0.4636476090008061,0.17219081452293902,-0.06241880999595735,-0.13255153229667402,0.11065722117389565,-0.5880026035475675,-1.4288992721907328,-1.2490457723982544,-2.356194490192345,-2.976443976175166,-3.0419240010986313,3.0890095919788516,3.017237659043032,0.0,0.0,0.0,0.0,0.0,0.0,0.0,0.0,0.0,0.0,0.0,-1.4410937896389846,-1.4056476493802699,-1.3352513460740332,-1.3876855095324125,-1.4219063791853994,-1.4121410646084953,-1.4121410646084953,-1.2924966677897853,-1.0714496051147666,-0.8884797719201485,-0.9964914966201949,-0.8902751021276822,-1.0240074859056494,-0.6350267353903137,-0.8408966686431651,-0.507098504392337,-0.4636476090008061,-0.6202494859828215,-1.1071487177940904,-0.3947911196997615,-0.2662520491509254,0.3217505543966422,0.6747409422235526,0.6202494859828215,0.3805063771123649,0.982793723247329
3.141592653589793,0.0,-2.976443976175166,-2.976443976175166,-2.8864102629689747,-2.872003575668867,-2.999695598985629,-3.064820762320015,2.7728967509317433,2.8706458032513726,-3.0828368308740703,-2.721395939980518,2.763825995649972,2.677945044588987,2.3695270334864906,2.9319528077155805,2.730528106199929,2.4227626539681686,2.452668265374932,2.461071428922579,2.8632929945846817,2.1112158270654806,0.0,-0.4636476090008061,-0.6556956262415362,-1.067953115867036,-0.7853981633974483,0.0,0.0,0.0,0.0,0.0,0.0,0.0,0.0,0.0,0.0,0.0,0.8270407424960368,0.5162306706117479,0.7695264804056583,0.8760580505981934,0.6478114269270985,0.8042638494191191,0.9586438298498132,0.8699419189104465,0.9119902906774204,0.982793723247329,0.9179496956941223,1.2924966677897853,1.3146449442292931,1.5707963267948966,1.3521273809209546,1.4536875822280324,1.596431735316574,1.979704155745822,1.356735643231075,1.2793395323170296,2.618314331457818,2.841421482759681,2.704965493776252,-2.761086276477428,-2.819842099193151,3.109345771154539
0.39540840357197565,0.0,-2.4668517113662407,-2.702733354626287,-2.3914739637859364,-2.2920623751909135,-2.4569754892770126,-2.461071428922579,-3.0193974828984382,-2.8147660006598527,-2.692869309579072,-2.484890991470359,-2.810496576885661,-2.991780197016896,2.9708574421145104,-3.099065118970009,2.819842099193151,2.9130960142979307,3.011890116433881,2.999695598985629,-2.723368324010564,0.0,0.7853981633974483,0.3947911196997615,0.23374318086890142,-0.06442683942555355,-0.5516549825285468,0.0,0.0,0.0,0.0,0.0,0.0,0.0,0.0,0.0,0.0,0.0,1.1777383076129642,1.1401038154083887,1.1420182993488803,1.1169523252733864,1.16892567935444,1.1824776086224307,1.1659045405098132,1.3521273809209546,1.1722738811284763,1.8100279267585573,1.721811669716256,2.0229501890806723,1.501939837493852,1.8157749899217608,1.856847768512215,2.3086113869153615,2.117585167684144,2.297438667476622,2.0344439357957027,-1.5707963267948966,2.14717154738608,2.692869309579072,-3.036715714859559,-3.017237659043032,-1.7975951748487824,-2.6954871046463897
-0.32811989501530536,0.0,0.5516549825285468,0.40489178628508343,0.6947382761967031,0.29544083714372,0.5404195002705842,0.4636476090008061,0.35877067027057225,0.3430239404207034,0.21535769969773805,0.3097029445424562,0.19118445959701444,0.3217505543966422,0.28805544705062586,0.06241880999595735,0.0,0.03569911267932397,-0.04995839572194276,-0.11710874456686428,0.0,-0.4636476090008061,-0.7853981633974483,-1.1659045405098132,-1.5707963267948966,-1.8157749899217608,-2.0899424410414196,0.0,0.0,0.0,0.0,0.0,0.0,0.0,0.0,0.0,0.0,0.0,-2.525295716193722,-2.5535900500422257,-2.543173760111256,-2.483704048407583,-2.5444159954971157,-2.38321493937961,-2.408777551803287,-2.356194490192345,-2.3291740410050803,-2.2455372690184494,-2.0899424410414196,-2.158798930342464,-1.9890206563741257,-1.8313987185422376,-1.7234456551901618,-1.5707963267948966,-1.4994888620096063,-1.642103791580187,-1.0303768265243125,-0.8760580505981934,-0.7853981633974483,-0.21109333322274654,-0.19739555984988075,-0.3217505543966422,-0.7853981633974483,0.09495170634275632
-0.32811989501530536,0.0,-0.17985349979247828,-0.2662520491509254,-0.15660187698201536,-0.3947911196997615,-0.24497866312686414,-0.11942892601833845,-0.13706617431018764,-0.5232783221319756,-0.08800737352774077,-0.4182243295792291,-0.5554937352655436,-0.4899573262537283,-0.5404195002705842,-0.7583777142101835,-0.7044940642422177,-1.1071487177940904,-0.7853981633974483,-0.7853981633974483,-0.628796286415433,-1.1071487177940904,-1.3909428270024184,-1.965587446494658,3.141592653589793,-3.058451421701352,-3.050932766389048,0.0,0.0,0.0,0.0,0.0,0.0,0.0,0.0,0.0,0.0,0.0,-2.662073361597197,-2.7672590375822095,-2.819842099193151,-2.7091848780192556,-2.840672419229368,-2.800613700093444,-2.587285157388242,-2.782821983319221,-2.5948038127005457,-2.677945044588987,-2.896613990462929,-2.6387494426619322,-2.587285157388242,-2.2455372690184494,-1.804539507663798,-1.5042281630190728,-1.1659045405098132,-1.8622531212727638,-1.2120256565243244,-1.1071487177940904,-0.7853981633974483,0.0,-0.8519663271732721,-0.6202494859828215,-0.5880026035475675,-0.19739555984988075
0.3156156620387663,0.0,1.3078015951139772,1.0370881351556351,1.1562894522101106,1.1441688336680205,1.1361261116456518,1.1361261116456518,1.0358412530088001,0.9272952180016122,1.1324597669369387,1.0303768265243125,0.8850668158886104,0.9048270894157867,0.724250000748147,0.7188299996216245,0.6857295109062863,0.65788860518221,0.6350267353903137,0.5713374798336268,0.2984989315861793,0.348771003583907,-0.507098504392337,-0.7853981633974483,-1.1902899496825317,-1.6814535479687922,-1.4940244355251187,0.0,0.0,0.0,0.0,0.0,0.0,0.0,0.0,0.0,0.0,0.0,-1.4382447944982226,-1.4204248987877621,-1.4010180528265581,-1.5083775167989393,-1.5102643070127895,-1.379611867197882,-1.3854483767992019,-1.4711276743037347,-1.2490457723982544,-1.2160906747839564,-1.0912770348023004,-1.0460005551447893,-1.1902899496825317,-1.0636978224025597,-0.7853981633974483,-0.7328151017865066,-0.35877067027057225,-0.5280744484263596,-0.3947911196997615,0.19739555984988075,-0.09966865249116202,0.09966865249116202,0.7853981633974483,0.8621700546672264,0.7266423406817256,1.1441688336680205
-2.173083672929861,0.0,-0.9097531579442097,-1.0040671092713902,-1.1071487177940904,-1.1525719972156676,-0.9994588469612699,-1.219351532791345,-1.1071487177940904,-1.2277723863741932,-1.1737168815699144,-1.3677511095414314,-1.3068326031691921,-1.446441332248135,-1.396124127786657,-1.442473099109102,-1.6092389168160846,-1.6107750139181867,-1.695151321341658,-1.7359450042095235,-1.8157749899217608,-2.0988707752212563,-2.4805494847391065,-2.819842099193151,2.782821983319221,2.6344941491974563,2.4805494847391065,0.0,0.0,0.0,0.0,0.0,0.0,0.0,0.0,0.0,0.0,0.0,2.8785979219088738,2.9504081939927786,2.904743892642873,2.9708574421145104,2.937574673997245,2.904743892642873,2.875340604438868,2.961739153797315,3.0090411212931194,3.0221637275714546,-3.1016139664665032,-2.976443976175166,-2.896613990462929,-2.819842099193151,-2.8706458032513726,-2.677945044588987,-2.452668265374932,-2.4805494847391065,-2.2318394956455836,-1.837048375945822,-2.0701430484750265,-1.8313987185422376,-1.9195673303788037,-1.5707963267948966,-1.2924966677897853,-1.0808390005411683
0.3156156620387663,0.0,-0.5713374798336268,-0.3392926144540447,-0.5247957716501074,-0.5191461142465229,-0.4297622790966885,-0.5543074962015512,-0.628796286415433,-0.5667292175235064,-0.6435011087932844,-0.6857295109062863,-0.7216548508647612,-0.712357598094329,-0.7597627548757708,-0.8408966686431651,-0.844153986113171,-0.9272952180016122,-1.0863183977578734,-1.1722738811284763,-1.1902899496825317,-1.3045442776439713,-1.7126933813990606,-1.97568811307998,-2.432966381462123,-2.819842099193151,3.141592653589793,0.0,0.0,0.0,0.0,0.0,0.0,0.0,0.0,0.0,0.0,0.0,2.994514298201391,3.064820762320015,3.0348569809406576,3.0309354324158977,3.038511045067093,2.994514298201391,3.038511045067093,-3.1031500635686053,-3.026716048172894,-3.017237659043032,-2.961739153797315,-2.835713782184941,-2.5213431676069717,-2.5213431676069717,-2.5360479899848234,-2.1763409903998667,-2.3036114285814033,-1.7894652726688385,-2.0778948311872334,-1.892546881191539,-1.5707963267948966,-1.8157749899217608,-1.3045442776439713,-1.1071487177940904,-1.0636978224025597,-0.8850668158886104
2.89288266449627,0.0,2.279422598922567,2.4805494847391065,2.356194490192345,-2.999695598985629,-2.961739153797315,-3.070285188804503,-3.050932766389048,3.036715714859559,-2.9275319700259717,-3.0309354324158977,2.8809902618424523,2.9147938055359073,-2.896613990462929,-2.8890383778117337,-2.961739153797315,-3.0348569809406576,-2.723368324010564,-2.5308666892005847,-2.6078844619505315,-2.6135182051634334,-2.455863142683507,-2.1870932641909677,-2.0533096218173736,-1.892546881191539,-1.7359450042095235,0.0,0.0,0.0,0.0,0.0,0.0,0.0,0.0,0.0,0.0,0.0,-2.4668517113662407,-2.642245931909663,2.356194490192345,-2.8632929945846817,2.647651284670212,2.677945044588987,2.356194490192345,2.5829933382462307,2.321725389192837,2.0516836069902324,2.095592098445004,1.8417431771333173,1.8804992713373527,1.8692952583810758,1.5707963267948966,1.7211677548020312,1.4056476493802699,1.695151321341658,1.4204248987877621,1.346085158380254,1.3045442776439713,1.5102643070127895,1.3473197256542635,1.1071487177940904,1.0191413442663497,1.042721878368537
2.8134727585744876,0.0,0.348771003583907,0.43662715981354133,-0.5880026035475675,1.317122230656254,1.3439974787410107,2.4227626539681686,1.4711276743037347,0.7853981633974483,1.5253730473733196,1.2341215074081695,1.1978086049948355,1.3521273809209546,1.2597980461893556,1.1659045405098132,1.6396528160959412,1.5707963267948966,1.6506263125071339,1.9591150449673627,1.7942729279355296,1.8157749899217608,2.0899424410414196,2.4186133001883023,2.7091848780192556,2.214297435588181,2.677945044588987,0.0,0.0,0.0,0.0,0.0,0.0,0.0,0.0,0.0,0.0,0.0,1.5707963267948966,1.5707963267948966,0.982793723247329,1.4994888620096063,0.7853981633974483,0.4636476090008061,0.4636476090008061,0.27094685033842053,0.4297622790966885,0.0,-0.08314123188844123,0.15264932839526515,0.04345089539153084,-0.10673567264913565,-0.1767088560700366,-0.12435499454676144,-0.2662520491509254,-0.35470565201094034,-0.7266423406817256,-0.5467888408892474,-0.712357598094329,-0.6435011087932844,-0.13552771398550073,-0.625485040239229,-0.5247957716501074,-0.9420000403794636
0.3156156620387663,0.0,2.0344439357957027,2.5829933382462307,2.5748634360662868,2.498091544796509,2.1112158270654806,1.7818896600176433,2.0778948311872334,2.5702551737561663,2.312743594800814,2.312743594800814,2.214297435588181,1.9451299428024806,2.3062360944704023,2.356194490192345,2.44685437739309,2.6954871046463897,2.8864102629689747,2.429235055495464,2.4668517113662407,2.677945044588987,2.65711472455277,2.9441970937399127,3.0309354324158977,3.0419240010986313,-2.976443976175166,0.0,0.0,0.0,0.0,0.0,0.0,0.0,0.0,0.0,0.0,0.0,2.677945044588987,-2.922923707715851,-2.875340604438868,3.058451421701352,2.7928216500058864,2.714965160462917,2.356194490192345,1.9195673303788037,1.6207547225168393,1.9513027039072615,1.9437840485949576,1.633215136790854,1.5707963267948966,1.4181469983996315,1.5707963267948966,1.690225252813235,1.4288992721907328,1.4056476493802699,0.9575889779203873,0.8353565591193911,1.176005207095135,0.8224182792713783,0.5485494024505281,0.8288490587889792,0.14189705460416394,1.1902899496825317
2.89288266449627,0.0,-2.819842099193151,-2.782821983319221,-2.455863142683507,-1.6475682180646747,-2.677945044588987,-2.0032041023654346,-1.7429871413178357,-1.9074711461816238,-2.129395642138459,-1.804539507663798,-2.587285157388242,-2.3318090810196264,-2.3062360944704023,-2.4227626539681686,-2.256525837701183,-2.310771210770768,-2.2655346029916,-1.892546881191539,-2.356194490192345,-1.9513027039072615,-1.8622531212727638,-1.7590178320996674,-1.4758446204521403,-0.83798122500839,-1.0808390005411683,0.0,0.0,0.0,0.0,0.0,0.0,0.0,0.0,0.0,0.0,0.0,-1.4288992721907328,-1.373400766945016,-0.7328151017865066,-0.348771003583907,-1.923786714621807,-1.7561442767905915,-2.5360479899848234,-2.2730532583039036,-2.223642957895671,-2.7532739354173272,-2.904743892642873,-2.662073361597197,-2.429235055495464,-2.647651284670212,-2.969401839066854,-3.0981417581982624,-2.9708574421145104,2.904743892642873,-2.677945044588987,3.141592653589793,2.8890383778117337,2.7314653130483024,2.5636907166275478,2.6632402222111358,2.677945044588987,-2.838707785214822
-0.7467907472692974,0.0,-2.976443976175166,3.141592653589793,2.5535900500422257,-2.819842099193151,-2.0344439357957027,-2.0778948311872334,-1.6295521495106193,-2.1421338066285234,-2.498091544796509,-2.0899424410414196,-2.214297435588181,-2.129395642138459,-2.384758148031105,-2.356194490192345,-2.388441372627599,-2.388441372627599,-1.9614033704925835,-1.776191715984664,-1.7359450042095235,-1.4056476493802699,-1.5291537476963082,-1.0808390005411683,-0.9964914966201949,-0.9652516631899266,-0.9272952180016122,0.0,0.0,0.0,0.0,0.0,0.0,0.0,0.0,0.0,0.0,0.0,-1.4801364395941514,-2.843093722003614,-2.432966381462123,-2.9562447035940984,-3.070285188804503,2.976443976175166,2.9147938055359073,2.843093722003614,2.8706458032513726,2.618314331457818,-2.677945044588987,2.804917834203066,1.7359450042095235,2.5175696006130366,2.5686265107010873,2.2058230621852104,2.5283853047152838,2.461071428922579,2.312743594800814,1.9576720445259248,2.191045812777718,2.14717154738608,2.3191743743184148,2.403777593469328,2.2730532583039036,1.7975951748487824
3.141592653589793,0.0,1.2924966677897853,0.4636476090008061,2.1112158270654806,1.837048375945822,2.677945044588987,2.439335722080786,3.024483909022929,2.930499320367047,2.9105019863938963,2.819842099193151,2.729182211992406,2.8083483524781205,2.8535372065391673,2.8461518164460733,2.922923707715851,2.958481836327309,-2.922923707715851,-2.964883797519757,-3.1016139664665032,-2.7314653130483024,-2.833539872566017,-2.8023000391357487,-2.158798930342464,-2.0344439357957027,-1.8018869939907938,0.0,0.0,0.0,0.0,0.0,0.0,0.0,0.0,0.0,0.0,0.0,3.0309354324158977,3.050932766389048,2.723368324010564,2.4805494847391065,2.256525837701183,2.1112158270654806,1.892546881191539,2.0988707752212563,1.4909663410826592,1.2068173702852525,1.2924966677897853,1.4677147182721964,1.2827408797442708,1.3321870042866957,1.2698760924344714,1.0074800653029286,1.2587542052323633,1.3521273809209546,1.208252089530389,1.042721878368537,0.9025069079643125,0.9025069079643125,0.5779019369622457,1.0516502125483738,0.9179496956941223,0.8288490587889792
2.8134727585744876,0.0,1.4181469983996315,1.873681195169868,1.892546881191539,1.878849107818673,1.6539375586833378,1.695151321341658,1.6475682180646747,1.7126933813990606,1.4288992721907328,1.3654009376051293,1.317122230656254,1.237552025683224,1.2610933822524404,1.3521273809209546,1.2627435457711202,1.2847448850775784,1.0121970114513341,0.982793723247329,0.7853981633974483,1.0303768265243125,0.0,-1.5707963267948966,-1.5707963267948966,-2.356194490192345,-2.1112158270654806,0.0,0.0,0.0,0.0,0.0,0.0,0.0,0.0,0.0,0.0,0.0,-0.5144513130590278,-0.5280744484263596,-0.49394136891958124,-0.5280744484263596,-0.5585993153435624,-0.5984188934785372,-0.4636476090008061,-0.5337081916392615,-0.44610554894340365,-0.3947911196997615,-0.19739555984988075,-0.39852244566642026,-0.4182243295792291,-0.16514867741462683,-0.058755822715722696,0.260602391747341,0.18534794999569476,0.3217505543966422,0.4182243295792291,0.40489178628508343,0.5404195002705842,0.6435011087932844,0.8519663271732721,0.8760580505981934,1.3909428270024184,1.5707963267948966
-0.32811989501530536,0.0,2.9562447035940984,2.782821983319221,2.761086276477428,2.8632929945846817,3.0419240010986313,2.743070207923373,2.647651284670212,2.618314331457818,2.5535900500422257,2.429235055495464,2.5535900500422257,2.432966381462123,2.2831539248892256,2.4186133001883023,2.327630832353585,2.158798930342464,2.1112158270654806,2.1815222911841055,2.356194490192345,1.6704649792860586,0.0,0.0,-0.8960553845713439,-0.7853981633974483,-1.1441688336680205,0.0,0.0,0.0,0.0,0.0,0.0,0.0,0.0,0.0,0.0,0.0,0.35877067027057225,0.3805063771123649,0.48088728019533583,0.3671738338182192,0.40489178628508343,0.5971766580926775,0.5667292175235064,0.2730087030867106,0.5984188934785372,0.8198672643969563,0.5467888408892474,0.6055446636049701,0.8960553845713439,0.7853981633974483,0.8176450458327023,1.039072259536091,0.8329812666744317,1.2036224929766774,1.5707963267948966,1.4940244355251187,1.6704649792860586,1.4801364395941514,1.7681918866447774,1.8622531212727638,2.1995926132103296,2.0344439357957027
2.89288266449627,0.0,-2.408777551803287,-2.388441372627599,-2.321725389192837,-2.4149503129080676,-2.388441372627599,-2.461071428922579,-2.5535900500422257,-2.5213431676069717,-2.3086113869153615,-2.7492525093742772,-2.810496576885661,-2.7672590375822095,-2.838707785214822,-2.8305943729842524,-2.969401839066854,-3.0419240010986313,-2.8023000391357487,3.141592653589793,2.988943325194528,3.141592653589793,2.819842099193151,2.761086276477428,0.16514867741462683,0.21866894587394195,0.09966865249116202,0.0,0.0,0.0,0.0,0.0,0.0,0.0,0.0,0.0,0.0,0.0,1.6447353644528369,1.5707963267948966,1.633215136790854,1.5374753309166493,1.5083775167989393,1.6064954394742206,1.633215136790854,1.5707963267948966,1.7078625011050843,1.7681918866447774,1.750649826587375,1.7942729279355296,1.825978717415715,2.1112158270654806,2.1451011569695986,2.173083672929861,1.97568811307998,2.455863142683507,2.5535900500422257,2.2318394956455836,2.5535900500422257,2.647651284670212,2.976443976175166,2.723368324010564,-2.896613990462929,-2.761086276477428
2.227497988914331,0.0,1.7454685258031364,1.946067149650854,1.6133238614146808,1.860299998756285,1.9195673303788037,1.6224744112773266,1.7301479676988134,1.6721428300605643,1.4694498235292288,1.4501726582147938,1.3801574208808012,1.3045442776439713,1.423717971406494,1.2252407462131845,1.3028859043715568,1.1401038154083887,1.14660191889113,1.3258176636680326,0.5585993153435624,1.1383885512243588,2.356194490192345,0.11065722117389565,-1.892546881191539,-1.8244704229335393,-1.5707963267948966,0.0,0.0,0.0,0.0,0.0,0.0,0.0,0.0,0.0,0.0,0.0,-0.7717003900245826,-0.8279256980172325,-0.8470483340367073,-0.9203749132513718,-0.9203749132513718,-0.6857295109062863,-0.8685393952858895,-0.8402880259916021,-0.6246354227716135,-0.4795192919925962,-0.634022719663422,-0.3539974368318961,-0.43885929896350645,-0.5095922648089258,-0.7853981633974483,-0.19739555984988075,-0.40122879900484876,-0.10487693873023389,-0.029403288204005115,0.09966865249116202,0.23554498072086333,0.24497866312686414,0.702256931509007,0.8519663271732721,0.7853981633974483,1.0074800653029286
-0.7467907472692974,0.0,-2.5213431676069717,-2.277410529203201,-2.143762469683603,-2.5346049895433853,-2.2817056999784633,-2.2655346029916,-2.4049363415022764,-2.479166359756642,-2.4149503129080676,-2.52944015664471,-2.70408288147234,-2.6992184306130484,-2.636302465490399,-2.9195107516843133,-2.8654956341943567,-2.825976991551027,-2.9147938055359073,-3.0451188784072065,3.141592653589793,-3.058451421701352,2.677945044588987,1.7126933813990606,0.24497866312686414,0.23109066719589708,0.0,0.0,0.0,0.0,0.0,0.0,0.0,0.0,0.0,0.0,0.0,0.0,1.9195673303788037,2.0432932623119604,1.941687615607559,2.0812846487116725,2.056023319362233,2.0152155366959956,1.892546881191539,1.9472866612414195,1.94452314676045,1.9163519073766087,2.164545993505668,2.356194490192345,2.3737365502497476,2.639988599400673,2.2627177090337556,2.399645385583876,2.3086113869153615,2.6066375798036967,-3.050932766389048,2.356194490192345,2.819842099193151,-2.922923707715851,-2.8632929945846817,3.099950074491205,-2.5625183842220625,-2.7270857790050074
-2.7461842500178175,0.0,-0.22679884805388587,-0.8353565591193911,-0.7690061890894431,-0.3764903344465229,-0.9272952180016122,-0.9723774333163594,-1.037952439175508,-0.982793723247329,-1.0666303653157436,-1.2354719454798853,-1.0246297633611088,-1.1990873766763117,-1.287700541495401,-1.458068715204519,-1.6233793884058383,-1.3164282682416306,-1.5707963267948966,-1.6704649792860586,-1.9936502529278373,-1.7359450042095235,-2.191045812777718,1.892546881191539,1.892546881191539,2.1112158270654806,1.750649826587375,0.0,0.0,0.0,0.0,0.0,0.0,0.0,0.0,0.0,0.0,0.0,-2.9793938201264107,-3.012681881905802,-3.1237374084502405,-2.981679530431574,-3.046640947247037,-3.088072385130478,-3.088072385130478,-3.036715714859559,-3.125720970598003,-2.852088981628405,-2.605157195985062,-2.8037144653495147,-2.922923707715851,-2.616796881939686,-2.4668517113662407,-2.256525837701183,-2.417342652841646,-2.408777551803287,-2.173083672929861,-2.060753653048625,-2.17084654019665,-1.9086745150351752,-1.8449637779145553,-1.4121410646084953,-2.1353657204629966,-1.0303768265243125
3.141592653589793,0.0,-1.092443895416239,-0.5516549825285468,-0.5224034317165288,-0.6794138054078485,-1.0969449903001363,-0.9586438298498132,-0.7700147616168531,-0.9544993893988254,-1.0701286019201606,-1.0756630633264925,-1.176005207095135,-1.2102303263167908,-1.3481353861585317,-1.312544106983858,-1.3886280163221332,-1.642103791580187,-1.6635526469830404,-1.460139105621001,-1.7234456551901618,-1.695151321341658,-2.5829933382462307,3.050932766389048,2.1112158270654806,2.158798930342464,1.5707963267948966,0.0,0.0,0.0,0.0,0.0,0.0,0.0,0.0,0.0,0.0,0.0,-3.0329314377492054,-3.0438657462310745,-2.9282240114379854,-2.9007461983483815,-3.062393582620342,-3.015284536526553,-3.0781857016229615,-2.9876479891314434,-3.0492633188581943,-2.852088981628405,-2.7080111696380316,-2.841421482759681,-2.6559705602923245,-2.5308666892005847,-2.7314653130483024,-2.516107613350564,-2.6191892218732646,-2.137525544318403,-1.9809236673363877,-2.174545660192333,-2.1262900620604404,-1.6814535479687922,-1.8018869939907938,-1.849095985800008,-1.0882830317724197,-0.9357695914045828
-1.9058794244856845,0.0,0.47835243137865757,0.04164257909858842,0.3142318990843383,0.14189705460416394,0.24497866312686414,0.3089307439237416,0.09065988720074511,0.07393903765794034,0.0,-0.06442683942555355,0.10134650326566776,-0.31705575320914703,-0.06241880999595735,-0.1939591472598931,-0.4228539261329407,-0.3142318990843383,-0.27829965900511133,-0.5984188934785372,-0.8329812666744317,-0.8288490587889792,-1.8157749899217608,-2.356194490192345,-2.356194490192345,-2.992702705980296,3.058451421701352,0.0,0.0,0.0,0.0,0.0,0.0,0.0,0.0,0.0,0.0,0.0,-2.0503156187874927,-2.133294257863969,-2.0763773816691016,-2.056828256134993,-1.9631364710104124,-2.0262473980457902,-2.129395642138459,-2.1025203940537023,-1.9944652486724126,-1.892546881191539,-1.8157749899217608,-1.6575346654708818,-1.5273454314033659,-1.4743225516123097,-1.468589608687643,-1.6680495250464624,-1.3370531459259951,-0.8198672643969563,-1.3339475658479765,-1.2827408797442708,-1.2036224929766774,-0.9964914966201949,-0.6998928697192437,-0.43662715981354133,-0.690446457054692,-0.3868757177310281
0.3156156620387663,0.0,2.4805494847391065,-2.356194490192345,0.0,1.5707963267948966,1.3258176636680326,2.761086276477428,-2.432966381462123,-1.3045442776439713,-2.5748634360662868,-2.761086276477428,-2.356194490192345,-1.9614033704925835,-2.356194490192345,-2.05527425583192,-1.7942729279355296,-2.0576955586061656,-1.7818896600176433,-1.97568811307998,-1.8766751981997487,-2.0106389096106327,-1.7561442767905915,-2.2455372690184494,-0.8960553845713439,-1.6539375586833378,-1.2490457723982544,0.0,0.0,0.0,0.0,0.0,0.0,0.0,0.0,0.0,0.0,0.0,-1.6704649792860586,-1.7681918866447774,-2.158798930342464,-2.214297435588181,-2.896613990462929,-2.677945044588987,-2.7367008673047097,-2.782821983319221,-3.0419240010986313,-2.9562447035940984,3.058451421701352,-3.058451421701352,-2.761086276477428,3.099950074491205,2.8899026818316065,2.896613990462929,2.819842099193151,2.505084437801842,2.642245931909663,2.896613990462929,3.141592653589793,2.356194490192345,2.1815222911841055,2.677945044588987,2.256525837701183,2.5088438185876103
-0.4764674194737067,0.0,-0.8519663271732721,-1.2722973952087173,-0.8621700546672264,2.62244653934327,0.8519663271732721,1.7561442767905915,2.746801533890032,1.1071487177940904,1.7033478590915707,2.214297435588181,1.837048375945822,1.892546881191539,1.7454685258031364,2.1421338066285234,2.356194490192345,2.1193457292454245,2.0701430484750265,2.0106389096106327,2.0647376957144776,2.2848870254070546,2.593043251139265,2.704965493776252,3.017237659043032,2.896613990462929,-3.0750244898139694,0.0,0.0,0.0,0.0,0.0,0.0,0.0,0.0,0.0,0.0,0.0,1.9890206563741257,1.97568811307998,1.460139105621001,1.4711276743037347,1.1071487177940904,0.7086262721276703,0.7378150601204649,0.6747409422235526,0.8253768505207384,0.4636476090008061,0.44610554894340365,0.4145068745847859,0.43662715981354133,0.10673567264913565,0.17985349979247828,0.35299038782691045,0.21109333322274654,-0.11710874456686428,-0.1586552621864014,-0.27829965900511133,0.0688564893010446,-0.25732371497108864,-0.4636476090008061,0.43662715981354133,-0.22679884805388587,0.15660187698201536
-1.633215136790854,0.0,-1.849095985800008,-1.5208379310729538,-1.1341691669813554,-1.695151321341658,-1.0838970949836275,-1.2679114584199251,-1.0714496051147666,-1.0666303653157436,-1.312025434831199,-1.3352513460740332,-1.501939837493852,-1.5208379310729538,-1.2490457723982544,-1.0743735733900148,-1.501939837493852,-0.8408966686431651,-1.5707963267948966,-2.0032041023654346,-2.5308666892005847,-1.7782925532300993,-1.35970299357215,-1.1071487177940904,3.017237659043032,2.0344439357957027,2.601173153319209,0.0,0.0,0.0,0.0,0.0,0.0,0.0,0.0,0.0,0.0,0.0,2.2264919530364327,2.238102461773251,2.5748634360662868,2.601173153319209,2.577023259921693,2.356194490192345,2.0491487581735544,2.0481417091685685,2.4668517113662407,2.704965493776252,2.5088438185876103,3.141592653589793,3.046640947247037,-2.875340604438868,-2.0899424410414196,-3.0981417581982624,-1.7126933813990606,-1.3258176636680326,-2.356194490192345,-2.5415424401880395,-1.7454685258031364,-2.356194490192345,-2.4668517113662407,-2.158798930342464,-1.9018924034990288,-2.455863142683507
-1.633705332830022,0.0,3.141592653589793,-2.723368324010564,-2.618314331457818,-2.393214606066275,-2.7574232891971935,-3.0735161953317935,-2.9808299129639586,-2.756435147226319,3.0916342578678506,-2.713644157268311,3.04573350647978,-3.1246451237833885,3.0845118711835284,3.09511452223879,2.8399736073235538,2.5686265107010873,2.733443549834704,2.654693421778524,2.214297435588181,1.4288992721907328,2.356194490192345,-2.819842099193151,-0.83798122500839,-1.1659045405098132,-0.8960553845713439,0.0,0.0,0.0,0.0,0.0,0.0,0.0,0.0,0.0,0.0,0.0,2.712414145588495,2.643475943589479,2.6711883906532017,2.518031921430768,2.441096283642067,2.366503403338588,2.5308666892005847,2.3224993828463285,2.3951358332893844,2.483704048407583,2.498091544796509,2.6405792667862036,2.819842099193151,2.999695598985629,2.896613990462929,-3.0845118711835284,3.109345771154539,3.064820762320015,3.0535852800620527,2.999695598985629,-2.9340964271545906,-2.7032560937318353,3.0560873599115888,-2.896613990462929,2.677945044588987,-2.761086276477428
1.9775433985208675,0.0,-2.5088438185876103,-3.0077816761152025,2.8767753236840043,2.9669204545815537,-2.746801533890032,3.017237659043032,-3.0231026944316555,-2.677945044588987,-2.656365661022457,-2.7672590375822095,-2.432966381462123,-2.687290566896477,-2.856474918417197,-2.677945044588987,-2.8012107149478864,-2.7326848246388677,-2.976443976175166,-2.65711472455277,3.0916342578678506,-2.761086276477428,-2.761086276477428,-2.356194490192345,-1.0303768265243125,0.10308160852270024,0.4636476090008061,0.0,0.0,0.0,0.0,0.0,0.0,0.0,0.0,0.0,0.0,0.0,1.3894765523934063,1.2760662215855192,1.373400766945016,1.4191908393566237,1.381899145917274,1.4268708774066803,1.3539227111284884,1.3623311084149088,1.373400766945016,1.4382447944982226,1.452306367636759,1.8329161680603694,1.8673421358645972,2.295046327543044,2.2455372690184494,2.5308666892005847,2.4127379271371625,3.141592653589793,2.6882539577352302,2.4756234162106834,-3.068552088286674,2.6954871046463897,2.90142164572962,2.90142164572962,3.0633215130685154,2.5269297016676275
0.8402880259916021,0.0,-2.0169018757383004,-1.972666974235353,-2.043702930457826,-1.80634130751576,-2.356194490192345,-2.158798930342464,-1.4840579881189115,-1.7928782287003768,-1.690225252813235,-1.7754381366246745,-1.9391452482038596,-1.6635526469830404,-1.936543628057241,-2.097423598228647,-2.1421338066285234,-2.086345334253876,-2.191045812777718,-2.356194490192345,-2.2597207150097582,-2.173083672929861,-1.1071487177940904,0.6947382761967031,0.982793723247329,0.3392926144540447,0.4636476090008061,0.0,0.0,0.0,0.0,0.0,0.0,0.0,0.0,0.0,0.0,0.0,-2.8590377011202057,-2.800613700093444,-3.0404892818534948,-2.976443976175166,-3.0293898385925386,-3.09324326693789,-3.0309354324158977,-3.0916342578678506,-3.0090411212931194,3.141592653589793,-2.8771042710405608,-2.835713782184941,-2.7032560937318353,-2.782821983319221,-2.432966381462123,-2.178598322908857,-1.6588037003226375,-1.9173351912288386,-1.8157749899217608,-2.198104519070659,-1.965587446494658,-2.224879051209257,-1.7529646372676602,-2.1774014353894233,-1.8100279267585573,-1.9018924034990288
-0.32811989501530536,0.0,3.121187322903255,2.856862215067081,2.4227626539681686,-2.3978370692909334,2.9669204545815537,-2.992702705980296,-2.896613990462929,-2.4106859464330763,-2.8785979219088738,-3.029165522759603,-2.7532739354173272,-2.8461518164460733,-2.875340604438868,-3.061762667877556,3.0903554861863745,3.1193740882630743,-3.111298893671018,2.774418819771574,2.7091848780192556,3.141592653589793,-2.761086276477428,-0.16514867741462683,0.0,-0.3217505543966422,-0.3392926144540447,0.0,0.0,0.0,0.0,0.0,0.0,0.0,0.0,0.0,0.0,0.0,1.6850506547563362,1.587188301102902,1.5852880658603967,1.5413930385908916,1.5437758776076318,1.5042281630190728,1.5246752107803854,1.6233793884058383,1.5707963267948966,1.5232132235179132,1.8709674976250086,2.004749696188793,1.7955074952095393,2.234842489621581,2.4149503129080676,2.690139562037239,2.9105019863938963,2.6559705602923245,2.7859567692890335,2.825622381636813,2.5040438554511004,2.976443976175166,3.0035866299322738,2.6882539577352302,2.62244653934327,-2.9147938055359073
-2.825976991551027,0.0,-0.6947382761967031,-2.1206495094714817,-1.7475051828649333,-1.982252570208599,-2.129395642138459,-1.4259838285559576,-1.729451588981298,-1.9211105390302987,-1.473543128543331,-1.6814535479687922,-2.05527425583192,-2.1269625569153496,-2.158798930342464,-2.37157789197294,-2.143762469683603,-2.056418420092365,-2.1507991010025775,-2.1112158270654806,-1.892546881191539,-2.498091544796509,-2.0778948311872334,0.0,0.3805063771123649,0.5404195002705842,0.7551044034786732,0.0,0.0,0.0,0.0,0.0,0.0,0.0,0.0,0.0,0.0,0.0,-3.025451026709803,-3.01118934570066,3.079173843593836,-3.128079962576465,-3.064820762320015,3.113822016996372,3.0771658141642395,2.869800494915094,-3.1243529823952634,3.096169374168216,3.1207623335535764,3.079173843593836,-2.904743892642873,-2.6057814156293295,-2.9488918949274074,-2.580429241301441,-2.316215803069055,-2.191045812777718,-2.179485634122308,-2.132717889051712,-2.20354516179708,-2.38321493937961,-2.3951358332893844,-2.293775680196388,-1.787669942461305,-2.1498705961626277
-0.32811989501530536,0.0,2.178598322908857,1.8766751981997487,2.2848870254070546,-1.4288992721907328,2.059130277851302,2.394637080213533,2.3794461130028077,2.063282092666822,2.6149653821560426,1.659452208662334,1.97568811307998,1.97568811307998,2.107231784399628,1.9720251257997454,1.9922155336827008,1.5707963267948966,1.5707963267948966,1.5707963267948966,1.1071487177940904,1.5707963267948966,1.5707963267948966,-1.5707963267948966,-2.0988707752212563,-2.060753653048625,-1.97568811307998,0.0,0.0,0.0,0.0,0.0,0.0,0.0,0.0,0.0,0.0,0.0,1.6582916675972879,1.6461252176232368,1.4519559822271315,1.4659193880646628,1.254510198882742,1.2899586021736937,1.3296786483434282,1.2953702230988613,1.176005207095135,1.3494818844471053,1.3547113544981102,1.5707963267948966,1.4536875822280324,1.6814535479687922,-2.432966381462123,1.4659193880646628,2.1025203940537023,2.022249418347451,2.3191743743184148,2.137525544318403,2.000558605891585,1.5935196876365376,2.1498705961626277,2.376599820878883,2.4897235392842165,2.229602362912373
-0.4764674194737067,0.0,-2.279422598922567,-1.8018869939907938,-1.0209431441183117,-0.8803498697402047,-0.8519663271732721,-0.9272952180016122,-1.313472611823808,-1.4489538897749794,-1.5707963267948966,-1.1180178549713606,-1.226577643812429,-1.3258176636680326,-1.463106455962076,-1.261865582871155,-1.1902899496825317,-1.5350972141155728,-1.2870022175865687,-1.5707963267948966,-1.423717971406494,-0.8760580505981934,-1.5707963267948966,-2.5535900500422257,0.7853981633974483,1.4288992721907328,1.5707963267948966,0.0,0.0,0.0,0.0,0.0,0.0,0.0,0.0,0.0,0.0,0.0,2.342496716819479,2.3698922635652107,2.313966088079343,2.419401322089805,2.408777551803287,2.3021929898163767,2.4265009543109692,2.430683280406227,2.578276392097825,2.33980251588434,2.701750070774057,2.5175696006130366,2.33924696038594,2.639502454567799,-0.23684876094692026,-1.2120256565243244,-2.2996510532475276,-2.7547169358587653,-2.3818298987140225,-2.639988599400673,-2.425849063920913,-2.187987718335259,-2.0344439357957027,-2.5967287381382493,-2.2264919530364327,-1.837048375945822
0.3156156620387663,0.0,-1.750649826587375,-1.5707963267948966,-0.5404195002705842,-0.40489178628508343,-0.3805063771123649,0.6202494859828215,-0.5404195002705842,-0.22679884805388587,-0.11710874456686428,-0.11710874456686428,-0.3805063771123649,-0.3805063771123649,-0.12435499454676144,0.43240777557053783,0.047583103276983396,0.37089128881266237,0.2860514417173182,0.5516549825285468,0.8478169733934057,0.5667292175235064,1.2036224929766774,1.1383885512243588,1.5707963267948966,1.6233793884058383,2.158798930342464,0.0,0.0,0.0,0.0,0.0,0.0,0.0,0.0,0.0,0.0,0.0,-0.4636476090008061,-0.8329812666744317,-0.9420000403794636,-1.0303768265243125,-1.3258176636680326,-1.2924966677897853,-1.313472611823808,-1.4801364395941514,-1.5308176396716067,-1.4840579881189115,-1.4536875822280324,-1.6814535479687922,-1.7359450042095235,-1.602036160225165,-1.690225252813235,-1.8717165611553217,-1.695151321341658,-1.8449637779145553,-1.892546881191539,-1.925501978805837,-2.0899424410414196,-1.892546881191539,-2.05527425583192,-2.223642957895671,-1.9591150449673627,-2.2455372690184494
-2.38648825011112,0.0,-1.1071487177940904,-1.7894652726688385,-2.677945044588987,-1.4711276743037347,-0.8760580505981934,-0.982793723247329,-0.3217505543966422,-1.2924966677897853,-0.48689923181126904,-0.8253768505207384,-0.7853981633974483,-0.37089128881266237,-0.6327488350021832,-0.8198672643969563,-0.09495170634275632,-0.5516549825285468,-0.05258306161094172,-0.20749622643520266,0.08314123188844123,0.18822150530477075,0.3805063771123649,0.5585993153435624,0.7853981633974483,1.446441332248135,1.460139105621001,0.0,0.0,0.0,0.0,0.0,0.0,0.0,0.0,0.0,0.0,0.0,-0.17985349979247828,-0.24497866312686414,-1.2722973952087173,-1.3439974787410107,-1.2924966677897853,-1.3633001003596938,-1.7681918866447774,-1.6506263125071339,-1.1801892830972098,-1.299849476456476,-1.1583858851975093,-1.5707963267948966,-1.6775319994440323,-2.000558605891585,-1.8588517738455226,-2.14717154738608,-1.800028260071892,-2.0647376957144776,-2.3086113869153615,-1.9853032013796825,-2.214297435588181,-2.403777593469328,-2.1815222911841055,-2.1451011569695986,-2.4668517113662407,-1.9513027039072615
0.3156156620387663,0.0,-1.4909663410826592,-1.7004988639508087,-1.5707963267948966,-1.5707963267948966,-1.5707963267948966,-1.6475682180646747,-1.6539375586833378,-1.5707963267948966,-1.7234456551901618,-1.7681918866447774,-1.6107750139181867,-1.729451588981298,-1.9074711461816238,-1.6614562139956417,-2.0576955586061656,-1.873681195169868,-1.849095985800008,-2.2455372690184494,-1.9195673303788037,-2.5535900500422257,-1.5707963267948966,1.5707963267948966,1.2120256565243244,1.373400766945016,1.176005207095135,0.0,0.0,0.0,0.0,0.0,0.0,0.0,0.0,0.0,0.0,0.0,3.079173843593836,3.017237659043032,2.961739153797315,2.9441970937399127,2.9325697107835285,2.9325697107835285,2.9037567261323427,2.8473580884786056,2.819842099193151,2.9147938055359073,2.843093722003614,3.0890095919788516,-2.999695598985629,-2.843093722003614,-2.896613990462929,-2.356194490192345,-2.158798930342464,-1.892546881191539,-1.892546881191539,-1.8018869939907938,-1.776191715984664,-1.5707963267948966,-1.8157749899217608,-1.6475682180646747,-1.80634130751576,-1.7681918866447774
0.3156156620387663,0.0,2.4116929954380617,2.356194490192345,2.4116929954380617,2.4370985893475754,2.4668517113662407,2.455863142683507,2.459276098715045,2.44685437739309,2.4805494847391065,2.4149503129080676,2.356194490192345,2.388441372627599,2.32590073027357,2.1193457292454245,2.2318394956455836,2.0899424410414196,2.297438667476622,2.1112158270654806,2.158798930342464,1.5707963267948966,1.5707963267948966,-1.1071487177940904,0.0,-1.1525719972156676,-1.4056476493802699,0.0,0.0,0.0,0.0,0.0,0.0,0.0,0.0,0.0,0.0,0.0,0.8960553845713439,0.9048270894157867,0.7853981633974483,0.7266423406817256,0.724250000748147,0.6202494859828215,0.7437555842988599,0.6556956262415362,0.7853981633974483,0.6747409422235526,0.7853981633974483,0.7509290623979403,1.0303768265243125,0.960070362405688,1.4876550949064553,1.6539375586833378,2.007423486608438,2.356194490192345,2.439335722080786,2.2264919530364327,2.5269297016676275,2.356194490192345,2.327630832353585,2.4149503129080676,2.297438667476622,2.388441372627599
-2.38648825011112,0.0,0.07393903765794034,0.18998828791871572,0.09966865249116202,0.04995839572194276,0.18998828791871572,0.24497866312686414,0.05258306161094172,0.04542327942157701,0.0,0.037020115873930025,-0.04345089539153084,-0.09065988720074511,-0.14888994760949725,-0.30587887140485215,-0.24497866312686414,-0.24497866312686414,-0.27829965900511133,-0.4636476090008061,-0.4636476090008061,-0.982793723247329,1.5707963267948966,2.976443976175166,3.141592653589793,2.7367008673047097,2.4668517113662407,0.0,0.0,0.0,0.0,0.0,0.0,0.0,0.0,0.0,0.0,0.0,-1.1071487177940904,-1.0789871508061981,-1.14660191889113,-1.2055948770067235,-1.332960399337446,-1.2490457723982544,-1.3258176636680326,-1.373400766945016,-1.3339475658479765,-1.2753554896511765,-1.1263771168937977,-1.1999050379822342,-1.2036224929766774,-0.628796286415433,-0.7853981633974483,-0.5404195002705842,0.08314123188844123,0.0,0.07130746478529032,0.058755822715722696,-0.13255153229667402,0.10487693873023389,-0.09966865249116202,-0.04345089539153084,0.17219081452293902,0.21866894587394195
-0.5349550737860964,0.0,0.0,0.22679884805388587,0.2662520491509254,0.13552771398550073,0.0,0.348771003583907,0.29544083714372,0.19739555984988075,0.17219081452293902,-0.047583103276983396,0.15264932839526515,-0.04164257909858842,-0.04542327942157701,-0.30587887140485215,0.19739555984988075,-0.3671738338182192,-0.5880026035475675,-0.12435499454676144,-0.7086262721276703,-0.7853981633974483,3.141592653589793,-2.498091544796509,3.017237659043032,2.9147938055359073,3.0419240010986313,0.0,0.0,0.0,0.0,0.0,0.0,0.0,0.0,0.0,0.0,0.0,-1.442473099109102,-1.5707963267948966,-1.5405025668761214,-1.5707963267948966,-1.489892227639666,-1.6784861976277172,-1.6278771092011612,-1.5707963267948966,-1.5323537367737086,-1.717874682183299,-1.6142472221864275,-1.6142472221864275,-1.460139105621001,-0.8519663271732721,-0.960070362405688,-0.5191461142465229,-0.348771003583907,-0.23109066719589708,-0.19739555984988075,0.06241880999595735,0.18822150530477075,0.10487693873023389,0.0,-0.07982998571223732,-0.1297025371559121,0.04164257909858842
-2.825976991551027,0.0,-1.0303768265243125,-0.7853981633974483,-1.2490457723982544,-0.8621700546672264,0.11065722117389565,-0.23109066719589708,-0.14189705460416394,0.43662715981354133,0.37089128881266237,0.0,-0.35877067027057225,0.09495170634275632,0.2914567944778671,0.08314123188844123,0.3947911196997615,0.24497866312686414,0.6747409422235526,0.7378150601204649,0.5317240672588056,0.7419472680059175,0.9151007005533605,1.0768549578753155,1.373400766945016,1.7561442767905915,1.892546881191539,0.0,0.0,0.0,0.0,0.0,0.0,0.0,0.0,0.0,0.0,0.0,0.0,0.16514867741462683,-0.5585993153435624,-0.6435011087932844,-0.8760580505981934,-1.4056476493802699,-1.4219063791853994,-1.4711276743037347,-1.4288992721907328,-1.366778347202348,-1.3101939350475555,-1.423717971406494,-1.460139105621001,-1.2966288756752378,-1.299849476456476,-1.361773383988632,-1.5707963267948966,-1.5707963267948966,-1.501939837493852,-1.750649826587375,-1.6588037003226375,-1.6124389058934852,-1.695151321341658,-1.6575346654708818,-2.0344439357957027,-1.5208379310729538
0.3156156620387663,0.0,-1.2220253232109897,1.849095985800008,-0.3805063771123649,0.19739555984988075,1.0303768265243125,-0.5404195002705842,0.7188299996216245,0.16514867741462683,0.7188299996216245,1.2490457723982544,0.8288490587889792,0.9151007005533605,0.7853981633974483,0.8224182792713783,1.2490457723982544,1.1341691669813554,1.3370531459259951,1.5042281630190728,1.784857010358718,1.9832067683922838,1.892546881191539,2.3036114285814033,2.5535900500422257,2.5702551737561663,2.677945044588987,0.0,0.0,0.0,0.0,0.0,0.0,0.0,0.0,0.0,0.0,0.0,0.5404195002705842,0.16514867741462683,-0.348771003583907,-0.2984989315861793,-0.7086262721276703,-0.348771003583907,-0.6000502134017536,-0.5880026035475675,-0.7853981633974483,-0.6375487981386927,-0.8124186125847132,-0.8818719385800352,-0.7036137827794523,-0.6132073488745093,-0.83798122500839,-0.8567056281827387,-0.7216548508647612,-0.8139618212362083,-1.237552025683224,-0.9420000403794636,-0.960070362405688,-1.5707963267948966,-1.1071487177940904,-0.8567056281827387,-1.0838970949836275,-1.2679114584199251
-2.825976991551027,0.0,2.223642957895671,2.323947607757091,2.654693421778524,2.5535900500422257,2.321725389192837,2.44685437739309,2.321725389192837,2.4149503129080676,2.5748634360662868,2.896613990462929,2.488746022489019,2.65711472455277,2.3191743743184148,2.5535900500422257,2.0778948311872334,2.498091544796509,2.0344439357957027,2.356194490192345,0.7853981633974483,1.0303768265243125,-0.35877067027057225,0.6947382761967031,-1.5707963267948966,3.141592653589793,-0.8760580505981934,0.0,0.0,0.0,0.0,0.0,0.0,0.0,0.0,0.0,0.0,0.0,0.1586552621864014,0.11487660541689913,-0.031239833430268277,-0.060532019782107135,-0.1297025371559121,-0.12062366858010272,0.11065722117389565,-0.028563657838759995,0.05258306161094172,-0.24497866312686414,0.7266423406817256,0.0,1.3521273809209546,1.892546881191539,0.24497866312686414,0.7853981633974483,1.97568811307998,1.1071487177940904,1.5707963267948966,2.173083672929861,1.4056476493802699,2.356194490192345,1.7004988639508087,1.9163519073766087,2.1341125882868646,1.892546881191539
-0.32811989501530536,0.0,1.8681614720188202,1.3948567013423687,1.9295669970654687,1.8343602103779346,2.2390857456254807,2.158798930342464,1.730709449953116,1.8269477093605,2.0672190801997785,1.9540804745405822,1.8864119888336628,1.9928013566971143,1.7717505904829935,1.5893127288629056,1.878849107818673,1.5056711634605107,1.489892227639666,1.8449637779145553,1.0191413442663497,1.4056476493802699,1.5707963267948966,2.356194490192345,-1.1659045405098132,-1.5152978215491797,-1.5232132235179132,0.0,0.0,0.0,0.0,0.0,0.0,0.0,0.0,0.0,0.0,0.0,-0.6262614375987547,-0.7202730000630624,-0.6846171643127805,-0.6635557263775311,-0.6350267353903137,-0.6610431688506869,-0.6536358969195218,-0.6986598247214632,-0.4124104415973873,-0.6647744948173456,-0.37206775885812043,-0.3009202343604251,-0.23684876094692026,0.08673833867598511,0.23684876094692026,0.6747409422235526,0.7853981633974483,1.1410340476982082,1.433730152484709,1.4432867685796584,0.7853981633974483,1.6539375586833378,1.7004988639508087,1.9437840485949576,1.7572832284621134,1.5707963267948966
-2.38648825011112,0.0,1.849095985800008,-1.5707963267948966,0.7853981633974483,-2.62244653934327,2.976443976175166,-2.896613990462929,2.723368324010564,2.9147938055359073,-2.761086276477428,-2.9562447035940984,-3.0348569809406576,2.961739153797315,-3.104572537715863,-2.796037073008081,3.141592653589793,3.0828368308740703,-2.677945044588987,-2.452668265374932,-2.5748634360662868,-2.5360479899848234,-2.191045812777718,-1.9195673303788037,-1.5707963267948966,-1.9379701606131159,-1.3101939350475555,0.0,0.0,0.0,0.0,0.0,0.0,0.0,0.0,0.0,0.0,0.0,2.714965160462917,2.782821983319221,2.774418819771574,2.7187387274568526,2.214297435588181,2.158798930342464,2.137525544318403,1.9936502529278373,1.717874682183299,1.8438050298816073,1.7257930687188376,1.800028260071892,1.513715544388632,1.633215136790854,1.4382447944982226,1.5707963267948966,1.460139105621001,1.5707963267948966,1.8157749899217608,1.2793395323170296,1.3258176636680326,0.8156919233162234,1.1606689862534056,1.512040504079174,0.9964914966201949,1.7033478590915707
3.141592653589793,0.0,3.0750244898139694,2.819842099193151,-1.7681918866447774,-1.7359450042095235,-1.9513027039072615,-1.1071487177940904,-2.5535900500422257,-1.97568811307998,-2.0701430484750265,-1.5707963267948966,-2.256525837701183,-1.9138202672156,-1.8313987185422376,-1.3397056595989996,-1.5182132651839548,-1.6233793884058383,-1.460139105621001,-0.9505468408120752,-1.1071487177940904,-1.067953115867036,-1.0516502125483738,-0.7086262721276703,-0.628796286415433,-0.15264932839526515,0.08314123188844123,0.0,0.0,0.0,0.0,0.0,0.0,0.0,0.0,0.0,0.0,0.0,-2.1112158270654806,-2.8632929945846817,-2.6344941491974563,-3.064820762320015,2.896613990462929,-3.0750244898139694,3.070285188804503,2.819842099193151,2.62244653934327,2.896613990462929,2.714965160462917,3.026716048172894,2.8879185574511506,2.7367008673047097,2.7270857790050074,2.403777593469328,2.6344941491974563,2.7492525093742772,2.5636907166275478,2.5636907166275478,2.356194490192345,2.677945044588987,2.578276392097825,1.9295669970654687,2.609868586330988,2.7928216500058864
1.9832067683922838,0.0,-2.2531128816696446,-2.0778948311872334,-0.5880026035475675,-0.7853981633974483,-1.1525719972156676,0.0,0.8850668158886104,-0.4636476090008061,-0.6107259643892086,-1.0164888305933455,-0.20749622643520266,-0.6146629519221655,-0.37089128881266237,-0.348771003583907,-0.3217505543966422,-0.29544083714372,-0.2662520491509254,-0.17985349979247828,-0.14189705460416394,0.15660187698201536,0.27829965900511133,0.3805063771123649,0.43662715981354133,0.7853981633974483,1.0191413442663497,0.0,0.0,0.0,0.0,0.0,0.0,0.0,0.0,0.0,0.0,0.0,0.0,-0.2984989315861793,-0.2662520491509254,-0.4636476090008061,-0.9272952180016122,-0.6202494859828215,-1.2120256565243244,-1.3397056595989996,-1.3258176636680326,-1.4352686128093959,-1.4513674007765582,-1.5395564933646284,-1.6914199953749993,-1.6142472221864275,-1.892546881191539,-1.6657480331376529,-1.9359977765830696,-1.8650308919060843,-1.5707963267948966,-2.0195196708056176,-2.0032041023654346,-2.8083483524781205,-2.1815222911841055,-1.9890206563741257,-1.4758446204521403,-2.158798930342464
-0.4764674194737067,0.0,-2.0344439357957027,-2.158798930342464,-2.0344439357957027,0.5880026035475675,-2.2455372690184494,-1.373400766945016,-0.844153986113171,0.8621700546672264,0.09966865249116202,0.033320995878247196,0.21406068356382152,0.628796286415433,0.33667481938672716,0.10487693873023389,-0.21406068356382152,0.507098504392337,-0.15264932839526515,0.35877067027057225,0.7853981633974483,0.83798122500839,0.4636476090008061,1.460139105621001,1.3258176636680326,1.1309537439791604,1.9295669970654687,0.0,0.0,0.0,0.0,0.0,0.0,0.0,0.0,0.0,0.0,0.0,0.4636476090008061,0.0,-0.09966865249116202,-0.3805063771123649,-0.48689923181126904,-0.982793723247329,-0.6747409422235526,-0.6078019961139605,-0.3217505543966422,-1.4940244355251187,-1.0666303653157436,-1.0659349551357702,-0.9209258773829491,-1.0912770348023004,-1.3352513460740332,-0.6696389456766376,-1.2662854435927842,-1.0563450137358688,-1.2722973952087173,-1.208252089530389,-1.0636978224025597,-1.3439974787410107,-1.4801364395941514,-1.4382447944982226,-1.313472611823808,-1.1071487177940904
-0.5349550737860964,0.0,-2.969401839066854,-2.8305943729842524,-2.7187387274568526,-2.0852476398539244,-2.9441970937399127,-2.32590073027357,-3.0981417581982624,-2.677945044588987,-2.539305307454829,-2.432966381462123,-2.8685839505030826,-2.8685839505030826,-2.90604767286893,-3.0090411212931194,-3.0309354324158977,3.0828368308740703,3.024483909022929,2.875340604438868,2.819842099193151,3.141592653589793,1.5707963267948966,1.7359450042095235,1.1659045405098132,0.4636476090008061,0.19739555984988075,0.0,0.0,0.0,0.0,0.0,0.0,0.0,0.0,0.0,0.0,0.0,1.717874682183299,1.7359450042095235,1.7359450042095235,1.7415315382701795,1.7257930687188376,1.7681918866447774,1.695151321341658,1.7078625011050843,1.825978717415715,1.837048375945822,1.719686274404394,1.7359450042095235,1.9832067683922838,2.399645385583876,2.5213431676069717,2.498091544796509,2.677945044588987,3.141592653589793,2.761086276477428,-2.999695598985629,2.9441970937399127,-2.7776136970801493,-2.677945044588987,-3.070285188804503,-2.7091848780192556,-2.9441970937399127
-2.769524894731673,0.0,-2.571552189890083,-2.4897235392842165,-2.0205559398647357,-2.0516836069902324,-2.1995926132103296,-2.0763773816691016,-2.2286849319771065,-2.3669467639834463,-2.0416901857756,-2.3228734943140976,-2.5010069884312838,-2.577508932540136,-2.4407382457053433,-2.5809056586069876,-2.5661680030545084,-2.573068105858753,-2.577023259921693,-2.587285157388242,-3.0916342578678506,-3.0090411212931194,-2.356194490192345,1.9295669970654687,1.695151321341658,1.3101939350475555,1.1562894522101106,0.0,0.0,0.0,0.0,0.0,0.0,0.0,0.0,0.0,0.0,0.0,1.6475682180646747,1.4565419988334571,1.4513674007765582,1.5409544421277872,1.5413930385908916,1.6322572826776627,1.5224469401429936,1.4968572891369563,1.7561442767905915,1.8157749899217608,1.7912900881615683,1.7771202208246142,1.967875772019879,2.485897027348257,2.33658915933514,2.539305307454829,2.9504081939927786,2.9441970937399127,2.7128146261437767,-2.9829373914033916,-2.7326848246388677,-2.408777551803287,-2.6694706711860166,-2.694750185104029,-2.5940304176497957,-2.839641491759544
-2.690139562037239,0.0,-1.9178579303343872,-2.2101822324810696,-2.05527425583192,-2.1257920541334836,-2.0176387952806607,-2.356194490192345,-2.2681871166646044,-2.6868733787688237,-2.316215803069055,-2.291069326857959,-2.8326619096660517,-2.7080111696380316,-2.51695723081818,-2.782821983319221,-2.831889709047337,3.079173843593836,-3.058451421701352,3.1058935409104693,2.432966381462123,2.723368324010564,1.97568811307998,1.750649826587375,1.2120256565243244,-0.047583103276983396,0.5247957716501074,0.0,0.0,0.0,0.0,0.0,0.0,0.0,0.0,0.0,0.0,0.0,2.8654956341943567,2.7445132083648107,2.7586939365438496,2.8023000391357487,2.7308756904751212,2.684523897042004,2.677945044588987,2.6487562565961924,2.6626790550422075,2.7945310500503027,2.725154036398201,3.0356082956001935,2.714965160462917,3.0606885544345626,-2.761086276477428,-2.720173446701989,-2.694072678432623,-2.819842099193151,-2.26945615151636,-2.0988707752212563,-2.2318394956455836,-2.022249418347451,-2.6607053733944572,-2.44685437739309,-1.732171437215588,-1.892546881191539
2.6651252341160867,0.0,2.1815222911841055,2.223642957895671,2.17084654019665,2.0812846487116725,2.1401095178955587,2.0169018757383004,1.9974238199217726,2.0491487581735544,2.0988707752212563,1.80634130751576,1.8804992713373527,1.7126933813990606,1.7359450042095235,1.729451588981298,1.6575346654708818,1.299849476456476,1.4659193880646628,1.2722973952087173,1.2793395323170296,0.7853981633974483,0.0,-0.3217505543966422,-0.6747409422235526,-0.9097531579442097,-1.4056476493802699,0.0,0.0,0.0,0.0,0.0,0.0,0.0,0.0,0.0,0.0,0.0,-0.06442683942555355,-0.15037142800713454,-0.08800737352774077,-0.17985349979247828,-0.08550529367820464,-0.11065722117389565,-0.08550529367820464,-0.06442683942555355,-0.10308160852270024,0.037020115873930025,-0.04345089539153084,0.19739555984988075,0.20749622643520266,0.3392926144540447,0.628796286415433,0.8760580505981934,1.3439974787410107,1.0040671092713902,1.3258176636680326,1.373400766945016,1.6162196062164735,1.6262948320406134,1.7894652726688385,1.7063240407803975,1.7681918866447774,1.804539507663798
-2.38648825011112,0.0,-2.7187387274568526,-2.6954871046463897,-2.5535900500422257,-2.843093722003614,-2.8535372065391673,-2.8068558162729786,-2.9441970937399127,-2.8473580884786056,-2.937574673997245,-2.774418819771574,-2.9147938055359073,-3.110352820159525,-3.058451421701352,3.026716048172894,3.096169374168216,2.9562447035940984,2.601173153319209,2.356194490192345,1.9890206563741257,2.158798930342464,1.5707963267948966,0.3217505543966422,0.3217505543966422,0.40489178628508343,0.12435499454676144,0.0,0.0,0.0,0.0,0.0,0.0,0.0,0.0,0.0,0.0,0.0,1.5707963267948966,1.5395564933646284,1.5707963267948966,1.4010180528265581,1.4100335861690618,1.5422326689561365,1.5985669633883177,1.6041173226731438,1.4559197213779975,1.6107750139181867,1.5291537476963082,1.7942729279355296,1.8281200417659853,2.356194490192345,2.455863142683507,2.2318394956455836,2.677945044588987,2.5360479899848234,2.651635327336065,2.838707785214822,-2.9441970937399127,2.743070207923373,2.9669204545815537,-2.9533711482850227,-2.9533711482850227,-2.961739153797315
3.141592653589793,0.0,-1.6756732655251305,-1.5253730473733196,-1.5707963267948966,-1.4876550949064553,-1.4840579881189115,-1.6124389058934852,-1.5308176396716067,-1.5707963267948966,-1.5707963267948966,-1.7429871413178357,-1.717874682183299,-1.784857010358718,-1.878849107818673,-2.1025203940537023,-2.0576955586061656,-2.2264919530364327,-2.1763409903998667,-2.5308666892005847,-2.4149503129080676,-2.5535900500422257,3.141592653589793,2.819842099193151,2.214297435588181,1.7894652726688385,1.6614562139956417,0.0,0.0,0.0,0.0,0.0,0.0,0.0,0.0,0.0,0.0,0.0,2.741351996555819,2.662073361597197,2.8095331860469077,2.692869309579072,2.6374266921106404,2.7790484163252858,2.774418819771574,2.692869309579072,2.645169900184911,2.6971734436886945,2.91811605244916,3.0916342578678506,2.9441970937399127,-2.9669204545815537,-3.064820762320015,-2.5308666892005847,-2.316215803069055,-2.356194490192345,-2.1763409903998667,-2.214297435588181,-1.8157749899217608,-2.1112158270654806,-1.8417431771333173,-1.9295669970654687,-1.8622531212727638,-1.8018869939907938
2.5337906574758327,0.0,-0.388318718172466,-0.21406068356382152,-0.22347660114063303,-0.18311081726248413,-0.29544083714372,-0.27829965900511133,-0.3097029445424562,-0.3671738338182192,-0.348771003583907,-0.5337081916392615,-0.5404195002705842,-0.6162969373960713,-0.668289418830584,-0.6947382761967031,-0.8884797719201485,-0.9048270894157867,-0.9272952180016122,-1.2924966677897853,-1.3258176636680326,-1.9295669970654687,-1.7681918866447774,-2.819842099193151,-2.896613990462929,2.723368324010564,2.498091544796509,0.0,0.0,0.0,0.0,0.0,0.0,0.0,0.0,0.0,0.0,0.0,-2.1421338066285234,-2.1010120995715265,-2.1262900620604404,-2.143762469683603,-2.086345334253876,-2.1815222911841055,-2.158798930342464,-2.1763409903998667,-2.1112158270654806,-2.117585167684144,-2.0533096218173736,-1.923786714621807,-1.9074711461816238,-1.7818896600176433,-1.5707963267948966,-1.35970299357215,-1.2490457723982544,-1.042721878368537,-0.7853981633974483,-0.8850668158886104,-0.8884797719201485,-0.6889243882148613,-0.6947382761967031,-0.5123894603107377,-0.39852244566642026,-0.5028432109278608
1.9832067683922838,0.0,2.498091544796509,2.4149503129080676,2.2706891965141405,2.3086113869153615,2.432966381462123,2.483704048407583,2.44685437739309,2.256525837701183,2.2058230621852104,2.2612427838495885,2.1224513093234436,2.158798930342464,2.1112158270654806,1.9437840485949576,1.9832067683922838,1.719686274404394,1.4056476493802699,1.5707963267948966,1.2490457723982544,1.0516502125483738,0.16514867741462683,-0.35877067027057225,0.0,-0.7853981633974483,-1.2924966677897853,0.0,0.0,0.0,0.0,0.0,0.0,0.0,0.0,0.0,0.0,0.0,0.3028848683749714,0.3752708228559573,0.36520144978817304,0.3970794452249823,0.15499674192394097,0.2942345651111878,0.03844259002118798,0.25255427577805956,0.17219081452293902,0.4297622790966885,0.3947911196997615,0.6107259643892086,0.7378150601204649,0.6947382761967031,0.83798122500839,0.9272952180016122,1.6262948320406134,1.4181469983996315,1.9379701606131159,1.642103791580187,1.856847768512215,1.7359450042095235,1.719686274404394,2.0736395377227574,2.1451011569695986,2.0344439357957027
-0.32811989501530536,0.0,-0.8818719385800352,-0.9505468408120752,-0.9197196053504169,-0.870903457075653,-0.8621700546672264,-1.0603080048781208,-1.0164888305933455,-0.9723774333163594,-1.1410340476982082,-0.982793723247329,-1.0303768265243125,-1.0912770348023004,-1.2360594894780819,-1.3654009376051293,-1.4141944498128813,-1.5182132651839548,-1.695151321341658,-1.9195673303788037,-1.8692952583810758,-2.782821983319221,-2.677945044588987,2.9441970937399127,2.62244653934327,2.214297435588181,1.8157749899217608,0.0,0.0,0.0,0.0,0.0,0.0,0.0,0.0,0.0,0.0,0.0,-2.9325697107835285,-2.9168814851751503,-2.961739153797315,-2.9669204545815537,-2.9708574421145104,-2.9912212255826587,-2.9168814851751503,-2.9325697107835285,-2.8535372065391673,-2.8879185574511506,-2.746801533890032,-2.6971734436886945,-2.498091544796509,-2.601173153319209,-2.2455372690184494,-2.158798930342464,-1.9138202672156,-1.6539375586833378,-1.4382447944982226,-1.460139105621001,-1.6233793884058383,-1.1341691669813554,-1.2627435457711202,-1.1902899496825317,-1.1999050379822342,-1.1071487177940904
3.141592653589793,0.0,0.4773453823736719,-0.1460122577112754,0.47116626431311,0.16514867741462683,-0.07130746478529032,0.019605330857204686,-0.09772690735871874,-0.19739555984988075,-0.18998828791871572,-0.11614162687999023,-0.07233733053859498,-0.4708938589807033,-0.3923401442155158,-0.636508215787951,-0.7362574289814281,-0.8519663271732721,-0.9723774333163594,-0.8224182792713783,-1.695151321341658,-1.3258176636680326,-2.3086113869153615,-2.761086276477428,2.9441970937399127,2.62244653934327,2.1486982637571423,0.0,0.0,0.0,0.0,0.0,0.0,0.0,0.0,0.0,0.0,0.0,-1.2360594894780819,-1.2809498368832768,-1.3478960944665208,-1.410420882818946,-1.342939278077797,-1.321544185409683,-1.4157995848709557,-1.3031800220101348,-1.4527042983758027,-1.2649174553900444,-1.1571071135160333,-1.1801892830972098,-1.3815973046949284,-1.0303768265243125,-1.4536875822280324,-1.1902899496825317,-1.1383885512243588,-0.25255427577805956,-0.37089128881266237,-0.031239833430268277,-0.8156919233162234,-0.026309717252922193,-0.43240777557053783,-0.7266423406817256,0.27094685033842053,0.22266094063636496
-0.9890566893749966,0.0,1.2793395323170296,2.4668517113662407,3.0828368308740703,2.875340604438868,-2.677945044588987,-2.761086276477428,-2.539305307454829,-2.0344439357957027,-2.0576955586061656,-2.2655346029916,-1.825978717415715,-2.137525544318403,-2.0736395377227574,-1.7561442767905915,-2.125103822996448,-2.0503156187874927,-1.892546881191539,-1.9513027039072615,-1.7063240407803975,-1.2649174553900444,-1.0370881351556351,-1.039072259536091,-1.373400766945016,-0.5317240672588056,-0.6610431688506869,0.0,0.0,0.0,0.0,0.0,0.0,0.0,0.0,0.0,0.0,0.0,-2.399645385583876,-2.44685437739309,-2.5829933382462307,-2.819842099193151,-2.9441970937399127,2.6292031932790554,2.5672878234150915,2.356194490192345,2.992702705980296,2.90604767286893,2.5360479899848234,2.692869309579072,2.4925970945932923,2.408777551803287,2.2367655641740063,2.5040438554511004,2.26945615151636,2.2597207150097582,2.300695984946628,2.7532739354173272,1.9974238199217726,2.2073045425828477,2.0131705497716417,2.060753653048625,2.403777593469328,2.774418819771574
-0.4679394281428173,0.0,1.1071487177940904,-3.0419240010986313,2.44685437739309,-2.774418819771574,2.819842099193151,-2.455863142683507,-1.849095985800008,-2.356194490192345,-1.892546881191539,-2.3191743743184148,-2.137525544318403,-2.0576955586061656,-2.279422598922567,-2.1486982637571423,-1.8662371639386166,-1.8804992713373527,-1.892546881191539,-1.5707963267948966,-2.0344439357957027,-1.3521273809209546,-1.3397056595989996,-1.0636978224025597,-0.9151007005533605,-0.2860514417173182,-0.4636476090008061,0.0,0.0,0.0,0.0,0.0,0.0,0.0,0.0,0.0,0.0,0.0,-3.0309354324158977,3.141592653589793,2.835713782184941,2.677945044588987,3.0419240010986313,2.393214606066275,2.4756234162106834,2.593043251139265,2.2752903910371143,2.327630832353585,2.7532739354173272,2.201875714266226,2.201875714266226,2.2367655641740063,2.214297435588181,2.1262900620604404,2.4149503129080676,2.2612427838495885,2.1995926132103296,1.9295669970654687,1.9710369838288708,2.2218730482393765,1.825978717415715,2.2655346029916,1.9295669970654687,1.5707963267948966
-2.617271941286371,0.0,0.5404195002705842,0.19739555984988075,1.8157749899217608,1.892546881191539,2.356194490192345,2.5088438185876103,2.432966381462123,2.1112158270654806,2.312743594800814,2.0852476398539244,2.293775680196388,2.14717154738608,2.452668265374932,2.289626326416521,2.2073045425828477,2.3062360944704023,2.7547169358587653,2.711830374493105,2.804917834203066,2.8706458032513726,2.833539872566017,3.0860941483440762,-2.729182211992406,-2.6344941491974563,-2.498091544796509,0.0,0.0,0.0,0.0,0.0,0.0,0.0,0.0,0.0,0.0,0.0,3.017237659043032,2.356194490192345,2.7367008673047097,2.0344439357957027,1.9890206563741257,1.6475682180646747,1.4288992721907328,1.6756732655251305,1.1999050379822342,1.5707963267948966,1.0516502125483738,1.042721878368537,1.1232763516377267,1.0882830317724197,1.0303768265243125,0.6610431688506869,1.0014831356942346,0.6435011087932844,0.6240230529767569,0.7621465405869854,0.6146629519221655,0.4636476090008061,0.3392926144540447,0.5144513130590278,0.7086262721276703,0.18534794999569476
-0.32811989501530536,0.0,-2.62244653934327,-2.5127963671743605,-2.5535900500422257,-2.44685437739309,-2.5948038127005457,-2.6607053733944572,-2.664247271216121,-2.729182211992406,-2.7091848780192556,-2.7326848246388677,-2.981679530431574,-2.9708574421145104,-3.064820762320015,-2.8879185574511506,-3.0060649396042924,3.024483909022929,2.819842099193151,2.4805494847391065,2.297438667476622,1.9513027039072615,1.3258176636680326,0.6435011087932844,0.35877067027057225,0.13255153229667402,0.0,0.0,0.0,0.0,0.0,0.0,0.0,0.0,0.0,0.0,0.0,0.0,1.1562894522101106,1.0040671092713902,1.219351532791345,1.2490457723982544,1.1705556697609225,1.1705556697609225,1.297787623708186,1.373400766945016,1.4876550949064553,1.6107750139181867,1.6657480331376529,1.849095985800008,2.0576955586061656,2.0576955586061656,2.2848870254070546,2.312743594800814,2.593043251139265,2.677945044588987,2.701750070774057,2.79856871316909,2.5702551737561663,2.79856871316909,2.896613990462929,2.984990776607778,-3.0309354324158977,-2.838707785214822
-2.617271941286371,0.0,-1.5063694873693432,-1.176005207095135,-1.1743550435764554,-1.0121970114513341,-1.263398853672075,-1.1543577096033049,-1.1164942401015805,-1.1263771168937977,-1.1493771199070923,-1.1574659222555688,-1.3408918986629919,-1.5707963267948966,-1.5499660067586796,-1.7634970854572822,-1.8643853142036464,-1.642103791580187,-2.158798930342464,-2.169215220273434,-2.158798930342464,-2.704965493776252,2.5899376710612465,2.158798930342464,1.9074711461816238,1.784857010358718,1.6233793884058383,0.0,0.0,0.0,0.0,0.0,0.0,0.0,0.0,0.0,0.0,0.0,2.397267268782799,2.3725864645003503,2.368852042026397,2.372066173184135,2.5022067479036205,2.454468443448354,2.5535900500422257,2.650429055303533,2.788602265762883,2.6971734436886945,2.984990776607778,-3.0132694259039985,-3.113822016996372,3.141592653589793,-2.922923707715851,-2.5652174329986095,-2.297438667476622,-2.2655346029916,-2.4116929954380617,-2.068139043141719,-1.911775280291246,-2.14717154738608,-1.9055331641117113,-1.6784861976277172,-1.6495802877840404,-1.4940244355251187
-2.38648825011112,0.0,-1.3521273809209546,-1.7681918866447774,-1.8724153730611364,-1.6490674673161745,-1.6133238614146808,-1.6567906179891374,-1.6085142792617608,-1.7792615451748843,-1.8678605391359393,-1.923786714621807,-2.158798930342464,-2.0947156744800957,-2.1112158270654806,-2.33980251588434,-2.443689830994736,-2.511191232116286,-2.5860989183242498,-2.654693421778524,-2.677945044588987,2.7091848780192556,2.0899424410414196,1.446441332248135,1.313472611823808,0.8960553845713439,0.9209258773829491,0.0,0.0,0.0,0.0,0.0,0.0,0.0,0.0,0.0,0.0,0.0,2.5764432135830337,2.5977601972876707,2.5722794624891314,2.6614176239862664,2.5790947225207206,2.558853159339821,2.62244653934327,2.7532739354173272,2.854311200192659,2.909035711784884,2.9286543040103963,3.1219873227325885,2.8632929945846817,-2.8776289299640885,-2.5535900500422257,-2.872425160804093,-2.518393323655727,-2.5899376710612465,-2.399645385583876,-2.2655346029916,-1.9163519073766087,-2.3805798993650633,-2.1451011569695986,-1.8337910584758161,-2.677945044588987,-1.5083775167989393
2.89288266449627,0.0,-0.5713374798336268,-0.5880026035475675,-0.24497866312686414,0.24497866312686414,0.7853981633974483,0.348771003583907,1.0516502125483738,0.702256931509007,0.6107259643892086,0.8850668158886104,0.9994588469612699,0.7454194762741583,0.9723774333163594,1.2120256565243244,1.0164888305933455,1.2627435457711202,1.4801364395941514,1.4410937896389846,1.4352686128093959,1.4141944498128813,1.878849107818673,1.849095985800008,1.8157749899217608,2.2531128816696446,2.642245931909663,0.0,0.0,0.0,0.0,0.0,0.0,0.0,0.0,0.0,0.0,0.0,2.0344439357957027,1.8622531212727638,1.7975951748487824,1.5707963267948966,0.8960553845713439,0.3947911196997615,0.7419472680059175,0.5743048301747018,0.25732371497108864,0.33667481938672716,0.21406068356382152,0.08314123188844123,0.0,0.09495170634275632,0.06442683942555355,-0.18311081726248413,-0.037020115873930025,-0.1470783553884025,-0.4145068745847859,-0.24497866312686414,-0.5404195002705842,-0.5247957716501074,-0.8224182792713783,-0.982793723247329,-0.690446457054692,-0.5585993153435624
2.158798930342464,0.0,-0.047583103276983396,-1.1659045405098132,0.2914567944778671,0.6747409422235526,0.8850668158886104,0.4636476090008061,0.6556956262415362,1.512040504079174,1.0040671092713902,1.873681195169868,1.4840579881189115,1.3521273809209546,1.8438050298816073,1.6575346654708818,1.7894652726688385,2.022249418347451,2.321725389192837,2.1224513093234436,1.9710369838288708,2.5948038127005457,2.616796881939686,2.5535900500422257,2.723368324010564,-3.0860941483440762,2.774418819771574,0.0,0.0,0.0,0.0,0.0,0.0,0.0,0.0,0.0,0.0,0.0,1.6539375586833378,1.176005207095135,1.849095985800008,0.8884797719201485,0.9380474917927135,0.5404195002705842,-0.058755822715722696,0.0,-0.0688564893010446,0.0,-0.039978687123290044,-0.1283232276857948,-0.1470783553884025,0.03224688243525392,-0.27094685033842053,-0.31099828060554097,-0.5191461142465229,-0.039978687123290044,-0.4514530915525543,-0.31099828060554097,-0.33667481938672716,-0.5404195002705842,-0.7266423406817256,-0.7568345055586884,-0.348771003583907,-0.8884797719201485
2.474899827335522,0.0,2.5535900500422257,-2.999695598985629,-2.961739153797315,-3.017237659043032,-2.129395642138459,-2.403777593469328,-1.892546881191539,-2.1112158270654806,-2.1995926132103296,-2.1224513093234436,-1.9195673303788037,-1.7590178320996674,-1.7234456551901618,-1.6092389168160846,-1.464060654145761,-1.6262948320406134,-1.1525719972156676,-1.4909663410826592,-1.4288992721907328,-1.1071487177940904,-1.2120256565243244,-1.0768549578753155,-0.5880026035475675,-0.348771003583907,-0.3671738338182192,0.0,0.0,0.0,0.0,0.0,0.0,0.0,0.0,0.0,0.0,0.0,-1.3521273809209546,-1.2924966677897853,-1.7681918866447774,-1.446441332248135,-2.356194490192345,-2.5899376710612465,-2.5748634360662868,-2.498091544796509,-2.539305307454829,-2.743070207923373,-2.5065659181994793,-2.645169900184911,-2.6066375798036967,-2.618314331457818,-2.5065659181994793,-2.8842689386187046,-3.107123552590285,-3.0132694259039985,3.141592653589793,2.8842689386187046,2.6344941491974563,2.485897027348257,2.8590377011202057,2.838707785214822,2.65711472455277,2.7928216500058864
2.323947607757091,0.0,-1.965587446494658,-1.9379701606131159,-1.4181469983996315,-1.6373644905707205,-1.6539375586833378,-1.9890206563741257,-1.2490457723982544,-0.8685393952858895,-1.067953115867036,-1.2679114584199251,-0.9685089806599324,-0.8818719385800352,-0.6202494859828215,-0.4228539261329407,-0.7454194762741583,-0.5404195002705842,-0.4475199751571699,-0.27829965900511133,-0.058755822715722696,-0.04542327942157701,0.260602391747341,0.3430239404207034,0.5404195002705842,0.5516549825285468,0.6947382761967031,0.0,0.0,0.0,0.0,0.0,0.0,0.0,0.0,0.0,0.0,0.0,-0.8621700546672264,-0.5404195002705842,-1.2036224929766774,-1.6704649792860586,-1.7894652726688385,-1.892546881191539,-2.2730532583039036,-2.173083672929861,-1.687905071361761,-2.185459278717062,-2.104504518434158,-2.0344439357957027,-2.5283853047152838,-2.1995926132103296,-2.3086113869153615,-2.5175696006130366,-2.3145519110937567,-2.4917222041778455,-2.662073361597197,-2.5625183842220625,-2.774418819771574,-2.488746022489019,-2.969401839066854,-2.516107613350564,-2.988943325194528,-2.9441970937399127
-0.5349550737860964,0.0,3.141592653589793,2.5213431676069717,-2.677945044588987,-2.5535900500422257,-2.0344439357957027,-1.9513027039072615,-1.5707963267948966,-1.8622531212727638,-1.695151321341658,-1.6233793884058383,-1.5707963267948966,-1.7818896600176433,-1.1978086049948355,-1.8766751981997487,-1.0636978224025597,-1.1341691669813554,-0.9453112865556675,-0.982793723247329,-0.6435011087932844,-0.11710874456686428,-0.7853981633974483,-0.1746721990082397,0.1746721990082397,0.5880026035475675,0.7853981633974483,0.0,0.0,0.0,0.0,0.0,0.0,0.0,0.0,0.0,0.0,0.0,-2.6135182051634334,-2.0344439357957027,-2.498091544796509,-2.44685437739309,-2.677945044588987,2.704965493776252,-2.984990776607778,3.141592653589793,2.8706458032513726,2.7868870015788527,2.90604767286893,2.8785979219088738,2.654693421778524,2.6632402222111358,3.111298893671018,2.7004131731748124,2.664247271216121,2.819842099193151,2.158798930342464,2.720173446701989,2.3805798993650633,2.1112158270654806,2.969401839066854,2.505084437801842,2.234842489621581,2.1025203940537023
0.3156156620387663,0.0,-0.5585993153435624,0.0,-0.7853981633974483,0.8960553845713439,1.5707963267948966,1.5707963267948966,2.214297435588181,1.9295669970654687,2.5127963671743605,2.356194490192345,1.7894652726688385,2.2865399164637767,1.878849107818673,2.578276392097825,2.3086113869153615,2.403777593469328,2.427501954977635,2.601173153319209,3.0090411212931194,2.677945044588987,2.9669204545815537,3.017237659043032,-2.961739153797315,-2.403777593469328,2.761086276477428,0.0,0.0,0.0,0.0,0.0,0.0,0.0,0.0,0.0,0.0,0.0,1.5707963267948966,2.129395642138459,1.2277723863741932,2.44685437739309,0.9505468408120752,1.7126933813990606,0.6556956262415362,0.7853981633974483,0.625485040239229,0.5880026035475675,0.6435011087932844,1.2220253232109897,1.1220729827841756,0.36397895650964407,0.26916749278570046,0.628796286415433,0.4297622790966885,0.3392926144540447,0.19739555984988075,0.37089128881266237,0.0,0.04345089539153084,0.09966865249116202,-0.15264932839526515,0.058755822715722696,0.10487693873023389
-1.3009471708564273,0.0,1.7234456551901618,1.7894652726688385,1.9513027039072615,-2.819842099193151,3.017237659043032,2.8632929945846817,2.7367008673047097,3.0940095503128098,-2.8632929945846817,3.054854314913808,3.050932766389048,-3.0060649396042924,3.1031500635686053,-2.79856871316909,-2.6632402222111358,-2.833539872566017,-2.642245931909663,-2.7091848780192556,-2.5535900500422257,-2.214297435588181,-2.0576955586061656,-1.9614033704925835,-1.7033478590915707,-1.5707963267948966,-1.460139105621001,0.0,0.0,0.0,0.0,0.0,0.0,0.0,0.0,0.0,0.0,0.0,3.141592653589793,3.141592653589793,2.723368324010564,2.843093722003614,2.677945044588987,2.1962813670341257,2.4805494847391065,1.9513027039072615,2.000558605891585,1.97568811307998,1.9576720445259248,2.0988707752212563,1.7818896600176433,1.8244704229335393,1.7738415440483617,1.545160918273219,1.5422326689561365,1.7359450042095235,1.489892227639666,1.5707963267948966,1.5707963267948966,1.346085158380254,1.3101939350475555,1.1361261116456518,1.5374753309166493,1.2036224929766774
0.4756952188549921,0.0,2.0344439357957027,2.137525544318403,-2.896613990462929,-2.961739153797315,-1.2490457723982544,2.988943325194528,-2.642245931909663,-2.922923707715851,-2.8555412118724752,3.017237659043032,-2.498091544796509,-2.5065659181994793,-2.5829933382462307,-2.356194490192345,-2.1112158270654806,-2.297438667476622,-2.2752903910371143,-1.6704649792860586,-1.9195673303788037,-2.432966381462123,-2.0988707752212563,-1.5707963267948966,-1.7894652726688385,-1.1383885512243588,-0.7086262721276703,0.0,0.0,0.0,0.0,0.0,0.0,0.0,0.0,0.0,0.0,0.0,-2.999695598985629,-2.677945044588987,-2.761086276477428,3.070285188804503,2.819842099193151,2.62244653934327,2.1112158270654806,1.8692952583810758,3.141592653589793,2.5748634360662868,2.000558605891585,2.1507991010025775,2.7403638545849445,2.2873380008913005,2.4668517113662407,1.7928782287003768,1.892546881191539,2.3062360944704023,1.9163519073766087,1.8157749899217608,1.8417431771333173,1.80634130751576,2.060753653048625,2.0831857871056343,2.0899424410414196,1.9513027039072615
-0.4764674194737067,0.0,0.9964914966201949,0.9917220574271658,1.0768549578753155,0.943488134519134,0.9129077216126865,0.8076167287241673,0.8760580505981934,0.8760580505981934,0.9209258773829491,0.83798122500839,0.6947382761967031,0.5280744484263596,0.6435011087932844,1.0912770348023004,0.636508215787951,0.83798122500839,0.5516549825285468,0.7086262721276703,0.0,3.141592653589793,3.141592653589793,3.141592653589793,-3.050932766389048,3.141592653589793,-3.079173843593836,0.0,0.0,0.0,0.0,0.0,0.0,0.0,0.0,0.0,0.0,0.0,-2.0701430484750265,-1.9853032013796825,-1.8588517738455226,-1.856847768512215,-1.9055331641117113,-1.7415315382701795,-1.7415315382701795,-1.7126933813990606,-1.784857010358718,-1.6657480331376529,-1.4801364395941514,-1.2870022175865687,-1.2679114584199251,-1.2315037123408519,-1.0516502125483738,-1.299849476456476,-0.8818719385800352,-0.6107259643892086,-0.388318718172466,-0.7853981633974483,-0.14189705460416394,-0.35877067027057225,0.0,-0.35877067027057225,2.677945044588987,-0.3217505543966422
-2.769524894731673,0.0,-0.3446473156180262,0.41965086213510383,-0.1470783553884025,0.04441521524691083,-0.04164257909858842,0.35299038782691045,0.0,0.05790620524810725,-0.10168885176307704,-0.4291785080012981,-0.30161904626623964,-0.24497866312686414,-0.5404195002705842,-0.7032306410357483,-0.4527784718235359,-0.6483319890872606,-0.8902751021276822,-0.4266274931268761,0.35877067027057225,1.2120256565243244,0.9420000403794636,1.8622531212727638,1.7126933813990606,2.323947607757091,1.6092389168160846,0.0,0.0,0.0,0.0,0.0,0.0,0.0,0.0,0.0,0.0,0.0,-1.3146449442292931,-1.4438235371808177,-1.4121410646084953,-1.373400766945016,-1.33105321792444,-1.4317003853128254,-1.3101939350475555,-1.2604089196625452,-1.1501329776618616,-1.3045442776439713,-1.2252407462131845,-0.9420000403794636,-1.3644724327651792,-1.0697829399913072,-0.8671825440154443,-0.7665324773757776,-0.8176450458327023,-0.7649928327109102,-1.0240074859056494,-0.6823165548747481,-0.7188299996216245,-0.83798122500839,-0.18534794999569476,0.12435499454676144,-0.7454194762741583,0.7631795980707292
-2.38648825011112,0.0,0.04995839572194276,-0.11848995915813777,0.23109066719589708,0.3217505543966422,0.775089250251205,0.5378355266934286,-0.01694752980640491,0.42773491238624206,0.3179482913512914,-0.02702044918726479,-0.08454375551299814,-0.10931853388790005,-0.21109333322274654,-0.14481249823893905,-0.24997862146082248,0.0,-0.09065988720074511,-0.7509290623979403,-0.348771003583907,0.982793723247329,1.3258176636680326,1.5707963267948966,2.007423486608438,2.316215803069055,2.2655346029916,0.0,0.0,0.0,0.0,0.0,0.0,0.0,0.0,0.0,0.0,0.0,-1.9074711461816238,-2.007423486608438,-1.8622531212727638,-1.7934572674312617,-1.729451588981298,-1.80634130751576,-1.7547397833320717,-1.750649826587375,-1.5490606199531038,-1.4711276743037347,-1.7251151027210156,-1.378095568132511,-1.513715544388632,-1.2765617616837088,-1.3854483767992019,-0.9964914966201949,-1.217805938967986,-1.1964627107873127,-0.8519663271732721,-0.6086893073274117,-0.5095922648089258,-0.8960553845713439,-0.3120421215625333,-2.843093722003614,0.07393903765794034,0.4993467216801301
-0.5349550737860964,0.0,1.9784278322525235,2.3667204172240703,2.169215220273434,2.0798672152172797,1.6255361068447773,2.647651284670212,1.9295669970654687,1.503331302272992,2.1815222911841055,1.5182132651839548,1.9960013457745147,1.6775319994440323,1.2627435457711202,1.2679114584199251,1.0121970114513341,1.3876855095324125,1.2490457723982544,1.1071487177940904,0.2860514417173182,1.97568811307998,3.141592653589793,-2.432966381462123,-2.8501358591119264,-3.0860941483440762,-2.90604767286893,0.0,0.0,0.0,0.0,0.0,0.0,0.0,0.0,0.0,0.0,0.0,1.2036224929766774,1.1401038154083887,1.402199387185467,1.237552025683224,1.1902899496825317,1.2076493168487203,1.0636978224025597,1.075244653309068,1.2291808361470895,1.1071487177940904,1.2924966677897853,1.4858945333451747,1.217805938967986,1.392703388563699,1.312025434831199,1.3182420510168371,1.6704649792860586,0.8567056281827387,1.892546881191539,2.403777593469328,1.8301280711955814,2.022249418347451,2.7367008673047097,2.0344439357957027,2.2083451249335893,2.214297435588181
2.474899827335522,0.0,2.000558605891585,1.941687615607559,2.0988707752212563,2.0647376957144776,2.11427392150794,1.97568811307998,2.058632765454539,1.8876208126631158,1.8622531212727638,1.6614562139956417,1.8076450877418169,1.7301479676988134,1.7547397833320717,1.5707963267948966,1.5056711634605107,1.5707963267948966,1.3439974787410107,1.5232132235179132,1.2120256565243244,3.141592653589793,3.064820762320015,-2.316215803069055,-2.455863142683507,-2.578276392097825,-2.4186133001883023,0.0,0.0,0.0,0.0,0.0,0.0,0.0,0.0,0.0,0.0,0.0,0.2347226124851971,0.17809293823119754,-0.08673833867598511,0.24497866312686414,0.2148154004016586,0.09966865249116202,0.2935889874087498,0.21406068356382152,0.3906070436976868,0.5880026035475675,0.39169993943742404,0.5516549825285468,0.7853981633974483,1.0209431441183117,0.6640461628266846,0.9440534255838497,0.9034901918165423,0.9272952180016122,1.237552025683224,1.1659045405098132,1.1071487177940904,1.3654009376051293,1.4157995848709557,1.8157749899217608,2.000558605891585,1.8313987185422376
2.6651252341160867,0.0,3.141592653589793,-2.819842099193151,-2.9708574421145104,-2.958481836327309,-2.9533711482850227,-2.8879185574511506,-2.9441970937399127,-3.0828368308740703,2.9275319700259717,-3.1058935409104693,3.0727361642887487,2.90604767286893,-3.050932766389048,3.141592653589793,2.976443976175166,2.819842099193151,2.723368324010564,3.064820762320015,2.498091544796509,0.0,-2.214297435588181,-1.1071487177940904,-1.0121970114513341,-1.1902899496825317,-0.982793723247329,0.0,0.0,0.0,0.0,0.0,0.0,0.0,0.0,0.0,0.0,0.0,0.6747409422235526,0.668289418830584,0.9179496956941223,0.7853981633974483,0.65788860518221,0.9272952180016122,1.0240074859056494,0.8097835725701669,0.7853981633974483,1.3521273809209546,1.3352513460740332,1.1309537439791604,1.2315037123408519,1.6064954394742206,1.2793395323170296,1.3854483767992019,1.9100889412489412,1.9295669970654687,1.5707963267948966,2.432966381462123,2.256525837701183,2.297438667476622,2.642245931909663,2.704965493776252,2.4756234162106834,2.9441970937399127
-0.5349550737860964,0.0,0.4636476090008061,0.5779019369622457,0.5880026035475675,0.4636476090008061,0.4487233440107211,0.40024065703397416,0.3217505543966422,0.22679884805388587,0.07393903765794034,0.14189705460416394,0.1767088560700366,0.06656816377582381,-0.1470783553884025,-0.1297025371559121,-0.11065722117389565,-0.3028848683749714,-0.14189705460416394,-0.35877067027057225,-0.5880026035475675,1.5707963267948966,2.356194490192345,2.677945044588987,2.356194490192345,2.2318394956455836,2.3036114285814033,0.0,0.0,0.0,0.0,0.0,0.0,0.0,0.0,0.0,0.0,0.0,-1.446441332248135,-1.4994888620096063,-1.423717971406494,-1.477319545636307,-1.4108832036366774,-1.5374753309166493,-1.39408747072486,-1.4121410646084953,-1.35970299357215,-1.3045442776439713,-1.2120256565243244,-1.3654009376051293,-1.0460005551447893,-1.0838970949836275,-0.9707461133931431,-0.9685089806599324,-0.9048270894157867,-0.7853981633974483,-0.6435011087932844,-0.7086262721276703,-0.4266274931268761,-0.3947911196997615,-0.27829965900511133,0.21109333322274654,-0.07677189126977804,0.06656816377582381
-0.5349550737860964,0.0,0.5280744484263596,0.2536740961386427,0.3805063771123649,0.3217505543966422,0.3671738338182192,0.28805544705062586,0.260602391747341,0.25255427577805956,0.08800737352774077,-0.031239833430268277,-0.0688564893010446,-0.10308160852270024,-0.15264932839526515,-0.24497866312686414,-0.30587887140485215,-0.49394136891958124,-0.3430239404207034,-0.12435499454676144,0.3805063771123649,-2.677945044588987,2.356194490192345,2.356194490192345,2.356194490192345,2.2455372690184494,1.849095985800008,0.0,0.0,0.0,0.0,0.0,0.0,0.0,0.0,0.0,0.0,0.0,-1.6775319994440323,-1.5707963267948966,-1.6775319994440323,-1.6041173226731438,-1.5323537367737086,-1.5707963267948966,-1.4677147182721964,-1.4000611153196139,-1.380808038876181,-1.5308176396716067,-1.3473197256542635,-1.3473197256542635,-1.2627435457711202,-1.1824776086224307,-0.9272952180016122,-1.0636978224025597,-1.0838970949836275,-0.7454194762741583,-1.0040671092713902,-0.7454194762741583,-0.5880026035475675,-0.4636476090008061,-0.3805063771123649,-0.2914567944778671,0.2914567944778671,0.05549850524571683
2.6651252341160867,0.0,0.5442804849459799,0.6304014214735073,0.7727406115633964,0.6055446636049701,0.8139618212362083,0.7977432152416728,0.5830765350191446,0.5317240672588056,0.5603598769048431,0.2373742469731708,0.41987995720555177,0.10487693873023389,0.15264932839526515,0.0,0.12435499454676144,0.0302937599187751,0.05549850524571683,-0.09495170634275632,-0.6107259643892086,1.2220253232109897,2.356194490192345,1.849095985800008,2.5213431676069717,2.388441372627599,2.2752903910371143,0.0,0.0,0.0,0.0,0.0,0.0,0.0,0.0,0.0,0.0,0.0,-1.0040671092713902,-1.1071487177940904,-1.0468769791096975,-1.0364008500404829,-1.13193702783139,-0.9380474917927135,-0.9420000403794636,-0.8584387287005676,-0.7853981633974483,-0.8902751021276822,-0.8353565591193911,-0.8224182792713783,-0.5123894603107377,-0.49116359828626055,-0.4514530915525543,-0.690446457054692,-0.4636476090008061,-0.43662715981354133,-0.3743336160075839,-0.21109333322274654,0.0,-0.3097029445424562,0.5144513130590278,-0.3805063771123649,0.1707352114752828,0.8760580505981934
-0.5349550737860964,0.0,-1.7894652726688385,-1.695151321341658,-1.5253730473733196,-1.602036160225165,-1.3654009376051293,-1.5707963267948966,-1.717874682183299,-1.8337910584758161,-1.8337910584758161,-1.80634130751576,-1.80634130751576,-2.104504518434158,-1.9513027039072615,-2.158798930342464,-2.2655346029916,-2.1224513093234436,-2.2455372690184494,-1.892546881191539,-2.356194490192345,-2.214297435588181,-0.4636476090008061,0.24497866312686414,0.24497866312686414,0.3671738338182192,-0.15264932839526515,0.0,0.0,0.0,0.0,0.0,0.0,0.0,0.0,0.0,0.0,0.0,2.677945044588987,2.833539872566017,2.7776136970801493,2.578276392097825,2.7367008673047097,2.782821983319221,2.774418819771574,2.746801533890032,2.8685839505030826,3.058451421701352,3.141592653589793,3.017237659043032,-2.9275319700259717,2.896613990462929,-2.9441970937399127,-2.761086276477428,-2.843093722003614,-2.5213431676069717,-2.642245931909663,-2.651635327336065,-2.5535900500422257,-2.5308666892005847,-2.0988707752212563,-2.137525544318403,-1.4994888620096063,-1.5707963267948966
2.89288266449627,0.0,-1.5273454314033659,-1.1659045405098132,-1.2722973952087173,-1.317122230656254,-1.2036224929766774,-1.2793395323170296,-1.5102643070127895,-1.460139105621001,-1.5337762109209665,-1.750649826587375,-1.7088023504524161,-1.8313987185422376,-1.7359450042095235,-2.137525544318403,-2.0778948311872334,-1.856847768512215,-2.0032041023654346,-2.0899424410414196,-1.7681918866447774,-2.356194490192345,3.141592653589793,0.5880026035475675,0.3947911196997615,0.40489178628508343,0.6747409422235526,0.0,0.0,0.0,0.0,0.0,0.0,0.0,0.0,0.0,0.0,0.0,2.961739153797315,2.90604767286893,2.819842099193151,2.904743892642873,2.819842099193151,2.7367008673047097,2.961739153797315,3.141592653589793,2.896613990462929,-3.061762667877556,-2.9441970937399127,-2.984990776607778,-2.9340964271545906,-2.8501358591119264,-2.8706458032513726,-2.701750070774057,-2.8023000391357487,-2.922923707715851,-2.654693421778524,-2.44685437739309,-1.9195673303788037,-1.7126933813990606,-1.7681918866447774,-1.965587446494658,-1.4181469983996315,-1.5707963267948966
2.8134727585744876,0.0,-0.6747409422235526,-0.7328151017865066,-0.7853981633974483,-1.4288992721907328,-0.12435499454676144,1.750649826587375,0.9272952180016122,1.1071487177940904,1.1071487177940904,2.677945044588987,2.5702551737561663,2.6271413405307653,2.356194490192345,2.2655346029916,-2.7091848780192556,-2.843093722003614,-3.0132694259039985,-2.5702551737561663,-2.356194490192345,-1.7894652726688385,-1.3258176636680326,-2.060753653048625,-1.4711276743037347,-0.19739555984988075,-0.43240777557053783,0.0,0.0,0.0,0.0,0.0,0.0,0.0,0.0,0.0,0.0,0.0,2.5535900500422257,2.44685437739309,-2.601173153319209,3.141592653589793,2.297438667476622,2.8555412118724752,2.214297435588181,3.141592653589793,-2.5702551737561663,-3.0750244898139694,2.930499320367047,2.843093722003614,2.651635327336065,-2.677945044588987,-2.704965493776252,-2.6888141817662574,-2.949544636349063,-3.1058935409104693,-2.455863142683507,-2.356194490192345,-2.2455372690184494,-2.5652174329986095,-2.1815222911841055,-1.6107750139181867,-1.695151321341658,-1.878849107818673
0.3156156620387663,0.0,-0.43240777557053783,-0.6747409422235526,-1.0303768265243125,0.7853981633974483,1.695151321341658,1.446441332248135,1.35970299357215,1.0768549578753155,1.633215136790854,1.633215136790854,1.4994888620096063,1.4711276743037347,1.3370531459259951,1.6814535479687922,1.5707963267948966,1.804539507663798,1.6704649792860586,2.0778948311872334,2.2848870254070546,2.312743594800814,2.191045812777718,2.5360479899848234,3.141592653589793,-3.024483909022929,-3.0750244898139694,0.0,0.0,0.0,0.0,0.0,0.0,0.0,0.0,0.0,0.0,0.0,1.5707963267948966,1.3045442776439713,1.1071487177940904,0.3217505543966422,0.6435011087932844,0.507098504392337,0.25732371497108864,0.35299038782691045,0.260602391747341,0.0,0.05258306161094172,0.17985349979247828,-0.21866894587394195,-0.2536740961386427,-0.3217505543966422,-0.2629947316809195,-0.4825132950224769,-0.4636476090008061,-0.35877067027057225,-0.44610554894340365,-0.5585993153435624,-0.4993467216801301,-0.702256931509007,-0.3392926144540447,-0.43240777557053783,-0.6610431688506869
0.3156156620387663,0.0,0.7853981633974483,1.1659045405098132,2.356194490192345,0.0,2.1112158270654806,2.5213431676069717,2.432966381462123,2.761086276477428,2.647651284670212,2.485897027348257,2.835713782184941,2.312743594800814,2.396173177315635,2.7367008673047097,2.8879185574511506,2.9147938055359073,-3.1016139664665032,3.036715714859559,-2.819842099193151,-2.999695598985629,-3.0090411212931194,-2.6292031932790554,-2.312743594800814,-2.356194490192345,-1.892546881191539,0.0,0.0,0.0,0.0,0.0,0.0,0.0,0.0,0.0,0.0,0.0,2.62244653934327,2.7091848780192556,2.4227626539681686,1.5707963267948966,2.0344439357957027,1.642103791580187,1.837048375945822,1.5707963267948966,1.2490457723982544,1.217805938967986,1.3521273809209546,1.2753554896511765,1.3016288340091962,1.1071487177940904,1.332960399337446,1.2490457723982544,1.092443895416239,0.9129077216126865,0.8491414759301353,0.8850668158886104,1.0040671092713902,0.8353565591193911,0.8156919233162234,0.6610431688506869,0.5404195002705842,0.8884797719201485
0.3156156620387663,0.0,1.2360594894780819,1.396124127786657,1.1263771168937977,1.3473197256542635,1.2753554896511765,1.0516502125483738,0.973619668702219,1.297787623708186,1.0603080048781208,1.1263771168937977,1.373400766945016,0.8818719385800352,1.2120256565243244,1.2597980461893556,0.4993467216801301,0.6747409422235526,1.4536875822280324,0.9272952180016122,1.4940244355251187,1.1071487177940904,0.7853981633974483,1.3258176636680326,-2.9441970937399127,2.677945044588987,3.024483909022929,0.0,0.0,0.0,0.0,0.0,0.0,0.0,0.0,0.0,0.0,0.0,-1.1964627107873127,-1.2277723863741932,-1.2160906747839564,-1.1737168815699144,-1.3016288340091962,-0.9505468408120752,-1.0516502125483738,-1.2882413743253092,-0.7378150601204649,-1.1583858851975093,-0.8253768505207384,-1.5182132651839548,-1.5350972141155728,-1.313472611823808,0.09065988720074511,-0.04345089539153084,-0.4825132950224769,-1.5707963267948966,0.15660187698201536,-1.7359450042095235,-0.4124104415973873,0.24497866312686414,2.129395642138459,0.43240777557053783,1.2610933822524404,1.0636978224025597
2.8134727585744876,0.0,3.0860941483440762,-3.036715714859559,3.0890095919788516,3.0940095503128098,-3.096169374168216,-3.026716048172894,3.141592653589793,2.9829373914033916,-3.0860941483440762,-2.9275319700259717,-3.0771658141642395,2.8890383778117337,-2.8501358591119264,3.0132694259039985,-2.356194490192345,2.7091848780192556,-3.017237659043032,2.356194490192345,-2.7928216500058864,-2.4668517113662407,-1.849095985800008,-1.9513027039072615,-0.982793723247329,-1.1902899496825317,-1.4994888620096063,0.0,0.0,0.0,0.0,0.0,0.0,0.0,0.0,0.0,0.0,0.0,0.9272952180016122,0.9453112865556675,0.866302262552679,0.7853981633974483,0.7583777142101835,0.8086497862079112,0.8139618212362083,0.982793723247329,0.7621465405869854,1.2036224929766774,0.9025069079643125,1.2341215074081695,0.8818719385800352,0.6556956262415362,1.1383885512243588,0.9151007005533605,0.83798122500839,-1.5707963267948966,2.356194490192345,-3.0309354324158977,2.356194490192345,-2.788602265762883,2.432966381462123,2.677945044588987,-2.79856871316909,3.141592653589793
-0.32811989501530536,0.0,-2.007423486608438,-1.373400766945016,-2.0258971353630915,-1.3478960944665208,-1.2856785916223006,-1.8018869939907938,-1.4078698679445238,-1.885028225879235,-1.9181822897132164,-1.860299998756285,-1.9195673303788037,-1.9642469647238323,-2.1885520523611293,-1.8855539881862056,-2.0988707752212563,-1.9004207342156394,-2.1224513093234436,-2.4668517113662407,-2.173083672929861,-2.4668517113662407,-0.8519663271732721,-1.4711276743037347,-0.260602391747341,-0.3671738338182192,-0.3868757177310281,0.0,0.0,0.0,0.0,0.0,0.0,0.0,0.0,0.0,0.0,0.0,-2.291350462639138,-2.3000737074911686,-2.464465081052801,-2.4099062194955776,-2.50961841177119,-2.643475943589479,-2.5984030773019655,-2.643475943589479,-2.611376880813163,-2.698144317170055,-2.761086276477428,-2.710453912871011,-2.2494588175432093,-2.7109001422032852,-2.33658915933514,-2.782821983319221,-1.9347752833045406,3.141592653589793,-1.5707963267948966,-1.9936502529278373,-0.9561333748727311,-2.403777593469328,-0.7597627548757708,-1.1220729827841756,-2.1498705961626277,-1.3078015951139772
2.227497988914331,0.0,-0.2247111684146427,0.08490179344972196,0.03844259002118798,0.5404195002705842,0.0,-0.16183743123842292,-0.33261969157391236,-0.03527947359359127,-0.18534794999569476,-0.11242713083019014,-0.5977583915930821,-0.37372681996555346,-0.2536740961386427,-0.3947911196997615,-0.4756952188549921,-0.7568345055586884,-0.7621465405869854,-0.10308160852270024,1.0303768265243125,-0.13255153229667402,0.3805063771123649,1.1071487177940904,1.2793395323170296,1.396124127786657,1.2360594894780819,0.0,0.0,0.0,0.0,0.0,0.0,0.0,0.0,0.0,0.0,0.0,-0.9641912182003697,-0.882651361649014,-1.0067126057452396,-0.9505468408120752,-1.1681416732430239,-1.0939044591293614,-1.2141761908434647,-1.1935472671525376,-1.1300454790154746,-1.0906212971913698,-1.330262078848992,-1.4254863161591944,-1.3068326031691921,-1.2966288756752378,-0.9481255380378293,-0.8760580505981934,-0.9629943306809362,-0.16514867741462683,-0.8491414759301353,-0.7853981633974483,-0.5404195002705842,0.18998828791871572,0.4266274931268761,-0.4825132950224769,-0.3759609538713056,-0.04874185130993159
-0.32811989501530536,0.0,2.729182211992406,2.2612427838495885,2.636302465490399,2.0576955586061656,2.0461393089613917,2.3743743052653232,2.0915247182019674,2.408777551803287,1.7386922500452713,2.2730532583039036,1.9909930404041718,1.8116427820363081,1.6977691164089757,2.0205559398647357,1.6865555445157074,1.873681195169868,1.6588037003226375,1.750649826587375,2.356194490192345,2.1224513093234436,2.4668517113662407,3.0419240010986313,-2.65711472455277,-2.485897027348257,-2.3291740410050803,0.0,0.0,0.0,0.0,0.0,0.0,0.0,0.0,0.0,0.0,0.0,0.3976279915221293,0.35877067027057225,0.35299038782691045,0.3430239404207034,0.30195116183024934,0.28309578529949553,0.3259699386396457,0.3392926144540447,0.3805063771123649,0.5827394942499722,0.5090708884223831,0.5162306706117479,0.6231993299340659,0.6086893073274117,0.4124104415973873,0.5807563535676704,1.0074800653029286,0.9197196053504169,0.43662715981354133,1.5042281630190728,0.8685393952858895,2.0626055027835952,0.960070362405688,1.9710369838288708,2.6108191563868863,1.8766751981997487
-0.32811989501530536,0.0,-2.429235055495464,-2.5197683657592034,-2.922923707715851,-2.8890383778117337,-3.001490929193163,-2.9441970937399127,-2.925042348613704,-2.429235055495464,-2.581652856475405,-2.82955053202726,-2.9562447035940984,-2.980217543169102,-3.0021525964984557,3.0750244898139694,-3.1165978599708732,-3.087591153213825,-2.8632929945846817,-3.112189365385788,-2.593043251139265,-2.498091544796509,-2.390663591191853,-1.695151321341658,-1.512040504079174,-1.873681195169868,-1.3101939350475555,0.0,0.0,0.0,0.0,0.0,0.0,0.0,0.0,0.0,0.0,0.0,1.9347752833045406,1.873681195169868,1.9853032013796825,1.923786714621807,1.892546881191539,1.668841604088736,1.8157749899217608,1.9208412150400425,1.8301280711955814,1.856847768512215,1.9890206563741257,1.9228406411103138,2.0344439357957027,2.5213431676069717,1.8157749899217608,2.0749622882740497,2.62244653934327,2.4370985893475754,-2.5127963671743605,2.0344439357957027,2.132717889051712,2.761086276477428,-1.9055331641117113,-2.976443976175166,-2.0988707752212563,-2.1507991010025775
-2.7461842500178175,0.0,-0.4636476090008061,-0.5404195002705842,0.27829965900511133,-0.7853981633974483,1.1071487177940904,1.5707963267948966,1.5707963267948966,1.460139105621001,2.0344439357957027,1.695151321341658,1.7681918866447774,1.9890206563741257,1.750649826587375,1.892546881191539,1.695151321341658,2.279422598922567,2.297438667476622,2.432966381462123,2.432966381462123,2.922923707715851,2.922923707715851,2.601173153319209,-2.677945044588987,-2.677945044588987,-2.677945044588987,0.0,0.0,0.0,0.0,0.0,0.0,0.0,0.0,0.0,0.0,0.0,1.5707963267948966,0.4636476090008061,1.5707963267948966,0.21866894587394195,0.0,0.0,-0.9272952180016122,0.16514867741462683,0.0,0.0,-0.22679884805388587,-0.14189705460416394,-0.4636476090008061,-0.3028848683749714,-0.22679884805388587,-0.4636476090008061,-0.4636476090008061,-0.507098504392337,-0.4124104415973873,-0.30587887140485215,-0.4398425828157362,-0.43662715981354133,-0.16514867741462683,-0.6747409422235526,-0.35877067027057225,0.14189705460416394
3.141592653589793,0.0,0.982793723247329,1.2490457723982544,1.97568811307998,1.0303768265243125,2.356194490192345,2.9441970937399127,2.9441970937399127,3.141592653589793,2.677945044588987,2.770701364777131,2.8809902618424523,2.743070207923373,-2.9562447035940984,-3.0940095503128098,2.922923707715851,-3.1031500635686053,-2.9441970937399127,-2.8632929945846817,-2.922923707715851,-2.746801533890032,-2.5088438185876103,-2.1224513093234436,-2.0344439357957027,-1.873681195169868,-1.1902899496825317,0.0,0.0,0.0,0.0,0.0,0.0,0.0,0.0,0.0,0.0,0.0,3.0309354324158977,2.5308666892005847,1.849095985800008,1.5707963267948966,1.9974238199217726,1.750649826587375,1.5707963267948966,1.892546881191539,1.4352686128093959,1.373400766945016,1.5291537476963082,1.5707963267948966,1.4940244355251187,1.1659045405098132,1.1071487177940904,1.0636978224025597,1.0303768265243125,1.092443895416239,1.1722738811284763,0.7354397676755056,0.8850668158886104,0.960070362405688,0.866302262552679,0.8224182792713783,0.6022873461349642,0.7483780475235183
3.141592653589793,0.0,0.9179496956941223,0.7853981633974483,0.8850668158886104,0.7583777142101835,0.7354397676755056,0.628796286415433,0.7298996581517315,0.5779019369622457,0.6510767214444798,0.5467888408892474,0.5144513130590278,0.5144513130590278,0.6146629519221655,0.4636476090008061,0.48689923181126904,0.3430239404207034,0.6747409422235526,0.7853981633974483,1.0516502125483738,1.5707963267948966,1.892546881191539,2.0899424410414196,2.256525837701183,2.5360479899848234,2.455863142683507,0.0,0.0,0.0,0.0,0.0,0.0,0.0,0.0,0.0,0.0,0.0,-1.2277723863741932,-1.3339475658479765,-1.2387368592520112,-1.332960399337446,-1.2765617616837088,-1.379611867197882,-1.3487144248894165,-1.2765617616837088,-1.3182420510168371,-1.4000611153196139,-1.3078015951139772,-1.3986055122719576,-1.1606689862534056,-1.2679114584199251,-1.3258176636680326,-1.176005207095135,-0.8850668158886104,-1.2490457723982544,-1.1071487177940904,-0.982793723247329,-0.19739555984988075,0.19739555984988075,0.3805063771123649,0.7853981633974483,0.7853981633974483,0.7419472680059175
-1.633215136790854,0.0,1.7247409912532465,1.8559140619674928,1.892546881191539,2.06776493167395,1.8545904360032244,1.6721428300605643,1.5291537476963082,1.7748143063874453,1.7105052010840602,1.750649826587375,1.3971251284533228,1.446441332248135,1.3455195475808412,1.5503909961083586,1.6142472221864275,1.687905071361761,1.5707963267948966,1.9591150449673627,1.97568811307998,2.4149503129080676,2.8501358591119264,-2.976443976175166,2.999695598985629,-2.958481836327309,-3.0535852800620527,0.0,0.0,0.0,0.0,0.0,0.0,0.0,0.0,0.0,0.0,0.0,0.07130746478529032,0.05167808448243,0.031239833430268277,-0.029403288204005115,0.039978687123290044,-0.08673833867598511,0.013697773372865788,-0.12246105741734142,-0.05058970876938464,0.06548002492346482,-0.033885329904117606,0.09406123462798634,0.06241880999595735,0.07677189126977804,0.07304056530311932,0.6022873461349642,0.4636476090008061,-0.09966865249116202,0.8519663271732721,1.0516502125483738,1.2220253232109897,2.356194490192345,2.0647376957144776,1.7440419932472615,1.7738415440483617,1.8717165611553217
2.4936206356892883,0.0,-2.5535900500422257,-2.677945044588987,-2.6954871046463897,-2.7069224384405484,-2.9708574421145104,-2.774418819771574,-2.9195107516843133,-2.8305943729842524,-2.9516043656710775,-3.011890116433881,-2.90604767286893,-2.976443976175166,-3.0828368308740703,-2.907849472720892,-3.036715714859559,-3.0090411212931194,-3.070285188804503,-2.7367008673047097,-2.356194490192345,-2.0344439357957027,-1.8157749899217608,-1.2924966677897853,-1.1071487177940904,-0.9097531579442097,-0.960070362405688,0.0,0.0,0.0,0.0,0.0,0.0,0.0,0.0,0.0,0.0,0.0,1.3654009376051293,1.3909428270024184,1.3521273809209546,1.2827408797442708,1.2827408797442708,1.2924966677897853,1.39408747072486,1.3339475658479765,1.2924966677897853,1.446441332248135,1.3258176636680326,1.2068173702852525,1.4840579881189115,1.396124127786657,1.7126933813990606,1.4801364395941514,1.8157749899217608,1.2490457723982544,2.214297435588181,2.5213431676069717,2.677945044588987,-2.601173153319209,-2.761086276477428,-2.961739153797315,3.141592653589793,-2.6135182051634334
-2.210884479556643,0.0,-3.079173843593836,-3.04467502579543,-2.8349163341881103,-2.9841757808632026,-3.0535852800620527,3.141592653589793,3.125720970598003,3.1264422977150232,2.9876479891314434,2.9572682446900944,2.8501358591119264,3.006821369112062,2.9634997153585956,2.948381169741987,2.8480036661810435,-3.0451188784072065,-2.988943325194528,-2.8577985443814655,-2.609868586330988,-2.0647376957144776,-1.837048375945822,-1.6207547225168393,-1.4758446204521403,-1.2360594894780819,-1.2827408797442708,0.0,0.0,0.0,0.0,0.0,0.0,0.0,0.0,0.0,0.0,0.0,1.2060615125304832,1.0557235097761148,1.1361261116456518,1.0229327952930611,1.035376784858271,1.0799445463968773,1.1197266708063731,1.0460005551447893,1.069192272605776,1.1220729827841756,1.0246297633611088,1.2138843904432262,1.177345688865961,1.1071487177940904,0.9638086627484886,1.3156139361740782,1.4876550949064553,1.4382447944982226,1.7359450042095235,1.7681918866447774,2.2455372690184494,2.662073361597197,3.0309354324158977,-3.026716048172894,-3.0419240010986313,-2.9562447035940984
-2.2355708216122423,0.0,2.5192897824025855,2.4099062194955776,2.1538728618140413,2.3925421112113656,2.457883341955422,2.3046936792411192,2.1625724973363996,2.082352453965202,2.158798930342464,2.091934470279015,2.26945615151636,2.0344439357957027,2.17084654019665,2.1995926132103296,2.2686991493899535,2.0749622882740497,2.459276098715045,2.356194490192345,-3.058451421701352,3.0828368308740703,-2.8501358591119264,-2.44685437739309,-1.9591150449673627,-2.095592098445004,-1.9138202672156,0.0,0.0,0.0,0.0,0.0,0.0,0.0,0.0,0.0,0.0,0.0,0.18131977440149022,0.12246105741734142,-0.0461211160145112,0.07233733053859498,0.09306372872441795,0.07561314323682984,0.1283232276857948,0.13800602365751946,0.08800737352774077,0.26916749278570046,0.23210383807515567,0.21655030497608926,0.17841049935104036,0.25615138256560344,0.36574730126234445,0.1920480172407301,0.348771003583907,0.3671738338182192,1.1309537439791604,1.5707963267948966,1.5707963267948966,1.9890206563741257,1.9055331641117113,2.0940746489268722,2.44293282886833,2.0803885916038225
0.3156156620387663,0.0,-2.922923707715851,-2.677945044588987,-2.158798930342464,-1.4382447944982226,-1.5707963267948966,-0.8760580505981934,-1.3521273809209546,-1.1071487177940904,-0.9652516631899266,-1.1659045405098132,-1.2679114584199251,-1.1583858851975093,-1.373400766945016,-1.1071487177940904,-1.1441688336680205,-0.7454194762741583,-0.7328151017865066,-0.8176450458327023,-0.7454194762741583,-0.6747409422235526,-0.3028848683749714,-0.260602391747341,0.4182243295792291,0.507098504392337,0.3805063771123649,0.0,0.0,0.0,0.0,0.0,0.0,0.0,0.0,0.0,0.0,0.0,-0.5880026035475675,-0.35877067027057225,-1.2490457723982544,-1.2924966677897853,-1.4940244355251187,-1.6475682180646747,-1.7359450042095235,-1.8417431771333173,-1.9890206563741257,-1.9040406279065694,-2.14717154738608,-2.1401095178955587,-2.1995926132103296,-2.1401095178955587,-2.1486982637571423,-2.408777551803287,-2.356194490192345,-2.5065659181994793,-2.7069224384405484,-2.5636907166275478,-2.5065659181994793,-2.6387494426619322,-2.729182211992406,-2.8068558162729786,-3.036715714859559,-2.403777593469328
-0.32811989501530536,0.0,2.4149503129080676,1.5707963267948966,1.849095985800008,-1.373400766945016,2.5535900500422257,3.141592653589793,-2.0736395377227574,-1.3258176636680326,-1.8313987185422376,-1.9163519073766087,-1.6262948320406134,-1.8157749899217608,-1.1801892830972098,-1.313472611823808,-1.2753554896511765,-1.3258176636680326,-0.9944211062037129,-0.8960553845713439,-0.6055446636049701,-0.960070362405688,-0.2551823906208184,-0.07130746478529032,0.21866894587394195,-0.1746721990082397,0.6435011087932844,0.0,0.0,0.0,0.0,0.0,0.0,0.0,0.0,0.0,0.0,0.0,-2.214297435588181,-2.214297435588181,-2.782821983319221,-3.058451421701352,2.774418819771574,2.8632929945846817,-3.0860941483440762,-2.843093722003614,2.761086276477428,2.8685839505030826,2.969401839066854,2.694072678432623,2.8828217616260954,2.471071095609244,2.5283853047152838,2.8809902618424523,2.616796881939686,2.453921397551064,2.62244653934327,2.518393323655727,2.317751900171157,2.539305307454829,2.62244653934327,2.611376880813163,2.5065659181994793,2.4668517113662407
-2.825976991551027,0.0,0.982793723247329,0.7853981633974483,1.4801364395941514,2.1112158270654806,1.7681918866447774,2.1112158270654806,2.5702551737561663,2.5535900500422257,2.399645385583876,2.396173177315635,2.743070207923373,1.9513027039072615,2.2706891965141405,2.593043251139265,2.5360479899848234,2.356194490192345,2.539305307454829,2.654693421778524,2.804917834203066,2.8842689386187046,3.0890095919788516,-2.838707785214822,-2.896613990462929,-2.5360479899848234,-2.746801533890032,0.0,0.0,0.0,0.0,0.0,0.0,0.0,0.0,0.0,0.0,0.0,3.141592653589793,-2.8632929945846817,2.4668517113662407,2.761086276477428,2.746801533890032,2.44685437739309,2.0988707752212563,2.060753653048625,1.6207547225168393,1.8281200417659853,1.7359450042095235,1.6092389168160846,1.6030432092301505,1.4288992721907328,1.6064954394742206,1.5337762109209665,1.6052654277944047,0.9179496956941223,0.9097531579442097,1.2490457723982544,0.8621700546672264,1.1263771168937977,1.0164888305933455,0.8308214428190254,0.7853981633974483,1.1071487177940904
-0.9090248259535488,0.0,0.0,-0.6435011087932844,0.14189705460416394,-0.3805063771123649,1.3045442776439713,1.2490457723982544,2.158798930342464,1.3909428270024184,1.4801364395941514,1.4801364395941514,1.784857010358718,1.5707963267948966,1.8417431771333173,1.873681195169868,1.97568811307998,2.2455372690184494,2.427501954977635,2.293775680196388,2.701750070774057,2.79856871316909,3.0309354324158977,3.064820762320015,3.141592653589793,-2.677945044588987,-2.214297435588181,0.0,0.0,0.0,0.0,0.0,0.0,0.0,0.0,0.0,0.0,0.0,1.1902899496825317,2.158798930342464,0.982793723247329,0.8760580505981934,0.24497866312686414,0.0,0.6747409422235526,0.1746721990082397,0.18822150530477075,0.2551823906208184,0.07677189126977804,0.22679884805388587,0.1470783553884025,0.1283232276857948,0.09966865249116202,-0.3217505543966422,-0.28379410920832787,-0.1586552621864014,-0.40024065703397416,-0.10308160852270024,-0.3805063771123649,0.04542327942157701,-0.3868757177310281,-0.30587887140485215,-0.3392926144540447,-1.0040671092713902
-0.3185556770880671,0.0,-1.176005207095135,-0.7853981633974483,-1.5707963267948966,-0.09065988720074511,1.2490457723982544,0.5880026035475675,0.06241880999595735,0.13255153229667402,0.5123894603107377,0.5880026035475675,0.5404195002705842,0.5743048301747018,0.4844779290370232,0.4297622790966885,0.21406068356382152,0.6107259643892086,0.8760580505981934,0.8176450458327023,0.8884797719201485,0.982793723247329,1.0460005551447893,1.396124127786657,1.9295669970654687,2.1421338066285234,2.0701430484750265,0.0,0.0,0.0,0.0,0.0,0.0,0.0,0.0,0.0,0.0,0.0,0.9505468408120752,0.8621700546672264,0.5404195002705842,0.5585993153435624,-0.4636476090008061,-0.49394136891958124,-0.4993467216801301,-0.8818719385800352,-0.4636476090008061,-0.8621700546672264,-0.6107259643892086,-0.8408966686431651,-0.9652516631899266,-0.8353565591193911,-1.1583858851975093,-1.0636978224025597,-0.9380474917927135,-1.0636978224025597,-1.1618884978439712,-1.4827889532671559,-1.0603080048781208,-1.069192272605776,-1.2870022175865687,-1.8018869939907938,-1.373400766945016,-1.4181469983996315
-1.4891599846658266,0.0,0.6610431688506869,0.7509290623979403,0.7266423406817256,0.7853981633974483,0.7853981633974483,0.8198672643969563,0.714090698612158,0.6747409422235526,0.6528466311007743,0.6022873461349642,0.5317240672588056,0.5280744484263596,0.6327488350021832,0.7378150601204649,0.5880026035475675,0.6610431688506869,0.6435011087932844,1.460139105621001,1.1071487177940904,1.7359450042095235,2.129395642138459,1.9890206563741257,2.0778948311872334,2.137525544318403,2.3036114285814033,0.0,0.0,0.0,0.0,0.0,0.0,0.0,0.0,0.0,0.0,0.0,-0.47835243137865757,-0.507098504392337,-0.5349550737860964,-0.5404195002705842,-0.5800027742076809,-0.5961991412974801,-0.5729661428887062,-0.6986598247214632,-0.705568177685211,-0.7188299996216245,-0.7610127542247298,-0.7266423406817256,-0.7853981633974483,-0.7509290623979403,-0.702256931509007,-0.43240777557053783,-0.2662520491509254,-0.16514867741462683,0.09065988720074511,0.3805063771123649,0.5880026035475675,0.960070362405688,0.5280744484263596,0.83798122500839,0.8567056281827387,0.7419472680059175
3.1290933045704317,0.0,-1.6207547225168393,-1.382574821490126,-1.373400766945016,-1.4840579881189115,-1.4288992721907328,-1.6614562139956417,-1.5291537476963082,-1.382574821490126,-1.5232132235179132,-1.6262948320406134,-1.5182132651839548,-1.7033478590915707,-1.5042281630190728,-1.6756732655251305,-1.5707963267948966,-1.3909428270024184,-1.373400766945016,-1.1902899496825317,-0.6747409422235526,-0.7086262721276703,-0.4636476090008061,-0.3217505543966422,0.21866894587394195,-0.16514867741462683,-0.15264932839526515,0.0,0.0,0.0,0.0,0.0,0.0,0.0,0.0,0.0,0.0,0.0,-2.7547169358587653,-2.810496576885661,-2.819842099193151,-2.8023000391357487,-2.9286543040103963,-2.9669204545815537,-3.0035866299322738,-2.9168814851751503,-2.981679530431574,-3.017237659043032,-3.0090411212931194,-2.994514298201391,-2.992702705980296,-2.804917834203066,-2.761086276477428,-2.7091848780192556,-2.5535900500422257,-2.5308666892005847,-2.158798930342464,-1.892546881191539,-1.7681918866447774,-1.7126933813990606,-1.7359450042095235,-1.6756732655251305,-1.6262948320406134,-1.5182132651839548
2.316215803069055,0.0,-1.1284221038181517,-1.0584068664841588,-1.1309537439791604,-0.8818719385800352,-1.0040671092713902,-1.1071487177940904,-1.0882830317724197,-0.982793723247329,-1.2220253232109897,-1.1801892830972098,-1.2679114584199251,-1.2847448850775784,-1.0714496051147666,-1.2220253232109897,-1.176005207095135,-0.9420000403794636,-0.7188299996216245,-0.7853981633974483,-0.8760580505981934,-0.35877067027057225,-0.6747409422235526,0.2914567944778671,0.0,0.0,0.5585993153435624,0.0,0.0,0.0,0.0,0.0,0.0,0.0,0.0,0.0,0.0,0.0,-2.1010120995715265,-2.184003675669406,-2.2318394956455836,-2.2318394956455836,-2.2996510532475276,-2.334921104168284,-2.471071095609244,-2.394637080213533,-2.439335722080786,-2.2404352724715344,-2.5636907166275478,-2.4668517113662407,-2.5065659181994793,-2.393214606066275,-2.2655346029916,-2.1763409903998667,-1.8622531212727638,-2.1112158270654806,-1.2793395323170296,-1.3101939350475555,-1.1071487177940904,-1.1441688336680205,-1.2679114584199251,-0.9505468408120752,-1.2277723863741932,-0.8621700546672264
1.892546881191539,0.0,0.0,-0.1297025371559121,-0.13552771398550073,-0.13552771398550073,-0.09065988720074511,-0.11487660541689913,0.0,-0.05258306161094172,-0.15660187698201536,-0.20749622643520266,-0.260602391747341,-0.3947911196997615,-0.13255153229667402,-0.22679884805388587,-0.348771003583907,-0.07677189126977804,0.0,0.09966865249116202,0.5585993153435624,1.1071487177940904,0.8519663271732721,0.5880026035475675,0.8519663271732721,1.1525719972156676,1.1383885512243588,0.0,0.0,0.0,0.0,0.0,0.0,0.0,0.0,0.0,0.0,0.0,-1.2387368592520112,-1.2924966677897853,-1.1210367137250576,-1.2847448850775784,-1.31910635503671,-1.3439974787410107,-1.489892227639666,-1.5083775167989393,-1.5707963267948966,-1.4711276743037347,-1.5337762109209665,-1.4382447944982226,-1.6124389058934852,-1.2793395323170296,-1.4056476493802699,-1.3854483767992019,-1.5707963267948966,-1.176005207095135,-0.5191461142465229,-0.4636476090008061,-0.11065722117389565,0.06656816377582381,0.0,0.0,0.0,0.11710874456686428
2.7945310500503027,0.0,2.0344439357957027,2.393214606066275,2.0831857871056343,2.158798930342464,1.4940244355251187,2.3191743743184148,2.223642957895671,2.5269297016676275,2.356194490192345,1.892546881191539,2.0344439357957027,2.214297435588181,1.7454685258031364,2.356194490192345,3.050932766389048,2.819842099193151,2.4227626539681686,2.0344439357957027,-1.4288992721907328,2.5829933382462307,-3.070285188804503,-2.214297435588181,-2.5213431676069717,-2.5535900500422257,-2.20354516179708,0.0,0.0,0.0,0.0,0.0,0.0,0.0,0.0,0.0,0.0,0.0,-0.24497866312686414,-0.22923193327699534,-0.21109333322274654,-0.08673833867598511,-0.15037142800713454,0.034469100999508014,-0.23109066719589708,0.037020115873930025,-0.372987721800061,-0.40489178628508343,0.04164257909858842,0.2942345651111878,0.3906070436976868,-0.5191461142465229,1.039072259536091,0.8960553845713439,0.7853981633974483,-0.07677189126977804,2.356194490192345,1.1071487177940904,-0.4636476090008061,2.961739153797315,1.3439974787410107,2.432966381462123,2.984990776607778,1.6233793884058383
-0.32811989501530536,0.0,2.4805494847391065,2.399645385583876,2.4186133001883023,1.97568811307998,1.941687615607559,1.7033478590915707,1.7004988639508087,1.6539375586833378,1.5083775167989393,1.892546881191539,1.446441332248135,1.7359450042095235,1.4994888620096063,1.1441688336680205,1.0768549578753155,1.3258176636680326,-0.24497866312686414,2.0831857871056343,2.356194490192345,2.601173153319209,-2.677945044588987,2.3086113869153615,2.0899424410414196,2.356194490192345,2.729182211992406,0.0,0.0,0.0,0.0,0.0,0.0,0.0,0.0,0.0,0.0,0.0,2.356194490192345,2.214297435588181,2.1962813670341257,2.0701430484750265,1.9333405640594041,2.0054665419441413,1.7539071440573808,1.4288992721907328,1.8157749899217608,1.6775319994440323,1.2277723863741932,1.3854483767992019,1.8449637779145553,1.5707963267948966,1.8157749899217608,0.4636476090008061,1.0516502125483738,2.356194490192345,2.729182211992406,-1.695151321341658,2.332942867381882,2.2318394956455836,2.1421338066285234,2.452668265374932,2.5535900500422257,2.356194490192345
2.55923970744581,0.0,-2.007423486608438,-1.9074711461816238,-1.9936502529278373,-1.856847768512215,-2.0778948311872334,-1.9614033704925835,-2.432966381462123,-1.804539507663798,-2.137525544318403,-1.6207547225168393,-1.7359450042095235,-1.3439974787410107,-2.4756234162106834,-1.6373644905707205,1.5707963267948966,-1.5707963267948966,-0.9272952180016122,-2.0344439357957027,-1.460139105621001,-0.9505468408120752,-0.7853981633974483,-0.09065988720074511,-1.2120256565243244,-1.0714496051147666,-0.5880026035475675,0.0,0.0,0.0,0.0,0.0,0.0,0.0,0.0,0.0,0.0,0.0,2.5308666892005847,2.5127963671743605,2.5625183842220625,2.432966381462123,2.5959375990628013,2.5535900500422257,2.3062360944704023,2.295046327543044,2.292451177659658,2.2730532583039036,2.425849063920913,2.9340964271545906,2.4227626539681686,2.3291740410050803,1.4056476493802699,-3.0309354324158977,-1.5707963267948966,2.838707785214822,2.961739153797315,2.62244653934327,-0.6747409422235526,-2.223642957895671,2.782821983319221,-2.4227626539681686,-1.4711276743037347,-1.892546881191539
-0.32811989501530536,0.0,0.9536049352545344,0.7853981633974483,1.0829598881352542,1.0957855705297999,1.2490457723982544,1.0697829399913072,1.025141272267905,0.9760370693115438,0.8345388978134685,0.7853981633974483,0.7568345055586884,0.8398896196381795,0.6659692373791098,0.9397169393235674,0.7354397676755056,0.8465463260467495,1.124690777851493,0.8960553845713439,1.1801892830972098,1.0516502125483738,1.8157749899217608,1.7782925532300993,2.0169018757383004,1.8692952583810758,2.129395642138459,0.0,0.0,0.0,0.0,0.0,0.0,0.0,0.0,0.0,0.0,0.0,0.12010873556691289,0.042830932668727326,0.07030646411862446,-0.05627853628876196,-0.05400150037596829,-0.02702044918726479,-0.1950202674049214,-0.2847304385227122,-0.14756807131399477,-0.2914567944778671,-0.14888994760949725,-0.2405342479459046,-0.33261969157391236,-0.48689923181126904,-0.12435499454676144,0.060532019782107135,0.3217505543966422,0.4844779290370232,0.15264932839526515,0.3392926144540447,0.4844779290370232,0.6202494859828215,1.3156139361740782,0.6947382761967031,0.8960553845713439,1.241171919374154
-0.32811989501530536,0.0,2.4897235392842165,2.300695984946628,2.604681910849748,2.636731281930667,2.44685437739309,2.2455372690184494,2.3228734943140976,1.9576720445259248,2.123637548387436,2.452668265374932,2.5259727641606835,2.1025203940537023,2.2822554525344048,2.166995468092377,2.356194490192345,2.279422598922567,2.310771210770768,2.5535900500422257,2.714965160462917,2.770701364777131,-3.0828368308740703,-3.050932766389048,-2.875340604438868,-2.2367655641740063,-2.677945044588987,0.0,0.0,0.0,0.0,0.0,0.0,0.0,0.0,0.0,0.0,0.0,1.4219063791853994,1.3521273809209546,1.244997211522226,1.2446405145514436,1.257520145801225,1.1383885512243588,1.2231894670389947,1.053308585820788,1.0405805540182667,1.0939044591293614,1.059240199624591,1.1341691669813554,1.0808390005411683,1.0951011079399045,1.4108832036366774,1.015302591529353,1.3521273809209546,1.8157749899217608,1.5152978215491797,2.137525544318403,1.9347752833045406,2.2191283158821573,2.2848870254070546,2.2706891965141405,2.4053352246083652,2.573068105858753
-0.32811989501530536,0.0,-2.8442275083658695,-2.4756234162106834,-3.113028995751033,-2.0899424410414196,-2.6201582138180495,-2.0844023315176456,-3.0419240010986313,-2.677945044588987,-2.388441372627599,-2.539305307454829,-3.0221637275714546,-2.647651284670212,-2.6954871046463897,-2.6066375798036967,-2.774418819771574,-2.875340604438868,-2.5702551737561663,-1.849095985800008,-1.4711276743037347,-2.0647376957144776,-1.7359450042095235,-1.8804992713373527,-1.8766751981997487,-1.3521273809209546,-1.6814535479687922,0.0,0.0,0.0,0.0,0.0,0.0,0.0,0.0,0.0,0.0,0.0,2.4049363415022764,2.4584012082995983,2.333975924865626,2.3046936792411192,2.1715101101058902,2.2430435086018603,2.2115800509724046,2.1815222911841055,2.2332226206280477,2.198425752596391,2.158798930342464,2.1833338834052,2.0844023315176456,2.223642957895671,1.9693187724613168,2.356194490192345,2.327630832353585,2.9441970937399127,-2.711830374493105,2.8501358591119264,-2.7776136970801493,-3.079173843593836,-3.017237659043032,-3.0309354324158977,-2.8555412118724752,-2.23399931950099
0.3156156620387663,0.0,0.507098504392337,0.2662520491509254,1.1071487177940904,2.356194490192345,1.7359450042095235,1.2924966677897853,2.2455372690184494,2.3086113869153615,1.9379701606131159,2.129395642138459,2.0533096218173736,3.141592653589793,2.3191743743184148,2.616796881939686,3.024483909022929,2.498091544796509,3.0750244898139694,3.036715714859559,2.770701364777131,-2.5829933382462307,3.141592653589793,2.9441970937399127,-2.642245931909663,-2.2318394956455836,-2.20354516179708,0.0,0.0,0.0,0.0,0.0,0.0,0.0,0.0,0.0,0.0,0.0,2.158798930342464,2.356194490192345,2.601173153319209,0.7853981633974483,1.892546881191539,1.176005207095135,1.4994888620096063,0.3671738338182192,0.7853981633974483,0.6747409422235526,1.0563450137358688,0.3217505543966422,0.982793723247329,0.5585993153435624,0.10487693873023389,0.8124186125847132,0.7266423406817256,0.6146629519221655,0.2860514417173182,0.039978687123290044,0.11487660541689913,0.5743048301747018,0.2860514417173182,0.30587887140485215,0.13255153229667402,0.7853981633974483
1.512040504079174,0.0,1.2120256565243244,1.9890206563741257,2.0032041023654346,1.892546881191539,-0.21866894587394195,-3.0419240010986313,-2.214297435588181,3.141592653589793,2.761086276477428,-2.8685839505030826,2.4186133001883023,-2.8864102629689747,-2.8809902618424523,3.0828368308740703,3.1016139664665032,2.976443976175166,-2.65711472455277,-2.601173153319209,-2.5948038127005457,-2.4668517113662407,-1.8417431771333173,-2.356194490192345,-2.0899424410414196,-2.0344439357957027,-1.9614033704925835,0.0,0.0,0.0,0.0,0.0,0.0,0.0,0.0,0.0,0.0,0.0,2.930499320367047,-2.0344439357957027,-2.819842099193151,-2.922923707715851,2.0344439357957027,2.896613990462929,2.999695598985629,2.761086276477428,2.6992184306130484,2.6344941491974563,2.459276098715045,2.642245931909663,1.7818896600176433,2.561589879382112,2.3086113869153615,2.3774678762164063,1.878849107818673,1.5707963267948966,1.8622531212727638,1.8295672187585943,1.6142472221864275,1.849095985800008,1.4382447944982226,1.7033478590915707,1.3078015951139772,1.5707963267948966
-2.301304627598191,0.0,2.896613990462929,-2.838707785214822,2.498091544796509,3.141592653589793,-0.3217505543966422,-2.593043251139265,-1.4801364395941514,-0.6747409422235526,-1.8662371639386166,-1.4801364395941514,-1.9138202672156,-1.804539507663798,-1.727398203776912,-1.1964627107873127,-1.6856729322117958,-1.5152978215491797,-1.2924966677897853,-1.0074800653029286,-0.960070362405688,-0.5317240672588056,-0.7853981633974483,-0.40489178628508343,-0.7853981633974483,-0.24497866312686414,0.4636476090008061,0.0,0.0,0.0,0.0,0.0,0.0,0.0,0.0,0.0,0.0,0.0,-1.5707963267948966,-2.1815222911841055,-2.129395642138459,-2.642245931909663,-3.0828368308740703,2.930499320367047,-2.838707785214822,-2.8577985443814655,-3.046640947247037,3.1016139664665032,2.8879185574511506,3.048115872431204,2.714965160462917,2.642245931909663,2.9441970937399127,2.611376880813163,2.904743892642873,2.485897027348257,2.810496576885661,2.5453935122923133,2.436024475904582,2.473303234759209,2.408777551803287,2.6387494426619322,2.6992184306130484,2.729182211992406
-0.8176450458327023,0.0,2.714965160462917,2.2318394956455836,2.7367008673047097,2.961739153797315,-1.2490457723982544,-1.849095985800008,-1.1071487177940904,-1.6233793884058383,-2.2655346029916,-1.6614562139956417,-1.8622531212727638,-1.6756732655251305,-1.4940244355251187,-1.6142472221864275,-1.5273454314033659,-1.2597980461893556,-1.2490457723982544,-1.356735643231075,-0.8408966686431651,-0.982793723247329,-0.628796286415433,-0.3947911196997615,-0.5713374798336268,0.18534794999569476,-0.06656816377582381,0.0,0.0,0.0,0.0,0.0,0.0,0.0,0.0,0.0,0.0,0.0,-1.8622531212727638,-2.4756234162106834,-2.356194490192345,2.723368324010564,-2.761086276477428,3.064820762320015,2.79856871316909,3.0890095919788516,2.714965160462917,3.141592653589793,2.976443976175166,2.7547169358587653,2.8461518164460733,2.8577985443814655,2.6292031932790554,2.4925970945932923,2.403777593469328,2.439335722080786,2.664247271216121,2.5899376710612465,2.234842489621581,2.782821983319221,2.4227626539681686,2.429235055495464,2.9441970937399127,2.2455372690184494
-1.8759213347918609,0.0,2.774418819771574,3.024483909022929,3.141592653589793,-3.0090411212931194,-2.677945044588987,-1.892546881191539,3.0419240010986313,-2.4668517113662407,-2.485897027348257,-2.2058230621852104,-2.1224513093234436,-1.892546881191539,-1.9974238199217726,-2.0701430484750265,-1.8417431771333173,-1.7004988639508087,-2.0032041023654346,-2.0344439357957027,-1.373400766945016,-1.6233793884058383,-1.4876550949064553,-1.1659045405098132,-0.5280744484263596,-0.9272952180016122,-0.3671738338182192,0.0,0.0,0.0,0.0,0.0,0.0,0.0,0.0,0.0,0.0,0.0,-1.2220253232109897,-1.6614562139956417,-1.3258176636680326,-2.819842099193151,-2.3191743743184148,-3.0090411212931194,-2.5360479899848234,-2.896613990462929,-2.9105019863938963,-2.8685839505030826,2.961739153797315,-2.8706458032513726,-3.038511045067093,2.8632929945846817,3.046640947247037,2.995580395878518,2.9441970937399127,2.7722589959161676,3.1031500635686053,2.6271413405307653,2.761086276477428,3.017237659043032,2.62244653934327,1.9693187724613168,2.578276392097825,1.9936502529278373
1.3499675570655483,0.0,2.3036114285814033,2.922923707715851,1.9513027039072615,2.0344439357957027,2.0533096218173736,2.459276098715045,1.8766751981997487,1.8438050298816073,1.9936502529278373,1.9591150449673627,1.4909663410826592,1.9832067683922838,2.0988707752212563,1.3045442776439713,1.5707963267948966,1.4056476493802699,1.5042281630190728,1.2793395323170296,1.8157749899217608,2.356194490192345,2.8632929945846817,2.961739153797315,2.896613990462929,2.7367008673047097,2.896613990462929,0.0,0.0,0.0,0.0,0.0,0.0,0.0,0.0,0.0,0.0,0.0,1.6030432092301505,1.5405025668761214,1.4364748848419282,1.4247840690836213,1.331564726831236,1.2220253232109897,1.2490457723982544,1.1801892830972098,1.0612040619859708,0.9332475286562039,1.1659045405098132,0.9380474917927135,1.2847448850775784,1.2679114584199251,0.8960553845713439,1.0121970114513341,1.3045442776439713,1.633215136790854,1.8622531212727638,2.158798930342464,2.0344439357957027,1.7782925532300993,1.892546881191539,2.356194490192345,2.62244653934327,2.5899376710612465
1.512040504079174,0.0,0.03844259002118798,-1.0918827282473107,-1.4369853493203057,-1.3370531459259951,-0.8577354939360433,-1.1459641638755542,-0.6786624907483126,-1.16892567935444,-0.8884797719201485,-0.9137213910832431,-1.482140444927459,-1.089909046599561,-0.636508215787951,-1.4876550949064553,-0.906750163968212,-1.1071487177940904,-0.6823165548747481,-0.712357598094329,-1.176005207095135,0.09966865249116202,0.6435011087932844,0.11710874456686428,0.5743048301747018,0.6435011087932844,0.8097835725701669,0.0,0.0,0.0,0.0,0.0,0.0,0.0,0.0,0.0,0.0,0.0,-2.498091544796509,-2.5890083032990794,-2.4739270649964387,-2.624104912615685,-2.7308756904751212,-2.688526660210063,-2.7314653130483024,-2.8056250476636624,-2.640924928715057,-2.639502454567799,-2.8535372065391673,-2.653756214930151,-2.617673305904594,-2.443689830994736,-2.356194490192345,-2.5065659181994793,-1.9040406279065694,-2.1486982637571423,-2.1815222911841055,-1.0303768265243125,-1.4876550949064553,-1.0789871508061981,-2.1948193797716535,-0.9481255380378293,-2.0152155366959956,-1.460139105621001
0.504165961479153,0.0,-2.2929876582948845,-2.0899424410414196,-2.254505638429268,-2.7928216500058864,-1.892546881191539,-2.1538728618140413,-2.1465546443181323,-2.137525544318403,-2.1498705961626277,-2.937574673997245,-2.3855977783963502,-2.37314201999875,-2.305390786134123,-2.2763645044801075,-2.5535900500422257,-2.417342652841646,-2.6344941491974563,-1.9295669970654687,-1.3258176636680326,-1.7126933813990606,-1.0303768265243125,-1.4711276743037347,-0.5880026035475675,-1.1964627107873127,-0.9561333748727311,0.0,0.0,0.0,0.0,0.0,0.0,0.0,0.0,0.0,0.0,0.0,-3.0681953276881817,3.0018837793006297,3.0324391906809156,3.0419240010986313,2.957970327420513,2.9071769778659826,2.906580437869136,2.8147660006598527,2.797623533866432,2.8442275083658695,2.929160633081051,2.7908647053415896,2.9905773106684337,3.058451421701352,2.976443976175166,-2.761086276477428,-2.459276098715045,-2.819842099193151,-1.9862884227357873,-2.300695984946628,-2.578276392097825,1.5707963267948966,-2.5535900500422257,-2.32590073027357,-2.2390857456254807,-2.060753653048625
0.5693131911006619,0.0,0.3217505543966422,-0.021273386024061203,-0.2495869254369846,-0.13640260440094742,0.07982998571223732,0.20749622643520266,-0.3947911196997615,-0.5144513130590278,-0.3430239404207034,-0.26836621090590684,-0.6435011087932844,-0.5266272714337507,-0.5619215622568153,-0.515549007458979,-0.3970794452249823,-0.11065722117389565,-0.1746721990082397,-0.21866894587394195,0.0,0.4398425828157362,0.7853981633974483,0.702256931509007,1.2490457723982544,1.0714496051147666,1.1902899496825317,0.0,0.0,0.0,0.0,0.0,0.0,0.0,0.0,0.0,0.0,0.0,-1.059240199624591,-1.1540940660554981,-1.1818394466158897,-1.1955255039389392,-1.2942823801774226,-1.4149281253965742,-1.4529242235976803,-1.5850810693822932,-1.3882364736639898,-1.4168516623365468,-1.5522799247268875,-1.3208177053340742,-1.3439974787410107,-1.3948567013423687,-1.31910635503671,-0.992894389832651,-1.4994888620096063,-1.0121970114513341,-0.3217505543966422,-1.5707963267948966,-0.8329812666744317,-0.9453112865556675,-0.023805026185069942,-0.1586552621864014,0.3851575063634742,0.4756952188549921
2.6066375798036967,0.0,0.18216831047276347,0.9111675841579759,0.0,1.3838170568759856,1.1501329776618616,0.5763752205911837,1.0552473193359175,0.8029402234548508,0.7695264804056583,0.6857295109062863,0.6823165548747481,1.0768549578753155,0.36397895650964407,0.2914567944778671,0.348771003583907,1.1583858851975093,0.9357695914045828,1.237552025683224,1.6614562139956417,2.356194490192345,2.0106389096106327,2.403777593469328,2.0205559398647357,2.356194490192345,2.0131705497716417,0.0,0.0,0.0,0.0,0.0,0.0,0.0,0.0,0.0,0.0,0.0,-0.3168244858682192,-0.2942345651111878,-0.30373448584258683,-0.4760693303227612,-0.4572782683821429,-0.5341825749053843,-0.40122879900484876,-0.5601213841833931,-0.6747409422235526,-0.6316906343389693,-0.7086262721276703,-0.5052901880993945,-0.6483319890872606,-0.7086262721276703,-0.39852244566642026,-0.03569911267932397,-0.5404195002705842,0.3868757177310281,0.04345089539153084,0.21866894587394195,0.09495170634275632,0.8621700546672264,-0.047583103276983396,0.0,1.0659349551357702,0.21109333322274654
2.4056590587939364,0.0,2.9275319700259717,1.740574600763235,-2.875340604438868,3.0928508022798615,2.8263779538390823,2.976443976175166,-3.058451421701352,-2.9286543040103963,2.902361053626133,2.971814379621455,-2.7091848780192556,-2.6374266921106404,-2.968346987137428,-2.8370817703876807,2.498091544796509,-2.647651284670212,3.0090411212931194,-2.8555412118724752,3.0309354324158977,-1.750649826587375,-2.158798930342464,-1.7561442767905915,-1.382574821490126,-0.9944211062037129,-1.382574821490126,0.0,0.0,0.0,0.0,0.0,0.0,0.0,0.0,0.0,0.0,0.0,1.1139513339488993,1.0138948026893106,1.0182119765041826,1.1197266708063731,0.9634911016286458,1.0483928950783679,1.042721878368537,1.0303768265243125,1.1071487177940904,0.8737749495422971,1.0882830317724197,0.8818719385800352,1.0789871508061981,1.3321870042866957,1.80634130751576,2.356194490192345,2.129395642138459,1.8281200417659853,2.427501954977635,2.427501954977635,3.1016139664665032,2.645169900184911,2.8879185574511506,-1.8157749899217608,-2.8879185574511506,-3.110352820159525
3.141592653589793,0.0,-0.625485040239229,-0.5971766580926775,-1.2698760924344714,-1.1330050231533502,-1.5993599846336566,-1.856847768512215,-1.8224862985530834,-1.911775280291246,-1.396124127786657,-1.925501978805837,-2.0344439357957027,-1.449444326224133,-1.6183794300718801,-2.169215220273434,-2.1995926132103296,-2.1498705961626277,-1.5707963267948966,-1.8313987185422376,-0.982793723247329,-1.2315037123408519,-0.4844779290370232,-0.348771003583907,-0.5280744484263596,-0.24497866312686414,-0.21406068356382152,0.0,0.0,0.0,0.0,0.0,0.0,0.0,0.0,0.0,0.0,0.0,-2.4616837987174356,-2.451146196535101,-2.484203548865542,-2.608436948082163,-2.647651284670212,-2.747894429629769,-2.8241339183351624,-2.7308756904751212,-2.930499320367047,-2.896613990462929,-2.879879151188588,-2.8119682461690507,-2.840672419229368,-2.6590793585673165,-2.909035711784884,-2.8501358591119264,-2.5535900500422257,-1.965587446494658,-2.323947607757091,-2.5127963671743605,-1.9195673303788037,-0.6435011087932844,-1.8313987185422376,-1.7301479676988134,-1.473069419436178,-1.0074800653029286
-2.301304627598191,0.0,-0.08800737352774077,-0.8884797719201485,-1.2261490111768705,-0.5280744484263596,-1.1659045405098132,-0.5989112617302316,-0.8253768505207384,-0.1746721990082397,-1.09432890732119,-1.037952439175508,-1.750649826587375,-1.215160442494137,-0.9025069079643125,-1.3258176636680326,-0.9420000403794636,-1.2597980461893556,-0.7086262721276703,-1.0040671092713902,0.058755822715722696,-0.3805063771123649,0.05549850524571683,0.4182243295792291,0.12435499454676144,0.4844779290370232,0.5880026035475675,0.0,0.0,0.0,0.0,0.0,0.0,0.0,0.0,0.0,0.0,0.0,-1.314279714150573,-1.2807093944738686,-1.3292306196995707,-1.3550301303878542,-1.5291537476963082,-1.5978167759821613,-1.6528037723210822,-1.5993599846336566,-1.6738779353175968,-1.6243165952542118,-1.7046073042694874,-1.512040504079174,-1.878849107818673,-1.7415315382701795,-1.9195673303788037,-1.5083775167989393,-1.1232763516377267,-1.5707963267948966,-1.4288992721907328,-0.1470783553884025,-1.6475682180646747,-0.5693131911006619,-0.45430208669331623,-0.34555558058171215,-0.56852454773104,-0.09275632018814374
0.8402880259916021,0.0,-1.9922155336827008,2.8828217616260954,-2.930499320367047,-1.800028260071892,-2.8572078769959344,-2.7339611481321664,-2.0432932623119604,-2.981679530431574,-2.4905159321453136,-2.2822554525344048,-2.9488918949274074,-2.5308666892005847,-2.6442499372429706,-2.654693421778524,-2.432966381462123,-2.455863142683507,-2.609868586330988,-2.4668517113662407,-2.819842099193151,-1.7359450042095235,-1.8313987185422376,-1.1978086049948355,-1.208252089530389,-1.1606689862534056,-1.1659045405098132,0.0,0.0,0.0,0.0,0.0,0.0,0.0,0.0,0.0,0.0,0.0,2.323239392578047,2.286998211573762,2.208757326064407,2.1279207169542924,2.1086318534883253,2.0917061076431125,2.1193457292454245,2.1137474672264895,2.1276978509004825,2.0831857871056343,2.0874914655571737,2.0988707752212563,2.1939956567289625,2.429235055495464,2.0516836069902324,2.2848870254070546,-3.036715714859559,2.8083483524781205,3.024483909022929,-2.761086276477428,-2.7722589959161676,2.5959375990628013,-2.5040438554511004,2.819842099193151,2.9562447035940984,-2.778445643643617
-1.8759213347918609,0.0,1.825978717415715,1.4288992721907328,2.340322807200555,2.0344439357957027,2.015812551550438,1.4016951007935197,1.9936502529278373,1.8157749899217608,2.3036114285814033,2.158798930342464,2.516107613350564,2.6260436461308143,1.9138202672156,1.7975951748487824,1.7429871413178357,2.0533096218173736,2.6135182051634334,2.1486982637571423,2.819842099193151,-2.6344941491974563,-2.843093722003614,-2.2730532583039036,-2.1224513093234436,-2.000558605891585,-2.388441372627599,0.0,0.0,0.0,0.0,0.0,0.0,0.0,0.0,0.0,0.0,0.0,-0.12246105741734142,-0.050803704058221655,-0.13835097017712528,-0.0779666338315423,-0.06484402755320674,-0.07233733053859498,-0.20304521725346514,-0.13158814145792064,0.0,-0.19739555984988075,0.08454375551299814,0.01817981507297828,0.01999733397315053,0.024385409172718538,-0.14888994760949725,0.3752708228559573,0.8960553845713439,0.05258306161094172,1.1902899496825317,2.251317551462111,1.709892268276968,1.4758446204521403,1.80634130751576,2.62244653934327,1.7798192696011612,1.4909663410826592
-0.32811989501530536,0.0,2.835713782184941,3.0860941483440762,3.141592653589793,3.0309354324158977,3.036715714859559,3.058451421701352,3.036715714859559,2.6971734436886945,2.8501358591119264,2.819842099193151,2.6971734436886945,2.838707785214822,2.5535900500422257,2.7509856098921066,2.485897027348257,2.896613990462929,2.6344941491974563,3.017237659043032,-2.5213431676069717,-2.896613990462929,-2.9441970937399127,-2.62244653934327,-2.5308666892005847,-2.408777551803287,-2.1763409903998667,0.0,0.0,0.0,0.0,0.0,0.0,0.0,0.0,0.0,0.0,0.0,2.1224513093234436,2.022249418347451,1.9890206563741257,1.892546881191539,1.8525681940682488,1.885028225879235,1.9154436424129229,1.8224862985530834,1.8018869939907938,1.911775280291246,1.7211677548020312,1.849095985800008,1.9055331641117113,2.173083672929861,2.0344439357957027,2.2367655641740063,2.2264919530364327,2.4756234162106834,2.6292031932790554,2.44685437739309,2.7091848780192556,2.5360479899848234,2.774418819771574,2.647651284670212,3.070285188804503,3.0750244898139694
-0.32811989501530536,0.0,-2.356194490192345,-2.601173153319209,-2.223642957895671,-2.1451011569695986,-2.38648825011112,-2.388441372627599,-2.390663591191853,-2.488746022489019,-2.356194490192345,-2.6387494426619322,-2.488746022489019,-2.616796881939686,-2.701750070774057,-2.677945044588987,-2.79856871316909,-2.498091544796509,-2.3036114285814033,-2.0344439357957027,-2.214297435588181,-1.892546881191539,-1.750649826587375,-1.4994888620096063,-1.1902899496825317,-1.6475682180646747,-1.4536875822280324,0.0,0.0,0.0,0.0,0.0,0.0,0.0,0.0,0.0,0.0,0.0,2.819842099193151,2.8370817703876807,2.7004131731748124,2.6344941491974563,2.7109001422032852,2.601173153319209,2.609868586330988,2.6888141817662574,2.4917222041778455,2.5702551737561663,2.662073361597197,2.5722794624891314,2.788602265762883,3.0060649396042924,2.8842689386187046,2.9147938055359073,3.0828368308740703,-3.0309354324158977,-3.070285188804503,-2.9441970937399127,-2.79856871316909,-2.6135182051634334,-2.677945044588987,-2.704965493776252,-2.4756234162106834,-2.5535900500422257
-0.32811989501530536,0.0,-0.7853981633974483,-1.1071487177940904,-0.9685089806599324,-0.8621700546672264,-1.2220253232109897,-1.0636978224025597,-0.960070362405688,-1.2610933822524404,-0.6659692373791098,-1.356735643231075,-1.176005207095135,-1.2847448850775784,-1.4876550949064553,-1.1999050379822342,-1.2924966677897853,-1.4288992721907328,-0.7188299996216245,-1.2924966677897853,-0.7853981633974483,-0.49394136891958124,-0.27829965900511133,-0.14189705460416394,0.17985349979247828,0.19739555984988075,0.058755822715722696,0.0,0.0,0.0,0.0,0.0,0.0,0.0,0.0,0.0,0.0,0.0,-2.295046327543044,-2.3386524301349425,-2.356194490192345,-2.4127379271371625,-2.5882983282675007,-2.408777551803287,-2.488746022489019,-2.593043251139265,-2.457883341955422,-2.417342652841646,-2.525295716193722,-2.4416997838705496,-2.427501954977635,-2.356194490192345,-2.321725389192837,-2.129395642138459,-1.849095985800008,-1.9100889412489412,-1.695151321341658,-1.6373644905707205,-1.4758446204521403,-1.7681918866447774,-1.5083775167989393,-1.2036224929766774,-1.2036224929766774,-1.7033478590915707
-0.9090248259535488,0.0,0.6022873461349642,0.18534794999569476,0.4398425828157362,0.23109066719589708,0.4228539261329407,0.5743048301747018,0.11065722117389565,0.21866894587394195,0.047583103276983396,0.29544083714372,-0.09966865249116202,-0.23109066719589708,0.15660187698201536,0.05549850524571683,0.07130746478529032,0.4636476090008061,0.3430239404207034,0.14189705460416394,0.507098504392337,1.0636978224025597,1.4288992721907328,1.3045442776439713,1.3909428270024184,1.687905071361761,1.4876550949064553,0.0,0.0,0.0,0.0,0.0,0.0,0.0,0.0,0.0,0.0,0.0,-0.7641247773733871,-0.9075933340888034,-0.8921338360465839,-1.0022717790638567,-1.0121970114513341,-1.1071487177940904,-1.0121970114513341,-1.169567527790048,-1.1071487177940904,-1.1341691669813554,-1.0014831356942346,-1.1606689862534056,-0.8124186125847132,-0.7853981633974483,-0.9561333748727311,-0.5667292175235064,-0.844153986113171,-0.18534794999569476,-0.5516549825285468,-0.27829965900511133,-0.21866894587394195,-0.4266274931268761,0.07130746478529032,0.09065988720074511,0.4636476090008061,0.7853981633974483
-0.3185556770880671,0.0,-1.9513027039072615,-1.8417431771333173,-2.060753653048625,-2.279422598922567,-2.173083672929861,-2.432966381462123,-1.892546881191539,-2.403777593469328,-2.312743594800814,-2.289626326416521,-2.356194490192345,-2.4227626539681686,-2.4756234162106834,-2.459276098715045,-2.403777593469328,-2.3036114285814033,-2.5360479899848234,-2.191045812777718,-1.9513027039072615,-1.2490457723982544,-1.2490457723982544,-1.4801364395941514,-1.8692952583810758,-1.0040671092713902,-0.982793723247329,0.0,0.0,0.0,0.0,0.0,0.0,0.0,0.0,0.0,0.0,0.0,3.050932766389048,3.048115872431204,3.064820762320015,2.976443976175166,3.0209689850096906,2.7901478595862415,2.819842099193151,2.677945044588987,2.831889709047337,2.843093722003614,3.058451421701352,2.7187387274568526,3.0940095503128098,2.8706458032513726,3.141592653589793,-3.0090411212931194,-2.9441970937399127,-2.782821983319221,-2.729182211992406,-2.2318394956455836,-2.137525544318403,-2.289626326416521,-2.5127963671743605,-2.485897027348257,-2.3036114285814033,-2.2367655641740063
1.9832067683922838,0.0,2.746801533890032,2.838707785214822,2.770701364777131,2.5702551737561663,2.6344941491974563,2.609868586330988,2.4227626539681686,2.5415424401880395,2.516107613350564,2.498091544796509,2.356194490192345,2.4668517113662407,2.4756234162106834,2.44685437739309,2.256525837701183,2.5360479899848234,2.8632929945846817,2.5829933382462307,2.8632929945846817,2.677945044588987,-3.0419240010986313,-2.8632929945846817,-2.4805494847391065,-2.5748634360662868,-2.5088438185876103,0.0,0.0,0.0,0.0,0.0,0.0,0.0,0.0,0.0,0.0,0.0,1.4247840690836213,1.3068326031691921,1.2329181385546182,1.1071487177940904,1.1722738811284763,1.1626472230398073,1.0957855705297999,1.1583858851975093,1.1324597669369387,1.1525719972156676,1.3078015951139772,1.1232763516377267,1.3258176636680326,1.4711276743037347,1.642103791580187,1.7681918866447774,1.8157749899217608,2.0032041023654346,2.316215803069055,1.9295669970654687,2.356194490192345,2.256525837701183,2.297438667476622,2.214297435588181,2.1995926132103296,2.1763409903998667
3.141592653589793,0.0,-2.5360479899848234,-2.439335722080786,-2.578276392097825,-2.2367655641740063,-2.293775680196388,-2.321725389192837,-2.439335722080786,-2.6344941491974563,-2.289626326416521,-2.677945044588987,-2.770701364777131,-2.8842689386187046,-2.654693421778524,-2.9562447035940984,-2.7509856098921066,-2.62244653934327,-2.498091544796509,-2.5535900500422257,-2.356194490192345,-2.0344439357957027,-1.460139105621001,-2.279422598922567,-1.7033478590915707,-1.5083775167989393,-1.633215136790854,0.0,0.0,0.0,0.0,0.0,0.0,0.0,0.0,0.0,0.0,0.0,2.714965160462917,2.7367008673047097,2.601173153319209,2.5032728455807476,2.5602124697848936,2.5468333961064404,2.539305307454829,2.3757998210495495,2.316215803069055,2.3774678762164063,2.543173760111256,2.4805494847391065,2.473303234759209,2.5308666892005847,2.774418819771574,3.0090411212931194,2.651635327336065,-2.651635327336065,-2.819842099193151,2.843093722003614,-2.896613990462929,-3.0309354324158977,-2.8809902618424523,-2.8023000391357487,-2.774418819771574,-2.5535900500422257
3.110352820159525,0.0,0.7328151017865066,0.9652516631899266,1.0768549578753155,0.8760580505981934,0.7531512809621944,0.9272952180016122,0.8478169733934057,1.299849476456476,0.6107259643892086,0.6747409422235526,0.8156919233162234,0.4899573262537283,0.702256931509007,0.4636476090008061,0.4636476090008061,0.6107259643892086,1.3258176636680326,1.1902899496825317,1.0516502125483738,2.0344439357957027,1.4940244355251187,1.8692952583810758,1.512040504079174,1.7894652726688385,2.0647376957144776,0.0,0.0,0.0,0.0,0.0,0.0,0.0,0.0,0.0,0.0,0.0,-0.19739555984988075,-0.23860932250820097,-0.27490984148067255,-0.31362065221669827,-0.3759609538713056,-0.3930580191819325,-0.35299038782691045,-0.549853182676585,-0.4145068745847859,-0.2942345651111878,-0.3625442372645076,-0.4228539261329407,-0.27829965900511133,-0.37089128881266237,-0.14189705460416394,0.07130746478529032,-0.09065988720074511,0.22679884805388587,0.24497866312686414,0.3430239404207034,0.3217505543966422,0.4182243295792291,-0.06656816377582381,0.6947382761967031,0.5585993153435624,0.6610431688506869
-0.4764674194737067,0.0,2.701750070774057,2.704965493776252,2.539305307454829,2.701750070774057,2.6292031932790554,2.5702551737561663,2.5535900500422257,2.356194490192345,2.62244653934327,2.5415424401880395,2.185459278717062,2.6292031932790554,2.761086276477428,2.455863142683507,2.5127963671743605,2.5702551737561663,2.819842099193151,3.141592653589793,3.141592653589793,3.141592653589793,-2.922923707715851,-2.7367008673047097,-2.4668517113662407,-2.2455372690184494,-2.651635327336065,0.0,0.0,0.0,0.0,0.0,0.0,0.0,0.0,0.0,0.0,0.0,1.4536875822280324,1.4876550949064553,1.3521273809209546,1.2490457723982544,1.073453610448074,1.2341215074081695,1.241171919374154,1.313472611823808,1.2120256565243244,1.312025434831199,1.2490457723982544,1.124690777851493,1.313472611823808,1.4711276743037347,1.3633001003596938,1.396124127786657,1.892546881191539,1.8157749899217608,1.695151321341658,1.9138202672156,2.601173153319209,2.2318394956455836,2.356194490192345,1.965587446494658,2.1112158270654806,2.2655346029916
-0.5349550737860964,0.0,0.8198672643969563,1.217805938967986,1.2722973952087173,1.2220253232109897,1.1284221038181517,1.1341691669813554,0.9420000403794636,0.714090698612158,0.9561333748727311,0.8478169733934057,0.7454194762741583,0.9272952180016122,0.8621700546672264,0.6747409422235526,0.7328151017865066,0.7328151017865066,0.6610431688506869,1.6475682180646747,1.1902899496825317,1.6814535479687922,1.7681918866447774,2.0988707752212563,1.9195673303788037,2.158798930342464,2.2318394956455836,0.0,0.0,0.0,0.0,0.0,0.0,0.0,0.0,0.0,0.0,0.0,0.0302937599187751,0.04995839572194276,-0.05258306161094172,-0.04995839572194276,-0.18216831047276347,-0.10487693873023389,-0.28897540999256643,-0.23860932250820097,-0.19118445959701444,-0.3217505543966422,-0.3217505543966422,-0.16514867741462683,-0.17219081452293902,-0.17219081452293902,0.047583103276983396,0.14189705460416394,0.5880026035475675,0.7188299996216245,0.3217505543966422,0.6610431688506869,0.43240777557053783,0.7419472680059175,0.6435011087932844,0.8288490587889792,0.628796286415433,0.5280744484263596
2.89288266449627,0.0,-0.4266274931268761,-0.14189705460416394,-1.1659045405098132,0.7853981633974483,0.5404195002705842,1.446441332248135,1.2277723863741932,1.0303768265243125,0.982793723247329,1.750649826587375,1.5707963267948966,1.3352513460740332,1.6575346654708818,1.9138202672156,1.6756732655251305,1.9890206563741257,1.7681918866447774,2.0576955586061656,2.173083672929861,2.2318394956455836,2.498091544796509,2.651635327336065,2.8555412118724752,-2.875340604438868,3.079173843593836,0.0,0.0,0.0,0.0,0.0,0.0,0.0,0.0,0.0,0.0,0.0,1.0714496051147666,0.3217505543966422,0.24497866312686414,0.24497866312686414,-0.4266274931268761,-0.30587887140485215,-0.4636476090008061,-0.4124104415973873,-0.3217505543966422,-0.4964227534048819,-0.7188299996216245,-0.388318718172466,-0.3430239404207034,-0.5880026035475675,-0.5349550737860964,-0.6310793874713293,-0.6510767214444798,-0.6705215579805491,-0.7853981633974483,-0.6947382761967031,-0.7354397676755056,-0.6435011087932844,-0.8308214428190254,-0.844153986113171,-0.3805063771123649,-1.0460005551447893
-2.173083672929861,0.0,-2.356194490192345,-1.750649826587375,-1.5707963267948966,-1.3258176636680326,-0.16514867741462683,0.7853981633974483,-1.3258176636680326,-0.8176450458327023,-0.714090698612158,-1.0808390005411683,-1.0040671092713902,-1.0838970949836275,-0.7853981633974483,-1.1071487177940904,-0.7853981633974483,-0.7188299996216245,-0.8329812666744317,-0.3906070436976868,-0.4636476090008061,0.0,-0.23109066719589708,0.0,0.21109333322274654,0.19739555984988075,0.24497866312686414,0.0,0.0,0.0,0.0,0.0,0.0,0.0,0.0,0.0,0.0,0.0,-0.6747409422235526,-0.6947382761967031,-0.7188299996216245,-1.3258176636680326,-1.2722973952087173,-1.633215136790854,-1.5232132235179132,-1.8622531212727638,-1.8766751981997487,-2.0831857871056343,-2.1401095178955587,-2.1498705961626277,-2.0626055027835952,-2.2073045425828477,-2.432966381462123,-2.452668265374932,-2.5959375990628013,-2.6374266921106404,-2.356194490192345,-2.7445132083648107,-2.4905159321453136,-2.5337906574758327,-2.922923707715851,-2.5088438185876103,-2.677945044588987,-2.2655346029916
0.3156156620387663,0.0,-1.6704649792860586,-0.8960553845713439,-0.17985349979247828,1.2847448850775784,2.8632929945846817,1.2490457723982544,0.5779019369622457,1.7681918866447774,1.6704649792860586,1.1525719972156676,1.4711276743037347,1.7429871413178357,1.730709449953116,1.849095985800008,2.214297435588181,2.17084654019665,1.9195673303788037,2.1341125882868646,2.17084654019665,2.743070207923373,2.5415424401880395,2.8842689386187046,2.8706458032513726,3.058451421701352,-2.8555412118724752,0.0,0.0,0.0,0.0,0.0,0.0,0.0,0.0,0.0,0.0,0.0,2.1112158270654806,1.837048375945822,1.695151321341658,1.3439974787410107,0.5516549825285468,0.3805063771123649,1.0808390005411683,0.5880026035475675,0.25732371497108864,0.5317240672588056,0.4346702151492448,0.4475199751571699,0.20749622643520266,0.21866894587394195,0.22923193327699534,0.24497866312686414,0.16514867741462683,0.028563657838759995,0.34653886443394183,0.05549850524571683,-0.23374318086890142,-0.2639637236257046,-0.27490984148067255,-0.5028432109278608,-0.4636476090008061,-0.5880026035475675
-0.4764674194737067,0.0,-0.9994588469612699,-1.2847448850775784,-1.3258176636680326,-1.2722973952087173,-1.4056476493802699,-1.5707963267948966,-1.5350972141155728,-1.5707963267948966,-1.5707963267948966,-1.6784861976277172,-1.6614562139956417,-2.0533096218173736,-1.8692952583810758,-2.2286849319771065,-2.0344439357957027,-2.14717154738608,-2.4186133001883023,-1.460139105621001,-0.7853981633974483,-1.695151321341658,-1.9195673303788037,-2.356194490192345,-0.8850668158886104,1.1071487177940904,0.3947911196997615,0.0,0.0,0.0,0.0,0.0,0.0,0.0,0.0,0.0,0.0,0.0,2.178598322908857,2.2831539248892256,2.2083451249335893,2.0672190801997785,2.178598322908857,2.2390857456254807,2.129395642138459,2.4668517113662407,2.453921397551064,1.8399638195805972,2.327630832353585,2.1401095178955587,-2.896613990462929,-2.922923707715851,2.761086276477428,-2.7187387274568526,-2.129395642138459,-2.8501358591119264,3.050932766389048,2.2455372690184494,-2.976443976175166,-2.9533711482850227,-2.4756234162106834,3.141592653589793,-1.9513027039072615,-1.5707963267948966
0.3156156620387663,0.0,1.5707963267948966,1.3439974787410107,1.1071487177940904,1.2924966677897853,1.2277723863741932,1.237552025683224,1.3633001003596938,1.3156139361740782,1.124690777851493,1.0062269331267966,0.7044940642422177,1.2360594894780819,0.992894389832651,0.2629947316809195,0.5543074962015512,0.4844779290370232,0.40489178628508343,1.1902899496825317,0.20749622643520266,0.4636476090008061,-2.999695598985629,0.9097531579442097,-2.601173153319209,2.5360479899848234,1.892546881191539,0.0,0.0,0.0,0.0,0.0,0.0,0.0,0.0,0.0,0.0,0.0,-0.7298996581517315,-0.982793723247329,-0.8139618212362083,-1.1659045405098132,-0.9197196053504169,-1.0912770348023004,-1.089909046599561,-1.0303768265243125,-1.297787623708186,-0.7354397676755056,-0.7086262721276703,-0.7086262721276703,-0.09495170634275632,-0.9272952180016122,0.4636476090008061,-0.6747409422235526,-1.380808038876181,-0.08314123188844123,-1.1659045405098132,-0.039978687123290044,0.3947911196997615,2.129395642138459,-0.8621700546672264,3.141592653589793,1.446441332248135,-1.892546881191539
-0.32811989501530536,0.0,0.14189705460416394,-0.09065988720074511,-0.10487693873023389,-0.06656816377582381,0.23554498072086333,0.0688564893010446,0.09966865249116202,-0.0688564893010446,0.12062366858010272,0.058755822715722696,-0.11065722117389565,-0.4636476090008061,-0.22923193327699534,-0.4636476090008061,-0.3120421215625333,-0.4266274931268761,-0.4398425828157362,0.0,-0.7853981633974483,3.141592653589793,1.1659045405098132,1.373400766945016,0.21866894587394195,1.5707963267948966,1.5707963267948966,0.0,0.0,0.0,0.0,0.0,0.0,0.0,0.0,0.0,0.0,0.0,3.141592653589793,-2.8577985443814655,-3.0090411212931194,-3.067653615931853,-2.8577985443814655,-2.9533711482850227,2.976443976175166,3.0090411212931194,-3.0060649396042924,2.5360479899848234,-2.796037073008081,-2.158798930342464,-1.7126933813990606,-2.451146196535101,-2.6135182051634334,-1.9693187724613168,-1.4840579881189115,-2.743070207923373,-1.6657480331376529,-1.4410937896389846,-1.6614562139956417,-1.8692952583810758,2.356194490192345,-0.09966865249116202,0.7853981633974483,0.24497866312686414
3.141592653589793,0.0,0.4636476090008061,0.18822150530477075,0.11710874456686428,0.3868757177310281,0.11065722117389565,0.11710874456686428,0.10673567264913565,0.029403288204005115,-0.058755822715722696,0.0,0.06442683942555355,0.0,-0.11942892601833845,-0.26916749278570046,-0.3080527810237764,-0.4423742229767449,-0.14189705460416394,-0.22679884805388587,-0.3217505543966422,0.16514867741462683,0.3217505543966422,1.5707963267948966,2.498091544796509,2.356194490192345,2.191045812777718,0.0,0.0,0.0,0.0,0.0,0.0,0.0,0.0,0.0,0.0,0.0,-2.7547169358587653,-2.741351996555819,-2.677945044588987,-2.677945044588987,-2.723368324010564,-2.8828217616260954,-2.9504081939927786,-2.6271413405307653,-2.5127963671743605,-2.6954871046463897,-2.473303234759209,-2.44685437739309,-2.2655346029916,-2.191045812777718,-1.892546881191539,-2.1421338066285234,-2.0988707752212563,-1.7126933813990606,-1.6814535479687922,-1.750649826587375,-1.6475682180646747,-1.3258176636680326,-1.4288992721907328,-1.1071487177940904,0.0,-0.5880026035475675
1.9832067683922838,0.0,2.9562447035940984,3.0890095919788516,2.91811605244916,3.026716048172894,2.8632929945846817,2.819842099193151,2.677945044588987,2.7557099841917196,2.761086276477428,2.6066375798036967,2.5860989183242498,2.5959375990628013,2.5444159954971157,2.4149503129080676,2.4116929954380617,2.432966381462123,2.356194490192345,2.5127963671743605,2.642245931909663,2.356194490192345,2.761086276477428,-2.191045812777718,-1.695151321341658,-1.9513027039072615,-1.446441332248135,0.0,0.0,0.0,0.0,0.0,0.0,0.0,0.0,0.0,0.0,0.0,0.18998828791871572,0.24497866312686414,0.1283232276857948,0.03569911267932397,0.03224688243525392,0.10308160852270024,0.19739555984988075,0.15264932839526515,0.1470783553884025,0.19739555984988075,0.33667481938672716,0.4228539261329407,0.9685089806599324,0.4228539261329407,0.6327488350021832,0.9097531579442097,1.0121970114513341,0.8960553845713439,0.9272952180016122,1.1383885512243588,1.5707963267948966,1.4181469983996315,1.460139105621001,1.446441332248135,2.214297435588181,2.4805494847391065
-0.4764674194737067,0.0,-2.309716358841342,-1.8224862985530834,-2.344146880338159,-2.0792856508745867,-2.0852476398539244,-2.3086113869153615,-2.2281854315191483,-2.356194490192345,-2.5352097672138307,-2.323239392578047,-2.4099062194955776,-2.6078844619505315,-2.451792608856185,-2.5602124697848936,-2.5652174329986095,-2.7128146261437767,-2.8879185574511506,-2.6992184306130484,-2.677945044588987,-2.0344439357957027,-1.2793395323170296,-1.1902899496825317,-0.4993467216801301,-0.6556956262415362,-0.4636476090008061,0.0,0.0,0.0,0.0,0.0,0.0,0.0,0.0,0.0,0.0,0.0,1.5330783743280325,1.4343937223939491,1.4801364395941514,1.39408747072486,1.37014344947501,1.396124127786657,1.473069419436178,1.3521273809209546,1.5323537367737086,1.473543128543331,1.5707963267948966,1.6345396393275837,1.6730030449021502,1.8533512792644842,1.7454685258031364,2.0205559398647357,2.2058230621852104,2.1995926132103296,2.129395642138459,2.1451011569695986,1.356735643231075,2.0672190801997785,-2.601173153319209,-2.5748634360662868,1.1525719972156676,-2.5213431676069717
2.6066375798036967,0.0,2.827360754505455,2.980217543169102,2.8112952987605397,2.5535900500422257,2.571836200106815,2.2706891965141405,2.455863142683507,2.5360479899848234,2.151552680362567,2.2455372690184494,1.9163519073766087,2.2115800509724046,2.1948193797716535,2.2655346029916,2.0988707752212563,2.356194490192345,2.1948193797716535,1.9576720445259248,2.4149503129080676,2.0344439357957027,3.0090411212931194,-2.403777593469328,-1.7126933813990606,-2.2218730482393765,-1.9055331641117113,0.0,0.0,0.0,0.0,0.0,0.0,0.0,0.0,0.0,0.0,0.0,-0.8110335719191258,-0.8760580505981934,-0.7483780475235183,-0.722191331499988,-0.6014547068602731,-0.6923344346730304,-0.6673061349783543,-0.6716061562537402,-0.42483216291934245,-0.5713374798336268,-0.348771003583907,-0.13863973713415806,-0.2510026866430346,0.03569911267932397,-0.18216831047276347,0.260602391747341,0.5016040541891205,0.26836621090590684,0.372987721800061,-0.702256931509007,2.4668517113662407,1.2277723863741932,0.982793723247329,1.8233506025729562,2.2404352724715344,1.8018869939907938
1.7885280658204652,0.0,-1.8224862985530834,-1.6856729322117958,-1.750649826587375,-1.396124127786657,-0.9420000403794636,-1.0179551052023574,-1.8195063158884195,-1.0714496051147666,-1.4310874525057329,-1.6124389058934852,-1.7955074952095393,-1.5108681716736887,-1.8116427820363081,-1.7792615451748843,-1.9055331641117113,-1.8555267653176089,-1.892546881191539,-1.6539375586833378,-1.5707963267948966,-1.0714496051147666,-1.2924966677897853,-0.14189705460416394,0.16514867741462683,0.30587887140485215,0.5191461142465229,0.0,0.0,0.0,0.0,0.0,0.0,0.0,0.0,0.0,0.0,0.0,1.8200484681801103,1.856847768512215,1.886766598747877,1.7551207356945957,1.8018869939907938,1.9150150097773644,2.006149601947199,2.0152155366959956,2.0344439357957027,1.9138202672156,2.2917676507667912,2.408777551803287,2.241317884775446,2.6078844619505315,2.2752903910371143,2.645169900184911,-2.9533711482850227,3.0890095919788516,3.0035866299322738,0.8760580505981934,1.2793395323170296,-2.32590073027357,1.7359450042095235,-1.9010936816241504,-1.4801364395941514,-1.5707963267948966
0.3156156620387663,0.0,-2.976443976175166,-2.1112158270654806,-2.0344439357957027,-1.5707963267948966,-1.373400766945016,-1.373400766945016,-1.5083775167989393,-1.7818896600176433,-1.2277723863741932,-0.8960553845713439,-1.1263771168937977,-1.1659045405098132,-1.1284221038181517,-1.1071487177940904,-0.9685089806599324,-1.2068173702852525,-0.83798122500839,-0.48689923181126904,-0.40489178628508343,-0.23109066719589708,0.27829965900511133,-0.4636476090008061,-0.07130746478529032,-0.16514867741462683,0.15264932839526515,0.0,0.0,0.0,0.0,0.0,0.0,0.0,0.0,0.0,0.0,0.0,-0.14189705460416394,-1.5707963267948966,-1.2220253232109897,-1.5707963267948966,-2.214297435588181,-1.5707963267948966,-1.6614562139956417,-1.849095985800008,-1.9379701606131159,-2.300695984946628,-2.214297435588181,-2.4149503129080676,-2.300695984946628,-2.388441372627599,-2.5175696006130366,-2.579671091332978,-2.356194490192345,-2.2531128816696446,-2.38321493937961,-2.677945044588987,-2.8501358591119264,3.141592653589793,-2.9195107516843133,-2.8879185574511506,3.096169374168216,3.0916342578678506
2.89288266449627,0.0,1.9074711461816238,2.2390857456254807,1.8545904360032244,1.97568811307998,1.9853032013796825,1.664273107953486,1.6295521495106193,1.7126933813990606,1.7257930687188376,1.4288992721907328,1.4056476493802699,1.3521273809209546,1.3078015951139772,1.124690777851493,1.1071487177940904,1.2793395323170296,1.1902899496825317,1.1525719972156676,1.9513027039072615,-0.3217505543966422,-1.5707963267948966,-2.601173153319209,-2.44685437739309,-2.5899376710612465,-2.432966381462123,0.0,0.0,0.0,0.0,0.0,0.0,0.0,0.0,0.0,0.0,0.0,-1.0912770348023004,-1.0303768265243125,-0.992894389832651,-1.0912770348023004,-1.0516502125483738,-0.9420000403794636,-0.8850668158886104,-0.8139618212362083,-0.870903457075653,-0.6610431688506869,-0.5779019369622457,-0.4825132950224769,-0.4444192099010989,-0.40489178628508343,-0.29544083714372,-0.23109066719589708,-0.14888994760949725,-0.13255153229667402,-0.3217505543966422,0.0,0.0,0.0,0.3805063771123649,0.9272952180016122,1.5707963267948966,1.8157749899217608
-0.32811989501530536,0.0,-0.6659692373791098,-0.6510767214444798,-0.722979353401491,-0.6435011087932844,-0.6498704494119476,-0.8058034940839864,-0.8491414759301353,-0.9467732738181398,-1.0088747645380813,-1.0191413442663497,-1.1705556697609225,-1.3487144248894165,-1.2610933822524404,-1.3473197256542635,-1.4056476493802699,-1.2847448850775784,-1.2924966677897853,-1.460139105621001,-1.7894652726688385,-2.0344439357957027,0.982793723247329,1.7681918866447774,1.5707963267948966,1.2490457723982544,1.2277723863741932,0.0,0.0,0.0,0.0,0.0,0.0,0.0,0.0,0.0,0.0,0.0,2.6632402222111358,2.7547169358587653,2.7091848780192556,2.8095331860469077,2.774418819771574,2.79856871316909,2.7492525093742772,2.796037073008081,2.8305943729842524,2.988943325194528,-3.099950074491205,-3.061762667877556,-2.907849472720892,-2.896613990462929,-2.7928216500058864,-2.804917834203066,-2.5672878234150915,-2.701750070774057,-2.677945044588987,-2.714965160462917,-2.79856871316909,-2.356194490192345,-1.97568811307998,-1.7894652726688385,-1.1071487177940904,-1.1071487177940904
-2.173083672929861,0.0,0.3430239404207034,0.6435011087932844,0.18822150530477075,0.10673567264913565,0.17985349979247828,0.19118445959701444,0.09347678115858947,0.09065988720074511,-0.16514867741462683,-0.08800737352774077,-0.22679884805388587,-0.22923193327699534,-0.25255427577805956,-0.40489178628508343,-0.1746721990082397,-0.3805063771123649,-0.3947911196997615,-0.6610431688506869,-0.7853981633974483,-1.5707963267948966,-2.0344439357957027,2.601173153319209,2.279422598922567,2.4149503129080676,2.356194490192345,0.0,0.0,0.0,0.0,0.0,0.0,0.0,0.0,0.0,0.0,0.0,-2.912360720312798,-2.677945044588987,-2.8590377011202057,-2.694072678432623,-2.6066375798036967,-2.677945044588987,-2.677945044588987,-2.543173760111256,-2.356194490192345,-2.384758148031105,-2.356194490192345,-2.1962813670341257,-2.251317551462111,-2.0831857871056343,-1.8545904360032244,-2.173083672929861,-2.1025203940537023,-1.687905071361761,-2.20354516179708,-1.6814535479687922,-1.9379701606131159,-1.4288992721907328,-2.5535900500422257,-1.6539375586833378,-0.3217505543966422,0.0
-2.0831857871056343,0.0,1.3258176636680326,1.2341215074081695,1.1441688336680205,1.2610933822524404,1.2597980461893556,1.1383885512243588,1.1071487177940904,1.0584068664841588,0.9272952180016122,0.8913825213870482,0.690446457054692,0.7853981633974483,0.7597627548757708,0.8139618212362083,0.4636476090008061,0.7853981633974483,0.2914567944778671,0.3805063771123649,-0.3805063771123649,0.0,-1.5707963267948966,-2.4668517113662407,-2.4149503129080676,-2.819842099193151,-2.7091848780192556,0.0,0.0,0.0,0.0,0.0,0.0,0.0,0.0,0.0,0.0,0.0,-2.2612427838495885,-2.1401095178955587,-2.2455372690184494,-2.117585167684144,-2.2083451249335893,-1.9055331641117113,-2.0503156187874927,-1.9040406279065694,-1.7561442767905915,-1.7359450042095235,-1.6142472221864275,-1.5707963267948966,-1.3156139361740782,-1.4056476493802699,-1.0714496051147666,-1.217805938967986,-1.217805938967986,-1.217805938967986,-0.8960553845713439,-0.9420000403794636,-1.5707963267948966,-1.2924966677897853,-0.4636476090008061,0.5880026035475675,0.19739555984988075,1.4056476493802699
0.3156156620387663,0.0,-2.214297435588181,0.4636476090008061,2.2367655641740063,2.5213431676069717,3.141592653589793,-3.017237659043032,2.5672878234150915,2.782821983319221,2.819842099193151,2.312743594800814,2.8555412118724752,2.896613990462929,2.936197264400026,3.0981417581982624,3.017237659043032,-2.976443976175166,3.1016139664665032,-3.061762667877556,-2.7509856098921066,-2.432966381462123,-2.65711472455277,-2.601173153319209,-2.1341125882868646,-1.8157749899217608,-1.5707963267948966,0.0,0.0,0.0,0.0,0.0,0.0,0.0,0.0,0.0,0.0,0.0,2.896613990462929,2.9441970937399127,2.774418819771574,2.356194490192345,1.4056476493802699,1.9832067683922838,2.399645385583876,1.5232132235179132,1.856847768512215,1.3909428270024184,1.4909663410826592,1.4121410646084953,1.5707963267948966,1.3487144248894165,1.0912770348023004,1.3975506603425316,1.2966288756752378,1.0951011079399045,1.1562894522101106,1.219351532791345,0.6696389456766376,1.0303768265243125,0.8902751021276822,0.34555558058171215,0.8491414759301353,0.5880026035475675
3.141592653589793,0.0,-2.1421338066285234,-2.0344439357957027,-2.158798930342464,-0.5880026035475675,-1.5707963267948966,-1.35970299357215,-0.7419472680059175,-0.8760580505981934,-0.7551044034786732,-1.0121970114513341,-0.9994588469612699,-0.7853981633974483,-0.7509290623979403,-1.1999050379822342,-0.3805063771123649,-0.11487660541689913,-0.13255153229667402,-0.05549850524571683,-0.2551823906208184,0.0,0.5880026035475675,0.8621700546672264,0.14189705460416394,1.0121970114513341,1.3045442776439713,0.0,0.0,0.0,0.0,0.0,0.0,0.0,0.0,0.0,0.0,0.0,-1.2679114584199251,-1.8622531212727638,-1.5707963267948966,-1.7359450042095235,-1.8692952583810758,-1.6704649792860586,-2.214297435588181,-1.7942729279355296,-2.173083672929861,-2.0344439357957027,-2.14717154738608,-2.1815222911841055,-2.300695984946628,-2.1421338066285234,-2.505084437801842,-2.471071095609244,-2.845046844520093,-2.44685437739309,-2.819842099193151,-2.305390786134123,-2.662073361597197,-2.2502101322027452,-2.587285157388242,-2.741351996555819,-2.8023000391357487,-2.9669204545815537
-2.6374266921106404,0.0,-1.7359450042095235,-1.9295669970654687,-0.14189705460416394,0.4636476090008061,0.19739555984988075,0.6947382761967031,-0.14189705460416394,-0.4182243295792291,0.29544083714372,0.0,0.3217505543966422,0.6022873461349642,0.4636476090008061,0.6350267353903137,0.7086262721276703,0.992894389832651,1.237552025683224,1.1284221038181517,1.2490457723982544,1.1441688336680205,1.6814535479687922,2.1995926132103296,1.2120256565243244,2.0344439357957027,2.6135182051634334,0.0,0.0,0.0,0.0,0.0,0.0,0.0,0.0,0.0,0.0,0.0,-0.11065722117389565,1.0516502125483738,-0.3217505543966422,-0.6947382761967031,-0.4182243295792291,-0.40489178628508343,-1.2827408797442708,-0.8478169733934057,-1.3101939350475555,-0.7853981633974483,-1.2753554896511765,-1.1220729827841756,-1.0303768265243125,-0.9944211062037129,-1.201462669121271,-1.4288992721907328,-1.6001996149989017,-1.4288992721907328,-1.3521273809209546,-0.9917220574271658,-1.3521273809209546,-1.6107750139181867,-1.2924966677897853,-1.4840579881189115,-1.3521273809209546,-2.0344439357957027
-2.6374266921106404,0.0,-1.6614562139956417,-2.2455372690184494,-1.7359450042095235,-2.2455372690184494,-0.5404195002705842,-1.3258176636680326,0.09966865249116202,-0.05258306161094172,0.5280744484263596,0.11065722117389565,0.22679884805388587,0.0,0.0,0.20401797959254858,-0.21866894587394195,0.13552771398550073,0.7454194762741583,0.39852244566642026,1.2490457723982544,1.313472611823808,0.9652516631899266,0.5667292175235064,1.4181469983996315,1.5707963267948966,1.695151321341658,0.0,0.0,0.0,0.0,0.0,0.0,0.0,0.0,0.0,0.0,0.0,-0.14189705460416394,0.0,-0.3217505543966422,-1.1525719972156676,-0.33667481938672716,-0.8850668158886104,-0.6889243882148613,-1.5707963267948966,-1.1801892830972098,-1.217805938967986,-1.3654009376051293,-1.2765617616837088,-1.2490457723982544,-1.446441332248135,-1.5993599846336566,-1.5063694873693432,-1.776191715984664,-1.373400766945016,-1.837048375945822,-1.4141944498128813,-2.0169018757383004,-1.5363272257953886,-1.8337910584758161,-1.8766751981997487,-1.7975951748487824,-1.6295521495106193
0.3156156620387663,0.0,1.97568811307998,0.0,1.8018869939907938,3.141592653589793,2.4668517113662407,2.5829933382462307,0.5404195002705842,-3.058451421701352,2.6135182051634334,3.099950074491205,-2.999695598985629,-2.976443976175166,-2.9829373914033916,-2.782821983319221,-2.8501358591119264,-2.7868870015788527,-2.6271413405307653,-2.459276098715045,-2.461071428922579,-2.0131705497716417,-2.214297435588181,-1.9195673303788037,-1.3045442776439713,-1.396124127786657,-1.373400766945016,0.0,0.0,0.0,0.0,0.0,0.0,0.0,0.0,0.0,0.0,0.0,2.6344941491974563,3.141592653589793,2.158798930342464,1.837048375945822,1.7033478590915707,1.849095985800008,1.9195673303788037,1.7004988639508087,1.6262948320406134,1.4994888620096063,1.5291537476963082,1.1232763516377267,1.460139105621001,1.2397002500907646,1.3258176636680326,1.319793640151862,1.2722973952087173,1.2252407462131845,1.118642464509121,0.7853981633974483,0.8198672643969563,0.8960553845713439,1.366778347202348,1.1562894522101106,1.1659045405098132,0.9272952180016122
-2.4586383436994694,0.0,1.7126933813990606,2.4668517113662407,1.8157749899217608,3.0828368308740703,3.141592653589793,2.922923707715851,-2.992702705980296,-2.896613990462929,-2.723368324010564,-2.677945044588987,-2.7314653130483024,-2.6311043316730176,-2.714965160462917,-2.5535900500422257,-2.543173760111256,-2.2612427838495885,-2.356194490192345,-2.289626326416521,-2.2390857456254807,-1.9890206563741257,-1.4840579881189115,-1.356735643231075,-1.6506263125071339,-0.7419472680059175,-1.3258176636680326,0.0,0.0,0.0,0.0,0.0,0.0,0.0,0.0,0.0,0.0,0.0,-2.5899376710612465,-2.356194490192345,-2.601173153319209,-2.819842099193151,2.8632929945846817,2.485897027348257,2.4756234162106834,2.5636907166275478,2.137525544318403,2.5213431676069717,2.2455372690184494,2.429235055495464,2.060753653048625,2.279422598922567,2.1451011569695986,2.1521765105997965,2.1401095178955587,2.060753653048625,2.1156602422464403,1.8224862985530834,1.602036160225165,1.8233506025729562,1.7257930687188376,1.695151321341658,1.7607846147136124,1.97568811307998
0.3156156620387663,0.0,-0.15264932839526515,-0.3947911196997615,-1.892546881191539,-0.6947382761967031,1.5707963267948966,0.4636476090008061,1.8157749899217608,1.3101939350475555,1.0743735733900148,0.7188299996216245,0.9964914966201949,0.9652516631899266,1.1964627107873127,1.442473099109102,1.2870022175865687,1.4181469983996315,1.3339475658479765,1.717874682183299,2.060753653048625,1.9832067683922838,2.1193457292454245,2.321725389192837,2.677945044588987,2.356194490192345,3.141592653589793,0.0,0.0,0.0,0.0,0.0,0.0,0.0,0.0,0.0,0.0,0.0,1.2924966677897853,0.3217505543966422,0.5880026035475675,0.24497866312686414,0.6947382761967031,-0.07677189126977804,-0.7378150601204649,-0.7157435896688801,-0.5971766580926775,-0.5028432109278608,-0.5456550545269917,-0.5349550737860964,-0.6696389456766376,-0.7036137827794523,-0.7036137827794523,-0.7853981633974483,-0.9332475286562039,-0.9670469933974603,-1.3415643935179014,-0.6696389456766376,-0.9048270894157867,-1.047518004662921,-1.240498971965643,-1.067953115867036,-0.8353565591193911,-0.8760580505981934
-2.825976991551027,0.0,-2.485897027348257,-2.0701430484750265,-1.373400766945016,-0.7597627548757708,0.0,0.14189705460416394,0.5404195002705842,-0.5585993153435624,-0.25732371497108864,-0.628796286415433,-0.24497866312686414,-0.037020115873930025,-0.05549850524571683,0.0,0.19739555984988075,0.0,0.05258306161094172,0.4825132950224769,0.5743048301747018,0.8850668158886104,0.844153986113171,0.9505468408120752,0.9151007005533605,1.2490457723982544,1.7681918866447774,0.0,0.0,0.0,0.0,0.0,0.0,0.0,0.0,0.0,0.0,0.0,0.09065988720074511,-0.08314123188844123,-0.2914567944778671,0.14189705460416394,-0.7188299996216245,-0.4636476090008061,-1.0191413442663497,-0.5516549825285468,-0.9453112865556675,-0.9025069079643125,-1.0584068664841588,-1.317122230656254,-1.1324597669369387,-1.2765617616837088,-1.442473099109102,-1.7731179551732004,-1.3554386270971586,-1.6052654277944047,-2.0503156187874927,-1.7359450042095235,-1.727398203776912,-1.6475682180646747,-1.5707963267948966,-1.925501978805837,-1.5707963267948966,-1.6475682180646747
0.3156156620387663,0.0,1.7126933813990606,2.129395642138459,2.0344439357957027,2.5213431676069717,2.356194490192345,2.0344439357957027,-2.930499320367047,-2.729182211992406,-2.8555412118724752,-2.9441970937399127,-2.8555412118724752,-2.5829933382462307,-2.5308666892005847,-2.833539872566017,-2.321725389192837,-2.761086276477428,-2.488746022489019,-2.2390857456254807,-2.2706891965141405,-1.9614033704925835,-2.356194490192345,-1.97568811307998,-1.8692952583810758,-1.5707963267948966,-1.4994888620096063,0.0,0.0,0.0,0.0,0.0,0.0,0.0,0.0,0.0,0.0,0.0,-2.601173153319209,-2.9441970937399127,-2.819842099193151,-2.8501358591119264,2.819842099193151,2.651635327336065,2.279422598922567,2.6387494426619322,2.5213431676069717,2.452668265374932,2.452668265374932,2.38321493937961,2.300695984946628,2.2264919530364327,2.256525837701183,1.9437840485949576,2.0626055027835952,2.1995926132103296,1.878849107818673,1.6078164426688266,1.7257930687188376,1.923786714621807,1.6856729322117958,1.892546881191539,1.8313987185422376,1.695151321341658
-2.6374266921106404,0.0,-2.647651284670212,-2.5213431676069717,-2.5948038127005457,-2.6271413405307653,-2.6344941491974563,-2.611376880813163,-2.7722589959161676,-2.912360720312798,-3.0209689850096906,-2.9708574421145104,3.141592653589793,3.141592653589793,-3.1058935409104693,3.099950074491205,2.9441970937399127,2.770701364777131,2.782821983319221,2.601173153319209,-2.976443976175166,1.9513027039072615,0.6435011087932844,-0.19739555984988075,-0.27829965900511133,-0.17985349979247828,-0.5880026035475675,0.0,0.0,0.0,0.0,0.0,0.0,0.0,0.0,0.0,0.0,0.0,0.3120421215625333,0.2942345651111878,0.35877067027057225,0.4346702151492448,0.5404195002705842,0.6435011087932844,0.5971766580926775,0.6947382761967031,0.7266423406817256,0.9707461133931431,1.0303768265243125,1.2360594894780819,1.380808038876181,1.2753554896511765,1.4758446204521403,1.3473197256542635,1.5707963267948966,1.7681918866447774,1.6262948320406134,1.633215136790854,1.6539375586833378,1.9890206563741257,1.7681918866447774,2.158798930342464,2.7367008673047097,2.8632929945846817
-0.4764674194737067,0.0,-2.5748634360662868,-2.7004131731748124,-2.391893602871669,-2.7321554440636504,-2.830045826687105,-2.8461518164460733,-2.937574673997245,-2.8420606645198703,-3.0671038633759116,-3.111750768922684,3.0293898385925386,-3.0860941483440762,3.077849341057106,2.8037144653495147,2.7928216500058864,2.651635327336065,2.388441372627599,2.677945044588987,2.393214606066275,1.1071487177940904,0.6435011087932844,-0.21866894587394195,-0.8685393952858895,-0.5633162614919681,-0.5104883219167757,0.0,0.0,0.0,0.0,0.0,0.0,0.0,0.0,0.0,0.0,0.0,0.08599429119424074,0.10866121584058783,0.08454375551299814,0.17137912638950764,0.3165692536124036,0.333945071844894,0.44075084777942214,0.5404195002705842,0.7266423406817256,0.7036137827794523,0.9638086627484886,0.9420000403794636,1.220068378546693,1.446441332248135,1.1296168463799159,1.1341691669813554,1.4056476493802699,1.1180178549713606,1.6588037003226375,1.6657480331376529,1.8157749899217608,1.761980786391911,-0.24497866312686414,1.7561442767905915,3.067653615931853,2.833539872566017
-0.32811989501530536,0.0,1.6183794300718801,1.519559159391478,1.5951817359676153,1.7152379051695406,1.6352231662204502,1.4625257359344406,1.5707963267948966,1.6078164426688266,1.3623311084149088,1.232472704285637,1.2231894670389947,1.1254952829072107,0.9888912086550111,1.1330050231533502,0.8850668158886104,0.9324765187858508,0.722979353401491,0.5485494024505281,0.2662520491509254,-0.4636476090008061,-2.4668517113662407,-2.279422598922567,-2.427501954977635,-2.5415424401880395,-2.452668265374932,0.0,0.0,0.0,0.0,0.0,0.0,0.0,0.0,0.0,0.0,0.0,-1.3994172004053889,-1.5866680097866868,-1.4005844015094222,-1.4000611153196139,-1.321544185409683,-1.3408918986629919,-1.181087755452031,-1.197069506829343,-0.8836721166534575,-0.83798122500839,-0.7419472680059175,-0.6171913915403622,-0.43240777557053783,-0.5611634122883522,-0.3805063771123649,-0.37089128881266237,-0.4266274931268761,-0.4110645473898644,-0.3923401442155158,0.03569911267932397,-0.4636476090008061,0.5667292175235064,-2.819842099193151,1.1722738811284763,0.844153986113171,1.0516502125483738
-0.32811989501530536,0.0,-2.9562447035940984,3.141592653589793,-2.984990776607778,-2.9669204545815537,-2.90142164572962,-3.105245032570773,2.999695598985629,2.88507604094547,2.8584968682902976,2.9441970937399127,3.085049216644976,2.8674252024701343,2.819842099193151,2.805954103262184,2.63252176516741,2.6344941491974563,2.33924696038594,2.4186133001883023,1.8313987185422376,-3.017237659043032,0.6610431688506869,0.2914567944778671,-0.12435499454676144,-0.35877067027057225,-0.4825132950224769,0.0,0.0,0.0,0.0,0.0,0.0,0.0,0.0,0.0,0.0,0.0,-0.1707352114752828,-0.20464180982977792,-0.018516402068009044,-0.13131543898308803,-0.11710874456686428,0.0,0.10598435798959989,0.2629947316809195,0.1746721990082397,0.3686959026580498,0.4844779290370232,0.7188299996216245,0.9318823417910095,1.0468769791096975,0.9380474917927135,1.0934509444212248,0.8794593980254346,1.1705556697609225,1.4876550949064553,1.4056476493802699,1.5182132651839548,2.2455372690184494,0.40489178628508343,-2.432966381462123,-2.819842099193151,-2.9669204545815537
-0.32811989501530536,0.0,-1.9163519073766087,-1.906434877122506,-2.0271447953520054,-2.09223076656664,-2.117585167684144,-2.273812559600654,-2.158798930342464,-2.5948038127005457,-2.214297435588181,-2.4569754892770126,-2.5922181688182424,-2.471470616163297,-2.687748652068283,-2.5213431676069717,-2.647651284670212,-2.8632929945846817,-2.9275319700259717,-2.8632929945846817,-2.922923707715851,2.3036114285814033,0.6202494859828215,1.1071487177940904,0.48689923181126904,0.48689923181126904,0.3217505543966422,0.0,0.0,0.0,0.0,0.0,0.0,0.0,0.0,0.0,0.0,0.0,0.6137700950165683,0.6467584262632903,0.6246354227716135,0.6669082042393105,0.9349579032711515,0.8737749495422971,0.8478169733934057,1.0808390005411683,1.3815973046949284,1.2315037123408519,1.5291537476963082,1.2765617616837088,1.7359450042095235,1.97568811307998,1.5916266468311138,1.8449637779145553,1.9100889412489412,2.0798672152172797,1.8399638195805972,2.471071095609244,1.5978167759821613,3.0090411212931194,-1.97568811307998,2.1112158270654806,-2.356194490192345,-2.408777551803287
-2.4586383436994694,0.0,-0.691336928769462,-0.6202494859828215,-0.7437555842988599,-0.5743048301747018,-0.7292773806962719,-0.8809962820612887,-0.946160904023283,-1.1801892830972098,-1.2348287208687656,-1.171575557219644,-1.254510198882742,-1.2583047670603775,-1.3481353861585317,-1.5108681716736887,-1.6099919287219513,-1.7798192696011612,-1.695151321341658,-1.8692952583810758,-2.279422598922567,0.0,2.5360479899848234,1.9890206563741257,1.695151321341658,1.4909663410826592,1.6738779353175968,0.0,0.0,0.0,0.0,0.0,0.0,0.0,0.0,0.0,0.0,0.0,2.1948193797716535,2.193099197982104,2.20354516179708,2.356194490192345,2.342496716819479,2.4905159321453136,2.62244653934327,2.5977601972876707,2.804917834203066,3.0356082956001935,2.9702135272002854,2.852617243597227,3.079173843593836,-2.88544127102419,-3.096169374168216,-2.930499320367047,-2.6442499372429706,-2.838707785214822,-2.872425160804093,-2.677945044588987,-2.664247271216121,-2.6311043316730176,-1.9195673303788037,-2.4668517113662407,-1.3439974787410107,-1.5707963267948966
-0.32811989501530536,0.0,2.0701430484750265,2.1112158270654806,2.158798930342464,2.191045812777718,1.97568811307998,1.8438050298816073,1.8244704229335393,1.9710369838288708,1.7126933813990606,1.7078625011050843,1.6738779353175968,1.7359450042095235,1.4968572891369563,1.4801364395941514,1.2341215074081695,1.299849476456476,1.373400766945016,0.7853981633974483,0.5404195002705842,0.982793723247329,-1.5707963267948966,-1.1071487177940904,-1.6539375586833378,-1.7234456551901618,-1.695151321341658,0.0,0.0,0.0,0.0,0.0,0.0,0.0,0.0,0.0,0.0,0.0,-1.5707963267948966,-1.4559197213779975,-1.4000611153196139,-1.4056476493802699,-1.4056476493802699,-1.2120256565243244,-1.3521273809209546,-1.217805938967986,-0.8478169733934057,-0.9025069079643125,-0.6528466311007743,-0.8329812666744317,-1.0303768265243125,0.348771003583907,-0.9332475286562039,-0.28379410920832787,-0.24497866312686414,-0.23109066719589708,-0.22679884805388587,0.3947911196997615,-0.5667292175235064,0.5880026035475675,0.5404195002705842,-0.16514867741462683,0.8760580505981934,1.373400766945016
-2.825976991551027,0.0,2.396173177315635,2.173083672929861,2.0344439357957027,2.2318394956455836,2.169215220273434,2.2218730482393765,2.4061528859142878,2.0940746489268722,2.214297435588181,2.169215220273434,1.9074711461816238,2.429235055495464,1.4536875822280324,1.9614033704925835,1.6207547225168393,1.7894652726688385,2.5702551737561663,2.173083672929861,0.982793723247329,-2.677945044588987,0.27829965900511133,-0.9272952180016122,-0.49394136891958124,-0.2860514417173182,-0.3805063771123649,0.0,0.0,0.0,0.0,0.0,0.0,0.0,0.0,0.0,0.0,0.0,3.112189365385788,-2.896613990462929,-2.872425160804093,-2.6607053733944572,-2.694072678432623,-2.485897027348257,-2.3191743743184148,-2.158798930342464,-2.38321493937961,-1.7942729279355296,-2.297438667476622,-1.8281200417659853,-2.4227626539681686,-2.770701364777131,1.1659045405098132,-1.0121970114513341,-0.24497866312686414,-0.9994588469612699,0.0,-0.7853981633974483,-0.507098504392337,-0.08673833867598511,-0.982793723247329,0.7853981633974483,1.97568811307998,0.5880026035475675
-0.32811989501530536,0.0,1.965587446494658,2.0576955586061656,1.776191715984664,1.9295669970654687,1.8588517738455226,1.8233506025729562,1.6738779353175968,1.664273107953486,1.5707963267948966,1.3339475658479765,1.442473099109102,1.178456182579381,1.2252407462131845,1.0074800653029286,1.1824776086224307,0.8567056281827387,0.8621700546672264,0.3947911196997615,-0.11065722117389565,-0.4636476090008061,-1.892546881191539,-1.8157749899217608,-2.129395642138459,-2.1224513093234436,-1.9890206563741257,0.0,0.0,0.0,0.0,0.0,0.0,0.0,0.0,0.0,0.0,0.0,-1.5707963267948966,-1.513715544388632,-1.5405025668761214,-1.477319545636307,-1.6373644905707205,-1.4000611153196139,-1.3654009376051293,-1.1705556697609225,-1.1902899496825317,-1.047518004662921,-0.8139618212362083,-0.6435011087932844,-0.5317240672588056,-0.23374318086890142,-0.48689923181126904,-0.04995839572194276,-0.15660187698201536,-0.16514867741462683,-0.058755822715722696,0.11710874456686428,0.07677189126977804,0.09966865249116202,-0.19739555984988075,0.6947382761967031,0.0,0.6747409422235526
-0.5349550737860964,0.0,-2.4370985893475754,2.8501358591119264,-2.9634997153585956,-2.5247914298017746,-2.843093722003614,2.9959642730189704,-2.925826457182751,3.0309354324158977,2.697809980840152,2.91811605244916,2.5360479899848234,2.604006006931047,2.576108765434969,2.2455372690184494,2.1224513093234436,2.0119758072098772,1.6614562139956417,2.5213431676069717,1.5707963267948966,0.0,0.4993467216801301,-0.9272952180016122,-0.7483780475235183,-0.9097531579442097,-0.870903457075653,0.0,0.0,0.0,0.0,0.0,0.0,0.0,0.0,0.0,0.0,0.0,-0.05549850524571683,-0.12219517069135505,0.07006058263845544,-0.03771795246686421,-0.034469100999508014,0.039978687123290044,0.184324408899699,0.34555558058171215,0.348771003583907,0.6947382761967031,0.5112307122777895,0.7704738984073634,0.8210972760767723,0.6805212246672144,1.0014831356942346,1.0040671092713902,1.1210367137250576,0.8621700546672264,1.7681918866447774,1.460139105621001,2.1193457292454245,2.376599820878883,1.6704649792860586,1.3397056595989996,2.6632402222111358,3.141592653589793
0.3156156620387663,0.0,1.2220253232109897,1.0121970114513341,1.8157749899217608,2.1815222911841055,2.782821983319221,2.5829933382462307,2.7367008673047097,2.930499320367047,2.2455372690184494,3.0060649396042924,2.601173153319209,3.067653615931853,2.6344941491974563,2.9340964271545906,2.9516043656710775,2.964883797519757,-3.0221637275714546,-3.0309354324158977,-2.761086276477428,-2.701750070774057,-2.896613990462929,-2.408777551803287,-2.403777593469328,-2.3191743743184148,-2.0344439357957027,0.0,0.0,0.0,0.0,0.0,0.0,0.0,0.0,0.0,0.0,0.0,3.017237659043032,3.141592653589793,2.5213431676069717,2.2318394956455836,2.0899424410414196,1.6233793884058383,1.8018869939907938,2.0736395377227574,1.750649826587375,1.7590178320996674,1.6756732655251305,1.6475682180646747,1.39408747072486,1.3258176636680326,1.442473099109102,1.6396528160959412,1.35970299357215,1.3654009376051293,1.0358412530088001,0.9652516631899266,0.7509290623979403,1.0370881351556351,1.0370881351556351,0.870903457075653,0.8960553845713439,1.4181469983996315
-0.8176450458327023,0.0,-2.356194490192345,2.356194490192345,-2.8632929945846817,2.896613990462929,3.141592653589793,-2.4805494847391065,-2.256525837701183,-2.609868586330988,-2.677945044588987,-2.173083672929861,-2.485897027348257,-2.393214606066275,-2.289626326416521,-1.9437840485949576,-2.1815222911841055,-2.1486982637571423,-1.729451588981298,-1.776191715984664,-1.5707963267948966,-1.2649174553900444,-1.3156139361740782,-1.2277723863741932,-1.1071487177940904,-0.7419472680059175,-0.6747409422235526,0.0,0.0,0.0,0.0,0.0,0.0,0.0,0.0,0.0,0.0,0.0,-2.214297435588181,-2.5535900500422257,-2.875340604438868,-2.896613990462929,3.036715714859559,2.432966381462123,2.79856871316909,2.976443976175166,2.770701364777131,2.711830374493105,2.4775464907631086,2.455863142683507,2.4370985893475754,2.3818298987140225,2.462178848181945,2.129395642138459,2.0344439357957027,1.9890206563741257,2.0503156187874927,2.1763409903998667,2.158798930342464,2.095592098445004,2.0701430484750265,2.2218730482393765,2.0778948311872334,1.892546881191539
-1.9058794244856845,0.0,-3.046640947247037,-2.677945044588987,-3.070285188804503,-2.9669204545815537,-3.0072712116368248,-2.976443976175166,-3.0209689850096906,-3.0860941483440762,-3.0771658141642395,2.981679530431574,3.070285188804503,3.0045264792796056,2.9147938055359073,2.7928216500058864,2.8864102629689747,2.723368324010564,2.62244653934327,2.5535900500422257,2.44685437739309,1.7126933813990606,1.1902899496825317,0.7853981633974483,0.2662520491509254,0.19739555984988075,0.21109333322274654,0.0,0.0,0.0,0.0,0.0,0.0,0.0,0.0,0.0,0.0,0.0,-0.7853981633974483,-0.6610431688506869,-0.6947382761967031,-0.5543074962015512,-0.5317240672588056,-0.36397895650964407,-0.3217505543966422,-0.08673833867598511,0.0,0.10487693873023389,0.11710874456686428,0.3906070436976868,0.6202494859828215,0.7086262721276703,0.6556956262415362,0.6659692373791098,1.1071487177940904,0.5880026035475675,1.1902899496825317,1.0303768265243125,1.5707963267948966,1.7359450042095235,1.892546881191539,-2.214297435588181,-3.050932766389048,-2.819842099193151
2.4936206356892883,0.0,3.058451421701352,3.1016139664665032,3.0727361642887487,2.9708574421145104,3.017237659043032,2.926234953892055,2.8706458032513726,2.827972001373095,2.714965160462917,2.6658974347348012,2.639988599400673,2.7445132083648107,2.44685437739309,2.483704048407583,2.4370985893475754,2.427501954977635,2.1421338066285234,2.2318394956455836,2.0701430484750265,1.8157749899217608,0.7853981633974483,0.0,0.17985349979247828,-0.4636476090008061,-0.3217505543966422,0.0,0.0,0.0,0.0,0.0,0.0,0.0,0.0,0.0,0.0,0.0,-0.8902751021276822,-0.9272952180016122,-0.7853981633974483,-0.7266423406817256,-0.6747409422235526,-0.625485040239229,-0.5028432109278608,-0.5247957716501074,-0.3347368373168147,-0.21406068356382152,-0.047583103276983396,0.11065722117389565,0.2662520491509254,0.25732371497108864,0.4398425828157362,0.6659692373791098,0.6055446636049701,0.5516549825285468,0.8288490587889792,1.1071487177940904,0.9272952180016122,1.1071487177940904,1.8157749899217608,2.279422598922567,3.017237659043032,3.141592653589793
-2.2355708216122423,0.0,2.677945044588987,2.6311043316730176,2.4905159321453136,2.5535900500422257,2.4668517113662407,2.601173153319209,2.3978370692909334,2.457883341955422,2.3373288041706743,2.2502101322027452,2.2763645044801075,2.060753653048625,2.0701430484750265,2.2073045425828477,2.0852476398539244,1.9936502529278373,1.7894652726688385,1.5707963267948966,1.6704649792860586,1.3258176636680326,0.40489178628508343,0.0,-0.4182243295792291,-0.3805063771123649,-0.7853981633974483,0.0,0.0,0.0,0.0,0.0,0.0,0.0,0.0,0.0,0.0,0.0,-1.5707963267948966,-1.4968572891369563,-1.460139105621001,-1.4181469983996315,-1.3078015951139772,-1.2627435457711202,-1.0303768265243125,-1.0303768265243125,-0.6998928697192437,-0.7086262721276703,-0.6528466311007743,-0.4182243295792291,-0.35299038782691045,-0.36397895650964407,0.05549850524571683,0.06241880999595735,0.11710874456686428,0.15264932839526515,0.08314123188844123,0.16514867741462683,0.0,0.5880026035475675,0.8960553845713439,1.7126933813990606,2.62244653934327,2.356194490192345
-2.38648825011112,0.0,-2.587285157388242,-2.6344941491974563,-2.7270857790050074,-2.6344941491974563,-2.677945044588987,-2.8023000391357487,-2.7901478595862415,-2.9286543040103963,-2.999695598985629,-2.922923707715851,-2.9808299129639586,3.141592653589793,3.141592653589793,-3.048115872431204,3.141592653589793,2.961739153797315,2.819842099193151,2.761086276477428,2.4149503129080676,2.761086276477428,1.695151321341658,1.1071487177940904,0.8760580505981934,0.4993467216801301,0.16514867741462683,0.0,0.0,0.0,0.0,0.0,0.0,0.0,0.0,0.0,0.0,0.0,-0.4475199751571699,-0.41012734054149097,-0.41012734054149097,-0.3217505543966422,-0.21866894587394195,-0.11942892601833845,0.04542327942157701,0.19739555984988075,0.17985349979247828,0.48689923181126904,0.4825132950224769,0.4124104415973873,1.0222469243443686,1.1341691669813554,1.1525719972156676,1.1071487177940904,1.299849476456476,1.4940244355251187,1.1583858851975093,1.4288992721907328,1.4876550949064553,2.2455372690184494,2.158798930342464,2.677945044588987,-2.723368324010564,-2.723368324010564
-2.769524894731673,0.0,-1.1174576309403337,-1.0906212971913698,-1.0121970114513341,-1.0370881351556351,-1.1540940660554981,-1.178035661157575,-1.4204248987877621,-1.2758592679460896,-1.2942823801774226,-1.2874883624194424,-1.3854483767992019,-1.3886280163221332,-1.5111656136637273,-1.402900403544522,-1.6252877830356278,-1.631944489444198,-1.8033532685998057,-1.8157749899217608,-1.9295669970654687,-1.9693187724613168,-2.9147938055359073,-2.819842099193151,2.2730532583039036,2.32590073027357,2.10660756475536,0.0,0.0,0.0,0.0,0.0,0.0,0.0,0.0,0.0,0.0,0.0,0.9994588469612699,0.9229848998677982,1.0541011880326194,1.1341691669813554,1.2360594894780819,1.3397056595989996,1.4691074750318196,1.7771202208246142,1.8438050298816073,1.878849107818673,1.965587446494658,2.045196209586804,2.34127022520226,2.3737365502497476,2.1833338834052,2.3036114285814033,2.8828217616260954,2.649783477601095,3.141592653589793,2.7776136970801493,-2.5748634360662868,1.2490457723982544,2.601173153319209,-2.0899424410414196,-1.5152978215491797,-1.2277723863741932
-0.32811989501530536,0.0,-1.3455195475808412,-0.982793723247329,-1.0829598881352542,-1.0164888305933455,-0.9083700329617455,-1.1011964071394988,-0.9863524270855453,-1.2765617616837088,-1.194835372923591,-1.3225064174918286,-1.5302779743165498,-1.4181469983996315,-1.536910996890779,-1.4727510495010574,-1.750649826587375,-1.3494818844471053,-1.6921483273656603,-1.8449637779145553,-1.9138202672156,-2.279422598922567,-2.961739153797315,2.5748634360662868,2.452668265374932,2.095592098445004,2.0626055027835952,0.0,0.0,0.0,0.0,0.0,0.0,0.0,0.0,0.0,0.0,0.0,1.3408918986629919,1.4394808878118086,1.5707963267948966,1.6598459094293945,1.8109673346550696,1.791625096524245,1.8055189392800937,2.0429183091986736,2.158798930342464,2.238102461773251,2.2769954192228936,2.5948038127005457,2.4407382457053433,2.79856871316909,2.6197583737753827,2.58542642346934,2.8828217616260954,2.827360754505455,2.4061528859142878,-3.0916342578678506,2.279422598922567,2.9105019863938963,-0.5880026035475675,-1.5707963267948966,-1.3078015951139772,-1.0563450137358688
-0.32811989501530536,0.0,0.7454194762741583,0.5743048301747018,0.5247957716501074,0.5713374798336268,0.36208740769372844,0.3605660004781059,0.4466038050058087,0.507098504392337,0.3086508670768651,0.3498556018570981,0.21866894587394195,0.19999295660618124,0.06548002492346482,0.05167808448243,0.1555948279770297,0.04345089539153084,-0.11065722117389565,-0.031239833430268277,-0.6435011087932844,-0.9561333748727311,-1.837048375945822,-2.158798930342464,-2.0899424410414196,-2.390663591191853,-2.5040438554511004,0.0,0.0,0.0,0.0,0.0,0.0,0.0,0.0,0.0,0.0,0.0,2.5308666892005847,2.677945044588987,2.604681910849748,2.8134727585744876,2.642245931909663,3.1207623335535764,3.050932766389048,3.1219873227325885,-2.677945044588987,-2.667192770797886,-2.559687535449908,-2.223642957895671,-2.399645385583876,-2.0947156744800957,-2.356194490192345,-2.2318394956455836,-2.05527425583192,-1.8417431771333173,-1.9890206563741257,-1.941687615607559,-1.39408747072486,-1.4876550949064553,-0.7853981633974483,-0.6327488350021832,0.8884797719201485,0.2551823906208184
-0.32811989501530536,0.0,1.2560386654035878,0.982793723247329,1.3258176636680326,1.1737168815699144,0.9162255594715053,1.2712643377249735,1.1071487177940904,1.0502154933032373,0.9505468408120752,0.8902751021276822,0.982793723247329,0.8775732009539101,0.7748722363657229,0.8470483340367073,0.6121524969450833,0.5112307122777895,0.5554937352655436,0.6696389456766376,0.16514867741462683,0.11710874456686428,-0.9272952180016122,-1.1071487177940904,-1.5707963267948966,-1.7748143063874453,-1.892546881191539,0.0,0.0,0.0,0.0,0.0,0.0,0.0,0.0,0.0,0.0,0.0,-3.0356082956001935,-2.819842099193151,-2.7999771629419863,-2.677945044588987,-2.569132839771742,-2.4897235392842165,-2.408777551803287,-2.2655346029916,-2.0844023315176456,-1.9789454305499858,-1.9347752833045406,-1.7975951748487824,-1.5503909961083586,-1.6133238614146808,-1.4489538897749794,-1.5707963267948966,-0.8818719385800352,-1.332960399337446,-1.5063694873693432,-1.3521273809209546,-1.7359450042095235,-1.0191413442663497,2.0344439357957027,2.714965160462917,1.3258176636680326,1.4181469983996315
-0.32811989501530536,0.0,2.800613700093444,2.5127963671743605,2.453447688443911,2.3036114285814033,2.214297435588181,2.174545660192333,2.284154424805517,2.1771792131708594,2.0113266674114096,2.007423486608438,2.0599161323064252,1.9004207342156394,1.8727474886251458,1.787669942461305,1.8325098291961017,1.6730030449021502,1.9018924034990288,1.8650308919060843,1.3986055122719576,1.1801892830972098,0.24497866312686414,-0.11065722117389565,-0.35299038782691045,-1.0240074859056494,-0.7583777142101835,0.0,0.0,0.0,0.0,0.0,0.0,0.0,0.0,0.0,0.0,0.0,-1.7126933813990606,-1.717874682183299,-1.550798992821746,-1.4954674359665565,-1.4089588955564738,-1.373400766945016,-1.1866269624022971,-1.1866269624022971,-1.1156955182267019,-0.7998899024629483,-0.7551044034786732,-0.44610554894340365,-0.5779019369622457,-0.5247957716501074,-0.3851575063634742,-0.2847304385227122,-0.11379200714370806,-0.5016040541891205,-0.22679884805388587,0.0,-0.06656816377582381,2.819842099193151,1.7359450042095235,1.3521273809209546,1.695151321341658,2.356194490192345
-0.8176450458327023,0.0,-2.7509856098921066,-2.723368324010564,-2.7492525093742772,-2.90604767286893,-2.9441970937399127,-2.819842099193151,-2.9594243431170297,-3.0560873599115888,-2.938547436336328,-3.112189365385788,3.0928508022798615,3.113822016996372,2.9340964271545906,2.937574673997245,2.8879185574511506,2.6590793585673165,2.677945044588987,2.539305307454829,2.5535900500422257,1.892546881191539,2.2655346029916,1.5707963267948966,0.4636476090008061,0.21866894587394195,0.3217505543966422,0.0,0.0,0.0,0.0,0.0,0.0,0.0,0.0,0.0,0.0,0.0,-0.8408966686431651,-0.7266423406817256,-0.6202494859828215,-0.6107259643892086,-0.5763752205911837,-0.3671738338182192,-0.3347368373168147,-0.2662520491509254,-0.039978687123290044,0.27094685033842053,0.2662520491509254,0.6202494859828215,0.507098504392337,0.6055446636049701,0.4899573262537283,0.6435011087932844,0.9048270894157867,1.0714496051147666,1.0636978224025597,1.2036224929766774,1.5707963267948966,0.0,1.5707963267948966,-2.9441970937399127,2.761086276477428,3.141592653589793
2.5649317187206697,0.0,-1.892546881191539,-2.432966381462123,-1.7975951748487824,1.4659193880646628,1.695151321341658,2.9562447035940984,1.1232763516377267,1.7681918866447774,-0.7853981633974483,0.9561333748727311,0.0,2.0344439357957027,-0.6435011087932844,0.4764674194737067,0.21866894587394195,0.07130746478529032,0.6998928697192437,2.158798930342464,0.7853981633974483,0.3217505543966422,-0.3805063771123649,2.1193457292454245,2.5360479899848234,2.5535900500422257,1.4840579881189115,0.0,0.0,0.0,0.0,0.0,0.0,0.0,0.0,0.0,0.0,0.0,2.5535900500422257,2.356194490192345,0.7853981633974483,-2.158798930342464,1.5042281630190728,0.5191461142465229,-1.2490457723982544,0.3217505543966422,-0.8519663271732721,0.636508215787951,-0.16514867741462683,1.0934509444212248,0.3947911196997615,0.5104883219167757,0.7853981633974483,0.6327488350021832,0.060532019782107135,-0.5585993153435624,0.8198672643969563,0.08314123188844123,-0.5667292175235064,-0.24497866312686414,0.4993467216801301,-0.8408966686431651,-0.15264932839526515,0.4636476090008061
-2.4186133001883023,0.0,1.5083775167989393,1.1071487177940904,-2.7367008673047097,2.158798930342464,-2.999695598985629,-2.214297435588181,-2.4668517113662407,3.141592653589793,-3.0890095919788516,-2.819842099193151,-2.819842099193151,-2.843093722003614,-2.356194490192345,-2.662073361597197,-2.6311043316730176,-2.256525837701183,-2.429235055495464,-2.0647376957144776,-1.9513027039072615,-2.0491487581735544,-1.8417431771333173,-1.4410937896389846,-1.4352686128093959,-1.373400766945016,-0.8760580505981934,0.0,0.0,0.0,0.0,0.0,0.0,0.0,0.0,0.0,0.0,0.0,-2.5829933382462307,-3.064820762320015,2.3036114285814033,2.746801533890032,2.439335722080786,2.137525544318403,2.279422598922567,2.356194490192345,1.7681918866447774,2.4149503129080676,2.117585167684144,2.0195196708056176,1.7454685258031364,1.7628443440356267,1.7126933813990606,1.5405025668761214,1.545160918273219,1.485291033116692,1.5363272257953886,1.460139105621001,1.3352513460740332,1.4157995848709557,1.3078015951139772,1.433730152484709,1.2490457723982544,1.373400766945016
-0.3185556770880671,0.0,2.1815222911841055,2.647651284670212,2.292451177659658,2.4370985893475754,2.461071428922579,2.546182778111061,2.451146196535101,2.297438667476622,2.356194490192345,2.279422598922567,2.1112158270654806,1.9576720445259248,1.9401299844685223,2.0472637462686034,2.129395642138459,1.9591150449673627,1.923786714621807,1.5707963267948966,1.8157749899217608,1.2490457723982544,0.7853981633974483,0.3217505543966422,0.0,-0.5585993153435624,-0.3671738338182192,0.0,0.0,0.0,0.0,0.0,0.0,0.0,0.0,0.0,0.0,0.0,-2.117585167684144,-2.0701430484750265,-1.892546881191539,-1.9295669970654687,-1.8545904360032244,-1.7359450042095235,-1.5707963267948966,-1.3909428270024184,-1.3909428270024184,-1.2341215074081695,-0.982793723247329,-0.702256931509007,-0.7531512809621944,-0.5337081916392615,-0.625485040239229,-0.5743048301747018,-0.4636476090008061,-0.27094685033842053,-0.2914567944778671,-0.6202494859828215,-0.3805063771123649,-0.14189705460416394,0.7853981633974483,2.761086276477428,-0.8760580505981934,-2.8809902618424523
-0.9090248259535488,0.0,1.4288992721907328,1.1978086049948355,1.3258176636680326,0.9197196053504169,1.4005844015094222,0.9151007005533605,0.9863524270855453,1.0801282686068256,1.082462375738491,0.8542546526984929,0.6240230529767569,0.7957070765436915,0.7615931372123783,0.7216548508647612,0.6327488350021832,0.5790742693677309,0.48833395105640554,0.21406068356382152,0.22208190190548016,-0.3217505543966422,-0.7378150601204649,-1.5707963267948966,-1.6657480331376529,-1.8438050298816073,-2.0812846487116725,0.0,0.0,0.0,0.0,0.0,0.0,0.0,0.0,0.0,0.0,0.0,3.1207623335535764,-3.1198569467480004,-3.079173843593836,-2.952393631489825,-2.9441970937399127,-2.761086276477428,-2.7569879387675797,-2.5482425074330752,-2.2455372690184494,-2.158798930342464,-2.1451011569695986,-1.804539507663798,-1.9018924034990288,-1.7804361726691091,-1.5056711634605107,-1.4659193880646628,-1.642103791580187,-1.5395564933646284,-2.0491487581735544,-1.4536875822280324,-1.5707963267948966,-1.849095985800008,-1.0303768265243125,-2.999695598985629,0.5743048301747018,1.4959364790841299
-0.32811989501530536,0.0,-1.2793395323170296,-1.2490457723982544,-1.1824776086224307,-1.219351532791345,-1.346085158380254,-1.4327903031373772,-1.3339475658479765,-1.4501726582147938,-1.4157995848709557,-1.396124127786657,-1.485291033116692,-1.4801364395941514,-1.642103791580187,-1.6672701019774836,-1.8157749899217608,-1.6539375586833378,-2.0106389096106327,-2.060753653048625,-1.9295669970654687,-2.214297435588181,-2.875340604438868,2.875340604438868,2.5829933382462307,2.7928216500058864,2.5899376710612465,0.0,0.0,0.0,0.0,0.0,0.0,0.0,0.0,0.0,0.0,0.0,0.19739555984988075,0.2629947316809195,0.35877067027057225,0.388318718172466,0.6350267353903137,0.6107259643892086,0.8176450458327023,0.9944211062037129,1.0714496051147666,1.373400766945016,1.356735643231075,1.4876550949064553,1.2924966677897853,1.892546881191539,1.8018869939907938,2.173083672929861,2.1763409903998667,2.1193457292454245,1.9974238199217726,2.214297435588181,2.158798930342464,2.214297435588181,-1.373400766945016,-1.5707963267948966,-1.2924966677897853,-0.982793723247329
3.141592653589793,0.0,-0.20539538918976738,-0.2662520491509254,-0.20539538918976738,-0.4475199751571699,-0.3970794452249823,-0.4398425828157362,-0.5404195002705842,-0.4636476090008061,-0.5713374798336268,-0.691336928769462,-0.6837093116343713,-0.7641247773733871,-0.7419472680059175,-0.9129077216126865,-1.0040671092713902,-0.9025069079643125,-1.1999050379822342,-1.396124127786657,-1.2793395323170296,-1.446441332248135,-2.4668517113662407,-2.782821983319221,3.141592653589793,-3.064820762320015,3.141592653589793,0.0,0.0,0.0,0.0,0.0,0.0,0.0,0.0,0.0,0.0,0.0,1.2753554896511765,1.4056476493802699,1.5707963267948966,1.5707963267948966,1.717874682183299,1.7782925532300993,1.8692952583810758,2.1451011569695986,2.223642957895671,2.4149503129080676,2.4227626539681686,2.788602265762883,2.819842099193151,2.8501358591119264,2.819842099193151,2.9562447035940984,-2.9441970937399127,2.843093722003614,-2.976443976175166,-2.875340604438868,2.4668517113662407,2.761086276477428,-2.356194490192345,-2.0344439357957027,-0.5880026035475675,-0.3805063771123649
2.5649317187206697,0.0,1.4181469983996315,1.2649174553900444,1.3473197256542635,1.2882413743253092,1.2827408797442708,1.1964627107873127,1.0934509444212248,0.9907935525872157,1.1071487177940904,0.7437555842988599,0.9332475286562039,0.8419416003422657,0.8076167287241673,0.8408966686431651,0.7328151017865066,0.6435011087932844,0.3217505543966422,0.7266423406817256,0.15264932839526515,-0.16514867741462683,-0.6202494859828215,-1.1071487177940904,-1.6814535479687922,-1.3258176636680326,-1.642103791580187,0.0,0.0,0.0,0.0,0.0,0.0,0.0,0.0,0.0,0.0,0.0,2.761086276477428,2.8879185574511506,2.8461518164460733,3.017237659043032,3.1031500635686053,-3.0221637275714546,-2.969401839066854,-2.677945044588987,-2.459276098715045,-2.5065659181994793,-2.488746022489019,-2.2706891965141405,-2.125103822996448,-2.185459278717062,-1.9513027039072615,-1.695151321341658,-2.0344439357957027,-1.7454685258031364,-1.695151321341658,-1.460139105621001,-1.837048375945822,-2.356194490192345,-1.5707963267948966,1.7359450042095235,1.5707963267948966,1.7126933813990606
-2.314358450078565,0.0,1.5232132235179132,1.6107750139181867,1.2490457723982544,1.3156139361740782,1.4056476493802699,1.3045442776439713,1.1902899496825317,1.2315037123408519,1.0516502125483738,1.1071487177940904,0.9151007005533605,1.1839206090638685,1.0062269331267966,0.9467732738181398,0.9944211062037129,0.9685089806599324,0.8224182792713783,0.6610431688506869,0.507098504392337,0.24497866312686414,0.4636476090008061,-0.5404195002705842,-1.373400766945016,-1.3045442776439713,-1.5707963267948966,0.0,0.0,0.0,0.0,0.0,0.0,0.0,0.0,0.0,0.0,0.0,2.7270857790050074,3.0727361642887487,-3.0981417581982624,3.0221637275714546,3.141592653589793,-3.050932766389048,-2.677945044588987,-2.5415424401880395,-2.578276392097825,-2.3086113869153615,-2.104504518434158,-2.2318394956455836,-2.321725389192837,-1.6233793884058383,-1.9614033704925835,-1.9513027039072615,-1.5083775167989393,-1.512040504079174,-1.6475682180646747,-1.6539375586833378,-1.2924966677897853,-2.62244653934327,2.819842099193151,-0.16514867741462683,0.982793723247329,1.5707963267948966
-2.825976991551027,0.0,0.04995839572194276,0.27829965900511133,0.07393903765794034,0.03569911267932397,0.0,0.06241880999595735,0.029403288204005115,-0.1460122577112754,-0.15037142800713454,-0.22208190190548016,-0.2247111684146427,-0.2914567944778671,-0.3514447940035517,-0.4182243295792291,-0.5191461142465229,-0.5404195002705842,-0.625485040239229,-0.7853981633974483,-0.7853981633974483,-0.9505468408120752,-1.7126933813990606,-1.9295669970654687,-2.356194490192345,-2.746801533890032,-2.7091848780192556,0.0,0.0,0.0,0.0,0.0,0.0,0.0,0.0,0.0,0.0,0.0,1.5337762109209665,1.6575346654708818,1.8157749899217608,1.7894652726688385,2.095592098445004,1.9055331641117113,2.297438667476622,2.384758148031105,2.452668265374932,2.65711472455277,2.6971734436886945,2.9533711482850227,-3.0940095503128098,3.0916342578678506,-3.046640947247037,3.141592653589793,-2.788602265762883,-3.070285188804503,-2.774418819771574,-2.723368324010564,-2.8501358591119264,-2.498091544796509,-2.677945044588987,3.141592653589793,0.5880026035475675,-0.21866894587394195
-0.32811989501530536,0.0,-1.7681918866447774,-1.6856729322117958,-1.7033478590915707,-1.761980786391911,-1.837048375945822,-1.8295672187585943,-1.8673421358645972,-1.856847768512215,-1.9720251257997454,-2.0481417091685685,-2.022249418347451,-2.086345334253876,-2.0749622882740497,-2.137525544318403,-2.2706891965141405,-2.158798930342464,-2.321725389192837,-2.396173177315635,-2.8501358591119264,-2.9441970937399127,3.141592653589793,2.677945044588987,2.1112158270654806,1.892546881191539,1.7359450042095235,0.0,0.0,0.0,0.0,0.0,0.0,0.0,0.0,0.0,0.0,0.0,-0.3217505543966422,-0.29544083714372,-0.24497866312686414,-0.08314123188844123,0.039978687123290044,0.04164257909858842,0.23374318086890142,0.3217505543966422,0.7188299996216245,0.6528466311007743,0.9380474917927135,0.8621700546672264,1.1284221038181517,1.2793395323170296,1.3370531459259951,1.3633001003596938,1.642103791580187,1.633215136790854,1.4994888620096063,1.4801364395941514,1.7359450042095235,1.4288992721907328,1.5707963267948966,0.19739555984988075,-1.849095985800008,-2.0344439357957027
-2.825976991551027,0.0,2.3086113869153615,2.875340604438868,-1.1659045405098132,3.141592653589793,-2.988943325194528,-1.7454685258031364,-1.6233793884058383,-2.0533096218173736,-2.0899424410414196,-1.750649826587375,-1.7126933813990606,-2.125103822996448,-1.7818896600176433,-1.7539071440573808,-1.5707963267948966,-1.6447353644528369,-1.5273454314033659,-1.4827889532671559,-0.9420000403794636,-0.9420000403794636,-0.9964914966201949,-1.0882830317724197,-0.7086262721276703,-0.17219081452293902,0.21109333322274654,0.0,0.0,0.0,0.0,0.0,0.0,0.0,0.0,0.0,0.0,0.0,-1.5707963267948966,-1.4994888620096063,-2.0344439357957027,-2.1112158270654806,-2.158798930342464,-2.8555412118724752,-2.701750070774057,-2.922923707715851,3.141592653589793,-3.070285188804503,-3.1058935409104693,-3.0072712116368248,2.907849472720892,3.141592653589793,2.9441970937399127,2.7950537891558516,2.9441970937399127,2.7128146261437767,2.711830374493105,2.649783477601095,2.810496576885661,2.4061528859142878,2.4805494847391065,2.5535900500422257,2.32590073027357,2.0988707752212563
-1.633215136790854,0.0,-0.21866894587394195,-0.24497866312686414,-2.0344439357957027,0.9272952180016122,0.7853981633974483,1.3909428270024184,0.8760580505981934,1.0121970114513341,1.5707963267948966,1.7590178320996674,1.776191715984664,1.1659045405098132,1.4352686128093959,1.4056476493802699,1.3258176636680326,1.1902899496825317,1.5337762109209665,1.8449637779145553,1.8438050298816073,1.5707963267948966,2.0032041023654346,2.408777551803287,2.403777593469328,2.8632929945846817,2.79856871316909,0.0,0.0,0.0,0.0,0.0,0.0,0.0,0.0,0.0,0.0,0.0,1.9195673303788037,2.601173153319209,1.5707963267948966,1.849095985800008,0.4636476090008061,1.2679114584199251,0.35877067027057225,0.83798122500839,0.27094685033842053,0.5984188934785372,0.348771003583907,0.21406068356382152,0.4241944079037666,0.12062366858010272,-0.08314123188844123,-0.06241880999595735,0.05549850524571683,0.0,-0.260602391747341,0.0,-0.06241880999595735,-0.23109066719589708,-0.18534794999569476,-0.4964227534048819,-0.4228539261329407,-0.07677189126977804
0.3156156620387663,0.0,-2.843093722003614,-2.356194490192345,-1.1071487177940904,-1.3521273809209546,-0.7188299996216245,-0.982793723247329,0.0,-0.08314123188844123,-0.18534794999569476,-0.5585993153435624,-0.3805063771123649,0.1297025371559121,0.1586552621864014,0.06656816377582381,0.3805063771123649,0.2629947316809195,0.4636476090008061,0.5585993153435624,0.7378150601204649,0.8818719385800352,1.067953115867036,1.3258176636680326,1.7818896600176433,1.873681195169868,1.9832067683922838,0.0,0.0,0.0,0.0,0.0,0.0,0.0,0.0,0.0,0.0,0.0,-1.5273454314033659,-1.1071487177940904,-1.460139105621001,-2.0344439357957027,-2.279422598922567,-1.7782925532300993,-2.516107613350564,-2.427501954977635,-2.677945044588987,-2.4668517113662407,-2.5337906574758327,-2.4227626539681686,-2.4106859464330763,-2.419937802725032,-2.5283853047152838,-2.518393323655727,-2.843093722003614,-2.560836300022123,-2.5860989183242498,-2.711830374493105,-2.4061528859142878,-2.7492525093742772,-2.8370817703876807,-2.677945044588987,-2.451146196535101,3.0419240010986313
0.3156156620387663,0.0,-1.1902899496825317,-1.849095985800008,0.09065988720074511,0.5880026035475675,0.7853981633974483,1.2793395323170296,1.0516502125483738,1.7818896600176433,1.4382447944982226,0.844153986113171,1.4711276743037347,1.5707963267948966,1.299849476456476,1.2120256565243244,1.3521273809209546,1.687905071361761,1.8281200417659853,1.9074711461816238,1.97568811307998,1.8157749899217608,1.97568811307998,2.2730532583039036,2.356194490192345,2.714965160462917,3.079173843593836,0.0,0.0,0.0,0.0,0.0,0.0,0.0,0.0,0.0,0.0,0.0,0.9505468408120752,1.2924966677897853,0.6435011087932844,0.19739555984988075,0.0,0.3217505543966422,-0.11710874456686428,-0.4636476090008061,-0.05258306161094172,-0.20749622643520266,-0.4444192099010989,-0.21406068356382152,-0.4636476090008061,-0.4475199751571699,-0.6202494859828215,-0.5984188934785372,-0.8621700546672264,-0.8685393952858895,-0.4964227534048819,-0.7483780475235183,-0.35877067027057225,-0.5633162614919681,-1.0516502125483738,-1.042721878368537,-1.1071487177940904,-0.9380474917927135
-0.32811989501530536,0.0,-2.743070207923373,-2.8864102629689747,-2.90604767286893,-3.038511045067093,-3.0348569809406576,-2.981679530431574,3.058451421701352,-3.0845118711835284,3.024483909022929,2.999695598985629,2.9546133836708823,3.0072712116368248,3.0309354324158977,2.9105019863938963,3.017237659043032,2.922923707715851,2.7367008673047097,2.819842099193151,2.62244653934327,2.4805494847391065,1.849095985800008,1.4056476493802699,1.446441332248135,1.0121970114513341,0.8329812666744317,0.0,0.0,0.0,0.0,0.0,0.0,0.0,0.0,0.0,0.0,0.0,-2.498091544796509,-2.4227626539681686,-2.2597207150097582,-2.17084654019665,-1.892546881191539,-1.6814535479687922,-1.750649826587375,-1.4288992721907328,-1.1583858851975093,-1.1525719972156676,-0.8884797719201485,-0.7483780475235183,-0.6435011087932844,-0.5880026035475675,-0.5317240672588056,-0.4182243295792291,-0.1746721990082397,-0.4636476090008061,-0.24497866312686414,-0.4636476090008061,-0.7853981633974483,-0.7853981633974483,-1.5707963267948966,-0.7853981633974483,-1.892546881191539,-2.5308666892005847
-0.32811989501530536,0.0,-0.65788860518221,-0.9652516631899266,-1.467003986337854,-1.4665247148672413,-1.8313987185422376,-1.6784861976277172,-1.6551030593211034,-1.5191182423124667,-1.373400766945016,-1.5707963267948966,-1.8545904360032244,-1.4587673643689087,-1.6195381781048281,-1.7928782287003768,-1.6865555445157074,-1.9576720445259248,-1.8157749899217608,-2.1010120995715265,-2.2264919530364327,-2.1995926132103296,-2.312743594800814,-2.761086276477428,2.9441970937399127,2.647651284670212,2.819842099193151,0.0,0.0,0.0,0.0,0.0,0.0,0.0,0.0,0.0,0.0,0.0,-1.2351577764672874,-1.31910635503671,-1.169567527790048,-0.8960553845713439,-0.6489955589965009,-0.9097531579442097,-0.2213144423477913,-0.17985349979247828,-0.07878396098914381,0.0809040991552306,0.4844779290370232,0.7392770473829371,0.7086262721276703,0.9994588469612699,0.8921338360465839,0.9034901918165423,1.3258176636680326,1.0612040619859708,0.9944211062037129,1.7126933813990606,0.982793723247329,0.5104883219167757,0.7378150601204649,-1.4758446204521403,-1.1849136573968229,-0.7378150601204649
-0.8176450458327023,0.0,-0.7853981633974483,0.058755822715722696,-0.019605330857204686,0.2741674511196588,-0.23210383807515567,-0.3625442372645076,-0.028977393851561332,-0.41934164755003,-0.2541247495556341,-0.23040243605886154,-0.3182170001987808,-0.3430239404207034,-0.4804058165830436,-0.3805063771123649,-0.4487233440107211,-0.47249693551706384,-0.5585993153435624,-0.3964412832184413,-0.47501075626509687,-0.507098504392337,-1.2120256565243244,-1.6614562139956417,-1.8281200417659853,-2.1451011569695986,-2.0344439357957027,0.0,0.0,0.0,0.0,0.0,0.0,0.0,0.0,0.0,0.0,0.0,-0.25168997175818675,-0.22679884805388587,-0.20749622643520266,-0.058755822715722696,0.15499674192394097,0.2662520491509254,0.8345388978134685,1.0714496051147666,1.017502001472604,1.1659045405098132,1.5056711634605107,1.8157749899217608,2.068618659411898,1.972666974235353,1.9914596759279317,2.356194490192345,2.10660756475536,1.9359977765830696,1.5291537476963082,2.251317551462111,0.7509290623979403,-0.19739555984988075,1.1071487177940904,0.3430239404207034,-0.6202494859828215,-0.23374318086890142
-1.878193799917718,0.0,-1.6373644905707205,-0.18534794999569476,0.4636476090008061,-1.4711276743037347,1.5707963267948966,0.8960553845713439,1.5707963267948966,1.2220253232109897,0.982793723247329,1.4840579881189115,1.3101939350475555,1.0222469243443686,1.4352686128093959,1.4352686128093959,1.6064954394742206,1.784857010358718,1.8281200417659853,2.05527425583192,1.9295669970654687,1.965587446494658,2.137525544318403,2.6344941491974563,2.843093722003614,3.0090411212931194,3.141592653589793,0.0,0.0,0.0,0.0,0.0,0.0,0.0,0.0,0.0,0.0,0.0,1.1071487177940904,0.9272952180016122,0.6435011087932844,-0.5585993153435624,0.8960553845713439,0.3217505543966422,-0.24497866312686414,0.04345089539153084,0.06241880999595735,-0.16514867741462683,-0.3217505543966422,-0.12435499454676144,-0.25255427577805956,-0.5667292175235064,-0.3743336160075839,-0.3805063771123649,-0.6435011087932844,-0.5693131911006619,-0.6383198080090459,-0.8803498697402047,-0.8913825213870482,-0.960070362405688,-1.0838970949836275,-0.5123894603107377,-1.3521273809209546,-0.8288490587889792
0.06241880999595735,0.0,-0.7568345055586884,-0.6350267353903137,-0.6132073488745093,-0.5971766580926775,-0.724250000748147,-0.8066715494215095,-0.7665324773757776,-0.8253768505207384,-0.9097531579442097,-0.9272952180016122,-1.0447299077981331,-0.9994588469612699,-1.0808390005411683,-1.0191413442663497,-1.0912770348023004,-1.1705556697609225,-1.1284221038181517,-1.3473197256542635,-1.5152978215491797,-1.7033478590915707,-2.0988707752212563,-2.455863142683507,-2.5899376710612465,-2.79856871316909,-2.896613990462929,0.0,0.0,0.0,0.0,0.0,0.0,0.0,0.0,0.0,0.0,0.0,-0.29544083714372,-0.22679884805388587,-0.13552771398550073,0.0,0.16514867741462683,0.33667481938672716,0.5404195002705842,0.7188299996216245,0.9272952180016122,1.1902899496825317,1.2847448850775784,1.5707963267948966,1.633215136790854,1.849095985800008,2.1421338066285234,2.1112158270654806,2.129395642138459,2.137525544318403,1.849095985800008,2.4149503129080676,1.8157749899217608,0.4636476090008061,0.7853981633974483,-0.9272952180016122,-0.19739555984988075,-0.16514867741462683
0.9034901918165423,0.0,0.982793723247329,0.7853981633974483,0.8097835725701669,0.7597627548757708,0.7621465405869854,0.7216548508647612,0.636508215787951,0.6055446636049701,0.6162969373960713,0.5880026035475675,0.5016040541891205,0.5232783221319756,0.3947911196997615,0.4964227534048819,0.48088728019533583,0.4423742229767449,0.2860514417173182,0.11710874456686428,0.07130746478529032,-0.22679884805388587,-0.5880026035475675,-0.982793723247329,-1.460139105621001,-1.3854483767992019,-1.5083775167989393,0.0,0.0,0.0,0.0,0.0,0.0,0.0,0.0,0.0,0.0,0.0,0.9453112865556675,0.982793723247329,1.1659045405098132,1.2924966677897853,1.4659193880646628,1.6704649792860586,1.7561442767905915,1.9100889412489412,2.3086113869153615,2.399645385583876,2.79856871316909,2.8023000391357487,2.9669204545815537,-3.017237659043032,-2.8632929945846817,-2.9340964271545906,-2.9147938055359073,-2.677945044588987,-2.9441970937399127,3.141592653589793,-2.896613990462929,2.761086276477428,2.356194490192345,1.1659045405098132,0.7853981633974483,1.0303768265243125
-0.32811989501530536,0.0,1.4876550949064553,1.7033478590915707,1.5707963267948966,1.5430256902014756,1.6539375586833378,1.6814535479687922,1.5083775167989393,1.485291033116692,1.489892227639666,1.4247840690836213,1.2329181385546182,1.4157995848709557,1.4327903031373772,1.2587542052323633,1.297787623708186,1.3439974787410107,1.2490457723982544,1.0121970114513341,0.6747409422235526,0.982793723247329,0.22679884805388587,0.14189705460416394,-0.3028848683749714,-0.4636476090008061,-0.6055446636049701,0.0,0.0,0.0,0.0,0.0,0.0,0.0,0.0,0.0,0.0,0.0,1.5350972141155728,1.7942729279355296,1.6207547225168393,1.892546881191539,1.9591150449673627,2.0131705497716417,2.2455372690184494,2.65711472455277,2.9441970937399127,3.0750244898139694,3.141592653589793,-2.654693421778524,-2.654693421778524,-2.388441372627599,-2.498091544796509,-2.279422598922567,-2.191045812777718,-2.5360479899848234,-2.704965493776252,-2.432966381462123,-2.0344439357957027,-2.5535900500422257,2.5535900500422257,2.191045812777718,1.892546881191539,1.4711276743037347
3.141592653589793,0.0,1.1071487177940904,1.4288992721907328,2.0344439357957027,-2.9441970937399127,-2.976443976175166,3.141592653589793,2.9147938055359073,2.5702551737561663,2.969401839066854,2.729182211992406,2.79856871316909,3.0221637275714546,3.011890116433881,-2.9441970937399127,-2.999695598985629,-3.1031500635686053,-2.930499320367047,-2.992702705980296,-2.746801533890032,-2.5308666892005847,-2.746801533890032,-2.32590073027357,-2.20354516179708,-2.3086113869153615,-1.7454685258031364,0.0,0.0,0.0,0.0,0.0,0.0,0.0,0.0,0.0,0.0,0.0,-2.3086113869153615,-2.9441970937399127,-2.5127963671743605,-2.601173153319209,3.141592653589793,2.9105019863938963,1.9295669970654687,2.214297435588181,2.3191743743184148,1.9693187724613168,1.9195673303788037,2.2058230621852104,1.6539375586833378,1.7211677548020312,1.800028260071892,1.5102643070127895,1.366778347202348,1.4288992721907328,1.373400766945016,1.331564726831236,1.2753554896511765,1.2793395323170296,1.0863183977578734,1.0222469243443686,1.4108832036366774,1.2924966677897853
3.141592653589793,0.0,-1.5707963267948966,-1.7126933813990606,0.7853981633974483,-0.5123894603107377,-0.35877067027057225,-0.08314123188844123,-0.09966865249116202,0.5317240672588056,0.4636476090008061,0.9272952180016122,0.348771003583907,0.7853981633974483,0.6610431688506869,0.4844779290370232,0.5779019369622457,0.7188299996216245,0.8960553845713439,0.9025069079643125,1.1902899496825317,1.3473197256542635,1.7818896600176433,1.3854483767992019,1.373400766945016,2.0032041023654346,2.601173153319209,0.0,0.0,0.0,0.0,0.0,0.0,0.0,0.0,0.0,0.0,0.0,0.18534794999569476,-0.11065722117389565,-0.11065722117389565,0.09966865249116202,-0.7419472680059175,-0.83798122500839,-0.7853981633974483,-1.0516502125483738,-1.0863183977578734,-1.3554386270971586,-0.702256931509007,-1.5405025668761214,-0.982793723247329,-1.379611867197882,-1.4909663410826592,-1.883697554675281,-1.5707963267948966,-2.09686274579166,-1.5413930385908916,-1.446441332248135,-1.8076450877418169,-1.750649826587375,-1.7818896600176433,-1.9890206563741257,-2.0831857871056343,-1.8157749899217608
3.141592653589793,0.0,3.0090411212931194,-2.4805494847391065,-2.9441970937399127,-1.5707963267948966,-1.9513027039072615,-1.5707963267948966,-2.396173177315635,-2.129395642138459,-2.191045812777718,-2.1112158270654806,-1.892546881191539,-1.9890206563741257,-2.0899424410414196,-1.690225252813235,-1.717874682183299,-1.729451588981298,-1.5707963267948966,-1.6575346654708818,-1.6539375586833378,-1.5707963267948966,-1.6704649792860586,-1.3258176636680326,-0.6327488350021832,-0.8288490587889792,-0.3906070436976868,0.0,0.0,0.0,0.0,0.0,0.0,0.0,0.0,0.0,0.0,0.0,-0.960070362405688,-1.2490457723982544,-0.9272952180016122,-1.892546881191539,-1.2220253232109897,-2.403777593469328,-2.0831857871056343,-2.1421338066285234,-2.356194490192345,-2.5652174329986095,-2.44685437739309,-2.5829933382462307,-2.691833040519954,-3.026716048172894,-3.1031500635686053,-2.8864102629689747,2.9516043656710775,3.0750244898139694,3.050932766389048,2.9147938055359073,2.840672419229368,3.0348569809406576,2.5535900500422257,2.8864102629689747,2.5652174329986095,2.961739153797315
3.141592653589793,0.0,-2.158798930342464,-2.158798930342464,-1.0121970114513341,-1.2490457723982544,-0.5404195002705842,-0.06241880999595735,-0.4899573262537283,-0.22679884805388587,-0.3805063771123649,-0.35877067027057225,-0.372987721800061,-0.09065988720074511,0.04164257909858842,-0.23109066719589708,-0.29544083714372,-0.07393903765794034,0.11065722117389565,0.0,0.4636476090008061,0.30587887140485215,0.27094685033842053,0.7328151017865066,0.9097531579442097,0.982793723247329,1.460139105621001,0.0,0.0,0.0,0.0,0.0,0.0,0.0,0.0,0.0,0.0,0.0,-0.40489178628508343,-0.19739555984988075,-0.7328151017865066,-1.0636978224025597,-1.2490457723982544,-1.695151321341658,-1.5707963267948966,-1.9591150449673627,-1.892546881191539,-1.7126933813990606,-2.0533096218173736,-1.837048375945822,-2.0672190801997785,-2.0344439357957027,-2.0054665419441413,-2.455863142683507,-2.2091161348039425,-2.1421338066285234,-2.3086113869153615,-2.214297435588181,-2.5065659181994793,-2.38321493937961,-2.498091544796509,-2.3818298987140225,-2.6344941491974563,-2.838707785214822
3.141592653589793,0.0,3.141592653589793,-1.0516502125483738,-1.7126933813990606,-0.7853981633974483,-0.4266274931268761,-0.8960553845713439,-0.25732371497108864,-0.13552771398550073,-0.14189705460416394,-0.04542327942157701,-0.13255153229667402,-0.11710874456686428,0.08550529367820464,0.23554498072086333,0.23554498072086333,0.3080527810237764,0.2629947316809195,0.41012734054149097,0.5485494024505281,0.7853981633974483,0.9272952180016122,0.8685393952858895,1.039072259536091,0.9420000403794636,1.3909428270024184,0.0,0.0,0.0,0.0,0.0,0.0,0.0,0.0,0.0,0.0,0.0,0.5880026035475675,0.4636476090008061,0.35877067027057225,0.7853981633974483,-0.6947382761967031,-0.40489178628508343,-0.4636476090008061,-1.1659045405098132,-0.636508215787951,-1.0164888305933455,-0.9097531579442097,-1.2341215074081695,-1.1606689862534056,-1.2252407462131845,-1.4513674007765582,-1.361773383988632,-1.2827408797442708,-1.5363272257953886,-1.7539071440573808,-1.7257930687188376,-1.7475051828649333,-1.642103791580187,-1.6092389168160846,-1.8018869939907938,-2.060753653048625,-2.396173177315635
2.4416997838705496,0.0,-1.0516502125483738,-1.2220253232109897,-0.35877067027057225,-0.7853981633974483,-0.7853981633974483,0.5585993153435624,-0.2860514417173182,0.1746721990082397,0.40489178628508343,0.0,0.5191461142465229,0.35877067027057225,0.7853981633974483,0.21109333322274654,0.7266423406817256,0.6659692373791098,0.8567056281827387,1.0882830317724197,1.1071487177940904,1.039072259536091,1.446441332248135,1.3909428270024184,1.5083775167989393,1.856847768512215,2.0344439357957027,0.0,0.0,0.0,0.0,0.0,0.0,0.0,0.0,0.0,0.0,0.0,0.2662520491509254,0.3217505543966422,-0.09065988720074511,0.0,0.27829965900511133,-0.3671738338182192,-0.7454194762741583,-1.1071487177940904,-0.7483780475235183,-0.9685089806599324,-1.1441688336680205,-1.0838970949836275,-1.1902899496825317,-1.0014831356942346,-1.0121970114513341,-1.2722973952087173,-1.2490457723982544,-1.5707963267948966,-1.366778347202348,-1.4513674007765582,-1.3258176636680326,-1.6856729322117958,-1.5208379310729538,-2.0533096218173736,-1.7126933813990606,-1.849095985800008
3.141592653589793,0.0,2.158798930342464,1.2490457723982544,2.356194490192345,2.922923707715851,-2.601173153319209,-3.070285188804503,-3.017237659043032,2.9441970937399127,2.896613990462929,-2.8555412118724752,3.141592653589793,3.011890116433881,-2.930499320367047,-2.8068558162729786,-3.1031500635686053,-3.0090411212931194,-2.587285157388242,-2.4668517113662407,-2.289626326416521,-2.4756234162106834,-2.158798930342464,-2.0344439357957027,-1.9138202672156,-1.8157749899217608,-1.7126933813990606,0.0,0.0,0.0,0.0,0.0,0.0,0.0,0.0,0.0,0.0,0.0,-2.896613990462929,2.875340604438868,-3.0419240010986313,2.761086276477428,2.312743594800814,2.4668517113662407,2.2264919530364327,2.2752903910371143,2.356194490192345,2.14717154738608,1.837048375945822,2.05527425583192,1.501939837493852,1.5102643070127895,1.5707963267948966,1.4677147182721964,1.4288992721907328,1.332960399337446,1.6614562139956417,1.2870022175865687,1.1071487177940904,1.3854483767992019,1.313472611823808,0.7483780475235183,1.6183794300718801,1.2120256565243244
0.3156156620387663,0.0,0.08314123188844123,-0.24497866312686414,-0.11065722117389565,0.6435011087932844,0.4266274931268761,1.0303768265243125,1.1071487177940904,1.6814535479687922,1.2793395323170296,1.2490457723982544,1.892546881191539,1.5707963267948966,1.460139105621001,1.5707963267948966,1.804539507663798,1.784857010358718,1.8157749899217608,1.8692952583810758,2.3191743743184148,2.38648825011112,2.356194490192345,2.44685437739309,2.819842099193151,-3.0419240010986313,-2.896613990462929,0.0,0.0,0.0,0.0,0.0,0.0,0.0,0.0,0.0,0.0,0.0,1.3521273809209546,1.1071487177940904,0.9272952180016122,0.507098504392337,0.5191461142465229,0.07130746478529032,-0.08314123188844123,0.24497866312686414,0.14189705460416394,-0.10487693873023389,-0.15660187698201536,-0.30587887140485215,-0.037020115873930025,-0.628796286415433,-0.4444192099010989,-0.43662715981354133,-0.48088728019533583,-0.5404195002705842,-0.549853182676585,-0.6162969373960713,-0.6078019961139605,-0.6498704494119476,-0.4899573262537283,-0.5543074962015512,-0.8408966686431651,-0.702256931509007
-0.4764674194737067,0.0,3.0981417581982624,2.969401839066854,2.90604767286893,3.0090411212931194,2.922923707715851,2.82955053202726,2.8674252024701343,2.8473580884786056,2.7367008673047097,2.7069224384405484,2.664247271216121,2.6066375798036967,2.677945044588987,2.5829933382462307,2.5213431676069717,2.498091544796509,2.396173177315635,2.5535900500422257,2.1112158270654806,1.5707963267948966,1.1902899496825317,0.6947382761967031,0.7853981633974483,0.2662520491509254,0.07677189126977804,0.0,0.0,0.0,0.0,0.0,0.0,0.0,0.0,0.0,0.0,0.0,-2.483704048407583,-2.3036114285814033,-2.300695984946628,-2.2752903910371143,-2.2218730482393765,-2.095592098445004,-1.9513027039072615,-1.5707963267948966,-1.727398203776912,-1.5182132651839548,-1.313472611823808,-1.2649174553900444,-1.1071487177940904,-1.1071487177940904,-0.8850668158886104,-0.9097531579442097,-0.6947382761967031,-0.7853981633974483,-0.5404195002705842,-1.2490457723982544,-0.8960553845713439,-1.9513027039072615,-2.44685437739309,-2.9441970937399127,-2.761086276477428,-2.896613990462929
3.141592653589793,0.0,0.870903457075653,0.83798122500839,0.906750163968212,0.8076167287241673,0.8288490587889792,0.7853981633974483,0.76721834832447,0.5800027742076809,0.5880026035475675,0.504165961479153,0.5807563535676704,0.5016040541891205,0.4346702151492448,0.4636476090008061,0.4993467216801301,0.20749622643520266,0.24497866312686414,0.15264932839526515,0.19739555984988075,-0.3805063771123649,-0.9505468408120752,-1.5707963267948966,-1.9295669970654687,-1.6475682180646747,-1.8018869939907938,0.0,0.0,0.0,0.0,0.0,0.0,0.0,0.0,0.0,0.0,0.0,1.4994888620096063,1.5707963267948966,1.6738779353175968,1.6775319994440323,1.9295669970654687,1.925501978805837,2.104504518434158,2.191045812777718,2.461071428922579,2.5269297016676275,2.6992184306130484,2.930499320367047,2.999695598985629,3.079173843593836,-3.0309354324158977,-3.0828368308740703,-2.9562447035940984,3.141592653589793,3.141592653589793,-2.999695598985629,2.601173153319209,2.601173153319209,2.0344439357957027,1.6704649792860586,1.1441688336680205,1.0040671092713902
3.141592653589793,0.0,2.1451011569695986,2.214297435588181,2.0169018757383004,2.2597207150097582,1.9576720445259248,1.9720251257997454,1.9028557943377822,1.8313987185422376,1.892546881191539,1.7861540264926348,1.8157749899217608,1.7681918866447774,1.6041173226731438,1.4994888620096063,1.5707963267948966,1.3397056595989996,1.5083775167989393,1.396124127786657,1.5707963267948966,0.4636476090008061,0.6747409422235526,-0.21866894587394195,-0.6610431688506869,-0.7853981633974483,-0.9272952180016122,0.0,0.0,0.0,0.0,0.0,0.0,0.0,0.0,0.0,0.0,0.0,-2.958481836327309,-2.936197264400026,-2.8785979219088738,-2.8879185574511506,-2.7270857790050074,-2.587285157388242,-2.6590793585673165,-2.601173153319209,-2.393214606066275,-2.223642957895671,-1.9074711461816238,-1.6262948320406134,-1.6814535479687922,-1.5707963267948966,-1.5042281630190728,-1.4876550949064553,-1.4994888620096063,-1.373400766945016,-0.9272952180016122,2.0344439357957027,-2.62244653934327,-2.999695598985629,2.356194490192345,2.44685437739309,2.761086276477428,2.7367008673047097
-0.1253239864915465,0.0,-1.7681918866447774,-1.892546881191539,-1.9513027039072615,-1.7928782287003768,-2.0472637462686034,-1.9359977765830696,-1.9010936816241504,-2.0344439357957027,-2.1353657204629966,-2.1815222911841055,-2.173083672929861,-2.279422598922567,-2.220666776206844,-2.3318090810196264,-2.2218730482393765,-2.4149503129080676,-2.488746022489019,-2.5829933382462307,-2.5308666892005847,3.141592653589793,2.714965160462917,2.9441970937399127,2.498091544796509,1.8692952583810758,1.7681918866447774,0.0,0.0,0.0,0.0,0.0,0.0,0.0,0.0,0.0,0.0,0.0,-1.5083775167989393,-1.423717971406494,-1.433730152484709,-1.2490457723982544,-1.0603080048781208,-1.0040671092713902,-0.8156919233162234,-0.7853981633974483,-0.6435011087932844,-0.5404195002705842,-0.3805063771123649,-0.05258306161094172,0.05258306161094172,0.4636476090008061,0.2984989315861793,0.3671738338182192,0.0,0.4636476090008061,0.27829965900511133,0.11065722117389565,0.4636476090008061,-0.5404195002705842,-1.4056476493802699,-1.3045442776439713,-1.695151321341658,-1.5042281630190728
3.141592653589793,0.0,-0.6528466311007743,-0.5543074962015512,-0.6435011087932844,-0.5790742693677309,-0.6696389456766376,-0.7188299996216245,-0.8550527371260165,-0.9209258773829491,-0.7399748839758713,-0.8850668158886104,-1.0358412530088001,-1.1071487177940904,-1.1525719972156676,-1.1410340476982082,-1.3156139361740782,-1.217805938967986,-1.3101939350475555,-1.4288992721907328,-1.750649826587375,-1.5707963267948966,-2.5535900500422257,-2.723368324010564,-3.050932766389048,2.961739153797315,2.8842689386187046,0.0,0.0,0.0,0.0,0.0,0.0,0.0,0.0,0.0,0.0,0.0,0.037020115873930025,0.24497866312686414,0.3347368373168147,0.30587887140485215,0.4636476090008061,0.6747409422235526,0.8224182792713783,0.7531512809621944,0.9097531579442097,1.1525719972156676,1.446441332248135,1.8157749899217608,1.8157749899217608,1.9138202672156,2.1112158270654806,1.7561442767905915,2.129395642138459,1.7359450042095235,1.9295669970654687,0.7853981633974483,0.6610431688506869,-0.14189705460416394,0.2914567944778671,-1.1902899496825317,-0.4266274931268761,-0.4636476090008061
-2.4186133001883023,0.0,0.960070362405688,0.7853981633974483,0.8176450458327023,0.7853981633974483,0.7157435896688801,0.7157435896688801,0.6747409422235526,0.5971766580926775,0.5232783221319756,0.5554937352655436,0.5516549825285468,0.6240230529767569,0.4964227534048819,0.35877067027057225,0.4636476090008061,0.24497866312686414,0.13255153229667402,0.2984989315861793,-0.24497866312686414,-0.3217505543966422,-1.0303768265243125,-1.2793395323170296,-1.6614562139956417,-1.892546881191539,-1.9295669970654687,0.0,0.0,0.0,0.0,0.0,0.0,0.0,0.0,0.0,0.0,0.0,1.6092389168160846,1.7429871413178357,1.6856729322117958,1.892546881191539,1.878849107818673,2.2058230621852104,2.2058230621852104,2.214297435588181,2.2455372690184494,2.459276098715045,2.677945044588987,3.141592653589793,-3.064820762320015,2.9441970937399127,-2.8632929945846817,-2.8809902618424523,-2.5899376710612465,3.141592653589793,-2.4668517113662407,-2.723368324010564,3.141592653589793,1.892546881191539,2.356194490192345,2.158798930342464,1.0714496051147666,1.1341691669813554
3.141592653589793,0.0,0.03844259002118798,-0.18311081726248413,-0.15264932839526515,-0.10308160852270024,-0.19739555984988075,-0.12062366858010272,-0.19739555984988075,-0.1920480172407301,-0.29654580906970046,-0.5619215622568153,-0.5260664189967634,-0.449759613069839,-0.6310793874713293,-0.5585993153435624,-0.8110335719191258,-0.7583777142101835,-0.6435011087932844,-1.0516502125483738,-0.8621700546672264,-1.7126933813990606,-1.9295669970654687,-2.5829933382462307,-2.746801533890032,-2.5535900500422257,-3.0860941483440762,0.0,0.0,0.0,0.0,0.0,0.0,0.0,0.0,0.0,0.0,0.0,0.6857295109062863,0.8519663271732721,0.9723774333163594,1.124690777851493,1.2870022175865687,1.0882830317724197,1.373400766945016,1.6614562139956417,1.6475682180646747,1.695151321341658,2.0131705497716417,2.0106389096106327,2.356194490192345,2.356194490192345,2.5829933382462307,2.723368324010564,2.62244653934327,2.875340604438868,2.647651284670212,1.892546881191539,1.5707963267948966,-1.5707963267948966,0.4636476090008061,0.8621700546672264,0.6747409422235526,0.3805063771123649
3.141592653589793,0.0,1.2722973952087173,1.0358412530088001,0.8960553845713439,1.0516502125483738,1.0405805540182667,0.982793723247329,0.9670469933974603,0.8238407534186363,0.8058034940839864,0.8270407424960368,0.702256931509007,0.8270407424960368,0.690446457054692,0.5693131911006619,0.628796286415433,0.5485494024505281,0.4636476090008061,0.19739555984988075,0.15264932839526515,-0.12435499454676144,-0.6947382761967031,-1.3258176636680326,-1.2490457723982544,-1.3854483767992019,-1.7033478590915707,0.0,0.0,0.0,0.0,0.0,0.0,0.0,0.0,0.0,0.0,0.0,1.5063694873693432,1.6030432092301505,1.6814535479687922,1.7818896600176433,1.7942729279355296,2.137525544318403,2.158798930342464,2.1962813670341257,2.323947607757091,2.578276392097825,2.593043251139265,3.096169374168216,3.058451421701352,-2.9562447035940984,-2.6292031932790554,-2.7367008673047097,-2.896613990462929,-2.6135182051634334,-2.976443976175166,-2.677945044588987,2.819842099193151,3.141592653589793,1.9513027039072615,1.3258176636680326,1.6614562139956417,1.2649174553900444
3.141592653589793,0.0,2.104504518434158,2.2831539248892256,2.0344439357957027,1.9379701606131159,2.0106389096106327,1.97568811307998,1.883697554675281,1.884416979011595,1.7738415440483617,1.7894652726688385,1.7454685258031364,1.730709449953116,1.8076450877418169,1.5707963267948966,1.5308176396716067,1.4410937896389846,1.2924966677897853,1.6539375586833378,1.3045442776439713,0.8519663271732721,0.0,0.17985349979247828,-0.24497866312686414,-0.5880026035475675,-0.7853981633974483,0.0,0.0,0.0,0.0,0.0,0.0,0.0,0.0,0.0,0.0,0.0,2.7367008673047097,2.904743892642873,2.8890383778117337,3.107123552590285,-3.104572537715863,-3.058451421701352,-2.8461518164460733,-2.796037073008081,-2.5652174329986095,-2.384758148031105,-2.1451011569695986,-2.0344439357957027,-1.9513027039072615,-1.878849107818673,-1.512040504079174,-1.6295521495106193,-1.7975951748487824,-1.5707963267948966,-1.9974238199217726,-1.9513027039072615,-2.8501358591119264,-2.714965160462917,2.875340604438868,2.4668517113662407,2.129395642138459,2.5899376710612465
2.4416997838705496,0.0,-2.8685839505030826,-2.964883797519757,-3.0727361642887487,-3.110352820159525,-3.058451421701352,3.0628086926006493,3.113822016996372,3.113028995751033,2.9286543040103963,3.0035866299322738,2.896613990462929,2.82955053202726,2.720173446701989,2.843093722003614,2.7091848780192556,2.642245931909663,2.393214606066275,2.455863142683507,2.214297435588181,1.892546881191539,1.460139105621001,0.4636476090008061,0.7328151017865066,0.4636476090008061,0.49394136891958124,0.0,0.0,0.0,0.0,0.0,0.0,0.0,0.0,0.0,0.0,0.0,-2.2831539248892256,-2.1401095178955587,-2.0032041023654346,-1.9379701606131159,-1.9138202672156,-1.690225252813235,-1.5308176396716067,-1.4410937896389846,-1.356735643231075,-1.1824776086224307,-1.0863183977578734,-0.8253768505207384,-0.4844779290370232,-0.5191461142465229,-0.5191461142465229,-0.3805063771123649,-0.24497866312686414,-0.24497866312686414,-0.8519663271732721,0.0,-1.1902899496825317,-1.892546881191539,-1.8157749899217608,-2.62244653934327,-2.976443976175166,-3.050932766389048
0.3156156620387663,0.0,2.601173153319209,1.7894652726688385,2.44685437739309,3.141592653589793,-3.0750244898139694,-3.017237659043032,-2.393214606066275,-2.516107613350564,-2.3191743743184148,-2.129395642138459,-2.2455372690184494,-2.279422598922567,-1.9853032013796825,-1.761980786391911,-2.0195196708056176,-1.8817946074004375,-1.8622531212727638,-1.80634130751576,-1.4288992721907328,-1.6614562139956417,-1.4659193880646628,-1.217805938967986,-0.3671738338182192,-0.8329812666744317,-0.5880026035475675,0.0,0.0,0.0,0.0,0.0,0.0,0.0,0.0,0.0,0.0,0.0,-1.9890206563741257,-2.3086113869153615,-2.297438667476622,-1.9513027039072615,-2.62244653934327,-2.9441970937399127,3.058451421701352,3.0916342578678506,-3.0890095919788516,2.723368324010564,2.7928216500058864,2.6311043316730176,2.8785979219088738,2.5088438185876103,2.3305590816706676,2.7032560937318353,2.451146196535101,2.356194490192345,2.321725389192837,2.3805798993650633,2.300695984946628,2.0672190801997785,2.279422598922567,2.2730532583039036,2.356194490192345,2.2264919530364327
-0.4764674194737067,0.0,-2.647651284670212,-2.289626326416521,2.875340604438868,-2.498091544796509,-2.214297435588181,-1.6539375586833378,-1.4288992721907328,-0.8519663271732721,-1.5707963267948966,-1.3078015951139772,-0.7853981633974483,-1.3521273809209546,-1.460139105621001,-1.0405805540182667,-1.0370881351556351,-1.1361261116456518,-1.1659045405098132,-0.8850668158886104,-0.6435011087932844,-0.25732371497108864,-0.4636476090008061,-0.3671738338182192,-0.507098504392337,0.12435499454676144,0.7853981633974483,0.0,0.0,0.0,0.0,0.0,0.0,0.0,0.0,0.0,0.0,0.0,-1.4711276743037347,-1.460139105621001,-1.695151321341658,-1.5707963267948966,-2.0344439357957027,-2.1995926132103296,-2.356194490192345,-2.593043251139265,-2.7270857790050074,-2.6387494426619322,-2.8890383778117337,-2.819842099193151,-2.988943325194528,-2.8501358591119264,-2.981679530431574,3.104572537715863,-2.8501358591119264,3.141592653589793,3.0535852800620527,2.9708574421145104,2.761086276477428,-3.054854314913808,2.8685839505030826,2.936197264400026,2.7367008673047097,2.896613990462929
-0.4764674194737067,0.0,-1.6475682180646747,-1.2120256565243244,-1.5707963267948966,-1.4659193880646628,-1.208252089530389,-1.4327903031373772,-1.6262948320406134,-1.837048375945822,-1.6856729322117958,-1.5957911204138169,-1.8449637779145553,-1.800028260071892,-1.892546881191539,-1.9347752833045406,-1.9693187724613168,-2.1193457292454245,-2.2367655641740063,-2.356194490192345,-2.642245931909663,-3.050932766389048,3.141592653589793,2.498091544796509,2.289626326416521,2.158798930342464,1.8157749899217608,0.0,0.0,0.0,0.0,0.0,0.0,0.0,0.0,0.0,0.0,0.0,0.17985349979247828,0.34555558058171215,0.3097029445424562,0.40489178628508343,0.5191461142465229,0.5880026035475675,0.7531512809621944,0.8519663271732721,1.0074800653029286,0.8621700546672264,1.1309537439791604,1.373400766945016,1.5707963267948966,1.5042281630190728,1.4536875822280324,1.8313987185422376,1.9890206563741257,1.9890206563741257,1.892546881191539,1.1071487177940904,2.677945044588987,-1.0121970114513341,-1.1071487177940904,-1.5707963267948966,-0.4636476090008061,-1.4711276743037347
-0.32811989501530536,0.0,-2.3036114285814033,-2.3695270334864906,-2.76786583362424,-2.379999516377415,-2.388441372627599,-2.7211873023870505,-2.5065659181994793,-2.581795734028369,-2.457883341955422,-2.7348455818638224,-2.609270142356947,-2.8632929945846817,-2.7367008673047097,-2.620454510105675,-2.9639964863063053,-2.939830309269506,-3.0309354324158977,2.988943325194528,2.9562447035940984,2.539305307454829,1.5707963267948966,1.2277723863741932,1.2490457723982544,0.9453112865556675,1.3258176636680326,0.0,0.0,0.0,0.0,0.0,0.0,0.0,0.0,0.0,0.0,0.0,-0.8139618212362083,-0.866302262552679,-0.6898000447336079,-0.7248661436153412,-0.6043055068662296,-0.5827394942499722,-0.3699060674565577,-0.2754261036960354,-0.260602391747341,-0.02563540852167748,0.07878396098914381,0.12135200057076367,0.16514867741462683,0.3759609538713056,0.4899573262537283,0.24497866312686414,0.25732371497108864,-0.3217505543966422,0.27829965900511133,-1.4056476493802699,-0.27829965900511133,-1.35970299357215,0.0,-1.3909428270024184,-1.729451588981298,-2.0106389096106327
-0.32811989501530536,0.0,-1.0026915943204695,-0.9006742893684003,-0.8270407424960368,-0.9380474917927135,-0.8062284834336654,-1.1801892830972098,-1.467003986337854,-1.334551066076459,-1.1623074337222694,-0.8934098880974947,-1.215160442494137,-1.2882413743253092,-1.2204821145594944,-1.373400766945016,-1.4438235371808177,-1.3868528702577214,-1.5152978215491797,-1.446441332248135,-1.373400766945016,-1.856847768512215,-2.2730532583039036,3.050932766389048,-2.743070207923373,2.6590793585673165,2.937574673997245,0.0,0.0,0.0,0.0,0.0,0.0,0.0,0.0,0.0,0.0,0.0,0.4377913036415464,0.34161549064780716,0.5144513130590278,0.6043055068662296,0.7419472680059175,0.9314104211087237,0.9314104211087237,0.9652516631899266,1.1071487177940904,1.4254863161591944,1.5096481641455954,1.8662371639386166,1.7634970854572822,1.883697554675281,1.687905071361761,1.4940244355251187,1.7607846147136124,2.20354516179708,0.8478169733934057,1.0516502125483738,1.4056476493802699,-1.042721878368537,-1.3258176636680326,-1.0714496051147666,-0.6435011087932844,-0.9314104211087237
-0.32811989501530536,0.0,0.39852244566642026,0.20749622643520266,0.10768987083282068,0.0688564893010446,0.06442683942555355,0.060532019782107135,-0.07130746478529032,-0.21109333322274654,-0.260602391747341,-0.10673567264913565,-0.23860932250820097,-0.3805063771123649,-0.2536740961386427,-0.5585993153435624,-0.36397895650964407,-0.6022873461349642,-0.7378150601204649,-0.6327488350021832,-1.1441688336680205,-1.7126933813990606,-1.5707963267948966,-2.4227626539681686,-2.62244653934327,-2.7091848780192556,-2.62244653934327,0.0,0.0,0.0,0.0,0.0,0.0,0.0,0.0,0.0,0.0,0.0,1.5308176396716067,1.729451588981298,1.8399638195805972,1.80634130751576,1.892546881191539,2.0516836069902324,1.9591150449673627,2.17084654019665,2.408777551803287,2.384758148031105,2.654693421778524,2.677945044588987,2.9340964271545906,2.788602265762883,2.701750070774057,2.930499320367047,-3.024483909022929,2.601173153319209,2.601173153319209,2.44685437739309,-2.677945044588987,2.677945044588987,-2.356194490192345,0.5404195002705842,0.3671738338182192,0.7419472680059175
-0.4764674194737067,0.0,1.4559197213779975,1.4056476493802699,1.1705556697609225,1.0768549578753155,1.1361261116456518,0.982793723247329,1.0636978224025597,1.069192272605776,1.1071487177940904,0.9097531579442097,0.7621465405869854,0.906750163968212,0.7044940642422177,0.712357598094329,0.8176450458327023,0.6022873461349642,0.6202494859828215,0.4636476090008061,-0.09966865249116202,-0.3805063771123649,-0.40489178628508343,-1.4711276743037347,-1.3258176636680326,-1.7033478590915707,-1.97568811307998,0.0,0.0,0.0,0.0,0.0,0.0,0.0,0.0,0.0,0.0,0.0,2.5444159954971157,2.714965160462917,2.649783477601095,2.774418819771574,2.6607053733944572,2.999695598985629,-3.0750244898139694,-2.999695598985629,-2.976443976175166,-3.0221637275714546,-2.677945044588987,-2.609868586330988,-2.473303234759209,-2.4805494847391065,-2.14717154738608,-2.1112158270654806,-2.5213431676069717,-2.1995926132103296,-2.356194490192345,-2.677945044588987,-2.896613990462929,2.8501358591119264,1.1071487177940904,1.373400766945016,1.7975951748487824,1.7063240407803975
2.89288266449627,0.0,-0.11065722117389565,-0.43240777557053783,-0.34555558058171215,-0.4795192919925962,-0.3805063771123649,-0.6747409422235526,-0.47835243137865757,-0.7399748839758713,-0.6947382761967031,-0.8253768505207384,-0.8685393952858895,-0.9505468408120752,-0.8465463260467495,-1.0040671092713902,-0.866302262552679,-1.2068173702852525,-1.2120256565243244,-1.5707963267948966,-1.3397056595989996,-1.6475682180646747,-2.356194490192345,-2.723368324010564,3.141592653589793,2.774418819771574,3.017237659043032,0.0,0.0,0.0,0.0,0.0,0.0,0.0,0.0,0.0,0.0,0.0,0.8850668158886104,1.1562894522101106,1.1705556697609225,1.2120256565243244,1.4056476493802699,1.2827408797442708,1.2924966677897853,1.4940244355251187,1.825978717415715,1.7975951748487824,1.7004988639508087,1.8692952583810758,2.601173153319209,2.439335722080786,2.3086113869153615,2.488746022489019,2.4149503129080676,2.289626326416521,2.5829933382462307,-2.8632929945846817,0.8760580505981934,1.2490457723982544,0.3217505543966422,-0.5404195002705842,-0.6202494859828215,-0.2914567944778671
-1.9058794244856845,0.0,-2.323947607757091,-2.432966381462123,-2.543173760111256,-2.4775464907631086,-2.5948038127005457,-2.691833040519954,-2.6632402222111358,-2.6632402222111358,-2.819842099193151,-2.9037567261323427,-2.8501358591119264,-3.067653615931853,-3.0045264792796056,-2.961739153797315,3.099950074491205,2.9441970937399127,2.819842099193151,2.9147938055359073,3.0309354324158977,2.432966381462123,1.5707963267948966,0.9505468408120752,1.1659045405098132,0.7853981633974483,0.7853981633974483,0.0,0.0,0.0,0.0,0.0,0.0,0.0,0.0,0.0,0.0,0.0,-1.1071487177940904,-0.844153986113171,-0.8124186125847132,-0.6107259643892086,-0.6610431688506869,-0.5763752205911837,-0.4636476090008061,-0.5280744484263596,-0.5585993153435624,-0.21109333322274654,0.0,0.24497866312686414,0.18822150530477075,0.6659692373791098,0.3217505543966422,0.3947911196997615,0.24497866312686414,-0.4636476090008061,0.5585993153435624,0.5880026035475675,-2.356194490192345,-2.0344439357957027,-1.5707963267948966,-1.7126933813990606,-2.0344439357957027,-1.9890206563741257
-2.38648825011112,0.0,1.4536875822280324,2.356194490192345,1.0121970114513341,3.141592653589793,-1.1659045405098132,2.843093722003614,2.838707785214822,2.7091848780192556,2.651635327336065,2.9105019863938963,-2.7790484163252858,-2.8685839505030826,-3.0309354324158977,2.8023000391357487,-2.9441970937399127,-3.1058935409104693,-2.8083483524781205,-2.8632929945846817,-2.677945044588987,-2.587285157388242,-2.4805494847391065,-1.5707963267948966,-1.5707963267948966,-1.6575346654708818,-1.5707963267948966,0.0,0.0,0.0,0.0,0.0,0.0,0.0,0.0,0.0,0.0,0.0,-3.017237659043032,-2.677945044588987,-2.961739153797315,2.9441970937399127,2.761086276477428,2.723368324010564,1.9974238199217726,2.0831857871056343,1.7607846147136124,1.7782925532300993,1.7004988639508087,1.380808038876181,1.4743225516123097,1.4108832036366774,1.1618884978439712,1.39408747072486,1.1618884978439712,1.4743225516123097,1.1801892830972098,1.1525719972156676,1.0460005551447893,1.0370881351556351,0.982793723247329,1.3521273809209546,0.6823165548747481,0.982793723247329
2.998434565606144,0.0,-2.4227626539681686,-1.2490457723982544,-1.5707963267948966,-1.2722973952087173,-0.7086262721276703,-0.8621700546672264,-0.09495170634275632,0.0,0.0,0.11065722117389565,-0.21406068356382152,-0.23374318086890142,0.23554498072086333,0.14888994760949725,0.15991312315821926,0.03844259002118798,0.348771003583907,0.5404195002705842,0.6435011087932844,0.9944211062037129,0.8621700546672264,1.1902899496825317,1.382574821490126,1.4288992721907328,2.05527425583192,0.0,0.0,0.0,0.0,0.0,0.0,0.0,0.0,0.0,0.0,0.0,0.09065988720074511,-0.27094685033842053,-0.3217505543966422,-0.7853981633974483,-0.844153986113171,-1.1071487177940904,-1.2793395323170296,-1.4056476493802699,-1.317122230656254,-1.6738779353175968,-1.3370531459259951,-1.4536875822280324,-1.6588037003226375,-1.6588037003226375,-1.5350972141155728,-1.6784861976277172,-1.7928782287003768,-1.7016237228689535,-2.1353657204629966,-2.0214576528755304,-1.9451299428024806,-1.856847768512215,-2.0491487581735544,-2.1815222911841055,-1.9347752833045406,-1.9693187724613168
-2.769524894731673,0.0,-0.6747409422235526,0.0,3.141592653589793,-0.6202494859828215,0.07677189126977804,-0.7853981633974483,0.0,0.18534794999569476,0.11942892601833845,-0.5028432109278608,-0.17219081452293902,-0.04542327942157701,0.22347660114063303,0.20539538918976738,0.0688564893010446,0.5144513130590278,0.4475199751571699,0.6000502134017536,0.5880026035475675,1.0040671092713902,0.9151007005533605,1.35970299357215,1.1525719972156676,1.373400766945016,1.5707963267948966,0.0,0.0,0.0,0.0,0.0,0.0,0.0,0.0,0.0,0.0,0.0,0.9151007005533605,0.9272952180016122,0.21866894587394195,0.12435499454676144,-0.16514867741462683,-0.9097531579442097,-0.4844779290370232,-0.5880026035475675,-0.8198672643969563,-0.8850668158886104,-0.9025069079643125,-0.8960553845713439,-1.0121970114513341,-0.982793723247329,-1.3487144248894165,-1.2698760924344714,-1.3854483767992019,-1.4010180528265581,-1.463106455962076,-1.761980786391911,-1.5042281630190728,-1.664273107953486,-1.299849476456476,-1.6183794300718801,-1.7782925532300993,-1.5707963267948966
-2.38648825011112,0.0,0.19739555984988075,0.2662520491509254,0.21866894587394195,0.09966865249116202,0.09966865249116202,-0.3217505543966422,-0.37089128881266237,-0.5633162614919681,-0.4636476090008061,-0.058755822715722696,-0.9420000403794636,0.0,-1.217805938967986,-1.3101939350475555,-0.5404195002705842,-1.4801364395941514,-0.982793723247329,-2.677945044588987,-2.297438667476622,0.0,-1.9513027039072615,-1.892546881191539,2.158798930342464,2.8632929945846817,2.0344439357957027,0.0,0.0,0.0,0.0,0.0,0.0,0.0,0.0,0.0,0.0,0.0,-2.819842099193151,3.141592653589793,2.999695598985629,2.992702705980296,-3.046640947247037,-3.070285188804503,-2.729182211992406,3.054854314913808,-2.7367008673047097,-2.587285157388242,-2.8632929945846817,-2.9441970937399127,-2.327630832353585,-2.601173153319209,-2.774418819771574,-2.838707785214822,-2.833539872566017,-2.4149503129080676,-2.896613990462929,-2.677945044588987,-2.819842099193151,0.16514867741462683,2.0778948311872334,2.356194490192345,0.0,1.1071487177940904
1.9832067683922838,0.0,2.158798930342464,2.0736395377227574,2.173083672929861,1.9195673303788037,1.7539071440573808,1.878849107818673,1.5707963267948966,1.750649826587375,1.642103791580187,1.716808584506172,1.3876855095324125,1.4288992721907328,1.7415315382701795,1.7033478590915707,1.4352686128093959,1.892546881191539,1.2490457723982544,1.6814535479687922,1.5707963267948966,-0.6435011087932844,0.8960553845713439,1.892546881191539,-0.12435499454676144,-0.3671738338182192,-0.6202494859828215,0.0,0.0,0.0,0.0,0.0,0.0,0.0,0.0,0.0,0.0,0.0,2.7928216500058864,2.723368324010564,3.070285188804503,3.141592653589793,-3.0860941483440762,3.113028995751033,-2.6954871046463897,-3.0628086926006493,3.141592653589793,-2.999695598985629,-2.37314201999875,-2.543173760111256,-2.1995926132103296,-2.356194490192345,-2.819842099193151,-1.690225252813235,-2.2318394956455836,-2.8555412118724752,-2.432966381462123,0.14189705460416394,-2.1995926132103296,0.0,1.7033478590915707,0.0,2.819842099193151,3.141592653589793
-2.38648825011112,0.0,-0.5729661428887062,-1.6388727850528961,-1.223410363876577,-1.0516502125483738,-1.261865582871155,-1.6921483273656603,-1.727398203776912,-1.7004988639508087,-1.9100889412489412,-1.9100889412489412,-1.7521161011963868,-2.241940162230905,-1.957133541616211,-2.5748634360662868,-2.2627177090337556,-2.2873380008913005,-2.191045812777718,-2.539305307454829,2.8555412118724752,-2.90604767286893,1.97568811307998,2.485897027348257,1.7681918866447774,1.2870022175865687,1.7942729279355296,0.0,0.0,0.0,0.0,0.0,0.0,0.0,0.0,0.0,0.0,0.0,1.0232340908548991,1.1441688336680205,1.0303768265243125,1.1902899496825317,1.1872688108379048,1.3090828243936916,1.361773383988632,1.5131678993174227,1.4506875912279837,1.6396528160959412,1.690225252813235,1.6085142792617608,1.6539375586833378,1.9784278322525235,1.6845883339386047,1.4288992721907328,1.4801364395941514,1.6856729322117958,1.3439974787410107,1.4711276743037347,0.982793723247329,-0.40489178628508343,1.373400766945016,0.3671738338182192,-1.1978086049948355,-0.9324765187858508
-2.769524894731673,0.0,0.9075933340888034,-0.02702044918726479,0.6518691143055769,0.8865015351337469,0.8641821243865921,-0.01999733397315053,0.31475766139130884,0.40489178628508343,-0.1283232276857948,0.0,-0.039195601927054714,0.17324566645236494,-0.18998828791871572,-0.1707352114752828,-0.0407936828678654,-0.2942345651111878,-0.1767088560700366,-0.3868757177310281,-0.4636476090008061,-0.5880026035475675,-0.7853981633974483,-1.8692952583810758,-2.279422598922567,-2.1401095178955587,-2.432966381462123,0.0,0.0,0.0,0.0,0.0,0.0,0.0,0.0,0.0,0.0,0.0,1.7804361726691091,1.8387067492182363,1.9591150449673627,2.0115471745743188,2.123637548387436,2.138901059269324,2.2427594983851287,2.378917851033986,2.569132839771742,2.558516118570649,2.5981150588767497,2.825976991551027,2.79856871316909,2.852088981628405,2.845046844520093,2.909035711784884,-2.82955053202726,2.616796881939686,2.9669204545815537,2.1112158270654806,3.141592653589793,2.677945044588987,0.7086262721276703,0.37089128881266237,2.173083672929861,0.4636476090008061
-0.3666376408401143,0.0,0.10673567264913565,0.8117078806503705,0.5633162614919681,0.20065287731988662,-0.19118445959701444,-0.1470783553884025,0.3337021765375503,0.0,0.1343214419529685,0.18534794999569476,-0.18998828791871572,0.0,-0.12435499454676144,-0.04345089539153084,-0.4856220932974687,-0.8029402234548508,-1.0191413442663497,-0.8224182792713783,-0.7454194762741583,-0.9272952180016122,-1.5707963267948966,-2.356194490192345,-2.6387494426619322,-2.7091848780192556,2.992702705980296,0.0,0.0,0.0,0.0,0.0,0.0,0.0,0.0,0.0,0.0,0.0,2.4937812266626946,2.711830374493105,2.782821983319221,2.7367008673047097,2.838707785214822,2.8253065256776386,2.8083483524781205,2.9116882254578886,3.0771658141642395,2.9441970937399127,3.0916342578678506,-3.017237659043032,-3.0816644984685855,-2.8864102629689747,-2.782821983319221,-2.7950537891558516,-2.647651284670212,-2.782821983319221,-2.779863412069861,-3.058451421701352,2.44685437739309,-2.6292031932790554,1.4711276743037347,2.875340604438868,0.09966865249116202,1.1410340476982082
2.998434565606144,0.0,-0.9224643377076359,-0.26984915593846925,-1.4181469983996315,-1.037952439175508,-1.2490457723982544,-1.0701286019201606,-1.2304143881529896,-1.412706355673211,-1.35970299357215,-1.4833009859925053,-1.6183794300718801,-1.3935709418451772,-1.3932001595114087,-1.6575346654708818,-1.898916221810202,-1.6092389168160846,-1.6775319994440323,-2.452668265374932,-1.9890206563741257,3.141592653589793,-2.677945044588987,1.837048375945822,2.356194490192345,2.393214606066275,1.9513027039072615,0.0,0.0,0.0,0.0,0.0,0.0,0.0,0.0,0.0,0.0,0.0,0.7853981633974483,0.7615931372123783,1.033885584054851,0.9561333748727311,1.0067126057452396,1.1543577096033049,1.005312438640072,1.254510198882742,1.271020256694917,1.4442041995149246,1.5131678993174227,1.5070530142622096,1.473069419436178,1.5458015331759765,1.750649826587375,1.7928782287003768,1.892546881191539,1.7681918866447774,1.7894652726688385,1.0743735733900148,1.4743225516123097,0.7853981633974483,0.2860514417173182,-0.7378150601204649,0.0,-0.5713374798336268
-2.769524894731673,0.0,-1.356735643231075,-1.892546881191539,-2.323947607757091,-1.5707963267948966,-2.316215803069055,-2.1527014449347823,-2.399645385583876,-2.1273956448051194,-2.2706891965141405,-2.129395642138459,-2.4265009543109692,-2.356194490192345,-2.0183163019520665,-2.223642957895671,-2.187987718335259,-2.453921397551064,-2.677945044588987,-2.6590793585673165,-2.7509856098921066,-3.064820762320015,2.819842099193151,1.7234456551901618,2.060753653048625,1.825978717415715,1.5707963267948966,0.0,0.0,0.0,0.0,0.0,0.0,0.0,0.0,0.0,0.0,0.0,-1.0918827282473107,-1.0729739941778955,-1.027318732081853,-0.8934098880974947,-0.8081215242390893,-0.7378150601204649,-0.636508215787951,-0.5170319524915414,-0.4964227534048819,-0.1939591472598931,-0.16514867741462683,0.02499479361892016,0.0,-0.058755822715722696,0.0302937599187751,0.4636476090008061,0.06442683942555355,0.3217505543966422,0.4825132950224769,-0.21866894587394195,0.5667292175235064,-0.9453112865556675,-0.21109333322274654,-0.702256931509007,-0.960070362405688,-2.761086276477428
2.6651252341160867,0.0,-1.4677147182721964,-1.9222411207984482,-2.593043251139265,-2.2612427838495885,-1.8281200417659853,-1.6598459094293945,-2.407431657595764,-2.0852476398539244,-1.9195673303788037,-2.5065659181994793,-2.234842489621581,-2.5967287381382493,-2.4932606645025324,-2.7532739354173272,-2.457883341955422,-2.44685437739309,-2.7901478595862415,-3.0981417581982624,-2.601173153319209,2.976443976175166,-3.0419240010986313,2.432966381462123,1.4659193880646628,1.7063240407803975,1.3986055122719576,0.0,0.0,0.0,0.0,0.0,0.0,0.0,0.0,0.0,0.0,0.0,-0.8393996637734166,-0.6478114269270985,-0.5785242144177053,-0.49394136891958124,-0.4026546535518728,-0.4072558480748468,-0.34038193864190697,-0.05352026845931512,-0.017542060057402487,0.05258306161094172,0.18648690166721676,0.28379410920832787,0.30161904626623964,0.35877067027057225,0.3142318990843383,0.5813801838048998,0.8058034940839864,0.5880026035475675,0.3392926144540447,-0.12435499454676144,-0.21866894587394195,-1.6539375586833378,-0.06442683942555355,-1.5707963267948966,-1.5422326689561365,-1.9222411207984482
-0.32811989501530536,0.0,-0.8760580505981934,-0.6570749357116535,-0.8288490587889792,-1.1263771168937977,-1.403153888963681,-0.5052901880993945,-1.3694792184202558,-1.1131366701780037,-1.1309537439791604,-1.8662371639386166,-1.844455647876987,-1.522054475484965,-1.729451588981298,-1.7782925532300993,-1.892546881191539,-2.158798930342464,-2.0054665419441413,-2.0701430484750265,-2.5748634360662868,3.141592653589793,2.8632929945846817,2.279422598922567,2.0344439357957027,1.804539507663798,1.80634130751576,0.0,0.0,0.0,0.0,0.0,0.0,0.0,0.0,0.0,0.0,0.0,1.8417431771333173,1.9091199493041562,1.8545904360032244,2.0096556257584033,1.8766751981997487,2.1224513093234436,2.1815222911841055,2.117585167684144,2.097739553984326,2.173083672929861,2.323947607757091,2.2301063951277547,2.293775680196388,2.2355708216122423,2.022249418347451,2.5453935122923133,2.356194490192345,1.892546881191539,2.300695984946628,2.994514298201391,0.19739555984988075,0.4993467216801301,-0.5880026035475675,0.3217505543966422,0.28805544705062586,0.05549850524571683
-1.8759213347918609,0.0,-3.0419240010986313,-2.922923707715851,2.819842099193151,-2.677945044588987,-1.7126933813990606,-2.0778948311872334,-1.8692952583810758,-1.313472611823808,-1.9832067683922838,-1.5208379310729538,-1.5323537367737086,-1.5337762109209665,-1.380808038876181,-1.2847448850775784,-1.6447353644528369,-1.4876550949064553,-1.176005207095135,-0.9964914966201949,-0.9453112865556675,-0.4636476090008061,-0.507098504392337,-0.24497866312686414,-0.35299038782691045,-0.24497866312686414,0.24497866312686414,0.0,0.0,0.0,0.0,0.0,0.0,0.0,0.0,0.0,0.0,0.0,-1.6373644905707205,-1.35970299357215,-1.3045442776439713,-1.1071487177940904,-1.633215136790854,-2.356194490192345,-2.279422598922567,-2.356194490192345,-2.323947607757091,-3.0309354324158977,-2.5415424401880395,-2.436024475904582,-2.938547436336328,-2.601173153319209,-2.7868870015788527,-2.904743892642873,-2.9865959116658525,-3.079173843593836,-3.0810606338076862,-3.113028995751033,2.922923707715851,2.930499320367047,-3.1016139664665032,-2.9516043656710775,3.017237659043032,-3.1016139664665032
-1.878193799917718,0.0,-0.4636476090008061,0.9505468408120752,2.191045812777718,1.1071487177940904,0.8621700546672264,1.9513027039072615,1.4801364395941514,2.2455372690184494,1.97568811307998,1.849095985800008,1.873681195169868,1.9100889412489412,2.0344439357957027,2.485897027348257,1.8417431771333173,2.2455372690184494,2.4805494847391065,2.922923707715851,2.65711472455277,2.79856871316909,3.141592653589793,-2.999695598985629,-3.0419240010986313,-2.2848870254070546,-2.158798930342464,0.0,0.0,0.0,0.0,0.0,0.0,0.0,0.0,0.0,0.0,0.0,1.5707963267948966,0.5667292175235064,1.1441688336680205,0.5191461142465229,0.7853981633974483,1.460139105621001,0.48689923181126904,0.1746721990082397,0.1297025371559121,0.24497866312686414,-0.04164257909858842,-0.05258306161094172,-0.12435499454676144,-0.07677189126977804,-0.1586552621864014,-0.09966865249116202,-0.04164257909858842,-0.7188299996216245,-0.11710874456686428,-0.30587887140485215,-0.21866894587394195,-0.5144513130590278,-0.3217505543966422,-0.5743048301747018,0.07130746478529032,-0.6022873461349642
0.3156156620387663,0.0,-2.1815222911841055,-1.0303768265243125,-1.460139105621001,-0.7853981633974483,-0.9097531579442097,-1.0303768265243125,-0.5880026035475675,-0.5667292175235064,-0.7378150601204649,-0.4825132950224769,-0.20749622643520266,-0.4636476090008061,-0.28379410920832787,-0.4444192099010989,-0.19739555984988075,-0.07982998571223732,-0.18998828791871572,0.3217505543966422,-0.1746721990082397,0.18534794999569476,0.6055446636049701,0.5880026035475675,0.7454194762741583,1.2036224929766774,1.5707963267948966,0.0,0.0,0.0,0.0,0.0,0.0,0.0,0.0,0.0,0.0,0.0,-0.21866894587394195,-0.21866894587394195,-0.4182243295792291,-0.27829965900511133,-0.2914567944778671,-0.9272952180016122,-1.2490457723982544,-1.687905071361761,-1.396124127786657,-1.3986055122719576,-1.4559197213779975,-1.784857010358718,-1.6352231662204502,-1.892546881191539,-1.9890206563741257,-1.8313987185422376,-1.9010936816241504,-2.129395642138459,-2.09686274579166,-2.0491487581735544,-2.256525837701183,-2.0899424410414196,-2.2058230621852104,-2.5127963671743605,-2.129395642138459,-2.214297435588181
0.3156156620387663,0.0,2.432966381462123,2.214297435588181,-2.4668517113662407,-2.356194490192345,-2.289626326416521,-2.5213431676069717,-2.677945044588987,-2.488746022489019,-2.601173153319209,-1.9832067683922838,-1.8766751981997487,-1.9974238199217726,-2.0344439357957027,-1.8076450877418169,-1.6657480331376529,-1.9138202672156,-1.7561442767905915,-1.7004988639508087,-1.719686274404394,-1.6657480331376529,-1.0191413442663497,-1.0460005551447893,-0.9964914966201949,-0.3217505543966422,-0.4182243295792291,0.0,0.0,0.0,0.0,0.0,0.0,0.0,0.0,0.0,0.0,0.0,-2.0344439357957027,-2.62244653934327,-2.714965160462917,-2.4668517113662407,-2.677945044588987,-2.62244653934327,-2.819842099193151,-3.0860941483440762,3.064820762320015,2.958481836327309,-3.0981417581982624,2.6311043316730176,2.819842099193151,2.819842099193151,2.579671091332978,2.4668517113662407,2.417342652841646,2.662073361597197,2.4668517113662407,2.3794461130028077,2.0672190801997785,2.297438667476622,1.8622531212727638,2.2318394956455836,2.0647376957144776,2.0647376957144776
0.3156156620387663,0.0,2.356194490192345,-3.0419240010986313,2.4668517113662407,-3.050932766389048,-2.961739153797315,-2.642245931909663,-2.5748634360662868,-2.984990776607778,-2.158798930342464,-2.587285157388242,-2.3086113869153615,-2.2865399164637767,-2.191045812777718,-2.2531128816696446,-2.201875714266226,-2.169215220273434,-2.104504518434158,-1.9379701606131159,-1.6539375586833378,-1.3521273809209546,-1.3258176636680326,-1.0303768265243125,-1.0303768265243125,-0.40489178628508343,-0.14189705460416394,0.0,0.0,0.0,0.0,0.0,0.0,0.0,0.0,0.0,0.0,0.0,3.058451421701352,-2.930499320367047,3.141592653589793,2.7091848780192556,2.2318394956455836,2.5672878234150915,2.17084654019665,2.2455372690184494,2.223642957895671,2.158798930342464,1.837048375945822,2.0491487581735544,1.7607846147136124,1.925501978805837,1.8673421358645972,1.6010900867136717,1.5957911204138169,1.6814535479687922,1.5437758776076318,1.8804992713373527,1.7681918866447774,1.4513674007765582,1.8157749899217608,1.3473197256542635,1.3521273809209546,1.4801364395941514
-0.5349550737860964,0.0,0.0,-0.3217505543966422,-0.7853981633974483,2.158798930342464,0.0,0.507098504392337,0.24497866312686414,1.3258176636680326,1.0191413442663497,1.217805938967986,1.0808390005411683,0.8519663271732721,0.8156919233162234,1.299849476456476,1.0563450137358688,1.5707963267948966,1.217805938967986,1.5707963267948966,1.5253730473733196,1.7454685258031364,2.289626326416521,2.1815222911841055,2.723368324010564,2.5535900500422257,2.835713782184941,0.0,0.0,0.0,0.0,0.0,0.0,0.0,0.0,0.0,0.0,0.0,1.5707963267948966,0.9505468408120752,1.2120256565243244,0.5404195002705842,0.4266274931268761,-0.3430239404207034,-0.11065722117389565,-0.10487693873023389,-0.09495170634275632,-0.388318718172466,-0.5028432109278608,-0.628796286415433,-0.4636476090008061,-0.5585993153435624,-0.40489178628508343,-0.7354397676755056,-0.8124186125847132,-0.6794138054078485,-0.6947382761967031,-0.901157381118259,-1.1659045405098132,-0.7853981633974483,-0.8818719385800352,-0.9097531579442097,-1.2220253232109897,-0.9048270894157867
-1.8759213347918609,0.0,-0.7419472680059175,-0.8253768505207384,-1.2490457723982544,-1.1801892830972098,-1.5232132235179132,-1.2924966677897853,-1.6124389058934852,-1.6142472221864275,-1.6052654277944047,-1.6295521495106193,-1.80634130751576,-1.825978717415715,-1.8662371639386166,-2.05527425583192,-1.7359450042095235,-1.9074711461816238,-2.0344439357957027,-2.214297435588181,-2.356194490192345,-2.432966381462123,-2.356194490192345,2.976443976175166,3.141592653589793,2.158798930342464,2.6344941491974563,0.0,0.0,0.0,0.0,0.0,0.0,0.0,0.0,0.0,0.0,0.0,-0.31099828060554097,0.07677189126977804,-0.03844259002118798,0.1470783553884025,0.11379200714370806,0.19739555984988075,0.1586552621864014,0.3805063771123649,0.4636476090008061,0.5693131911006619,0.7597627548757708,0.844153986113171,0.8902751021276822,0.7853981633974483,0.8329812666744317,1.0303768265243125,0.9272952180016122,0.9652516631899266,0.7853981633974483,0.5880026035475675,0.6857295109062863,0.4636476090008061,0.24497866312686414,0.09065988720074511,0.22679884805388587,-0.3217505543966422
-1.878193799917718,0.0,1.3909428270024184,1.804539507663798,1.5535566556003668,1.3306253189347235,1.3521273809209546,1.1003920638583053,1.2793395323170296,0.6669082042393105,0.8721365020734334,0.8288490587889792,0.5337081916392615,1.0729739941778955,1.1866269624022971,0.6747409422235526,0.73139666302148,0.9272952180016122,1.237552025683224,0.6610431688506869,0.35877067027057225,0.7531512809621944,-0.3430239404207034,-0.40489178628508343,-1.042721878368537,-0.7621465405869854,-0.6327488350021832,0.0,0.0,0.0,0.0,0.0,0.0,0.0,0.0,0.0,0.0,0.0,1.3654009376051293,1.4536875822280324,1.4691074750318196,1.748889265026094,1.8622531212727638,1.8007007549268013,1.8157749899217608,2.2335258346878883,1.892546881191539,2.408777551803287,2.677945044588987,2.650429055303533,2.7522759317566523,2.9546133836708823,2.8345469215710026,2.9275319700259717,3.027800646446085,3.0419240010986313,2.968346987137428,2.5535900500422257,2.9562447035940984,2.9441970937399127,2.3305590816706676,2.7776136970801493,1.859771736787463,1.3439974787410107
-0.32811989501530536,0.0,2.356194490192345,2.704965493776252,2.4186133001883023,2.191045812777718,2.293775680196388,2.1815222911841055,2.0533096218173736,2.0533096218173736,1.8244704229335393,1.7607846147136124,1.6183794300718801,1.6124389058934852,1.5707963267948966,1.5707963267948966,1.695151321341658,1.5707963267948966,1.5707963267948966,1.373400766945016,1.2793395323170296,0.9505468408120752,0.6747409422235526,0.11065722117389565,-0.507098504392337,-0.8519663271732721,-0.3671738338182192,0.0,0.0,0.0,0.0,0.0,0.0,0.0,0.0,0.0,0.0,0.0,2.994514298201391,3.108271657711546,-3.111298893671018,-3.050932766389048,-2.872425160804093,-2.819842099193151,-2.8890383778117337,-2.6632402222111358,-2.429235055495464,-2.473303234759209,-2.125103822996448,-2.2612427838495885,-2.191045812777718,-2.1486982637571423,-1.9074711461816238,-2.2455372690184494,-1.941687615607559,-2.1451011569695986,-2.1763409903998667,-2.4227626539681686,-2.4805494847391065,-2.4668517113662407,-2.677945044588987,-2.677945044588987,3.0750244898139694,2.9562447035940984
-2.38648825011112,0.0,-2.432966381462123,-2.8023000391357487,-2.9669204545815537,-2.7367008673047097,-3.0940095503128098,-2.922923707715851,3.017237659043032,2.961739153797315,2.7187387274568526,2.976443976175166,2.819842099193151,2.831889709047337,2.616796881939686,2.714965160462917,2.6971734436886945,2.427501954977635,2.5702551737561663,2.961739153797315,2.214297435588181,2.158798930342464,1.8157749899217608,0.8960553845713439,0.4636476090008061,0.4636476090008061,0.24497866312686414,0.0,0.0,0.0,0.0,0.0,0.0,0.0,0.0,0.0,0.0,0.0,-1.8588517738455226,-1.9710369838288708,-1.8157749899217608,-1.7126933813990606,-1.6052654277944047,-1.6352231662204502,-1.4711276743037347,-1.4382447944982226,-1.2160906747839564,-1.2490457723982544,-1.1220729827841756,-1.0074800653029286,-0.870903457075653,-0.8818719385800352,-0.8156919233162234,-0.7853981633974483,-0.8621700546672264,-0.960070362405688,-0.982793723247329,-1.0714496051147666,-0.8960553845713439,-1.1525719972156676,-1.3909428270024184,-1.4940244355251187,-1.6614562139956417,-1.633215136790854
-0.32811989501530536,0.0,-2.5088438185876103,-2.65711472455277,-2.8706458032513726,-2.677945044588987,-2.8068558162729786,-2.964883797519757,3.026716048172894,3.1058935409104693,2.9516043656710775,3.141592653589793,2.761086276477428,2.922923707715851,2.958481836327309,3.0348569809406576,2.922923707715851,2.6954871046463897,2.819842099193151,2.5535900500422257,2.356194490192345,2.0344439357957027,1.5707963267948966,0.8960553845713439,0.960070362405688,0.7853981633974483,0.5667292175235064,0.0,0.0,0.0,0.0,0.0,0.0,0.0,0.0,0.0,0.0,0.0,-1.892546881191539,-1.9222411207984482,-1.9195673303788037,-1.7955074952095393,-1.6614562139956417,-1.6814535479687922,-1.4570043196511886,-1.3787483095541666,-1.2397002500907646,-1.2490457723982544,-0.9440534255838497,-1.1705556697609225,-0.8902751021276822,-0.7853981633974483,-0.8621700546672264,-0.6610431688506869,-0.6435011087932844,-0.7853981633974483,-0.6327488350021832,-0.9505468408120752,-0.8519663271732721,-1.2120256565243244,-1.1659045405098132,-1.5707963267948966,-1.5707963267948966,-1.8157749899217608
-0.32811989501530536,0.0,-1.5707963267948966,-1.4141944498128813,-1.5707963267948966,-1.9138202672156,-1.784857010358718,-1.9853032013796825,-1.9028557943377822,-2.007423486608438,-2.1341125882868646,-2.0516836069902324,-2.256525837701183,-2.316215803069055,-2.2455372690184494,-2.2390857456254807,-2.384758148031105,-2.356194490192345,-2.427501954977635,-2.729182211992406,-2.498091544796509,-2.819842099193151,2.4668517113662407,2.8632929945846817,2.4227626539681686,1.7975951748487824,1.7975951748487824,0.0,0.0,0.0,0.0,0.0,0.0,0.0,0.0,0.0,0.0,0.0,-1.025141272267905,-0.973619668702219,-0.9505468408120752,-0.7853981633974483,-0.8652281491096856,-0.691336928769462,-0.449759613069839,-0.40489178628508343,-0.3120421215625333,-0.033320995878247196,-0.03224688243525392,0.06442683942555355,0.10308160852270024,0.2629947316809195,0.2662520491509254,-0.04995839572194276,0.3805063771123649,0.0,-0.11065722117389565,0.0,0.07130746478529032,-0.2984989315861793,-0.348771003583907,-0.7086262721276703,-0.7853981633974483,-1.4056476493802699
0.8402880259916021,0.0,-0.6435011087932844,-0.3217505543966422,-0.35299038782691045,-0.7454194762741583,-0.6947382761967031,-0.7853981633974483,-1.0563450137358688,-0.8818719385800352,-0.9707461133931431,-1.1479424006619559,-1.3521273809209546,-1.39408747072486,-1.464060654145761,-1.3156139361740782,-1.6142472221864275,-1.5253730473733196,-1.4659193880646628,-1.5707963267948966,-1.7894652726688385,-2.137525544318403,-2.2318394956455836,-2.62244653934327,2.601173153319209,3.141592653589793,2.7367008673047097,0.0,0.0,0.0,0.0,0.0,0.0,0.0,0.0,0.0,0.0,0.0,0.4636476090008061,0.6162969373960713,0.7597627548757708,0.7853981633974483,0.8760580505981934,0.9272952180016122,1.025141272267905,1.092443895416239,1.3258176636680326,1.3415643935179014,1.5707963267948966,1.317122230656254,1.5707963267948966,1.7126933813990606,1.6183794300718801,1.6575346654708818,1.7454685258031364,1.6295521495106193,1.5707963267948966,0.982793723247329,1.0714496051147666,0.982793723247329,0.7853981633974483,0.5880026035475675,0.507098504392337,0.3217505543966422
-0.32811989501530536,0.0,-1.4659193880646628,-1.8417431771333173,-1.6373644905707205,-1.9693187724613168,-2.129395642138459,-2.173083672929861,-2.0899424410414196,-2.2218730482393765,-2.327630832353585,-2.662073361597197,-2.473303234759209,-2.3291740410050803,-2.4668517113662407,-2.601173153319209,-2.651635327336065,-2.704965493776252,-2.782821983319221,-2.976443976175166,-2.922923707715851,-3.0419240010986313,2.158798930342464,2.0344439357957027,1.750649826587375,1.7894652726688385,1.5707963267948966,0.0,0.0,0.0,0.0,0.0,0.0,0.0,0.0,0.0,0.0,0.0,-0.9629943306809362,-0.9209258773829491,-0.7568345055586884,-0.7853981633974483,-0.6640461628266846,-0.6162969373960713,-0.47835243137865757,-0.5456550545269917,-0.35470565201094034,-0.07982998571223732,-0.22679884805388587,0.034469100999508014,0.1470783553884025,0.09966865249116202,0.21866894587394195,0.13255153229667402,-0.17985349979247828,0.21109333322274654,0.0,-0.348771003583907,-0.27829965900511133,0.0,-0.4266274931268761,-1.0714496051147666,-0.7853981633974483,-0.9994588469612699
0.8402880259916021,0.0,0.11065722117389565,-0.2860514417173182,-0.37089128881266237,-0.714090698612158,-0.7853981633974483,-0.714090698612158,-0.9272952180016122,-0.7551044034786732,-0.9357695914045828,-1.089909046599561,-1.1606689862534056,-1.3439974787410107,-1.2753554896511765,-1.2341215074081695,-1.3258176636680326,-1.2793395323170296,-1.2649174553900444,-1.5707963267948966,-1.7975951748487824,-1.7126933813990606,-2.356194490192345,3.141592653589793,3.0309354324158977,2.819842099193151,2.6135182051634334,0.0,0.0,0.0,0.0,0.0,0.0,0.0,0.0,0.0,0.0,0.0,0.5984188934785372,0.7621465405869854,0.8110335719191258,0.8803498697402047,0.982793723247329,1.047518004662921,1.1849136573968229,1.1220729827841756,1.3258176636680326,1.423717971406494,1.501939837493852,1.6107750139181867,1.5707963267948966,1.7359450042095235,1.849095985800008,1.6373644905707205,1.6373644905707205,1.5707963267948966,1.7033478590915707,1.6704649792860586,1.2490457723982544,1.2793395323170296,0.5585993153435624,0.5404195002705842,0.7188299996216245,0.6435011087932844
-0.32811989501530536,0.0,-1.4876550949064553,-1.4536875822280324,-1.7359450042095235,-1.7942729279355296,-1.7942729279355296,-1.9055331641117113,-1.9379701606131159,-2.169215220273434,-2.2058230621852104,-2.0647376957144776,-2.0899424410414196,-2.214297435588181,-2.310771210770768,-2.3036114285814033,-2.452668265374932,-2.356194490192345,-2.427501954977635,-2.2730532583039036,-2.5308666892005847,-2.922923707715851,-2.8632929945846817,2.44685437739309,2.0344439357957027,1.5707963267948966,1.7681918866447774,0.0,0.0,0.0,0.0,0.0,0.0,0.0,0.0,0.0,0.0,0.0,-0.5543074962015512,-0.43240777557053783,-0.4444192099010989,-0.4346702151492448,-0.2984989315861793,-0.10673567264913565,-0.0688564893010446,0.037020115873930025,0.1470783553884025,0.3217505543966422,0.3947911196997615,0.5779019369622457,0.5971766580926775,0.8139618212362083,0.7086262721276703,0.8139618212362083,0.9453112865556675,0.8253768505207384,0.7853981633974483,0.5667292175235064,0.7419472680059175,0.43240777557053783,0.2914567944778671,-0.21109333322274654,-0.07677189126977804,-0.960070362405688
1.6745886672519394,0.0,2.4805494847391065,2.129395642138459,1.5707963267948966,1.1525719972156676,1.217805938967986,1.0516502125483738,1.0358412530088001,0.982793723247329,0.83798122500839,0.8685393952858895,0.4145068745847859,0.7188299996216245,0.5880026035475675,0.05258306161094172,0.2860514417173182,0.2914567944778671,-0.058755822715722696,0.5880026035475675,-0.058755822715722696,0.0,-0.3805063771123649,-0.982793723247329,2.819842099193151,-1.9513027039072615,-2.158798930342464,0.0,0.0,0.0,0.0,0.0,0.0,0.0,0.0,0.0,0.0,0.0,-2.587285157388242,-2.958481836327309,-2.969401839066854,-2.8501358591119264,-2.4775464907631086,-2.5722794624891314,-2.6271413405307653,-2.20354516179708,-2.427501954977635,-2.3978370692909334,-1.9379701606131159,-1.80634130751576,-2.356194490192345,-2.201875714266226,-1.7088023504524161,-1.6539375586833378,-2.2612427838495885,-2.1224513093234436,-2.214297435588181,-1.892546881191539,-2.169215220273434,-2.79856871316909,-2.8809902618424523,-2.2531128816696446,-1.9614033704925835,2.677945044588987
-0.32811989501530536,0.0,-1.6991195544806914,-1.0563450137358688,-1.911775280291246,-1.8662371639386166,-2.056418420092365,-1.624079178354589,-2.0271447953520054,-2.677945044588987,-2.2858880260737204,-1.8878520800040437,-1.8721415505050008,-2.1538728618140413,-2.169215220273434,-2.0054665419441413,-2.238102461773251,-2.312743594800814,-2.137525544318403,-2.0344439357957027,-2.4775464907631086,-2.6344941491974563,-3.050932766389048,0.6947382761967031,2.819842099193151,1.7975951748487824,1.5707963267948966,0.0,0.0,0.0,0.0,0.0,0.0,0.0,0.0,0.0,0.0,0.0,-0.26836621090590684,-0.25044308961135187,0.020830320036217084,-0.30587887140485215,0.08490179344972196,-0.25615138256560344,0.28123220191829523,0.30499234681440474,0.4145068745847859,0.5266272714337507,0.722979353401491,0.8470483340367073,0.8366353308008672,1.0571903220721477,1.015302591529353,0.9367736071314745,1.0873493252276976,1.1341691669813554,0.9723774333163594,1.2924966677897853,-0.40489178628508343,0.6823165548747481,1.512040504079174,0.4145068745847859,-0.960070362405688,-1.0768549578753155
0.8402880259916021,0.0,-0.6273081922757625,0.10673567264913565,-0.1682067718570861,-0.6528466311007743,-0.711459125739508,-0.6876712560387296,-0.6647744948173456,-0.7109093731835666,-0.7724118804772758,-0.7266423406817256,-1.0808390005411683,-1.1232763516377267,-0.9544993893988254,-0.8166379968277165,-1.0483928950783679,-0.982793723247329,-1.1849136573968229,-1.317122230656254,-1.7475051828649333,-1.5707963267948966,-2.1112158270654806,-2.4668517113662407,-2.8706458032513726,2.8809902618424523,2.761086276477428,0.0,0.0,0.0,0.0,0.0,0.0,0.0,0.0,0.0,0.0,0.0,1.0659349551357702,1.169567527790048,1.1902899496825317,1.2291808361470895,1.4056476493802699,1.3994172004053889,1.6724851785579737,1.6666554739049098,1.8200484681801103,2.0032041023654346,2.0344439357957027,1.9295669970654687,2.3036114285814033,2.2917676507667912,2.2191283158821573,2.2455372690184494,2.4407382457053433,2.137525544318403,2.201875714266226,2.178598322908857,1.8281200417659853,1.923786714621807,1.0303768265243125,1.373400766945016,-2.5535900500422257,2.0516836069902324
2.89288266449627,0.0,-0.4124104415973873,-1.5011417530663285,-1.6756732655251305,-0.9240379005316064,-1.7429871413178357,-0.8253768505207384,-1.089132649240035,-1.5707963267948966,-0.8902751021276822,-1.2971370057128062,-1.1263771168937977,-1.3439974787410107,-1.5707963267948966,-1.5532542667374942,-1.3775848429470905,-1.4394808878118086,-1.7547397833320717,-1.2120256565243244,-1.695151321341658,-2.137525544318403,-2.3036114285814033,-1.9890206563741257,-2.746801533890032,-2.988943325194528,-3.036715714859559,0.0,0.0,0.0,0.0,0.0,0.0,0.0,0.0,0.0,0.0,0.0,-1.0541011880326194,-0.8593372010553887,-0.8345388978134685,-0.5123894603107377,-0.5295895987820763,-0.5247957716501074,0.0,-0.0407936828678654,0.16859693960942962,0.24497866312686414,0.34653886443394183,0.5475622359399975,0.5404195002705842,0.8187191592756955,0.7853981633974483,0.6037493333974364,1.1071487177940904,0.7853981633974483,0.8593372010553887,0.6705215579805491,0.0,0.5404195002705842,0.7188299996216245,0.9272952180016122,0.3805063771123649,-1.1071487177940904
2.6066375798036967,0.0,-2.609868586330988,-2.916315874375738,-2.6954871046463897,-2.4905159321453136,2.7445132083648107,2.5981150588767497,2.6607053733944572,3.0689931998592987,2.4186133001883023,2.341702751126845,2.214297435588181,2.8535372065391673,2.234842489621581,2.601173153319209,2.0344439357957027,2.32590073027357,2.2494588175432093,2.38321493937961,2.0576955586061656,1.695151321341658,0.9505468408120752,0.24497866312686414,0.960070362405688,-0.19739555984988075,0.3906070436976868,0.0,0.0,0.0,0.0,0.0,0.0,0.0,0.0,0.0,0.0,0.0,-2.0344439357957027,-1.885028225879235,-1.8545904360032244,-1.6614562139956417,-1.7263911547719264,-1.5957911204138169,-1.4089588955564738,-1.3203532371835447,-1.2847448850775784,-1.1635404787200498,-1.0783105609229717,-0.8577354939360433,-0.7853981633974483,-0.8557046275160728,-0.4287780274460164,-0.844153986113171,-0.7665324773757776,-0.4266274931268761,-0.3217505543966422,-0.47385133649476036,-0.8803498697402047,-1.3909428270024184,-0.24497866312686414,-1.729451588981298,-2.701750070774057,-2.774418819771574
-2.6374266921106404,0.0,0.0,-2.214297435588181,0.9505468408120752,0.0,1.4056476493802699,0.844153986113171,0.5404195002705842,0.9097531579442097,0.9964914966201949,0.6610431688506869,1.1722738811284763,1.5102643070127895,1.2490457723982544,1.1525719972156676,0.8198672643969563,1.2870022175865687,1.512040504079174,1.2847448850775784,1.6396528160959412,1.3439974787410107,2.158798930342464,1.7681918866447774,2.5535900500422257,1.727398203776912,2.5535900500422257,0.0,0.0,0.0,0.0,0.0,0.0,0.0,0.0,0.0,0.0,0.0,1.7975951748487824,1.6539375586833378,1.3439974787410107,1.0121970114513341,0.5667292175235064,-0.4636476090008061,0.2860514417173182,0.49394136891958124,0.058755822715722696,0.19739555984988075,-0.037020115873930025,-0.034469100999508014,-0.2730087030867106,-0.7853981633974483,-0.5954098754787326,-0.49180917598869855,-0.35877067027057225,-0.4527784718235359,-0.6947382761967031,-0.6435011087932844,-0.7378150601204649,-0.5516549825285468,-0.9723774333163594,-0.3671738338182192,-1.3521273809209546,-0.43240777557053783
-1.4324453566177713,0.0,-2.843093722003614,3.141592653589793,-0.4182243295792291,3.141592653589793,-1.1902899496825317,-1.3258176636680326,-0.6947382761967031,-0.5280744484263596,-0.9994588469612699,-0.7853981633974483,-0.982793723247329,-0.6078019961139605,-0.7853981633974483,-0.83798122500839,-0.6435011087932844,-0.7328151017865066,-0.5247957716501074,-0.14888994760949725,-0.3217505543966422,0.08673833867598511,0.19739555984988075,0.0,-0.17985349979247828,0.6107259643892086,0.8960553845713439,0.0,0.0,0.0,0.0,0.0,0.0,0.0,0.0,0.0,0.0,0.0,-0.6610431688506869,-0.7853981633974483,-0.17985349979247828,-1.1071487177940904,-1.512040504079174,-1.5707963267948966,-1.2036224929766774,-1.8417431771333173,-1.878849107818673,-1.9591150449673627,-1.9347752833045406,-2.158798930342464,-2.356194490192345,-2.2083451249335893,-1.9437840485949576,-2.408777551803287,-2.4301335278502854,-2.2621332555643585,-2.8501358591119264,-2.61552623459303,-2.6066375798036967,-2.618314331457818,-2.8555412118724752,-2.677945044588987,-2.158798930342464,-2.356194490192345
2.7191202612040777,0.0,0.14189705460416394,-0.18534794999569476,1.0303768265243125,1.3909428270024184,-3.0309354324158977,2.7091848780192556,1.1479424006619559,1.9693187724613168,2.601173153319209,1.837048375945822,1.965587446494658,2.214297435588181,2.0344439357957027,2.2218730482393765,2.651635327336065,2.356194490192345,2.457883341955422,2.761086276477428,2.835713782184941,2.819842099193151,2.835713782184941,-2.8685839505030826,2.922923707715851,2.843093722003614,-2.5360479899848234,0.0,0.0,0.0,0.0,0.0,0.0,0.0,0.0,0.0,0.0,0.0,2.356194490192345,2.0344439357957027,2.2455372690184494,1.6475682180646747,1.2120256565243244,1.6475682180646747,1.2924966677897853,1.5707963267948966,1.1902899496825317,0.8139618212362083,1.2870022175865687,0.8960553845713439,0.8465463260467495,0.8960553845713439,0.6202494859828215,0.6947382761967031,0.9097531579442097,0.3906070436976868,0.6794138054078485,0.3693336576736256,0.2213144423477913,0.40024065703397416,0.2662520491509254,1.1383885512243588,0.20539538918976738,0.5585993153435624
-1.4324453566177713,0.0,-2.593043251139265,-2.936197264400026,-2.819842099193151,-2.6344941491974563,-2.79856871316909,-2.79856871316909,-2.961739153797315,-2.9504081939927786,-3.048115872431204,-3.113028995751033,-3.0750244898139694,3.108271657711546,3.109345771154539,3.0451188784072065,-3.1031500635686053,2.804917834203066,2.714965160462917,2.746801533890032,2.62244653934327,2.714965160462917,2.0344439357957027,1.5707963267948966,1.0303768265243125,1.373400766945016,1.0516502125483738,0.0,0.0,0.0,0.0,0.0,0.0,0.0,0.0,0.0,0.0,0.0,-1.6756732655251305,-1.5707963267948966,-1.4219063791853994,-1.2627435457711202,-1.0714496051147666,-1.124690777851493,-0.9544993893988254,-0.982793723247329,-0.628796286415433,-0.6132073488745093,-0.5280744484263596,-0.3743336160075839,-0.26916749278570046,-0.1586552621864014,-0.29544083714372,-0.14189705460416394,0.0,-0.06656816377582381,-0.19739555984988075,-0.24497866312686414,-0.348771003583907,-0.6610431688506869,-0.9272952180016122,-0.8760580505981934,-1.5707963267948966,-2.0344439357957027
-0.45066132608063364,0.0,-2.393214606066275,-2.3191743743184148,-2.432966381462123,-2.459276098715045,-2.5213431676069717,-2.5535900500422257,-2.6311043316730176,-2.647651284670212,-2.782821983319221,-2.819842099193151,-2.7672590375822095,-2.8535372065391673,-2.8632929945846817,-2.936197264400026,-2.976443976175166,-2.976443976175166,2.9441970937399127,3.141592653589793,2.819842099193151,2.819842099193151,2.356194490192345,1.849095985800008,1.446441332248135,1.5707963267948966,1.1071487177940904,0.0,0.0,0.0,0.0,0.0,0.0,0.0,0.0,0.0,0.0,0.0,-1.3473197256542635,-1.2793395323170296,-0.9944211062037129,-1.0303768265243125,-0.9453112865556675,-0.6435011087932844,-0.5191461142465229,-0.4266274931268761,-0.35470565201094034,-0.34555558058171215,-0.21866894587394195,0.039978687123290044,0.08314123188844123,0.0,0.04995839572194276,0.14888994760949725,-0.07130746478529032,-0.07677189126977804,-0.17985349979247828,-0.2914567944778671,0.0,-0.21866894587394195,-1.5707963267948966,-1.6704649792860586,-1.5707963267948966,-1.9195673303788037
-0.4764674194737067,0.0,-0.5633162614919681,-0.714090698612158,-0.8176450458327023,-0.982793723247329,-0.9723774333163594,-0.866302262552679,-1.178456182579381,-0.973619668702219,-1.208252089530389,-1.1902899496825317,-1.219351532791345,-1.379611867197882,-1.2587542052323633,-1.460139105621001,-1.5308176396716067,-1.4288992721907328,-1.7818896600176433,-1.446441332248135,-1.9138202672156,-1.750649826587375,-2.5535900500422257,-2.8501358591119264,-2.999695598985629,2.8632929945846817,3.0828368308740703,0.0,0.0,0.0,0.0,0.0,0.0,0.0,0.0,0.0,0.0,0.0,0.05549850524571683,0.17985349979247828,0.0,0.14888994760949725,0.6000502134017536,0.5104883219167757,0.8584387287005676,0.7597627548757708,0.8288490587889792,1.0912770348023004,1.237552025683224,1.1902899496825317,1.297787623708186,1.5273454314033659,1.3258176636680326,1.3633001003596938,1.8622531212727638,1.5182132651839548,1.4876550949064553,1.2490457723982544,0.7328151017865066,1.042721878368537,0.35877067027057225,0.19739555984988075,0.3947911196997615,-0.22679884805388587
-0.32811989501530536,0.0,-1.313472611823808,-1.5707963267948966,-1.2753554896511765,-1.3876855095324125,-1.5308176396716067,-1.7063240407803975,-1.8399638195805972,-1.7211677548020312,-1.6078164426688266,-1.8622531212727638,-1.8157749899217608,-1.9513027039072615,-1.9379701606131159,-2.0344439357957027,-1.9974238199217726,-2.2531128816696446,-2.129395642138459,-2.0647376957144776,-2.1112158270654806,3.141592653589793,-2.9441970937399127,3.141592653589793,2.0344439357957027,2.3036114285814033,2.356194490192345,0.0,0.0,0.0,0.0,0.0,0.0,0.0,0.0,0.0,0.0,0.0,-0.5743048301747018,-0.33667481938672716,0.07982998571223732,-0.09495170634275632,0.1586552621864014,0.3805063771123649,0.3347368373168147,0.28379410920832787,0.7853981633974483,0.8139618212362083,0.8519663271732721,0.870903457075653,0.870903457075653,1.0303768265243125,0.982793723247329,1.2490457723982544,1.1583858851975093,0.9994588469612699,1.0121970114513341,0.8850668158886104,0.844153986113171,0.5404195002705842,-0.6435011087932844,-0.348771003583907,-0.7853981633974483,-1.1902899496825317
-0.11756557413764344,0.0,-0.3332443011116727,-0.4423742229767449,-0.5984188934785372,-0.5880026035475675,-0.6162969373960713,-0.6202494859828215,-0.8124186125847132,-0.8353565591193911,-0.8850668158886104,-0.7853981633974483,-1.0358412530088001,-0.8870870151605253,-1.0370881351556351,-1.0743735733900148,-1.1071487177940904,-1.2924966677897853,-0.8884797719201485,-1.4056476493802699,-1.2722973952087173,-1.446441332248135,-2.4668517113662407,-2.723368324010564,-3.017237659043032,3.141592653589793,-3.0940095503128098,0.0,0.0,0.0,0.0,0.0,0.0,0.0,0.0,0.0,0.0,0.0,0.7853981633974483,0.9561333748727311,0.9272952180016122,0.9272952180016122,1.3045442776439713,1.3078015951139772,1.6447353644528369,1.633215136790854,1.8399638195805972,1.925501978805837,2.0778948311872334,1.925501978805837,2.356194490192345,2.05527425583192,2.105751400580993,2.2318394956455836,2.223642957895671,2.214297435588181,2.0032041023654346,1.7234456551901618,1.3909428270024184,1.2793395323170296,1.0303768265243125,0.0,0.5191461142465229,0.3028848683749714
2.7191202612040777,0.0,-1.5208379310729538,-1.4056476493802699,-1.5707963267948966,-1.5350972141155728,-1.6001996149989017,-1.7257930687188376,-1.695151321341658,-1.7818896600176433,-1.9028557943377822,-1.9333405640594041,-1.8449637779145553,-1.9333405640594041,-2.158798930342464,-2.0647376957144776,-2.191045812777718,-2.1341125882868646,-2.191045812777718,-2.403777593469328,-2.1112158270654806,-2.723368324010564,3.050932766389048,2.819842099193151,2.5829933382462307,2.3036114285814033,2.0899424410414196,0.0,0.0,0.0,0.0,0.0,0.0,0.0,0.0,0.0,0.0,0.0,-0.4423742229767449,-0.29544083714372,-0.3347368373168147,-0.15264932839526515,0.07982998571223732,0.0688564893010446,0.1586552621864014,0.4297622790966885,0.4795192919925962,0.5349550737860964,0.668289418830584,0.8110335719191258,0.8329812666744317,0.8850668158886104,1.0516502125483738,1.0074800653029286,0.9097531579442097,0.9380474917927135,0.5516549825285468,0.8850668158886104,0.8621700546672264,0.2662520491509254,-0.11065722117389565,-0.5880026035475675,-0.9505468408120752,-0.6107259643892086
-2.7461842500178175,0.0,-2.2531128816696446,-2.0736395377227574,-2.0344439357957027,-2.117585167684144,-2.2730532583039036,-2.297438667476622,-2.332942867381882,-2.2831539248892256,-2.201875714266226,-2.378413055519064,-2.4127379271371625,-2.5702551737561663,-2.451146196535101,-2.455863142683507,-2.677945044588987,-2.5065659181994793,-2.782821983319221,-2.651635327336065,-2.8632929945846817,3.017237659043032,2.4668517113662407,1.5707963267948966,1.8622531212727638,1.6539375586833378,1.35970299357215,0.0,0.0,0.0,0.0,0.0,0.0,0.0,0.0,0.0,0.0,0.0,-1.0863183977578734,-1.0636978224025597,-0.8960553845713439,-0.7853981633974483,-0.5543074962015512,-0.5467888408892474,-0.28805544705062586,-0.41012734054149097,-0.07393903765794034,-0.031239833430268277,0.07982998571223732,0.1767088560700366,0.34555558058171215,0.5028432109278608,0.372987721800061,0.3392926144540447,0.5404195002705842,0.4636476090008061,0.3906070436976868,0.49394136891958124,-0.19739555984988075,-0.2914567944778671,-0.3217505543966422,-1.4056476493802699,-1.3439974787410107,-1.8622531212727638
2.974737493190004,0.0,-2.44685437739309,-2.2706891965141405,-2.3805798993650633,-2.3036114285814033,-2.455863142683507,-2.4805494847391065,-2.6066375798036967,-2.4917222041778455,-2.5625183842220625,-2.720173446701989,-2.639988599400673,-2.79856871316909,-2.819842099193151,-2.8083483524781205,-2.9516043656710775,-2.9275319700259717,-3.0916342578678506,-2.843093722003614,2.843093722003614,2.677945044588987,2.498091544796509,1.7681918866447774,0.982793723247329,1.0714496051147666,1.2924966677897853,0.0,0.0,0.0,0.0,0.0,0.0,0.0,0.0,0.0,0.0,0.0,-1.1071487177940904,-0.8818719385800352,-0.8139618212362083,-0.7853981633974483,-0.5984188934785372,-0.5337081916392615,-0.3332443011116727,-0.4964227534048819,-0.18311081726248413,0.10308160852270024,-0.03844259002118798,0.07982998571223732,0.2536740961386427,0.3080527810237764,0.27829965900511133,0.27829965900511133,0.36397895650964407,0.14189705460416394,0.18534794999569476,-0.06241880999595735,-0.06656816377582381,-0.5880026035475675,-0.9272952180016122,-1.4711276743037347,-1.3258176636680326,-1.5707963267948966
2.998434565606144,0.0,-2.782821983319221,-2.647651284670212,-1.97568811307998,-2.782821983319221,-2.0344439357957027,-1.7681918866447774,-2.2455372690184494,-1.750649826587375,-0.6022873461349642,-1.299849476456476,-1.3397056595989996,-0.9097531579442097,-1.0714496051147666,-1.0636978224025597,-0.982793723247329,-0.4844779290370232,-0.4423742229767449,-0.6556956262415362,-0.4266274931268761,-0.2914567944778671,0.4636476090008061,1.2924966677897853,0.43240777557053783,0.8329812666744317,1.1902899496825317,0.0,0.0,0.0,0.0,0.0,0.0,0.0,0.0,0.0,0.0,0.0,-2.3036114285814033,-2.2655346029916,-2.214297435588181,-2.723368324010564,-3.0419240010986313,-2.5702551737561663,-2.62244653934327,-2.843093722003614,-2.616796881939686,-2.9546133836708823,2.838707785214822,-2.810496576885661,2.8501358591119264,2.9105019863938963,2.981679530431574,-3.046640947247037,2.7128146261437767,2.981679530431574,3.0221637275714546,3.017237659043032,2.8685839505030826,2.831889709047337,3.0860941483440762,2.701750070774057,-3.0828368308740703,2.701750070774057
-0.3666376408401143,0.0,-1.4940244355251187,-0.12435499454676144,-0.9272952180016122,-0.16514867741462683,-0.5880026035475675,0.982793723247329,0.9272952180016122,0.9505468408120752,0.5404195002705842,1.2490457723982544,0.9707461133931431,1.1210367137250576,0.9707461133931431,0.9453112865556675,1.4876550949064553,1.2753554896511765,1.642103791580187,1.4994888620096063,1.7782925532300993,1.892546881191539,2.0344439357957027,2.223642957895671,2.439335722080786,2.8023000391357487,2.498091544796509,0.0,0.0,0.0,0.0,0.0,0.0,0.0,0.0,0.0,0.0,0.0,0.3671738338182192,0.5880026035475675,0.19739555984988075,-0.5516549825285468,-0.9272952180016122,-0.3671738338182192,-0.7483780475235183,-1.0563450137358688,-1.0240074859056494,-1.092443895416239,-1.0191413442663497,-0.9380474917927135,-1.2242574623609548,-1.015302591529353,-1.0405805540182667,-1.1193432352423422,-1.240498971965643,-1.2882413743253092,-0.9652516631899266,-1.2587542052323633,-1.2160906747839564,-1.373400766945016,-1.3521273809209546,-1.1479424006619559,-1.4219063791853994,-1.5042281630190728
-0.8176450458327023,0.0,-2.761086276477428,2.896613990462929,-2.647651284670212,-2.498091544796509,-3.0309354324158977,-1.8157749899217608,-1.6704649792860586,-2.1112158270654806,-1.2679114584199251,-1.9347752833045406,-1.5707963267948966,-1.6092389168160846,-1.719686274404394,-1.3370531459259951,-1.6657480331376529,-1.4940244355251187,-1.0516502125483738,-1.4219063791853994,-1.1722738811284763,-0.7853981633974483,-1.0808390005411683,-0.4636476090008061,-0.4899573262537283,-0.3805063771123649,0.07677189126977804,0.0,0.0,0.0,0.0,0.0,0.0,0.0,0.0,0.0,0.0,0.0,-2.498091544796509,-1.8157749899217608,-2.5535900500422257,3.141592653589793,-2.999695598985629,-2.9669204545815537,2.819842099193151,2.9105019863938963,2.9147938055359073,2.875340604438868,2.5213431676069717,2.356194490192345,2.5337906574758327,2.677945044588987,2.5337906574758327,2.524401262049431,2.5686265107010873,2.356194490192345,2.251317551462111,2.5948038127005457,2.5722794624891314,2.289626326416521,2.1815222911841055,2.498091544796509,2.4186133001883023,1.7359450042095235
3.141592653589793,0.0,2.819842099193151,2.6135182051634334,-2.761086276477428,-2.5213431676069717,-2.843093722003614,-2.5702551737561663,-1.5707963267948966,-1.3397056595989996,-1.7561442767905915,-1.6207547225168393,-1.2870022175865687,-1.3397056595989996,-1.6539375586833378,-1.6991195544806914,-1.6506263125071339,-1.2387368592520112,-1.3397056595989996,-1.0808390005411683,-1.3258176636680326,-0.8960553845713439,-0.8176450458327023,-0.7483780475235183,-0.5667292175235064,-0.4636476090008061,0.15264932839526515,0.0,0.0,0.0,0.0,0.0,0.0,0.0,0.0,0.0,0.0,0.0,-1.0191413442663497,-0.982793723247329,-1.3854483767992019,-1.2120256565243244,-1.892546881191539,-1.7894652726688385,-1.9100889412489412,-2.396173177315635,-2.2390857456254807,-2.2706891965141405,-2.384758148031105,-2.677945044588987,-2.5625183842220625,-2.4905159321453136,-2.647651284670212,-3.109345771154539,-2.7686049317897323,-3.0045264792796056,-3.108271657711546,3.0309354324158977,3.011890116433881,3.0045264792796056,3.0981417581982624,2.7532739354173272,-3.096169374168216,2.8632929945846817
-0.8176450458327023,0.0,-2.6292031932790554,-2.761086276477428,2.9533711482850227,-2.999695598985629,-2.8305943729842524,-3.038511045067093,-2.726100557648903,2.976443976175166,3.108271657711546,2.912360720312798,-2.137525544318403,2.999695598985629,2.677945044588987,2.833539872566017,1.5273454314033659,2.5127963671743605,2.297438667476622,2.3191743743184148,2.060753653048625,1.849095985800008,-1.1071487177940904,0.40489178628508343,-1.7234456551901618,-0.15264932839526515,-0.4398425828157362,0.0,0.0,0.0,0.0,0.0,0.0,0.0,0.0,0.0,0.0,0.0,0.22347660114063303,0.3217505543966422,-0.11065722117389565,0.3217505543966422,0.43240777557053783,0.34555558058171215,-0.2662520491509254,0.6202494859828215,0.7853981633974483,0.690446457054692,1.8157749899217608,0.9944211062037129,0.9272952180016122,0.9272952180016122,3.0309354324158977,0.982793723247329,0.9380474917927135,0.7853981633974483,1.0743735733900148,0.7188299996216245,1.0516502125483738,0.40489178628508343,2.1010120995715265,0.0,3.141592653589793,-2.2655346029916
3.141592653589793,0.0,1.892546881191539,1.7234456551901618,1.892546881191539,2.0899424410414196,1.892546881191539,1.8662371639386166,1.9437840485949576,1.9074711461816238,1.825978717415715,2.0831857871056343,1.7063240407803975,1.6856729322117958,1.2610933822524404,0.8760580505981934,1.396124127786657,1.0863183977578734,1.0303768265243125,0.0,2.356194490192345,-1.2490457723982544,-1.3045442776439713,-0.5880026035475675,-1.446441332248135,-1.3854483767992019,-2.0899424410414196,0.0,0.0,0.0,0.0,0.0,0.0,0.0,0.0,0.0,0.0,0.0,-1.5232132235179132,-1.4711276743037347,-1.2610933822524404,-0.982793723247329,-1.4801364395941514,-1.3258176636680326,-1.3339475658479765,-1.1232763516377267,-1.4940244355251187,-0.4266274931268761,-0.7531512809621944,-1.2220253232109897,-0.724250000748147,-0.7086262721276703,0.08314123188844123,-1.3521273809209546,-0.8288490587889792,-0.6889243882148613,-0.6435011087932844,-1.0863183977578734,-1.1309537439791604,-1.1383885512243588,-2.677945044588987,-0.4636476090008061,2.158798930342464,1.5707963267948966
3.141592653589793,0.0,1.0516502125483738,1.7126933813990606,1.6142472221864275,1.5707963267948966,1.382574821490126,1.2252407462131845,1.2220253232109897,1.1801892830972098,0.8760580505981934,1.1562894522101106,1.0863183977578734,0.6696389456766376,1.0303768265243125,0.9272952180016122,0.6747409422235526,1.2847448850775784,0.6805212246672144,0.40489178628508343,-0.5585993153435624,-1.3909428270024184,-0.982793723247329,-1.3521273809209546,-1.9513027039072615,-2.1112158270654806,-1.6207547225168393,0.0,0.0,0.0,0.0,0.0,0.0,0.0,0.0,0.0,0.0,0.0,-1.8313987185422376,-1.8281200417659853,-1.730709449953116,-1.7359450042095235,-1.8157749899217608,-1.3909428270024184,-1.9513027039072615,-1.7359450042095235,-1.873681195169868,-1.331564726831236,-1.0838970949836275,-1.7561442767905915,-1.240498971965643,-0.6435011087932844,-0.3970794452249823,-0.9505468408120752,0.06656816377582381,-0.6747409422235526,-1.7234456551901618,-0.4636476090008061,-0.7568345055586884,2.677945044588987,0.3217505543966422,-0.12435499454676144,-1.97568811307998,1.0040671092713902
3.141592653589793,0.0,-2.6590793585673165,-2.4416997838705496,-3.1016139664665032,3.1031500635686053,-3.061762667877556,-3.0828368308740703,-2.999695598985629,2.8785979219088738,2.8632929945846817,2.8632929945846817,3.0535852800620527,2.800613700093444,2.692869309579072,2.804917834203066,2.44293282886833,2.312743594800814,2.5702551737561663,2.9147938055359073,1.6539375586833378,2.356194490192345,-1.5707963267948966,-0.7853981633974483,0.09065988720074511,-0.3906070436976868,-0.388318718172466,0.0,0.0,0.0,0.0,0.0,0.0,0.0,0.0,0.0,0.0,0.0,-0.10673567264913565,-0.19118445959701444,-0.07393903765794034,0.034469100999508014,-0.09065988720074511,0.0,0.18534794999569476,0.18534794999569476,0.27829965900511133,0.5448639154515437,0.5404195002705842,0.3430239404207034,0.6857295109062863,0.3217505543966422,0.40489178628508343,0.6889243882148613,0.5317240672588056,0.8621700546672264,0.5280744484263596,0.6556956262415362,0.9048270894157867,0.14189705460416394,1.373400766945016,-2.819842099193151,-1.7681918866447774,-2.5535900500422257
0.14932266069369737,0.0,-2.5535900500422257,-2.62244653934327,-2.65711472455277,-2.8068558162729786,-2.7069224384405484,-2.5652174329986095,-2.810496576885661,-2.579671091332978,-2.922923707715851,-2.922923707715851,3.141592653589793,-3.046640947247037,-2.9829373914033916,3.141592653589793,3.1058935409104693,-3.0860941483440762,2.79856871316909,-3.070285188804503,2.723368324010564,1.5707963267948966,0.6435011087932844,3.141592653589793,0.5880026035475675,0.18534794999569476,0.2984989315861793,0.0,0.0,0.0,0.0,0.0,0.0,0.0,0.0,0.0,0.0,0.0,0.12435499454676144,0.04995839572194276,0.15264932839526515,0.372987721800061,0.15264932839526515,0.3217505543966422,0.5543074962015512,0.3923401442155158,0.901157381118259,0.6202494859828215,0.6659692373791098,0.6986598247214632,0.5667292175235064,1.0191413442663497,1.208252089530389,0.5485494024505281,0.7853981633974483,1.4659193880646628,0.7853981633974483,1.0636978224025597,0.7853981633974483,1.1071487177940904,0.7853981633974483,-0.3217505543966422,3.141592653589793,-2.6344941491974563
-0.7467907472692974,0.0,-2.0131705497716417,-0.8960553845713439,-0.2984989315861793,0.40489178628508343,-1.1071487177940904,0.6747409422235526,0.844153986113171,0.7188299996216245,0.4636476090008061,0.3947911196997615,0.6947382761967031,1.2490457723982544,0.9544993893988254,1.0516502125483738,1.1309537439791604,1.2753554896511765,1.2924966677897853,1.5707963267948966,1.6295521495106193,2.1025203940537023,1.9100889412489412,2.1995926132103296,2.701750070774057,2.647651284670212,2.316215803069055,0.0,0.0,0.0,0.0,0.0,0.0,0.0,0.0,0.0,0.0,0.0,0.3805063771123649,0.507098504392337,0.21109333322274654,0.11065722117389565,-0.348771003583907,-0.49394136891958124,-0.7509290623979403,-0.6823165548747481,-0.6146629519221655,-0.7298996581517315,-0.844153986113171,-0.5467888408892474,-0.7597627548757708,-0.6556956262415362,-1.1849136573968229,-1.0447299077981331,-0.9218007677983957,-1.047518004662921,-1.1324597669369387,-1.1525719972156676,-1.2722973952087173,-0.9561333748727311,-1.297787623708186,-1.5707963267948966,-1.373400766945016,-1.3045442776439713
-2.7461842500178175,0.0,0.5404195002705842,1.8622531212727638,2.761086276477428,2.0344439357957027,2.214297435588181,-2.158798930342464,-2.896613990462929,-2.896613990462929,-2.539305307454829,-2.6344941491974563,-2.5829933382462307,-2.356194490192345,-2.4668517113662407,-2.356194490192345,-2.158798930342464,-2.0195196708056176,-2.0701430484750265,-1.8157749899217608,-1.6657480331376529,-1.7782925532300993,-1.6233793884058383,-1.1383885512243588,-1.2277723863741932,-1.0516502125483738,-0.6610431688506869,0.0,0.0,0.0,0.0,0.0,0.0,0.0,0.0,0.0,0.0,0.0,3.0419240010986313,-3.0750244898139694,2.961739153797315,2.5748634360662868,2.44685437739309,1.8313987185422376,2.060753653048625,1.892546881191539,1.9890206563741257,1.7078625011050843,1.9055331641117113,1.892546881191539,1.6373644905707205,1.6672701019774836,1.6775319994440323,1.5102643070127895,1.423717971406494,1.6030432092301505,1.5707963267948966,1.4121410646084953,1.5707963267948966,1.4559197213779975,1.3415643935179014,1.1999050379822342,1.1659045405098132,1.695151321341658
3.141592653589793,0.0,2.485897027348257,2.539305307454829,2.356194490192345,2.439335722080786,2.178598322908857,2.251317551462111,2.1870932641909677,2.1486982637571423,2.0672190801997785,1.9853032013796825,2.0169018757383004,1.8076450877418169,1.9513027039072615,1.849095985800008,1.9513027039072615,1.8766751981997487,1.6262948320406134,1.750649826587375,1.3521273809209546,1.9513027039072615,-0.7853981633974483,-1.1071487177940904,-1.460139105621001,-1.5707963267948966,-1.1341691669813554,0.0,0.0,0.0,0.0,0.0,0.0,0.0,0.0,0.0,0.0,0.0,-0.388318718172466,-0.2536740961386427,-0.3347368373168147,-0.3430239404207034,-0.3868757177310281,-0.24497866312686414,-0.1707352114752828,-0.1586552621864014,-0.18311081726248413,-0.14189705460416394,-0.039978687123290044,-0.11942892601833845,0.11065722117389565,-0.09065988720074511,0.24497866312686414,0.09065988720074511,0.14189705460416394,0.22679884805388587,0.3947911196997615,-0.11065722117389565,0.7853981633974483,0.7853981633974483,0.7853981633974483,3.141592653589793,1.97568811307998,2.677945044588987
3.141592653589793,0.0,-2.8023000391357487,-2.761086276477428,-2.9441970937399127,-2.819842099193151,-2.937574673997245,-2.896613990462929,-3.048115872431204,-3.0810606338076862,3.141592653589793,3.109345771154539,3.1058935409104693,2.958481836327309,-3.109345771154539,3.054854314913808,3.0309354324158977,2.936197264400026,2.704965493776252,2.774418819771574,2.9441970937399127,2.896613990462929,0.7853981633974483,-0.27829965900511133,0.21866894587394195,-0.08314123188844123,-0.18534794999569476,0.0,0.0,0.0,0.0,0.0,0.0,0.0,0.0,0.0,0.0,0.0,0.4844779290370232,0.4297622790966885,0.4636476090008061,0.5337081916392615,0.5467888408892474,0.5880026035475675,0.5585993153435624,0.628796286415433,0.712357598094329,0.65788860518221,0.7583777142101835,0.9505468408120752,0.8818719385800352,0.9179496956941223,1.0636978224025597,1.2490457723982544,1.2120256565243244,1.1071487177940904,0.9272952180016122,1.4288992721907328,1.6539375586833378,1.1902899496825317,1.1902899496825317,1.7681918866447774,2.677945044588987,-2.44685437739309
2.55923970744581,0.0,-2.2655346029916,-1.8018869939907938,-2.125103822996448,-1.9853032013796825,-2.0344439357957027,-2.169215220273434,-2.333975924865626,-2.3291740410050803,-2.184003675669406,-2.2621332555643585,-2.376599820878883,-2.332942867381882,-2.498091544796509,-2.356194490192345,-2.452668265374932,-2.427501954977635,-2.393214606066275,-2.403777593469328,-2.0344439357957027,-2.498091544796509,-1.5707963267948966,1.1071487177940904,1.2722973952087173,0.7853981633974483,0.7483780475235183,0.0,0.0,0.0,0.0,0.0,0.0,0.0,0.0,0.0,0.0,0.0,0.9707461133931431,1.047518004662921,1.0240074859056494,1.0121970114513341,1.2597980461893556,1.3078015951139772,1.39408747072486,1.2036224929766774,1.39408747072486,1.2610933822524404,1.3986055122719576,1.6475682180646747,1.5707963267948966,1.6814535479687922,1.719686274404394,1.2924966677897853,1.7359450042095235,1.8157749899217608,1.3439974787410107,2.2655346029916,0.0,-2.677945044588987,2.601173153319209,-2.356194490192345,-2.62244653934327,-2.356194490192345
0.3156156620387663,0.0,3.0419240010986313,2.8083483524781205,2.835713782184941,2.654693421778524,2.774418819771574,2.741351996555819,2.649783477601095,2.432966381462123,2.3305590816706676,2.498091544796509,2.408777551803287,2.436024475904582,2.4917222041778455,2.432966381462123,2.488746022489019,2.1193457292454245,2.408777551803287,2.129395642138459,2.0344439357957027,1.2490457723982544,-0.24497866312686414,-0.982793723247329,-0.8621700546672264,-0.6610431688506869,-0.6107259643892086,0.0,0.0,0.0,0.0,0.0,0.0,0.0,0.0,0.0,0.0,0.0,0.04995839572194276,0.0,0.04345089539153084,0.12435499454676144,-0.19739555984988075,0.07393903765794034,0.10308160852270024,0.1470783553884025,0.0688564893010446,0.3332443011116727,0.4444192099010989,0.348771003583907,0.16514867741462683,0.4423742229767449,0.3217505543966422,0.982793723247329,1.0121970114513341,0.4993467216801301,0.6610431688506869,0.7853981633974483,-0.7853981633974483,0.0,2.1112158270654806,2.999695598985629,2.677945044588987,3.141592653589793
-0.32811989501530536,0.0,1.7454685258031364,1.941687615607559,1.6142472221864275,1.8545904360032244,1.8692952583810758,1.477319545636307,1.2252407462131845,1.39408747072486,1.3521273809209546,1.1071487177940904,1.4288992721907328,1.1410340476982082,1.1705556697609225,1.176005207095135,0.9944211062037129,1.373400766945016,1.2120256565243244,2.0344439357957027,1.0516502125483738,3.141592653589793,-2.677945044588987,-0.5880026035475675,-1.97568811307998,-1.9138202672156,-1.4181469983996315,0.0,0.0,0.0,0.0,0.0,0.0,0.0,0.0,0.0,0.0,0.0,-1.3909428270024184,-1.4559197213779975,-1.2722973952087173,-1.2387368592520112,-0.8408966686431651,-1.373400766945016,-1.1071487177940904,-1.3986055122719576,-1.477319545636307,-1.1562894522101106,-0.844153986113171,-0.5880026035475675,-1.1383885512243588,-0.6696389456766376,-0.6022873461349642,-1.2679114584199251,0.0,-0.982793723247329,-0.8960553845713439,0.24497866312686414,0.2662520491509254,-0.7188299996216245,1.460139105621001,-0.8621700546672264,-1.7894652726688385,0.19739555984988075
-0.32811989501530536,0.0,2.761086276477428,2.4668517113662407,2.5702551737561663,2.323947607757091,2.293775680196388,2.356194490192345,2.384758148031105,2.3305590816706676,2.300695984946628,2.234842489621581,2.104504518434158,2.1401095178955587,1.9295669970654687,2.1193457292454245,2.427501954977635,2.0344439357957027,1.7894652726688385,1.460139105621001,1.892546881191539,-2.0344439357957027,-2.356194490192345,-1.5707963267948966,-1.0516502125483738,0.0,-1.3101939350475555,0.0,0.0,0.0,0.0,0.0,0.0,0.0,0.0,0.0,0.0,0.0,-0.5743048301747018,-0.6327488350021832,-0.5763752205911837,-0.5317240672588056,-0.8519663271732721,-0.6823165548747481,-0.4825132950224769,-0.2536740961386427,-0.3310960767041321,-0.060532019782107135,-0.6435011087932844,-0.3392926144540447,0.8519663271732721,-0.07393903765794034,2.5535900500422257,-0.8621700546672264,-0.6556956262415362,-1.1902899496825317,-0.3217505543966422,-2.0344439357957027,-2.3086113869153615,-2.1112158270654806,1.1525719972156676,2.5127963671743605,2.8501358591119264,1.6539375586833378
-2.825976991551027,0.0,-2.3086113869153615,-2.356194490192345,-2.327630832353585,-2.279422598922567,-2.3805798993650633,-2.356194490192345,-2.4668517113662407,-2.5127963671743605,-2.618314331457818,-2.5283853047152838,-2.720173446701989,-2.692869309579072,-2.711830374493105,-2.723368324010564,-2.782821983319221,-2.601173153319209,-2.647651284670212,-2.746801533890032,2.677945044588987,2.896613990462929,-2.896613990462929,0.19739555984988075,0.4636476090008061,0.6107259643892086,0.4636476090008061,0.0,0.0,0.0,0.0,0.0,0.0,0.0,0.0,0.0,0.0,0.0,1.0714496051147666,1.0222469243443686,1.1071487177940904,1.089909046599561,0.973619668702219,1.1071487177940904,1.0768549578753155,1.1964627107873127,1.2387368592520112,1.1071487177940904,1.3654009376051293,1.4513674007765582,1.4940244355251187,1.5182132651839548,1.6614562139956417,1.5707963267948966,1.7561442767905915,1.849095985800008,1.750649826587375,1.6704649792860586,2.0344439357957027,3.141592653589793,2.896613990462929,-1.849095985800008,-2.0344439357957027,-2.5535900500422257
-0.7467907472692974,0.0,2.0344439357957027,2.1341125882868646,2.1341125882868646,2.2318394956455836,2.1815222911841055,2.1112158270654806,2.1948193797716535,2.0472637462686034,2.007423486608438,1.9513027039072615,1.8717165611553217,2.0054665419441413,1.8244704229335393,1.776191715984664,1.750649826587375,2.0576955586061656,1.8157749899217608,1.642103791580187,1.8622531212727638,2.356194490192345,-2.0344439357957027,-1.0121970114513341,-1.2490457723982544,-1.4056476493802699,-1.2679114584199251,0.0,0.0,0.0,0.0,0.0,0.0,0.0,0.0,0.0,0.0,0.0,-0.9025069079643125,-0.9505468408120752,-0.9342881110069455,-0.866302262552679,-0.7621465405869854,-0.8329812666744317,-0.8584387287005676,-0.7597627548757708,-0.6947382761967031,-0.6640461628266846,-0.5232783221319756,-0.5404195002705842,-0.6022873461349642,-0.4182243295792291,-0.37089128881266237,-0.23109066719589708,-0.2984989315861793,-0.3217505543966422,-0.8519663271732721,-0.2914567944778671,-0.9272952180016122,-0.4636476090008061,-0.4636476090008061,3.141592653589793,2.498091544796509,2.356194490192345
-2.7461842500178175,0.0,-2.393214606066275,-2.5088438185876103,-2.356194490192345,-2.5360479899848234,-2.4227626539681686,-2.38648825011112,-2.3805798993650633,-2.5453935122923133,-2.5829933382462307,-2.4917222041778455,-2.6344941491974563,-2.525295716193722,-2.7367008673047097,-2.6078844619505315,-2.6954871046463897,-2.5948038127005457,-2.819842099193151,-2.5748634360662868,-2.62244653934327,-2.158798930342464,-1.7681918866447774,0.7853981633974483,0.27829965900511133,0.6107259643892086,0.5667292175235064,0.0,0.0,0.0,0.0,0.0,0.0,0.0,0.0,0.0,0.0,0.0,1.0164888305933455,1.0714496051147666,1.0303768265243125,1.0240074859056494,1.0164888305933455,1.1525719972156676,1.1071487177940904,1.2120256565243244,1.1659045405098132,1.460139105621001,1.2870022175865687,1.2627435457711202,1.1284221038181517,1.719686274404394,1.5707963267948966,1.6614562139956417,1.5707963267948966,1.5042281630190728,1.7454685258031364,1.6704649792860586,2.0032041023654346,1.5707963267948966,0.0,-1.8157749899217608,2.819842099193151,-2.4668517113662407
3.141592653589793,0.0,-2.356194490192345,-2.5065659181994793,-2.498091544796509,-2.5948038127005457,-2.5948038127005457,-2.5213431676069717,-2.8083483524781205,-2.720173446701989,-2.7270857790050074,-2.8590377011202057,-2.8828217616260954,-2.964883797519757,-2.926234953892055,-2.976443976175166,-3.017237659043032,-2.999695598985629,-3.0750244898139694,3.141592653589793,3.141592653589793,3.141592653589793,-1.9513027039072615,-1.5707963267948966,0.17985349979247828,-0.08314123188844123,0.14189705460416394,0.0,0.0,0.0,0.0,0.0,0.0,0.0,0.0,0.0,0.0,0.0,0.722979353401491,0.9179496956941223,0.8156919233162234,0.9197196053504169,0.7583777142101835,1.0563450137358688,0.8803498697402047,1.0743735733900148,0.9505468408120752,1.0714496051147666,1.2490457723982544,1.3370531459259951,1.3016288340091962,1.3370531459259951,1.4056476493802699,1.0040671092713902,1.2315037123408519,1.1383885512243588,1.1525719972156676,1.3258176636680326,1.7126933813990606,1.2490457723982544,0.0,2.976443976175166,-2.432966381462123,-1.892546881191539
3.141592653589793,0.0,3.141592653589793,-3.0309354324158977,-2.0344439357957027,-2.432966381462123,-2.677945044588987,-1.1659045405098132,-1.5707963267948966,-1.039072259536091,-1.2793395323170296,-1.1309537439791604,-1.0074800653029286,-0.8621700546672264,-1.1071487177940904,-0.4636476090008061,-1.0636978224025597,-0.9964914966201949,-0.8176450458327023,-0.625485040239229,-0.22679884805388587,0.2662520491509254,0.17985349979247828,0.40489178628508343,0.6202494859828215,0.40489178628508343,1.1902899496825317,0.0,0.0,0.0,0.0,0.0,0.0,0.0,0.0,0.0,0.0,0.0,-2.0344439357957027,-2.356194490192345,-1.97568811307998,-2.214297435588181,-2.7509856098921066,-2.214297435588181,-3.0916342578678506,-2.677945044588987,-2.976443976175166,3.0916342578678506,-3.1016139664665032,3.104572537715863,-3.104572537715863,-2.949544636349063,3.141592653589793,-2.961739153797315,3.1145722044025286,2.9829373914033916,-3.061762667877556,3.0828368308740703,2.9441970937399127,2.761086276477428,2.896613990462929,-2.9441970937399127,2.875340604438868,3.141592653589793
3.141592653589793,0.0,2.838707785214822,2.498091544796509,3.141592653589793,-1.892546881191539,-2.5829933382462307,-2.289626326416521,3.141592653589793,-3.0419240010986313,-2.833539872566017,-2.498091544796509,-1.6704649792860586,-1.9890206563741257,-2.2264919530364327,-2.2318394956455836,-1.7590178320996674,-1.5707963267948966,-1.727398203776912,-1.776191715984664,-1.3156139361740782,-1.2120256565243244,-1.3258176636680326,-1.3439974787410107,-0.7086262721276703,-0.3805063771123649,-0.9505468408120752,0.0,0.0,0.0,0.0,0.0,0.0,0.0,0.0,0.0,0.0,0.0,-2.289626326416521,-1.1659045405098132,-2.0344439357957027,-3.079173843593836,-2.191045812777718,2.896613990462929,-2.6292031932790554,2.62244653934327,3.017237659043032,3.0419240010986313,2.91811605244916,2.800613700093444,2.8685839505030826,2.704965493776252,2.5453935122923133,2.6057814156293295,2.356194490192345,2.2865399164637767,2.356194490192345,2.356194490192345,2.334921104168284,2.5686265107010873,2.390663591191853,2.432966381462123,2.256525837701183,0.8960553845713439
3.141592653589793,0.0,1.6262948320406134,1.5707963267948966,1.2220253232109897,1.2490457723982544,1.2924966677897853,1.042721878368537,0.8478169733934057,1.1659045405098132,1.0552473193359175,0.9917220574271658,0.8288490587889792,1.0405805540182667,0.9380474917927135,1.047518004662921,0.9129077216126865,0.8408966686431651,1.0303768265243125,1.5707963267948966,0.9272952180016122,1.2924966677897853,-0.7853981633974483,-2.677945044588987,2.677945044588987,-2.498091544796509,-2.5308666892005847,0.0,0.0,0.0,0.0,0.0,0.0,0.0,0.0,0.0,0.0,0.0,-1.7818896600176433,-1.8157749899217608,-1.9451299428024806,-1.9890206563741257,-1.8076450877418169,-1.8018869939907938,-1.7975951748487824,-1.6914199953749993,-1.750649826587375,-1.7033478590915707,-1.602036160225165,-1.5707963267948966,-1.4513674007765582,-1.6064954394742206,-1.4801364395941514,-1.512040504079174,-1.4659193880646628,-1.3439974787410107,-1.8622531212727638,-1.9379701606131159,-1.4056476493802699,-1.7818896600176433,-2.5535900500422257,-1.5707963267948966,0.0,-0.7853981633974483
3.141592653589793,0.0,2.1112158270654806,1.9295669970654687,2.356194490192345,2.316215803069055,2.158798930342464,2.191045812777718,1.7681918866447774,1.8804992713373527,1.7475051828649333,1.5707963267948966,1.3258176636680326,2.0533096218173736,1.5350972141155728,1.717874682183299,1.6539375586833378,1.3633001003596938,1.7454685258031364,2.0344439357957027,1.642103791580187,2.5829933382462307,1.2490457723982544,3.058451421701352,3.141592653589793,-2.843093722003614,-2.408777551803287,0.0,0.0,0.0,0.0,0.0,0.0,0.0,0.0,0.0,0.0,0.0,0.43662715981354133,0.6610431688506869,0.4636476090008061,0.3332443011116727,0.5191461142465229,0.7551044034786732,0.0,0.5880026035475675,0.4636476090008061,0.6747409422235526,1.2360594894780819,0.25732371497108864,-0.6747409422235526,-0.714090698612158,0.3947911196997615,0.3805063771123649,2.5829933382462307,-0.5144513130590278,-0.8066715494215095,-0.507098504392337,0.7853981633974483,-2.356194490192345,0.13255153229667402,0.19739555984988075,2.976443976175166,-1.5707963267948966
-0.8137306608149905,0.0,0.5191461142465229,1.837048375945822,1.849095985800008,1.873681195169868,0.982793723247329,-2.2455372690184494,2.896613990462929,-2.782821983319221,-2.5535900500422257,2.4805494847391065,-3.0940095503128098,3.011890116433881,2.6590793585673165,-3.0045264792796056,2.761086276477428,-3.096169374168216,-3.046640947247037,-2.896613990462929,-2.6590793585673165,-2.0344439357957027,-2.214297435588181,-2.223642957895671,-1.7590178320996674,-1.7818896600176433,-1.687905071361761,0.0,0.0,0.0,0.0,0.0,0.0,0.0,0.0,0.0,0.0,0.0,3.141592653589793,3.017237659043032,2.279422598922567,2.1112158270654806,1.0303768265243125,1.5083775167989393,1.5707963267948966,1.965587446494658,1.7539071440573808,1.727398203776912,1.5430256902014756,1.6539375586833378,0.8902751021276822,1.687905071361761,1.2679114584199251,1.2924966677897853,0.9575889779203873,1.0714496051147666,1.034985088834433,1.1220729827841756,0.9652516631899266,0.8478169733934057,0.8850668158886104,0.8198672643969563,0.48689923181126904,1.1659045405098132
-0.4764674194737067,0.0,1.7681918866447774,2.5535900500422257,2.677945044588987,-1.1583858851975093,-2.1815222911841055,2.976443976175166,-1.3258176636680326,-2.5213431676069717,-1.7561442767905915,-1.1525719972156676,-2.0701430484750265,-1.3986055122719576,-1.80634130751576,-1.690225252813235,-1.717874682183299,-1.373400766945016,-1.1824776086224307,-1.1583858851975093,-1.3633001003596938,-0.866302262552679,-0.7483780475235183,-0.15264932839526515,-0.49394136891958124,-0.21109333322274654,0.43662715981354133,0.0,0.0,0.0,0.0,0.0,0.0,0.0,0.0,0.0,0.0,0.0,3.070285188804503,3.064820762320015,2.4805494847391065,2.1995926132103296,2.256525837701183,2.007423486608438,1.8692952583810758,1.7126933813990606,1.8157749899217608,2.2318394956455836,1.9631364710104124,2.1112158270654806,1.8157749899217608,1.8313987185422376,1.8347600504206012,1.7359450042095235,1.5707963267948966,1.7234456551901618,1.6233793884058383,1.5978167759821613,1.7547397833320717,1.7942729279355296,2.0831857871056343,1.9853032013796825,1.8717165611553217,1.6756732655251305
0.5763752205911837,0.0,1.9379701606131159,1.9295669970654687,2.1025203940537023,1.6756732655251305,1.7063240407803975,1.7078625011050843,1.7429871413178357,1.7818896600176433,1.6064954394742206,1.433730152484709,1.6030432092301505,1.5707963267948966,1.5063694873693432,1.5273454314033659,1.356735643231075,1.4659193880646628,1.7359450042095235,1.5083775167989393,1.750649826587375,2.356194490192345,-3.017237659043032,-2.601173153319209,-2.356194490192345,-2.297438667476622,-2.2367655641740063,0.0,0.0,0.0,0.0,0.0,0.0,0.0,0.0,0.0,0.0,0.0,-0.6510767214444798,-0.5191461142465229,-0.5232783221319756,-0.4795192919925962,-0.49180917598869855,-0.5191461142465229,-0.5880026035475675,-0.5713374798336268,-0.43833655985795783,-0.49394136891958124,-0.4964227534048819,-0.41012734054149097,-0.4844779290370232,-0.39852244566642026,-0.6823165548747481,-0.4636476090008061,-0.5280744484263596,-0.5880026035475675,-0.5880026035475675,-0.348771003583907,-0.5880026035475675,-0.9272952180016122,-1.5707963267948966,2.356194490192345,2.214297435588181,1.5707963267948966
-0.8137306608149905,0.0,-0.34555558058171215,-0.10673567264913565,0.27490984148067255,-0.24497866312686414,-0.10220671810725354,-0.24497866312686414,-0.300171170830112,-0.14189705460416394,-0.4182243295792291,-0.5136060047227489,-0.34194982697771015,-0.5565993180102227,-0.5475622359399975,-0.5624979310690725,-0.4434483364197382,-0.35877067027057225,-0.5337081916392615,0.04345089539153084,-0.27829965900511133,0.7266423406817256,1.1902899496825317,1.3258176636680326,1.6262948320406134,2.5899376710612465,2.2455372690184494,0.0,0.0,0.0,0.0,0.0,0.0,0.0,0.0,0.0,0.0,0.0,-2.8268349921984846,-2.711830374493105,-2.7270857790050074,-2.7716865861332356,-2.7849725176383613,-2.7807558705567024,-2.6626790550422075,-2.7179237317122773,-2.573487921115366,-2.764343593947434,-2.741351996555819,-2.677945044588987,-2.636731281930667,-2.6344941491974563,-2.7420771595904188,-2.5337906574758327,-2.191045812777718,-2.6292031932790554,-2.5535900500422257,-2.831889709047337,-1.9890206563741257,-2.677945044588987,-2.3191743743184148,0.0,-0.4636476090008061,0.7086262721276703
-0.4764674194737067,0.0,-0.7853981633974483,-0.9420000403794636,-0.982793723247329,-0.7853981633974483,-1.2765617616837088,-1.0516502125483738,-1.3016288340091962,-1.1849136573968229,-1.3016288340091962,-1.2698760924344714,-1.3838170568759856,-1.442473099109102,-1.4056476493802699,-1.5323537367737086,-1.2360594894780819,-1.4876550949064553,-1.5253730473733196,-1.3521273809209546,-1.2722973952087173,-1.0516502125483738,-0.4636476090008061,0.7853981633974483,0.8519663271732721,1.2277723863741932,1.313472611823808,0.0,0.0,0.0,0.0,0.0,0.0,0.0,0.0,0.0,0.0,0.0,2.44293282886833,2.44685437739309,2.334921104168284,2.457883341955422,2.4668517113662407,2.498091544796509,2.5453935122923133,2.471071095609244,2.677945044588987,2.5453935122923133,2.5378433201923567,2.579671091332978,2.7091848780192556,2.831889709047337,2.6344941491974563,2.723368324010564,2.8501358591119264,2.5127963671743605,-2.999695598985629,2.896613990462929,2.0344439357957027,0.0,-0.3217505543966422,-1.7681918866447774,-0.5880026035475675,-2.0344439357957027
-2.6440597146848694,0.0,-3.0810606338076862,-2.746801533890032,-3.0209689850096906,-2.774418819771574,-2.937574673997245,2.9441970937399127,2.909035711784884,-2.988943325194528,-3.125200679281788,2.934909435105544,3.0816644984685855,3.079173843593836,2.79856871316909,2.9029833310815922,2.925507681293007,2.819842099193151,2.9275319700259717,2.958481836327309,3.141592653589793,-2.356194490192345,-2.0344439357957027,-1.2490457723982544,-1.2924966677897853,-0.7509290623979403,-0.388318718172466,0.0,0.0,0.0,0.0,0.0,0.0,0.0,0.0,0.0,0.0,0.0,0.9189272124893197,0.8288490587889792,0.9994588469612699,0.8577354939360433,0.9151007005533605,0.9234041870549677,0.948493455607689,0.9240379005316064,0.8902751021276822,1.089909046599561,0.9272952180016122,1.3499675570655483,1.0636978224025597,1.1383885512243588,1.2387368592520112,1.1309537439791604,0.625485040239229,1.1341691669813554,1.2120256565243244,1.2490457723982544,0.27829965900511133,0.11065722117389565,1.7033478590915707,1.4056476493802699,1.8157749899217608,-2.8501358591119264
3.141592653589793,0.0,0.9723774333163594,1.373400766945016,1.2490457723982544,1.1659045405098132,1.1169523252733864,1.033885584054851,0.7704738984073634,0.8117078806503705,0.9234041870549677,0.9380474917927135,0.6881449651458825,0.8557046275160728,0.8960553845713439,0.8645972343668998,0.6435011087932844,0.8960553845713439,0.8478169733934057,0.8818719385800352,1.2679114584199251,1.750649826587375,2.191045812777718,2.896613990462929,3.141592653589793,-2.984990776607778,-2.7314653130483024,0.0,0.0,0.0,0.0,0.0,0.0,0.0,0.0,0.0,0.0,0.0,-1.7607846147136124,-1.8251643853481625,-1.7754381366246745,-1.9195673303788037,-1.7301479676988134,-1.7934572674312617,-1.7078625011050843,-1.6973884540748687,-1.7717505904829935,-1.6835239383852743,-1.5475447039844337,-1.6506263125071339,-1.492012365805753,-1.6575346654708818,-1.3422996875030344,-1.7078625011050843,-1.695151321341658,-1.7782925532300993,-1.3397056595989996,-1.7234456551901618,-2.356194490192345,0.982793723247329,-2.297438667476622,1.9100889412489412,2.4227626539681686,1.373400766945016
0.3156156620387663,0.0,-0.2984989315861793,-0.6435011087932844,-0.27829965900511133,-1.1071487177940904,0.7853981633974483,2.677945044588987,2.819842099193151,1.9138202672156,1.5707963267948966,1.8157749899217608,1.8157749899217608,2.0899424410414196,1.8157749899217608,1.892546881191539,1.7782925532300993,1.9295669970654687,1.9890206563741257,2.20354516179708,1.9138202672156,2.578276392097825,2.761086276477428,-2.896613990462929,3.0419240010986313,-3.050932766389048,-2.7091848780192556,0.0,0.0,0.0,0.0,0.0,0.0,0.0,0.0,0.0,0.0,0.0,1.0516502125483738,1.0636978224025597,1.1659045405098132,0.5880026035475675,0.14189705460416394,0.0,0.43662715981354133,0.04345089539153084,-0.2860514417173182,-0.11942892601833845,-0.16514867741462683,-0.039978687123290044,0.039978687123290044,-0.4475199751571699,-0.20304521725346514,-0.2741674511196588,-0.5984188934785372,-0.6078019961139605,-0.5790742693677309,-0.5404195002705842,-0.5337081916392615,-0.6747409422235526,-0.6998928697192437,-0.5585993153435624,-0.5247957716501074,-0.35299038782691045
0.3156156620387663,0.0,0.17985349979247828,0.7853981633974483,-0.3805063771123649,1.5707963267948966,2.4668517113662407,3.141592653589793,2.723368324010564,2.701750070774057,2.214297435588181,2.819842099193151,2.9441970937399127,2.782821983319221,2.8706458032513726,-3.0060649396042924,-2.9340964271545906,2.8461518164460733,-2.91811605244916,-2.896613990462929,-2.677945044588987,-2.356194490192345,-2.321725389192837,-2.0899424410414196,-2.0344439357957027,-1.2679114584199251,-1.2793395323170296,0.0,0.0,0.0,0.0,0.0,0.0,0.0,0.0,0.0,0.0,0.0,2.5535900500422257,2.0899424410414196,1.5707963267948966,0.844153986113171,1.2490457723982544,0.5404195002705842,0.7853981633974483,0.8884797719201485,0.6528466311007743,0.6998928697192437,1.0164888305933455,0.7610127542247298,0.6837093116343713,0.5779019369622457,0.5619215622568153,0.6489955589965009,0.6202494859828215,0.4899573262537283,0.5516549825285468,0.4487233440107211,0.2629947316809195,0.3332443011116727,0.388318718172466,0.34555558058171215,0.27829965900511133,0.27094685033842053
0.3156156620387663,0.0,-2.819842099193151,-1.3397056595989996,-0.14189705460416394,-0.07677189126977804,-1.1902899496825317,-0.844153986113171,-0.1746721990082397,-0.2662520491509254,0.6947382761967031,-0.19739555984988075,0.0,-0.20749622643520266,0.0,0.3392926144540447,0.10487693873023389,0.49394136891958124,0.5880026035475675,1.0768549578753155,1.0303768265243125,0.9964914966201949,0.982793723247329,1.313472611823808,1.446441332248135,1.5707963267948966,1.965587446494658,0.0,0.0,0.0,0.0,0.0,0.0,0.0,0.0,0.0,0.0,0.0,-0.4636476090008061,-0.8288490587889792,-1.5707963267948966,-1.2036224929766774,-1.784857010358718,-2.060753653048625,-2.129395642138459,-1.8804992713373527,-2.0169018757383004,-2.105751400580993,-2.0647376957144776,-1.9614033704925835,-2.1262900620604404,-2.0344439357957027,-2.105751400580993,-2.131959739083249,-2.158798930342464,-2.1527014449347823,-2.0503156187874927,-2.279422598922567,-2.2191283158821573,-2.1815222911841055,-2.3086113869153615,-2.618314331457818,-2.26945615151636,-2.4905159321453136
-0.5349550737860964,0.0,-2.988943325194528,2.782821983319221,-2.819842099193151,3.017237659043032,3.141592653589793,2.8535372065391673,2.9669204545815537,2.743070207923373,2.61552623459303,2.8461518164460733,2.701750070774057,2.33924696038594,2.5040438554511004,2.2865399164637767,2.158798930342464,2.5453935122923133,2.316215803069055,3.079173843593836,1.97568811307998,2.601173153319209,2.279422598922567,-2.677945044588987,-1.1383885512243588,-1.2490457723982544,-1.4056476493802699,0.0,0.0,0.0,0.0,0.0,0.0,0.0,0.0,0.0,0.0,0.0,1.5707963267948966,1.3045442776439713,1.0636978224025597,1.2793395323170296,1.297787623708186,1.3045442776439713,1.35970299357215,1.5083775167989393,1.4181469983996315,0.9272952180016122,1.849095985800008,1.0768549578753155,0.8329812666744317,0.9440534255838497,1.2490457723982544,1.1410340476982082,1.7681918866447774,-0.348771003583907,1.8545904360032244,1.1801892830972098,1.9513027039072615,2.922923707715851,-1.3045442776439713,-2.312743594800814,-2.746801533890032,-1.5707963267948966
-0.32811989501530536,0.0,-2.6374266921106404,-2.61552623459303,-2.7076392841958965,-2.743964662067664,-2.677945044588987,-2.725154036398201,-2.835713782184941,-2.999695598985629,-2.8610558618514714,-3.0555983623955525,-3.057048898076795,-3.015284536526553,3.1058935409104693,-3.0419240010986313,-3.122364254490086,-3.087591153213825,-2.896613990462929,-3.061762667877556,-3.017237659043032,-2.729182211992406,-2.1112158270654806,-1.3909428270024184,-1.3258176636680326,-1.1309537439791604,-0.6327488350021832,0.0,0.0,0.0,0.0,0.0,0.0,0.0,0.0,0.0,0.0,0.0,0.6304014214735073,0.634022719663422,0.6304014214735073,0.6202494859828215,0.7086262721276703,0.6473921397399288,0.628796286415433,0.5926974047350627,0.8148014516014535,0.8315192794119595,0.8012698463892384,0.6857295109062863,0.8210972760767723,0.982793723247329,0.9380474917927135,0.9505468408120752,0.6000502134017536,1.3101939350475555,0.9272952180016122,1.3101939350475555,0.6556956262415362,2.5535900500422257,-2.961739153797315,2.677945044588987,2.601173153319209,-2.8023000391357487
-0.3666376408401143,0.0,-1.3415643935179014,-1.719686274404394,-1.5707963267948966,-1.39408747072486,-1.519992622736675,-1.6475682180646747,-1.7126933813990606,-1.6690702800509059,-1.5707963267948966,-1.6162196062164735,-1.5544043524868913,-1.8976229797248374,-1.7572832284621134,-1.7475051828649333,-1.791625096524245,-1.837048375945822,-1.892546881191539,-1.6373644905707205,-1.4743225516123097,-1.4559197213779975,-1.1383885512243588,-1.0636978224025597,-0.21866894587394195,0.4636476090008061,0.7853981633974483,0.0,0.0,0.0,0.0,0.0,0.0,0.0,0.0,0.0,0.0,0.0,2.1462209773301817,2.1077070695349422,2.1815222911841055,2.0344439357957027,2.1493205412126017,2.129395642138459,2.0852476398539244,2.28385715965375,2.2301063951277547,2.140836790494607,2.356194490192345,2.4805494847391065,2.436024475904582,2.3249546567620767,2.1156602422464403,1.9451299428024806,2.300695984946628,2.3305590816706676,2.5899376710612465,-2.289626326416521,-0.8960553845713439,-2.601173153319209,-0.19739555984988075,-0.6947382761967031,-2.137525544318403,-1.1071487177940904
-0.8176450458327023,0.0,-2.969401839066854,-2.8095331860469077,2.865265378614728,-3.017237659043032,3.046640947247037,2.677945044588987,2.949544636349063,2.7795052458960647,2.960272879188303,-3.085049216644976,2.7407992050145586,2.704965493776252,2.7728967509317433,3.019750216569876,2.841421482759681,-3.0971774383428823,3.0928508022798615,2.9829373914033916,3.067653615931853,3.0750244898139694,-2.819842099193151,-1.5707963267948966,-0.8960553845713439,-0.6659692373791098,-0.9179496956941223,0.0,0.0,0.0,0.0,0.0,0.0,0.0,0.0,0.0,0.0,0.0,0.06512516333438588,0.04647813135100294,0.17219081452293902,0.12697278961407893,0.3028848683749714,0.28379410920832787,0.1746721990082397,0.33563855032760925,0.2721458905311873,0.4026546535518728,0.4453010438876859,0.4636476090008061,0.5191461142465229,0.39852244566642026,0.4773453823736719,0.6805212246672144,0.6162969373960713,0.27094685033842053,0.7157435896688801,2.677945044588987,-0.5404195002705842,-2.999695598985629,-0.5880026035475675,1.825978717415715,2.0032041023654346,-2.741351996555819
0.3156156620387663,0.0,-1.9974238199217726,-2.289626326416521,-1.446441332248135,-0.8960553845713439,-0.24497866312686414,-0.6947382761967031,-0.17985349979247828,0.08314123188844123,0.5667292175235064,0.19739555984988075,0.23109066719589708,0.40489178628508343,0.13255153229667402,0.35877067027057225,0.348771003583907,0.7086262721276703,0.5880026035475675,0.8288490587889792,1.0516502125483738,1.373400766945016,1.2490457723982544,1.6614562139956417,1.3258176636680326,1.7681918866447774,1.892546881191539,0.0,0.0,0.0,0.0,0.0,0.0,0.0,0.0,0.0,0.0,0.0,-0.16514867741462683,-1.1902899496825317,-1.5707963267948966,-1.1525719972156676,-1.7359450042095235,-1.4876550949064553,-1.5707963267948966,-1.727398203776912,-1.5308176396716067,-1.6162196062164735,-1.6396528160959412,-1.8157749899217608,-1.6575346654708818,-1.7681918866447774,-1.925501978805837,-1.856847768512215,-1.946067149650854,-1.9028557943377822,-1.9809236673363877,-1.97568811307998,-2.129395642138459,-2.0195196708056176,-2.158798930342464,-2.1815222911841055,-1.7681918866447774,-2.0899424410414196
-0.4764674194737067,0.0,-2.843093722003614,-2.158798930342464,-1.5707963267948966,-1.1525719972156676,-1.2341215074081695,-0.12435499454676144,-0.8760580505981934,-0.16514867741462683,-0.6435011087932844,-0.7853981633974483,-0.4993467216801301,-0.14189705460416394,-0.702256931509007,-0.3671738338182192,-0.8760580505981934,0.14189705460416394,-0.4636476090008061,-0.16514867741462683,-0.24497866312686414,0.21866894587394195,0.0,0.844153986113171,0.8519663271732721,0.8329812666744317,1.2490457723982544,0.0,0.0,0.0,0.0,0.0,0.0,0.0,0.0,0.0,0.0,0.0,-0.4636476090008061,-0.6947382761967031,-1.0303768265243125,-1.446441332248135,-1.837048375945822,-1.6475682180646747,-1.6539375586833378,-1.6124389058934852,-1.5707963267948966,-1.784857010358718,-1.4410937896389846,-1.8233506025729562,-1.9974238199217726,-2.105751400580993,-2.214297435588181,-2.310771210770768,-2.3743743052653232,-2.10660756475536,-2.356194490192345,-2.691833040519954,-2.356194490192345,-2.44685437739309,-2.642245931909663,-2.356194490192345,-2.714965160462917,-2.279422598922567
0.3156156620387663,0.0,0.09966865249116202,-0.5404195002705842,-0.4182243295792291,1.7126933813990606,1.373400766945016,1.3258176636680326,1.5707963267948966,2.0701430484750265,2.279422598922567,1.856847768512215,2.0344439357957027,2.0344439357957027,2.2531128816696446,2.32590073027357,1.8662371639386166,2.060753653048625,2.651635327336065,2.8555412118724752,2.399645385583876,2.922923707715851,-2.984990776607778,-2.819842099193151,-2.279422598922567,-2.988943325194528,-2.1224513093234436,0.0,0.0,0.0,0.0,0.0,0.0,0.0,0.0,0.0,0.0,0.0,1.4056476493802699,0.9272952180016122,0.7853981633974483,0.0,0.3906070436976868,-0.3217505543966422,0.18822150530477075,-0.1297025371559121,-0.3217505543966422,0.04345089539153084,-0.20401797959254858,-0.18311081726248413,-0.10673567264913565,-0.3120421215625333,-0.26916749278570046,-0.4964227534048819,-0.3009202343604251,-0.3514447940035517,-0.6037493333974364,-0.6055446636049701,-0.20401797959254858,-0.4636476090008061,-0.9723774333163594,-0.36397895650964407,-0.5404195002705842,-0.7266423406817256
-0.4764674194737067,0.0,0.702256931509007,1.97568811307998,0.8884797719201485,0.992894389832651,1.8766751981997487,1.215160442494137,1.1383885512243588,0.25255427577805956,1.0303768265243125,0.6705215579805491,0.388318718172466,0.40489178628508343,0.6857295109062863,0.7610127542247298,0.4795192919925962,0.714090698612158,0.6202494859828215,0.8960553845713439,0.6202494859828215,1.1441688336680205,1.1071487177940904,2.214297435588181,2.5829933382462307,2.761086276477428,2.9441970937399127,0.0,0.0,0.0,0.0,0.0,0.0,0.0,0.0,0.0,0.0,0.0,-1.8438050298816073,-1.7942729279355296,-1.7359450042095235,-1.7607846147136124,-1.7126933813990606,-1.6775319994440323,-1.6396528160959412,-1.5707963267948966,-1.5707963267948966,-1.5350972141155728,-1.4994888620096063,-1.423717971406494,-1.3352513460740332,-1.4659193880646628,-1.5083775167989393,-1.2793395323170296,-1.0768549578753155,-1.4909663410826592,-1.8157749899217608,-1.5253730473733196,-2.452668265374932,-1.5707963267948966,0.5404195002705842,2.723368324010564,1.1071487177940904,1.4288992721907328
-0.32811989501530536,0.0,3.017237659043032,-2.9147938055359073,3.0860941483440762,-3.096169374168216,-2.8501358591119264,3.141592653589793,2.9275319700259717,-2.969401839066854,3.0940095503128098,-3.0981417581982624,2.9669204545815537,3.0419240010986313,-3.0727361642887487,3.141592653589793,-2.958481836327309,-3.064820762320015,-2.5899376710612465,3.046640947247037,-3.0890095919788516,-3.017237659043032,-2.498091544796509,0.7853981633974483,-1.1071487177940904,-1.5707963267948966,-0.7853981633974483,0.0,0.0,0.0,0.0,0.0,0.0,0.0,0.0,0.0,0.0,0.0,0.0,0.05258306161094172,0.3906070436976868,0.714090698612158,0.6435011087932844,0.5317240672588056,0.10487693873023389,0.7853981633974483,0.7853981633974483,0.6947382761967031,0.4398425828157362,0.982793723247329,0.3923401442155158,0.24497866312686414,0.9994588469612699,0.5404195002705842,0.960070362405688,0.0,1.1071487177940904,-0.15264932839526515,1.8281200417659853,0.3217505543966422,-0.7853981633974483,2.819842099193151,-0.6202494859828215,-2.5535900500422257
0.3156156620387663,0.0,-0.13255153229667402,0.22347660114063303,-0.06656816377582381,-0.23374318086890142,-0.39852244566642026,-0.3805063771123649,-0.27829965900511133,-0.3217505543966422,-0.6610431688506869,-0.4346702151492448,-0.7157435896688801,-0.5585993153435624,-0.5763752205911837,-0.48088728019533583,-0.722979353401491,-0.7483780475235183,-0.5880026035475675,-0.8760580505981934,-0.35877067027057225,-0.4182243295792291,0.11065722117389565,-0.09966865249116202,1.3258176636680326,1.7681918866447774,1.892546881191539,0.0,0.0,0.0,0.0,0.0,0.0,0.0,0.0,0.0,0.0,0.0,-2.7928216500058864,-2.6971734436886945,-2.677945044588987,-2.5213431676069717,-2.6590793585673165,-2.6135182051634334,-2.473303234759209,-2.543173760111256,-2.6954871046463897,-2.65711472455277,-2.4416997838705496,-2.427501954977635,-2.539305307454829,-2.714965160462917,-2.4668517113662407,-2.819842099193151,-2.3086113869153615,-2.279422598922567,-1.892546881191539,-2.2455372690184494,-2.0899424410414196,0.3217505543966422,-2.356194490192345,2.0344439357957027,-0.3217505543966422,0.4636476090008061
2.89288266449627,0.0,-3.0419240010986313,-3.0090411212931194,2.714965160462917,-2.677945044588987,3.141592653589793,-2.819842099193151,3.0828368308740703,-1.3258176636680326,-2.8842689386187046,-2.578276392097825,-2.999695598985629,-2.761086276477428,-2.185459278717062,-2.5360479899848234,-2.2455372690184494,-2.2058230621852104,-1.9974238199217726,-2.000558605891585,-1.9591150449673627,-1.4288992721907328,-1.1071487177940904,-1.5042281630190728,-1.3439974787410107,-1.4536875822280324,-1.0121970114513341,0.0,0.0,0.0,0.0,0.0,0.0,0.0,0.0,0.0,0.0,0.0,-0.8519663271732721,-1.176005207095135,-0.8960553845713439,-1.6475682180646747,-1.7359450042095235,-2.2367655641740063,-2.214297435588181,-2.593043251139265,-2.5967287381382493,-1.9347752833045406,-2.6387494426619322,-3.0727361642887487,-2.7547169358587653,-2.835713782184941,-2.819842099193151,-2.976443976175166,3.058451421701352,-3.107123552590285,2.992702705980296,3.0309354324158977,2.7069224384405484,2.8879185574511506,2.38648825011112,2.4805494847391065,2.9441970937399127,2.5748634360662868
-1.4891599846658266,0.0,0.4182243295792291,1.446441332248135,0.6435011087932844,-3.050932766389048,2.677945044588987,2.158798930342464,2.137525544318403,2.158798930342464,2.5535900500422257,2.6992184306130484,3.036715714859559,2.4668517113662407,2.984990776607778,3.0309354324158977,2.8632929945846817,3.1058935409104693,3.141592653589793,3.141592653589793,-2.8555412118724752,-2.5652174329986095,-2.616796881939686,-2.485897027348257,-2.356194490192345,-1.892546881191539,-2.214297435588181,0.0,0.0,0.0,0.0,0.0,0.0,0.0,0.0,0.0,0.0,0.0,1.6614562139956417,1.7681918866447774,1.8157749899217608,1.1071487177940904,1.4056476493802699,0.6610431688506869,0.7853981633974483,0.6805212246672144,0.628796286415433,0.7853981633974483,0.7298996581517315,0.712357598094329,0.702256931509007,0.49180917598869855,0.48833395105640554,0.4795192919925962,0.4636476090008061,0.3217505543966422,0.5807563535676704,0.4636476090008061,0.2662520491509254,0.5763752205911837,0.26916749278570046,0.06442683942555355,0.2551823906208184,0.3906070436976868
-2.38648825011112,0.0,-0.24497866312686414,0.2662520491509254,1.4288992721907328,0.6435011087932844,2.2318394956455836,1.837048375945822,2.173083672929861,1.9513027039072615,2.485897027348257,2.1995926132103296,2.356194490192345,2.2730532583039036,1.9710369838288708,2.4668517113662407,2.804917834203066,2.5899376710612465,2.5535900500422257,2.6992184306130484,-3.058451421701352,3.024483909022929,-2.9669204545815537,-2.999695598985629,-2.677945044588987,-2.356194490192345,-2.256525837701183,0.0,0.0,0.0,0.0,0.0,0.0,0.0,0.0,0.0,0.0,0.0,1.6704649792860586,1.7894652726688385,1.1071487177940904,0.982793723247329,0.4636476090008061,1.0808390005411683,0.6435011087932844,0.4636476090008061,0.5543074962015512,0.5971766580926775,0.628796286415433,0.33205946754288546,0.2942345651111878,0.38588266939807375,0.3129012278803845,0.21109333322274654,0.1283232276857948,0.24497866312686414,0.033320995878247196,0.1283232276857948,0.1707352114752828,-0.07677189126977804,-0.1586552621864014,-0.0688564893010446,-0.047583103276983396,-0.16514867741462683
2.998434565606144,0.0,3.058451421701352,-2.999695598985629,-1.7894652726688385,-0.7853981633974483,-1.0516502125483738,-1.2036224929766774,-0.7853981633974483,-0.5280744484263596,-0.05549850524571683,-0.4636476090008061,-0.14888994760949725,-0.20749622643520266,-0.047583103276983396,-0.6202494859828215,-0.27094685033842053,0.23374318086890142,0.1767088560700366,-0.13255153229667402,0.6000502134017536,0.6947382761967031,0.49394136891958124,1.2277723863741932,0.9505468408120752,1.4801364395941514,1.8157749899217608,0.0,0.0,0.0,0.0,0.0,0.0,0.0,0.0,0.0,0.0,0.0,-1.1071487177940904,0.0,-1.0040671092713902,-1.3909428270024184,-0.9994588469612699,-1.3854483767992019,-1.6183794300718801,-1.5152978215491797,-1.3156139361740782,-1.6756732655251305,-1.5707963267948966,-1.9614033704925835,-1.6657480331376529,-2.0812846487116725,-1.9295669970654687,-2.0672190801997785,-2.401617769613922,-2.2218730482393765,-2.327630832353585,-2.2752903910371143,-2.761086276477428,-2.104504518434158,-2.1995926132103296,-2.5337906574758327,-2.6135182051634334,-2.060753653048625
-1.4891599846658266,0.0,1.5707963267948966,1.5083775167989393,1.4711276743037347,1.446441332248135,1.4056476493802699,1.4513674007765582,1.1839206090638685,1.208252089530389,1.2277723863741932,1.0666303653157436,0.992894389832651,1.0088747645380813,1.0358412530088001,1.0912770348023004,0.9723774333163594,0.9272952180016122,1.067953115867036,1.217805938967986,1.3258176636680326,1.5707963267948966,1.373400766945016,1.9513027039072615,2.62244653934327,3.141592653589793,-2.723368324010564,0.0,0.0,0.0,0.0,0.0,0.0,0.0,0.0,0.0,0.0,0.0,-1.2490457723982544,-1.1562894522101106,-1.1383885512243588,-1.237552025683224,-1.0636978224025597,-1.1071487177940904,-1.0358412530088001,-1.0743735733900148,-1.0912770348023004,-1.0743735733900148,-0.870903457075653,-0.982793723247329,-0.9197196053504169,-1.0636978224025597,-0.9561333748727311,-0.9151007005533605,-1.0040671092713902,-0.7853981633974483,-0.9272952180016122,-0.7853981633974483,-1.5707963267948966,-2.0899424410414196,-2.819842099193151,0.4636476090008061,1.8157749899217608,1.5707963267948966
-2.769524894731673,0.0,-0.628796286415433,-0.7853981633974483,-0.9505468408120752,-0.668289418830584,-0.8519663271732721,-1.0563450137358688,-0.9420000403794636,-1.042721878368537,-1.0191413442663497,-1.0088747645380813,-1.09432890732119,-1.1341691669813554,-1.2882413743253092,-1.3352513460740332,-1.2387368592520112,-1.2627435457711202,-1.3156139361740782,-1.1071487177940904,-0.9994588469612699,-1.176005207095135,-0.982793723247329,0.0,0.0,0.7853981633974483,1.0636978224025597,0.0,0.0,0.0,0.0,0.0,0.0,0.0,0.0,0.0,0.0,0.0,2.9829373914033916,2.958481836327309,3.0309354324158977,3.107123552590285,2.9865959116658525,2.976443976175166,3.110352820159525,3.141592653589793,-3.109345771154539,-3.1031500635686053,-3.0750244898139694,3.141592653589793,-3.0916342578678506,-2.999695598985629,-3.0916342578678506,-2.988943325194528,-3.0309354324158977,-2.9105019863938963,-2.7367008673047097,-2.896613990462929,0.0,-2.976443976175166,-2.677945044588987,0.0,0.0,0.19739555984988075
2.6651252341160867,0.0,0.0,-0.7853981633974483,-0.8253768505207384,-0.9097531579442097,-0.9179496956941223,-0.8818719385800352,-0.8408966686431651,-0.8621700546672264,-1.0552473193359175,-1.069192272605776,-1.025141272267905,-1.1210367137250576,-1.042721878368537,-1.0636978224025597,-1.1071487177940904,-1.1705556697609225,-1.1479424006619559,-1.1525719972156676,-1.1071487177940904,-1.2220253232109897,-0.4636476090008061,-0.9272952180016122,0.7853981633974483,1.0303768265243125,1.4288992721907328,0.0,0.0,0.0,0.0,0.0,0.0,0.0,0.0,0.0,0.0,0.0,2.7270857790050074,2.6135182051634334,2.761086276477428,2.692869309579072,2.8879185574511506,2.79856871316909,2.896613990462929,2.8535372065391673,2.964883797519757,2.964883797519757,2.922923707715851,3.0060649396042924,3.054854314913808,-3.0940095503128098,3.141592653589793,2.896613990462929,-3.070285188804503,-2.782821983319221,-2.761086276477428,2.7367008673047097,1.5707963267948966,-2.5535900500422257,3.141592653589793,0.0,-1.1071487177940904,-0.24497866312686414
0.0,0.0,-0.35877067027057225,-0.5404195002705842,-0.5743048301747018,-0.6146629519221655,-0.6947382761967031,-0.5743048301747018,-0.8621700546672264,-0.7354397676755056,-0.7610127542247298,-0.9917220574271658,-1.0014831356942346,-0.982793723247329,-0.982793723247329,-1.1341691669813554,-0.9629943306809362,-0.9723774333163594,-1.0863183977578734,-1.1071487177940904,-0.9380474917927135,-0.628796286415433,-0.7853981633974483,-1.5707963267948966,1.0303768265243125,1.0303768265243125,1.3521273809209546,0.0,0.0,0.0,0.0,0.0,0.0,0.0,0.0,0.0,0.0,0.0,-3.1031500635686053,-2.969401839066854,-2.9708574421145104,-3.0727361642887487,-3.048115872431204,-2.9037567261323427,-2.9504081939927786,-2.9195107516843133,-2.930499320367047,-2.8535372065391673,-2.922923707715851,-2.8685839505030826,-2.788602265762883,-2.835713782184941,-2.642245931909663,-2.485897027348257,-2.601173153319209,-2.723368324010564,-2.601173153319209,-2.356194490192345,-2.6135182051634334,-2.5535900500422257,-1.8157749899217608,-2.44685437739309,-0.7853981633974483,-0.4636476090008061
-0.4679394281428173,0.0,0.3805063771123649,0.06241880999595735,0.08314123188844123,-0.09065988720074511,0.08314123188844123,0.039978687123290044,0.03569911267932397,0.033320995878247196,-0.23684876094692026,-0.1707352114752828,-0.09347678115858947,-0.19739555984988075,-0.13706617431018764,-0.1470783553884025,-0.2536740961386427,-0.20539538918976738,-0.3906070436976868,-0.06241880999595735,-0.19739555984988075,-0.507098504392337,0.16514867741462683,2.356194490192345,1.5707963267948966,2.498091544796509,3.0419240010986313,0.0,0.0,0.0,0.0,0.0,0.0,0.0,0.0,0.0,0.0,0.0,-2.5337906574758327,-2.356194490192345,-2.403777593469328,-2.3978370692909334,-2.334921104168284,-2.292451177659658,-2.356194490192345,-2.184003675669406,-2.26945615151636,-2.151552680362567,-2.1507991010025775,-2.1498705961626277,-2.060753653048625,-2.3291740410050803,-2.297438667476622,-2.185459278717062,-2.2848870254070546,-2.3191743743184148,-2.158798930342464,-2.5748634360662868,-2.5748634360662868,-2.677945044588987,-2.62244653934327,-2.896613990462929,-2.498091544796509,0.0
-0.8113663506090047,0.0,-0.83798122500839,-0.7853981633974483,-1.1383885512243588,-1.1583858851975093,-1.1999050379822342,-1.0882830317724197,-1.3045442776439713,-1.237552025683224,-1.3415643935179014,-1.237552025683224,-1.2924966677897853,-1.442473099109102,-1.3078015951139772,-1.4876550949064553,-1.4876550949064553,-1.313472611823808,-1.3854483767992019,-1.2277723863741932,-1.2722973952087173,-1.3521273809209546,-1.2490457723982544,-0.7853981633974483,-1.5707963267948966,1.373400766945016,1.7894652726688385,0.0,0.0,0.0,0.0,0.0,0.0,0.0,0.0,0.0,0.0,0.0,2.543173760111256,2.601173153319209,2.5748634360662868,2.5636907166275478,2.601173153319209,2.677945044588987,2.647651284670212,2.611376880813163,2.723368324010564,2.82955053202726,2.8095331860469077,2.645169900184911,2.645169900184911,2.7270857790050074,2.804917834203066,2.677945044588987,3.0309354324158977,2.9340964271545906,2.922923707715851,2.356194490192345,2.5213431676069717,2.4668517113662407,2.5535900500422257,2.356194490192345,-2.356194490192345,0.0
-0.15660187698201536,0.0,-0.3671738338182192,-0.09065988720074511,-0.5191461142465229,-0.21866894587394195,-0.5247957716501074,-0.5404195002705842,-0.5247957716501074,-0.6202494859828215,-0.6435011087932844,-0.6510767214444798,-0.6947382761967031,-0.6498704494119476,-0.5984188934785372,-0.7328151017865066,-0.7328151017865066,-0.6435011087932844,-0.6947382761967031,-0.8253768505207384,-0.5585993153435624,-0.9272952180016122,0.0,0.4636476090008061,-1.2490457723982544,2.761086276477428,2.356194490192345,0.0,0.0,0.0,0.0,0.0,0.0,0.0,0.0,0.0,0.0,0.0,3.1016139664665032,-3.0750244898139694,-3.038511045067093,-3.110352820159525,-3.0419240010986313,3.141592653589793,-3.0860941483440762,-2.930499320367047,-3.113028995751033,-2.8590377011202057,-2.8685839505030826,-2.662073361597197,-2.930499320367047,-2.988943325194528,-3.0940095503128098,-2.677945044588987,-2.79856871316909,-2.999695598985629,3.064820762320015,3.058451421701352,2.9441970937399127,-2.356194490192345,3.141592653589793,2.896613990462929,3.141592653589793,0.0
-0.32811989501530536,0.0,-0.7188299996216245,-1.2220253232109897,-1.6373644905707205,-1.4288992721907328,-1.5707963267948966,-1.4513674007765582,-1.6614562139956417,-1.6052654277944047,-1.5707963267948966,-1.7818896600176433,-1.6588037003226375,-1.8157749899217608,-1.9040406279065694,-1.6107750139181867,-1.8399638195805972,-1.7782925532300993,-1.6092389168160846,-1.8018869939907938,-1.7818896600176433,-0.9505468408120752,-1.8622531212727638,-0.6435011087932844,0.7853981633974483,1.892546881191539,1.1071487177940904,0.0,0.0,0.0,0.0,0.0,0.0,0.0,0.0,0.0,0.0,0.0,1.8545904360032244,2.0152155366959956,1.9710369838288708,1.9333405640594041,2.0491487581735544,1.9513027039072615,2.0988707752212563,2.234842489621581,2.2083451249335893,2.178598322908857,2.38321493937961,2.2286849319771065,2.408777551803287,2.0672190801997785,2.390663591191853,2.14717154738608,2.0032041023654346,2.2367655641740063,2.2264919530364327,2.191045812777718,1.7681918866447774,2.0344439357957027,1.1071487177940904,0.9272952180016122,-2.356194490192345,2.677945044588987
3.141592653589793,0.0,-0.4636476090008061,-1.042721878368537,-0.7419472680059175,-0.9048270894157867,-0.7298996581517315,-0.8156919233162234,-0.9272952180016122,-1.1493771199070923,-1.042721878368537,-1.1071487177940904,-1.0552473193359175,-1.1964627107873127,-1.2597980461893556,-1.1964627107873127,-1.1562894522101106,-1.1071487177940904,-1.217805938967986,-1.0838970949836275,-1.1071487177940904,-1.042721878368537,-1.0303768265243125,-1.5707963267948966,2.677945044588987,1.5707963267948966,2.356194490192345,0.0,0.0,0.0,0.0,0.0,0.0,0.0,0.0,0.0,0.0,0.0,2.4905159321453136,2.618314331457818,2.505084437801842,2.510513266118464,2.611376880813163,2.5453935122923133,2.7403638545849445,2.7492525093742772,2.838707785214822,2.7722589959161676,2.810496576885661,2.9504081939927786,2.796037073008081,2.843093722003614,3.054854314913808,3.050932766389048,2.896613990462929,2.7091848780192556,2.677945044588987,2.44685437739309,2.723368324010564,2.8632929945846817,1.892546881191539,1.1071487177940904,1.5707963267948966,-0.7853981633974483
-0.32811989501530536,0.0,0.27829965900511133,0.6435011087932844,0.2984989315861793,0.19739555984988075,0.11710874456686428,0.13552771398550073,0.24497866312686414,0.1586552621864014,0.07982998571223732,0.10308160852270024,0.10673567264913565,0.0,0.2551823906208184,-0.037020115873930025,0.0,-0.09495170634275632,0.058755822715722696,-0.07677189126977804,-0.09065988720074511,0.0,-1.5707963267948966,1.5707963267948966,3.141592653589793,-2.976443976175166,2.896613990462929,0.0,0.0,0.0,0.0,0.0,0.0,0.0,0.0,0.0,0.0,0.0,-2.6078844619505315,-2.6078844619505315,-2.601173153319209,-2.6311043316730176,-2.425849063920913,-2.4775464907631086,-2.5213431676069717,-2.332942867381882,-2.3794461130028077,-2.3318090810196264,-2.3062360944704023,-2.214297435588181,-2.2455372690184494,-2.2318394956455836,-2.2531128816696446,-2.297438667476622,-2.312743594800814,-2.3036114285814033,-2.5308666892005847,-2.2318394956455836,-2.8501358591119264,-2.5213431676069717,-2.896613990462929,-2.819842099193151,0.0,1.5707963267948966
-1.878193799917718,0.0,1.5707963267948966,1.5083775167989393,1.373400766945016,1.373400766945016,1.1659045405098132,1.2341215074081695,1.3258176636680326,1.0370881351556351,1.0370881351556351,1.0516502125483738,0.9505468408120752,1.124690777851493,1.0636978224025597,0.9964914966201949,0.9505468408120752,0.9272952180016122,1.1659045405098132,1.2793395323170296,1.5707963267948966,0.9272952180016122,-2.356194490192345,-1.8157749899217608,-2.2655346029916,-2.1112158270654806,-2.129395642138459,0.0,0.0,0.0,0.0,0.0,0.0,0.0,0.0,0.0,0.0,0.0,-2.256525837701183,-2.2612427838495885,-2.2455372690184494,-2.2264919530364327,-2.2455372690184494,-2.086345334253876,-2.0626055027835952,-2.1164513813218884,-1.9451299428024806,-1.925501978805837,-1.7894652726688385,-1.849095985800008,-1.9055331641117113,-1.9936502529278373,-1.7681918866447774,-1.892546881191539,-1.849095985800008,-2.256525837701183,-2.158798930342464,-2.5535900500422257,-2.7367008673047097,2.819842099193151,3.141592653589793,2.677945044588987,2.2455372690184494,1.4711276743037347
1.6745886672519394,0.0,2.5748634360662868,2.654693421778524,2.393214606066275,2.459276098715045,2.297438667476622,2.356194490192345,2.321725389192837,2.2597207150097582,2.117585167684144,2.129395642138459,1.9809236673363877,2.0169018757383004,2.0344439357957027,1.9513027039072615,1.9936502529278373,2.0831857871056343,2.0344439357957027,1.7681918866447774,1.892546881191539,2.356194490192345,3.141592653589793,-1.0303768265243125,-1.4288992721907328,-1.373400766945016,-1.3258176636680326,0.0,0.0,0.0,0.0,0.0,0.0,0.0,0.0,0.0,0.0,0.0,-0.992894389832651,-0.9467732738181398,-0.8097835725701669,-0.8329812666744317,-0.8465463260467495,-0.7354397676755056,-0.6498704494119476,-0.7399748839758713,-0.6375487981386927,-0.4899573262537283,-0.6055446636049701,-0.4825132950224769,-0.6107259643892086,-0.5404195002705842,-0.4423742229767449,-0.6055446636049701,-0.4636476090008061,-1.042721878368537,-1.0121970114513341,-1.460139105621001,-1.2924966677897853,-2.158798930342464,-2.356194490192345,-2.677945044588987,-2.7367008673047097,3.141592653589793
-0.5349550737860964,0.0,2.9562447035940984,2.677945044588987,-2.677945044588987,-1.8157749899217608,-2.3086113869153615,-1.4288992721907328,-1.5152978215491797,-1.9100889412489412,-1.9295669970654687,-1.5042281630190728,-1.446441332248135,-1.5707963267948966,-1.4121410646084953,-1.4181469983996315,-1.0714496051147666,-1.373400766945016,-1.1284221038181517,-0.8960553845713439,-0.6107259643892086,-1.039072259536091,-0.43662715981354133,-0.4124104415973873,-0.11710874456686428,0.27829965900511133,0.17985349979247828,0.0,0.0,0.0,0.0,0.0,0.0,0.0,0.0,0.0,0.0,0.0,-1.892546881191539,-3.0309354324158977,-2.498091544796509,-2.642245931909663,-2.746801533890032,2.976443976175166,-2.9441970937399127,2.8706458032513726,2.875340604438868,3.0060649396042924,2.6344941491974563,2.9195107516843133,2.866682812109121,2.9037567261323427,2.9037567261323427,2.714965160462917,2.726100557648903,2.6344941491974563,2.922923707715851,2.457883341955422,2.6078844619505315,2.704965493776252,2.403777593469328,2.5535900500422257,2.44685437739309,2.8023000391357487
-0.5349550737860964,0.0,0.6435011087932844,0.4636476090008061,-0.4636476090008061,2.0344439357957027,1.97568811307998,2.356194490192345,2.701750070774057,1.849095985800008,2.651635327336065,2.743070207923373,2.6066375798036967,2.7270857790050074,2.677945044588987,2.645169900184911,2.8785979219088738,3.1058935409104693,2.984990776607778,-3.1031500635686053,-2.984990776607778,-2.677945044588987,-2.723368324010564,-2.356194490192345,-2.2455372690184494,-2.44685437739309,-1.8313987185422376,0.0,0.0,0.0,0.0,0.0,0.0,0.0,0.0,0.0,0.0,0.0,2.158798930342464,2.0344439357957027,2.0344439357957027,1.7033478590915707,1.1341691669813554,1.1341691669813554,0.9272952180016122,1.1902899496825317,0.9272952180016122,1.0074800653029286,0.982793723247329,0.9420000403794636,0.8288490587889792,0.8913825213870482,0.549853182676585,0.56852454773104,0.5880026035475675,0.6132073488745093,0.5191461142465229,0.5456550545269917,0.9075933340888034,0.48689923181126904,0.5337081916392615,0.07677189126977804,0.05549850524571683,0.27829965900511133
-0.5349550737860964,0.0,-0.8850668158886104,-0.5123894603107377,2.677945044588987,-0.9151007005533605,-0.7853981633974483,-0.6202494859828215,-0.3028848683749714,0.5404195002705842,0.14189705460416394,-0.5404195002705842,0.25732371497108864,0.5191461142465229,0.4636476090008061,0.0,0.28379410920832787,0.4993467216801301,0.5763752205911837,0.7853981633974483,0.7086262721276703,0.8960553845713439,1.1441688336680205,1.0768549578753155,1.5042281630190728,1.2220253232109897,1.2490457723982544,0.0,0.0,0.0,0.0,0.0,0.0,0.0,0.0,0.0,0.0,0.0,0.9272952180016122,0.12435499454676144,-0.9272952180016122,-0.4636476090008061,-0.4182243295792291,-1.0516502125483738,-0.6659692373791098,-0.8156919233162234,-0.9453112865556675,-1.0743735733900148,-1.0074800653029286,-1.1324597669369387,-1.0808390005411683,-1.3016288340091962,-1.2490457723982544,-1.2722973952087173,-1.361773383988632,-1.5083775167989393,-1.3677511095414314,-1.4677147182721964,-1.5208379310729538,-1.5707963267948966,-1.5363272257953886,-1.642103791580187,-2.0106389096106327,-1.776191715984664
-0.5349550737860964,0.0,-1.5707963267948966,-0.982793723247329,-1.7681918866447774,-1.5707963267948966,-0.5404195002705842,0.3947911196997615,0.07677189126977804,0.0,0.6107259643892086,0.3947911196997615,0.7086262721276703,0.6327488350021832,0.5713374798336268,0.6947382761967031,0.4636476090008061,0.9380474917927135,0.8621700546672264,0.982793723247329,1.313472611823808,1.2847448850775784,1.6814535479687922,1.6295521495106193,1.2490457723982544,2.0344439357957027,2.316215803069055,0.0,0.0,0.0,0.0,0.0,0.0,0.0,0.0,0.0,0.0,0.0,0.3217505543966422,0.24497866312686414,0.07130746478529032,-0.4636476090008061,0.17985349979247828,-0.3217505543966422,-1.0191413442663497,-0.5123894603107377,-0.7853981633974483,-1.1824776086224307,-0.8329812666744317,-1.0240074859056494,-1.1361261116456518,-0.9342881110069455,-1.069192272605776,-1.4247840690836213,-1.124690777851493,-1.3016288340091962,-1.3382393849899876,-1.380808038876181,-1.7748143063874453,-1.446441332248135,-1.2847448850775784,-2.0533096218173736,-1.5337762109209665,-1.4056476493802699
2.6651252341160867,0.0,2.761086276477428,2.1112158270654806,2.677945044588987,-2.0899424410414196,-2.356194490192345,-2.0899424410414196,-1.837048375945822,-2.2848870254070546,-2.191045812777718,-2.0831857871056343,-1.9936502529278373,-2.356194490192345,-2.0647376957144776,-1.9591150449673627,-1.7429871413178357,-1.8438050298816073,-1.6704649792860586,-1.5707963267948966,-1.460139105621001,-1.446441332248135,-0.9272952180016122,-1.042721878368537,-0.8567056281827387,-0.7853981633974483,-0.6435011087932844,0.0,0.0,0.0,0.0,0.0,0.0,0.0,0.0,0.0,0.0,0.0,-2.158798930342464,-1.6704649792860586,-1.9890206563741257,-2.5829933382462307,-2.2455372690184494,3.141592653589793,2.9105019863938963,-2.8706458032513726,-2.969401839066854,3.141592653589793,3.054854314913808,2.7868870015788527,3.0348569809406576,2.7722589959161676,2.649783477601095,2.647651284670212,2.6066375798036967,2.5453935122923133,2.7868870015788527,2.819842099193151,2.2752903910371143,2.3818298987140225,2.2655346029916,2.642245931909663,2.677945044588987,2.191045812777718
2.6651252341160867,0.0,-1.849095985800008,-1.1071487177940904,-0.9505468408120752,-1.1071487177940904,0.6435011087932844,0.5585993153435624,0.8850668158886104,0.5880026035475675,0.9380474917927135,0.7853981633974483,0.6610431688506869,0.8519663271732721,0.8621700546672264,0.9097531579442097,1.0714496051147666,0.8519663271732721,1.2924966677897853,1.039072259536091,1.313472611823808,1.6295521495106193,1.6142472221864275,1.9295669970654687,2.2730532583039036,2.4227626539681686,2.2655346029916,0.0,0.0,0.0,0.0,0.0,0.0,0.0,0.0,0.0,0.0,0.0,0.3805063771123649,0.3805063771123649,-0.08314123188844123,-0.2914567944778671,-0.43240777557053783,-0.43240777557053783,-0.8253768505207384,-0.6889243882148613,-0.7853981633974483,-0.7853981633974483,-1.0191413442663497,-0.8086497862079112,-1.1071487177940904,-1.0062269331267966,-0.982793723247329,-1.0552473193359175,-1.0121970114513341,-1.2120256565243244,-1.2120256565243244,-1.35970299357215,-1.3578579772154995,-1.3932001595114087,-1.2578950989145121,-1.4219063791853994,-1.4382447944982226,-1.1902899496825317
2.6651252341160867,0.0,-0.49394136891958124,-0.3805063771123649,0.4636476090008061,-0.19739555984988075,0.4182243295792291,0.8621700546672264,1.3258176636680326,2.0778948311872334,1.5707963267948966,1.1902899496825317,1.8281200417659853,1.6614562139956417,1.7359450042095235,1.6373644905707205,2.0344439357957027,1.5182132651839548,1.9074711461816238,2.2318394956455836,2.4227626539681686,2.44685437739309,2.746801533890032,2.6135182051634334,-2.976443976175166,-3.050932766389048,-3.0981417581982624,0.0,0.0,0.0,0.0,0.0,0.0,0.0,0.0,0.0,0.0,0.0,0.5667292175235064,0.5404195002705842,0.09065988720074511,-0.09065988720074511,-0.5191461142465229,-0.5404195002705842,-0.5123894603107377,-0.6610431688506869,-0.7853981633974483,-1.0222469243443686,-0.4993467216801301,-0.8076167287241673,-1.092443895416239,-0.6947382761967031,-1.0062269331267966,-0.906750163968212,-0.7309067071567171,-0.7853981633974483,-1.2252407462131845,-0.690446457054692,-1.2120256565243244,-0.714090698612158,-1.0121970114513341,-1.2315037123408519,-0.7531512809621944,-1.1071487177940904
-0.5349550737860964,0.0,1.2277723863741932,1.1071487177940904,1.7894652726688385,2.214297435588181,-2.7928216500058864,2.498091544796509,2.774418819771574,3.0419240010986313,-2.819842099193151,3.036715714859559,-2.9441970937399127,2.9516043656710775,3.096169374168216,-2.91811605244916,3.026716048172894,-2.90604767286893,-2.427501954977635,-2.4416997838705496,-2.8632929945846817,-2.488746022489019,-1.9890206563741257,-1.9614033704925835,-2.0344439357957027,-2.0344439357957027,-1.2847448850775784,0.0,0.0,0.0,0.0,0.0,0.0,0.0,0.0,0.0,0.0,0.0,2.5308666892005847,2.761086276477428,2.976443976175166,2.0344439357957027,1.892546881191539,1.7126933813990606,1.804539507663798,1.464060654145761,1.2924966677897853,1.6856729322117958,1.4056476493802699,1.4204248987877621,1.2120256565243244,1.31910635503671,1.3258176636680326,1.1583858851975093,1.1902899496825317,1.3182420510168371,1.092443895416239,1.2360594894780819,0.9332475286562039,1.0768549578753155,1.2649174553900444,0.9342881110069455,0.7853981633974483,1.1441688336680205
-0.5349550737860964,0.0,0.7853981633974483,0.5585993153435624,-0.4993467216801301,0.2662520491509254,0.9272952180016122,0.5880026035475675,0.5516549825285468,1.3258176636680326,1.2068173702852525,1.5083775167989393,1.4352686128093959,1.2068173702852525,1.1525719972156676,1.423717971406494,1.3654009376051293,1.4410937896389846,1.9347752833045406,1.8076450877418169,1.9100889412489412,2.0778948311872334,2.5127963671743605,2.316215803069055,2.5308666892005847,2.5829933382462307,3.141592653589793,0.0,0.0,0.0,0.0,0.0,0.0,0.0,0.0,0.0,0.0,0.0,0.27829965900511133,0.6947382761967031,0.0,0.07130746478529032,0.23109066719589708,-0.3430239404207034,-0.5667292175235064,-0.3332443011116727,-0.5779019369622457,-0.628796286415433,-0.4475199751571699,-0.7597627548757708,-0.8288490587889792,-0.8042638494191191,-0.8066715494215095,-0.7641247773733871,-0.9332475286562039,-0.7657928325402437,-1.0516502125483738,-0.9745971854974165,-1.0014831356942346,-0.8550527371260165,-1.0303768265243125,-1.0563450137358688,-1.0088747645380813,-1.2068173702852525
0.3156156620387663,0.0,-1.7681918866447774,-1.0516502125483738,0.5404195002705842,-1.0714496051147666,-0.6202494859828215,0.8329812666744317,0.5404195002705842,0.37089128881266237,0.24497866312686414,0.7419472680059175,0.16514867741462683,0.4993467216801301,0.7853981633974483,0.6610431688506869,1.0303768265243125,1.1410340476982082,1.1383885512243588,1.4056476493802699,1.5707963267948966,1.729451588981298,1.7359450042095235,2.0344439357957027,2.601173153319209,2.2655346029916,2.137525544318403,0.0,0.0,0.0,0.0,0.0,0.0,0.0,0.0,0.0,0.0,0.0,-0.628796286415433,-0.5404195002705842,-1.373400766945016,-0.9272952180016122,-1.7782925532300993,-1.4940244355251187,-1.6295521495106193,-1.4659193880646628,-1.6064954394742206,-2.251317551462111,-1.761980786391911,-1.6352231662204502,-1.9949907346986633,-1.849095985800008,-1.761980786391911,-1.8076450877418169,-1.7928782287003768,-2.0344439357957027,-2.271650734679347,-2.105751400580993,-2.2655346029916,-2.5269297016676275,-1.9040406279065694,-1.750649826587375,-2.356194490192345,-2.000558605891585
3.141592653589793,0.0,-2.356194490192345,-0.982793723247329,0.982793723247329,-0.4636476090008061,0.4636476090008061,-0.09065988720074511,0.3028848683749714,0.6435011087932844,0.7853981633974483,0.7853981633974483,0.7419472680059175,0.722979353401491,0.7853981633974483,0.8198672643969563,0.05549850524571683,0.6528466311007743,0.9561333748727311,1.1722738811284763,1.2341215074081695,1.1071487177940904,1.3633001003596938,1.5707963267948966,2.289626326416521,1.6614562139956417,2.0778948311872334,0.0,0.0,0.0,0.0,0.0,0.0,0.0,0.0,0.0,0.0,0.0,0.8760580505981934,1.2036224929766774,0.6947382761967031,0.2984989315861793,-0.17985349979247828,-0.07130746478529032,-0.3217505543966422,-0.3947911196997615,-0.5123894603107377,-0.5467888408892474,-0.5543074962015512,-0.7621465405869854,-0.8760580505981934,-0.7853981633974483,-0.6640461628266846,-0.870903457075653,-1.0088747645380813,-0.7621465405869854,-1.2298173732985471,-1.3633001003596938,-1.1849136573968229,-0.9357695914045828,-0.9453112865556675,-1.446441332248135,-1.3078015951139772,-1.1071487177940904
-0.4764674194737067,0.0,2.4668517113662407,2.158798930342464,-1.2490457723982544,-1.9100889412489412,-1.373400766945016,-2.5127963671743605,-0.6947382761967031,-1.3439974787410107,-1.2924966677897853,-1.0222469243443686,-1.4840579881189115,-1.1801892830972098,-1.2490457723982544,-1.3016288340091962,-1.0603080048781208,-0.9097531579442097,-0.8960553845713439,-0.7044940642422177,-0.7853981633974483,-0.6823165548747481,-0.6202494859828215,-0.24497866312686414,0.13552771398550073,0.9652516631899266,0.5667292175235064,0.0,0.0,0.0,0.0,0.0,0.0,0.0,0.0,0.0,0.0,0.0,-2.4227626539681686,-2.5899376710612465,-2.316215803069055,2.8632929945846817,3.141592653589793,3.070285188804503,3.141592653589793,2.961739153797315,3.046640947247037,2.7868870015788527,3.0845118711835284,2.7509856098921066,2.720173446701989,2.782821983319221,2.831889709047337,2.9168814851751503,2.726100557648903,2.8890383778117337,2.525295716193722,2.859820786316441,2.498091544796509,2.5378433201923567,2.525295716193722,2.7509856098921066,2.7928216500058864,2.173083672929861
-2.38648825011112,0.0,-2.214297435588181,-2.0344439357957027,-2.2655346029916,-2.214297435588181,-1.9513027039072615,-2.5899376710612465,-2.1962813670341257,-2.4370985893475754,-2.2058230621852104,-2.356194490192345,-2.390663591191853,-2.3291740410050803,-2.4227626539681686,-2.62244653934327,-2.498091544796509,-2.7367008673047097,-2.158798930342464,-2.761086276477428,-0.7853981633974483,-2.922923707715851,-1.460139105621001,-2.976443976175166,0.982793723247329,0.7188299996216245,0.9272952180016122,0.0,0.0,0.0,0.0,0.0,0.0,0.0,0.0,0.0,0.0,0.0,0.05549850524571683,0.039978687123290044,0.24497866312686414,0.18822150530477075,0.22679884805388587,0.4636476090008061,0.22347660114063303,0.7086262721276703,0.5790742693677309,0.712357598094329,0.26916749278570046,0.7419472680059175,0.0,1.3258176636680326,1.039072259536091,1.5707963267948966,0.8621700546672264,-0.6435011087932844,0.0,2.4149503129080676,0.6350267353903137,2.4668517113662407,-1.0303768265243125,-0.6747409422235526,0.09065988720074511,1.5707963267948966
-0.5349550737860964,0.0,-1.4801364395941514,-1.4711276743037347,-1.5308176396716067,-0.35470565201094034,-0.7739044166824178,-1.1567973241826968,-0.9551764373657867,-1.3057534668974422,-0.9978301839061905,-1.0838970949836275,-0.933725997519213,-1.154731821071074,-0.9224643377076359,-0.7853981633974483,-1.2560386654035878,-0.9561333748727311,-0.8960553845713439,-0.8198672643969563,-0.48689923181126904,-0.3217505543966422,-1.1071487177940904,1.4056476493802699,2.1995926132103296,1.97568811307998,2.701750070774057,0.0,0.0,0.0,0.0,0.0,0.0,0.0,0.0,0.0,0.0,0.0,1.452306367636759,1.3644724327651792,1.5096481641455954,1.5535566556003668,1.6359214901292825,1.717874682183299,1.8466022253834191,1.7832283473036388,1.8545904360032244,1.9513027039072615,1.7832283473036388,2.179485634122308,1.7771202208246142,1.884416979011595,2.014244663214635,2.022249418347451,2.2848870254070546,1.4501726582147938,1.6124389058934852,2.8305943729842524,1.7063240407803975,1.1583858851975093,1.80634130751576,-0.8621700546672264,-0.9097531579442097,1.2490457723982544
-0.5349550737860964,0.0,-0.9371633187251515,-1.4801364395941514,-1.1525719972156676,-1.4288992721907328,-1.4801364395941514,-1.261865582871155,-1.5707963267948966,-1.4977557614917774,-1.2490457723982544,-1.6553400823078948,-1.402199387185467,-1.209592571301215,-1.3854483767992019,-1.9394922294529464,-1.3886280163221332,-1.3016288340091962,-1.6107750139181867,-1.4659193880646628,-1.7681918866447774,-1.2924966677897853,3.141592653589793,1.849095985800008,1.5707963267948966,1.176005207095135,1.837048375945822,0.0,0.0,0.0,0.0,0.0,0.0,0.0,0.0,0.0,0.0,0.0,2.32590073027357,2.293775680196388,2.34081108841175,2.370686229257845,2.3305590816706676,2.3698922635652107,2.356194490192345,2.419401322089805,2.449258218916763,2.4349784511814887,2.5424173306034863,2.6197583737753827,2.401617769613922,2.5485900917082676,2.44685437739309,2.7403638545849445,2.2730532583039036,2.3062360944704023,1.7607846147136124,1.5083775167989393,0.5404195002705842,0.8519663271732721,1.873681195169868,1.7126933813990606,-1.5042281630190728,-1.3397056595989996
-0.5349550737860964,0.0,-0.6327488350021832,-0.48833395105640554,0.5693131911006619,-0.8465463260467495,-0.43833655985795783,-1.322308906137494,-1.0074800653029286,-0.5880026035475675,-0.8419416003422657,-0.9994588469612699,-1.0603080048781208,-1.0756630633264925,-1.0412067280128203,-1.1396575860761144,-0.9229848998677982,-1.0951011079399045,-0.8850668158886104,-1.0863183977578734,0.0,-0.5880026035475675,2.601173153319209,2.2455372690184494,2.5829933382462307,2.5127963671743605,2.0899424410414196,0.0,0.0,0.0,0.0,0.0,0.0,0.0,0.0,0.0,0.0,0.0,2.2917676507667912,2.241940162230905,2.3432082072721725,2.356194490192345,2.368242100046531,2.473303234759209,2.3691807731125176,2.4668517113662407,2.518921864832726,2.587285157388242,2.669815142409043,2.7420771595904188,2.391893602871669,2.44685437739309,2.896613990462929,2.5535900500422257,2.2584675828336263,2.9441970937399127,2.1815222911841055,2.166995468092377,1.8157749899217608,2.44685437739309,1.4056476493802699,1.7359450042095235,0.4636476090008061,-1.5707963267948966
0.3156156620387663,0.0,0.260602391747341,1.0516502125483738,0.24497866312686414,-0.4636476090008061,1.6704649792860586,1.642103791580187,1.5232132235179132,1.373400766945016,1.6539375586833378,1.1071487177940904,1.8157749899217608,1.9513027039072615,2.0106389096106327,1.6756732655251305,1.6756732655251305,2.1341125882868646,2.3191743743184148,1.8281200417659853,2.1112158270654806,2.356194490192345,2.5535900500422257,2.5672878234150915,2.8632929945846817,2.9105019863938963,-3.0750244898139694,0.0,0.0,0.0,0.0,0.0,0.0,0.0,0.0,0.0,0.0,0.0,1.8157749899217608,2.1112158270654806,1.8157749899217608,1.892546881191539,1.1071487177940904,0.7853981633974483,0.7853981633974483,0.6528466311007743,0.5028432109278608,0.33667481938672716,0.18822150530477075,0.48088728019533583,0.3671738338182192,0.43240777557053783,-0.0570807824062646,0.0,0.14189705460416394,0.27829965900511133,-0.260602391747341,-0.25255427577805956,-0.037020115873930025,0.0,-0.35877067027057225,-0.27829965900511133,0.09065988720074511,-0.34555558058171215
-2.825976991551027,0.0,2.356194490192345,-2.714965160462917,2.7367008673047097,-0.3217505543966422,-0.9272952180016122,-1.695151321341658,-1.3397056595989996,-1.039072259536091,-1.2277723863741932,-1.373400766945016,-0.7483780475235183,-1.0121970114513341,-0.8685393952858895,-0.982793723247329,-0.9272952180016122,-0.4636476090008061,-0.27829965900511133,-0.14189705460416394,-0.40489178628508343,0.0,0.3947911196997615,0.7853981633974483,0.7853981633974483,0.960070362405688,0.8884797719201485,0.0,0.0,0.0,0.0,0.0,0.0,0.0,0.0,0.0,0.0,0.0,-2.0899424410414196,-2.498091544796509,-2.0344439357957027,-2.999695598985629,-2.896613990462929,-2.642245931909663,-3.0750244898139694,-2.7091848780192556,-3.017237659043032,3.141592653589793,-3.1016139664665032,2.91811605244916,3.061762667877556,3.141592653589793,3.141592653589793,2.9669204545815537,3.141592653589793,2.7950537891558516,-3.050932766389048,3.110352820159525,2.875340604438868,2.8809902618424523,-3.061762667877556,2.8023000391357487,2.3191743743184148,2.5829933382462307
-2.6440597146848694,0.0,1.2068173702852525,2.819842099193151,-2.761086276477428,-1.0516502125483738,-2.158798930342464,-2.782821983319221,-1.4181469983996315,-1.4876550949064553,-1.4659193880646628,-1.3352513460740332,-1.8018869939907938,-1.6142472221864275,-1.3415643935179014,-1.642103791580187,-1.4219063791853994,-1.6078164426688266,-1.2220253232109897,-0.992894389832651,-0.960070362405688,-0.6823165548747481,-0.7853981633974483,-0.1746721990082397,-0.3217505543966422,-0.21109333322274654,0.25732371497108864,0.0,0.0,0.0,0.0,0.0,0.0,0.0,0.0,0.0,0.0,0.0,-2.158798930342464,-2.158798930342464,-2.158798930342464,-2.403777593469328,3.141592653589793,2.896613990462929,-3.0981417581982624,2.819842099193151,2.9275319700259717,2.9516043656710775,2.840672419229368,2.8776289299640885,2.9286543040103963,2.667192770797886,2.726100557648903,2.819842099193151,2.518393323655727,2.7950537891558516,2.6292031932790554,2.4127379271371625,2.6260436461308143,2.6651252341160867,2.5213431676069717,2.44293282886833,2.417342652841646,2.452668265374932
-2.825976991551027,0.0,-1.0768549578753155,-1.4056476493802699,-1.7359450042095235,-0.8760580505981934,1.5707963267948966,-0.7086262721276703,0.6747409422235526,0.5880026035475675,0.04995839572194276,0.4636476090008061,0.7853981633974483,0.628796286415433,0.7086262721276703,0.5693131911006619,0.7853981633974483,0.7853981633974483,0.9357695914045828,1.1999050379822342,0.8224182792713783,1.2068173702852525,1.6207547225168393,1.97568811307998,2.5308666892005847,2.5535900500422257,2.485897027348257,0.0,0.0,0.0,0.0,0.0,0.0,0.0,0.0,0.0,0.0,0.0,0.4636476090008061,0.4636476090008061,0.11710874456686428,0.2662520491509254,0.0,-0.348771003583907,-0.7086262721276703,-0.7853981633974483,-0.6078019961139605,-0.8124186125847132,-0.8550527371260165,-0.712357598094329,-1.0516502125483738,-0.9652516631899266,-0.8760580505981934,-1.0121970114513341,-1.2120256565243244,-1.2578950989145121,-1.2490457723982544,-1.1071487177940904,-1.4410937896389846,-1.1801892830972098,-1.6142472221864275,-1.727398203776912,-1.6092389168160846,-1.4288992721907328
-2.690139562037239,0.0,1.0768549578753155,0.9505468408120752,0.7188299996216245,0.9357695914045828,0.8124186125847132,0.6857295109062863,0.8584387287005676,0.6107259643892086,0.5693131911006619,0.5667292175235064,0.4145068745847859,0.5404195002705842,0.5337081916392615,0.36397895650964407,0.4844779290370232,0.4266274931268761,0.4636476090008061,0.7853981633974483,0.5880026035475675,-0.4636476090008061,-2.356194490192345,-2.677945044588987,-2.819842099193151,-2.356194490192345,-2.5748634360662868,0.0,0.0,0.0,0.0,0.0,0.0,0.0,0.0,0.0,0.0,0.0,-2.5748634360662868,-2.429235055495464,-2.4668517113662407,-2.403777593469328,-2.4227626539681686,-2.457883341955422,-2.356194490192345,-2.214297435588181,-2.1815222911841055,-2.158798930342464,-2.2264919530364327,-2.178598322908857,-2.0701430484750265,-2.0344439357957027,-1.925501978805837,-1.9195673303788037,-2.060753653048625,-2.0344439357957027,-1.9513027039072615,-2.4149503129080676,-2.896613990462929,-1.5707963267948966,2.5535900500422257,2.498091544796509,2.0899424410414196,0.5191461142465229
2.5337906574758327,0.0,-0.5667292175235064,-0.5247957716501074,-0.6947382761967031,-0.4398425828157362,-0.5467888408892474,-0.5880026035475675,-0.6107259643892086,-0.5543074962015512,-0.7853981633974483,-0.7044940642422177,-0.9272952180016122,-0.9505468408120752,-0.8760580505981934,-0.9964914966201949,-0.7853981633974483,-0.9505468408120752,-0.9685089806599324,-0.83798122500839,-0.9272952180016122,-0.3217505543966422,2.356194490192345,1.3258176636680326,1.9890206563741257,2.356194490192345,2.191045812777718,0.0,0.0,0.0,0.0,0.0,0.0,0.0,0.0,0.0,0.0,0.0,2.9275319700259717,2.9147938055359073,2.988943325194528,3.0727361642887487,2.999695598985629,3.0771658141642395,3.0810606338076862,-3.111298893671018,-3.0771658141642395,-3.0348569809406576,-2.981679530431574,-3.0309354324158977,-3.067653615931853,-3.058451421701352,-2.988943325194528,-2.896613990462929,-3.070285188804503,3.017237659043032,-2.976443976175166,2.9441970937399127,3.141592653589793,1.9513027039072615,1.7359450042095235,0.0,1.3258176636680326,0.27829965900511133
-2.5722794624891314,0.0,2.44685437739309,2.137525544318403,2.1451011569695986,2.158798930342464,2.332942867381882,2.1498705961626277,2.0195196708056176,1.9576720445259248,1.925501978805837,1.9379701606131159,1.8076450877418169,1.9379701606131159,1.8692952583810758,1.7004988639508087,1.7782925532300993,1.719686274404394,1.6233793884058383,2.1112158270654806,1.5707963267948966,1.5707963267948966,-2.819842099193151,-2.1112158270654806,-2.214297435588181,-1.5707963267948966,-1.4056476493802699,0.0,0.0,0.0,0.0,0.0,0.0,0.0,0.0,0.0,0.0,0.0,-1.2610933822524404,-1.0121970114513341,-0.9575889779203873,-0.8097835725701669,-0.7853981633974483,-0.8270407424960368,-0.6876712560387296,-0.7419472680059175,-0.702256931509007,-0.5104883219167757,-0.7631795980707292,-0.7853981633974483,-0.5280744484263596,-0.7298996581517315,-0.5633162614919681,-0.3671738338182192,-0.6747409422235526,-0.6327488350021832,-0.7853981633974483,-0.8960553845713439,-1.1071487177940904,-2.356194490192345,-1.5707963267948966,-2.5535900500422257,2.62244653934327,2.896613990462929
2.323947607757091,0.0,1.5707963267948966,1.6373644905707205,1.5707963267948966,1.446441332248135,1.4559197213779975,1.4056476493802699,1.4056476493802699,1.4056476493802699,1.3101939350475555,1.2597980461893556,1.1902899496825317,1.2277723863741932,1.237552025683224,1.2252407462131845,1.2924966677897853,1.0838970949836275,1.0808390005411683,1.2490457723982544,0.8960553845713439,1.5707963267948966,0.982793723247329,-2.2455372690184494,-2.5535900500422257,-1.9379701606131159,-1.7126933813990606,0.0,0.0,0.0,0.0,0.0,0.0,0.0,0.0,0.0,0.0,0.0,-1.8438050298816073,-1.8313987185422376,-1.7475051828649333,-1.7257930687188376,-1.7738415440483617,-1.512040504079174,-1.5063694873693432,-1.4501726582147938,-1.468589608687643,-1.5707963267948966,-1.460139105621001,-1.442473099109102,-1.423717971406494,-1.4559197213779975,-1.4513674007765582,-1.2120256565243244,-1.4801364395941514,-1.0714496051147666,-1.5707963267948966,-1.6704649792860586,-2.2455372690184494,-1.7126933813990606,0.0,2.9441970937399127,1.8157749899217608,1.7681918866447774
0.3156156620387663,0.0,-2.774418819771574,3.024483909022929,-3.011890116433881,2.9829373914033916,2.9516043656710775,2.964883797519757,2.9912212255826587,2.896613990462929,2.994514298201391,2.8879185574511506,2.741351996555819,2.9441970937399127,2.6954871046463897,2.7776136970801493,2.642245931909663,2.723368324010564,2.356194490192345,2.601173153319209,2.677945044588987,2.0344439357957027,-1.5707963267948966,-0.5880026035475675,-0.14189705460416394,-0.5191461142465229,-0.507098504392337,0.0,0.0,0.0,0.0,0.0,0.0,0.0,0.0,0.0,0.0,0.0,-0.372987721800061,-0.23554498072086333,-0.20401797959254858,-0.07677189126977804,0.0,-0.03224688243525392,0.060532019782107135,0.12062366858010272,0.060532019782107135,0.11710874456686428,0.09966865249116202,0.260602391747341,0.3009202343604251,0.4636476090008061,0.507098504392337,0.48088728019533583,0.06241880999595735,0.0,0.4636476090008061,0.17985349979247828,-0.4636476090008061,-0.6947382761967031,-0.982793723247329,-2.158798930342464,-2.356194490192345,-2.432966381462123
-0.32811989501530536,0.0,1.2679114584199251,1.0838970949836275,1.1902899496825317,0.9505468408120752,0.9505468408120752,0.9453112865556675,0.866302262552679,0.6747409422235526,0.636508215787951,0.5880026035475675,0.6696389456766376,0.625485040239229,0.5633162614919681,0.5763752205911837,0.5317240672588056,0.5485494024505281,0.3028848683749714,0.6610431688506869,0.7853981633974483,0.7853981633974483,2.356194490192345,-2.9441970937399127,-2.62244653934327,-2.279422598922567,-2.5127963671743605,0.0,0.0,0.0,0.0,0.0,0.0,0.0,0.0,0.0,0.0,0.0,-2.356194490192345,-2.117585167684144,-2.1763409903998667,-2.178598322908857,-2.0214576528755304,-2.0472637462686034,-2.0054665419441413,-1.8753072099970092,-1.892546881191539,-1.9922155336827008,-1.8399638195805972,-1.7681918866447774,-1.7798192696011612,-1.5337762109209665,-1.6575346654708818,-1.7359450042095235,-1.8157749899217608,-1.5707963267948966,-2.289626326416521,-1.9974238199217726,-2.214297435588181,-2.498091544796509,-2.819842099193151,2.782821983319221,1.5707963267948966,1.7681918866447774
-2.825976991551027,0.0,1.0636978224025597,1.1659045405098132,0.4636476090008061,1.4209838702219992,1.0829598881352542,0.8638882660347803,0.9907935525872157,0.9318823417910095,1.350302565428225,1.3220863377013738,0.8921338360465839,1.13193702783139,1.0873493252276976,0.7520771675192011,1.0969449903001363,1.4254863161591944,1.4000611153196139,1.2068173702852525,1.4288992721907328,-2.819842099193151,-0.2914567944778671,-2.896613990462929,-1.39408747072486,-1.7681918866447774,-1.6183794300718801,0.0,0.0,0.0,0.0,0.0,0.0,0.0,0.0,0.0,0.0,0.0,-2.4822825852569355,-2.6108191563868863,-2.402672621543348,-2.5259727641606835,-2.3145519110937567,-2.258941291940779,-2.3432082072721725,-2.214297435588181,-2.1169628902286846,-2.0195196708056176,-1.892546881191539,-1.853892112094392,-1.8705723968948762,-1.8673421358645972,-1.9566789961929705,-2.0091328866528544,-2.0491487581735544,-2.44685437739309,-1.9451299428024806,-2.9562447035940984,-2.654693421778524,-2.356194490192345,0.19739555984988075,-2.677945044588987,1.717874682183299,0.4521538622857756
-2.6440597146848694,0.0,0.5191461142465229,0.21018258666216955,0.04995839572194276,-0.1825598531309068,0.8428062780342479,0.24111767845146836,0.08145204430587098,-0.5431895762878278,-0.4081491037550893,0.1746721990082397,0.035073330533225366,0.3097029445424562,0.0,0.2872814533971342,0.09347678115858947,-0.1297025371559121,0.11942892601833845,0.26916749278570046,0.22679884805388587,0.0,2.1112158270654806,2.8632929945846817,-1.8622531212727638,-2.396173177315635,-2.2655346029916,0.0,0.0,0.0,0.0,0.0,0.0,0.0,0.0,0.0,0.0,0.0,2.242402483048637,2.1462209773301817,2.2655346029916,2.2752903910371143,2.356194490192345,2.2881180319343453,2.6311043316730176,2.6607053733944572,2.750187525464583,2.9210988922231214,2.8767753236840043,-3.087101197349062,3.0839642261123195,2.605157195985062,2.925507681293007,3.0284416719993086,2.841421482759681,2.4227626539681686,-2.8809902618424523,2.376599820878883,1.6295521495106193,2.5213431676069717,0.982793723247329,1.8545904360032244,0.7419472680059175,0.4228539261329407
-2.825976991551027,0.0,-2.3145519110937567,-1.8606428167065163,-2.4310543379031118,-2.396173177315635,-1.837048375945822,-1.7590178320996674,-2.5582196465959375,-2.046491545649889,-2.5535900500422257,-2.391893602871669,-2.0344439357957027,-2.4353935611617965,-2.309716358841342,-2.0429183091986736,-2.3114482587377294,-2.132717889051712,-2.2318394956455836,-2.452668265374932,-2.1421338066285234,-3.0309354324158977,-2.356194490192345,1.3258176636680326,1.3045442776439713,1.446441332248135,1.1309537439791604,0.0,0.0,0.0,0.0,0.0,0.0,0.0,0.0,0.0,0.0,0.0,-0.8301443948520639,-0.7378150601204649,-0.5337081916392615,-0.44075084777942214,-0.47249693551706384,-0.2148154004016586,-0.28053679173832197,-0.10409993810959935,-0.01538340178059515,-0.019228399099707208,-0.11065722117389565,0.1470783553884025,0.3217505543966422,0.12435499454676144,0.26984915593846925,0.4636476090008061,0.2213144423477913,-0.17985349979247828,0.6107259643892086,-0.17219081452293902,-0.8721365020734334,0.0,-2.214297435588181,0.1586552621864014,-1.6262948320406134,-2.289626326416521
-0.5349550737860964,0.0,1.3258176636680326,1.6539375586833378,1.690225252813235,1.0552473193359175,1.5707963267948966,1.4438235371808177,0.722979353401491,1.223410363876577,1.0608242670934838,0.908066818901905,1.233340257567115,1.0934509444212248,1.2277723863741932,1.5027198685368972,0.9994588469612699,1.4501726582147938,1.2490457723982544,1.1824776086224307,1.0584068664841588,0.8760580505981934,2.976443976175166,-1.9890206563741257,-1.7590178320996674,-1.849095985800008,-1.5152978215491797,0.0,0.0,0.0,0.0,0.0,0.0,0.0,0.0,0.0,0.0,0.0,-2.601173153319209,-2.3855977783963502,-2.505754230066048,-2.356194490192345,-2.277410529203201,-2.277410529203201,-2.263438170004201,-2.0701430484750265,-2.0666908182309567,-1.982252570208599,-1.9163519073766087,-1.7942729279355296,-1.6977691164089757,-1.8864119888336628,-1.8778420588136875,-2.0344439357957027,-1.433730152484709,-1.4288992721907328,-1.7398975527962737,-2.714965160462917,-0.982793723247329,-2.6344941491974563,-2.1112158270654806,2.32590073027357,2.334921104168284,0.7266423406817256
-2.825976991551027,0.0,-2.5748634360662868,3.141592653589793,-2.838707785214822,-2.677945044588987,2.5535900500422257,-2.356194490192345,-2.0344439357957027,-3.0750244898139694,-2.5213431676069717,-2.714965160462917,-2.601173153319209,-2.312743594800814,-2.62244653934327,-2.498091544796509,-2.5213431676069717,-2.4905159321453136,-2.44685437739309,-2.38321493937961,-2.223642957895671,-2.185459278717062,-2.0344439357957027,-2.0647376957144776,-1.7454685258031364,-1.4288992721907328,-1.2490457723982544,0.0,0.0,0.0,0.0,0.0,0.0,0.0,0.0,0.0,0.0,0.0,-2.5535900500422257,-2.356194490192345,3.141592653589793,3.141592653589793,-2.8632929945846817,2.432966381462123,2.677945044588987,2.060753653048625,2.3191743743184148,2.137525544318403,2.2218730482393765,2.408777551803287,2.2286849319771065,2.254505638429268,2.2706891965141405,2.0205559398647357,1.7415315382701795,2.060753653048625,1.9936502529278373,1.7359450042095235,1.7415315382701795,1.5182132651839548,1.3439974787410107,1.6447353644528369,2.1421338066285234,1.6183794300718801
0.504165961479153,0.0,3.141592653589793,-3.058451421701352,-2.214297435588181,-2.0778948311872334,-2.158798930342464,-1.7681918866447774,-1.1441688336680205,-1.4659193880646628,-0.6747409422235526,-0.714090698612158,-1.0516502125483738,-0.8760580505981934,-0.7568345055586884,-0.7853981633974483,-0.9179496956941223,-0.628796286415433,-0.5191461142465229,-0.3392926144540447,-0.04995839572194276,0.0,0.09966865249116202,0.388318718172466,0.24497866312686414,0.5123894603107377,0.6327488350021832,0.0,0.0,0.0,0.0,0.0,0.0,0.0,0.0,0.0,0.0,0.0,-1.0808390005411683,-1.849095985800008,-1.2220253232109897,-2.297438667476622,-2.4668517113662407,-2.393214606066275,-2.2264919530364327,-2.8501358591119264,-2.761086276477428,-2.711830374493105,-2.7547169358587653,-2.7722589959161676,-2.601173153319209,-2.5899376710612465,-2.8899026818316065,-3.110352820159525,-2.9168814851751503,-2.8706458032513726,-3.079173843593836,-3.0202406530190298,-3.0727361642887487,3.0090411212931194,3.0221637275714546,-2.976443976175166,3.079173843593836,3.036715714859559
3.141592653589793,0.0,-1.5707963267948966,-2.0344439357957027,0.19739555984988075,-1.3045442776439713,0.5191461142465229,0.3430239404207034,-0.6107259643892086,0.2984989315861793,0.4124104415973873,0.05549850524571683,0.628796286415433,0.13255153229667402,0.388318718172466,0.30587887140485215,0.4124104415973873,0.5633162614919681,0.6000502134017536,1.039072259536091,0.6556956262415362,1.0191413442663497,1.1071487177940904,1.3633001003596938,1.5083775167989393,1.3258176636680326,1.849095985800008,0.0,0.0,0.0,0.0,0.0,0.0,0.0,0.0,0.0,0.0,0.0,-0.14189705460416394,0.16514867741462683,-0.8760580505981934,-0.7328151017865066,-1.0040671092713902,-0.7853981633974483,-0.8884797719201485,-1.1801892830972098,-1.2870022175865687,-1.2722973952087173,-1.1606689862534056,-1.4940244355251187,-1.4743225516123097,-1.0088747645380813,-1.373400766945016,-1.6991195544806914,-1.642103791580187,-1.5395564933646284,-1.8717165611553217,-1.6124389058934852,-1.7359450042095235,-1.7681918866447774,-2.1224513093234436,-2.0169018757383004,-1.602036160225165,-1.4056476493802699
0.3156156620387663,0.0,-1.2490457723982544,-1.1525719972156676,-0.982793723247329,0.19739555984988075,-0.5667292175235064,0.6747409422235526,0.09966865249116202,0.628796286415433,0.7853981633974483,-0.11065722117389565,0.11710874456686428,0.23109066719589708,0.7853981633974483,0.9025069079643125,0.34555558058171215,0.8621700546672264,0.8567056281827387,1.3439974787410107,1.1341691669813554,1.5152978215491797,1.35970299357215,1.5707963267948966,2.0344439357957027,1.6704649792860586,2.356194490192345,0.0,0.0,0.0,0.0,0.0,0.0,0.0,0.0,0.0,0.0,0.0,-0.5191461142465229,-0.09065988720074511,-0.3430239404207034,-0.7853981633974483,2.677945044588987,-0.9652516631899266,-0.9272952180016122,-0.7853981633974483,-1.1902899496825317,-1.373400766945016,-1.2068173702852525,-1.373400766945016,-1.2490457723982544,-1.4382447944982226,-1.4157995848709557,-1.5437758776076318,-1.8076450877418169,-1.6030432092301505,-1.6845883339386047,-1.512040504079174,-1.8157749899217608,-1.446441332248135,-1.717874682183299,-1.8157749899217608,-1.856847768512215,-1.695151321341658
1.7885280658204652,0.0,-2.843093722003614,2.5535900500422257,2.323947607757091,2.714965160462917,2.0344439357957027,2.401617769613922,2.455863142683507,2.875340604438868,2.9195107516843133,2.6271413405307653,2.6271413405307653,2.0831857871056343,2.321725389192837,2.289626326416521,2.256525837701183,2.316215803069055,2.297438667476622,2.44685437739309,2.62244653934327,0.5880026035475675,2.601173153319209,-1.9513027039072615,-2.158798930342464,-1.7894652726688385,-1.4994888620096063,0.0,0.0,0.0,0.0,0.0,0.0,0.0,0.0,0.0,0.0,0.0,0.7509290623979403,0.8960553845713439,0.6528466311007743,0.7483780475235183,0.8139618212362083,0.8760580505981934,0.7853981633974483,0.8176450458327023,0.8760580505981934,0.9272952180016122,1.0516502125483738,0.8567056281827387,0.8519663271732721,0.9097531579442097,1.0191413442663497,0.8253768505207384,0.8685393952858895,0.5743048301747018,1.1441688336680205,-0.4636476090008061,0.0,-0.6747409422235526,2.44685437739309,-0.6435011087932844,2.677945044588987,2.723368324010564
0.8402880259916021,0.0,2.312743594800814,1.941687615607559,2.214297435588181,2.0344439357957027,2.000558605891585,1.925501978805837,1.8438050298816073,1.8157749899217608,1.6064954394742206,1.6672701019774836,1.5323537367737086,1.4157995848709557,1.6124389058934852,1.5707963267948966,1.0636978224025597,1.5253730473733196,1.5707963267948966,1.3633001003596938,1.6704649792860586,1.7359450042095235,-2.0344439357957027,-2.4668517113662407,-2.2455372690184494,-1.97568811307998,-1.892546881191539,0.0,0.0,0.0,0.0,0.0,0.0,0.0,0.0,0.0,0.0,0.0,-1.0516502125483738,-0.9272952180016122,-0.9272952180016122,-0.960070362405688,-0.8076167287241673,-0.6998928697192437,-0.6747409422235526,-0.5349550737860964,-0.636508215787951,-0.6640461628266846,-0.3671738338182192,-0.5880026035475675,-0.31099828060554097,-0.5191461142465229,-0.6350267353903137,-0.24497866312686414,-0.260602391747341,-0.4993467216801301,-0.4636476090008061,-0.7853981633974483,0.4636476090008061,-2.819842099193151,-2.158798930342464,2.677945044588987,-2.356194490192345,-2.896613990462929
-2.38648825011112,0.0,0.6556956262415362,0.4993467216801301,0.7509290623979403,0.37089128881266237,0.18822150530477075,0.43240777557053783,0.28805544705062586,0.1707352114752828,0.20902294280626463,0.1470783553884025,0.24497866312686414,0.18998828791871572,0.21866894587394195,0.0,-0.047583103276983396,-0.09966865249116202,0.0,-0.09966865249116202,0.16514867741462683,0.7853981633974483,-0.7853981633974483,2.7367008673047097,2.601173153319209,2.601173153319209,3.050932766389048,0.0,0.0,0.0,0.0,0.0,0.0,0.0,0.0,0.0,0.0,0.0,-2.1815222911841055,-2.178598322908857,-2.0988707752212563,-2.0503156187874927,-2.0205559398647357,-2.0214576528755304,-1.9890206563741257,-1.9028557943377822,-1.9576720445259248,-1.7975951748487824,-1.6672701019774836,-1.825978717415715,-1.6657480331376529,-1.837048375945822,-1.6704649792860586,-1.784857010358718,-1.892546881191539,-1.6814535479687922,-2.0344439357957027,-1.7359450042095235,-2.0344439357957027,-2.356194490192345,-1.5707963267948966,2.2455372690184494,1.1071487177940904,1.5707963267948966
-0.32811989501530536,0.0,1.6475682180646747,1.5042281630190728,1.4219063791853994,1.382574821490126,1.297787623708186,1.3078015951139772,1.2036224929766774,1.2722973952087173,1.047518004662921,1.089909046599561,1.0358412530088001,1.0014831356942346,0.9197196053504169,0.870903457075653,0.9179496956941223,1.0838970949836275,0.9272952180016122,1.2722973952087173,1.373400766945016,0.5404195002705842,3.141592653589793,2.356194490192345,-2.761086276477428,-2.4227626539681686,-2.5748634360662868,0.0,0.0,0.0,0.0,0.0,0.0,0.0,0.0,0.0,0.0,0.0,-1.6142472221864275,-1.7539071440573808,-1.6396528160959412,-1.5707963267948966,-1.5707963267948966,-1.5707963267948966,-1.5385494443596428,-1.373400766945016,-1.3258176636680326,-1.2252407462131845,-1.2252407462131845,-1.1071487177940904,-1.1071487177940904,-1.1606689862534056,-1.1071487177940904,-1.2490457723982544,-0.9994588469612699,-1.1071487177940904,-1.176005207095135,-1.7234456551901618,-1.8157749899217608,-1.7126933813990606,2.761086276477428,2.819842099193151,1.892546881191539,2.4668517113662407
-0.32811989501530536,0.0,1.892546881191539,2.0344439357957027,1.8622531212727638,1.9513027039072615,1.9295669970654687,1.6704649792860586,1.7033478590915707,1.7798192696011612,1.5405025668761214,1.6352231662204502,1.5707963267948966,1.5083775167989393,1.4056476493802699,1.4994888620096063,1.3473197256542635,1.380808038876181,1.5232132235179132,1.5707963267948966,1.3045442776439713,1.4711276743037347,0.7853981633974483,-2.356194490192345,-1.6814535479687922,-2.0344439357957027,-2.0032041023654346,0.0,0.0,0.0,0.0,0.0,0.0,0.0,0.0,0.0,0.0,0.0,-1.176005207095135,-1.1383885512243588,-1.0666303653157436,-0.9917220574271658,-1.0088747645380813,-1.0405805540182667,-0.9475969968608307,-0.9209258773829491,-0.9397169393235674,-0.7853981633974483,-0.712357598094329,-0.8353565591193911,-0.7597627548757708,-0.65788860518221,-0.5404195002705842,-0.6747409422235526,-0.5404195002705842,-0.5404195002705842,-0.9097531579442097,-1.1071487177940904,-1.7681918866447774,-1.5707963267948966,0.0,-1.2490457723982544,2.214297435588181,2.498091544796509
2.89288266449627,0.0,-2.5213431676069717,-2.838707785214822,-2.616796881939686,-2.8864102629689747,-2.976443976175166,-3.0348569809406576,-2.981679530431574,3.141592653589793,-3.038511045067093,-3.050932766389048,3.109345771154539,2.9865959116658525,3.1058935409104693,3.026716048172894,3.064820762320015,2.896613990462929,3.050932766389048,-2.930499320367047,-2.7367008673047097,-2.8632929945846817,-1.1071487177940904,-1.1071487177940904,-0.11065722117389565,0.12435499454676144,-0.3217505543966422,0.0,0.0,0.0,0.0,0.0,0.0,0.0,0.0,0.0,0.0,0.0,0.29544083714372,0.22679884805388587,0.3217505543966422,0.4475199751571699,0.4145068745847859,0.40024065703397416,0.4487233440107211,0.3671738338182192,0.6640461628266846,0.5880026035475675,0.6350267353903137,0.6747409422235526,0.7044940642422177,0.9707461133931431,0.7086262721276703,0.9151007005533605,0.7853981633974483,0.982793723247329,1.0768549578753155,1.1071487177940904,0.5404195002705842,0.0,-1.5707963267948966,-1.8157749899217608,-2.0344439357957027,-2.0344439357957027
-2.825976991551027,0.0,1.2490457723982544,0.8224182792713783,1.0074800653029286,0.83798122500839,0.7583777142101835,0.7853981633974483,0.7621465405869854,0.6498704494119476,0.5232783221319756,0.5232783221319756,0.5693131911006619,0.3743336160075839,0.6240230529767569,0.4487233440107211,0.2984989315861793,0.35299038782691045,0.7853981633974483,0.4636476090008061,0.5585993153435624,0.4636476090008061,2.356194490192345,1.5707963267948966,-3.017237659043032,-2.774418819771574,-2.6135182051634334,0.0,0.0,0.0,0.0,0.0,0.0,0.0,0.0,0.0,0.0,0.0,-2.2612427838495885,-2.3036114285814033,-2.132717889051712,-2.1262900620604404,-2.158798930342464,-2.0472637462686034,-2.0091328866528544,-2.059130277851302,-1.9401299844685223,-1.9401299844685223,-1.6704649792860586,-1.729451588981298,-1.7928782287003768,-1.800028260071892,-1.5707963267948966,-1.6704649792860586,-1.8157749899217608,-1.7561442767905915,-1.7975951748487824,-1.6475682180646747,-1.8692952583810758,-2.0344439357957027,-1.1071487177940904,-1.1071487177940904,1.3521273809209546,0.8519663271732721
-0.32811989501530536,0.0,-0.3947911196997615,-0.40489178628508343,-0.19739555984988075,-0.40489178628508343,-0.3947911196997615,-0.4145068745847859,-0.6132073488745093,-0.6107259643892086,-0.5880026035475675,-0.7641247773733871,-0.6986598247214632,-0.6696389456766376,-0.83798122500839,-0.9097531579442097,-1.0516502125483738,-0.5191461142465229,-1.0516502125483738,-0.7328151017865066,-0.8621700546672264,-0.4636476090008061,1.3521273809209546,2.356194490192345,2.2455372690184494,3.0309354324158977,1.965587446494658,0.0,0.0,0.0,0.0,0.0,0.0,0.0,0.0,0.0,0.0,0.0,2.5722794624891314,2.618314331457818,2.7367008673047097,2.677945044588987,2.8305943729842524,2.838707785214822,2.7557099841917196,2.8890383778117337,2.9865959116658525,3.0903554861863745,3.107123552590285,3.0750244898139694,-3.096169374168216,-3.0981417581982624,3.104572537715863,3.141592653589793,-2.930499320367047,3.046640947247037,2.782821983319221,3.0309354324158977,2.896613990462929,1.7681918866447774,-1.2490457723982544,0.4636476090008061,1.1071487177940904,-0.19739555984988075
0.504165961479153,0.0,0.49394136891958124,0.5880026035475675,0.5485494024505281,0.3347368373168147,0.07982998571223732,0.22679884805388587,0.28805544705062586,0.13255153229667402,0.029403288204005115,0.09347678115858947,0.060532019782107135,-0.05123716740341881,-0.11065722117389565,0.0,0.0,-0.08673833867598511,0.0,-0.21866894587394195,-0.24497866312686414,0.8960553845713439,-2.356194490192345,0.7853981633974483,3.141592653589793,2.774418819771574,2.875340604438868,0.0,0.0,0.0,0.0,0.0,0.0,0.0,0.0,0.0,0.0,0.0,-2.5308666892005847,-2.5948038127005457,-2.525295716193722,-2.417342652841646,-2.4227626539681686,-2.376599820878883,-2.356194490192345,-2.439335722080786,-2.1975392280059434,-2.1948193797716535,-2.1870932641909677,-2.0503156187874927,-2.0054665419441413,-1.9437840485949576,-2.104504518434158,-2.1025203940537023,-2.0988707752212563,-2.1224513093234436,-2.256525837701183,-2.0988707752212563,-2.0344439357957027,-2.356194490192345,2.5535900500422257,-2.356194490192345,0.8760580505981934,0.0
3.141592653589793,0.0,2.714965160462917,2.539305307454829,2.6387494426619322,2.714965160462917,2.425849063920913,2.44685437739309,2.498091544796509,2.436024475904582,2.3743743052653232,2.2455372690184494,2.241317884775446,2.1164513813218884,2.356194490192345,2.0344439357957027,2.32590073027357,2.1341125882868646,1.856847768512215,1.9138202672156,2.214297435588181,2.5535900500422257,2.1112158270654806,-2.0899424410414196,-1.5707963267948966,-1.4876550949064553,-1.446441332248135,0.0,0.0,0.0,0.0,0.0,0.0,0.0,0.0,0.0,0.0,0.0,-0.372987721800061,-0.5104883219167757,-0.4346702151492448,-0.4297622790966885,-0.35877067027057225,-0.3217505543966422,-0.19118445959701444,-0.027770636593421036,-0.15499674192394097,-0.15037142800713454,-0.0570807824062646,0.037020115873930025,0.07130746478529032,0.10487693873023389,0.14189705460416394,0.09966865249116202,0.0,0.0,0.14189705460416394,0.3947911196997615,0.16514867741462683,0.4636476090008061,-1.2490457723982544,-1.5707963267948966,3.141592653589793,-2.5213431676069717
-0.6616103837643317,0.0,1.4940244355251187,2.158798930342464,1.6539375586833378,2.819842099193151,3.141592653589793,3.141592653589793,-2.62244653934327,-2.677945044588987,-2.819842099193151,-2.616796881939686,-2.922923707715851,-2.723368324010564,-2.356194490192345,-2.774418819771574,-2.616796881939686,-2.616796881939686,-2.2848870254070546,-2.169215220273434,-2.0831857871056343,-2.060753653048625,-2.1025203940537023,-2.2318394956455836,-1.2490457723982544,-1.4711276743037347,-1.2679114584199251,0.0,0.0,0.0,0.0,0.0,0.0,0.0,0.0,0.0,0.0,0.0,-2.819842099193151,2.819842099193151,1.8157749899217608,2.601173153319209,1.849095985800008,2.256525837701183,1.4876550949064553,1.856847768512215,1.4219063791853994,1.3473197256542635,1.4513674007765582,1.4801364395941514,1.380808038876181,1.4056476493802699,1.5063694873693432,1.3439974787410107,1.5350972141155728,1.6352231662204502,0.982793723247329,0.6055446636049701,0.8960553845713439,1.0768549578753155,1.1284221038181517,1.3633001003596938,1.0164888305933455,1.750649826587375
-1.3009471708564273,0.0,2.214297435588181,2.976443976175166,2.356194490192345,-1.1441688336680205,-2.896613990462929,-1.5707963267948966,-1.8157749899217608,-2.129395642138459,-1.9513027039072615,-2.3086113869153615,-2.4149503129080676,-1.6162196062164735,-2.0131705497716417,-1.9195673303788037,-1.892546881191539,-1.9591150449673627,-1.7475051828649333,-1.5253730473733196,-1.446441332248135,-0.8850668158886104,-1.2277723863741932,-1.1902899496825317,-1.0808390005411683,-0.5191461142465229,-0.6947382761967031,0.0,0.0,0.0,0.0,0.0,0.0,0.0,0.0,0.0,0.0,0.0,-1.6704649792860586,-2.399645385583876,-2.158798930342464,-2.647651284670212,-1.7894652726688385,-2.4668517113662407,2.999695598985629,2.6344941491974563,2.498091544796509,3.0750244898139694,-2.875340604438868,2.601173153319209,3.070285188804503,2.4925970945932923,2.4805494847391065,2.5748634360662868,2.5308666892005847,2.7509856098921066,2.505084437801842,2.5360479899848234,2.384758148031105,2.2502101322027452,2.6292031932790554,2.1421338066285234,2.356194490192345,1.9437840485949576
0.4756952188549921,0.0,-0.07130746478529032,0.3217505543966422,0.20749622643520266,0.7853981633974483,1.4711276743037347,1.7681918866447774,1.2679114584199251,1.892546881191539,1.4288992721907328,2.1112158270654806,1.9591150449673627,1.7942729279355296,1.784857010358718,1.7681918866447774,1.6704649792860586,2.05527425583192,2.356194490192345,2.2655346029916,1.9295669970654687,2.4756234162106834,2.729182211992406,3.141592653589793,2.5535900500422257,-2.819842099193151,3.079173843593836,0.0,0.0,0.0,0.0,0.0,0.0,0.0,0.0,0.0,0.0,0.0,2.137525544318403,1.7894652726688385,1.4056476493802699,1.4876550949064553,1.2722973952087173,0.6947382761967031,1.0303768265243125,0.260602391747341,0.4795192919925962,0.3805063771123649,0.0,0.3409789534963494,0.43833655985795783,0.27829965900511133,0.1586552621864014,0.1283232276857948,0.29654580906970046,0.15660187698201536,0.4636476090008061,-0.034469100999508014,0.20304521725346514,-0.1470783553884025,-0.12435499454676144,-0.260602391747341,-0.4182243295792291,-0.10487693873023389
-0.32811989501530536,0.0,0.982793723247329,2.158798930342464,1.2490457723982544,2.1421338066285234,2.0344439357957027,2.158798930342464,2.601173153319209,2.4227626539681686,2.2455372690184494,-2.761086276477428,2.498091544796509,3.0419240010986313,-2.647651284670212,2.9562447035940984,-2.62244653934327,3.0419240010986313,-2.498091544796509,2.976443976175166,-1.5707963267948966,3.017237659043032,3.141592653589793,-2.498091544796509,2.279422598922567,2.432966381462123,2.5535900500422257,0.0,0.0,0.0,0.0,0.0,0.0,0.0,0.0,0.0,0.0,0.0,0.0,2.2455372690184494,2.782821983319221,1.892546881191539,3.017237659043032,2.976443976175166,2.609868586330988,2.0701430484750265,1.9513027039072615,2.2655346029916,2.677945044588987,2.761086276477428,2.214297435588181,2.62244653934327,2.0344439357957027,1.5707963267948966,2.1112158270654806,1.892546881191539,1.5707963267948966,2.677945044588987,2.677945044588987,1.6539375586833378,2.677945044588987,2.158798930342464,1.6704649792860586,1.4288992721907328
0.3156156620387663,0.0,-0.11065722117389565,0.982793723247329,1.5707963267948966,1.4056476493802699,-0.8760580505981934,1.7975951748487824,1.5707963267948966,2.498091544796509,1.9195673303788037,2.0344439357957027,2.279422598922567,2.1112158270654806,2.0533096218173736,2.2218730482393765,2.0344439357957027,2.4116929954380617,2.1193457292454245,2.2706891965141405,2.7187387274568526,-2.8632929945846817,2.9562447035940984,3.141592653589793,-2.7928216500058864,-2.677945044588987,-2.677945044588987,0.0,0.0,0.0,0.0,0.0,0.0,0.0,0.0,0.0,0.0,0.0,1.8622531212727638,1.892546881191539,1.8692952583810758,1.5707963267948966,0.960070362405688,0.960070362405688,0.43240777557053783,0.7298996581517315,0.722979353401491,0.5337081916392615,0.507098504392337,0.4145068745847859,0.3332443011116727,0.44610554894340365,0.058755822715722696,0.13800602365751946,0.18216831047276347,-0.03569911267932397,0.0,-0.25255427577805956,0.0,0.058755822715722696,0.11487660541689913,-0.17219081452293902,-0.15264932839526515,0.0
-0.8176450458327023,0.0,2.4668517113662407,-2.999695598985629,2.158798930342464,-2.0344439357957027,-1.5707963267948966,-2.158798930342464,-2.0344439357957027,-1.4876550949064553,-2.1112158270654806,-2.0032041023654346,-1.5707963267948966,-1.7782925532300993,-1.9832067683922838,-2.0672190801997785,-1.4801364395941514,-1.6539375586833378,-2.1025203940537023,-1.3045442776439713,-1.4536875822280324,-1.4288992721907328,-1.0714496051147666,-0.8818719385800352,-1.0768549578753155,-0.8850668158886104,-0.3392926144540447,0.0,0.0,0.0,0.0,0.0,0.0,0.0,0.0,0.0,0.0,0.0,-1.373400766945016,-1.8692952583810758,-1.9295669970654687,-2.129395642138459,-2.1112158270654806,-2.6344941491974563,-2.8555412118724752,-2.819842099193151,-2.729182211992406,-2.9275319700259717,-2.9441970937399127,-2.981679530431574,2.9147938055359073,3.107123552590285,2.831889709047337,2.896613990462929,2.7032560937318353,2.7492525093742772,2.5636907166275478,3.026716048172894,2.5722794624891314,2.7686049317897323,2.455863142683507,2.645169900184911,2.761086276477428,2.819842099193151
2.89288266449627,0.0,-0.960070362405688,-0.5585993153435624,-1.0121970114513341,1.2490457723982544,0.844153986113171,1.0121970114513341,0.49394136891958124,0.5667292175235064,0.8621700546672264,0.7853981633974483,1.3101939350475555,1.0584068664841588,1.3258176636680326,1.687905071361761,1.5707963267948966,1.3439974787410107,1.3101939350475555,1.6756732655251305,1.8313987185422376,1.9614033704925835,2.191045812777718,1.9974238199217726,2.647651284670212,2.6344941491974563,2.843093722003614,0.0,0.0,0.0,0.0,0.0,0.0,0.0,0.0,0.0,0.0,0.0,0.24497866312686414,0.27829965900511133,0.40489178628508343,-0.5880026035475675,-0.3947911196997615,-0.6435011087932844,-0.8519663271732721,-0.7419472680059175,-0.7853981633974483,-0.7853981633974483,-0.982793723247329,-0.9179496956941223,-0.714090698612158,-1.1659045405098132,-0.982793723247329,-0.844153986113171,-0.9197196053504169,-0.9272952180016122,-1.178456182579381,-1.1263771168937977,-1.1606689862534056,-1.2722973952087173,-1.2341215074081695,-1.2068173702852525,-1.2220253232109897,-1.5707963267948966
-2.38648825011112,0.0,-2.060753653048625,-0.3947911196997615,-1.5707963267948966,-0.982793723247329,-0.6947382761967031,0.17985349979247828,0.7853981633974483,0.4636476090008061,0.6107259643892086,0.8760580505981934,0.7454194762741583,0.21406068356382152,0.7454194762741583,0.7853981633974483,0.8224182792713783,1.039072259536091,0.9505468408120752,1.217805938967986,1.6183794300718801,1.6207547225168393,1.7561442767905915,2.0701430484750265,2.0344439357957027,2.0988707752212563,2.5535900500422257,0.0,0.0,0.0,0.0,0.0,0.0,0.0,0.0,0.0,0.0,0.0,0.0,-0.4636476090008061,-0.5191461142465229,-0.4636476090008061,-0.9505468408120752,-1.512040504079174,-1.0863183977578734,-1.3633001003596938,-1.1071487177940904,-1.5707963267948966,-1.460139105621001,-1.317122230656254,-1.4827889532671559,-1.5395564933646284,-1.3415643935179014,-1.5707963267948966,-1.5437758776076318,-1.5444866095419745,-1.8157749899217608,-1.695151321341658,-1.750649826587375,-1.800028260071892,-1.729451588981298,-1.6107750139181867,-1.7004988639508087,-1.8804992713373527
-2.6440597146848694,0.0,1.5707963267948966,2.677945044588987,0.4636476090008061,-2.289626326416521,-2.356194490192345,-2.6135182051634334,-2.356194490192345,-2.279422598922567,-2.439335722080786,-2.2264919530364327,-2.6387494426619322,-2.1451011569695986,-2.4116929954380617,-2.2455372690184494,-1.7590178320996674,-2.0344439357957027,-1.892546881191539,-1.5707963267948966,-1.7454685258031364,-1.1801892830972098,-1.4940244355251187,-1.1659045405098132,-1.1902899496825317,-0.5585993153435624,-0.5516549825285468,0.0,0.0,0.0,0.0,0.0,0.0,0.0,0.0,0.0,0.0,0.0,-2.79856871316909,-2.8632929945846817,2.9441970937399127,2.62244653934327,2.356194490192345,2.5213431676069717,2.5748634360662868,2.4756234162106834,2.2706891965141405,2.403777593469328,2.3305590816706676,2.214297435588181,2.251317551462111,1.9591150449673627,2.060753653048625,2.0778948311872334,1.8449637779145553,1.8399638195805972,1.837048375945822,1.7942729279355296,1.6775319994440323,1.6124389058934852,1.5707963267948966,1.9347752833045406,1.6373644905707205,1.892546881191539
0.3156156620387663,0.0,2.0899424410414196,2.1112158270654806,2.289626326416521,0.7853981633974483,-3.0309354324158977,-2.7509856098921066,-2.356194490192345,-2.388441372627599,-2.1112158270654806,-2.5065659181994793,-2.1025203940537023,-2.3291740410050803,-2.0831857871056343,-2.399645385583876,-2.2455372690184494,-1.9347752833045406,-1.5707963267948966,-1.6295521495106193,-1.5707963267948966,-1.6207547225168393,-1.7126933813990606,-0.8288490587889792,-1.1525719972156676,-0.43662715981354133,-0.4899573262537283,0.0,0.0,0.0,0.0,0.0,0.0,0.0,0.0,0.0,0.0,0.0,-2.976443976175166,2.9147938055359073,2.5308666892005847,3.050932766389048,1.5707963267948966,1.9195673303788037,2.256525837701183,2.2455372690184494,1.9936502529278373,2.1341125882868646,1.7894652726688385,1.8157749899217608,1.761980786391911,1.7561442767905915,1.7837346763742938,1.5102643070127895,1.5167948264189284,1.892546881191539,1.7415315382701795,1.6262948320406134,1.373400766945016,1.804539507663798,1.5385494443596428,1.6124389058934852,1.1999050379822342,1.4141944498128813
-2.825976991551027,0.0,-0.17985349979247828,1.3258176636680326,-1.892546881191539,0.4266274931268761,1.373400766945016,2.5535900500422257,0.43240777557053783,0.8329812666744317,0.6327488350021832,0.5585993153435624,0.7853981633974483,0.7419472680059175,0.6202494859828215,0.5880026035475675,0.6327488350021832,0.9048270894157867,0.625485040239229,1.1479424006619559,1.3258176636680326,1.2490457723982544,1.2793395323170296,1.5707963267948966,1.9295669970654687,1.750649826587375,1.8766751981997487,0.0,0.0,0.0,0.0,0.0,0.0,0.0,0.0,0.0,0.0,0.0,1.9513027039072615,1.9295669970654687,1.460139105621001,1.5707963267948966,1.1071487177940904,0.4182243295792291,0.5516549825285468,0.23109066719589708,0.13552771398550073,0.372987721800061,0.17219081452293902,-0.2984989315861793,-0.07982998571223732,-0.11487660541689913,-0.3514447940035517,-0.45066132608063364,-0.13255153229667402,-0.3805063771123649,-0.35877067027057225,-0.5713374798336268,-0.960070362405688,-0.7610127542247298,-0.5144513130590278,-0.870903457075653,-1.089909046599561,-0.9964914966201949
-2.38648825011112,0.0,-0.6202494859828215,-1.2220253232109897,-1.5707963267948966,-1.0040671092713902,-1.3101939350475555,-1.373400766945016,-1.3370531459259951,-1.5232132235179132,-1.2924966677897853,-1.1525719972156676,-1.3078015951139772,-0.9357695914045828,-1.1978086049948355,-1.5253730473733196,-1.4288992721907328,-1.5337762109209665,-1.7681918866447774,-2.408777551803287,-1.2847448850775784,-2.677945044588987,-2.0344439357957027,0.0,0.24497866312686414,0.9272952180016122,1.5707963267948966,0.0,0.0,0.0,0.0,0.0,0.0,0.0,0.0,0.0,0.0,0.0,2.539305307454829,2.459276098715045,2.6311043316730176,2.4149503129080676,2.8068558162729786,3.0828368308740703,2.774418819771574,3.0090411212931194,2.525295716193722,3.0628086926006493,2.746801533890032,-2.746801533890032,3.141592653589793,-2.761086276477428,2.356194490192345,3.046640947247037,2.158798930342464,0.4636476090008061,-2.8555412118724752,2.7187387274568526,3.141592653589793,-3.058451421701352,-3.0309354324158977,3.141592653589793,1.97568811307998,3.0309354324158977
-2.6440597146848694,0.0,-2.214297435588181,-1.7975951748487824,-1.8692952583810758,-2.393214606066275,-2.0672190801997785,-2.2848870254070546,-2.5308666892005847,-2.356194490192345,-2.310771210770768,-2.4917222041778455,-2.651635327336065,-2.5337906574758327,-2.62244653934327,-2.587285157388242,-2.761086276477428,-2.714965160462917,-2.677945044588987,-2.651635327336065,-2.4668517113662407,-2.5535900500422257,-2.0344439357957027,0.0,0.12435499454676144,0.09065988720074511,0.24497866312686414,0.0,0.0,0.0,0.0,0.0,0.0,0.0,0.0,0.0,0.0,0.0,1.6396528160959412,1.5385494443596428,1.5063694873693432,1.6396528160959412,1.5405025668761214,1.6991195544806914,1.633215136790854,1.8399638195805972,1.8449637779145553,1.9138202672156,1.9513027039072615,1.9451299428024806,2.0988707752212563,1.837048375945822,2.0344439357957027,1.6856729322117958,2.1763409903998667,1.9138202672156,1.97568811307998,1.446441332248135,1.642103791580187,1.8157749899217608,1.2490457723982544,1.849095985800008,-1.5707963267948966,0.0
0.8402880259916021,0.0,0.0,-0.3947911196997615,0.0,-0.12435499454676144,0.7853981633974483,0.3217505543966422,1.3909428270024184,0.3947911196997615,0.6747409422235526,0.982793723247329,0.48689923181126904,1.9195673303788037,1.042721878368537,0.8329812666744317,0.6747409422235526,2.356194490192345,0.0,0.0,0.4636476090008061,0.5880026035475675,0.27829965900511133,-0.4266274931268761,0.0,0.11065722117389565,0.6947382761967031,0.0,0.0,0.0,0.0,0.0,0.0,0.0,0.0,0.0,0.0,0.0,1.892546881191539,0.7853981633974483,2.129395642138459,1.5707963267948966,2.129395642138459,1.4056476493802699,1.5707963267948966,1.0714496051147666,1.1071487177940904,2.0778948311872334,1.7782925532300993,1.2793395323170296,1.873681195169868,2.0032041023654346,1.2220253232109897,1.3258176636680326,1.5707963267948966,0.3671738338182192,1.1071487177940904,1.6614562139956417,0.27829965900511133,-1.1659045405098132,1.373400766945016,-0.09966865249116202,0.7853981633974483,1.3258176636680326
-0.3666376408401143,0.0,-2.1112158270654806,-2.356194490192345,-1.5707963267948966,-1.4056476493802699,-0.6435011087932844,0.0,-0.3217505543966422,-0.4182243295792291,-0.15264932839526515,-0.05258306161094172,-0.14189705460416394,-0.18822150530477075,0.0,0.10487693873023389,0.12435499454676144,0.35299038782691045,0.5516549825285468,0.24497866312686414,0.7853981633974483,0.507098504392337,0.8850668158886104,1.2490457723982544,1.3101939350475555,1.5707963267948966,1.7033478590915707,0.0,0.0,0.0,0.0,0.0,0.0,0.0,0.0,0.0,0.0,0.0,-0.4636476090008061,-1.2490457723982544,-0.9272952180016122,-1.0516502125483738,-1.1902899496825317,-1.7975951748487824,-1.7894652726688385,-1.9138202672156,-1.8766751981997487,-2.396173177315635,-1.856847768512215,-1.8545904360032244,-2.0533096218173736,-2.256525837701183,-2.1995926132103296,-2.0899424410414196,-2.0183163019520665,-2.300695984946628,-2.2218730482393765,-2.516107613350564,-2.4905159321453136,-2.452668265374932,-2.2058230621852104,-2.743070207923373,-2.2455372690184494,-2.256525837701183
2.998434565606144,0.0,-1.5707963267948966,-0.2914567944778671,-0.11065722117389565,1.3909428270024184,-1.5707963267948966,1.4801364395941514,1.7359450042095235,1.8157749899217608,1.849095985800008,1.7126933813990606,1.687905071361761,1.965587446494658,1.5707963267948966,2.060753653048625,1.9347752833045406,2.158798930342464,2.0106389096106327,2.1962813670341257,2.356194490192345,2.396173177315635,2.677945044588987,2.677945044588987,2.843093722003614,-2.961739153797315,-2.9441970937399127,0.0,0.0,0.0,0.0,0.0,0.0,0.0,0.0,0.0,0.0,0.0,0.5880026035475675,0.7853981633974483,1.2490457723982544,0.4636476090008061,0.0,0.08314123188844123,-0.36397895650964407,-0.5516549825285468,-0.18534794999569476,-0.19739555984988075,-0.5191461142465229,-0.5880026035475675,-0.44610554894340365,-0.48088728019533583,-0.43662715981354133,-0.449759613069839,-0.5516549825285468,-0.5456550545269917,-0.690446457054692,-0.7853981633974483,-0.5144513130590278,-0.7853981633974483,-0.19739555984988075,-0.625485040239229,-0.6146629519221655,-1.1071487177940904
0.3156156620387663,0.0,-2.7091848780192556,-2.601173153319209,-1.5707963267948966,-1.2490457723982544,-1.6614562139956417,-2.356194490192345,-1.1525719972156676,-1.176005207095135,-1.3397056595989996,-0.7483780475235183,-1.0863183977578734,-0.9685089806599324,-0.9707461133931431,-1.0164888305933455,-0.7086262721276703,-0.7853981633974483,-0.5467888408892474,-0.5123894603107377,-0.4636476090008061,0.047583103276983396,0.05258306161094172,0.2914567944778671,0.43662715981354133,0.8685393952858895,0.6947382761967031,0.0,0.0,0.0,0.0,0.0,0.0,0.0,0.0,0.0,0.0,0.0,-1.6704649792860586,-2.0032041023654346,-1.642103791580187,-2.601173153319209,-2.5535900500422257,-2.256525837701183,-2.5702551737561663,-3.0419240010986313,3.141592653589793,2.91811605244916,2.969401839066854,-3.038511045067093,3.141592653589793,2.8674252024701343,2.8345469215710026,2.819842099193151,-3.09511452223879,2.810496576885661,2.949544636349063,2.5917394709132084,2.616796881939686,2.988943325194528,3.0309354324158977,2.6971734436886945,2.7686049317897323,3.050932766389048
-0.8113663506090047,0.0,2.2455372690184494,1.7975951748487824,3.141592653589793,2.988943325194528,-2.4668517113662407,3.141592653589793,-2.1995926132103296,-2.746801533890032,-2.651635327336065,-2.788602265762883,-2.473303234759209,-2.5308666892005847,-2.44685437739309,-2.332942867381882,-2.3291740410050803,-2.0344439357957027,-2.327630832353585,-2.1112158270654806,-2.0183163019520665,-2.0736395377227574,-1.6262948320406134,-1.512040504079174,-1.3101939350475555,-1.1341691669813554,-1.1071487177940904,0.0,0.0,0.0,0.0,0.0,0.0,0.0,0.0,0.0,0.0,0.0,-1.9295669970654687,-2.1112158270654806,-2.2455372690184494,-2.782821983319221,-2.5535900500422257,-2.9147938055359073,-3.0828368308740703,2.7928216500058864,2.922923707715851,2.9516043656710775,2.5535900500422257,2.7367008673047097,2.664247271216121,2.5535900500422257,2.5860989183242498,2.2367655641740063,2.0205559398647357,2.5917394709132084,2.3774678762164063,2.0183163019520665,1.9173351912288386,2.214297435588181,2.38648825011112,1.965587446494658,1.9890206563741257,2.654693421778524
-0.15660187698201536,0.0,1.4288992721907328,0.9505468408120752,1.4288992721907328,1.892546881191539,2.896613990462929,3.141592653589793,2.356194490192345,-2.976443976175166,-2.819842099193151,3.0890095919788516,3.141592653589793,2.999695598985629,3.0060649396042924,-3.0981417581982624,-3.0750244898139694,-3.0916342578678506,-2.8501358591119264,-2.7187387274568526,-2.7270857790050074,-2.321725389192837,-2.289626326416521,-2.0988707752212563,-2.0344439357957027,-1.7590178320996674,-1.4801364395941514,0.0,0.0,0.0,0.0,0.0,0.0,0.0,0.0,0.0,0.0,0.0,3.141592653589793,-2.4227626539681686,-2.356194490192345,2.214297435588181,3.0419240010986313,2.2264919530364327,2.316215803069055,2.4149503129080676,2.0736395377227574,1.878849107818673,1.6738779353175968,1.837048375945822,1.9576720445259248,1.5707963267948966,1.6704649792860586,1.4677147182721964,1.7818896600176433,1.422946961536141,1.8622531212727638,1.6295521495106193,1.5253730473733196,1.2036224929766774,1.2827408797442708,1.4121410646084953,0.9420000403794636,0.8685393952858895
0.8402880259916021,0.0,-2.0778948311872334,-2.312743594800814,-2.356194490192345,-2.321725389192837,-2.129395642138459,-2.356194490192345,-2.4149503129080676,-2.4370985893475754,-2.5948038127005457,-2.5213431676069717,-2.6590793585673165,-2.587285157388242,-2.543173760111256,-2.677945044588987,-2.711830374493105,-2.65711472455277,-2.677945044588987,-2.896613990462929,-2.6344941491974563,-2.8632929945846817,-2.896613990462929,1.2490457723982544,0.5880026035475675,0.24497866312686414,0.5880026035475675,0.0,0.0,0.0,0.0,0.0,0.0,0.0,0.0,0.0,0.0,0.0,0.5404195002705842,0.48689923181126904,0.5763752205911837,0.7853981633974483,0.6107259643892086,0.8176450458327023,0.9272952180016122,0.9357695914045828,1.0714496051147666,1.0074800653029286,1.1071487177940904,1.2341215074081695,1.3045442776439713,1.1309537439791604,1.460139105621001,1.1071487177940904,1.2315037123408519,1.2220253232109897,1.5707963267948966,1.0516502125483738,0.8519663271732721,0.4636476090008061,0.24497866312686414,0.7853981633974483,-2.214297435588181,-2.677945044588987
0.8402880259916021,0.0,2.961739153797315,2.8023000391357487,2.8023000391357487,2.6344941491974563,2.6590793585673165,2.4116929954380617,2.408777551803287,2.4775464907631086,2.429235055495464,2.451146196535101,2.378413055519064,2.333975924865626,2.256525837701183,2.26945615151636,2.356194490192345,2.2455372690184494,2.356194490192345,2.2367655641740063,2.256525837701183,2.1815222911841055,2.0344439357957027,0.4636476090008061,-0.6435011087932844,-0.7853981633974483,-0.8960553845713439,0.0,0.0,0.0,0.0,0.0,0.0,0.0,0.0,0.0,0.0,0.0,-0.844153986113171,-0.7328151017865066,-0.8110335719191258,-0.7328151017865066,-0.8110335719191258,-0.7188299996216245,-0.5467888408892474,-0.4964227534048819,-0.48088728019533583,-0.43662715981354133,-0.28379410920832787,-0.2984989315861793,-0.13552771398550073,-0.17985349979247828,-0.3430239404207034,-0.13255153229667402,-0.27829965900511133,-0.19739555984988075,-0.3217505543966422,-0.22679884805388587,-0.5880026035475675,-0.11065722117389565,-1.5707963267948966,-1.2490457723982544,-1.2490457723982544,-2.0344439357957027
-0.3666376408401143,0.0,1.3045442776439713,1.4352686128093959,1.299849476456476,1.5707963267948966,1.1722738811284763,1.3352513460740332,1.3521273809209546,1.3633001003596938,0.866302262552679,1.0121970114513341,0.8086497862079112,1.047518004662921,0.7621465405869854,0.866302262552679,0.7597627548757708,0.8760580505981934,0.8685393952858895,0.7419472680059175,0.507098504392337,0.9272952180016122,0.40489178628508343,2.677945044588987,-1.9513027039072615,-1.892546881191539,-2.2455372690184494,0.0,0.0,0.0,0.0,0.0,0.0,0.0,0.0,0.0,0.0,0.0,-1.6539375586833378,-1.5707963267948966,-1.4909663410826592,-1.5363272257953886,-1.4056476493802699,-1.4994888620096063,-1.5102643070127895,-1.5042281630190728,-1.3156139361740782,-1.1705556697609225,-1.297787623708186,-1.2252407462131845,-1.2252407462131845,-0.982793723247329,-0.9025069079643125,-0.9453112865556675,-1.2315037123408519,-1.2036224929766774,-1.1902899496825317,-1.1071487177940904,-1.2490457723982544,-1.5707963267948966,-1.7681918866447774,-1.892546881191539,0.0,-1.0303768265243125
2.998434565606144,0.0,0.4636476090008061,0.27094685033842053,-0.12435499454676144,0.09065988720074511,0.13706617431018764,0.17219081452293902,-0.037020115873930025,-0.11487660541689913,-0.19118445959701444,-0.15991312315821926,-0.11065722117389565,-0.4214192068878042,-0.29544083714372,-0.28805544705062586,-0.10673567264913565,-0.24497866312686414,-0.23374318086890142,-0.7853981633974483,-0.4266274931268761,-0.24497866312686414,0.0,0.0,-2.8632929945846817,2.5535900500422257,2.677945044588987,0.0,0.0,0.0,0.0,0.0,0.0,0.0,0.0,0.0,0.0,0.0,3.141592653589793,-3.1016139664665032,-3.0221637275714546,-2.937574673997245,-2.90604767286893,-2.8879185574511506,-2.8632929945846817,-2.840672419229368,-2.645169900184911,-2.662073361597197,-2.819842099193151,-2.6271413405307653,-2.6387494426619322,-2.473303234759209,-2.388441372627599,-2.399645385583876,-2.312743594800814,-2.455863142683507,-2.5535900500422257,-2.5899376710612465,-2.129395642138459,-2.601173153319209,2.976443976175166,2.5535900500422257,-2.896613990462929,0.12435499454676144
-0.32811989501530536,0.0,-0.3217505543966422,-0.3947911196997615,-0.6659692373791098,-0.6022873461349642,-0.7086262721276703,-0.9025069079643125,-0.6747409422235526,-0.982793723247329,-0.982793723247329,-1.0405805540182667,-1.0121970114513341,-1.1493771199070923,-1.1839206090638685,-1.042721878368537,-1.1562894522101106,-1.2036224929766774,-1.0863183977578734,-1.0714496051147666,-1.1383885512243588,-1.2036224929766774,-0.7853981633974483,3.141592653589793,1.5707963267948966,2.1112158270654806,2.5213431676069717,0.0,0.0,0.0,0.0,0.0,0.0,0.0,0.0,0.0,0.0,0.0,2.356194490192345,2.5748634360662868,2.38648825011112,2.5748634360662868,2.5829933382462307,2.8461518164460733,2.6632402222111358,2.7091848780192556,2.843093722003614,3.0090411212931194,2.9441970937399127,2.6971734436886945,3.064820762320015,2.907849472720892,2.896613990462929,2.999695598985629,-2.838707785214822,3.070285188804503,2.976443976175166,2.930499320367047,-3.0309354324158977,-3.0309354324158977,2.356194490192345,2.896613990462929,0.0,0.7853981633974483
-2.38648825011112,0.0,0.5880026035475675,0.7853981633974483,0.8760580505981934,0.8519663271732721,0.722979353401491,0.6107259643892086,0.35877067027057225,0.449759613069839,0.5232783221319756,0.22923193327699534,0.4346702151492448,0.3430239404207034,0.3743336160075839,0.3332443011116727,0.2730087030867106,0.24497866312686414,0.18822150530477075,0.5280744484263596,0.3805063771123649,0.35877067027057225,-0.6435011087932844,0.0,-1.9513027039072615,-2.8632929945846817,-2.922923707715851,0.0,0.0,0.0,0.0,0.0,0.0,0.0,0.0,0.0,0.0,0.0,-2.516107613350564,-2.473303234759209,-2.6135182051634334,-2.5829933382462307,-2.44293282886833,-2.455863142683507,-2.3818298987140225,-2.2597207150097582,-2.429235055495464,-1.8662371639386166,-2.0812846487116725,-1.9163519073766087,-1.925501978805837,-1.8281200417659853,-1.941687615607559,-2.169215220273434,-1.7561442767905915,-1.7561442767905915,-1.97568811307998,-2.2655346029916,-2.1112158270654806,-1.6814535479687922,-2.677945044588987,-2.5535900500422257,2.498091544796509,2.432966381462123
-0.8113663506090047,0.0,0.7086262721276703,0.982793723247329,0.7266423406817256,0.5880026035475675,0.5880026035475675,0.6202494859828215,0.5191461142465229,0.4636476090008061,0.21866894587394195,0.34555558058171215,0.18998828791871572,0.1746721990082397,0.08550529367820464,0.0,0.18311081726248413,0.15660187698201536,0.20749622643520266,0.17985349979247828,0.0,-0.35877067027057225,-0.16514867741462683,0.4636476090008061,-1.5707963267948966,-2.498091544796509,-3.050932766389048,0.0,0.0,0.0,0.0,0.0,0.0,0.0,0.0,0.0,0.0,0.0,-2.761086276477428,-2.677945044588987,-2.6954871046463897,-2.843093722003614,-2.6344941491974563,-2.692869309579072,-2.6135182051634334,-2.647651284670212,-2.505084437801842,-2.419937802725032,-2.297438667476622,-2.3305590816706676,-2.2318394956455836,-2.178598322908857,-1.97568811307998,-2.0736395377227574,-2.0778948311872334,-1.7818896600176433,-2.5213431676069717,-2.158798930342464,-2.498091544796509,-2.819842099193151,2.761086276477428,2.896613990462929,-1.5707963267948966,1.5707963267948966
-0.15660187698201536,0.0,1.3854483767992019,1.2722973952087173,0.83798122500839,1.0460005551447893,0.8960553845713439,0.7597627548757708,0.6747409422235526,0.6805212246672144,0.5404195002705842,0.5800027742076809,0.4773453823736719,0.4899573262537283,0.3120421215625333,0.27829965900511133,0.44610554894340365,0.5404195002705842,0.29544083714372,0.24497866312686414,0.5880026035475675,0.4636476090008061,-0.19739555984988075,-0.7853981633974483,-1.5707963267948966,-2.819842099193151,-2.8501358591119264,0.0,0.0,0.0,0.0,0.0,0.0,0.0,0.0,0.0,0.0,0.0,-2.6135182051634334,-2.3818298987140225,-2.2612427838495885,-2.333975924865626,-2.2612427838495885,-2.1948193797716535,-2.166995468092377,-2.1010120995715265,-1.9018924034990288,-1.979704155745822,-2.0205559398647357,-2.0503156187874927,-1.695151321341658,-1.8157749899217608,-1.8157749899217608,-1.892546881191539,-1.6614562139956417,-1.8766751981997487,-1.9832067683922838,-2.1112158270654806,-2.0344439357957027,-2.297438667476622,-2.723368324010564,-1.5707963267948966,0.0,-2.819842099193151
0.3156156620387663,0.0,0.9420000403794636,0.19739555984988075,0.7853981633974483,2.2318394956455836,2.44685437739309,2.214297435588181,2.677945044588987,2.677945044588987,2.896613990462929,2.976443976175166,2.6971734436886945,2.6344941491974563,2.930499320367047,2.8879185574511506,2.9275319700259717,2.9147938055359073,3.038511045067093,-2.761086276477428,-2.741351996555819,-2.432966381462123,-2.7776136970801493,-2.5672878234150915,-2.2367655641740063,-2.0032041023654346,-2.0988707752212563,0.0,0.0,0.0,0.0,0.0,0.0,0.0,0.0,0.0,0.0,0.0,2.601173153319209,2.191045812777718,2.356194490192345,2.896613990462929,1.6475682180646747,1.9379701606131159,1.6475682180646747,1.5707963267948966,1.2298173732985471,1.6373644905707205,1.5308176396716067,1.356735643231075,1.0951011079399045,1.118642464509121,1.015302591529353,1.0957855705297999,1.042721878368537,1.0838970949836275,0.8760580505981934,0.9048270894157867,0.8198672643969563,0.9129077216126865,0.8621700546672264,0.9197196053504169,0.7044940642422177,0.6747409422235526
-2.38648825011112,0.0,2.5127963671743605,3.0309354324158977,2.356194490192345,-2.0344439357957027,2.601173153319209,-1.6614562139956417,-1.9100889412489412,-1.3045442776439713,-2.2318394956455836,-2.0344439357957027,-1.6539375586833378,-1.923786714621807,-1.776191715984664,-1.695151321341658,-1.7894652726688385,-1.5707963267948966,-1.3654009376051293,-1.423717971406494,-1.5291537476963082,-1.0240074859056494,-0.5317240672588056,-0.714090698612158,-0.49394136891958124,-0.5880026035475675,-0.15264932839526515,0.0,0.0,0.0,0.0,0.0,0.0,0.0,0.0,0.0,0.0,0.0,-1.7681918866447774,-2.819842099193151,-2.356194490192345,-2.9441970937399127,3.017237659043032,3.141592653589793,3.0419240010986313,2.896613990462929,2.984990776607778,3.024483909022929,2.8685839505030826,2.819842099193151,2.723368324010564,2.761086276477428,2.677945044588987,2.7069224384405484,2.6374266921106404,2.6374266921106404,2.579671091332978,2.429235055495464,2.5213431676069717,2.3794461130028077,2.169215220273434,2.4370985893475754,2.62244653934327,2.2286849319771065
-2.769524894731673,0.0,-2.746801533890032,-2.677945044588987,-1.1902899496825317,-1.4056476493802699,-1.1525719972156676,-1.0191413442663497,-1.0768549578753155,-1.1383885512243588,-1.396124127786657,-1.0074800653029286,-0.8224182792713783,-1.3352513460740332,-0.9685089806599324,-1.2120256565243244,-0.8960553845713439,-0.668289418830584,-0.7853981633974483,-0.5633162614919681,-0.25732371497108864,-0.3906070436976868,-0.2860514417173182,0.0,0.20749622643520266,0.21866894587394195,0.7853981633974483,0.0,0.0,0.0,0.0,0.0,0.0,0.0,0.0,0.0,0.0,0.0,-0.7853981633974483,-1.2490457723982544,-1.695151321341658,-1.6539375586833378,-2.191045812777718,-2.297438667476622,-2.0647376957144776,-2.3191743743184148,-2.498091544796509,-2.746801533890032,-2.618314331457818,-2.44685437739309,-2.691833040519954,-2.7672590375822095,-2.704965493776252,-2.8809902618424523,-2.800613700093444,-2.746801533890032,-2.995580395878518,-3.107123552590285,-2.938547436336328,3.1058935409104693,3.067653615931853,-3.026716048172894,3.141592653589793,-2.936197264400026
2.6651252341160867,0.0,-2.930499320367047,2.498091544796509,-1.2649174553900444,-1.1383885512243588,-1.6814535479687922,-1.5253730473733196,-1.0808390005411683,-0.4636476090008061,-0.27829965900511133,-1.0074800653029286,-0.9357695914045828,-0.636508215787951,-0.6747409422235526,-0.7483780475235183,-0.9707461133931431,-0.3028848683749714,-0.34555558058171215,-0.27829965900511133,-0.34555558058171215,-0.2860514417173182,0.21866894587394195,-0.12435499454676144,0.4182243295792291,0.4844779290370232,0.9151007005533605,0.0,0.0,0.0,0.0,0.0,0.0,0.0,0.0,0.0,0.0,0.0,-0.5880026035475675,-0.844153986113171,-0.5191461142465229,-1.4876550949064553,-1.892546881191539,-1.2490457723982544,-2.007423486608438,-2.2455372690184494,-1.7818896600176433,-2.0205559398647357,-1.8673421358645972,-2.1421338066285234,-2.4783896608837,-2.1975392280059434,-2.0931997585114255,-2.335789159505807,-2.5444159954971157,-2.4572978619286436,-2.378413055519064,-2.5175696006130366,-2.677945044588987,-2.601173153319209,-2.401617769613922,-2.8370817703876807,-2.7091848780192556,-2.44685437739309
-0.9890566893749966,0.0,-2.356194490192345,2.819842099193151,-2.516107613350564,-2.356194490192345,3.024483909022929,-2.819842099193151,-2.6387494426619322,-2.5468333961064404,-2.930499320367047,-2.7091848780192556,-3.050932766389048,-2.677945044588987,-2.645169900184911,-2.999695598985629,-2.677945044588987,-3.024483909022929,3.017237659043032,3.141592653589793,-2.432966381462123,2.7367008673047097,3.141592653589793,0.0,0.5880026035475675,0.16514867741462683,0.0,0.0,0.0,0.0,0.0,0.0,0.0,0.0,0.0,0.0,0.0,0.0,0.960070362405688,0.9505468408120752,1.0516502125483738,1.0743735733900148,1.089909046599561,1.0370881351556351,1.1562894522101106,1.1562894522101106,1.1562894522101106,1.1978086049948355,1.2870022175865687,1.4056476493802699,1.1902899496825317,1.1801892830972098,1.6162196062164735,1.5707963267948966,1.2277723863741932,2.0344439357957027,1.7975951748487824,2.0701430484750265,2.158798930342464,0.6747409422235526,-0.7853981633974483,1.837048375945822,-2.432966381462123,-2.819842099193151
-0.4679394281428173,0.0,2.774418819771574,1.7359450042095235,2.0019350675136787,1.3086764855294237,1.4197809838735371,1.845706168275569,1.4833009859925053,1.6767806847844966,1.3854483767992019,1.8100279267585573,1.176005207095135,1.2793395323170296,0.9675664738702118,0.9900399732272263,0.9272952180016122,1.5707963267948966,1.5707963267948966,1.201462669121271,0.6947382761967031,2.0344439357957027,2.819842099193151,-1.0121970114513341,-1.97568811307998,-1.512040504079174,-1.4840579881189115,0.0,0.0,0.0,0.0,0.0,0.0,0.0,0.0,0.0,0.0,0.0,-2.0032041023654346,-2.1995926132103296,-2.1885520523611293,-2.0344439357957027,-1.8797270707186382,-1.8387067492182363,-1.8018869939907938,-1.7832283473036388,-1.5522799247268875,-1.4711276743037347,-1.3854483767992019,-1.522054475484965,-1.631944489444198,-1.4711276743037347,-1.5469913006098266,-1.849095985800008,-1.1341691669813554,-1.1722738811284763,-1.892546881191539,-1.1659045405098132,-1.4056476493802699,-2.297438667476622,-2.293775680196388,-2.0344439357957027,0.21866894587394195,-2.994514298201391
3.141592653589793,0.0,-1.1071487177940904,-2.356194490192345,-0.21866894587394195,0.6747409422235526,0.5880026035475675,0.5191461142465229,1.0191413442663497,0.8960553845713439,1.2277723863741932,1.217805938967986,1.1309537439791604,1.1071487177940904,1.2679114584199251,1.1479424006619559,1.3258176636680326,1.5707963267948966,1.5707963267948966,1.6756732655251305,2.0032041023654346,1.9832067683922838,2.5127963671743605,2.62244653934327,2.390663591191853,2.843093722003614,2.930499320367047,0.0,0.0,0.0,0.0,0.0,0.0,0.0,0.0,0.0,0.0,0.0,0.7086262721276703,0.6435011087932844,0.49394136891958124,-0.6610431688506869,-0.21866894587394195,-0.4636476090008061,-0.6659692373791098,-0.7853981633974483,-0.4636476090008061,-0.7853981633974483,-0.714090698612158,-0.8902751021276822,-0.9917220574271658,-1.1232763516377267,-0.9544993893988254,-0.6510767214444798,-0.7216548508647612,-1.2120256565243244,-1.0516502125483738,-1.1737168815699144,-1.0303768265243125,-0.9420000403794636,-0.9129077216126865,-1.089909046599561,-1.1562894522101106,-0.8685393952858895
-2.38648825011112,0.0,-2.79856871316909,3.0090411212931194,3.141592653589793,2.647651284670212,2.8632929945846817,2.8461518164460733,2.356194490192345,2.714965160462917,2.647651284670212,2.5127963671743605,3.0940095503128098,2.20354516179708,2.8535372065391673,2.618314331457818,2.5636907166275478,2.2318394956455836,-3.0309354324158977,1.9513027039072615,2.44685437739309,1.8157749899217608,-2.677945044588987,-1.373400766945016,-1.1071487177940904,-2.677945044588987,-1.2847448850775784,0.0,0.0,0.0,0.0,0.0,0.0,0.0,0.0,0.0,0.0,0.0,-0.33667481938672716,-0.18311081726248413,-0.039978687123290044,-0.21109333322274654,-0.2730087030867106,-0.4266274931268761,0.15991312315821926,0.0570807824062646,-0.11065722117389565,0.30587887140485215,0.5763752205911837,0.6435011087932844,0.21866894587394195,0.2662520491509254,0.40489178628508343,0.5191461142465229,1.1071487177940904,0.4636476090008061,0.27829965900511133,0.06656816377582381,-0.9505468408120752,2.2455372690184494,1.1902899496825317,1.4711276743037347,3.141592653589793,3.050932766389048
3.141592653589793,0.0,2.0344439357957027,1.9295669970654687,1.7894652726688385,1.8281200417659853,1.5707963267948966,1.892546881191539,1.6162196062164735,1.8804992713373527,1.2036224929766774,1.6052654277944047,1.3909428270024184,1.1410340476982082,1.2649174553900444,1.4801364395941514,1.5707963267948966,1.6756732655251305,0.9272952180016122,1.3397056595989996,2.3036114285814033,0.19739555984988075,-1.9379701606131159,-1.2793395323170296,-1.0303768265243125,-1.4876550949064553,-1.9195673303788037,0.0,0.0,0.0,0.0,0.0,0.0,0.0,0.0,0.0,0.0,0.0,-1.2924966677897853,-1.1978086049948355,-1.4840579881189115,-1.3521273809209546,-1.3016288340091962,-1.1071487177940904,-1.0603080048781208,-1.1309537439791604,-0.6202494859828215,-1.14660191889113,-1.14660191889113,-1.0636978224025597,-0.5123894603107377,-1.0303768265243125,-1.3045442776439713,-0.5467888408892474,-0.4636476090008061,-1.2490457723982544,-1.5152978215491797,0.7853981633974483,-0.7483780475235183,2.0344439357957027,0.7483780475235183,0.9420000403794636,2.214297435588181,2.3036114285814033
3.141592653589793,0.0,-2.714965160462917,-1.633215136790854,3.141592653589793,-2.1311562036997396,-2.8794728123243205,-2.255413491107677,-2.9244813388548883,-2.827360754505455,-2.782821983319221,-2.9173579024806973,-2.888517001425191,-2.7492525093742772,-2.609868586330988,-2.7076392841958965,-2.9546133836708823,-2.5959375990628013,-2.2706891965141405,-2.9275319700259717,-2.62244653934327,2.9441970937399127,-2.356194490192345,0.4636476090008061,0.3947911196997615,0.8621700546672264,0.037020115873930025,0.0,0.0,0.0,0.0,0.0,0.0,0.0,0.0,0.0,0.0,0.0,0.6518691143055769,0.8288490587889792,0.6799088548723576,0.8264709419879024,0.8988331552046647,0.8393996637734166,0.7853981633974483,0.8110335719191258,1.1071487177940904,1.2422431562434455,1.0768549578753155,1.223734723255406,1.0191413442663497,1.3352513460740332,1.7033478590915707,1.2315037123408519,1.4181469983996315,1.3487144248894165,2.129395642138459,1.3415643935179014,1.3909428270024184,0.9129077216126865,0.27829965900511133,-0.7086262721276703,-2.0344439357957027,-2.819842099193151
-2.6374266921106404,0.0,-0.16514867741462683,0.6947382761967031,-0.7853981633974483,1.8157749899217608,1.6814535479687922,1.8157749899217608,2.279422598922567,2.356194490192345,2.3086113869153615,2.5535900500422257,2.62244653934327,2.455863142683507,2.2655346029916,2.7187387274568526,2.485897027348257,3.067653615931853,2.6271413405307653,2.7509856098921066,2.907849472720892,3.046640947247037,-2.896613990462929,-2.9533711482850227,-2.7091848780192556,-2.4149503129080676,-2.403777593469328,0.0,0.0,0.0,0.0,0.0,0.0,0.0,0.0,0.0,0.0,0.0,2.6344941491974563,2.5213431676069717,1.97568811307998,1.9974238199217726,1.6814535479687922,1.3258176636680326,1.2679114584199251,1.2627435457711202,1.1722738811284763,0.9097531579442097,1.0014831356942346,0.982793723247329,0.5971766580926775,0.8238407534186363,0.7597627548757708,0.47835243137865757,0.6528466311007743,0.625485040239229,0.5028432109278608,0.6435011087932844,0.11065722117389565,0.4825132950224769,0.4636476090008061,0.27829965900511133,0.6000502134017536,-0.348771003583907
0.3156156620387663,0.0,2.922923707715851,-1.5707963267948966,-1.9513027039072615,-1.4801364395941514,-0.40489178628508343,-1.5707963267948966,0.05549850524571683,-0.27829965900511133,0.0,-0.20749622643520266,0.04164257909858842,0.13255153229667402,0.20749622643520266,0.14888994760949725,0.12435499454676144,0.7531512809621944,0.6823165548747481,0.8685393952858895,1.0838970949836275,1.0191413442663497,0.9380474917927135,1.2490457723982544,1.1441688336680205,1.2490457723982544,2.356194490192345,0.0,0.0,0.0,0.0,0.0,0.0,0.0,0.0,0.0,0.0,0.0,-0.4636476090008061,-1.0303768265243125,-0.7853981633974483,-1.4876550949064553,-1.7359450042095235,-1.5707963267948966,-2.2455372690184494,-1.8417431771333173,-1.9437840485949576,-1.8588517738455226,-1.695151321341658,-1.8588517738455226,-2.1112158270654806,-2.0091328866528544,-1.9862884227357873,-1.9401299844685223,-2.1164513813218884,-2.046491545649889,-2.2817056999784633,-2.2686991493899535,-2.38321493937961,-2.4905159321453136,-2.297438667476622,-2.4668517113662407,-2.191045812777718,-2.158798930342464
-0.32811989501530536,0.0,-1.7681918866447774,-1.6704649792860586,-1.7894652726688385,-2.060753653048625,-1.873681195169868,-2.060753653048625,-2.0344439357957027,-2.184003675669406,-2.578276392097825,-2.2264919530364327,-2.819842099193151,-2.408777551803287,-2.0736395377227574,-2.356194490192345,-1.7681918866447774,-2.2455372690184494,-1.8157749899217608,-2.91811605244916,-2.0344439357957027,-1.849095985800008,-1.7033478590915707,0.0,-0.6202494859828215,-0.7086262721276703,-0.8850668158886104,0.0,0.0,0.0,0.0,0.0,0.0,0.0,0.0,0.0,0.0,0.0,-2.9195107516843133,-3.024483909022929,-2.904743892642873,-3.115957245068116,-3.110352820159525,-3.0209689850096906,2.969401839066854,-2.976443976175166,-3.058451421701352,3.141592653589793,2.7367008673047097,2.5213431676069717,3.0443394553382275,2.9562447035940984,-2.922923707715851,1.9513027039072615,-2.408777551803287,1.892546881191539,2.8083483524781205,-2.5269297016676275,1.2490457723982544,-2.819842099193151,-0.7853981633974483,-2.5535900500422257,-1.2490457723982544,-0.6435011087932844
3.141592653589793,0.0,0.24497866312686414,-0.09966865249116202,-0.19739555984988075,0.047583103276983396,-0.4124104415973873,-0.03844259002118798,-0.5880026035475675,-0.43662715981354133,-0.8139618212362083,-0.06656816377582381,-0.4182243295792291,-1.0636978224025597,-0.43240777557053783,-0.7853981633974483,-0.6202494859828215,0.27829965900511133,-0.19739555984988075,0.14189705460416394,-0.12435499454676144,2.647651284670212,-2.819842099193151,-2.677945044588987,-2.7367008673047097,1.9513027039072615,2.0899424410414196,0.0,0.0,0.0,0.0,0.0,0.0,0.0,0.0,0.0,0.0,0.0,-2.6066375798036967,-2.462178848181945,-2.5308666892005847,-2.427501954977635,-2.455863142683507,-2.437978870810341,-2.5088438185876103,-2.323947607757091,-2.6387494426619322,-2.2455372690184494,-2.44293282886833,-2.2817056999784633,-2.289626326416521,-1.892546881191539,-2.1451011569695986,-2.8501358591119264,-2.2655346029916,-1.2753554896511765,-1.9195673303788037,-2.642245931909663,-2.761086276477428,-1.5707963267948966,-1.5042281630190728,-1.7126933813990606,2.4805494847391065,-2.677945044588987
-0.32811989501530536,0.0,-1.433730152484709,1.2627435457711202,1.1401038154083887,1.1613591172687538,1.0022717790638567,0.8519663271732721,0.24497866312686414,0.34653886443394183,0.18534794999569476,0.5516549825285468,0.6518691143055769,0.6570749357116535,0.027770636593421036,0.4411794804149806,0.3923401442155158,0.36397895650964407,0.2860514417173182,0.4993467216801301,0.6747409422235526,1.1071487177940904,2.191045812777718,3.0309354324158977,2.2655346029916,2.4149503129080676,2.7672590375822095,0.0,0.0,0.0,0.0,0.0,0.0,0.0,0.0,0.0,0.0,0.0,-0.8393996637734166,-0.7724118804772758,-0.850242190950655,-1.0104364498900535,-0.8803498697402047,-0.8519663271732721,-0.9397169393235674,-0.8567056281827387,-0.9922721123771914,-0.7492693128846728,-0.982793723247329,-0.7853981633974483,-0.9314104211087237,-0.6202494859828215,-1.085174233497428,-1.1597317794050321,-0.3625442372645076,-0.6510767214444798,-0.83798122500839,-0.7399748839758713,-0.7853981633974483,0.2984989315861793,-2.5535900500422257,1.5707963267948966,-2.1193457292454245,-1.5042281630190728
-1.8759213347918609,0.0,1.4758446204521403,2.2848870254070546,1.3068326031691921,2.323947607757091,2.1224513093234436,1.9320000822885783,1.446441332248135,1.7021117657779847,1.5182132651839548,1.5920697128189578,1.1618884978439712,1.217805938967986,0.8329812666744317,1.0714496051147666,0.8621700546672264,1.1071487177940904,1.695151321341658,0.8960553845713439,1.849095985800008,1.6704649792860586,2.356194490192345,-2.843093722003614,-3.0090411212931194,-2.819842099193151,-2.7790484163252858,0.0,0.0,0.0,0.0,0.0,0.0,0.0,0.0,0.0,0.0,0.0,0.21655030497608926,0.2204937613666717,0.2984989315861793,0.2869387529307695,0.25307565216460226,0.05963071313116939,0.2373742469731708,0.07677189126977804,0.22810262827994277,0.07006058263845544,0.27829965900511133,0.09966865249116202,0.09585914711001318,0.13863973713415806,-0.020830320036217084,0.2347226124851971,0.20401797959254858,-0.12435499454676144,0.04995839572194276,0.3947911196997615,0.29544083714372,0.09966865249116202,1.0882830317724197,1.446441332248135,-2.907849472720892,1.6539375586833378
-1.878193799917718,0.0,-1.3521273809209546,-1.4288992721907328,-2.949544636349063,-1.707198931195844,-1.5707963267948966,-2.4937812266626946,-2.7526357734107862,-2.5829933382462307,-2.133294257863969,-2.971814379621455,-2.7321554440636504,-2.8842689386187046,-2.476818158772448,-2.5829933382462307,-2.988943325194528,-2.662073361597197,3.064820762320015,-2.5360479899848234,2.7367008673047097,-1.6704649792860586,-0.7086262721276703,0.07677189126977804,-0.8329812666744317,-0.6556956262415362,-0.4964227534048819,0.0,0.0,0.0,0.0,0.0,0.0,0.0,0.0,0.0,0.0,0.0,2.449258218916763,2.601173153319209,2.442400063868124,2.5148497523787463,2.4879567566702714,2.6146494264003635,2.5213431676069717,2.5072098331137043,2.513963227788299,2.637966357465697,2.451146196535101,2.558516118570649,2.5644004397163322,2.502678668585906,2.452668265374932,2.649783477601095,2.6658974347348012,-3.0451188784072065,1.7942729279355296,1.7234456551901618,2.704965493776252,-2.601173153319209,-2.403777593469328,-2.4416997838705496,-2.999695598985629,-2.0344439357957027
-0.8176450458327023,0.0,-0.6435011087932844,-1.2882413743253092,-0.48166367755486145,-1.5707963267948966,-0.6226707887570673,-0.6022873461349642,-0.39169993943742404,-1.0918827282473107,-1.0303768265243125,-0.982793723247329,-0.870903457075653,-1.277207339386147,-1.6041173226731438,-0.7641247773733871,-1.3633001003596938,-1.3633001003596938,-1.0714496051147666,-0.8198672643969563,-0.19739555984988075,-1.1071487177940904,1.6814535479687922,1.0303768265243125,1.2847448850775784,1.4219063791853994,1.1902899496825317,0.0,0.0,0.0,0.0,0.0,0.0,0.0,0.0,0.0,0.0,0.0,2.7646833832649724,2.8785979219088738,2.896613990462929,2.9004749751383248,2.9572682446900944,2.8809902618424523,3.027338325628354,2.963182154238753,3.0495458047263866,3.1098572800613353,3.1207623335535764,-2.8068558162729786,-2.9441970937399127,-2.8911495639784413,-3.0735161953317935,-2.904743892642873,-2.8685839505030826,2.356194490192345,3.109345771154539,-3.064820762320015,-3.050932766389048,-1.1902899496825317,-1.2220253232109897,-2.356194490192345,-2.191045812777718,-0.5404195002705842
0.3156156620387663,0.0,2.701750070774057,2.8842689386187046,-1.9513027039072615,-2.007423486608438,-1.5707963267948966,-0.7853981633974483,-1.0303768265243125,-2.403777593469328,-2.2655346029916,-1.7894652726688385,-2.214297435588181,-1.941687615607559,-2.0131705497716417,-1.776191715984664,-1.8662371639386166,-2.0647376957144776,-2.17084654019665,-1.4352686128093959,-1.5182132651839548,-1.4758446204521403,-1.2722973952087173,-1.4056476493802699,-1.446441332248135,-0.83798122500839,-0.3430239404207034,0.0,0.0,0.0,0.0,0.0,0.0,0.0,0.0,0.0,0.0,0.0,-0.6857295109062863,-0.6947382761967031,-1.1071487177940904,-1.8622531212727638,-1.892546881191539,-1.9513027039072615,-1.9195673303788037,-2.158798930342464,-2.185459278717062,-2.461071428922579,-2.327630832353585,-2.6590793585673165,-2.579671091332978,-2.711830374493105,-3.036715714859559,-2.9504081939927786,3.115957245068116,-3.0928508022798615,-3.111298893671018,2.819842099193151,2.6271413405307653,2.662073361597197,2.999695598985629,2.9147938055359073,3.058451421701352,3.141592653589793
-2.547696208661964,0.0,2.1815222911841055,3.141592653589793,2.498091544796509,1.5707963267948966,1.7126933813990606,-1.2277723863741932,-1.695151321341658,-2.214297435588181,-0.982793723247329,-2.2318394956455836,-1.6107750139181867,-1.6614562139956417,-1.7126933813990606,-1.4056476493802699,-1.4968572891369563,-1.3370531459259951,-1.3521273809209546,-0.7509290623979403,-1.2220253232109897,-0.9272952180016122,-0.5713374798336268,0.05549850524571683,-0.5585993153435624,0.0,0.14189705460416394,0.0,0.0,0.0,0.0,0.0,0.0,0.0,0.0,0.0,0.0,0.0,-1.5707963267948966,-2.356194490192345,-2.677945044588987,-2.677945044588987,-2.774418819771574,-2.819842099193151,-2.9147938055359073,-2.9441970937399127,-3.054854314913808,-2.819842099193151,3.141592653589793,3.0981417581982624,2.9533711482850227,3.108271657711546,3.038511045067093,-3.110352820159525,2.677945044588987,2.930499320367047,2.7445132083648107,2.840672419229368,2.5175696006130366,2.403777593469328,2.9912212255826587,2.485897027348257,2.4149503129080676,2.4668517113662407
-0.8176450458327023,0.0,1.0714496051147666,-2.677945044588987,3.0940095503128098,2.0344439357957027,-2.9340964271545906,-2.439335722080786,-2.677945044588987,-2.44685437739309,-2.677945044588987,-2.5308666892005847,-2.6992184306130484,-2.214297435588181,-2.4805494847391065,-2.17084654019665,-2.2390857456254807,-2.651635327336065,-2.356194490192345,-2.158798930342464,-1.892546881191539,-1.5253730473733196,-1.4840579881189115,-1.1071487177940904,-0.5191461142465229,-0.4993467216801301,-0.5516549825285468,0.0,0.0,0.0,0.0,0.0,0.0,0.0,0.0,0.0,0.0,0.0,-2.4668517113662407,-2.79856871316909,-3.0309354324158977,2.62244653934327,-2.62244653934327,3.141592653589793,2.9340964271545906,2.9669204545815537,2.356194490192345,2.356194490192345,2.3794461130028077,2.5860989183242498,2.3145519110937567,2.5535900500422257,2.5959375990628013,2.356194490192345,1.9264322110956564,2.117585167684144,2.0344439357957027,1.9513027039072615,2.356194490192345,2.2367655641740063,1.6162196062164735,1.7126933813990606,2.3086113869153615,2.129395642138459
-2.547696208661964,0.0,-2.930499320367047,2.5213431676069717,-2.214297435588181,-2.601173153319209,-1.7359450042095235,-1.4801364395941514,-1.6475682180646747,-1.642103791580187,-1.4994888620096063,-0.9707461133931431,-1.4219063791853994,-1.1441688336680205,-1.1964627107873127,-1.0303768265243125,-0.722979353401491,-1.1659045405098132,-0.7568345055586884,-0.8253768505207384,-0.5191461142465229,-0.19739555984988075,-0.058755822715722696,0.05549850524571683,0.11710874456686428,0.260602391747341,0.3217505543966422,0.0,0.0,0.0,0.0,0.0,0.0,0.0,0.0,0.0,0.0,0.0,-1.3909428270024184,-1.7359450042095235,-1.9513027039072615,-2.191045812777718,-2.1995926132103296,-2.3086113869153615,-2.356194490192345,-2.427501954977635,-2.488746022489019,-2.7532739354173272,-2.746801533890032,2.9516043656710775,-3.0132694259039985,-2.82955053202726,3.0560873599115888,3.110352820159525,-3.112189365385788,-3.0845118711835284,-3.017237659043032,-3.110352820159525,3.079173843593836,2.964883797519757,2.714965160462917,3.0060649396042924,2.833539872566017,2.838707785214822
-0.9890566893749966,0.0,-1.2360594894780819,-1.2277723863741932,-2.5702551737561663,-1.5395564933646284,-2.095592098445004,-1.9295669970654687,-1.873681195169868,-1.6078164426688266,-1.9074711461816238,-1.9631364710104124,-2.2848870254070546,-2.220666776206844,-2.26945615151636,-2.483704048407583,-2.44685437739309,-2.279422598922567,-2.356194490192345,-2.4149503129080676,-2.158798930342464,3.141592653589793,0.3217505543966422,0.9272952180016122,0.4636476090008061,0.5667292175235064,0.5880026035475675,0.0,0.0,0.0,0.0,0.0,0.0,0.0,0.0,0.0,0.0,0.0,1.9513027039072615,2.0183163019520665,2.0344439357957027,1.9513027039072615,1.9333405640594041,1.9890206563741257,2.167972984887574,2.0749622882740497,2.1995926132103296,2.1401095178955587,2.1486982637571423,2.2752903910371143,2.4149503129080676,2.388441372627599,1.97568811307998,2.498091544796509,2.761086276477428,2.214297435588181,2.647651284670212,2.5535900500422257,1.4056476493802699,2.158798930342464,2.601173153319209,1.5707963267948966,1.849095985800008,-2.1763409903998667
-0.4679394281428173,0.0,2.3805798993650633,0.702256931509007,2.0131705497716417,1.8804992713373527,1.811914005246365,1.4784669920632976,1.6539375586833378,1.2882413743253092,1.1205707305341817,1.410420882818946,1.1455913078152784,1.033885584054851,1.0808390005411683,1.464060654145761,1.1459641638755542,1.0666303653157436,1.1071487177940904,1.067953115867036,0.982793723247329,2.356194490192345,-2.2455372690184494,-1.1659045405098132,-1.892546881191539,-2.2318394956455836,-2.007423486608438,0.0,0.0,0.0,0.0,0.0,0.0,0.0,0.0,0.0,0.0,0.0,-1.8109673346550696,-1.6856729322117958,-1.7172805051884579,-1.602036160225165,-1.6046816566990143,-1.5380211823908208,-1.4444882097316563,-1.3971251284533228,-1.3633001003596938,-1.2776094302370145,-1.2679114584199251,-1.049361887023153,-1.2430578200143412,-0.8728935041998396,-0.7469555733762603,-0.6435011087932844,-1.1659045405098132,-1.299849476456476,-1.4352686128093959,-1.460139105621001,-1.849095985800008,2.922923707715851,-0.5191461142465229,-0.43240777557053783,2.1224513093234436,1.5042281630190728
-0.8176450458327023,0.0,0.348771003583907,0.2860514417173182,0.0,0.05258306161094172,-0.04542327942157701,-0.037020115873930025,-0.07130746478529032,-0.07393903765794034,-0.07982998571223732,-0.3217505543966422,-0.3097029445424562,-0.3743336160075839,-0.4795192919925962,-0.2662520491509254,-0.6055446636049701,-0.6107259643892086,-0.4899573262537283,-0.5585993153435624,-0.3217505543966422,0.0,0.0,3.141592653589793,2.356194490192345,2.677945044588987,2.5899376710612465,0.0,0.0,0.0,0.0,0.0,0.0,0.0,0.0,0.0,0.0,0.0,-2.912360720312798,-2.937574673997245,-2.896613990462929,-2.8890383778117337,-2.938547436336328,-2.664247271216121,-2.561589879382112,-2.6909313275091598,-2.4719537079131557,-2.5175696006130366,-2.4905159321453136,-2.5308666892005847,-2.297438667476622,-2.388441372627599,-2.356194490192345,-2.223642957895671,-2.4668517113662407,-2.403777593469328,-1.9513027039072615,-2.289626326416521,-2.601173153319209,3.141592653589793,0.0,-2.214297435588181,1.7681918866447774,0.6947382761967031
-2.6374266921106404,0.0,-0.13255153229667402,-0.5743048301747018,-0.5191461142465229,-0.6202494859828215,-0.9505468408120752,-0.9544993893988254,-0.8308214428190254,-1.0768549578753155,-0.9745971854974165,-1.0563450137358688,-1.0191413442663497,-1.1210367137250576,-1.2827408797442708,-1.1263771168937977,-1.2068173702852525,-1.176005207095135,-1.3258176636680326,-1.512040504079174,-1.5707963267948966,-1.5707963267948966,-0.7853981633974483,1.7681918866447774,1.892546881191539,1.750649826587375,2.0344439357957027,0.0,0.0,0.0,0.0,0.0,0.0,0.0,0.0,0.0,0.0,0.0,2.7901478595862415,2.819842099193151,2.838707785214822,2.810496576885661,2.852617243597227,2.949544636349063,3.0560873599115888,3.0606885544345626,-3.113028995751033,3.141592653589793,-3.112189365385788,-3.048115872431204,-3.099950074491205,-3.0981417581982624,-3.1016139664665032,-2.9441970937399127,-2.9669204545815537,-2.896613990462929,3.064820762320015,-3.050932766389048,3.017237659043032,-2.819842099193151,-2.677945044588987,-0.3217505543966422,0.0,-0.11065722117389565
-0.8176450458327023,0.0,-1.1071487177940904,-0.5880026035475675,-0.9561333748727311,-1.176005207095135,-0.9917220574271658,-0.9129077216126865,-1.178456182579381,-1.1902899496825317,-1.2847448850775784,-1.4288992721907328,-1.4000611153196139,-1.5385494443596428,-1.642103791580187,-1.5323537367737086,-1.5707963267948966,-1.8281200417659853,-1.8313987185422376,-1.5707963267948966,-1.373400766945016,-1.97568811307998,1.5707963267948966,2.158798930342464,1.0303768265243125,1.2120256565243244,1.460139105621001,0.0,0.0,0.0,0.0,0.0,0.0,0.0,0.0,0.0,0.0,0.0,2.451146196535101,2.5535900500422257,2.505084437801842,2.61552623459303,2.7928216500058864,2.5378433201923567,2.7128146261437767,2.726100557648903,2.9340964271545906,2.8473580884786056,2.9325697107835285,2.9195107516843133,3.0348569809406576,3.0060649396042924,2.907849472720892,3.0981417581982624,3.141592653589793,2.9562447035940984,2.992702705980296,2.356194490192345,-2.677945044588987,2.819842099193151,2.7367008673047097,-2.498091544796509,-0.7853981633974483,-1.460139105621001
-2.6374266921106404,0.0,-1.856847768512215,-1.8766751981997487,-1.7942729279355296,-1.9437840485949576,-1.9379701606131159,-1.8533512792644842,-2.0344439357957027,-2.191045812777718,-2.0940746489268722,-2.378413055519064,-2.2584675828336263,-2.376599820878883,-2.498091544796509,-2.38321493937961,-2.5308666892005847,-2.427501954977635,-2.459276098715045,-2.455863142683507,-2.356194490192345,-0.7853981633974483,2.0344439357957027,-0.24497866312686414,0.507098504392337,0.11065722117389565,0.3217505543966422,0.0,0.0,0.0,0.0,0.0,0.0,0.0,0.0,0.0,0.0,0.0,1.849095985800008,1.9949907346986633,1.967875772019879,1.892546881191539,1.9974238199217726,2.0344439357957027,2.022249418347451,2.1156602422464403,2.105751400580993,2.1421338066285234,2.234842489621581,2.14717154738608,2.1948193797716535,2.323947607757091,2.356194490192345,2.38321493937961,2.316215803069055,2.6135182051634334,2.297438667476622,2.0988707752212563,2.5535900500422257,2.498091544796509,3.141592653589793,3.141592653589793,-1.5707963267948966,-1.7126933813990606
0.3156156620387663,0.0,-1.9379701606131159,-1.8313987185422376,-1.941687615607559,-2.0131705497716417,-2.2058230621852104,-2.2655346029916,-2.2390857456254807,-2.2865399164637767,-2.3086113869153615,-2.403777593469328,-2.356194490192345,-2.4905159321453136,-2.5175696006130366,-2.356194490192345,-2.578276392097825,-2.609868586330988,-2.819842099193151,-2.5535900500422257,-2.723368324010564,-1.5707963267948966,0.0,-0.3217505543966422,-0.16514867741462683,0.2662520491509254,0.08314123188844123,0.0,0.0,0.0,0.0,0.0,0.0,0.0,0.0,0.0,0.0,0.0,1.5337762109209665,1.717874682183299,1.695151321341658,1.6672701019774836,1.6030432092301505,1.695151321341658,1.8086322542523474,1.761980786391911,1.8399638195805972,1.7928782287003768,1.9138202672156,1.9576720445259248,1.965587446494658,2.0344439357957027,2.129395642138459,2.0344439357957027,2.0344439357957027,2.0988707752212563,1.837048375945822,2.0344439357957027,1.9295669970654687,2.356194490192345,0.7853981633974483,1.5707963267948966,-1.3258176636680326,-1.5707963267948966
-2.5722794624891314,0.0,1.7359450042095235,1.642103791580187,1.6657480331376529,1.5707963267948966,1.460139105621001,1.4382447944982226,1.5385494443596428,1.3439974787410107,1.3876855095324125,1.2870022175865687,1.2587542052323633,1.2966288756752378,1.2120256565243244,1.0563450137358688,0.9964914966201949,1.1659045405098132,1.2277723863741932,1.1071487177940904,1.0121970114513341,1.3258176636680326,3.141592653589793,-1.7681918866447774,-2.5899376710612465,-2.5829933382462307,-2.2367655641740063,0.0,0.0,0.0,0.0,0.0,0.0,0.0,0.0,0.0,0.0,0.0,-1.047518004662921,-1.047518004662921,-0.9685089806599324,-1.0405805540182667,-1.0062269331267966,-0.8870870151605253,-0.8760580505981934,-0.9218007677983957,-0.8913825213870482,-0.8288490587889792,-0.7157435896688801,-0.690446457054692,-0.4993467216801301,-0.7044940642422177,-0.722979353401491,-0.714090698612158,-0.5191461142465229,-0.7454194762741583,-0.7328151017865066,-0.4636476090008061,-0.5880026035475675,-1.5707963267948966,-0.6947382761967031,-1.7681918866447774,2.356194490192345,2.2455372690184494
2.323947607757091,0.0,2.0831857871056343,1.7561442767905915,1.9936502529278373,1.8157749899217608,1.892546881191539,1.6991195544806914,1.7359450042095235,1.5985669633883177,1.7078625011050843,1.7894652726688385,1.6001996149989017,1.5063694873693432,1.4010180528265581,1.3654009376051293,1.8157749899217608,1.5182132651839548,1.2924966677897853,1.6704649792860586,1.3521273809209546,1.5707963267948966,-0.4636476090008061,-2.0344439357957027,-2.191045812777718,-2.399645385583876,-2.279422598922567,0.0,0.0,0.0,0.0,0.0,0.0,0.0,0.0,0.0,0.0,0.0,-1.0552473193359175,-0.9994588469612699,-0.9440534255838497,-0.8721365020734334,-0.9380474917927135,-0.8652281491096856,-0.7188299996216245,-0.6610431688506869,-0.6107259643892086,-0.6794138054078485,-0.43240777557053783,-0.6162969373960713,-0.65788860518221,-0.5317240672588056,-0.4182243295792291,-0.7086262721276703,-0.260602391747341,-0.3217505543966422,-0.3805063771123649,-0.6947382761967031,-0.5585993153435624,-0.4636476090008061,-2.677945044588987,1.3258176636680326,2.498091544796509,1.8157749899217608
-2.690139562037239,0.0,2.896613990462929,2.976443976175166,2.9105019863938963,2.984990776607778,2.8501358591119264,2.7187387274568526,2.8632929945846817,2.6954871046463897,2.44685437739309,2.5213431676069717,2.516107613350564,2.516107613350564,2.393214606066275,2.5360479899848234,2.2655346029916,2.356194490192345,2.4149503129080676,2.158798930342464,2.677945044588987,2.0344439357957027,3.141592653589793,-0.7853981633974483,-1.5707963267948966,-1.3258176636680326,-1.2924966677897853,0.0,0.0,0.0,0.0,0.0,0.0,0.0,0.0,0.0,0.0,0.0,0.3347368373168147,0.35877067027057225,0.3217505543966422,0.35877067027057225,0.2730087030867106,0.4636476090008061,0.3671738338182192,0.6078019961139605,0.6078019961139605,0.48088728019533583,0.5543074962015512,0.6823165548747481,0.6823165548747481,0.8198672643969563,0.5123894603107377,0.702256931509007,0.7266423406817256,0.8519663271732721,1.2924966677897853,0.5880026035475675,-0.3217505543966422,0.0,2.1112158270654806,2.498091544796509,-2.896613990462929,-2.356194490192345
-2.825976991551027,0.0,-2.961739153797315,-0.5191461142465229,-1.2277723863741932,3.141592653589793,0.3805063771123649,-0.9505468408120752,-0.348771003583907,0.24497866312686414,-0.08314123188844123,0.0,0.4398425828157362,0.0,0.04995839572194276,0.11710874456686428,0.09966865249116202,0.3217505543966422,0.5713374798336268,0.6435011087932844,1.0121970114513341,0.6435011087932844,1.2722973952087173,1.7359450042095235,1.7033478590915707,2.0344439357957027,2.2655346029916,0.0,0.0,0.0,0.0,0.0,0.0,0.0,0.0,0.0,0.0,0.0,-0.982793723247329,-0.4182243295792291,-0.7853981633974483,-1.5707963267948966,-0.982793723247329,-1.4801364395941514,-1.373400766945016,-2.1224513093234436,-2.0344439357957027,-1.6295521495106193,-1.804539507663798,-1.784857010358718,-1.9295669970654687,-1.849095985800008,-1.911775280291246,-2.086345334253876,-1.97568811307998,-2.1975392280059434,-1.9295669970654687,-2.378413055519064,-2.117585167684144,-2.2455372690184494,-2.516107613350564,-2.0831857871056343,-2.334921104168284,-2.3086113869153615
3.141592653589793,0.0,-2.5535900500422257,-3.0309354324158977,-1.4876550949064553,-0.5191461142465229,-1.7681918866447774,-0.2914567944778671,-0.27829965900511133,-0.9151007005533605,-1.0040671092713902,-0.668289418830584,-0.7531512809621944,-0.37089128881266237,-0.6510767214444798,-0.6889243882148613,-0.5880026035475675,-0.38588266939807375,-0.27829965900511133,-0.36397895650964407,-0.3217505543966422,0.24497866312686414,0.0,0.6528466311007743,0.5633162614919681,0.3217505543966422,0.702256931509007,0.0,0.0,0.0,0.0,0.0,0.0,0.0,0.0,0.0,0.0,0.0,-0.4266274931268761,-1.5707963267948966,-0.19739555984988075,-1.5707963267948966,-1.1525719972156676,-1.4382447944982226,-2.0344439357957027,-1.9100889412489412,-1.925501978805837,-1.9028557943377822,-1.9591150449673627,-1.8588517738455226,-2.1948193797716535,-2.401617769613922,-2.399645385583876,-2.4629301628414804,-2.1815222911841055,-2.427501954977635,-2.7859567692890335,-2.396173177315635,-2.4602944283019443,-2.819842099193151,-2.3818298987140225,-2.8590377011202057,-2.7928216500058864,-2.384758148031105
3.141592653589793,0.0,-2.0344439357957027,-2.2455372690184494,-0.4993467216801301,-1.3909428270024184,-0.5880026035475675,-0.844153986113171,-0.6556956262415362,-0.3217505543966422,-0.6947382761967031,0.17985349979247828,0.039978687123290044,0.0,-0.15264932839526515,0.07677189126977804,0.5485494024505281,0.3217505543966422,0.4993467216801301,0.4182243295792291,0.6435011087932844,1.1801892830972098,1.0303768265243125,0.7853981633974483,1.1479424006619559,1.3439974787410107,1.4288992721907328,0.0,0.0,0.0,0.0,0.0,0.0,0.0,0.0,0.0,0.0,0.0,-0.4182243295792291,0.0,-1.2490457723982544,-1.0768549578753155,-1.0636978224025597,-2.129395642138459,-1.3258176636680326,-0.8850668158886104,-1.2649174553900444,-1.4513674007765582,-1.6814535479687922,-1.965587446494658,-1.7738415440483617,-1.5707963267948966,-1.979704155745822,-1.859771736787463,-1.9451299428024806,-1.941687615607559,-2.129395642138459,-2.0014888381814044,-2.105751400580993,-2.0749622882740497,-1.9138202672156,-2.38648825011112,-2.169215220273434,-2.1995926132103296
3.141592653589793,0.0,-0.40489178628508343,1.1441688336680205,0.0,-0.24497866312686414,2.44685437739309,2.356194490192345,1.4659193880646628,1.8313987185422376,1.5208379310729538,1.3370531459259951,1.4288992721907328,1.5273454314033659,1.4141944498128813,1.6207547225168393,1.9890206563741257,1.356735643231075,1.8622531212727638,1.8417431771333173,1.7818896600176433,2.44685437739309,2.677945044588987,2.432966381462123,3.079173843593836,3.141592653589793,-2.875340604438868,0.0,0.0,0.0,0.0,0.0,0.0,0.0,0.0,0.0,0.0,0.0,1.5707963267948966,0.844153986113171,0.8621700546672264,0.6435011087932844,0.8850668158886104,-0.09065988720074511,0.06656816377582381,0.16514867741462683,-0.21866894587394195,-0.11710874456686428,-0.23374318086890142,-0.35877067027057225,-0.5485494024505281,-0.5880026035475675,-0.35877067027057225,-0.5633162614919681,-0.5763752205911837,-0.4636476090008061,-0.5585993153435624,-0.9272952180016122,-0.9544993893988254,-0.7853981633974483,-0.7531512809621944,-0.5585993153435624,-0.8567056281827387,-0.30587887140485215
3.141592653589793,0.0,-2.356194490192345,-1.9513027039072615,-2.677945044588987,-1.5707963267948966,-1.2924966677897853,-1.4181469983996315,-0.5880026035475675,-0.40489178628508343,-0.5404195002705842,-0.6202494859828215,-0.7853981633974483,-0.625485040239229,-0.5104883219167757,-0.4636476090008061,-0.4825132950224769,-0.1767088560700366,-0.3392926144540447,-0.12435499454676144,0.15264932839526515,0.3392926144540447,0.4423742229767449,0.35299038782691045,0.5585993153435624,1.0516502125483738,1.5042281630190728,0.0,0.0,0.0,0.0,0.0,0.0,0.0,0.0,0.0,0.0,0.0,-0.24497866312686414,-0.7086262721276703,-0.7853981633974483,-1.2036224929766774,-1.3521273809209546,-1.396124127786657,-1.373400766945016,-1.878849107818673,-1.6124389058934852,-1.9591150449673627,-1.9451299428024806,-2.0195196708056176,-1.9086745150351752,-2.158798930342464,-2.0491487581735544,-2.3750601762140158,-2.1010120995715265,-2.335789159505807,-2.376599820878883,-2.4116929954380617,-2.2655346029916,-2.654693421778524,-2.7270857790050074,-2.429235055495464,-2.4416997838705496,-2.356194490192345
-0.32811989501530536,0.0,-1.5707963267948966,-1.3909428270024184,-1.2793395323170296,-1.5208379310729538,-1.2753554896511765,-1.5232132235179132,-1.6078164426688266,-1.7590178320996674,-1.730709449953116,-2.0054665419441413,-1.892546881191539,-1.8417431771333173,-2.3318090810196264,-1.9513027039072615,-1.8622531212727638,-2.0344439357957027,-2.8023000391357487,-2.060753653048625,-1.4056476493802699,0.0,-1.0636978224025597,0.8960553845713439,-2.158798930342464,0.8519663271732721,1.1071487177940904,0.0,0.0,0.0,0.0,0.0,0.0,0.0,0.0,0.0,0.0,0.0,2.384758148031105,2.601173153319209,2.432966381462123,2.561589879382112,2.5748634360662868,2.5148497523787463,2.44685437739309,2.5308666892005847,2.819842099193151,2.90604767286893,2.6954871046463897,2.473303234759209,2.3036114285814033,2.647651284670212,2.516107613350564,2.9441970937399127,2.930499320367047,3.0060649396042924,-2.6344941491974563,2.4805494847391065,0.0,1.2120256565243244,-0.7853981633974483,-0.7853981633974483,-2.922923707715851,0.43240777557053783
2.89288266449627,0.0,0.2662520491509254,0.21109333322274654,0.3805063771123649,0.04995839572194276,0.27094685033842053,0.09065988720074511,0.14189705460416394,0.034469100999508014,-0.037020115873930025,-0.18998828791871572,-0.14189705460416394,-0.2629947316809195,-0.3080527810237764,-0.09065988720074511,-0.37089128881266237,-0.23109066719589708,-0.4636476090008061,-0.4266274931268761,-0.8960553845713439,-1.1071487177940904,3.141592653589793,2.356194490192345,3.141592653589793,2.5535900500422257,2.875340604438868,0.0,0.0,0.0,0.0,0.0,0.0,0.0,0.0,0.0,0.0,0.0,-2.677945044588987,-2.692869309579072,-2.579671091332978,-2.7091848780192556,-2.5899376710612465,-2.5899376710612465,-2.505084437801842,-2.498091544796509,-2.455863142683507,-2.2831539248892256,-2.2831539248892256,-2.214297435588181,-1.9936502529278373,-2.185459278717062,-2.1763409903998667,-2.0344439357957027,-2.1763409903998667,-2.0778948311872334,-2.129395642138459,-2.191045812777718,-1.5707963267948966,-1.892546881191539,2.5535900500422257,-2.356194490192345,-0.4636476090008061,0.5404195002705842
1.7885280658204652,0.0,-2.3191743743184148,-2.819842099193151,-2.6954871046463897,-2.819842099193151,-2.8577985443814655,-2.9275319700259717,-3.0916342578678506,-2.995580395878518,-3.050932766389048,2.912360720312798,2.2218730482393765,2.872425160804093,3.0309354324158977,3.0132694259039985,-2.0778948311872334,2.7532739354173272,2.677945044588987,2.5829933382462307,-2.8068558162729786,2.5535900500422257,-2.1112158270654806,0.0,2.356194490192345,-1.3101939350475555,-0.19739555984988075,0.0,0.0,0.0,0.0,0.0,0.0,0.0,0.0,0.0,0.0,0.0,1.4711276743037347,1.4382447944982226,1.8533512792644842,1.6001996149989017,1.740574600763235,1.7126933813990606,1.4089588955564738,1.512040504079174,1.883697554675281,1.7359450042095235,1.8105394356653532,1.925501978805837,1.7942729279355296,1.9890206563741257,0.8621700546672264,2.312743594800814,2.223642957895671,1.5707963267948966,0.4182243295792291,1.4288992721907328,2.2655346029916,0.11065722117389565,-1.5182132651839548,-0.4636476090008061,-2.677945044588987,-2.356194490192345
-1.634003158692357,0.0,2.642245931909663,2.5213431676069717,2.498091544796509,2.396173177315635,2.256525837701183,2.158798930342464,2.191045812777718,2.0516836069902324,1.9710369838288708,1.9028557943377822,1.9295669970654687,1.761980786391911,1.6775319994440323,2.0503156187874927,1.7590178320996674,1.6124389058934852,1.6373644905707205,1.6614562139956417,1.5707963267948966,2.158798930342464,0.0,-1.4056476493802699,-1.892546881191539,-2.129395642138459,-1.97568811307998,0.0,0.0,0.0,0.0,0.0,0.0,0.0,0.0,0.0,0.0,0.0,0.03224688243525392,0.09966865249116202,0.1460122577112754,0.23109066719589708,0.24497866312686414,0.1343214419529685,0.17985349979247828,0.3310960767041321,0.35877067027057225,0.3514447940035517,0.3868757177310281,0.3671738338182192,0.2730087030867106,0.5543074962015512,0.2914567944778671,0.7509290623979403,0.7853981633974483,0.6107259643892086,0.5404195002705842,0.35877067027057225,0.8621700546672264,0.27829965900511133,0.7853981633974483,0.982793723247329,3.141592653589793,-2.896613990462929
-0.32811989501530536,0.0,-1.4876550949064553,-1.2924966677897853,-1.3633001003596938,-1.1479424006619559,-1.3521273809209546,-1.5350972141155728,-1.4382447944982226,-1.6352231662204502,-1.664273107953486,-1.6447353644528369,-1.8533512792644842,-1.7818896600176433,-1.892546881191539,-1.9040406279065694,-2.0344439357957027,-2.1962813670341257,-1.9936502529278373,-1.849095985800008,-1.9295669970654687,-2.129395642138459,2.819842099193151,0.5880026035475675,0.5404195002705842,0.9505468408120752,0.844153986113171,0.0,0.0,0.0,0.0,0.0,0.0,0.0,0.0,0.0,0.0,0.0,2.26945615151636,2.356194490192345,2.399645385583876,2.417342652841646,2.419937802725032,2.3145519110937567,2.5148497523787463,2.5860989183242498,2.5308666892005847,2.704965493776252,2.649783477601095,2.741351996555819,2.578276392097825,2.896613990462929,2.7532739354173272,2.8632929945846817,2.9562447035940984,2.819842099193151,3.0419240010986313,2.4668517113662407,2.214297435588181,3.141592653589793,-2.356194490192345,-2.498091544796509,-0.982793723247329,-1.373400766945016
-0.4764674194737067,0.0,0.0,0.0,-0.18534794999569476,-0.35299038782691045,-0.14888994760949725,-0.17219081452293902,-0.2551823906208184,-0.48088728019533583,-0.4297622790966885,-0.5280744484263596,-0.5971766580926775,-0.6107259643892086,-0.5280744484263596,-0.6998928697192437,-0.6998928697192437,-0.9561333748727311,-0.702256931509007,-0.982793723247329,-0.8519663271732721,-1.5707963267948966,0.0,1.892546881191539,2.677945044588987,2.356194490192345,2.191045812777718,0.0,0.0,0.0,0.0,0.0,0.0,0.0,0.0,0.0,0.0,0.0,-2.691833040519954,-2.5636907166275478,-2.5360479899848234,-2.5453935122923133,-2.439335722080786,-2.44293282886833,-2.462178848181945,-2.5127963671743605,-2.425849063920913,-2.2706891965141405,-2.2706891965141405,-2.3036114285814033,-2.356194490192345,-2.1962813670341257,-2.312743594800814,-2.1451011569695986,-2.1763409903998667,-1.892546881191539,-2.3036114285814033,-1.8157749899217608,-1.7359450042095235,-1.5707963267948966,-2.214297435588181,-0.6747409422235526,0.24497866312686414,0.0
-0.5349550737860964,0.0,-1.7681918866447774,-2.1112158270654806,-1.941687615607559,-2.223642957895671,-2.2058230621852104,-2.158798930342464,-2.279422598922567,-2.38648825011112,-2.4416997838705496,-2.5899376710612465,-2.4917222041778455,-2.485897027348257,-2.5636907166275478,-2.761086276477428,-2.62244653934327,-2.7509856098921066,-2.7367008673047097,-2.642245931909663,-2.356194490192345,3.141592653589793,-2.819842099193151,-1.5707963267948966,0.0,0.17985349979247828,0.0,0.0,0.0,0.0,0.0,0.0,0.0,0.0,0.0,0.0,0.0,0.0,1.4994888620096063,1.5042281630190728,1.5083775167989393,1.477319545636307,1.5385494443596428,1.5063694873693432,1.4743225516123097,1.664273107953486,1.6738779353175968,1.8313987185422376,1.7475051828649333,1.7539071440573808,1.7894652726688385,1.9693187724613168,2.05527425583192,2.0344439357957027,2.0988707752212563,2.2318394956455836,1.6814535479687922,1.849095985800008,2.677945044588987,1.849095985800008,0.0,2.356194490192345,-2.5535900500422257,-2.0344439357957027
3.141592653589793,0.0,-1.4940244355251187,-1.5707963267948966,-1.633215136790854,-1.3854483767992019,-1.6657480331376529,-1.6162196062164735,-1.750649826587375,-1.9055331641117113,-2.05527425583192,-1.9809236673363877,-2.0344439357957027,-2.1341125882868646,-2.0899424410414196,-2.0736395377227574,-1.9100889412489412,-2.0344439357957027,-2.0899424410414196,-2.191045812777718,-1.695151321341658,-2.601173153319209,-2.158798930342464,2.677945044588987,0.7853981633974483,0.7853981633974483,0.7853981633974483,0.0,0.0,0.0,0.0,0.0,0.0,0.0,0.0,0.0,0.0,0.0,2.214297435588181,2.191045812777718,2.129395642138459,2.178598322908857,2.2612427838495885,2.1948193797716535,2.3036114285814033,2.3036114285814033,2.461071428922579,2.473303234759209,2.5269297016676275,2.5213431676069717,2.677945044588987,2.651635327336065,2.677945044588987,2.761086276477428,2.5748634360662868,2.774418819771574,2.819842099193151,2.7367008673047097,-3.017237659043032,2.356194490192345,-2.0344439357957027,3.141592653589793,-1.892546881191539,-2.356194490192345
-2.825976991551027,0.0,-0.8760580505981934,-0.7853981633974483,-0.8288490587889792,-0.9048270894157867,-0.9453112865556675,-1.0164888305933455,-1.1525719972156676,-1.3016288340091962,-1.4513674007765582,-1.3156139361740782,-1.4994888620096063,-1.460139105621001,-1.373400766945016,-1.4121410646084953,-1.5707963267948966,-1.5083775167989393,-1.6262948320406134,-1.5707963267948966,-1.8622531212727638,-1.97568811307998,-1.373400766945016,0.982793723247329,0.8960553845713439,0.7086262721276703,1.3439974787410107,0.0,0.0,0.0,0.0,0.0,0.0,0.0,0.0,0.0,0.0,0.0,2.8879185574511506,2.7790484163252858,3.017237659043032,2.79856871316909,2.896613990462929,2.9708574421145104,3.0810606338076862,3.0771658141642395,2.981679530431574,3.141592653589793,-2.999695598985629,-3.011890116433881,-2.961739153797315,3.141592653589793,-2.992702705980296,-3.017237659043032,-2.677945044588987,-2.9562447035940984,-3.0750244898139694,-2.9441970937399127,-2.7367008673047097,-2.356194490192345,-2.4668517113662407,0.7853981633974483,-0.7853981633974483,0.0
3.141592653589793,0.0,-2.0344439357957027,-2.356194490192345,-2.312743594800814,-2.403777593469328,-2.6344941491974563,-2.6590793585673165,-2.7547169358587653,-2.8590377011202057,-2.8890383778117337,-2.662073361597197,-2.926234953892055,-2.8590377011202057,-3.0348569809406576,-2.7532739354173272,-3.113028995751033,2.8535372065391673,-2.587285157388242,2.356194490192345,2.297438667476622,-2.4668517113662407,2.782821983319221,-1.8157749899217608,0.7853981633974483,-1.0121970114513341,-0.7328151017865066,0.0,0.0,0.0,0.0,0.0,0.0,0.0,0.0,0.0,0.0,0.0,1.873681195169868,1.7818896600176433,2.0091328866528544,1.911775280291246,1.8337910584758161,1.7475051828649333,1.8817946074004375,2.1025203940537023,1.7429871413178357,1.7681918866447774,2.1421338066285234,1.6162196062164735,2.356194490192345,2.129395642138459,1.856847768512215,1.9890206563741257,2.3036114285814033,1.1801892830972098,1.6262948320406134,1.6575346654708818,2.356194490192345,2.922923707715851,0.4636476090008061,2.8501358591119264,-1.0121970114513341,0.7853981633974483
-1.8759213347918609,0.0,-1.892546881191539,-0.3671738338182192,1.7894652726688385,0.982793723247329,-0.14189705460416394,2.356194490192345,1.5707963267948966,1.7359450042095235,2.279422598922567,2.5748634360662868,2.38321493937961,2.2264919530364327,2.459276098715045,2.214297435588181,2.5535900500422257,2.677945044588987,2.2455372690184494,2.8706458032513726,-3.0828368308740703,-2.8842689386187046,2.9340964271545906,3.141592653589793,-2.677945044588987,-1.97568811307998,-2.356194490192345,0.0,0.0,0.0,0.0,0.0,0.0,0.0,0.0,0.0,0.0,0.0,1.4994888620096063,1.1383885512243588,0.8224182792713783,0.4636476090008061,0.3906070436976868,0.3217505543966422,0.5667292175235064,0.23109066719589708,0.16514867741462683,0.08673833867598511,0.05549850524571683,0.5633162614919681,0.0,-0.22923193327699534,-0.034469100999508014,-0.16514867741462683,0.060532019782107135,-0.22347660114063303,0.029403288204005115,-0.1283232276857948,0.04345089539153084,0.11487660541689913,-0.11065722117389565,0.17985349979247828,-0.8408966686431651,-0.11065722117389565
0.3156156620387663,0.0,2.988943325194528,2.922923707715851,-2.896613990462929,-2.356194490192345,-1.892546881191539,-2.356194490192345,-2.677945044588987,-2.432966381462123,-1.892546881191539,-1.7681918866447774,-1.856847768512215,-1.97568811307998,-2.117585167684144,-1.9055331641117113,-1.9710369838288708,-1.8157749899217608,-1.8545904360032244,-1.6183794300718801,-1.5707963267948966,-1.5208379310729538,-1.2490457723982544,-0.9964914966201949,-0.6022873461349642,-0.7853981633974483,-0.3392926144540447,0.0,0.0,0.0,0.0,0.0,0.0,0.0,0.0,0.0,0.0,0.0,-0.8960553845713439,-1.2490457723982544,-2.1112158270654806,-1.9513027039072615,-2.44685437739309,-2.5127963671743605,-2.5360479899848234,-2.8842689386187046,-2.539305307454829,-3.017237659043032,-3.054854314913808,-2.8809902618424523,-3.0132694259039985,3.0132694259039985,2.9195107516843133,2.930499320367047,2.8037144653495147,2.701750070774057,2.6607053733944572,2.720173446701989,2.645169900184911,2.677945044588987,2.498091544796509,2.6607053733944572,2.642245931909663,2.922923707715851
2.6587780630054785,0.0,-1.0303768265243125,-0.22679884805388587,-0.5191461142465229,0.5713374798336268,0.3805063771123649,1.4056476493802699,1.2490457723982544,1.1071487177940904,1.4352686128093959,1.5083775167989393,1.6539375586833378,1.4840579881189115,1.664273107953486,1.878849107818673,1.7359450042095235,1.8766751981997487,2.0169018757383004,2.117585167684144,2.2455372690184494,2.5829933382462307,2.384758148031105,2.654693421778524,3.141592653589793,-2.5127963671743605,-3.0890095919788516,0.0,0.0,0.0,0.0,0.0,0.0,0.0,0.0,0.0,0.0,0.0,0.8960553845713439,1.373400766945016,0.7328151017865066,1.0768549578753155,1.1071487177940904,0.3947911196997615,0.844153986113171,0.4636476090008061,0.30587887140485215,0.19739555984988075,-0.06442683942555355,-0.06241880999595735,-0.06442683942555355,-0.1343214419529685,0.05123716740341881,-0.21608497229678642,-0.27490984148067255,-0.21866894587394195,-0.5404195002705842,-0.40489178628508343,-0.3332443011116727,-0.4241944079037666,-0.5713374798336268,-0.3347368373168147,-0.5543074962015512,-0.6000502134017536
-2.2569544703367415,0.0,-3.050932766389048,-2.356194490192345,-2.498091544796509,-1.446441332248135,-1.8622531212727638,-1.3258176636680326,-1.0768549578753155,-1.1999050379822342,-1.0303768265243125,-0.8818719385800352,-0.7853981633974483,-1.124690777851493,-1.067953115867036,-0.7509290623979403,-0.8097835725701669,-0.7597627548757708,-0.5317240672588056,-0.714090698612158,-0.48689923181126904,-0.43240777557053783,0.0,-0.06241880999595735,0.5280744484263596,0.5191461142465229,0.7378150601204649,0.0,0.0,0.0,0.0,0.0,0.0,0.0,0.0,0.0,0.0,0.0,-1.6614562139956417,-1.6704649792860586,-1.9513027039072615,-1.8622531212727638,-2.356194490192345,-2.5535900500422257,-2.729182211992406,-2.5535900500422257,-2.7314653130483024,-2.601173153319209,-2.8473580884786056,-2.922923707715851,3.0727361642887487,-2.896613990462929,-3.0860941483440762,-3.0771658141642395,-3.0451188784072065,-2.995580395878518,-2.9708574421145104,3.141592653589793,-3.070285188804503,3.141592653589793,2.907849472720892,2.819842099193151,2.896613990462929,-3.0890095919788516
0.3156156620387663,0.0,-1.8157749899217608,-1.892546881191539,-1.446441332248135,-1.7234456551901618,-0.7853981633974483,-0.9420000403794636,-0.37089128881266237,0.15264932839526515,-0.1746721990082397,-0.35299038782691045,-0.08314123188844123,-0.2914567944778671,-0.3805063771123649,-0.3217505543966422,-0.14888994760949725,0.09065988720074511,-0.06656816377582381,0.2730087030867106,0.6889243882148613,0.39852244566642026,0.7853981633974483,0.8960553845713439,0.7454194762741583,0.9272952180016122,1.2036224929766774,0.0,0.0,0.0,0.0,0.0,0.0,0.0,0.0,0.0,0.0,0.0,-0.40489178628508343,0.24497866312686414,-0.7853981633974483,-0.8850668158886104,-0.844153986113171,-1.2490457723982544,-0.9380474917927135,-1.176005207095135,-1.5273454314033659,-1.317122230656254,-1.5363272257953886,-1.7359450042095235,-1.761980786391911,-1.856847768512215,-1.967875772019879,-1.9333405640594041,-2.0014888381814044,-1.6278771092011612,-1.9100889412489412,-2.060753653048625,-2.129395642138459,-2.2455372690184494,-2.356194490192345,-2.2318394956455836,-2.587285157388242,-2.323947607757091
1.2722973952087173,0.0,-1.892546881191539,-2.0131705497716417,-1.9347752833045406,-2.0344439357957027,-2.125103822996448,-2.178598322908857,-2.178598322908857,-2.251317551462111,-2.2655346029916,-2.3794461130028077,-2.356194490192345,-2.5127963671743605,-2.4668517113662407,-2.642245931909663,-2.539305307454829,-2.498091544796509,-2.704965493776252,-2.2655346029916,-1.892546881191539,-1.892546881191539,-1.0516502125483738,-0.5880026035475675,-0.6435011087932844,-0.2914567944778671,-0.22679884805388587,0.0,0.0,0.0,0.0,0.0,0.0,0.0,0.0,0.0,0.0,0.0,1.9222411207984482,1.9710369838288708,1.9710369838288708,2.0054665419441413,2.0195196708056176,2.0647376957144776,2.060753653048625,2.2455372690184494,2.0503156187874927,2.2286849319771065,2.3062360944704023,2.356194490192345,2.384758148031105,2.5269297016676275,2.2730532583039036,2.316215803069055,2.2655346029916,2.5748634360662868,2.5829933382462307,2.356194490192345,3.141592653589793,2.677945044588987,-2.356194490192345,3.141592653589793,-2.1112158270654806,-1.7359450042095235
0.3156156620387663,0.0,0.3671738338182192,0.7419472680059175,0.3217505543966422,0.5247957716501074,0.5144513130590278,0.3217505543966422,0.29544083714372,0.19118445959701444,0.18311081726248413,0.21109333322274654,-0.03844259002118798,-0.03569911267932397,0.07982998571223732,-0.13552771398550073,-0.09966865249116202,-0.05258306161094172,-0.09065988720074511,0.40489178628508343,0.0,1.5707963267948966,2.158798930342464,2.0344439357957027,2.601173153319209,2.5308666892005847,2.356194490192345,0.0,0.0,0.0,0.0,0.0,0.0,0.0,0.0,0.0,0.0,0.0,-2.167972984887574,-2.167972984887574,-2.1010120995715265,-2.132717889051712,-2.0749622882740497,-2.0481417091685685,-2.0626055027835952,-1.97568811307998,-2.0032041023654346,-1.9333405640594041,-1.9055331641117113,-1.7234456551901618,-1.776191715984664,-1.8157749899217608,-1.396124127786657,-1.6262948320406134,-1.5707963267948966,-1.5707963267948966,-1.5707963267948966,-1.1659045405098132,-0.9272952180016122,-0.7853981633974483,-0.4636476090008061,0.982793723247329,0.7853981633974483,0.7853981633974483
-0.32811989501530536,0.0,-0.982793723247329,-1.5707963267948966,-1.5253730473733196,-1.373400766945016,-1.6162196062164735,-1.717874682183299,-1.8588517738455226,-1.8399638195805972,-2.158798930342464,-1.892546881191539,-2.0344439357957027,-2.129395642138459,-2.0344439357957027,-2.158798930342464,-2.158798930342464,-1.9832067683922838,-1.9614033704925835,-2.289626326416521,-2.0344439357957027,-1.4056476493802699,-0.3217505543966422,-0.14189705460416394,0.35877067027057225,0.14189705460416394,0.09065988720074511,0.0,0.0,0.0,0.0,0.0,0.0,0.0,0.0,0.0,0.0,0.0,2.2404352724715344,2.234842489621581,2.378413055519064,2.2831539248892256,2.378413055519064,2.334921104168284,2.356194490192345,2.332942867381882,2.461071428922579,2.429235055495464,2.5636907166275478,2.5535900500422257,2.432966381462123,2.761086276477428,2.774418819771574,2.8842689386187046,2.9147938055359073,3.064820762320015,2.356194490192345,2.9441970937399127,3.141592653589793,-2.677945044588987,-2.819842099193151,-1.5707963267948966,-1.4056476493802699,-1.9513027039072615
-1.8759213347918609,0.0,-0.7328151017865066,-0.23109066719589708,-0.48689923181126904,-0.5543074962015512,-0.9097531579442097,-0.7086262721276703,-0.7853981633974483,-0.8550527371260165,-0.8584387287005676,-1.0743735733900148,-0.9197196053504169,-1.0121970114513341,-1.1659045405098132,-1.0714496051147666,-1.2068173702852525,-1.1071487177940904,-1.5083775167989393,-1.2793395323170296,-1.2924966677897853,-1.1659045405098132,0.3217505543966422,0.8960553845713439,1.7126933813990606,1.0303768265243125,1.2315037123408519,0.0,0.0,0.0,0.0,0.0,0.0,0.0,0.0,0.0,0.0,0.0,-2.937574673997245,-2.930499320367047,-2.9105019863938963,-2.9037567261323427,-2.8809902618424523,-2.8590377011202057,-2.7492525093742772,-2.7492525093742772,-2.7790484163252858,-2.677945044588987,-2.6954871046463897,-2.5636907166275478,-2.498091544796509,-2.388441372627599,-2.455863142683507,-2.44685437739309,-2.0344439357957027,-2.297438667476622,-2.356194490192345,-2.0344439357957027,-1.5707963267948966,-1.4288992721907328,-1.2490457723982544,-0.24497866312686414,-0.4636476090008061,-0.19739555984988075
-1.878193799917718,0.0,2.5535900500422257,2.498091544796509,2.6344941491974563,2.601173153319209,2.384758148031105,2.356194490192345,2.2831539248892256,2.3036114285814033,2.14717154738608,2.000558605891585,2.1870932641909677,2.0503156187874927,1.9163519073766087,2.0152155366959956,2.0831857871056343,1.97568811307998,2.0988707752212563,2.0344439357957027,1.5707963267948966,-2.677945044588987,-2.9441970937399127,-2.0344439357957027,-1.837048375945822,-2.0899424410414196,-1.892546881191539,0.0,0.0,0.0,0.0,0.0,0.0,0.0,0.0,0.0,0.0,0.0,0.19739555984988075,0.1707352114752828,0.13706617431018764,0.17985349979247828,0.10768987083282068,0.3310960767041321,0.26916749278570046,0.22208190190548016,0.15037142800713454,0.4964227534048819,0.2536740961386427,0.43662715981354133,0.3805063771123649,0.6659692373791098,0.4636476090008061,0.507098504392337,0.83798122500839,0.8621700546672264,1.0516502125483738,0.7853981633974483,2.677945044588987,1.97568811307998,1.7359450042095235,2.356194490192345,2.0899424410414196,2.677945044588987
-0.32811989501530536,0.0,-2.9669204545815537,-2.651635327336065,-2.743070207923373,-2.7270857790050074,-2.9708574421145104,-3.0045264792796056,-2.961739153797315,-3.038511045067093,-2.938547436336328,-3.109345771154539,3.0451188784072065,3.0090411212931194,2.896613990462929,2.761086276477428,2.833539872566017,2.9533711482850227,2.843093722003614,3.141592653589793,3.0419240010986313,-2.896613990462929,-2.129395642138459,-1.5707963267948966,-1.4056476493802699,-0.844153986113171,-1.0838970949836275,0.0,0.0,0.0,0.0,0.0,0.0,0.0,0.0,0.0,0.0,0.0,1.2387368592520112,1.2298173732985471,1.31910635503671,1.2765617616837088,1.2882413743253092,1.3397056595989996,1.332960399337446,1.3554386270971586,1.2160906747839564,1.4570043196511886,1.4181469983996315,1.5707963267948966,1.5707963267948966,1.6233793884058383,1.892546881191539,1.5707963267948966,2.0344439357957027,2.0344439357957027,2.0344439357957027,1.5707963267948966,2.214297435588181,1.849095985800008,2.819842099193151,-2.761086276477428,-2.432966381462123,-2.356194490192345
2.6587780630054785,0.0,-1.9295669970654687,-2.185459278717062,-2.1112158270654806,-2.1962813670341257,-2.38648825011112,-2.408777551803287,-2.5213431676069717,-2.5337906574758327,-2.5337906574758327,-2.5829933382462307,-2.677945044588987,-2.831889709047337,-2.7686049317897323,-2.7532739354173272,-2.9533711482850227,-2.677945044588987,-2.7928216500058864,-3.0419240010986313,-2.214297435588181,-2.158798930342464,-1.3258176636680326,-1.1902899496825317,-0.9505468408120752,-0.7853981633974483,-0.49394136891958124,0.0,0.0,0.0,0.0,0.0,0.0,0.0,0.0,0.0,0.0,0.0,1.9710369838288708,1.97568811307998,2.0503156187874927,2.0032041023654346,1.8828384483574299,1.892546881191539,1.8828384483574299,2.158798930342464,1.9922155336827008,1.97568811307998,2.191045812777718,2.297438667476622,2.17084654019665,2.459276098715045,2.459276098715045,2.1421338066285234,2.62244653934327,2.5308666892005847,2.7367008673047097,2.5535900500422257,2.356194490192345,2.0344439357957027,3.141592653589793,-1.849095985800008,-1.892546881191539,-2.0899424410414196
-2.2569544703367415,0.0,-3.070285188804503,3.058451421701352,2.819842099193151,2.8461518164460733,2.804917834203066,2.7686049317897323,2.6344941491974563,2.704965493776252,2.498091544796509,2.498091544796509,2.334921104168284,2.334921104168284,2.3805798993650633,2.356194490192345,2.5535900500422257,2.393214606066275,2.0647376957144776,2.0899424410414196,2.922923707715851,2.7367008673047097,-2.677945044588987,-1.6704649792860586,-1.5707963267948966,-1.750649826587375,-1.512040504079174,0.0,0.0,0.0,0.0,0.0,0.0,0.0,0.0,0.0,0.0,0.0,0.3743336160075839,0.5016040541891205,0.4636476090008061,0.45066132608063364,0.35877067027057225,0.6086893073274117,0.6132073488745093,0.6310793874713293,0.6310793874713293,0.5971766580926775,0.6696389456766376,0.712357598094329,0.8478169733934057,0.9944211062037129,0.8224182792713783,1.1583858851975093,1.0303768265243125,0.9272952180016122,1.2220253232109897,1.2490457723982544,0.0,1.2924966677897853,0.982793723247329,-2.9441970937399127,-2.976443976175166,2.5213431676069717
-0.32811989501530536,0.0,-0.8288490587889792,-0.37089128881266237,-0.5880026035475675,-0.6823165548747481,-0.9420000403794636,-0.9179496956941223,-0.8960553845713439,-0.7853981633974483,-1.0603080048781208,-1.1383885512243588,-1.1441688336680205,-1.176005207095135,-1.460139105621001,-1.3370531459259951,-1.373400766945016,-1.2679114584199251,-1.4288992721907328,-1.5707963267948966,-1.2924966677897853,-1.0516502125483738,0.19739555984988075,0.7188299996216245,0.8621700546672264,1.2490457723982544,1.1071487177940904,0.0,0.0,0.0,0.0,0.0,0.0,0.0,0.0,0.0,0.0,0.0,-3.0132694259039985,-2.9865959116658525,-3.108271657711546,-3.0090411212931194,-2.9912212255826587,-3.017237659043032,-2.938547436336328,-2.999695598985629,-2.8674252024701343,-2.937574673997245,-2.8577985443814655,-2.843093722003614,-2.7928216500058864,-2.761086276477428,-2.5535900500422257,-2.729182211992406,-2.677945044588987,-2.5308666892005847,-2.723368324010564,-2.2655346029916,-2.356194490192345,-1.9513027039072615,-2.158798930342464,-1.8157749899217608,-0.982793723247329,-0.5880026035475675
-2.5418489066203698,0.0,0.11065722117389565,0.09065988720074511,1.4056476493802699,1.5707963267948966,0.8519663271732721,1.9974238199217726,1.892546881191539,2.158798930342464,2.1025203940537023,1.923786714621807,1.9437840485949576,2.158798930342464,1.7454685258031364,2.0131705497716417,2.214297435588181,1.9890206563741257,1.9614033704925835,2.191045812777718,2.5535900500422257,2.297438667476622,2.677945044588987,2.677945044588987,3.141592653589793,-2.976443976175166,-2.723368324010564,0.0,0.0,0.0,0.0,0.0,0.0,0.0,0.0,0.0,0.0,0.0,2.922923707715851,1.6814535479687922,2.4227626539681686,0.7853981633974483,0.4636476090008061,1.2120256565243244,0.8329812666744317,1.1902899496825317,0.06656816377582381,0.3097029445424562,0.8621700546672264,0.5144513130590278,0.7086262721276703,0.5800027742076809,0.09495170634275632,0.2860514417173182,-0.09966865249116202,0.11065722117389565,0.3028848683749714,0.636508215787951,0.11487660541689913,0.09966865249116202,0.33667481938672716,-0.28805544705062586,0.1767088560700366,-0.16514867741462683
-0.9090248259535488,0.0,0.3805063771123649,2.0344439357957027,0.982793723247329,1.9974238199217726,3.141592653589793,-2.2730532583039036,-2.8785979219088738,-2.677945044588987,-2.2597207150097582,-2.5127963671743605,-2.1112158270654806,-2.356194490192345,-2.356194490192345,-2.137525544318403,-1.9631364710104124,-1.8337910584758161,-1.7126933813990606,-1.4410937896389846,-1.5707963267948966,-1.2490457723982544,-1.2120256565243244,-1.3101939350475555,-1.0516502125483738,-1.0121970114513341,-0.6857295109062863,0.0,0.0,0.0,0.0,0.0,0.0,0.0,0.0,0.0,0.0,0.0,-2.6344941491974563,-2.677945044588987,-2.44685437739309,3.141592653589793,-3.0750244898139694,2.704965493776252,2.8706458032513726,2.761086276477428,2.642245931909663,2.5702551737561663,2.4227626539681686,2.3794461130028077,2.1995926132103296,2.6344941491974563,2.234842489621581,2.356194490192345,2.1164513813218884,2.158798930342464,2.3318090810196264,1.9922155336827008,2.297438667476622,1.5042281630190728,1.9295669970654687,2.0106389096106327,1.8588517738455226,1.7681918866447774
-2.38648825011112,0.0,1.9195673303788037,1.2793395323170296,2.356194490192345,-2.896613990462929,3.141592653589793,-2.4227626539681686,-2.8809902618424523,-2.601173153319209,-2.5415424401880395,-2.5652174329986095,-2.601173153319209,-2.2390857456254807,-2.6590793585673165,-2.17084654019665,-2.125103822996448,-2.321725389192837,-2.297438667476622,-1.9693187724613168,-2.0778948311872334,-1.6704649792860586,-1.7359450042095235,-1.5042281630190728,-1.1902899496825317,-0.7419472680059175,-0.8960553845713439,0.0,0.0,0.0,0.0,0.0,0.0,0.0,0.0,0.0,0.0,0.0,-3.0309354324158977,3.050932766389048,2.279422598922567,2.746801533890032,2.0701430484750265,2.0988707752212563,1.8622531212727638,1.941687615607559,2.1112158270654806,1.892546881191539,1.965587446494658,1.837048375945822,1.6092389168160846,1.690225252813235,1.8753072099970092,1.664273107953486,1.5707963267948966,1.7454685258031364,1.5707963267948966,1.4501726582147938,1.4968572891369563,1.5291537476963082,1.5374753309166493,1.5707963267948966,1.4711276743037347,1.5707963267948966
3.141592653589793,0.0,-1.7359450042095235,-1.1071487177940904,-0.6659692373791098,-1.0714496051147666,-0.7853981633974483,-0.09065988720074511,0.6659692373791098,0.8621700546672264,0.1746721990082397,0.6055446636049701,0.7086262721276703,0.5404195002705842,0.1746721990082397,0.9272952180016122,0.982793723247329,0.6947382761967031,0.6889243882148613,0.9561333748727311,1.1263771168937977,1.0191413442663497,1.3397056595989996,1.8018869939907938,2.2848870254070546,2.007423486608438,2.1995926132103296,0.0,0.0,0.0,0.0,0.0,0.0,0.0,0.0,0.0,0.0,0.0,0.40489178628508343,-0.3805063771123649,0.9272952180016122,-1.0768549578753155,-1.5707963267948966,-1.4994888620096063,-1.3909428270024184,-1.687905071361761,-1.4382447944982226,-1.2793395323170296,-1.331564726831236,-1.8244704229335393,-1.804539507663798,-1.6052654277944047,-1.396124127786657,-1.8828384483574299,-1.8717165611553217,-1.7234456551901618,-2.1193457292454245,-1.8533512792644842,-1.9028557943377822,-1.9295669970654687,-2.587285157388242,-1.776191715984664,-1.9347752833045406,-1.6207547225168393
-2.690139562037239,0.0,1.4801364395941514,1.5707963267948966,-2.723368324010564,2.677945044588987,-3.0419240010986313,-2.4805494847391065,-3.0090411212931194,-2.677945044588987,-2.393214606066275,-2.455863142683507,-2.6590793585673165,-2.2367655641740063,-2.5269297016676275,-2.396173177315635,-2.316215803069055,-2.2367655641740063,-2.000558605891585,-1.7359450042095235,-1.923786714621807,-1.4909663410826592,-1.965587446494658,-1.5208379310729538,-1.373400766945016,-1.3258176636680326,-1.042721878368537,0.0,0.0,0.0,0.0,0.0,0.0,0.0,0.0,0.0,0.0,0.0,3.141592653589793,-2.498091544796509,2.601173153319209,2.875340604438868,2.774418819771574,2.312743594800814,2.452668265374932,2.38648825011112,2.214297435588181,2.117585167684144,2.191045812777718,2.3794461130028077,1.9513027039072615,1.925501978805837,2.0344439357957027,1.8157749899217608,1.892546881191539,1.7590178320996674,1.7234456551901618,1.6775319994440323,1.5413930385908916,1.4181469983996315,1.460139105621001,1.7942729279355296,1.4840579881189115,1.9074711461816238
3.141592653589793,0.0,-0.844153986113171,-0.7188299996216245,-0.27829965900511133,-0.7853981633974483,0.19739555984988075,-0.27829965900511133,0.27829965900511133,-0.3217505543966422,0.7853981633974483,0.5763752205911837,0.4993467216801301,0.6202494859828215,0.7454194762741583,0.6947382761967031,0.7298996581517315,0.8760580505981934,0.9652516631899266,1.4121410646084953,1.3654009376051293,1.5707963267948966,1.2490457723982544,1.8281200417659853,2.0647376957144776,2.0131705497716417,2.8501358591119264,0.0,0.0,0.0,0.0,0.0,0.0,0.0,0.0,0.0,0.0,0.0,0.7086262721276703,1.0516502125483738,0.6435011087932844,0.7853981633974483,0.0,0.3430239404207034,-0.07130746478529032,0.15660187698201536,-0.44610554894340365,-0.5543074962015512,-0.1297025371559121,-0.6528466311007743,-0.5016040541891205,-0.8124186125847132,-0.6498704494119476,-0.8550527371260165,-0.844153986113171,-0.7378150601204649,-1.1659045405098132,-0.8308214428190254,-1.0121970114513341,-1.0516502125483738,-1.2252407462131845,-1.2610933822524404,-1.313472611823808,-1.0563450137358688
3.141592653589793,0.0,-0.6107259643892086,-0.40489178628508343,-0.14189705460416394,0.15264932839526515,0.348771003583907,1.849095985800008,1.2924966677897853,1.965587446494658,0.960070362405688,1.3258176636680326,1.2068173702852525,1.5707963267948966,1.297787623708186,1.729451588981298,1.7681918866447774,1.7607846147136124,2.129395642138459,1.941687615607559,2.316215803069055,2.1025203940537023,1.9138202672156,2.701750070774057,2.642245931909663,3.036715714859559,2.999695598985629,0.0,0.0,0.0,0.0,0.0,0.0,0.0,0.0,0.0,0.0,0.0,0.982793723247329,0.9420000403794636,1.2793395323170296,0.6947382761967031,0.15660187698201536,0.13255153229667402,0.4266274931268761,0.11710874456686428,-0.14189705460416394,-0.11942892601833845,-0.2536740961386427,-0.4145068745847859,0.0964737751825869,-0.4124104415973873,-0.4145068745847859,-0.43833655985795783,-0.21109333322274654,-0.43662715981354133,-0.6986598247214632,-0.4346702151492448,-0.3693336576736256,-0.6350267353903137,-0.6610431688506869,-0.5485494024505281,-0.7454194762741583,-0.5404195002705842
3.141592653589793,0.0,0.7266423406817256,0.6202494859828215,1.5707963267948966,-2.356194490192345,-2.8501358591119264,3.0890095919788516,2.79856871316909,3.141592653589793,2.0344439357957027,-2.2655346029916,-1.4711276743037347,-1.7234456551901618,-1.9513027039072615,-1.9890206563741257,-1.5707963267948966,-1.1902899496825317,-1.2847448850775784,-0.6327488350021832,-0.7853981633974483,-0.35299038782691045,-0.3028848683749714,-0.507098504392337,0.0,1.5707963267948966,1.633215136790854,0.0,0.0,0.0,0.0,0.0,0.0,0.0,0.0,0.0,0.0,0.0,-0.5516549825285468,-0.5880026035475675,-1.4711276743037347,-1.9138202672156,-1.6614562139956417,-0.7853981633974483,-0.24497866312686414,-0.6823165548747481,-0.4636476090008061,-0.5880026035475675,-0.9332475286562039,-0.8721365020734334,-1.2490457723982544,-1.1309537439791604,-0.714090698612158,-0.17219081452293902,-0.4346702151492448,-0.43240777557053783,-0.23783592745745075,-0.2730087030867106,-0.5485494024505281,0.17985349979247828,-0.30587887140485215,0.14189705460416394,-0.05549850524571683,0.24497866312686414
-0.1253239864915465,0.0,-0.17985349979247828,-1.97568811307998,2.8632929945846817,1.7681918866447774,3.0309354324158977,1.3909428270024184,0.7188299996216245,1.750649826587375,1.5232132235179132,2.279422598922567,2.214297435588181,2.169215220273434,2.1995926132103296,2.0899424410414196,1.873681195169868,2.0169018757383004,2.0533096218173736,2.6135182051634334,2.992702705980296,3.141592653589793,2.8632929945846817,-2.896613990462929,-2.647651284670212,-2.5672878234150915,-2.2367655641740063,0.0,0.0,0.0,0.0,0.0,0.0,0.0,0.0,0.0,0.0,0.0,1.3258176636680326,0.982793723247329,0.7853981633974483,1.5707963267948966,2.819842099193151,0.7853981633974483,1.1071487177940904,0.4398425828157362,0.5763752205911837,0.27829965900511133,0.17985349979247828,0.5191461142465229,0.4287780274460164,0.5667292175235064,0.11065722117389565,-0.05123716740341881,-0.07878396098914381,-0.5404195002705842,0.0,0.19739555984988075,0.3009202343604251,0.15991312315821926,-0.04345089539153084,-0.3028848683749714,-0.3217505543966422,0.5280744484263596
2.6066375798036967,0.0,1.9138202672156,2.214297435588181,2.356194490192345,-2.761086276477428,2.7509856098921066,3.141592653589793,-2.9441970937399127,-2.7928216500058864,-2.761086276477428,-2.6135182051634334,-2.701750070774057,-2.6271413405307653,-2.390663591191853,-2.6271413405307653,-2.44685437739309,-2.2597207150097582,-2.2264919530364327,-1.856847768512215,-1.7681918866447774,-1.923786714621807,-1.6295521495106193,-1.3521273809209546,-1.373400766945016,-1.5707963267948966,-0.7086262721276703,0.0,0.0,0.0,0.0,0.0,0.0,0.0,0.0,0.0,0.0,0.0,-2.356194490192345,-2.896613990462929,-3.0419240010986313,2.7091848780192556,2.1112158270654806,2.5829933382462307,2.1763409903998667,2.0032041023654346,1.8692952583810758,2.498091544796509,2.2318394956455836,2.117585167684144,1.9591150449673627,1.925501978805837,1.9138202672156,1.7359450042095235,1.7607846147136124,1.7126933813990606,1.8076450877418169,1.5323537367737086,1.4056476493802699,1.729451588981298,1.5707963267948966,1.633215136790854,1.299849476456476,1.642103791580187
2.6066375798036967,0.0,-1.6475682180646747,-1.8157749899217608,-2.5535900500422257,-1.2793395323170296,0.17985349979247828,-0.5880026035475675,-2.158798930342464,-0.6947382761967031,0.19739555984988075,0.23109066719589708,0.2860514417173182,0.27829965900511133,0.2984989315861793,0.3028848683749714,0.5317240672588056,0.06241880999595735,0.35877067027057225,0.2984989315861793,0.722979353401491,0.982793723247329,1.0636978224025597,1.2220253232109897,1.1383885512243588,1.4288992721907328,1.6704649792860586,0.0,0.0,0.0,0.0,0.0,0.0,0.0,0.0,0.0,0.0,0.0,0.4636476090008061,0.4182243295792291,-0.24497866312686414,0.7853981633974483,-0.5880026035475675,-0.6556956262415362,-1.1525719972156676,-1.2315037123408519,-1.1902899496825317,-1.0303768265243125,-1.2490457723982544,-1.3045442776439713,-1.1525719972156676,-1.1232763516377267,-1.4288992721907328,-1.7126933813990606,-1.5323537367737086,-1.7738415440483617,-1.7748143063874453,-1.446441332248135,-1.837048375945822,-1.7539071440573808,-1.7607846147136124,-1.4141944498128813,-1.873681195169868,-1.9513027039072615
0.3156156620387663,0.0,2.214297435588181,1.9379701606131159,1.5707963267948966,2.896613990462929,-2.4149503129080676,-2.5899376710612465,2.5535900500422257,2.838707785214822,-2.616796881939686,-2.2264919530364327,-2.44685437739309,-2.539305307454829,-2.645169900184911,-2.2848870254070546,-2.1451011569695986,-2.2655346029916,-2.3794461130028077,-2.158798930342464,-2.007423486608438,-2.0778948311872334,-1.873681195169868,-1.4994888620096063,-1.5707963267948966,-1.446441332248135,-0.982793723247329,0.0,0.0,0.0,0.0,0.0,0.0,0.0,0.0,0.0,0.0,0.0,-2.289626326416521,-1.5707963267948966,-2.819842099193151,-2.774418819771574,-2.9441970937399127,2.9562447035940984,-2.9105019863938963,2.988943325194528,3.0750244898139694,2.300695984946628,2.7314653130483024,2.451146196535101,2.7326848246388677,2.5625183842220625,2.295046327543044,2.4061528859142878,2.0988707752212563,2.33924696038594,2.0054665419441413,1.856847768512215,2.0344439357957027,2.3805798993650633,2.498091544796509,1.8438050298816073,1.5323537367737086,2.05527425583192
-0.5349550737860964,0.0,0.4636476090008061,0.27829965900511133,1.4758446204521403,1.5707963267948966,0.9505468408120752,2.896613990462929,1.2277723863741932,1.965587446494658,1.9809236673363877,1.878849107818673,1.7894652726688385,1.9614033704925835,1.750649826587375,2.007423486608438,2.2058230621852104,1.8545904360032244,2.185459278717062,2.125103822996448,2.461071428922579,2.223642957895671,2.7509856098921066,2.9669204545815537,2.896613990462929,-2.774418819771574,-2.9562447035940984,0.0,0.0,0.0,0.0,0.0,0.0,0.0,0.0,0.0,0.0,0.0,2.4668517113662407,2.356194490192345,1.892546881191539,1.5707963267948966,1.5707963267948966,1.1309537439791604,1.1071487177940904,0.7853981633974483,0.6889243882148613,0.9420000403794636,0.17985349979247828,0.5693131911006619,0.48689923181126904,0.3217505543966422,0.3743336160075839,0.4398425828157362,0.40024065703397416,0.25168997175818675,0.15264932839526515,0.11379200714370806,0.20749622643520266,-0.260602391747341,0.2536740961386427,0.07982998571223732,-0.05549850524571683,0.27094685033842053
-1.0723369163282177,0.0,0.9420000403794636,0.6610431688506869,1.1659045405098132,1.7033478590915707,-2.819842099193151,2.0701430484750265,1.8157749899217608,2.7187387274568526,2.485897027348257,2.896613990462929,2.5652174329986095,2.7928216500058864,2.408777551803287,2.677945044588987,2.741351996555819,2.796037073008081,2.7928216500058864,-3.079173843593836,-3.0981417581982624,-2.8632929945846817,-2.5269297016676275,-2.7367008673047097,-2.498091544796509,-2.403777593469328,-1.9195673303788037,0.0,0.0,0.0,0.0,0.0,0.0,0.0,0.0,0.0,0.0,0.0,2.5308666892005847,2.2655346029916,1.7681918866447774,2.0344439357957027,1.965587446494658,1.7681918866447774,1.2341215074081695,1.1071487177940904,1.1659045405098132,1.1263771168937977,1.1902899496825317,1.0789871508061981,0.9151007005533605,0.7610127542247298,0.9505468408120752,0.8288490587889792,0.8042638494191191,0.8398896196381795,0.7610127542247298,0.6055446636049701,0.5667292175235064,0.6498704494119476,0.44610554894340365,0.5467888408892474,0.15660187698201536,0.8224182792713783
-2.690139562037239,0.0,0.260602391747341,0.17219081452293902,0.04345089539153084,0.09966865249116202,0.0,-0.034469100999508014,-0.21109333322274654,-0.22679884805388587,-0.23684876094692026,-0.4993467216801301,-0.3805063771123649,-0.36397895650964407,-0.4825132950224769,-0.388318718172466,-0.5485494024505281,-0.4124104415973873,-0.6747409422235526,-1.2490457723982544,-0.5404195002705842,-0.6747409422235526,2.896613990462929,2.1112158270654806,2.289626326416521,2.399645385583876,2.3191743743184148,0.0,0.0,0.0,0.0,0.0,0.0,0.0,0.0,0.0,0.0,0.0,-3.064820762320015,-3.0309354324158977,-2.8785979219088738,-2.988943325194528,-2.8809902618424523,-2.774418819771574,-2.840672419229368,-2.7672590375822095,-2.647651284670212,-2.746801533890032,-2.587285157388242,-2.4805494847391065,-2.473303234759209,-2.4186133001883023,-2.388441372627599,-2.356194490192345,-2.0899424410414196,-2.356194490192345,-2.601173153319209,-1.8157749899217608,-2.0701430484750265,-2.498091544796509,-2.356194490192345,0.4636476090008061,0.7853981633974483,0.3805063771123649
-0.5349550737860964,0.0,-2.8501358591119264,-3.0077816761152025,-2.5829933382462307,3.0940095503128098,2.79856871316909,-2.788602265762883,3.141592653589793,-2.819842099193151,2.9639964863063053,2.7343368055149466,2.747894429629769,2.643475943589479,2.819842099193151,2.7776136970801493,2.5127963671743605,2.3805798993650633,2.169215220273434,2.158798930342464,2.5535900500422257,-1.7681918866447774,-0.6146629519221655,-0.7853981633974483,-1.4219063791853994,-1.35970299357215,-0.973619668702219,0.0,0.0,0.0,0.0,0.0,0.0,0.0,0.0,0.0,0.0,0.0,1.7234456551901618,1.6252877830356278,1.6447353644528369,1.35970299357215,1.5011417530663285,1.446441332248135,1.5323537367737086,1.6738779353175968,1.7393932664043261,1.6162196062164735,1.6614562139956417,1.7524451567949086,1.378095568132511,1.6892862859530344,1.5707963267948966,1.6220334941983154,1.3086764855294237,2.498091544796509,2.9441970937399127,0.0,1.7928782287003768,2.214297435588181,0.35299038782691045,0.625485040239229,-2.7032560937318353,-2.2597207150097582
-0.32811989501530536,0.0,-2.701750070774057,-2.2584675828336263,-2.28385715965375,-2.936950843760015,-2.455863142683507,-2.5060069467652424,-2.7716865861332356,3.0727361642887487,-2.668686049926864,-2.9822410126858765,2.9788652789494123,-2.961739153797315,-3.1219873227325885,3.071938079861225,-2.860360451671498,-3.0309354324158977,2.969401839066854,-2.90604767286893,-2.746801533890032,2.999695598985629,-0.6747409422235526,-0.6747409422235526,0.0,-0.1470783553884025,0.07393903765794034,0.0,0.0,0.0,0.0,0.0,0.0,0.0,0.0,0.0,0.0,0.0,-0.2721458905311873,-0.26448838254923257,-0.10866121584058783,-0.07982998571223732,0.017542060057402487,0.018865686021670786,0.13381097747459075,0.22266094063636496,0.3217505543966422,0.3162861279121545,0.492485765871925,0.7568345055586884,0.625485040239229,0.6898000447336079,0.9629943306809362,0.6747409422235526,0.870903457075653,0.31362065221669827,0.5984188934785372,1.0882830317724197,-0.3217505543966422,2.5535900500422257,3.141592653589793,0.0,-1.9295669970654687,2.9147938055359073
3.141592653589793,0.0,0.7853981633974483,0.7853981633974483,3.141592653589793,3.141592653589793,1.9513027039072615,2.4149503129080676,-2.677945044588987,-3.058451421701352,-2.677945044588987,3.0890095919788516,2.4805494847391065,2.6971734436886945,2.9105019863938963,-2.9275319700259717,2.8555412118724752,2.896613990462929,-3.0419240010986313,-2.782821983319221,-2.5535900500422257,-2.498091544796509,-2.5672878234150915,-1.7359450042095235,-2.1451011569695986,-1.9100889412489412,-1.4056476493802699,0.0,0.0,0.0,0.0,0.0,0.0,0.0,0.0,0.0,0.0,0.0,2.62244653934327,2.1112158270654806,2.922923707715851,1.4711276743037347,0.6747409422235526,1.8692952583810758,0.7551044034786732,1.5707963267948966,0.668289418830584,0.8721365020734334,0.4636476090008061,0.625485040239229,0.8156919233162234,0.690446457054692,0.8960553845713439,0.8913825213870482,0.9467732738181398,0.5585993153435624,0.5585993153435624,0.6857295109062863,0.11487660541689913,0.6350267353903137,0.5880026035475675,0.6435011087932844,0.702256931509007,0.7597627548757708
0.3156156620387663,0.0,1.1525719972156676,0.17985349979247828,1.0516502125483738,2.677945044588987,0.0,2.356194490192345,2.158798930342464,2.356194490192345,2.0344439357957027,2.6992184306130484,2.5636907166275478,2.9105019863938963,2.609868586330988,3.0060649396042924,2.6292031932790554,2.485897027348257,2.9441970937399127,2.819842099193151,2.774418819771574,-2.8555412118724752,-3.0750244898139694,-2.455863142683507,-1.9974238199217726,-2.408777551803287,-2.5213431676069717,0.0,0.0,0.0,0.0,0.0,0.0,0.0,0.0,0.0,0.0,0.0,-2.961739153797315,-2.875340604438868,3.141592653589793,2.677945044588987,2.0899424410414196,1.7359450042095235,1.1441688336680205,1.9055331641117113,1.9974238199217726,1.7818896600176433,1.6207547225168393,1.5323537367737086,2.316215803069055,0.9272952180016122,1.9974238199217726,1.6078164426688266,1.446441332248135,1.4909663410826592,0.8884797719201485,1.1263771168937977,0.7853981633974483,1.3258176636680326,1.0074800653029286,0.507098504392337,1.1071487177940904,0.982793723247329
2.89288266449627,0.0,-2.5748634360662868,-2.677945044588987,-2.677945044588987,-1.6539375586833378,-1.3258176636680326,-0.6202494859828215,-0.7853981633974483,-1.2722973952087173,-0.8567056281827387,-0.43240777557053783,-0.4124104415973873,-0.5247957716501074,-0.6202494859828215,-0.4993467216801301,-0.09065988720074511,-0.3217505543966422,-0.16514867741462683,0.18534794999569476,0.0,0.5280744484263596,0.8960553845713439,0.844153986113171,1.4181469983996315,0.9097531579442097,1.2490457723982544,0.0,0.0,0.0,0.0,0.0,0.0,0.0,0.0,0.0,0.0,0.0,-1.460139105621001,-1.8157749899217608,-1.7126933813990606,-2.1224513093234436,-2.289626326416521,-2.0032041023654346,-2.214297435588181,-2.2655346029916,-2.7776136970801493,-2.4668517113662407,-2.4186133001883023,-2.356194490192345,-2.6078844619505315,-2.5948038127005457,-2.4106859464330763,-2.819842099193151,-2.7032560937318353,-2.766321830733836,-2.5722794624891314,-2.677945044588987,-2.90604767286893,-2.642245931909663,-2.692869309579072,-2.9516043656710775,-2.788602265762883,-2.7532739354173272
-0.8176450458327023,0.0,-0.40489178628508343,0.5191461142465229,1.4056476493802699,1.3521273809209546,1.97568811307998,1.7894652726688385,1.6475682180646747,2.0344439357957027,2.129395642138459,2.2455372690184494,2.498091544796509,2.1995926132103296,2.356194490192345,2.609868586330988,3.064820762320015,3.017237659043032,2.896613990462929,-3.0828368308740703,3.058451421701352,-2.8501358591119264,-2.774418819771574,-2.137525544318403,-2.0899424410414196,-2.158798930342464,-1.8157749899217608,0.0,0.0,0.0,0.0,0.0,0.0,0.0,0.0,0.0,0.0,0.0,2.129395642138459,0.7853981633974483,0.7853981633974483,1.2490457723982544,1.1071487177940904,0.6202494859828215,0.7853981633974483,0.6022873461349642,0.35877067027057225,0.4795192919925962,0.0,-0.12435499454676144,0.5585993153435624,0.1586552621864014,0.08550529367820464,-0.15037142800713454,0.0,-0.11942892601833845,0.48689923181126904,0.3392926144540447,0.2825549524695875,0.2551823906208184,-0.16514867741462683,0.047583103276983396,-0.14189705460416394,0.4636476090008061
-2.825976991551027,0.0,-2.5535900500422257,-3.024483909022929,2.904743892642873,-3.0845118711835284,-3.0560873599115888,-3.0090411212931194,3.0750244898139694,-3.0451188784072065,3.1016139664665032,2.8864102629689747,3.0419240010986313,3.0750244898139694,3.099950074491205,2.7187387274568526,2.9340964271545906,2.976443976175166,2.677945044588987,2.819842099193151,2.4668517113662407,-2.677945044588987,2.356194490192345,-0.7853981633974483,-0.8621700546672264,-0.4266274931268761,-0.6947382761967031,0.0,0.0,0.0,0.0,0.0,0.0,0.0,0.0,0.0,0.0,0.0,0.05258306161094172,0.047583103276983396,-0.09966865249116202,0.04345089539153084,0.09966865249116202,0.21406068356382152,0.22347660114063303,0.29544083714372,0.39852244566642026,0.4423742229767449,0.48689923181126904,0.6823165548747481,0.5585993153435624,0.628796286415433,0.6202494859828215,1.0516502125483738,1.1071487177940904,0.5880026035475675,0.982793723247329,0.8960553845713439,-1.5707963267948966,2.677945044588987,1.0303768265243125,-1.8157749899217608,2.642245931909663,3.079173843593836
3.141592653589793,0.0,1.7681918866447774,1.5707963267948966,1.5707963267948966,1.3258176636680326,1.2490457723982544,1.208252089530389,1.2397002500907646,1.047518004662921,1.1071487177940904,1.0405805540182667,0.9575889779203873,1.0358412530088001,0.9629943306809362,0.8818719385800352,0.7853981633974483,0.6202494859828215,1.042721878368537,0.7188299996216245,0.8960553845713439,1.892546881191539,3.141592653589793,-2.214297435588181,-2.498091544796509,-2.5360479899848234,-2.5829933382462307,0.0,0.0,0.0,0.0,0.0,0.0,0.0,0.0,0.0,0.0,0.0,-1.6064954394742206,-1.4940244355251187,-1.4513674007765582,-1.380808038876181,-1.4121410646084953,-1.2870022175865687,-1.2490457723982544,-1.2722973952087173,-1.2360594894780819,-1.2220253232109897,-1.1410340476982082,-0.9272952180016122,-1.0863183977578734,-0.8567056281827387,-0.8960553845713439,-0.9151007005533605,-0.628796286415433,-0.7086262721276703,-1.0303768265243125,-0.6747409422235526,-0.24497866312686414,1.7681918866447774,0.9272952180016122,1.9513027039072615,1.4876550949064553,1.8622531212727638
-0.32811989501530536,0.0,2.8632929945846817,2.8879185574511506,2.691833040519954,2.729182211992406,2.746801533890032,2.6374266921106404,2.642245931909663,2.455863142683507,2.396173177315635,2.432966381462123,2.4668517113662407,2.3373288041706743,2.312743594800814,2.2502101322027452,2.191045812777718,2.289626326416521,2.279422598922567,2.714965160462917,2.279422598922567,3.141592653589793,-2.356194490192345,-1.4940244355251187,-1.1902899496825317,-1.35970299357215,-1.373400766945016,0.0,0.0,0.0,0.0,0.0,0.0,0.0,0.0,0.0,0.0,0.0,-0.5467888408892474,-0.3671738338182192,-0.44610554894340365,-0.3430239404207034,-0.1470783553884025,-0.4636476090008061,-0.13255153229667402,-0.1460122577112754,-0.060532019782107135,0.0,0.28379410920832787,0.2914567944778671,0.4636476090008061,0.4636476090008061,0.05549850524571683,0.39852244566642026,0.6055446636049701,0.43240777557053783,-0.09966865249116202,0.0,0.5880026035475675,1.2490457723982544,-1.8157749899217608,2.819842099193151,2.746801533890032,3.141592653589793
-0.1253239864915465,0.0,-2.7928216500058864,-2.62244653934327,-2.7091848780192556,-2.723368324010564,-2.5722794624891314,-2.8890383778117337,-3.0209689850096906,-2.838707785214822,-2.8674252024701343,-2.995580395878518,3.0845118711835284,3.0845118711835284,3.141592653589793,-3.099950074491205,3.067653615931853,3.141592653589793,2.677945044588987,-3.0750244898139694,3.141592653589793,3.141592653589793,-0.4636476090008061,-0.5404195002705842,-0.348771003583907,-0.3947911196997615,-0.09065988720074511,0.0,0.0,0.0,0.0,0.0,0.0,0.0,0.0,0.0,0.0,0.0,0.17219081452293902,0.2730087030867106,0.4266274931268761,0.3217505543966422,0.2662520491509254,0.5880026035475675,0.5337081916392615,0.5144513130590278,0.628796286415433,0.9197196053504169,0.625485040239229,0.9272952180016122,0.8478169733934057,1.0863183977578734,0.9151007005533605,1.2120256565243244,0.7853981633974483,1.3258176636680326,0.982793723247329,0.14189705460416394,1.7681918866447774,1.4056476493802699,-2.44685437739309,-2.498091544796509,-2.498091544796509,-2.356194490192345
-0.6420041039235358,0.0,-1.1525719972156676,-1.1824776086224307,-1.0040671092713902,-1.1071487177940904,-1.1839206090638685,-1.2120256565243244,-1.2924966677897853,-1.2587542052323633,-1.346085158380254,-1.3397056595989996,-1.5102643070127895,-1.4501726582147938,-1.5350972141155728,-1.5707963267948966,-1.5323537367737086,-1.6262948320406134,-1.4288992721907328,-1.6814535479687922,-1.3258176636680326,-0.9272952180016122,0.7853981633974483,1.2924966677897853,1.2490457723982544,1.1071487177940904,1.042721878368537,0.0,0.0,0.0,0.0,0.0,0.0,0.0,0.0,0.0,0.0,0.0,2.1112158270654806,2.104504518434158,2.158798930342464,2.125103822996448,2.2706891965141405,2.461071428922579,2.498091544796509,2.5065659181994793,2.6311043316730176,2.505084437801842,2.4668517113662407,2.7367008673047097,2.6078844619505315,2.9105019863938963,2.5672878234150915,2.704965493776252,3.070285188804503,2.999695598985629,2.7367008673047097,-2.356194490192345,-2.498091544796509,-0.7853981633974483,-2.0344439357957027,-0.8760580505981934,-1.3521273809209546,-1.1902899496825317
-0.32811989501530536,0.0,-0.9561333748727311,-0.982793723247329,-1.1839206090638685,-1.1659045405098132,-1.0768549578753155,-1.1659045405098132,-1.2847448850775784,-1.2120256565243244,-1.3677511095414314,-1.3487144248894165,-1.4801364395941514,-1.4743225516123097,-1.3854483767992019,-1.5707963267948966,-1.5308176396716067,-1.5152978215491797,-1.642103791580187,-1.0636978224025597,-0.8760580505981934,-0.3805063771123649,1.1071487177940904,0.9272952180016122,1.373400766945016,0.982793723247329,1.5707963267948966,0.0,0.0,0.0,0.0,0.0,0.0,0.0,0.0,0.0,0.0,0.0,2.32590073027357,2.587285157388242,2.5175696006130366,2.461071428922579,2.6311043316730176,2.6135182051634334,2.782821983319221,2.62244653934327,2.843093722003614,2.831889709047337,2.7776136970801493,2.7686049317897323,2.984990776607778,2.9275319700259717,3.141592653589793,2.896613990462929,2.896613990462929,3.141592653589793,-2.7367008673047097,-2.677945044588987,-1.5707963267948966,-2.0344439357957027,-1.1071487177940904,-0.5880026035475675,-0.5880026035475675,-1.0191413442663497
-2.825976991551027,0.0,-0.6610431688506869,-0.628796286415433,-0.4636476090008061,-0.6435011087932844,-1.0164888305933455,-0.9342881110069455,-0.8850668158886104,-0.83798122500839,-1.015302591529353,-1.0014831356942346,-1.176005207095135,-1.1210367137250576,-1.2120256565243244,-1.176005207095135,-1.3045442776439713,-0.9652516631899266,-1.1071487177940904,-1.2490457723982544,-1.3258176636680326,0.16514867741462683,1.7681918866447774,1.8157749899217608,1.7681918866447774,1.892546881191539,1.6183794300718801,0.0,0.0,0.0,0.0,0.0,0.0,0.0,0.0,0.0,0.0,0.0,2.5088438185876103,2.498091544796509,2.4805494847391065,2.498091544796509,2.6971734436886945,2.8068558162729786,2.642245931909663,2.642245931909663,2.7928216500058864,2.642245931909663,2.62244653934327,2.922923707715851,3.079173843593836,-2.0852476398539244,2.539305307454829,-2.9340964271545906,3.0309354324158977,3.141592653589793,-2.922923707715851,2.819842099193151,-2.922923707715851,-1.4056476493802699,-1.3258176636680326,-1.1071487177940904,-0.4182243295792291,-0.3947911196997615
0.0,0.0,-1.9295669970654687,-2.0812846487116725,-2.0812846487116725,-2.0344439357957027,-2.187987718335259,-2.2455372690184494,-2.241317884775446,-2.356194490192345,-2.2455372690184494,-2.3386524301349425,-2.2848870254070546,-2.5535900500422257,-2.510513266118464,-2.5444159954971157,-2.5337906574758327,-2.498091544796509,-2.4756234162106834,-2.5748634360662868,-1.892546881191539,-1.7681918866447774,0.0,0.6747409422235526,0.16514867741462683,0.5280744484263596,0.4636476090008061,0.0,0.0,0.0,0.0,0.0,0.0,0.0,0.0,0.0,0.0,0.0,1.0370881351556351,1.0370881351556351,1.1071487177940904,1.1410340476982082,1.0789871508061981,1.2160906747839564,1.2827408797442708,1.35970299357215,1.35970299357215,1.4382447944982226,1.6704649792860586,1.6539375586833378,1.690225252813235,1.727398203776912,1.892546881191539,1.5152978215491797,1.5707963267948966,1.7454685258031364,2.2318394956455836,2.2655346029916,2.158798930342464,3.141592653589793,-2.0344439357957027,-1.8157749899217608,-1.9195673303788037,-1.892546881191539
2.89288266449627,0.0,-2.5672878234150915,-2.601173153319209,-2.601173153319209,-2.6632402222111358,-2.6632402222111358,-2.649783477601095,-2.8473580884786056,-2.8828217616260954,-2.8037144653495147,-2.938547436336328,-2.971814379621455,-2.8890383778117337,-2.964883797519757,-3.067653615931853,-3.064820762320015,-3.0090411212931194,3.141592653589793,3.141592653589793,-2.976443976175166,-2.214297435588181,-0.24497866312686414,-0.4636476090008061,-0.2914567944778671,-0.27829965900511133,-0.14189705460416394,0.0,0.0,0.0,0.0,0.0,0.0,0.0,0.0,0.0,0.0,0.0,0.4636476090008061,0.4636476090008061,0.5404195002705842,0.4636476090008061,0.6202494859828215,0.6747409422235526,0.6998928697192437,0.6510767214444798,0.7853981633974483,0.7298996581517315,0.8818719385800352,1.0303768265243125,1.1071487177940904,0.8818719385800352,1.1341691669813554,0.9652516631899266,1.4876550949064553,1.3909428270024184,1.1659045405098132,1.5707963267948966,2.356194490192345,2.5535900500422257,-2.677945044588987,-2.976443976175166,-2.6344941491974563,-2.79856871316909
-0.8176450458327023,0.0,1.6614562139956417,1.7063240407803975,1.4677147182721964,1.4968572891369563,1.3854483767992019,1.3909428270024184,1.366778347202348,1.4010180528265581,1.3854483767992019,1.201462669121271,1.2966288756752378,1.2277723863741932,1.176005207095135,1.1902899496825317,1.1902899496825317,1.0584068664841588,1.2036224929766774,1.0121970114513341,1.849095985800008,-2.677945044588987,-1.5707963267948966,-2.356194490192345,-2.289626326416521,-2.408777551803287,-2.2655346029916,0.0,0.0,0.0,0.0,0.0,0.0,0.0,0.0,0.0,0.0,0.0,-1.717874682183299,-1.7429871413178357,-1.6539375586833378,-1.7234456551901618,-1.460139105621001,-1.5337762109209665,-1.4513674007765582,-1.297787623708186,-1.3258176636680326,-1.2924966677897853,-1.2360594894780819,-1.2924966677897853,-1.1309537439791604,-0.9964914966201949,-1.1071487177940904,-0.8329812666744317,-0.982793723247329,-0.9505468408120752,-0.8960553845713439,-1.373400766945016,-1.5707963267948966,0.3217505543966422,2.498091544796509,1.7126933813990606,1.6704649792860586,1.9195673303788037
2.5337906574758327,0.0,0.24497866312686414,1.4288992721907328,-2.289626326416521,1.8157749899217608,2.819842099193151,2.256525837701183,2.279422598922567,2.214297435588181,2.677945044588987,2.498091544796509,3.141592653589793,2.896613990462929,2.543173760111256,3.141592653589793,2.451146196535101,3.099950074491205,3.141592653589793,-2.969401839066854,-2.662073361597197,-2.7187387274568526,-2.498091544796509,-2.746801533890032,-1.1902899496825317,-2.060753653048625,-1.6262948320406134,0.0,0.0,0.0,0.0,0.0,0.0,0.0,0.0,0.0,0.0,0.0,2.4668517113662407,2.279422598922567,1.7429871413178357,1.5707963267948966,1.7359450042095235,1.7561442767905915,2.922923707715851,1.3370531459259951,1.2610933822524404,1.4000611153196139,2.2455372690184494,0.8760580505981934,0.6000502134017536,0.9197196053504169,0.6055446636049701,0.7399748839758713,0.6310793874713293,0.5349550737860964,0.40187064744045653,0.4475199751571699,0.5554937352655436,0.6696389456766376,0.6747409422235526,0.3906070436976868,0.7483780475235183,0.7568345055586884
1.6745886672519394,0.0,-1.892546881191539,-1.9195673303788037,-1.9513027039072615,-1.892546881191539,-2.1224513093234436,-2.0724003809840172,-2.09686274579166,-2.289626326416521,-2.2404352724715344,-2.356194490192345,-2.419937802725032,-2.4061528859142878,-2.432966381462123,-2.601173153319209,-2.459276098715045,-2.356194490192345,-2.356194490192345,-2.677945044588987,-2.819842099193151,0.7853981633974483,0.6747409422235526,0.9272952180016122,0.7086262721276703,0.982793723247329,0.6202494859828215,0.0,0.0,0.0,0.0,0.0,0.0,0.0,0.0,0.0,0.0,0.0,0.3097029445424562,0.5144513130590278,0.5337081916392615,0.6107259643892086,0.7266423406817256,0.7853981633974483,0.9342881110069455,0.8850668158886104,1.0636978224025597,1.2753554896511765,1.2610933822524404,1.2252407462131845,1.3352513460740332,1.3258176636680326,1.5208379310729538,1.5182132651839548,1.4994888620096063,1.2490457723982544,1.373400766945016,0.7853981633974483,2.356194490192345,1.5707963267948966,-1.5707963267948966,-1.1659045405098132,-1.2036224929766774,-2.0032041023654346
-0.32811989501530536,0.0,2.455863142683507,2.4149503129080676,2.1341125882868646,2.2058230621852104,2.0852476398539244,2.0054665419441413,1.97568811307998,1.9138202672156,1.8804992713373527,1.9379701606131159,1.7234456551901618,1.729451588981298,1.6124389058934852,1.5182132651839548,1.4536875822280324,1.7818896600176433,1.373400766945016,1.4056476493802699,0.7853981633974483,-0.7853981633974483,-1.373400766945016,-1.4056476493802699,-1.4940244355251187,-1.4876550949064553,-1.7681918866447774,0.0,0.0,0.0,0.0,0.0,0.0,0.0,0.0,0.0,0.0,0.0,-1.5707963267948966,-1.3156139361740782,-1.373400766945016,-1.2610933822524404,-1.2610933822524404,-1.1383885512243588,-0.982793723247329,-1.1361261116456518,-0.8519663271732721,-1.0516502125483738,-0.982793723247329,-0.6435011087932844,-0.6146629519221655,-0.8567056281827387,-0.5317240672588056,-0.6556956262415362,-0.5880026035475675,-0.6435011087932844,-0.9272952180016122,-1.2490457723982544,0.0,1.892546881191539,-2.8632929945846817,2.677945044588987,2.819842099193151,2.5360479899848234
-0.32811989501530536,0.0,2.7187387274568526,2.8632929945846817,2.714965160462917,2.774418819771574,2.729182211992406,2.5337906574758327,2.5625183842220625,2.436024475904582,2.289626326416521,2.3291740410050803,2.356194490192345,2.2502101322027452,2.408777551803287,2.4186133001883023,1.892546881191539,1.695151321341658,1.9974238199217726,2.158798930342464,1.8157749899217608,0.5880026035475675,-0.9272952180016122,-1.2490457723982544,-1.1071487177940904,-1.1525719972156676,-1.0222469243443686,0.0,0.0,0.0,0.0,0.0,0.0,0.0,0.0,0.0,0.0,0.0,-0.9357695914045828,-0.8139618212362083,-0.8408966686431651,-0.7328151017865066,-0.7157435896688801,-0.5280744484263596,-0.43240777557053783,-0.4636476090008061,-0.49394136891958124,-0.23684876094692026,-0.15264932839526515,-0.17985349979247828,-0.09966865249116202,0.0,-0.24497866312686414,0.04542327942157701,-0.14189705460416394,0.12435499454676144,0.0,-1.1071487177940904,0.12435499454676144,-2.0344439357957027,-0.7853981633974483,2.279422598922567,2.714965160462917,2.976443976175166
-1.3492675221781487,0.0,1.2793395323170296,-0.4636476090008061,1.849095985800008,1.373400766945016,1.6814535479687922,2.5748634360662868,2.843093722003614,2.9105019863938963,2.5213431676069717,2.723368324010564,2.704965493776252,2.7367008673047097,2.8632929945846817,2.9275319700259717,3.141592653589793,-3.011890116433881,-2.8632929945846817,-3.0828368308740703,-2.4227626539681686,-2.539305307454829,-2.356194490192345,-2.2455372690184494,-1.9513027039072615,-1.5707963267948966,-1.7234456551901618,0.0,0.0,0.0,0.0,0.0,0.0,0.0,0.0,0.0,0.0,0.0,2.6344941491974563,2.6344941491974563,1.892546881191539,1.9614033704925835,1.1525719972156676,1.3521273809209546,1.4056476493802699,1.3439974787410107,1.1659045405098132,1.0882830317724197,1.0164888305933455,0.9397169393235674,0.8550527371260165,0.6556956262415362,0.7853981633974483,0.7437555842988599,0.7853981633974483,0.6310793874713293,0.6240230529767569,0.5880026035475675,0.8156919233162234,0.6747409422235526,0.722979353401491,0.7583777142101835,0.8478169733934057,0.6000502134017536
2.998434565606144,0.0,3.017237659043032,-2.5748634360662868,-2.158798930342464,3.058451421701352,-1.5707963267948966,-1.5707963267948966,-1.2220253232109897,-1.3258176636680326,-0.982793723247329,-1.5707963267948966,-0.9964914966201949,-1.5707963267948966,-1.208252089530389,-1.2587542052323633,-1.0370881351556351,-1.1525719972156676,-1.0222469243443686,-0.8818719385800352,-0.7483780475235183,-0.6823165548747481,-0.6202494859828215,-0.3217505543966422,0.27829965900511133,0.3430239404207034,0.4182243295792291,0.0,0.0,0.0,0.0,0.0,0.0,0.0,0.0,0.0,0.0,0.0,-1.1071487177940904,-1.5707963267948966,-1.695151321341658,-1.8157749899217608,-2.4149503129080676,-2.158798930342464,-2.432966381462123,-2.44685437739309,-2.5829933382462307,-2.907849472720892,-2.7901478595862415,-2.677945044588987,-2.872425160804093,-2.8473580884786056,-2.9912212255826587,-3.111298893671018,3.141592653589793,-2.988943325194528,-3.0928508022798615,2.912360720312798,-2.896613990462929,3.0090411212931194,2.999695598985629,3.0940095503128098,2.6344941491974563,-2.9533711482850227
-2.38648825011112,0.0,-0.3217505543966422,0.7266423406817256,1.4288992721907328,3.141592653589793,2.0344439357957027,1.892546881191539,2.761086276477428,2.0032041023654346,2.356194490192345,2.05527425583192,2.2058230621852104,2.356194490192345,2.312743594800814,2.356194490192345,2.356194490192345,2.7686049317897323,2.761086276477428,3.050932766389048,3.0860941483440762,-3.0940095503128098,-2.729182211992406,-2.819842099193151,-2.356194490192345,-2.843093722003614,-2.289626326416521,0.0,0.0,0.0,0.0,0.0,0.0,0.0,0.0,0.0,0.0,0.0,2.5213431676069717,2.129395642138459,1.9195673303788037,2.498091544796509,1.4711276743037347,1.396124127786657,1.1583858851975093,1.1263771168937977,0.8902751021276822,0.7266423406817256,1.047518004662921,0.8110335719191258,0.8902751021276822,0.668289418830584,0.7354397676755056,0.6857295109062863,0.5880026035475675,0.47835243137865757,0.4514530915525543,0.348771003583907,0.3625442372645076,0.10308160852270024,0.2551823906208184,0.4899573262537283,0.1767088560700366,0.4844779290370232
0.3156156620387663,0.0,1.460139105621001,-1.1071487177940904,-0.3217505543966422,2.5213431676069717,-0.24497866312686414,1.5707963267948966,1.4711276743037347,1.35970299357215,1.2753554896511765,1.6373644905707205,2.0576955586061656,1.5042281630190728,1.7429871413178357,1.9936502529278373,2.14717154738608,2.1341125882868646,2.0576955586061656,2.095592098445004,2.323947607757091,2.677945044588987,2.158798930342464,2.651635327336065,2.158798930342464,-2.9441970937399127,3.050932766389048,0.0,0.0,0.0,0.0,0.0,0.0,0.0,0.0,0.0,0.0,0.0,1.4994888620096063,2.601173153319209,2.356194490192345,1.4940244355251187,0.6435011087932844,0.8621700546672264,0.8760580505981934,1.1659045405098132,0.7509290623979403,0.16514867741462683,0.29544083714372,-0.3217505543966422,0.17985349979247828,0.20401797959254858,0.13255153229667402,0.0688564893010446,0.21866894587394195,0.18534794999569476,0.06241880999595735,-0.12435499454676144,0.0,0.24497866312686414,-0.6857295109062863,-0.047583103276983396,-0.18822150530477075,-0.7531512809621944
-0.32811989501530536,0.0,-0.35299038782691045,-0.5028432109278608,-0.6146629519221655,-0.6435011087932844,-0.8124186125847132,-1.0164888305933455,-0.7631795980707292,-0.65788860518221,-0.690446457054692,-0.7157435896688801,-0.901157381118259,-1.2490457723982544,-0.7328151017865066,-0.6857295109062863,-1.0516502125483738,-0.7266423406817256,-1.299849476456476,-1.892546881191539,-1.8157749899217608,-2.129395642138459,2.0344439357957027,2.214297435588181,1.7681918866447774,2.5748634360662868,2.4149503129080676,0.0,0.0,0.0,0.0,0.0,0.0,0.0,0.0,0.0,0.0,0.0,1.5707963267948966,1.6575346654708818,1.856847768512215,1.7782925532300993,1.80634130751576,2.498091544796509,1.6657480331376529,1.8766751981997487,2.4416997838705496,2.677945044588987,2.5829933382462307,2.761086276477428,2.5415424401880395,2.896613990462929,2.393214606066275,-2.9275319700259717,3.0419240010986313,3.046640947247037,3.079173843593836,2.782821983319221,-1.8157749899217608,-0.8760580505981934,-2.677945044588987,-0.7853981633974483,-0.6659692373791098,-1.0808390005411683
-0.32811989501530536,0.0,0.17219081452293902,0.14888994760949725,0.20902294280626463,0.0,0.04345089539153084,-0.15264932839526515,-0.22923193327699534,-0.047583103276983396,-0.11710874456686428,-0.36397895650964407,-0.4514530915525543,-0.2536740961386427,-0.36397895650964407,-0.3805063771123649,-1.0808390005411683,-0.8156919233162234,-0.4636476090008061,0.40489178628508343,-0.5585993153435624,0.6747409422235526,1.5707963267948966,-2.62244653934327,1.849095985800008,2.214297435588181,2.4227626539681686,0.0,0.0,0.0,0.0,0.0,0.0,0.0,0.0,0.0,0.0,0.0,-3.107123552590285,3.024483909022929,2.9441970937399127,3.0981417581982624,-3.058451421701352,-3.096169374168216,-3.0221637275714546,-2.9275319700259717,-2.651635327336065,3.141592653589793,-2.3305590816706676,-2.6292031932790554,-2.4805494847391065,-1.8438050298816073,-2.872425160804093,-2.327630832353585,3.141592653589793,-1.5083775167989393,-1.5707963267948966,-2.819842099193151,-1.2793395323170296,0.27829965900511133,0.4993467216801301,-1.1659045405098132,0.4636476090008061,0.3430239404207034
-2.38648825011112,0.0,1.9451299428024806,1.7975951748487824,1.9513027039072615,1.8804992713373527,1.849095985800008,1.7483924940783846,1.804539507663798,1.4382447944982226,1.4659193880646628,1.6001996149989017,1.492012365805753,1.9195673303788037,1.5374753309166493,1.4010180528265581,1.690225252813235,1.1263771168937977,1.8018869939907938,0.507098504392337,-0.3217505543966422,1.6704649792860586,-1.2490457723982544,-2.158798930342464,-2.0899424410414196,-2.0831857871056343,-1.7234456551901618,0.0,0.0,0.0,0.0,0.0,0.0,0.0,0.0,0.0,0.0,0.0,-2.000558605891585,-2.3291740410050803,-1.9974238199217726,-2.223642957895671,-1.9074711461816238,-1.7681918866447774,-1.8244704229335393,-1.6313283465770037,-1.7748143063874453,-1.3554386270971586,-1.477319545636307,-1.6078164426688266,-1.6657480331376529,-1.4056476493802699,-1.0636978224025597,-1.5707963267948966,-1.1525719972156676,-0.8253768505207384,-1.4056476493802699,2.782821983319221,-0.8850668158886104,-2.0344439357957027,-2.8706458032513726,1.5707963267948966,1.373400766945016,1.7975951748487824
-0.5349550737860964,0.0,2.4487131113119918,2.455863142683507,2.309716358841342,2.5809056586069876,2.5275736165818525,2.068139043141719,2.2178435200152196,2.0032041023654346,2.513963227788299,2.309716358841342,1.8669114726698612,1.9922155336827008,1.8778420588136875,1.7126933813990606,2.1833338834052,2.187987718335259,2.0852476398539244,2.279422598922567,1.8157749899217608,2.4668517113662407,-1.6814535479687922,-1.6539375586833378,-1.1525719972156676,-1.356735643231075,-1.2360594894780819,0.0,0.0,0.0,0.0,0.0,0.0,0.0,0.0,0.0,0.0,0.0,-0.9318823417910095,-1.16892567935444,-0.9197196053504169,-1.059565614517107,-0.8985491449879328,-0.75415832996718,-0.6327488350021832,-0.6747409422235526,-0.5036262961240962,-0.348771003583907,-0.21109333322274654,-0.20539538918976738,-0.13909594148207133,-0.12435499454676144,-0.10768987083282068,-0.06442683942555355,0.30587887140485215,-0.5554937352655436,-0.8198672643969563,0.22679884805388587,-0.7266423406817256,-3.0750244898139694,-2.539305307454829,2.774418819771574,-2.432966381462123,3.017237659043032
-2.38648825011112,0.0,1.5576391913221408,2.1025203940537023,2.184003675669406,1.6567906179891374,2.0503156187874927,1.7709773947607852,1.6888883552139906,1.6396528160959412,1.7894652726688385,1.501939837493852,1.1790963873574725,1.373400766945016,1.7088023504524161,1.0303768265243125,1.2120256565243244,1.35970299357215,1.2966288756752378,1.6614562139956417,1.0303768265243125,1.8157749899217608,1.9890206563741257,-1.7681918866447774,-1.8337910584758161,-2.297438667476622,-2.167972984887574,0.0,0.0,0.0,0.0,0.0,0.0,0.0,0.0,0.0,0.0,0.0,-1.8212394164062484,-1.8778420588136875,-1.5707963267948966,-1.5904016576521014,-1.7094360639290547,-1.5323537367737086,-1.4694498235292288,-1.3694792184202558,-1.4527042983758027,-1.0756630633264925,-1.1902899496825317,-1.0969449903001363,-1.0743735733900148,-1.1626472230398073,-1.313472611823808,-0.8850668158886104,-0.5585993153435624,-1.1606689862534056,-0.628796286415433,-0.7853981633974483,-1.7894652726688385,2.677945044588987,1.2490457723982544,2.819842099193151,1.6220334941983154,1.5083775167989393
-1.3492675221781487,0.0,2.3145519110937567,2.123637548387436,2.443351764746628,2.648541756384982,2.3476476897597336,2.5712093719398514,2.117585167684144,1.7234456551901618,1.6601103197881188,1.9231050514690384,1.7544186529641768,1.9605048981377624,1.8157749899217608,1.727398203776912,2.0831857871056343,1.5707963267948966,1.8622531212727638,1.7004988639508087,1.7894652726688385,-2.930499320367047,-2.677945044588987,-1.3101939350475555,-1.2679114584199251,-1.6092389168160846,-1.1525719972156676,0.0,0.0,0.0,0.0,0.0,0.0,0.0,0.0,0.0,0.0,0.0,-1.5503909961083586,-1.6195381781048281,-1.4259838285559576,-1.3481353861585317,-1.1978086049948355,-1.0978897231319673,-1.3258176636680326,-1.0729739941778955,-0.7483780475235183,-0.7419472680059175,-0.882651361649014,-0.6647744948173456,-0.7008544078844502,-0.9324765187858508,-0.2984989315861793,-0.48088728019533583,-0.6947382761967031,-1.217805938967986,-0.8139618212362083,-2.642245931909663,-1.695151321341658,-3.0090411212931194,1.892546881191539,2.3191743743184148,2.502678668585906,2.2455372690184494
-2.38648825011112,0.0,-2.7728967509317433,-2.2917676507667912,-2.1164513813218884,-1.7681918866447774,-2.1311562036997396,-2.0807683864963096,-2.1674567226722115,-2.289626326416521,-2.3774678762164063,-2.3100733741778336,-2.476489967120299,-2.05527425583192,-2.252402149735302,-2.4805494847391065,-2.5468333961064404,-2.524401262049431,-2.498091544796509,-2.578276392097825,-2.0701430484750265,-2.677945044588987,1.892546881191539,0.0,0.5880026035475675,0.7551044034786732,0.8884797719201485,0.0,0.0,0.0,0.0,0.0,0.0,0.0,0.0,0.0,0.0,0.0,0.4076315054576269,0.2914567944778671,0.483447001567199,0.6393859056861729,0.73139666302148,0.6747409422235526,0.6246354227716135,0.8960553845713439,0.9229848998677982,0.9884433806509134,1.0636978224025597,1.2341215074081695,1.3370531459259951,1.5413930385908916,1.2571756745781983,1.4352686128093959,1.5707963267948966,1.5707963267948966,1.6124389058934852,0.7853981633974483,0.8621700546672264,1.9513027039072615,-0.4636476090008061,-0.8850668158886104,-1.1273479903751584,-2.2286849319771065
-0.32811989501530536,0.0,-2.025515601615866,-2.4775464907631086,-2.046865657117658,-2.487021886266402,-2.72651791989512,-2.6527402992620455,-2.677945044588987,-2.81543684134634,-2.941599696983612,-2.921343930199104,-3.050932766389048,3.1243529823952634,3.09511452223879,2.8141924417895665,2.976443976175166,-3.048115872431204,-2.958481836327309,2.8555412118724752,3.017237659043032,3.141592653589793,0.8960553845713439,0.14189705460416394,-0.5191461142465229,-0.21866894587394195,0.07677189126977804,0.0,0.0,0.0,0.0,0.0,0.0,0.0,0.0,0.0,0.0,0.0,0.27829965900511133,0.14481249823893905,0.18394345653717517,0.3156156620387663,0.38752380578027884,0.376909270324821,0.5404195002705842,0.5933501461567182,0.6593100683328579,0.7727406115633964,0.7061990924279968,0.9129077216126865,0.798730706691594,1.085174233497428,0.7853981633974483,0.9151007005533605,0.9944211062037129,1.7033478590915707,0.12435499454676144,0.0,1.4056476493802699,-1.9195673303788037,-2.524401262049431,-2.356194490192345,-2.2455372690184494,-1.873681195169868
2.998434565606144,0.0,-0.5543074962015512,-0.25732371497108864,-1.1635404787200498,-0.7032306410357483,-1.1626472230398073,-0.7266423406817256,-0.8621700546672264,-0.995724037062506,-0.940992991374478,-0.982793723247329,-0.8190932707434646,-1.346085158380254,-1.2368512549500026,-1.1071487177940904,-1.2442148921042782,-1.1341691669813554,-1.09432890732119,-0.5028432109278608,-1.9890206563741257,-0.4636476090008061,1.4056476493802699,2.4227626539681686,2.4227626539681686,2.158798930342464,2.0344439357957027,0.0,0.0,0.0,0.0,0.0,0.0,0.0,0.0,0.0,0.0,0.0,1.8797270707186382,1.7894652726688385,1.9379701606131159,2.1815222911841055,2.0852476398539244,2.2024869611338658,2.234842489621581,2.2605963715285045,2.3151217116018907,2.6690957180727293,2.636302465490399,2.646459390121389,2.6078844619505315,2.819842099193151,2.8822609091891085,2.761086276477428,2.642245931909663,2.741351996555819,3.141592653589793,2.701750070774057,-0.14189705460416394,-0.5880026035475675,-0.39852244566642026,0.260602391747341,-0.4444192099010989,-0.8760580505981934
-2.38648825011112,0.0,-1.8438050298816073,-1.590793660768047,-2.068139043141719,-2.0416901857756,-2.2856049003734715,-1.9731174246553373,-2.292451177659658,-1.7577755967138078,-2.2058230621852104,-2.378917851033986,-2.385312471699384,-2.088083707122518,-2.298786375555545,-2.0798672152172797,-2.1662062022736293,-2.429235055495464,-2.5269297016676275,-2.2655346029916,-2.0344439357957027,-2.6135182051634334,1.460139105621001,0.7853981633974483,1.1309537439791604,0.7853981633974483,0.7853981633974483,0.0,0.0,0.0,0.0,0.0,0.0,0.0,0.0,0.0,0.0,0.0,1.1383885512243588,0.982793723247329,1.1824776086224307,1.1938870564700756,1.2679114584199251,1.2490457723982544,1.373400766945016,1.5163048705541655,1.503103304100928,1.6724851785579737,1.717874682183299,1.7285650643908506,1.6704649792860586,1.9956284897142391,1.8692952583810758,1.979704155745822,2.427501954977635,1.849095985800008,1.4056476493802699,-2.44685437739309,0.21866894587394195,-0.9179496956941223,-2.451146196535101,-2.0778948311872334,-1.5405025668761214,-1.6262948320406134
-0.5349550737860964,0.0,-0.7853981633974483,-0.2914567944778671,1.1902899496825317,-0.3217505543966422,0.5880026035475675,0.4636476090008061,1.1525719972156676,1.1071487177940904,2.0516836069902324,1.3101939350475555,0.982793723247329,1.6704649792860586,1.2341215074081695,1.8157749899217608,1.3156139361740782,1.9591150449673627,1.784857010358718,2.1193457292454245,2.9441970937399127,2.0831857871056343,2.356194490192345,2.896613990462929,2.782821983319221,-2.5535900500422257,-2.896613990462929,0.0,0.0,0.0,0.0,0.0,0.0,0.0,0.0,0.0,0.0,0.0,0.4266274931268761,-0.9505468408120752,0.8760580505981934,0.5404195002705842,-0.348771003583907,-0.9048270894157867,-0.6435011087932844,-0.43662715981354133,-1.382574821490126,-0.48088728019533583,-0.9467732738181398,-0.8593372010553887,-1.3838170568759856,-0.9964914966201949,-0.5191461142465229,-1.039072259536091,-0.5880026035475675,-0.9097531579442097,-1.1071487177940904,-0.8124186125847132,-1.2160906747839564,-0.9994588469612699,-1.299849476456476,-1.1583858851975093,-1.2277723863741932,-0.3217505543966422
0.3156156620387663,0.0,-1.97568811307998,-1.5707963267948966,-0.7853981633974483,-2.432966381462123,-1.3909428270024184,-1.3521273809209546,-0.714090698612158,0.19739555984988075,-0.7509290623979403,-0.7086262721276703,-0.2551823906208184,-0.24497866312686414,-0.20749622643520266,-0.14189705460416394,-0.40489178628508343,-0.23109066719589708,-0.39852244566642026,-0.11065722117389565,0.4636476090008061,0.14888994760949725,0.24497866312686414,0.8960553845713439,0.8329812666744317,0.8519663271732721,1.1902899496825317,0.0,0.0,0.0,0.0,0.0,0.0,0.0,0.0,0.0,0.0,0.0,0.8621700546672264,0.2662520491509254,0.5585993153435624,-0.11065722117389565,-0.4636476090008061,-0.43240777557053783,-0.5667292175235064,-0.702256931509007,-1.0074800653029286,-1.0074800653029286,-1.0743735733900148,-1.176005207095135,-1.0240074859056494,-0.8621700546672264,-1.3633001003596938,-1.4288992721907328,-1.39408747072486,-1.6078164426688266,-2.0344439357957027,-1.9040406279065694,-1.97568811307998,-1.6856729322117958,-1.3258176636680326,-2.0152155366959956,-2.0852476398539244,-1.9614033704925835
3.141592653589793,0.0,0.9209258773829491,0.9505468408120752,1.4940244355251187,0.8519663271732721,0.9440534255838497,0.3347368373168147,0.5961991412974801,0.3805063771123649,0.7665324773757776,0.3970794452249823,0.5880026035475675,0.41012734054149097,0.3906070436976868,0.37089128881266237,0.0,0.348771003583907,0.21866894587394195,0.19739555984988075,-1.1071487177940904,2.819842099193151,3.141592653589793,3.141592653589793,-3.050932766389048,2.9441970937399127,-2.999695598985629,0.0,0.0,0.0,0.0,0.0,0.0,0.0,0.0,0.0,0.0,0.0,-2.2455372690184494,-2.297438667476622,-2.1995926132103296,-2.214297435588181,-2.129395642138459,-2.0778948311872334,-2.1224513093234436,-2.0195196708056176,-1.9576720445259248,-1.7818896600176433,-1.892546881191539,-1.6506263125071339,-1.6506263125071339,-1.6575346654708818,-1.856847768512215,-1.8018869939907938,-1.5707963267948966,-2.761086276477428,-2.158798930342464,-0.6202494859828215,2.0344439357957027,1.5707963267948966,-0.7086262721276703,0.9272952180016122,0.8621700546672264,0.5880026035475675
2.89288266449627,0.0,-2.4668517113662407,-2.227497988914331,-1.7865625232019389,-2.334458783350552,-2.31699888826529,-2.8577985443814655,-2.490005467666936,-2.667741317095033,-2.5148497523787463,-2.65711472455277,-2.413822917669819,-2.697809980840152,-2.8607549289685905,-2.5535900500422257,-2.9865959116658525,-2.6387494426619322,-2.44685437739309,-2.7928216500058864,-2.8632929945846817,-0.7853981633974483,-0.7378150601204649,-0.702256931509007,-0.1297025371559121,0.07677189126977804,0.0,0.0,0.0,0.0,0.0,0.0,0.0,0.0,0.0,0.0,0.0,0.0,0.9114862584620388,0.870903457075653,0.9616328611341242,1.03320968013615,0.9431669009934023,1.115345255544003,1.1731683352727673,1.2060615125304832,1.2688451649646473,1.3979357200077516,1.4749371796848834,1.396124127786657,1.4711276743037347,1.460139105621001,1.6704649792860586,1.3415643935179014,1.2360594894780819,2.1401095178955587,1.4536875822280324,1.8337910584758161,-2.2318394956455836,-2.930499320367047,-0.6747409422235526,-2.327630832353585,-2.0701430484750265,-2.3805798993650633
3.141592653589793,0.0,1.2348287208687656,1.6295521495106193,1.7856117271965553,1.0743735733900148,1.312025434831199,1.5478118693534446,1.6738779353175968,1.1220729827841756,1.1930296688550752,1.5302779743165498,1.2703191584223157,1.0303768265243125,0.9072406004173655,0.982793723247329,1.1341691669813554,1.0358412530088001,1.1071487177940904,1.2120256565243244,-0.2914567944778671,0.8621700546672264,-1.9379701606131159,-2.4805494847391065,-2.7557099841917196,-2.356194490192345,-2.10660756475536,0.0,0.0,0.0,0.0,0.0,0.0,0.0,0.0,0.0,0.0,0.0,-1.115345255544003,-1.089909046599561,-0.9570262317783282,-1.0537643743033551,-0.878154483585592,-0.9307081740331504,-0.9111675841579759,-0.9388220849762935,-0.982793723247329,-0.7012599228662774,-0.7583777142101835,-0.9137213910832431,-0.6610431688506869,-0.6177557255662326,-0.4636476090008061,-0.8035779784704266,-0.37089128881266237,-1.1902899496825317,0.10673567264913565,0.6857295109062863,2.4227626539681686,2.44685437739309,2.356194490192345,2.14717154738608,2.5661680030545084,2.256525837701183
2.6587780630054785,0.0,-1.6775319994440323,-1.5363272257953886,-1.6814535479687922,-1.6738779353175968,-1.3986055122719576,-1.4801364395941514,-1.6010900867136717,-1.6396528160959412,-1.729451588981298,-1.6845883339386047,-1.6107750139181867,-1.9513027039072615,-2.1763409903998667,-1.5707963267948966,-1.2341215074081695,-1.2793395323170296,-1.7234456551901618,-0.19739555984988075,1.3258176636680326,1.5707963267948966,0.6435011087932844,0.3217505543966422,1.2036224929766774,1.3258176636680326,1.6614562139956417,0.0,0.0,0.0,0.0,0.0,0.0,0.0,0.0,0.0,0.0,0.0,1.1309537439791604,0.7853981633974483,1.1071487177940904,1.1722738811284763,1.124690777851493,1.1659045405098132,1.1263771168937977,1.1705556697609225,1.3045442776439713,1.7942729279355296,1.6124389058934852,1.9028557943377822,1.5707963267948966,1.2924966677897853,1.784857010358718,1.446441332248135,1.8622531212727638,2.7367008673047097,1.2793395323170296,-1.5707963267948966,-1.9513027039072615,-2.875340604438868,-1.6814535479687922,-1.2793395323170296,-1.2341215074081695,-1.5707963267948966
-0.5349550737860964,0.0,2.7868870015788527,2.8083483524781205,2.7672590375822095,2.5722794624891314,2.561589879382112,2.5917394709132084,2.5378433201923567,2.4756234162106834,2.3805798993650633,2.3318090810196264,2.2865399164637767,2.117585167684144,2.1815222911841055,2.14717154738608,2.158798930342464,2.214297435588181,2.0988707752212563,2.819842099193151,1.5707963267948966,-2.0344439357957027,-1.7359450042095235,-1.1659045405098132,-1.2490457723982544,-1.3909428270024184,-1.1659045405098132,0.0,0.0,0.0,0.0,0.0,0.0,0.0,0.0,0.0,0.0,0.0,-0.4636476090008061,-0.22679884805388587,-0.2536740961386427,-0.23684876094692026,-0.28805544705062586,-0.23684876094692026,-0.14189705460416394,-0.09966865249116202,0.0688564893010446,0.07677189126977804,0.0,0.08314123188844123,0.07982998571223732,0.09495170634275632,0.14189705460416394,0.22679884805388587,0.5280744484263596,0.14189705460416394,0.27829965900511133,2.356194490192345,1.1071487177940904,2.677945044588987,2.677945044588987,2.9147938055359073,2.9105019863938963,2.976443976175166
2.6587780630054785,0.0,2.5948038127005457,2.5636907166275478,2.5535900500422257,2.5535900500422257,2.399645385583876,2.312743594800814,2.335789159505807,2.2197918857913974,2.158798930342464,2.2730532583039036,2.0940746489268722,1.9451299428024806,2.0152155366959956,1.923786714621807,2.0344439357957027,1.8692952583810758,1.892546881191539,2.1112158270654806,2.356194490192345,-1.5707963267948966,-2.356194490192345,-1.7894652726688385,-1.3909428270024184,-1.460139105621001,-1.2924966677897853,0.0,0.0,0.0,0.0,0.0,0.0,0.0,0.0,0.0,0.0,0.0,-0.6510767214444798,-0.4795192919925962,-0.5467888408892474,-0.5779019369622457,-0.4795192919925962,-0.4089078289509254,-0.3743336160075839,-0.40024065703397416,-0.260602391747341,-0.19118445959701444,-0.2984989315861793,-0.1297025371559121,-0.04345089539153084,-0.08673833867598511,0.11065722117389565,0.3392926144540447,0.3671738338182192,-0.35877067027057225,0.3217505543966422,1.0303768265243125,2.677945044588987,2.677945044588987,2.5213431676069717,2.6344941491974563,2.976443976175166,2.843093722003614
0.0,0.0,0.8519663271732721,0.9357695914045828,0.6889243882148613,0.7631795980707292,0.6375487981386927,0.5585993153435624,0.5232783221319756,0.4795192919925962,0.4795192919925962,0.48088728019533583,0.48088728019533583,0.4636476090008061,0.2860514417173182,0.4636476090008061,0.3217505543966422,0.260602391747341,0.35877067027057225,0.3805063771123649,0.7853981633974483,0.0,-2.356194490192345,3.017237659043032,-2.896613990462929,-2.677945044588987,2.976443976175166,0.0,0.0,0.0,0.0,0.0,0.0,0.0,0.0,0.0,0.0,0.0,-2.6078844619505315,-2.587285157388242,-2.483704048407583,-2.44685437739309,-2.5213431676069717,-2.3305590816706676,-2.2218730482393765,-2.2831539248892256,-2.178598322908857,-2.14717154738608,-2.0516836069902324,-1.97568811307998,-1.9347752833045406,-2.0576955586061656,-1.873681195169868,-1.7975951748487824,-1.7782925532300993,-1.4711276743037347,-1.6704649792860586,-1.5707963267948966,-2.158798930342464,1.2490457723982544,0.7853981633974483,0.9505468408120752,0.9272952180016122,0.982793723247329
2.89288266449627,0.0,0.388318718172466,0.1297025371559121,0.07393903765794034,0.0,0.0,0.0,-0.14189705460416394,-0.09347678115858947,-0.22679884805388587,-0.2629947316809195,-0.29544083714372,-0.348771003583907,-0.4636476090008061,-0.3906070436976868,-0.5191461142465229,-0.7853981633974483,-0.40489178628508343,-1.1071487177940904,-1.5707963267948966,-2.356194490192345,3.141592653589793,1.8157749899217608,2.4668517113662407,2.4805494847391065,2.5127963671743605,0.0,0.0,0.0,0.0,0.0,0.0,0.0,0.0,0.0,0.0,0.0,-2.9147938055359073,-2.8577985443814655,-2.8685839505030826,-2.677945044588987,-2.7314653130483024,-2.746801533890032,-2.647651284670212,-2.677945044588987,-2.7547169358587653,-2.5308666892005847,-2.4668517113662407,-2.4668517113662407,-2.44685437739309,-2.356194490192345,-2.3191743743184148,-2.1112158270654806,-2.5308666892005847,-2.0344439357957027,-2.0899424410414196,-1.892546881191539,-0.7853981633974483,-0.5880026035475675,-0.27829965900511133,0.0,0.27829965900511133,0.2984989315861793
2.89288266449627,0.0,-2.1112158270654806,-2.1948193797716535,-2.1975392280059434,-2.289626326416521,-2.3145519110937567,-2.316215803069055,-2.396173177315635,-2.44293282886833,-2.5444159954971157,-2.6066375798036967,-2.525295716193722,-2.525295716193722,-2.7091848780192556,-2.723368324010564,-2.677945044588987,-2.677945044588987,-2.714965160462917,3.141592653589793,-2.677945044588987,-0.3217505543966422,-0.3217505543966422,0.4636476090008061,0.3217505543966422,0.21109333322274654,0.13255153229667402,0.0,0.0,0.0,0.0,0.0,0.0,0.0,0.0,0.0,0.0,0.0,1.0714496051147666,1.1071487177940904,0.992894389832651,1.2722973952087173,1.1902899496825317,1.1902899496825317,1.2120256565243244,1.4204248987877621,1.423717971406494,1.380808038876181,1.5707963267948966,1.5308176396716067,1.690225252813235,1.8157749899217608,1.6207547225168393,1.7454685258031364,1.5707963267948966,2.214297435588181,2.158798930342464,2.0344439357957027,-1.5707963267948966,-2.9441970937399127,-2.356194490192345,-2.1815222911841055,-2.0988707752212563,-1.9693187724613168
-0.32811989501530536,0.0,1.729451588981298,1.7748143063874453,1.6672701019774836,1.6295521495106193,1.6517004259501271,1.5707963267948966,1.4994888620096063,1.373400766945016,1.446441332248135,1.3182420510168371,1.2387368592520112,1.2036224929766774,1.176005207095135,1.0460005551447893,1.1071487177940904,0.8329812666744317,1.1071487177940904,1.0303768265243125,-0.7853981633974483,3.141592653589793,-2.819842099193151,-2.289626326416521,-2.601173153319209,-2.6135182051634334,-2.4149503129080676,0.0,0.0,0.0,0.0,0.0,0.0,0.0,0.0,0.0,0.0,0.0,-1.3078015951139772,-1.1705556697609225,-1.1410340476982082,-1.1071487177940904,-1.1220729827841756,-1.1410340476982082,-1.0743735733900148,-0.9151007005533605,-0.8124186125847132,-0.9629943306809362,-0.7621465405869854,-0.7597627548757708,-0.722979353401491,-0.6107259643892086,-0.6823165548747481,-0.49394136891958124,-0.5880026035475675,-0.6202494859828215,-0.40489178628508343,0.0,1.1071487177940904,1.4056476493802699,2.0344439357957027,2.0344439357957027,1.642103791580187,1.8313987185422376
0.3156156620387663,0.0,-1.3258176636680326,-1.1071487177940904,-0.6435011087932844,-0.19739555984988075,-0.24497866312686414,0.3805063771123649,1.5707963267948966,0.8567056281827387,0.9685089806599324,1.0768549578753155,0.8818719385800352,0.960070362405688,1.1978086049948355,0.9561333748727311,1.373400766945016,0.625485040239229,1.2490457723982544,1.067953115867036,1.5707963267948966,1.6207547225168393,2.0899424410414196,2.095592098445004,2.403777593469328,2.5269297016676275,2.44685437739309,0.0,0.0,0.0,0.0,0.0,0.0,0.0,0.0,0.0,0.0,0.0,0.9420000403794636,0.8621700546672264,-0.21866894587394195,0.0,0.0,-0.2984989315861793,-0.24497866312686414,-0.43240777557053783,-0.5104883219167757,-0.7853981633974483,-0.6556956262415362,-0.724250000748147,-0.6556956262415362,-0.9075933340888034,-0.7437555842988599,-0.9440534255838497,-0.9318823417910095,-0.9440534255838497,-0.7399748839758713,-1.2490457723982544,-1.042721878368537,-1.2490457723982544,-1.4559197213779975,-1.3078015951139772,-1.4056476493802699,-1.3473197256542635
2.6066375798036967,0.0,-0.4636476090008061,0.4636476090008061,-0.7853981633974483,-0.9097531579442097,1.1902899496825317,0.8519663271732721,2.0778948311872334,1.5253730473733196,1.6233793884058383,0.7509290623979403,1.6657480331376529,1.3339475658479765,1.6262948320406134,1.4758446204521403,1.3521273809209546,1.5707963267948966,1.7429871413178357,1.750649826587375,2.158798930342464,2.312743594800814,2.4149503129080676,2.5415424401880395,2.788602265762883,2.3086113869153615,2.761086276477428,0.0,0.0,0.0,0.0,0.0,0.0,0.0,0.0,0.0,0.0,0.0,1.892546881191539,1.4711276743037347,0.5123894603107377,1.4181469983996315,3.141592653589793,0.06656816377582381,0.507098504392337,0.11942892601833845,0.7188299996216245,-0.23860932250820097,0.05400150037596829,0.4514530915525543,0.5028432109278608,-0.06241880999595735,-0.6383198080090459,-0.40489178628508343,-0.4964227534048819,-0.4487233440107211,-0.33787818824027843,-0.6837093116343713,-0.6588060361174762,-0.7188299996216245,-0.3097029445424562,-0.6327488350021832,-0.039978687123290044,-0.9561333748727311
0.39540840357197565,0.0,-1.9295669970654687,-1.642103791580187,-1.2793395323170296,-1.460139105621001,-0.3217505543966422,-1.3439974787410107,-0.4636476090008061,-1.0768549578753155,-0.6659692373791098,-0.3347368373168147,-0.7188299996216245,-0.23109066719589708,-0.5779019369622457,-0.4228539261329407,-0.4636476090008061,-0.43240777557053783,-0.3332443011116727,-0.10673567264913565,0.07677189126977804,0.35877067027057225,0.7266423406817256,0.10487693873023389,0.6747409422235526,0.5191461142465229,1.4940244355251187,0.0,0.0,0.0,0.0,0.0,0.0,0.0,0.0,0.0,0.0,0.0,-0.16514867741462683,-0.5404195002705842,-0.6107259643892086,-0.7419472680059175,-1.2220253232109897,-1.0714496051147666,-1.5350972141155728,-1.2120256565243244,-1.9074711461816238,-1.6563016204731014,-1.5707963267948966,-1.8157749899217608,-1.8233506025729562,-1.8033532685998057,-1.6220334941983154,-2.0749622882740497,-2.059130277851302,-2.1655555842782492,-2.045196209586804,-2.056418420092365,-2.316215803069055,-2.129395642138459,-2.2612427838495885,-2.401617769613922,-2.601173153319209,-2.356194490192345
3.141592653589793,0.0,1.9195673303788037,2.0344439357957027,-1.5707963267948966,2.2318394956455836,-2.843093722003614,-2.455863142683507,-1.849095985800008,-2.137525544318403,-2.473303234759209,-1.9974238199217726,-2.664247271216121,-2.401617769613922,-2.2390857456254807,-2.3036114285814033,-2.289626326416521,-2.0778948311872334,-2.0701430484750265,-1.878849107818673,-1.8545904360032244,-1.6124389058934852,-1.6162196062164735,-1.2277723863741932,-1.0584068664841588,-0.8478169733934057,-0.35877067027057225,0.0,0.0,0.0,0.0,0.0,0.0,0.0,0.0,0.0,0.0,0.0,-2.0344439357957027,-2.4227626539681686,3.0419240010986313,3.0750244898139694,-2.9562447035940984,2.704965493776252,2.976443976175166,2.65711472455277,2.5453935122923133,2.4805494847391065,2.5535900500422257,2.2286849319771065,2.393214606066275,2.2455372690184494,2.229602362912373,2.4227626539681686,2.224879051209257,1.9359977765830696,1.8033532685998057,1.9890206563741257,2.059130277851302,1.7415315382701795,2.05527425583192,1.7004988639508087,1.729451588981298,1.8157749899217608
-0.32811989501530536,0.0,0.033320995878247196,0.029403288204005115,0.16514867741462683,0.12266865550445671,-0.3777666579398214,0.18998828791871572,0.1257694207605277,-0.17985349979247828,-0.19424099618140395,-0.11710874456686428,-0.4560719963496107,-0.2401710078601731,-0.2347226124851971,-0.3217505543966422,-0.27094685033842053,-0.1460122577112754,-0.18822150530477075,-0.3805063771123649,-0.4899573262537283,-1.1071487177940904,2.988943325194528,2.432966381462123,2.498091544796509,3.0221637275714546,2.677945044588987,0.0,0.0,0.0,0.0,0.0,0.0,0.0,0.0,0.0,0.0,0.0,3.015000526309821,3.010277214606705,2.9971510752151493,-3.1065193230565677,-3.070285188804503,-3.0348569809406576,-2.7580651376328014,-2.8068558162729786,-2.961739153797315,-2.5922181688182424,-2.5865969262512065,-2.636302465490399,-2.487021886266402,-2.370686229257845,-2.6607053733944572,-2.726100557648903,-2.462178848181945,-2.4783896608837,-1.9379701606131159,-1.6373644905707205,3.079173843593836,-0.11710874456686428,0.3217505543966422,0.3217505543966422,0.08673833867598511,-0.40489178628508343
2.6066375798036967,0.0,0.805003494254653,0.6107259643892086,1.118642464509121,0.9221538751283528,0.6358384235237451,0.8693127903366398,0.8455664145524581,0.6881449651458825,0.35877067027057225,0.017542060057402487,0.507098504392337,0.43833655985795783,0.29544083714372,0.06374331253268707,0.11942892601833845,0.20401797959254858,0.6659692373791098,-0.43662715981354133,1.2490457723982544,-0.7853981633974483,2.356194490192345,2.8501358591119264,2.7187387274568526,2.958481836327309,2.741351996555819,0.0,0.0,0.0,0.0,0.0,0.0,0.0,0.0,0.0,0.0,0.0,-2.0852476398539244,-1.9228406411103138,-1.9944652486724126,-1.9091199493041562,-1.9028557943377822,-1.8606428167065163,-1.842588485469596,-1.7444675251364705,-1.6475682180646747,-1.6216000308531182,-1.642103791580187,-1.4089588955564738,-1.642103791580187,-1.373400766945016,-1.5971060440478189,-1.4108832036366774,-1.4288992721907328,-1.6124389058934852,-0.6556956262415362,-0.5516549825285468,-1.2793395323170296,0.4124104415973873,2.129395642138459,3.141592653589793,1.1659045405098132,0.6786624907483126
2.6066375798036967,0.0,-2.9551057519225763,2.807647581744899,2.698144317170055,-3.1237374084502405,2.6442499372429706,-3.052278660596571,2.5535900500422257,2.4815836105338613,3.1065193230565677,2.610562548745611,2.6320003887808676,2.473303234759209,2.5959375990628013,2.7128146261437767,2.356194490192345,2.462178848181945,2.289626326416521,2.930499320367047,-0.5404195002705842,1.5707963267948966,-1.0768549578753155,-1.6262948320406134,-1.1801892830972098,-1.1606689862534056,-1.332960399337446,0.0,0.0,0.0,0.0,0.0,0.0,0.0,0.0,0.0,0.0,0.0,0.25436805855326594,0.39169993943742404,0.3743336160075839,0.348771003583907,0.41145624341370224,0.5055810548742051,0.3693336576736256,0.4487233440107211,0.5585993153435624,0.6107259643892086,0.6881449651458825,0.7283173809911837,0.886179162482116,0.9097531579442097,0.8023456932038532,0.5485494024505281,0.7853981633974483,-0.05549850524571683,1.4994888620096063,0.0,2.2286849319771065,3.0309354324158977,-0.7419472680059175,2.4186133001883023,-2.5127963671743605,2.981679530431574
2.6066375798036967,0.0,-0.058755822715722696,-0.5633162614919681,-0.4160645057238227,-1.120135000714263,-1.039072259536091,-0.8320931674407788,-0.807133870239241,-1.1525719972156676,-1.067953115867036,-1.0759088843638223,-0.9420000403794636,-1.1133214788988715,-1.3455195475808412,-1.1150225708181911,-1.1174576309403337,-1.6517004259501271,-0.14189705460416394,-1.373400766945016,-2.1815222911841055,-1.3258176636680326,1.9890206563741257,1.5707963267948966,1.9614033704925835,1.6041173226731438,1.5337762109209665,0.0,0.0,0.0,0.0,0.0,0.0,0.0,0.0,0.0,0.0,0.0,2.3249546567620767,2.3941509353806594,2.559687535449908,2.700841805810371,2.8555412118724752,2.7187387274568526,2.8590377011202057,2.8780287700067553,2.9147938055359073,2.8809902618424523,-3.0907889495315715,2.9007461983483815,3.0981417581982624,-2.9872738776636742,-3.043547376295954,3.050932766389048,-3.0606885544345626,-2.9562447035940984,-3.107123552590285,-2.279422598922567,-2.999695598985629,-0.7531512809621944,-0.9380474917927135,-1.2220253232109897,1.0191413442663497,-1.5707963267948966
0.39540840357197565,0.0,1.3078015951139772,1.3156139361740782,1.1839206090638685,0.9209258773829491,0.9994588469612699,0.9753864513161641,0.8721365020734334,0.982793723247329,0.8960553845713439,0.7641247773733871,0.8076167287241673,0.7853981633974483,0.5232783221319756,0.507098504392337,0.4825132950224769,0.4899573262537283,0.8960553845713439,1.0516502125483738,1.2490457723982544,1.7359450042095235,2.9441970937399127,-2.896613990462929,-3.017237659043032,-2.976443976175166,-2.8555412118724752,0.0,0.0,0.0,0.0,0.0,0.0,0.0,0.0,0.0,0.0,0.0,-1.373400766945016,-1.379611867197882,-1.2924966677897853,-1.3339475658479765,-1.201462669121271,-1.4204248987877621,-1.0552473193359175,-1.0405805540182667,-1.1220729827841756,-0.982793723247329,-1.0121970114513341,-1.0240074859056494,-1.0240074859056494,-0.9420000403794636,-0.8478169733934057,-0.9097531579442097,-1.0516502125483738,-0.7378150601204649,-0.844153986113171,-1.1071487177940904,-0.3217505543966422,-0.3217505543966422,1.5707963267948966,1.5707963267948966,0.982793723247329,1.3258176636680326
3.141592653589793,0.0,-2.5269297016676275,-2.5535900500422257,-2.5213431676069717,-2.5175696006130366,-2.7314653130483024,-2.82955053202726,-2.8590377011202057,-2.872425160804093,-3.0132694259039985,-2.994514298201391,-3.0451188784072065,-3.109345771154539,3.141592653589793,3.099950074491205,3.0309354324158977,-3.064820762320015,3.141592653589793,-3.0309354324158977,-2.819842099193151,0.0,-0.4636476090008061,-0.6747409422235526,-0.5880026035475675,-0.5667292175235064,-0.43240777557053783,0.0,0.0,0.0,0.0,0.0,0.0,0.0,0.0,0.0,0.0,0.0,0.9420000403794636,0.9453112865556675,0.9629943306809362,1.0370881351556351,1.0121970114513341,0.982793723247329,1.0603080048781208,1.1839206090638685,1.2490457723982544,1.2252407462131845,1.35970299357215,1.2360594894780819,1.4559197213779975,1.5232132235179132,1.5182132651839548,1.6233793884058383,1.5042281630190728,1.4801364395941514,1.8157749899217608,1.6704649792860586,1.892546881191539,2.819842099193151,-2.356194490192345,-2.4668517113662407,-2.8632929945846817,-2.5535900500422257
-1.3492675221781487,0.0,-1.6162196062164735,-1.6614562139956417,-1.6814535479687922,-1.6064954394742206,-1.761980786391911,-1.8076450877418169,-1.8157749899217608,-1.979704155745822,-2.0054665419441413,-2.0852476398539244,-2.178598322908857,-2.1224513093234436,-2.297438667476622,-2.2531128816696446,-2.356194490192345,-2.0344439357957027,-2.4668517113662407,-2.129395642138459,-1.97568811307998,-0.7853981633974483,-0.7853981633974483,1.1071487177940904,0.5404195002705842,0.5667292175235064,0.6747409422235526,0.0,0.0,0.0,0.0,0.0,0.0,0.0,0.0,0.0,0.0,0.0,1.729451588981298,1.7359450042095235,1.825978717415715,1.8662371639386166,1.9163519073766087,1.8817946074004375,1.9853032013796825,2.0672190801997785,1.9591150449673627,2.0899424410414196,2.2073045425828477,2.251317551462111,2.356194490192345,2.289626326416521,2.384758148031105,2.396173177315635,2.312743594800814,2.647651284670212,2.356194490192345,2.7367008673047097,2.356194490192345,0.0,-2.761086276477428,-1.373400766945016,-1.4711276743037347,-1.5707963267948966
2.323947607757091,0.0,0.7853981633974483,0.722979353401491,0.7086262721276703,0.5467888408892474,0.6696389456766376,0.5971766580926775,0.4182243295792291,0.3514447940035517,0.5404195002705842,0.27829965900511133,0.1767088560700366,0.1767088560700366,0.18822150530477075,0.0,0.0,0.348771003583907,0.16514867741462683,0.0,0.5880026035475675,0.0,-2.356194490192345,2.5535900500422257,2.5535900500422257,2.9562447035940984,2.976443976175166,0.0,0.0,0.0,0.0,0.0,0.0,0.0,0.0,0.0,0.0,0.0,-1.965587446494658,-1.9437840485949576,-1.8076450877418169,-1.892546881191539,-1.8076450877418169,-1.800028260071892,-1.6775319994440323,-1.6845883339386047,-1.5707963267948966,-1.6030432092301505,-1.5707963267948966,-1.6064954394742206,-1.373400766945016,-1.4181469983996315,-1.512040504079174,-1.4711276743037347,-1.5707963267948966,-1.4056476493802699,-1.6614562139956417,-1.5707963267948966,-1.3258176636680326,-1.5707963267948966,0.4636476090008061,0.6747409422235526,0.5585993153435624,0.9272952180016122
-2.2531128816696446,0.0,1.5707963267948966,-3.058451421701352,-2.356194490192345,-2.0344439357957027,-2.819842099193151,-1.1902899496825317,-1.6704649792860586,-1.3521273809209546,-1.6373644905707205,-1.1722738811284763,-1.3258176636680326,-1.1606689862534056,-1.2068173702852525,-1.3370531459259951,-1.1071487177940904,-1.0074800653029286,-0.8902751021276822,-0.8960553845713439,-0.7044940642422177,-0.5880026035475675,-0.5247957716501074,-0.36397895650964407,0.12435499454676144,0.16514867741462683,0.4899573262537283,0.0,0.0,0.0,0.0,0.0,0.0,0.0,0.0,0.0,0.0,0.0,-1.2490457723982544,-1.2490457723982544,-1.5707963267948966,-2.007423486608438,-2.356194490192345,-2.0701430484750265,-2.7509856098921066,-2.2655346029916,-2.6292031932790554,-2.7928216500058864,-2.761086276477428,-2.819842099193151,-2.819842099193151,-3.0035866299322738,-2.9516043656710775,3.141592653589793,-2.971814379621455,-3.112189365385788,-3.0750244898139694,3.0045264792796056,3.064820762320015,2.8879185574511506,2.9195107516843133,-3.046640947247037,2.455863142683507,3.141592653589793
-2.0831857871056343,0.0,-0.17985349979247828,-0.7378150601204649,-1.7359450042095235,0.4266274931268761,0.4636476090008061,2.0899424410414196,0.8960553845713439,1.0121970114513341,1.6704649792860586,1.6704649792860586,1.3370531459259951,1.1705556697609225,1.1999050379822342,1.4352686128093959,1.5273454314033659,1.5042281630190728,1.6657480331376529,1.6814535479687922,2.0576955586061656,2.2455372690184494,2.393214606066275,2.396173177315635,2.2655346029916,3.058451421701352,-2.677945044588987,0.0,0.0,0.0,0.0,0.0,0.0,0.0,0.0,0.0,0.0,0.0,1.1071487177940904,1.2490457723982544,0.5191461142465229,0.8519663271732721,0.24497866312686414,-0.5123894603107377,-0.4899573262537283,-0.17985349979247828,-0.3080527810237764,-0.388318718172466,-0.21406068356382152,-0.5467888408892474,-0.2662520491509254,-0.5585993153435624,-0.5585993153435624,-0.3217505543966422,-0.5693131911006619,-0.4993467216801301,-0.5713374798336268,-0.6947382761967031,-0.7853981633974483,-0.7188299996216245,-0.6107259643892086,-0.7551044034786732,-1.0074800653029286,-0.4266274931268761
2.5337906574758327,0.0,0.09065988720074511,-0.6435011087932844,1.2490457723982544,1.8157749899217608,1.2120256565243244,1.5707963267948966,1.5707963267948966,1.9974238199217726,2.0344439357957027,2.137525544318403,1.5232132235179132,1.9693187724613168,1.9614033704925835,2.158798930342464,2.2706891965141405,1.856847768512215,2.0899424410414196,2.214297435588181,2.677945044588987,2.761086276477428,2.819842099193151,2.961739153797315,3.064820762320015,-2.9147938055359073,-2.8632929945846817,0.0,0.0,0.0,0.0,0.0,0.0,0.0,0.0,0.0,0.0,0.0,2.0344439357957027,1.6704649792860586,1.6614562139956417,1.2490457723982544,0.8519663271732721,0.3217505543966422,0.20749622643520266,0.7266423406817256,0.5880026035475675,0.27094685033842053,0.3906070436976868,0.0964737751825869,-0.03844259002118798,0.03569911267932397,-0.13706617431018764,0.033320995878247196,-0.037020115873930025,-0.3923401442155158,-0.11710874456686428,-0.11065722117389565,-0.16514867741462683,-0.3217505543966422,-0.3947911196997615,-0.4124104415973873,-0.2914567944778671,-0.3805063771123649
-2.38648825011112,0.0,0.7086262721276703,1.2220253232109897,0.7188299996216245,1.5182132651839548,1.373400766945016,2.9562447035940984,2.819842099193151,2.743070207923373,-2.843093722003614,2.701750070774057,-2.976443976175166,2.961739153797315,-3.061762667877556,2.971814379621455,3.099950074491205,3.1058935409104693,-2.976443976175166,-2.8083483524781205,-2.5535900500422257,-2.312743594800814,-2.7776136970801493,-2.191045812777718,-1.856847768512215,-1.9295669970654687,-1.5707963267948966,0.0,0.0,0.0,0.0,0.0,0.0,0.0,0.0,0.0,0.0,0.0,2.677945044588987,2.4668517113662407,2.498091544796509,2.1112158270654806,1.9379701606131159,1.8766751981997487,2.1193457292454245,2.1193457292454245,1.6756732655251305,1.6041173226731438,1.695151321341658,1.3554386270971586,1.4056476493802699,1.4108832036366774,1.5374753309166493,1.463106455962076,1.219351532791345,1.2329181385546182,0.9197196053504169,0.9505468408120752,1.0808390005411683,1.1361261116456518,1.2924966677897853,0.6350267353903137,1.1263771168937977,0.844153986113171
-2.38648825011112,0.0,2.7187387274568526,2.6387494426619322,2.6607053733944572,2.5829933382462307,2.510513266118464,2.579671091332978,2.579671091332978,2.403777593469328,2.419937802725032,2.376599820878883,2.3774678762164063,2.220666776206844,2.132717889051712,2.0988707752212563,2.095592098445004,1.9295669970654687,2.137525544318403,1.9295669970654687,1.892546881191539,2.356194490192345,-0.4636476090008061,-1.1071487177940904,-1.373400766945016,-1.2036224929766774,-1.0768549578753155,0.0,0.0,0.0,0.0,0.0,0.0,0.0,0.0,0.0,0.0,0.0,-0.5763752205911837,-0.5247957716501074,-0.2551823906208184,-0.3080527810237764,-0.28379410920832787,-0.3097029445424562,-0.18998828791871572,-0.11065722117389565,-0.11942892601833845,-0.12435499454676144,0.1297025371559121,0.12435499454676144,0.21406068356382152,0.24497866312686414,0.23374318086890142,0.30587887140485215,0.5516549825285468,0.3028848683749714,0.24497866312686414,0.6435011087932844,1.1659045405098132,0.5880026035475675,2.158798930342464,2.158798930342464,2.5829933382462307,2.0899424410414196
-0.32811989501530536,0.0,2.214297435588181,2.5127963671743605,2.2455372690184494,2.1262900620604404,2.1010120995715265,2.056418420092365,1.9720251257997454,2.0106389096106327,1.9295669970654687,1.8347600504206012,1.8753072099970092,1.8157749899217608,1.7681918866447774,1.7928782287003768,1.6856729322117958,1.4876550949064553,1.5083775167989393,1.7681918866447774,1.7359450042095235,1.2490457723982544,-2.498091544796509,-1.8157749899217608,-1.9379701606131159,-1.7033478590915707,-1.6262948320406134,0.0,0.0,0.0,0.0,0.0,0.0,0.0,0.0,0.0,0.0,0.0,-0.6510767214444798,-0.6857295109062863,-0.6857295109062863,-0.5971766580926775,-0.5585993153435624,-0.4795192919925962,-0.41012734054149097,-0.3805063771123649,-0.3671738338182192,-0.22679884805388587,-0.11487660541689913,-0.11065722117389565,-0.29544083714372,-0.07130746478529032,0.0,-0.04542327942157701,0.047583103276983396,-0.1746721990082397,0.0,-0.15264932839526515,0.6435011087932844,0.6435011087932844,1.373400766945016,2.214297435588181,2.677945044588987,2.5127963671743605
0.8402880259916021,0.0,-3.0981417581982624,-3.046640947247037,-3.107123552590285,-2.937574673997245,-3.0419240010986313,3.079173843593836,3.079173843593836,2.9912212255826587,3.024483909022929,3.0560873599115888,2.8632929945846817,2.831889709047337,2.937574673997245,2.8577985443814655,2.90604767286893,2.896613990462929,2.843093722003614,3.050932766389048,1.1071487177940904,3.141592653589793,-0.24497866312686414,-0.7853981633974483,-0.507098504392337,-0.5280744484263596,-0.7188299996216245,0.0,0.0,0.0,0.0,0.0,0.0,0.0,0.0,0.0,0.0,0.0,-0.08673833867598511,-0.16514867741462683,0.0,0.11065722117389565,0.1470783553884025,0.21406068356382152,0.24497866312686414,0.4228539261329407,0.48088728019533583,0.48088728019533583,0.40489178628508343,0.6107259643892086,0.6823165548747481,0.7597627548757708,0.6000502134017536,0.7378150601204649,0.9505468408120752,1.0191413442663497,0.6435011087932844,0.7853981633974483,0.4636476090008061,1.373400766945016,0.4636476090008061,2.498091544796509,-2.922923707715851,-2.9562447035940984
-2.690139562037239,0.0,2.388441372627599,2.2531128816696446,2.178598322908857,2.2655346029916,2.0344439357957027,2.0749622882740497,2.007423486608438,2.191045812777718,1.9576720445259248,1.8533512792644842,1.911775280291246,1.8399638195805972,1.8622531212727638,1.7234456551901618,1.825978717415715,1.7359450042095235,1.4181469983996315,1.5707963267948966,2.0344439357957027,2.356194490192345,-0.982793723247329,-1.3521273809209546,-1.460139105621001,-1.5707963267948966,-1.7234456551901618,0.0,0.0,0.0,0.0,0.0,0.0,0.0,0.0,0.0,0.0,0.0,-0.8519663271732721,-0.8519663271732721,-0.7583777142101835,-0.5763752205911837,-0.6107259643892086,-0.5543074962015512,-0.5763752205911837,-0.5144513130590278,-0.4636476090008061,-0.3217505543966422,-0.388318718172466,-0.13552771398550073,-0.18822150530477075,-0.2662520491509254,-0.05549850524571683,0.0,0.14888994760949725,0.05549850524571683,-0.11065722117389565,0.12435499454676144,0.0,-0.4636476090008061,0.4636476090008061,1.5707963267948966,2.356194490192345,2.62244653934327
2.5337906574758327,0.0,0.5743048301747018,0.668289418830584,0.507098504392337,0.5467888408892474,0.4475199751571699,0.449759613069839,0.4214192068878042,0.3310960767041321,0.25255427577805956,0.260602391747341,0.21535769969773805,0.13255153229667402,0.15264932839526515,0.1767088560700366,0.0,0.11065722117389565,0.0,-0.4636476090008061,0.0,-1.373400766945016,2.896613990462929,-3.0419240010986313,2.976443976175166,2.999695598985629,3.141592653589793,0.0,0.0,0.0,0.0,0.0,0.0,0.0,0.0,0.0,0.0,0.0,-2.498091544796509,-2.384758148031105,-2.4149503129080676,-2.4668517113662407,-2.2655346029916,-2.214297435588181,-2.251317551462111,-2.129395642138459,-2.0169018757383004,-2.137525544318403,-2.0344439357957027,-1.9437840485949576,-1.750649826587375,-1.784857010358718,-1.7359450042095235,-1.804539507663798,-1.7561442767905915,-1.6814535479687922,-1.8157749899217608,-1.7975951748487824,-2.0344439357957027,-1.7126933813990606,-0.7853981633974483,0.3217505543966422,0.5404195002705842,0.7086262721276703
-0.32811989501530536,0.0,-3.0981417581982624,-3.0727361642887487,-3.112189365385788,-3.079173843593836,3.141592653589793,3.1165978599708732,-3.115957245068116,3.0560873599115888,3.0072712116368248,3.0560873599115888,2.8842689386187046,3.0132694259039985,2.7314653130483024,2.774418819771574,2.90604767286893,2.896613990462929,2.782821983319221,2.4227626539681686,2.158798930342464,2.158798930342464,-0.5404195002705842,-0.16514867741462683,-0.14189705460416394,-0.3906070436976868,-0.43240777557053783,0.0,0.0,0.0,0.0,0.0,0.0,0.0,0.0,0.0,0.0,0.0,0.14189705460416394,0.039978687123290044,0.19739555984988075,0.0,0.18311081726248413,0.3347368373168147,0.28805544705062586,0.28805544705062586,0.507098504392337,0.5280744484263596,0.628796286415433,0.7086262721276703,0.9723774333163594,0.7531512809621944,0.9561333748727311,0.5763752205911837,0.8818719385800352,0.9151007005533605,0.7853981633974483,1.373400766945016,0.7853981633974483,0.9272952180016122,0.0,2.961739153797315,2.677945044588987,-2.930499320367047
-2.38648825011112,0.0,-1.4141944498128813,-1.3045442776439713,-1.4288992721907328,-1.3521273809209546,-1.5063694873693432,-1.4204248987877621,-1.513715544388632,-1.5971060440478189,-1.6588037003226375,-1.6614562139956417,-1.8313987185422376,-1.6991195544806914,-1.7681918866447774,-1.784857010358718,-1.7681918866447774,-1.856847768512215,-1.9513027039072615,-1.7681918866447774,-1.5707963267948966,-2.0344439357957027,2.356194490192345,1.2490457723982544,1.2793395323170296,1.2924966677897853,1.2490457723982544,0.0,0.0,0.0,0.0,0.0,0.0,0.0,0.0,0.0,0.0,0.0,1.7063240407803975,1.892546881191539,1.7063240407803975,1.804539507663798,1.9347752833045406,1.965587446494658,2.1995926132103296,1.9809236673363877,2.2706891965141405,2.2597207150097582,2.473303234759209,2.452668265374932,2.356194490192345,2.6387494426619322,2.593043251139265,2.677945044588987,2.838707785214822,2.7509856098921066,2.7091848780192556,2.62244653934327,3.141592653589793,2.677945044588987,-2.5535900500422257,-2.214297435588181,-1.373400766945016,-1.4181469983996315
-0.8176450458327023,0.0,1.2036224929766774,1.1902899496825317,1.0516502125483738,2.7928216500058864,-2.875340604438868,2.761086276477428,2.976443976175166,2.5899376710612465,2.4668517113662407,3.141592653589793,3.017237659043032,3.036715714859559,2.9105019863938963,3.141592653589793,3.141592653589793,-2.819842099193151,-2.835713782184941,-2.6971734436886945,-3.036715714859559,-2.8706458032513726,-2.432966381462123,-2.4668517113662407,-2.2367655641740063,-1.8157749899217608,-1.4181469983996315,0.0,0.0,0.0,0.0,0.0,0.0,0.0,0.0,0.0,0.0,0.0,2.356194490192345,2.5899376710612465,1.3258176636680326,2.356194490192345,1.5707963267948966,1.8157749899217608,1.2627435457711202,1.3397056595989996,1.5182132651839548,1.0863183977578734,1.1441688336680205,1.0370881351556351,0.992894389832651,1.1263771168937977,0.9197196053504169,1.0303768265243125,0.7657928325402437,0.8270407424960368,0.901157381118259,1.0789871508061981,0.7354397676755056,0.8066715494215095,0.4398425828157362,1.0863183977578734,0.5743048301747018,0.625485040239229
3.141592653589793,0.0,0.4636476090008061,1.1902899496825317,1.4181469983996315,1.5707963267948966,0.982793723247329,2.4668517113662407,2.5127963671743605,2.642245931909663,2.4668517113662407,2.6135182051634334,2.393214606066275,2.645169900184911,2.8535372065391673,2.8023000391357487,2.746801533890032,2.8842689386187046,2.7776136970801493,-2.999695598985629,-3.0060649396042924,-2.539305307454829,-2.642245931909663,-2.651635327336065,-2.0344439357957027,-2.191045812777718,-2.279422598922567,0.0,0.0,0.0,0.0,0.0,0.0,0.0,0.0,0.0,0.0,0.0,2.677945044588987,2.0344439357957027,2.256525837701183,1.6373644905707205,1.0516502125483738,1.4536875822280324,1.3258176636680326,1.460139105621001,1.1479424006619559,1.1606689862534056,1.0666303653157436,0.9544993893988254,0.7853981633974483,0.8097835725701669,0.6489955589965009,0.7157435896688801,0.724250000748147,0.4795192919925962,0.65788860518221,0.515549007458979,0.5349550737860964,0.5790742693677309,0.4636476090008061,0.5585993153435624,0.35299038782691045,0.6022873461349642
0.3156156620387663,0.0,2.293775680196388,3.070285188804503,-2.782821983319221,-2.5308666892005847,-2.782821983319221,-2.976443976175166,-2.455863142683507,-2.158798930342464,-2.5702551737561663,-2.214297435588181,-1.9513027039072615,-2.2655346029916,-1.9936502529278373,-2.0701430484750265,-2.1112158270654806,-1.965587446494658,-1.8545904360032244,-1.8588517738455226,-1.5707963267948966,-1.3854483767992019,-1.1583858851975093,-1.217805938967986,-0.982793723247329,-1.1383885512243588,-0.6107259643892086,0.0,0.0,0.0,0.0,0.0,0.0,0.0,0.0,0.0,0.0,0.0,-1.6614562139956417,-2.0344439357957027,-2.1815222911841055,-1.97568811307998,-2.988943325194528,-2.761086276477428,-2.976443976175166,3.141592653589793,3.1031500635686053,-3.1031500635686053,3.0045264792796056,2.936197264400026,2.831889709047337,2.651635327336065,2.6344941491974563,2.7928216500058864,2.5337906574758327,2.5337906574758327,2.4925970945932923,2.3086113869153615,2.455863142683507,2.1995926132103296,2.2404352724715344,2.158798930342464,2.356194490192345,2.173083672929861
0.3156156620387663,0.0,-2.843093722003614,-2.4805494847391065,-2.2655346029916,-1.373400766945016,-1.9295669970654687,-0.9505468408120752,-1.2722973952087173,-1.2490457723982544,-1.1583858851975093,-0.9097531579442097,-0.7454194762741583,-0.83798122500839,-1.0636978224025597,-0.7551044034786732,-0.6747409422235526,-0.8685393952858895,-0.37089128881266237,-0.372987721800061,0.0,-0.14189705460416394,-0.05258306161094172,0.14888994760949725,0.3805063771123649,0.702256931509007,0.8685393952858895,0.0,0.0,0.0,0.0,0.0,0.0,0.0,0.0,0.0,0.0,0.0,-1.849095985800008,-1.750649826587375,-1.892546881191539,-1.892546881191539,-2.1815222911841055,-2.677945044588987,-2.403777593469328,-2.459276098715045,-2.6387494426619322,-2.7928216500058864,-2.875340604438868,-2.5213431676069717,-2.912360720312798,-2.843093722003614,-2.9441970937399127,-2.938547436336328,-3.0606885544345626,3.0771658141642395,-3.109345771154539,3.141592653589793,3.1016139664665032,3.0221637275714546,3.0045264792796056,-2.833539872566017,3.104572537715863,3.067653615931853
-1.8759213347918609,0.0,-0.9357695914045828,-0.8408966686431651,-1.0121970114513341,-0.9575889779203873,-0.9119902906774204,-1.0405805540182667,-1.0552473193359175,-1.0714496051147666,-1.1324597669369387,-1.1193432352423422,-1.2882413743253092,-1.3101939350475555,-1.464060654145761,-1.3078015951139772,-1.4513674007765582,-1.5707963267948966,-1.5707963267948966,-1.7234456551901618,-1.750649826587375,-1.0303768265243125,3.141592653589793,1.5707963267948966,1.3258176636680326,1.4801364395941514,1.1441688336680205,0.0,0.0,0.0,0.0,0.0,0.0,0.0,0.0,0.0,0.0,0.0,3.026716048172894,3.0727361642887487,3.141592653589793,3.0750244898139694,3.038511045067093,3.108271657711546,3.141592653589793,-2.9708574421145104,-3.109345771154539,-2.958481836327309,-3.038511045067093,-2.9147938055359073,-2.922923707715851,-2.896613990462929,-2.651635327336065,-2.701750070774057,-2.5213431676069717,-2.729182211992406,-2.0344439357957027,-2.007423486608438,-2.1815222911841055,-1.837048375945822,-1.7681918866447774,-1.0768549578753155,-1.4382447944982226,-1.042721878368537
-1.878193799917718,0.0,1.6614562139956417,1.7539071440573808,1.7004988639508087,1.7126933813990606,1.5707963267948966,1.5042281630190728,1.5385494443596428,1.4994888620096063,1.477319545636307,1.317122230656254,1.3182420510168371,1.2160906747839564,1.1902899496825317,1.1479424006619559,1.1525719972156676,1.0808390005411683,1.042721878368537,1.3045442776439713,0.7853981633974483,1.5707963267948966,-2.677945044588987,-2.5535900500422257,-2.4668517113662407,-2.5829933382462307,-2.5748634360662868,0.0,0.0,0.0,0.0,0.0,0.0,0.0,0.0,0.0,0.0,0.0,-0.4228539261329407,-0.4266274931268761,-0.388318718172466,-0.48088728019533583,-0.3805063771123649,-0.35877067027057225,-0.4636476090008061,-0.41012734054149097,-0.3097029445424562,-0.3080527810237764,-0.3097029445424562,-0.08673833867598511,-0.3217505543966422,-0.09495170634275632,-0.11065722117389565,-0.3217505543966422,0.21866894587394195,0.3947911196997615,0.35877067027057225,0.4182243295792291,0.9505468408120752,1.0516502125483738,1.4056476493802699,1.2120256565243244,1.6704649792860586,1.9195673303788037
-0.32811989501530536,0.0,2.543173760111256,2.662073361597197,2.5337906574758327,2.5444159954971157,2.5213431676069717,2.455863142683507,2.647651284670212,2.3818298987140225,2.356194490192345,2.1870932641909677,2.1870932641909677,2.0516836069902324,2.0701430484750265,2.1193457292454245,2.095592098445004,2.2655346029916,1.965587446494658,2.158798930342464,1.97568811307998,2.896613990462929,3.141592653589793,-1.7681918866447774,-1.8157749899217608,-1.892546881191539,-1.7894652726688385,0.0,0.0,0.0,0.0,0.0,0.0,0.0,0.0,0.0,0.0,0.0,0.6202494859828215,0.4636476090008061,0.5247957716501074,0.3217505543966422,0.48088728019533583,0.5585993153435624,0.5880026035475675,0.5693131911006619,0.6805212246672144,0.6202494859828215,0.8519663271732721,0.7853981633974483,0.8960553845713439,0.7483780475235183,0.982793723247329,0.8224182792713783,0.9994588469612699,0.8685393952858895,1.4940244355251187,1.5707963267948966,1.4288992721907328,2.0778948311872334,2.1995926132103296,2.356194490192345,2.0701430484750265,2.677945044588987
-0.5349550737860964,0.0,-2.6954871046463897,-2.677945044588987,-2.677945044588987,-2.7790484163252858,-2.7722589959161676,-2.82955053202726,-2.9195107516843133,-2.835713782184941,-2.9105019863938963,-2.995580395878518,-2.875340604438868,-3.050932766389048,3.141592653589793,3.070285188804503,3.0916342578678506,2.907849472720892,2.961739153797315,3.141592653589793,-2.7367008673047097,-1.7681918866447774,-1.1071487177940904,0.0,-0.35877067027057225,-0.83798122500839,-0.4636476090008061,0.0,0.0,0.0,0.0,0.0,0.0,0.0,0.0,0.0,0.0,0.0,1.423717971406494,1.4940244355251187,1.4940244355251187,1.4108832036366774,1.4000611153196139,1.3854483767992019,1.3258176636680326,1.4157995848709557,1.5350972141155728,1.4382447944982226,1.3370531459259951,1.7607846147136124,1.892546881191539,2.0344439357957027,1.80634130751576,2.0344439357957027,2.1421338066285234,1.8157749899217608,2.0778948311872334,1.7359450042095235,2.455863142683507,2.5308666892005847,2.677945044588987,-2.976443976175166,-2.930499320367047,-2.761086276477428
-0.32811989501530536,0.0,-2.5415424401880395,-2.5308666892005847,-2.677945044588987,-2.6632402222111358,-2.741351996555819,-2.7672590375822095,-2.662073361597197,-2.720173446701989,-2.8535372065391673,-2.8890383778117337,-2.9504081939927786,-3.0419240010986313,-2.9441970937399127,-3.0981417581982624,-3.0916342578678506,-3.0309354324158977,-3.070285188804503,3.050932766389048,-2.976443976175166,-2.677945044588987,-0.5880026035475675,0.0,-0.3217505543966422,-0.507098504392337,-0.17985349979247828,0.0,0.0,0.0,0.0,0.0,0.0,0.0,0.0,0.0,0.0,0.0,1.5232132235179132,1.5707963267948966,1.446441332248135,1.4513674007765582,1.5707963267948966,1.6475682180646747,1.6107750139181867,1.6775319994440323,1.6539375586833378,1.7975951748487824,1.8662371639386166,1.776191715984664,1.7942729279355296,1.8157749899217608,2.007423486608438,1.9832067683922838,2.2455372690184494,2.214297435588181,2.4227626539681686,2.356194490192345,2.44685437739309,2.988943325194528,3.050932766389048,3.058451421701352,-2.819842099193151,-2.8632929945846817
0.8402880259916021,0.0,-1.4711276743037347,-1.356735643231075,-1.423717971406494,-1.5308176396716067,-1.4000611153196139,-1.4247840690836213,-1.5707963267948966,-1.6052654277944047,-1.7211677548020312,-1.8233506025729562,-1.9040406279065694,-1.8588517738455226,-2.0852476398539244,-1.8662371639386166,-2.0344439357957027,-2.0831857871056343,-2.1421338066285234,-1.9513027039072615,-1.97568811307998,-1.8157749899217608,1.5707963267948966,0.3805063771123649,0.7853981633974483,0.5191461142465229,0.4636476090008061,0.0,0.0,0.0,0.0,0.0,0.0,0.0,0.0,0.0,0.0,0.0,2.7776136970801493,2.8685839505030826,2.91811605244916,2.819842099193151,2.9147938055359073,2.9275319700259717,2.999695598985629,2.8577985443814655,2.988943325194528,3.141592653589793,-3.0309354324158977,3.054854314913808,3.096169374168216,3.141592653589793,3.141592653589793,-2.922923707715851,-2.647651284670212,-2.7091848780192556,-2.5127963671743605,-2.5308666892005847,-2.5213431676069717,-1.9195673303788037,-2.158798930342464,-1.6475682180646747,-1.849095985800008,-1.633215136790854
3.141592653589793,0.0,-2.5535900500422257,-2.5722794624891314,-2.5360479899848234,-2.692869309579072,-2.62244653934327,-2.691833040519954,-2.8828217616260954,-2.8023000391357487,-2.761086276477428,-2.8305943729842524,-2.9037567261323427,-2.999695598985629,-3.0750244898139694,3.070285188804503,-3.0981417581982624,3.141592653589793,-3.017237659043032,3.058451421701352,-2.896613990462929,-1.5707963267948966,2.5535900500422257,-0.982793723247329,-0.6202494859828215,-0.5880026035475675,-0.43240777557053783,0.0,0.0,0.0,0.0,0.0,0.0,0.0,0.0,0.0,0.0,0.0,1.7894652726688385,1.7126933813990606,1.7126933813990606,1.6064954394742206,1.6856729322117958,1.6738779353175968,1.7078625011050843,1.761980786391911,1.7818896600176433,1.695151321341658,1.8157749899217608,1.849095985800008,1.8804992713373527,1.9347752833045406,1.9890206563741257,2.173083672929861,2.3086113869153615,2.5360479899848234,2.601173153319209,2.5748634360662868,2.677945044588987,2.723368324010564,-2.896613990462929,-3.058451421701352,-2.838707785214822,-2.743070207923373
-0.32811989501530536,0.0,-1.4288992721907328,-1.237552025683224,-1.39408747072486,-1.39408747072486,-1.39408747072486,-1.373400766945016,-1.5395564933646284,-1.5707963267948966,-1.5063694873693432,-1.6030432092301505,-1.6738779353175968,-1.7539071440573808,-1.8157749899217608,-1.729451588981298,-1.8417431771333173,-1.8018869939907938,-1.9138202672156,-1.7681918866447774,-1.7359450042095235,-2.214297435588181,0.0,0.982793723247329,1.1071487177940904,0.6435011087932844,1.0121970114513341,0.0,0.0,0.0,0.0,0.0,0.0,0.0,0.0,0.0,0.0,0.0,2.833539872566017,2.7928216500058864,2.746801533890032,2.796037073008081,2.796037073008081,2.782821983319221,2.8785979219088738,2.8785979219088738,2.831889709047337,3.058451421701352,3.011890116433881,2.999695598985629,3.0890095919788516,3.0916342578678506,-3.036715714859559,-2.9105019863938963,-2.677945044588987,-2.819842099193151,-2.819842099193151,-2.356194490192345,-2.158798930342464,-1.7681918866447774,-2.0701430484750265,-1.5707963267948966,-1.7126933813990606,-1.633215136790854
-0.32811989501530536,0.0,-0.19739555984988075,-0.18311081726248413,-0.24497866312686414,-0.33205946754288546,-0.4214192068878042,-0.3743336160075839,-0.4487233440107211,-0.40024065703397416,-0.49394136891958124,-0.5880026035475675,-0.5880026035475675,-0.6857295109062863,-0.7298996581517315,-0.9272952180016122,-0.6528466311007743,-0.8288490587889792,-0.960070362405688,-0.8960553845713439,-0.6435011087932844,-1.5707963267948966,1.2490457723982544,1.2490457723982544,1.9890206563741257,2.0344439357957027,1.7234456551901618,0.0,0.0,0.0,0.0,0.0,0.0,0.0,0.0,0.0,0.0,0.0,-2.38648825011112,-2.4370985893475754,-2.4116929954380617,-2.4061528859142878,-2.38321493937961,-2.3818298987140225,-2.432966381462123,-2.3036114285814033,-2.2752903910371143,-2.191045812777718,-2.1341125882868646,-2.17084654019665,-2.0152155366959956,-2.0131705497716417,-1.7894652726688385,-1.7894652726688385,-1.892546881191539,-1.4801364395941514,-1.750649826587375,-1.5707963267948966,-1.2220253232109897,-1.3521273809209546,-0.9097531579442097,-1.0303768265243125,-0.3217505543966422,-0.22679884805388587
0.3156156620387663,0.0,1.8157749899217608,2.158798930342464,2.875340604438868,2.2655346029916,-2.976443976175166,-2.498091544796509,-2.356194490192345,-2.704965493776252,-2.1224513093234436,-2.38648825011112,-2.356194490192345,-2.356194490192345,-2.1341125882868646,-1.9437840485949576,-2.05527425583192,-2.14717154738608,-2.095592098445004,-1.7004988639508087,-1.6614562139956417,-1.3909428270024184,-1.4801364395941514,-1.4056476493802699,-1.042721878368537,-1.4382447944982226,-0.9420000403794636,0.0,0.0,0.0,0.0,0.0,0.0,0.0,0.0,0.0,0.0,0.0,-2.498091544796509,-2.214297435588181,-2.2455372690184494,-2.819842099193151,2.498091544796509,2.677945044588987,-3.0940095503128098,2.616796881939686,2.461071428922579,2.4905159321453136,2.158798930342464,2.4116929954380617,2.356194490192345,2.0344439357957027,2.191045812777718,2.201875714266226,2.132717889051712,2.2502101322027452,2.0344439357957027,1.9576720445259248,1.856847768512215,2.0533096218173736,1.6775319994440323,1.7063240407803975,1.5042281630190728,2.0344439357957027
2.6066375798036967,0.0,0.3217505543966422,0.14189705460416394,1.892546881191539,-2.8501358591119264,-2.356194490192345,2.356194490192345,3.058451421701352,2.4227626539681686,2.896613990462929,3.058451421701352,2.961739153797315,2.819842099193151,2.896613990462929,2.5308666892005847,2.988943325194528,3.141592653589793,-2.9516043656710775,3.141592653589793,-2.8632929945846817,-2.393214606066275,-2.601173153319209,-2.293775680196388,-1.9295669970654687,-1.8766751981997487,-1.923786714621807,0.0,0.0,0.0,0.0,0.0,0.0,0.0,0.0,0.0,0.0,0.0,2.356194490192345,1.2490457723982544,2.4668517113662407,1.7681918866447774,1.299849476456476,0.83798122500839,1.2679114584199251,1.1071487177940904,1.217805938967986,0.6350267353903137,1.0164888305933455,0.8139618212362083,0.6435011087932844,1.1410340476982082,0.7853981633974483,0.7853981633974483,0.6240230529767569,0.549853182676585,0.5984188934785372,0.5880026035475675,0.6528466311007743,0.6823165548747481,0.6805212246672144,0.4636476090008061,0.5880026035475675,0.668289418830584
-2.5722794624891314,0.0,0.7853981633974483,2.0344439357957027,-0.5880026035475675,1.8157749899217608,1.9295669970654687,2.746801533890032,2.5829933382462307,-2.79856871316909,-2.5535900500422257,-2.922923707715851,3.141592653589793,-3.050932766389048,-3.104572537715863,3.0890095919788516,-2.7270857790050074,-2.770701364777131,-2.601173153319209,-2.5748634360662868,-2.677945044588987,-2.104504518434158,-1.9832067683922838,-2.0344439357957027,-1.9379701606131159,-1.5083775167989393,-1.7033478590915707,0.0,0.0,0.0,0.0,0.0,0.0,0.0,0.0,0.0,0.0,0.0,-2.601173153319209,3.141592653589793,-3.0309354324158977,3.017237659043032,2.723368324010564,2.2318394956455836,2.3191743743184148,2.0032041023654346,1.9693187724613168,2.2218730482393765,1.892546881191539,1.925501978805837,1.7004988639508087,1.8533512792644842,1.5042281630190728,1.7033478590915707,1.5707963267948966,1.3415643935179014,1.3876855095324125,1.5422326689561365,1.3415643935179014,1.0912770348023004,1.3521273809209546,1.4909663410826592,1.3258176636680326,1.4141944498128813
0.3156156620387663,0.0,2.158798930342464,-2.761086276477428,-2.0344439357957027,-2.214297435588181,-2.0344439357957027,-1.5083775167989393,-1.4288992721907328,-1.0714496051147666,-1.2679114584199251,-1.7782925532300993,-0.9272952180016122,-1.2627435457711202,-1.2490457723982544,-1.1309537439791604,-0.9048270894157867,-1.373400766945016,-0.9561333748727311,-0.6823165548747481,-0.5191461142465229,-0.16514867741462683,-0.5880026035475675,-0.08314123188844123,0.15660187698201536,0.12435499454676144,0.4636476090008061,0.0,0.0,0.0,0.0,0.0,0.0,0.0,0.0,0.0,0.0,0.0,-1.6539375586833378,-1.3258176636680326,-2.158798930342464,-1.892546881191539,-2.279422598922567,-2.356194490192345,-2.173083672929861,-2.819842099193151,-2.743070207923373,-2.539305307454829,-2.875340604438868,-2.774418819771574,-2.525295716193722,-2.9562447035940984,-2.988943325194528,-2.958481836327309,-2.819842099193151,-3.0940095503128098,-3.0045264792796056,-2.91811605244916,-3.0981417581982624,-3.0890095919788516,2.9441970937399127,3.0419240010986313,2.999695598985629,3.141592653589793
-0.32811989501530536,0.0,-0.5191461142465229,-0.6510767214444798,-0.7298996581517315,-0.7399748839758713,-0.8584387287005676,-0.9467732738181398,-0.9544993893988254,-0.982793723247329,-0.9917220574271658,-1.0121970114513341,-1.1071487177940904,-1.1410340476982082,-1.1410340476982082,-1.3045442776439713,-1.2360594894780819,-1.3397056595989996,-1.176005207095135,-1.176005207095135,-1.0636978224025597,-1.4056476493802699,-0.16514867741462683,0.19739555984988075,0.507098504392337,0.6947382761967031,0.4266274931268761,0.0,0.0,0.0,0.0,0.0,0.0,0.0,0.0,0.0,0.0,0.0,-1.9974238199217726,-1.9853032013796825,-2.0491487581735544,-2.0195196708056176,-2.0344439357957027,-2.0940746489268722,-2.0344439357957027,-2.0778948311872334,-2.1401095178955587,-2.0812846487116725,-2.0503156187874927,-2.0516836069902324,-1.8804992713373527,-1.9074711461816238,-1.8018869939907938,-1.7894652726688385,-1.642103791580187,-1.5707963267948966,-1.5083775167989393,-1.35970299357215,-1.0768549578753155,-0.8760580505981934,-0.8329812666744317,-0.982793723247329,-0.6327488350021832,-0.7086262721276703
2.6066375798036967,0.0,0.2551823906208184,0.3671738338182192,0.35470565201094034,0.2629947316809195,0.14189705460416394,0.2536740961386427,0.06442683942555355,0.0688564893010446,0.0,0.0688564893010446,-0.15264932839526515,0.037020115873930025,-0.10673567264913565,-0.23554498072086333,-0.24497866312686414,0.0,0.07130746478529032,-0.40489178628508343,-0.12435499454676144,0.7853981633974483,0.5404195002705842,1.0303768265243125,1.7126933813990606,1.9890206563741257,1.7894652726688385,0.0,0.0,0.0,0.0,0.0,0.0,0.0,0.0,0.0,0.0,0.0,-1.1232763516377267,-1.0603080048781208,-1.0768549578753155,-1.1361261116456518,-1.1220729827841756,-1.208252089530389,-1.1361261116456518,-1.2277723863741932,-1.1525719972156676,-1.1361261116456518,-1.1606689862534056,-1.0516502125483738,-1.1263771168937977,-0.9179496956941223,-0.8519663271732721,-0.7454194762741583,-0.7328151017865066,-0.43662715981354133,-0.4636476090008061,-0.2984989315861793,-0.22679884805388587,-0.17985349979247828,0.12435499454676144,0.14189705460416394,0.24497866312686414,0.2914567944778671
3.141592653589793,0.0,2.677945044588987,2.677945044588987,2.543173760111256,2.691833040519954,2.579671091332978,2.3805798993650633,2.3818298987140225,2.289626326416521,2.3062360944704023,2.2865399164637767,2.2404352724715344,2.2286849319771065,2.158798930342464,2.2455372690184494,2.158798930342464,2.158798930342464,2.432966381462123,2.0778948311872334,2.432966381462123,2.601173153319209,3.017237659043032,3.141592653589793,-2.44685437739309,-2.297438667476622,-2.403777593469328,0.0,0.0,0.0,0.0,0.0,0.0,0.0,0.0,0.0,0.0,0.0,1.2627435457711202,1.237552025683224,1.2753554896511765,1.2597980461893556,1.1839206090638685,1.1705556697609225,1.1210367137250576,1.1824776086224307,1.0912770348023004,1.1824776086224307,1.124690777851493,1.4121410646084953,1.373400766945016,1.4141944498128813,1.5707963267948966,1.5707963267948966,1.4801364395941514,1.6614562139956417,1.5707963267948966,1.7359450042095235,2.137525544318403,2.455863142683507,2.4756234162106834,2.403777593469328,2.677945044588987,2.723368324010564
-0.32811989501530536,0.0,-2.6078844619505315,-2.8535372065391673,-2.746801533890032,-2.723368324010564,-2.8785979219088738,-2.8305943729842524,-2.9865959116658525,3.112189365385788,-3.0132694259039985,3.104572537715863,3.107123552590285,3.0727361642887487,2.843093722003614,3.141592653589793,2.819842099193151,2.819842099193151,3.070285188804503,2.976443976175166,3.058451421701352,-2.761086276477428,-2.677945044588987,-2.356194490192345,-1.9974238199217726,-1.6539375586833378,-1.4876550949064553,0.0,0.0,0.0,0.0,0.0,0.0,0.0,0.0,0.0,0.0,0.0,2.6271413405307653,2.711830374493105,2.4775464907631086,2.6066375798036967,2.505084437801842,2.5535900500422257,2.4905159321453136,2.44685437739309,2.4416997838705496,2.429235055495464,2.4149503129080676,2.483704048407583,2.4668517113662407,2.4116929954380617,2.5535900500422257,2.5088438185876103,2.642245931909663,2.8555412118724752,2.774418819771574,-3.064820762320015,-2.988943325194528,-3.058451421701352,-2.9105019863938963,-2.723368324010564,-2.9533711482850227,-2.356194490192345
-2.7461842500178175,0.0,-1.2627435457711202,-1.2870022175865687,-1.317122230656254,-1.1978086049948355,-1.4559197213779975,-1.4677147182721964,-1.297787623708186,-1.501939837493852,-1.5707963267948966,-1.6475682180646747,-1.6124389058934852,-1.6539375586833378,-1.784857010358718,-1.695151321341658,-1.8281200417659853,-1.8157749899217608,-1.892546881191539,-1.8692952583810758,-1.6814535479687922,-1.5707963267948966,-1.4056476493802699,-0.35877067027057225,0.0,-0.11065722117389565,0.09065988720074511,0.0,0.0,0.0,0.0,0.0,0.0,0.0,0.0,0.0,0.0,0.0,-2.5065659181994793,-2.498091544796509,-2.483704048407583,-2.483704048407583,-2.505084437801842,-2.645169900184911,-2.647651284670212,-2.694072678432623,-2.7091848780192556,-2.543173760111256,-2.677945044588987,-2.5535900500422257,-2.593043251139265,-2.396173177315635,-2.44685437739309,-2.312743594800814,-2.356194490192345,-2.0344439357957027,-2.0701430484750265,-1.6475682180646747,-1.4940244355251187,-1.6539375586833378,-1.4181469983996315,-1.1071487177940904,-1.2924966677897853,-1.1902899496825317
2.974737493190004,0.0,-1.3909428270024184,-1.4876550949064553,-1.433730152484709,-1.464060654145761,-1.5291537476963082,-1.6064954394742206,-1.5350972141155728,-1.6078164426688266,-1.8337910584758161,-1.7063240407803975,-1.8157749899217608,-1.8662371639386166,-2.0152155366959956,-1.9437840485949576,-1.9074711461816238,-1.8417431771333173,-2.0647376957144776,-2.1815222911841055,-1.4711276743037347,-1.5707963267948966,-0.7853981633974483,-0.3217505543966422,-0.5191461142465229,-0.507098504392337,0.0,0.0,0.0,0.0,0.0,0.0,0.0,0.0,0.0,0.0,0.0,0.0,-2.62244653934327,-2.6954871046463897,-2.796037073008081,-2.741351996555819,-2.774418819771574,-2.819842099193151,-2.782821983319221,-2.7547169358587653,-2.711830374493105,-2.746801533890032,-2.7776136970801493,-2.7314653130483024,-2.609868586330988,-2.5535900500422257,-2.2367655641740063,-2.44685437739309,-2.455863142683507,-2.3086113869153615,-2.0344439357957027,-2.137525544318403,-1.6475682180646747,-1.892546881191539,-1.6373644905707205,-1.5152978215491797,-1.5707963267948966,-1.3854483767992019
-2.5722794624891314,0.0,-0.5763752205911837,-0.5543074962015512,-0.5667292175235064,-0.6947382761967031,-0.6857295109062863,-0.6696389456766376,-0.8519663271732721,-0.8097835725701669,-0.8803498697402047,-0.9129077216126865,-0.9342881110069455,-1.0240074859056494,-0.982793723247329,-1.2120256565243244,-1.1999050379822342,-1.1071487177940904,-1.0303768265243125,-1.1902899496825317,-0.9505468408120752,-0.5191461142465229,-0.3217505543966422,0.12435499454676144,0.40489178628508343,0.9097531579442097,0.844153986113171,0.0,0.0,0.0,0.0,0.0,0.0,0.0,0.0,0.0,0.0,0.0,-1.8692952583810758,-1.8804992713373527,-1.9890206563741257,-1.9631364710104124,-2.0626055027835952,-2.0491487581735544,-1.9513027039072615,-2.0491487581735544,-1.97568811307998,-2.0195196708056176,-1.9379701606131159,-1.8662371639386166,-1.8438050298816073,-1.750649826587375,-1.8018869939907938,-1.5208379310729538,-1.6295521495106193,-1.7359450042095235,-1.2924966677897853,-1.0516502125483738,-1.2277723863741932,-1.1659045405098132,-1.0303768265243125,-0.702256931509007,-0.5404195002705842,-0.6202494859828215
2.323947607757091,0.0,-0.4993467216801301,-0.5585993153435624,-0.6805212246672144,-0.5280744484263596,-0.6162969373960713,-0.6696389456766376,-0.6640461628266846,-0.8550527371260165,-0.7853981633974483,-0.8288490587889792,-0.982793723247329,-1.0240074859056494,-1.0121970114513341,-1.1071487177940904,-1.0460005551447893,-1.1801892830972098,-1.0303768265243125,-0.8960553845713439,-1.0121970114513341,-0.7853981633974483,-0.24497866312686414,0.4636476090008061,0.3217505543966422,0.8519663271732721,0.8519663271732721,0.0,0.0,0.0,0.0,0.0,0.0,0.0,0.0,0.0,0.0,0.0,-1.8662371639386166,-2.0503156187874927,-1.9576720445259248,-1.9451299428024806,-1.97568811307998,-2.0647376957144776,-2.0344439357957027,-2.0054665419441413,-2.1498705961626277,-2.0491487581735544,-2.104504518434158,-1.9295669970654687,-1.9809236673363877,-1.849095985800008,-1.7681918866447774,-1.6704649792860586,-1.6373644905707205,-1.4288992721907328,-1.4181469983996315,-1.2036224929766774,-0.9272952180016122,-1.2722973952087173,-0.8760580505981934,-0.7853981633974483,-0.6528466311007743,-0.6202494859828215
3.141592653589793,0.0,0.5028432109278608,0.40024065703397416,0.4297622790966885,0.4636476090008061,0.33205946754288546,0.27829965900511133,0.27829965900511133,0.09966865249116202,0.09966865249116202,0.10673567264913565,-0.06656816377582381,-0.0688564893010446,0.07982998571223732,-0.09065988720074511,-0.15660187698201536,-0.21866894587394195,-0.21866894587394195,0.0,0.07677189126977804,0.5191461142465229,0.8760580505981934,1.2924966677897853,1.4711276743037347,1.4876550949064553,1.7359450042095235,0.0,0.0,0.0,0.0,0.0,0.0,0.0,0.0,0.0,0.0,0.0,-0.9272952180016122,-0.7597627548757708,-0.8353565591193911,-0.9342881110069455,-0.906750163968212,-0.9467732738181398,-0.9652516631899266,-1.0768549578753155,-0.9629943306809362,-1.0370881351556351,-0.9129077216126865,-0.9272952180016122,-0.9561333748727311,-1.0222469243443686,-0.7853981633974483,-0.7853981633974483,-0.8288490587889792,-0.40489178628508343,-0.348771003583907,-0.09065988720074511,-0.07677189126977804,0.16514867741462683,0.21109333322274654,0.24497866312686414,0.3028848683749714,0.5191461142465229
-0.32811989501530536,0.0,1.6475682180646747,1.6539375586833378,1.776191715984664,1.6738779353175968,1.6030432092301505,1.5042281630190728,1.4940244355251187,1.460139105621001,1.4288992721907328,1.380808038876181,1.2793395323170296,1.1705556697609225,1.2870022175865687,1.1441688336680205,1.2793395323170296,1.3521273809209546,1.35970299357215,1.176005207095135,1.4711276743037347,1.7359450042095235,2.158798930342464,2.5535900500422257,2.896613990462929,3.058451421701352,3.141592653589793,0.0,0.0,0.0,0.0,0.0,0.0,0.0,0.0,0.0,0.0,0.0,0.23554498072086333,0.1470783553884025,0.20401797959254858,0.07130746478529032,0.22923193327699534,0.06656816377582381,0.1283232276857948,0.0688564893010446,0.0,0.03224688243525392,0.07677189126977804,0.15264932839526515,0.19739555984988075,0.27094685033842053,0.2860514417173182,0.35877067027057225,0.6857295109062863,0.628796286415433,1.0303768265243125,1.0516502125483738,1.1071487177940904,1.2793395323170296,1.4288992721907328,1.633215136790854,1.5707963267948966,1.512040504079174
0.3156156620387663,0.0,1.837048375945822,1.4288992721907328,2.714965160462917,2.356194490192345,-2.761086276477428,3.141592653589793,-2.9340964271545906,-2.8632929945846817,-2.761086276477428,-2.984990776607778,-2.9516043656710775,-2.8461518164460733,-2.819842099193151,-2.7547169358587653,-2.8068558162729786,-2.5175696006130366,-2.137525544318403,-2.5415424401880395,-2.432966381462123,-1.8662371639386166,-1.719686274404394,-1.687905071361761,-1.4940244355251187,-1.5707963267948966,-1.5208379310729538,0.0,0.0,0.0,0.0,0.0,0.0,0.0,0.0,0.0,0.0,0.0,-2.6344941491974563,-3.0309354324158977,2.8501358591119264,-2.976443976175166,3.141592653589793,2.677945044588987,2.473303234759209,2.1451011569695986,2.7187387274568526,2.17084654019665,2.095592098445004,2.1870932641909677,2.104504518434158,2.158798930342464,1.9513027039072615,1.8076450877418169,2.1112158270654806,1.80634130751576,1.5232132235179132,1.8828384483574299,1.4940244355251187,1.730709449953116,1.3677511095414314,1.5707963267948966,1.4994888620096063,1.6295521495106193
0.3156156620387663,0.0,2.7928216500058864,2.976443976175166,-2.922923707715851,-2.1112158270654806,-2.5535900500422257,-2.3086113869153615,-2.158798930342464,-2.214297435588181,-2.2531128816696446,-2.1451011569695986,-1.9513027039072615,-1.6506263125071339,-1.9809236673363877,-1.7782925532300993,-1.849095985800008,-1.5707963267948966,-1.3370531459259951,-1.1659045405098132,-1.3258176636680326,-1.2036224929766774,-0.9151007005533605,-1.176005207095135,-0.628796286415433,-0.6947382761967031,-0.7853981633974483,0.0,0.0,0.0,0.0,0.0,0.0,0.0,0.0,0.0,0.0,0.0,-1.7894652726688385,-2.5829933382462307,-2.356194490192345,-2.677945044588987,-3.017237659043032,-2.7928216500058864,-2.992702705980296,3.079173843593836,2.976443976175166,2.5360479899848234,2.992702705980296,2.743070207923373,2.9441970937399127,2.677945044588987,2.4416997838705496,2.692869309579072,2.5535900500422257,2.5722794624891314,2.4783896608837,2.251317551462111,2.234842489621581,2.104504518434158,2.3818298987140225,2.4668517113662407,2.20354516179708,2.677945044588987
3.141592653589793,0.0,-2.90604767286893,-2.831889709047337,-2.9708574421145104,-2.981679530431574,-3.0535852800620527,-3.111298893671018,3.1058935409104693,2.961739153797315,3.108271657711546,2.9441970937399127,2.9441970937399127,2.6590793585673165,2.9441970937399127,2.835713782184941,2.8706458032513726,2.9562447035940984,2.976443976175166,3.141592653589793,-2.922923707715851,-2.0899424410414196,-2.0344439357957027,-2.158798930342464,-1.8157749899217608,-1.5707963267948966,-1.687905071361761,0.0,0.0,0.0,0.0,0.0,0.0,0.0,0.0,0.0,0.0,0.0,1.460139105621001,1.4994888620096063,1.3521273809209546,1.379611867197882,1.3016288340091962,1.3554386270971586,1.3439974787410107,1.442473099109102,1.4711276743037347,1.373400766945016,1.460139105621001,1.5707963267948966,1.7004988639508087,1.3370531459259951,1.5707963267948966,1.6373644905707205,1.7818896600176433,1.8157749899217608,2.0701430484750265,2.158798930342464,2.9147938055359073,2.601173153319209,2.976443976175166,3.141592653589793,-2.875340604438868,-2.907849472720892
0.3156156620387663,0.0,-1.6991195544806914,-1.9853032013796825,-1.6373644905707205,-1.750649826587375,-1.9401299844685223,-2.1507991010025775,-2.0054665419441413,-2.1421338066285234,-2.1401095178955587,-2.1353657204629966,-2.2752903910371143,-2.279422598922567,-2.4416997838705496,-2.384758148031105,-2.356194490192345,-2.5088438185876103,-2.1224513093234436,-1.892546881191539,-1.5707963267948966,-1.7894652726688385,-1.3258176636680326,-0.507098504392337,-0.5404195002705842,-0.3430239404207034,-0.15660187698201536,0.0,0.0,0.0,0.0,0.0,0.0,0.0,0.0,0.0,0.0,0.0,2.6271413405307653,2.6607053733944572,2.6632402222111358,2.5535900500422257,2.6066375798036967,2.647651284670212,2.651635327336065,2.6909313275091598,2.5444159954971157,2.645169900184911,2.5748634360662868,2.741351996555819,2.936197264400026,2.7314653130483024,3.024483909022929,-3.070285188804503,3.0860941483440762,3.0309354324158977,-2.930499320367047,-2.4227626539681686,-2.356194490192345,-2.158798930342464,-1.7561442767905915,-1.8313987185422376,-1.7681918866447774,-1.7359450042095235
0.3156156620387663,0.0,2.214297435588181,2.3036114285814033,2.214297435588181,2.125103822996448,2.0899424410414196,2.0899424410414196,1.9379701606131159,1.9922155336827008,1.892546881191539,1.8157749899217608,1.7681918866447774,1.8157749899217608,1.776191715984664,1.9074711461816238,1.6756732655251305,1.8018869939907938,1.9513027039072615,1.9295669970654687,2.0344439357957027,2.279422598922567,-2.999695598985629,-2.9441970937399127,-2.9147938055359073,-2.7928216500058864,-2.79856871316909,0.0,0.0,0.0,0.0,0.0,0.0,0.0,0.0,0.0,0.0,0.0,0.4266274931268761,0.3868757177310281,0.4346702151492448,0.3868757177310281,0.3868757177310281,0.40489178628508343,0.33205946754288546,0.3805063771123649,0.4346702151492448,0.40489178628508343,0.4993467216801301,0.4636476090008061,0.5880026035475675,0.4636476090008061,0.8253768505207384,0.83798122500839,0.7328151017865066,0.6435011087932844,1.5707963267948966,1.6814535479687922,2.297438667476622,1.9513027039072615,1.9379701606131159,2.158798930342464,2.356194490192345,2.214297435588181
-0.32811989501530536,0.0,0.0,-0.06442683942555355,-0.18998828791871572,-0.03569911267932397,-0.18311081726248413,-0.3028848683749714,-0.34555558058171215,-0.49180917598869855,-0.4795192919925962,-0.628796286415433,-0.5984188934785372,-0.7551044034786732,-0.6998928697192437,-0.625485040239229,-0.7419472680059175,-0.7853981633974483,-0.3217505543966422,-0.6107259643892086,0.0,0.0,0.4636476090008061,0.5880026035475675,1.0303768265243125,1.2036224929766774,1.4876550949064553,0.0,0.0,0.0,0.0,0.0,0.0,0.0,0.0,0.0,0.0,0.0,-1.5350972141155728,-1.7234456551901618,-1.6914199953749993,-1.6738779353175968,-1.7415315382701795,-1.8533512792644842,-1.716808584506172,-1.7033478590915707,-1.6914199953749993,-1.5374753309166493,-1.7607846147136124,-1.6614562139956417,-1.7681918866447774,-1.7590178320996674,-1.6207547225168393,-1.2036224929766774,-1.5182132651839548,-1.1441688336680205,-0.982793723247329,-1.0121970114513341,-0.982793723247329,-0.5585993153435624,-0.4636476090008061,0.07130746478529032,-0.058755822715722696,0.19739555984988075
2.420433465633635,0.0,0.4266274931268761,-0.5404195002705842,0.8960553845713439,1.1071487177940904,2.7367008673047097,1.9974238199217726,1.856847768512215,1.4181469983996315,1.2847448850775784,1.856847768512215,1.7681918866447774,1.8313987185422376,1.9693187724613168,1.7942729279355296,1.776191715984664,1.8804992713373527,2.17084654019665,1.8588517738455226,2.393214606066275,2.316215803069055,2.677945044588987,2.9669204545815537,2.6292031932790554,-2.9340964271545906,-2.651635327336065,0.0,0.0,0.0,0.0,0.0,0.0,0.0,0.0,0.0,0.0,0.0,2.677945044588987,2.432966381462123,2.4149503129080676,1.373400766945016,1.4711276743037347,1.837048375945822,1.373400766945016,1.1722738811284763,0.9561333748727311,0.5317240672588056,0.7044940642422177,0.6747409422235526,0.5971766580926775,0.6202494859828215,0.4636476090008061,0.37089128881266237,0.47835243137865757,0.4636476090008061,0.25255427577805956,0.18998828791871572,0.24497866312686414,0.12435499454676144,-0.1297025371559121,-0.09065988720074511,0.07677189126977804,0.4636476090008061
-2.1357904390613704,0.0,2.356194490192345,0.21866894587394195,1.1902899496825317,2.0899424410414196,1.1441688336680205,2.601173153319209,2.0988707752212563,1.5152978215491797,2.129395642138459,2.1193457292454245,1.8417431771333173,1.727398203776912,1.6614562139956417,2.0169018757383004,2.0169018757383004,2.104504518434158,2.459276098715045,2.2730532583039036,1.7681918866447774,2.488746022489019,3.141592653589793,2.191045812777718,2.5127963671743605,2.988943325194528,3.050932766389048,0.0,0.0,0.0,0.0,0.0,0.0,0.0,0.0,0.0,0.0,0.0,3.141592653589793,-1.5707963267948966,2.356194490192345,1.6475682180646747,1.2924966677897853,2.1815222911841055,1.2490457723982544,0.9197196053504169,1.2924966677897853,0.8224182792713783,0.9505468408120752,0.8478169733934057,0.636508215787951,0.5028432109278608,0.29654580906970046,0.3028848683749714,0.507098504392337,0.33205946754288546,0.18311081726248413,0.24497866312686414,0.2551823906208184,0.30587887140485215,0.13706617431018764,-0.05258306161094172,-0.5880026035475675,0.4423742229767449
-2.690139562037239,0.0,2.2318394956455836,2.408777551803287,1.5707963267948966,-2.677945044588987,-2.875340604438868,-2.5748634360662868,-2.323947607757091,-2.356194490192345,-2.2597207150097582,-1.8622531212727638,-2.05527425583192,-2.2218730482393765,-2.191045812777718,-1.9614033704925835,-1.9163519073766087,-1.9295669970654687,-1.878849107818673,-1.4352686128093959,-1.3258176636680326,-1.1999050379822342,-1.1071487177940904,-0.8960553845713439,-0.6055446636049701,-0.7853981633974483,-0.7378150601204649,0.0,0.0,0.0,0.0,0.0,0.0,0.0,0.0,0.0,0.0,0.0,-2.9147938055359073,-2.7928216500058864,-2.9441970937399127,2.761086276477428,2.158798930342464,2.399645385583876,2.7928216500058864,2.279422598922567,2.2597207150097582,2.2058230621852104,1.9591150449673627,2.169215220273434,2.0899424410414196,1.967875772019879,2.158798930342464,2.1206495094714817,2.0626055027835952,1.892546881191539,1.5308176396716067,1.7607846147136124,2.007423486608438,1.716808584506172,1.446441332248135,1.5707963267948966,1.7607846147136124,2.007423486608438
0.3156156620387663,0.0,-2.5127963671743605,-1.5707963267948966,-1.6704649792860586,-0.2914567944778671,0.14189705460416394,0.0,0.4636476090008061,0.25732371497108864,0.5123894603107377,0.36397895650964407,0.19739555984988075,0.30587887140485215,0.40024065703397416,0.388318718172466,0.4297622790966885,0.5404195002705842,1.0460005551447893,0.9561333748727311,1.35970299357215,1.2490457723982544,1.9614033704925835,1.4536875822280324,1.965587446494658,1.6539375586833378,2.2655346029916,0.0,0.0,0.0,0.0,0.0,0.0,0.0,0.0,0.0,0.0,0.0,0.3947911196997615,-0.08314123188844123,-0.4636476090008061,-0.9505468408120752,-0.4266274931268761,-0.6435011087932844,-1.3521273809209546,-1.1902899496825317,-1.4909663410826592,-1.2036224929766774,-1.1902899496825317,-1.178456182579381,-1.4677147182721964,-1.5707963267948966,-1.5042281630190728,-1.5707963267948966,-1.5993599846336566,-1.6262948320406134,-1.695151321341658,-1.7738415440483617,-1.8018869939907938,-1.8244704229335393,-1.8244704229335393,-1.6475682180646747,-1.4288992721907328,-1.825978717415715
2.998434565606144,0.0,-3.064820762320015,-1.7975951748487824,-2.356194490192345,-0.982793723247329,-1.892546881191539,-1.042721878368537,-1.1659045405098132,-0.9272952180016122,-1.0303768265243125,-1.4410937896389846,-0.507098504392337,-0.39852244566642026,-0.3028848683749714,-0.7853981633974483,-0.870903457075653,-0.9723774333163594,-0.5191461142465229,-0.3430239404207034,-0.22679884805388587,-0.08314123188844123,-0.4423742229767449,0.19739555984988075,0.23109066719589708,0.16514867741462683,0.9272952180016122,0.0,0.0,0.0,0.0,0.0,0.0,0.0,0.0,0.0,0.0,0.0,-0.21109333322274654,0.7853981633974483,-0.2662520491509254,-1.3258176636680326,-1.2490457723982544,-1.7975951748487824,-1.9379701606131159,-1.460139105621001,-2.2531128816696446,-2.0183163019520665,-1.4801364395941514,-1.5707963267948966,-2.310771210770768,-2.1156602422464403,-2.0344439357957027,-2.33980251588434,-2.0472637462686034,-2.169215220273434,-2.26945615151636,-1.9379701606131159,-2.459276098715045,-2.376599820878883,-2.3062360944704023,-2.38321493937961,-2.677945044588987,-2.5829933382462307
-2.1357904390613704,0.0,0.8478169733934057,0.8621700546672264,0.7610127542247298,0.7853981633974483,0.7399748839758713,0.7419472680059175,0.6375487981386927,0.6435011087932844,0.6857295109062863,0.4636476090008061,0.5693131911006619,0.48088728019533583,0.5337081916392615,0.5763752205911837,0.6350267353903137,0.625485040239229,0.5191461142465229,0.8850668158886104,1.0040671092713902,1.3258176636680326,1.4801364395941514,1.837048375945822,2.158798930342464,2.3086113869153615,2.3036114285814033,0.0,0.0,0.0,0.0,0.0,0.0,0.0,0.0,0.0,0.0,0.0,-0.6202494859828215,-0.6805212246672144,-0.7583777142101835,-0.6947382761967031,-0.7631795980707292,-0.7419472680059175,-0.7437555842988599,-0.702256931509007,-0.7649928327109102,-0.7419472680059175,-0.7853981633974483,-0.7354397676755056,-0.668289418830584,-0.668289418830584,-0.7044940642422177,-0.714090698612158,-0.6747409422235526,-0.6747409422235526,-0.5404195002705842,-0.27829965900511133,-0.24497866312686414,0.0,0.7853981633974483,0.507098504392337,0.6659692373791098,0.5880026035475675
2.420433465633635,0.0,-0.5543074962015512,-0.4297622790966885,-0.6162969373960713,-0.6055446636049701,-0.5302157727766299,-0.6794138054078485,-0.702256931509007,-0.7437555842988599,-0.8308214428190254,-0.7621465405869854,-0.7853981633974483,-0.9652516631899266,-0.8960553845713439,-0.9272952180016122,-1.0636978224025597,-0.7509290623979403,-0.7328151017865066,-0.4266274931268761,-0.4636476090008061,-0.4266274931268761,0.17985349979247828,0.3217505543966422,0.7853981633974483,0.7266423406817256,0.7454194762741583,0.0,0.0,0.0,0.0,0.0,0.0,0.0,0.0,0.0,0.0,0.0,-1.8804992713373527,-1.8804992713373527,-1.925501978805837,-1.8533512792644842,-1.9922155336827008,-1.9890206563741257,-2.0344439357957027,-2.0344439357957027,-1.967875772019879,-2.0205559398647357,-2.0491487581735544,-1.925501978805837,-1.9576720445259248,-1.97568811307998,-1.97568811307998,-1.892546881191539,-1.873681195169868,-1.7818896600176433,-1.6373644905707205,-1.5707963267948966,-1.3045442776439713,-0.982793723247329,-0.982793723247329,-0.5516549825285468,-0.6202494859828215,-0.6857295109062863
-2.690139562037239,0.0,-1.1824776086224307,-1.3258176636680326,-1.366778347202348,-1.3554386270971586,-1.3101939350475555,-1.4501726582147938,-1.5385494443596428,-1.513715544388632,-1.5707963267948966,-1.6614562139956417,-1.6672701019774836,-1.6475682180646747,-1.6078164426688266,-1.8662371639386166,-1.6124389058934852,-1.6207547225168393,-1.6575346654708818,-1.460139105621001,-1.0516502125483738,-1.3258176636680326,-0.844153986113171,-0.2662520491509254,-0.24497866312686414,0.06656816377582381,0.0,0.0,0.0,0.0,0.0,0.0,0.0,0.0,0.0,0.0,0.0,0.0,-2.694072678432623,-2.774418819771574,-2.761086276477428,-2.7672590375822095,-2.7547169358587653,-2.7901478595862415,-2.9105019863938963,-2.82955053202726,-2.912360720312798,-2.8286914257094087,-2.9708574421145104,-2.79856871316909,-3.011890116433881,-2.761086276477428,-2.677945044588987,-2.7367008673047097,-2.62244653934327,-2.485897027348257,-2.3036114285814033,-2.498091544796509,-1.965587446494658,-1.849095985800008,-1.5707963267948966,-1.5042281630190728,-1.2722973952087173,-1.5707963267948966
2.5337906574758327,0.0,2.961739153797315,2.7928216500058864,2.8535372065391673,2.796037073008081,2.7069224384405484,2.7069224384405484,2.647651284670212,2.579671091332978,2.5636907166275478,2.6311043316730176,2.483704048407583,2.483704048407583,2.425849063920913,2.452668265374932,2.388441372627599,2.729182211992406,2.5535900500422257,2.79856871316909,2.8501358591119264,-2.782821983319221,-2.498091544796509,-2.761086276477428,-2.677945044588987,-2.3036114285814033,-2.356194490192345,0.0,0.0,0.0,0.0,0.0,0.0,0.0,0.0,0.0,0.0,0.0,1.6614562139956417,1.695151321341658,1.7004988639508087,1.6856729322117958,1.380808038876181,1.4994888620096063,1.5323537367737086,1.39408747072486,1.4968572891369563,1.3654009376051293,1.373400766945016,1.4758446204521403,1.4940244355251187,1.5707963267948966,1.5182132651839548,1.396124127786657,1.3101939350475555,1.7234456551901618,1.892546881191539,1.9195673303788037,2.0344439357957027,2.498091544796509,2.5213431676069717,2.677945044588987,3.064820762320015,3.141592653589793
0.0,0.0,-0.3217505543966422,-0.4844779290370232,-0.628796286415433,-0.35470565201094034,-0.5790742693677309,-0.5104883219167757,-0.6375487981386927,-0.5585993153435624,-0.6857295109062863,-0.8353565591193911,-0.9197196053504169,-0.8850668158886104,-1.0460005551447893,-0.844153986113171,-0.982793723247329,-0.8621700546672264,-0.5880026035475675,-0.7266423406817256,-0.6202494859828215,-0.3217505543966422,-0.11065722117389565,0.3805063771123649,0.7853981633974483,0.3805063771123649,0.83798122500839,0.0,0.0,0.0,0.0,0.0,0.0,0.0,0.0,0.0,0.0,0.0,-1.6539375586833378,-1.690225252813235,-1.695151321341658,-1.7975951748487824,-1.7894652726688385,-1.6856729322117958,-1.7415315382701795,-1.8157749899217608,-1.7748143063874453,-1.8817946074004375,-1.8337910584758161,-1.8545904360032244,-1.892546881191539,-1.784857010358718,-1.8281200417659853,-1.8157749899217608,-1.7681918866447774,-1.750649826587375,-1.2722973952087173,-1.176005207095135,-1.4801364395941514,-1.1441688336680205,-0.960070362405688,-0.7853981633974483,-0.5667292175235064,-0.3947911196997615
-0.32811989501530536,0.0,-0.982793723247329,-0.9944211062037129,-1.0516502125483738,-1.0714496051147666,-1.047518004662921,-1.0912770348023004,-1.1383885512243588,-1.1525719972156676,-1.2597980461893556,-1.2793395323170296,-1.3078015951139772,-1.4000611153196139,-1.3654009376051293,-1.446441332248135,-1.4219063791853994,-1.2793395323170296,-1.4382447944982226,-1.1659045405098132,-1.0636978224025597,-0.7853981633974483,-0.5880026035475675,-0.2914567944778671,0.11065722117389565,0.24497866312686414,0.18534794999569476,0.0,0.0,0.0,0.0,0.0,0.0,0.0,0.0,0.0,0.0,0.0,-2.327630832353585,-2.2752903910371143,-2.2455372690184494,-2.356194490192345,-2.4061528859142878,-2.432966381462123,-2.4116929954380617,-2.4668517113662407,-2.505084437801842,-2.4370985893475754,-2.432966381462123,-2.4149503129080676,-2.32590073027357,-2.459276098715045,-2.356194490192345,-2.356194490192345,-2.2655346029916,-2.356194490192345,-1.9890206563741257,-1.892546881191539,-1.5707963267948966,-1.5707963267948966,-1.3045442776439713,-1.2220253232109897,-1.042721878368537,-0.9272952180016122
-0.3666376408401143,0.0,0.0,0.08314123188844123,0.08314123188844123,-0.039978687123290044,0.0,-0.07130746478529032,-0.13706617431018764,-0.20401797959254858,-0.23554498072086333,-0.2629947316809195,-0.2629947316809195,-0.35877067027057225,-0.21406068356382152,-0.30587887140485215,-0.4423742229767449,-0.13255153229667402,-0.14189705460416394,-0.27829965900511133,0.0,0.348771003583907,0.7853981633974483,0.9505468408120752,1.0303768265243125,1.3045442776439713,1.1383885512243588,0.0,0.0,0.0,0.0,0.0,0.0,0.0,0.0,0.0,0.0,0.0,-1.1978086049948355,-1.1824776086224307,-1.1606689862534056,-1.2722973952087173,-1.3876855095324125,-1.2120256565243244,-1.3182420510168371,-1.2827408797442708,-1.3521273809209546,-1.3101939350475555,-1.3156139361740782,-1.2610933822524404,-1.373400766945016,-1.2793395323170296,-1.2924966677897853,-1.3101939350475555,-1.1071487177940904,-1.1071487177940904,-1.042721878368537,-1.1441688336680205,-1.0121970114513341,-0.3217505543966422,-0.3217505543966422,-0.09065988720074511,0.0,0.0
2.998434565606144,0.0,-1.446441332248135,-1.4121410646084953,-1.6107750139181867,-1.464060654145761,-1.6856729322117958,-1.6506263125071339,-1.7415315382701795,-1.6672701019774836,-1.8399638195805972,-1.9451299428024806,-2.0183163019520665,-1.8438050298816073,-1.9710369838288708,-1.9195673303788037,-1.941687615607559,-1.9890206563741257,-1.8018869939907938,-1.633215136790854,-1.5707963267948966,-1.5707963267948966,-0.9272952180016122,-0.7266423406817256,-0.7853981633974483,-0.6747409422235526,-0.43240777557053783,0.0,0.0,0.0,0.0,0.0,0.0,0.0,0.0,0.0,0.0,0.0,-2.782821983319221,-2.6607053733944572,-2.746801533890032,-2.8535372065391673,-2.8305943729842524,-2.872425160804093,-2.8095331860469077,-2.922923707715851,-2.840672419229368,-2.8632929945846817,-2.8785979219088738,-2.843093722003614,-2.833539872566017,-2.833539872566017,-2.8023000391357487,-2.701750070774057,-2.7367008673047097,-2.5702551737561663,-2.5748634360662868,-2.498091544796509,-2.0778948311872334,-1.7894652726688385,-1.9890206563741257,-1.6539375586833378,-1.5707963267948966,-1.35970299357215
-0.4764674194737067,0.0,-1.849095985800008,-2.0032041023654346,-2.0344439357957027,-1.9295669970654687,-1.979704155745822,-2.279422598922567,-2.2264919530364327,-2.220666776206844,-2.279422598922567,-2.2502101322027452,-2.292451177659658,-2.4061528859142878,-2.425849063920913,-2.38648825011112,-2.4668517113662407,-2.2597207150097582,-2.0106389096106327,-2.0988707752212563,-2.137525544318403,-1.6614562139956417,-1.5707963267948966,-1.2220253232109897,-0.960070362405688,-0.9652516631899266,-0.7853981633974483,0.0,0.0,0.0,0.0,0.0,0.0,0.0,0.0,0.0,0.0,0.0,2.9147938055359073,2.930499320367047,2.896613990462929,2.7901478595862415,2.8632929945846817,2.8501358591119264,2.8112952987605397,2.82955053202726,2.782821983319221,2.7270857790050074,2.691833040519954,2.796037073008081,2.711830374493105,2.7367008673047097,2.7776136970801493,3.046640947247037,2.8706458032513726,-3.0309354324158977,3.141592653589793,-2.8809902618424523,-2.976443976175166,-2.2655346029916,-2.408777551803287,-2.356194490192345,-2.0831857871056343,-2.0988707752212563
1.6745886672519394,0.0,-2.0899424410414196,-2.356194490192345,-1.2722973952087173,-1.7359450042095235,-0.3217505543966422,-1.0636978224025597,-1.2490457723982544,-1.1071487177940904,-1.0121970114513341,-0.4423742229767449,-0.5743048301747018,-0.2860514417173182,-0.7853981633974483,-0.348771003583907,-0.5028432109278608,-0.20539538918976738,-0.29544083714372,-0.28379410920832787,-0.04542327942157701,-0.14888994760949725,0.18822150530477075,0.06656816377582381,0.5880026035475675,0.844153986113171,1.1441688336680205,0.0,0.0,0.0,0.0,0.0,0.0,0.0,0.0,0.0,0.0,0.0,0.14189705460416394,-0.3947911196997615,-1.1071487177940904,-0.4636476090008061,-1.176005207095135,-0.9505468408120752,-1.6295521495106193,-1.6233793884058383,-1.299849476456476,-1.6657480331376529,-1.664273107953486,-2.0852476398539244,-2.0647376957144776,-1.80634130751576,-1.8449637779145553,-2.0778948311872334,-2.289626326416521,-2.158798930342464,-2.166995468092377,-2.1870932641909677,-2.292451177659658,-2.3036114285814033,-2.1193457292454245,-2.4668517113662407,-2.677945044588987,-2.4186133001883023
-2.825976991551027,0.0,-1.5707963267948966,-1.7681918866447774,-2.158798930342464,-2.819842099193151,-1.4288992721907328,-0.19739555984988075,-0.24497866312686414,0.09065988720074511,-0.5585993153435624,-0.5280744484263596,-0.10487693873023389,-0.37089128881266237,0.04995839572194276,-0.08673833867598511,-0.2551823906208184,0.14189705460416394,0.4266274931268761,0.5191461142465229,0.6747409422235526,0.7419472680059175,0.5585993153435624,1.0768549578753155,1.2120256565243244,1.8622531212727638,1.4940244355251187,0.0,0.0,0.0,0.0,0.0,0.0,0.0,0.0,0.0,0.0,0.0,-0.5880026035475675,-0.7853981633974483,-1.1071487177940904,-1.4056476493802699,-0.9505468408120752,-1.4876550949064553,-1.3439974787410107,-1.6756732655251305,-1.7607846147136124,-1.9513027039072615,-2.2455372690184494,-2.0344439357957027,-2.0672190801997785,-1.9974238199217726,-1.9710369838288708,-2.1193457292454245,-1.9333405640594041,-2.1224513093234436,-2.1763409903998667,-2.1401095178955587,-2.356194490192345,-2.2531128816696446,-2.6344941491974563,-2.4416997838705496,-2.6292031932790554,-2.2730532583039036
0.3156156620387663,0.0,-0.19739555984988075,-0.260602391747341,1.2924966677897853,2.356194490192345,0.7853981633974483,0.7266423406817256,1.1824776086224307,1.5707963267948966,1.512040504079174,0.7583777142101835,0.7419472680059175,1.1705556697609225,0.3947911196997615,0.03569911267932397,0.3129012278803845,0.4636476090008061,0.844153986113171,0.6947382761967031,0.24497866312686414,0.4636476090008061,0.3332443011116727,0.348771003583907,0.14189705460416394,0.0,0.7266423406817256,0.0,0.0,0.0,0.0,0.0,0.0,0.0,0.0,0.0,0.0,0.0,0.04345089539153084,0.0,-2.0344439357957027,-1.373400766945016,-1.2753554896511765,-0.9272952180016122,-2.356194490192345,-2.8864102629689747,-2.4301335278502854,-2.384758148031105,2.896613990462929,2.819842099193151,3.0828368308740703,3.0940095503128098,2.1815222911841055,2.004749696188793,2.2929876582948845,2.340322807200555,1.3258176636680326,1.5063694873693432,1.3677511095414314,1.460139105621001,1.4056476493802699,0.7483780475235183,0.5880026035475675,0.28805544705062586
-2.825976991551027,0.0,2.0344439357957027,-3.017237659043032,-2.819842099193151,-2.498091544796509,-2.214297435588181,-1.8157749899217608,3.141592653589793,-1.5707963267948966,-2.1421338066285234,-2.05527425583192,-1.4711276743037347,-1.5273454314033659,-1.5253730473733196,-1.4559197213779975,-1.3258176636680326,-1.6373644905707205,-1.299849476456476,-1.3986055122719576,-0.8519663271732721,-1.2277723863741932,-0.7266423406817256,-0.3028848683749714,-0.3671738338182192,0.19739555984988075,0.5191461142465229,0.0,0.0,0.0,0.0,0.0,0.0,0.0,0.0,0.0,0.0,0.0,-2.129395642138459,-2.158798930342464,-2.761086276477428,3.0419240010986313,-2.976443976175166,-3.0860941483440762,2.999695598985629,3.061762667877556,2.8632929945846817,-3.058451421701352,2.6344941491974563,3.141592653589793,2.2073045425828477,2.427501954977635,2.095592098445004,2.459276098715045,2.485897027348257,2.429235055495464,2.5535900500422257,2.44293282886833,2.316215803069055,2.104504518434158,2.2655346029916,2.1112158270654806,2.129395642138459,2.1112158270654806
0.3156156620387663,0.0,-2.8879185574511506,-2.746801533890032,-3.026716048172894,-2.843093722003614,-2.937574673997245,-2.976443976175166,-3.0727361642887487,-2.9708574421145104,3.0750244898139694,3.111298893671018,3.050932766389048,3.141592653589793,3.067653615931853,3.0221637275714546,3.011890116433881,3.096169374168216,-3.0828368308740703,3.0860941483440762,-2.896613990462929,-2.7928216500058864,-2.774418819771574,-2.5535900500422257,-2.2655346029916,-2.0778948311872334,-1.9890206563741257,0.0,0.0,0.0,0.0,0.0,0.0,0.0,0.0,0.0,0.0,0.0,2.356194490192345,2.3818298987140225,2.279422598922567,2.201875714266226,2.2073045425828477,2.201875714266226,2.2264919530364327,2.0778948311872334,2.2073045425828477,2.0778948311872334,2.191045812777718,2.137525544318403,2.0032041023654346,2.0131705497716417,2.2597207150097582,2.129395642138459,2.432966381462123,2.5127963671743605,2.4227626539681686,2.819842099193151,2.723368324010564,3.0419240010986313,2.999695598985629,-2.9669204545815537,-2.976443976175166,-2.8706458032513726
0.8402880259916021,0.0,1.2397002500907646,1.1071487177940904,1.1455913078152784,1.6475682180646747,1.4035423893326355,1.1189824848972414,1.3149877621795247,1.2637505947761059,1.31910635503671,1.1270136540452556,1.1071487177940904,1.3294408362194927,1.2793395323170296,1.1071487177940904,1.1618884978439712,1.2220253232109897,1.295886485314224,1.295886485314224,1.396124127786657,1.7539071440573808,2.1112158270654806,2.0152155366959956,2.677945044588987,2.746801533890032,3.054854314913808,0.0,0.0,0.0,0.0,0.0,0.0,0.0,0.0,0.0,0.0,0.0,0.21336864215180798,0.16219883346338237,0.12435499454676144,0.05963071313116939,0.10352467451054435,0.08800737352774077,0.04815551305991548,-0.05190139845817295,-0.06933313368820858,0.013697773372865788,0.11379200714370806,-0.03224688243525392,0.08749534080239131,-0.10598435798959989,0.2099735128621634,0.21109333322274654,0.06241880999595735,0.11710874456686428,0.714090698612158,0.4081491037550893,1.2036224929766774,1.1964627107873127,1.8753072099970092,0.9907935525872157,1.2036224929766774,1.5108681716736887
1.6745886672519394,0.0,0.18362232616928015,0.17841049935104036,-0.029403288204005115,-0.5099720597014129,-0.12435499454676144,0.09691762779436304,0.29291239752552334,0.05258306161094172,-0.09804527729383924,-0.2949370588488069,-0.13758673647034989,-0.3693336576736256,-0.10168885176307704,-0.34194982697771015,-0.4266274931268761,-0.18394345653717517,-0.026309717252922193,-0.1607627406258347,0.14189705460416394,0.23109066719589708,0.4423742229767449,0.6022873461349642,0.8760580505981934,1.346085158380254,1.4056476493802699,0.0,0.0,0.0,0.0,0.0,0.0,0.0,0.0,0.0,0.0,0.0,-1.0303768265243125,-1.1071487177940904,-1.1540940660554981,-1.1824776086224307,-1.1659045405098132,-1.1453466894248543,-1.2120256565243244,-1.2104383562701035,-1.3187003461268225,-1.2257941495877915,-1.3220863377013738,-1.1441688336680205,-1.3357841110742394,-1.330262078848992,-1.356735643231075,-1.148791296892679,-1.0789871508061981,-1.2329181385546182,-0.7328151017865066,-0.6078019961139605,-1.0121970114513341,-1.5042281630190728,-0.4636476090008061,-0.04995839572194276,0.3671738338182192,0.11942892601833845
-2.825976991551027,0.0,-0.23720679888364404,-0.492485765871925,-0.3805063771123649,-0.6504214135435249,-0.5191461142465229,-0.4856220932974687,-0.11809202841909398,-0.35877067027057225,-0.24497866312686414,-0.47439988279190737,-0.5227890853804023,-0.6202494859828215,-0.3142318990843383,-0.6267429012110469,-0.6262614375987547,-0.5369107427400456,-0.4514530915525543,-0.5954098754787326,-0.18822150530477075,-0.43240777557053783,-0.40489178628508343,0.17985349979247828,0.5404195002705842,0.5743048301747018,1.0164888305933455,0.0,0.0,0.0,0.0,0.0,0.0,0.0,0.0,0.0,0.0,0.0,-1.2099595437618058,-1.2597980461893556,-1.2068173702852525,-1.3357841110742394,-1.35970299357215,-1.312025434831199,-1.35970299357215,-1.5004898626762722,-1.5707963267948966,-1.4268708774066803,-1.4352686128093959,-1.4141944498128813,-1.4994888620096063,-1.4369853493203057,-1.4321565896607384,-1.6475682180646747,-1.217805938967986,-1.039072259536091,-1.2036224929766774,-0.8465463260467495,-0.4110645473898644,-0.17985349979247828,-0.6037493333974364,-0.4636476090008061,-0.6690429981905736,-0.27829965900511133
-0.32811989501530536,0.0,-1.9247937636267927,-2.5473789497893593,-2.8152338368830305,-2.333975924865626,-2.840672419229368,-2.4952904316744164,-2.6960153666152116,-2.5109113552694096,-2.4364813054753616,-2.7928216500058864,-2.5438342619967114,-3.017237659043032,3.1243529823952634,-2.775845352327449,-2.9971510752151493,3.1016139664665032,-2.7574232891971935,-2.782821983319221,-2.6658974347348012,-2.3818298987140225,-2.316215803069055,-2.38648825011112,-1.8804992713373527,-1.6447353644528369,-1.1562894522101106,0.0,0.0,0.0,0.0,0.0,0.0,0.0,0.0,0.0,0.0,0.0,-2.915991409753769,-3.070285188804503,3.01118934570066,3.103636208401479,3.065788816228654,3.0221637275714546,2.976443976175166,2.8501358591119264,2.7859567692890335,2.799436768506613,2.810038491713855,2.692869309579072,2.691367057329078,2.929160633081051,2.8125429587494537,2.7343368055149466,2.819842099193151,3.0560873599115888,2.804917834203066,2.999695598985629,3.064820762320015,-2.174545660192333,-2.3021929898163767,-2.723368324010564,-2.5491653001579144,-2.082027039072686
-2.825976991551027,0.0,1.2679114584199251,1.6614562139956417,1.5707963267948966,1.727398203776912,1.5232132235179132,1.1722738811284763,1.7590178320996674,1.3078015951139772,1.4876550949064553,1.5707963267948966,1.1999050379822342,1.1583858851975093,1.2679114584199251,1.2315037123408519,1.1659045405098132,1.5042281630190728,1.8157749899217608,1.750649826587375,2.0647376957144776,2.0899424410414196,2.0344439357957027,2.432966381462123,2.677945044588987,2.4668517113662407,2.761086276477428,0.0,0.0,0.0,0.0,0.0,0.0,0.0,0.0,0.0,0.0,0.0,0.25732371497108864,0.17219081452293902,0.20749622643520266,0.1297025371559121,0.039978687123290044,0.03844259002118798,0.0,0.0,-0.06442683942555355,-0.1297025371559121,-0.09495170634275632,-0.11942892601833845,-0.047583103276983396,-0.2860514417173182,-0.22679884805388587,-0.27829965900511133,0.06656816377582381,0.19739555984988075,0.9272952180016122,0.2914567944778671,1.1902899496825317,1.0516502125483738,1.4056476493802699,1.3521273809209546,1.0040671092713902,1.512040504079174
-2.690139562037239,0.0,0.0,0.0,-0.039978687123290044,-0.03844259002118798,-0.10308160852270024,-0.10673567264913565,-0.2536740961386427,-0.23554498072086333,-0.24497866312686414,-0.2551823906208184,-0.2551823906208184,-0.20539538918976738,-0.24497866312686414,-0.18534794999569476,-0.3217505543966422,-0.19739555984988075,0.07677189126977804,0.348771003583907,0.4636476090008061,0.6610431688506869,0.7086262721276703,0.8621700546672264,0.9272952180016122,1.1441688336680205,1.2220253232109897,0.0,0.0,0.0,0.0,0.0,0.0,0.0,0.0,0.0,0.0,0.0,-1.2360594894780819,-1.2870022175865687,-1.3352513460740332,-1.3876855095324125,-1.39408747072486,-1.4056476493802699,-1.4801364395941514,-1.4743225516123097,-1.501939837493852,-1.5707963267948966,-1.423717971406494,-1.4000611153196139,-1.5337762109209665,-1.4801364395941514,-1.4536875822280324,-1.5707963267948966,-1.4801364395941514,-1.1071487177940904,-0.9272952180016122,-0.8621700546672264,-0.7086262721276703,-0.07130746478529032,-0.15264932839526515,0.0,0.0,-0.047583103276983396
2.5337906574758327,0.0,-1.800028260071892,-1.849095985800008,-1.97568811307998,-2.1112158270654806,-1.892546881191539,-1.9451299428024806,-2.1112158270654806,-2.129395642138459,-2.0736395377227574,-2.0344439357957027,-2.158798930342464,-2.1870932641909677,-2.2318394956455836,-2.214297435588181,-2.1112158270654806,-1.9295669970654687,-1.7561442767905915,-1.7561442767905915,-1.695151321341658,-1.3439974787410107,-1.176005207095135,-0.8760580505981934,-0.7266423406817256,-0.5280744484263596,-0.628796286415433,0.0,0.0,0.0,0.0,0.0,0.0,0.0,0.0,0.0,0.0,0.0,2.994514298201391,2.9441970937399127,2.981679530431574,2.9441970937399127,2.961739153797315,2.8890383778117337,2.8023000391357487,2.800613700093444,2.8023000391357487,2.819842099193151,2.720173446701989,2.7492525093742772,2.8685839505030826,2.6954871046463897,2.761086276477428,2.9147938055359073,2.999695598985629,-2.746801533890032,-2.961739153797315,-2.4227626539681686,-1.9890206563741257,-1.7126933813990606,-1.7126933813990606,-1.7063240407803975,-1.8157749899217608,-1.9936502529278373
-2.4186133001883023,0.0,1.0768549578753155,0.9467732738181398,1.0743735733900148,0.9629943306809362,1.0121970114513341,0.9342881110069455,0.8097835725701669,0.9129077216126865,0.8803498697402047,0.7853981633974483,0.7853981633974483,0.7551044034786732,0.8176450458327023,0.8960553845713439,0.8760580505981934,0.9151007005533605,1.0714496051147666,1.2277723863741932,1.4382447944982226,1.5707963267948966,1.9513027039072615,2.129395642138459,2.1112158270654806,2.0344439357957027,2.5127963671743605,0.0,0.0,0.0,0.0,0.0,0.0,0.0,0.0,0.0,0.0,0.0,-0.1297025371559121,-0.19739555984988075,-0.21109333322274654,-0.2914567944778671,-0.3120421215625333,-0.3409789534963494,-0.4241944079037666,-0.4636476090008061,-0.3970794452249823,-0.4346702151492448,-0.4346702151492448,-0.5144513130590278,-0.28805544705062586,-0.4266274931268761,-0.4182243295792291,-0.35877067027057225,-0.2914567944778671,0.08314123188844123,0.0,0.7853981633974483,1.2793395323170296,1.0636978224025597,1.0191413442663497,1.2847448850775784,1.0636978224025597,1.2924966677897853
-2.38648825011112,0.0,0.35877067027057225,0.372987721800061,0.4266274931268761,0.3332443011116727,0.3671738338182192,0.21866894587394195,0.23554498072086333,0.20539538918976738,0.22347660114063303,0.21406068356382152,0.2551823906208184,0.14189705460416394,0.18534794999569476,0.260602391747341,0.3430239404207034,0.3217505543966422,0.6055446636049701,0.628796286415433,0.9097531579442097,0.7853981633974483,0.9505468408120752,1.3045442776439713,1.1902899496825317,1.4056476493802699,1.6704649792860586,0.0,0.0,0.0,0.0,0.0,0.0,0.0,0.0,0.0,0.0,0.0,-0.7853981633974483,-0.8139618212362083,-0.7853981633974483,-0.7853981633974483,-0.8550527371260165,-0.9272952180016122,-0.8760580505981934,-0.9209258773829491,-0.992894389832651,-0.982793723247329,-1.0121970114513341,-1.1232763516377267,-1.1071487177940904,-0.9964914966201949,-1.0121970114513341,-1.0714496051147666,-0.7188299996216245,-0.35877067027057225,-0.12435499454676144,-0.40489178628508343,0.35877067027057225,0.16514867741462683,0.4636476090008061,0.5713374798336268,0.48689923181126904,0.6022873461349642
-0.32811989501530536,0.0,0.35877067027057225,0.372987721800061,0.28379410920832787,0.18311081726248413,0.18998828791871572,0.13706617431018764,0.03844259002118798,0.07677189126977804,0.08314123188844123,0.0,0.039978687123290044,0.047583103276983396,0.04995839572194276,0.1746721990082397,-0.058755822715722696,0.27829965900511133,0.5404195002705842,0.4993467216801301,0.6610431688506869,0.982793723247329,1.1902899496825317,1.2490457723982544,1.3045442776439713,1.460139105621001,1.8622531212727638,0.0,0.0,0.0,0.0,0.0,0.0,0.0,0.0,0.0,0.0,0.0,-0.8760580505981934,-0.8760580505981934,-1.0040671092713902,-0.9342881110069455,-1.0603080048781208,-1.0014831356942346,-1.0636978224025597,-1.1383885512243588,-1.1525719972156676,-1.237552025683224,-1.124690777851493,-1.1606689862534056,-1.0863183977578734,-1.1341691669813554,-1.0584068664841588,-1.0303768265243125,-0.7853981633974483,-0.7266423406817256,-0.4636476090008061,-0.4636476090008061,0.3217505543966422,0.17985349979247828,0.4182243295792291,0.2984989315861793,0.4636476090008061,0.3805063771123649
0.8402880259916021,0.0,1.5337762109209665,1.464060654145761,1.446441332248135,1.3876855095324125,1.2793395323170296,1.2827408797442708,1.2924966677897853,1.2597980461893556,1.2827408797442708,1.2827408797442708,1.1562894522101106,1.2120256565243244,1.2360594894780819,1.446441332248135,1.396124127786657,1.4659193880646628,1.5152978215491797,1.7818896600176433,2.0899424410414196,2.1815222911841055,2.2455372690184494,2.356194490192345,2.5748634360662868,2.601173153319209,2.976443976175166,0.0,0.0,0.0,0.0,0.0,0.0,0.0,0.0,0.0,0.0,0.0,0.16514867741462683,0.03844259002118798,-0.033320995878247196,-0.03569911267932397,-0.09966865249116202,-0.12062366858010272,-0.11379200714370806,-0.15499674192394097,-0.18534794999569476,-0.24497866312686414,-0.22923193327699534,-0.23554498072086333,-0.16514867741462683,-0.33667481938672716,-0.10487693873023389,0.06656816377582381,0.2984989315861793,0.17985349979247828,0.7853981633974483,0.6947382761967031,1.5707963267948966,1.512040504079174,1.6814535479687922,1.5152978215491797,1.5232132235179132,1.5273454314033659
-2.825976991551027,0.0,0.4964227534048819,0.3923401442155158,0.40024065703397416,0.23684876094692026,0.23554498072086333,0.22923193327699534,0.15264932839526515,0.13706617431018764,0.1707352114752828,0.17219081452293902,0.17985349979247828,0.3217505543966422,0.19739555984988075,0.09966865249116202,0.0,0.35299038782691045,0.3805063771123649,0.14189705460416394,0.7086262721276703,0.7378150601204649,0.960070362405688,1.1071487177940904,1.2793395323170296,1.4181469983996315,1.4994888620096063,0.0,0.0,0.0,0.0,0.0,0.0,0.0,0.0,0.0,0.0,0.0,-0.6610431688506869,-0.7298996581517315,-0.8519663271732721,-0.8086497862079112,-0.906750163968212,-0.9652516631899266,-1.0209431441183117,-1.0191413442663497,-1.082462375738491,-0.9917220574271658,-1.0121970114513341,-0.992894389832651,-0.9505468408120752,-1.0460005551447893,-1.0838970949836275,-1.2277723863741932,-1.1441688336680205,-0.8621700546672264,-0.6202494859828215,0.12435499454676144,0.11065722117389565,0.22679884805388587,0.5280744484263596,0.43240777557053783,0.48689923181126904,0.6747409422235526
0.7551044034786732,0.0,-1.089909046599561,-1.176005207095135,-1.1071487177940904,-1.1232763516377267,-1.1902899496825317,-1.2036224929766774,-1.317122230656254,-1.1705556697609225,-1.3078015951139772,-1.297787623708186,-1.2220253232109897,-1.3909428270024184,-1.1525719972156676,-1.2793395323170296,-1.1071487177940904,-0.982793723247329,-0.8850668158886104,-1.0191413442663497,-0.6435011087932844,-0.5191461142465229,-0.348771003583907,0.0,0.09966865249116202,0.2662520491509254,0.4636476090008061,0.0,0.0,0.0,0.0,0.0,0.0,0.0,0.0,0.0,0.0,0.0,-2.65711472455277,-2.7686049317897323,-2.761086276477428,-2.79856871316909,-2.8535372065391673,-2.79856871316909,-2.840672419229368,-2.896613990462929,-2.8809902618424523,-2.9708574421145104,-2.9708574421145104,-2.976443976175166,-2.875340604438868,-2.8501358591119264,-2.9105019863938963,-2.714965160462917,-2.432966381462123,-2.4805494847391065,-2.2455372690184494,-1.849095985800008,-1.446441332248135,-1.2490457723982544,-1.1902899496825317,-1.2847448850775784,-1.1309537439791604,-1.1284221038181517
0.3156156620387663,0.0,-0.8139618212362083,-0.866302262552679,-1.0303768265243125,-0.982793723247329,-1.047518004662921,-1.0563450137358688,-1.0768549578753155,-1.089909046599561,-1.124690777851493,-1.176005207095135,-1.2120256565243244,-1.2220253232109897,-1.2341215074081695,-1.1071487177940904,-1.0516502125483738,-1.0808390005411683,-0.8960553845713439,-0.8850668158886104,-0.7853981633974483,-0.5880026035475675,-0.4182243295792291,-0.09065988720074511,0.0,0.08314123188844123,0.22679884805388587,0.0,0.0,0.0,0.0,0.0,0.0,0.0,0.0,0.0,0.0,0.0,-2.0152155366959956,-1.9809236673363877,-2.1486982637571423,-2.0852476398539244,-2.0940746489268722,-2.1401095178955587,-2.289626326416521,-2.234842489621581,-2.310771210770768,-2.178598322908857,-2.327630832353585,-2.323947607757091,-2.2390857456254807,-2.289626326416521,-2.2655346029916,-2.1995926132103296,-1.9379701606131159,-2.0701430484750265,-1.750649826587375,-1.2924966677897853,-1.3521273809209546,-0.8850668158886104,-0.9505468408120752,-1.0040671092713902,-0.7419472680059175,-0.7509290623979403
-2.825976991551027,0.0,1.2793395323170296,1.2490457723982544,2.922923707715851,2.356194490192345,3.141592653589793,2.214297435588181,-3.024483909022929,-2.455863142683507,2.8068558162729786,3.0090411212931194,2.976443976175166,2.8842689386187046,-3.0940095503128098,2.9829373914033916,-2.9669204545815537,-2.976443976175166,-2.7928216500058864,-2.5535900500422257,-2.647651284670212,-2.396173177315635,-2.44685437739309,-2.0576955586061656,-1.9832067683922838,-1.8157749899217608,-2.0344439357957027,0.0,0.0,0.0,0.0,0.0,0.0,0.0,0.0,0.0,0.0,0.0,2.677945044588987,2.4805494847391065,1.5707963267948966,2.1112158270654806,1.642103791580187,2.2318394956455836,1.633215136790854,1.2490457723982544,1.2490457723982544,1.2649174553900444,1.4219063791853994,1.4219063791853994,1.1824776086224307,1.2753554896511765,0.982793723247329,0.9357695914045828,0.5713374798336268,1.2068173702852525,0.8491414759301353,1.0303768265243125,0.7631795980707292,0.7853981633974483,1.1441688336680205,0.8884797719201485,0.7853981633974483,0.8253768505207384
0.3156156620387663,0.0,2.408777551803287,2.819842099193151,-2.922923707715851,2.498091544796509,-2.8632929945846817,-2.8632929945846817,-2.191045812777718,-2.5829933382462307,-2.516107613350564,-2.390663591191853,-2.356194490192345,-2.4668517113662407,-2.356194490192345,-2.158798930342464,-1.9693187724613168,-2.2597207150097582,-1.7607846147136124,-2.1112158270654806,-1.4711276743037347,-1.642103791580187,-1.5707963267948966,-1.2315037123408519,-0.9097531579442097,-1.4181469983996315,-1.0768549578753155,0.0,0.0,0.0,0.0,0.0,0.0,0.0,0.0,0.0,0.0,0.0,-2.356194490192345,-2.1995926132103296,-2.279422598922567,-2.875340604438868,-3.079173843593836,3.141592653589793,3.017237659043032,2.8842689386187046,2.964883797519757,2.498091544796509,2.7314653130483024,2.4668517113662407,2.5625183842220625,2.429235055495464,2.451146196535101,2.356194490192345,2.4149503129080676,2.191045812777718,2.2752903910371143,2.251317551462111,1.7359450042095235,1.837048375945822,2.4416997838705496,2.279422598922567,1.941687615607559,2.0131705497716417
0.3156156620387663,0.0,-1.35970299357215,-0.7853981633974483,-0.982793723247329,-1.3258176636680326,-0.7853981633974483,0.0,-0.14189705460416394,0.6435011087932844,0.628796286415433,1.1071487177940904,0.5404195002705842,0.37089128881266237,0.5880026035475675,0.6857295109062863,0.7853981633974483,0.7853981633974483,0.9097531579442097,1.042721878368537,0.5880026035475675,1.2793395323170296,1.7126933813990606,1.849095985800008,1.7681918866447774,2.289626326416521,1.837048375945822,0.0,0.0,0.0,0.0,0.0,0.0,0.0,0.0,0.0,0.0,0.0,0.0,0.16514867741462683,-0.6202494859828215,-0.5880026035475675,-0.7266423406817256,-0.7266423406817256,-1.3258176636680326,-1.0636978224025597,-1.2315037123408519,-1.446441332248135,-0.982793723247329,-1.299849476456476,-1.1263771168937977,-1.317122230656254,-1.5337762109209665,-1.1902899496825317,-1.5707963267948966,-1.5707963267948966,-1.6575346654708818,-1.695151321341658,-1.5707963267948966,-1.8157749899217608,-1.5707963267948966,-1.5182132651839548,-1.35970299357215,-1.9513027039072615
-0.8176450458327023,0.0,-1.4711276743037347,0.0,-0.3805063771123649,-2.9441970937399127,0.4636476090008061,1.5707963267948966,1.5707963267948966,1.5707963267948966,1.7033478590915707,1.3397056595989996,1.2490457723982544,1.695151321341658,1.1902899496825317,1.6262948320406134,1.5291537476963082,1.7359450042095235,1.9295669970654687,1.9100889412489412,1.9614033704925835,2.0647376957144776,2.5829933382462307,2.723368324010564,3.0090411212931194,-2.498091544796509,2.9669204545815537,0.0,0.0,0.0,0.0,0.0,0.0,0.0,0.0,0.0,0.0,0.0,1.1071487177940904,0.6435011087932844,0.3217505543966422,0.19739555984988075,0.09966865249116202,0.22679884805388587,-0.3217505543966422,-0.3392926144540447,-0.2860514417173182,-0.6610431688506869,-0.5543074962015512,-0.5123894603107377,-0.7266423406817256,-0.7568345055586884,-0.7328151017865066,-0.7853981633974483,-0.668289418830584,-0.9575889779203873,-0.6078019961139605,-0.9723774333163594,-0.7649928327109102,-0.7583777142101835,-0.6350267353903137,-0.668289418830584,-0.7853981633974483,-0.9420000403794636
0.3156156620387663,0.0,-2.819842099193151,-2.782821983319221,-2.4805494847391065,-2.5535900500422257,-1.4940244355251187,-1.1659045405098132,-0.3671738338182192,-1.0714496051147666,-0.4182243295792291,-0.5404195002705842,-0.2662520491509254,-0.5191461142465229,-0.13800602365751946,-0.6000502134017536,-0.4145068745847859,-0.15264932839526515,0.08673833867598511,-0.037020115873930025,0.07130746478529032,-0.3906070436976868,0.5191461142465229,0.4636476090008061,1.2490457723982544,1.0808390005411683,1.3258176636680326,0.0,0.0,0.0,0.0,0.0,0.0,0.0,0.0,0.0,0.0,0.0,-2.1815222911841055,-1.7782925532300993,-1.3909428270024184,-1.5707963267948966,-3.070285188804503,-1.7126933813990606,-2.0701430484750265,-2.0032041023654346,-2.5535900500422257,-2.4416997838705496,-2.3086113869153615,-2.4629301628414804,-2.3978370692909334,-2.5308666892005847,-2.2531128816696446,-2.5148497523787463,-2.714965160462917,-2.5535900500422257,-2.5329033462623816,-2.7326848246388677,-2.971814379621455,-2.8842689386187046,-2.539305307454829,-2.6057814156293295,-2.961739153797315,-2.7532739354173272
-2.1357904390613704,0.0,-1.4968572891369563,-1.460139105621001,-1.695151321341658,-1.5707963267948966,-1.8313987185422376,-1.8295672187585943,-1.80634130751576,-2.1962813670341257,-2.0344439357957027,-2.095592098445004,-1.8662371639386166,-2.1025203940537023,-2.129395642138459,-2.0344439357957027,-1.9347752833045406,-1.7894652726688385,-1.8313987185422376,-1.837048375945822,-1.4181469983996315,-1.4711276743037347,-1.2220253232109897,-1.2277723863741932,-0.960070362405688,-0.8519663271732721,-0.7853981633974483,0.0,0.0,0.0,0.0,0.0,0.0,0.0,0.0,0.0,0.0,0.0,-2.5899376710612465,-2.618314331457818,-2.6066375798036967,-2.649783477601095,-2.7326848246388677,-2.6909313275091598,-2.7928216500058864,-2.82955053202726,-2.8473580884786056,-3.017237659043032,-2.9441970937399127,-2.872425160804093,-3.0045264792796056,-2.9829373914033916,-2.819842099193151,-2.761086276477428,-2.677945044588987,-2.4668517113662407,-2.5127963671743605,-2.279422598922567,-1.6475682180646747,-2.3036114285814033,-1.5232132235179132,-2.0701430484750265,-1.97568811307998,-1.9832067683922838
2.420433465633635,0.0,-2.402672621543348,-2.4245808337828483,-1.842588485469596,-2.1737790831098343,-2.0091328866528544,-2.0915247182019674,-2.1160234823321717,-2.143762469683603,-2.356194490192345,-2.135945766801656,-2.342110914369485,-2.284154424805517,-2.095592098445004,-1.9513027039072615,-1.9936502529278373,-2.17084654019665,-2.1112158270654806,-1.9591150449673627,-1.5395564933646284,-1.501939837493852,-1.124690777851493,-1.2490457723982544,-1.1801892830972098,-0.960070362405688,-0.7853981633974483,0.0,0.0,0.0,0.0,0.0,0.0,0.0,0.0,0.0,0.0,0.0,-2.993432632857962,-2.9912212255826587,-3.1284355181170374,-3.116281604446945,3.141592653589793,3.1286063706696208,3.0594251312280933,3.052088835238183,3.0406708689224993,2.999695598985629,2.8908833941683842,2.888517001425191,3.0191315961724516,2.8767753236840043,2.940638389901696,3.0060649396042924,-3.111298893671018,-3.108271657711546,-2.7367008673047097,-2.0344439357957027,-2.060753653048625,-1.9451299428024806,-1.7359450042095235,-2.2455372690184494,-2.158798930342464,-1.7421754531844043
3.141592653589793,0.0,2.060753653048625,2.0539219916122304,2.166995468092377,1.885028225879235,2.0840485996611577,1.8717165611553217,2.051319970642624,2.0940746489268722,1.9513027039072615,2.2175547530581867,1.933943336741073,1.7551207356945957,2.0647376957144776,1.97568811307998,1.9853032013796825,2.086345334253876,1.9513027039072615,2.179485634122308,2.4932606645025324,2.220666776206844,2.7069224384405484,2.9340964271545906,2.7686049317897323,3.061762667877556,-2.819842099193151,0.0,0.0,0.0,0.0,0.0,0.0,0.0,0.0,0.0,0.0,0.0,1.2902595350565746,1.215565464748215,1.0397662219507142,1.1473569206351775,1.1820085655048573,0.992894389832651,0.8878420169045728,1.050067935387826,0.9691426941365711,0.8636693039187263,0.8942103682146934,0.8415189460986248,1.0029522825314567,0.8486049952949085,0.7406519319428327,1.025932411343353,0.7853981633974483,1.1383885512243588,1.5971060440478189,1.7975951748487824,1.446441332248135,2.2455372690184494,2.2822554525344048,2.2197918857913974,2.5088438185876103,1.9055331641117113
2.420433465633635,0.0,-3.113028995751033,-3.107123552590285,-2.9147938055359073,-3.102651310492754,2.8454775077148287,-2.8420606645198703,2.9551057519225763,2.8236443622385017,-3.0209689850096906,3.0077816761152025,2.9029833310815922,3.0209689850096906,3.047531418961807,-3.0419240010986313,2.980217543169102,-3.0750244898139694,-2.976443976175166,-2.896613990462929,-2.214297435588181,-2.692869309579072,-2.3743743052653232,-2.6066375798036967,-2.2197918857913974,-2.214297435588181,-2.0899424410414196,0.0,0.0,0.0,0.0,0.0,0.0,0.0,0.0,0.0,0.0,0.0,2.376599820878883,2.1341125882868646,2.187987718335259,2.17084654019665,2.1006453962509632,2.1825232918507713,2.050746839114365,1.9740778085137327,1.892546881191539,1.8847345401314377,1.942864085653017,1.9244994728760185,1.9108934463046592,1.9028557943377822,1.9086745150351752,1.791625096524245,2.0931997585114255,1.8157749899217608,2.875340604438868,2.4756234162106834,3.017237659043032,3.0727361642887487,2.662073361597197,-2.8905899669467585,-2.964883797519757,-2.761086276477428
-2.1357904390613704,0.0,0.9713438419531591,0.844153986113171,0.8791397049416968,0.8224182792713783,0.9629943306809362,0.5585993153435624,0.7389200320464454,0.5307734972029068,0.3040009393401446,0.5503859476767913,0.7069080607601164,0.4891198055115287,0.7610127542247298,0.5543074962015512,0.48689923181126904,1.010109331812091,0.8831250707561671,1.2827408797442708,0.9332475286562039,1.2698760924344714,1.7415315382701795,1.8313987185422376,1.7483924940783846,2.059130277851302,2.178598322908857,0.0,0.0,0.0,0.0,0.0,0.0,0.0,0.0,0.0,0.0,0.0,-0.49811671000031416,-0.5087298243155532,-0.5880026035475675,-0.5713374798336268,-0.6086893073274117,-0.6947382761967031,-0.6973907898697076,-0.7276113326265107,-0.6711438354360088,-0.6588060361174762,-0.7086262721276703,-0.6635557263775311,-0.5713374798336268,-0.7509290623979403,-0.8131687999908693,-0.714090698612158,-1.1606689862534056,-0.8478169733934057,-0.5585993153435624,0.24497866312686414,0.6267429012110469,1.069192272605776,0.6889243882148613,0.5667292175235064,0.9877197917757521,0.4636476090008061
-2.4186133001883023,0.0,-0.3347368373168147,-0.4423742229767449,-0.5337081916392615,-0.4145068745847859,-0.40024065703397416,-0.5667292175235064,-0.6350267353903137,-0.636508215787951,-0.5247957716501074,-0.5763752205911837,-0.6107259643892086,-0.7509290623979403,-0.5485494024505281,-0.7086262721276703,-0.4636476090008061,-0.40489178628508343,-0.2860514417173182,-0.17985349979247828,-0.09065988720074511,0.0,0.0,0.09966865249116202,0.507098504392337,0.7188299996216245,0.7266423406817256,0.0,0.0,0.0,0.0,0.0,0.0,0.0,0.0,0.0,0.0,0.0,-1.4677147182721964,-1.4677147182721964,-1.5707963267948966,-1.5385494443596428,-1.5707963267948966,-1.6278771092011612,-1.750649826587375,-1.740574600763235,-1.8753072099970092,-1.7738415440483617,-1.800028260071892,-1.9040406279065694,-1.892546881191539,-1.7004988639508087,-1.719686274404394,-1.7359450042095235,-1.7126933813990606,-1.5707963267948966,-1.2924966677897853,-0.7853981633974483,-0.982793723247329,-0.8850668158886104,-0.628796286415433,-0.260602391747341,-0.40489178628508343,-0.14888994760949725
-2.825976991551027,0.0,-0.7188299996216245,-0.668289418830584,-0.8124186125847132,-0.8110335719191258,-0.7086262721276703,-0.7298996581517315,-0.8550527371260165,-0.9197196053504169,-0.9179496956941223,-0.982793723247329,-0.8156919233162234,-1.0882830317724197,-0.8818719385800352,-0.7853981633974483,-0.8224182792713783,-0.6556956262415362,-0.6947382761967031,-0.6107259643892086,-0.40489178628508343,0.11065722117389565,0.0,0.0,0.5404195002705842,0.4182243295792291,0.6747409422235526,0.0,0.0,0.0,0.0,0.0,0.0,0.0,0.0,0.0,0.0,0.0,-1.9040406279065694,-2.0940746489268722,-1.925501978805837,-2.1498705961626277,-2.0091328866528544,-2.1112158270654806,-2.1421338066285234,-2.158798930342464,-2.1421338066285234,-2.2730532583039036,-2.201875714266226,-2.2831539248892256,-2.3036114285814033,-2.38648825011112,-2.32590073027357,-2.0576955586061656,-2.1763409903998667,-1.6614562139956417,-1.5707963267948966,-1.4288992721907328,-1.2277723863741932,-1.042721878368537,-0.7378150601204649,-0.7853981633974483,-0.7853981633974483,-0.9380474917927135
-0.32811989501530536,0.0,-2.8461518164460733,-2.761086276477428,-2.774418819771574,-2.896613990462929,-2.958481836327309,-2.922923707715851,-2.9441970937399127,-3.0309354324158977,-2.907849472720892,-3.058451421701352,-3.0221637275714546,-3.0221637275714546,-2.999695598985629,-2.976443976175166,-2.9441970937399127,-2.677945044588987,-2.647651284670212,-2.5127963671743605,-2.356194490192345,-2.0988707752212563,-2.256525837701183,-2.214297435588181,-1.892546881191539,-1.7818896600176433,-1.6475682180646747,0.0,0.0,0.0,0.0,0.0,0.0,0.0,0.0,0.0,0.0,0.0,2.4061528859142878,2.4061528859142878,2.3086113869153615,2.334921104168284,2.2612427838495885,2.1948193797716535,2.2584675828336263,2.1164513813218884,2.0778948311872334,2.1421338066285234,2.0344439357957027,2.0812846487116725,2.0701430484750265,2.0778948311872334,1.9074711461816238,2.191045812777718,2.1995926132103296,2.5308666892005847,2.601173153319209,2.875340604438868,-2.875340604438868,3.141592653589793,-2.6135182051634334,-2.5899376710612465,-2.838707785214822,-2.788602265762883
-0.32811989501530536,0.0,-1.6506263125071339,-1.5707963267948966,-1.6475682180646747,-1.5707963267948966,-1.6447353644528369,-1.717874682183299,-1.6506263125071339,-1.7681918866447774,-1.6142472221864275,-1.750649826587375,-1.878849107818673,-1.7004988639508087,-1.5707963267948966,-1.727398203776912,-1.5707963267948966,-1.642103791580187,-1.373400766945016,-1.2924966677897853,-1.1071487177940904,-0.844153986113171,-0.982793723247329,-0.3947911196997615,-0.4636476090008061,-0.7086262721276703,-0.3805063771123649,0.0,0.0,0.0,0.0,0.0,0.0,0.0,0.0,0.0,0.0,0.0,-2.8785979219088738,-2.922923707715851,-2.9195107516843133,-2.926234953892055,-2.926234953892055,-2.961739153797315,3.141592653589793,-3.0560873599115888,-3.024483909022929,3.141592653589793,3.110352820159525,-3.1016139664665032,3.1031500635686053,-3.054854314913808,-3.0309354324158977,-3.079173843593836,-2.819842099193151,-2.896613990462929,-2.432966381462123,-1.9890206563741257,-2.0778948311872334,-1.5707963267948966,-1.5707963267948966,-1.5042281630190728,-1.687905071361761,-1.7359450042095235
-0.32811989501530536,0.0,-0.5404195002705842,-0.44610554894340365,-0.6805212246672144,-0.5467888408892474,-0.6435011087932844,-0.6107259643892086,-0.7853981633974483,-0.6202494859828215,-0.7044940642422177,-0.7853981633974483,-0.6146629519221655,-0.8685393952858895,-0.8253768505207384,-0.7531512809621944,-0.6857295109062863,-0.4636476090008061,-0.3671738338182192,-0.2984989315861793,-0.16514867741462683,0.0,0.17985349979247828,0.15264932839526515,0.348771003583907,0.844153986113171,0.6107259643892086,0.0,0.0,0.0,0.0,0.0,0.0,0.0,0.0,0.0,0.0,0.0,-1.6447353644528369,-1.7033478590915707,-1.8233506025729562,-1.7748143063874453,-1.8650308919060843,-1.873681195169868,-1.967875772019879,-1.9566789961929705,-1.9195673303788037,-1.9922155336827008,-1.9576720445259248,-2.0852476398539244,-2.0169018757383004,-1.9936502529278373,-1.9591150449673627,-1.9614033704925835,-1.8313987185422376,-1.7359450042095235,-1.446441332248135,-1.4711276743037347,-1.0121970114513341,-1.1525719972156676,-0.6747409422235526,-0.702256931509007,-0.43240777557053783,-0.5123894603107377
0.3156156620387663,0.0,1.5707963267948966,2.44685437739309,1.5707963267948966,2.601173153319209,3.141592653589793,1.5707963267948966,-2.498091544796509,-2.403777593469328,-2.578276392097825,-2.819842099193151,-2.677945044588987,-2.601173153319209,-2.8577985443814655,-2.356194490192345,-2.647651284670212,-2.390663591191853,-2.4061528859142878,-2.0106389096106327,-1.873681195169868,-1.7126933813990606,-1.892546881191539,-1.8018869939907938,-1.5707963267948966,-1.5707963267948966,-0.9272952180016122,0.0,0.0,0.0,0.0,0.0,0.0,0.0,0.0,0.0,0.0,0.0,-2.677945044588987,-2.060753653048625,-2.7367008673047097,-3.0419240010986313,-2.356194490192345,-3.024483909022929,2.761086276477428,2.5360479899848234,2.743070207923373,2.701750070774057,2.6590793585673165,2.38648825011112,2.461071428922579,2.333975924865626,2.5702551737561663,2.2831539248892256,2.26945615151636,2.2455372690184494,1.9710369838288708,2.384758148031105,2.2218730482393765,2.0205559398647357,1.9974238199217726,2.0831857871056343,1.5707963267948966,2.1815222911841055
-0.32811989501530536,0.0,-2.9147938055359073,3.141592653589793,-2.399645385583876,-1.7681918866447774,-2.0344439357957027,-1.750649826587375,-0.8621700546672264,-1.849095985800008,-0.4636476090008061,-0.9272952180016122,-0.7853981633974483,-0.4182243295792291,-0.7853981633974483,-0.5880026035475675,-1.2924966677897853,-1.0516502125483738,3.141592653589793,-0.21866894587394195,-2.356194490192345,-2.158798930342464,-1.7894652726688385,-1.4288992721907328,-1.8157749899217608,-1.8622531212727638,-1.7126933813990606,0.0,0.0,0.0,0.0,0.0,0.0,0.0,0.0,0.0,0.0,0.0,-0.3217505543966422,-0.982793723247329,0.11065722117389565,-0.5880026035475675,-1.1441688336680205,-0.4636476090008061,-0.8960553845713439,-0.982793723247329,-0.7378150601204649,-1.2490457723982544,-1.3101939350475555,-0.9652516631899266,-0.8685393952858895,-0.9420000403794636,-0.6857295109062863,-1.0714496051147666,-0.9151007005533605,-1.4056476493802699,-1.3909428270024184,-1.3439974787410107,-1.892546881191539,-1.9195673303788037,-2.782821983319221,-1.642103791580187,-0.5880026035475675,-1.97568811307998
2.420433465633635,0.0,-2.7091848780192556,-1.5707963267948966,2.0344439357957027,-1.8157749899217608,3.141592653589793,-2.2655346029916,-1.4181469983996315,-1.8157749899217608,-1.5707963267948966,-1.8622531212727638,-1.5707963267948966,-1.4677147182721964,-1.965587446494658,-1.727398203776912,-1.5707963267948966,-1.4288992721907328,-0.7188299996216245,-1.396124127786657,-1.2490457723982544,-1.1479424006619559,-0.3947911196997615,-0.35299038782691045,-0.07130746478529032,0.27829965900511133,0.05258306161094172,0.0,0.0,0.0,0.0,0.0,0.0,0.0,0.0,0.0,0.0,0.0,-2.5702551737561663,-2.5127963671743605,-2.356194490192345,2.976443976175166,-2.356194490192345,2.819842099193151,2.988943325194528,2.654693421778524,2.642245931909663,2.7187387274568526,2.9865959116658525,2.976443976175166,2.2073045425828477,2.498091544796509,2.300695984946628,2.4370985893475754,2.3086113869153615,2.5625183842220625,2.0344439357957027,2.5535900500422257,1.892546881191539,2.455863142683507,2.191045812777718,2.1224513093234436,2.4668517113662407,2.2318394956455836
-2.1357904390613704,0.0,0.844153986113171,1.4056476493802699,0.0,1.9890206563741257,2.5829933382462307,1.4288992721907328,2.5127963671743605,2.4227626539681686,2.5702551737561663,3.0828368308740703,2.4668517113662407,2.6387494426619322,2.5535900500422257,2.44685437739309,2.7790484163252858,2.7187387274568526,2.969401839066854,3.141592653589793,-3.046640947247037,-2.976443976175166,-2.788602265762883,-2.7509856098921066,-2.393214606066275,-2.3086113869153615,-2.095592098445004,0.0,0.0,0.0,0.0,0.0,0.0,0.0,0.0,0.0,0.0,0.0,2.0988707752212563,1.892546881191539,1.9513027039072615,1.2793395323170296,1.373400766945016,0.9272952180016122,1.5707963267948966,0.9453112865556675,1.0074800653029286,0.906750163968212,0.9357695914045828,0.625485040239229,0.5280744484263596,0.6132073488745093,0.48833395105640554,0.5880026035475675,0.6876712560387296,0.4899573262537283,0.40489178628508343,0.35470565201094034,0.2914567944778671,0.15991312315821926,0.17985349979247828,0.3217505543966422,0.3805063771123649,0.25732371497108864
-0.5349550737860964,0.0,3.141592653589793,-3.064820762320015,-3.050932766389048,-1.750649826587375,-1.7894652726688385,-1.1071487177940904,-0.9505468408120752,-0.982793723247329,-1.1071487177940904,-1.460139105621001,-1.0303768265243125,-1.0222469243443686,-1.0121970114513341,-0.7853981633974483,-0.870903457075653,-0.6947382761967031,-0.7853981633974483,-0.39852244566642026,-0.4899573262537283,-0.43662715981354133,-0.11710874456686428,0.0,0.11065722117389565,0.5667292175235064,0.844153986113171,0.0,0.0,0.0,0.0,0.0,0.0,0.0,0.0,0.0,0.0,0.0,-1.35970299357215,-1.3258176636680326,-1.2490457723982544,-1.3521273809209546,-1.9379701606131159,-1.9890206563741257,-2.1763409903998667,-2.4227626539681686,-2.677945044588987,-2.8068558162729786,-2.6078844619505315,-2.651635327336065,-2.796037073008081,-2.6078844619505315,-2.5959375990628013,-3.108271657711546,-2.694072678432623,-3.107123552590285,-2.9195107516843133,-2.930499320367047,2.9516043656710775,-2.958481836327309,3.038511045067093,-2.746801533890032,-2.770701364777131,3.070285188804503
-0.5349550737860964,0.0,1.1902899496825317,0.8621700546672264,1.9295669970654687,1.8622531212727638,2.896613990462929,2.356194490192345,2.774418819771574,-2.922923707715851,-3.0916342578678506,3.141592653589793,3.141592653589793,-3.017237659043032,-3.061762667877556,-3.0860941483440762,-2.8305943729842524,-2.896613990462929,-2.896613990462929,-2.6607053733944572,-2.214297435588181,-2.3086113869153615,-2.060753653048625,-2.0344439357957027,-1.687905071361761,-1.6295521495106193,-1.3258176636680326,0.0,0.0,0.0,0.0,0.0,0.0,0.0,0.0,0.0,0.0,0.0,-2.601173153319209,3.050932766389048,2.62244653934327,2.256525837701183,2.601173153319209,2.0106389096106327,2.321725389192837,2.1815222911841055,1.9074711461816238,1.892546881191539,2.0533096218173736,1.5363272257953886,1.9163519073766087,1.6914199953749993,1.8449637779145553,1.6064954394742206,1.5707963267948966,1.4570043196511886,1.423717971406494,1.2742505177251962,1.215160442494137,1.0121970114513341,1.2610933822524404,1.1525719972156676,1.067953115867036,1.2120256565243244
2.6651252341160867,0.0,-0.8519663271732721,2.356194490192345,0.16514867741462683,1.4181469983996315,2.129395642138459,2.704965493776252,2.642245931909663,2.158798930342464,3.064820762320015,2.356194490192345,2.459276098715045,2.4917222041778455,2.937574673997245,2.587285157388242,2.6992184306130484,2.8461518164460733,2.677945044588987,-2.833539872566017,-3.064820762320015,-2.774418819771574,-2.896613990462929,-2.356194490192345,-2.485897027348257,-2.896613990462929,-1.4536875822280324,0.0,0.0,0.0,0.0,0.0,0.0,0.0,0.0,0.0,0.0,0.0,1.373400766945016,1.5707963267948966,1.6704649792860586,1.0516502125483738,0.40489178628508343,0.9652516631899266,0.7086262721276703,0.3906070436976868,0.5543074962015512,0.48689923181126904,0.19118445959701444,0.3868757177310281,0.31099828060554097,0.20749622643520266,-0.0302937599187751,0.24497866312686414,0.1607627406258347,0.1607627406258347,-0.03224688243525392,-0.028563657838759995,-0.0302937599187751,0.372987721800061,-0.1297025371559121,-0.21406068356382152,-0.36397895650964407,-0.4182243295792291
-0.32811989501530536,0.0,-0.4398425828157362,-0.5404195002705842,-0.507098504392337,-0.5485494024505281,-0.6000502134017536,-0.7853981633974483,-0.6998928697192437,-0.7044940642422177,-0.9179496956941223,-0.7853981633974483,-0.6947382761967031,-0.9357695914045828,-0.714090698612158,-0.9048270894157867,-1.0838970949836275,-0.6202494859828215,-0.7853981633974483,-1.1525719972156676,-0.21866894587394195,-0.6947382761967031,-0.14189705460416394,0.19739555984988075,0.7853981633974483,1.0121970114513341,1.0303768265243125,0.0,0.0,0.0,0.0,0.0,0.0,0.0,0.0,0.0,0.0,0.0,-1.7818896600176433,-1.7894652726688385,-1.8399638195805972,-1.8449637779145553,-1.892546881191539,-1.967875772019879,-1.9100889412489412,-1.9333405640594041,-1.9832067683922838,-1.9922155336827008,-1.9631364710104124,-1.9379701606131159,-2.0054665419441413,-2.0183163019520665,-1.965587446494658,-2.0344439357957027,-1.9614033704925835,-1.849095985800008,-1.7681918866447774,-1.4288992721907328,-1.5707963267948966,-1.373400766945016,-1.2220253232109897,-0.6610431688506869,-0.7853981633974483,-0.4636476090008061
-2.38648825011112,0.0,0.6327488350021832,0.6146629519221655,0.702256931509007,0.5763752205911837,0.5028432109278608,0.4636476090008061,0.6350267353903137,0.5880026035475675,0.4993467216801301,0.2914567944778671,0.14189705460416394,0.3217505543966422,0.4182243295792291,0.20749622643520266,0.43240777557053783,0.5880026035475675,0.6610431688506869,0.40489178628508343,0.7853981633974483,0.982793723247329,1.2490457723982544,1.7359450042095235,2.191045812777718,2.191045812777718,2.191045812777718,0.0,0.0,0.0,0.0,0.0,0.0,0.0,0.0,0.0,0.0,0.0,-0.7086262721276703,-0.8097835725701669,-0.7853981633974483,-0.9048270894157867,-0.8685393952858895,-0.8253768505207384,-0.9380474917927135,-0.8685393952858895,-0.8288490587889792,-0.8519663271732721,-1.0014831356942346,-0.9629943306809362,-0.9197196053504169,-0.8818719385800352,-0.8176450458327023,-0.9272952180016122,-0.7853981633974483,-0.49394136891958124,-0.628796286415433,-0.2914567944778671,-0.17985349979247828,-0.21866894587394195,0.0,0.348771003583907,0.4993467216801301,0.4636476090008061
-0.32811989501530536,0.0,0.7853981633974483,0.7853981633974483,0.8621700546672264,0.8567056281827387,0.7583777142101835,0.7298996581517315,0.6889243882148613,0.6000502134017536,0.7044940642422177,0.4444192099010989,0.29544083714372,0.5585993153435624,0.43662715981354133,0.5317240672588056,0.3430239404207034,0.628796286415433,0.6610431688506869,0.7853981633974483,1.0516502125483738,1.3258176636680326,1.7126933813990606,1.9890206563741257,2.356194490192345,2.356194490192345,2.356194490192345,0.0,0.0,0.0,0.0,0.0,0.0,0.0,0.0,0.0,0.0,0.0,-0.43240777557053783,-0.4964227534048819,-0.5104883219167757,-0.47835243137865757,-0.5790742693677309,-0.5880026035475675,-0.5961991412974801,-0.5516549825285468,-0.5516549825285468,-0.5713374798336268,-0.6498704494119476,-0.7328151017865066,-0.6202494859828215,-0.7531512809621944,-0.6146629519221655,-0.5585993153435624,-0.5404195002705842,-0.4993467216801301,-0.5404195002705842,-0.09065988720074511,-0.09966865249116202,0.16514867741462683,0.07130746478529032,0.5880026035475675,0.844153986113171,0.8850668158886104
-0.32811989501530536,0.0,1.4219063791853994,1.5182132651839548,1.4352686128093959,1.5291537476963082,1.4840579881189115,1.2490457723982544,1.2490457723982544,1.4056476493802699,1.1606689862534056,1.2360594894780819,1.1722738811284763,1.1824776086224307,1.1479424006619559,1.1309537439791604,1.1902899496825317,1.2277723863741932,1.1383885512243588,1.3258176636680326,1.4288992721907328,1.6814535479687922,2.191045812777718,2.8632929945846817,2.8501358591119264,2.896613990462929,-3.064820762320015,0.0,0.0,0.0,0.0,0.0,0.0,0.0,0.0,0.0,0.0,0.0,0.11065722117389565,0.13706617431018764,0.16514867741462683,0.09065988720074511,0.031239833430268277,-0.0302937599187751,0.0,0.0,-0.029403288204005115,-0.06241880999595735,-0.06241880999595735,-0.10673567264913565,0.03569911267932397,-0.04345089539153084,0.047583103276983396,0.11710874456686428,-0.06656816377582381,0.1746721990082397,0.0,0.4636476090008061,0.6107259643892086,0.844153986113171,1.0636978224025597,1.1525719972156676,1.4056476493802699,1.3101939350475555
-2.4186133001883023,0.0,2.6992184306130484,2.761086276477428,2.677945044588987,2.7776136970801493,2.642245931909663,2.593043251139265,2.44685437739309,2.5065659181994793,2.356194490192345,2.32590073027357,2.388441372627599,2.356194490192345,2.396173177315635,2.3191743743184148,2.214297435588181,2.356194490192345,2.4668517113662407,2.498091544796509,2.677945044588987,2.7367008673047097,-2.7367008673047097,-2.761086276477428,-2.0778948311872334,-2.214297435588181,-2.0988707752212563,0.0,0.0,0.0,0.0,0.0,0.0,0.0,0.0,0.0,0.0,0.0,1.4968572891369563,1.5374753309166493,1.602036160225165,1.512040504079174,1.4501726582147938,1.3554386270971586,1.361773383988632,1.3415643935179014,1.373400766945016,1.2882413743253092,1.3016288340091962,1.39408747072486,1.3258176636680326,1.3156139361740782,1.3909428270024184,1.4659193880646628,1.4219063791853994,1.5707963267948966,1.6475682180646747,1.6475682180646747,1.965587446494658,2.2655346029916,2.356194490192345,2.5535900500422257,2.408777551803287,2.677945044588987
2.6651252341160867,0.0,-0.6055446636049701,-0.23554498072086333,-0.8012698463892384,-0.13909594148207133,-0.25732371497108864,-0.8960553845713439,-0.5823529461439831,-0.6435011087932844,-0.8253768505207384,-0.368348921408963,-0.3906070436976868,-0.6078019961139605,-0.6389139850038871,-0.8276265655104502,-0.8210972760767723,-0.711459125739508,-0.30587887140485215,-0.7853981633974483,0.4182243295792291,-0.047583103276983396,0.3217505543966422,0.3906070436976868,0.4228539261329407,0.690446457054692,0.9917220574271658,0.0,0.0,0.0,0.0,0.0,0.0,0.0,0.0,0.0,0.0,0.0,-1.1875121790492111,-1.3187003461268225,-1.2732346020570908,-1.3055892093430719,-1.353358907391949,-1.460139105621001,-1.4625257359344406,-1.4121410646084953,-1.422946961536141,-1.4677147182721964,-1.5844941001677624,-1.4801364395941514,-1.3991682584140166,-1.4382447944982226,-1.643836892098016,-1.5337762109209665,-1.7126933813990606,-1.799292966086759,-0.7853981633974483,-0.8685393952858895,-1.2220253232109897,-0.9420000403794636,-0.6857295109062863,-1.1071487177940904,-0.21109333322274654,-0.037020115873930025
-2.4586383436994694,0.0,-2.7776136970801493,3.048115872431204,-2.5269297016676275,-2.372066173184135,-2.7498927141523692,-2.501504500828047,-2.6637615985976786,-2.5213431676069717,-2.7807558705567024,-2.7343368055149466,-2.6858188976130877,-2.9786661947394206,-2.7128146261437767,-2.7532739354173272,-3.0348569809406576,-2.819842099193151,-2.616796881939686,-2.7722589959161676,-2.3291740410050803,-2.0169018757383004,-1.729451588981298,-1.1999050379822342,-1.1978086049948355,-1.0584068664841588,-0.901157381118259,0.0,0.0,0.0,0.0,0.0,0.0,0.0,0.0,0.0,0.0,0.0,2.3660951567803337,2.293775680196388,2.137525544318403,2.1763409903998667,2.2226654411004736,2.173083672929861,2.1923229512915183,2.2574178981246824,2.1683527797800615,2.239608484731029,2.211381991953406,2.0516836069902324,2.184815363802837,2.191045812777718,2.4132752725986095,2.2390857456254807,2.23399931950099,2.2584675828336263,2.5175696006130366,2.7901478595862415,2.356194490192345,-2.9865959116658525,-2.616796881939686,2.9441970937399127,-2.618314331457818,-2.8890383778117337
-2.825976991551027,0.0,0.6973907898697076,0.06656816377582381,0.5191461142465229,0.8206776369910396,0.5966603958773148,0.43240777557053783,0.32811989501530536,0.5170319524915414,0.32811989501530536,0.3605660004781059,0.3934506379289356,0.5099720597014129,0.4214192068878042,0.30704573201879076,0.3217505543966422,0.7086262721276703,0.7086262721276703,0.73139666302148,0.8408966686431651,1.3078015951139772,1.5182132651839548,1.5232132235179132,1.5707963267948966,1.8828384483574299,2.158798930342464,0.0,0.0,0.0,0.0,0.0,0.0,0.0,0.0,0.0,0.0,0.0,-0.31705575320914703,-0.30195116183024934,-0.56852454773104,-0.4423742229767449,-0.4116713434318949,-0.5236846609962432,-0.532322511232846,-0.5909180471823426,-0.7162018847788657,-0.4533386958545628,-0.6168012237880187,-0.6063828863759626,-0.47783105499211487,-0.8902751021276822,-0.6240230529767569,-0.7853981633974483,-1.0483928950783679,-0.20304521725346514,-0.18311081726248413,-0.260602391747341,-0.6528466311007743,0.5349550737860964,0.6000502134017536,-0.09966865249116202,0.5880026035475675,0.8058034940839864
-0.32811989501530536,0.0,-0.6747409422235526,-1.2341215074081695,-0.9730379352018146,-1.2527087596784892,-1.4056476493802699,-1.1951560913218313,-1.849095985800008,-1.0620665024793434,-0.9917220574271658,-1.136842957401,-1.150916369589345,-1.484802035600656,-1.4360250423171654,-1.1659045405098132,-1.2341215074081695,-1.433730152484709,-1.1525719972156676,-1.0370881351556351,-1.1410340476982082,-0.4636476090008061,-0.8685393952858895,-0.24497866312686414,-0.3028848683749714,0.08314123188844123,0.388318718172466,0.0,0.0,0.0,0.0,0.0,0.0,0.0,0.0,0.0,0.0,0.0,-2.5342874284235424,-2.4448503720597823,-2.5890083032990794,-2.5227778868521082,-2.580429241301441,-2.546523029884252,-2.550300588222672,-2.7076392841958965,-2.6601954295324894,-2.6322915095877812,-2.5739262292179137,-2.677945044588987,-2.5008089294122855,-2.3691807731125176,-2.5088438185876103,-2.309716358841342,-2.214297435588181,-2.317751900171157,-1.892546881191539,-2.1948193797716535,-1.3258176636680326,-1.373400766945016,-1.837048375945822,-1.361773383988632,-1.6207547225168393,-0.9505468408120752
-0.32811989501530536,0.0,-0.1775961672834879,-0.3430239404207034,-0.2758058985885225,0.37089128881266237,-0.11242713083019014,-0.2247111684146427,-0.21866894587394195,-0.16183743123842292,-0.16514867741462683,-0.507098504392337,-0.5785242144177053,-0.24497866312686414,-0.3503142122354022,-0.6473921397399288,-0.2914567944778671,-0.30704573201879076,0.06241880999595735,-0.4228539261329407,-0.21866894587394195,0.5123894603107377,0.35877067027057225,0.5485494024505281,1.0714496051147666,1.6506263125071339,1.2298173732985471,0.0,0.0,0.0,0.0,0.0,0.0,0.0,0.0,0.0,0.0,0.0,-0.8574382287842762,-0.8621700546672264,-0.9352106199703457,-0.8699419189104465,-0.9296875579351908,-0.9894161429899969,-0.9763213217200335,-0.9347208240911457,-1.0010398733119181,-1.0454294529795805,-1.0951011079399045,-1.066235888018651,-1.1606689862534056,-1.1428478304734144,-1.1562894522101106,-1.0191413442663497,-0.9314104211087237,-0.8012698463892384,-0.7853981633974483,-0.5485494024505281,-0.5984188934785372,-0.4795192919925962,-0.3947911196997615,0.6000502134017536,0.6556956262415362,0.21406068356382152
-0.4764674194737067,0.0,2.5175696006130366,2.4416997838705496,2.2455372690184494,2.356194490192345,2.1962813670341257,2.498091544796509,2.2318394956455836,2.459276098715045,2.327630832353585,2.2264919530364327,2.0778948311872334,2.1451011569695986,2.5829933382462307,2.4149503129080676,2.279422598922567,2.9441970937399127,2.5360479899848234,2.8632929945846817,2.5535900500422257,-2.976443976175166,-2.1112158270654806,-2.2655346029916,-1.9890206563741257,-1.6539375586833378,-1.7033478590915707,0.0,0.0,0.0,0.0,0.0,0.0,0.0,0.0,0.0,0.0,0.0,0.3217505543966422,0.3868757177310281,0.33205946754288546,0.2587708919636976,0.260602391747341,0.2587708919636976,0.2662520491509254,0.27829965900511133,0.3217505543966422,0.27829965900511133,0.3217505543966422,0.3743336160075839,0.3347368373168147,0.4228539261329407,0.4266274931268761,0.43662715981354133,0.6857295109062863,0.5280744484263596,1.1071487177940904,1.0516502125483738,0.9505468408120752,0.6747409422235526,1.7126933813990606,1.837048375945822,3.017237659043032,1.7681918866447774
-0.47007838851840694,0.0,0.3142318990843383,0.4636476090008061,-0.02702044918726479,0.7524430657831502,0.6986598247214632,0.5429511404315929,0.7853981633974483,0.5771922138734609,0.3156156620387663,0.4636476090008061,-0.04164257909858842,0.16137511042069147,0.2942345651111878,0.3686959026580498,0.2847304385227122,0.3347368373168147,0.6747409422235526,0.260602391747341,1.4121410646084953,1.4382447944982226,1.4181469983996315,2.4805494847391065,2.0344439357957027,2.5535900500422257,2.376599820878883,0.0,0.0,0.0,0.0,0.0,0.0,0.0,0.0,0.0,0.0,0.0,-1.0516502125483738,-1.0749018353588367,-1.1485451733436245,-1.089909046599561,-1.145173858455265,-1.112643167997307,-1.1902899496825317,-1.237552025683224,-1.1015307993691352,-1.176005207095135,-1.3352513460740332,-1.257520145801225,-1.243969673864956,-1.1700028782196619,-1.271020256694917,-1.2304143881529896,-1.0714496051147666,-0.8353565591193911,-0.7216548508647612,-0.4266274931268761,-0.6986598247214632,0.1283232276857948,0.4844779290370232,0.7853981633974483,0.5191461142465229,0.4899573262537283
0.5693131911006619,0.0,2.2730532583039036,2.393214606066275,2.356194490192345,2.390663591191853,2.323947607757091,2.38648825011112,2.2318394956455836,2.1341125882868646,2.1193457292454245,2.185459278717062,2.1451011569695986,2.129395642138459,2.0344439357957027,2.060753653048625,2.2264919530364327,2.0344439357957027,1.9513027039072615,2.2655346029916,-2.896613990462929,2.677945044588987,-2.5535900500422257,-2.498091544796509,-2.0778948311872334,-2.158798930342464,-2.256525837701183,0.0,0.0,0.0,0.0,0.0,0.0,0.0,0.0,0.0,0.0,0.0,0.8621700546672264,0.690446457054692,0.6947382761967031,0.712357598094329,0.7188299996216245,0.6267429012110469,0.6610431688506869,0.5713374798336268,0.5554937352655436,0.507098504392337,0.5191461142465229,0.6857295109062863,0.6640461628266846,0.722979353401491,0.7188299996216245,0.7853981633974483,0.8288490587889792,0.6947382761967031,0.9097531579442097,1.176005207095135,1.1071487177940904,1.8622531212727638,1.9513027039072615,1.7681918866447774,1.892546881191539,2.356194490192345
0.3156156620387663,0.0,-2.896613990462929,-2.356194490192345,-1.3258176636680326,-1.3258176636680326,-0.11065722117389565,0.260602391747341,-0.43662715981354133,-0.5247957716501074,-0.6202494859828215,-0.4844779290370232,-0.5404195002705842,-0.388318718172466,-0.5880026035475675,-0.13255153229667402,0.13255153229667402,0.12435499454676144,0.3947911196997615,-0.04542327942157701,0.13255153229667402,0.5585993153435624,0.5485494024505281,0.5404195002705842,1.176005207095135,1.460139105621001,1.5707963267948966,0.0,0.0,0.0,0.0,0.0,0.0,0.0,0.0,0.0,0.0,0.0,-1.7975951748487824,-1.8622531212727638,-2.158798930342464,-2.312743594800814,-2.5535900500422257,-2.2264919530364327,-2.158798930342464,-2.388441372627599,-2.587285157388242,-2.723368324010564,-2.5175696006130366,-2.4905159321453136,-2.3774678762164063,-2.6271413405307653,-2.4805494847391065,-2.540518899092044,-2.9669204545815537,-2.761086276477428,-2.8501358591119264,-2.8864102629689747,-2.5829933382462307,-2.7763912038016203,-2.677945044588987,-2.654693421778524,-2.38648825011112,-2.896613990462929
2.4936206356892883,0.0,0.0,0.5404195002705842,1.0121970114513341,1.0303768265243125,2.601173153319209,1.7359450042095235,1.9295669970654687,1.97568811307998,1.6162196062164735,2.1112158270654806,1.9055331641117113,2.14717154738608,2.0812846487116725,2.1962813670341257,2.1995926132103296,2.191045812777718,2.388441372627599,2.327630832353585,2.7367008673047097,2.6292031932790554,2.835713782184941,3.0890095919788516,-2.819842099193151,-2.988943325194528,-2.601173153319209,0.0,0.0,0.0,0.0,0.0,0.0,0.0,0.0,0.0,0.0,0.0,1.5707963267948966,1.3909428270024184,1.7782925532300993,1.8157749899217608,1.176005207095135,1.3854483767992019,0.9505468408120752,0.4145068745847859,0.8519663271732721,0.5880026035475675,0.3868757177310281,0.2741674511196588,0.1920480172407301,0.27829965900511133,0.3970794452249823,0.18534794999569476,0.1343214419529685,0.10673567264913565,0.18311081726248413,0.15991312315821926,0.04164257909858842,0.039978687123290044,-0.09966865249116202,-0.348771003583907,-0.3671738338182192,-0.07982998571223732
0.3156156620387663,0.0,-2.432966381462123,-1.1902899496825317,-2.158798930342464,-2.0778948311872334,-1.2315037123408519,-0.8760580505981934,-0.9505468408120752,-0.7853981633974483,0.06241880999595735,-0.5191461142465229,-0.6556956262415362,-0.5404195002705842,-0.2860514417173182,-0.844153986113171,-0.08673833867598511,-0.24497866312686414,-0.06241880999595735,0.24497866312686414,0.24497866312686414,0.6435011087932844,0.7188299996216245,1.0303768265243125,1.0040671092713902,1.3439974787410107,1.4994888620096063,0.0,0.0,0.0,0.0,0.0,0.0,0.0,0.0,0.0,0.0,0.0,-1.460139105621001,-1.7894652726688385,-1.1441688336680205,-1.8622531212727638,-1.9513027039072615,-2.137525544318403,-2.316215803069055,-2.3191743743184148,-2.2367655641740063,-2.1451011569695986,-2.498091544796509,-2.677945044588987,-2.4719537079131557,-2.642245931909663,-2.5127963671743605,-2.782821983319221,-2.6909313275091598,-2.6632402222111358,-2.8809902618424523,-2.999695598985629,3.104572537715863,-2.5829933382462307,-2.804917834203066,3.141592653589793,-2.9533711482850227,-3.0916342578678506
-2.690139562037239,0.0,1.9890206563741257,2.601173153319209,3.141592653589793,2.5213431676069717,2.9562447035940984,-2.976443976175166,-2.961739153797315,-2.8632929945846817,-2.256525837701183,-2.6387494426619322,-2.5672878234150915,-2.5127963671743605,-2.323947607757091,-1.9936502529278373,-2.3191743743184148,-2.1763409903998667,-2.2318394956455836,-1.695151321341658,-1.8662371639386166,-1.4801364395941514,-1.3101939350475555,-1.4876550949064553,-0.9505468408120752,-0.6610431688506869,-0.6435011087932844,0.0,0.0,0.0,0.0,0.0,0.0,0.0,0.0,0.0,0.0,0.0,-2.7367008673047097,-3.0309354324158977,2.961739153797315,3.0309354324158977,2.2455372690184494,2.714965160462917,2.1763409903998667,2.312743594800814,2.2531128816696446,2.0169018757383004,2.0169018757383004,2.0491487581735544,1.8717165611553217,1.8449637779145553,1.6162196062164735,1.873681195169868,1.6295521495106193,1.5374753309166493,1.6475682180646747,1.4677147182721964,1.477319545636307,1.3986055122719576,1.4801364395941514,1.3876855095324125,1.5291537476963082,1.4659193880646628
2.5337906574758327,0.0,-2.312743594800814,-3.064820762320015,-2.2318394956455836,-1.0121970114513341,-1.2120256565243244,0.0,-1.2490457723982544,-0.8253768505207384,-0.9272952180016122,-1.1902899496825317,-0.8960553845713439,-0.7853981633974483,-1.0743735733900148,-0.7328151017865066,-0.8198672643969563,-0.4228539261329407,-0.5247957716501074,-0.4993467216801301,0.058755822715722696,0.09065988720074511,0.08673833867598511,0.3947911196997615,0.6435011087932844,0.8198672643969563,0.8156919233162234,0.0,0.0,0.0,0.0,0.0,0.0,0.0,0.0,0.0,0.0,0.0,-0.7328151017865066,-0.7328151017865066,-0.5191461142465229,-1.892546881191539,-1.687905071361761,-2.0106389096106327,-2.0736395377227574,-2.0152155366959956,-2.1995926132103296,-2.178598322908857,-2.2286849319771065,-2.4917222041778455,-2.561589879382112,-2.5722794624891314,-2.6888141817662574,-2.5829933382462307,-2.4629301628414804,-2.835713782184941,-2.65711472455277,-2.5967287381382493,-2.44293282886833,-2.618314331457818,-3.109345771154539,-3.017237659043032,3.141592653589793,3.141592653589793
1.3499675570655483,0.0,-2.0344439357957027,-2.279422598922567,-1.5707963267948966,1.0303768265243125,-1.35970299357215,-1.0768549578753155,0.06241880999595735,-0.7086262721276703,-0.6556956262415362,-0.7086262721276703,-0.7853981633974483,-0.7853981633974483,-0.6202494859828215,-0.5280744484263596,-0.4636476090008061,-0.4182243295792291,-0.18534794999569476,-0.21866894587394195,0.18998828791871572,0.21866894587394195,0.4266274931268761,0.2860514417173182,0.7853981633974483,1.2722973952087173,1.6814535479687922,0.0,0.0,0.0,0.0,0.0,0.0,0.0,0.0,0.0,0.0,0.0,-0.982793723247329,-1.2220253232109897,-1.695151321341658,-1.7681918866447774,-2.0344439357957027,-2.2597207150097582,-2.356194490192345,-2.17084654019665,-2.321725389192837,-2.3291740410050803,-2.356194490192345,-2.819842099193151,-2.543173760111256,-2.429235055495464,-2.6374266921106404,-2.7868870015788527,-2.5829933382462307,-3.0132694259039985,-2.904743892642873,-2.922923707715851,-2.44685437739309,-2.91811605244916,3.096169374168216,-3.0828368308740703,3.141592653589793,3.050932766389048
3.1290933045704317,0.0,-2.7367008673047097,-2.654693421778524,-2.8632929945846817,-2.6971734436886945,-2.642245931909663,-2.7314653130483024,-2.7314653130483024,-2.8879185574511506,-2.8083483524781205,-2.796037073008081,-2.8864102629689747,-2.796037073008081,-2.91811605244916,-2.9275319700259717,-3.0890095919788516,-2.976443976175166,-2.9562447035940984,-2.988943325194528,-3.0419240010986313,-2.9441970937399127,-2.356194490192345,-0.7853981633974483,-0.3805063771123649,-0.6435011087932844,-0.5191461142465229,0.0,0.0,0.0,0.0,0.0,0.0,0.0,0.0,0.0,0.0,0.0,1.477319545636307,1.460139105621001,1.3677511095414314,1.3633001003596938,1.373400766945016,1.3578579772154995,1.3578579772154995,1.3787483095541666,1.3415643935179014,1.3487144248894165,1.4288992721907328,1.5350972141155728,1.5273454314033659,1.5707963267948966,1.6183794300718801,1.6233793884058383,1.892546881191539,1.9513027039072615,2.0701430484750265,2.0778948311872334,2.158798930342464,2.4668517113662407,2.4668517113662407,2.601173153319209,3.141592653589793,-3.058451421701352
2.316215803069055,0.0,-2.79856871316909,-2.601173153319209,-2.5702551737561663,-2.601173153319209,-2.743070207923373,-2.593043251139265,-2.7532739354173272,-2.7686049317897323,-2.7314653130483024,-2.969401839066854,-2.964883797519757,-2.9441970937399127,-2.896613990462929,-2.875340604438868,-3.054854314913808,-2.9669204545815537,-3.070285188804503,-2.976443976175166,-2.782821983319221,-2.896613990462929,-2.0344439357957027,-0.7853981633974483,-0.4636476090008061,-0.6947382761967031,-0.7086262721276703,0.0,0.0,0.0,0.0,0.0,0.0,0.0,0.0,0.0,0.0,0.0,1.687905071361761,1.5993599846336566,1.5978167759821613,1.6539375586833378,1.5971060440478189,1.513715544388632,1.6207547225168393,1.624797827170865,1.5985669633883177,1.633215136790854,1.6041173226731438,1.6052654277944047,1.5707963267948966,1.837048375945822,1.6814535479687922,1.9100889412489412,1.892546881191539,2.2455372690184494,2.158798930342464,2.356194490192345,2.723368324010564,2.819842099193151,2.782821983319221,3.141592653589793,2.961739153797315,-3.0419240010986313
1.9775433985208675,0.0,-1.5152978215491797,-1.695151321341658,-1.4536875822280324,-1.4758446204521403,-1.6614562139956417,-1.6506263125071339,-1.6614562139956417,-1.6814535479687922,-1.6775319994440323,-1.7359450042095235,-1.892546881191539,-1.9437840485949576,-1.8157749899217608,-1.7681918866447774,-2.0576955586061656,-2.0899424410414196,-1.873681195169868,-1.9974238199217726,-1.97568811307998,-1.7681918866447774,-1.5707963267948966,0.3217505543966422,-0.3217505543966422,1.1071487177940904,0.507098504392337,0.0,0.0,0.0,0.0,0.0,0.0,0.0,0.0,0.0,0.0,0.0,2.691833040519954,2.6374266921106404,2.577023259921693,2.6292031932790554,2.6292031932790554,2.577023259921693,2.609868586330988,2.5308666892005847,2.4805494847391065,2.611376880813163,2.579671091332978,2.6632402222111358,2.5652174329986095,2.601173153319209,2.7367008673047097,2.922923707715851,2.9669204545815537,3.0860941483440762,3.141592653589793,-3.0419240010986313,-2.5829933382462307,-2.279422598922567,-2.714965160462917,-2.289626326416521,-2.129395642138459,-1.8622531212727638
-0.32811989501530536,0.0,-0.18534794999569476,-0.27094685033842053,-0.19739555984988075,-0.27829965900511133,-0.18822150530477075,-0.29544083714372,-0.35299038782691045,-0.3217505543966422,-0.41012734054149097,-0.4423742229767449,-0.348771003583907,-0.36397895650964407,-0.4182243295792291,-0.625485040239229,-0.7454194762741583,-0.6202494859828215,-0.8329812666744317,-0.7853981633974483,-0.7853981633974483,-2.356194490192345,-1.2490457723982544,1.892546881191539,2.498091544796509,2.5535900500422257,1.9890206563741257,0.0,0.0,0.0,0.0,0.0,0.0,0.0,0.0,0.0,0.0,0.0,-2.220666776206844,-2.2083451249335893,-2.1815222911841055,-2.2091161348039425,-2.241317884775446,-2.3145519110937567,-2.279422598922567,-2.317751900171157,-2.332942867381882,-2.334921104168284,-2.332942867381882,-2.2655346029916,-2.1815222911841055,-2.095592098445004,-2.0106389096106327,-2.05527425583192,-2.137525544318403,-2.0988707752212563,-1.8692952583810758,-1.4994888620096063,-1.1659045405098132,-1.2120256565243244,-1.5707963267948966,-1.1071487177940904,-0.982793723247329,-0.3217505543966422
-1.633705332830022,0.0,1.3086764855294237,0.7720656201033026,0.9664908199286669,0.7700147616168531,1.1441688336680205,0.870903457075653,0.9083700329617455,0.5633162614919681,0.7700147616168531,0.7736340002476896,0.44557728697458177,0.6627295078929916,0.6771275725369923,0.3805063771123649,0.7853981633974483,0.6876712560387296,0.3805063771123649,0.8124186125847132,1.9195673303788037,1.446441332248135,2.0778948311872334,2.0344439357957027,3.1016139664665032,2.2264919530364327,2.782821983319221,0.0,0.0,0.0,0.0,0.0,0.0,0.0,0.0,0.0,0.0,0.0,-1.381899145917274,-1.2854669066127613,-1.2615974144678221,-1.2840509226629553,-1.380808038876181,-1.2827408797442708,-1.2529983209850046,-1.2827408797442708,-1.3109819569490586,-1.4100335861690618,-1.2778839292693733,-1.1300454790154746,-1.3020933021597256,-1.1396575860761144,-1.2722973952087173,-1.1169523252733864,-1.1618884978439712,-1.0179551052023574,-1.35970299357215,-0.6435011087932844,-0.6837093116343713,-0.9272952180016122,-0.8685393952858895,0.0,0.07393903765794034,1.2627435457711202
1.512040504079174,0.0,3.024483909022929,2.976443976175166,2.8706458032513726,-3.0090411212931194,3.046640947247037,2.8632929945846817,-2.819842099193151,2.936197264400026,2.8068558162729786,2.649783477601095,2.7928216500058864,2.6971734436886945,2.7367008673047097,2.609868586330988,2.601173153319209,2.6135182051634334,2.432966381462123,2.5535900500422257,2.677945044588987,2.1112158270654806,2.677945044588987,-1.892546881191539,-1.373400766945016,-1.0121970114513341,-1.0121970114513341,0.0,0.0,0.0,0.0,0.0,0.0,0.0,0.0,0.0,0.0,0.0,0.8584387287005676,0.7621465405869854,0.8519663271732721,0.8066715494215095,0.7437555842988599,0.8270407424960368,0.7437555842988599,0.8058034940839864,0.8086497862079112,0.8076167287241673,0.8097835725701669,0.83798122500839,0.9453112865556675,0.8519663271732721,0.9380474917927135,0.7454194762741583,1.176005207095135,1.3521273809209546,0.7378150601204649,1.7359450042095235,1.2924966677897853,1.9295669970654687,2.2455372690184494,2.922923707715851,-3.064820762320015,-3.017237659043032
-0.7467907472692974,0.0,1.9513027039072615,1.8313987185422376,1.5182132651839548,1.6262948320406134,1.7004988639508087,1.6233793884058383,1.5707963267948966,1.4410937896389846,1.3986055122719576,1.460139105621001,1.1722738811284763,1.4876550949064553,1.2649174553900444,1.856847768512215,1.6295521495106193,1.5707963267948966,2.432966381462123,1.8313987185422376,1.4056476493802699,0.6747409422235526,-2.356194490192345,-1.5707963267948966,-1.9890206563741257,-1.1071487177940904,-1.8313987185422376,0.0,0.0,0.0,0.0,0.0,0.0,0.0,0.0,0.0,0.0,0.0,-1.2679114584199251,-1.178456182579381,-1.3415643935179014,-1.201462669121271,-1.2597980461893556,-1.2698760924344714,-1.2847448850775784,-1.1902899496825317,-1.4364748848419282,-1.1955255039389392,-1.1525719972156676,-0.8884797719201485,-1.0303768265243125,-1.2490457723982544,-0.8198672643969563,-1.8157749899217608,-0.058755822715722696,0.12435499454676144,-1.3909428270024184,2.677945044588987,0.0,-1.8157749899217608,-2.356194490192345,1.7894652726688385,0.9272952180016122,0.982793723247329
-0.32811989501530536,0.0,3.024483909022929,-3.0419240010986313,3.096169374168216,-3.054854314913808,-3.0981417581982624,-3.054854314913808,-2.961739153797315,-3.1031500635686053,3.0981417581982624,2.936197264400026,2.9441970937399127,2.8632929945846817,2.8632929945846817,2.976443976175166,2.498091544796509,2.8809902618424523,2.5308666892005847,3.141592653589793,-2.9147938055359073,-2.9441970937399127,-2.819842099193151,-1.5707963267948966,0.4636476090008061,-1.0516502125483738,-0.7853981633974483,0.0,0.0,0.0,0.0,0.0,0.0,0.0,0.0,0.0,0.0,0.0,0.9505468408120752,1.0062269331267966,1.0303768265243125,0.8760580505981934,0.9685089806599324,0.8960553845713439,0.8803498697402047,0.9685089806599324,1.025141272267905,0.9397169393235674,1.0838970949836275,0.9505468408120752,0.9272952180016122,0.9561333748727311,0.8760580505981934,1.1071487177940904,1.2277723863741932,1.5707963267948966,0.8685393952858895,1.1659045405098132,1.849095985800008,2.62244653934327,3.0309354324158977,2.819842099193151,3.141592653589793,-2.9147938055359073
-2.7461842500178175,0.0,-2.0988707752212563,-2.0344439357957027,-2.0736395377227574,-2.0831857871056343,-2.1341125882868646,-1.9693187724613168,-1.9936502529278373,-2.1112158270654806,-2.158798930342464,-2.300695984946628,-2.2752903910371143,-2.384758148031105,-2.38648825011112,-2.452668265374932,-2.396173177315635,-2.5213431676069717,-2.5213431676069717,-2.408777551803287,-2.723368324010564,-2.677945044588987,-2.819842099193151,1.5707963267948966,0.7853981633974483,0.5880026035475675,0.27829965900511133,0.0,0.0,0.0,0.0,0.0,0.0,0.0,0.0,0.0,0.0,0.0,2.0091328866528544,2.0472637462686034,1.9974238199217726,1.9862884227357873,1.941687615607559,1.892546881191539,2.0344439357957027,1.8650308919060843,1.946067149650854,1.9359977765830696,2.0054665419441413,1.965587446494658,2.0672190801997785,2.1112158270654806,2.20354516179708,2.1112158270654806,2.356194490192345,2.356194490192345,2.4227626539681686,2.62244653934327,3.141592653589793,-2.601173153319209,-2.976443976175166,-2.5213431676069717,-2.4805494847391065,-2.356194490192345
2.89288266449627,0.0,-1.892546881191539,-1.8157749899217608,-1.8281200417659853,-2.0344439357957027,-1.837048375945822,-1.8545904360032244,-1.9513027039072615,-1.965587446494658,-1.9576720445259248,-2.117585167684144,-2.214297435588181,-2.14717154738608,-2.2455372690184494,-2.2597207150097582,-2.2597207150097582,-2.20354516179708,-2.1421338066285234,-2.256525837701183,-2.44685437739309,-1.892546881191539,-1.7359450042095235,1.2490457723982544,0.16514867741462683,0.4636476090008061,0.6747409422235526,0.0,0.0,0.0,0.0,0.0,0.0,0.0,0.0,0.0,0.0,0.0,1.9195673303788037,1.9295669970654687,1.9359977765830696,1.9086745150351752,1.9100889412489412,1.9173351912288386,1.8753072099970092,2.022249418347451,1.9359977765830696,1.967875772019879,1.8399638195805972,1.9513027039072615,2.000558605891585,2.0736395377227574,2.2455372690184494,2.0647376957144776,2.408777551803287,2.408777551803287,2.498091544796509,2.432966381462123,3.141592653589793,-2.819842099193151,-2.62244653934327,-2.191045812777718,-2.356194490192345,-2.137525544318403
1.2722973952087173,0.0,2.4227626539681686,-2.976443976175166,2.62244653934327,3.017237659043032,2.214297435588181,-2.961739153797315,-2.896613990462929,2.999695598985629,-2.835713782184941,-2.9669204545815537,-2.7509856098921066,3.0890095919788516,-2.9562447035940984,-2.761086276477428,-2.677945044588987,-2.462178848181945,-2.5948038127005457,-2.158798930342464,-2.297438667476622,-2.223642957895671,-1.9693187724613168,-1.687905071361761,-1.8622531212727638,-1.2277723863741932,-1.2120256565243244,0.0,0.0,0.0,0.0,0.0,0.0,0.0,0.0,0.0,0.0,0.0,-3.064820762320015,-2.8501358591119264,-2.7367008673047097,2.922923707715851,2.677945044588987,2.399645385583876,2.169215220273434,2.321725389192837,1.856847768512215,2.356194490192345,1.9853032013796825,1.8533512792644842,1.7681918866447774,1.9195673303788037,1.7748143063874453,1.8076450877418169,1.695151321341658,1.9295669970654687,1.5707963267948966,1.3854483767992019,1.3045442776439713,1.5308176396716067,1.1659045405098132,1.4056476493802699,1.1722738811284763,1.0516502125483738
-2.825976991551027,0.0,-1.0584068664841588,-1.0121970114513341,-1.2068173702852525,-1.0164888305933455,-0.9944211062037129,-1.0303768265243125,-1.1071487177940904,-0.7853981633974483,-1.039072259536091,-0.982793723247329,-0.8621700546672264,-1.1309537439791604,-0.9685089806599324,-1.1071487177940904,-1.1071487177940904,-0.8329812666744317,-0.9420000403794636,-1.0121970114513341,-1.1071487177940904,-0.7853981633974483,0.0,0.9272952180016122,0.0,1.1071487177940904,1.4056476493802699,0.0,0.0,0.0,0.0,0.0,0.0,0.0,0.0,0.0,0.0,0.0,-2.8286914257094087,-2.8706458032513726,-2.9029833310815922,-2.984990776607778,-3.0202406530190298,-3.0916342578678506,-3.068552088286674,-3.046640947247037,-3.0916342578678506,-3.064820762320015,-3.027800646446085,-3.050932766389048,-2.999695598985629,-3.0981417581982624,-2.9533711482850227,-2.704965493776252,-2.677945044588987,-2.62244653934327,-2.44685437739309,-1.7126933813990606,-1.5707963267948966,-1.5707963267948966,-1.2036224929766774,-1.3045442776439713,-1.1659045405098132,-1.1071487177940904
3.141592653589793,0.0,-2.7367008673047097,-2.788602265762883,-2.8501358591119264,-2.723368324010564,-2.819842099193151,-2.835713782184941,-2.8706458032513726,-2.7776136970801493,-2.7509856098921066,-2.8501358591119264,-2.729182211992406,-2.782821983319221,-2.651635327336065,-2.896613990462929,-2.647651284670212,-2.79856871316909,-2.4668517113662407,-2.498091544796509,-2.279422598922567,-2.0899424410414196,-1.892546881191539,-1.7359450042095235,-1.4056476493802699,-0.7853981633974483,-0.6435011087932844,0.0,0.0,0.0,0.0,0.0,0.0,0.0,0.0,0.0,0.0,0.0,1.6030432092301505,1.5707963267948966,1.5102643070127895,1.4157995848709557,1.4570043196511886,1.4327903031373772,1.3578579772154995,1.396124127786657,1.3397056595989996,1.3397056595989996,1.3258176636680326,1.3521273809209546,1.380808038876181,1.2870022175865687,1.460139105621001,1.5083775167989393,1.5707963267948966,1.7126933813990606,2.356194490192345,2.498091544796509,2.761086276477428,3.141592653589793,-2.976443976175166,-2.9441970937399127,3.141592653589793,-2.896613990462929
-1.8759213347918609,0.0,-1.7454685258031364,-1.8281200417659853,-1.776191715984664,-1.6142472221864275,-1.7126933813990606,-1.7894652726688385,-1.6183794300718801,-1.6124389058934852,-1.729451588981298,-1.6207547225168393,-1.6657480331376529,-1.5208379310729538,-1.750649826587375,-1.4288992721907328,-1.446441332248135,-1.5707963267948966,-1.1659045405098132,-1.2924966677897853,-1.373400766945016,-0.9272952180016122,-0.7853981633974483,0.3805063771123649,-0.14189705460416394,0.3217505543966422,0.4636476090008061,0.0,0.0,0.0,0.0,0.0,0.0,0.0,0.0,0.0,0.0,0.0,2.6651252341160867,2.6651252341160867,2.5882983282675007,2.5468333961064404,2.498091544796509,2.488746022489019,2.437978870810341,2.518393323655727,2.4301335278502854,2.459276098715045,2.419937802725032,2.356194490192345,2.498091544796509,2.44685437739309,2.388441372627599,2.5702551737561663,2.7928216500058864,2.5213431676069717,-2.8632929945846817,-2.279422598922567,-2.0344439357957027,-2.498091544796509,-2.0899424410414196,-1.7033478590915707,-1.5707963267948966,-1.8766751981997487
-1.878193799917718,0.0,0.4844779290370232,0.6405856651585092,0.7188299996216245,0.31726627952182623,1.1361261116456518,1.0489620469804861,0.33261969157391236,0.8577354939360433,0.7744095947147147,0.5585993153435624,0.5942137038004339,0.6556956262415362,0.7170118198069448,0.56852454773104,0.83798122500839,1.2120256565243244,0.9048270894157867,0.6747409422235526,0.6947382761967031,1.3521273809209546,1.4056476493802699,2.0344439357957027,2.5360479899848234,2.104504518434158,2.4668517113662407,0.0,0.0,0.0,0.0,0.0,0.0,0.0,0.0,0.0,0.0,0.0,-0.7175413405411445,-0.6876712560387296,-0.8266969817670544,-0.7503248328642229,-0.85988695361133,-0.8943401203873141,-0.9799847418712808,-0.974295344275071,-1.0000830666055374,-0.9959077255248044,-0.9224643377076359,-0.9944211062037129,-1.0303768265243125,-1.0303768265243125,-1.0146300966744437,-0.7509290623979403,-0.6146629519221655,-0.4228539261329407,-0.6435011087932844,0.6435011087932844,1.1902899496825317,0.08800737352774077,0.6202494859828215,0.37089128881266237,0.32773850678055544,0.9716210038085897
2.323947607757091,0.0,1.2160906747839564,1.6396528160959412,1.7011996346840301,1.1543577096033049,1.5499660067586796,1.513715544388632,1.2068173702852525,1.297787623708186,1.9809236673363877,1.4141944498128813,1.9178579303343872,1.5444866095419745,1.176005207095135,1.8055189392800937,1.7440419932472615,1.8094056493030977,2.0626055027835952,1.5323537367737086,1.6162196062164735,1.4940244355251187,2.2264919530364327,3.058451421701352,2.723368324010564,-2.9562447035940984,-2.539305307454829,0.0,0.0,0.0,0.0,0.0,0.0,0.0,0.0,0.0,0.0,0.0,-0.16743177847052315,-0.18998828791871572,-0.2284966392918623,-0.3048030245902373,-0.35245762282670423,-0.3444004020427971,-0.35344023035167305,-0.31521469975071104,-0.3964412832184413,-0.33613805078556785,-0.4955516734858285,-0.434244320796801,-0.4560719963496107,-0.48522699256733626,-0.2860514417173182,-0.06807645825799948,-0.19739555984988075,-0.16514867741462683,-0.7086262721276703,0.4636476090008061,0.8960553845713439,2.178598322908857,1.3633001003596938,1.8399638195805972,2.3725864645003503,2.0091328866528544
-0.32811989501530536,0.0,-3.0750244898139694,-2.84868025606427,-2.3224993828463285,-2.7942066906714738,-2.2318394956455836,-2.5482425074330752,-2.7386810627362776,-2.2455372690184494,-2.269988916516566,-2.3136669555725606,-2.6962916097021075,-2.451146196535101,-2.4265009543109692,-2.4265009543109692,-2.6260436461308143,-2.297438667476622,-2.132717889051712,-2.2612427838495885,-1.8622531212727638,-1.8281200417659853,-1.642103791580187,-1.4876550949064553,-0.8960553845713439,-0.2914567944778671,-0.18534794999569476,0.0,0.0,0.0,0.0,0.0,0.0,0.0,0.0,0.0,0.0,0.0,1.7975951748487824,1.7880897577179178,1.7251151027210156,1.7142485900985553,1.6373644905707205,1.7142485900985553,1.6467369630607913,1.6366350960975904,1.6715773258795643,1.5922983887811277,1.5581387749608446,1.682999141792151,1.6441936526965082,1.727398203776912,1.519559159391478,1.6490674673161745,1.6539375586833378,1.8281200417659853,0.5880026035475675,2.782821983319221,2.5337906574758327,-2.455863142683507,-2.9147938055359073,-1.8804992713373527,-2.616796881939686,-2.323947607757091
2.6066375798036967,0.0,-1.555645970920127,-2.071809713598486,-1.4197809838735371,-1.341997481407671,-1.2160906747839564,-1.4382447944982226,-1.3491467638162191,-1.492012365805753,-1.2329181385546182,-1.067953115867036,-1.1722738811284763,-1.3258176636680326,-1.1160770519739271,-1.5083775167989393,-0.9964914966201949,-1.312025434831199,-1.2490457723982544,-0.7853981633974483,-1.176005207095135,-0.43662715981354133,-0.5404195002705842,-0.4636476090008061,0.4636476090008061,1.1902899496825317,1.2679114584199251,0.0,0.0,0.0,0.0,0.0,0.0,0.0,0.0,0.0,0.0,0.0,2.7004131731748124,2.665523323267032,2.6828954991978304,2.6387494426619322,2.6158241196006022,2.5200660290931713,2.5259727641606835,2.517890937362902,2.5410515222107857,2.5171823039631525,2.5882983282675007,2.6331033295101034,2.7032560937318353,2.643770320972792,2.6971734436886945,2.5702551737561663,2.5652174329986095,-3.0419240010986313,-1.3909428270024184,-2.7928216500058864,-2.5065659181994793,-1.366778347202348,-1.4994888620096063,-1.0303768265243125,-1.1618884978439712,-1.3045442776439713
2.6066375798036967,0.0,1.1383885512243588,0.5372847143007717,0.75415832996718,0.7496990507181244,0.9994588469612699,0.8685393952858895,0.9167136023805363,0.7378150601204649,0.7746458896063471,1.1071487177940904,1.089909046599561,0.7983844463176208,1.025932411343353,1.1737168815699144,0.6327488350021832,0.992894389832651,0.722979353401491,1.3352513460740332,1.3439974787410107,1.1309537439791604,1.5707963267948966,2.8501358591119264,2.8809902618424523,2.7509856098921066,3.017237659043032,0.0,0.0,0.0,0.0,0.0,0.0,0.0,0.0,0.0,0.0,0.0,-1.3862535296042822,-1.373400766945016,-1.3687711703913044,-1.3258176636680326,-1.3918791563168027,-1.35970299357215,-1.5291537476963082,-1.3554386270971586,-1.397300597832115,-1.482140444927459,-1.407701034584656,-1.407701034584656,-1.4677147182721964,-1.4659193880646628,-1.382574821490126,-1.355980926393238,-1.501939837493852,-1.4513674007765582,-0.9964914966201949,-1.0303768265243125,0.982793723247329,0.3805063771123649,0.21406068356382152,0.23684876094692026,1.0714496051147666,0.5880026035475675
2.6066375798036967,0.0,-2.934909435105544,3.0907889495315715,2.9516043656710775,-2.7032560937318353,-2.9319528077155805,2.6690957180727293,2.8632929945846817,-2.838707785214822,2.9656530281372655,2.8899026818316065,3.0348569809406576,2.8632929945846817,-3.103874701122929,-3.113822016996372,-2.968346987137428,-2.976443976175166,-2.838707785214822,-2.896613990462929,-2.999695598985629,-2.6135182051634334,-2.129395642138459,-1.837048375945822,-1.4876550949064553,-1.1071487177940904,-1.460139105621001,0.0,0.0,0.0,0.0,0.0,0.0,0.0,0.0,0.0,0.0,0.0,0.9753864513161641,1.017502001472604,0.9318823417910095,0.8760580505981934,0.8679171178304299,0.8828330146897045,0.8836721166534575,0.8387825068881837,0.906021831977551,0.8023456932038532,0.7756897305633395,0.8320931674407788,1.0280458284151859,0.7853981633974483,0.946160904023283,0.5819051181398855,1.1210367137250576,1.8076450877418169,0.960070362405688,2.498091544796509,1.6475682180646747,2.0344439357957027,-3.011890116433881,2.964883797519757,2.2848870254070546,2.800613700093444
1.2722973952087173,0.0,-0.7853981633974483,-0.9869259311327816,-0.3556358843007598,-0.722979353401491,-1.3146449442292931,-0.7173217051394488,-0.8117078806503705,-0.9234041870549677,-0.9048270894157867,-0.7700147616168531,-0.8398896196381795,-0.6536358969195218,-0.7853981633974483,-0.9272952180016122,-0.681298225287849,-0.6640461628266846,-0.7469555733762603,-0.7649928327109102,-0.4398425828157362,-0.3217505543966422,-0.507098504392337,0.8621700546672264,0.8685393952858895,1.3521273809209546,0.6610431688506869,0.0,0.0,0.0,0.0,0.0,0.0,0.0,0.0,0.0,0.0,0.0,-2.2835950364618505,-2.38321493937961,-2.3794461130028077,-2.4566306022411957,-2.44685437739309,-2.4897235392842165,-2.482502607255585,-2.5142844613140305,-2.5226401837408883,-2.562877708676594,-2.62244653934327,-2.5882983282675007,-2.484203548865542,-2.5018228707631676,-2.5142844613140305,-2.33980251588434,-2.2494588175432093,-2.0344439357957027,-1.849095985800008,-1.460139105621001,-3.064820762320015,-0.6350267353903137,-0.5880026035475675,0.05258306161094172,-0.8329812666744317,-0.6518691143055769
-2.7461842500178175,0.0,-1.3101939350475555,-2.4668517113662407,2.0344439357957027,1.1071487177940904,1.1071487177940904,0.0,0.4636476090008061,0.9505468408120752,1.1383885512243588,1.1659045405098132,1.446441332248135,1.6856729322117958,1.4352686128093959,1.5253730473733196,1.6162196062164735,1.4840579881189115,1.8804992713373527,1.7429871413178357,2.173083672929861,2.312743594800814,2.3036114285814033,2.455863142683507,2.961739153797315,2.875340604438868,3.141592653589793,0.0,0.0,0.0,0.0,0.0,0.0,0.0,0.0,0.0,0.0,0.0,0.8519663271732721,0.5880026035475675,1.5707963267948966,-0.7853981633974483,0.5280744484263596,-0.12435499454676144,0.23109066719589708,-0.11487660541689913,0.15264932839526515,-0.3217505543966422,-0.4636476090008061,-0.5485494024505281,-0.3217505543966422,-0.4795192919925962,-0.6794138054078485,-0.668289418830584,-0.5984188934785372,-0.6055446636049701,-0.690446457054692,-0.8253768505207384,-0.9652516631899266,-0.6107259643892086,-1.124690777851493,-0.8760580505981934,-0.982793723247329,-1.1071487177940904
-2.5722794624891314,0.0,-1.4410937896389846,-1.446441332248135,-1.423717971406494,-1.380808038876181,-1.3876855095324125,-1.501939837493852,-1.5083775167989393,-1.5042281630190728,-1.5350972141155728,-1.5707963267948966,-1.690225252813235,-1.6475682180646747,-1.6107750139181867,-1.5707963267948966,-1.633215136790854,-1.5707963267948966,-1.5042281630190728,-1.3521273809209546,-1.5707963267948966,-1.373400766945016,-0.982793723247329,0.0,0.7853981633974483,1.5707963267948966,1.1659045405098132,0.0,0.0,0.0,0.0,0.0,0.0,0.0,0.0,0.0,0.0,0.0,2.677945044588987,2.720173446701989,2.664247271216121,2.579671091332978,2.639988599400673,2.5829933382462307,2.5917394709132084,2.561589879382112,2.704965493776252,2.6374266921106404,2.7091848780192556,2.6078844619505315,2.6590793585673165,2.6387494426619322,2.8023000391357487,2.819842099193151,-3.0309354324158977,-2.896613990462929,-2.819842099193151,-2.356194490192345,-1.695151321341658,-1.6704649792860586,-1.5707963267948966,-1.5083775167989393,-1.5083775167989393,-1.5707963267948966
2.323947607757091,0.0,-1.5707963267948966,-1.4994888620096063,-1.5337762109209665,-1.4968572891369563,-1.5707963267948966,-1.642103791580187,-1.5707963267948966,-1.5707963267948966,-1.7607846147136124,-1.7681918866447774,-1.7681918866447774,-1.7429871413178357,-1.7126933813990606,-1.727398203776912,-1.6295521495106193,-1.7818896600176433,-1.7681918866447774,-1.8157749899217608,-1.5707963267948966,-1.5707963267948966,-0.5880026035475675,0.5880026035475675,0.7853981633974483,0.7853981633974483,1.3258176636680326,0.0,0.0,0.0,0.0,0.0,0.0,0.0,0.0,0.0,0.0,0.0,2.5535900500422257,2.5453935122923133,2.457883341955422,2.4805494847391065,2.432966381462123,2.4925970945932923,2.432966381462123,2.4756234162106834,2.462178848181945,2.5702551737561663,2.498091544796509,2.5308666892005847,2.587285157388242,2.578276392097825,2.654693421778524,2.7091848780192556,2.8501358591119264,-2.819842099193151,-2.7367008673047097,-2.761086276477428,-2.129395642138459,-1.9890206563741257,-1.7234456551901618,-1.6295521495106193,-1.7359450042095235,-1.719686274404394
-0.32811989501530536,0.0,-0.722979353401491,-0.7853981633974483,-0.5667292175235064,-0.6857295109062863,-0.6857295109062863,-0.83798122500839,-0.7568345055586884,-0.8124186125847132,-0.83798122500839,-0.9420000403794636,-1.0460005551447893,-0.9357695914045828,-0.9179496956941223,-0.9151007005533605,-0.8567056281827387,-0.9272952180016122,-1.2490457723982544,-0.9505468408120752,-1.2490457723982544,-0.7853981633974483,-0.24497866312686414,0.0,1.892546881191539,2.214297435588181,1.892546881191539,0.0,0.0,0.0,0.0,0.0,0.0,0.0,0.0,0.0,0.0,0.0,-2.6135182051634334,-2.5959375990628013,-2.664247271216121,-2.6909313275091598,-2.7032560937318353,-2.664247271216121,-2.819842099193151,-2.677945044588987,-2.704965493776252,-2.704965493776252,-2.6651252341160867,-2.677945044588987,-2.5899376710612465,-2.6387494426619322,-2.677945044588987,-2.44685437739309,-2.4149503129080676,-2.6344941491974563,-1.9513027039072615,-1.3258176636680326,-1.0516502125483738,-1.0714496051147666,-0.628796286415433,-0.6747409422235526,-0.6556956262415362,-0.4398425828157362
-0.32811989501530536,0.0,0.5317240672588056,0.5585993153435624,0.5743048301747018,0.5743048301747018,0.5028432109278608,0.5485494024505281,0.6022873461349642,0.507098504392337,0.4423742229767449,0.35299038782691045,0.4182243295792291,0.4124104415973873,0.4398425828157362,0.12435499454676144,0.15264932839526515,0.3805063771123649,0.7086262721276703,0.6435011087932844,0.7853981633974483,0.4636476090008061,1.2490457723982544,1.5707963267948966,-2.896613990462929,3.141592653589793,-3.017237659043032,0.0,0.0,0.0,0.0,0.0,0.0,0.0,0.0,0.0,0.0,0.0,-1.6506263125071339,-1.6539375586833378,-1.6704649792860586,-1.6396528160959412,-1.6052654277944047,-1.6373644905707205,-1.664273107953486,-1.6704649792860586,-1.6064954394742206,-1.6738779353175968,-1.784857010358718,-1.5291537476963082,-1.6704649792860586,-1.6756732655251305,-1.5707963267948966,-1.5707963267948966,-1.4876550949064553,-1.4711276743037347,-0.8960553845713439,-0.6947382761967031,0.3217505543966422,0.14189705460416394,0.21866894587394195,0.507098504392337,0.6610431688506869,0.5280744484263596
-0.7467907472692974,0.0,1.8018869939907938,1.9040406279065694,1.8545904360032244,1.776191715984664,1.849095985800008,1.7681918866447774,1.8692952583810758,1.7429871413178357,1.729451588981298,1.776191715984664,1.6183794300718801,1.6183794300718801,1.7681918866447774,1.8157749899217608,1.695151321341658,1.5083775167989393,1.6614562139956417,1.9890206563741257,1.892546881191539,1.7681918866447774,-2.677945044588987,-2.356194490192345,-2.498091544796509,-1.695151321341658,-2.0899424410414196,0.0,0.0,0.0,0.0,0.0,0.0,0.0,0.0,0.0,0.0,0.0,-0.21535769969773805,-0.34555558058171215,-0.23109066719589708,-0.2942345651111878,-0.2662520491509254,-0.3805063771123649,-0.24497866312686414,-0.348771003583907,-0.3409789534963494,-0.3430239404207034,-0.3743336160075839,-0.2629947316809195,-0.16514867741462683,-0.33667481938672716,-0.11710874456686428,-0.27829965900511133,0.4182243295792291,-0.12435499454676144,0.982793723247329,1.849095985800008,1.3521273809209546,1.4801364395941514,1.6814535479687922,1.837048375945822,1.8313987185422376,1.8313987185422376
-2.7461842500178175,0.0,-2.7928216500058864,-2.936197264400026,-2.922923707715851,-2.90604767286893,-2.999695598985629,-2.8068558162729786,-2.8879185574511506,-3.1031500635686053,3.141592653589793,-2.907849472720892,-3.0309354324158977,3.0890095919788516,2.984990776607778,-3.0309354324158977,-3.024483909022929,2.9147938055359073,-2.922923707715851,3.0419240010986313,-2.601173153319209,-1.8157749899217608,-1.8157749899217608,-0.4636476090008061,-0.982793723247329,-0.7853981633974483,-0.8960553845713439,0.0,0.0,0.0,0.0,0.0,0.0,0.0,0.0,0.0,0.0,0.0,1.4000611153196139,1.208252089530389,1.237552025683224,1.3045442776439713,1.3045442776439713,1.2397002500907646,1.219351532791345,1.1493771199070923,1.1071487177940904,1.208252089530389,1.1964627107873127,1.1263771168937977,1.1441688336680205,1.1824776086224307,1.2277723863741932,1.396124127786657,1.5707963267948966,1.6814535479687922,2.356194490192345,1.892546881191539,2.922923707715851,-2.677945044588987,2.9441970937399127,3.141592653589793,-2.788602265762883,-2.651635327336065
2.6587780630054785,0.0,-2.7367008673047097,-2.8461518164460733,-2.958481836327309,-2.8685839505030826,-2.90604767286893,-2.9708574421145104,-3.0309354324158977,-3.011890116433881,-3.026716048172894,-3.0981417581982624,-3.061762667877556,3.141592653589793,3.141592653589793,3.141592653589793,3.0309354324158977,-2.988943325194528,-2.9441970937399127,-2.723368324010564,-2.896613990462929,-2.498091544796509,-2.677945044588987,-1.5707963267948966,-0.6435011087932844,-0.5404195002705842,-0.5191461142465229,0.0,0.0,0.0,0.0,0.0,0.0,0.0,0.0,0.0,0.0,0.0,1.4677147182721964,1.4743225516123097,1.366778347202348,1.2387368592520112,1.3045442776439713,1.2924966677897853,1.361773383988632,1.3045442776439713,1.3258176636680326,1.2698760924344714,1.2924966677897853,1.3078015951139772,1.317122230656254,1.4219063791853994,1.313472611823808,1.5042281630190728,1.7033478590915707,1.9295669970654687,2.356194490192345,2.356194490192345,2.677945044588987,3.0309354324158977,-3.050932766389048,-3.0419240010986313,-2.761086276477428,-2.976443976175166
0.3156156620387663,0.0,3.141592653589793,-2.3036114285814033,-2.4668517113662407,-2.439335722080786,0.0,-2.0344439357957027,-1.642103791580187,-1.7681918866447774,-1.9513027039072615,-1.6124389058934852,-1.7590178320996674,-1.6183794300718801,-1.5208379310729538,-1.3521273809209546,-1.1071487177940904,-1.3258176636680326,-1.1606689862534056,-0.8818719385800352,-0.702256931509007,-0.6747409422235526,-0.7853981633974483,0.3906070436976868,-0.11710874456686428,-0.19739555984988075,0.0,0.0,0.0,0.0,0.0,0.0,0.0,0.0,0.0,0.0,0.0,0.0,-1.6539375586833378,-2.5535900500422257,-2.356194490192345,-2.158798930342464,3.141592653589793,-2.746801533890032,-3.036715714859559,-2.958481836327309,-3.0940095503128098,3.1016139664665032,3.141592653589793,-3.0132694259039985,3.109345771154539,3.0209689850096906,2.9441970937399127,2.8461518164460733,2.896613990462929,2.872425160804093,2.819842099193151,2.9441970937399127,2.6292031932790554,2.5535900500422257,2.65711472455277,2.6590793585673165,2.191045812777718,3.0419240010986313
0.3156156620387663,0.0,-3.0750244898139694,-3.017237659043032,2.601173153319209,3.141592653589793,-2.704965493776252,-2.1995926132103296,-2.1112158270654806,-1.97568811307998,-2.289626326416521,-1.4994888620096063,-0.7853981633974483,-1.176005207095135,-0.9561333748727311,-0.8567056281827387,-0.5880026035475675,-0.5349550737860964,-0.8198672643969563,-0.6805212246672144,-0.39852244566642026,-0.507098504392337,0.09966865249116202,-0.08314123188844123,1.0636978224025597,1.1071487177940904,1.6614562139956417,0.0,0.0,0.0,0.0,0.0,0.0,0.0,0.0,0.0,0.0,0.0,-2.819842099193151,2.4227626539681686,2.896613990462929,2.8632929945846817,2.5213431676069717,3.141592653589793,2.6344941491974563,-3.024483909022929,3.036715714859559,2.9829373914033916,2.4905159321453136,2.5535900500422257,2.6909313275091598,2.5127963671743605,2.4149503129080676,2.1507991010025775,2.105751400580993,2.0344439357957027,2.0736395377227574,1.9693187724613168,1.6396528160959412,1.8622531212727638,2.4756234162106834,2.158798930342464,2.729182211992406,2.701750070774057
0.3156156620387663,0.0,-2.782821983319221,-2.930499320367047,-1.892546881191539,-2.7367008673047097,-2.0344439357957027,-1.5042281630190728,-0.7853981633974483,-1.1383885512243588,-0.8760580505981934,-0.37089128881266237,-1.4758446204521403,-0.7266423406817256,-0.8156919233162234,-1.1722738811284763,-1.0040671092713902,-1.0863183977578734,-0.4423742229767449,-0.3392926144540447,-0.5191461142465229,-0.27829965900511133,0.17219081452293902,0.4993467216801301,0.21866894587394195,0.7419472680059175,0.6055446636049701,0.0,0.0,0.0,0.0,0.0,0.0,0.0,0.0,0.0,0.0,0.0,-1.892546881191539,-1.3258176636680326,-1.5707963267948966,-1.9195673303788037,-2.9147938055359073,-1.2924966677897853,3.141592653589793,-2.3086113869153615,-3.0309354324158977,-1.9936502529278373,-2.4775464907631086,-2.333975924865626,-2.8809902618424523,-2.8864102629689747,-2.645169900184911,-2.782821983319221,-2.976443976175166,-2.819842099193151,-2.6135182051634334,-2.9147938055359073,3.141592653589793,3.0060649396042924,-2.8809902618424523,2.8461518164460733,2.9441970937399127,2.907849472720892
-2.1357904390613704,0.0,1.1525719972156676,0.982793723247329,0.7483780475235183,0.8176450458327023,0.7266423406817256,0.8139618212362083,0.6202494859828215,0.6805212246672144,0.5028432109278608,0.5404195002705842,0.6805212246672144,0.5028432109278608,0.4636476090008061,0.5404195002705842,0.5516549825285468,0.5191461142465229,0.4636476090008061,0.40489178628508343,0.4636476090008061,0.0,-2.0344439357957027,2.896613990462929,-2.819842099193151,3.141592653589793,-2.677945044588987,0.0,0.0,0.0,0.0,0.0,0.0,0.0,0.0,0.0,0.0,0.0,-1.6775319994440323,-1.633215136790854,-1.5707963267948966,-1.7211677548020312,-1.7561442767905915,-1.8018869939907938,-1.6313283465770037,-1.7359450042095235,-1.7415315382701795,-1.6041173226731438,-1.690225252813235,-1.690225252813235,-1.642103791580187,-1.4352686128093959,-1.5152978215491797,-1.5152978215491797,-1.4801364395941514,-1.3258176636680326,-1.4288992721907328,-1.0303768265243125,0.24497866312686414,0.4636476090008061,1.0303768265243125,0.4636476090008061,0.8621700546672264,1.0303768265243125
-0.32811989501530536,0.0,-0.5404195002705842,-0.7188299996216245,-0.5543074962015512,-0.636508215787951,-0.6435011087932844,-0.5971766580926775,-0.6240230529767569,-0.8353565591193911,-0.6640461628266846,-0.690446457054692,-0.8584387287005676,-0.9342881110069455,-0.9197196053504169,-0.9453112865556675,-1.0222469243443686,-0.8960553845713439,-1.1071487177940904,-1.2793395323170296,-1.3258176636680326,-1.892546881191539,0.0,1.5707963267948966,2.0344439357957027,1.7894652726688385,2.256525837701183,0.0,0.0,0.0,0.0,0.0,0.0,0.0,0.0,0.0,0.0,0.0,2.8828217616260954,2.8828217616260954,2.761086276477428,2.8706458032513726,2.852617243597227,3.0035866299322738,2.9286543040103963,2.9340964271545906,2.949544636349063,2.9286543040103963,2.9669204545815537,2.937574673997245,3.107123552590285,-3.064820762320015,3.141592653589793,3.141592653589793,-2.875340604438868,-2.9562447035940984,-2.9441970937399127,-2.158798930342464,-2.356194490192345,-2.0344439357957027,-0.3217505543966422,-0.960070362405688,-0.7853981633974483,-0.9272952180016122
-0.32811989501530536,0.0,0.06241880999595735,0.4398425828157362,0.037020115873930025,0.2914567944778671,0.21406068356382152,0.0,0.04995839572194276,0.11942892601833845,0.07130746478529032,-0.04542327942157701,-0.15264932839526515,-0.07677189126977804,-0.3217505543966422,-0.16514867741462683,-0.27094685033842053,0.0,-0.2914567944778671,-0.5880026035475675,0.16514867741462683,0.0,3.141592653589793,2.2655346029916,2.8632929945846817,2.6344941491974563,2.746801533890032,0.0,0.0,0.0,0.0,0.0,0.0,0.0,0.0,0.0,0.0,0.0,-2.1498705961626277,-2.220666776206844,-2.289626326416521,-2.201875714266226,-2.292451177659658,-2.3774678762164063,-2.334921104168284,-2.2197918857913974,-2.310771210770768,-2.2455372690184494,-2.158798930342464,-2.0778948311872334,-2.0899424410414196,-1.9437840485949576,-2.3036114285814033,-2.0778948311872334,-2.0899424410414196,-1.5707963267948966,-1.5707963267948966,-1.0516502125483738,-0.9272952180016122,-0.7853981633974483,0.7853981633974483,0.19739555984988075,0.3217505543966422,0.40489178628508343
-0.32811989501530536,0.0,1.277207339386147,1.2341215074081695,1.6921483273656603,1.350302565428225,1.6295521495106193,1.437267277703025,1.217805938967986,1.433730152484709,1.3854483767992019,1.1600793636802245,1.330262078848992,1.1801892830972098,1.0978897231319673,1.1902899496825317,1.220068378546693,1.3078015951139772,1.2277723863741932,1.6233793884058383,0.8685393952858895,2.289626326416521,-2.1995926132103296,-2.279422598922567,-2.158798930342464,-2.2264919530364327,-2.1815222911841055,0.0,0.0,0.0,0.0,0.0,0.0,0.0,0.0,0.0,0.0,0.0,-1.174714885230589,-1.1872688108379048,-1.1818394466158897,-1.2807093944738686,-1.1902899496825317,-1.1830261549195775,-1.1853024598655673,-1.2793395323170296,-1.0714496051147666,-1.120135000714263,-1.0460005551447893,-1.1220729827841756,-0.9197196053504169,-0.9953716762596118,-0.8542546526984929,-0.8478169733934057,-0.712357598094329,-0.8818719385800352,-0.4487233440107211,-1.2924966677897853,0.982793723247329,0.0,0.507098504392337,1.2679114584199251,1.2679114584199251,1.1341691669813554
-0.32811989501530536,0.0,-3.0860941483440762,2.8899026818316065,-3.0309354324158977,-3.1237374084502405,-3.015000526309821,2.7973739706073255,2.9708574421145104,2.9471125373746876,2.860360451671498,2.843093722003614,2.825622381636813,2.7868870015788527,2.7540688478095143,2.8399736073235538,2.7339611481321664,2.7928216500058864,2.872425160804093,2.999695598985629,3.017237659043032,2.896613990462929,3.141592653589793,-1.1441688336680205,-0.7419472680059175,-0.5404195002705842,-0.7853981633974483,0.0,0.0,0.0,0.0,0.0,0.0,0.0,0.0,0.0,0.0,0.0,0.33745606922778154,0.23021958727684372,0.3217505543966422,0.3080527810237764,0.31705575320914703,0.26741079718387356,0.25800724186395513,0.3217505543966422,0.3752708228559573,0.4314007265655522,0.3947911196997615,0.5924273534318786,0.5191461142465229,0.3851575063634742,0.40122879900484876,0.5404195002705842,0.805003494254653,1.2490457723982544,0.8329812666744317,1.5707963267948966,0.7188299996216245,3.141592653589793,3.050932766389048,2.677945044588987,-3.017237659043032,-3.067653615931853
-1.4324453566177713,0.0,1.1071487177940904,0.12435499454676144,1.460139105621001,1.5707963267948966,1.5707963267948966,2.356194490192345,2.988943325194528,2.62244653934327,2.8068558162729786,3.070285188804503,2.642245931909663,2.819842099193151,2.6971734436886945,2.645169900184911,2.9275319700259717,3.141592653589793,3.0916342578678506,-2.937574673997245,-2.969401839066854,-2.7509856098921066,-2.746801533890032,-2.399645385583876,-2.403777593469328,-2.5702551737561663,-1.9513027039072615,0.0,0.0,0.0,0.0,0.0,0.0,0.0,0.0,0.0,0.0,0.0,-2.761086276477428,-2.761086276477428,2.4227626539681686,2.930499320367047,2.279422598922567,1.9295669970654687,1.9074711461816238,1.5707963267948966,2.158798930342464,1.6856729322117958,1.8157749899217608,1.5707963267948966,1.5707963267948966,1.4108832036366774,1.5430256902014756,1.09432890732119,1.1441688336680205,1.1902899496825317,1.092443895416239,1.1383885512243588,1.0303768265243125,0.8960553845713439,0.5404195002705842,0.9629943306809362,0.7853981633974483,1.313472611823808
-0.45066132608063364,0.0,-1.2793395323170296,-1.2924966677897853,0.40489178628508343,-0.7853981633974483,-0.14189705460416394,0.7853981633974483,0.7378150601204649,0.8960553845713439,0.9025069079643125,0.8760580505981934,0.982793723247329,0.9420000403794636,1.695151321341658,1.2490457723982544,1.6124389058934852,1.2220253232109897,1.6052654277944047,1.849095985800008,1.5707963267948966,2.158798930342464,1.878849107818673,2.5360479899848234,2.4227626539681686,2.677945044588987,2.8501358591119264,0.0,0.0,0.0,0.0,0.0,0.0,0.0,0.0,0.0,0.0,0.0,0.11065722117389565,0.960070362405688,-0.7853981633974483,-0.7853981633974483,-1.0191413442663497,-1.1071487177940904,-0.628796286415433,-0.11065722117389565,-0.6998928697192437,-0.8996524913588878,-0.9964914966201949,-0.6310793874713293,-0.9272952180016122,-1.1071487177940904,-1.0838970949836275,-1.3370531459259951,-1.0714496051147666,-0.9002747688143474,-1.0743735733900148,-0.7610127542247298,-1.2329181385546182,-1.2722973952087173,-1.2870022175865687,-1.1999050379822342,-1.1284221038181517,-1.1071487177940904
2.6066375798036967,0.0,1.0303768265243125,2.356194490192345,-2.677945044588987,-1.460139105621001,2.819842099193151,-1.8157749899217608,-2.498091544796509,-2.356194490192345,-2.1763409903998667,-2.3086113869153615,-2.729182211992406,-2.432966381462123,-2.356194490192345,-2.356194490192345,-2.214297435588181,-1.9513027039072615,-2.0899424410414196,-2.191045812777718,-1.8157749899217608,-1.6657480331376529,-1.7359450042095235,-1.0808390005411683,-1.2277723863741932,-1.2277723863741932,-1.2220253232109897,0.0,0.0,0.0,0.0,0.0,0.0,0.0,0.0,0.0,0.0,0.0,-2.2318394956455836,-2.356194490192345,-3.079173843593836,3.0750244898139694,-3.0860941483440762,2.930499320367047,2.455863142683507,2.593043251139265,2.5652174329986095,2.5636907166275478,2.601173153319209,2.6135182051634334,2.5213431676069717,2.356194490192345,2.3062360944704023,2.143762469683603,2.2865399164637767,2.158798930342464,2.2390857456254807,1.6233793884058383,2.167972984887574,1.8766751981997487,1.7681918866447774,1.9890206563741257,2.455863142683507,2.1763409903998667
-0.8176450458327023,0.0,2.356194490192345,2.432966381462123,3.141592653589793,-2.0344439357957027,-2.1112158270654806,-2.1995926132103296,-2.1815222911841055,-1.9295669970654687,-2.117585167684144,-2.0576955586061656,-2.17084654019665,-1.9614033704925835,-1.6183794300718801,-1.9379701606131159,-1.2847448850775784,-1.5291537476963082,-1.5707963267948966,-1.3633001003596938,-1.7894652726688385,-0.9048270894157867,-0.982793723247329,-0.5880026035475675,-0.6556956262415362,-0.3671738338182192,-0.05549850524571683,0.0,0.0,0.0,0.0,0.0,0.0,0.0,0.0,0.0,0.0,0.0,-1.9513027039072615,-2.677945044588987,-2.999695598985629,2.9562447035940984,2.439335722080786,2.485897027348257,2.6344941491974563,2.32590073027357,2.455863142683507,2.439335722080786,2.4925970945932923,2.174545660192333,2.587285157388242,2.4061528859142878,2.2091161348039425,2.399645385583876,2.0205559398647357,1.9513027039072615,2.2264919530364327,2.2083451249335893,2.158798930342464,1.8449637779145553,2.0988707752212563,1.8076450877418169,1.8281200417659853,2.289626326416521
-1.4324453566177713,0.0,0.8519663271732721,0.8253768505207384,0.9272952180016122,0.8621700546672264,0.9380474917927135,0.992894389832651,0.7853981633974483,0.7086262721276703,0.7583777142101835,0.5984188934785372,0.6747409422235526,0.690446457054692,0.5467888408892474,0.5763752205911837,0.5485494024505281,0.507098504392337,0.6327488350021832,0.7378150601204649,0.6747409422235526,0.0,0.3217505543966422,0.19739555984988075,-2.1112158270654806,-2.191045812777718,-2.129395642138459,0.0,0.0,0.0,0.0,0.0,0.0,0.0,0.0,0.0,0.0,0.0,-2.692869309579072,-2.692869309579072,-2.579671091332978,-2.611376880813163,-2.611376880813163,-2.6632402222111358,-2.579671091332978,-2.6374266921106404,-2.5213431676069717,-2.384758148031105,-2.388441372627599,-2.384758148031105,-2.297438667476622,-2.439335722080786,-2.158798930342464,-2.1995926132103296,-1.97568811307998,-2.214297435588181,-2.191045812777718,-2.356194490192345,-2.677945044588987,3.141592653589793,-2.0344439357957027,2.0344439357957027,1.1071487177940904,1.1071487177940904
-0.45066132608063364,0.0,1.5707963267948966,1.1309537439791604,1.3258176636680326,1.4056476493802699,1.1722738811284763,1.2120256565243244,1.0882830317724197,1.1232763516377267,1.0164888305933455,1.0240074859056494,1.089909046599561,0.9420000403794636,1.089909046599561,0.9505468408120752,0.7853981633974483,1.039072259536091,0.8621700546672264,0.9420000403794636,0.8519663271732721,0.7853981633974483,0.4636476090008061,0.0,-1.3258176636680326,-1.4056476493802699,-1.8622531212727638,0.0,0.0,0.0,0.0,0.0,0.0,0.0,0.0,0.0,0.0,0.0,-2.498091544796509,-2.5625183842220625,-2.4061528859142878,-2.4917222041778455,-2.401617769613922,-2.498091544796509,-2.3774678762164063,-2.3318090810196264,-2.3318090810196264,-2.300695984946628,-2.1112158270654806,-2.14717154738608,-2.32590073027357,-1.9614033704925835,-2.0106389096106327,-1.9513027039072615,-2.2655346029916,-1.7126933813990606,-2.0344439357957027,-2.4668517113662407,-2.356194490192345,-1.5707963267948966,2.158798930342464,2.5535900500422257,0.982793723247329,1.2490457723982544
2.6066375798036967,0.0,-2.647651284670212,-3.050932766389048,3.141592653589793,-2.961739153797315,-3.0750244898139694,3.0309354324158977,-3.096169374168216,-3.0045264792796056,2.9912212255826587,3.079173843593836,2.981679530431574,2.930499320367047,2.8632929945846817,3.141592653589793,3.141592653589793,3.1031500635686053,2.999695598985629,3.0828368308740703,2.9441970937399127,3.050932766389048,-3.017237659043032,-2.677945044588987,1.2490457723982544,1.7359450042095235,0.348771003583907,0.0,0.0,0.0,0.0,0.0,0.0,0.0,0.0,0.0,0.0,0.0,-1.1525719972156676,-1.092443895416239,-1.0603080048781208,-1.1705556697609225,-0.8550527371260165,-1.0358412530088001,-0.8721365020734334,-1.0358412530088001,-0.7610127542247298,-0.8850668158886104,-0.7853981633974483,-0.8224182792713783,-0.39852244566642026,-0.5123894603107377,-0.6202494859828215,-0.348771003583907,0.6202494859828215,-0.982793723247329,-0.21866894587394195,-0.7328151017865066,-0.12435499454676144,-0.7853981633974483,-1.892546881191539,-1.1902899496825317,-2.191045812777718,-2.5535900500422257
2.6066375798036967,0.0,-1.2036224929766774,-1.1902899496825317,-1.2627435457711202,-1.0863183977578734,-1.3370531459259951,-1.3473197256542635,-1.2827408797442708,-1.361773383988632,-1.460139105621001,-1.492012365805753,-1.5042281630190728,-1.5707963267948966,-1.5707963267948966,-1.6506263125071339,-1.4968572891369563,-1.4840579881189115,-1.719686274404394,-1.6373644905707205,-1.3045442776439713,-1.8157749899217608,-2.356194490192345,-2.677945044588987,1.5707963267948966,2.158798930342464,2.875340604438868,0.0,0.0,0.0,0.0,0.0,0.0,0.0,0.0,0.0,0.0,0.0,1.2924966677897853,1.332960399337446,1.3339475658479765,1.5063694873693432,1.317122230656254,1.2966288756752378,1.501939837493852,1.4382447944982226,1.3876855095324125,1.7942729279355296,1.6814535479687922,1.5253730473733196,1.849095985800008,1.727398203776912,1.892546881191539,1.5707963267948966,1.750649826587375,2.2318394956455836,1.8622531212727638,1.7359450042095235,-0.7853981633974483,-0.4636476090008061,0.0,-0.14189705460416394,0.0,-1.849095985800008
-0.4764674194737067,0.0,0.982793723247329,0.9151007005533605,1.2722973952087173,1.0808390005411683,0.8884797719201485,0.8353565591193911,0.8519663271732721,0.7853981633974483,0.8685393952858895,0.712357598094329,0.8960553845713439,0.7853981633974483,0.8139618212362083,0.8960553845713439,0.6998928697192437,0.5633162614919681,0.7188299996216245,0.7328151017865066,0.6107259643892086,0.5880026035475675,0.19739555984988075,0.0,-2.0344439357957027,-1.7126933813990606,-0.982793723247329,0.0,0.0,0.0,0.0,0.0,0.0,0.0,0.0,0.0,0.0,0.0,-2.8879185574511506,-2.8632929945846817,-2.8890383778117337,-2.79856871316909,-2.810496576885661,-2.8535372065391673,-2.872425160804093,-2.7492525093742772,-2.843093722003614,-2.356194490192345,-2.4116929954380617,-2.356194490192345,-2.4186133001883023,-2.4756234162106834,-2.4668517113662407,-2.1815222911841055,-2.356194490192345,-1.6614562139956417,-1.9974238199217726,-1.9513027039072615,-2.498091544796509,3.141592653589793,2.976443976175166,1.5707963267948966,1.2490457723982544,0.0
-0.32811989501530536,0.0,-0.35877067027057225,-0.48689923181126904,-0.7454194762741583,-0.5763752205911837,-0.8139618212362083,-0.8329812666744317,-0.7853981633974483,-0.8110335719191258,-0.8913825213870482,-1.0358412530088001,-1.082462375738491,-0.9575889779203873,-1.0303768265243125,-0.9917220574271658,-0.982793723247329,-1.0563450137358688,-1.356735643231075,-1.0584068664841588,-0.982793723247329,-1.5707963267948966,-1.695151321341658,-2.5535900500422257,2.356194490192345,3.141592653589793,2.4805494847391065,0.0,0.0,0.0,0.0,0.0,0.0,0.0,0.0,0.0,0.0,0.0,1.8717165611553217,2.0344439357957027,1.911775280291246,1.9018924034990288,1.946067149650854,2.1010120995715265,2.1763409903998667,2.1498705961626277,2.0899424410414196,2.332942867381882,2.3062360944704023,2.2655346029916,2.293775680196388,2.323947607757091,2.289626326416521,2.642245931909663,2.761086276477428,2.408777551803287,2.4149503129080676,-2.677945044588987,2.976443976175166,2.356194490192345,-0.7853981633974483,0.0,-0.5880026035475675,-1.1071487177940904
-2.38648825011112,0.0,0.3671738338182192,0.25732371497108864,0.27094685033842053,0.09966865249116202,0.047583103276983396,-0.08314123188844123,-0.03844259002118798,-0.10308160852270024,0.0,-0.09966865249116202,-0.13255153229667402,-0.18311081726248413,-0.2730087030867106,-0.0688564893010446,-0.13706617431018764,-0.2662520491509254,-0.19739555984988075,-0.3671738338182192,-0.2662520491509254,-0.5585993153435624,-0.9272952180016122,-1.3258176636680326,-2.356194490192345,-2.677945044588987,-2.896613990462929,0.0,0.0,0.0,0.0,0.0,0.0,0.0,0.0,0.0,0.0,0.0,2.741351996555819,2.723368324010564,2.774418819771574,2.819842099193151,2.7672590375822095,2.8590377011202057,2.912360720312798,2.9441970937399127,2.9516043656710775,2.958481836327309,2.9275319700259717,3.0981417581982624,3.0940095503128098,-3.0916342578678506,-3.017237659043032,-2.8632929945846817,-2.896613990462929,-2.896613990462929,-3.0419240010986313,3.141592653589793,2.999695598985629,3.141592653589793,-2.677945044588987,0.4636476090008061,0.7853981633974483,0.6747409422235526
2.6066375798036967,0.0,0.43240777557053783,0.18534794999569476,0.4636476090008061,0.30587887140485215,0.22679884805388587,0.23374318086890142,0.15264932839526515,0.22679884805388587,0.10673567264913565,0.058755822715722696,0.0,0.07130746478529032,0.03844259002118798,0.04345089539153084,0.0,0.12435499454676144,-0.30587887140485215,-0.1746721990082397,-0.24497866312686414,-0.19739555984988075,-0.4636476090008061,-0.7853981633974483,-2.356194490192345,-2.4668517113662407,-2.214297435588181,0.0,0.0,0.0,0.0,0.0,0.0,0.0,0.0,0.0,0.0,0.0,2.8785979219088738,2.819842099193151,2.904743892642873,2.912360720312798,2.964883797519757,2.9195107516843133,3.048115872431204,3.141592653589793,-3.104572537715863,3.1058935409104693,3.058451421701352,-3.1016139664665032,-2.907849472720892,-2.9340964271545906,-3.0309354324158977,-2.843093722003614,-2.498091544796509,3.141592653589793,-2.677945044588987,-2.356194490192345,2.976443976175166,1.5707963267948966,2.819842099193151,1.5707963267948966,1.2490457723982544,0.9272952180016122
-0.8176450458327023,0.0,2.4756234162106834,2.44685437739309,2.396173177315635,2.452668265374932,2.384758148031105,2.169215220273434,2.4370985893475754,2.295046327543044,2.334921104168284,2.3062360944704023,2.167972984887574,2.178598322908857,2.167972984887574,2.2218730482393765,2.125103822996448,2.0533096218173736,2.0344439357957027,2.1224513093234436,2.129395642138459,2.44685437739309,1.1071487177940904,0.3217505543966422,0.982793723247329,-0.6747409422235526,-0.7853981633974483,0.0,0.0,0.0,0.0,0.0,0.0,0.0,0.0,0.0,0.0,0.0,-1.2036224929766774,-1.1705556697609225,-1.1562894522101106,-1.1220729827841756,-1.0768549578753155,-1.3016288340091962,-1.092443895416239,-1.1071487177940904,-1.0636978224025597,-0.9629943306809362,-0.8478169733934057,-0.8760580505981934,-0.7454194762741583,-0.7419472680059175,-0.9048270894157867,-0.7266423406817256,-0.8621700546672264,-0.7188299996216245,-0.7086262721276703,-1.2490457723982544,-0.5880026035475675,-1.5707963267948966,-1.2490457723982544,2.819842099193151,3.141592653589793,2.8632929945846817
1.6745886672519394,0.0,1.3258176636680326,1.2847448850775784,1.1583858851975093,1.4711276743037347,1.1284221038181517,1.0714496051147666,1.0191413442663497,1.067953115867036,1.0447299077981331,0.9272952180016122,0.901157381118259,0.8960553845713439,0.9629943306809362,0.7328151017865066,0.901157381118259,0.960070362405688,0.7853981633974483,0.7853981633974483,0.8960553845713439,0.507098504392337,0.24497866312686414,-1.1071487177940904,-1.2490457723982544,-1.9890206563741257,-1.9138202672156,0.0,0.0,0.0,0.0,0.0,0.0,0.0,0.0,0.0,0.0,0.0,-2.220666776206844,-2.2865399164637767,-2.3305590816706676,-2.2083451249335893,-2.3794461130028077,-2.0988707752212563,-2.0344439357957027,-2.3086113869153615,-2.3305590816706676,-1.8533512792644842,-1.8622531212727638,-2.178598322908857,-1.849095985800008,-2.0647376957144776,-2.1112158270654806,-1.892546881191539,-1.97568811307998,-1.1659045405098132,-2.2655346029916,-1.9295669970654687,-2.356194490192345,-2.2455372690184494,2.2455372690184494,0.7853981633974483,0.8960553845713439,1.97568811307998
-0.32811989501530536,0.0,-0.3906070436976868,0.11487660541689913,0.21866894587394195,0.03224688243525392,-0.09966865249116202,-0.41012734054149097,-0.06442683942555355,0.08673833867598511,-0.35877067027057225,-0.1297025371559121,-0.31099828060554097,-0.21406068356382152,-0.4228539261329407,-0.6889243882148613,-0.5467888408892474,-0.6823165548747481,-0.8621700546672264,-0.9097531579442097,-1.2120256565243244,-1.4711276743037347,-1.8157749899217608,-1.9513027039072615,-2.279422598922567,-2.5213431676069717,-2.7928216500058864,0.0,0.0,0.0,0.0,0.0,0.0,0.0,0.0,0.0,0.0,0.0,1.4840579881189115,1.6142472221864275,1.6539375586833378,1.6506263125071339,1.7359450042095235,1.8157749899217608,2.0152155366959956,2.0736395377227574,2.0344439357957027,2.2706891965141405,2.432966381462123,2.399645385583876,2.782821983319221,2.7091848780192556,2.5308666892005847,2.819842099193151,3.017237659043032,2.4668517113662407,2.677945044588987,2.9441970937399127,2.896613990462929,1.7359450042095235,2.62244653934327,0.9272952180016122,1.446441332248135,0.7853981633974483
-0.32811989501530536,0.0,2.0847160077934306,2.025098413488213,1.356735643231075,2.175101833661126,1.749206826145937,1.5519306407732258,1.6525807074128926,1.3177206746302943,1.5707963267948966,1.6512673380603575,1.3177206746302943,1.4621351109543088,1.4130275891989426,1.687905071361761,1.373400766945016,1.0838970949836275,1.2698760924344714,1.2120256565243244,1.0222469243443686,0.8198672643969563,0.047583103276983396,0.07677189126977804,-0.5880026035475675,-0.722979353401491,-0.5763752205911837,0.0,0.0,0.0,0.0,0.0,0.0,0.0,0.0,0.0,0.0,0.0,2.710453912871011,2.694072678432623,2.796037073008081,2.9441970937399127,3.015000526309821,3.012681881905802,-2.961739153797315,-2.976443976175166,-2.761086276477428,-2.7314653130483024,-2.702733354626287,-2.408777551803287,-2.33924696038594,-2.158798930342464,-2.164545993505668,-1.942864085653017,-2.158798930342464,-2.2058230621852104,-1.892546881191539,-2.158798930342464,-2.432966381462123,-2.819842099193151,2.601173153319209,2.2455372690184494,1.764418319650842,2.356194490192345
-0.8176450458327023,0.0,2.4061528859142878,1.9809236673363877,2.237704531034207,2.2550911184560465,2.756435147226319,2.0792856508745867,2.0344439357957027,1.9513027039072615,1.9740778085137327,2.1160234823321717,1.8466022253834191,2.1763409903998667,1.8705723968948762,1.892546881191539,1.719686274404394,1.7721134351695373,1.6195381781048281,1.3415643935179014,1.1902899496825317,1.0240074859056494,0.8960553845713439,0.0,0.3906070436976868,-0.18534794999569476,-0.4266274931268761,0.0,0.0,0.0,0.0,0.0,0.0,0.0,0.0,0.0,0.0,0.0,-2.7728967509317433,-2.7973739706073255,-2.58123277668495,-2.539305307454829,-2.774418819771574,-2.494200513849864,-2.3086113869153615,-2.2678177040474963,-2.0619599250811573,-1.9100889412489412,-1.898916221810202,-1.7186456920536521,-1.9472866612414195,-1.5707963267948966,-1.5469913006098266,-1.457645345204412,-1.1296168463799159,-1.7475051828649333,-1.7033478590915707,-1.856847768512215,-1.5707963267948966,-1.9614033704925835,-0.8621700546672264,-0.7853981633974483,3.017237659043032,3.141592653589793
-2.825976991551027,0.0,2.114628783097019,2.191045812777718,2.0054665419441413,1.8313987185422376,2.081745903291507,1.7215427079153183,1.8157749899217608,1.892546881191539,1.7652764430100023,1.6216000308531182,1.6441936526965082,1.4583691959647065,1.4209838702219992,1.287700541495401,1.338692488719741,1.2571756745781983,1.2490457723982544,1.178456182579381,0.8478169733934057,0.4124104415973873,0.3392926144540447,-0.2662520491509254,-0.4444192099010989,-0.6435011087932844,-0.7188299996216245,0.0,0.0,0.0,0.0,0.0,0.0,0.0,0.0,0.0,0.0,0.0,2.7091848780192556,2.743964662067664,2.865786755001271,2.937574673997245,2.9331274352098053,3.1219873227325885,-3.0309354324158977,-2.947970660733848,-2.7195876236875756,-2.651635327336065,-2.6149653821560426,-2.387434323622613,-2.3818298987140225,-2.4668517113662407,-1.965587446494658,-2.2502101322027452,-2.332942867381882,-1.4758446204521403,-1.97568811307998,-1.3258176636680326,-1.7894652726688385,2.961739153797315,2.356194490192345,-2.485897027348257,1.7681918866447774,2.356194490192345
2.5337906574758327,0.0,1.849095985800008,2.746801533890032,2.896613990462929,3.141592653589793,2.999695598985629,3.141592653589793,-2.4227626539681686,-2.137525544318403,-2.297438667476622,-2.289626326416521,-2.191045812777718,-2.2264919530364327,-2.399645385583876,-2.0344439357957027,-1.8804992713373527,-1.97568811307998,-1.4056476493802699,-1.7063240407803975,-1.6814535479687922,-1.2793395323170296,-1.1071487177940904,-1.1071487177940904,-0.7378150601204649,-0.27829965900511133,-0.6435011087932844,0.0,0.0,0.0,0.0,0.0,0.0,0.0,0.0,0.0,0.0,0.0,-2.4668517113662407,-2.988943325194528,-2.896613990462929,-2.8501358591119264,2.498091544796509,2.7367008673047097,2.498091544796509,2.6135182051634334,2.455863142683507,2.3191743743184148,2.2390857456254807,2.2058230621852104,2.2318394956455836,2.2073045425828477,2.1870932641909677,2.251317551462111,2.05527425583192,2.0940746489268722,1.7975951748487824,1.892546881191539,2.0736395377227574,2.14717154738608,1.9890206563741257,2.0344439357957027,1.8281200417659853,1.3521273809209546
-0.3185556770880671,0.0,-1.5707963267948966,-0.8760580505981934,-0.8960553845713439,-1.2793395323170296,-0.5404195002705842,0.3217505543966422,0.7853981633974483,-0.19739555984988075,0.21109333322274654,0.6055446636049701,0.4636476090008061,0.19739555984988075,0.4297622790966885,0.2914567944778671,0.6022873461349642,0.5191461142465229,1.0222469243443686,0.8960553845713439,1.0370881351556351,0.8760580505981934,1.3854483767992019,1.2315037123408519,1.7033478590915707,2.0344439357957027,2.158798930342464,0.0,0.0,0.0,0.0,0.0,0.0,0.0,0.0,0.0,0.0,0.0,0.7853981633974483,-0.19739555984988075,0.16514867741462683,0.0,-0.7853981633974483,-0.6202494859828215,-1.1309537439791604,-1.0460005551447893,-1.042721878368537,-1.0743735733900148,-0.8478169733934057,-1.1361261116456518,-1.2490457723982544,-1.4157995848709557,-1.5385494443596428,-1.485291033116692,-1.512040504079174,-1.5083775167989393,-1.4677147182721964,-1.5374753309166493,-1.460139105621001,-1.642103791580187,-1.7894652726688385,-1.2793395323170296,-1.7894652726688385,-1.8018869939907938
-2.1357904390613704,0.0,2.976443976175166,-1.2490457723982544,-2.761086276477428,-1.9974238199217726,-2.158798930342464,-1.6539375586833378,-1.6207547225168393,-1.4758446204521403,-1.4536875822280324,-1.396124127786657,-1.2679114584199251,-1.2315037123408519,-1.0222469243443686,-1.178456182579381,-1.0074800653029286,-0.9453112865556675,-0.722979353401491,-0.7853981633974483,-0.19739555984988075,-0.17985349979247828,-0.16514867741462683,0.13552771398550073,0.058755822715722696,0.7853981633974483,0.6107259643892086,0.0,0.0,0.0,0.0,0.0,0.0,0.0,0.0,0.0,0.0,0.0,-1.837048375945822,-2.191045812777718,-2.2455372690184494,-2.5127963671743605,-2.3191743743184148,-2.743070207923373,-2.647651284670212,-2.819842099193151,-3.096169374168216,2.843093722003614,-3.070285188804503,-3.050932766389048,-3.110352820159525,3.0035866299322738,3.066732805879026,3.017237659043032,3.027800646446085,2.9441970937399127,2.7403638545849445,2.677945044588987,2.896613990462929,2.5899376710612465,2.9441970937399127,2.896613990462929,2.8461518164460733,2.356194490192345
2.420433465633635,0.0,-1.1071487177940904,-0.6610431688506869,-0.628796286415433,-1.0303768265243125,-0.16514867741462683,0.49394136891958124,0.09966865249116202,0.19739555984988075,0.0,0.24497866312686414,0.4423742229767449,0.22679884805388587,0.5467888408892474,0.4124104415973873,0.28379410920832787,0.4825132950224769,0.6146629519221655,0.5123894603107377,0.8519663271732721,0.9048270894157867,1.1659045405098132,1.1341691669813554,1.3258176636680326,1.9890206563741257,1.7818896600176433,0.0,0.0,0.0,0.0,0.0,0.0,0.0,0.0,0.0,0.0,0.0,0.5880026035475675,0.5404195002705842,0.7266423406817256,0.09065988720074511,0.07130746478529032,-0.3805063771123649,-0.24497866312686414,-0.5317240672588056,-0.7188299996216245,-0.6435011087932844,-0.901157381118259,-0.6000502134017536,-0.8960553845713439,-1.047518004662921,-1.0358412530088001,-0.9917220574271658,-1.1210367137250576,-1.1964627107873127,-1.208252089530389,-1.2490457723982544,-1.14660191889113,-1.1606689862534056,-1.6614562139956417,-1.5707963267948966,-1.6539375586833378,-1.5253730473733196
-2.38648825011112,0.0,1.2924966677897853,2.408777551803287,2.356194490192345,0.16514867741462683,2.677945044588987,3.141592653589793,3.141592653589793,2.746801533890032,-2.4668517113662407,-2.770701364777131,-2.651635327336065,-2.609868586330988,-2.788602265762883,-2.8632929945846817,-2.390663591191853,-2.485897027348257,-2.356194490192345,-2.0344439357957027,-2.1421338066285234,-2.007423486608438,-2.5748634360662868,-1.8157749899217608,-1.7033478590915707,-1.849095985800008,-1.7894652726688385,0.0,0.0,0.0,0.0,0.0,0.0,0.0,0.0,0.0,0.0,0.0,-2.819842099193151,-2.819842099193151,-1.892546881191539,2.601173153319209,3.0419240010986313,2.62244653934327,2.4668517113662407,2.44685437739309,2.185459278717062,2.316215803069055,2.1112158270654806,2.223642957895671,2.2655346029916,2.0344439357957027,2.0344439357957027,1.892546881191539,1.9974238199217726,1.8438050298816073,1.7738415440483617,1.5374753309166493,1.8662371639386166,1.5707963267948966,1.5707963267948966,1.7429871413178357,1.3397056595989996,2.214297435588181
-0.3185556770880671,0.0,-1.9295669970654687,-1.892546881191539,-1.9591150449673627,-1.9055331641117113,-1.9437840485949576,-2.0205559398647357,-2.0032041023654346,-2.169215220273434,-2.0899424410414196,-2.335789159505807,-2.174545660192333,-2.2502101322027452,-2.3805798993650633,-2.525295716193722,-2.185459278717062,-2.38648825011112,-2.5360479899848234,-2.782821983319221,-3.050932766389048,2.976443976175166,2.5829933382462307,2.289626326416521,2.312743594800814,1.9832067683922838,1.8313987185422376,0.0,0.0,0.0,0.0,0.0,0.0,0.0,0.0,0.0,0.0,0.0,-0.507098504392337,-0.3970794452249823,-0.47439988279190737,-0.3217505543966422,-0.36520144978817304,-0.27829965900511133,-0.12435499454676144,-0.20304521725346514,-0.034469100999508014,0.037020115873930025,0.23554498072086333,0.27829965900511133,0.4398425828157362,0.5404195002705842,0.8329812666744317,0.9272952180016122,0.982793723247329,1.0121970114513341,0.7853981633974483,-0.4636476090008061,0.0,-1.8157749899217608,-2.158798930342464,-1.2490457723982544,-1.892546881191539,-1.892546881191539
-2.1357904390613704,0.0,-3.024483909022929,-3.046640947247037,-2.819842099193151,-3.109345771154539,3.0981417581982624,2.976443976175166,3.0771658141642395,3.0132694259039985,2.936197264400026,2.896613990462929,2.8828217616260954,2.872425160804093,2.7091848780192556,2.647651284670212,2.6271413405307653,2.5535900500422257,2.432966381462123,2.1224513093234436,2.0778948311872334,2.0344439357957027,1.1902899496825317,0.9097531579442097,0.8850668158886104,0.43240777557053783,0.6435011087932844,0.0,0.0,0.0,0.0,0.0,0.0,0.0,0.0,0.0,0.0,0.0,-1.485291033116692,-1.4010180528265581,-1.4570043196511886,-1.3258176636680326,-1.3886280163221332,-1.215160442494137,-1.1955255039389392,-1.14660191889113,-1.1220729827841756,-0.9544993893988254,-0.7583777142101835,-0.6947382761967031,-0.5317240672588056,-0.6435011087932844,-0.13255153229667402,-0.058755822715722696,-0.3805063771123649,-1.1071487177940904,-1.5707963267948966,-0.5880026035475675,2.356194490192345,1.1071487177940904,-2.356194490192345,-2.819842099193151,-2.677945044588987,-2.9669204545815537
2.420433465633635,0.0,2.1112158270654806,2.125103822996448,1.892546881191539,1.9163519073766087,1.7359450042095235,1.7975951748487824,1.6352231662204502,1.8804992713373527,1.6030432092301505,1.4288992721907328,1.299849476456476,1.4513674007765582,1.35970299357215,1.4909663410826592,1.1493771199070923,1.3854483767992019,1.1902899496825317,0.7378150601204649,0.5404195002705842,0.19739555984988075,0.0,0.19739555984988075,-0.5585993153435624,-0.6659692373791098,-0.7853981633974483,0.0,0.0,0.0,0.0,0.0,0.0,0.0,0.0,0.0,0.0,0.0,3.110352820159525,3.141592653589793,3.0339027827569724,-3.0560873599115888,-2.9865959116658525,-2.9105019863938963,-2.8095331860469077,-3.038511045067093,-2.7790484163252858,-2.5829933382462307,-2.5636907166275478,-2.5213431676069717,-2.356194490192345,-2.2264919530364327,-1.97568811307998,-2.060753653048625,-2.191045812777718,-1.7126933813990606,-1.8157749899217608,-0.982793723247329,3.141592653589793,-2.782821983319221,-2.356194490192345,2.498091544796509,1.7681918866447774,2.0344439357957027
-0.5349550737860964,0.0,-0.8519663271732721,-1.4940244355251187,-1.3909428270024184,1.1071487177940904,-0.5880026035475675,0.5585993153435624,1.5707963267948966,1.0768549578753155,1.3258176636680326,1.0808390005411683,1.0303768265243125,1.299849476456476,1.3473197256542635,1.3352513460740332,1.4513674007765582,1.642103791580187,1.446441332248135,1.8018869939907938,1.8417431771333173,2.0131705497716417,2.0778948311872334,2.356194490192345,2.485897027348257,2.9105019863938963,2.9147938055359073,0.0,0.0,0.0,0.0,0.0,0.0,0.0,0.0,0.0,0.0,0.0,0.9505468408120752,0.6610431688506869,0.0,0.09966865249116202,-0.09966865249116202,-0.3430239404207034,-0.3430239404207034,-0.16514867741462683,-0.7853981633974483,-0.34555558058171215,-0.507098504392337,-0.6350267353903137,-0.7853981633974483,-0.982793723247329,-0.7610127542247298,-0.866302262552679,-0.8960553845713439,-0.6556956262415362,-0.8721365020734334,-0.7853981633974483,-0.7568345055586884,-1.219351532791345,-1.0516502125483738,-1.3909428270024184,-1.1999050379822342,-1.4056476493802699
-0.5349550737860964,0.0,2.677945044588987,3.141592653589793,2.723368324010564,-3.050932766389048,2.9441970937399127,-2.3086113869153615,-2.896613990462929,-2.6344941491974563,-2.388441372627599,-2.5535900500422257,-2.8023000391357487,-2.32590073027357,-2.498091544796509,-2.4149503129080676,-2.388441372627599,-2.4416997838705496,-2.0988707752212563,-2.14717154738608,-2.2455372690184494,-1.8766751981997487,-1.878849107818673,-1.6207547225168393,-1.313472611823808,-1.2722973952087173,-0.8884797719201485,0.0,0.0,0.0,0.0,0.0,0.0,0.0,0.0,0.0,0.0,0.0,-2.0344439357957027,-1.9379701606131159,-2.0647376957144776,-2.0344439357957027,-2.8501358591119264,-2.601173153319209,2.819842099193151,2.8842689386187046,2.8785979219088738,2.9912212255826587,2.9441970937399127,2.5748634360662868,2.455863142683507,2.393214606066275,2.518393323655727,2.7091848780192556,2.2730532583039036,2.5535900500422257,2.316215803069055,2.2612427838495885,1.9710369838288708,2.167972984887574,1.6738779353175968,1.9513027039072615,1.9195673303788037,1.687905071361761
2.89288266449627,0.0,2.782821983319221,-2.677945044588987,-2.677945044588987,-1.5707963267948966,3.0419240010986313,-2.2455372690184494,-2.356194490192345,-1.5083775167989393,-2.007423486608438,-1.8157749899217608,-1.6856729322117958,-1.4840579881189115,-1.6052654277944047,-1.3397056595989996,-1.5208379310729538,-1.2360594894780819,-1.3258176636680326,-1.1978086049948355,-1.0303768265243125,-0.6659692373791098,-0.3217505543966422,-0.8329812666744317,-0.15264932839526515,0.058755822715722696,0.0,0.0,0.0,0.0,0.0,0.0,0.0,0.0,0.0,0.0,0.0,0.0,-2.1995926132103296,-1.7234456551901618,-2.191045812777718,-2.279422598922567,-2.642245931909663,3.0090411212931194,-2.601173153319209,-3.0309354324158977,-2.8842689386187046,-2.5672878234150915,3.099950074491205,3.061762667877556,-2.9441970937399127,2.976443976175166,3.0132694259039985,2.872425160804093,2.9325697107835285,2.7367008673047097,2.896613990462929,2.7270857790050074,2.677945044588987,2.473303234759209,2.642245931909663,2.461071428922579,2.616796881939686,2.408777551803287
0.3156156620387663,0.0,-1.5707963267948966,-1.9295669970654687,-0.5404195002705842,-0.7853981633974483,0.0,0.12435499454676144,0.3217505543966422,0.3671738338182192,0.4124104415973873,0.3430239404207034,0.5280744484263596,0.5028432109278608,0.4825132950224769,0.4825132950224769,0.6889243882148613,0.7568345055586884,0.8760580505981934,0.9179496956941223,1.4141944498128813,1.2722973952087173,1.2490457723982544,1.6475682180646747,2.0344439357957027,2.0032041023654346,2.158798930342464,0.0,0.0,0.0,0.0,0.0,0.0,0.0,0.0,0.0,0.0,0.0,0.8760580505981934,0.5880026035475675,0.4636476090008061,-0.35877067027057225,-0.09966865249116202,-0.5404195002705842,-0.14189705460416394,-0.6055446636049701,-0.4899573262537283,-0.7188299996216245,-0.8224182792713783,-0.9097531579442097,-0.9357695914045828,-0.982793723247329,-1.0714496051147666,-1.0164888305933455,-1.1562894522101106,-1.124690777851493,-1.0240074859056494,-1.3101939350475555,-1.3258176636680326,-1.373400766945016,-1.313472611823808,-1.5707963267948966,-1.3258176636680326,-1.6475682180646747
2.89288266449627,0.0,-2.0014888381814044,-2.356194490192345,-1.7681918866447774,-1.97568811307998,-1.80634130751576,-1.6207547225168393,-2.044647663289657,-2.1939956567289625,-2.4905159321453136,-1.9566789961929705,-2.0472637462686034,-2.1962813670341257,-1.7894652726688385,-2.0032041023654346,-1.8662371639386166,-1.6539375586833378,-1.6756732655251305,-1.5707963267948966,-1.965587446494658,-2.5535900500422257,-1.892546881191539,1.5707963267948966,2.432966381462123,2.403777593469328,2.1995926132103296,0.0,0.0,0.0,0.0,0.0,0.0,0.0,0.0,0.0,0.0,0.0,-2.060753653048625,-1.8157749899217608,-1.7126933813990606,-1.6233793884058383,-1.4141944498128813,-1.5208379310729538,-1.1999050379822342,-1.1309537439791604,-0.7378150601204649,-0.7509290623979403,-0.8224182792713783,-0.7188299996216245,-0.16514867741462683,-0.37089128881266237,0.0,0.0,-0.7086262721276703,-1.4056476493802699,-0.6747409422235526,1.5707963267948966,2.819842099193151,-0.8621700546672264,-1.6183794300718801,0.4636476090008061,-1.5707963267948966,-1.784857010358718
-0.32811989501530536,0.0,-0.636508215787951,-0.3625442372645076,-0.449759613069839,-0.4636476090008061,-0.6132073488745093,-0.6498704494119476,-0.5880026035475675,-0.6375487981386927,-0.5224034317165288,-0.5485494024505281,-0.705568177685211,-0.6747409422235526,-0.5961991412974801,-0.5104883219167757,-0.5404195002705842,-0.4228539261329407,-0.5585993153435624,-0.24497866312686414,-0.6947382761967031,-1.4056476493802699,-1.849095985800008,-2.2655346029916,-2.746801533890032,-2.677945044588987,-2.8501358591119264,0.0,0.0,0.0,0.0,0.0,0.0,0.0,0.0,0.0,0.0,0.0,-0.11065722117389565,0.11710874456686428,0.20749622643520266,0.07677189126977804,0.4398425828157362,0.3906070436976868,1.1341691669813554,1.1071487177940904,1.0303768265243125,1.3258176636680326,1.5707963267948966,1.687905071361761,1.2120256565243244,2.0344439357957027,1.9513027039072615,1.9195673303788037,2.158798930342464,1.5707963267948966,1.1659045405098132,1.373400766945016,0.4636476090008061,1.2490457723982544,0.6435011087932844,-0.24497866312686414,-0.24497866312686414,-0.27829965900511133
2.6066375798036967,0.0,-2.961739153797315,-3.0750244898139694,2.498091544796509,-1.4940244355251187,-2.214297435588181,-1.6704649792860586,-1.7894652726688385,-1.7234456551901618,-1.3633001003596938,-1.2277723863741932,-1.2847448850775784,-1.5707963267948966,-1.3521273809209546,-0.982793723247329,-0.712357598094329,-0.9048270894157867,-1.039072259536091,-0.6435011087932844,-0.40489178628508343,-0.6000502134017536,-0.3217505543966422,-0.5585993153435624,0.11065722117389565,0.24497866312686414,0.7853981633974483,0.0,0.0,0.0,0.0,0.0,0.0,0.0,0.0,0.0,0.0,0.0,-1.5707963267948966,-1.5707963267948966,-1.5707963267948966,-2.2455372690184494,-2.2318394956455836,-2.214297435588181,-3.024483909022929,-2.701750070774057,-2.907849472720892,-2.9275319700259717,-2.961739153797315,-3.0309354324158977,3.141592653589793,-3.0451188784072065,-3.1145722044025286,-3.038511045067093,3.1031500635686053,3.0035866299322738,2.964883797519757,2.843093722003614,3.0771658141642395,2.714965160462917,3.064820762320015,3.0221637275714546,3.0060649396042924,2.761086276477428
