130.0,8.0,24.331050121192877,26.570660511172846,27.65863337187866,30.01666203960727,24.186773244895647,33.015148038438355,27.018512172212592,26.076809620810597,21.540659228538015,16.492422502470642,5.0,8.54400374531753,2.23606797749979,17.26267650163207,8.0,14.317821063276353,12.529964086141668,15.033296378372908,27.294688127912362,11.40175425099138,36.05551275463989,34.9857113690718,31.76476034853718,32.2490309931942,28.160255680657446,0.0,0.0,0.0,0.0,0.0,0.0,0.0,0.0,0.0,0.0,0.0,23.08679276123039,17.26267650163207,19.0,13.601470508735444,21.095023109728988,22.67156809750927,16.278820596099706,9.486832980505138,25.495097567963924,14.317821063276353,13.892443989449804,16.97056274847714,17.72004514666935,23.194827009486403,12.806248474865697,17.029386365926403,12.727922061357855,19.924858845171276,12.529964086141668,25.019992006393608,17.72004514666935,13.0,17.46424919657298,7.211102550927978,13.92838827718412,15.556349186104045
96.51942809610924,15.0,18.027756377319946,9.055385138137417,9.848857801796104,10.295630140987,20.248456731316587,23.323807579381203,21.470910553583888,17.204650534085253,22.0,24.331050121192877,21.02379604162864,33.94112549695428,35.38361202590826,24.758836806279895,30.4138126514911,22.360679774997898,36.069377593742864,21.2602916254693,24.351591323771842,18.027756377319946,18.788294228055936,13.152946437965905,12.165525060596439,19.924858845171276,18.973665961010276,0.0,0.0,0.0,0.0,0.0,0.0,0.0,0.0,0.0,0.0,0.0,10.63014581273465,18.027756377319946,14.866068747318506,12.36931687685298,19.79898987322333,17.46424919657298,22.090722034374522,10.770329614269007,10.816653826391969,21.02379604162864,9.486832980505138,23.600847442411894,16.55294535724685,22.20360331117452,20.248456731316587,32.01562118716424,18.601075237738275,33.61547262794322,22.67156809750927,29.206163733020468,19.1049731745428,16.55294535724685,17.029386365926403,9.486832980505138,19.849433241279208,17.46424919657298
103.09219175087898,6.0,16.278820596099706,16.1245154965971,17.204650534085253,16.76305461424021,16.1245154965971,16.64331697709324,14.317821063276353,17.029386365926403,21.02379604162864,18.601075237738275,19.6468827043885,23.769728648009426,26.92582403567252,20.615528128088304,25.495097567963924,26.0,20.615528128088304,26.0,23.40939982143925,20.0,16.55294535724685,13.152946437965905,13.038404810405298,15.811388300841896,11.180339887498949,0.0,0.0,0.0,0.0,0.0,0.0,0.0,0.0,0.0,0.0,0.0,9.219544457292887,14.0,2.8284271247461903,17.88854381999832,4.123105625617661,14.317821063276353,13.416407864998739,17.029386365926403,16.64331697709324,22.847319317591726,24.698178070456937,24.331050121192877,14.317821063276353,18.24828759089466,23.53720459187964,24.186773244895647,23.08679276123039,21.095023109728988,29.068883707497267,28.442925306655784,32.2490309931942,26.570660511172846,17.11724276862369,16.1245154965971,15.297058540778355,19.026297590440446
55.47071299343465,18.0,8.0,20.12461179749811,16.492422502470642,14.212670403551895,24.839484696748443,39.05124837953327,32.14031735997639,16.401219466856727,14.422205101855956,31.400636936215164,26.248809496813376,26.248809496813376,24.041630560342615,23.345235059857504,23.345235059857504,23.706539182259394,23.430749027719962,27.730849247724095,18.027756377319946,18.027756377319946,17.11724276862369,12.165525060596439,21.18962010041709,16.492422502470642,16.278820596099706,0.0,0.0,0.0,0.0,0.0,0.0,0.0,0.0,0.0,0.0,0.0,19.0,10.816653826391969,9.055385138137417,14.035668847618199,13.341664064126334,18.0,18.027756377319946,6.082762530298219,20.248456731316587,26.870057685088806,14.142135623730951,21.633307652783937,26.1725046566048,19.235384061671343,26.832815729997478,19.1049731745428,31.76476034853718,28.42534080710379,16.278820596099706,25.495097567963924,19.697715603592208,26.419689627245813,20.808652046684813,18.601075237738275,15.811388300841896,21.095023109728988
96.18731725128839,15.0,12.206555615733702,13.0,9.848857801796104,13.416407864998739,8.06225774829855,15.264337522473747,23.323807579381203,19.849433241279208,28.284271247461902,22.825424421026653,29.546573405388315,27.018512172212592,33.54101966249684,27.784887978899608,29.5296461204668,17.69180601295413,25.553864678361276,17.69180601295413,21.095023109728988,26.90724809414742,16.1245154965971,20.12461179749811,13.601470508735444,10.198039027185569,17.029386365926403,0.0,0.0,0.0,0.0,0.0,0.0,0.0,0.0,0.0,0.0,0.0,9.433981132056603,13.038404810405298,13.92838827718412,10.198039027185569,16.0312195418814,11.661903789690601,16.492422502470642,18.24828759089466,16.1245154965971,18.788294228055936,24.839484696748443,19.849433241279208,15.297058540778355,26.627053911388696,25.632011235952593,20.248456731316587,27.730849247724095,21.840329667841555,19.697715603592208,24.166091947189145,21.37755832643195,19.235384061671343,21.840329667841555,17.08800749063506,11.180339887498949,12.727922061357855
80.15609770940699,15.0,11.0,18.027756377319946,15.033296378372908,7.280109889280518,15.231546211727817,21.470910553583888,11.40175425099138,13.152946437965905,28.635642126552707,23.53720459187964,25.019992006393608,24.515301344262525,28.635642126552707,26.92582403567252,22.847319317591726,27.51363298439521,22.825424421026653,24.73863375370596,14.866068747318506,20.518284528683193,15.556349186104045,12.727922061357855,12.041594578792296,16.1245154965971,15.811388300841896,0.0,0.0,0.0,0.0,0.0,0.0,0.0,0.0,0.0,0.0,0.0,14.422205101855956,9.433981132056603,9.0,5.385164807134504,9.055385138137417,18.681541692269406,13.341664064126334,14.212670403551895,19.313207915827967,17.4928556845359,20.518284528683193,19.72308292331602,17.029386365926403,24.08318915758459,17.88854381999832,22.80350850198276,19.209372712298546,20.591260281974,20.12461179749811,20.396078054371138,20.615528128088304,23.323807579381203,15.132745950421556,17.69180601295413,16.1245154965971,13.416407864998739
175.45369759569047,7.0,12.36931687685298,8.246211251235321,13.038404810405298,17.11724276862369,27.65863337187866,15.0,25.0,27.730849247724095,22.20360331117452,22.135943621178654,21.02379604162864,18.681541692269406,26.570660511172846,25.298221281347036,17.46424919657298,23.600847442411894,25.495097567963924,26.40075756488817,28.635642126552707,25.612496949731394,21.470910553583888,22.67156809750927,13.92838827718412,16.76305461424021,8.246211251235321,0.0,0.0,0.0,0.0,0.0,0.0,0.0,0.0,0.0,0.0,0.0,17.0,19.026297590440446,15.811388300841896,17.26267650163207,9.848857801796104,16.97056274847714,11.313708498984761,16.15549442140351,16.0312195418814,15.652475842498529,16.1245154965971,25.0,20.248456731316587,30.805843601498726,30.14962686336267,32.01562118716424,26.248809496813376,24.758836806279895,16.1245154965971,27.202941017470888,22.02271554554524,17.46424919657298,22.47220505424423,17.69180601295413,14.422205101855956,8.06225774829855
103.09219175087898,6.0,12.649110640673518,10.04987562112089,17.0,20.615528128088304,20.591260281974,13.601470508735444,22.47220505424423,22.80350850198276,20.0,27.202941017470888,26.40075756488817,26.40075756488817,24.596747752497688,26.248809496813376,29.154759474226502,32.69556544854363,34.20526275297414,26.419689627245813,21.2602916254693,17.88854381999832,15.811388300841896,17.11724276862369,14.142135623730951,13.0,11.045361017187261,0.0,0.0,0.0,0.0,0.0,0.0,0.0,0.0,0.0,0.0,0.0,13.45362404707371,14.212670403551895,13.892443989449804,9.219544457292887,10.770329614269007,15.132745950421556,23.08679276123039,16.0312195418814,19.924858845171276,13.416407864998739,22.02271554554524,22.47220505424423,26.076809620810597,28.231188426986208,17.72004514666935,21.400934559032695,24.186773244895647,29.732137494637012,29.154759474226502,22.20360331117452,15.556349186104045,21.400934559032695,20.248456731316587,18.027756377319946,18.027756377319946,11.661903789690601
96.18731725128839,15.0,8.246211251235321,3.1622776601683795,8.246211251235321,12.806248474865697,15.033296378372908,11.40175425099138,16.401219466856727,17.69180601295413,25.80697580112788,19.72308292331602,16.97056274847714,19.72308292331602,23.323807579381203,26.248809496813376,21.213203435596427,27.018512172212592,23.345235059857504,15.652475842498529,24.758836806279895,19.697715603592208,18.439088914585774,15.0,11.180339887498949,15.231546211727817,8.54400374531753,0.0,0.0,0.0,0.0,0.0,0.0,0.0,0.0,0.0,0.0,0.0,6.708203932499369,9.219544457292887,13.152946437965905,12.165525060596439,11.704699910719626,14.422205101855956,10.63014581273465,13.038404810405298,14.317821063276353,18.384776310850235,10.198039027185569,23.021728866442675,21.213203435596427,26.1725046566048,27.16615541441225,25.079872407968907,28.160255680657446,20.8806130178211,22.47220505424423,25.80697580112788,21.633307652783937,23.600847442411894,20.591260281974,18.439088914585774,17.26267650163207,15.297058540778355
103.09219175087898,6.0,14.317821063276353,18.027756377319946,16.76305461424021,14.212670403551895,12.36931687685298,16.0312195418814,27.65863337187866,18.439088914585774,26.076809620810597,24.515301344262525,21.587033144922902,23.194827009486403,26.476404589747453,23.323807579381203,30.14962686336267,27.0,26.019223662515376,21.02379604162864,19.235384061671343,16.15549442140351,17.46424919657298,10.816653826391969,8.06225774829855,17.72004514666935,13.601470508735444,0.0,0.0,0.0,0.0,0.0,0.0,0.0,0.0,0.0,0.0,0.0,9.848857801796104,15.033296378372908,23.08679276123039,7.211102550927978,13.601470508735444,12.041594578792296,25.612496949731394,15.620499351813308,23.600847442411894,15.231546211727817,22.02271554554524,25.179356624028344,13.601470508735444,23.08679276123039,17.029386365926403,22.825424421026653,32.01562118716424,24.186773244895647,24.186773244895647,19.0,23.259406699226016,22.20360331117452,17.029386365926403,9.848857801796104,19.0,7.211102550927978
132.48396129343357,8.0,17.0,12.806248474865697,16.278820596099706,14.035668847618199,16.1245154965971,15.033296378372908,15.297058540778355,20.0,27.294688127912362,27.65863337187866,25.317977802344327,19.026297590440446,18.0,28.442925306655784,23.021728866442675,27.459060435491963,17.08800749063506,23.08679276123039,22.360679774997898,23.430749027719962,18.601075237738275,15.0,14.317821063276353,19.1049731745428,12.36931687685298,0.0,0.0,0.0,0.0,0.0,0.0,0.0,0.0,0.0,0.0,0.0,11.0,12.36931687685298,14.866068747318506,7.0710678118654755,20.808652046684813,13.038404810405298,12.165525060596439,24.73863375370596,20.024984394500787,21.213203435596427,20.09975124224178,26.019223662515376,17.26267650163207,20.591260281974,24.351591323771842,27.202941017470888,26.92582403567252,23.600847442411894,25.632011235952593,20.12461179749811,24.041630560342615,17.69180601295413,6.708203932499369,15.811388300841896,8.602325267042627,10.770329614269007
175.45369759569047,7.0,15.524174696260024,3.605551275463989,13.416407864998739,11.180339887498949,16.15549442140351,18.788294228055936,20.0,21.93171219946131,17.029386365926403,18.384776310850235,26.419689627245813,22.67156809750927,15.811388300841896,20.615528128088304,19.4164878389476,16.97056274847714,23.53720459187964,20.396078054371138,23.021728866442675,15.132745950421556,13.92838827718412,20.024984394500787,13.892443989449804,16.15549442140351,13.45362404707371,0.0,0.0,0.0,0.0,0.0,0.0,0.0,0.0,0.0,0.0,0.0,11.704699910719626,17.26267650163207,12.649110640673518,10.04987562112089,16.97056274847714,19.026297590440446,15.0,12.165525060596439,16.64331697709324,15.811388300841896,18.601075237738275,30.364452901377952,30.4138126514911,21.400934559032695,28.284271247461902,25.495097567963924,27.65863337187866,27.65863337187866,27.80287754891569,25.495097567963924,24.413111231467404,25.079872407968907,21.93171219946131,20.12461179749811,7.0710678118654755,5.656854249492381
124.61540835707277,8.0,9.219544457292887,16.15549442140351,20.8806130178211,20.223748416156685,18.027756377319946,16.55294535724685,13.0,15.556349186104045,9.899494936611665,20.223748416156685,20.808652046684813,20.615528128088304,22.20360331117452,15.811388300841896,18.439088914585774,33.61547262794322,27.80287754891569,21.095023109728988,22.47220505424423,21.95449840010015,12.165525060596439,21.0,14.0,14.317821063276353,18.681541692269406,0.0,0.0,0.0,0.0,0.0,0.0,0.0,0.0,0.0,0.0,0.0,7.211102550927978,18.027756377319946,9.486832980505138,6.708203932499369,17.46424919657298,10.770329614269007,16.76305461424021,20.248456731316587,17.0,24.698178070456937,24.596747752497688,27.65863337187866,26.1725046566048,27.459060435491963,31.89043743820395,20.223748416156685,20.12461179749811,27.018512172212592,19.72308292331602,27.80287754891569,30.01666203960727,31.78049716414141,12.36931687685298,16.278820596099706,17.11724276862369,18.027756377319946
96.33794683301072,10.0,10.816653826391969,7.211102550927978,12.083045973594572,18.027756377319946,10.04987562112089,9.219544457292887,9.219544457292887,23.853720883753127,24.413111231467404,20.615528128088304,22.627416997969522,16.64331697709324,32.7566787083184,28.160255680657446,11.661903789690601,17.69180601295413,23.853720883753127,22.20360331117452,21.93171219946131,19.235384061671343,18.027756377319946,11.40175425099138,15.132745950421556,10.04987562112089,18.439088914585774,0.0,0.0,0.0,0.0,0.0,0.0,0.0,0.0,0.0,0.0,0.0,11.313708498984761,11.40175425099138,10.63014581273465,14.317821063276353,5.0,14.142135623730951,13.0,16.0312195418814,24.73863375370596,22.02271554554524,14.7648230602334,27.65863337187866,21.633307652783937,9.848857801796104,24.08318915758459,25.019992006393608,26.076809620810597,19.235384061671343,25.019992006393608,26.076809620810597,20.8806130178211,24.515301344262525,17.0,13.92838827718412,13.892443989449804,13.601470508735444
128.0,8.0,27.202941017470888,22.847319317591726,21.840329667841555,18.110770276274835,24.0,23.08679276123039,23.0,17.26267650163207,18.027756377319946,13.892443989449804,14.7648230602334,12.041594578792296,11.313708498984761,7.280109889280518,5.0,9.433981132056603,13.152946437965905,14.317821063276353,18.439088914585774,17.72004514666935,22.47220505424423,25.942243542145693,27.018512172212592,26.419689627245813,28.42534080710379,0.0,0.0,0.0,0.0,0.0,0.0,0.0,0.0,0.0,0.0,0.0,33.24154027718932,32.0624390837628,35.014282800023196,33.13608305156178,33.13608305156178,33.24154027718932,33.95585369269929,31.016124838541646,24.166091947189145,24.166091947189145,22.80350850198276,13.601470508735444,13.892443989449804,16.15549442140351,19.6468827043885,20.223748416156685,20.8806130178211,17.72004514666935,17.46424919657298,21.02379604162864,26.419689627245813,22.360679774997898,28.635642126552707,24.186773244895647,24.839484696748443,24.413111231467404
99.29753269845128,5.0,25.059928172283335,25.612496949731394,25.059928172283335,25.298221281347036,26.832815729997478,23.769728648009426,18.439088914585774,22.090722034374522,20.223748416156685,19.1049731745428,17.26267650163207,16.278820596099706,8.602325267042627,12.649110640673518,6.082762530298219,1.4142135623730951,6.082762530298219,10.198039027185569,13.038404810405298,18.439088914585774,20.615528128088304,24.73863375370596,25.96150997149434,26.0,30.870698080866262,0.0,0.0,0.0,0.0,0.0,0.0,0.0,0.0,0.0,0.0,0.0,33.28663395418648,32.202484376209235,32.31098884280702,33.1058907144937,31.76476034853718,31.064449134018133,30.4138126514911,27.80287754891569,27.80287754891569,25.45584412271571,25.495097567963924,18.601075237738275,19.4164878389476,20.024984394500787,21.02379604162864,21.587033144922902,22.47220505424423,18.35755975068582,24.20743687382041,31.144823004794873,25.80697580112788,21.93171219946131,27.65863337187866,21.93171219946131,18.439088914585774,23.345235059857504
99.29753269845128,5.0,33.12099032335839,29.5296461204668,21.400934559032695,23.600847442411894,24.758836806279895,26.1725046566048,18.601075237738275,18.384776310850235,32.2490309931942,17.0,13.45362404707371,15.524174696260024,11.180339887498949,9.0,8.06225774829855,3.1622776601683795,6.324555320336759,10.63014581273465,16.1245154965971,17.204650534085253,21.400934559032695,25.079872407968907,21.095023109728988,26.248809496813376,28.442925306655784,0.0,0.0,0.0,0.0,0.0,0.0,0.0,0.0,0.0,0.0,0.0,35.510561809129406,30.23243291566195,33.301651610693426,30.610455730027933,30.4138126514911,34.20526275297414,26.1725046566048,25.612496949731394,24.186773244895647,29.5296461204668,20.12461179749811,15.231546211727817,17.46424919657298,21.587033144922902,17.88854381999832,22.67156809750927,23.021728866442675,21.400934559032695,17.029386365926403,27.294688127912362,23.259406699226016,25.0,22.20360331117452,23.53720459187964,28.460498941515414,29.154759474226502
96.18731725128839,15.0,25.495097567963924,31.827660925679098,19.1049731745428,28.600699292150182,28.319604517012593,23.430749027719962,21.470910553583888,23.769728648009426,21.18962010041709,10.44030650891055,10.04987562112089,8.54400374531753,5.656854249492381,7.615773105863909,7.280109889280518,6.708203932499369,11.045361017187261,14.560219778561036,11.704699910719626,18.110770276274835,21.213203435596427,23.53720459187964,25.495097567963924,30.805843601498726,34.48187929913333,0.0,0.0,0.0,0.0,0.0,0.0,0.0,0.0,0.0,0.0,0.0,32.7566787083184,31.906112267087632,31.38470965295043,30.0,31.89043743820395,32.802438933713454,24.041630560342615,26.248809496813376,22.02271554554524,22.47220505424423,16.1245154965971,20.223748416156685,15.811388300841896,13.152946437965905,18.788294228055936,15.620499351813308,24.758836806279895,25.45584412271571,23.345235059857504,24.413111231467404,17.69180601295413,25.80697580112788,25.553864678361276,28.42534080710379,25.059928172283335,19.235384061671343
73.348483283569,11.0,25.019992006393608,26.476404589747453,27.073972741361768,26.076809620810597,23.08679276123039,19.4164878389476,19.235384061671343,20.09975124224178,17.26267650163207,16.15549442140351,15.0,14.317821063276353,6.4031242374328485,7.0710678118654755,9.486832980505138,9.848857801796104,11.0,10.63014581273465,12.806248474865697,19.313207915827967,23.600847442411894,24.839484696748443,22.627416997969522,28.844410203711913,30.610455730027933,0.0,0.0,0.0,0.0,0.0,0.0,0.0,0.0,0.0,0.0,0.0,34.52535300326414,38.3275357934736,32.38826948140329,34.52535300326414,38.8329756778952,31.064449134018133,30.01666203960727,24.186773244895647,33.015148038438355,22.561028345356956,19.235384061671343,17.69180601295413,10.63014581273465,21.540659228538015,19.4164878389476,21.18962010041709,18.24828759089466,25.079872407968907,19.0,26.68332812825267,32.57299494980466,27.459060435491963,23.194827009486403,20.248456731316587,21.37755832643195,25.632011235952593
56.0357029044876,13.0,31.064449134018133,22.135943621178654,30.364452901377952,27.018512172212592,20.09975124224178,20.0,20.223748416156685,25.179356624028344,19.235384061671343,18.681541692269406,15.652475842498529,10.63014581273465,15.620499351813308,6.082762530298219,8.94427190999916,7.810249675906654,11.045361017187261,11.045361017187261,16.1245154965971,18.24828759089466,21.470910553583888,20.615528128088304,25.553864678361276,27.459060435491963,26.90724809414742,0.0,0.0,0.0,0.0,0.0,0.0,0.0,0.0,0.0,0.0,0.0,29.068883707497267,32.28002478313795,34.785054261852174,34.20526275297414,37.107950630558946,33.015148038438355,24.331050121192877,25.019992006393608,23.194827009486403,25.317977802344327,20.8806130178211,12.649110640673518,14.7648230602334,13.601470508735444,18.24828759089466,17.029386365926403,29.068883707497267,29.614185789921695,31.953090617340916,27.892651361962706,30.59411708155671,19.849433241279208,25.059928172283335,25.632011235952593,28.160255680657446,24.73863375370596
99.29753269845128,5.0,26.076809620810597,18.24828759089466,21.213203435596427,20.615528128088304,28.071337695236398,27.892651361962706,3.605551275463989,21.2602916254693,9.219544457292887,6.324555320336759,18.867962264113206,17.029386365926403,10.816653826391969,14.142135623730951,8.48528137423857,5.0990195135927845,9.219544457292887,21.840329667841555,21.540659228538015,16.0,22.47220505424423,24.331050121192877,25.0,23.430749027719962,28.653097563788805,0.0,0.0,0.0,0.0,0.0,0.0,0.0,0.0,0.0,0.0,0.0,28.319604517012593,29.832867780352597,26.40075756488817,24.08318915758459,30.01666203960727,31.906112267087632,26.419689627245813,14.866068747318506,31.38470965295043,26.40075756488817,17.72004514666935,12.165525060596439,17.0,18.439088914585774,16.76305461424021,12.36931687685298,30.805843601498726,16.278820596099706,19.924858845171276,16.492422502470642,29.832867780352597,29.068883707497267,15.264337522473747,22.20360331117452,19.313207915827967,22.360679774997898
103.09219175087898,6.0,20.248456731316587,22.67156809750927,15.524174696260024,20.615528128088304,21.633307652783937,20.396078054371138,17.029386365926403,13.892443989449804,14.317821063276353,15.811388300841896,3.605551275463989,13.92838827718412,8.48528137423857,13.601470508735444,4.47213595499958,18.788294228055936,5.0990195135927845,13.038404810405298,18.027756377319946,10.63014581273465,18.384776310850235,19.0,20.615528128088304,22.02271554554524,20.8806130178211,0.0,0.0,0.0,0.0,0.0,0.0,0.0,0.0,0.0,0.0,0.0,30.463092423455635,31.953090617340916,25.553864678361276,25.317977802344327,27.459060435491963,29.0,20.0,28.30194339616981,22.47220505424423,16.15549442140351,3.1622776601683795,5.385164807134504,20.396078054371138,2.23606797749979,17.4928556845359,18.384776310850235,22.825424421026653,26.019223662515376,18.867962264113206,22.561028345356956,31.953090617340916,15.652475842498529,12.041594578792296,22.360679774997898,26.476404589747453,20.12461179749811
175.45369759569047,7.0,22.847319317591726,21.633307652783937,23.323807579381203,20.12461179749811,21.095023109728988,20.09975124224178,15.811388300841896,12.529964086141668,14.035668847618199,8.94427190999916,8.06225774829855,9.0,9.219544457292887,9.0,11.661903789690601,12.36931687685298,13.0,1.4142135623730951,17.029386365926403,14.317821063276353,21.095023109728988,21.095023109728988,18.867962264113206,23.259406699226016,34.9857113690718,0.0,0.0,0.0,0.0,0.0,0.0,0.0,0.0,0.0,0.0,0.0,25.317977802344327,24.698178070456937,32.69556544854363,24.08318915758459,21.213203435596427,30.886890422961002,25.0,26.92582403567252,13.45362404707371,18.027756377319946,7.810249675906654,16.55294535724685,14.317821063276353,9.486832980505138,21.840329667841555,18.384776310850235,2.8284271247461903,19.6468827043885,26.90724809414742,20.248456731316587,23.08679276123039,22.135943621178654,25.942243542145693,22.80350850198276,26.1725046566048,23.853720883753127
132.48396129343357,8.0,28.30194339616981,36.61966684720111,26.90724809414742,23.259406699226016,30.479501308256342,18.788294228055936,24.698178070456937,20.615528128088304,17.4928556845359,14.866068747318506,23.08679276123039,7.0710678118654755,5.830951894845301,3.605551275463989,5.385164807134504,5.385164807134504,12.041594578792296,12.806248474865697,18.867962264113206,14.035668847618199,23.40939982143925,24.596747752497688,24.331050121192877,33.13608305156178,25.019992006393608,0.0,0.0,0.0,0.0,0.0,0.0,0.0,0.0,0.0,0.0,0.0,34.48187929913333,31.04834939252005,36.6742416417845,31.622776601683793,34.48187929913333,24.186773244895647,27.313000567495326,31.38470965295043,24.20743687382041,30.463092423455635,19.79898987322333,15.620499351813308,18.24828759089466,20.396078054371138,19.0,13.416407864998739,21.095023109728988,17.69180601295413,27.586228448267445,22.20360331117452,19.72308292331602,27.586228448267445,22.20360331117452,24.041630560342615,26.1725046566048,22.47220505424423
33.06055050963308,16.0,8.602325267042627,15.811388300841896,6.708203932499369,10.63014581273465,19.026297590440446,25.079872407968907,18.867962264113206,17.0,19.697715603592208,20.0,13.601470508735444,17.08800749063506,20.09975124224178,24.020824298928627,18.681541692269406,20.615528128088304,20.223748416156685,13.0,12.206555615733702,10.44030650891055,19.849433241279208,12.041594578792296,8.54400374531753,17.46424919657298,11.180339887498949,0.0,0.0,0.0,0.0,0.0,0.0,0.0,0.0,0.0,0.0,0.0,9.486832980505138,6.4031242374328485,7.280109889280518,7.211102550927978,15.0,16.64331697709324,16.1245154965971,13.0,21.02379604162864,17.26267650163207,26.1725046566048,6.0,29.732137494637012,13.416407864998739,19.924858845171276,18.601075237738275,27.892651361962706,21.37755832643195,19.1049731745428,21.095023109728988,15.652475842498529,18.439088914585774,16.401219466856727,22.20360331117452,17.804493814764857,11.40175425099138
127.251719045363,31.0,28.635642126552707,28.635642126552707,25.495097567963924,32.202484376209235,27.85677655436824,30.463092423455635,29.732137494637012,26.92582403567252,31.622776601683793,26.40075756488817,22.561028345356956,17.72004514666935,19.313207915827967,14.7648230602334,14.035668847618199,8.06225774829855,3.0,7.211102550927978,8.48528137423857,14.866068747318506,15.0,20.12461179749811,21.470910553583888,21.587033144922902,24.596747752497688,0.0,0.0,0.0,0.0,0.0,0.0,0.0,0.0,0.0,0.0,0.0,38.3275357934736,35.22782990761707,37.12142238654117,35.12833614050059,37.48332962798263,34.23448553724738,27.294688127912362,29.068883707497267,26.076809620810597,23.769728648009426,18.24828759089466,14.317821063276353,10.04987562112089,5.385164807134504,0.0,3.605551275463989,5.830951894845301,8.06225774829855,12.36931687685298,13.0,13.92838827718412,11.045361017187261,18.681541692269406,17.4928556845359,19.1049731745428,16.55294535724685
56.0357029044876,13.0,23.259406699226016,31.906112267087632,27.784887978899608,31.304951684997057,30.463092423455635,28.653097563788805,27.730849247724095,32.7566787083184,28.653097563788805,24.351591323771842,26.076809620810597,17.4928556845359,19.235384061671343,14.317821063276353,9.219544457292887,5.0990195135927845,5.0,5.830951894845301,8.06225774829855,12.206555615733702,14.212670403551895,17.029386365926403,20.615528128088304,22.47220505424423,23.430749027719962,0.0,0.0,0.0,0.0,0.0,0.0,0.0,0.0,0.0,0.0,0.0,36.345563690772494,36.22154055254967,35.35533905932738,34.23448553724738,33.13608305156178,32.38826948140329,31.064449134018133,26.1725046566048,25.317977802344327,24.020824298928627,18.110770276274835,17.11724276862369,7.280109889280518,8.54400374531753,5.0990195135927845,3.1622776601683795,5.385164807134504,3.0,11.0,11.045361017187261,16.0312195418814,16.0312195418814,15.033296378372908,15.132745950421556,14.866068747318506,17.26267650163207
99.29753269845128,5.0,22.360679774997898,26.419689627245813,26.076809620810597,29.5296461204668,32.7566787083184,28.319604517012593,33.28663395418648,30.610455730027933,28.653097563788805,25.238858928247925,26.419689627245813,22.360679774997898,19.4164878389476,16.1245154965971,11.180339887498949,6.082762530298219,3.0,5.385164807134504,8.602325267042627,11.40175425099138,14.560219778561036,19.697715603592208,20.808652046684813,20.248456731316587,28.30194339616981,0.0,0.0,0.0,0.0,0.0,0.0,0.0,0.0,0.0,0.0,0.0,37.21558813185679,36.345563690772494,34.23448553724738,37.21558813185679,33.13608305156178,33.06055050963308,30.01666203960727,30.066592756745816,26.019223662515376,26.076809620810597,22.20360331117452,14.142135623730951,10.198039027185569,3.605551275463989,1.4142135623730951,5.0,8.246211251235321,9.0,8.0,13.152946437965905,12.529964086141668,19.697715603592208,14.7648230602334,17.46424919657298,18.110770276274835,21.587033144922902
131.76494222667878,27.0,28.635642126552707,28.792360097775937,30.463092423455635,29.732137494637012,33.83784863137726,28.792360097775937,36.6742416417845,35.11409973215888,32.28002478313795,23.259406699226016,26.0,19.026297590440446,16.1245154965971,14.035668847618199,7.280109889280518,8.06225774829855,4.0,3.605551275463989,9.848857801796104,12.206555615733702,17.4928556845359,13.92838827718412,19.72308292331602,27.51363298439521,25.96150997149434,0.0,0.0,0.0,0.0,0.0,0.0,0.0,0.0,0.0,0.0,0.0,35.17101079013795,35.4682957019364,32.89376840679705,33.83784863137726,33.83784863137726,33.95585369269929,34.17601498127012,32.984845004941285,19.235384061671343,26.248809496813376,16.278820596099706,12.36931687685298,9.899494936611665,10.0,3.605551275463989,1.0,6.4031242374328485,9.433981132056603,6.324555320336759,12.083045973594572,15.297058540778355,13.341664064126334,22.360679774997898,19.235384061671343,24.351591323771842,21.213203435596427
69.35416353759881,28.0,34.48187929913333,32.38826948140329,28.160255680657446,28.460498941515414,34.0147027033899,28.460498941515414,33.61547262794322,29.732137494637012,31.575306807693888,30.59411708155671,27.65863337187866,24.331050121192877,17.26267650163207,15.297058540778355,10.04987562112089,8.0,3.0,6.708203932499369,11.40175425099138,9.433981132056603,14.866068747318506,18.35755975068582,17.88854381999832,22.847319317591726,21.540659228538015,0.0,0.0,0.0,0.0,0.0,0.0,0.0,0.0,0.0,0.0,0.0,34.132096331752024,34.23448553724738,36.013886210738214,36.124783736376884,34.132096331752024,33.06055050963308,31.016124838541646,27.073972741361768,25.019992006393608,22.0,16.0312195418814,15.132745950421556,5.385164807134504,7.0,1.0,3.605551275463989,7.211102550927978,13.341664064126334,10.04987562112089,13.341664064126334,17.08800749063506,18.110770276274835,18.681541692269406,19.1049731745428,21.095023109728988,23.53720459187964
175.45369759569047,7.0,27.85677655436824,28.442925306655784,26.92582403567252,29.832867780352597,30.805843601498726,30.364452901377952,34.52535300326414,29.427877939124322,28.442925306655784,29.154759474226502,26.68332812825267,24.041630560342615,18.681541692269406,14.866068747318506,10.816653826391969,8.06225774829855,5.0990195135927845,6.082762530298219,12.36931687685298,12.165525060596439,16.1245154965971,16.0312195418814,22.360679774997898,23.769728648009426,24.0,0.0,0.0,0.0,0.0,0.0,0.0,0.0,0.0,0.0,0.0,0.0,35.608987629529715,36.359317925395686,36.40054944640259,34.713109915419565,38.01315561749642,32.202484376209235,31.906112267087632,29.832867780352597,28.30194339616981,25.45584412271571,18.681541692269406,10.295630140987,9.899494936611665,9.055385138137417,2.0,1.4142135623730951,3.1622776601683795,5.656854249492381,8.54400374531753,8.602325267042627,15.620499351813308,14.142135623730951,12.649110640673518,10.770329614269007,19.697715603592208,20.808652046684813
88.02272433866155,10.0,27.459060435491963,28.861739379323623,28.284271247461902,31.144823004794873,32.57299494980466,32.89376840679705,31.04834939252005,29.427877939124322,29.410882339705484,27.202941017470888,23.53720459187964,25.019992006393608,18.027756377319946,14.035668847618199,13.152946437965905,10.198039027185569,3.605551275463989,5.0,7.810249675906654,13.416407864998739,16.1245154965971,15.652475842498529,18.788294228055936,24.166091947189145,25.96150997149434,0.0,0.0,0.0,0.0,0.0,0.0,0.0,0.0,0.0,0.0,0.0,31.144823004794873,36.6742416417845,36.05551275463989,37.33630940518894,34.058772731852805,32.14031735997639,32.2490309931942,33.24154027718932,26.1725046566048,25.179356624028344,17.46424919657298,13.152946437965905,6.4031242374328485,7.211102550927978,1.4142135623730951,2.23606797749979,4.0,10.04987562112089,9.0,12.165525060596439,16.278820596099706,11.0,16.0,17.029386365926403,16.0312195418814,18.439088914585774
132.48396129343357,8.0,26.30589287593181,32.2490309931942,25.495097567963924,31.575306807693888,29.832867780352597,31.400636936215164,28.231188426986208,29.154759474226502,25.495097567963924,27.892651361962706,24.020824298928627,20.615528128088304,23.08679276123039,15.297058540778355,13.92838827718412,4.47213595499958,4.123105625617661,5.830951894845301,9.219544457292887,15.620499351813308,16.1245154965971,18.35755975068582,20.8806130178211,21.93171219946131,27.730849247724095,0.0,0.0,0.0,0.0,0.0,0.0,0.0,0.0,0.0,0.0,0.0,37.36308338453881,37.0,37.64306044943742,33.24154027718932,29.410882339705484,31.575306807693888,29.832867780352597,24.041630560342615,27.892651361962706,24.166091947189145,18.24828759089466,16.0,11.180339887498949,2.0,4.47213595499958,2.0,7.0710678118654755,11.045361017187261,8.0,9.433981132056603,9.219544457292887,15.033296378372908,18.24828759089466,15.033296378372908,20.024984394500787,22.02271554554524
69.77105417004964,12.0,22.80350850198276,28.635642126552707,22.20360331117452,23.345235059857504,24.515301344262525,27.65863337187866,25.495097567963924,27.51363298439521,22.360679774997898,20.0,20.8806130178211,19.235384061671343,20.09975124224178,11.045361017187261,10.198039027185569,6.082762530298219,1.4142135623730951,3.0,10.63014581273465,10.63014581273465,11.180339887498949,14.7648230602334,20.591260281974,19.235384061671343,20.615528128088304,0.0,0.0,0.0,0.0,0.0,0.0,0.0,0.0,0.0,0.0,0.0,31.32091952673165,31.953090617340916,37.33630940518894,33.83784863137726,30.083217912982647,30.675723300355934,31.04834939252005,23.53720459187964,25.96150997149434,20.396078054371138,18.027756377319946,11.40175425099138,9.0,5.0990195135927845,2.23606797749979,4.47213595499958,3.605551275463989,6.4031242374328485,7.280109889280518,12.041594578792296,9.219544457292887,17.11724276862369,14.035668847618199,12.36931687685298,18.439088914585774,18.110770276274835
73.348483283569,11.0,28.0178514522438,28.071337695236398,31.016124838541646,30.0,32.01562118716424,36.013886210738214,34.058772731852805,30.066592756745816,34.0147027033899,24.515301344262525,22.02271554554524,21.095023109728988,18.439088914585774,13.92838827718412,13.152946437965905,8.06225774829855,2.8284271247461903,4.0,9.055385138137417,11.180339887498949,15.033296378372908,17.11724276862369,25.019992006393608,22.360679774997898,24.08318915758459,0.0,0.0,0.0,0.0,0.0,0.0,0.0,0.0,0.0,0.0,0.0,35.73513677041127,36.68787265568828,36.235341863986875,36.6742416417845,34.92849839314596,34.17601498127012,31.78049716414141,28.231188426986208,31.622776601683793,23.53720459187964,18.788294228055936,18.35755975068582,13.0,8.06225774829855,3.605551275463989,2.23606797749979,6.082762530298219,8.0,9.055385138137417,12.649110640673518,15.132745950421556,11.180339887498949,17.029386365926403,17.11724276862369,17.46424919657298,18.027756377319946
99.29753269845128,5.0,30.805843601498726,30.083217912982647,34.92849839314596,28.442925306655784,32.64965543462902,28.635642126552707,29.546573405388315,33.015148038438355,31.04834939252005,36.68787265568828,26.570660511172846,25.059928172283335,14.142135623730951,12.165525060596439,10.0,5.385164807134504,4.242640687119285,1.0,6.4031242374328485,11.0,13.92838827718412,20.8806130178211,19.235384061671343,18.973665961010276,22.80350850198276,0.0,0.0,0.0,0.0,0.0,0.0,0.0,0.0,0.0,0.0,0.0,34.0,37.57658845611187,36.76955262170047,37.33630940518894,34.52535300326414,39.56008088970496,35.34119409414458,27.202941017470888,27.65863337187866,25.632011235952593,19.697715603592208,12.165525060596439,13.038404810405298,7.615773105863909,4.47213595499958,7.615773105863909,3.1622776601683795,3.0,13.892443989449804,18.027756377319946,23.769728648009426,15.524174696260024,14.560219778561036,20.615528128088304,28.861739379323623,18.973665961010276
128.0,8.0,16.1245154965971,23.021728866442675,18.027756377319946,16.0312195418814,16.76305461424021,17.029386365926403,20.8806130178211,19.1049731745428,25.019992006393608,22.561028345356956,24.186773244895647,17.72004514666935,25.632011235952593,20.09975124224178,26.019223662515376,31.144823004794873,21.840329667841555,21.0,27.65863337187866,19.72308292331602,23.40939982143925,17.46424919657298,14.866068747318506,10.816653826391969,15.231546211727817,0.0,0.0,0.0,0.0,0.0,0.0,0.0,0.0,0.0,0.0,0.0,11.313708498984761,13.416407864998739,16.278820596099706,16.15549442140351,8.48528137423857,10.44030650891055,21.095023109728988,18.24828759089466,14.560219778561036,15.524174696260024,24.413111231467404,24.041630560342615,24.839484696748443,26.40075756488817,22.825424421026653,16.278820596099706,23.345235059857504,23.021728866442675,25.709920264364882,27.202941017470888,18.027756377319946,18.027756377319946,17.08800749063506,21.095023109728988,7.0,12.041594578792296
96.33794683301072,10.0,5.0990195135927845,4.123105625617661,13.416407864998739,13.601470508735444,7.810249675906654,8.602325267042627,21.213203435596427,12.806248474865697,8.94427190999916,29.68164415931166,18.439088914585774,21.213203435596427,29.5296461204668,21.470910553583888,29.698484809834994,18.384776310850235,23.600847442411894,26.248809496813376,20.591260281974,14.422205101855956,28.653097563788805,16.15549442140351,21.02379604162864,11.40175425099138,14.7648230602334,0.0,0.0,0.0,0.0,0.0,0.0,0.0,0.0,0.0,0.0,0.0,13.152946437965905,5.656854249492381,7.211102550927978,15.132745950421556,15.231546211727817,10.816653826391969,15.556349186104045,10.198039027185569,21.02379604162864,18.384776310850235,18.788294228055936,15.132745950421556,29.410882339705484,20.808652046684813,21.95449840010015,37.44329045369811,16.55294535724685,20.615528128088304,23.345235059857504,23.345235059857504,22.627416997969522,18.601075237738275,18.867962264113206,16.64331697709324,18.439088914585774,17.204650534085253
103.09219175087898,9.0,13.45362404707371,14.0,15.132745950421556,21.02379604162864,9.486832980505138,26.419689627245813,22.67156809750927,26.92582403567252,27.202941017470888,22.02271554554524,22.847319317591726,29.410882339705484,28.178005607210743,23.769728648009426,30.23243291566195,26.076809620810597,26.90724809414742,29.068883707497267,29.68164415931166,23.08679276123039,23.853720883753127,23.853720883753127,16.97056274847714,12.36931687685298,17.11724276862369,0.0,0.0,0.0,0.0,0.0,0.0,0.0,0.0,0.0,0.0,0.0,3.1622776601683795,8.48528137423857,12.36931687685298,19.235384061671343,15.0,17.11724276862369,21.37755832643195,17.11724276862369,25.495097567963924,27.80287754891569,18.788294228055936,19.4164878389476,15.264337522473747,21.02379604162864,25.632011235952593,29.154759474226502,28.861739379323623,28.861739379323623,23.853720883753127,27.202941017470888,13.892443989449804,17.46424919657298,26.40075756488817,21.0,10.63014581273465,9.055385138137417
133.8992158304148,7.0,13.0,11.40175425099138,16.0312195418814,1.0,17.029386365926403,16.1245154965971,8.246211251235321,13.341664064126334,26.476404589747453,18.027756377319946,18.110770276274835,20.396078054371138,35.22782990761707,21.095023109728988,25.179356624028344,29.0,20.0,22.47220505424423,21.0,27.313000567495326,20.12461179749811,16.278820596099706,11.661903789690601,17.69180601295413,12.083045973594572,0.0,0.0,0.0,0.0,0.0,0.0,0.0,0.0,0.0,0.0,0.0,14.317821063276353,13.601470508735444,17.204650534085253,14.212670403551895,10.295630140987,15.231546211727817,8.06225774829855,11.180339887498949,19.1049731745428,19.4164878389476,13.92838827718412,23.53720459187964,13.038404810405298,24.166091947189145,19.924858845171276,20.518284528683193,23.345235059857504,23.021728866442675,18.867962264113206,27.892651361962706,20.808652046684813,18.027756377319946,21.213203435596427,17.08800749063506,10.295630140987,7.211102550927978
112.14722466472365,9.0,12.206555615733702,7.0,16.0312195418814,15.811388300841896,16.55294535724685,18.0,19.235384061671343,20.8806130178211,16.15549442140351,19.026297590440446,31.016124838541646,24.73863375370596,29.017236257093817,27.073972741361768,24.515301344262525,29.154759474226502,29.154759474226502,17.029386365926403,25.0,21.633307652783937,18.681541692269406,18.027756377319946,18.027756377319946,16.1245154965971,10.816653826391969,0.0,0.0,0.0,0.0,0.0,0.0,0.0,0.0,0.0,0.0,0.0,15.524174696260024,15.264337522473747,12.041594578792296,12.083045973594572,10.44030650891055,20.615528128088304,15.297058540778355,17.804493814764857,20.808652046684813,18.384776310850235,15.556349186104045,18.027756377319946,21.633307652783937,24.698178070456937,27.313000567495326,31.38470965295043,25.45584412271571,23.706539182259394,20.024984394500787,18.24828759089466,15.811388300841896,24.186773244895647,18.027756377319946,14.560219778561036,22.0,16.492422502470642
103.09219175087898,6.0,11.704699910719626,12.083045973594572,17.08800749063506,11.40175425099138,13.038404810405298,12.165525060596439,14.866068747318506,20.12461179749811,31.240998703626616,16.15549442140351,24.596747752497688,27.018512172212592,29.966648127543394,20.396078054371138,25.709920264364882,21.93171219946131,18.384776310850235,23.769728648009426,18.24828759089466,21.02379604162864,20.396078054371138,18.24828759089466,13.0,12.041594578792296,8.602325267042627,0.0,0.0,0.0,0.0,0.0,0.0,0.0,0.0,0.0,0.0,0.0,12.206555615733702,12.206555615733702,7.615773105863909,10.04987562112089,14.142135623730951,11.180339887498949,20.12461179749811,13.892443989449804,12.727922061357855,19.72308292331602,21.213203435596427,11.0,10.816653826391969,13.0,27.16615541441225,15.0,24.020824298928627,21.0,16.1245154965971,23.021728866442675,26.476404589747453,17.88854381999832,20.396078054371138,16.0312195418814,9.0,4.123105625617661
134.80726983364065,41.0,19.1049731745428,9.899494936611665,8.06225774829855,8.602325267042627,16.55294535724685,15.0,17.0,23.430749027719962,20.248456731316587,24.698178070456937,27.459060435491963,28.0178514522438,33.54101966249684,24.758836806279895,34.66987164671943,29.206163733020468,26.40075756488817,22.47220505424423,21.587033144922902,18.384776310850235,17.204650534085253,21.540659228538015,18.439088914585774,16.15549442140351,7.0,0.0,0.0,0.0,0.0,0.0,0.0,0.0,0.0,0.0,0.0,0.0,12.206555615733702,15.524174696260024,15.0,13.152946437965905,9.433981132056603,18.384776310850235,18.681541692269406,12.529964086141668,16.97056274847714,19.209372712298546,33.24154027718932,19.313207915827967,26.92582403567252,13.0,24.331050121192877,25.079872407968907,20.09975124224178,22.360679774997898,22.0,19.313207915827967,16.97056274847714,10.44030650891055,8.602325267042627,18.027756377319946,14.035668847618199,20.8806130178211
89.69392398596462,36.0,8.94427190999916,14.142135623730951,12.0,24.0,18.027756377319946,18.0,20.024984394500787,23.021728866442675,25.179356624028344,17.0,16.76305461424021,17.11724276862369,25.0,24.08318915758459,25.0,28.071337695236398,22.561028345356956,27.51363298439521,20.09975124224178,17.72004514666935,18.027756377319946,13.0,21.470910553583888,17.69180601295413,12.041594578792296,0.0,0.0,0.0,0.0,0.0,0.0,0.0,0.0,0.0,0.0,0.0,7.280109889280518,9.486832980505138,6.4031242374328485,14.142135623730951,15.524174696260024,12.806248474865697,15.0,17.0,15.0,16.0,16.55294535724685,14.317821063276353,20.615528128088304,21.2602916254693,24.758836806279895,25.495097567963924,17.88854381999832,18.681541692269406,25.632011235952593,19.697715603592208,20.8806130178211,25.079872407968907,18.027756377319946,20.024984394500787,15.811388300841896,9.848857801796104
98.65596788841515,38.0,2.0,18.027756377319946,11.180339887498949,16.278820596099706,17.69180601295413,16.15549442140351,23.53720459187964,12.529964086141668,18.027756377319946,25.495097567963924,21.840329667841555,30.805843601498726,22.135943621178654,25.495097567963924,22.135943621178654,24.166091947189145,26.68332812825267,33.1058907144937,19.1049731745428,16.1245154965971,18.24828759089466,17.11724276862369,11.180339887498949,11.40175425099138,12.206555615733702,0.0,0.0,0.0,0.0,0.0,0.0,0.0,0.0,0.0,0.0,0.0,12.165525060596439,7.0710678118654755,13.341664064126334,7.0,21.02379604162864,25.96150997149434,22.561028345356956,12.806248474865697,21.095023109728988,20.0,6.0,12.041594578792296,25.632011235952593,18.0,21.840329667841555,24.08318915758459,27.294688127912362,27.459060435491963,20.396078054371138,32.984845004941285,22.561028345356956,16.76305461424021,23.021728866442675,18.601075237738275,20.12461179749811,10.63014581273465
47.80167361086848,32.0,12.041594578792296,12.041594578792296,7.0710678118654755,23.769728648009426,17.08800749063506,18.439088914585774,12.041594578792296,20.808652046684813,27.730849247724095,24.331050121192877,19.6468827043885,22.090722034374522,33.83784863137726,16.0312195418814,26.419689627245813,14.866068747318506,29.410882339705484,22.47220505424423,19.209372712298546,14.560219778561036,14.866068747318506,14.866068747318506,17.26267650163207,13.601470508735444,6.082762530298219,0.0,0.0,0.0,0.0,0.0,0.0,0.0,0.0,0.0,0.0,0.0,7.0710678118654755,7.810249675906654,8.06225774829855,2.23606797749979,15.132745950421556,4.47213595499958,5.830951894845301,12.727922061357855,7.615773105863909,10.44030650891055,21.840329667841555,21.93171219946131,19.1049731745428,24.758836806279895,6.4031242374328485,21.213203435596427,21.095023109728988,12.727922061357855,14.317821063276353,8.54400374531753,22.47220505424423,14.7648230602334,12.806248474865697,17.69180601295413,18.027756377319946,9.486832980505138
37.589892258425,34.0,5.0,4.123105625617661,11.40175425099138,16.401219466856727,9.486832980505138,20.591260281974,19.4164878389476,22.67156809750927,21.93171219946131,19.313207915827967,34.88552708502482,21.2602916254693,23.345235059857504,22.20360331117452,25.495097567963924,22.02271554554524,25.709920264364882,26.019223662515376,18.110770276274835,25.495097567963924,14.317821063276353,22.360679774997898,15.297058540778355,21.2602916254693,21.37755832643195,0.0,0.0,0.0,0.0,0.0,0.0,0.0,0.0,0.0,0.0,0.0,15.0,3.1622776601683795,9.899494936611665,10.770329614269007,16.0312195418814,12.36931687685298,13.892443989449804,24.331050121192877,18.439088914585774,7.810249675906654,16.1245154965971,23.853720883753127,30.886890422961002,20.12461179749811,12.36931687685298,23.021728866442675,23.430749027719962,12.041594578792296,21.400934559032695,26.1725046566048,26.248809496813376,22.47220505424423,22.20360331117452,14.317821063276353,10.63014581273465,8.246211251235321
73.348483283569,11.0,69.3757882838098,67.7421582177598,56.43580423808985,58.52349955359813,59.033888572581766,77.10382610480494,53.16013544000805,68.96375859826666,52.61178575186362,52.46903848937962,51.19570294468082,36.05551275463989,40.792156108742276,18.027756377319946,13.92838827718412,4.123105625617661,7.0,3.605551275463989,10.198039027185569,20.248456731316587,19.313207915827967,32.31098884280702,28.861739379323623,42.05948168962618,44.64302857109943,0.0,0.0,0.0,0.0,0.0,0.0,0.0,0.0,0.0,0.0,0.0,62.42595614005443,57.688820407423826,62.433965115151864,59.81638571495272,55.036351623268054,59.36328831862332,54.378304497290095,53.2634959423431,51.31276644267,43.93176527297759,34.40930106817051,26.40075756488817,23.769728648009426,6.708203932499369,10.198039027185569,20.808652046684813,13.601470508735444,17.08800749063506,24.73863375370596,25.96150997149434,18.35755975068582,38.47076812334269,45.617978911828175,45.31004303683677,44.64302857109943,48.093658625644196
103.09219175087898,9.0,28.635642126552707,35.6931365951495,30.066592756745816,39.01281840626232,29.274562336608895,29.546573405388315,35.22782990761707,27.018512172212592,33.24154027718932,30.886890422961002,21.587033144922902,28.653097563788805,20.248456731316587,19.0,7.211102550927978,9.055385138137417,8.06225774829855,12.206555615733702,11.0,18.027756377319946,10.0,15.524174696260024,23.600847442411894,24.20743687382041,23.323807579381203,0.0,0.0,0.0,0.0,0.0,0.0,0.0,0.0,0.0,0.0,0.0,32.28002478313795,27.459060435491963,33.54101966249684,31.575306807693888,33.06055050963308,28.30194339616981,33.24154027718932,24.020824298928627,14.317821063276353,20.8806130178211,24.515301344262525,22.20360331117452,7.211102550927978,17.029386365926403,16.401219466856727,10.63014581273465,2.0,11.661903789690601,15.652475842498529,19.6468827043885,17.204650534085253,21.633307652783937,21.095023109728988,18.384776310850235,17.88854381999832,27.784887978899608
139.54210834009928,7.0,11.180339887498949,8.94427190999916,14.035668847618199,15.652475842498529,20.518284528683193,15.132745950421556,17.46424919657298,19.235384061671343,28.071337695236398,23.323807579381203,26.68332812825267,28.231188426986208,22.561028345356956,26.1725046566048,29.5296461204668,28.442925306655784,25.0,30.083217912982647,24.020824298928627,21.213203435596427,17.11724276862369,20.248456731316587,10.44030650891055,15.556349186104045,13.45362404707371,0.0,0.0,0.0,0.0,0.0,0.0,0.0,0.0,0.0,0.0,0.0,11.180339887498949,12.529964086141668,11.661903789690601,12.649110640673518,9.055385138137417,7.0710678118654755,15.297058540778355,12.529964086141668,15.524174696260024,20.518284528683193,22.627416997969522,20.248456731316587,24.166091947189145,20.12461179749811,21.095023109728988,24.73863375370596,25.317977802344327,25.495097567963924,22.360679774997898,21.587033144922902,24.186773244895647,25.96150997149434,17.26267650163207,20.396078054371138,23.0,13.45362404707371
139.08630414242805,23.0,17.88854381999832,21.2602916254693,10.44030650891055,15.264337522473747,21.470910553583888,14.317821063276353,21.95449840010015,20.518284528683193,26.40075756488817,27.65863337187866,18.973665961010276,26.419689627245813,23.345235059857504,25.079872407968907,23.021728866442675,25.80697580112788,18.788294228055936,25.45584412271571,19.209372712298546,12.041594578792296,25.632011235952593,19.4164878389476,13.0,16.1245154965971,12.083045973594572,0.0,0.0,0.0,0.0,0.0,0.0,0.0,0.0,0.0,0.0,0.0,13.341664064126334,10.0,14.0,7.211102550927978,13.038404810405298,5.0,9.433981132056603,25.079872407968907,20.223748416156685,16.0,17.029386365926403,24.186773244895647,26.0,23.769728648009426,22.825424421026653,23.08679276123039,23.259406699226016,20.615528128088304,18.788294228055936,22.627416997969522,34.828149534535996,20.0,16.64331697709324,15.620499351813308,25.0,21.02379604162864
103.09219175087898,9.0,5.0,11.40175425099138,11.704699910719626,12.083045973594572,21.400934559032695,23.706539182259394,11.40175425099138,24.08318915758459,16.64331697709324,32.449961479175904,28.319604517012593,30.4138126514911,28.844410203711913,28.319604517012593,22.67156809750927,24.758836806279895,30.805843601498726,30.083217912982647,27.202941017470888,21.18962010041709,18.384776310850235,16.15549442140351,12.041594578792296,9.486832980505138,12.041594578792296,0.0,0.0,0.0,0.0,0.0,0.0,0.0,0.0,0.0,0.0,0.0,12.165525060596439,8.246211251235321,13.601470508735444,18.973665961010276,13.45362404707371,22.20360331117452,18.788294228055936,22.20360331117452,17.029386365926403,13.601470508735444,26.419689627245813,19.697715603592208,25.96150997149434,22.02271554554524,10.770329614269007,20.0,30.0,24.698178070456937,19.235384061671343,23.40939982143925,15.524174696260024,9.219544457292887,31.240998703626616,15.652475842498529,22.02271554554524,13.45362404707371
96.51942809610924,15.0,18.867962264113206,22.20360331117452,13.038404810405298,9.055385138137417,23.194827009486403,12.36931687685298,10.44030650891055,18.027756377319946,15.297058540778355,23.0,24.73863375370596,24.0,30.066592756745816,27.202941017470888,29.0,28.160255680657446,19.1049731745428,22.20360331117452,28.0,18.35755975068582,9.486832980505138,13.038404810405298,18.384776310850235,13.038404810405298,12.083045973594572,0.0,0.0,0.0,0.0,0.0,0.0,0.0,0.0,0.0,0.0,0.0,12.529964086141668,12.529964086141668,11.40175425099138,4.0,15.811388300841896,19.026297590440446,15.652475842498529,18.601075237738275,15.811388300841896,22.02271554554524,26.627053911388696,20.248456731316587,18.384776310850235,26.40075756488817,23.853720883753127,25.709920264364882,20.09975124224178,27.730849247724095,27.073972741361768,13.038404810405298,18.027756377319946,18.027756377319946,16.278820596099706,12.649110640673518,15.620499351813308,14.317821063276353
103.09219175087898,6.0,9.055385138137417,16.401219466856727,9.848857801796104,10.816653826391969,16.15549442140351,15.132745950421556,19.026297590440446,22.02271554554524,18.788294228055936,31.25699921617557,21.213203435596427,21.213203435596427,23.021728866442675,13.601470508735444,24.08318915758459,23.853720883753127,23.021728866442675,22.20360331117452,24.351591323771842,23.769728648009426,16.64331697709324,14.866068747318506,13.601470508735444,15.811388300841896,12.206555615733702,0.0,0.0,0.0,0.0,0.0,0.0,0.0,0.0,0.0,0.0,0.0,8.94427190999916,9.433981132056603,13.0,10.198039027185569,17.4928556845359,12.36931687685298,10.816653826391969,15.231546211727817,18.027756377319946,23.08679276123039,19.697715603592208,20.248456731316587,22.80350850198276,17.029386365926403,19.0,20.223748416156685,21.02379604162864,20.024984394500787,28.442925306655784,23.08679276123039,17.26267650163207,22.20360331117452,20.0,21.02379604162864,11.045361017187261,14.035668847618199
99.29753269845128,5.0,18.027756377319946,20.0,26.076809620810597,25.495097567963924,33.015148038438355,32.7566787083184,34.655446902326915,30.4138126514911,32.64965543462902,29.732137494637012,25.612496949731394,23.323807579381203,22.47220505424423,15.231546211727817,6.708203932499369,9.055385138137417,5.385164807134504,5.0990195135927845,13.038404810405298,13.892443989449804,20.396078054371138,20.8806130178211,22.561028345356956,28.460498941515414,32.01562118716424,0.0,0.0,0.0,0.0,0.0,0.0,0.0,0.0,0.0,0.0,0.0,33.12099032335839,29.154759474226502,28.844410203711913,29.154759474226502,34.132096331752024,27.65863337187866,26.248809496813376,27.65863337187866,22.67156809750927,25.553864678361276,27.202941017470888,23.706539182259394,25.495097567963924,24.351591323771842,19.6468827043885,20.591260281974,18.35755975068582,20.248456731316587,11.180339887498949,13.038404810405298,7.211102550927978,7.810249675906654,6.082762530298219,3.1622776601683795,8.602325267042627,11.180339887498949
99.29753269845128,5.0,17.204650534085253,20.518284528683193,27.459060435491963,28.653097563788805,28.600699292150182,34.20526275297414,32.7566787083184,31.78049716414141,30.083217912982647,29.154759474226502,25.96150997149434,21.02379604162864,18.681541692269406,16.0312195418814,11.180339887498949,5.0,2.0,7.810249675906654,10.44030650891055,18.027756377319946,22.47220505424423,22.80350850198276,21.37755832643195,31.575306807693888,33.54101966249684,0.0,0.0,0.0,0.0,0.0,0.0,0.0,0.0,0.0,0.0,0.0,35.34119409414458,28.653097563788805,30.463092423455635,30.083217912982647,27.51363298439521,25.709920264364882,28.442925306655784,28.284271247461902,29.154759474226502,22.0,22.20360331117452,25.019992006393608,20.248456731316587,22.47220505424423,27.313000567495326,20.396078054371138,18.439088914585774,19.4164878389476,13.341664064126334,12.041594578792296,6.4031242374328485,6.708203932499369,2.23606797749979,7.280109889280518,5.0990195135927845,8.94427190999916
128.0,8.0,17.72004514666935,21.095023109728988,25.019992006393608,31.78049716414141,24.698178070456937,28.635642126552707,29.120439557122072,28.653097563788805,29.546573405388315,25.80697580112788,20.591260281974,26.870057685088806,24.698178070456937,9.848857801796104,10.816653826391969,10.04987562112089,3.605551275463989,6.4031242374328485,12.206555615733702,19.79898987322333,23.600847442411894,23.345235059857504,24.186773244895647,29.5296461204668,29.154759474226502,0.0,0.0,0.0,0.0,0.0,0.0,0.0,0.0,0.0,0.0,0.0,30.23243291566195,26.40075756488817,27.85677655436824,30.463092423455635,26.0,27.784887978899608,25.0,28.231188426986208,26.076809620810597,23.769728648009426,26.0,23.08679276123039,23.769728648009426,25.079872407968907,18.110770276274835,18.110770276274835,17.11724276862369,12.165525060596439,7.615773105863909,15.231546211727817,13.601470508735444,7.0710678118654755,6.082762530298219,1.4142135623730951,2.23606797749979,10.0
139.54210834009928,7.0,23.769728648009426,26.92582403567252,28.460498941515414,30.805843601498726,34.0147027033899,39.20459156782532,38.3275357934736,33.0,32.55764119219941,32.2490309931942,33.54101966249684,31.25699921617557,21.37755832643195,17.46424919657298,16.97056274847714,3.1622776601683795,1.0,6.708203932499369,10.198039027185569,17.029386365926403,17.4928556845359,26.92582403567252,27.202941017470888,32.2490309931942,33.015148038438355,0.0,0.0,0.0,0.0,0.0,0.0,0.0,0.0,0.0,0.0,0.0,33.28663395418648,32.7566787083184,37.57658845611187,35.34119409414458,30.083217912982647,34.48187929913333,34.713109915419565,34.713109915419565,23.194827009486403,25.019992006393608,23.021728866442675,30.265491900843113,22.090722034374522,27.018512172212592,19.026297590440446,22.02271554554524,17.46424919657298,23.769728648009426,16.0,14.212670403551895,10.816653826391969,11.045361017187261,5.0,8.246211251235321,10.04987562112089,11.704699910719626
164.92422502470643,6.0,19.924858845171276,19.6468827043885,18.24828759089466,17.46424919657298,28.792360097775937,32.7566787083184,30.01666203960727,28.635642126552707,24.186773244895647,26.40075756488817,25.238858928247925,19.1049731745428,17.69180601295413,22.67156809750927,17.204650534085253,7.0710678118654755,1.4142135623730951,7.0710678118654755,12.041594578792296,17.69180601295413,23.706539182259394,25.612496949731394,26.1725046566048,26.076809620810597,25.80697580112788,0.0,0.0,0.0,0.0,0.0,0.0,0.0,0.0,0.0,0.0,0.0,30.886890422961002,28.635642126552707,36.124783736376884,26.92582403567252,28.42534080710379,32.64965543462902,29.732137494637012,28.844410203711913,23.021728866442675,28.600699292150182,24.351591323771842,19.313207915827967,26.570660511172846,23.40939982143925,23.08679276123039,16.15549442140351,14.317821063276353,13.038404810405298,12.083045973594572,10.816653826391969,5.0,11.045361017187261,1.4142135623730951,4.47213595499958,8.06225774829855,7.810249675906654
139.08630414242805,23.0,12.041594578792296,20.615528128088304,22.02271554554524,23.853720883753127,28.284271247461902,24.698178070456937,31.11269837220809,29.732137494637012,29.0,15.556349186104045,21.93171219946131,21.400934559032695,15.811388300841896,15.524174696260024,15.811388300841896,2.23606797749979,2.8284271247461903,5.830951894845301,10.295630140987,14.866068747318506,21.95449840010015,15.264337522473747,22.360679774997898,23.706539182259394,24.166091947189145,0.0,0.0,0.0,0.0,0.0,0.0,0.0,0.0,0.0,0.0,0.0,29.274562336608895,32.2490309931942,22.135943621178654,30.675723300355934,29.966648127543394,22.80350850198276,24.166091947189145,26.0,23.08679276123039,22.47220505424423,24.20743687382041,20.0,20.248456731316587,22.67156809750927,20.12461179749811,14.142135623730951,17.69180601295413,17.029386365926403,7.280109889280518,7.0710678118654755,10.04987562112089,7.0710678118654755,6.4031242374328485,4.47213595499958,4.242640687119285,6.708203932499369
103.09219175087898,9.0,18.24828759089466,19.0,22.20360331117452,28.635642126552707,29.154759474226502,28.0178514522438,28.861739379323623,33.54101966249684,28.460498941515414,27.202941017470888,25.632011235952593,21.540659228538015,16.55294535724685,14.142135623730951,10.816653826391969,8.602325267042627,4.47213595499958,10.816653826391969,11.313708498984761,14.317821063276353,17.204650534085253,22.02271554554524,26.1725046566048,29.698484809834994,29.206163733020468,0.0,0.0,0.0,0.0,0.0,0.0,0.0,0.0,0.0,0.0,0.0,31.144823004794873,31.622776601683793,31.144823004794873,25.80697580112788,27.202941017470888,28.231188426986208,28.0178514522438,26.0,20.615528128088304,26.832815729997478,23.769728648009426,21.213203435596427,23.345235059857504,25.079872407968907,17.26267650163207,19.6468827043885,19.4164878389476,21.213203435596427,12.165525060596439,11.40175425099138,6.708203932499369,3.605551275463989,6.0,8.94427190999916,6.324555320336759,6.708203932499369
96.51942809610924,15.0,18.384776310850235,19.235384061671343,26.248809496813376,28.792360097775937,27.459060435491963,27.80287754891569,30.0,32.2490309931942,31.064449134018133,24.839484696748443,24.758836806279895,22.67156809750927,19.849433241279208,18.35755975068582,14.7648230602334,6.4031242374328485,2.23606797749979,9.219544457292887,10.295630140987,15.0,18.867962264113206,21.02379604162864,20.248456731316587,26.419689627245813,31.016124838541646,0.0,0.0,0.0,0.0,0.0,0.0,0.0,0.0,0.0,0.0,0.0,34.655446902326915,30.479501308256342,34.058772731852805,31.400636936215164,29.068883707497267,29.410882339705484,28.600699292150182,27.784887978899608,26.419689627245813,26.92582403567252,28.635642126552707,25.709920264364882,24.041630560342615,19.6468827043885,16.278820596099706,20.8806130178211,20.223748416156685,16.0,13.601470508735444,12.0,12.529964086141668,13.038404810405298,8.54400374531753,9.899494936611665,4.242640687119285,4.47213595499958
128.0,8.0,17.0,19.235384061671343,18.439088914585774,16.76305461424021,21.095023109728988,21.400934559032695,12.649110640673518,27.16615541441225,15.811388300841896,21.95449840010015,15.811388300841896,22.135943621178654,25.709920264364882,22.02271554554524,27.294688127912362,21.587033144922902,17.26267650163207,18.110770276274835,19.0,17.08800749063506,20.248456731316587,14.7648230602334,9.899494936611665,13.038404810405298,11.40175425099138,0.0,0.0,0.0,0.0,0.0,0.0,0.0,0.0,0.0,0.0,0.0,7.211102550927978,9.848857801796104,17.4928556845359,13.038404810405298,8.246211251235321,11.313708498984761,17.0,19.849433241279208,8.06225774829855,13.416407864998739,15.652475842498529,18.681541692269406,24.08318915758459,19.235384061671343,20.09975124224178,23.0,28.0178514522438,28.635642126552707,22.20360331117452,23.769728648009426,21.095023109728988,12.041594578792296,14.212670403551895,18.384776310850235,19.6468827043885,16.278820596099706
103.09219175087898,9.0,14.142135623730951,11.661903789690601,21.02379604162864,12.083045973594572,13.152946437965905,23.08679276123039,21.633307652783937,24.08318915758459,19.924858845171276,16.0312195418814,24.186773244895647,21.02379604162864,17.46424919657298,23.769728648009426,18.24828759089466,26.076809620810597,25.495097567963924,13.341664064126334,17.4928556845359,22.02271554554524,15.620499351813308,15.0,17.69180601295413,11.045361017187261,9.848857801796104,0.0,0.0,0.0,0.0,0.0,0.0,0.0,0.0,0.0,0.0,0.0,12.529964086141668,9.219544457292887,8.94427190999916,9.219544457292887,8.246211251235321,17.46424919657298,9.899494936611665,19.72308292331602,21.400934559032695,10.295630140987,28.160255680657446,21.18962010041709,17.69180601295413,32.984845004941285,25.709920264364882,38.27531841800928,15.132745950421556,19.1049731745428,29.732137494637012,24.331050121192877,18.24828759089466,33.24154027718932,12.36931687685298,16.55294535724685,10.295630140987,10.0
103.09219175087898,9.0,16.278820596099706,5.385164807134504,13.92838827718412,19.849433241279208,21.095023109728988,22.20360331117452,24.351591323771842,21.18962010041709,17.26267650163207,23.853720883753127,28.635642126552707,19.235384061671343,25.298221281347036,22.360679774997898,25.80697580112788,28.319604517012593,18.027756377319946,17.804493814764857,12.206555615733702,22.847319317591726,10.04987562112089,8.06225774829855,24.0,7.0,11.0,0.0,0.0,0.0,0.0,0.0,0.0,0.0,0.0,0.0,0.0,0.0,10.770329614269007,11.661903789690601,8.54400374531753,16.0312195418814,11.180339887498949,16.278820596099706,7.0,19.4164878389476,14.142135623730951,15.297058540778355,17.029386365926403,23.53720459187964,30.4138126514911,19.313207915827967,26.40075756488817,31.064449134018133,28.319604517012593,15.264337522473747,26.1725046566048,14.866068747318506,18.439088914585774,15.524174696260024,16.401219466856727,16.278820596099706,9.899494936611665,6.082762530298219
128.0,8.0,4.0,18.973665961010276,6.082762530298219,9.486832980505138,15.524174696260024,16.76305461424021,10.44030650891055,24.08318915758459,12.165525060596439,19.72308292331602,21.02379604162864,24.0,19.4164878389476,27.073972741361768,29.017236257093817,23.769728648009426,22.20360331117452,16.278820596099706,22.090722034374522,23.08679276123039,17.029386365926403,13.416407864998739,10.63014581273465,11.40175425099138,11.045361017187261,0.0,0.0,0.0,0.0,0.0,0.0,0.0,0.0,0.0,0.0,0.0,10.44030650891055,8.06225774829855,13.0,10.816653826391969,18.867962264113206,13.45362404707371,14.560219778561036,13.416407864998739,12.806248474865697,18.439088914585774,16.76305461424021,22.360679774997898,15.620499351813308,23.0,24.186773244895647,20.396078054371138,15.033296378372908,19.026297590440446,18.027756377319946,23.345235059857504,20.248456731316587,15.0,10.198039027185569,19.0,13.152946437965905,4.0
103.09219175087898,9.0,18.601075237738275,22.135943621178654,13.601470508735444,28.231188426986208,21.095023109728988,30.083217912982647,30.675723300355934,32.14031735997639,25.709920264364882,18.681541692269406,23.345235059857504,20.024984394500787,17.26267650163207,16.76305461424021,10.295630140987,4.123105625617661,5.830951894845301,9.899494936611665,13.601470508735444,15.524174696260024,22.090722034374522,26.476404589747453,28.635642126552707,29.154759474226502,33.13608305156178,0.0,0.0,0.0,0.0,0.0,0.0,0.0,0.0,0.0,0.0,0.0,32.0624390837628,29.154759474226502,28.160255680657446,25.0,29.068883707497267,28.600699292150182,29.206163733020468,25.495097567963924,24.839484696748443,29.206163733020468,30.886890422961002,32.01562118716424,32.202484376209235,29.068883707497267,33.015148038438355,25.495097567963924,19.4164878389476,28.844410203711913,12.165525060596439,8.54400374531753,13.0,3.0,9.486832980505138,3.0,4.123105625617661,2.8284271247461903
103.09219175087898,9.0,12.649110640673518,30.01666203960727,29.0,29.120439557122072,21.400934559032695,49.36598018878993,38.27531841800928,41.10960958218893,43.382023926967726,27.65863337187866,32.64965543462902,25.80697580112788,32.57299494980466,24.698178070456937,18.110770276274835,8.246211251235321,7.0710678118654755,17.11724276862369,18.973665961010276,28.792360097775937,34.828149534535996,41.048751503547585,38.897300677553446,47.4236228055175,44.82186966202994,0.0,0.0,0.0,0.0,0.0,0.0,0.0,0.0,0.0,0.0,0.0,41.23105625617661,41.43669871020132,36.124783736376884,39.05124837953327,40.19950248448356,45.70557952810576,42.579337712087536,48.104053883222775,43.56604182158393,44.41846462902562,43.657759905886145,54.644304369257,42.44997055358225,47.80167361086848,42.190046219457976,46.010868281309364,29.0,32.28002478313795,32.202484376209235,30.805843601498726,11.704699910719626,13.038404810405298,10.04987562112089,12.727922061357855,18.027756377319946,9.899494936611665
128.0,8.0,13.038404810405298,13.45362404707371,17.26267650163207,18.439088914585774,17.0,21.840329667841555,20.223748416156685,23.345235059857504,23.40939982143925,12.206555615733702,17.0,24.758836806279895,18.027756377319946,15.231546211727817,9.486832980505138,8.602325267042627,3.1622776601683795,7.0710678118654755,9.899494936611665,7.615773105863909,15.0,24.020824298928627,21.213203435596427,18.601075237738275,16.0312195418814,0.0,0.0,0.0,0.0,0.0,0.0,0.0,0.0,0.0,0.0,0.0,18.439088914585774,21.18962010041709,23.40939982143925,20.8806130178211,20.248456731316587,10.63014581273465,11.313708498984761,18.601075237738275,15.652475842498529,27.018512172212592,22.47220505424423,25.80697580112788,25.238858928247925,36.40054944640259,12.206555615733702,18.027756377319946,15.0,19.313207915827967,16.97056274847714,20.0,6.082762530298219,8.48528137423857,13.038404810405298,2.0,1.4142135623730951,11.661903789690601
103.09219175087898,9.0,9.486832980505138,12.041594578792296,12.083045973594572,14.866068747318506,14.212670403551895,24.08318915758459,18.601075237738275,20.808652046684813,20.615528128088304,17.11724276862369,14.317821063276353,22.561028345356956,19.026297590440446,17.029386365926403,16.0312195418814,6.4031242374328485,6.708203932499369,5.0,10.04987562112089,13.0,13.45362404707371,16.64331697709324,21.93171219946131,24.413111231467404,24.166091947189145,0.0,0.0,0.0,0.0,0.0,0.0,0.0,0.0,0.0,0.0,0.0,31.78049716414141,28.30194339616981,24.698178070456937,28.600699292150182,24.839484696748443,27.459060435491963,30.463092423455635,28.792360097775937,29.068883707497267,29.274562336608895,31.016124838541646,30.265491900843113,34.0147027033899,29.017236257093817,27.018512172212592,26.076809620810597,23.345235059857504,17.26267650163207,21.37755832643195,15.132745950421556,4.123105625617661,3.605551275463989,6.708203932499369,8.06225774829855,3.1622776601683795,4.0
133.8992158304148,7.0,14.142135623730951,12.727922061357855,12.806248474865697,18.35755975068582,18.384776310850235,23.345235059857504,24.73863375370596,24.186773244895647,26.019223662515376,15.132745950421556,20.8806130178211,20.615528128088304,18.24828759089466,17.46424919657298,14.212670403551895,11.661903789690601,6.708203932499369,8.54400374531753,7.0710678118654755,8.48528137423857,14.317821063276353,13.0,18.110770276274835,18.110770276274835,24.020824298928627,0.0,0.0,0.0,0.0,0.0,0.0,0.0,0.0,0.0,0.0,0.0,26.832815729997478,31.064449134018133,28.600699292150182,24.08318915758459,26.90724809414742,31.400636936215164,28.653097563788805,28.792360097775937,27.51363298439521,26.570660511172846,30.14962686336267,36.49657518178932,27.018512172212592,30.265491900843113,30.066592756745816,24.331050121192877,25.019992006393608,20.09975124224178,15.033296378372908,15.132745950421556,8.06225774829855,9.848857801796104,7.615773105863909,7.211102550927978,6.082762530298219,8.602325267042627
112.14722466472365,9.0,14.866068747318506,14.866068747318506,16.278820596099706,18.110770276274835,19.0,28.071337695236398,22.02271554554524,26.570660511172846,20.12461179749811,19.697715603592208,29.614185789921695,24.166091947189145,19.209372712298546,18.384776310850235,13.0,9.899494936611665,7.280109889280518,6.082762530298219,5.385164807134504,18.973665961010276,21.18962010041709,20.396078054371138,30.364452901377952,29.732137494637012,29.068883707497267,0.0,0.0,0.0,0.0,0.0,0.0,0.0,0.0,0.0,0.0,0.0,30.463092423455635,28.160255680657446,26.476404589747453,31.0,30.4138126514911,30.265491900843113,27.51363298439521,32.89376840679705,28.635642126552707,35.22782990761707,37.8021163428716,31.76476034853718,34.655446902326915,30.479501308256342,30.4138126514911,29.0,24.041630560342615,19.79898987322333,21.93171219946131,16.278820596099706,6.324555320336759,2.8284271247461903,7.0710678118654755,7.0710678118654755,10.0,5.385164807134504
99.29753269845128,5.0,10.295630140987,17.029386365926403,15.264337522473747,18.681541692269406,18.027756377319946,23.769728648009426,24.08318915758459,24.08318915758459,20.396078054371138,24.73863375370596,24.186773244895647,21.540659228538015,20.808652046684813,20.615528128088304,15.811388300841896,11.313708498984761,12.206555615733702,8.54400374531753,6.082762530298219,8.06225774829855,13.416407864998739,16.76305461424021,26.1725046566048,29.427877939124322,24.73863375370596,0.0,0.0,0.0,0.0,0.0,0.0,0.0,0.0,0.0,0.0,0.0,31.32091952673165,34.713109915419565,29.274562336608895,34.23448553724738,30.805843601498726,28.284271247461902,28.635642126552707,32.802438933713454,33.60059523282288,38.18376618407357,30.4138126514911,34.66987164671943,35.4682957019364,32.802438933713454,27.018512172212592,26.419689627245813,27.80287754891569,20.615528128088304,18.35755975068582,15.811388300841896,14.317821063276353,8.94427190999916,7.615773105863909,9.848857801796104,6.4031242374328485,3.605551275463989
103.09219175087898,9.0,16.1245154965971,14.7648230602334,13.341664064126334,15.0,22.0,25.079872407968907,24.515301344262525,22.561028345356956,24.331050121192877,21.840329667841555,21.93171219946131,23.323807579381203,17.69180601295413,18.384776310850235,16.97056274847714,15.620499351813308,10.04987562112089,8.06225774829855,8.06225774829855,8.06225774829855,11.045361017187261,19.4164878389476,19.313207915827967,24.698178070456937,24.351591323771842,0.0,0.0,0.0,0.0,0.0,0.0,0.0,0.0,0.0,0.0,0.0,31.04834939252005,31.78049716414141,31.016124838541646,31.38470965295043,30.0,31.11269837220809,31.906112267087632,31.240998703626616,29.068883707497267,30.675723300355934,34.17601498127012,34.48187929913333,35.4400902933387,29.427877939124322,33.95585369269929,31.575306807693888,25.0,24.698178070456937,17.72004514666935,18.973665961010276,7.810249675906654,9.433981132056603,6.4031242374328485,7.0710678118654755,4.242640687119285,6.4031242374328485
104.65658125507444,10.0,11.704699910719626,13.0,14.866068747318506,18.867962264113206,20.615528128088304,22.80350850198276,26.248809496813376,19.4164878389476,24.698178070456937,29.206163733020468,29.966648127543394,17.26267650163207,19.313207915827967,15.811388300841896,15.297058540778355,9.055385138137417,9.848857801796104,6.708203932499369,4.47213595499958,13.416407864998739,15.652475842498529,20.518284528683193,20.518284528683193,25.0,22.47220505424423,0.0,0.0,0.0,0.0,0.0,0.0,0.0,0.0,0.0,0.0,0.0,33.24154027718932,31.622776601683793,26.40075756488817,30.528675044947494,28.319604517012593,32.802438933713454,22.02271554554524,30.675723300355934,28.160255680657446,31.78049716414141,28.861739379323623,33.24154027718932,34.0,36.0,23.194827009486403,30.675723300355934,30.01666203960727,21.095023109728988,19.6468827043885,16.278820596099706,12.0,12.36931687685298,12.806248474865697,9.486832980505138,9.055385138137417,1.4142135623730951
103.09219175087898,6.0,7.280109889280518,11.704699910719626,11.40175425099138,13.416407864998739,15.0,11.045361017187261,18.027756377319946,24.08318915758459,24.839484696748443,25.298221281347036,18.601075237738275,27.51363298439521,22.561028345356956,26.30589287593181,24.08318915758459,16.76305461424021,26.0,17.11724276862369,14.560219778561036,18.027756377319946,16.1245154965971,9.899494936611665,6.0,15.231546211727817,10.816653826391969,0.0,0.0,0.0,0.0,0.0,0.0,0.0,0.0,0.0,0.0,0.0,15.0,13.038404810405298,9.055385138137417,9.219544457292887,8.246211251235321,13.892443989449804,13.92838827718412,18.439088914585774,10.44030650891055,13.45362404707371,19.026297590440446,17.72004514666935,22.090722034374522,14.142135623730951,19.1049731745428,16.492422502470642,25.079872407968907,23.769728648009426,25.942243542145693,22.02271554554524,16.492422502470642,18.439088914585774,12.206555615733702,19.72308292331602,9.848857801796104,7.810249675906654
103.09219175087898,6.0,16.0312195418814,16.55294535724685,17.26267650163207,13.892443989449804,21.213203435596427,15.524174696260024,19.6468827043885,23.08679276123039,22.360679774997898,26.0,22.847319317591726,29.966648127543394,22.02271554554524,30.01666203960727,27.730849247724095,21.470910553583888,30.364452901377952,15.264337522473747,19.79898987322333,17.0,19.209372712298546,17.26267650163207,10.198039027185569,15.132745950421556,14.035668847618199,0.0,0.0,0.0,0.0,0.0,0.0,0.0,0.0,0.0,0.0,0.0,8.54400374531753,18.384776310850235,13.038404810405298,12.36931687685298,15.0,15.556349186104045,20.12461179749811,20.12461179749811,18.601075237738275,22.360679774997898,11.40175425099138,27.586228448267445,17.804493814764857,14.560219778561036,23.345235059857504,27.313000567495326,20.0,26.419689627245813,14.422205101855956,18.973665961010276,14.142135623730951,15.811388300841896,19.209372712298546,13.341664064126334,8.246211251235321,8.54400374531753
103.09219175087898,6.0,16.278820596099706,21.93171219946131,20.0,11.045361017187261,20.248456731316587,22.20360331117452,18.439088914585774,24.698178070456937,12.083045973594572,23.08679276123039,24.20743687382041,17.11724276862369,21.02379604162864,27.294688127912362,21.0,23.345235059857504,24.331050121192877,19.209372712298546,26.40075756488817,14.7648230602334,22.20360331117452,11.180339887498949,19.235384061671343,11.180339887498949,14.560219778561036,0.0,0.0,0.0,0.0,0.0,0.0,0.0,0.0,0.0,0.0,0.0,13.92838827718412,11.40175425099138,12.041594578792296,12.36931687685298,9.433981132056603,6.324555320336759,11.045361017187261,16.492422502470642,19.6468827043885,28.178005607210743,20.0,21.633307652783937,22.561028345356956,23.08679276123039,14.422205101855956,19.849433241279208,16.1245154965971,14.7648230602334,32.0624390837628,17.88854381999832,21.02379604162864,17.11724276862369,26.92582403567252,20.09975124224178,12.206555615733702,9.433981132056603
125.53883861180172,6.0,13.92838827718412,23.53720459187964,19.849433241279208,5.656854249492381,8.54400374531753,23.08679276123039,16.1245154965971,21.213203435596427,20.396078054371138,26.019223662515376,23.40939982143925,25.632011235952593,34.713109915419565,22.135943621178654,24.351591323771842,16.0,20.248456731316587,24.020824298928627,9.0,25.96150997149434,3.1622776601683795,15.033296378372908,12.165525060596439,18.439088914585774,17.804493814764857,0.0,0.0,0.0,0.0,0.0,0.0,0.0,0.0,0.0,0.0,0.0,10.63014581273465,9.848857801796104,10.295630140987,13.0,15.556349186104045,12.0,11.045361017187261,19.4164878389476,28.0178514522438,9.486832980505138,13.416407864998739,34.40930106817051,18.384776310850235,18.867962264113206,30.01666203960727,26.476404589747453,20.0,29.614185789921695,18.027756377319946,16.76305461424021,17.4928556845359,23.600847442411894,26.92582403567252,10.295630140987,10.0,14.560219778561036
103.09219175087898,6.0,15.620499351813308,18.027756377319946,15.652475842498529,12.649110640673518,23.021728866442675,13.0,15.231546211727817,27.65863337187866,12.083045973594572,16.401219466856727,22.825424421026653,23.40939982143925,18.439088914585774,18.24828759089466,23.53720459187964,28.231188426986208,24.186773244895647,15.132745950421556,27.0,12.649110640673518,21.93171219946131,14.0,19.72308292331602,21.400934559032695,18.027756377319946,0.0,0.0,0.0,0.0,0.0,0.0,0.0,0.0,0.0,0.0,0.0,15.652475842498529,14.142135623730951,13.038404810405298,9.0,7.0710678118654755,15.811388300841896,19.0,11.045361017187261,25.079872407968907,23.40939982143925,19.4164878389476,16.278820596099706,24.758836806279895,34.66987164671943,20.615528128088304,25.495097567963924,15.811388300841896,23.769728648009426,24.73863375370596,21.02379604162864,28.635642126552707,19.1049731745428,26.92582403567252,20.024984394500787,24.041630560342615,23.769728648009426
70.03570517957252,12.0,14.866068747318506,11.180339887498949,8.602325267042627,13.601470508735444,16.278820596099706,19.4164878389476,27.65863337187866,23.259406699226016,16.401219466856727,16.278820596099706,27.202941017470888,17.46424919657298,25.612496949731394,33.54101966249684,31.906112267087632,17.029386365926403,23.259406699226016,24.166091947189145,18.439088914585774,11.704699910719626,16.15549442140351,13.152946437965905,7.0710678118654755,12.206555615733702,8.54400374531753,0.0,0.0,0.0,0.0,0.0,0.0,0.0,0.0,0.0,0.0,0.0,9.219544457292887,11.661903789690601,18.867962264113206,11.313708498984761,17.029386365926403,18.601075237738275,17.26267650163207,13.601470508735444,17.4928556845359,15.231546211727817,16.278820596099706,24.515301344262525,23.08679276123039,27.313000567495326,30.4138126514911,29.427877939124322,30.4138126514911,19.4164878389476,35.22782990761707,21.095023109728988,24.041630560342615,21.400934559032695,11.313708498984761,16.1245154965971,18.973665961010276,17.0
68.00735254367721,17.0,9.219544457292887,11.0,18.973665961010276,16.401219466856727,12.806248474865697,21.2602916254693,12.041594578792296,14.7648230602334,19.235384061671343,17.029386365926403,19.235384061671343,26.570660511172846,22.360679774997898,23.021728866442675,25.298221281347036,26.076809620810597,17.46424919657298,23.021728866442675,16.64331697709324,15.264337522473747,20.808652046684813,13.0,18.110770276274835,9.219544457292887,11.40175425099138,0.0,0.0,0.0,0.0,0.0,0.0,0.0,0.0,0.0,0.0,0.0,9.899494936611665,13.038404810405298,5.830951894845301,13.45362404707371,10.295630140987,16.1245154965971,15.0,17.46424919657298,15.524174696260024,17.26267650163207,20.615528128088304,18.601075237738275,20.09975124224178,24.758836806279895,23.323807579381203,23.345235059857504,25.612496949731394,26.627053911388696,22.02271554554524,20.615528128088304,26.90724809414742,16.278820596099706,15.652475842498529,13.45362404707371,7.0710678118654755,9.219544457292887
125.53883861180172,6.0,18.601075237738275,17.88854381999832,37.12142238654117,24.041630560342615,24.331050121192877,23.08679276123039,32.55764119219941,39.81205847478876,29.427877939124322,38.3275357934736,28.160255680657446,17.46424919657298,19.313207915827967,27.85677655436824,21.95449840010015,8.94427190999916,18.681541692269406,12.727922061357855,26.92582403567252,20.8806130178211,30.066592756745816,18.027756377319946,34.132096331752024,37.05401462729781,39.05124837953327,0.0,0.0,0.0,0.0,0.0,0.0,0.0,0.0,0.0,0.0,0.0,28.160255680657446,28.635642126552707,28.319604517012593,22.67156809750927,20.808652046684813,15.620499351813308,22.360679774997898,27.16615541441225,18.788294228055936,16.1245154965971,26.68332812825267,18.973665961010276,35.014282800023196,29.120439557122072,34.0,24.08318915758459,9.0,25.632011235952593,15.297058540778355,24.186773244895647,3.1622776601683795,12.165525060596439,16.0312195418814,4.47213595499958,8.94427190999916,14.560219778561036
99.29753269845128,5.0,15.264337522473747,27.65863337187866,26.30589287593181,37.0,35.35533905932738,29.154759474226502,28.635642126552707,32.31098884280702,28.635642126552707,26.832815729997478,23.706539182259394,23.323807579381203,20.615528128088304,19.849433241279208,12.083045973594572,7.810249675906654,3.0,9.433981132056603,13.0,13.038404810405298,25.079872407968907,25.019992006393608,28.160255680657446,27.459060435491963,32.31098884280702,0.0,0.0,0.0,0.0,0.0,0.0,0.0,0.0,0.0,0.0,0.0,24.698178070456937,22.47220505424423,25.495097567963924,22.20360331117452,26.1725046566048,20.808652046684813,21.18962010041709,23.345235059857504,25.709920264364882,22.0,21.213203435596427,15.652475842498529,24.413111231467404,22.825424421026653,25.0,25.059928172283335,16.278820596099706,20.0,20.518284528683193,14.7648230602334,8.94427190999916,4.0,6.708203932499369,6.708203932499369,16.278820596099706,1.4142135623730951
96.51942809610924,15.0,22.360679774997898,20.591260281974,17.11724276862369,27.202941017470888,29.832867780352597,31.0,27.018512172212592,26.1725046566048,26.68332812825267,22.0,22.135943621178654,20.024984394500787,19.6468827043885,17.46424919657298,9.219544457292887,8.54400374531753,3.605551275463989,9.055385138137417,13.92838827718412,17.029386365926403,18.0,23.345235059857504,25.079872407968907,26.019223662515376,27.018512172212592,0.0,0.0,0.0,0.0,0.0,0.0,0.0,0.0,0.0,0.0,0.0,24.041630560342615,23.08679276123039,19.4164878389476,20.12461179749811,18.027756377319946,18.439088914585774,22.02271554554524,18.601075237738275,16.55294535724685,11.40175425099138,17.72004514666935,21.02379604162864,18.027756377319946,20.09975124224178,18.027756377319946,18.0,17.26267650163207,19.1049731745428,8.06225774829855,16.15549442140351,7.0,3.605551275463989,7.211102550927978,3.1622776601683795,8.246211251235321,8.0
68.00735254367721,17.0,46.8187996428785,34.655446902326915,36.235341863986875,37.36308338453881,42.15447781671598,62.68173577685928,46.09772228646444,48.010415536631214,38.27531841800928,43.657759905886145,47.75981574503821,42.5440947723653,29.017236257093817,26.0,19.1049731745428,11.180339887498949,12.083045973594572,13.038404810405298,17.204650534085253,28.42534080710379,31.953090617340916,34.0,45.221676218380054,51.42956348249516,52.478567053607705,0.0,0.0,0.0,0.0,0.0,0.0,0.0,0.0,0.0,0.0,0.0,39.6232255123179,40.496913462633174,43.18564576337837,35.38361202590826,37.64306044943742,31.38470965295043,31.304951684997057,26.92582403567252,26.476404589747453,30.066592756745816,34.52535300326414,37.656340767525464,37.69615364994153,39.395431207184416,30.4138126514911,28.653097563788805,17.08800749063506,19.72308292331602,20.0,18.601075237738275,15.620499351813308,18.35755975068582,6.324555320336759,13.601470508735444,9.486832980505138,11.180339887498949
130.0,8.0,27.459060435491963,41.19465984809196,46.69047011971501,43.56604182158393,64.88451279003334,63.324560795950255,43.73785545725808,54.3323108288245,50.039984012787215,41.012193308819754,44.181444068749045,27.0,30.14962686336267,20.591260281974,21.02379604162864,11.313708498984761,14.560219778561036,26.1725046566048,24.413111231467404,29.68164415931166,36.05551275463989,35.34119409414458,42.95346318982906,46.238512086787566,53.71219600798314,0.0,0.0,0.0,0.0,0.0,0.0,0.0,0.0,0.0,0.0,0.0,42.05948168962618,36.124783736376884,42.37924020083418,35.22782990761707,36.345563690772494,39.293765408777,35.34119409414458,34.0147027033899,34.88552708502482,30.083217912982647,29.068883707497267,37.69615364994153,31.76476034853718,28.844410203711913,30.0,27.784887978899608,41.14608122288197,17.46424919657298,12.36931687685298,29.410882339705484,24.186773244895647,4.123105625617661,6.082762530298219,13.341664064126334,13.92838827718412,22.360679774997898
70.03570517957252,12.0,41.6293165929973,31.827660925679098,34.17601498127012,53.81449618829484,54.70831746635972,54.91812087098393,48.84669896727925,60.207972893961475,46.66904755831214,38.58756276314948,37.64306044943742,39.81205847478876,35.0,24.515301344262525,21.37755832643195,15.231546211727817,14.035668847618199,9.055385138137417,19.72308292331602,16.55294535724685,33.015148038438355,36.069377593742864,44.204072210600685,49.64876634922564,50.47771785649585,0.0,0.0,0.0,0.0,0.0,0.0,0.0,0.0,0.0,0.0,0.0,43.01162633521314,45.044422518220834,41.43669871020132,41.0,41.0,38.05259518088089,31.400636936215164,39.45883931389772,37.21558813185679,31.38470965295043,24.698178070456937,18.027756377319946,45.34313619501854,33.61547262794322,26.248809496813376,27.586228448267445,29.154759474226502,19.0,14.317821063276353,13.601470508735444,13.892443989449804,19.697715603592208,11.180339887498949,25.80697580112788,5.385164807134504,27.730849247724095
103.09219175087898,6.0,12.165525060596439,16.1245154965971,14.035668847618199,19.235384061671343,15.524174696260024,22.02271554554524,13.892443989449804,18.24828759089466,29.614185789921695,29.154759474226502,18.681541692269406,21.095023109728988,25.0,31.064449134018133,25.495097567963924,22.360679774997898,26.019223662515376,20.615528128088304,18.439088914585774,22.627416997969522,16.278820596099706,21.213203435596427,14.212670403551895,12.36931687685298,15.132745950421556,0.0,0.0,0.0,0.0,0.0,0.0,0.0,0.0,0.0,0.0,0.0,12.041594578792296,8.48528137423857,4.123105625617661,15.811388300841896,10.0,16.492422502470642,19.1049731745428,22.561028345356956,24.73863375370596,21.18962010041709,23.323807579381203,18.601075237738275,19.79898987322333,23.769728648009426,23.021728866442675,24.08318915758459,29.206163733020468,22.47220505424423,22.627416997969522,27.586228448267445,17.72004514666935,18.384776310850235,11.313708498984761,13.416407864998739,23.259406699226016,19.849433241279208
103.09219175087898,6.0,21.095023109728988,2.8284271247461903,18.027756377319946,9.219544457292887,11.180339887498949,12.083045973594572,18.788294228055936,22.20360331117452,18.439088914585774,17.0,26.832815729997478,21.18962010041709,22.561028345356956,26.30589287593181,27.85677655436824,25.179356624028344,26.419689627245813,24.08318915758459,22.561028345356956,23.323807579381203,22.02271554554524,12.529964086141668,8.94427190999916,15.264337522473747,14.035668847618199,0.0,0.0,0.0,0.0,0.0,0.0,0.0,0.0,0.0,0.0,0.0,9.433981132056603,12.36931687685298,9.055385138137417,11.180339887498949,13.152946437965905,18.973665961010276,11.313708498984761,17.029386365926403,22.561028345356956,19.72308292331602,26.90724809414742,17.69180601295413,22.20360331117452,21.93171219946131,24.596747752497688,29.120439557122072,24.0,27.018512172212592,26.92582403567252,28.160255680657446,23.259406699226016,21.37755832643195,19.209372712298546,22.847319317591726,12.529964086141668,15.297058540778355
103.09219175087898,6.0,11.40175425099138,10.63014581273465,21.93171219946131,16.0312195418814,18.439088914585774,15.033296378372908,20.396078054371138,25.80697580112788,21.93171219946131,18.973665961010276,18.110770276274835,30.59411708155671,18.681541692269406,24.596747752497688,25.495097567963924,26.019223662515376,20.12461179749811,27.80287754891569,13.892443989449804,14.142135623730951,15.0,17.08800749063506,17.72004514666935,10.0,15.231546211727817,0.0,0.0,0.0,0.0,0.0,0.0,0.0,0.0,0.0,0.0,0.0,12.36931687685298,14.142135623730951,16.0312195418814,15.0,18.439088914585774,10.63014581273465,19.849433241279208,16.55294535724685,17.029386365926403,18.027756377319946,15.620499351813308,26.627053911388696,20.808652046684813,29.5296461204668,26.627053911388696,29.154759474226502,27.85677655436824,33.52610922848042,31.32091952673165,34.17601498127012,27.0,19.4164878389476,16.0,20.396078054371138,16.401219466856727,14.7648230602334
99.29753269845128,5.0,18.384776310850235,19.849433241279208,19.79898987322333,27.80287754891569,25.80697580112788,20.248456731316587,17.69180601295413,26.0,22.561028345356956,16.76305461424021,20.0,16.76305461424021,16.278820596099706,20.8806130178211,19.697715603592208,12.041594578792296,9.219544457292887,5.385164807134504,7.810249675906654,16.401219466856727,14.317821063276353,10.816653826391969,21.470910553583888,23.40939982143925,20.518284528683193,0.0,0.0,0.0,0.0,0.0,0.0,0.0,0.0,0.0,0.0,0.0,28.231188426986208,17.204650534085253,24.186773244895647,11.704699910719626,21.93171219946131,14.422205101855956,11.180339887498949,15.811388300841896,18.788294228055936,13.92838827718412,19.924858845171276,26.248809496813376,20.0,22.847319317591726,27.018512172212592,16.15549442140351,12.041594578792296,6.082762530298219,17.804493814764857,12.083045973594572,11.0,11.40175425099138,10.295630140987,11.704699910719626,9.899494936611665,12.041594578792296
99.29753269845128,5.0,24.020824298928627,20.615528128088304,17.08800749063506,23.40939982143925,26.076809620810597,26.0,23.323807579381203,30.4138126514911,31.575306807693888,21.02379604162864,27.51363298439521,21.213203435596427,7.0710678118654755,19.235384061671343,16.76305461424021,4.123105625617661,9.0,9.848857801796104,7.0710678118654755,13.416407864998739,15.620499351813308,14.317821063276353,19.697715603592208,24.351591323771842,20.248456731316587,0.0,0.0,0.0,0.0,0.0,0.0,0.0,0.0,0.0,0.0,0.0,24.758836806279895,27.202941017470888,29.068883707497267,17.69180601295413,27.294688127912362,17.029386365926403,19.849433241279208,16.1245154965971,7.280109889280518,22.360679774997898,19.235384061671343,13.92838827718412,14.422205101855956,26.419689627245813,27.586228448267445,22.561028345356956,30.364452901377952,25.0,26.0,17.204650534085253,18.384776310850235,13.601470508735444,14.317821063276353,12.206555615733702,11.704699910719626,17.08800749063506
103.09219175087898,9.0,26.1725046566048,27.018512172212592,24.20743687382041,29.832867780352597,29.698484809834994,28.600699292150182,30.01666203960727,32.64965543462902,24.166091947189145,25.96150997149434,20.223748416156685,20.615528128088304,19.4164878389476,19.026297590440446,9.055385138137417,4.242640687119285,3.0,2.23606797749979,8.48528137423857,15.556349186104045,20.0,17.204650534085253,22.80350850198276,26.419689627245813,25.612496949731394,0.0,0.0,0.0,0.0,0.0,0.0,0.0,0.0,0.0,0.0,0.0,26.627053911388696,27.018512172212592,25.612496949731394,25.238858928247925,25.0,20.248456731316587,19.235384061671343,15.811388300841896,18.110770276274835,14.035668847618199,19.026297590440446,18.788294228055936,19.72308292331602,18.027756377319946,21.95449840010015,28.231188426986208,23.259406699226016,23.40939982143925,26.40075756488817,21.095023109728988,20.248456731316587,21.540659228538015,20.591260281974,24.596747752497688,19.72308292331602,16.97056274847714
80.0,5.0,21.095023109728988,28.231188426986208,20.518284528683193,31.304951684997057,30.01666203960727,31.953090617340916,31.76476034853718,33.24154027718932,26.92582403567252,25.317977802344327,21.213203435596427,19.026297590440446,17.029386365926403,11.045361017187261,10.04987562112089,6.0,5.0,5.830951894845301,11.313708498984761,16.278820596099706,22.02271554554524,20.518284528683193,25.0,27.202941017470888,27.784887978899608,0.0,0.0,0.0,0.0,0.0,0.0,0.0,0.0,0.0,0.0,0.0,26.832815729997478,25.632011235952593,25.495097567963924,22.847319317591726,21.633307652783937,16.1245154965971,17.4928556845359,15.556349186104045,15.0,14.560219778561036,17.26267650163207,18.0,24.020824298928627,20.223748416156685,25.019992006393608,27.459060435491963,22.360679774997898,24.186773244895647,27.51363298439521,19.4164878389476,25.079872407968907,20.396078054371138,20.223748416156685,22.360679774997898,20.615528128088304,23.40939982143925
99.29753269845128,5.0,26.68332812825267,31.953090617340916,24.166091947189145,27.313000567495326,32.57299494980466,32.69556544854363,31.144823004794873,29.154759474226502,29.017236257093817,31.0,22.090722034374522,25.019992006393608,14.142135623730951,12.165525060596439,10.0,6.324555320336759,5.0990195135927845,6.708203932499369,9.848857801796104,14.866068747318506,16.64331697709324,22.20360331117452,24.413111231467404,25.612496949731394,31.38470965295043,0.0,0.0,0.0,0.0,0.0,0.0,0.0,0.0,0.0,0.0,0.0,27.16615541441225,26.019223662515376,29.068883707497267,24.331050121192877,19.6468827043885,16.0312195418814,13.0,14.866068747318506,12.083045973594572,19.1049731745428,19.849433241279208,22.360679774997898,25.0,24.515301344262525,24.515301344262525,27.073972741361768,28.160255680657446,26.30589287593181,21.095023109728988,23.021728866442675,25.0,15.811388300841896,26.30589287593181,18.110770276274835,20.024984394500787,16.278820596099706
103.09219175087898,6.0,16.0312195418814,11.0,9.055385138137417,15.652475842498529,17.4928556845359,15.297058540778355,14.317821063276353,14.422205101855956,18.384776310850235,21.587033144922902,21.95449840010015,26.019223662515376,18.681541692269406,31.953090617340916,24.698178070456937,22.360679774997898,25.059928172283335,23.021728866442675,19.209372712298546,19.4164878389476,16.1245154965971,20.808652046684813,10.44030650891055,12.165525060596439,13.341664064126334,0.0,0.0,0.0,0.0,0.0,0.0,0.0,0.0,0.0,0.0,0.0,13.45362404707371,12.806248474865697,9.899494936611665,13.92838827718412,13.341664064126334,14.866068747318506,12.041594578792296,17.26267650163207,18.24828759089466,22.02271554554524,21.93171219946131,23.259406699226016,24.08318915758459,23.769728648009426,21.2602916254693,24.20743687382041,21.213203435596427,24.596747752497688,30.083217912982647,20.248456731316587,22.20360331117452,18.35755975068582,16.278820596099706,19.4164878389476,7.615773105863909,13.038404810405298
103.09219175087898,9.0,10.0,5.385164807134504,6.324555320336759,19.209372712298546,18.439088914585774,20.248456731316587,18.681541692269406,20.09975124224178,22.090722034374522,28.0178514522438,30.14962686336267,21.095023109728988,25.079872407968907,27.65863337187866,19.72308292331602,25.298221281347036,27.65863337187866,24.596747752497688,24.698178070456937,21.213203435596427,21.93171219946131,16.401219466856727,12.649110640673518,23.194827009486403,2.23606797749979,0.0,0.0,0.0,0.0,0.0,0.0,0.0,0.0,0.0,0.0,0.0,17.804493814764857,7.280109889280518,14.142135623730951,14.866068747318506,13.0,11.704699910719626,9.848857801796104,13.601470508735444,23.345235059857504,34.0147027033899,23.430749027719962,20.8806130178211,27.459060435491963,18.027756377319946,30.479501308256342,25.238858928247925,26.627053911388696,28.30194339616981,24.839484696748443,19.1049731745428,17.0,30.265491900843113,20.0,21.400934559032695,15.264337522473747,21.213203435596427
103.09219175087898,6.0,3.1622776601683795,14.317821063276353,18.027756377319946,16.1245154965971,15.231546211727817,14.035668847618199,15.524174696260024,11.180339887498949,17.0,18.0,26.476404589747453,24.186773244895647,26.1725046566048,28.071337695236398,20.09975124224178,22.135943621178654,19.313207915827967,20.223748416156685,18.35755975068582,17.029386365926403,17.029386365926403,16.278820596099706,12.806248474865697,14.0,9.848857801796104,0.0,0.0,0.0,0.0,0.0,0.0,0.0,0.0,0.0,0.0,0.0,9.219544457292887,14.212670403551895,13.601470508735444,12.083045973594572,17.4928556845359,18.973665961010276,15.652475842498529,16.15549442140351,24.0,25.079872407968907,25.079872407968907,23.021728866442675,25.298221281347036,23.53720459187964,26.92582403567252,24.698178070456937,30.083217912982647,19.924858845171276,28.160255680657446,19.72308292331602,13.92838827718412,18.110770276274835,17.69180601295413,20.615528128088304,17.0,12.0
103.09219175087898,6.0,5.0,9.219544457292887,10.63014581273465,13.892443989449804,20.615528128088304,19.4164878389476,21.02379604162864,14.317821063276353,19.697715603592208,23.40939982143925,21.470910553583888,28.160255680657446,28.460498941515414,23.769728648009426,19.4164878389476,17.08800749063506,20.0,22.135943621178654,22.090722034374522,10.04987562112089,16.278820596099706,9.219544457292887,12.041594578792296,12.206555615733702,12.083045973594572,0.0,0.0,0.0,0.0,0.0,0.0,0.0,0.0,0.0,0.0,0.0,5.656854249492381,14.212670403551895,11.313708498984761,9.219544457292887,17.0,14.7648230602334,15.132745950421556,20.223748416156685,19.026297590440446,28.160255680657446,20.248456731316587,27.073972741361768,21.213203435596427,26.019223662515376,35.014282800023196,34.92849839314596,22.80350850198276,27.16615541441225,22.360679774997898,26.0,14.866068747318506,29.966648127543394,24.698178070456937,16.55294535724685,17.26267650163207,10.04987562112089
103.09219175087898,6.0,14.866068747318506,11.180339887498949,12.649110640673518,15.811388300841896,11.40175425099138,12.529964086141668,15.524174696260024,15.524174696260024,21.587033144922902,23.194827009486403,15.811388300841896,21.93171219946131,22.135943621178654,21.02379604162864,13.92838827718412,21.540659228538015,18.681541692269406,17.69180601295413,22.02271554554524,19.209372712298546,13.92838827718412,8.0,12.041594578792296,8.94427190999916,14.142135623730951,0.0,0.0,0.0,0.0,0.0,0.0,0.0,0.0,0.0,0.0,0.0,9.055385138137417,9.219544457292887,12.083045973594572,9.433981132056603,10.44030650891055,18.24828759089466,14.035668847618199,14.317821063276353,20.615528128088304,24.331050121192877,18.601075237738275,23.853720883753127,19.79898987322333,22.20360331117452,18.384776310850235,19.697715603592208,25.0,20.591260281974,18.384776310850235,15.620499351813308,17.804493814764857,17.804493814764857,24.698178070456937,14.422205101855956,11.661903789690601,17.029386365926403
152.16109883935513,9.0,9.486832980505138,8.0,8.06225774829855,8.48528137423857,8.246211251235321,13.038404810405298,18.788294228055936,18.867962264113206,21.213203435596427,19.79898987322333,14.7648230602334,24.351591323771842,17.88854381999832,22.825424421026653,18.681541692269406,22.561028345356956,30.0,24.351591323771842,21.37755832643195,18.027756377319946,13.416407864998739,20.591260281974,14.317821063276353,5.830951894845301,13.341664064126334,0.0,0.0,0.0,0.0,0.0,0.0,0.0,0.0,0.0,0.0,0.0,12.649110640673518,9.486832980505138,15.524174696260024,19.4164878389476,15.811388300841896,19.235384061671343,15.0,11.40175425099138,19.1049731745428,21.93171219946131,20.808652046684813,20.0,26.30589287593181,28.792360097775937,19.6468827043885,20.223748416156685,16.1245154965971,31.064449134018133,20.024984394500787,21.93171219946131,26.019223662515376,19.6468827043885,18.973665961010276,20.8806130178211,17.46424919657298,13.152946437965905
99.29753269845128,5.0,24.698178070456937,26.248809496813376,26.832815729997478,31.622776601683793,31.89043743820395,35.84689665786984,28.160255680657446,27.65863337187866,33.13608305156178,32.14031735997639,30.4138126514911,19.0,26.476404589747453,10.295630140987,19.924858845171276,7.810249675906654,5.0,1.0,13.038404810405298,1.4142135623730951,18.24828759089466,22.47220505424423,22.20360331117452,18.439088914585774,29.0,0.0,0.0,0.0,0.0,0.0,0.0,0.0,0.0,0.0,0.0,0.0,32.01562118716424,30.4138126514911,31.0,29.017236257093817,27.018512172212592,20.248456731316587,26.476404589747453,15.652475842498529,19.026297590440446,19.1049731745428,25.298221281347036,7.280109889280518,19.849433241279208,17.88854381999832,14.142135623730951,25.0,23.769728648009426,12.041594578792296,12.0,18.24828759089466,19.4164878389476,10.816653826391969,7.280109889280518,18.867962264113206,16.15549442140351,9.848857801796104
99.29753269845128,5.0,28.071337695236398,32.14031735997639,31.0,22.360679774997898,39.05124837953327,27.892651361962706,35.84689665786984,27.073972741361768,29.068883707497267,29.206163733020468,22.67156809750927,32.802438933713454,17.69180601295413,23.853720883753127,1.0,12.529964086141668,11.180339887498949,4.123105625617661,10.04987562112089,9.0,21.0,13.892443989449804,23.0,27.892651361962706,28.635642126552707,0.0,0.0,0.0,0.0,0.0,0.0,0.0,0.0,0.0,0.0,0.0,30.364452901377952,27.313000567495326,32.89376840679705,29.5296461204668,23.194827009486403,22.360679774997898,18.384776310850235,25.632011235952593,15.231546211727817,16.401219466856727,10.816653826391969,13.416407864998739,11.661903789690601,18.384776310850235,13.416407864998739,12.041594578792296,15.231546211727817,16.55294535724685,24.186773244895647,9.219544457292887,17.46424919657298,15.524174696260024,13.601470508735444,20.024984394500787,25.0,26.076809620810597
152.16109883935513,9.0,42.20189569201838,57.87054518492115,57.56735185849702,63.63961030678928,58.137767414994535,55.362442142665635,56.089214649520635,61.5223536610881,52.80151512977634,66.12866246946176,46.32493928760188,46.52956049652737,37.73592452822641,22.02271554554524,23.706539182259394,13.892443989449804,13.152946437965905,5.0990195135927845,17.69180601295413,19.924858845171276,29.732137494637012,34.058772731852805,39.44616584663204,45.69463863518345,51.10772935672255,0.0,0.0,0.0,0.0,0.0,0.0,0.0,0.0,0.0,0.0,0.0,63.89053137985315,56.4003546088143,54.67174773134658,55.80322571321482,57.982756057296896,45.34313619501854,45.48626166217664,35.34119409414458,32.7566787083184,21.095023109728988,24.331050121192877,21.095023109728988,24.351591323771842,20.615528128088304,23.430749027719962,35.84689665786984,31.622776601683793,36.40054944640259,42.485291572496,32.57299494980466,31.064449134018133,35.11409973215888,40.792156108742276,34.48187929913333,50.635955604688654,56.753854494650845
95.88013350011565,10.0,52.009614495783374,54.56189146281496,63.89053137985315,77.79460135510689,53.33854141237835,68.60029154456998,63.071388124885914,51.73973328110612,67.20863039818622,46.52956049652737,52.69724850502159,44.10215414239989,29.732137494637012,28.635642126552707,24.20743687382041,10.44030650891055,6.4031242374328485,13.416407864998739,18.439088914585774,26.0,28.635642126552707,32.64965543462902,31.25699921617557,44.384682042344295,52.773099207835045,0.0,0.0,0.0,0.0,0.0,0.0,0.0,0.0,0.0,0.0,0.0,56.64803615307419,53.85164807134504,57.38466694161429,50.695167422546305,47.29693436154187,48.703182647543684,40.496913462633174,38.47076812334269,26.076809620810597,19.924858845171276,25.317977802344327,11.0,13.038404810405298,20.223748416156685,26.30589287593181,27.294688127912362,29.068883707497267,32.31098884280702,42.04759208325728,29.0,29.068883707497267,50.60632371551998,16.64331697709324,26.0,48.104053883222775,41.86884283091664
140.07141035914503,6.0,13.038404810405298,8.54400374531753,12.36931687685298,11.40175425099138,10.198039027185569,25.0,19.026297590440446,21.02379604162864,18.0,21.213203435596427,23.08679276123039,29.017236257093817,20.615528128088304,24.186773244895647,26.1725046566048,25.0,19.72308292331602,24.413111231467404,15.231546211727817,15.264337522473747,16.64331697709324,18.681541692269406,15.811388300841896,13.92838827718412,10.770329614269007,0.0,0.0,0.0,0.0,0.0,0.0,0.0,0.0,0.0,0.0,0.0,14.142135623730951,14.866068747318506,15.297058540778355,18.027756377319946,13.0,15.652475842498529,15.620499351813308,11.661903789690601,16.55294535724685,20.12461179749811,22.47220505424423,21.0,21.0,22.47220505424423,27.892651361962706,27.018512172212592,26.248809496813376,27.294688127912362,22.80350850198276,16.0312195418814,26.248809496813376,25.495097567963924,17.11724276862369,20.09975124224178,13.038404810405298,9.848857801796104
125.53883861180172,6.0,15.297058540778355,7.615773105863909,20.09975124224178,13.601470508735444,6.708203932499369,25.495097567963924,17.46424919657298,14.7648230602334,17.26267650163207,22.360679774997898,13.038404810405298,23.345235059857504,27.16615541441225,26.476404589747453,29.068883707497267,19.924858845171276,23.0,24.08318915758459,19.4164878389476,23.345235059857504,15.524174696260024,24.08318915758459,15.0,13.892443989449804,16.0312195418814,0.0,0.0,0.0,0.0,0.0,0.0,0.0,0.0,0.0,0.0,0.0,6.708203932499369,7.211102550927978,11.661903789690601,15.264337522473747,14.317821063276353,18.027756377319946,17.4928556845359,12.0,19.1049731745428,15.524174696260024,17.88854381999832,12.083045973594572,18.601075237738275,12.041594578792296,36.235341863986875,26.40075756488817,24.041630560342615,25.80697580112788,36.49657518178932,27.202941017470888,25.317977802344327,20.591260281974,28.600699292150182,20.591260281974,21.840329667841555,21.213203435596427
141.0319112825179,26.0,17.08800749063506,17.11724276862369,12.806248474865697,19.209372712298546,11.180339887498949,16.492422502470642,18.601075237738275,19.235384061671343,25.96150997149434,26.40075756488817,21.95449840010015,22.47220505424423,23.08679276123039,21.2602916254693,17.0,19.313207915827967,25.317977802344327,18.384776310850235,24.186773244895647,17.26267650163207,18.110770276274835,14.560219778561036,17.08800749063506,10.198039027185569,10.816653826391969,0.0,0.0,0.0,0.0,0.0,0.0,0.0,0.0,0.0,0.0,0.0,12.041594578792296,10.44030650891055,9.055385138137417,14.317821063276353,15.620499351813308,13.038404810405298,18.027756377319946,17.804493814764857,20.248456731316587,18.24828759089466,17.46424919657298,25.0,24.020824298928627,21.02379604162864,19.026297590440446,24.166091947189145,28.460498941515414,27.85677655436824,28.284271247461902,25.632011235952593,23.021728866442675,23.08679276123039,20.396078054371138,17.26267650163207,9.219544457292887,8.246211251235321
103.09219175087898,6.0,6.082762530298219,11.661903789690601,11.40175425099138,13.92838827718412,17.26267650163207,11.40175425099138,13.152946437965905,22.0,17.08800749063506,23.853720883753127,31.04834939252005,14.142135623730951,16.64331697709324,23.40939982143925,18.027756377319946,30.886890422961002,24.186773244895647,24.020824298928627,13.341664064126334,15.297058540778355,11.045361017187261,13.341664064126334,16.0312195418814,19.1049731745428,15.811388300841896,0.0,0.0,0.0,0.0,0.0,0.0,0.0,0.0,0.0,0.0,0.0,14.422205101855956,10.0,11.045361017187261,21.095023109728988,18.027756377319946,16.1245154965971,16.401219466856727,22.47220505424423,14.7648230602334,19.697715603592208,15.264337522473747,11.0,16.278820596099706,22.825424421026653,29.274562336608895,25.179356624028344,15.132745950421556,20.223748416156685,25.495097567963924,17.11724276862369,28.442925306655784,22.360679774997898,18.027756377319946,24.08318915758459,16.492422502470642,18.110770276274835
133.8992158304148,7.0,10.816653826391969,10.770329614269007,11.40175425099138,13.152946437965905,12.206555615733702,15.652475842498529,16.76305461424021,17.0,23.53720459187964,23.769728648009426,25.495097567963924,28.284271247461902,19.6468827043885,24.166091947189145,20.615528128088304,24.186773244895647,25.96150997149434,19.6468827043885,23.021728866442675,12.529964086141668,14.0,19.72308292331602,15.652475842498529,14.212670403551895,16.76305461424021,0.0,0.0,0.0,0.0,0.0,0.0,0.0,0.0,0.0,0.0,0.0,11.661903789690601,10.63014581273465,16.0312195418814,12.529964086141668,16.1245154965971,17.029386365926403,17.08800749063506,25.0,23.021728866442675,16.76305461424021,27.073972741361768,21.93171219946131,33.37663853655727,23.769728648009426,27.85677655436824,23.430749027719962,15.811388300841896,17.204650534085253,23.853720883753127,10.816653826391969,21.2602916254693,15.556349186104045,16.76305461424021,10.63014581273465,20.591260281974,12.083045973594572
125.53883861180172,6.0,27.65863337187866,34.88552708502482,27.459060435491963,25.553864678361276,35.34119409414458,31.76476034853718,37.64306044943742,31.400636936215164,32.202484376209235,31.622776601683793,29.410882339705484,27.65863337187866,22.20360331117452,13.0,17.0,6.082762530298219,4.47213595499958,8.06225774829855,11.40175425099138,15.231546211727817,18.601075237738275,19.209372712298546,22.80350850198276,28.0178514522438,28.30194339616981,0.0,0.0,0.0,0.0,0.0,0.0,0.0,0.0,0.0,0.0,0.0,28.160255680657446,25.709920264364882,25.317977802344327,25.495097567963924,23.345235059857504,21.02379604162864,22.360679774997898,17.08800749063506,16.76305461424021,15.620499351813308,19.4164878389476,12.727922061357855,15.132745950421556,16.0312195418814,20.615528128088304,18.110770276274835,23.194827009486403,22.360679774997898,18.867962264113206,20.396078054371138,16.55294535724685,19.4164878389476,10.04987562112089,10.816653826391969,18.439088914585774,12.649110640673518
134.2013412749664,25.0,27.65863337187866,55.80322571321482,37.33630940518894,51.10772935672255,61.40032573203501,63.60031446463138,47.43416490252569,48.76474136094644,49.57822102496216,39.84971769034255,55.44366510251645,44.40720662234904,43.18564576337837,32.01562118716424,23.769728648009426,21.02379604162864,13.0,12.165525060596439,19.1049731745428,26.076809620810597,33.60059523282288,35.35533905932738,39.0,45.31004303683677,50.695167422546305,0.0,0.0,0.0,0.0,0.0,0.0,0.0,0.0,0.0,0.0,0.0,51.15662224971465,46.69047011971501,46.09772228646444,47.853944456021594,32.57299494980466,41.14608122288197,36.359317925395686,35.84689665786984,37.53664875824692,24.698178070456937,33.06055050963308,25.317977802344327,32.2490309931942,35.510561809129406,31.76476034853718,32.64965543462902,39.408120990476064,27.018512172212592,28.600699292150182,40.311288741492746,19.4164878389476,21.02379604162864,21.540659228538015,13.341664064126334,30.083217912982647,24.0
141.0319112825179,26.0,44.204072210600685,23.706539182259394,54.45181356024793,50.99019513592785,35.38361202590826,56.85068161420758,60.30754513325841,62.625873247404705,50.774009099144415,52.839379254491625,49.24428900898052,49.8196748283246,42.720018726587654,28.160255680657446,28.635642126552707,20.09975124224178,6.324555320336759,9.486832980505138,21.2602916254693,17.4928556845359,29.546573405388315,34.828149534535996,40.8166632639171,45.48626166217664,47.16990566028302,0.0,0.0,0.0,0.0,0.0,0.0,0.0,0.0,0.0,0.0,0.0,49.24428900898052,50.24937810560445,49.4064773081425,42.20189569201838,44.27188724235731,36.76955262170047,36.05551275463989,34.92849839314596,25.019992006393608,28.160255680657446,29.154759474226502,26.627053911388696,34.40930106817051,33.52610922848042,34.0,43.68065933568311,45.221676218380054,32.7566787083184,33.52610922848042,41.012193308819754,25.96150997149434,26.248809496813376,23.345235059857504,34.48187929913333,29.154759474226502,38.48376280978771
99.29753269845128,5.0,44.598206241955516,56.72741841473134,63.52952069707436,50.21951811795888,51.088159097779204,65.85590330410783,52.80151512977634,54.56189146281496,56.938563381947034,56.462376853972415,47.853944456021594,41.23105625617661,43.41658669218482,43.0,31.622776601683793,20.615528128088304,10.44030650891055,9.0,22.847319317591726,23.345235059857504,24.186773244895647,30.675723300355934,37.94733192202055,45.5411901469428,48.83646178829912,0.0,0.0,0.0,0.0,0.0,0.0,0.0,0.0,0.0,0.0,0.0,47.01063709417264,47.4236228055175,43.657759905886145,45.617978911828175,46.17358552246078,41.30375285612676,38.2099463490856,37.48332962798263,30.14962686336267,24.351591323771842,35.510561809129406,38.28837943815329,33.28663395418648,34.058772731852805,27.586228448267445,44.27188724235731,34.23448553724738,31.144823004794873,41.7612260356422,37.12142238654117,31.0,23.021728866442675,23.769728648009426,35.6931365951495,30.4138126514911,31.78049716414141
133.8992158304148,7.0,43.266615305567875,44.28317965096906,44.10215414239989,55.54277630799526,47.16990566028302,69.1158447825099,66.03029607687671,62.369864518050704,56.32051136131489,51.24451190127583,49.8196748283246,44.721359549995796,41.23105625617661,27.65863337187866,29.0,19.697715603592208,12.649110640673518,15.297058540778355,16.1245154965971,14.0,28.635642126552707,30.4138126514911,41.88078318274385,44.82186966202994,50.99019513592785,0.0,0.0,0.0,0.0,0.0,0.0,0.0,0.0,0.0,0.0,0.0,49.16299421312742,49.36598018878993,40.311288741492746,55.44366510251645,42.1070065428546,40.01249804748511,36.0,37.656340767525464,31.38470965295043,37.73592452822641,32.202484376209235,28.30194339616981,29.068883707497267,27.80287754891569,33.734255586866,36.24913792078372,33.61547262794322,33.12099032335839,32.14031735997639,24.166091947189145,29.410882339705484,33.06055050963308,35.12833614050059,28.460498941515414,38.07886552931954,40.496913462633174
112.14722466472365,9.0,47.853944456021594,43.266615305567875,62.177166226839255,58.137767414994535,57.3149195236284,56.08029957123981,52.354560450833695,62.0966987850401,54.12947441089743,55.02726596879042,59.20304046246274,40.792156108742276,47.01063709417264,32.2490309931942,23.53720459187964,22.67156809750927,11.313708498984761,12.083045973594572,16.278820596099706,15.620499351813308,29.410882339705484,34.92849839314596,40.11234224026316,39.0,47.042533945356304,0.0,0.0,0.0,0.0,0.0,0.0,0.0,0.0,0.0,0.0,0.0,49.64876634922564,44.654227123532216,46.32493928760188,43.01162633521314,38.91015291668744,37.57658845611187,32.7566787083184,32.01562118716424,28.160255680657446,22.02271554554524,31.304951684997057,30.610455730027933,41.86884283091664,45.45327270945405,31.622776601683793,32.202484376209235,47.4236228055175,48.33218389437829,36.68787265568828,41.23105625617661,41.10960958218893,34.058772731852805,21.540659228538015,33.24154027718932,36.05551275463989,33.54101966249684
80.15609770940699,15.0,23.021728866442675,11.0,12.206555615733702,17.804493814764857,12.206555615733702,11.40175425099138,17.4928556845359,22.20360331117452,15.0,21.93171219946131,18.601075237738275,26.1725046566048,25.80697580112788,27.202941017470888,26.90724809414742,29.068883707497267,23.430749027719962,25.238858928247925,20.248456731316587,17.88854381999832,21.095023109728988,16.0312195418814,20.09975124224178,19.235384061671343,9.486832980505138,0.0,0.0,0.0,0.0,0.0,0.0,0.0,0.0,0.0,0.0,0.0,9.219544457292887,12.206555615733702,15.811388300841896,14.317821063276353,16.1245154965971,15.231546211727817,14.0,11.180339887498949,13.601470508735444,18.24828759089466,27.073972741361768,22.561028345356956,25.942243542145693,24.698178070456937,26.90724809414742,20.0,24.08318915758459,23.345235059857504,18.867962264113206,21.95449840010015,19.235384061671343,15.620499351813308,14.212670403551895,17.72004514666935,4.0,11.180339887498949
175.45369759569047,7.0,4.123105625617661,18.439088914585774,12.806248474865697,19.026297590440446,21.0,18.027756377319946,26.019223662515376,14.7648230602334,21.02379604162864,27.073972741361768,23.769728648009426,27.0,21.213203435596427,26.68332812825267,27.459060435491963,25.0,26.1725046566048,24.331050121192877,24.698178070456937,25.495097567963924,16.97056274847714,19.1049731745428,13.601470508735444,10.816653826391969,10.63014581273465,0.0,0.0,0.0,0.0,0.0,0.0,0.0,0.0,0.0,0.0,0.0,8.246211251235321,19.4164878389476,8.94427190999916,16.278820596099706,13.601470508735444,15.132745950421556,19.697715603592208,17.46424919657298,14.7648230602334,20.518284528683193,21.400934559032695,15.264337522473747,16.64331697709324,31.622776601683793,30.4138126514911,25.96150997149434,19.026297590440446,19.924858845171276,23.08679276123039,20.024984394500787,21.02379604162864,16.492422502470642,25.079872407968907,17.26267650163207,12.806248474865697,15.620499351813308
132.48396129343357,8.0,13.601470508735444,12.727922061357855,20.396078054371138,17.029386365926403,18.867962264113206,16.278820596099706,14.866068747318506,19.4164878389476,21.095023109728988,18.24828759089466,16.55294535724685,30.083217912982647,22.360679774997898,22.090722034374522,19.235384061671343,30.59411708155671,26.476404589747453,20.223748416156685,24.515301344262525,16.15549442140351,16.76305461424021,16.15549442140351,15.652475842498529,14.212670403551895,7.280109889280518,0.0,0.0,0.0,0.0,0.0,0.0,0.0,0.0,0.0,0.0,0.0,13.92838827718412,10.0,13.152946437965905,17.46424919657298,17.69180601295413,10.0,17.69180601295413,15.264337522473747,15.231546211727817,18.027756377319946,11.704699910719626,21.095023109728988,29.832867780352597,21.213203435596427,28.284271247461902,33.06055050963308,27.018512172212592,26.476404589747453,24.331050121192877,21.095023109728988,24.166091947189145,22.47220505424423,23.08679276123039,20.0,9.055385138137417,18.0
96.51942809610924,15.0,6.082762530298219,9.055385138137417,15.811388300841896,14.317821063276353,18.110770276274835,5.385164807134504,22.20360331117452,21.95449840010015,13.341664064126334,18.439088914585774,25.96150997149434,25.079872407968907,31.016124838541646,20.248456731316587,21.18962010041709,26.0,25.0,21.93171219946131,14.560219778561036,20.615528128088304,11.661903789690601,21.213203435596427,14.866068747318506,12.36931687685298,4.123105625617661,0.0,0.0,0.0,0.0,0.0,0.0,0.0,0.0,0.0,0.0,0.0,12.529964086141668,17.204650534085253,13.152946437965905,16.55294535724685,7.810249675906654,13.601470508735444,17.029386365926403,21.93171219946131,19.1049731745428,21.540659228538015,24.698178070456937,22.0,24.0,27.073972741361768,26.92582403567252,18.439088914585774,32.2490309931942,23.021728866442675,13.341664064126334,31.016124838541646,25.079872407968907,18.973665961010276,18.24828759089466,7.0710678118654755,17.46424919657298,10.0
175.45369759569047,7.0,17.029386365926403,6.082762530298219,10.295630140987,16.401219466856727,25.298221281347036,15.0,19.313207915827967,23.259406699226016,21.93171219946131,26.0,31.400636936215164,23.021728866442675,24.758836806279895,28.635642126552707,24.413111231467404,24.698178070456937,30.083217912982647,25.019992006393608,17.72004514666935,24.020824298928627,21.540659228538015,11.180339887498949,11.704699910719626,16.401219466856727,16.64331697709324,0.0,0.0,0.0,0.0,0.0,0.0,0.0,0.0,0.0,0.0,0.0,18.027756377319946,12.165525060596439,20.024984394500787,13.341664064126334,13.038404810405298,18.601075237738275,15.652475842498529,17.46424919657298,26.68332812825267,17.11724276862369,26.92582403567252,20.396078054371138,27.073972741361768,17.46424919657298,28.160255680657446,30.083217912982647,30.14962686336267,25.96150997149434,21.18962010041709,20.615528128088304,21.02379604162864,26.92582403567252,21.587033144922902,22.847319317591726,14.560219778561036,14.035668847618199
80.15609770940699,15.0,23.021728866442675,18.973665961010276,16.55294535724685,26.1725046566048,28.160255680657446,24.166091947189145,32.28002478313795,30.0,32.69556544854363,28.319604517012593,21.0,25.709920264364882,23.600847442411894,20.09975124224178,14.212670403551895,12.165525060596439,17.804493814764857,7.0710678118654755,5.0990195135927845,5.0,15.231546211727817,20.223748416156685,11.661903789690601,23.259406699226016,23.40939982143925,0.0,0.0,0.0,0.0,0.0,0.0,0.0,0.0,0.0,0.0,0.0,26.627053911388696,38.41874542459709,24.758836806279895,34.058772731852805,30.0,27.313000567495326,30.479501308256342,31.064449134018133,23.769728648009426,10.198039027185569,26.0,8.246211251235321,24.596747752497688,9.219544457292887,13.0,20.223748416156685,15.231546211727817,2.23606797749979,11.40175425099138,8.54400374531753,14.7648230602334,18.384776310850235,12.36931687685298,17.46424919657298,13.152946437965905,18.35755975068582
96.18731725128839,15.0,35.4682957019364,49.57822102496216,46.400431032480725,41.23105625617661,51.73973328110612,48.16637831516918,41.036569057366385,45.803929962395145,54.70831746635972,38.948684188300895,49.64876634922564,42.15447781671598,50.15974481593781,34.713109915419565,31.04834939252005,19.1049731745428,16.0312195418814,13.45362404707371,19.1049731745428,23.345235059857504,22.360679774997898,31.240998703626616,30.886890422961002,33.301651610693426,38.41874542459709,0.0,0.0,0.0,0.0,0.0,0.0,0.0,0.0,0.0,0.0,0.0,63.694583757176716,60.83584469702052,55.758407437802596,59.941638282582836,49.040799340956916,44.598206241955516,48.54894437575342,48.91829923454004,36.796738985948195,27.586228448267445,31.400636936215164,31.78049716414141,16.401219466856727,17.029386365926403,15.033296378372908,24.186773244895647,17.804493814764857,11.180339887498949,25.079872407968907,22.0,23.08679276123039,19.209372712298546,16.15549442140351,14.212670403551895,2.23606797749979,27.202941017470888
175.45369759569047,7.0,39.81205847478876,58.05170109479997,40.162171256046406,37.0,41.23105625617661,52.32590180780452,42.95346318982906,55.44366510251645,48.507731342539614,41.30375285612676,49.16299421312742,47.67598976424087,33.1058907144937,28.319604517012593,31.400636936215164,30.4138126514911,6.708203932499369,17.72004514666935,15.231546211727817,13.152946437965905,24.73863375370596,22.80350850198276,32.2490309931942,38.07886552931954,38.118237105091836,0.0,0.0,0.0,0.0,0.0,0.0,0.0,0.0,0.0,0.0,0.0,62.24146527838174,61.09828148156051,53.48831648126533,62.297672508690084,50.566787519082126,56.859475903318,49.39635614091387,45.880278987817846,39.96248240537617,35.4682957019364,29.966648127543394,25.553864678361276,27.018512172212592,18.439088914585774,12.041594578792296,13.45362404707371,9.899494936611665,21.93171219946131,23.345235059857504,15.811388300841896,10.198039027185569,10.44030650891055,33.0,38.2099463490856,6.082762530298219,35.608987629529715
132.48396129343357,8.0,33.61547262794322,50.08991914547278,30.4138126514911,55.47071299343465,60.41522986797286,61.5223536610881,55.44366510251645,63.51377803280167,58.412327466040935,45.0,56.08029957123981,41.182520563948,38.07886552931954,32.64965543462902,30.23243291566195,28.178005607210743,10.44030650891055,16.492422502470642,12.649110640673518,18.35755975068582,19.924858845171276,19.026297590440446,31.064449134018133,34.058772731852805,46.32493928760188,0.0,0.0,0.0,0.0,0.0,0.0,0.0,0.0,0.0,0.0,0.0,57.55866572463264,59.00847396772772,62.00806399170998,52.0,60.00833275470999,62.00806399170998,47.095647357266465,44.9221548904324,30.364452901377952,25.632011235952593,27.51363298439521,22.20360331117452,23.323807579381203,10.0,17.46424919657298,14.035668847618199,19.313207915827967,11.045361017187261,16.0312195418814,26.1725046566048,27.892651361962706,18.027756377319946,21.02379604162864,8.602325267042627,7.0710678118654755,40.162171256046406
175.45369759569047,7.0,49.73932046178355,33.015148038438355,59.53990258641679,55.21775076911409,55.71355310873648,57.77542730261716,53.33854141237835,58.59180830116101,56.08029957123981,55.0,54.62600113499065,50.99019513592785,53.03772242470448,24.08318915758459,37.44329045369811,12.165525060596439,20.396078054371138,13.892443989449804,17.08800749063506,18.973665961010276,12.041594578792296,25.079872407968907,25.317977802344327,33.015148038438355,42.20189569201838,0.0,0.0,0.0,0.0,0.0,0.0,0.0,0.0,0.0,0.0,0.0,60.30754513325841,60.108235708594876,59.464274989274024,42.5205832509386,50.44799302251776,49.73932046178355,44.721359549995796,45.0,44.9221548904324,35.014282800023196,41.10960958218893,14.035668847618199,25.179356624028344,11.40175425099138,13.601470508735444,18.439088914585774,17.69180601295413,13.92838827718412,13.601470508735444,7.280109889280518,20.248456731316587,23.853720883753127,7.211102550927978,4.123105625617661,39.824615503479755,13.152946437965905
99.29753269845128,5.0,48.05205510693585,39.0,43.56604182158393,25.0,55.44366510251645,56.293871780150276,31.144823004794873,59.90826320300064,50.08991914547278,52.009614495783374,48.010415536631214,45.70557952810576,50.0,27.073972741361768,21.95449840010015,12.727922061357855,21.93171219946131,9.433981132056603,14.142135623730951,21.400934559032695,8.94427190999916,21.18962010041709,34.20526275297414,39.35733730830886,31.89043743820395,0.0,0.0,0.0,0.0,0.0,0.0,0.0,0.0,0.0,0.0,0.0,63.89053137985315,54.037024344425184,63.51377803280167,50.21951811795888,65.19202405202648,49.4064773081425,46.32493928760188,56.302753041036986,38.27531841800928,38.948684188300895,18.110770276274835,22.47220505424423,23.40939982143925,23.853720883753127,16.492422502470642,14.035668847618199,7.810249675906654,15.297058540778355,18.027756377319946,7.280109889280518,17.46424919657298,23.194827009486403,9.433981132056603,19.4164878389476,24.351591323771842,28.0178514522438
132.48396129343357,8.0,39.319206502675,34.438350715445125,55.60575509783138,28.42534080710379,60.83584469702052,47.41307836451879,58.69412236331676,63.631753079732135,58.83026432033091,50.47771785649585,44.204072210600685,37.53664875824692,38.18376618407357,34.828149534535996,30.610455730027933,14.212670403551895,14.142135623730951,14.142135623730951,9.848857801796104,20.024984394500787,27.0,30.675723300355934,26.92582403567252,28.460498941515414,42.720018726587654,0.0,0.0,0.0,0.0,0.0,0.0,0.0,0.0,0.0,0.0,0.0,60.207972893961475,61.71709649683789,58.412327466040935,51.62363799656123,53.74011537017761,51.85556864985669,49.51767361255979,47.70744176750625,34.655446902326915,35.34119409414458,32.89376840679705,18.788294228055936,28.071337695236398,26.419689627245813,8.94427190999916,20.615528128088304,22.561028345356956,15.033296378372908,23.345235059857504,8.06225774829855,15.652475842498529,16.401219466856727,19.0,22.02271554554524,15.132745950421556,31.016124838541646
96.51942809610924,15.0,51.22499389946279,45.70557952810576,35.11409973215888,52.009614495783374,53.75872022286245,63.50590523722971,40.049968789001575,55.036351623268054,62.24146527838174,54.12947441089743,49.8196748283246,47.41307836451879,38.48376280978771,46.09772228646444,25.612496949731394,18.027756377319946,27.85677655436824,14.142135623730951,23.769728648009426,23.706539182259394,26.30589287593181,25.298221281347036,37.21558813185679,40.11234224026316,45.89117562233506,0.0,0.0,0.0,0.0,0.0,0.0,0.0,0.0,0.0,0.0,0.0,58.215118311311535,54.037024344425184,57.14017850864661,68.00735254367721,53.33854141237835,52.0,51.478150704935004,42.37924020083418,48.05205510693585,37.64306044943742,31.78049716414141,34.0147027033899,31.76476034853718,12.206555615733702,30.805843601498726,17.72004514666935,8.06225774829855,9.433981132056603,5.830951894845301,16.64331697709324,17.88854381999832,17.4928556845359,20.808652046684813,19.1049731745428,38.27531841800928,28.231188426986208
175.45369759569047,7.0,41.340053217188775,33.54101966249684,33.24154027718932,49.92995093127971,50.24937810560445,38.897300677553446,59.682493245507096,38.28837943815329,48.83646178829912,51.0,42.15447781671598,40.80441152620633,49.09175083453431,39.293765408777,37.05401462729781,20.09975124224178,9.0,14.422205101855956,13.341664064126334,22.80350850198276,16.1245154965971,32.802438933713454,29.0,33.24154027718932,38.948684188300895,0.0,0.0,0.0,0.0,0.0,0.0,0.0,0.0,0.0,0.0,0.0,56.79788728465171,65.36818798161687,62.64982043070834,55.44366510251645,62.20128616033595,52.15361924162119,41.773197148410844,48.27007354458868,41.036569057366385,34.132096331752024,32.55764119219941,25.298221281347036,17.804493814764857,9.486832980505138,17.0,21.93171219946131,22.47220505424423,28.442925306655784,20.615528128088304,19.849433241279208,15.0,36.05551275463989,12.806248474865697,26.0,23.706539182259394,25.632011235952593
132.48396129343357,8.0,37.64306044943742,43.86342439892262,44.94441010848846,64.00781202322104,61.220911460055866,51.62363799656123,51.31276644267,49.51767361255979,45.967379738244816,52.69724850502159,62.20128616033595,51.03920062069938,39.20459156782532,35.17101079013795,22.80350850198276,19.697715603592208,16.278820596099706,3.1622776601683795,17.46424919657298,18.439088914585774,13.0,21.95449840010015,34.132096331752024,39.66106403010388,38.01315561749642,0.0,0.0,0.0,0.0,0.0,0.0,0.0,0.0,0.0,0.0,0.0,62.96824596572466,61.26989472816156,61.29437168288782,58.83026432033091,51.86520991955976,47.70744176750625,44.40720662234904,45.0,38.07886552931954,40.718546143004666,41.773197148410844,26.076809620810597,27.018512172212592,11.180339887498949,10.0,8.06225774829855,9.433981132056603,13.152946437965905,34.058772731852805,17.11724276862369,6.324555320336759,30.4138126514911,33.421549934136806,22.825424421026653,23.345235059857504,22.02271554554524
128.0,8.0,8.602325267042627,11.045361017187261,16.1245154965971,16.278820596099706,26.627053911388696,26.90724809414742,26.248809496813376,23.600847442411894,27.80287754891569,33.24154027718932,32.64965543462902,21.02379604162864,24.186773244895647,30.0,23.259406699226016,19.849433241279208,29.732137494637012,19.849433241279208,23.706539182259394,18.788294228055936,16.64331697709324,17.029386365926403,24.698178070456937,16.278820596099706,22.02271554554524,0.0,0.0,0.0,0.0,0.0,0.0,0.0,0.0,0.0,0.0,0.0,9.0,13.601470508735444,14.142135623730951,14.317821063276353,4.123105625617661,15.231546211727817,10.816653826391969,14.7648230602334,20.248456731316587,17.11724276862369,20.615528128088304,32.28002478313795,26.40075756488817,18.110770276274835,21.587033144922902,32.2490309931942,29.120439557122072,26.248809496813376,20.615528128088304,32.38826948140329,38.05259518088089,22.561028345356956,15.811388300841896,20.591260281974,13.601470508735444,21.587033144922902
139.54210834009928,7.0,18.439088914585774,4.123105625617661,14.7648230602334,22.47220505424423,15.132745950421556,26.0,21.95449840010015,19.235384061671343,16.76305461424021,18.788294228055936,32.55764119219941,22.360679774997898,25.019992006393608,19.0,27.018512172212592,25.96150997149434,23.706539182259394,21.470910553583888,22.20360331117452,15.556349186104045,22.47220505424423,15.264337522473747,16.492422502470642,13.92838827718412,17.08800749063506,0.0,0.0,0.0,0.0,0.0,0.0,0.0,0.0,0.0,0.0,0.0,9.848857801796104,7.0,11.180339887498949,13.152946437965905,15.132745950421556,12.649110640673518,18.110770276274835,26.248809496813376,19.235384061671343,26.40075756488817,21.213203435596427,16.1245154965971,23.345235059857504,15.0,24.698178070456937,22.47220505424423,24.20743687382041,21.213203435596427,33.12099032335839,20.615528128088304,16.76305461424021,19.235384061671343,13.416407864998739,12.041594578792296,14.7648230602334,14.142135623730951
164.92422502470643,6.0,12.36931687685298,8.06225774829855,12.041594578792296,3.605551275463989,19.313207915827967,13.45362404707371,23.769728648009426,13.45362404707371,27.459060435491963,17.0,16.76305461424021,21.95449840010015,25.179356624028344,23.259406699226016,29.120439557122072,21.2602916254693,20.591260281974,18.027756377319946,24.515301344262525,17.0,17.46424919657298,17.88854381999832,10.0,24.413111231467404,19.235384061671343,0.0,0.0,0.0,0.0,0.0,0.0,0.0,0.0,0.0,0.0,0.0,15.811388300841896,5.0990195135927845,7.810249675906654,11.661903789690601,15.231546211727817,12.041594578792296,19.4164878389476,12.165525060596439,24.596747752497688,14.560219778561036,6.082762530298219,20.09975124224178,24.515301344262525,28.0178514522438,12.041594578792296,23.600847442411894,26.832815729997478,31.38470965295043,18.24828759089466,21.840329667841555,19.6468827043885,21.37755832643195,19.209372712298546,15.132745950421556,17.46424919657298,8.246211251235321
125.53883861180172,6.0,3.605551275463989,13.341664064126334,10.198039027185569,13.45362404707371,10.04987562112089,12.083045973594572,14.212670403551895,12.806248474865697,17.029386365926403,12.529964086141668,15.556349186104045,21.400934559032695,19.72308292331602,20.808652046684813,22.80350850198276,18.35755975068582,23.345235059857504,18.601075237738275,15.0,17.46424919657298,19.4164878389476,12.649110640673518,13.038404810405298,14.142135623730951,8.54400374531753,0.0,0.0,0.0,0.0,0.0,0.0,0.0,0.0,0.0,0.0,0.0,7.0710678118654755,7.615773105863909,12.206555615733702,9.055385138137417,14.7648230602334,9.486832980505138,6.324555320336759,14.422205101855956,17.88854381999832,11.704699910719626,14.422205101855956,18.384776310850235,6.708203932499369,24.166091947189145,18.110770276274835,23.08679276123039,20.808652046684813,20.615528128088304,16.55294535724685,17.46424919657298,18.601075237738275,21.0,14.560219778561036,17.08800749063506,20.223748416156685,5.0990195135927845
110.02272492535349,9.0,14.317821063276353,12.649110640673518,5.830951894845301,18.601075237738275,16.401219466856727,11.40175425099138,20.0,10.63014581273465,15.524174696260024,29.410882339705484,16.1245154965971,37.20215047547655,25.553864678361276,30.083217912982647,28.319604517012593,24.166091947189145,32.202484376209235,28.460498941515414,20.8806130178211,17.46424919657298,18.110770276274835,18.681541692269406,17.26267650163207,15.556349186104045,12.206555615733702,0.0,0.0,0.0,0.0,0.0,0.0,0.0,0.0,0.0,0.0,0.0,10.04987562112089,11.40175425099138,8.0,13.152946437965905,19.209372712298546,16.401219466856727,12.041594578792296,19.235384061671343,23.021728866442675,18.24828759089466,28.653097563788805,22.02271554554524,21.02379604162864,21.540659228538015,30.675723300355934,31.32091952673165,24.041630560342615,22.67156809750927,22.135943621178654,29.154759474226502,38.118237105091836,24.186773244895647,22.0,26.570660511172846,20.615528128088304,8.06225774829855
103.09219175087898,6.0,14.7648230602334,12.806248474865697,14.317821063276353,14.212670403551895,26.1725046566048,20.8806130178211,17.26267650163207,16.1245154965971,20.615528128088304,20.591260281974,31.38470965295043,30.083217912982647,30.4138126514911,19.235384061671343,30.805843601498726,26.832815729997478,21.02379604162864,21.0,21.02379604162864,17.72004514666935,17.26267650163207,10.295630140987,14.866068747318506,8.246211251235321,14.142135623730951,0.0,0.0,0.0,0.0,0.0,0.0,0.0,0.0,0.0,0.0,0.0,13.416407864998739,17.26267650163207,11.40175425099138,21.02379604162864,17.204650534085253,13.038404810405298,13.0,21.633307652783937,16.97056274847714,16.64331697709324,18.973665961010276,24.186773244895647,26.0,24.020824298928627,24.331050121192877,29.410882339705484,28.635642126552707,24.08318915758459,30.59411708155671,22.02271554554524,20.223748416156685,27.018512172212592,20.223748416156685,17.46424919657298,5.0990195135927845,6.0
128.0,8.0,25.495097567963924,22.47220505424423,21.633307652783937,29.206163733020468,29.068883707497267,32.64965543462902,25.942243542145693,28.231188426986208,23.259406699226016,26.92582403567252,20.8806130178211,20.248456731316587,21.470910553583888,14.560219778561036,13.601470508735444,8.602325267042627,1.0,5.0990195135927845,5.0,7.280109889280518,11.0,12.36931687685298,18.027756377319946,19.1049731745428,18.681541692269406,0.0,0.0,0.0,0.0,0.0,0.0,0.0,0.0,0.0,0.0,0.0,28.160255680657446,33.52610922848042,31.78049716414141,31.76476034853718,28.231188426986208,34.0147027033899,31.622776601683793,29.68164415931166,31.064449134018133,27.730849247724095,22.847319317591726,28.178005607210743,13.92838827718412,19.924858845171276,15.0,12.649110640673518,5.385164807134504,11.40175425099138,3.605551275463989,7.280109889280518,3.1622776601683795,10.198039027185569,15.556349186104045,10.44030650891055,21.02379604162864,20.8806130178211
132.48396129343357,7.0,21.633307652783937,25.495097567963924,28.178005607210743,24.758836806279895,31.144823004794873,26.40075756488817,24.08318915758459,25.059928172283335,30.805843601498726,28.635642126552707,22.20360331117452,24.413111231467404,18.439088914585774,13.038404810405298,6.708203932499369,5.0990195135927845,5.0,7.0,6.0,11.180339887498949,13.601470508735444,10.63014581273465,10.198039027185569,19.4164878389476,20.615528128088304,0.0,0.0,0.0,0.0,0.0,0.0,0.0,0.0,0.0,0.0,0.0,24.839484696748443,30.610455730027933,29.732137494637012,21.93171219946131,24.186773244895647,23.853720883753127,29.068883707497267,27.80287754891569,23.706539182259394,14.866068747318506,30.4138126514911,18.384776310850235,26.40075756488817,13.038404810405298,14.035668847618199,6.324555320336759,14.866068747318506,7.211102550927978,7.0710678118654755,10.770329614269007,12.041594578792296,6.708203932499369,15.033296378372908,10.44030650891055,15.264337522473747,15.524174696260024
118.72657663724664,6.0,22.80350850198276,32.64965543462902,24.041630560342615,28.600699292150182,36.24913792078372,32.802438933713454,24.041630560342615,26.476404589747453,25.495097567963924,26.90724809414742,19.1049731745428,16.1245154965971,23.430749027719962,9.486832980505138,14.212670403551895,7.280109889280518,12.727922061357855,7.615773105863909,6.708203932499369,12.083045973594572,6.4031242374328485,16.401219466856727,14.422205101855956,22.67156809750927,14.866068747318506,0.0,0.0,0.0,0.0,0.0,0.0,0.0,0.0,0.0,0.0,0.0,25.079872407968907,21.587033144922902,25.317977802344327,21.587033144922902,26.476404589747453,24.331050121192877,24.515301344262525,26.076809620810597,15.524174696260024,28.460498941515414,30.14962686336267,16.278820596099706,13.92838827718412,8.246211251235321,22.825424421026653,14.142135623730951,5.0,8.06225774829855,12.649110640673518,10.816653826391969,3.1622776601683795,10.0,20.248456731316587,10.0,10.770329614269007,11.180339887498949
93.38094023943002,11.0,67.26812023536856,55.90169943749474,61.61168720299745,47.92702786528704,76.21679604916491,63.631753079732135,59.481089431852205,69.6419413859206,66.61080993352356,64.03124237432849,49.92995093127971,42.638011210655684,40.22437072223753,38.948684188300895,34.66987164671943,13.601470508735444,3.605551275463989,11.40175425099138,17.4928556845359,20.615528128088304,26.92582403567252,33.61547262794322,29.732137494637012,37.73592452822641,34.40930106817051,0.0,0.0,0.0,0.0,0.0,0.0,0.0,0.0,0.0,0.0,0.0,61.98386886924694,62.51399843235114,69.58448102845921,73.54590403278758,74.33034373659252,68.0294054067798,62.03224967708329,61.00819617067857,71.17583859709698,52.46903848937962,56.00892785976178,45.880278987817846,47.095647357266465,39.395431207184416,29.832867780352597,7.0710678118654755,15.0,15.0,24.596747752497688,24.020824298928627,17.26267650163207,17.08800749063506,30.479501308256342,32.202484376209235,41.400483088968905,46.32493928760188
139.54210834009928,7.0,40.52159917870962,69.35416353759881,77.4919350642375,56.293871780150276,77.10382610480494,73.37574531137656,62.20128616033595,71.56814934033156,82.21921916437786,61.98386886924694,56.92099788303083,59.20304046246274,26.832815729997478,39.81205847478876,21.02379604162864,14.142135623730951,9.0,9.055385138137417,23.600847442411894,8.54400374531753,28.600699292150182,33.24154027718932,35.608987629529715,35.35533905932738,46.06517122512408,0.0,0.0,0.0,0.0,0.0,0.0,0.0,0.0,0.0,0.0,0.0,62.297672508690084,72.91776189653656,74.73285756613352,67.23094525588644,72.56031973468694,62.76941930590086,66.40783086353596,56.36488268416781,58.59180830116101,49.658836071740545,47.50789408087881,49.193495504995376,46.87216658103186,37.64306044943742,18.601075237738275,13.601470508735444,31.11269837220809,8.06225774829855,3.605551275463989,22.360679774997898,24.186773244895647,28.460498941515414,16.278820596099706,46.389654018972806,33.95585369269929,36.6742416417845
164.92422502470643,6.0,48.91829923454004,52.354560450833695,40.792156108742276,64.5600495662759,61.326992425847855,55.31726674375732,64.8459713474939,54.56189146281496,52.55473337388365,66.48308055437865,47.75981574503821,44.721359549995796,26.570660511172846,36.76955262170047,19.026297590440446,10.770329614269007,12.529964086141668,8.246211251235321,8.246211251235321,20.09975124224178,32.2490309931942,33.015148038438355,38.27531841800928,46.57252408878007,43.829214001622255,0.0,0.0,0.0,0.0,0.0,0.0,0.0,0.0,0.0,0.0,0.0,66.70832032063167,69.2314957226839,72.3671196055225,68.73136110975832,67.89698078707183,64.76109943476871,73.54590403278758,55.731499172371095,64.77653896280658,57.21887800367987,49.16299421312742,41.012193308819754,46.32493928760188,32.55764119219941,30.01666203960727,23.345235059857504,14.212670403551895,24.73863375370596,8.06225774829855,8.54400374531753,9.899494936611665,26.40075756488817,33.28663395418648,33.13608305156178,62.369864518050704,54.20332093147061
125.53883861180172,6.0,64.07027391856539,53.75872022286245,59.80802621722272,74.73285756613352,49.03060268852505,58.52349955359813,70.11419257183242,66.007575322837,68.0294054067798,51.03920062069938,55.00909015790027,44.553338819890925,39.84971769034255,32.31098884280702,18.24828759089466,15.297058540778355,15.231546211727817,12.36931687685298,5.0990195135927845,13.416407864998739,18.027756377319946,24.08318915758459,42.15447781671598,39.56008088970496,41.43669871020132,0.0,0.0,0.0,0.0,0.0,0.0,0.0,0.0,0.0,0.0,0.0,63.071388124885914,59.464274989274024,60.41522986797286,66.64833081180653,75.39230729988306,73.35529974037323,72.49827584156743,67.95586803212802,61.773780845922005,57.4543296888929,56.08029957123981,48.703182647543684,36.89173349139343,33.734255586866,27.294688127912362,14.317821063276353,15.652475842498529,12.0,8.94427190999916,22.80350850198276,9.219544457292887,31.32091952673165,36.40054944640259,21.587033144922902,32.802438933713454,52.630789467763066
110.02272492535349,9.0,58.180752831155424,39.20459156782532,64.8459713474939,71.8679344353238,55.10898293381942,71.80529228406496,66.48308055437865,59.90826320300064,60.876925020897694,52.88667128870941,44.384682042344295,56.0357029044876,37.33630940518894,31.622776601683793,23.021728866442675,15.811388300841896,7.810249675906654,5.0,11.0,17.029386365926403,26.476404589747453,27.892651361962706,29.274562336608895,43.93176527297759,43.174066289845804,0.0,0.0,0.0,0.0,0.0,0.0,0.0,0.0,0.0,0.0,0.0,61.35144660071187,65.5133574166368,68.62215385719105,66.70832032063167,65.0,64.62197768561404,64.47480127925948,61.71709649683789,60.166435825965294,53.225933528685054,46.51881339845203,46.51881339845203,39.11521443121589,38.2099463490856,22.47220505424423,21.587033144922902,22.02271554554524,17.804493814764857,15.231546211727817,11.045361017187261,29.966648127543394,14.035668847618199,29.068883707497267,43.104524124504614,47.75981574503821,38.07886552931954
103.09219175087898,6.0,40.11234224026316,69.92138442565336,65.06919393998976,77.27871634544663,72.61542535852834,67.89698078707183,57.0350769263968,66.03029607687671,56.32051136131489,59.21148537234985,58.309518948453004,55.08175741568164,31.016124838541646,37.12142238654117,14.142135623730951,17.11724276862369,5.0,14.0,15.0,15.0,27.892651361962706,34.92849839314596,31.38470965295043,40.311288741492746,42.941821107167776,0.0,0.0,0.0,0.0,0.0,0.0,0.0,0.0,0.0,0.0,0.0,62.96824596572466,66.73080248281148,64.4980619863884,63.00793600809346,67.42403132415029,61.61168720299745,70.80254232723568,57.38466694161429,61.29437168288782,51.86520991955976,53.823786563191554,51.97114584074513,47.70744176750625,32.38826948140329,29.120439557122072,24.186773244895647,14.422205101855956,14.866068747318506,15.132745950421556,18.027756377319946,24.698178070456937,30.083217912982647,24.0,40.80441152620633,23.345235059857504,33.24154027718932
36.71511950137164,14.0,9.055385138137417,10.816653826391969,11.313708498984761,12.649110640673518,16.55294535724685,18.601075237738275,25.80697580112788,17.204650534085253,19.1049731745428,9.433981132056603,26.92582403567252,24.698178070456937,31.76476034853718,26.68332812825267,30.4138126514911,26.40075756488817,21.095023109728988,24.041630560342615,19.209372712298546,23.345235059857504,23.021728866442675,12.165525060596439,11.180339887498949,11.045361017187261,7.615773105863909,0.0,0.0,0.0,0.0,0.0,0.0,0.0,0.0,0.0,0.0,0.0,6.082762530298219,8.06225774829855,13.0,8.06225774829855,13.0,16.97056274847714,18.35755975068582,18.439088914585774,21.02379604162864,17.11724276862369,24.515301344262525,15.297058540778355,21.95449840010015,21.95449840010015,34.40930106817051,24.413111231467404,31.76476034853718,23.345235059857504,23.08679276123039,22.80350850198276,18.384776310850235,18.788294228055936,21.400934559032695,18.601075237738275,15.556349186104045,19.6468827043885
56.0357029044876,13.0,13.92838827718412,16.15549442140351,15.524174696260024,16.1245154965971,20.09975124224178,22.135943621178654,21.095023109728988,19.235384061671343,23.769728648009426,26.570660511172846,14.866068747318506,27.459060435491963,30.066592756745816,27.459060435491963,17.0,22.561028345356956,23.259406699226016,18.439088914585774,24.351591323771842,22.360679774997898,8.06225774829855,18.384776310850235,15.264337522473747,11.661903789690601,10.63014581273465,0.0,0.0,0.0,0.0,0.0,0.0,0.0,0.0,0.0,0.0,0.0,7.0710678118654755,15.297058540778355,13.038404810405298,11.180339887498949,16.0312195418814,11.704699910719626,18.110770276274835,16.15549442140351,22.02271554554524,13.45362404707371,22.47220505424423,8.94427190999916,24.839484696748443,21.213203435596427,23.021728866442675,30.4138126514911,29.614185789921695,37.21558813185679,20.615528128088304,15.033296378372908,22.80350850198276,22.20360331117452,15.033296378372908,17.69180601295413,19.1049731745428,14.7648230602334
155.3319027115808,10.0,12.041594578792296,14.866068747318506,13.601470508735444,15.620499351813308,16.0312195418814,19.849433241279208,20.808652046684813,20.8806130178211,15.652475842498529,15.811388300841896,22.67156809750927,27.784887978899608,34.0,25.942243542145693,27.51363298439521,23.323807579381203,20.615528128088304,23.345235059857504,20.248456731316587,18.027756377319946,17.0,11.0,15.0,21.18962010041709,12.649110640673518,0.0,0.0,0.0,0.0,0.0,0.0,0.0,0.0,0.0,0.0,0.0,16.401219466856727,11.045361017187261,12.041594578792296,11.704699910719626,14.0,15.264337522473747,18.35755975068582,21.540659228538015,17.204650534085253,21.095023109728988,23.600847442411894,25.298221281347036,22.360679774997898,26.076809620810597,20.396078054371138,31.78049716414141,18.027756377319946,25.96150997149434,23.08679276123039,25.0,18.24828759089466,16.492422502470642,12.165525060596439,18.0,23.345235059857504,15.524174696260024
133.4541119636259,20.0,28.442925306655784,24.020824298928627,26.40075756488817,28.460498941515414,27.65863337187866,33.54101966249684,29.410882339705484,28.653097563788805,30.4138126514911,30.0,24.413111231467404,16.278820596099706,14.866068747318506,15.0,7.211102550927978,7.615773105863909,2.23606797749979,3.0,1.4142135623730951,9.433981132056603,14.422205101855956,14.7648230602334,16.401219466856727,20.0,20.808652046684813,0.0,0.0,0.0,0.0,0.0,0.0,0.0,0.0,0.0,0.0,0.0,24.839484696748443,25.495097567963924,24.758836806279895,24.758836806279895,27.202941017470888,24.08318915758459,25.45584412271571,21.93171219946131,21.93171219946131,24.758836806279895,18.439088914585774,22.20360331117452,18.867962264113206,20.0,17.46424919657298,15.231546211727817,10.770329614269007,9.0,12.165525060596439,7.211102550927978,12.083045973594572,8.602325267042627,13.416407864998739,16.401219466856727,14.317821063276353,19.1049731745428
140.07141035914503,9.0,29.68164415931166,28.0178514522438,30.870698080866262,28.178005607210743,31.400636936215164,35.35533905932738,30.083217912982647,33.1058907144937,28.792360097775937,21.93171219946131,36.05551275463989,36.40054944640259,17.204650534085253,13.45362404707371,14.317821063276353,12.36931687685298,4.47213595499958,10.63014581273465,6.708203932499369,2.23606797749979,20.615528128088304,22.67156809750927,17.204650534085253,24.041630560342615,18.973665961010276,0.0,0.0,0.0,0.0,0.0,0.0,0.0,0.0,0.0,0.0,0.0,19.313207915827967,25.079872407968907,25.709920264364882,22.80350850198276,26.419689627245813,25.298221281347036,28.460498941515414,27.892651361962706,23.430749027719962,21.587033144922902,21.93171219946131,19.235384061671343,19.235384061671343,12.529964086141668,24.839484696748443,17.204650534085253,21.2602916254693,16.278820596099706,8.246211251235321,21.02379604162864,12.041594578792296,9.899494936611665,13.601470508735444,12.36931687685298,16.64331697709324,20.518284528683193
120.50726119201282,21.0,19.313207915827967,23.600847442411894,26.076809620810597,32.69556544854363,27.202941017470888,38.01315561749642,28.844410203711913,25.019992006393608,20.248456731316587,29.154759474226502,27.892651361962706,22.561028345356956,19.4164878389476,13.892443989449804,22.090722034374522,13.0,7.280109889280518,8.48528137423857,6.4031242374328485,5.0990195135927845,9.0,11.180339887498949,17.029386365926403,21.587033144922902,18.24828759089466,0.0,0.0,0.0,0.0,0.0,0.0,0.0,0.0,0.0,0.0,0.0,19.79898987322333,21.2602916254693,26.1725046566048,22.360679774997898,19.1049731745428,22.02271554554524,20.615528128088304,27.784887978899608,26.1725046566048,29.732137494637012,17.804493814764857,15.033296378372908,24.166091947189145,17.72004514666935,21.02379604162864,18.0,14.212670403551895,7.280109889280518,8.06225774829855,7.810249675906654,12.165525060596439,17.029386365926403,5.830951894845301,8.94427190999916,12.165525060596439,21.095023109728988
88.02272433866155,10.0,58.728187440104094,71.69379331573968,73.55270219373317,77.20103626247513,62.96824596572466,73.24616030891995,73.23933369440222,77.62087348130012,76.00657866263946,63.631753079732135,58.66856057549052,48.83646178829912,46.06517122512408,37.8021163428716,31.064449134018133,20.09975124224178,7.0,11.704699910719626,8.602325267042627,18.384776310850235,27.459060435491963,31.38470965295043,44.384682042344295,43.01162633521314,50.28916384272063,0.0,0.0,0.0,0.0,0.0,0.0,0.0,0.0,0.0,0.0,0.0,44.9221548904324,56.92099788303083,57.87054518492115,54.3415126767741,55.57877292636101,47.16990566028302,52.49761899362675,46.87216658103186,54.230987451824994,49.64876634922564,39.21734310225516,40.01249804748511,50.039984012787215,53.46026561849464,29.410882339705484,45.48626166217664,29.410882339705484,18.867962264113206,15.556349186104045,13.0,26.68332812825267,21.095023109728988,23.08679276123039,36.76955262170047,37.12142238654117,41.72529209005013
36.71511950137164,14.0,64.63745044476924,62.625873247404705,64.19501538281614,51.0098029794274,69.77822009767804,75.39230729988306,85.07055894961546,82.63776376451628,71.17583859709698,59.90826320300064,48.08326112068523,52.20153254455275,52.80151512977634,40.8166632639171,33.24154027718932,22.20360331117452,4.123105625617661,6.708203932499369,13.0,23.345235059857504,33.60059523282288,31.827660925679098,43.278170016764804,43.139309220245984,44.68780594300866,0.0,0.0,0.0,0.0,0.0,0.0,0.0,0.0,0.0,0.0,0.0,61.71709649683789,47.53945729601885,54.405882034941776,61.91122676865643,62.64982043070834,44.77722635447622,53.25410782277739,53.85164807134504,55.80322571321482,45.221676218380054,53.85164807134504,45.967379738244816,42.80186911806539,46.010868281309364,36.05551275463989,26.40075756488817,34.785054261852174,25.632011235952593,19.4164878389476,15.033296378372908,26.90724809414742,42.43819034784589,19.4164878389476,36.6742416417845,14.866068747318506,36.05551275463989
128.0,8.0,55.154328932550705,65.11528238439882,77.6659513557904,68.01470429252781,100.4987562112089,75.82216034906945,74.24957912338628,65.80273550544841,58.83026432033091,61.773780845922005,60.83584469702052,50.80354318352215,41.6293165929973,30.886890422961002,25.709920264364882,17.029386365926403,7.0,6.324555320336759,16.278820596099706,14.422205101855956,24.73863375370596,31.32091952673165,42.5440947723653,37.94733192202055,45.5411901469428,0.0,0.0,0.0,0.0,0.0,0.0,0.0,0.0,0.0,0.0,0.0,50.00999900019995,50.48762224545735,57.271284253105414,55.78530272392541,56.04462507680822,54.589376255824725,55.10898293381942,57.271284253105414,52.49761899362675,49.76946855251722,54.62600113499065,46.17358552246078,44.384682042344295,51.03920062069938,28.30194339616981,25.059928172283335,33.24154027718932,22.825424421026653,22.360679774997898,17.029386365926403,19.924858845171276,15.620499351813308,15.556349186104045,32.2490309931942,28.0178514522438,35.77708763999664
33.06055050963308,16.0,63.25345840347388,53.25410782277739,67.47592163134935,70.71067811865476,76.69419795525604,76.00657866263946,53.009433122794285,78.29431652425353,62.433965115151864,65.80273550544841,59.941638282582836,46.238512086787566,47.43416490252569,35.17101079013795,31.400636936215164,14.317821063276353,13.892443989449804,1.4142135623730951,15.652475842498529,21.2602916254693,35.77708763999664,38.948684188300895,36.24913792078372,38.91015291668744,49.39635614091387,0.0,0.0,0.0,0.0,0.0,0.0,0.0,0.0,0.0,0.0,0.0,46.61544808322666,46.57252408878007,53.75872022286245,61.98386886924694,56.04462507680822,59.30430001273095,53.36665625650534,48.05205510693585,52.172789842982326,50.635955604688654,62.64982043070834,47.01063709417264,44.553338819890925,32.28002478313795,38.8329756778952,25.709920264364882,33.60059523282288,23.259406699226016,17.46424919657298,12.649110640673518,20.09975124224178,24.413111231467404,25.0,33.015148038438355,36.40054944640259,49.678969393496885
70.03570517957252,12.0,72.56031973468694,77.87810988975015,66.2117814289874,84.11896337925236,75.50496672405067,72.3671196055225,66.40783086353596,76.4198926981712,72.3671196055225,74.43117626371358,55.44366510251645,56.568542494923804,52.46903848937962,34.36568055487916,18.973665961010276,34.438350715445125,12.041594578792296,8.54400374531753,6.082762530298219,18.24828759089466,27.892651361962706,31.76476034853718,35.6931365951495,47.29693436154187,56.88585061331157,0.0,0.0,0.0,0.0,0.0,0.0,0.0,0.0,0.0,0.0,0.0,43.266615305567875,43.41658669218482,48.60041152089147,55.90169943749474,53.2634959423431,39.6232255123179,53.907327887774215,54.56189146281496,46.04345773288535,48.27007354458868,54.037024344425184,54.817880294662984,55.154328932550705,41.23105625617661,37.48332962798263,31.016124838541646,33.24154027718932,23.345235059857504,14.142135623730951,18.384776310850235,28.071337695236398,27.51363298439521,19.1049731745428,30.066592756745816,25.019992006393608,41.10960958218893
139.54210834009928,7.0,61.39218191268331,52.81098370604357,58.18934610390462,66.2117814289874,78.29431652425353,88.32326986700618,69.83552104767315,72.89718787443039,65.92419889539804,60.63827174318213,52.354560450833695,53.03772242470448,42.720018726587654,39.01281840626232,24.73863375370596,20.024984394500787,5.0990195135927845,9.433981132056603,17.804493814764857,16.64331697709324,30.23243291566195,33.60059523282288,39.81205847478876,43.829214001622255,51.478150704935004,0.0,0.0,0.0,0.0,0.0,0.0,0.0,0.0,0.0,0.0,0.0,52.839379254491625,50.15974481593781,55.21775076911409,56.0357029044876,59.81638571495272,47.50789408087881,57.48912940721924,47.50789408087881,60.207972893961475,46.69047011971501,48.877397639399746,53.2634959423431,41.400483088968905,45.70557952810576,28.460498941515414,31.622776601683793,21.213203435596427,25.553864678361276,18.867962264113206,22.360679774997898,12.041594578792296,24.0,10.0,45.17742799230607,42.04759208325728,40.311288741492746
99.29753269845128,5.0,69.6419413859206,71.02816342831905,54.78138369920935,77.46612162745726,66.61080993352356,83.40863264674707,91.35097153287424,70.26378868236469,65.30696746902278,73.35529974037323,52.81098370604357,52.80151512977634,36.138621999185304,43.93176527297759,28.160255680657446,14.317821063276353,9.219544457292887,6.0,16.0312195418814,14.422205101855956,31.622776601683793,31.906112267087632,43.04648650006177,40.607881008493905,45.69463863518345,0.0,0.0,0.0,0.0,0.0,0.0,0.0,0.0,0.0,0.0,0.0,41.10960958218893,44.598206241955516,54.45181356024793,54.037024344425184,55.569775957799216,51.73973328110612,51.31276644267,55.47071299343465,49.39635614091387,44.28317965096906,44.721359549995796,41.773197148410844,40.11234224026316,39.05124837953327,40.607881008493905,37.33630940518894,20.024984394500787,31.38470965295043,2.23606797749979,10.0,19.849433241279208,12.041594578792296,30.4138126514911,23.259406699226016,37.20215047547655,39.96248240537617
103.09219175087898,6.0,8.06225774829855,11.40175425099138,10.770329614269007,15.652475842498529,10.295630140987,17.46424919657298,11.704699910719626,18.027756377319946,18.439088914585774,23.08679276123039,21.095023109728988,19.235384061671343,27.0,28.0,26.019223662515376,24.596747752497688,25.019992006393608,26.1725046566048,20.396078054371138,22.360679774997898,15.811388300841896,19.235384061671343,9.219544457292887,14.422205101855956,8.246211251235321,0.0,0.0,0.0,0.0,0.0,0.0,0.0,0.0,0.0,0.0,0.0,10.295630140987,14.7648230602334,8.06225774829855,12.0,12.041594578792296,15.524174696260024,10.816653826391969,13.92838827718412,21.633307652783937,13.601470508735444,20.12461179749811,12.529964086141668,20.248456731316587,22.360679774997898,16.76305461424021,21.18962010041709,28.231188426986208,19.1049731745428,20.615528128088304,14.317821063276353,21.37755832643195,20.024984394500787,15.811388300841896,18.027756377319946,17.029386365926403,9.486832980505138
125.53883861180172,6.0,17.72004514666935,19.697715603592208,16.401219466856727,15.524174696260024,23.08679276123039,19.313207915827967,18.384776310850235,20.223748416156685,27.073972741361768,25.079872407968907,22.090722034374522,23.40939982143925,27.459060435491963,22.360679774997898,24.0,20.223748416156685,22.090722034374522,26.076809620810597,18.027756377319946,25.80697580112788,16.278820596099706,13.601470508735444,3.605551275463989,13.416407864998739,12.529964086141668,0.0,0.0,0.0,0.0,0.0,0.0,0.0,0.0,0.0,0.0,0.0,7.211102550927978,9.219544457292887,11.40175425099138,15.811388300841896,18.35755975068582,16.0312195418814,19.209372712298546,17.029386365926403,19.1049731745428,20.808652046684813,20.518284528683193,18.439088914585774,22.02271554554524,25.553864678361276,18.601075237738275,25.495097567963924,15.0,31.016124838541646,27.018512172212592,26.076809620810597,18.24828759089466,24.08318915758459,23.53720459187964,22.02271554554524,13.45362404707371,10.63014581273465
128.0,8.0,13.601470508735444,15.264337522473747,20.615528128088304,17.46424919657298,16.55294535724685,19.0,16.97056274847714,31.575306807693888,16.492422502470642,19.6468827043885,25.019992006393608,25.019992006393608,23.40939982143925,21.095023109728988,26.019223662515376,21.02379604162864,16.15549442140351,18.027756377319946,23.706539182259394,18.973665961010276,12.206555615733702,17.029386365926403,14.212670403551895,8.94427190999916,13.892443989449804,0.0,0.0,0.0,0.0,0.0,0.0,0.0,0.0,0.0,0.0,0.0,11.313708498984761,14.866068747318506,13.152946437965905,12.806248474865697,9.848857801796104,12.806248474865697,24.20743687382041,16.55294535724685,15.811388300841896,24.020824298928627,24.041630560342615,19.4164878389476,20.024984394500787,16.278820596099706,19.4164878389476,28.160255680657446,32.28002478313795,25.495097567963924,14.142135623730951,23.08679276123039,27.459060435491963,16.1245154965971,22.360679774997898,8.06225774829855,18.973665961010276,15.0
103.09219175087898,6.0,17.4928556845359,16.97056274847714,18.027756377319946,16.278820596099706,13.601470508735444,21.540659228538015,10.63014581273465,16.278820596099706,20.591260281974,20.0,21.2602916254693,20.615528128088304,31.76476034853718,23.021728866442675,27.51363298439521,20.8806130178211,26.476404589747453,15.132745950421556,22.090722034374522,23.08679276123039,16.1245154965971,19.697715603592208,19.924858845171276,12.206555615733702,22.67156809750927,0.0,0.0,0.0,0.0,0.0,0.0,0.0,0.0,0.0,0.0,0.0,10.198039027185569,11.40175425099138,17.11724276862369,16.401219466856727,13.601470508735444,17.69180601295413,11.40175425099138,22.135943621178654,20.0,15.524174696260024,20.09975124224178,20.09975124224178,26.076809620810597,22.360679774997898,17.26267650163207,18.439088914585774,25.317977802344327,23.769728648009426,30.59411708155671,23.769728648009426,24.515301344262525,14.7648230602334,23.08679276123039,25.238858928247925,11.045361017187261,10.295630140987
124.61540835707277,8.0,5.830951894845301,5.385164807134504,18.027756377319946,9.848857801796104,18.027756377319946,14.212670403551895,12.806248474865697,19.4164878389476,22.02271554554524,11.045361017187261,29.5296461204668,20.808652046684813,23.430749027719962,29.732137494637012,23.706539182259394,21.840329667841555,22.80350850198276,16.1245154965971,25.632011235952593,16.278820596099706,21.840329667841555,22.80350850198276,12.36931687685298,16.55294535724685,5.385164807134504,0.0,0.0,0.0,0.0,0.0,0.0,0.0,0.0,0.0,0.0,0.0,14.317821063276353,14.0,18.0,9.0,12.0,20.223748416156685,15.524174696260024,18.439088914585774,21.0,20.615528128088304,20.396078054371138,23.430749027719962,17.88854381999832,20.518284528683193,23.853720883753127,22.47220505424423,17.204650534085253,29.068883707497267,27.80287754891569,28.0178514522438,20.615528128088304,24.758836806279895,25.238858928247925,22.67156809750927,14.422205101855956,12.206555615733702
124.61540835707277,8.0,17.46424919657298,27.586228448267445,31.38470965295043,30.083217912982647,23.323807579381203,29.5296461204668,25.942243542145693,30.610455730027933,22.47220505424423,22.80350850198276,21.93171219946131,13.416407864998739,18.973665961010276,13.92838827718412,9.055385138137417,5.0,8.06225774829855,13.0,18.027756377319946,19.4164878389476,18.867962264113206,26.90724809414742,26.248809496813376,27.018512172212592,32.01562118716424,0.0,0.0,0.0,0.0,0.0,0.0,0.0,0.0,0.0,0.0,0.0,25.079872407968907,27.294688127912362,25.317977802344327,26.476404589747453,20.8806130178211,22.80350850198276,18.973665961010276,17.804493814764857,20.12461179749811,17.69180601295413,25.238858928247925,14.142135623730951,17.204650534085253,18.027756377319946,12.649110640673518,16.278820596099706,13.92838827718412,13.92838827718412,15.297058540778355,9.219544457292887,14.035668847618199,10.770329614269007,7.810249675906654,8.602325267042627,10.44030650891055,10.04987562112089
96.33794683301072,10.0,27.073972741361768,33.61547262794322,58.42088667591412,58.60034129593445,47.853944456021594,50.96076922496363,50.0,51.42956348249516,43.965895873961216,51.31276644267,33.12099032335839,38.48376280978771,30.4138126514911,29.068883707497267,18.027756377319946,17.08800749063506,18.601075237738275,20.808652046684813,38.3275357934736,31.953090617340916,37.94733192202055,46.2709412050371,44.28317965096906,54.147945482723536,54.589376255824725,0.0,0.0,0.0,0.0,0.0,0.0,0.0,0.0,0.0,0.0,0.0,38.897300677553446,42.579337712087536,44.27188724235731,40.718546143004666,41.14608122288197,37.48332962798263,36.40054944640259,32.01562118716424,29.154759474226502,35.22782990761707,28.861739379323623,32.28002478313795,29.017236257093817,27.073972741361768,29.120439557122072,20.591260281974,31.144823004794873,17.88854381999832,19.1049731745428,11.045361017187261,20.09975124224178,20.12461179749811,10.44030650891055,28.844410203711913,38.600518131237564,21.540659228538015
73.348483283569,11.0,41.88078318274385,22.47220505424423,70.09279563550022,57.0087712549569,39.05124837953327,48.84669896727925,47.53945729601885,40.162171256046406,51.24451190127583,42.579337712087536,39.56008088970496,64.0,25.079872407968907,23.0,17.46424919657298,19.849433241279208,25.96150997149434,18.384776310850235,25.495097567963924,33.97057550292606,34.20526275297414,45.79301256742124,43.56604182158393,51.31276644267,51.478150704935004,0.0,0.0,0.0,0.0,0.0,0.0,0.0,0.0,0.0,0.0,0.0,39.20459156782532,36.87817782917155,42.2965719651132,37.33630940518894,33.54101966249684,37.013511046643494,23.021728866442675,38.18376618407357,25.942243542145693,37.20215047547655,37.53664875824692,35.84689665786984,25.298221281347036,31.32091952673165,29.154759474226502,32.14031735997639,33.24154027718932,14.866068747318506,21.540659228538015,11.661903789690601,13.45362404707371,11.661903789690601,12.165525060596439,8.0,32.31098884280702,29.832867780352597
56.0357029044876,13.0,45.967379738244816,63.89053137985315,54.644304369257,43.93176527297759,64.35060217278468,61.032778078668514,44.598206241955516,54.589376255824725,47.16990566028302,44.384682042344295,40.311288741492746,47.75981574503821,29.0,19.1049731745428,25.0,15.620499351813308,19.026297590440446,15.811388300841896,31.76476034853718,30.886890422961002,35.805027579936315,46.861498055439924,36.796738985948195,48.104053883222775,53.75872022286245,0.0,0.0,0.0,0.0,0.0,0.0,0.0,0.0,0.0,0.0,0.0,33.37663853655727,37.69615364994153,41.7612260356422,45.221676218380054,31.89043743820395,38.8329756778952,30.23243291566195,26.92582403567252,33.97057550292606,25.632011235952593,20.024984394500787,29.274562336608895,27.073972741361768,37.16180835212409,26.92582403567252,22.135943621178654,10.295630140987,8.94427190999916,13.892443989449804,23.345235059857504,13.416407864998739,18.0,25.495097567963924,3.605551275463989,20.615528128088304,23.430749027719962
121.16517651536682,10.0,46.69047011971501,50.60632371551998,47.80167361086848,48.08326112068523,43.86342439892262,48.05205510693585,49.8196748283246,56.04462507680822,35.34119409414458,40.24922359499622,26.1725046566048,43.41658669218482,23.323807579381203,26.076809620810597,18.0,6.324555320336759,23.021728866442675,21.0,22.20360331117452,34.132096331752024,32.449961479175904,45.34313619501854,46.09772228646444,55.60575509783138,55.86591089385369,0.0,0.0,0.0,0.0,0.0,0.0,0.0,0.0,0.0,0.0,0.0,38.600518131237564,43.01162633521314,37.8549864614954,37.33630940518894,37.12142238654117,33.97057550292606,38.897300677553446,30.0,36.124783736376884,25.179356624028344,28.635642126552707,26.30589287593181,23.53720459187964,24.041630560342615,23.40939982143925,38.63935817272331,23.08679276123039,9.486832980505138,21.540659228538015,10.198039027185569,13.416407864998739,21.470910553583888,10.44030650891055,24.758836806279895,1.0,21.400934559032695
121.16517651536682,10.0,9.219544457292887,6.4031242374328485,19.1049731745428,7.810249675906654,24.351591323771842,16.15549442140351,27.294688127912362,20.615528128088304,26.076809620810597,35.805027579936315,18.601075237738275,26.1725046566048,42.5440947723653,27.294688127912362,24.041630560342615,33.94112549695428,21.540659228538015,26.248809496813376,19.1049731745428,18.439088914585774,12.529964086141668,17.4928556845359,8.54400374531753,17.72004514666935,13.92838827718412,0.0,0.0,0.0,0.0,0.0,0.0,0.0,0.0,0.0,0.0,0.0,12.727922061357855,10.04987562112089,10.63014581273465,11.313708498984761,13.038404810405298,14.212670403551895,16.15549442140351,19.1049731745428,13.038404810405298,19.4164878389476,10.04987562112089,29.154759474226502,33.28663395418648,18.867962264113206,24.186773244895647,25.0,22.20360331117452,25.238858928247925,14.866068747318506,15.0,22.360679774997898,19.79898987322333,19.79898987322333,26.90724809414742,8.54400374531753,13.601470508735444
88.02272433866155,10.0,10.0,12.206555615733702,23.769728648009426,15.0,12.806248474865697,25.45584412271571,12.083045973594572,26.40075756488817,29.154759474226502,25.495097567963924,19.235384061671343,36.40054944640259,5.0,17.26267650163207,25.942243542145693,23.769728648009426,22.02271554554524,26.40075756488817,33.24154027718932,15.033296378372908,19.313207915827967,11.661903789690601,30.4138126514911,12.041594578792296,13.152946437965905,0.0,0.0,0.0,0.0,0.0,0.0,0.0,0.0,0.0,0.0,0.0,9.433981132056603,12.041594578792296,15.264337522473747,21.18962010041709,21.93171219946131,13.892443989449804,26.92582403567252,15.132745950421556,22.02271554554524,18.973665961010276,31.953090617340916,16.1245154965971,21.840329667841555,24.698178070456937,24.020824298928627,21.540659228538015,30.805843601498726,22.47220505424423,34.058772731852805,20.396078054371138,18.439088914585774,16.401219466856727,15.264337522473747,14.317821063276353,3.1622776601683795,9.433981132056603
88.02272433866155,10.0,22.47220505424423,22.47220505424423,19.6468827043885,26.076809620810597,27.51363298439521,24.351591323771842,22.561028345356956,25.632011235952593,24.331050121192877,22.20360331117452,21.37755832643195,19.0,16.492422502470642,11.0,6.708203932499369,2.8284271247461903,3.605551275463989,5.0990195135927845,13.038404810405298,17.11724276862369,14.7648230602334,19.6468827043885,23.706539182259394,23.706539182259394,20.808652046684813,0.0,0.0,0.0,0.0,0.0,0.0,0.0,0.0,0.0,0.0,0.0,28.231188426986208,29.154759474226502,25.709920264364882,23.769728648009426,18.027756377319946,22.360679774997898,18.110770276274835,20.396078054371138,17.46424919657298,21.02379604162864,22.80350850198276,15.033296378372908,17.4928556845359,22.47220505424423,20.518284528683193,13.601470508735444,15.0,12.206555615733702,9.848857801796104,11.045361017187261,8.06225774829855,7.0710678118654755,7.211102550927978,10.44030650891055,9.486832980505138,18.439088914585774
103.09219175087898,6.0,4.123105625617661,5.0,17.26267650163207,18.110770276274835,15.811388300841896,21.540659228538015,24.413111231467404,16.1245154965971,21.095023109728988,30.59411708155671,23.53720459187964,28.861739379323623,26.0,21.633307652783937,31.016124838541646,28.442925306655784,25.80697580112788,24.698178070456937,18.439088914585774,13.416407864998739,20.248456731316587,22.20360331117452,15.0,17.11724276862369,17.11724276862369,0.0,0.0,0.0,0.0,0.0,0.0,0.0,0.0,0.0,0.0,0.0,5.830951894845301,13.0,12.041594578792296,7.280109889280518,11.40175425099138,13.038404810405298,12.206555615733702,12.083045973594572,20.396078054371138,13.92838827718412,15.556349186104045,19.79898987322333,17.204650534085253,22.47220505424423,26.627053911388696,24.758836806279895,27.784887978899608,17.88854381999832,15.264337522473747,26.0,22.090722034374522,25.709920264364882,21.633307652783937,14.142135623730951,22.67156809750927,15.652475842498529
103.09219175087898,6.0,17.0,11.180339887498949,12.083045973594572,18.601075237738275,13.416407864998739,14.866068747318506,21.540659228538015,16.278820596099706,18.027756377319946,28.635642126552707,26.92582403567252,22.47220505424423,23.769728648009426,27.294688127912362,23.430749027719962,24.698178070456937,23.259406699226016,23.600847442411894,16.64331697709324,18.35755975068582,20.518284528683193,21.213203435596427,16.76305461424021,15.033296378372908,19.0,0.0,0.0,0.0,0.0,0.0,0.0,0.0,0.0,0.0,0.0,0.0,11.313708498984761,17.69180601295413,8.94427190999916,12.36931687685298,12.529964086141668,13.601470508735444,17.26267650163207,13.601470508735444,15.231546211727817,21.540659228538015,20.8806130178211,17.204650534085253,21.633307652783937,25.0,25.0,22.02271554554524,26.248809496813376,22.80350850198276,27.294688127912362,24.20743687382041,18.384776310850235,18.027756377319946,22.47220505424423,12.041594578792296,20.248456731316587,14.7648230602334
103.09219175087898,9.0,18.110770276274835,17.804493814764857,15.524174696260024,20.09975124224178,14.0,16.15549442140351,26.0,20.223748416156685,27.16615541441225,22.090722034374522,28.792360097775937,25.059928172283335,26.30589287593181,31.016124838541646,27.073972741361768,25.0,23.0,23.08679276123039,26.92582403567252,18.439088914585774,22.847319317591726,17.69180601295413,20.0,13.601470508735444,12.206555615733702,0.0,0.0,0.0,0.0,0.0,0.0,0.0,0.0,0.0,0.0,0.0,15.264337522473747,13.152946437965905,13.038404810405298,15.231546211727817,16.1245154965971,14.560219778561036,19.4164878389476,22.47220505424423,22.80350850198276,19.697715603592208,16.64331697709324,23.769728648009426,22.20360331117452,25.942243542145693,20.591260281974,21.02379604162864,19.313207915827967,20.248456731316587,24.186773244895647,23.194827009486403,19.313207915827967,24.515301344262525,20.8806130178211,14.035668847618199,15.297058540778355,13.038404810405298
130.0,8.0,18.24828759089466,24.351591323771842,22.135943621178654,29.068883707497267,33.301651610693426,35.11409973215888,29.068883707497267,37.589892258425,25.80697580112788,27.018512172212592,25.45584412271571,21.095023109728988,18.867962264113206,14.317821063276353,10.770329614269007,10.198039027185569,4.123105625617661,6.082762530298219,10.0,7.810249675906654,10.816653826391969,13.341664064126334,17.88854381999832,19.6468827043885,23.769728648009426,0.0,0.0,0.0,0.0,0.0,0.0,0.0,0.0,0.0,0.0,0.0,25.079872407968907,27.16615541441225,24.515301344262525,22.561028345356956,23.08679276123039,21.18962010041709,23.08679276123039,17.88854381999832,19.209372712298546,17.804493814764857,18.601075237738275,22.20360331117452,19.849433241279208,18.027756377319946,17.46424919657298,14.317821063276353,16.0312195418814,13.038404810405298,13.152946437965905,7.0710678118654755,14.560219778561036,12.206555615733702,18.788294228055936,10.0,9.0,16.1245154965971
80.0,5.0,29.614185789921695,30.01666203960727,27.65863337187866,32.64965543462902,32.202484376209235,36.71511950137164,37.16180835212409,29.068883707497267,26.248809496813376,35.34119409414458,41.400483088968905,31.304951684997057,22.360679774997898,30.066592756745816,5.0,15.620499351813308,12.165525060596439,3.1622776601683795,12.806248474865697,5.656854249492381,15.033296378372908,21.095023109728988,8.54400374531753,18.24828759089466,24.0,0.0,0.0,0.0,0.0,0.0,0.0,0.0,0.0,0.0,0.0,0.0,28.0,22.090722034374522,29.0,32.14031735997639,26.0,21.213203435596427,24.020824298928627,27.51363298439521,27.073972741361768,24.186773244895647,12.041594578792296,31.622776601683793,25.553864678361276,28.319604517012593,19.0,13.0,14.142135623730951,11.180339887498949,18.110770276274835,18.788294228055936,11.40175425099138,7.0710678118654755,14.317821063276353,10.04987562112089,12.165525060596439,12.36931687685298
99.29753269845128,5.0,28.460498941515414,22.80350850198276,25.709920264364882,23.40939982143925,26.570660511172846,24.413111231467404,27.65863337187866,27.018512172212592,26.1725046566048,30.870698080866262,33.28663395418648,19.72308292331602,13.601470508735444,12.727922061357855,5.0,15.132745950421556,10.770329614269007,2.23606797749979,7.211102550927978,9.486832980505138,8.06225774829855,4.47213595499958,12.649110640673518,13.892443989449804,21.213203435596427,0.0,0.0,0.0,0.0,0.0,0.0,0.0,0.0,0.0,0.0,0.0,25.0,27.294688127912362,20.8806130178211,26.832815729997478,21.93171219946131,18.788294228055936,18.35755975068582,20.615528128088304,30.01666203960727,24.839484696748443,18.867962264113206,21.95449840010015,26.1725046566048,18.788294228055936,17.46424919657298,23.40939982143925,19.4164878389476,20.396078054371138,16.76305461424021,12.206555615733702,2.0,7.0710678118654755,5.0990195135927845,9.0,16.1245154965971,18.24828759089466
99.29753269845128,5.0,26.92582403567252,35.17101079013795,29.5296461204668,30.528675044947494,32.69556544854363,37.64306044943742,36.013886210738214,36.6742416417845,25.495097567963924,26.570660511172846,27.073972741361768,29.0,22.090722034374522,16.0,15.231546211727817,13.892443989449804,2.8284271247461903,3.0,13.45362404707371,11.180339887498949,13.038404810405298,13.416407864998739,19.026297590440446,23.0,25.179356624028344,0.0,0.0,0.0,0.0,0.0,0.0,0.0,0.0,0.0,0.0,0.0,32.0624390837628,27.892651361962706,22.02271554554524,24.73863375370596,21.840329667841555,26.248809496813376,25.96150997149434,21.470910553583888,28.844410203711913,23.345235059857504,20.518284528683193,21.95449840010015,23.40939982143925,23.706539182259394,23.08679276123039,22.80350850198276,17.11724276862369,16.492422502470642,18.439088914585774,11.180339887498949,11.0,14.317821063276353,14.866068747318506,6.708203932499369,18.110770276274835,11.180339887498949
99.29753269845128,5.0,43.01162633521314,82.28000972289685,65.7419196555744,61.71709649683789,73.79024325749306,73.824115301167,61.773780845922005,72.20110802473879,75.07329751649384,53.41348144429457,59.464274989274024,53.009433122794285,34.88552708502482,43.46262762420146,38.948684188300895,24.0,17.08800749063506,11.661903789690601,18.601075237738275,15.652475842498529,25.059928172283335,30.4138126514911,36.069377593742864,34.0,41.593268686170845,0.0,0.0,0.0,0.0,0.0,0.0,0.0,0.0,0.0,0.0,0.0,48.662100242385755,50.99019513592785,43.41658669218482,45.18849411078001,47.853944456021594,44.28317965096906,39.84971769034255,42.190046219457976,33.54101966249684,37.013511046643494,48.82622246293481,42.5440947723653,46.95742752749558,34.92849839314596,36.40054944640259,34.132096331752024,26.476404589747453,22.47220505424423,26.076809620810597,28.0178514522438,23.430749027719962,16.55294535724685,24.758836806279895,17.46424919657298,41.97618372363071,38.63935817272331
99.29753269845128,5.0,62.96824596572466,39.824615503479755,63.12685640834652,52.43090691567332,48.79549159502341,54.817880294662984,70.76722405181653,68.8839603971781,47.70744176750625,63.071388124885914,55.46169849544819,59.941638282582836,40.36087214122113,33.37663853655727,33.015148038438355,14.317821063276353,13.892443989449804,12.206555615733702,11.704699910719626,17.69180601295413,25.632011235952593,30.870698080866262,33.95585369269929,41.78516483155236,37.57658845611187,0.0,0.0,0.0,0.0,0.0,0.0,0.0,0.0,0.0,0.0,0.0,49.64876634922564,52.88667128870941,50.48762224545735,45.5411901469428,44.0,44.181444068749045,49.49747468305833,43.68065933568311,40.80441152620633,37.64306044943742,34.20526275297414,44.40720662234904,36.235341863986875,38.600518131237564,38.01315561749642,31.78049716414141,32.202484376209235,28.792360097775937,21.2602916254693,28.861739379323623,27.018512172212592,28.653097563788805,24.73863375370596,38.8329756778952,21.633307652783937,41.23105625617661
99.29753269845128,5.0,55.86591089385369,65.94694837519019,65.29931086925804,67.20119046564577,56.302753041036986,70.77428911688199,77.27871634544663,64.19501538281614,50.635955604688654,50.28916384272063,58.0,50.00999900019995,43.32435804486894,34.17601498127012,34.40930106817051,13.152946437965905,7.615773105863909,10.295630140987,5.830951894845301,9.219544457292887,22.20360331117452,21.37755832643195,39.84971769034255,26.90724809414742,35.34119409414458,0.0,0.0,0.0,0.0,0.0,0.0,0.0,0.0,0.0,0.0,0.0,51.35172830587107,54.74486277268398,47.75981574503821,60.207972893961475,42.720018726587654,50.44799302251776,42.37924020083418,41.593268686170845,44.294469180700204,47.885279575251516,46.14108798023731,42.43819034784589,39.824615503479755,40.8166632639171,55.08175741568164,41.182520563948,30.364452901377952,21.95449840010015,28.861739379323623,29.0,18.110770276274835,24.758836806279895,17.4928556845359,20.518284528683193,37.48332962798263,41.48493702538308
103.09219175087898,9.0,36.138621999185304,52.88667128870941,69.72087205421343,83.18653737234169,71.47027354082255,61.29437168288782,60.0,60.530983801686226,71.25307010929424,66.91038783328041,53.16013544000805,45.221676218380054,25.612496949731394,31.38470965295043,27.784887978899608,22.847319317591726,19.026297590440446,16.55294535724685,19.1049731745428,22.20360331117452,20.615528128088304,28.460498941515414,37.589892258425,38.58756276314948,42.5440947723653,0.0,0.0,0.0,0.0,0.0,0.0,0.0,0.0,0.0,0.0,0.0,48.82622246293481,48.877397639399746,55.47071299343465,48.60041152089147,35.510561809129406,42.37924020083418,45.5411901469428,36.235341863986875,49.64876634922564,39.21734310225516,42.2965719651132,44.64302857109943,53.75872022286245,42.941821107167776,35.73513677041127,25.059928172283335,31.04834939252005,27.313000567495326,12.529964086141668,15.0,16.1245154965971,20.808652046684813,25.709920264364882,33.61547262794322,42.01190307520001,17.029386365926403
99.29753269845128,5.0,48.16637831516918,65.30696746902278,64.5600495662759,71.00704190430693,60.67124524847005,70.34912934784623,63.0,67.06713054842886,67.02984409947557,61.39218191268331,58.249463516842795,58.60034129593445,34.20526275297414,39.0,35.510561809129406,14.866068747318506,8.94427190999916,2.8284271247461903,12.36931687685298,14.142135623730951,14.142135623730951,24.73863375370596,34.20526275297414,41.78516483155236,40.24922359499622,0.0,0.0,0.0,0.0,0.0,0.0,0.0,0.0,0.0,0.0,0.0,54.42425929675111,47.01063709417264,55.00909015790027,41.340053217188775,43.41658669218482,48.16637831516918,44.04543109109048,45.27692569068709,40.311288741492746,43.08131845707603,53.45091205957107,37.0,43.18564576337837,38.07886552931954,47.67598976424087,42.95346318982906,30.14962686336267,33.24154027718932,21.95449840010015,24.413111231467404,22.80350850198276,17.46424919657298,17.0,47.042533945356304,37.33630940518894,27.294688127912362
103.09219175087898,9.0,19.1049731745428,3.0,9.848857801796104,23.769728648009426,14.560219778561036,9.486832980505138,10.770329614269007,16.76305461424021,28.861739379323623,20.223748416156685,27.294688127912362,27.85677655436824,34.0147027033899,32.69556544854363,28.442925306655784,26.248809496813376,26.248809496813376,29.732137494637012,19.1049731745428,26.248809496813376,12.529964086141668,10.295630140987,19.849433241279208,8.246211251235321,19.6468827043885,0.0,0.0,0.0,0.0,0.0,0.0,0.0,0.0,0.0,0.0,0.0,13.601470508735444,14.422205101855956,7.0710678118654755,9.899494936611665,13.038404810405298,18.439088914585774,15.811388300841896,18.35755975068582,19.235384061671343,25.059928172283335,16.64331697709324,24.166091947189145,18.384776310850235,20.0,23.853720883753127,36.87817782917155,34.655446902326915,33.83784863137726,32.2490309931942,30.886890422961002,17.0,22.825424421026653,22.02271554554524,18.439088914585774,16.0,5.0
34.438350715445125,17.0,14.035668847618199,16.492422502470642,14.142135623730951,16.278820596099706,18.867962264113206,21.93171219946131,16.55294535724685,12.206555615733702,26.1725046566048,23.430749027719962,27.018512172212592,22.20360331117452,31.400636936215164,25.612496949731394,22.80350850198276,21.213203435596427,26.1725046566048,26.90724809414742,21.18962010041709,20.8806130178211,21.95449840010015,16.0,15.033296378372908,8.54400374531753,18.439088914585774,0.0,0.0,0.0,0.0,0.0,0.0,0.0,0.0,0.0,0.0,0.0,6.4031242374328485,14.317821063276353,13.152946437965905,10.0,10.0,12.0,22.360679774997898,14.317821063276353,17.204650534085253,15.652475842498529,21.400934559032695,14.0,27.313000567495326,21.93171219946131,23.08679276123039,22.02271554554524,25.495097567963924,28.160255680657446,15.033296378372908,19.697715603592208,18.973665961010276,13.892443989449804,26.019223662515376,19.6468827043885,16.278820596099706,12.083045973594572
103.09219175087898,6.0,10.295630140987,21.587033144922902,11.40175425099138,14.035668847618199,25.553864678361276,17.72004514666935,23.853720883753127,12.083045973594572,21.470910553583888,18.384776310850235,26.40075756488817,23.853720883753127,32.2490309931942,28.231188426986208,27.80287754891569,26.076809620810597,36.05551275463989,19.79898987322333,17.804493814764857,17.4928556845359,18.35755975068582,18.681541692269406,14.866068747318506,12.529964086141668,13.038404810405298,0.0,0.0,0.0,0.0,0.0,0.0,0.0,0.0,0.0,0.0,0.0,9.433981132056603,10.770329614269007,20.12461179749811,14.422205101855956,18.0,17.0,15.033296378372908,20.09975124224178,16.401219466856727,17.26267650163207,24.041630560342615,18.681541692269406,21.95449840010015,31.622776601683793,22.80350850198276,22.20360331117452,22.80350850198276,21.540659228538015,26.40075756488817,17.204650534085253,18.973665961010276,20.518284528683193,15.652475842498529,12.36931687685298,16.278820596099706,15.811388300841896
125.53883861180172,6.0,19.4164878389476,5.656854249492381,16.0312195418814,18.027756377319946,17.029386365926403,22.20360331117452,19.6468827043885,18.110770276274835,20.396078054371138,22.20360331117452,31.0,22.090722034374522,29.732137494637012,26.92582403567252,18.973665961010276,31.04834939252005,19.6468827043885,23.769728648009426,22.135943621178654,28.635642126552707,21.400934559032695,13.892443989449804,12.806248474865697,14.317821063276353,10.0,0.0,0.0,0.0,0.0,0.0,0.0,0.0,0.0,0.0,0.0,0.0,11.180339887498949,9.433981132056603,8.246211251235321,19.1049731745428,12.165525060596439,10.0,13.601470508735444,20.615528128088304,15.132745950421556,16.401219466856727,20.518284528683193,21.93171219946131,18.788294228055936,19.313207915827967,28.460498941515414,21.02379604162864,18.35755975068582,25.317977802344327,30.4138126514911,30.0,24.0,28.653097563788805,22.47220505424423,17.11724276862369,15.524174696260024,8.54400374531753
79.76214641043707,16.0,22.67156809750927,30.23243291566195,27.85677655436824,39.96248240537617,28.160255680657446,31.04834939252005,25.96150997149434,28.635642126552707,23.0,16.0,19.1049731745428,13.341664064126334,10.198039027185569,8.602325267042627,5.0990195135927845,5.0990195135927845,5.0990195135927845,8.06225774829855,10.295630140987,13.0,14.317821063276353,14.866068747318506,18.027756377319946,22.47220505424423,18.384776310850235,0.0,0.0,0.0,0.0,0.0,0.0,0.0,0.0,0.0,0.0,0.0,32.38826948140329,30.4138126514911,30.59411708155671,30.083217912982647,32.28002478313795,30.364452901377952,31.32091952673165,28.460498941515414,32.89376840679705,29.410882339705484,25.632011235952593,24.596747752497688,21.400934559032695,21.93171219946131,19.1049731745428,17.4928556845359,13.45362404707371,10.770329614269007,13.0,11.180339887498949,12.165525060596439,17.46424919657298,13.601470508735444,11.180339887498949,17.029386365926403,21.633307652783937
103.09219175087898,9.0,74.33034373659252,61.68468205316454,64.76109943476871,45.70557952810576,63.198101237299845,71.30918594402827,58.855755878248644,61.26989472816156,35.34119409414458,37.44329045369811,46.57252408878007,31.906112267087632,26.90724809414742,23.430749027719962,10.0,7.280109889280518,16.0312195418814,11.40175425099138,24.08318915758459,20.0,32.55764119219941,38.01315561749642,35.4682957019364,45.967379738244816,50.24937810560445,0.0,0.0,0.0,0.0,0.0,0.0,0.0,0.0,0.0,0.0,0.0,65.94694837519019,69.65629906907199,63.7808748764079,65.06919393998976,62.289646009589745,65.79513659838392,67.88225099390856,65.29931086925804,58.05170109479997,55.036351623268054,52.0,53.85164807134504,49.9799959983992,38.0,40.19950248448356,31.400636936215164,34.20526275297414,39.293765408777,21.37755832643195,32.2490309931942,32.202484376209235,28.160255680657446,40.80441152620633,38.3275357934736,50.0,55.02726596879042
73.348483283569,11.0,23.323807579381203,25.079872407968907,26.0,28.653097563788805,22.561028345356956,23.430749027719962,28.42534080710379,23.323807579381203,21.095023109728988,17.804493814764857,17.204650534085253,9.899494936611665,13.341664064126334,2.23606797749979,2.8284271247461903,3.1622776601683795,7.810249675906654,4.0,7.211102550927978,12.083045973594572,13.416407864998739,17.0,13.0,19.235384061671343,15.297058540778355,0.0,0.0,0.0,0.0,0.0,0.0,0.0,0.0,0.0,0.0,0.0,30.4138126514911,25.942243542145693,25.553864678361276,23.853720883753127,27.018512172212592,26.076809620810597,27.80287754891569,25.612496949731394,21.95449840010015,24.08318915758459,17.69180601295413,17.69180601295413,20.0,11.661903789690601,20.024984394500787,13.601470508735444,16.76305461424021,14.035668847618199,5.830951894845301,7.211102550927978,15.620499351813308,11.704699910719626,16.0312195418814,16.76305461424021,17.11724276862369,9.055385138137417
121.16517651536682,10.0,5.0,10.770329614269007,14.560219778561036,11.40175425099138,13.038404810405298,14.317821063276353,21.2602916254693,16.15549442140351,22.02271554554524,26.90724809414742,25.632011235952593,25.495097567963924,28.178005607210743,31.240998703626616,26.248809496813376,29.68164415931166,27.586228448267445,24.20743687382041,23.769728648009426,22.02271554554524,20.223748416156685,17.804493814764857,23.345235059857504,15.033296378372908,12.041594578792296,0.0,0.0,0.0,0.0,0.0,0.0,0.0,0.0,0.0,0.0,0.0,12.206555615733702,14.317821063276353,7.615773105863909,7.0710678118654755,12.083045973594572,17.46424919657298,21.587033144922902,13.341664064126334,13.038404810405298,21.37755832643195,24.08318915758459,21.37755832643195,17.11724276862369,23.853720883753127,24.186773244895647,25.80697580112788,27.51363298439521,23.345235059857504,26.90724809414742,22.67156809750927,24.596747752497688,16.15549442140351,18.027756377319946,16.55294535724685,12.727922061357855,9.486832980505138
132.60844618650805,11.0,14.866068747318506,10.44030650891055,10.63014581273465,18.681541692269406,16.64331697709324,30.675723300355934,25.45584412271571,21.213203435596427,21.95449840010015,23.430749027719962,26.076809620810597,25.553864678361276,30.0,23.323807579381203,15.811388300841896,21.93171219946131,22.561028345356956,26.1725046566048,26.019223662515376,20.615528128088304,16.1245154965971,17.0,12.083045973594572,17.88854381999832,10.63014581273465,0.0,0.0,0.0,0.0,0.0,0.0,0.0,0.0,0.0,0.0,0.0,13.0,14.142135623730951,7.810249675906654,5.0990195135927845,14.317821063276353,12.165525060596439,9.486832980505138,19.0,15.811388300841896,15.0,24.515301344262525,22.0,22.20360331117452,20.0,26.40075756488817,22.80350850198276,33.421549934136806,20.615528128088304,25.942243542145693,18.439088914585774,13.92838827718412,29.068883707497267,19.209372712298546,15.231546211727817,10.295630140987,14.142135623730951
99.29753269845128,5.0,15.231546211727817,14.866068747318506,19.6468827043885,28.460498941515414,18.384776310850235,23.853720883753127,19.313207915827967,33.95585369269929,31.89043743820395,29.832867780352597,24.08318915758459,9.433981132056603,13.341664064126334,13.0,16.278820596099706,11.045361017187261,11.40175425099138,5.830951894845301,6.708203932499369,8.94427190999916,13.038404810405298,18.35755975068582,21.470910553583888,15.0,20.09975124224178,0.0,0.0,0.0,0.0,0.0,0.0,0.0,0.0,0.0,0.0,0.0,36.796738985948195,31.144823004794873,33.83784863137726,24.413111231467404,34.058772731852805,30.4138126514911,22.360679774997898,29.0,33.52610922848042,28.635642126552707,28.0178514522438,18.439088914585774,26.68332812825267,26.076809620810597,19.235384061671343,29.154759474226502,20.808652046684813,30.4138126514911,19.235384061671343,8.246211251235321,7.0710678118654755,16.97056274847714,18.681541692269406,16.15549442140351,16.55294535724685,18.439088914585774
121.16517651536682,10.0,16.76305461424021,31.064449134018133,15.0,24.596747752497688,36.68787265568828,19.849433241279208,38.05259518088089,21.095023109728988,12.649110640673518,21.2602916254693,19.697715603592208,21.2602916254693,12.727922061357855,19.1049731745428,7.615773105863909,3.605551275463989,7.0710678118654755,8.06225774829855,7.810249675906654,13.152946437965905,19.4164878389476,28.600699292150182,13.0,23.706539182259394,19.1049731745428,0.0,0.0,0.0,0.0,0.0,0.0,0.0,0.0,0.0,0.0,0.0,27.65863337187866,34.40930106817051,37.0,32.69556544854363,29.5296461204668,25.298221281347036,27.586228448267445,33.83784863137726,26.627053911388696,31.400636936215164,28.319604517012593,34.132096331752024,38.897300677553446,35.73513677041127,20.396078054371138,22.20360331117452,28.442925306655784,24.20743687382041,24.331050121192877,11.313708498984761,10.44030650891055,10.770329614269007,19.235384061671343,11.704699910719626,3.1622776601683795,14.212670403551895
132.60844618650805,11.0,40.52159917870962,49.678969393496885,56.089214649520635,57.28001396647874,43.01162633521314,46.57252408878007,37.21558813185679,42.485291572496,40.85339643163099,35.22782990761707,41.012193308819754,31.400636936215164,33.61547262794322,13.45362404707371,16.76305461424021,8.54400374531753,4.123105625617661,21.470910553583888,17.46424919657298,26.248809496813376,26.92582403567252,25.0,23.706539182259394,38.28837943815329,32.2490309931942,0.0,0.0,0.0,0.0,0.0,0.0,0.0,0.0,0.0,0.0,0.0,56.859475903318,49.09175083453431,55.44366510251645,47.16990566028302,52.43090691567332,49.20365840057018,47.01063709417264,50.24937810560445,38.47076812334269,41.43669871020132,35.014282800023196,43.56604182158393,49.16299421312742,26.92582403567252,38.05259518088089,44.40720662234904,32.01562118716424,34.92849839314596,19.6468827043885,24.698178070456937,31.906112267087632,13.341664064126334,30.01666203960727,30.886890422961002,28.635642126552707,32.31098884280702
125.53883861180172,9.0,19.235384061671343,40.11234224026316,55.072679252057455,36.6742416417845,59.07622195096772,46.87216658103186,54.08326913195984,45.17742799230607,44.181444068749045,41.48493702538308,31.144823004794873,27.018512172212592,33.28663395418648,20.518284528683193,14.560219778561036,8.246211251235321,7.0710678118654755,14.317821063276353,24.515301344262525,24.020824298928627,35.22782990761707,29.120439557122072,33.24154027718932,36.05551275463989,30.610455730027933,0.0,0.0,0.0,0.0,0.0,0.0,0.0,0.0,0.0,0.0,0.0,46.57252408878007,49.040799340956916,47.29693436154187,46.04345773288535,52.172789842982326,38.27531841800928,53.009433122794285,40.19950248448356,40.11234224026316,49.16299421312742,47.67598976424087,46.389654018972806,45.5411901469428,44.10215414239989,40.718546143004666,24.73863375370596,37.73592452822641,29.0,30.01666203960727,18.601075237738275,23.769728648009426,9.848857801796104,26.0,35.84689665786984,20.223748416156685,34.785054261852174
125.67020331009256,12.0,44.9221548904324,43.657759905886145,59.033888572581766,52.009614495783374,43.32435804486894,62.93647591023825,50.695167422546305,34.40930106817051,50.566787519082126,42.190046219457976,16.97056274847714,28.600699292150182,34.9857113690718,13.152946437965905,10.04987562112089,17.029386365926403,17.029386365926403,16.1245154965971,28.42534080710379,24.73863375370596,22.67156809750927,27.80287754891569,36.71511950137164,41.677331968349414,33.24154027718932,0.0,0.0,0.0,0.0,0.0,0.0,0.0,0.0,0.0,0.0,0.0,53.41348144429457,49.64876634922564,55.226805085936306,54.70831746635972,52.0,51.62363799656123,41.012193308819754,44.77722635447622,58.69412236331676,46.17358552246078,38.01315561749642,40.85339643163099,49.25444142409901,32.01562118716424,44.10215414239989,41.012193308819754,36.6742416417845,34.785054261852174,32.0624390837628,29.5296461204668,24.166091947189145,32.55764119219941,6.0,25.612496949731394,18.027756377319946,39.395431207184416
103.09219175087898,6.0,16.278820596099706,11.180339887498949,9.219544457292887,12.206555615733702,15.231546211727817,13.892443989449804,20.396078054371138,21.02379604162864,21.95449840010015,22.47220505424423,21.400934559032695,18.027756377319946,15.231546211727817,21.2602916254693,27.018512172212592,15.811388300841896,21.470910553583888,24.596747752497688,17.11724276862369,15.231546211727817,15.231546211727817,14.142135623730951,17.26267650163207,12.36931687685298,13.038404810405298,0.0,0.0,0.0,0.0,0.0,0.0,0.0,0.0,0.0,0.0,0.0,7.615773105863909,7.615773105863909,10.04987562112089,13.0,5.0990195135927845,8.54400374531753,5.385164807134504,13.416407864998739,13.0,12.165525060596439,15.033296378372908,13.038404810405298,20.0,20.248456731316587,14.866068747318506,19.313207915827967,21.587033144922902,20.615528128088304,29.410882339705484,22.47220505424423,22.02271554554524,23.345235059857504,17.4928556845359,16.1245154965971,16.76305461424021,12.36931687685298
103.09219175087898,6.0,9.486832980505138,11.40175425099138,14.317821063276353,12.36931687685298,11.045361017187261,14.317821063276353,17.11724276862369,21.0,14.142135623730951,25.298221281347036,17.46424919657298,27.073972741361768,17.0,30.675723300355934,19.1049731745428,17.72004514666935,16.492422502470642,25.179356624028344,14.866068747318506,16.0,12.727922061357855,5.0,16.1245154965971,6.0,21.93171219946131,0.0,0.0,0.0,0.0,0.0,0.0,0.0,0.0,0.0,0.0,0.0,6.082762530298219,7.280109889280518,11.40175425099138,10.44030650891055,1.4142135623730951,6.0,16.0312195418814,10.63014581273465,24.698178070456937,13.892443989449804,14.866068747318506,18.027756377319946,22.02271554554524,18.384776310850235,23.600847442411894,26.40075756488817,7.211102550927978,22.360679774997898,15.033296378372908,21.93171219946131,19.1049731745428,19.6468827043885,10.04987562112089,13.152946437965905,17.0,15.620499351813308
103.09219175087898,6.0,12.165525060596439,13.038404810405298,12.165525060596439,24.166091947189145,24.186773244895647,12.041594578792296,23.40939982143925,26.627053911388696,29.068883707497267,29.017236257093817,26.1725046566048,24.186773244895647,23.08679276123039,26.019223662515376,19.4164878389476,21.840329667841555,23.40939982143925,18.384776310850235,21.470910553583888,21.633307652783937,16.401219466856727,13.892443989449804,13.416407864998739,16.492422502470642,18.35755975068582,0.0,0.0,0.0,0.0,0.0,0.0,0.0,0.0,0.0,0.0,0.0,6.324555320336759,8.602325267042627,8.06225774829855,16.55294535724685,8.246211251235321,11.0,19.1049731745428,13.0,10.295630140987,12.041594578792296,18.384776310850235,27.80287754891569,34.20526275297414,18.439088914585774,28.178005607210743,18.384776310850235,21.2602916254693,24.758836806279895,24.041630560342615,12.165525060596439,20.0,7.0710678118654755,14.560219778561036,13.038404810405298,15.0,9.219544457292887
133.8992158304148,7.0,9.486832980505138,14.317821063276353,17.029386365926403,9.486832980505138,15.264337522473747,13.416407864998739,10.816653826391969,15.556349186104045,19.1049731745428,16.55294535724685,21.095023109728988,29.0,17.88854381999832,17.4928556845359,21.633307652783937,24.413111231467404,20.518284528683193,22.80350850198276,21.93171219946131,19.4164878389476,18.681541692269406,11.180339887498949,7.615773105863909,6.324555320336759,6.082762530298219,0.0,0.0,0.0,0.0,0.0,0.0,0.0,0.0,0.0,0.0,0.0,5.830951894845301,9.0,11.704699910719626,4.47213595499958,10.63014581273465,8.94427190999916,14.035668847618199,14.317821063276353,17.0,14.7648230602334,26.68332812825267,17.72004514666935,24.73863375370596,13.892443989449804,25.80697580112788,12.806248474865697,17.204650534085253,18.35755975068582,27.80287754891569,17.204650534085253,21.02379604162864,8.06225774829855,20.615528128088304,12.806248474865697,10.295630140987,17.204650534085253
112.14722466472365,9.0,9.899494936611665,10.63014581273465,13.0,12.36931687685298,16.278820596099706,22.02271554554524,19.026297590440446,21.213203435596427,24.020824298928627,20.09975124224178,23.259406699226016,30.066592756745816,28.160255680657446,25.317977802344327,28.071337695236398,28.0,16.76305461424021,23.021728866442675,15.231546211727817,18.027756377319946,11.045361017187261,7.0710678118654755,18.35755975068582,12.529964086141668,15.264337522473747,0.0,0.0,0.0,0.0,0.0,0.0,0.0,0.0,0.0,0.0,0.0,9.433981132056603,11.661903789690601,9.219544457292887,14.035668847618199,10.816653826391969,10.0,6.082762530298219,13.038404810405298,15.0,17.08800749063506,23.021728866442675,15.264337522473747,13.601470508735444,23.021728866442675,24.041630560342615,21.18962010041709,23.345235059857504,29.614185789921695,22.80350850198276,22.47220505424423,18.0,17.46424919657298,17.88854381999832,18.788294228055936,14.142135623730951,6.082762530298219
70.03570517957252,12.0,6.082762530298219,13.601470508735444,13.0,20.396078054371138,12.165525060596439,19.1049731745428,19.1049731745428,22.80350850198276,28.0178514522438,27.0,22.360679774997898,26.570660511172846,27.16615541441225,30.14962686336267,16.1245154965971,23.0,24.515301344262525,20.248456731316587,19.697715603592208,15.811388300841896,12.206555615733702,10.816653826391969,19.4164878389476,12.041594578792296,11.180339887498949,0.0,0.0,0.0,0.0,0.0,0.0,0.0,0.0,0.0,0.0,0.0,9.0,12.041594578792296,7.211102550927978,16.55294535724685,7.0710678118654755,8.602325267042627,21.18962010041709,18.027756377319946,18.35755975068582,29.068883707497267,20.12461179749811,20.615528128088304,22.847319317591726,26.1725046566048,21.37755832643195,21.37755832643195,21.02379604162864,23.259406699226016,17.029386365926403,21.587033144922902,10.04987562112089,25.298221281347036,21.18962010041709,23.021728866442675,20.09975124224178,12.041594578792296
114.56002793295748,9.0,5.656854249492381,9.486832980505138,6.324555320336759,18.601075237738275,7.0710678118654755,16.492422502470642,20.518284528683193,21.540659228538015,10.0,13.92838827718412,16.15549442140351,18.681541692269406,19.849433241279208,29.0,30.4138126514911,17.4928556845359,21.95449840010015,26.0,12.806248474865697,14.212670403551895,8.06225774829855,18.788294228055936,8.94427190999916,14.866068747318506,12.649110640673518,0.0,0.0,0.0,0.0,0.0,0.0,0.0,0.0,0.0,0.0,0.0,13.416407864998739,8.246211251235321,12.0,3.605551275463989,2.23606797749979,11.661903789690601,15.0,7.810249675906654,7.280109889280518,14.7648230602334,18.439088914585774,19.6468827043885,20.615528128088304,21.840329667841555,20.223748416156685,19.026297590440446,28.0178514522438,28.42534080710379,27.80287754891569,21.2602916254693,16.64331697709324,8.48528137423857,27.85677655436824,19.235384061671343,8.94427190999916,12.206555615733702
131.59027319676784,10.0,9.0,6.082762530298219,15.231546211727817,2.8284271247461903,18.384776310850235,27.65863337187866,31.144823004794873,18.439088914585774,9.219544457292887,27.51363298439521,24.186773244895647,24.186773244895647,27.892651361962706,31.144823004794873,28.861739379323623,18.867962264113206,24.839484696748443,27.313000567495326,27.202941017470888,8.06225774829855,10.198039027185569,8.06225774829855,12.165525060596439,7.0710678118654755,14.035668847618199,0.0,0.0,0.0,0.0,0.0,0.0,0.0,0.0,0.0,0.0,0.0,4.0,16.97056274847714,12.806248474865697,10.44030650891055,13.0,11.661903789690601,17.08800749063506,19.1049731745428,27.202941017470888,21.095023109728988,33.24154027718932,18.973665961010276,22.80350850198276,16.492422502470642,22.67156809750927,24.839484696748443,29.0,29.410882339705484,23.40939982143925,23.323807579381203,27.85677655436824,15.297058540778355,39.20459156782532,12.529964086141668,6.708203932499369,1.4142135623730951
103.09219175087898,6.0,16.278820596099706,17.08800749063506,16.0,15.524174696260024,24.08318915758459,12.165525060596439,18.24828759089466,23.08679276123039,17.204650534085253,26.248809496813376,23.021728866442675,21.095023109728988,29.832867780352597,26.248809496813376,20.248456731316587,26.40075756488817,21.213203435596427,33.0,20.0,11.704699910719626,18.0,10.44030650891055,12.206555615733702,10.295630140987,12.206555615733702,0.0,0.0,0.0,0.0,0.0,0.0,0.0,0.0,0.0,0.0,0.0,8.48528137423857,11.661903789690601,9.848857801796104,8.54400374531753,6.082762530298219,14.212670403551895,20.518284528683193,16.1245154965971,27.018512172212592,20.615528128088304,20.0,21.633307652783937,27.018512172212592,26.92582403567252,26.248809496813376,26.248809496813376,22.0,24.020824298928627,17.26267650163207,26.1725046566048,24.73863375370596,24.041630560342615,16.1245154965971,26.476404589747453,17.26267650163207,7.280109889280518
139.54210834009928,7.0,11.40175425099138,17.029386365926403,13.0,9.055385138137417,18.439088914585774,10.198039027185569,15.811388300841896,14.212670403551895,15.652475842498529,12.529964086141668,25.632011235952593,22.02271554554524,25.96150997149434,25.079872407968907,25.942243542145693,28.0178514522438,15.652475842498529,31.0,16.401219466856727,22.67156809750927,22.847319317591726,7.810249675906654,17.69180601295413,14.7648230602334,18.0,0.0,0.0,0.0,0.0,0.0,0.0,0.0,0.0,0.0,0.0,0.0,7.280109889280518,9.433981132056603,6.4031242374328485,10.816653826391969,8.48528137423857,13.601470508735444,7.211102550927978,25.612496949731394,25.80697580112788,29.732137494637012,18.027756377319946,18.867962264113206,27.313000567495326,18.027756377319946,29.274562336608895,33.13608305156178,22.090722034374522,13.152946437965905,15.297058540778355,17.804493814764857,20.0,29.546573405388315,19.0,19.026297590440446,13.92838827718412,16.492422502470642
121.16517651536682,10.0,7.615773105863909,20.396078054371138,12.206555615733702,14.422205101855956,19.209372712298546,26.627053911388696,31.240998703626616,21.2602916254693,29.698484809834994,21.095023109728988,25.079872407968907,28.600699292150182,22.47220505424423,31.827660925679098,19.849433241279208,26.627053911388696,17.88854381999832,23.853720883753127,20.808652046684813,9.055385138137417,9.219544457292887,13.152946437965905,6.708203932499369,13.0,1.0,0.0,0.0,0.0,0.0,0.0,0.0,0.0,0.0,0.0,0.0,0.0,5.0990195135927845,8.94427190999916,8.06225774829855,23.08679276123039,13.601470508735444,16.0312195418814,13.601470508735444,17.029386365926403,24.186773244895647,20.591260281974,15.231546211727817,31.144823004794873,30.23243291566195,24.08318915758459,33.24154027718932,29.732137494637012,33.60059523282288,16.278820596099706,19.849433241279208,19.235384061671343,14.7648230602334,22.67156809750927,15.811388300841896,23.259406699226016,14.866068747318506,19.209372712298546
132.60844618650805,11.0,9.848857801796104,7.810249675906654,11.40175425099138,7.0710678118654755,11.704699910719626,11.180339887498949,17.88854381999832,21.213203435596427,22.561028345356956,16.0312195418814,19.313207915827967,18.110770276274835,23.021728866442675,20.223748416156685,15.297058540778355,23.706539182259394,23.0,14.560219778561036,16.1245154965971,13.341664064126334,16.401219466856727,13.038404810405298,5.0990195135927845,13.601470508735444,8.94427190999916,0.0,0.0,0.0,0.0,0.0,0.0,0.0,0.0,0.0,0.0,0.0,10.198039027185569,9.055385138137417,8.94427190999916,8.06225774829855,7.615773105863909,9.433981132056603,8.54400374531753,12.041594578792296,19.6468827043885,20.248456731316587,25.0,24.331050121192877,21.095023109728988,28.284271247461902,26.019223662515376,12.36931687685298,19.4164878389476,24.73863375370596,21.095023109728988,19.026297590440446,26.570660511172846,12.041594578792296,13.341664064126334,10.0,14.866068747318506,11.180339887498949
174.72549899771354,23.0,12.649110640673518,3.605551275463989,8.0,21.400934559032695,24.351591323771842,20.09975124224178,21.02379604162864,20.248456731316587,13.0,15.524174696260024,34.828149534535996,34.0,26.076809620810597,26.68332812825267,20.12461179749811,17.0,24.413111231467404,16.64331697709324,24.351591323771842,18.110770276274835,22.02271554554524,15.033296378372908,14.035668847618199,10.04987562112089,18.384776310850235,0.0,0.0,0.0,0.0,0.0,0.0,0.0,0.0,0.0,0.0,0.0,13.152946437965905,4.0,12.041594578792296,5.656854249492381,6.708203932499369,16.401219466856727,15.556349186104045,10.770329614269007,19.697715603592208,23.021728866442675,25.632011235952593,30.066592756745816,26.832815729997478,15.524174696260024,30.066592756745816,24.698178070456937,19.1049731745428,25.079872407968907,30.083217912982647,19.79898987322333,31.144823004794873,5.0990195135927845,12.649110640673518,5.0,15.0,16.1245154965971
128.0,8.0,17.0,3.1622776601683795,17.029386365926403,9.899494936611665,12.041594578792296,23.021728866442675,24.186773244895647,17.72004514666935,23.194827009486403,13.601470508735444,16.0312195418814,18.110770276274835,27.0,30.066592756745816,28.160255680657446,20.248456731316587,24.041630560342615,23.769728648009426,14.866068747318506,17.08800749063506,18.788294228055936,15.0,13.892443989449804,10.0,13.152946437965905,0.0,0.0,0.0,0.0,0.0,0.0,0.0,0.0,0.0,0.0,0.0,11.40175425099138,13.152946437965905,9.219544457292887,10.04987562112089,11.661903789690601,11.704699910719626,14.422205101855956,19.6468827043885,21.400934559032695,19.209372712298546,17.804493814764857,23.08679276123039,17.46424919657298,32.31098884280702,24.839484696748443,22.825424421026653,26.419689627245813,21.470910553583888,25.495097567963924,25.298221281347036,26.019223662515376,15.524174696260024,17.11724276862369,11.40175425099138,12.083045973594572,18.027756377319946
103.09219175087898,9.0,8.602325267042627,8.246211251235321,12.36931687685298,16.492422502470642,10.04987562112089,21.587033144922902,9.055385138137417,13.601470508735444,28.600699292150182,25.553864678361276,18.973665961010276,32.01562118716424,15.297058540778355,30.265491900843113,18.027756377319946,13.92838827718412,26.40075756488817,24.698178070456937,25.612496949731394,18.027756377319946,19.72308292331602,13.038404810405298,21.02379604162864,15.033296378372908,9.055385138137417,0.0,0.0,0.0,0.0,0.0,0.0,0.0,0.0,0.0,0.0,0.0,6.708203932499369,13.038404810405298,13.416407864998739,5.0990195135927845,15.620499351813308,9.433981132056603,14.035668847618199,20.615528128088304,20.223748416156685,20.248456731316587,17.0,33.24154027718932,20.248456731316587,16.278820596099706,24.0,28.071337695236398,30.14962686336267,26.076809620810597,28.160255680657446,17.08800749063506,14.317821063276353,24.20743687382041,20.248456731316587,17.08800749063506,7.0710678118654755,12.083045973594572
103.09219175087898,9.0,6.4031242374328485,23.430749027719962,20.615528128088304,17.72004514666935,18.027756377319946,18.973665961010276,18.384776310850235,29.614185789921695,21.93171219946131,22.20360331117452,29.832867780352597,19.924858845171276,28.231188426986208,15.297058540778355,21.213203435596427,25.179356624028344,12.806248474865697,19.026297590440446,25.709920264364882,16.76305461424021,17.11724276862369,17.029386365926403,20.12461179749811,17.08800749063506,18.601075237738275,0.0,0.0,0.0,0.0,0.0,0.0,0.0,0.0,0.0,0.0,0.0,14.035668847618199,3.605551275463989,6.4031242374328485,18.027756377319946,14.866068747318506,5.830951894845301,20.615528128088304,12.041594578792296,20.808652046684813,24.515301344262525,30.528675044947494,29.698484809834994,27.51363298439521,16.278820596099706,24.331050121192877,27.202941017470888,23.194827009486403,23.194827009486403,33.37663853655727,18.027756377319946,24.515301344262525,23.53720459187964,22.360679774997898,19.6468827043885,13.0,18.973665961010276
128.0,8.0,8.0,10.0,5.385164807134504,16.492422502470642,13.601470508735444,18.110770276274835,18.384776310850235,21.93171219946131,14.035668847618199,21.0,30.59411708155671,25.019992006393608,22.135943621178654,13.152946437965905,27.073972741361768,22.20360331117452,24.73863375370596,12.165525060596439,15.811388300841896,11.180339887498949,10.295630140987,15.811388300841896,13.038404810405298,16.1245154965971,14.422205101855956,0.0,0.0,0.0,0.0,0.0,0.0,0.0,0.0,0.0,0.0,0.0,11.40175425099138,13.0,15.0,7.615773105863909,21.18962010041709,17.88854381999832,10.04987562112089,16.76305461424021,25.553864678361276,21.02379604162864,25.059928172283335,21.400934559032695,24.08318915758459,21.95449840010015,24.413111231467404,21.93171219946131,22.47220505424423,16.1245154965971,19.313207915827967,16.64331697709324,26.627053911388696,14.7648230602334,24.839484696748443,22.20360331117452,12.529964086141668,10.770329614269007
128.0,8.0,26.476404589747453,30.066592756745816,38.63935817272331,28.442925306655784,32.69556544854363,28.635642126552707,23.430749027719962,30.01666203960727,27.586228448267445,24.515301344262525,28.319604517012593,17.804493814764857,17.72004514666935,8.246211251235321,23.769728648009426,7.0,13.601470508735444,14.0,17.08800749063506,22.825424421026653,28.160255680657446,29.206163733020468,42.190046219457976,34.713109915419565,35.510561809129406,0.0,0.0,0.0,0.0,0.0,0.0,0.0,0.0,0.0,0.0,0.0,33.015148038438355,31.25699921617557,32.01562118716424,29.546573405388315,22.561028345356956,23.323807579381203,13.416407864998739,26.1725046566048,16.401219466856727,27.586228448267445,23.021728866442675,23.345235059857504,20.12461179749811,18.35755975068582,6.0,16.0312195418814,19.313207915827967,5.0,17.72004514666935,8.54400374531753,10.295630140987,11.045361017187261,9.219544457292887,13.0,18.027756377319946,21.213203435596427
103.09219175087898,9.0,28.442925306655784,32.2490309931942,30.083217912982647,32.28002478313795,32.38826948140329,34.438350715445125,35.84689665786984,29.068883707497267,32.7566787083184,25.079872407968907,22.02271554554524,19.209372712298546,14.7648230602334,13.0,9.055385138137417,12.206555615733702,11.661903789690601,12.36931687685298,22.0,22.02271554554524,26.019223662515376,26.30589287593181,32.55764119219941,30.14962686336267,31.78049716414141,0.0,0.0,0.0,0.0,0.0,0.0,0.0,0.0,0.0,0.0,0.0,28.635642126552707,26.92582403567252,24.73863375370596,27.16615541441225,21.587033144922902,23.08679276123039,26.076809620810597,25.0,20.223748416156685,21.470910553583888,19.697715603592208,18.867962264113206,17.4928556845359,20.808652046684813,16.76305461424021,16.278820596099706,16.0,7.615773105863909,9.433981132056603,12.529964086141668,15.231546211727817,13.416407864998739,16.1245154965971,16.15549442140351,18.027756377319946,19.4164878389476
103.09219175087898,9.0,28.231188426986208,37.73592452822641,26.40075756488817,28.30194339616981,31.906112267087632,32.7566787083184,36.359317925395686,29.068883707497267,29.732137494637012,24.08318915758459,22.847319317591726,16.55294535724685,15.132745950421556,12.36931687685298,12.529964086141668,14.866068747318506,14.0,13.601470508735444,19.6468827043885,21.37755832643195,27.313000567495326,26.92582403567252,30.886890422961002,32.2490309931942,38.01315561749642,0.0,0.0,0.0,0.0,0.0,0.0,0.0,0.0,0.0,0.0,0.0,28.844410203711913,31.827660925679098,26.870057685088806,28.42534080710379,29.068883707497267,30.23243291566195,29.427877939124322,28.460498941515414,27.16615541441225,19.1049731745428,20.0,20.024984394500787,19.79898987322333,20.0,18.384776310850235,17.69180601295413,14.866068747318506,12.727922061357855,11.661903789690601,11.40175425099138,2.23606797749979,15.811388300841896,13.416407864998739,14.212670403551895,21.93171219946131,13.416407864998739
128.0,8.0,27.892651361962706,30.364452901377952,34.17601498127012,38.8329756778952,35.510561809129406,37.33630940518894,35.0,27.16615541441225,29.017236257093817,27.018512172212592,22.090722034374522,19.0,13.601470508735444,9.848857801796104,9.433981132056603,17.08800749063506,12.165525060596439,20.615528128088304,21.400934559032695,29.5296461204668,26.92582403567252,30.463092423455635,34.0147027033899,36.76955262170047,37.64306044943742,0.0,0.0,0.0,0.0,0.0,0.0,0.0,0.0,0.0,0.0,0.0,28.160255680657446,33.734255586866,31.016124838541646,31.953090617340916,29.546573405388315,28.635642126552707,30.805843601498726,25.238858928247925,26.1725046566048,29.410882339705484,22.20360331117452,31.304951684997057,23.345235059857504,23.08679276123039,18.439088914585774,15.132745950421556,21.540659228538015,12.36931687685298,18.027756377319946,8.602325267042627,11.180339887498949,19.0,15.297058540778355,17.0,23.769728648009426,22.135943621178654
34.92849839314596,15.0,16.55294535724685,14.317821063276353,10.04987562112089,19.026297590440446,18.027756377319946,19.6468827043885,22.561028345356956,14.866068747318506,21.213203435596427,18.027756377319946,15.811388300841896,19.6468827043885,24.166091947189145,27.16615541441225,15.524174696260024,21.37755832643195,19.026297590440446,20.223748416156685,21.587033144922902,19.697715603592208,14.212670403551895,12.041594578792296,13.45362404707371,13.0,13.45362404707371,0.0,0.0,0.0,0.0,0.0,0.0,0.0,0.0,0.0,0.0,0.0,9.219544457292887,10.816653826391969,2.23606797749979,17.029386365926403,24.698178070456937,25.079872407968907,18.027756377319946,11.661903789690601,20.808652046684813,22.627416997969522,18.601075237738275,17.029386365926403,22.67156809750927,17.029386365926403,34.48187929913333,33.24154027718932,25.0,21.18962010041709,23.259406699226016,21.02379604162864,19.4164878389476,21.400934559032695,18.027756377319946,13.601470508735444,17.46424919657298,22.67156809750927
103.09219175087898,6.0,9.219544457292887,10.816653826391969,9.433981132056603,18.027756377319946,12.041594578792296,11.045361017187261,10.198039027185569,17.46424919657298,15.231546211727817,16.55294535724685,27.294688127912362,22.47220505424423,23.53720459187964,23.021728866442675,27.784887978899608,21.93171219946131,20.615528128088304,18.384776310850235,20.248456731316587,12.083045973594572,13.038404810405298,15.264337522473747,12.649110640673518,9.0,7.211102550927978,0.0,0.0,0.0,0.0,0.0,0.0,0.0,0.0,0.0,0.0,0.0,9.0,13.038404810405298,8.54400374531753,9.219544457292887,14.212670403551895,13.038404810405298,13.341664064126334,11.045361017187261,21.0,21.095023109728988,25.079872407968907,22.561028345356956,24.515301344262525,25.179356624028344,24.698178070456937,25.709920264364882,21.095023109728988,29.068883707497267,25.942243542145693,26.0,19.72308292331602,10.816653826391969,21.213203435596427,24.166091947189145,10.295630140987,17.0
34.92849839314596,15.0,21.95449840010015,34.828149534535996,31.622776601683793,36.89173349139343,25.0,27.784887978899608,31.11269837220809,24.413111231467404,15.132745950421556,13.0,15.297058540778355,7.615773105863909,8.48528137423857,8.48528137423857,3.1622776601683795,7.280109889280518,11.40175425099138,22.67156809750927,20.808652046684813,19.72308292331602,27.202941017470888,25.317977802344327,25.0,26.248809496813376,30.59411708155671,0.0,0.0,0.0,0.0,0.0,0.0,0.0,0.0,0.0,0.0,0.0,25.019992006393608,26.019223662515376,28.442925306655784,25.317977802344327,27.0,25.709920264364882,19.6468827043885,20.248456731316587,18.788294228055936,18.601075237738275,15.231546211727817,24.041630560342615,17.46424919657298,13.892443989449804,18.384776310850235,22.02271554554524,19.235384061671343,14.866068747318506,21.37755832643195,8.06225774829855,12.041594578792296,26.40075756488817,17.804493814764857,31.11269837220809,19.924858845171276,26.40075756488817
80.15609770940699,15.0,13.892443989449804,11.40175425099138,14.560219778561036,14.317821063276353,16.278820596099706,20.248456731316587,20.12461179749811,20.396078054371138,16.76305461424021,22.090722034374522,26.0,28.635642126552707,19.0,22.47220505424423,18.110770276274835,21.18962010041709,17.26267650163207,20.09975124224178,12.36931687685298,18.24828759089466,12.0,19.924858845171276,10.770329614269007,16.97056274847714,13.416407864998739,0.0,0.0,0.0,0.0,0.0,0.0,0.0,0.0,0.0,0.0,0.0,13.341664064126334,10.44030650891055,9.055385138137417,12.083045973594572,11.40175425099138,17.69180601295413,13.892443989449804,18.439088914585774,21.470910553583888,17.029386365926403,25.709920264364882,20.591260281974,13.92838827718412,24.041630560342615,36.22154055254967,30.066592756745816,29.068883707497267,21.02379604162864,26.076809620810597,24.351591323771842,23.40939982143925,23.345235059857504,21.213203435596427,26.076809620810597,12.36931687685298,13.0
103.09219175087898,9.0,3.605551275463989,9.433981132056603,18.681541692269406,13.152946437965905,13.038404810405298,18.24828759089466,15.132745950421556,22.360679774997898,13.152946437965905,28.0178514522438,23.194827009486403,17.08800749063506,23.769728648009426,23.08679276123039,20.8806130178211,22.135943621178654,21.18962010041709,22.360679774997898,24.186773244895647,16.401219466856727,18.027756377319946,20.0,16.64331697709324,15.297058540778355,16.1245154965971,0.0,0.0,0.0,0.0,0.0,0.0,0.0,0.0,0.0,0.0,0.0,10.198039027185569,8.06225774829855,12.083045973594572,11.045361017187261,13.038404810405298,20.8806130178211,15.231546211727817,22.135943621178654,26.076809620810597,25.238858928247925,21.400934559032695,17.029386365926403,26.92582403567252,25.495097567963924,25.553864678361276,23.323807579381203,23.853720883753127,25.553864678361276,25.0,27.892651361962706,22.090722034374522,26.92582403567252,20.396078054371138,18.384776310850235,16.492422502470642,14.866068747318506
132.48396129343357,8.0,5.0990195135927845,6.082762530298219,10.816653826391969,17.029386365926403,12.083045973594572,20.0,14.142135623730951,19.235384061671343,17.029386365926403,20.615528128088304,25.495097567963924,18.973665961010276,27.586228448267445,24.08318915758459,15.811388300841896,20.0,34.058772731852805,27.730849247724095,17.46424919657298,20.248456731316587,14.317821063276353,12.165525060596439,13.341664064126334,11.40175425099138,13.038404810405298,0.0,0.0,0.0,0.0,0.0,0.0,0.0,0.0,0.0,0.0,0.0,11.045361017187261,13.0,7.810249675906654,6.082762530298219,13.0,12.529964086141668,11.313708498984761,12.206555615733702,23.600847442411894,17.204650534085253,28.0,14.7648230602334,22.20360331117452,20.396078054371138,29.017236257093817,27.459060435491963,30.364452901377952,21.095023109728988,21.213203435596427,23.600847442411894,15.132745950421556,30.59411708155671,25.317977802344327,12.083045973594572,20.024984394500787,15.033296378372908
103.09219175087898,6.0,14.0,17.11724276862369,16.1245154965971,21.470910553583888,5.0,19.4164878389476,14.866068747318506,25.317977802344327,22.360679774997898,16.0312195418814,15.652475842498529,24.041630560342615,26.30589287593181,26.92582403567252,26.248809496813376,24.331050121192877,19.313207915827967,16.1245154965971,22.02271554554524,20.615528128088304,18.027756377319946,21.213203435596427,11.704699910719626,16.15549442140351,13.341664064126334,0.0,0.0,0.0,0.0,0.0,0.0,0.0,0.0,0.0,0.0,0.0,11.40175425099138,4.123105625617661,10.770329614269007,12.083045973594572,17.88854381999832,8.06225774829855,17.08800749063506,21.095023109728988,18.973665961010276,14.0,23.600847442411894,26.92582403567252,24.041630560342615,32.802438933713454,29.154759474226502,25.238858928247925,30.479501308256342,32.202484376209235,36.05551275463989,20.518284528683193,36.89173349139343,19.697715603592208,23.706539182259394,18.027756377319946,20.0,15.652475842498529
175.45369759569047,7.0,9.433981132056603,13.0,2.0,16.15549442140351,19.313207915827967,18.027756377319946,18.027756377319946,15.652475842498529,25.019992006393608,24.20743687382041,21.633307652783937,38.8329756778952,23.769728648009426,22.02271554554524,20.615528128088304,19.4164878389476,18.681541692269406,16.278820596099706,17.029386365926403,16.492422502470642,11.180339887498949,17.204650534085253,10.44030650891055,19.209372712298546,11.180339887498949,0.0,0.0,0.0,0.0,0.0,0.0,0.0,0.0,0.0,0.0,0.0,12.206555615733702,15.0,16.55294535724685,10.63014581273465,11.180339887498949,22.02271554554524,21.02379604162864,21.213203435596427,23.769728648009426,23.345235059857504,34.058772731852805,25.0,28.42534080710379,17.0,28.42534080710379,28.42534080710379,33.015148038438355,24.698178070456937,34.713109915419565,30.805843601498726,20.808652046684813,23.323807579381203,17.204650534085253,14.212670403551895,20.615528128088304,18.35755975068582
132.48396129343357,8.0,4.0,7.211102550927978,8.246211251235321,11.180339887498949,14.317821063276353,21.213203435596427,18.681541692269406,21.2602916254693,21.633307652783937,20.808652046684813,19.849433241279208,27.65863337187866,23.021728866442675,21.02379604162864,26.870057685088806,21.633307652783937,25.495097567963924,24.20743687382041,20.12461179749811,22.135943621178654,24.73863375370596,18.027756377319946,11.704699910719626,15.811388300841896,13.038404810405298,0.0,0.0,0.0,0.0,0.0,0.0,0.0,0.0,0.0,0.0,0.0,11.180339887498949,12.0,10.770329614269007,12.806248474865697,18.439088914585774,19.4164878389476,20.248456731316587,20.8806130178211,22.0,19.4164878389476,22.0,23.194827009486403,23.194827009486403,27.0,26.076809620810597,29.068883707497267,20.615528128088304,31.38470965295043,28.284271247461902,21.213203435596427,26.870057685088806,15.652475842498529,22.67156809750927,18.439088914585774,16.64331697709324,13.601470508735444
175.45369759569047,7.0,16.492422502470642,3.0,10.198039027185569,10.198039027185569,13.152946437965905,17.46424919657298,18.110770276274835,16.0312195418814,18.027756377319946,26.019223662515376,23.194827009486403,24.698178070456937,22.20360331117452,18.110770276274835,23.769728648009426,22.090722034374522,23.08679276123039,19.924858845171276,16.97056274847714,18.601075237738275,8.602325267042627,18.027756377319946,15.132745950421556,14.866068747318506,10.0,0.0,0.0,0.0,0.0,0.0,0.0,0.0,0.0,0.0,0.0,0.0,7.280109889280518,16.401219466856727,16.278820596099706,16.401219466856727,12.36931687685298,14.560219778561036,19.697715603592208,17.88854381999832,19.313207915827967,24.041630560342615,22.090722034374522,19.6468827043885,27.018512172212592,24.186773244895647,31.0,26.476404589747453,23.08679276123039,29.017236257093817,20.615528128088304,17.4928556845359,16.278820596099706,20.8806130178211,21.587033144922902,16.64331697709324,16.492422502470642,20.615528128088304
132.48396129343357,8.0,3.605551275463989,6.0,12.649110640673518,13.341664064126334,19.026297590440446,19.209372712298546,19.697715603592208,32.2490309931942,20.615528128088304,26.92582403567252,29.732137494637012,25.0,22.561028345356956,25.0,19.235384061671343,23.40939982143925,20.615528128088304,15.652475842498529,25.80697580112788,13.45362404707371,24.041630560342615,11.661903789690601,22.135943621178654,13.416407864998739,13.038404810405298,0.0,0.0,0.0,0.0,0.0,0.0,0.0,0.0,0.0,0.0,0.0,5.656854249492381,19.4164878389476,8.602325267042627,11.0,13.038404810405298,12.649110640673518,17.72004514666935,19.0,23.323807579381203,26.076809620810597,25.0,27.459060435491963,34.058772731852805,21.400934559032695,32.69556544854363,24.839484696748443,28.600699292150182,20.518284528683193,24.596747752497688,25.317977802344327,24.413111231467404,27.202941017470888,24.351591323771842,16.278820596099706,15.0,13.038404810405298
175.45369759569047,7.0,8.94427190999916,7.0710678118654755,11.40175425099138,7.810249675906654,21.18962010041709,19.026297590440446,15.811388300841896,17.46424919657298,22.47220505424423,18.384776310850235,26.832815729997478,22.02271554554524,13.892443989449804,29.410882339705484,34.92849839314596,22.67156809750927,22.67156809750927,16.401219466856727,22.67156809750927,11.180339887498949,24.08318915758459,12.165525060596439,9.0,14.142135623730951,13.0,0.0,0.0,0.0,0.0,0.0,0.0,0.0,0.0,0.0,0.0,0.0,8.94427190999916,9.219544457292887,12.649110640673518,7.615773105863909,18.867962264113206,16.15549442140351,9.219544457292887,15.231546211727817,17.69180601295413,21.02379604162864,19.849433241279208,18.788294228055936,33.97057550292606,22.360679774997898,22.847319317591726,22.825424421026653,18.384776310850235,23.430749027719962,28.460498941515414,32.984845004941285,24.041630560342615,23.021728866442675,27.202941017470888,14.317821063276353,18.35755975068582,15.0
132.48396129343357,8.0,3.605551275463989,2.0,22.847319317591726,9.219544457292887,9.055385138137417,18.027756377319946,13.416407864998739,19.697715603592208,26.30589287593181,21.37755832643195,17.0,26.1725046566048,31.144823004794873,29.154759474226502,31.04834939252005,27.16615541441225,31.04834939252005,24.73863375370596,17.88854381999832,20.518284528683193,24.596747752497688,14.142135623730951,19.313207915827967,1.0,6.0,0.0,0.0,0.0,0.0,0.0,0.0,0.0,0.0,0.0,0.0,0.0,7.280109889280518,5.385164807134504,16.278820596099706,19.026297590440446,13.92838827718412,11.180339887498949,12.041594578792296,25.0,21.2602916254693,26.1725046566048,18.027756377319946,24.186773244895647,38.01315561749642,31.38470965295043,22.67156809750927,24.041630560342615,23.021728866442675,33.28663395418648,20.248456731316587,17.0,18.027756377319946,19.849433241279208,4.123105625617661,20.615528128088304,12.529964086141668,13.601470508735444
115.73245007343446,30.0,15.811388300841896,11.0,11.40175425099138,11.180339887498949,17.46424919657298,10.04987562112089,21.840329667841555,20.223748416156685,15.524174696260024,23.323807579381203,22.47220505424423,12.529964086141668,23.08679276123039,23.08679276123039,19.026297590440446,21.02379604162864,18.110770276274835,18.027756377319946,13.45362404707371,24.20743687382041,13.92838827718412,10.295630140987,9.899494936611665,13.92838827718412,13.038404810405298,0.0,0.0,0.0,0.0,0.0,0.0,0.0,0.0,0.0,0.0,0.0,10.04987562112089,11.180339887498949,8.246211251235321,14.035668847618199,10.44030650891055,12.083045973594572,5.830951894845301,18.867962264113206,19.4164878389476,15.811388300841896,20.591260281974,17.029386365926403,22.47220505424423,20.09975124224178,26.476404589747453,28.0178514522438,27.018512172212592,25.079872407968907,18.110770276274835,21.93171219946131,26.248809496813376,21.095023109728988,12.36931687685298,20.0,15.297058540778355,1.4142135623730951
79.1580697086532,31.0,10.816653826391969,10.295630140987,8.06225774829855,14.212670403551895,24.596747752497688,8.06225774829855,19.313207915827967,17.029386365926403,17.72004514666935,18.35755975068582,18.439088914585774,17.88854381999832,15.0,19.1049731745428,18.24828759089466,22.47220505424423,17.0,18.24828759089466,17.204650534085253,18.384776310850235,18.24828759089466,7.615773105863909,13.0,14.142135623730951,14.7648230602334,0.0,0.0,0.0,0.0,0.0,0.0,0.0,0.0,0.0,0.0,0.0,7.280109889280518,5.385164807134504,9.219544457292887,7.0710678118654755,13.601470508735444,13.601470508735444,16.15549442140351,13.892443989449804,18.027756377319946,13.416407864998739,18.24828759089466,22.0,28.284271247461902,15.033296378372908,25.495097567963924,21.840329667841555,19.924858845171276,17.46424919657298,16.492422502470642,22.627416997969522,19.849433241279208,26.248809496813376,16.64331697709324,18.601075237738275,15.231546211727817,10.44030650891055
125.53883861180172,6.0,14.142135623730951,13.341664064126334,9.219544457292887,16.278820596099706,17.46424919657298,9.219544457292887,23.08679276123039,12.206555615733702,21.840329667841555,22.360679774997898,27.85677655436824,29.154759474226502,26.248809496813376,23.769728648009426,28.460498941515414,25.317977802344327,21.213203435596427,14.035668847618199,19.235384061671343,22.02271554554524,20.09975124224178,16.15549442140351,7.0710678118654755,15.556349186104045,11.704699910719626,0.0,0.0,0.0,0.0,0.0,0.0,0.0,0.0,0.0,0.0,0.0,12.0,7.615773105863909,18.0,10.770329614269007,20.12461179749811,23.853720883753127,22.67156809750927,18.788294228055936,12.165525060596439,18.384776310850235,24.20743687382041,22.80350850198276,25.179356624028344,21.93171219946131,24.351591323771842,24.020824298928627,25.019992006393608,28.0,25.495097567963924,29.732137494637012,15.0,23.769728648009426,13.038404810405298,22.02271554554524,23.259406699226016,15.132745950421556
80.15609770940699,15.0,24.186773244895647,24.758836806279895,30.805843601498726,31.906112267087632,26.627053911388696,30.083217912982647,22.47220505424423,25.942243542145693,18.973665961010276,18.027756377319946,17.88854381999832,14.317821063276353,7.615773105863909,14.422205101855956,3.605551275463989,4.0,7.0710678118654755,13.038404810405298,16.1245154965971,18.027756377319946,22.20360331117452,24.413111231467404,24.758836806279895,24.041630560342615,26.90724809414742,0.0,0.0,0.0,0.0,0.0,0.0,0.0,0.0,0.0,0.0,0.0,28.231188426986208,26.248809496813376,27.730849247724095,24.166091947189145,28.0178514522438,24.596747752497688,26.832815729997478,20.248456731316587,22.360679774997898,19.1049731745428,21.18962010041709,26.68332812825267,17.26267650163207,17.029386365926403,16.278820596099706,27.459060435491963,17.46424919657298,20.024984394500787,21.540659228538015,19.924858845171276,24.698178070456937,23.021728866442675,24.73863375370596,26.40075756488817,15.652475842498529,25.96150997149434
103.09219175087898,9.0,48.25971404805462,60.8276253029822,50.44799302251776,45.48626166217664,54.62600113499065,48.010415536631214,53.33854141237835,41.048751503547585,46.61544808322666,28.160255680657446,25.079872407968907,20.518284528683193,15.524174696260024,9.486832980505138,7.810249675906654,13.45362404707371,11.661903789690601,23.600847442411894,31.400636936215164,27.459060435491963,35.0,36.235341863986875,40.8166632639171,52.20153254455275,48.91829923454004,0.0,0.0,0.0,0.0,0.0,0.0,0.0,0.0,0.0,0.0,0.0,49.09175083453431,46.010868281309364,54.037024344425184,48.25971404805462,46.09772228646444,45.27692569068709,40.52159917870962,45.70557952810576,48.25971404805462,29.0,32.7566787083184,35.05709628591621,31.04834939252005,41.48493702538308,32.64965543462902,42.720018726587654,31.016124838541646,35.4682957019364,40.80441152620633,33.28663395418648,38.07886552931954,34.48187929913333,27.80287754891569,41.14608122288197,44.654227123532216,41.6293165929973
80.0,5.0,54.037024344425184,49.57822102496216,45.48626166217664,46.647615158762406,44.28317965096906,53.41348144429457,61.35144660071187,33.60059523282288,25.96150997149434,26.832815729997478,27.313000567495326,30.364452901377952,25.019992006393608,11.40175425099138,2.0,2.23606797749979,13.038404810405298,21.095023109728988,30.4138126514911,22.80350850198276,33.83784863137726,35.608987629529715,44.10215414239989,43.840620433565945,43.278170016764804,0.0,0.0,0.0,0.0,0.0,0.0,0.0,0.0,0.0,0.0,0.0,50.08991914547278,47.01063709417264,48.010415536631214,49.36598018878993,51.24451190127583,44.04543109109048,44.28317965096906,43.104524124504614,41.048751503547585,35.35533905932738,37.05401462729781,31.78049716414141,41.43669871020132,35.17101079013795,37.21558813185679,30.4138126514911,39.11521443121589,39.6232255123179,49.47726750741192,35.35533905932738,45.0,35.4682957019364,39.59797974644666,43.41658669218482,48.41487374764082,36.71511950137164
96.18731725128839,15.0,53.03772242470448,40.496913462633174,50.695167422546305,58.05170109479997,54.589376255824725,49.16299421312742,56.61271941887264,38.3275357934736,35.608987629529715,30.01666203960727,33.61547262794322,25.179356624028344,11.661903789690601,15.620499351813308,7.615773105863909,16.97056274847714,12.36931687685298,19.313207915827967,23.40939982143925,28.460498941515414,40.496913462633174,30.066592756745816,42.95346318982906,41.43669871020132,49.24428900898052,0.0,0.0,0.0,0.0,0.0,0.0,0.0,0.0,0.0,0.0,0.0,48.38388161361178,53.48831648126533,49.24428900898052,52.009614495783374,51.73973328110612,48.41487374764082,44.294469180700204,38.01315561749642,41.23105625617661,37.64306044943742,33.28663395418648,35.34119409414458,35.608987629529715,38.07886552931954,26.248809496813376,29.120439557122072,38.8329756778952,25.179356624028344,35.05709628591621,40.792156108742276,22.0,34.92849839314596,35.6931365951495,46.238512086787566,47.095647357266465,49.36598018878993
132.48396129343357,8.0,42.15447781671598,63.52952069707436,50.60632371551998,55.31726674375732,47.51841748206689,47.38143096192854,30.805843601498726,44.553338819890925,34.23448553724738,29.017236257093817,14.560219778561036,21.18962010041709,25.079872407968907,9.055385138137417,3.1622776601683795,3.605551275463989,16.76305461424021,21.540659228538015,25.45584412271571,24.698178070456937,35.22782990761707,26.570660511172846,37.8021163428716,42.941821107167776,42.80186911806539,0.0,0.0,0.0,0.0,0.0,0.0,0.0,0.0,0.0,0.0,0.0,46.389654018972806,52.392747589718944,54.3323108288245,49.040799340956916,50.80354318352215,46.09772228646444,47.265209192385896,42.5440947723653,40.01249804748511,42.44997055358225,24.0,42.04759208325728,35.0,24.351591323771842,33.61547262794322,33.61547262794322,33.95585369269929,41.23105625617661,40.80441152620633,33.421549934136806,24.758836806279895,36.05551275463989,19.697715603592208,34.9857113690718,25.612496949731394,45.34313619501854
103.09219175087898,6.0,8.602325267042627,8.246211251235321,7.0710678118654755,19.235384061671343,15.811388300841896,20.615528128088304,23.769728648009426,16.97056274847714,16.15549442140351,23.430749027719962,24.515301344262525,17.69180601295413,29.154759474226502,18.439088914585774,19.209372712298546,21.02379604162864,19.1049731745428,14.7648230602334,17.46424919657298,18.788294228055936,8.06225774829855,6.4031242374328485,13.0,12.649110640673518,14.560219778561036,0.0,0.0,0.0,0.0,0.0,0.0,0.0,0.0,0.0,0.0,0.0,17.69180601295413,8.48528137423857,10.816653826391969,9.219544457292887,8.246211251235321,13.892443989449804,11.313708498984761,17.69180601295413,15.524174696260024,18.384776310850235,16.278820596099706,20.0,19.1049731745428,28.460498941515414,17.69180601295413,15.0,30.805843601498726,33.015148038438355,28.30194339616981,17.69180601295413,17.26267650163207,36.796738985948195,19.235384061671343,13.0,7.810249675906654,16.97056274847714
130.0,8.0,9.219544457292887,7.280109889280518,10.0,16.1245154965971,16.492422502470642,14.422205101855956,19.235384061671343,11.180339887498949,22.02271554554524,20.8806130178211,18.027756377319946,18.0,19.235384061671343,21.213203435596427,26.019223662515376,22.02271554554524,18.027756377319946,27.294688127912362,13.92838827718412,21.540659228538015,6.324555320336759,15.0,9.486832980505138,9.055385138137417,14.0,0.0,0.0,0.0,0.0,0.0,0.0,0.0,0.0,0.0,0.0,0.0,6.324555320336759,10.63014581273465,10.63014581273465,9.219544457292887,14.866068747318506,18.681541692269406,19.1049731745428,18.24828759089466,23.08679276123039,17.029386365926403,23.706539182259394,18.027756377319946,28.635642126552707,29.120439557122072,28.178005607210743,22.847319317591726,26.40075756488817,31.064449134018133,21.470910553583888,24.596747752497688,19.235384061671343,22.20360331117452,13.892443989449804,14.317821063276353,16.278820596099706,10.770329614269007
99.29753269845128,5.0,8.602325267042627,6.708203932499369,11.661903789690601,19.209372712298546,15.620499351813308,21.93171219946131,13.892443989449804,22.02271554554524,22.20360331117452,22.02271554554524,22.47220505424423,17.804493814764857,26.419689627245813,20.518284528683193,23.600847442411894,23.08679276123039,25.059928172283335,21.2602916254693,15.811388300841896,13.416407864998739,15.297058540778355,15.033296378372908,14.317821063276353,10.770329614269007,11.180339887498949,0.0,0.0,0.0,0.0,0.0,0.0,0.0,0.0,0.0,0.0,0.0,13.45362404707371,9.219544457292887,10.04987562112089,9.055385138137417,8.94427190999916,14.317821063276353,8.06225774829855,23.40939982143925,20.396078054371138,18.110770276274835,26.832815729997478,18.027756377319946,19.1049731745428,21.95449840010015,25.059928172283335,27.018512172212592,26.1725046566048,20.12461179749811,28.844410203711913,27.80287754891569,26.832815729997478,28.319604517012593,17.69180601295413,19.209372712298546,12.206555615733702,15.0
103.09219175087898,9.0,29.5296461204668,26.570660511172846,30.083217912982647,28.460498941515414,20.808652046684813,21.095023109728988,22.0,23.600847442411894,18.973665961010276,22.80350850198276,8.94427190999916,18.027756377319946,15.297058540778355,15.231546211727817,12.649110640673518,6.4031242374328485,14.142135623730951,13.0,10.04987562112089,18.439088914585774,17.11724276862369,16.1245154965971,17.72004514666935,23.53720459187964,17.72004514666935,0.0,0.0,0.0,0.0,0.0,0.0,0.0,0.0,0.0,0.0,0.0,26.019223662515376,21.587033144922902,25.059928172283335,14.035668847618199,18.110770276274835,9.055385138137417,18.110770276274835,12.206555615733702,6.4031242374328485,9.486832980505138,23.706539182259394,12.529964086141668,13.0,4.47213595499958,15.264337522473747,13.152946437965905,26.92582403567252,22.847319317591726,14.560219778561036,20.396078054371138,32.64965543462902,15.132745950421556,24.73863375370596,14.560219778561036,23.769728648009426,24.515301344262525
125.53883861180172,6.0,36.61966684720111,56.639209034025185,51.97114584074513,48.010415536631214,39.698866482558415,50.32891812864648,41.036569057366385,40.80441152620633,55.226805085936306,29.154759474226502,36.76955262170047,36.24913792078372,27.65863337187866,18.027756377319946,12.041594578792296,8.54400374531753,10.198039027185569,23.194827009486403,29.832867780352597,25.612496949731394,29.154759474226502,32.55764119219941,35.35533905932738,34.20526275297414,38.01315561749642,0.0,0.0,0.0,0.0,0.0,0.0,0.0,0.0,0.0,0.0,0.0,32.64965543462902,38.8329756778952,32.55764119219941,36.6742416417845,34.52535300326414,32.0624390837628,28.160255680657446,28.861739379323623,26.30589287593181,20.12461179749811,20.518284528683193,26.1725046566048,21.840329667841555,27.730849247724095,24.515301344262525,30.805843601498726,43.93176527297759,26.68332812825267,39.05124837953327,28.284271247461902,37.44329045369811,33.95585369269929,32.449961479175904,27.294688127912362,42.44997055358225,40.311288741492746
99.29753269845128,5.0,52.20153254455275,45.31004303683677,50.47771785649585,59.16924876994806,58.52349955359813,54.45181356024793,43.08131845707603,46.14108798023731,53.2634959423431,46.69047011971501,39.11521443121589,34.17601498127012,27.16615541441225,23.53720459187964,17.72004514666935,16.76305461424021,12.041594578792296,16.278820596099706,17.46424919657298,23.53720459187964,25.709920264364882,39.66106403010388,34.058772731852805,40.36087214122113,38.600518131237564,0.0,0.0,0.0,0.0,0.0,0.0,0.0,0.0,0.0,0.0,0.0,34.88552708502482,36.6742416417845,34.20526275297414,40.24922359499622,30.675723300355934,27.51363298439521,20.615528128088304,23.08679276123039,23.194827009486403,30.0,21.587033144922902,13.45362404707371,18.973665961010276,32.2490309931942,24.515301344262525,20.615528128088304,28.635642126552707,40.52159917870962,28.635642126552707,40.311288741492746,48.041648597857254,43.278170016764804,30.805843601498726,36.6742416417845,50.44799302251776,29.68164415931166
113.78049041905207,17.0,56.824290580701486,84.29116205154607,47.80167361086848,47.70744176750625,49.20365840057018,55.17245689653489,39.35733730830886,53.85164807134504,46.32493928760188,47.16990566028302,36.40054944640259,29.698484809834994,20.591260281974,13.0,12.206555615733702,7.615773105863909,16.1245154965971,16.1245154965971,17.4928556845359,29.732137494637012,39.20459156782532,34.48187929913333,36.40054944640259,35.77708763999664,36.069377593742864,0.0,0.0,0.0,0.0,0.0,0.0,0.0,0.0,0.0,0.0,0.0,39.92492955535426,36.24913792078372,35.11409973215888,34.36568055487916,39.81205847478876,26.570660511172846,36.87817782917155,23.600847442411894,27.202941017470888,12.649110640673518,13.341664064126334,19.209372712298546,18.027756377319946,18.110770276274835,22.135943621178654,20.396078054371138,26.68332812825267,26.476404589747453,35.4400902933387,25.079872407968907,22.47220505424423,24.186773244895647,24.839484696748443,60.03332407921454,38.28837943815329,51.62363799656123
65.06919393998976,18.0,26.1725046566048,53.48831648126533,56.0,54.037024344425184,33.24154027718932,59.682493245507096,31.32091952673165,46.22769732530488,57.30619512757761,36.124783736376884,36.138621999185304,43.41658669218482,19.697715603592208,20.248456731316587,21.095023109728988,15.652475842498529,11.40175425099138,16.15549442140351,15.033296378372908,23.194827009486403,22.02271554554524,28.42534080710379,22.847319317591726,42.05948168962618,44.82186966202994,0.0,0.0,0.0,0.0,0.0,0.0,0.0,0.0,0.0,0.0,0.0,34.36568055487916,28.231188426986208,26.832815729997478,31.304951684997057,29.732137494637012,23.769728648009426,31.04834939252005,29.274562336608895,26.30589287593181,18.681541692269406,22.360679774997898,24.596747752497688,25.942243542145693,30.805843601498726,26.92582403567252,37.12142238654117,25.019992006393608,24.413111231467404,21.587033144922902,33.61547262794322,46.69047011971501,30.265491900843113,37.12142238654117,43.04648650006177,39.20459156782532,53.150729063673246
125.53883861180172,6.0,35.4400902933387,47.20169488482379,54.67174773134658,51.31276644267,44.553338819890925,56.72741841473134,45.34313619501854,48.16637831516918,40.607881008493905,36.235341863986875,35.4682957019364,34.66987164671943,25.709920264364882,10.0,11.0,10.295630140987,15.033296378372908,22.20360331117452,22.0,29.614185789921695,29.410882339705484,30.066592756745816,41.43669871020132,36.40054944640259,44.721359549995796,0.0,0.0,0.0,0.0,0.0,0.0,0.0,0.0,0.0,0.0,0.0,39.824615503479755,32.55764119219941,36.89173349139343,35.35533905932738,31.240998703626616,35.84689665786984,31.622776601683793,18.35755975068582,28.844410203711913,31.064449134018133,24.041630560342615,31.04834939252005,21.2602916254693,30.4138126514911,27.784887978899608,33.12099032335839,24.351591323771842,17.46424919657298,26.019223662515376,30.01666203960727,33.734255586866,29.68164415931166,33.83784863137726,30.4138126514911,37.57658845611187,53.85164807134504
48.0,13.0,31.240998703626616,34.88552708502482,36.235341863986875,22.67156809750927,39.408120990476064,42.20189569201838,36.24913792078372,27.80287754891569,27.784887978899608,25.495097567963924,24.698178070456937,24.020824298928627,15.652475842498529,19.235384061671343,8.06225774829855,10.63014581273465,12.083045973594572,11.661903789690601,19.1049731745428,17.0,14.422205101855956,19.1049731745428,23.323807579381203,27.018512172212592,27.80287754891569,0.0,0.0,0.0,0.0,0.0,0.0,0.0,0.0,0.0,0.0,0.0,23.259406699226016,20.248456731316587,21.400934559032695,18.788294228055936,21.540659228538015,15.132745950421556,25.079872407968907,18.384776310850235,17.029386365926403,16.1245154965971,19.0,14.142135623730951,16.76305461424021,19.4164878389476,13.038404810405298,21.37755832643195,20.248456731316587,18.439088914585774,24.041630560342615,22.090722034374522,18.973665961010276,28.600699292150182,24.08318915758459,12.36931687685298,15.811388300841896,21.095023109728988
99.29753269845128,5.0,61.71709649683789,44.10215414239989,59.682493245507096,52.03844732503075,58.180752831155424,51.54609587543949,50.15974481593781,40.311288741492746,36.40054944640259,28.178005607210743,36.796738985948195,36.76955262170047,34.92849839314596,24.698178070456937,16.278820596099706,3.605551275463989,9.055385138137417,21.840329667841555,22.825424421026653,20.248456731316587,26.570660511172846,35.805027579936315,35.34119409414458,41.10960958218893,44.04543109109048,0.0,0.0,0.0,0.0,0.0,0.0,0.0,0.0,0.0,0.0,0.0,35.4682957019364,31.144823004794873,37.64306044943742,28.284271247461902,34.713109915419565,32.55764119219941,25.238858928247925,23.345235059857504,18.439088914585774,19.6468827043885,17.11724276862369,20.615528128088304,19.235384061671343,18.027756377319946,18.027756377319946,20.248456731316587,29.154759474226502,30.01666203960727,27.586228448267445,46.14108798023731,28.600699292150182,46.84015371452148,28.0178514522438,32.55764119219941,14.866068747318506,52.392747589718944
130.0,8.0,59.481089431852205,37.33630940518894,32.89376840679705,44.553338819890925,41.78516483155236,50.96076922496363,55.154328932550705,49.040799340956916,34.785054261852174,42.44997055358225,41.48493702538308,39.6232255123179,15.811388300841896,21.37755832643195,17.204650534085253,8.48528137423857,20.8806130178211,10.0,29.966648127543394,33.52610922848042,27.294688127912362,31.76476034853718,33.61547262794322,37.94733192202055,32.14031735997639,0.0,0.0,0.0,0.0,0.0,0.0,0.0,0.0,0.0,0.0,0.0,38.18376618407357,39.20459156782532,31.622776601683793,33.301651610693426,35.510561809129406,23.853720883753127,37.013511046643494,22.847319317591726,19.924858845171276,24.0,21.18962010041709,26.076809620810597,29.068883707497267,29.0,23.769728648009426,22.47220505424423,20.615528128088304,32.2490309931942,21.095023109728988,25.079872407968907,35.22782990761707,25.942243542145693,31.144823004794873,36.124783736376884,43.41658669218482,45.35416188179427
99.29753269845128,5.0,44.9221548904324,33.97057550292606,61.1310068623117,51.894122981316485,46.861498055439924,59.135437767890075,60.41522986797286,45.880278987817846,48.46648326421054,36.05551275463989,40.024992192379,29.832867780352597,25.495097567963924,26.419689627245813,10.198039027185569,13.416407864998739,10.198039027185569,21.540659228538015,20.0,24.73863375370596,31.144823004794873,41.773197148410844,41.23105625617661,38.62641583165593,37.57658845611187,0.0,0.0,0.0,0.0,0.0,0.0,0.0,0.0,0.0,0.0,0.0,35.05709628591621,38.897300677553446,33.06055050963308,35.0,33.24154027718932,26.1725046566048,26.40075756488817,22.825424421026653,28.284271247461902,19.849433241279208,20.248456731316587,23.259406699226016,26.92582403567252,27.51363298439521,24.020824298928627,13.416407864998739,29.546573405388315,33.52610922848042,27.459060435491963,29.0,17.69180601295413,36.124783736376884,27.459060435491963,34.92849839314596,39.05124837953327,34.655446902326915
103.09219175087898,6.0,3.0,10.44030650891055,13.601470508735444,4.47213595499958,17.11724276862369,22.360679774997898,16.76305461424021,18.681541692269406,10.770329614269007,16.1245154965971,15.811388300841896,26.019223662515376,19.235384061671343,21.213203435596427,22.360679774997898,23.769728648009426,25.96150997149434,25.942243542145693,9.848857801796104,20.248456731316587,18.788294228055936,18.027756377319946,13.892443989449804,8.602325267042627,5.385164807134504,0.0,0.0,0.0,0.0,0.0,0.0,0.0,0.0,0.0,0.0,0.0,2.0,11.704699910719626,13.038404810405298,12.041594578792296,12.529964086141668,8.246211251235321,9.848857801796104,14.7648230602334,19.924858845171276,19.235384061671343,17.72004514666935,30.4138126514911,25.495097567963924,28.442925306655784,28.0178514522438,25.495097567963924,23.021728866442675,26.019223662515376,29.154759474226502,28.071337695236398,30.083217912982647,18.439088914585774,27.51363298439521,22.80350850198276,23.53720459187964,10.295630140987
120.42009799032718,20.0,10.04987562112089,6.082762530298219,16.64331697709324,13.92838827718412,22.561028345356956,16.278820596099706,11.661903789690601,14.035668847618199,19.72308292331602,14.560219778561036,24.186773244895647,26.92582403567252,19.924858845171276,34.36568055487916,26.476404589747453,21.840329667841555,27.16615541441225,29.274562336608895,17.0,14.422205101855956,19.313207915827967,12.083045973594572,16.401219466856727,18.384776310850235,8.246211251235321,0.0,0.0,0.0,0.0,0.0,0.0,0.0,0.0,0.0,0.0,0.0,14.212670403551895,3.605551275463989,15.652475842498529,18.35755975068582,18.027756377319946,15.231546211727817,14.035668847618199,15.811388300841896,15.811388300841896,20.591260281974,16.0312195418814,22.360679774997898,26.92582403567252,29.5296461204668,28.231188426986208,33.60059523282288,29.0,28.42534080710379,21.93171219946131,35.22782990761707,23.40939982143925,17.804493814764857,24.166091947189145,15.264337522473747,15.231546211727817,10.04987562112089
103.09219175087898,6.0,15.297058540778355,15.811388300841896,14.142135623730951,9.899494936611665,10.63014581273465,21.2602916254693,31.400636936215164,21.400934559032695,20.808652046684813,22.80350850198276,22.02271554554524,33.60059523282288,29.068883707497267,32.01562118716424,26.92582403567252,27.65863337187866,23.345235059857504,28.460498941515414,20.248456731316587,15.297058540778355,13.92838827718412,21.213203435596427,14.317821063276353,14.422205101855956,17.26267650163207,0.0,0.0,0.0,0.0,0.0,0.0,0.0,0.0,0.0,0.0,0.0,5.385164807134504,12.041594578792296,6.082762530298219,10.63014581273465,11.0,20.223748416156685,10.04987562112089,21.37755832643195,17.4928556845359,22.47220505424423,17.88854381999832,29.017236257093817,21.93171219946131,21.93171219946131,21.213203435596427,26.90724809414742,22.02271554554524,20.8806130178211,22.02271554554524,28.600699292150182,16.278820596099706,17.204650534085253,29.120439557122072,19.313207915827967,19.72308292331602,8.06225774829855
98.97979591815695,21.0,5.656854249492381,10.198039027185569,15.033296378372908,13.152946437965905,13.341664064126334,25.0,25.019992006393608,23.0,25.179356624028344,23.323807579381203,21.93171219946131,27.018512172212592,20.615528128088304,22.561028345356956,20.0,28.284271247461902,22.47220505424423,24.331050121192877,17.11724276862369,24.698178070456937,18.439088914585774,18.027756377319946,12.649110640673518,9.848857801796104,10.0,0.0,0.0,0.0,0.0,0.0,0.0,0.0,0.0,0.0,0.0,0.0,11.40175425099138,10.770329614269007,11.180339887498949,9.848857801796104,10.816653826391969,12.206555615733702,14.142135623730951,15.620499351813308,13.92838827718412,16.64331697709324,17.4928556845359,23.259406699226016,31.016124838541646,25.0,20.223748416156685,22.47220505424423,21.587033144922902,22.02271554554524,23.021728866442675,28.635642126552707,18.439088914585774,17.4928556845359,15.033296378372908,16.278820596099706,17.029386365926403,18.027756377319946
36.71511950137164,14.0,33.52610922848042,23.021728866442675,32.0624390837628,33.0,25.079872407968907,21.37755832643195,29.427877939124322,24.041630560342615,30.528675044947494,30.886890422961002,20.591260281974,28.0178514522438,18.601075237738275,18.384776310850235,12.041594578792296,7.211102550927978,6.324555320336759,1.0,4.47213595499958,7.280109889280518,17.08800749063506,17.46424919657298,20.223748416156685,21.095023109728988,22.360679774997898,0.0,0.0,0.0,0.0,0.0,0.0,0.0,0.0,0.0,0.0,0.0,23.08679276123039,26.68332812825267,22.561028345356956,24.73863375370596,15.231546211727817,17.46424919657298,17.11724276862369,15.297058540778355,15.0,13.45362404707371,15.264337522473747,16.76305461424021,14.317821063276353,19.313207915827967,19.313207915827967,21.37755832643195,23.021728866442675,20.248456731316587,21.095023109728988,32.0624390837628,22.135943621178654,19.235384061671343,21.37755832643195,31.144823004794873,13.152946437965905,24.0
33.06055050963308,16.0,26.476404589747453,27.073972741361768,17.11724276862369,28.071337695236398,16.15549442140351,26.019223662515376,35.05709628591621,25.495097567963924,31.144823004794873,15.231546211727817,25.079872407968907,11.661903789690601,12.083045973594572,3.605551275463989,10.816653826391969,12.165525060596439,8.0,8.48528137423857,5.0990195135927845,14.317821063276353,9.219544457292887,15.556349186104045,17.88854381999832,16.492422502470642,28.0178514522438,0.0,0.0,0.0,0.0,0.0,0.0,0.0,0.0,0.0,0.0,0.0,26.92582403567252,14.866068747318506,21.18962010041709,20.808652046684813,12.165525060596439,6.324555320336759,11.40175425099138,17.029386365926403,12.806248474865697,5.385164807134504,14.0,16.0312195418814,23.600847442411894,8.06225774829855,1.0,23.430749027719962,23.323807579381203,6.4031242374328485,12.529964086141668,18.681541692269406,16.0312195418814,19.79898987322333,18.35755975068582,15.297058540778355,15.132745950421556,15.620499351813308
99.29753269845128,5.0,41.97618372363071,33.24154027718932,53.150729063673246,58.137767414994535,40.607881008493905,34.23448553724738,43.93176527297759,40.80441152620633,44.9221548904324,48.507731342539614,33.95585369269929,31.016124838541646,26.832815729997478,26.92582403567252,15.620499351813308,11.180339887498949,12.649110640673518,2.8284271247461903,16.0312195418814,22.47220505424423,21.02379604162864,18.35755975068582,36.87817782917155,44.553338819890925,38.0,0.0,0.0,0.0,0.0,0.0,0.0,0.0,0.0,0.0,0.0,0.0,33.95585369269929,34.058772731852805,38.63935817272331,40.311288741492746,37.05401462729781,26.68332812825267,23.021728866442675,36.345563690772494,19.313207915827967,28.844410203711913,19.849433241279208,30.23243291566195,17.204650534085253,32.7566787083184,49.24428900898052,30.14962686336267,38.63935817272331,43.289721643826724,38.3275357934736,35.73513677041127,45.221676218380054,40.01249804748511,49.040799340956916,23.853720883753127,28.160255680657446,31.38470965295043
120.42009799032718,20.0,47.80167361086848,63.00793600809346,53.9351462406472,40.024992192379,69.3757882838098,61.66036003787198,45.617978911828175,41.773197148410844,46.17358552246078,37.8021163428716,40.45985664828782,29.154759474226502,29.206163733020468,22.47220505424423,14.317821063276353,15.652475842498529,5.0990195135927845,5.0990195135927845,3.605551275463989,18.027756377319946,22.80350850198276,24.0,25.709920264364882,29.068883707497267,31.32091952673165,0.0,0.0,0.0,0.0,0.0,0.0,0.0,0.0,0.0,0.0,0.0,34.0147027033899,32.0624390837628,36.49657518178932,34.713109915419565,35.6931365951495,29.0,28.0178514522438,27.294688127912362,23.08679276123039,26.076809620810597,22.80350850198276,16.401219466856727,39.408120990476064,28.42534080710379,30.23243291566195,31.400636936215164,16.64331697709324,27.294688127912362,36.76955262170047,36.124783736376884,44.0,40.311288741492746,39.05124837953327,52.15361924162119,30.4138126514911,39.20459156782532
103.09219175087898,6.0,22.561028345356956,50.11985634456667,50.92150822589606,54.08326913195984,59.07622195096772,62.96824596572466,42.42640687119285,49.47726750741192,31.240998703626616,35.38361202590826,47.50789408087881,35.4682957019364,34.438350715445125,30.083217912982647,27.018512172212592,13.45362404707371,10.198039027185569,8.246211251235321,17.0,15.652475842498529,12.083045973594572,26.627053911388696,29.410882339705484,40.0,39.408120990476064,0.0,0.0,0.0,0.0,0.0,0.0,0.0,0.0,0.0,0.0,0.0,43.01162633521314,37.21558813185679,37.21558813185679,36.24913792078372,38.8329756778952,29.427877939124322,34.48187929913333,18.973665961010276,28.0178514522438,22.67156809750927,27.784887978899608,35.22782990761707,47.92702786528704,30.14962686336267,37.0,40.718546143004666,52.03844732503075,33.13608305156178,40.607881008493905,46.87216658103186,51.0098029794274,40.496913462633174,42.2965719651132,51.0,18.110770276274835,29.966648127543394
98.97979591815695,21.0,56.36488268416781,48.33218389437829,43.657759905886145,44.384682042344295,52.392747589718944,47.095647357266465,56.60388679233962,54.91812087098393,51.97114584074513,42.37924020083418,45.221676218380054,38.01315561749642,30.265491900843113,26.476404589747453,13.416407864998739,9.219544457292887,10.44030650891055,12.206555615733702,15.231546211727817,16.64331697709324,18.601075237738275,23.323807579381203,27.80287754891569,26.076809620810597,37.44329045369811,0.0,0.0,0.0,0.0,0.0,0.0,0.0,0.0,0.0,0.0,0.0,41.036569057366385,38.28837943815329,40.36087214122113,31.240998703626616,36.61966684720111,30.4138126514911,30.4138126514911,31.240998703626616,31.78049716414141,22.847319317591726,20.024984394500787,29.274562336608895,29.154759474226502,34.36568055487916,44.27188724235731,41.340053217188775,37.64306044943742,24.20743687382041,30.364452901377952,19.697715603592208,32.55764119219941,29.206163733020468,46.8187996428785,25.45584412271571,36.235341863986875,45.27692569068709
103.09219175087898,6.0,35.805027579936315,68.26419266350405,52.773099207835045,44.04543109109048,63.52952069707436,44.598206241955516,48.010415536631214,46.09772228646444,50.93132631298737,41.340053217188775,29.068883707497267,24.186773244895647,31.04834939252005,25.632011235952593,10.198039027185569,8.06225774829855,3.1622776601683795,1.0,16.278820596099706,8.06225774829855,26.1725046566048,25.632011235952593,31.78049716414141,34.48187929913333,36.6742416417845,0.0,0.0,0.0,0.0,0.0,0.0,0.0,0.0,0.0,0.0,0.0,41.182520563948,38.600518131237564,33.97057550292606,34.058772731852805,35.4682957019364,23.600847442411894,27.018512172212592,22.561028345356956,20.615528128088304,22.02271554554524,19.0,28.0178514522438,27.85677655436824,36.05551275463989,31.622776601683793,43.93176527297759,47.01063709417264,41.773197148410844,45.34313619501854,36.76955262170047,51.10772935672255,31.11269837220809,30.805843601498726,42.44997055358225,31.400636936215164,21.400934559032695
128.00390619039717,8.0,10.04987562112089,12.649110640673518,13.341664064126334,25.96150997149434,20.8806130178211,26.1725046566048,22.090722034374522,26.90724809414742,14.866068747318506,19.4164878389476,25.0,10.63014581273465,18.439088914585774,12.649110640673518,26.570660511172846,21.02379604162864,22.360679774997898,21.95449840010015,12.0,16.97056274847714,25.059928172283335,7.280109889280518,10.0,6.708203932499369,10.770329614269007,0.0,0.0,0.0,0.0,0.0,0.0,0.0,0.0,0.0,0.0,0.0,10.44030650891055,6.082762530298219,3.0,12.165525060596439,7.0710678118654755,9.486832980505138,12.165525060596439,10.295630140987,14.035668847618199,22.02271554554524,21.93171219946131,21.213203435596427,22.561028345356956,19.0,19.209372712298546,18.681541692269406,21.540659228538015,19.72308292331602,21.213203435596427,24.758836806279895,19.849433241279208,20.615528128088304,9.0,13.0,15.524174696260024,21.840329667841555
133.60014970051492,9.0,8.54400374531753,12.36931687685298,19.026297590440446,15.620499351813308,16.492422502470642,19.235384061671343,19.1049731745428,22.80350850198276,21.95449840010015,18.384776310850235,28.653097563788805,24.08318915758459,27.80287754891569,29.832867780352597,25.942243542145693,27.80287754891569,25.80697580112788,20.808652046684813,22.80350850198276,25.553864678361276,15.231546211727817,15.132745950421556,15.033296378372908,18.788294228055936,6.0,0.0,0.0,0.0,0.0,0.0,0.0,0.0,0.0,0.0,0.0,0.0,19.924858845171276,16.278820596099706,12.041594578792296,12.165525060596439,13.601470508735444,13.0,17.46424919657298,13.892443989449804,11.40175425099138,20.0,22.67156809750927,20.223748416156685,18.24828759089466,17.204650534085253,24.698178070456937,22.80350850198276,25.317977802344327,27.459060435491963,25.0,22.47220505424423,19.026297590440446,14.866068747318506,16.278820596099706,29.5296461204668,20.615528128088304,15.524174696260024
73.348483283569,11.0,7.615773105863909,13.152946437965905,23.021728866442675,10.63014581273465,21.840329667841555,15.264337522473747,17.88854381999832,26.40075756488817,26.248809496813376,21.95449840010015,21.095023109728988,26.1725046566048,18.439088914585774,26.248809496813376,21.400934559032695,26.419689627245813,16.64331697709324,19.4164878389476,18.973665961010276,13.601470508735444,18.384776310850235,11.180339887498949,25.0,13.038404810405298,6.708203932499369,0.0,0.0,0.0,0.0,0.0,0.0,0.0,0.0,0.0,0.0,0.0,11.045361017187261,13.341664064126334,11.40175425099138,11.045361017187261,13.038404810405298,14.866068747318506,17.88854381999832,15.0,16.492422502470642,18.788294228055936,21.18962010041709,23.021728866442675,16.0312195418814,25.298221281347036,19.6468827043885,24.020824298928627,26.40075756488817,27.85677655436824,22.561028345356956,28.442925306655784,17.26267650163207,26.1725046566048,13.92838827718412,20.591260281974,8.06225774829855,8.602325267042627
103.09219175087898,6.0,10.770329614269007,14.560219778561036,6.0,16.97056274847714,9.486832980505138,16.278820596099706,18.027756377319946,9.848857801796104,18.384776310850235,21.095023109728988,24.041630560342615,26.627053911388696,17.08800749063506,23.323807579381203,21.18962010041709,17.46424919657298,22.47220505424423,21.400934559032695,17.804493814764857,12.206555615733702,21.400934559032695,24.839484696748443,10.63014581273465,25.179356624028344,11.045361017187261,0.0,0.0,0.0,0.0,0.0,0.0,0.0,0.0,0.0,0.0,0.0,8.06225774829855,12.206555615733702,6.4031242374328485,8.94427190999916,18.110770276274835,6.708203932499369,8.0,16.1245154965971,12.206555615733702,14.317821063276353,19.209372712298546,11.40175425099138,13.45362404707371,27.65863337187866,19.1049731745428,25.612496949731394,18.027756377319946,20.223748416156685,23.259406699226016,23.600847442411894,18.384776310850235,19.1049731745428,20.8806130178211,13.892443989449804,17.46424919657298,14.142135623730951
103.09219175087898,6.0,3.605551275463989,23.53720459187964,24.698178070456937,17.08800749063506,17.4928556845359,22.47220505424423,29.5296461204668,20.248456731316587,21.213203435596427,17.69180601295413,20.248456731316587,28.635642126552707,18.439088914585774,29.0,25.553864678361276,23.345235059857504,31.827660925679098,24.20743687382041,22.80350850198276,15.811388300841896,14.422205101855956,16.492422502470642,8.246211251235321,14.035668847618199,13.0,0.0,0.0,0.0,0.0,0.0,0.0,0.0,0.0,0.0,0.0,0.0,12.36931687685298,9.219544457292887,11.661903789690601,14.422205101855956,15.811388300841896,17.4928556845359,14.142135623730951,16.0,25.709920264364882,25.179356624028344,24.331050121192877,21.0,25.019992006393608,19.924858845171276,21.37755832643195,22.847319317591726,24.041630560342615,24.08318915758459,25.298221281347036,26.248809496813376,30.4138126514911,24.413111231467404,21.213203435596427,20.808652046684813,17.4928556845359,12.806248474865697
103.09219175087898,6.0,9.486832980505138,12.36931687685298,16.0,12.041594578792296,22.47220505424423,17.69180601295413,16.278820596099706,22.02271554554524,26.419689627245813,23.345235059857504,25.495097567963924,20.248456731316587,20.808652046684813,29.966648127543394,25.553864678361276,28.178005607210743,17.0,18.027756377319946,25.96150997149434,24.186773244895647,13.152946437965905,18.24828759089466,16.0,14.7648230602334,13.038404810405298,0.0,0.0,0.0,0.0,0.0,0.0,0.0,0.0,0.0,0.0,0.0,12.806248474865697,8.94427190999916,10.04987562112089,11.40175425099138,18.0,18.681541692269406,19.924858845171276,24.351591323771842,18.439088914585774,20.248456731316587,22.67156809750927,19.4164878389476,17.88854381999832,25.80697580112788,19.1049731745428,23.323807579381203,20.615528128088304,31.622776601683793,19.849433241279208,15.652475842498529,19.209372712298546,29.068883707497267,23.259406699226016,17.0,13.416407864998739,3.1622776601683795
73.348483283569,11.0,9.0,18.601075237738275,13.601470508735444,26.476404589747453,18.439088914585774,20.09975124224178,31.78049716414141,24.08318915758459,18.110770276274835,29.832867780352597,20.396078054371138,32.0,27.294688127912362,24.73863375370596,22.80350850198276,29.068883707497267,30.14962686336267,17.72004514666935,23.08679276123039,21.840329667841555,8.602325267042627,6.324555320336759,15.620499351813308,17.0,6.082762530298219,0.0,0.0,0.0,0.0,0.0,0.0,0.0,0.0,0.0,0.0,0.0,10.198039027185569,5.0990195135927845,7.280109889280518,13.038404810405298,7.810249675906654,15.556349186104045,10.295630140987,17.88854381999832,12.165525060596439,14.317821063276353,18.867962264113206,26.0,31.25699921617557,24.020824298928627,20.396078054371138,29.068883707497267,24.08318915758459,19.697715603592208,21.37755832643195,27.294688127912362,21.587033144922902,17.26267650163207,19.1049731745428,16.15549442140351,20.09975124224178,11.180339887498949
56.0357029044876,13.0,9.433981132056603,10.295630140987,12.165525060596439,9.486832980505138,10.198039027185569,14.7648230602334,26.248809496813376,23.0,28.160255680657446,24.020824298928627,25.019992006393608,25.317977802344327,18.439088914585774,23.08679276123039,32.2490309931942,28.071337695236398,33.015148038438355,26.476404589747453,21.540659228538015,20.615528128088304,19.1049731745428,18.384776310850235,13.038404810405298,10.63014581273465,13.45362404707371,0.0,0.0,0.0,0.0,0.0,0.0,0.0,0.0,0.0,0.0,0.0,4.47213595499958,13.341664064126334,12.041594578792296,15.264337522473747,14.212670403551895,14.212670403551895,13.92838827718412,16.1245154965971,22.80350850198276,30.870698080866262,28.635642126552707,21.540659228538015,24.698178070456937,27.51363298439521,26.1725046566048,22.090722034374522,26.92582403567252,26.92582403567252,25.019992006393608,30.4138126514911,25.317977802344327,26.076809620810597,26.0,18.35755975068582,16.278820596099706,20.024984394500787
73.348483283569,11.0,24.0,28.071337695236398,25.632011235952593,35.90264614203248,39.45883931389772,36.6742416417845,38.3275357934736,33.52610922848042,31.78049716414141,33.83784863137726,30.805843601498726,28.178005607210743,21.470910553583888,14.7648230602334,15.0,10.770329614269007,5.0990195135927845,9.219544457292887,8.06225774829855,11.661903789690601,9.433981132056603,13.45362404707371,18.601075237738275,25.495097567963924,22.80350850198276,0.0,0.0,0.0,0.0,0.0,0.0,0.0,0.0,0.0,0.0,0.0,23.53720459187964,19.924858845171276,18.384776310850235,18.973665961010276,15.231546211727817,14.7648230602334,12.529964086141668,13.892443989449804,15.033296378372908,2.0,11.704699910719626,24.020824298928627,15.297058540778355,20.248456731316587,14.035668847618199,18.027756377319946,14.7648230602334,20.0,22.47220505424423,24.041630560342615,18.601075237738275,20.518284528683193,23.323807579381203,23.706539182259394,22.02271554554524,29.154759474226502
56.0357029044876,13.0,52.009614495783374,32.01562118716424,43.86342439892262,47.01063709417264,64.19501538281614,64.53681120105021,50.35871324805669,47.853944456021594,48.041648597857254,41.97618372363071,36.0,46.17358552246078,32.7566787083184,22.561028345356956,19.235384061671343,21.2602916254693,12.206555615733702,5.0990195135927845,9.433981132056603,10.295630140987,13.601470508735444,23.08679276123039,30.01666203960727,27.459060435491963,39.20459156782532,0.0,0.0,0.0,0.0,0.0,0.0,0.0,0.0,0.0,0.0,0.0,33.015148038438355,34.0147027033899,30.59411708155671,25.709920264364882,26.0,15.556349186104045,18.027756377319946,13.0,22.02271554554524,12.083045973594572,25.96150997149434,20.591260281974,26.68332812825267,29.410882339705484,31.38470965295043,42.43819034784589,33.24154027718932,31.89043743820395,22.825424421026653,22.20360331117452,48.76474136094644,26.92582403567252,30.4138126514911,6.4031242374328485,40.8166632639171,29.732137494637012
73.348483283569,11.0,14.317821063276353,17.204650534085253,13.892443989449804,25.059928172283335,16.278820596099706,18.384776310850235,23.53720459187964,15.811388300841896,27.85677655436824,27.85677655436824,18.35755975068582,22.20360331117452,28.231188426986208,24.166091947189145,27.202941017470888,24.351591323771842,20.615528128088304,19.209372712298546,34.438350715445125,20.518284528683193,14.7648230602334,20.591260281974,20.12461179749811,13.152946437965905,15.033296378372908,0.0,0.0,0.0,0.0,0.0,0.0,0.0,0.0,0.0,0.0,0.0,16.64331697709324,3.1622776601683795,12.529964086141668,11.180339887498949,8.94427190999916,10.44030650891055,7.211102550927978,20.024984394500787,5.0990195135927845,17.11724276862369,24.73863375370596,23.323807579381203,17.029386365926403,25.632011235952593,22.847319317591726,25.495097567963924,24.758836806279895,20.518284528683193,20.0,22.67156809750927,23.769728648009426,17.26267650163207,20.12461179749811,14.142135623730951,14.212670403551895,16.401219466856727
56.0357029044876,13.0,11.661903789690601,9.433981132056603,13.92838827718412,15.132745950421556,15.0,9.055385138137417,19.924858845171276,16.15549442140351,18.027756377319946,12.649110640673518,23.53720459187964,27.202941017470888,23.323807579381203,26.90724809414742,16.492422502470642,21.540659228538015,14.0,18.027756377319946,18.027756377319946,20.024984394500787,14.866068747318506,12.529964086141668,15.556349186104045,6.082762530298219,17.69180601295413,0.0,0.0,0.0,0.0,0.0,0.0,0.0,0.0,0.0,0.0,0.0,11.704699910719626,15.231546211727817,13.038404810405298,9.486832980505138,4.242640687119285,17.4928556845359,16.492422502470642,17.69180601295413,13.152946437965905,21.470910553583888,14.317821063276353,18.24828759089466,10.44030650891055,30.0,19.6468827043885,9.848857801796104,25.238858928247925,17.46424919657298,26.019223662515376,26.870057685088806,23.430749027719962,15.620499351813308,8.602325267042627,22.561028345356956,9.848857801796104,12.041594578792296
103.09219175087898,6.0,11.045361017187261,18.439088914585774,11.045361017187261,13.038404810405298,29.068883707497267,25.298221281347036,23.430749027719962,23.769728648009426,32.7566787083184,19.4164878389476,23.323807579381203,29.5296461204668,28.653097563788805,25.553864678361276,33.24154027718932,30.364452901377952,15.297058540778355,22.47220505424423,23.194827009486403,12.529964086141668,12.36931687685298,13.92838827718412,17.26267650163207,20.248456731316587,15.811388300841896,0.0,0.0,0.0,0.0,0.0,0.0,0.0,0.0,0.0,0.0,0.0,14.422205101855956,12.649110640673518,13.038404810405298,21.587033144922902,12.041594578792296,13.152946437965905,11.045361017187261,16.64331697709324,3.0,20.518284528683193,21.470910553583888,16.64331697709324,14.866068747318506,29.546573405388315,28.653097563788805,24.186773244895647,19.849433241279208,26.0,22.80350850198276,22.20360331117452,30.4138126514911,22.360679774997898,16.15549442140351,8.0,10.04987562112089,1.4142135623730951
103.09219175087898,6.0,4.123105625617661,7.615773105863909,12.806248474865697,13.416407864998739,14.422205101855956,18.788294228055936,22.47220505424423,22.02271554554524,26.1725046566048,18.35755975068582,24.698178070456937,28.42534080710379,28.635642126552707,24.596747752497688,25.0,23.430749027719962,26.90724809414742,26.419689627245813,17.72004514666935,18.35755975068582,25.079872407968907,17.72004514666935,19.1049731745428,20.615528128088304,21.400934559032695,0.0,0.0,0.0,0.0,0.0,0.0,0.0,0.0,0.0,0.0,0.0,11.40175425099138,10.770329614269007,16.278820596099706,13.416407864998739,5.830951894845301,9.486832980505138,18.0,19.697715603592208,17.88854381999832,14.422205101855956,27.784887978899608,13.92838827718412,21.18962010041709,12.36931687685298,26.40075756488817,31.016124838541646,21.213203435596427,22.090722034374522,25.495097567963924,16.278820596099706,20.12461179749811,21.840329667841555,20.223748416156685,16.278820596099706,21.095023109728988,17.0
103.09219175087898,6.0,10.04987562112089,9.219544457292887,10.770329614269007,15.132745950421556,19.235384061671343,15.033296378372908,21.470910553583888,21.18962010041709,23.345235059857504,14.317821063276353,25.059928172283335,26.1725046566048,26.1725046566048,30.0,25.0,25.179356624028344,28.442925306655784,18.973665961010276,17.0,11.704699910719626,16.76305461424021,13.416407864998739,19.849433241279208,22.67156809750927,9.486832980505138,0.0,0.0,0.0,0.0,0.0,0.0,0.0,0.0,0.0,0.0,0.0,4.242640687119285,5.0990195135927845,10.816653826391969,15.811388300841896,7.0,12.206555615733702,18.601075237738275,20.518284528683193,13.892443989449804,14.0,24.020824298928627,21.587033144922902,20.396078054371138,18.24828759089466,20.12461179749811,32.984845004941285,23.706539182259394,22.67156809750927,31.144823004794873,21.213203435596427,29.120439557122072,18.027756377319946,18.439088914585774,17.804493814764857,14.212670403551895,4.123105625617661
55.362442142665635,65.0,16.401219466856727,18.788294228055936,15.556349186104045,17.204650534085253,26.40075756488817,27.65863337187866,10.0,19.1049731745428,27.586228448267445,28.319604517012593,26.90724809414742,28.0178514522438,25.238858928247925,24.758836806279895,31.240998703626616,33.97057550292606,25.942243542145693,20.248456731316587,18.788294228055936,21.02379604162864,15.811388300841896,11.40175425099138,13.341664064126334,13.0,15.811388300841896,0.0,0.0,0.0,0.0,0.0,0.0,0.0,0.0,0.0,0.0,0.0,14.560219778561036,8.246211251235321,13.0,15.231546211727817,14.035668847618199,22.20360331117452,21.37755832643195,19.697715603592208,11.40175425099138,17.4928556845359,23.08679276123039,29.732137494637012,27.586228448267445,25.238858928247925,26.1725046566048,21.540659228538015,23.345235059857504,21.470910553583888,21.400934559032695,25.495097567963924,23.08679276123039,21.540659228538015,24.166091947189145,15.524174696260024,7.615773105863909,13.0
131.59027319676784,5.0,14.035668847618199,15.264337522473747,13.416407864998739,24.041630560342615,26.419689627245813,23.430749027719962,12.649110640673518,28.844410203711913,19.209372712298546,24.08318915758459,31.78049716414141,28.42534080710379,26.570660511172846,31.76476034853718,14.212670403551895,25.0,21.095023109728988,32.01562118716424,23.323807579381203,26.570660511172846,16.15549442140351,23.769728648009426,18.384776310850235,12.806248474865697,10.63014581273465,0.0,0.0,0.0,0.0,0.0,0.0,0.0,0.0,0.0,0.0,0.0,13.416407864998739,16.55294535724685,10.63014581273465,6.708203932499369,9.055385138137417,24.20743687382041,19.026297590440446,16.492422502470642,21.02379604162864,12.36931687685298,22.561028345356956,26.476404589747453,18.110770276274835,23.0,14.035668847618199,28.635642126552707,27.294688127912362,24.596747752497688,22.02271554554524,27.730849247724095,22.02271554554524,24.758836806279895,5.0,19.697715603592208,20.615528128088304,22.847319317591726
122.38055401083949,66.0,7.0710678118654755,18.35755975068582,8.246211251235321,16.278820596099706,19.313207915827967,20.8806130178211,14.317821063276353,14.317821063276353,26.419689627245813,25.632011235952593,18.384776310850235,24.331050121192877,25.019992006393608,20.615528128088304,12.165525060596439,19.235384061671343,24.515301344262525,17.804493814764857,22.67156809750927,13.892443989449804,13.45362404707371,14.866068747318506,15.132745950421556,11.704699910719626,11.180339887498949,0.0,0.0,0.0,0.0,0.0,0.0,0.0,0.0,0.0,0.0,0.0,11.40175425099138,7.0710678118654755,10.198039027185569,13.92838827718412,16.15549442140351,12.727922061357855,13.92838827718412,21.470910553583888,13.0,18.027756377319946,23.021728866442675,27.294688127912362,21.18962010041709,21.095023109728988,21.95449840010015,27.16615541441225,18.973665961010276,34.48187929913333,25.0,27.018512172212592,19.1049731745428,21.095023109728988,25.079872407968907,17.804493814764857,12.727922061357855,9.848857801796104
128.0,8.0,8.06225774829855,17.46424919657298,14.866068747318506,12.165525060596439,12.806248474865697,16.55294535724685,26.248809496813376,27.586228448267445,24.186773244895647,20.808652046684813,22.02271554554524,18.439088914585774,23.345235059857504,23.706539182259394,25.45584412271571,26.248809496813376,20.808652046684813,24.041630560342615,14.317821063276353,18.681541692269406,13.92838827718412,18.681541692269406,9.219544457292887,13.038404810405298,15.297058540778355,0.0,0.0,0.0,0.0,0.0,0.0,0.0,0.0,0.0,0.0,0.0,10.44030650891055,7.0,8.06225774829855,13.341664064126334,8.06225774829855,12.041594578792296,18.24828759089466,8.246211251235321,18.439088914585774,19.026297590440446,22.090722034374522,25.495097567963924,31.064449134018133,19.849433241279208,22.80350850198276,25.0,20.518284528683193,29.832867780352597,24.166091947189145,19.849433241279208,8.246211251235321,25.553864678361276,18.027756377319946,17.69180601295413,17.4928556845359,20.0
103.09219175087898,6.0,20.518284528683193,12.041594578792296,17.029386365926403,20.223748416156685,23.40939982143925,21.0,16.64331697709324,16.492422502470642,15.620499351813308,26.0,25.059928172283335,25.612496949731394,19.4164878389476,28.231188426986208,26.570660511172846,24.186773244895647,18.24828759089466,17.26267650163207,11.40175425099138,26.1725046566048,12.649110640673518,16.492422502470642,15.132745950421556,11.661903789690601,10.295630140987,0.0,0.0,0.0,0.0,0.0,0.0,0.0,0.0,0.0,0.0,0.0,9.433981132056603,9.486832980505138,11.045361017187261,8.246211251235321,8.06225774829855,14.142135623730951,18.788294228055936,13.152946437965905,18.681541692269406,19.924858845171276,25.495097567963924,22.561028345356956,27.16615541441225,18.601075237738275,23.323807579381203,15.811388300841896,19.4164878389476,29.206163733020468,36.76955262170047,19.1049731745428,16.278820596099706,21.93171219946131,21.400934559032695,14.7648230602334,14.317821063276353,6.082762530298219
103.09219175087898,6.0,27.586228448267445,24.698178070456937,38.8329756778952,33.97057550292606,30.083217912982647,28.635642126552707,27.892651361962706,35.0,29.732137494637012,36.40054944640259,27.16615541441225,18.788294228055936,23.706539182259394,22.20360331117452,6.4031242374328485,15.0,5.0990195135927845,9.219544457292887,10.770329614269007,14.866068747318506,12.36931687685298,16.278820596099706,24.839484696748443,13.601470508735444,16.64331697709324,0.0,0.0,0.0,0.0,0.0,0.0,0.0,0.0,0.0,0.0,0.0,30.675723300355934,26.019223662515376,28.0178514522438,26.30589287593181,27.202941017470888,21.840329667841555,22.561028345356956,17.72004514666935,26.0,20.09975124224178,29.732137494637012,33.61547262794322,16.278820596099706,23.345235059857504,21.400934559032695,9.433981132056603,19.6468827043885,15.132745950421556,29.0,30.59411708155671,10.0,17.69180601295413,11.180339887498949,18.027756377319946,21.587033144922902,9.219544457292887
55.362442142665635,65.0,46.51881339845203,47.53945729601885,49.09175083453431,62.03224967708329,56.568542494923804,63.788713735268246,66.48308055437865,55.569775957799216,62.64982043070834,32.01562118716424,46.87216658103186,55.226805085936306,31.38470965295043,37.21558813185679,24.186773244895647,19.4164878389476,11.704699910719626,10.198039027185569,15.231546211727817,15.297058540778355,25.079872407968907,28.792360097775937,25.317977802344327,24.166091947189145,34.92849839314596,0.0,0.0,0.0,0.0,0.0,0.0,0.0,0.0,0.0,0.0,0.0,46.06517122512408,50.21951811795888,41.97618372363071,47.265209192385896,50.44799302251776,44.01136216933077,37.107950630558946,33.015148038438355,34.48187929913333,34.66987164671943,39.20459156782532,39.6232255123179,37.21558813185679,35.0,31.622776601683793,32.64965543462902,38.47076812334269,43.41658669218482,29.154759474226502,30.066592756745816,31.064449134018133,21.2602916254693,23.53720459187964,28.231188426986208,40.496913462633174,40.01249804748511
122.38055401083949,66.0,45.79301256742124,39.81205847478876,53.81449618829484,64.47480127925948,67.20863039818622,66.60330322138685,65.7875368135941,56.302753041036986,54.644304369257,57.584720195551874,49.47726750741192,40.80441152620633,46.0,29.154759474226502,35.014282800023196,16.76305461424021,15.264337522473747,7.211102550927978,3.0,5.656854249492381,19.1049731745428,26.1725046566048,31.827660925679098,33.97057550292606,33.60059523282288,0.0,0.0,0.0,0.0,0.0,0.0,0.0,0.0,0.0,0.0,0.0,46.75467891024384,52.49761899362675,41.86884283091664,53.150729063673246,38.2099463490856,43.93176527297759,36.796738985948195,35.4682957019364,34.0,28.178005607210743,38.07886552931954,28.319604517012593,32.64965543462902,36.87817782917155,29.154759474226502,39.81205847478876,44.0,34.36568055487916,45.09988913511872,24.08318915758459,20.591260281974,39.11521443121589,25.96150997149434,47.43416490252569,43.266615305567875,34.92849839314596
73.348483283569,11.0,26.40075756488817,29.832867780352597,23.345235059857504,25.942243542145693,21.02379604162864,31.38470965295043,26.627053911388696,27.459060435491963,28.0178514522438,25.96150997149434,15.811388300841896,25.96150997149434,21.213203435596427,19.1049731745428,18.24828759089466,10.816653826391969,3.0,7.280109889280518,7.810249675906654,7.810249675906654,14.212670403551895,13.0,11.40175425099138,11.0,18.110770276274835,0.0,0.0,0.0,0.0,0.0,0.0,0.0,0.0,0.0,0.0,0.0,23.259406699226016,21.95449840010015,25.495097567963924,20.615528128088304,23.021728866442675,20.518284528683193,19.4164878389476,18.384776310850235,16.278820596099706,14.212670403551895,15.811388300841896,13.038404810405298,14.560219778561036,22.80350850198276,26.076809620810597,23.769728648009426,17.11724276862369,8.06225774829855,7.211102550927978,22.47220505424423,9.486832980505138,17.08800749063506,10.63014581273465,17.804493814764857,12.529964086141668,24.08318915758459
56.0357029044876,13.0,28.42534080710379,29.732137494637012,29.832867780352597,36.069377593742864,37.53664875824692,31.89043743820395,36.40054944640259,34.713109915419565,28.30194339616981,28.178005607210743,31.304951684997057,26.832815729997478,19.026297590440446,15.132745950421556,11.40175425099138,9.433981132056603,7.615773105863909,3.0,8.06225774829855,11.313708498984761,12.041594578792296,11.661903789690601,18.867962264113206,16.278820596099706,21.400934559032695,0.0,0.0,0.0,0.0,0.0,0.0,0.0,0.0,0.0,0.0,0.0,30.610455730027933,27.294688127912362,23.600847442411894,23.323807579381203,28.284271247461902,26.40075756488817,18.788294228055936,24.758836806279895,19.1049731745428,17.804493814764857,23.40939982143925,10.44030650891055,24.08318915758459,20.223748416156685,21.18962010041709,18.027756377319946,23.706539182259394,20.0,18.973665961010276,18.24828759089466,18.973665961010276,16.64331697709324,15.556349186104045,17.69180601295413,20.12461179749811,20.518284528683193
99.29753269845128,5.0,20.248456731316587,27.202941017470888,26.832815729997478,28.42534080710379,25.0,20.518284528683193,23.853720883753127,23.0,29.732137494637012,25.238858928247925,17.11724276862369,26.0,30.066592756745816,5.385164807134504,16.0,5.830951894845301,10.198039027185569,9.219544457292887,14.560219778561036,8.06225774829855,6.0,14.212670403551895,15.132745950421556,17.72004514666935,18.027756377319946,0.0,0.0,0.0,0.0,0.0,0.0,0.0,0.0,0.0,0.0,0.0,27.073972741361768,19.235384061671343,16.492422502470642,23.194827009486403,28.071337695236398,24.08318915758459,18.027756377319946,15.132745950421556,25.495097567963924,20.223748416156685,15.811388300841896,24.041630560342615,12.165525060596439,5.0,15.620499351813308,12.0,16.278820596099706,10.0,9.219544457292887,10.295630140987,18.973665961010276,22.825424421026653,8.0,22.20360331117452,13.601470508735444,23.40939982143925
99.29753269845128,5.0,35.84689665786984,32.01562118716424,29.017236257093817,37.21558813185679,31.304951684997057,44.94441010848846,34.438350715445125,37.656340767525464,28.792360097775937,39.81205847478876,31.38470965295043,22.67156809750927,25.553864678361276,30.23243291566195,18.027756377319946,8.54400374531753,21.095023109728988,3.0,4.123105625617661,3.605551275463989,13.0,8.94427190999916,13.152946437965905,10.295630140987,26.92582403567252,0.0,0.0,0.0,0.0,0.0,0.0,0.0,0.0,0.0,0.0,0.0,27.85677655436824,32.7566787083184,22.135943621178654,28.0178514522438,22.825424421026653,16.0312195418814,23.769728648009426,19.1049731745428,14.035668847618199,15.132745950421556,24.351591323771842,20.248456731316587,21.0,19.4164878389476,14.560219778561036,30.0,14.560219778561036,13.92838827718412,12.041594578792296,23.769728648009426,21.095023109728988,21.587033144922902,16.64331697709324,20.223748416156685,15.231546211727817,17.4928556845359
99.29753269845128,5.0,18.027756377319946,30.528675044947494,30.675723300355934,29.120439557122072,29.427877939124322,32.55764119219941,23.0,41.43669871020132,36.87817782917155,30.0,20.12461179749811,19.0,8.602325267042627,15.620499351813308,12.0,16.55294535724685,8.48528137423857,8.54400374531753,1.0,11.40175425099138,7.810249675906654,16.0312195418814,12.649110640673518,21.37755832643195,21.095023109728988,0.0,0.0,0.0,0.0,0.0,0.0,0.0,0.0,0.0,0.0,0.0,27.65863337187866,27.85677655436824,25.0,25.179356624028344,17.26267650163207,22.090722034374522,16.1245154965971,11.40175425099138,22.80350850198276,14.422205101855956,19.697715603592208,25.495097567963924,24.413111231467404,27.294688127912362,25.019992006393608,12.165525060596439,9.433981132056603,12.206555615733702,19.6468827043885,18.24828759089466,20.09975124224178,22.825424421026653,18.027756377319946,9.486832980505138,16.55294535724685,19.924858845171276
55.362442142665635,65.0,29.017236257093817,38.8329756778952,27.459060435491963,38.27531841800928,33.734255586866,37.57658845611187,33.61547262794322,32.7566787083184,34.66987164671943,29.410882339705484,24.20743687382041,27.80287754891569,24.041630560342615,18.601075237738275,13.416407864998739,12.041594578792296,8.06225774829855,2.23606797749979,5.0,9.219544457292887,14.142135623730951,14.317821063276353,18.439088914585774,18.027756377319946,20.396078054371138,0.0,0.0,0.0,0.0,0.0,0.0,0.0,0.0,0.0,0.0,0.0,26.92582403567252,30.886890422961002,25.942243542145693,28.635642126552707,22.135943621178654,24.166091947189145,20.8806130178211,23.40939982143925,18.110770276274835,21.0,21.095023109728988,18.110770276274835,23.706539182259394,18.027756377319946,15.811388300841896,19.849433241279208,20.518284528683193,18.384776310850235,19.209372712298546,21.2602916254693,21.93171219946131,21.95449840010015,17.0,19.209372712298546,25.0,17.72004514666935
128.8875478857442,5.0,30.463092423455635,31.144823004794873,31.622776601683793,31.32091952673165,36.05551275463989,36.68787265568828,30.886890422961002,34.9857113690718,34.40930106817051,27.80287754891569,30.805843601498726,29.410882339705484,18.439088914585774,16.1245154965971,13.038404810405298,9.848857801796104,5.830951894845301,4.0,8.54400374531753,12.0,16.0312195418814,14.035668847618199,19.235384061671343,19.026297590440446,24.020824298928627,0.0,0.0,0.0,0.0,0.0,0.0,0.0,0.0,0.0,0.0,0.0,26.627053911388696,25.80697580112788,27.294688127912362,28.0178514522438,23.323807579381203,22.80350850198276,22.47220505424423,19.4164878389476,18.384776310850235,18.027756377319946,19.0,22.02271554554524,18.973665961010276,19.72308292331602,18.601075237738275,18.867962264113206,22.02271554554524,20.0,19.72308292331602,17.69180601295413,21.400934559032695,13.416407864998739,20.518284528683193,21.470910553583888,19.72308292331602,18.788294228055936
128.0,8.0,23.08679276123039,34.20526275297414,33.61547262794322,30.364452901377952,36.05551275463989,34.539832078341085,30.23243291566195,33.60059523282288,36.359317925395686,34.20526275297414,24.20743687382041,22.67156809750927,21.095023109728988,14.212670403551895,17.46424919657298,11.180339887498949,7.0710678118654755,4.47213595499958,6.0,13.0,12.165525060596439,17.0,19.026297590440446,16.15549442140351,21.587033144922902,0.0,0.0,0.0,0.0,0.0,0.0,0.0,0.0,0.0,0.0,0.0,25.059928172283335,22.47220505424423,26.92582403567252,24.186773244895647,23.323807579381203,29.206163733020468,21.93171219946131,21.93171219946131,18.24828759089466,22.561028345356956,21.213203435596427,19.026297590440446,23.194827009486403,19.924858845171276,22.561028345356956,22.20360331117452,17.0,20.808652046684813,16.401219466856727,16.278820596099706,16.401219466856727,14.422205101855956,16.64331697709324,16.1245154965971,19.72308292331602,17.88854381999832
133.8992158304148,7.0,11.0,9.055385138137417,12.041594578792296,8.54400374531753,18.973665961010276,20.0,16.15549442140351,12.806248474865697,16.401219466856727,24.351591323771842,16.76305461424021,28.0178514522438,22.847319317591726,29.832867780352597,23.430749027719962,24.758836806279895,23.706539182259394,19.1049731745428,18.439088914585774,18.973665961010276,13.416407864998739,10.44030650891055,16.15549442140351,11.180339887498949,11.045361017187261,0.0,0.0,0.0,0.0,0.0,0.0,0.0,0.0,0.0,0.0,0.0,11.40175425099138,2.8284271247461903,13.601470508735444,13.892443989449804,14.560219778561036,20.223748416156685,18.027756377319946,10.295630140987,16.492422502470642,12.36931687685298,24.331050121192877,19.235384061671343,18.867962264113206,29.206163733020468,26.076809620810597,26.90724809414742,25.942243542145693,23.345235059857504,26.076809620810597,16.278820596099706,21.633307652783937,22.02271554554524,16.1245154965971,24.758836806279895,14.422205101855956,23.430749027719962
112.14722466472365,9.0,26.019223662515376,9.219544457292887,10.0,20.0,14.142135623730951,4.0,15.033296378372908,17.72004514666935,22.360679774997898,29.966648127543394,25.632011235952593,20.591260281974,31.064449134018133,22.47220505424423,26.40075756488817,24.166091947189145,33.24154027718932,18.24828759089466,18.027756377319946,14.317821063276353,16.278820596099706,16.492422502470642,14.0,7.0710678118654755,4.123105625617661,0.0,0.0,0.0,0.0,0.0,0.0,0.0,0.0,0.0,0.0,0.0,9.055385138137417,8.246211251235321,12.529964086141668,10.295630140987,13.892443989449804,11.40175425099138,11.180339887498949,16.1245154965971,24.020824298928627,21.213203435596427,17.26267650163207,17.029386365926403,20.12461179749811,21.02379604162864,12.206555615733702,24.166091947189145,31.89043743820395,26.1725046566048,18.439088914585774,22.80350850198276,22.80350850198276,23.194827009486403,17.46424919657298,18.24828759089466,10.04987562112089,9.219544457292887
103.09219175087898,6.0,15.811388300841896,4.123105625617661,15.620499351813308,17.26267650163207,17.11724276862369,18.027756377319946,12.36931687685298,14.866068747318506,15.297058540778355,31.016124838541646,25.079872407968907,26.1725046566048,22.80350850198276,25.019992006393608,25.0,18.973665961010276,23.769728648009426,15.811388300841896,12.649110640673518,14.142135623730951,15.264337522473747,12.041594578792296,7.0710678118654755,12.083045973594572,11.045361017187261,0.0,0.0,0.0,0.0,0.0,0.0,0.0,0.0,0.0,0.0,0.0,12.041594578792296,7.280109889280518,10.63014581273465,12.649110640673518,16.64331697709324,12.083045973594572,17.029386365926403,25.0,23.853720883753127,30.870698080866262,19.1049731745428,26.019223662515376,21.095023109728988,31.400636936215164,27.16615541441225,27.018512172212592,25.0,21.37755832643195,27.0,33.0,29.068883707497267,31.25699921617557,23.021728866442675,18.439088914585774,22.20360331117452,8.06225774829855
48.507731342539614,66.0,19.235384061671343,27.459060435491963,25.612496949731394,34.48187929913333,34.48187929913333,33.61547262794322,30.805843601498726,26.92582403567252,29.546573405388315,22.847319317591726,27.202941017470888,22.80350850198276,17.0,11.180339887498949,10.04987562112089,2.8284271247461903,3.1622776601683795,1.4142135623730951,8.54400374531753,8.0,14.560219778561036,13.0,20.8806130178211,19.924858845171276,23.53720459187964,0.0,0.0,0.0,0.0,0.0,0.0,0.0,0.0,0.0,0.0,0.0,31.144823004794873,23.345235059857504,25.495097567963924,24.020824298928627,23.0,23.194827009486403,20.09975124224178,23.08679276123039,19.924858845171276,23.53720459187964,18.027756377319946,20.12461179749811,21.2602916254693,17.804493814764857,9.219544457292887,17.029386365926403,15.620499351813308,15.264337522473747,11.40175425099138,7.211102550927978,5.656854249492381,8.54400374531753,5.0990195135927845,9.219544457292887,21.93171219946131,11.180339887498949
133.8992158304148,7.0,25.495097567963924,35.77708763999664,22.20360331117452,32.2490309931942,28.0178514522438,28.42534080710379,25.942243542145693,32.202484376209235,28.160255680657446,29.154759474226502,27.784887978899608,22.20360331117452,21.02379604162864,11.180339887498949,11.045361017187261,9.219544457292887,5.656854249492381,3.0,3.605551275463989,8.54400374531753,15.033296378372908,16.1245154965971,18.35755975068582,20.615528128088304,20.615528128088304,0.0,0.0,0.0,0.0,0.0,0.0,0.0,0.0,0.0,0.0,0.0,25.495097567963924,25.298221281347036,25.96150997149434,23.769728648009426,24.515301344262525,21.587033144922902,22.135943621178654,19.235384061671343,16.76305461424021,17.46424919657298,18.681541692269406,17.88854381999832,21.633307652783937,18.027756377319946,13.92838827718412,16.64331697709324,12.36931687685298,13.892443989449804,5.0990195135927845,8.0,9.433981132056603,7.0710678118654755,16.492422502470642,17.69180601295413,15.0,6.4031242374328485
112.14722466472365,9.0,26.0,29.274562336608895,33.24154027718932,31.144823004794873,36.05551275463989,38.27531841800928,29.154759474226502,31.240998703626616,31.953090617340916,27.018512172212592,18.439088914585774,24.186773244895647,24.08318915758459,5.830951894845301,16.0,6.708203932499369,7.615773105863909,3.605551275463989,4.47213595499958,15.132745950421556,11.0,26.476404589747453,24.08318915758459,18.027756377319946,22.561028345356956,0.0,0.0,0.0,0.0,0.0,0.0,0.0,0.0,0.0,0.0,0.0,24.08318915758459,23.08679276123039,22.360679774997898,19.235384061671343,25.96150997149434,27.202941017470888,27.85677655436824,24.166091947189145,25.495097567963924,23.021728866442675,13.0,14.035668847618199,29.966648127543394,14.317821063276353,16.0,6.0,10.198039027185569,12.041594578792296,20.12461179749811,17.08800749063506,20.396078054371138,8.54400374531753,8.06225774829855,12.041594578792296,12.36931687685298,16.0312195418814
99.29753269845128,5.0,31.04834939252005,28.178005607210743,34.52535300326414,39.56008088970496,34.438350715445125,40.85339643163099,33.61547262794322,33.60059523282288,35.805027579936315,30.0,26.870057685088806,27.018512172212592,20.518284528683193,21.633307652783937,10.816653826391969,11.045361017187261,2.23606797749979,2.23606797749979,8.94427190999916,11.40175425099138,17.46424919657298,9.848857801796104,22.20360331117452,23.08679276123039,27.51363298439521,0.0,0.0,0.0,0.0,0.0,0.0,0.0,0.0,0.0,0.0,0.0,22.20360331117452,28.284271247461902,30.4138126514911,27.65863337187866,26.248809496813376,28.284271247461902,28.178005607210743,21.840329667841555,26.1725046566048,21.213203435596427,28.792360097775937,25.079872407968907,25.96150997149434,20.024984394500787,12.649110640673518,17.26267650163207,18.110770276274835,8.06225774829855,11.180339887498949,7.810249675906654,12.041594578792296,2.8284271247461903,13.152946437965905,11.180339887498949,20.8806130178211,18.24828759089466
73.348483283569,11.0,31.25699921617557,27.65863337187866,29.614185789921695,33.95585369269929,34.20526275297414,35.17101079013795,31.622776601683793,33.734255586866,29.427877939124322,30.528675044947494,25.942243542145693,20.808652046684813,22.02271554554524,18.601075237738275,16.278820596099706,12.727922061357855,8.246211251235321,2.23606797749979,5.0990195135927845,7.810249675906654,10.63014581273465,17.029386365926403,21.400934559032695,21.93171219946131,20.615528128088304,0.0,0.0,0.0,0.0,0.0,0.0,0.0,0.0,0.0,0.0,0.0,23.021728866442675,20.615528128088304,22.47220505424423,22.02271554554524,24.839484696748443,19.72308292331602,23.430749027719962,20.615528128088304,22.627416997969522,21.95449840010015,26.40075756488817,15.297058540778355,17.88854381999832,19.0,14.560219778561036,13.0,10.770329614269007,11.180339887498949,12.649110640673518,12.041594578792296,9.433981132056603,11.313708498984761,10.816653826391969,12.36931687685298,17.08800749063506,17.204650534085253
56.0357029044876,13.0,26.076809620810597,29.0,37.21558813185679,30.14962686336267,32.01562118716424,31.400636936215164,35.05709628591621,30.066592756745816,31.78049716414141,24.596747752497688,27.018512172212592,22.80350850198276,21.840329667841555,16.55294535724685,7.280109889280518,6.4031242374328485,5.385164807134504,2.23606797749979,15.297058540778355,11.704699910719626,11.661903789690601,14.142135623730951,20.248456731316587,22.02271554554524,23.430749027719962,0.0,0.0,0.0,0.0,0.0,0.0,0.0,0.0,0.0,0.0,0.0,26.40075756488817,23.706539182259394,27.459060435491963,26.0,25.0,24.20743687382041,26.90724809414742,22.80350850198276,19.1049731745428,24.413111231467404,17.4928556845359,21.540659228538015,18.788294228055936,21.095023109728988,15.620499351813308,10.770329614269007,15.033296378372908,6.324555320336759,15.620499351813308,11.313708498984761,5.0,11.40175425099138,16.278820596099706,11.180339887498949,13.0,17.11724276862369
73.348483283569,11.0,6.324555320336759,9.055385138137417,14.317821063276353,19.235384061671343,13.0,17.72004514666935,13.45362404707371,13.45362404707371,20.615528128088304,22.847319317591726,27.202941017470888,25.238858928247925,12.806248474865697,26.248809496813376,16.278820596099706,24.839484696748443,15.0,29.698484809834994,17.804493814764857,20.615528128088304,11.045361017187261,14.035668847618199,12.806248474865697,17.72004514666935,10.198039027185569,0.0,0.0,0.0,0.0,0.0,0.0,0.0,0.0,0.0,0.0,0.0,5.656854249492381,10.63014581273465,5.656854249492381,11.704699910719626,19.4164878389476,13.92838827718412,12.529964086141668,21.02379604162864,19.026297590440446,24.041630560342615,23.259406699226016,17.46424919657298,25.80697580112788,19.72308292331602,14.212670403551895,29.206163733020468,24.413111231467404,23.853720883753127,15.556349186104045,15.556349186104045,10.295630140987,14.866068747318506,15.0,14.035668847618199,21.587033144922902,9.848857801796104
69.85699678629192,14.0,7.280109889280518,13.601470508735444,14.142135623730951,17.72004514666935,24.166091947189145,17.26267650163207,21.840329667841555,22.80350850198276,26.076809620810597,23.194827009486403,25.019992006393608,24.08318915758459,21.02379604162864,38.118237105091836,34.0147027033899,23.021728866442675,24.041630560342615,16.278820596099706,17.804493814764857,17.0,16.97056274847714,11.40175425099138,18.973665961010276,13.92838827718412,18.384776310850235,0.0,0.0,0.0,0.0,0.0,0.0,0.0,0.0,0.0,0.0,0.0,7.280109889280518,7.0710678118654755,12.36931687685298,10.44030650891055,19.4164878389476,7.810249675906654,14.866068747318506,17.69180601295413,24.698178070456937,24.839484696748443,30.0,19.924858845171276,32.202484376209235,23.345235059857504,39.20459156782532,27.294688127912362,22.847319317591726,26.570660511172846,27.51363298439521,26.570660511172846,29.427877939124322,16.76305461424021,22.47220505424423,16.97056274847714,7.0,14.142135623730951
48.0,13.0,15.652475842498529,16.1245154965971,5.0,7.280109889280518,18.027756377319946,17.69180601295413,22.47220505424423,24.413111231467404,14.866068747318506,22.360679774997898,17.4928556845359,16.401219466856727,29.546573405388315,18.027756377319946,19.4164878389476,25.298221281347036,25.0,23.08679276123039,22.090722034374522,20.615528128088304,17.029386365926403,13.601470508735444,11.40175425099138,11.40175425099138,10.0,0.0,0.0,0.0,0.0,0.0,0.0,0.0,0.0,0.0,0.0,0.0,8.0,12.041594578792296,12.36931687685298,11.0,15.811388300841896,13.0,17.88854381999832,17.029386365926403,13.038404810405298,11.661903789690601,20.248456731316587,21.93171219946131,24.758836806279895,34.40930106817051,33.015148038438355,29.154759474226502,25.0,25.238858928247925,28.284271247461902,29.698484809834994,17.46424919657298,20.518284528683193,7.211102550927978,15.0,15.524174696260024,15.556349186104045
69.85699678629192,14.0,23.430749027719962,19.72308292331602,23.430749027719962,30.675723300355934,38.48376280978771,29.614185789921695,34.132096331752024,32.28002478313795,25.019992006393608,30.066592756745816,22.02271554554524,19.026297590440446,21.37755832643195,22.090722034374522,15.0,8.246211251235321,7.0710678118654755,4.0,1.4142135623730951,8.48528137423857,8.94427190999916,15.811388300841896,13.92838827718412,16.15549442140351,19.697715603592208,0.0,0.0,0.0,0.0,0.0,0.0,0.0,0.0,0.0,0.0,0.0,25.238858928247925,25.80697580112788,22.47220505424423,21.633307652783937,26.92582403567252,23.706539182259394,19.313207915827967,20.12461179749811,20.248456731316587,18.35755975068582,20.591260281974,20.518284528683193,23.323807579381203,19.1049731745428,14.422205101855956,11.180339887498949,16.401219466856727,17.46424919657298,14.422205101855956,19.849433241279208,6.0,7.0710678118654755,16.401219466856727,14.035668847618199,7.0710678118654755,12.649110640673518
96.51942809610924,15.0,41.0,31.25699921617557,38.8329756778952,39.11521443121589,60.166435825965294,71.06335201775947,34.132096331752024,67.89698078707183,66.007575322837,51.15662224971465,48.093658625644196,49.25444142409901,42.190046219457976,31.064449134018133,28.0,18.973665961010276,13.45362404707371,8.06225774829855,15.524174696260024,15.0,19.4164878389476,19.697715603592208,23.021728866442675,35.34119409414458,36.6742416417845,0.0,0.0,0.0,0.0,0.0,0.0,0.0,0.0,0.0,0.0,0.0,40.44749683231337,42.42640687119285,39.293765408777,46.32493928760188,39.319206502675,43.68065933568311,42.5440947723653,47.07440918375928,37.33630940518894,31.622776601683793,38.05259518088089,32.55764119219941,18.439088914585774,31.78049716414141,23.853720883753127,21.587033144922902,15.0,23.021728866442675,26.832815729997478,18.0,27.51363298439521,11.180339887498949,23.853720883753127,15.556349186104045,19.4164878389476,20.223748416156685
145.98972566588375,20.0,12.529964086141668,15.620499351813308,13.0,15.556349186104045,18.384776310850235,18.384776310850235,17.26267650163207,16.0312195418814,28.178005607210743,28.460498941515414,24.186773244895647,18.788294228055936,23.706539182259394,26.90724809414742,19.4164878389476,32.802438933713454,23.430749027719962,26.40075756488817,27.892651361962706,24.020824298928627,15.524174696260024,12.083045973594572,14.142135623730951,11.180339887498949,12.206555615733702,0.0,0.0,0.0,0.0,0.0,0.0,0.0,0.0,0.0,0.0,0.0,4.123105625617661,19.697715603592208,14.317821063276353,13.92838827718412,17.08800749063506,9.219544457292887,17.0,24.413111231467404,10.295630140987,23.08679276123039,22.561028345356956,26.570660511172846,20.0,28.160255680657446,12.649110640673518,25.0,23.345235059857504,29.832867780352597,22.135943621178654,18.027756377319946,19.6468827043885,19.1049731745428,14.7648230602334,11.40175425099138,23.53720459187964,17.0
103.09219175087898,6.0,8.94427190999916,16.0312195418814,7.280109889280518,13.92838827718412,19.0,17.0,22.02271554554524,21.02379604162864,19.697715603592208,22.47220505424423,24.698178070456937,23.021728866442675,27.0,26.92582403567252,24.186773244895647,27.018512172212592,25.317977802344327,28.635642126552707,15.524174696260024,14.035668847618199,23.08679276123039,16.1245154965971,10.44030650891055,12.206555615733702,12.206555615733702,0.0,0.0,0.0,0.0,0.0,0.0,0.0,0.0,0.0,0.0,0.0,6.4031242374328485,7.211102550927978,10.0,10.770329614269007,13.152946437965905,16.15549442140351,14.866068747318506,18.24828759089466,18.867962264113206,19.1049731745428,11.704699910719626,27.65863337187866,18.439088914585774,22.20360331117452,25.553864678361276,19.1049731745428,25.0,22.627416997969522,28.231188426986208,14.317821063276353,18.973665961010276,15.0,19.849433241279208,12.36931687685298,26.40075756488817,13.892443989449804
103.09219175087898,6.0,14.212670403551895,10.198039027185569,19.697715603592208,2.8284271247461903,16.55294535724685,19.313207915827967,21.213203435596427,24.020824298928627,25.632011235952593,22.561028345356956,25.079872407968907,23.345235059857504,33.52610922848042,25.019992006393608,27.073972741361768,27.65863337187866,24.041630560342615,23.53720459187964,15.132745950421556,20.248456731316587,18.110770276274835,15.033296378372908,10.816653826391969,11.704699910719626,13.416407864998739,0.0,0.0,0.0,0.0,0.0,0.0,0.0,0.0,0.0,0.0,0.0,8.246211251235321,4.123105625617661,12.0,10.198039027185569,12.165525060596439,10.0,13.45362404707371,13.45362404707371,15.811388300841896,23.021728866442675,20.248456731316587,21.18962010041709,21.02379604162864,26.076809620810597,20.248456731316587,25.495097567963924,28.442925306655784,24.08318915758459,17.029386365926403,23.53720459187964,22.090722034374522,20.024984394500787,18.35755975068582,21.095023109728988,13.416407864998739,18.788294228055936
103.09219175087898,6.0,12.649110640673518,21.93171219946131,19.026297590440446,24.839484696748443,18.35755975068582,18.973665961010276,21.470910553583888,26.0,14.142135623730951,27.202941017470888,30.463092423455635,25.0,28.071337695236398,25.709920264364882,30.805843601498726,23.259406699226016,22.627416997969522,25.612496949731394,22.360679774997898,15.264337522473747,12.206555615733702,16.278820596099706,8.246211251235321,18.24828759089466,5.830951894845301,0.0,0.0,0.0,0.0,0.0,0.0,0.0,0.0,0.0,0.0,0.0,6.708203932499369,10.816653826391969,9.899494936611665,15.264337522473747,11.0,20.615528128088304,21.540659228538015,24.73863375370596,13.341664064126334,22.47220505424423,16.15549442140351,29.154759474226502,28.30194339616981,27.80287754891569,22.360679774997898,26.40075756488817,20.248456731316587,18.027756377319946,25.632011235952593,23.430749027719962,12.806248474865697,17.69180601295413,20.248456731316587,13.152946437965905,19.1049731745428,14.212670403551895
133.15029102484155,29.0,20.223748416156685,6.082762530298219,8.0,9.433981132056603,17.69180601295413,16.64331697709324,18.027756377319946,25.709920264364882,23.345235059857504,20.248456731316587,24.596747752497688,23.08679276123039,27.459060435491963,29.410882339705484,23.08679276123039,26.476404589747453,17.0,25.942243542145693,17.804493814764857,18.384776310850235,17.69180601295413,16.15549442140351,17.204650534085253,20.12461179749811,7.0710678118654755,0.0,0.0,0.0,0.0,0.0,0.0,0.0,0.0,0.0,0.0,0.0,10.04987562112089,12.649110640673518,11.180339887498949,3.1622776601683795,11.40175425099138,12.529964086141668,10.0,11.0,12.083045973594572,21.02379604162864,14.317821063276353,17.11724276862369,19.313207915827967,23.259406699226016,26.90724809414742,32.7566787083184,19.4164878389476,29.410882339705484,24.041630560342615,23.600847442411894,16.278820596099706,28.319604517012593,14.212670403551895,19.849433241279208,7.0,13.038404810405298
103.09219175087898,6.0,12.36931687685298,6.4031242374328485,14.866068747318506,13.892443989449804,16.76305461424021,14.035668847618199,11.704699910719626,23.323807579381203,22.847319317591726,24.166091947189145,16.401219466856727,24.413111231467404,22.825424421026653,14.866068747318506,21.540659228538015,20.615528128088304,27.730849247724095,24.73863375370596,24.596747752497688,13.038404810405298,13.038404810405298,19.313207915827967,9.055385138137417,12.041594578792296,20.518284528683193,0.0,0.0,0.0,0.0,0.0,0.0,0.0,0.0,0.0,0.0,0.0,12.165525060596439,3.0,10.04987562112089,10.198039027185569,11.704699910719626,11.313708498984761,10.198039027185569,18.439088914585774,21.213203435596427,23.769728648009426,20.615528128088304,25.0,23.345235059857504,35.6931365951495,27.294688127912362,19.0,29.068883707497267,29.017236257093817,27.313000567495326,31.064449134018133,22.090722034374522,13.038404810405298,27.202941017470888,17.08800749063506,14.142135623730951,13.152946437965905
103.09219175087898,6.0,27.202941017470888,29.732137494637012,27.586228448267445,30.4138126514911,27.202941017470888,27.459060435491963,28.30194339616981,21.2602916254693,19.235384061671343,16.55294535724685,11.045361017187261,22.825424421026653,12.206555615733702,22.20360331117452,8.0,5.830951894845301,11.40175425099138,17.46424919657298,2.23606797749979,16.278820596099706,22.20360331117452,11.045361017187261,20.396078054371138,25.019992006393608,18.439088914585774,0.0,0.0,0.0,0.0,0.0,0.0,0.0,0.0,0.0,0.0,0.0,23.769728648009426,18.681541692269406,17.88854381999832,16.492422502470642,18.601075237738275,21.840329667841555,18.867962264113206,8.06225774829855,12.649110640673518,6.324555320336759,23.323807579381203,18.439088914585774,21.02379604162864,15.524174696260024,14.317821063276353,13.601470508735444,5.0,10.198039027185569,4.242640687119285,16.278820596099706,12.165525060596439,3.1622776601683795,9.219544457292887,10.770329614269007,23.323807579381203,19.1049731745428
103.09219175087898,6.0,26.076809620810597,17.029386365926403,9.486832980505138,16.401219466856727,20.615528128088304,17.46424919657298,25.0,9.848857801796104,25.495097567963924,19.235384061671343,28.30194339616981,29.068883707497267,28.792360097775937,26.419689627245813,26.0,23.08679276123039,27.294688127912362,24.331050121192877,19.313207915827967,15.620499351813308,13.45362404707371,16.1245154965971,14.317821063276353,14.560219778561036,10.44030650891055,0.0,0.0,0.0,0.0,0.0,0.0,0.0,0.0,0.0,0.0,0.0,16.278820596099706,11.40175425099138,11.180339887498949,7.0,14.866068747318506,14.035668847618199,13.892443989449804,19.1049731745428,21.633307652783937,21.0,21.0,22.02271554554524,19.313207915827967,20.09975124224178,23.769728648009426,34.132096331752024,23.706539182259394,29.68164415931166,19.72308292331602,20.248456731316587,21.2602916254693,19.1049731745428,14.212670403551895,22.47220505424423,18.973665961010276,14.7648230602334
70.03570517957252,12.0,8.54400374531753,13.416407864998739,9.219544457292887,14.317821063276353,21.18962010041709,16.55294535724685,21.095023109728988,22.80350850198276,30.805843601498726,17.204650534085253,23.53720459187964,23.259406699226016,20.12461179749811,19.4164878389476,19.313207915827967,22.67156809750927,21.470910553583888,19.4164878389476,18.788294228055936,21.2602916254693,12.806248474865697,12.36931687685298,11.180339887498949,11.180339887498949,11.180339887498949,0.0,0.0,0.0,0.0,0.0,0.0,0.0,0.0,0.0,0.0,0.0,6.4031242374328485,14.866068747318506,7.810249675906654,12.529964086141668,10.0,11.180339887498949,18.0,8.54400374531753,23.194827009486403,24.08318915758459,15.652475842498529,22.825424421026653,26.1725046566048,25.553864678361276,13.0,30.805843601498726,21.93171219946131,23.853720883753127,15.811388300841896,17.69180601295413,19.697715603592208,24.20743687382041,24.08318915758459,9.433981132056603,16.64331697709324,13.0
120.42009799032718,20.0,32.01562118716424,46.09772228646444,53.71219600798314,82.3286098510111,60.8276253029822,62.39390995922599,64.07807737440318,59.61543424315552,51.24451190127583,54.62600113499065,49.64876634922564,36.6742416417845,24.08318915758459,29.154759474226502,24.698178070456937,7.810249675906654,3.0,12.083045973594572,17.11724276862369,21.02379604162864,29.832867780352597,39.45883931389772,35.84689665786984,42.44997055358225,39.44616584663204,0.0,0.0,0.0,0.0,0.0,0.0,0.0,0.0,0.0,0.0,0.0,34.52535300326414,35.014282800023196,36.345563690772494,37.0,37.013511046643494,34.132096331752024,31.04834939252005,29.068883707497267,30.265491900843113,37.0,35.35533905932738,24.413111231467404,25.495097567963924,33.97057550292606,23.345235059857504,16.278820596099706,30.675723300355934,19.235384061671343,21.95449840010015,24.020824298928627,22.67156809750927,26.40075756488817,22.47220505424423,26.076809620810597,51.86520991955976,33.24154027718932
96.0,10.0,27.018512172212592,26.1725046566048,34.40930106817051,43.829214001622255,35.35533905932738,35.22782990761707,31.38470965295043,36.235341863986875,31.38470965295043,28.600699292150182,30.886890422961002,23.706539182259394,21.213203435596427,13.152946437965905,9.219544457292887,5.385164807134504,4.47213595499958,5.0990195135927845,12.041594578792296,15.811388300841896,13.0,20.024984394500787,25.317977802344327,22.561028345356956,26.476404589747453,0.0,0.0,0.0,0.0,0.0,0.0,0.0,0.0,0.0,0.0,0.0,23.769728648009426,18.681541692269406,21.095023109728988,21.633307652783937,18.439088914585774,18.027756377319946,24.839484696748443,22.360679774997898,19.849433241279208,24.413111231467404,19.849433241279208,22.20360331117452,20.0,20.808652046684813,12.165525060596439,18.788294228055936,14.035668847618199,8.54400374531753,19.1049731745428,15.297058540778355,13.92838827718412,15.0,22.627416997969522,10.770329614269007,30.528675044947494,19.79898987322333
99.35793878699377,11.0,48.104053883222775,68.24221567329127,54.20332093147061,62.68173577685928,48.104053883222775,65.5133574166368,60.83584469702052,62.76941930590086,53.85164807134504,52.80151512977634,53.45091205957107,42.20189569201838,39.56008088970496,31.32091952673165,13.038404810405298,10.198039027185569,2.23606797749979,12.0,16.76305461424021,18.110770276274835,31.064449134018133,32.14031735997639,37.107950630558946,44.27188724235731,45.60701700396552,0.0,0.0,0.0,0.0,0.0,0.0,0.0,0.0,0.0,0.0,0.0,33.24154027718932,33.24154027718932,34.92849839314596,40.162171256046406,31.89043743820395,37.8021163428716,38.27531841800928,35.510561809129406,32.28002478313795,35.4682957019364,25.45584412271571,40.45985664828782,35.4682957019364,40.70626487409524,31.906112267087632,30.463092423455635,22.80350850198276,13.601470508735444,19.313207915827967,19.4164878389476,20.8806130178211,15.620499351813308,14.212670403551895,48.91829923454004,25.553864678361276,32.64965543462902
94.06912352095134,20.0,50.695167422546305,54.74486277268398,62.20128616033595,65.96969000988257,74.81310045707235,66.88796603276258,55.036351623268054,61.05735008989499,62.42595614005443,52.32590180780452,48.30113870293329,44.553338819890925,31.78049716414141,33.97057550292606,18.867962264113206,10.44030650891055,2.23606797749979,13.601470508735444,21.93171219946131,26.076809620810597,30.805843601498726,37.013511046643494,39.824615503479755,42.720018726587654,43.08131845707603,0.0,0.0,0.0,0.0,0.0,0.0,0.0,0.0,0.0,0.0,0.0,30.479501308256342,28.0178514522438,30.886890422961002,39.05124837953327,33.83784863137726,24.758836806279895,33.24154027718932,26.90724809414742,37.48332962798263,31.38470965295043,38.63935817272331,34.713109915419565,33.54101966249684,46.57252408878007,22.090722034374522,29.0,22.360679774997898,22.847319317591726,24.73863375370596,20.248456731316587,24.186773244895647,30.463092423455635,11.045361017187261,48.27007354458868,34.48187929913333,38.3275357934736
154.50889942006577,21.0,44.77722635447622,68.4470598345904,55.57877292636101,64.03124237432849,64.28063471995279,61.29437168288782,60.53924347066124,64.19501538281614,52.43090691567332,47.70744176750625,54.20332093147061,30.805843601498726,29.120439557122072,23.706539182259394,22.20360331117452,14.142135623730951,6.324555320336759,20.615528128088304,34.713109915419565,26.90724809414742,30.01666203960727,30.870698080866262,40.496913462633174,44.40720662234904,49.39635614091387,0.0,0.0,0.0,0.0,0.0,0.0,0.0,0.0,0.0,0.0,0.0,27.018512172212592,34.48187929913333,36.6742416417845,33.95585369269929,27.16615541441225,30.14962686336267,30.870698080866262,25.632011235952593,29.427877939124322,29.154759474226502,29.154759474226502,32.01562118716424,41.43669871020132,27.892651361962706,30.364452901377952,20.808652046684813,20.8806130178211,28.635642126552707,19.235384061671343,13.601470508735444,5.0990195135927845,17.0,21.0,24.041630560342615,30.364452901377952,42.42640687119285
133.15029102484155,29.0,53.75872022286245,67.06713054842886,68.09552114493287,44.384682042344295,58.180752831155424,56.32051136131489,52.952809179494906,70.57619995437555,50.96076922496363,44.9221548904324,49.24428900898052,35.22782990761707,29.0,28.160255680657446,14.317821063276353,7.615773105863909,4.47213595499958,7.0710678118654755,20.591260281974,26.476404589747453,31.400636936215164,36.40054944640259,40.024992192379,42.15447781671598,43.9089968002003,0.0,0.0,0.0,0.0,0.0,0.0,0.0,0.0,0.0,0.0,0.0,30.0,33.06055050963308,29.017236257093817,33.06055050963308,32.01562118716424,36.22154055254967,30.59411708155671,32.38826948140329,33.24154027718932,26.92582403567252,36.05551275463989,35.17101079013795,31.78049716414141,41.23105625617661,19.72308292331602,23.706539182259394,26.92582403567252,12.041594578792296,26.248809496813376,8.602325267042627,15.652475842498529,6.082762530298219,28.284271247461902,25.238858928247925,27.459060435491963,41.23105625617661
133.8992158304148,7.0,20.615528128088304,20.518284528683193,19.313207915827967,26.248809496813376,21.470910553583888,26.92582403567252,24.413111231467404,24.20743687382041,33.83784863137726,23.323807579381203,26.40075756488817,20.615528128088304,17.4928556845359,30.805843601498726,19.697715603592208,22.02271554554524,27.202941017470888,21.93171219946131,21.213203435596427,16.64331697709324,13.038404810405298,7.0710678118654755,13.92838827718412,8.94427190999916,12.529964086141668,0.0,0.0,0.0,0.0,0.0,0.0,0.0,0.0,0.0,0.0,0.0,17.029386365926403,11.704699910719626,5.0990195135927845,7.211102550927978,13.152946437965905,14.212670403551895,18.027756377319946,9.219544457292887,14.317821063276353,20.248456731316587,25.495097567963924,24.041630560342615,24.758836806279895,23.345235059857504,17.46424919657298,32.57299494980466,17.804493814764857,24.08318915758459,18.788294228055936,18.384776310850235,21.2602916254693,17.69180601295413,13.038404810405298,15.033296378372908,18.973665961010276,21.37755832643195
112.14722466472365,9.0,13.038404810405298,10.770329614269007,14.422205101855956,15.033296378372908,21.02379604162864,16.278820596099706,18.788294228055936,26.30589287593181,20.223748416156685,20.396078054371138,24.698178070456937,19.697715603592208,26.832815729997478,25.495097567963924,18.35755975068582,28.460498941515414,18.027756377319946,23.706539182259394,16.64331697709324,14.035668847618199,16.0,21.0,9.055385138137417,11.180339887498949,7.810249675906654,0.0,0.0,0.0,0.0,0.0,0.0,0.0,0.0,0.0,0.0,0.0,10.198039027185569,2.8284271247461903,10.04987562112089,15.811388300841896,11.180339887498949,19.026297590440446,10.816653826391969,12.806248474865697,21.470910553583888,17.69180601295413,13.038404810405298,18.973665961010276,22.135943621178654,17.46424919657298,16.492422502470642,24.698178070456937,22.360679774997898,22.20360331117452,18.681541692269406,21.37755832643195,19.6468827043885,17.46424919657298,18.027756377319946,19.235384061671343,14.7648230602334,12.529964086141668
46.69047011971501,13.0,7.615773105863909,9.055385138137417,7.280109889280518,18.027756377319946,15.811388300841896,13.038404810405298,16.76305461424021,24.20743687382041,15.652475842498529,27.16615541441225,26.019223662515376,12.083045973594572,27.65863337187866,17.804493814764857,23.08679276123039,23.430749027719962,19.209372712298546,25.612496949731394,23.021728866442675,21.37755832643195,16.64331697709324,19.79898987322333,10.04987562112089,5.0,9.486832980505138,0.0,0.0,0.0,0.0,0.0,0.0,0.0,0.0,0.0,0.0,0.0,11.661903789690601,11.40175425099138,5.0990195135927845,9.219544457292887,12.806248474865697,17.029386365926403,16.15549442140351,21.02379604162864,20.518284528683193,12.041594578792296,30.479501308256342,29.546573405388315,13.601470508735444,20.518284528683193,33.12099032335839,25.709920264364882,23.853720883753127,21.18962010041709,25.019992006393608,18.384776310850235,31.016124838541646,23.08679276123039,20.615528128088304,17.804493814764857,17.46424919657298,19.235384061671343
34.92849839314596,15.0,17.46424919657298,17.88854381999832,9.055385138137417,17.029386365926403,30.805843601498726,19.849433241279208,25.45584412271571,20.518284528683193,20.808652046684813,23.40939982143925,23.430749027719962,22.360679774997898,28.0178514522438,26.870057685088806,23.600847442411894,23.853720883753127,23.706539182259394,26.40075756488817,14.317821063276353,17.46424919657298,19.924858845171276,16.1245154965971,14.035668847618199,13.341664064126334,14.866068747318506,0.0,0.0,0.0,0.0,0.0,0.0,0.0,0.0,0.0,0.0,0.0,11.180339887498949,8.06225774829855,9.433981132056603,16.76305461424021,8.94427190999916,14.422205101855956,13.416407864998739,20.0,14.7648230602334,12.041594578792296,25.079872407968907,17.0,22.80350850198276,24.413111231467404,17.804493814764857,21.095023109728988,24.08318915758459,22.47220505424423,15.556349186104045,22.80350850198276,25.612496949731394,12.041594578792296,18.439088914585774,15.231546211727817,10.44030650891055,6.4031242374328485
128.0,8.0,12.083045973594572,12.806248474865697,18.384776310850235,12.727922061357855,10.63014581273465,21.2602916254693,20.248456731316587,14.560219778561036,25.495097567963924,18.027756377319946,22.80350850198276,27.80287754891569,22.80350850198276,20.0,28.284271247461902,22.67156809750927,24.20743687382041,17.72004514666935,21.213203435596427,24.166091947189145,21.840329667841555,12.041594578792296,18.24828759089466,17.72004514666935,15.811388300841896,0.0,0.0,0.0,0.0,0.0,0.0,0.0,0.0,0.0,0.0,0.0,11.045361017187261,9.055385138137417,16.76305461424021,12.206555615733702,12.36931687685298,17.0,18.601075237738275,23.345235059857504,19.924858845171276,17.69180601295413,26.40075756488817,21.095023109728988,21.95449840010015,25.942243542145693,30.14962686336267,27.018512172212592,16.15549442140351,30.14962686336267,22.090722034374522,21.213203435596427,8.94427190999916,10.04987562112089,27.65863337187866,12.165525060596439,12.806248474865697,17.0
96.51942809610924,15.0,7.0710678118654755,9.433981132056603,13.601470508735444,13.152946437965905,18.35755975068582,17.46424919657298,15.264337522473747,25.80697580112788,26.832815729997478,23.600847442411894,23.021728866442675,25.298221281347036,22.847319317591726,26.40075756488817,29.154759474226502,24.758836806279895,25.553864678361276,27.202941017470888,24.839484696748443,15.0,15.0,16.55294535724685,12.649110640673518,10.198039027185569,13.416407864998739,0.0,0.0,0.0,0.0,0.0,0.0,0.0,0.0,0.0,0.0,0.0,12.806248474865697,7.211102550927978,8.94427190999916,16.15549442140351,13.892443989449804,11.180339887498949,17.11724276862369,20.024984394500787,16.64331697709324,17.029386365926403,25.079872407968907,24.758836806279895,33.83784863137726,21.213203435596427,22.02271554554524,29.154759474226502,25.45584412271571,31.144823004794873,28.30194339616981,22.47220505424423,32.55764119219941,18.788294228055936,13.92838827718412,20.808652046684813,17.88854381999832,11.180339887498949
96.18731725128839,15.0,17.4928556845359,13.152946437965905,15.811388300841896,17.46424919657298,31.32091952673165,15.811388300841896,21.93171219946131,23.08679276123039,22.360679774997898,22.20360331117452,20.396078054371138,17.08800749063506,26.076809620810597,30.066592756745816,25.0,28.442925306655784,22.847319317591726,24.186773244895647,21.02379604162864,11.704699910719626,21.37755832643195,10.816653826391969,11.40175425099138,8.94427190999916,14.866068747318506,0.0,0.0,0.0,0.0,0.0,0.0,0.0,0.0,0.0,0.0,0.0,15.231546211727817,15.231546211727817,11.704699910719626,11.0,7.0,16.64331697709324,18.027756377319946,19.235384061671343,4.0,27.65863337187866,21.93171219946131,28.319604517012593,28.30194339616981,28.792360097775937,27.85677655436824,30.4138126514911,20.248456731316587,30.4138126514911,23.40939982143925,22.561028345356956,19.235384061671343,20.09975124224178,22.090722034374522,27.51363298439521,6.324555320336759,13.45362404707371
130.0,8.0,22.67156809750927,30.4138126514911,28.284271247461902,29.732137494637012,32.802438933713454,29.0,27.65863337187866,24.20743687382041,23.853720883753127,25.0,21.470910553583888,19.209372712298546,14.7648230602334,11.180339887498949,2.23606797749979,2.23606797749979,2.23606797749979,2.0,9.486832980505138,12.165525060596439,16.15549442140351,15.524174696260024,20.248456731316587,19.697715603592208,21.587033144922902,0.0,0.0,0.0,0.0,0.0,0.0,0.0,0.0,0.0,0.0,0.0,22.135943621178654,25.317977802344327,21.213203435596427,21.840329667841555,23.021728866442675,24.08318915758459,25.079872407968907,28.284271247461902,23.08679276123039,21.213203435596427,18.027756377319946,23.08679276123039,22.0,23.769728648009426,17.26267650163207,11.045361017187261,5.385164807134504,3.0,3.0,3.1622776601683795,2.0,7.0,7.211102550927978,20.0,15.0,21.095023109728988
133.8992158304148,7.0,47.12748667179272,61.61168720299745,49.24428900898052,68.6804193347711,73.76313442364011,72.53275122315436,69.8927750200262,65.76473218982953,55.54277630799526,59.033888572581766,39.81205847478876,39.01281840626232,32.2490309931942,21.840329667841555,14.866068747318506,3.1622776601683795,6.082762530298219,14.422205101855956,13.92838827718412,24.020824298928627,30.265491900843113,32.2490309931942,36.013886210738214,43.104524124504614,48.093658625644196,0.0,0.0,0.0,0.0,0.0,0.0,0.0,0.0,0.0,0.0,0.0,42.43819034784589,46.09772228646444,46.22769732530488,43.18564576337837,58.82176467941097,48.877397639399746,58.60034129593445,49.64876634922564,46.8187996428785,52.55473337388365,54.08326913195984,55.08175741568164,51.92301994298868,43.56604182158393,49.040799340956916,34.713109915419565,20.024984394500787,22.360679774997898,6.4031242374328485,5.0,16.76305461424021,25.709920264364882,25.495097567963924,22.627416997969522,27.80287754891569,44.204072210600685
112.14722466472365,9.0,67.26812023536856,61.29437168288782,66.09841147864296,81.88406438373708,72.18032973047436,70.21395872616783,76.05918747922567,60.41522986797286,67.02984409947557,61.0,52.15361924162119,46.04345773288535,35.014282800023196,39.45883931389772,18.0,1.0,7.280109889280518,14.212670403551895,25.059928172283335,20.223748416156685,38.07886552931954,30.59411708155671,46.17358552246078,36.6742416417845,52.0,0.0,0.0,0.0,0.0,0.0,0.0,0.0,0.0,0.0,0.0,0.0,42.95346318982906,45.34313619501854,43.86342439892262,50.80354318352215,50.24937810560445,52.49761899362675,51.86520991955976,51.478150704935004,46.61544808322666,44.94441010848846,50.28916384272063,46.09772228646444,53.85164807134504,35.4682957019364,36.05551275463989,12.165525060596439,20.615528128088304,26.40075756488817,21.02379604162864,16.278820596099706,6.4031242374328485,22.80350850198276,11.40175425099138,32.55764119219941,47.853944456021594,49.040799340956916
46.69047011971501,13.0,25.238858928247925,26.40075756488817,25.495097567963924,35.0,25.553864678361276,30.364452901377952,30.675723300355934,33.52610922848042,26.570660511172846,27.51363298439521,7.615773105863909,27.85677655436824,15.652475842498529,15.652475842498529,5.830951894845301,9.0,12.206555615733702,10.0,7.615773105863909,10.44030650891055,16.278820596099706,16.278820596099706,19.6468827043885,8.48528137423857,20.024984394500787,0.0,0.0,0.0,0.0,0.0,0.0,0.0,0.0,0.0,0.0,0.0,20.0,17.029386365926403,18.24828759089466,20.09975124224178,15.033296378372908,18.384776310850235,23.021728866442675,19.1049731745428,24.351591323771842,14.035668847618199,20.248456731316587,19.209372712298546,22.135943621178654,15.132745950421556,14.317821063276353,12.649110640673518,9.433981132056603,3.605551275463989,4.123105625617661,9.219544457292887,7.211102550927978,7.0710678118654755,9.433981132056603,11.180339887498949,13.601470508735444,19.313207915827967
34.92849839314596,15.0,24.758836806279895,29.0,20.518284528683193,23.706539182259394,27.459060435491963,31.064449134018133,33.301651610693426,29.68164415931166,22.47220505424423,13.416407864998739,15.652475842498529,16.76305461424021,22.47220505424423,4.123105625617661,4.47213595499958,10.63014581273465,14.317821063276353,12.529964086141668,18.973665961010276,7.615773105863909,16.64331697709324,18.384776310850235,17.4928556845359,18.439088914585774,9.219544457292887,0.0,0.0,0.0,0.0,0.0,0.0,0.0,0.0,0.0,0.0,0.0,20.248456731316587,18.384776310850235,19.697715603592208,20.12461179749811,21.18962010041709,26.419689627245813,19.924858845171276,16.0312195418814,22.80350850198276,19.1049731745428,15.811388300841896,19.1049731745428,13.0,16.15549442140351,22.135943621178654,23.259406699226016,20.024984394500787,11.045361017187261,5.0,6.708203932499369,10.44030650891055,6.324555320336759,13.038404810405298,9.433981132056603,11.661903789690601,11.180339887498949
128.0,8.0,58.9406481131655,59.941638282582836,69.46221994724903,67.47592163134935,80.4114419718985,65.00769185258002,69.63476143421474,75.95393340703298,51.24451190127583,59.665735560705194,39.0,43.18564576337837,31.064449134018133,25.495097567963924,15.033296378372908,7.280109889280518,4.47213595499958,14.317821063276353,15.0,25.317977802344327,25.079872407968907,35.014282800023196,44.28317965096906,41.19465984809196,43.104524124504614,0.0,0.0,0.0,0.0,0.0,0.0,0.0,0.0,0.0,0.0,0.0,46.61544808322666,43.9089968002003,48.25971404805462,43.86342439892262,51.73973328110612,47.80167361086848,44.82186966202994,46.400431032480725,51.66236541235796,51.088159097779204,49.20365840057018,49.193495504995376,45.18849411078001,34.438350715445125,31.622776601683793,26.419689627245813,19.026297590440446,16.55294535724685,13.601470508735444,16.278820596099706,23.08679276123039,27.459060435491963,24.20743687382041,19.235384061671343,35.77708763999664,42.44997055358225
96.51942809610924,15.0,55.90169943749474,50.24937810560445,58.215118311311535,76.90253571892151,68.26419266350405,74.10802925459562,68.4470598345904,56.753854494650845,53.33854141237835,46.87216658103186,51.66236541235796,47.4236228055175,40.792156108742276,26.570660511172846,23.345235059857504,12.36931687685298,8.06225774829855,5.656854249492381,17.46424919657298,27.892651361962706,26.248809496813376,31.064449134018133,36.89173349139343,42.04759208325728,44.654227123532216,0.0,0.0,0.0,0.0,0.0,0.0,0.0,0.0,0.0,0.0,0.0,45.79301256742124,43.01162633521314,45.79301256742124,53.823786563191554,55.21775076911409,47.50789408087881,53.907327887774215,38.948684188300895,50.32891812864648,47.38143096192854,48.104053883222775,50.99019513592785,51.088159097779204,38.01315561749642,37.73592452822641,27.313000567495326,28.0178514522438,15.297058540778355,22.02271554554524,7.211102550927978,1.4142135623730951,29.427877939124322,20.223748416156685,34.058772731852805,52.172789842982326,43.68065933568311
96.18731725128839,15.0,46.14108798023731,69.6419413859206,64.8459713474939,62.80127387243033,58.728187440104094,81.34494452638098,66.52818951391959,64.03124237432849,66.46803743153546,62.24146527838174,40.607881008493905,44.04543109109048,33.12099032335839,27.586228448267445,20.808652046684813,10.198039027185569,7.615773105863909,4.0,21.18962010041709,27.459060435491963,29.966648127543394,33.61547262794322,36.24913792078372,36.6742416417845,39.11521443121589,0.0,0.0,0.0,0.0,0.0,0.0,0.0,0.0,0.0,0.0,0.0,45.17742799230607,48.507731342539614,49.09175083453431,46.04345773288535,50.24937810560445,46.09772228646444,45.0,53.0,47.042533945356304,45.70557952810576,52.392747589718944,41.10960958218893,43.08131845707603,41.10960958218893,27.730849247724095,36.40054944640259,19.1049731745428,10.198039027185569,9.899494936611665,4.47213595499958,24.596747752497688,21.470910553583888,16.401219466856727,27.784887978899608,40.792156108742276,39.35733730830886
103.09219175087898,6.0,18.027756377319946,8.602325267042627,8.94427190999916,23.08679276123039,18.601075237738275,19.4164878389476,20.518284528683193,29.206163733020468,26.248809496813376,23.706539182259394,31.906112267087632,24.839484696748443,29.410882339705484,20.615528128088304,27.65863337187866,31.622776601683793,23.706539182259394,19.72308292331602,22.20360331117452,20.808652046684813,17.029386365926403,13.038404810405298,8.06225774829855,13.92838827718412,9.486832980505138,0.0,0.0,0.0,0.0,0.0,0.0,0.0,0.0,0.0,0.0,0.0,8.602325267042627,7.0710678118654755,4.123105625617661,13.601470508735444,16.64331697709324,16.76305461424021,21.470910553583888,15.264337522473747,16.1245154965971,17.11724276862369,32.57299494980466,28.635642126552707,24.08318915758459,28.861739379323623,20.09975124224178,21.37755832643195,29.410882339705484,30.01666203960727,32.28002478313795,22.561028345356956,26.019223662515376,12.529964086141668,22.360679774997898,19.1049731745428,11.40175425099138,13.92838827718412
96.18731725128839,15.0,18.867962264113206,11.704699910719626,14.560219778561036,17.72004514666935,20.8806130178211,12.36931687685298,17.46424919657298,16.1245154965971,25.179356624028344,28.635642126552707,21.540659228538015,20.8806130178211,27.16615541441225,25.0,30.01666203960727,27.0,23.769728648009426,26.019223662515376,23.08679276123039,15.297058540778355,19.6468827043885,17.46424919657298,19.849433241279208,17.69180601295413,21.02379604162864,0.0,0.0,0.0,0.0,0.0,0.0,0.0,0.0,0.0,0.0,0.0,9.0,8.0,12.206555615733702,6.0,9.486832980505138,20.12461179749811,14.560219778561036,23.706539182259394,17.46424919657298,14.212670403551895,36.68787265568828,27.018512172212592,19.235384061671343,27.65863337187866,27.018512172212592,21.18962010041709,28.442925306655784,23.40939982143925,29.120439557122072,20.223748416156685,15.297058540778355,21.02379604162864,16.76305461424021,19.235384061671343,18.110770276274835,17.69180601295413
120.42009799032718,20.0,8.06225774829855,15.524174696260024,23.853720883753127,16.97056274847714,22.67156809750927,10.0,31.064449134018133,25.238858928247925,29.68164415931166,19.4164878389476,29.154759474226502,21.2602916254693,24.20743687382041,36.05551275463989,23.323807579381203,38.41874542459709,32.202484376209235,29.832867780352597,20.8806130178211,15.033296378372908,26.076809620810597,16.76305461424021,6.708203932499369,7.280109889280518,13.92838827718412,0.0,0.0,0.0,0.0,0.0,0.0,0.0,0.0,0.0,0.0,0.0,13.601470508735444,9.219544457292887,9.055385138137417,14.560219778561036,20.248456731316587,16.15549442140351,16.1245154965971,9.219544457292887,22.02271554554524,13.892443989449804,19.209372712298546,11.180339887498949,15.556349186104045,29.5296461204668,26.1725046566048,33.83784863137726,23.021728866442675,25.942243542145693,36.49657518178932,18.867962264113206,12.0,15.811388300841896,28.844410203711913,22.67156809750927,5.830951894845301,5.385164807134504
98.97979591815695,21.0,5.0,6.4031242374328485,18.35755975068582,8.06225774829855,12.36931687685298,19.72308292331602,22.80350850198276,20.248456731316587,20.591260281974,20.223748416156685,23.769728648009426,26.019223662515376,23.40939982143925,24.186773244895647,24.596747752497688,19.235384061671343,22.360679774997898,20.0,22.80350850198276,18.384776310850235,14.142135623730951,13.892443989449804,12.529964086141668,11.180339887498949,18.027756377319946,0.0,0.0,0.0,0.0,0.0,0.0,0.0,0.0,0.0,0.0,0.0,8.602325267042627,13.601470508735444,14.317821063276353,15.811388300841896,13.152946437965905,20.12461179749811,17.11724276862369,21.02379604162864,22.135943621178654,18.788294228055936,21.95449840010015,20.615528128088304,27.85677655436824,26.1725046566048,22.67156809750927,24.041630560342615,29.206163733020468,17.08800749063506,15.620499351813308,22.627416997969522,22.02271554554524,21.2602916254693,19.209372712298546,18.867962264113206,11.40175425099138,14.317821063276353
140.07141035914503,9.0,9.055385138137417,11.661903789690601,13.601470508735444,21.095023109728988,27.16615541441225,23.40939982143925,24.020824298928627,21.18962010041709,31.400636936215164,19.6468827043885,18.24828759089466,19.6468827043885,23.769728648009426,24.73863375370596,29.068883707497267,25.179356624028344,23.53720459187964,27.65863337187866,14.035668847618199,19.0,19.209372712298546,15.231546211727817,9.433981132056603,16.64331697709324,11.40175425099138,0.0,0.0,0.0,0.0,0.0,0.0,0.0,0.0,0.0,0.0,0.0,8.54400374531753,17.72004514666935,15.620499351813308,14.317821063276353,11.40175425099138,23.769728648009426,18.110770276274835,14.422205101855956,28.653097563788805,23.769728648009426,14.0,20.12461179749811,26.90724809414742,29.732137494637012,21.93171219946131,31.89043743820395,19.4164878389476,23.769728648009426,27.730849247724095,29.832867780352597,21.02379604162864,29.120439557122072,15.132745950421556,29.154759474226502,18.788294228055936,20.0
80.15609770940699,15.0,36.40054944640259,35.22782990761707,35.0,37.48332962798263,36.124783736376884,40.0,34.48187929913333,30.610455730027933,28.178005607210743,22.825424421026653,21.840329667841555,18.35755975068582,13.038404810405298,8.54400374531753,2.8284271247461903,2.23606797749979,7.810249675906654,12.529964086141668,18.110770276274835,21.470910553583888,18.027756377319946,19.697715603592208,23.706539182259394,23.323807579381203,26.076809620810597,0.0,0.0,0.0,0.0,0.0,0.0,0.0,0.0,0.0,0.0,0.0,27.65863337187866,31.827660925679098,31.11269837220809,31.89043743820395,36.124783736376884,30.4138126514911,30.610455730027933,33.015148038438355,33.421549934136806,27.65863337187866,27.65863337187866,28.284271247461902,28.600699292150182,19.6468827043885,17.88854381999832,13.92838827718412,9.219544457292887,13.038404810405298,6.708203932499369,6.4031242374328485,12.727922061357855,15.811388300841896,19.313207915827967,16.15549442140351,23.706539182259394,23.769728648009426
120.42009799032718,20.0,31.400636936215164,30.59411708155671,32.7566787083184,34.785054261852174,32.69556544854363,28.178005607210743,30.23243291566195,30.23243291566195,23.600847442411894,23.600847442411894,21.633307652783937,16.401219466856727,12.041594578792296,7.0710678118654755,4.242640687119285,2.8284271247461903,3.1622776601683795,5.830951894845301,13.92838827718412,16.492422502470642,16.492422502470642,19.235384061671343,18.24828759089466,24.08318915758459,23.08679276123039,0.0,0.0,0.0,0.0,0.0,0.0,0.0,0.0,0.0,0.0,0.0,27.80287754891569,28.319604517012593,25.495097567963924,30.0,26.90724809414742,28.844410203711913,25.238858928247925,26.627053911388696,27.202941017470888,26.419689627245813,28.178005607210743,24.698178070456937,22.847319317591726,19.026297590440446,20.223748416156685,15.033296378372908,13.0,7.810249675906654,6.324555320336759,8.246211251235321,13.038404810405298,12.083045973594572,15.231546211727817,18.027756377319946,22.0,22.090722034374522
98.97979591815695,21.0,33.015148038438355,35.84689665786984,32.55764119219941,33.421549934136806,38.8329756778952,29.832867780352597,33.301651610693426,33.54101966249684,26.832815729997478,23.769728648009426,20.615528128088304,22.561028345356956,17.46424919657298,12.083045973594572,3.605551275463989,5.385164807134504,1.4142135623730951,12.649110640673518,7.810249675906654,13.92838827718412,17.08800749063506,22.360679774997898,24.698178070456937,21.95449840010015,25.238858928247925,0.0,0.0,0.0,0.0,0.0,0.0,0.0,0.0,0.0,0.0,0.0,28.178005607210743,27.80287754891569,29.154759474226502,28.0178514522438,30.01666203960727,30.01666203960727,25.553864678361276,29.154759474226502,29.732137494637012,29.206163733020468,25.45584412271571,25.612496949731394,28.600699292150182,19.849433241279208,18.973665961010276,14.7648230602334,11.0,11.045361017187261,11.0,7.810249675906654,17.88854381999832,11.704699910719626,14.422205101855956,21.02379604162864,22.825424421026653,24.596747752497688
80.0,5.0,32.55764119219941,33.61547262794322,33.54101966249684,27.85677655436824,40.162171256046406,35.34119409414458,31.32091952673165,32.55764119219941,24.351591323771842,21.0,18.681541692269406,16.492422502470642,19.6468827043885,9.848857801796104,6.708203932499369,3.1622776601683795,7.0710678118654755,7.211102550927978,14.422205101855956,13.92838827718412,13.892443989449804,18.027756377319946,22.02271554554524,22.02271554554524,19.849433241279208,0.0,0.0,0.0,0.0,0.0,0.0,0.0,0.0,0.0,0.0,0.0,25.495097567963924,24.020824298928627,26.019223662515376,30.01666203960727,27.0,28.284271247461902,30.4138126514911,26.476404589747453,25.079872407968907,31.016124838541646,22.135943621178654,21.400934559032695,25.632011235952593,22.825424421026653,17.46424919657298,13.416407864998739,11.40175425099138,8.06225774829855,7.615773105863909,5.0990195135927845,15.264337522473747,18.027756377319946,11.180339887498949,20.248456731316587,19.849433241279208,25.45584412271571
96.18731725128839,15.0,34.058772731852805,36.124783736376884,33.015148038438355,33.54101966249684,33.24154027718932,31.25699921617557,34.48187929913333,32.31098884280702,26.419689627245813,22.47220505424423,18.681541692269406,18.867962264113206,13.0,12.806248474865697,7.615773105863909,5.0,8.06225774829855,6.708203932499369,13.416407864998739,17.46424919657298,17.08800749063506,18.788294228055936,18.788294228055936,22.135943621178654,26.248809496813376,0.0,0.0,0.0,0.0,0.0,0.0,0.0,0.0,0.0,0.0,0.0,26.90724809414742,28.42534080710379,24.20743687382041,25.612496949731394,28.30194339616981,25.80697580112788,26.419689627245813,24.839484696748443,26.92582403567252,21.470910553583888,23.40939982143925,24.351591323771842,20.396078054371138,20.8806130178211,20.024984394500787,14.035668847618199,11.704699910719626,7.280109889280518,7.211102550927978,11.180339887498949,13.038404810405298,12.083045973594572,16.492422502470642,14.317821063276353,20.223748416156685,26.476404589747453
120.42009799032718,20.0,28.635642126552707,34.0147027033899,28.460498941515414,34.17601498127012,35.11409973215888,32.01562118716424,30.4138126514911,29.614185789921695,27.16615541441225,24.08318915758459,22.0,19.026297590440446,17.029386365926403,11.180339887498949,6.324555320336759,5.0,8.54400374531753,8.06225774829855,11.704699910719626,16.278820596099706,17.029386365926403,22.80350850198276,18.35755975068582,21.95449840010015,27.202941017470888,0.0,0.0,0.0,0.0,0.0,0.0,0.0,0.0,0.0,0.0,0.0,25.0,27.16615541441225,28.442925306655784,27.018512172212592,27.294688127912362,28.071337695236398,28.071337695236398,29.154759474226502,27.85677655436824,25.709920264364882,22.80350850198276,23.345235059857504,20.615528128088304,21.18962010041709,13.0,17.69180601295413,13.45362404707371,12.165525060596439,6.082762530298219,9.219544457292887,15.556349186104045,15.0,12.529964086141668,18.867962264113206,20.248456731316587,21.95449840010015
98.97979591815695,21.0,32.01562118716424,35.11409973215888,40.311288741492746,40.44749683231337,38.05259518088089,34.132096331752024,38.118237105091836,33.13608305156178,32.69556544854363,25.495097567963924,25.495097567963924,21.633307652783937,15.524174696260024,12.36931687685298,8.0,7.211102550927978,3.605551275463989,10.770329614269007,16.97056274847714,19.849433241279208,18.027756377319946,21.93171219946131,21.93171219946131,25.495097567963924,26.076809620810597,0.0,0.0,0.0,0.0,0.0,0.0,0.0,0.0,0.0,0.0,0.0,28.653097563788805,28.653097563788805,25.80697580112788,28.635642126552707,31.76476034853718,36.40054944640259,28.178005607210743,30.364452901377952,27.892651361962706,30.59411708155671,25.96150997149434,29.427877939124322,28.284271247461902,23.194827009486403,17.46424919657298,15.811388300841896,12.36931687685298,9.0,12.649110640673518,9.486832980505138,16.278820596099706,10.770329614269007,18.24828759089466,16.15549442140351,21.400934559032695,24.186773244895647
140.07141035914503,9.0,27.459060435491963,34.713109915419565,28.071337695236398,40.19950248448356,32.0624390837628,32.0,31.064449134018133,32.7566787083184,26.30589287593181,24.020824298928627,21.18962010041709,20.223748416156685,17.08800749063506,5.0,5.385164807134504,4.123105625617661,3.0,7.810249675906654,10.63014581273465,16.278820596099706,14.866068747318506,19.849433241279208,19.209372712298546,22.825424421026653,23.323807579381203,0.0,0.0,0.0,0.0,0.0,0.0,0.0,0.0,0.0,0.0,0.0,26.832815729997478,25.942243542145693,26.1725046566048,28.160255680657446,22.847319317591726,25.632011235952593,28.460498941515414,26.476404589747453,26.570660511172846,25.019992006393608,26.0,21.587033144922902,25.019992006393608,22.02271554554524,18.24828759089466,15.811388300841896,13.341664064126334,9.433981132056603,8.48528137423857,11.045361017187261,9.055385138137417,12.041594578792296,14.560219778561036,19.235384061671343,20.248456731316587,25.298221281347036
88.02272433866155,10.0,28.792360097775937,35.4400902933387,32.28002478313795,34.48187929913333,32.57299494980466,35.12833614050059,30.0,32.2490309931942,26.0,19.235384061671343,18.439088914585774,14.866068747318506,12.041594578792296,8.06225774829855,6.0,4.47213595499958,5.0990195135927845,12.041594578792296,13.601470508735444,14.212670403551895,14.142135623730951,19.209372712298546,19.4164878389476,23.853720883753127,20.518284528683193,0.0,0.0,0.0,0.0,0.0,0.0,0.0,0.0,0.0,0.0,0.0,27.0,26.0,28.0178514522438,27.294688127912362,30.59411708155671,25.709920264364882,28.071337695236398,25.317977802344327,23.53720459187964,27.51363298439521,23.40939982143925,23.769728648009426,25.632011235952593,17.08800749063506,17.08800749063506,13.0,14.212670403551895,11.40175425099138,6.4031242374328485,6.082762530298219,9.219544457292887,11.40175425099138,16.55294535724685,17.26267650163207,17.029386365926403,21.400934559032695
103.09219175087898,6.0,7.211102550927978,20.8806130178211,14.422205101855956,14.422205101855956,18.973665961010276,20.8806130178211,12.36931687685298,13.038404810405298,13.152946437965905,28.160255680657446,28.071337695236398,29.614185789921695,24.515301344262525,27.202941017470888,26.476404589747453,22.20360331117452,21.540659228538015,18.867962264113206,14.560219778561036,15.652475842498529,16.1245154965971,12.206555615733702,15.620499351813308,6.082762530298219,9.219544457292887,0.0,0.0,0.0,0.0,0.0,0.0,0.0,0.0,0.0,0.0,0.0,5.656854249492381,13.92838827718412,8.246211251235321,17.11724276862369,11.045361017187261,19.026297590440446,22.090722034374522,17.204650534085253,24.0,24.331050121192877,19.313207915827967,34.23448553724738,22.561028345356956,17.0,22.825424421026653,19.6468827043885,35.11409973215888,23.259406699226016,27.313000567495326,22.47220505424423,12.206555615733702,26.832815729997478,5.656854249492381,26.40075756488817,22.135943621178654,19.849433241279208
103.09219175087898,6.0,10.63014581273465,11.180339887498949,14.422205101855956,16.64331697709324,20.615528128088304,20.808652046684813,17.26267650163207,21.095023109728988,26.0,11.661903789690601,14.7648230602334,21.095023109728988,24.351591323771842,23.769728648009426,16.1245154965971,16.278820596099706,26.076809620810597,13.152946437965905,25.179356624028344,14.0,13.601470508735444,12.649110640673518,14.317821063276353,8.246211251235321,10.816653826391969,0.0,0.0,0.0,0.0,0.0,0.0,0.0,0.0,0.0,0.0,0.0,11.180339887498949,10.770329614269007,17.0,7.0710678118654755,14.035668847618199,10.0,14.0,28.284271247461902,27.16615541441225,21.18962010041709,31.016124838541646,21.095023109728988,27.294688127912362,24.413111231467404,22.80350850198276,34.92849839314596,24.758836806279895,28.600699292150182,29.410882339705484,30.0,17.69180601295413,16.278820596099706,11.045361017187261,11.661903789690601,13.341664064126334,16.76305461424021
103.09219175087898,6.0,17.029386365926403,7.211102550927978,5.0990195135927845,16.492422502470642,17.11724276862369,8.0,22.360679774997898,19.6468827043885,21.93171219946131,25.632011235952593,27.65863337187866,37.64306044943742,24.0,24.331050121192877,24.413111231467404,23.345235059857504,23.08679276123039,13.0,19.026297590440446,17.0,13.601470508735444,16.55294535724685,16.97056274847714,21.93171219946131,10.198039027185569,0.0,0.0,0.0,0.0,0.0,0.0,0.0,0.0,0.0,0.0,0.0,9.433981132056603,14.866068747318506,11.40175425099138,14.142135623730951,12.649110640673518,13.45362404707371,20.248456731316587,21.470910553583888,17.4928556845359,24.08318915758459,23.600847442411894,14.7648230602334,28.42534080710379,32.449961479175904,26.1725046566048,26.1725046566048,17.11724276862369,34.52535300326414,21.095023109728988,27.073972741361768,28.635642126552707,19.235384061671343,16.492422502470642,20.12461179749811,13.038404810405298,8.602325267042627
70.03570517957252,12.0,8.94427190999916,27.51363298439521,14.317821063276353,27.586228448267445,25.495097567963924,18.867962264113206,18.439088914585774,13.416407864998739,23.600847442411894,23.430749027719962,25.612496949731394,16.76305461424021,25.495097567963924,15.264337522473747,18.867962264113206,23.40939982143925,24.839484696748443,25.612496949731394,16.55294535724685,16.0,18.973665961010276,16.0312195418814,11.661903789690601,18.35755975068582,10.63014581273465,0.0,0.0,0.0,0.0,0.0,0.0,0.0,0.0,0.0,0.0,0.0,14.212670403551895,13.0,17.204650534085253,11.180339887498949,16.278820596099706,18.027756377319946,18.24828759089466,16.278820596099706,21.18962010041709,26.076809620810597,26.076809620810597,24.351591323771842,25.019992006393608,29.68164415931166,34.438350715445125,24.186773244895647,31.906112267087632,29.68164415931166,28.284271247461902,31.827660925679098,23.853720883753127,23.259406699226016,23.259406699226016,17.08800749063506,10.0,10.770329614269007
70.03570517957252,12.0,16.55294535724685,16.401219466856727,15.811388300841896,12.806248474865697,10.816653826391969,20.518284528683193,22.47220505424423,23.600847442411894,24.08318915758459,23.323807579381203,26.40075756488817,19.313207915827967,25.0,27.202941017470888,23.430749027719962,23.853720883753127,19.209372712298546,29.154759474226502,23.08679276123039,22.02271554554524,21.02379604162864,15.0,13.601470508735444,11.045361017187261,17.72004514666935,0.0,0.0,0.0,0.0,0.0,0.0,0.0,0.0,0.0,0.0,0.0,12.206555615733702,15.652475842498529,16.64331697709324,15.264337522473747,12.529964086141668,18.35755975068582,16.278820596099706,21.470910553583888,17.029386365926403,19.0,25.495097567963924,25.632011235952593,27.294688127912362,22.847319317591726,21.633307652783937,34.40930106817051,27.294688127912362,27.892651361962706,29.0,23.259406699226016,28.844410203711913,17.029386365926403,13.038404810405298,16.55294535724685,15.0,7.0710678118654755
125.53883861180172,6.0,14.7648230602334,11.40175425099138,12.806248474865697,7.615773105863909,21.633307652783937,15.297058540778355,20.248456731316587,24.698178070456937,18.35755975068582,14.212670403551895,19.6468827043885,21.095023109728988,22.135943621178654,25.553864678361276,19.6468827043885,23.769728648009426,18.0,22.02271554554524,24.73863375370596,19.313207915827967,12.806248474865697,14.866068747318506,13.601470508735444,13.892443989449804,6.082762530298219,0.0,0.0,0.0,0.0,0.0,0.0,0.0,0.0,0.0,0.0,0.0,9.899494936611665,14.142135623730951,4.123105625617661,7.810249675906654,22.847319317591726,18.24828759089466,22.80350850198276,18.027756377319946,16.492422502470642,30.066592756745816,20.615528128088304,21.095023109728988,28.635642126552707,27.730849247724095,21.18962010041709,31.400636936215164,30.265491900843113,28.178005607210743,24.413111231467404,25.632011235952593,32.01562118716424,17.08800749063506,12.806248474865697,8.602325267042627,17.0,15.811388300841896
99.29753269845128,5.0,22.135943621178654,34.66987164671943,28.231188426986208,32.64965543462902,34.48187929913333,34.20526275297414,29.5296461204668,26.870057685088806,29.068883707497267,23.345235059857504,17.08800749063506,10.63014581273465,11.704699910719626,10.44030650891055,8.06225774829855,3.605551275463989,9.433981132056603,10.44030650891055,14.422205101855956,19.209372712298546,20.248456731316587,19.72308292331602,25.298221281347036,25.298221281347036,25.079872407968907,0.0,0.0,0.0,0.0,0.0,0.0,0.0,0.0,0.0,0.0,0.0,26.0,25.059928172283335,29.732137494637012,27.459060435491963,25.553864678361276,25.80697580112788,28.319604517012593,25.80697580112788,24.20743687382041,32.01562118716424,26.248809496813376,23.345235059857504,21.93171219946131,22.20360331117452,24.041630560342615,16.401219466856727,17.46424919657298,9.055385138137417,6.4031242374328485,8.48528137423857,13.0,10.770329614269007,20.024984394500787,17.46424919657298,15.264337522473747,26.1725046566048
103.09219175087898,6.0,23.08679276123039,20.396078054371138,25.0,20.615528128088304,27.51363298439521,29.120439557122072,27.202941017470888,22.847319317591726,19.72308292331602,22.135943621178654,12.806248474865697,18.35755975068582,10.63014581273465,6.082762530298219,2.23606797749979,7.280109889280518,7.810249675906654,7.280109889280518,7.211102550927978,10.770329614269007,21.633307652783937,23.706539182259394,21.540659228538015,18.681541692269406,17.72004514666935,0.0,0.0,0.0,0.0,0.0,0.0,0.0,0.0,0.0,0.0,0.0,14.7648230602334,18.384776310850235,18.973665961010276,20.12461179749811,23.769728648009426,22.80350850198276,19.026297590440446,16.492422502470642,23.194827009486403,21.840329667841555,16.0,25.317977802344327,12.806248474865697,16.492422502470642,14.317821063276353,18.601075237738275,8.54400374531753,6.324555320336759,8.06225774829855,1.4142135623730951,16.55294535724685,11.661903789690601,6.324555320336759,17.88854381999832,15.297058540778355,16.0312195418814
103.09219175087898,9.0,18.027756377319946,11.704699910719626,9.219544457292887,8.06225774829855,13.892443989449804,19.924858845171276,20.09975124224178,20.09975124224178,16.55294535724685,18.384776310850235,14.317821063276353,17.26267650163207,22.02271554554524,26.92582403567252,14.317821063276353,29.427877939124322,17.46424919657298,19.72308292331602,24.08318915758459,23.08679276123039,25.495097567963924,15.033296378372908,14.422205101855956,14.035668847618199,9.219544457292887,0.0,0.0,0.0,0.0,0.0,0.0,0.0,0.0,0.0,0.0,0.0,13.601470508735444,11.180339887498949,16.1245154965971,16.278820596099706,17.4928556845359,19.4164878389476,11.180339887498949,19.697715603592208,23.0,8.246211251235321,19.1049731745428,26.0,21.02379604162864,29.068883707497267,28.635642126552707,23.021728866442675,23.706539182259394,20.024984394500787,31.78049716414141,16.1245154965971,8.54400374531753,15.524174696260024,20.808652046684813,22.80350850198276,11.704699910719626,13.92838827718412
58.60034129593445,29.0,10.0,12.083045973594572,18.681541692269406,15.620499351813308,16.492422502470642,22.0,16.1245154965971,19.235384061671343,19.026297590440446,25.495097567963924,22.02271554554524,15.231546211727817,29.154759474226502,27.892651361962706,25.238858928247925,19.1049731745428,21.02379604162864,19.4164878389476,21.587033144922902,20.09975124224178,21.0,12.083045973594572,16.76305461424021,14.866068747318506,11.661903789690601,0.0,0.0,0.0,0.0,0.0,0.0,0.0,0.0,0.0,0.0,0.0,16.64331697709324,17.4928556845359,10.0,5.385164807134504,12.041594578792296,12.649110640673518,14.422205101855956,7.0,18.439088914585774,18.601075237738275,14.317821063276353,24.413111231467404,25.45584412271571,17.0,35.4682957019364,40.24922359499622,27.313000567495326,38.118237105091836,25.317977802344327,24.596747752497688,15.132745950421556,9.219544457292887,16.0312195418814,13.341664064126334,17.46424919657298,9.486832980505138
81.74350127074322,30.0,22.090722034374522,19.026297590440446,24.351591323771842,23.08679276123039,25.709920264364882,20.0,24.73863375370596,24.596747752497688,22.090722034374522,14.035668847618199,15.652475842498529,18.867962264113206,12.529964086141668,2.0,17.69180601295413,17.08800749063506,15.524174696260024,17.204650534085253,10.0,21.095023109728988,22.090722034374522,23.430749027719962,22.67156809750927,18.439088914585774,32.69556544854363,0.0,0.0,0.0,0.0,0.0,0.0,0.0,0.0,0.0,0.0,0.0,27.892651361962706,34.0147027033899,23.853720883753127,28.284271247461902,21.540659228538015,33.015148038438355,20.0,36.61966684720111,23.853720883753127,23.021728866442675,24.596747752497688,32.64965543462902,22.20360331117452,22.847319317591726,17.08800749063506,25.80697580112788,20.615528128088304,14.142135623730951,13.038404810405298,10.198039027185569,20.12461179749811,2.23606797749979,5.0,11.661903789690601,8.06225774829855,20.8806130178211
103.09219175087898,9.0,42.7551166528639,51.10772935672255,52.46903848937962,52.46903848937962,28.178005607210743,31.400636936215164,48.30113870293329,43.9089968002003,24.515301344262525,25.612496949731394,29.410882339705484,22.02271554554524,17.0,15.033296378372908,12.041594578792296,5.0990195135927845,10.04987562112089,19.924858845171276,22.80350850198276,37.73592452822641,30.675723300355934,37.94733192202055,40.8166632639171,39.698866482558415,44.41846462902562,0.0,0.0,0.0,0.0,0.0,0.0,0.0,0.0,0.0,0.0,0.0,52.88667128870941,53.14132102234569,58.872744118140105,52.0,50.11985634456667,50.47771785649585,51.86520991955976,50.0,46.75467891024384,53.075418038862395,58.05170109479997,51.22499389946279,45.27692569068709,36.069377593742864,27.459060435491963,27.202941017470888,14.035668847618199,24.331050121192877,15.652475842498529,16.492422502470642,4.123105625617661,24.08318915758459,6.082762530298219,41.677331968349414,32.55764119219941,32.14031735997639
70.03570517957252,12.0,32.64965543462902,38.91015291668744,57.697486947006624,53.31041174104736,26.90724809414742,45.254833995939045,44.204072210600685,41.617304093369626,41.23105625617661,28.319604517012593,33.12099032335839,18.867962264113206,15.231546211727817,11.704699910719626,15.811388300841896,8.246211251235321,17.08800749063506,15.811388300841896,28.600699292150182,35.38361202590826,26.627053911388696,32.202484376209235,45.617978911828175,44.553338819890925,44.64302857109943,0.0,0.0,0.0,0.0,0.0,0.0,0.0,0.0,0.0,0.0,0.0,48.79549159502341,54.644304369257,55.17245689653489,58.25804665451803,58.137767414994535,54.45181356024793,63.41135544995076,55.17245689653489,48.27007354458868,47.01063709417264,43.278170016764804,53.75872022286245,45.0,31.064449134018133,44.721359549995796,31.064449134018133,26.019223662515376,18.24828759089466,21.095023109728988,27.018512172212592,23.769728648009426,13.152946437965905,29.154759474226502,35.17101079013795,43.56604182158393,37.94733192202055
103.09219175087898,9.0,42.0,57.723478758647246,51.03920062069938,35.4682957019364,51.03920062069938,43.278170016764804,34.17601498127012,38.01315561749642,40.311288741492746,35.0,34.713109915419565,27.784887978899608,18.24828759089466,15.652475842498529,10.770329614269007,10.770329614269007,17.26267650163207,22.360679774997898,29.732137494637012,36.235341863986875,36.40054944640259,40.0,46.04345773288535,46.95742752749558,44.77722635447622,0.0,0.0,0.0,0.0,0.0,0.0,0.0,0.0,0.0,0.0,0.0,48.16637831516918,41.43669871020132,59.135437767890075,49.16299421312742,61.204574992397426,46.09772228646444,50.96076922496363,61.465437442517235,57.56735185849702,58.18934610390462,50.11985634456667,42.5440947723653,50.60632371551998,46.61544808322666,31.78049716414141,30.479501308256342,30.083217912982647,18.027756377319946,21.02379604162864,19.313207915827967,11.180339887498949,25.709920264364882,26.832815729997478,31.064449134018133,43.41658669218482,24.186773244895647
103.09219175087898,9.0,52.61178575186362,44.94441010848846,51.07837115648854,58.54912467321779,47.12748667179272,37.8549864614954,46.32493928760188,51.92301994298868,35.805027579936315,35.4682957019364,27.018512172212592,16.401219466856727,29.120439557122072,4.242640687119285,17.0,8.246211251235321,2.0,15.652475842498529,17.4928556845359,31.906112267087632,46.14108798023731,41.86884283091664,45.221676218380054,37.64306044943742,45.221676218380054,0.0,0.0,0.0,0.0,0.0,0.0,0.0,0.0,0.0,0.0,0.0,54.67174773134658,50.60632371551998,64.66065264130884,53.41348144429457,51.03920062069938,54.817880294662984,64.66065264130884,53.23532661682466,56.859475903318,52.009614495783374,52.49761899362675,50.00999900019995,39.81205847478876,52.46903848937962,39.81205847478876,36.22154055254967,29.068883707497267,18.973665961010276,13.038404810405298,4.47213595499958,18.110770276274835,21.095023109728988,17.4928556845359,29.832867780352597,31.78049716414141,36.49657518178932
123.8789731956154,28.0,43.86342439892262,28.160255680657446,48.30113870293329,44.14748010928823,39.11521443121589,40.19950248448356,42.01190307520001,53.009433122794285,45.0,50.08991914547278,35.90264614203248,19.235384061671343,0.0,19.79898987322333,7.0710678118654755,2.8284271247461903,17.029386365926403,9.219544457292887,29.120439557122072,32.01562118716424,42.37924020083418,36.05551275463989,48.75448697299562,47.80167361086848,49.64876634922564,0.0,0.0,0.0,0.0,0.0,0.0,0.0,0.0,0.0,0.0,0.0,54.230987451824994,53.23532661682466,51.088159097779204,55.44366510251645,58.077534382926416,56.293871780150276,54.74486277268398,52.392747589718944,49.040799340956916,51.92301994298868,47.75981574503821,48.46648326421054,46.04345773288535,43.01162633521314,22.47220505424423,34.40930106817051,14.212670403551895,20.024984394500787,18.867962264113206,27.294688127912362,15.033296378372908,19.1049731745428,17.46424919657298,38.600518131237564,42.638011210655684,32.526911934581186
58.60034129593445,29.0,52.80151512977634,42.43819034784589,50.44799302251776,48.877397639399746,57.48912940721924,51.62363799656123,52.630789467763066,50.11985634456667,39.05124837953327,38.3275357934736,33.83784863137726,24.041630560342615,19.72308292331602,16.492422502470642,2.0,11.045361017187261,9.433981132056603,18.439088914585774,29.966648127543394,24.839484696748443,30.4138126514911,39.824615503479755,45.69463863518345,47.16990566028302,47.41307836451879,0.0,0.0,0.0,0.0,0.0,0.0,0.0,0.0,0.0,0.0,0.0,52.08646657242167,49.040799340956916,55.226805085936306,48.507731342539614,56.142675390472796,59.413803110051795,59.43904440685432,51.92301994298868,50.24937810560445,57.706152185014034,55.072679252057455,43.965895873961216,45.27692569068709,44.553338819890925,35.77708763999664,30.0,21.2602916254693,26.419689627245813,9.433981132056603,14.866068747318506,11.180339887498949,22.360679774997898,31.78049716414141,14.7648230602334,20.615528128088304,43.41658669218482
49.9799959983992,29.0,20.0,25.079872407968907,25.632011235952593,27.202941017470888,27.459060435491963,20.396078054371138,29.832867780352597,23.53720459187964,24.186773244895647,18.681541692269406,17.46424919657298,7.615773105863909,9.219544457292887,7.0,4.47213595499958,4.47213595499958,5.385164807134504,13.152946437965905,14.035668847618199,20.024984394500787,16.76305461424021,22.360679774997898,24.73863375370596,23.769728648009426,26.68332812825267,0.0,0.0,0.0,0.0,0.0,0.0,0.0,0.0,0.0,0.0,0.0,26.92582403567252,24.351591323771842,26.92582403567252,30.083217912982647,30.083217912982647,30.463092423455635,25.632011235952593,27.0,28.0178514522438,22.20360331117452,24.186773244895647,21.0,19.1049731745428,19.235384061671343,16.76305461424021,15.132745950421556,15.811388300841896,12.206555615733702,11.180339887498949,10.770329614269007,7.0710678118654755,7.0710678118654755,9.219544457292887,9.219544457292887,20.0,18.384776310850235
85.38149682454625,30.0,24.351591323771842,24.698178070456937,22.47220505424423,28.653097563788805,30.01666203960727,35.608987629529715,36.40054944640259,23.853720883753127,24.839484696748443,18.027756377319946,15.132745950421556,15.0,10.816653826391969,4.0,12.041594578792296,15.811388300841896,21.095023109728988,11.40175425099138,15.264337522473747,24.351591323771842,17.08800749063506,14.212670403551895,20.615528128088304,26.419689627245813,28.42534080710379,0.0,0.0,0.0,0.0,0.0,0.0,0.0,0.0,0.0,0.0,0.0,25.632011235952593,27.80287754891569,31.064449134018133,29.5296461204668,30.0,32.64965543462902,22.825424421026653,22.360679774997898,34.058772731852805,25.709920264364882,36.124783736376884,31.016124838541646,18.681541692269406,21.37755832643195,25.079872407968907,14.142135623730951,7.810249675906654,12.041594578792296,12.529964086141668,12.165525060596439,1.0,6.082762530298219,5.385164807134504,17.46424919657298,16.64331697709324,11.40175425099138
128.0,8.0,18.384776310850235,21.540659228538015,18.027756377319946,20.615528128088304,26.0,15.033296378372908,24.698178070456937,23.345235059857504,21.095023109728988,26.248809496813376,18.788294228055936,18.027756377319946,28.284271247461902,20.248456731316587,22.090722034374522,28.635642126552707,26.40075756488817,21.02379604162864,15.033296378372908,21.470910553583888,22.825424421026653,13.601470508735444,12.727922061357855,10.63014581273465,9.055385138137417,0.0,0.0,0.0,0.0,0.0,0.0,0.0,0.0,0.0,0.0,0.0,11.045361017187261,12.165525060596439,7.810249675906654,16.401219466856727,11.313708498984761,15.620499351813308,17.72004514666935,8.0,16.1245154965971,19.235384061671343,20.024984394500787,30.066592756745816,18.681541692269406,10.295630140987,22.360679774997898,21.095023109728988,34.92849839314596,24.413111231467404,12.727922061357855,14.866068747318506,19.1049731745428,21.93171219946131,28.319604517012593,14.866068747318506,21.470910553583888,9.486832980505138
73.348483283569,11.0,4.47213595499958,11.180339887498949,9.899494936611665,14.212670403551895,16.64331697709324,7.615773105863909,12.0,19.209372712298546,15.620499351813308,19.72308292331602,31.064449134018133,19.1049731745428,17.029386365926403,23.53720459187964,27.85677655436824,25.709920264364882,20.248456731316587,32.38826948140329,14.866068747318506,15.231546211727817,11.40175425099138,19.849433241279208,7.615773105863909,14.866068747318506,14.035668847618199,0.0,0.0,0.0,0.0,0.0,0.0,0.0,0.0,0.0,0.0,0.0,19.4164878389476,8.246211251235321,9.486832980505138,13.0,6.4031242374328485,20.615528128088304,7.0,17.0,29.068883707497267,13.038404810405298,19.924858845171276,28.442925306655784,25.495097567963924,31.04834939252005,29.068883707497267,16.55294535724685,21.93171219946131,19.4164878389476,21.02379604162864,20.615528128088304,4.123105625617661,25.495097567963924,26.92582403567252,10.816653826391969,10.04987562112089,19.1049731745428
43.86342439892262,14.0,8.246211251235321,15.652475842498529,14.7648230602334,16.64331697709324,14.035668847618199,21.095023109728988,10.770329614269007,23.194827009486403,20.248456731316587,30.14962686336267,26.68332812825267,19.0,25.632011235952593,26.40075756488817,28.231188426986208,27.730849247724095,18.110770276274835,20.248456731316587,19.4164878389476,21.587033144922902,16.278820596099706,13.892443989449804,17.46424919657298,19.697715603592208,14.866068747318506,0.0,0.0,0.0,0.0,0.0,0.0,0.0,0.0,0.0,0.0,0.0,12.041594578792296,14.142135623730951,6.082762530298219,9.848857801796104,18.867962264113206,9.899494936611665,11.180339887498949,17.26267650163207,14.422205101855956,16.1245154965971,23.021728866442675,25.495097567963924,22.090722034374522,24.351591323771842,25.079872407968907,37.44329045369811,24.73863375370596,34.17601498127012,23.769728648009426,19.6468827043885,19.849433241279208,22.0,16.55294535724685,19.209372712298546,23.021728866442675,15.811388300841896
103.09219175087898,9.0,13.038404810405298,10.816653826391969,21.2602916254693,20.223748416156685,16.0,8.54400374531753,10.295630140987,21.587033144922902,28.792360097775937,21.633307652783937,27.586228448267445,27.018512172212592,23.600847442411894,23.323807579381203,18.788294228055936,30.463092423455635,15.524174696260024,22.80350850198276,23.40939982143925,18.027756377319946,15.132745950421556,23.194827009486403,3.1622776601683795,16.15549442140351,12.041594578792296,0.0,0.0,0.0,0.0,0.0,0.0,0.0,0.0,0.0,0.0,0.0,8.06225774829855,14.317821063276353,8.602325267042627,20.248456731316587,17.0,15.0,14.317821063276353,15.033296378372908,13.038404810405298,22.090722034374522,22.0,15.652475842498529,32.2490309931942,19.4164878389476,29.832867780352597,24.020824298928627,26.92582403567252,33.52610922848042,29.154759474226502,23.021728866442675,25.495097567963924,14.142135623730951,16.76305461424021,15.0,15.132745950421556,9.848857801796104
103.09219175087898,6.0,10.44030650891055,13.601470508735444,11.180339887498949,13.416407864998739,19.72308292331602,14.7648230602334,15.0,20.808652046684813,18.601075237738275,22.80350850198276,31.953090617340916,22.847319317591726,28.460498941515414,23.08679276123039,22.80350850198276,22.847319317591726,23.021728866442675,20.0,21.95449840010015,19.4164878389476,11.704699910719626,17.88854381999832,13.152946437965905,13.038404810405298,15.0,0.0,0.0,0.0,0.0,0.0,0.0,0.0,0.0,0.0,0.0,0.0,12.36931687685298,11.0,8.54400374531753,12.36931687685298,15.524174696260024,12.083045973594572,21.93171219946131,15.264337522473747,18.439088914585774,20.808652046684813,18.35755975068582,26.627053911388696,27.018512172212592,33.83784863137726,27.51363298439521,22.135943621178654,25.0,19.6468827043885,24.0,31.78049716414141,30.805843601498726,20.09975124224178,25.553864678361276,17.08800749063506,18.601075237738275,10.770329614269007
73.348483283569,11.0,17.08800749063506,5.0990195135927845,9.848857801796104,12.083045973594572,23.706539182259394,25.495097567963924,8.0,26.92582403567252,20.248456731316587,24.041630560342615,23.194827009486403,36.235341863986875,22.02271554554524,24.08318915758459,24.698178070456937,26.019223662515376,25.079872407968907,27.202941017470888,23.0,21.095023109728988,11.045361017187261,16.1245154965971,11.40175425099138,13.45362404707371,7.211102550927978,0.0,0.0,0.0,0.0,0.0,0.0,0.0,0.0,0.0,0.0,0.0,16.55294535724685,15.811388300841896,4.0,10.63014581273465,22.02271554554524,10.816653826391969,18.439088914585774,13.038404810405298,29.120439557122072,26.476404589747453,21.095023109728988,19.849433241279208,17.26267650163207,22.20360331117452,31.016124838541646,29.546573405388315,19.209372712298546,23.345235059857504,20.591260281974,29.614185789921695,3.605551275463989,5.0,22.80350850198276,18.027756377319946,9.486832980505138,22.02271554554524
56.0357029044876,13.0,9.433981132056603,6.324555320336759,15.620499351813308,10.0,15.811388300841896,23.345235059857504,24.413111231467404,12.165525060596439,33.83784863137726,25.942243542145693,24.08318915758459,22.67156809750927,23.769728648009426,20.591260281974,21.840329667841555,23.853720883753127,26.0,26.0,28.0178514522438,22.360679774997898,17.11724276862369,21.633307652783937,18.384776310850235,6.708203932499369,13.601470508735444,0.0,0.0,0.0,0.0,0.0,0.0,0.0,0.0,0.0,0.0,0.0,8.48528137423857,10.770329614269007,11.180339887498949,21.93171219946131,11.045361017187261,12.041594578792296,7.0710678118654755,17.0,18.110770276274835,21.95449840010015,12.206555615733702,13.601470508735444,17.08800749063506,24.186773244895647,20.248456731316587,26.248809496813376,26.076809620810597,26.40075756488817,27.313000567495326,27.459060435491963,21.633307652783937,20.0,24.73863375370596,21.95449840010015,16.76305461424021,14.317821063276353
79.76214641043707,16.0,16.278820596099706,11.180339887498949,13.038404810405298,17.26267650163207,18.601075237738275,17.72004514666935,16.1245154965971,23.706539182259394,27.294688127912362,26.570660511172846,22.135943621178654,22.02271554554524,26.92582403567252,29.017236257093817,19.026297590440446,22.561028345356956,20.591260281974,28.071337695236398,20.8806130178211,26.870057685088806,24.839484696748443,19.849433241279208,12.806248474865697,15.0,14.317821063276353,0.0,0.0,0.0,0.0,0.0,0.0,0.0,0.0,0.0,0.0,0.0,14.422205101855956,9.899494936611665,12.649110640673518,10.44030650891055,10.816653826391969,19.235384061671343,15.652475842498529,18.439088914585774,25.079872407968907,24.839484696748443,18.867962264113206,12.083045973594572,20.248456731316587,33.24154027718932,25.079872407968907,26.40075756488817,23.853720883753127,25.495097567963924,18.027756377319946,23.706539182259394,30.083217912982647,26.627053911388696,26.570660511172846,20.09975124224178,12.083045973594572,9.0
45.34313619501854,45.0,3.605551275463989,10.295630140987,10.816653826391969,12.529964086141668,19.1049731745428,16.1245154965971,21.93171219946131,23.259406699226016,21.93171219946131,21.470910553583888,26.019223662515376,21.2602916254693,20.396078054371138,28.178005607210743,27.202941017470888,25.0,17.11724276862369,21.37755832643195,13.416407864998739,17.26267650163207,19.026297590440446,18.681541692269406,15.620499351813308,13.45362404707371,13.416407864998739,0.0,0.0,0.0,0.0,0.0,0.0,0.0,0.0,0.0,0.0,0.0,8.06225774829855,2.8284271247461903,6.708203932499369,10.44030650891055,16.0312195418814,16.0,17.26267650163207,15.132745950421556,18.24828759089466,12.165525060596439,19.235384061671343,20.8806130178211,23.08679276123039,29.068883707497267,26.92582403567252,26.90724809414742,24.166091947189145,31.304951684997057,31.064449134018133,27.459060435491963,26.40075756488817,22.80350850198276,16.97056274847714,17.204650534085253,15.264337522473747,19.6468827043885
34.438350715445125,17.0,2.23606797749979,15.231546211727817,10.770329614269007,13.038404810405298,13.152946437965905,22.360679774997898,12.649110640673518,24.186773244895647,18.601075237738275,9.486832980505138,16.76305461424021,13.416407864998739,25.317977802344327,23.345235059857504,22.20360331117452,20.615528128088304,19.235384061671343,28.600699292150182,21.93171219946131,21.18962010041709,14.212670403551895,13.601470508735444,20.12461179749811,9.486832980505138,14.317821063276353,0.0,0.0,0.0,0.0,0.0,0.0,0.0,0.0,0.0,0.0,0.0,9.219544457292887,4.47213595499958,5.0990195135927845,14.866068747318506,12.041594578792296,17.26267650163207,16.401219466856727,19.79898987322333,13.892443989449804,15.264337522473747,26.248809496813376,11.661903789690601,22.02271554554524,28.42534080710379,31.064449134018133,31.906112267087632,29.732137494637012,24.351591323771842,27.294688127912362,23.194827009486403,19.0,19.4164878389476,23.021728866442675,19.1049731745428,15.811388300841896,14.560219778561036
103.09219175087898,9.0,10.295630140987,14.212670403551895,10.44030650891055,9.055385138137417,13.601470508735444,9.848857801796104,24.758836806279895,26.476404589747453,18.681541692269406,19.1049731745428,20.0,24.73863375370596,23.706539182259394,26.1725046566048,19.72308292331602,22.360679774997898,23.769728648009426,21.470910553583888,23.323807579381203,18.439088914585774,8.94427190999916,16.1245154965971,17.72004514666935,8.06225774829855,5.656854249492381,0.0,0.0,0.0,0.0,0.0,0.0,0.0,0.0,0.0,0.0,0.0,12.727922061357855,11.661903789690601,13.601470508735444,5.830951894845301,15.524174696260024,15.033296378372908,18.681541692269406,13.152946437965905,17.26267650163207,15.811388300841896,19.1049731745428,21.02379604162864,31.240998703626616,24.186773244895647,24.839484696748443,21.400934559032695,29.5296461204668,35.22782990761707,16.97056274847714,32.202484376209235,20.518284528683193,11.704699910719626,15.524174696260024,22.47220505424423,7.0710678118654755,14.317821063276353
103.09219175087898,9.0,9.486832980505138,4.47213595499958,10.295630140987,14.560219778561036,20.09975124224178,13.0,11.180339887498949,21.18962010041709,22.561028345356956,22.0,18.439088914585774,32.55764119219941,23.345235059857504,15.033296378372908,32.38826948140329,25.495097567963924,20.248456731316587,17.72004514666935,22.80350850198276,22.67156809750927,27.65863337187866,16.1245154965971,15.0,12.0,11.40175425099138,0.0,0.0,0.0,0.0,0.0,0.0,0.0,0.0,0.0,0.0,0.0,14.142135623730951,8.54400374531753,7.615773105863909,9.219544457292887,14.7648230602334,9.848857801796104,15.0,7.0710678118654755,15.132745950421556,17.88854381999832,28.0178514522438,13.152946437965905,24.186773244895647,27.294688127912362,20.09975124224178,34.0147027033899,27.294688127912362,28.071337695236398,30.4138126514911,19.697715603592208,23.194827009486403,18.35755975068582,14.7648230602334,9.055385138137417,13.0,1.4142135623730951
114.84337159801605,25.0,10.63014581273465,16.492422502470642,23.345235059857504,27.586228448267445,11.40175425099138,18.973665961010276,16.278820596099706,13.341664064126334,19.235384061671343,21.02379604162864,24.331050121192877,18.027756377319946,24.698178070456937,19.1049731745428,27.018512172212592,20.615528128088304,21.02379604162864,19.209372712298546,17.46424919657298,22.847319317591726,16.97056274847714,18.788294228055936,12.041594578792296,15.0,11.180339887498949,0.0,0.0,0.0,0.0,0.0,0.0,0.0,0.0,0.0,0.0,0.0,11.40175425099138,5.830951894845301,11.704699910719626,12.083045973594572,6.082762530298219,12.206555615733702,16.76305461424021,25.0,20.8806130178211,26.1725046566048,17.46424919657298,22.090722034374522,30.066592756745816,14.866068747318506,24.698178070456937,18.35755975068582,28.42534080710379,25.80697580112788,27.202941017470888,21.2602916254693,16.97056274847714,31.76476034853718,17.029386365926403,21.02379604162864,23.853720883753127,7.615773105863909
73.348483283569,11.0,10.816653826391969,12.041594578792296,8.48528137423857,14.142135623730951,12.041594578792296,11.0,13.038404810405298,15.0,20.615528128088304,18.384776310850235,19.4164878389476,14.317821063276353,23.853720883753127,23.853720883753127,26.40075756488817,22.847319317591726,20.396078054371138,23.194827009486403,12.0,21.840329667841555,18.35755975068582,13.92838827718412,17.029386365926403,11.40175425099138,16.492422502470642,0.0,0.0,0.0,0.0,0.0,0.0,0.0,0.0,0.0,0.0,0.0,6.4031242374328485,3.605551275463989,5.830951894845301,4.47213595499958,14.422205101855956,10.63014581273465,21.095023109728988,21.02379604162864,17.4928556845359,10.63014581273465,22.360679774997898,20.615528128088304,15.264337522473747,23.345235059857504,12.806248474865697,28.071337695236398,24.331050121192877,28.284271247461902,21.095023109728988,15.0,22.47220505424423,14.035668847618199,20.024984394500787,8.06225774829855,13.152946437965905,13.038404810405298
56.0357029044876,13.0,9.055385138137417,8.246211251235321,15.620499351813308,25.238858928247925,6.708203932499369,17.4928556845359,27.65863337187866,18.384776310850235,24.596747752497688,23.430749027719962,25.495097567963924,17.029386365926403,20.518284528683193,31.11269837220809,31.304951684997057,27.294688127912362,28.442925306655784,21.400934559032695,23.53720459187964,20.12461179749811,19.026297590440446,10.0,16.1245154965971,17.26267650163207,10.63014581273465,0.0,0.0,0.0,0.0,0.0,0.0,0.0,0.0,0.0,0.0,0.0,10.295630140987,9.899494936611665,11.661903789690601,9.055385138137417,6.0,15.524174696260024,12.649110640673518,14.142135623730951,15.652475842498529,21.470910553583888,22.47220505424423,22.02271554554524,25.45584412271571,27.459060435491963,19.1049731745428,21.633307652783937,23.345235059857504,24.351591323771842,28.178005607210743,16.64331697709324,20.12461179749811,20.518284528683193,17.804493814764857,7.211102550927978,14.866068747318506,24.413111231467404
128.0,8.0,34.438350715445125,28.160255680657446,25.317977802344327,24.73863375370596,34.0147027033899,23.53720459187964,26.68332812825267,25.632011235952593,23.259406699226016,20.024984394500787,22.360679774997898,18.601075237738275,21.95449840010015,8.48528137423857,10.63014581273465,5.656854249492381,2.23606797749979,8.54400374531753,11.40175425099138,8.06225774829855,14.560219778561036,15.132745950421556,23.345235059857504,26.019223662515376,28.442925306655784,0.0,0.0,0.0,0.0,0.0,0.0,0.0,0.0,0.0,0.0,0.0,20.808652046684813,25.238858928247925,24.08318915758459,22.02271554554524,23.853720883753127,31.04834939252005,27.51363298439521,23.08679276123039,27.65863337187866,23.345235059857504,32.0624390837628,33.13608305156178,30.01666203960727,26.476404589747453,20.223748416156685,14.317821063276353,22.02271554554524,13.341664064126334,4.0,6.0,7.615773105863909,5.0,6.082762530298219,6.708203932499369,20.8806130178211,23.021728866442675
45.34313619501854,45.0,22.02271554554524,24.08318915758459,28.844410203711913,29.410882339705484,31.622776601683793,30.886890422961002,26.076809620810597,27.459060435491963,29.068883707497267,26.570660511172846,19.235384061671343,20.223748416156685,14.035668847618199,16.76305461424021,13.601470508735444,5.0,7.280109889280518,11.0,10.816653826391969,14.866068747318506,18.439088914585774,19.209372712298546,26.90724809414742,24.08318915758459,29.206163733020468,0.0,0.0,0.0,0.0,0.0,0.0,0.0,0.0,0.0,0.0,0.0,22.847319317591726,19.4164878389476,25.553864678361276,27.018512172212592,24.20743687382041,29.410882339705484,30.23243291566195,25.942243542145693,31.78049716414141,28.653097563788805,27.85677655436824,24.186773244895647,28.460498941515414,20.223748416156685,20.024984394500787,21.02379604162864,21.213203435596427,16.0,11.0,9.055385138137417,3.0,6.708203932499369,11.313708498984761,9.219544457292887,14.866068747318506,13.601470508735444
155.24174696260025,7.0,15.652475842498529,21.095023109728988,25.317977802344327,26.832815729997478,15.811388300841896,22.825424421026653,25.45584412271571,24.698178070456937,26.92582403567252,21.93171219946131,17.029386365926403,15.0,17.4928556845359,14.142135623730951,8.246211251235321,8.06225774829855,10.770329614269007,9.433981132056603,14.317821063276353,14.035668847618199,13.0,20.09975124224178,24.020824298928627,26.1725046566048,33.734255586866,0.0,0.0,0.0,0.0,0.0,0.0,0.0,0.0,0.0,0.0,0.0,19.1049731745428,22.47220505424423,20.615528128088304,24.166091947189145,24.351591323771842,23.53720459187964,25.0,27.018512172212592,29.274562336608895,32.14031735997639,27.202941017470888,29.154759474226502,28.861739379323623,31.04834939252005,23.769728648009426,18.110770276274835,13.0,13.601470508735444,7.211102550927978,5.830951894845301,9.219544457292887,3.1622776601683795,10.0,8.94427190999916,5.830951894845301,7.0710678118654755
146.72763884149435,8.0,14.317821063276353,12.206555615733702,14.212670403551895,19.026297590440446,24.08318915758459,14.866068747318506,29.732137494637012,27.202941017470888,27.892651361962706,30.805843601498726,21.840329667841555,26.570660511172846,20.615528128088304,18.439088914585774,22.47220505424423,27.313000567495326,23.323807579381203,21.633307652783937,20.223748416156685,19.026297590440446,26.019223662515376,17.11724276862369,19.1049731745428,16.278820596099706,12.806248474865697,0.0,0.0,0.0,0.0,0.0,0.0,0.0,0.0,0.0,0.0,0.0,13.038404810405298,14.035668847618199,13.152946437965905,11.045361017187261,15.033296378372908,10.63014581273465,11.180339887498949,19.79898987322333,16.64331697709324,18.973665961010276,29.0,22.67156809750927,22.02271554554524,18.24828759089466,14.035668847618199,25.495097567963924,25.632011235952593,27.16615541441225,22.02271554554524,18.027756377319946,21.02379604162864,18.439088914585774,24.73863375370596,17.029386365926403,10.770329614269007,13.0
80.60397012554654,11.0,9.486832980505138,13.892443989449804,18.384776310850235,10.63014581273465,18.027756377319946,12.083045973594572,11.180339887498949,19.1049731745428,24.20743687382041,28.0178514522438,22.20360331117452,27.65863337187866,22.67156809750927,23.430749027719962,25.80697580112788,32.55764119219941,19.697715603592208,20.615528128088304,21.95449840010015,18.973665961010276,17.72004514666935,13.341664064126334,17.029386365926403,14.0,13.038404810405298,0.0,0.0,0.0,0.0,0.0,0.0,0.0,0.0,0.0,0.0,0.0,13.601470508735444,12.806248474865697,13.601470508735444,15.033296378372908,11.0,17.46424919657298,16.0312195418814,14.422205101855956,18.439088914585774,24.596747752497688,17.72004514666935,21.470910553583888,23.430749027719962,26.248809496813376,27.202941017470888,28.42534080710379,17.08800749063506,21.633307652783937,26.076809620810597,31.064449134018133,21.633307652783937,19.4164878389476,24.698178070456937,18.788294228055936,11.40175425099138,26.248809496813376
128.0,8.0,18.973665961010276,27.65863337187866,27.65863337187866,25.553864678361276,28.844410203711913,30.870698080866262,29.966648127543394,31.304951684997057,12.0,24.515301344262525,20.09975124224178,18.681541692269406,13.341664064126334,10.295630140987,7.615773105863909,4.123105625617661,3.605551275463989,9.219544457292887,10.0,13.152946437965905,22.135943621178654,18.681541692269406,21.587033144922902,21.02379604162864,22.02271554554524,0.0,0.0,0.0,0.0,0.0,0.0,0.0,0.0,0.0,0.0,0.0,19.1049731745428,18.110770276274835,22.847319317591726,22.825424421026653,24.041630560342615,29.966648127543394,26.92582403567252,33.28663395418648,20.591260281974,19.4164878389476,25.80697580112788,24.20743687382041,25.317977802344327,28.160255680657446,26.570660511172846,23.430749027719962,15.264337522473747,4.242640687119285,22.80350850198276,13.038404810405298,13.0,6.082762530298219,5.0990195135927845,10.0,11.40175425099138,12.529964086141668
77.62087348130012,12.0,28.178005607210743,28.844410203711913,30.4138126514911,29.5296461204668,27.85677655436824,23.430749027719962,23.430749027719962,24.758836806279895,21.633307652783937,34.655446902326915,20.248456731316587,23.021728866442675,33.12099032335839,18.24828759089466,11.40175425099138,4.123105625617661,8.602325267042627,13.601470508735444,8.06225774829855,8.94427190999916,16.492422502470642,22.47220505424423,25.612496949731394,29.120439557122072,22.47220505424423,0.0,0.0,0.0,0.0,0.0,0.0,0.0,0.0,0.0,0.0,0.0,28.442925306655784,25.179356624028344,25.495097567963924,26.30589287593181,27.294688127912362,30.870698080866262,26.832815729997478,35.0,29.68164415931166,34.48187929913333,36.40054944640259,33.83784863137726,28.844410203711913,21.37755832643195,27.80287754891569,12.727922061357855,25.553864678361276,9.219544457292887,22.80350850198276,14.317821063276353,12.041594578792296,15.620499351813308,8.06225774829855,6.082762530298219,11.180339887498949,26.476404589747453
163.41664541900252,7.0,29.410882339705484,46.61544808322666,58.137767414994535,39.01281840626232,61.1310068623117,50.635955604688654,58.137767414994535,51.15662224971465,52.009614495783374,50.00999900019995,43.18564576337837,37.94733192202055,29.68164415931166,28.30194339616981,21.400934559032695,10.44030650891055,9.899494936611665,17.0,23.600847442411894,19.209372712298546,28.160255680657446,35.05709628591621,37.656340767525464,38.63935817272331,32.14031735997639,0.0,0.0,0.0,0.0,0.0,0.0,0.0,0.0,0.0,0.0,0.0,44.14748010928823,37.33630940518894,54.147945482723536,51.0098029794274,47.095647357266465,39.05124837953327,55.08175741568164,60.08327554319921,55.65968020030299,57.9396237474839,54.56189146281496,55.46169849544819,44.94441010848846,67.23094525588644,48.05205510693585,38.07886552931954,26.90724809414742,34.132096331752024,17.804493814764857,13.92838827718412,17.88854381999832,20.808652046684813,18.973665961010276,26.40075756488817,53.74011537017761,21.18962010041709
141.73566946961517,8.0,52.392747589718944,25.96150997149434,58.463663928973865,62.297672508690084,64.62197768561404,56.08029957123981,46.32493928760188,60.14149981501958,55.758407437802596,42.44997055358225,40.24922359499622,48.91829923454004,28.42534080710379,32.01562118716424,21.470910553583888,11.0,8.54400374531753,19.235384061671343,20.615528128088304,30.364452901377952,24.186773244895647,39.56008088970496,44.28317965096906,43.93176527297759,41.14608122288197,0.0,0.0,0.0,0.0,0.0,0.0,0.0,0.0,0.0,0.0,0.0,41.048751503547585,39.6232255123179,47.042533945356304,38.8329756778952,51.66236541235796,49.193495504995376,57.723478758647246,50.24937810560445,51.97114584074513,59.481089431852205,56.356011214421486,55.17245689653489,46.61544808322666,52.3450093132096,48.877397639399746,29.068883707497267,32.7566787083184,22.360679774997898,27.16615541441225,15.0,15.033296378372908,9.219544457292887,11.0,22.67156809750927,33.95585369269929,32.28002478313795
146.72763884149435,8.0,41.048751503547585,50.0,62.00806399170998,54.91812087098393,62.03224967708329,43.382023926967726,50.48762224545735,64.76109943476871,45.70557952810576,42.95346318982906,31.38470965295043,44.77722635447622,33.60059523282288,35.805027579936315,7.810249675906654,12.529964086141668,12.041594578792296,6.708203932499369,12.36931687685298,18.788294228055936,35.05709628591621,35.12833614050059,43.73785545725808,38.897300677553446,45.5411901469428,0.0,0.0,0.0,0.0,0.0,0.0,0.0,0.0,0.0,0.0,0.0,37.8549864614954,36.24913792078372,46.14108798023731,47.01063709417264,46.861498055439924,47.50789408087881,48.104053883222775,58.25804665451803,57.4543296888929,81.54140052758476,55.154328932550705,48.84669896727925,54.589376255824725,50.60632371551998,37.36308338453881,50.566787519082126,24.0,29.732137494637012,0.0,20.09975124224178,13.601470508735444,26.0,28.792360097775937,11.180339887498949,29.732137494637012,22.825424421026653
110.02272492535349,9.0,46.52956049652737,55.21775076911409,64.53681120105021,60.0,58.66856057549052,50.32891812864648,59.90826320300064,54.56189146281496,55.00909015790027,51.54609587543949,47.16990566028302,46.69047011971501,36.68787265568828,28.071337695236398,13.892443989449804,16.15549442140351,17.804493814764857,13.038404810405298,23.021728866442675,28.600699292150182,27.730849247724095,34.40930106817051,40.80441152620633,24.20743687382041,48.02082881417188,0.0,0.0,0.0,0.0,0.0,0.0,0.0,0.0,0.0,0.0,0.0,29.546573405388315,44.14748010928823,43.0,55.14526271584895,52.08646657242167,45.70557952810576,56.089214649520635,48.83646178829912,58.82176467941097,54.120236510939236,48.05205510693585,62.609903369994115,45.880278987817846,49.040799340956916,44.77722635447622,48.91829923454004,31.064449134018133,27.294688127912362,31.906112267087632,4.123105625617661,22.847319317591726,15.556349186104045,18.439088914585774,8.246211251235321,17.26267650163207,21.37755832643195
114.12712210513327,7.0,58.52349955359813,58.05170109479997,58.008620049092706,71.8679344353238,60.0,47.01063709417264,65.0,48.82622246293481,49.658836071740545,55.569775957799216,41.10960958218893,42.37924020083418,36.138621999185304,28.071337695236398,14.035668847618199,8.602325267042627,12.165525060596439,20.396078054371138,19.4164878389476,18.027756377319946,24.839484696748443,38.01315561749642,38.897300677553446,43.278170016764804,43.93176527297759,0.0,0.0,0.0,0.0,0.0,0.0,0.0,0.0,0.0,0.0,0.0,37.64306044943742,37.8021163428716,44.41846462902562,47.41307836451879,53.150729063673246,53.45091205957107,60.29925372672534,60.29925372672534,54.45181356024793,52.15361924162119,54.00925846556311,60.207972893961475,46.04345773288535,34.92849839314596,44.28317965096906,58.463663928973865,29.832867780352597,32.28002478313795,7.0710678118654755,19.697715603592208,12.529964086141668,21.18962010041709,6.708203932499369,17.4928556845359,39.81205847478876,24.758836806279895
80.60397012554654,11.0,36.05551275463989,23.08679276123039,31.575306807693888,26.019223662515376,42.04759208325728,25.019992006393608,32.28002478313795,34.132096331752024,36.138621999185304,27.51363298439521,26.627053911388696,19.235384061671343,17.029386365926403,18.027756377319946,17.4928556845359,8.06225774829855,7.0710678118654755,10.0,13.45362404707371,16.278820596099706,16.0,21.0,22.02271554554524,24.0,30.01666203960727,0.0,0.0,0.0,0.0,0.0,0.0,0.0,0.0,0.0,0.0,0.0,23.769728648009426,25.709920264364882,26.0,29.068883707497267,25.317977802344327,30.083217912982647,29.546573405388315,33.54101966249684,33.61547262794322,33.015148038438355,27.294688127912362,26.627053911388696,31.240998703626616,29.410882339705484,21.95449840010015,22.02271554554524,21.540659228538015,10.770329614269007,12.806248474865697,5.0990195135927845,11.180339887498949,5.0,9.486832980505138,16.278820596099706,4.242640687119285,9.055385138137417
128.0,8.0,32.0624390837628,49.040799340956916,51.088159097779204,39.81205847478876,67.60177512462228,61.85466837676846,60.41522986797286,51.31276644267,46.010868281309364,54.589376255824725,43.18564576337837,38.8329756778952,29.732137494637012,32.202484376209235,22.627416997969522,17.029386365926403,17.0,18.027756377319946,18.973665961010276,25.0,33.54101966249684,29.068883707497267,38.05259518088089,42.01190307520001,49.040799340956916,0.0,0.0,0.0,0.0,0.0,0.0,0.0,0.0,0.0,0.0,0.0,47.16990566028302,46.51881339845203,43.382023926967726,49.64876634922564,57.42821606144492,54.00925846556311,56.0357029044876,53.08483775994799,52.46903848937962,53.46026561849464,61.032778078668514,48.38388161361178,49.47726750741192,43.382023926967726,39.66106403010388,42.5205832509386,35.84689665786984,24.041630560342615,26.076809620810597,21.470910553583888,14.317821063276353,17.08800749063506,17.029386365926403,12.206555615733702,20.396078054371138,24.351591323771842
132.48396129343357,7.0,44.01136216933077,40.52159917870962,50.15974481593781,59.682493245507096,52.92447448959697,50.28916384272063,19.4164878389476,63.13477647065839,62.0966987850401,48.104053883222775,47.01063709417264,36.71511950137164,31.622776601683793,29.410882339705484,24.596747752497688,9.433981132056603,19.313207915827967,16.278820596099706,23.769728648009426,22.47220505424423,32.31098884280702,28.861739379323623,43.104524124504614,40.01249804748511,47.01063709417264,0.0,0.0,0.0,0.0,0.0,0.0,0.0,0.0,0.0,0.0,0.0,38.07886552931954,42.485291572496,45.89117562233506,54.57105459856901,42.2965719651132,56.32051136131489,51.15662224971465,57.3149195236284,61.09828148156051,57.245087125446844,61.35144660071187,61.40032573203501,49.24428900898052,51.42956348249516,48.30113870293329,37.107950630558946,30.23243291566195,30.805843601498726,11.0,7.615773105863909,10.295630140987,20.248456731316587,15.0,11.661903789690601,18.788294228055936,35.05709628591621
114.12712210513327,7.0,14.142135623730951,22.090722034374522,24.08318915758459,24.166091947189145,29.832867780352597,26.92582403567252,23.769728648009426,27.294688127912362,23.259406699226016,17.69180601295413,28.600699292150182,18.35755975068582,16.64331697709324,14.866068747318506,16.15549442140351,9.486832980505138,3.1622776601683795,8.602325267042627,9.848857801796104,7.0,18.681541692269406,22.360679774997898,21.095023109728988,20.248456731316587,31.78049716414141,0.0,0.0,0.0,0.0,0.0,0.0,0.0,0.0,0.0,0.0,0.0,22.80350850198276,18.35755975068582,20.591260281974,24.413111231467404,25.495097567963924,26.627053911388696,28.42534080710379,27.65863337187866,29.206163733020468,31.240998703626616,27.586228448267445,26.40075756488817,27.730849247724095,23.853720883753127,29.068883707497267,21.633307652783937,16.401219466856727,18.027756377319946,5.385164807134504,14.866068747318506,2.23606797749979,5.0,3.0,10.0,6.324555320336759,7.615773105863909
104.65658125507444,10.0,17.11724276862369,7.280109889280518,10.0,16.278820596099706,14.7648230602334,6.708203932499369,15.0,22.627416997969522,32.526911934581186,23.345235059857504,28.0178514522438,26.90724809414742,16.97056274847714,35.38361202590826,20.12461179749811,35.4682957019364,21.470910553583888,14.422205101855956,20.615528128088304,21.587033144922902,17.029386365926403,13.038404810405298,20.223748416156685,24.20743687382041,8.94427190999916,0.0,0.0,0.0,0.0,0.0,0.0,0.0,0.0,0.0,0.0,0.0,14.422205101855956,18.110770276274835,16.76305461424021,4.123105625617661,9.219544457292887,16.1245154965971,13.0,19.849433241279208,19.235384061671343,19.4164878389476,20.024984394500787,19.72308292331602,25.495097567963924,29.154759474226502,22.20360331117452,36.138621999185304,20.223748416156685,25.079872407968907,35.22782990761707,40.718546143004666,28.792360097775937,27.202941017470888,17.804493814764857,21.470910553583888,15.524174696260024,12.165525060596439
73.348483283569,11.0,16.15549442140351,19.1049731745428,14.7648230602334,15.297058540778355,18.24828759089466,18.110770276274835,20.8806130178211,21.37755832643195,25.495097567963924,24.186773244895647,24.186773244895647,17.46424919657298,27.018512172212592,25.019992006393608,18.24828759089466,26.92582403567252,27.459060435491963,21.587033144922902,20.615528128088304,21.470910553583888,20.223748416156685,15.811388300841896,13.892443989449804,15.620499351813308,15.556349186104045,0.0,0.0,0.0,0.0,0.0,0.0,0.0,0.0,0.0,0.0,0.0,12.041594578792296,13.416407864998739,13.152946437965905,19.1049731745428,17.11724276862369,16.401219466856727,11.704699910719626,15.811388300841896,17.804493814764857,21.93171219946131,22.360679774997898,19.697715603592208,21.02379604162864,25.80697580112788,21.18962010041709,25.079872407968907,22.561028345356956,26.248809496813376,18.439088914585774,26.076809620810597,32.55764119219941,22.47220505424423,21.840329667841555,9.899494936611665,8.06225774829855,10.63014581273465
56.0357029044876,13.0,10.816653826391969,19.235384061671343,14.0,17.46424919657298,12.649110640673518,18.867962264113206,25.942243542145693,18.973665961010276,19.6468827043885,30.01666203960727,24.515301344262525,29.546573405388315,26.68332812825267,21.18962010041709,20.0,26.40075756488817,24.698178070456937,26.476404589747453,15.524174696260024,17.11724276862369,18.0,16.0312195418814,14.7648230602334,9.055385138137417,12.165525060596439,0.0,0.0,0.0,0.0,0.0,0.0,0.0,0.0,0.0,0.0,0.0,12.165525060596439,12.041594578792296,14.560219778561036,16.55294535724685,13.152946437965905,3.0,24.351591323771842,17.4928556845359,14.035668847618199,22.090722034374522,20.024984394500787,22.02271554554524,22.20360331117452,24.0,26.248809496813376,22.80350850198276,23.853720883753127,30.01666203960727,28.42534080710379,33.37663853655727,24.166091947189145,21.95449840010015,23.08679276123039,14.317821063276353,16.0312195418814,17.4928556845359
125.53883861180172,6.0,16.278820596099706,14.560219778561036,12.727922061357855,17.26267650163207,6.4031242374328485,19.697715603592208,22.135943621178654,17.72004514666935,20.8806130178211,20.248456731316587,22.847319317591726,16.76305461424021,27.16615541441225,25.059928172283335,18.973665961010276,23.259406699226016,31.064449134018133,26.019223662515376,29.154759474226502,11.045361017187261,13.038404810405298,13.416407864998739,24.351591323771842,14.422205101855956,9.486832980505138,0.0,0.0,0.0,0.0,0.0,0.0,0.0,0.0,0.0,0.0,0.0,11.661903789690601,10.0,13.45362404707371,15.524174696260024,10.770329614269007,10.770329614269007,19.313207915827967,21.37755832643195,22.0,14.035668847618199,29.832867780352597,23.769728648009426,27.294688127912362,32.14031735997639,30.01666203960727,28.460498941515414,29.017236257093817,25.96150997149434,24.413111231467404,28.442925306655784,27.459060435491963,31.064449134018133,26.076809620810597,21.2602916254693,14.0,10.0
125.53883861180172,6.0,10.04987562112089,11.661903789690601,7.0710678118654755,16.278820596099706,12.165525060596439,16.64331697709324,12.041594578792296,18.867962264113206,24.515301344262525,18.0,22.090722034374522,21.587033144922902,25.079872407968907,21.587033144922902,14.317821063276353,19.1049731745428,16.278820596099706,17.029386365926403,13.92838827718412,19.1049731745428,16.1245154965971,15.132745950421556,17.69180601295413,11.313708498984761,16.97056274847714,0.0,0.0,0.0,0.0,0.0,0.0,0.0,0.0,0.0,0.0,0.0,10.816653826391969,12.165525060596439,6.324555320336759,6.324555320336759,15.264337522473747,14.866068747318506,7.0710678118654755,15.0,16.55294535724685,22.47220505424423,17.0,20.396078054371138,18.681541692269406,21.540659228538015,19.4164878389476,22.80350850198276,16.0,13.0,12.165525060596439,22.02271554554524,13.341664064126334,20.09975124224178,18.24828759089466,15.033296378372908,9.055385138137417,10.44030650891055
103.09219175087898,6.0,13.45362404707371,9.486832980505138,13.038404810405298,22.02271554554524,13.601470508735444,6.082762530298219,29.154759474226502,20.09975124224178,18.110770276274835,29.0,21.37755832643195,15.297058540778355,24.08318915758459,22.47220505424423,28.071337695236398,25.079872407968907,12.165525060596439,19.79898987322333,24.20743687382041,13.601470508735444,17.69180601295413,6.324555320336759,11.661903789690601,14.035668847618199,9.0,0.0,0.0,0.0,0.0,0.0,0.0,0.0,0.0,0.0,0.0,0.0,14.035668847618199,16.278820596099706,11.661903789690601,17.46424919657298,7.211102550927978,11.661903789690601,20.09975124224178,15.297058540778355,13.341664064126334,25.96150997149434,27.0,31.25699921617557,19.6468827043885,19.0,26.92582403567252,34.713109915419565,28.792360097775937,25.238858928247925,19.313207915827967,30.265491900843113,13.341664064126334,21.37755832643195,16.278820596099706,11.40175425099138,15.231546211727817,13.038404810405298
125.53883861180172,6.0,20.12461179749811,28.178005607210743,33.421549934136806,31.240998703626616,27.459060435491963,33.421549934136806,29.732137494637012,31.400636936215164,27.80287754891569,25.059928172283335,26.92582403567252,19.697715603592208,17.0,14.0,13.152946437965905,11.313708498984761,7.615773105863909,10.198039027185569,12.649110640673518,15.811388300841896,16.64331697709324,20.248456731316587,22.20360331117452,22.80350850198276,22.02271554554524,0.0,0.0,0.0,0.0,0.0,0.0,0.0,0.0,0.0,0.0,0.0,20.615528128088304,17.46424919657298,12.206555615733702,17.4928556845359,18.35755975068582,20.591260281974,18.973665961010276,21.540659228538015,23.769728648009426,25.495097567963924,19.026297590440446,27.018512172212592,24.08318915758459,22.135943621178654,21.02379604162864,14.317821063276353,14.422205101855956,16.76305461424021,7.211102550927978,1.0,9.219544457292887,4.0,12.165525060596439,14.035668847618199,14.142135623730951,12.083045973594572
45.34313619501854,45.0,60.41522986797286,60.74537019394976,60.41522986797286,36.40054944640259,62.433965115151864,67.80117993073571,68.76772498781678,43.01162633521314,58.60034129593445,54.56189146281496,38.897300677553446,35.22782990761707,28.319604517012593,29.5296461204668,9.055385138137417,21.18962010041709,16.55294535724685,14.317821063276353,17.72004514666935,27.65863337187866,33.06055050963308,36.124783736376884,44.384682042344295,38.8329756778952,48.83646178829912,0.0,0.0,0.0,0.0,0.0,0.0,0.0,0.0,0.0,0.0,0.0,36.013886210738214,29.614185789921695,28.42534080710379,33.83784863137726,30.4138126514911,36.89173349139343,37.589892258425,39.35733730830886,48.38388161361178,43.965895873961216,47.095647357266465,47.0,54.74486277268398,38.2099463490856,42.01190307520001,25.709920264364882,32.7566787083184,26.076809620810597,4.242640687119285,13.0,2.23606797749979,8.54400374531753,22.80350850198276,33.52610922848042,28.600699292150182,35.05709628591621
103.09219175087898,9.0,47.16990566028302,46.861498055439924,85.7962703152066,65.43699259593154,57.706152185014034,66.03029607687671,47.50789408087881,43.01162633521314,59.464274989274024,46.69047011971501,49.73932046178355,41.72529209005013,29.698484809834994,36.138621999185304,20.808652046684813,11.045361017187261,12.0,17.4928556845359,16.64331697709324,26.476404589747453,33.24154027718932,36.49657518178932,37.12142238654117,42.42640687119285,51.088159097779204,0.0,0.0,0.0,0.0,0.0,0.0,0.0,0.0,0.0,0.0,0.0,23.08679276123039,19.4164878389476,30.4138126514911,24.73863375370596,42.1070065428546,32.2490309931942,33.24154027718932,44.27188724235731,43.46262762420146,39.824615503479755,43.56604182158393,43.382023926967726,47.38143096192854,33.301651610693426,32.01562118716424,38.48376280978771,19.4164878389476,44.654227123532216,9.433981132056603,16.0312195418814,5.0,11.045361017187261,32.2490309931942,21.95449840010015,33.301651610693426,22.847319317591726
80.0,5.0,53.33854141237835,42.43819034784589,40.36087214122113,49.73932046178355,47.634021455258214,54.45181356024793,43.266615305567875,58.240879114244144,55.154328932550705,56.824290580701486,35.34119409414458,42.720018726587654,26.248809496813376,26.570660511172846,18.027756377319946,15.811388300841896,16.0312195418814,22.80350850198276,20.223748416156685,31.906112267087632,28.178005607210743,38.600518131237564,42.638011210655684,45.27692569068709,42.04759208325728,0.0,0.0,0.0,0.0,0.0,0.0,0.0,0.0,0.0,0.0,0.0,28.600699292150182,35.73513677041127,31.400636936215164,35.6931365951495,30.59411708155671,38.948684188300895,41.10960958218893,37.589892258425,46.06517122512408,36.87817782917155,45.45327270945405,41.88078318274385,45.65084884205331,40.607881008493905,43.86342439892262,42.04759208325728,26.40075756488817,30.463092423455635,19.697715603592208,16.492422502470642,22.825424421026653,8.54400374531753,32.89376840679705,30.4138126514911,36.069377593742864,45.34313619501854
128.0,8.0,63.071388124885914,63.198101237299845,48.08326112068523,51.24451190127583,65.0,57.28001396647874,55.14526271584895,57.0350769263968,55.44366510251645,66.09841147864296,42.20189569201838,41.78516483155236,41.048751503547585,26.570660511172846,21.470910553583888,13.416407864998739,10.770329614269007,14.866068747318506,18.027756377319946,25.079872407968907,35.35533905932738,33.13608305156178,39.0,43.04648650006177,43.18564576337837,0.0,0.0,0.0,0.0,0.0,0.0,0.0,0.0,0.0,0.0,0.0,30.0,25.612496949731394,37.013511046643494,33.60059523282288,31.38470965295043,34.132096331752024,31.575306807693888,36.345563690772494,46.17358552246078,51.15662224971465,43.08131845707603,45.89117562233506,37.16180835212409,47.853944456021594,38.07886552931954,39.56008088970496,29.154759474226502,18.681541692269406,23.08679276123039,4.0,9.0,1.4142135623730951,6.324555320336759,23.194827009486403,21.213203435596427,27.65863337187866
131.76494222667878,27.0,9.055385138137417,8.54400374531753,17.08800749063506,5.656854249492381,18.110770276274835,15.811388300841896,14.866068747318506,20.615528128088304,17.08800749063506,14.560219778561036,24.515301344262525,18.439088914585774,16.76305461424021,25.0,17.46424919657298,20.12461179749811,18.35755975068582,16.278820596099706,25.238858928247925,18.601075237738275,17.029386365926403,17.4928556845359,11.704699910719626,10.0,12.083045973594572,0.0,0.0,0.0,0.0,0.0,0.0,0.0,0.0,0.0,0.0,0.0,7.211102550927978,13.038404810405298,7.0710678118654755,13.038404810405298,17.88854381999832,16.278820596099706,13.92838827718412,18.027756377319946,17.204650534085253,20.12461179749811,22.360679774997898,23.706539182259394,21.02379604162864,18.35755975068582,20.615528128088304,26.40075756488817,24.041630560342615,30.083217912982647,25.80697580112788,21.213203435596427,19.697715603592208,17.46424919657298,23.769728648009426,12.041594578792296,12.041594578792296,12.165525060596439
69.35416353759881,28.0,9.055385138137417,5.0,8.54400374531753,7.211102550927978,18.601075237738275,22.627416997969522,12.806248474865697,19.849433241279208,27.80287754891569,18.867962264113206,31.827660925679098,23.853720883753127,22.80350850198276,31.89043743820395,20.615528128088304,26.870057685088806,26.076809620810597,24.698178070456937,24.351591323771842,14.560219778561036,20.0,14.142135623730951,19.235384061671343,12.165525060596439,9.219544457292887,0.0,0.0,0.0,0.0,0.0,0.0,0.0,0.0,0.0,0.0,0.0,10.04987562112089,14.422205101855956,13.038404810405298,13.892443989449804,18.681541692269406,13.92838827718412,16.55294535724685,20.09975124224178,15.132745950421556,19.0,16.1245154965971,25.632011235952593,31.575306807693888,22.47220505424423,19.924858845171276,27.730849247724095,30.805843601498726,23.259406699226016,27.313000567495326,23.259406699226016,21.400934559032695,24.08318915758459,20.615528128088304,20.615528128088304,21.18962010041709,25.632011235952593
103.09219175087898,6.0,6.4031242374328485,12.083045973594572,8.602325267042627,16.401219466856727,17.88854381999832,9.848857801796104,16.76305461424021,19.209372712298546,25.059928172283335,22.825424421026653,17.0,26.419689627245813,23.853720883753127,23.259406699226016,26.419689627245813,25.632011235952593,25.553864678361276,23.853720883753127,18.439088914585774,16.0312195418814,17.46424919657298,17.0,18.35755975068582,12.041594578792296,17.69180601295413,0.0,0.0,0.0,0.0,0.0,0.0,0.0,0.0,0.0,0.0,0.0,13.152946437965905,5.0990195135927845,13.152946437965905,15.811388300841896,12.206555615733702,18.601075237738275,18.681541692269406,13.892443989449804,16.76305461424021,13.92838827718412,23.194827009486403,22.847319317591726,22.20360331117452,23.53720459187964,24.331050121192877,21.470910553583888,27.586228448267445,26.40075756488817,23.323807579381203,23.853720883753127,22.02271554554524,27.80287754891569,17.029386365926403,11.40175425099138,19.235384061671343,20.0
103.09219175087898,6.0,17.46424919657298,19.4164878389476,13.601470508735444,16.76305461424021,19.026297590440446,19.313207915827967,19.1049731745428,23.08679276123039,22.20360331117452,18.681541692269406,18.439088914585774,29.120439557122072,25.019992006393608,27.294688127912362,26.0,23.08679276123039,25.96150997149434,15.297058540778355,25.059928172283335,22.02271554554524,17.029386365926403,14.7648230602334,11.40175425099138,11.313708498984761,10.44030650891055,0.0,0.0,0.0,0.0,0.0,0.0,0.0,0.0,0.0,0.0,0.0,16.278820596099706,11.40175425099138,9.055385138137417,11.180339887498949,14.142135623730951,11.661903789690601,12.206555615733702,18.439088914585774,17.204650534085253,19.1049731745428,21.095023109728988,20.808652046684813,25.495097567963924,22.135943621178654,26.570660511172846,16.492422502470642,27.313000567495326,29.068883707497267,23.853720883753127,23.345235059857504,14.560219778561036,16.0312195418814,26.30589287593181,17.72004514666935,25.495097567963924,9.219544457292887
103.09219175087898,6.0,15.0,2.23606797749979,11.40175425099138,23.0,10.44030650891055,17.72004514666935,24.186773244895647,14.866068747318506,16.55294535724685,28.284271247461902,24.08318915758459,19.4164878389476,19.6468827043885,26.0,19.235384061671343,20.09975124224178,27.892651361962706,18.0,16.278820596099706,20.808652046684813,14.866068747318506,22.627416997969522,18.027756377319946,18.35755975068582,17.804493814764857,0.0,0.0,0.0,0.0,0.0,0.0,0.0,0.0,0.0,0.0,0.0,11.40175425099138,13.416407864998739,10.816653826391969,16.76305461424021,14.560219778561036,16.0312195418814,14.0,22.02271554554524,15.231546211727817,18.0,30.4138126514911,25.0,23.08679276123039,25.0,25.80697580112788,40.70626487409524,24.698178070456937,11.045361017187261,28.635642126552707,22.47220505424423,12.206555615733702,15.0,23.769728648009426,19.6468827043885,10.295630140987,6.708203932499369
103.09219175087898,6.0,6.0,13.416407864998739,13.038404810405298,17.72004514666935,17.0,18.027756377319946,7.211102550927978,14.422205101855956,16.1245154965971,17.26267650163207,17.029386365926403,23.021728866442675,23.345235059857504,27.0,23.021728866442675,20.396078054371138,23.08679276123039,18.24828759089466,16.1245154965971,9.848857801796104,10.816653826391969,12.727922061357855,7.211102550927978,15.652475842498529,12.529964086141668,0.0,0.0,0.0,0.0,0.0,0.0,0.0,0.0,0.0,0.0,0.0,7.615773105863909,13.038404810405298,13.601470508735444,8.06225774829855,10.0,20.0,21.400934559032695,23.323807579381203,19.4164878389476,21.93171219946131,27.073972741361768,26.92582403567252,23.769728648009426,25.079872407968907,20.615528128088304,22.20360331117452,22.360679774997898,15.297058540778355,22.0,18.027756377319946,18.027756377319946,12.206555615733702,18.439088914585774,15.033296378372908,19.1049731745428,9.433981132056603
99.29753269845128,5.0,17.804493814764857,27.294688127912362,40.80441152620633,27.65863337187866,35.84689665786984,25.45584412271571,32.89376840679705,25.019992006393608,23.345235059857504,24.0,20.09975124224178,18.24828759089466,12.165525060596439,12.806248474865697,6.708203932499369,3.1622776601683795,5.385164807134504,6.708203932499369,12.083045973594572,18.110770276274835,19.026297590440446,16.492422502470642,25.96150997149434,22.02271554554524,24.331050121192877,0.0,0.0,0.0,0.0,0.0,0.0,0.0,0.0,0.0,0.0,0.0,19.924858845171276,18.788294228055936,15.620499351813308,12.727922061357855,21.633307652783937,23.021728866442675,21.540659228538015,22.80350850198276,28.160255680657446,25.317977802344327,24.08318915758459,24.08318915758459,30.265491900843113,23.08679276123039,24.08318915758459,18.973665961010276,15.652475842498529,5.830951894845301,3.605551275463989,14.142135623730951,8.246211251235321,8.94427190999916,5.0,12.083045973594572,20.223748416156685,17.69180601295413
99.29753269845128,5.0,60.207972893961475,48.08326112068523,68.59300255857006,63.51377803280167,62.625873247404705,49.51767361255979,47.38143096192854,40.80441152620633,47.43416490252569,36.24913792078372,26.076809620810597,36.0,28.442925306655784,18.788294228055936,12.806248474865697,18.027756377319946,10.44030650891055,13.92838827718412,19.849433241279208,33.301651610693426,39.05124837953327,31.400636936215164,41.88078318274385,42.485291572496,38.01315561749642,0.0,0.0,0.0,0.0,0.0,0.0,0.0,0.0,0.0,0.0,0.0,31.906112267087632,33.94112549695428,32.2490309931942,37.0,32.01562118716424,35.35533905932738,39.11521443121589,47.042533945356304,40.11234224026316,36.124783736376884,40.80441152620633,41.0,37.64306044943742,48.104053883222775,35.805027579936315,27.730849247724095,41.400483088968905,20.615528128088304,18.788294228055936,10.0,5.0990195135927845,15.524174696260024,28.42534080710379,9.055385138137417,38.600518131237564,49.47726750741192
99.29753269845128,5.0,48.76474136094644,46.17358552246078,49.36598018878993,50.08991914547278,50.44799302251776,38.600518131237564,36.6742416417845,64.35060217278468,46.22769732530488,38.897300677553446,36.069377593742864,27.730849247724095,20.615528128088304,12.165525060596439,18.681541692269406,17.69180601295413,10.04987562112089,21.02379604162864,22.360679774997898,27.073972741361768,32.202484376209235,33.60059523282288,33.421549934136806,44.68780594300866,39.66106403010388,0.0,0.0,0.0,0.0,0.0,0.0,0.0,0.0,0.0,0.0,0.0,29.154759474226502,29.732137494637012,38.948684188300895,36.124783736376884,39.0,32.01562118716424,36.76955262170047,42.0,42.01190307520001,49.09175083453431,37.21558813185679,51.62363799656123,46.09772228646444,33.24154027718932,32.202484376209235,38.3275357934736,38.27531841800928,28.861739379323623,24.413111231467404,25.059928172283335,17.46424919657298,3.605551275463989,9.848857801796104,27.313000567495326,30.01666203960727,26.419689627245813
103.09219175087898,6.0,50.0,43.18564576337837,36.40054944640259,52.92447448959697,46.22769732530488,40.70626487409524,52.3450093132096,51.088159097779204,34.058772731852805,48.76474136094644,28.861739379323623,36.49657518178932,27.65863337187866,21.540659228538015,31.064449134018133,10.0,8.602325267042627,20.518284528683193,17.804493814764857,20.615528128088304,36.68787265568828,35.4682957019364,37.656340767525464,39.20459156782532,35.6931365951495,0.0,0.0,0.0,0.0,0.0,0.0,0.0,0.0,0.0,0.0,0.0,23.40939982143925,33.24154027718932,29.732137494637012,19.0,25.96150997149434,35.510561809129406,41.677331968349414,39.05124837953327,37.44329045369811,47.16990566028302,45.60701700396552,45.221676218380054,55.154328932550705,34.713109915419565,33.97057550292606,32.64965543462902,22.20360331117452,39.11521443121589,16.1245154965971,18.35755975068582,6.4031242374328485,10.04987562112089,6.4031242374328485,31.25699921617557,24.331050121192877,39.81205847478876
155.24174696260025,7.0,38.18376618407357,27.892651361962706,46.010868281309364,47.70744176750625,50.99019513592785,57.706152185014034,49.76946855251722,46.06517122512408,32.7566787083184,39.20459156782532,37.48332962798263,36.87817782917155,26.476404589747453,18.788294228055936,5.0990195135927845,15.0,12.529964086141668,24.758836806279895,26.40075756488817,34.9857113690718,30.59411708155671,32.57299494980466,37.12142238654117,32.01562118716424,45.60701700396552,0.0,0.0,0.0,0.0,0.0,0.0,0.0,0.0,0.0,0.0,0.0,37.73592452822641,30.610455730027933,35.608987629529715,37.73592452822641,40.162171256046406,34.0,39.56008088970496,40.792156108742276,43.18564576337837,46.09772228646444,50.80354318352215,48.05205510693585,51.24451190127583,57.14017850864661,42.15447781671598,39.84971769034255,29.966648127543394,25.059928172283335,29.546573405388315,12.041594578792296,19.6468827043885,17.029386365926403,14.560219778561036,41.10960958218893,29.5296461204668,42.05948168962618
118.40608092492548,8.0,39.395431207184416,39.0,59.09314681077663,53.225933528685054,67.67569726275453,47.53945729601885,42.20189569201838,57.07889277132134,41.0,34.0147027033899,33.734255586866,36.76955262170047,22.67156809750927,26.419689627245813,17.08800749063506,13.0,15.620499351813308,5.0990195135927845,33.734255586866,29.154759474226502,35.014282800023196,47.16990566028302,40.44749683231337,38.8329756778952,49.24428900898052,0.0,0.0,0.0,0.0,0.0,0.0,0.0,0.0,0.0,0.0,0.0,32.2490309931942,32.7566787083184,30.14962686336267,34.88552708502482,36.796738985948195,34.40930106817051,53.25410782277739,48.010415536631214,51.894122981316485,44.77722635447622,45.60701700396552,47.01063709417264,42.5440947723653,37.656340767525464,37.48332962798263,40.11234224026316,36.345563690772494,31.38470965295043,12.206555615733702,24.698178070456937,16.15549442140351,20.248456731316587,24.351591323771842,23.259406699226016,22.360679774997898,41.23105625617661
124.61540835707277,7.0,13.92838827718412,9.899494936611665,15.811388300841896,18.681541692269406,13.601470508735444,8.0,15.297058540778355,18.027756377319946,15.297058540778355,15.0,22.135943621178654,22.090722034374522,15.811388300841896,23.323807579381203,21.840329667841555,28.160255680657446,26.30589287593181,21.095023109728988,24.186773244895647,15.033296378372908,15.652475842498529,22.090722034374522,15.811388300841896,8.94427190999916,20.615528128088304,0.0,0.0,0.0,0.0,0.0,0.0,0.0,0.0,0.0,0.0,0.0,11.045361017187261,5.0990195135927845,8.0,12.529964086141668,14.142135623730951,16.401219466856727,15.264337522473747,21.095023109728988,20.09975124224178,30.4138126514911,24.596747752497688,21.02379604162864,21.213203435596427,19.4164878389476,27.073972741361768,23.345235059857504,25.317977802344327,31.064449134018133,21.470910553583888,23.194827009486403,25.019992006393608,15.811388300841896,26.30589287593181,18.24828759089466,17.26267650163207,18.973665961010276
103.09219175087898,6.0,12.041594578792296,10.770329614269007,10.816653826391969,14.866068747318506,14.560219778561036,14.422205101855956,24.166091947189145,19.235384061671343,14.866068747318506,21.213203435596427,23.323807579381203,23.706539182259394,29.68164415931166,23.706539182259394,29.68164415931166,24.166091947189145,24.166091947189145,21.587033144922902,20.024984394500787,17.029386365926403,19.209372712298546,20.024984394500787,21.540659228538015,16.15549442140351,9.219544457292887,0.0,0.0,0.0,0.0,0.0,0.0,0.0,0.0,0.0,0.0,0.0,12.649110640673518,11.045361017187261,15.264337522473747,8.94427190999916,12.165525060596439,12.041594578792296,12.083045973594572,24.020824298928627,15.652475842498529,21.587033144922902,12.806248474865697,31.304951684997057,27.65863337187866,23.08679276123039,33.06055050963308,33.24154027718932,34.132096331752024,30.066592756745816,35.4400902933387,19.924858845171276,28.071337695236398,22.20360331117452,21.18962010041709,22.20360331117452,18.027756377319946,16.97056274847714
120.42009799032718,20.0,13.45362404707371,16.401219466856727,16.64331697709324,13.601470508735444,10.0,18.384776310850235,17.029386365926403,9.433981132056603,19.4164878389476,25.0,28.178005607210743,25.079872407968907,28.861739379323623,26.92582403567252,25.079872407968907,16.76305461424021,15.033296378372908,10.295630140987,16.278820596099706,21.18962010041709,11.704699910719626,20.248456731316587,8.54400374531753,9.433981132056603,14.212670403551895,0.0,0.0,0.0,0.0,0.0,0.0,0.0,0.0,0.0,0.0,0.0,12.165525060596439,7.615773105863909,17.029386365926403,14.422205101855956,6.4031242374328485,22.847319317591726,13.45362404707371,12.083045973594572,21.840329667841555,13.45362404707371,19.235384061671343,22.47220505424423,26.40075756488817,20.0,16.401219466856727,22.80350850198276,29.410882339705484,31.240998703626616,26.1725046566048,26.0,24.041630560342615,25.495097567963924,16.278820596099706,15.524174696260024,16.64331697709324,11.40175425099138
103.09219175087898,6.0,5.830951894845301,11.180339887498949,7.280109889280518,22.825424421026653,20.518284528683193,10.816653826391969,12.206555615733702,14.317821063276353,13.45362404707371,26.92582403567252,27.16615541441225,16.278820596099706,35.35533905932738,22.627416997969522,21.095023109728988,35.38361202590826,27.294688127912362,24.758836806279895,13.038404810405298,19.849433241279208,24.0,7.0710678118654755,5.385164807134504,16.0,14.142135623730951,0.0,0.0,0.0,0.0,0.0,0.0,0.0,0.0,0.0,0.0,0.0,11.661903789690601,8.94427190999916,13.601470508735444,2.0,6.082762530298219,15.297058540778355,10.04987562112089,14.0,15.033296378372908,7.615773105863909,25.495097567963924,28.30194339616981,15.556349186104045,31.622776601683793,21.95449840010015,34.40930106817051,22.825424421026653,21.840329667841555,29.832867780352597,19.1049731745428,24.758836806279895,27.784887978899608,13.0,21.18962010041709,14.422205101855956,17.08800749063506
103.09219175087898,6.0,21.213203435596427,24.186773244895647,1.4142135623730951,8.246211251235321,11.0,17.72004514666935,22.561028345356956,21.633307652783937,12.0,25.709920264364882,21.587033144922902,29.017236257093817,22.135943621178654,25.96150997149434,26.92582403567252,23.08679276123039,23.345235059857504,16.55294535724685,26.92582403567252,22.47220505424423,12.649110640673518,18.027756377319946,13.892443989449804,16.401219466856727,11.40175425099138,0.0,0.0,0.0,0.0,0.0,0.0,0.0,0.0,0.0,0.0,0.0,15.297058540778355,9.486832980505138,5.656854249492381,13.601470508735444,13.152946437965905,12.36931687685298,17.26267650163207,25.495097567963924,22.0,25.079872407968907,23.345235059857504,27.313000567495326,18.601075237738275,19.849433241279208,26.1725046566048,28.42534080710379,24.08318915758459,13.601470508735444,30.0,18.601075237738275,25.079872407968907,20.396078054371138,19.924858845171276,11.0,12.727922061357855,5.0
124.61540835707277,8.0,12.206555615733702,12.806248474865697,10.63014581273465,15.0,18.110770276274835,17.029386365926403,16.76305461424021,16.15549442140351,23.021728866442675,16.278820596099706,19.0,25.96150997149434,24.0,22.80350850198276,18.973665961010276,27.018512172212592,25.019992006393608,21.840329667841555,20.8806130178211,16.64331697709324,14.317821063276353,14.212670403551895,17.204650534085253,10.295630140987,12.041594578792296,0.0,0.0,0.0,0.0,0.0,0.0,0.0,0.0,0.0,0.0,0.0,13.92838827718412,14.317821063276353,13.0,8.54400374531753,12.206555615733702,15.811388300841896,17.0,10.816653826391969,22.47220505424423,23.345235059857504,25.059928172283335,21.470910553583888,25.942243542145693,28.861739379323623,25.317977802344327,28.160255680657446,29.068883707497267,24.041630560342615,28.0,21.213203435596427,17.46424919657298,25.709920264364882,14.866068747318506,14.560219778561036,17.08800749063506,18.601075237738275
73.348483283569,11.0,10.0,13.0,13.038404810405298,10.0,17.88854381999832,15.264337522473747,22.02271554554524,22.135943621178654,20.223748416156685,14.560219778561036,16.401219466856727,34.785054261852174,27.294688127912362,28.653097563788805,19.1049731745428,26.68332812825267,30.0,28.071337695236398,27.65863337187866,12.083045973594572,20.223748416156685,17.88854381999832,19.1049731745428,4.123105625617661,6.324555320336759,0.0,0.0,0.0,0.0,0.0,0.0,0.0,0.0,0.0,0.0,0.0,7.0710678118654755,11.313708498984761,18.681541692269406,13.152946437965905,10.295630140987,12.165525060596439,16.0,14.142135623730951,21.93171219946131,19.1049731745428,22.847319317591726,22.360679774997898,26.40075756488817,26.90724809414742,26.419689627245813,27.730849247724095,34.40930106817051,29.732137494637012,23.40939982143925,34.20526275297414,14.317821063276353,15.132745950421556,21.93171219946131,11.0,15.231546211727817,15.033296378372908
96.33794683301072,10.0,20.591260281974,2.0,11.045361017187261,14.7648230602334,14.317821063276353,11.180339887498949,17.0,31.76476034853718,20.615528128088304,18.0,24.166091947189145,23.345235059857504,18.384776310850235,32.89376840679705,14.317821063276353,26.248809496813376,22.47220505424423,26.90724809414742,18.027756377319946,15.620499351813308,12.529964086141668,14.317821063276353,15.132745950421556,8.06225774829855,20.396078054371138,0.0,0.0,0.0,0.0,0.0,0.0,0.0,0.0,0.0,0.0,0.0,12.206555615733702,16.278820596099706,14.142135623730951,15.231546211727817,8.06225774829855,9.486832980505138,13.416407864998739,13.892443989449804,14.422205101855956,24.413111231467404,19.849433241279208,20.12461179749811,18.867962264113206,26.1725046566048,25.0,20.0,23.08679276123039,20.615528128088304,17.0,19.697715603592208,25.495097567963924,21.02379604162864,17.204650534085253,15.0,8.602325267042627,11.313708498984761
56.0357029044876,13.0,5.656854249492381,11.40175425099138,20.223748416156685,8.06225774829855,9.433981132056603,20.591260281974,13.601470508735444,24.351591323771842,32.0624390837628,20.223748416156685,23.021728866442675,25.0,20.024984394500787,24.020824298928627,35.608987629529715,27.294688127912362,25.179356624028344,22.627416997969522,17.46424919657298,25.553864678361276,12.206555615733702,13.601470508735444,12.649110640673518,7.211102550927978,13.0,0.0,0.0,0.0,0.0,0.0,0.0,0.0,0.0,0.0,0.0,0.0,12.041594578792296,14.142135623730951,10.0,7.0,9.055385138137417,17.029386365926403,19.235384061671343,24.839484696748443,24.758836806279895,27.018512172212592,25.079872407968907,32.69556544854363,21.587033144922902,24.515301344262525,26.92582403567252,26.476404589747453,34.92849839314596,35.05709628591621,27.294688127912362,17.26267650163207,28.442925306655784,21.02379604162864,22.360679774997898,16.492422502470642,20.615528128088304,13.038404810405298
128.0,8.0,10.198039027185569,11.704699910719626,14.035668847618199,11.045361017187261,16.64331697709324,12.206555615733702,20.615528128088304,11.045361017187261,19.235384061671343,22.360679774997898,18.439088914585774,25.298221281347036,29.614185789921695,16.76305461424021,31.304951684997057,22.47220505424423,23.53720459187964,19.1049731745428,22.47220505424423,19.313207915827967,19.026297590440446,8.0,11.40175425099138,15.556349186104045,14.7648230602334,0.0,0.0,0.0,0.0,0.0,0.0,0.0,0.0,0.0,0.0,0.0,7.211102550927978,11.40175425099138,18.384776310850235,10.816653826391969,14.866068747318506,16.76305461424021,13.45362404707371,16.0312195418814,12.083045973594572,29.068883707497267,29.614185789921695,25.019992006393608,29.274562336608895,30.364452901377952,25.079872407968907,30.01666203960727,35.0,26.92582403567252,38.27531841800928,32.01562118716424,25.298221281347036,15.556349186104045,21.213203435596427,14.035668847618199,17.72004514666935,4.123105625617661
125.53883861180172,6.0,16.15549442140351,3.0,17.11724276862369,25.632011235952593,10.04987562112089,28.160255680657446,11.180339887498949,21.02379604162864,17.46424919657298,19.924858845171276,19.6468827043885,28.635642126552707,23.194827009486403,21.93171219946131,21.02379604162864,21.840329667841555,23.021728866442675,20.223748416156685,23.40939982143925,16.1245154965971,21.02379604162864,12.165525060596439,18.973665961010276,16.64331697709324,20.518284528683193,0.0,0.0,0.0,0.0,0.0,0.0,0.0,0.0,0.0,0.0,0.0,11.180339887498949,14.142135623730951,5.0,14.035668847618199,18.24828759089466,18.867962264113206,17.029386365926403,13.892443989449804,20.518284528683193,11.661903789690601,17.69180601295413,29.068883707497267,27.202941017470888,26.476404589747453,29.068883707497267,27.65863337187866,25.96150997149434,28.792360097775937,32.0,29.120439557122072,28.178005607210743,16.76305461424021,21.02379604162864,21.840329667841555,15.620499351813308,15.811388300841896
34.92849839314596,15.0,9.433981132056603,13.601470508735444,12.041594578792296,15.652475842498529,19.4164878389476,12.041594578792296,20.223748416156685,18.439088914585774,16.278820596099706,22.02271554554524,23.08679276123039,22.0,21.840329667841555,22.561028345356956,21.840329667841555,26.1725046566048,30.01666203960727,18.027756377319946,22.847319317591726,17.4928556845359,18.788294228055936,12.041594578792296,13.892443989449804,8.48528137423857,5.0,0.0,0.0,0.0,0.0,0.0,0.0,0.0,0.0,0.0,0.0,0.0,10.0,5.656854249492381,10.04987562112089,14.035668847618199,12.083045973594572,14.866068747318506,14.212670403551895,18.384776310850235,10.816653826391969,23.706539182259394,22.02271554554524,27.784887978899608,15.264337522473747,30.083217912982647,30.870698080866262,25.179356624028344,25.317977802344327,26.019223662515376,25.019992006393608,18.110770276274835,17.0,25.079872407968907,19.4164878389476,9.848857801796104,12.165525060596439,15.231546211727817
46.69047011971501,13.0,2.8284271247461903,14.866068747318506,6.708203932499369,15.297058540778355,22.090722034374522,17.029386365926403,29.154759474226502,31.78049716414141,17.08800749063506,19.313207915827967,25.019992006393608,30.0,21.587033144922902,20.223748416156685,20.8806130178211,26.30589287593181,20.591260281974,30.4138126514911,28.460498941515414,22.360679774997898,21.470910553583888,15.0,17.08800749063506,10.0,8.602325267042627,0.0,0.0,0.0,0.0,0.0,0.0,0.0,0.0,0.0,0.0,0.0,11.180339887498949,13.341664064126334,8.94427190999916,9.055385138137417,15.0,17.0,12.206555615733702,11.180339887498949,16.0,21.587033144922902,26.0,21.587033144922902,22.090722034374522,24.73863375370596,25.079872407968907,24.20743687382041,21.840329667841555,41.773197148410844,20.518284528683193,27.313000567495326,20.223748416156685,19.924858845171276,6.082762530298219,20.615528128088304,16.15549442140351,19.1049731745428
133.8992158304148,7.0,12.206555615733702,15.811388300841896,14.317821063276353,18.601075237738275,13.038404810405298,23.853720883753127,19.1049731745428,19.209372712298546,12.529964086141668,19.4164878389476,29.410882339705484,22.02271554554524,26.68332812825267,25.059928172283335,26.90724809414742,29.732137494637012,25.80697580112788,22.02271554554524,24.20743687382041,10.0,16.401219466856727,18.601075237738275,12.206555615733702,13.152946437965905,17.26267650163207,0.0,0.0,0.0,0.0,0.0,0.0,0.0,0.0,0.0,0.0,0.0,7.280109889280518,11.180339887498949,11.180339887498949,11.40175425099138,1.0,11.180339887498949,13.92838827718412,9.433981132056603,22.20360331117452,24.20743687382041,18.788294228055936,18.973665961010276,22.561028345356956,24.0,32.0,20.09975124224178,29.154759474226502,14.142135623730951,28.0,13.341664064126334,17.88854381999832,18.681541692269406,12.529964086141668,29.154759474226502,17.72004514666935,18.681541692269406
70.03570517957252,12.0,12.206555615733702,10.816653826391969,19.235384061671343,13.601470508735444,16.0312195418814,19.6468827043885,18.384776310850235,26.476404589747453,26.019223662515376,15.033296378372908,26.0,23.08679276123039,30.0,26.0,31.016124838541646,25.0,28.442925306655784,21.540659228538015,21.095023109728988,12.649110640673518,18.027756377319946,16.278820596099706,17.4928556845359,19.849433241279208,12.649110640673518,0.0,0.0,0.0,0.0,0.0,0.0,0.0,0.0,0.0,0.0,0.0,10.816653826391969,12.041594578792296,7.0710678118654755,11.0,8.602325267042627,14.212670403551895,16.97056274847714,21.213203435596427,18.384776310850235,21.213203435596427,24.413111231467404,27.313000567495326,25.238858928247925,17.46424919657298,17.88854381999832,26.30589287593181,20.024984394500787,24.08318915758459,25.179356624028344,20.09975124224178,30.4138126514911,19.4164878389476,16.278820596099706,20.223748416156685,7.280109889280518,3.605551275463989
112.14722466472365,9.0,5.0990195135927845,15.0,16.1245154965971,18.439088914585774,15.811388300841896,12.165525060596439,13.416407864998739,13.152946437965905,34.539832078341085,15.231546211727817,15.0,17.11724276862369,15.264337522473747,18.788294228055936,20.8806130178211,19.313207915827967,24.166091947189145,14.317821063276353,20.09975124224178,15.033296378372908,15.297058540778355,17.26267650163207,12.041594578792296,15.556349186104045,8.54400374531753,0.0,0.0,0.0,0.0,0.0,0.0,0.0,0.0,0.0,0.0,0.0,3.0,9.055385138137417,8.48528137423857,5.830951894845301,12.041594578792296,7.810249675906654,19.1049731745428,12.36931687685298,14.142135623730951,19.849433241279208,17.029386365926403,25.0,23.706539182259394,12.165525060596439,18.439088914585774,27.65863337187866,30.528675044947494,11.313708498984761,16.278820596099706,15.0,31.11269837220809,20.615528128088304,14.7648230602334,21.095023109728988,10.770329614269007,7.0
103.09219175087898,6.0,7.0710678118654755,19.697715603592208,6.324555320336759,4.242640687119285,23.345235059857504,22.47220505424423,7.0710678118654755,19.6468827043885,16.1245154965971,18.0,22.135943621178654,21.213203435596427,24.515301344262525,16.55294535724685,21.37755832643195,18.788294228055936,22.20360331117452,18.439088914585774,21.213203435596427,15.620499351813308,28.319604517012593,14.212670403551895,9.433981132056603,13.152946437965905,14.142135623730951,0.0,0.0,0.0,0.0,0.0,0.0,0.0,0.0,0.0,0.0,0.0,9.219544457292887,13.038404810405298,15.231546211727817,11.0,11.180339887498949,8.0,13.038404810405298,18.384776310850235,9.219544457292887,22.847319317591726,21.540659228538015,22.80350850198276,22.80350850198276,19.1049731745428,15.811388300841896,16.1245154965971,25.059928172283335,15.231546211727817,13.601470508735444,27.313000567495326,18.384776310850235,24.08318915758459,14.7648230602334,17.46424919657298,16.0312195418814,9.433981132056603
124.61540835707277,7.0,46.861498055439924,35.35533905932738,35.510561809129406,39.698866482558415,37.8021163428716,28.42534080710379,32.449961479175904,25.059928172283335,25.96150997149434,23.194827009486403,12.041594578792296,11.045361017187261,12.0,10.816653826391969,11.180339887498949,4.0,9.219544457292887,12.36931687685298,14.422205101855956,20.518284528683193,20.808652046684813,18.027756377319946,20.591260281974,18.973665961010276,17.72004514666935,0.0,0.0,0.0,0.0,0.0,0.0,0.0,0.0,0.0,0.0,0.0,19.697715603592208,13.92838827718412,19.1049731745428,16.492422502470642,20.248456731316587,18.601075237738275,21.95449840010015,22.02271554554524,23.08679276123039,23.769728648009426,23.08679276123039,31.575306807693888,26.30589287593181,24.08318915758459,23.194827009486403,25.0,16.0312195418814,15.620499351813308,6.4031242374328485,11.704699910719626,10.63014581273465,17.69180601295413,20.248456731316587,19.1049731745428,31.144823004794873,23.600847442411894
96.51942809610924,15.0,5.0,9.433981132056603,6.708203932499369,13.152946437965905,17.46424919657298,15.811388300841896,15.264337522473747,17.69180601295413,23.600847442411894,21.18962010041709,22.360679774997898,27.294688127912362,22.825424421026653,25.238858928247925,22.825424421026653,22.80350850198276,22.360679774997898,21.840329667841555,25.0,20.396078054371138,21.587033144922902,20.223748416156685,14.0,13.152946437965905,12.529964086141668,0.0,0.0,0.0,0.0,0.0,0.0,0.0,0.0,0.0,0.0,0.0,6.0,7.211102550927978,10.770329614269007,12.727922061357855,18.027756377319946,17.029386365926403,16.15549442140351,14.560219778561036,15.231546211727817,17.0,24.08318915758459,17.029386365926403,27.073972741361768,24.331050121192877,27.313000567495326,28.844410203711913,22.360679774997898,25.942243542145693,20.615528128088304,28.653097563788805,26.92582403567252,14.866068747318506,17.88854381999832,17.0,8.602325267042627,16.15549442140351
175.45369759569047,7.0,15.297058540778355,9.219544457292887,15.033296378372908,7.0,15.0,20.808652046684813,20.808652046684813,24.698178070456937,30.610455730027933,20.518284528683193,28.0178514522438,21.93171219946131,22.825424421026653,27.018512172212592,17.029386365926403,22.847319317591726,23.853720883753127,28.653097563788805,23.345235059857504,16.64331697709324,21.2602916254693,18.788294228055936,18.027756377319946,15.132745950421556,8.06225774829855,0.0,0.0,0.0,0.0,0.0,0.0,0.0,0.0,0.0,0.0,0.0,10.44030650891055,6.0,13.892443989449804,10.198039027185569,4.123105625617661,14.7648230602334,18.027756377319946,21.95449840010015,14.560219778561036,29.154759474226502,15.132745950421556,25.059928172283335,21.93171219946131,28.178005607210743,26.90724809414742,27.459060435491963,20.0,24.08318915758459,23.345235059857504,25.495097567963924,21.02379604162864,21.2602916254693,15.620499351813308,17.029386365926403,16.1245154965971,13.45362404707371
103.09219175087898,6.0,21.095023109728988,12.041594578792296,10.295630140987,10.198039027185569,13.152946437965905,22.561028345356956,22.02271554554524,17.46424919657298,16.1245154965971,33.015148038438355,19.4164878389476,28.0178514522438,27.16615541441225,23.345235059857504,25.317977802344327,25.179356624028344,21.213203435596427,20.09975124224178,21.37755832643195,17.029386365926403,13.0,12.041594578792296,16.1245154965971,16.278820596099706,9.433981132056603,0.0,0.0,0.0,0.0,0.0,0.0,0.0,0.0,0.0,0.0,0.0,6.082762530298219,12.083045973594572,9.848857801796104,8.94427190999916,9.899494936611665,18.027756377319946,11.180339887498949,25.059928172283335,21.95449840010015,16.278820596099706,22.825424421026653,28.160255680657446,23.08679276123039,27.65863337187866,22.561028345356956,21.37755832643195,23.345235059857504,32.7566787083184,24.08318915758459,26.476404589747453,22.20360331117452,20.024984394500787,29.068883707497267,22.02271554554524,14.866068747318506,9.055385138137417
164.14932226482082,22.0,4.242640687119285,16.492422502470642,11.40175425099138,12.529964086141668,23.40939982143925,19.209372712298546,19.1049731745428,12.083045973594572,26.248809496813376,22.360679774997898,22.20360331117452,25.0,26.870057685088806,25.495097567963924,32.202484376209235,20.0,19.849433241279208,21.2602916254693,17.804493814764857,21.02379604162864,9.219544457292887,15.0,14.035668847618199,18.027756377319946,13.92838827718412,0.0,0.0,0.0,0.0,0.0,0.0,0.0,0.0,0.0,0.0,0.0,10.295630140987,11.045361017187261,11.180339887498949,7.0,5.830951894845301,5.830951894845301,12.083045973594572,15.620499351813308,14.142135623730951,19.79898987322333,19.1049731745428,26.40075756488817,26.1725046566048,16.97056274847714,29.068883707497267,20.248456731316587,28.653097563788805,28.178005607210743,29.410882339705484,18.788294228055936,27.65863337187866,24.331050121192877,22.02271554554524,21.02379604162864,10.816653826391969,11.40175425099138
139.08630414242805,23.0,13.45362404707371,14.035668847618199,15.811388300841896,15.811388300841896,10.198039027185569,17.204650534085253,14.422205101855956,15.524174696260024,18.110770276274835,16.76305461424021,18.788294228055936,17.804493814764857,18.027756377319946,16.64331697709324,17.08800749063506,18.027756377319946,25.942243542145693,19.209372712298546,16.97056274847714,18.788294228055936,20.248456731316587,15.0,9.899494936611665,12.0,9.055385138137417,0.0,0.0,0.0,0.0,0.0,0.0,0.0,0.0,0.0,0.0,0.0,6.708203932499369,6.708203932499369,5.0,7.0710678118654755,7.211102550927978,14.317821063276353,11.40175425099138,13.92838827718412,12.529964086141668,9.486832980505138,17.46424919657298,20.12461179749811,22.67156809750927,34.0,22.47220505424423,20.248456731316587,18.867962264113206,28.30194339616981,34.655446902326915,22.67156809750927,22.67156809750927,11.180339887498949,17.69180601295413,10.63014581273465,12.206555615733702,11.40175425099138
73.348483283569,11.0,11.704699910719626,15.524174696260024,20.615528128088304,27.16615541441225,24.041630560342615,36.124783736376884,25.96150997149434,23.345235059857504,15.132745950421556,8.602325267042627,9.219544457292887,32.57299494980466,18.110770276274835,33.24154027718932,23.706539182259394,21.213203435596427,12.649110640673518,9.433981132056603,17.26267650163207,19.235384061671343,17.72004514666935,15.264337522473747,21.095023109728988,25.0,22.360679774997898,0.0,0.0,0.0,0.0,0.0,0.0,0.0,0.0,0.0,0.0,0.0,13.892443989449804,13.92838827718412,6.708203932499369,12.36931687685298,12.727922061357855,13.0,17.72004514666935,29.068883707497267,11.045361017187261,25.942243542145693,33.13608305156178,45.31004303683677,29.832867780352597,25.079872407968907,41.23105625617661,14.866068747318506,33.24154027718932,17.029386365926403,21.02379604162864,21.02379604162864,9.848857801796104,16.55294535724685,12.529964086141668,14.142135623730951,12.806248474865697,6.082762530298219
56.0357029044876,13.0,8.06225774829855,21.93171219946131,24.758836806279895,48.373546489791295,41.10960958218893,41.340053217188775,38.3275357934736,32.984845004941285,30.265491900843113,38.27531841800928,33.24154027718932,33.301651610693426,40.70626487409524,34.655446902326915,27.586228448267445,15.620499351813308,32.01562118716424,24.515301344262525,20.248456731316587,23.08679276123039,31.32091952673165,38.948684188300895,38.91015291668744,44.294469180700204,43.9089968002003,0.0,0.0,0.0,0.0,0.0,0.0,0.0,0.0,0.0,0.0,0.0,20.12461179749811,13.416407864998739,10.198039027185569,12.165525060596439,8.06225774829855,17.204650534085253,19.4164878389476,25.059928172283335,33.54101966249684,26.627053911388696,49.49747468305833,33.24154027718932,45.27692569068709,40.496913462633174,40.496913462633174,49.040799340956916,40.22437072223753,32.57299494980466,44.384682042344295,35.35533905932738,21.213203435596427,9.433981132056603,12.083045973594572,5.830951894845301,26.076809620810597,6.4031242374328485
96.51942809610924,15.0,14.212670403551895,29.206163733020468,35.4682957019364,24.0,39.0,39.6232255123179,36.124783736376884,51.97114584074513,27.65863337187866,40.80441152620633,36.87817782917155,20.0,33.60059523282288,30.610455730027933,27.202941017470888,23.600847442411894,23.345235059857504,26.248809496813376,27.073972741361768,24.698178070456937,32.7566787083184,27.80287754891569,21.93171219946131,36.87817782917155,38.41874542459709,0.0,0.0,0.0,0.0,0.0,0.0,0.0,0.0,0.0,0.0,0.0,19.6468827043885,17.08800749063506,8.54400374531753,7.0710678118654755,14.317821063276353,2.23606797749979,17.46424919657298,23.021728866442675,46.06517122512408,37.21558813185679,42.720018726587654,51.264022471905186,51.42956348249516,59.135437767890075,50.08991914547278,34.0,38.62641583165593,19.313207915827967,37.107950630558946,39.20459156782532,13.0,23.08679276123039,9.433981132056603,13.45362404707371,6.082762530298219,20.591260281974
175.45369759569047,7.0,23.853720883753127,29.068883707497267,21.02379604162864,35.0,36.6742416417845,29.068883707497267,38.2099463490856,42.941821107167776,33.52610922848042,22.80350850198276,35.4400902933387,34.20526275297414,30.886890422961002,27.202941017470888,23.853720883753127,36.359317925395686,33.301651610693426,26.0,28.0178514522438,28.792360097775937,34.17601498127012,29.832867780352597,41.43669871020132,43.04648650006177,34.23448553724738,0.0,0.0,0.0,0.0,0.0,0.0,0.0,0.0,0.0,0.0,0.0,21.95449840010015,13.601470508735444,13.038404810405298,8.06225774829855,10.44030650891055,3.0,14.866068747318506,24.331050121192877,34.058772731852805,28.42534080710379,41.6293165929973,51.894122981316485,35.35533905932738,38.897300677553446,51.24451190127583,44.64302857109943,28.635642126552707,32.64965543462902,32.55764119219941,21.18962010041709,22.627416997969522,8.48528137423857,16.278820596099706,13.601470508735444,12.206555615733702,5.0
99.29753269845128,5.0,17.029386365926403,25.495097567963924,27.65863337187866,35.6931365951495,47.38143096192854,45.803929962395145,39.824615503479755,35.38361202590826,36.359317925395686,26.870057685088806,37.48332962798263,35.38361202590826,38.91015291668744,33.28663395418648,38.2099463490856,37.36308338453881,29.154759474226502,24.0,17.88854381999832,30.083217912982647,30.479501308256342,36.24913792078372,28.231188426986208,45.803929962395145,46.14108798023731,0.0,0.0,0.0,0.0,0.0,0.0,0.0,0.0,0.0,0.0,0.0,27.018512172212592,13.416407864998739,14.422205101855956,13.0,9.433981132056603,10.44030650891055,18.0,25.179356624028344,25.079872407968907,34.713109915419565,43.657759905886145,48.373546489791295,50.96076922496363,38.01315561749642,49.57822102496216,46.09772228646444,41.6293165929973,42.04759208325728,35.608987629529715,23.08679276123039,21.02379604162864,27.586228448267445,16.492422502470642,25.238858928247925,20.09975124224178,12.206555615733702
164.14932226482082,22.0,29.410882339705484,21.2602916254693,22.20360331117452,17.46424919657298,22.360679774997898,27.0,41.78516483155236,54.037024344425184,43.73785545725808,26.68332812825267,37.05401462729781,25.709920264364882,32.69556544854363,40.24922359499622,36.069377593742864,27.730849247724095,28.42534080710379,13.45362404707371,18.973665961010276,31.25699921617557,35.510561809129406,30.14962686336267,36.05551275463989,40.718546143004666,40.496913462633174,0.0,0.0,0.0,0.0,0.0,0.0,0.0,0.0,0.0,0.0,0.0,19.697715603592208,19.924858845171276,15.811388300841896,10.770329614269007,15.033296378372908,14.560219778561036,31.25699921617557,26.832815729997478,41.182520563948,32.01562118716424,40.70626487409524,56.08029957123981,59.07622195096772,54.405882034941776,38.948684188300895,45.254833995939045,43.41658669218482,41.677331968349414,34.88552708502482,41.72529209005013,33.83784863137726,14.212670403551895,25.495097567963924,2.23606797749979,18.867962264113206,10.0
139.08630414242805,23.0,9.486832980505138,27.16615541441225,36.24913792078372,41.43669871020132,32.0624390837628,23.08679276123039,31.89043743820395,41.6293165929973,37.12142238654117,40.19950248448356,37.0,34.0,38.2099463490856,20.0,36.069377593742864,29.68164415931166,32.55764119219941,36.40054944640259,28.635642126552707,27.459060435491963,29.068883707497267,33.54101966249684,31.400636936215164,42.190046219457976,42.42640687119285,0.0,0.0,0.0,0.0,0.0,0.0,0.0,0.0,0.0,0.0,0.0,18.027756377319946,19.72308292331602,11.180339887498949,7.615773105863909,5.0,15.033296378372908,16.278820596099706,23.021728866442675,25.179356624028344,34.20526275297414,41.43669871020132,41.677331968349414,50.99019513592785,41.012193308819754,57.8013840664737,39.44616584663204,51.03920062069938,42.44997055358225,25.079872407968907,24.758836806279895,24.413111231467404,34.539832078341085,15.264337522473747,12.649110640673518,23.323807579381203,14.317821063276353
66.09841147864296,30.0,24.08318915758459,26.30589287593181,28.861739379323623,26.627053911388696,29.017236257093817,45.221676218380054,28.861739379323623,33.52610922848042,50.15974481593781,50.15974481593781,33.54101966249684,30.675723300355934,33.83784863137726,36.24913792078372,31.953090617340916,31.064449134018133,40.36087214122113,26.40075756488817,38.58756276314948,26.627053911388696,35.4400902933387,26.40075756488817,37.33630940518894,42.20189569201838,36.68787265568828,0.0,0.0,0.0,0.0,0.0,0.0,0.0,0.0,0.0,0.0,0.0,17.88854381999832,13.45362404707371,10.0,2.8284271247461903,10.198039027185569,12.806248474865697,19.697715603592208,17.804493814764857,32.64965543462902,33.60059523282288,37.48332962798263,51.894122981316485,49.64876634922564,52.88667128870941,45.31004303683677,36.124783736376884,37.21558813185679,35.014282800023196,44.553338819890925,30.14962686336267,8.94427190999916,8.54400374531753,7.280109889280518,13.92838827718412,24.596747752497688,6.4031242374328485
133.15029102484155,29.0,23.021728866442675,2.23606797749979,21.95449840010015,21.095023109728988,22.20360331117452,22.825424421026653,22.360679774997898,28.42534080710379,30.0,28.653097563788805,24.758836806279895,23.40939982143925,27.51363298439521,25.942243542145693,4.123105625617661,25.495097567963924,29.832867780352597,27.65863337187866,19.849433241279208,8.06225774829855,24.186773244895647,16.64331697709324,15.0,25.0,16.278820596099706,0.0,0.0,0.0,0.0,0.0,0.0,0.0,0.0,0.0,0.0,0.0,17.72004514666935,2.0,6.4031242374328485,2.8284271247461903,7.211102550927978,11.180339887498949,7.810249675906654,10.295630140987,25.0,23.430749027719962,26.419689627245813,25.0,21.93171219946131,34.0,22.02271554554524,16.55294535724685,15.0,18.973665961010276,20.024984394500787,13.601470508735444,20.248456731316587,20.8806130178211,12.649110640673518,7.0710678118654755,5.0,10.295630140987
133.8992158304148,7.0,15.132745950421556,13.341664064126334,21.95449840010015,17.029386365926403,20.024984394500787,17.0,18.027756377319946,23.323807579381203,24.351591323771842,19.0,22.090722034374522,26.0,26.40075756488817,23.769728648009426,23.323807579381203,28.284271247461902,23.769728648009426,28.460498941515414,28.071337695236398,18.24828759089466,18.681541692269406,18.027756377319946,17.88854381999832,13.892443989449804,14.866068747318506,0.0,0.0,0.0,0.0,0.0,0.0,0.0,0.0,0.0,0.0,0.0,10.816653826391969,8.06225774829855,7.280109889280518,11.180339887498949,10.04987562112089,14.317821063276353,15.231546211727817,14.7648230602334,11.661903789690601,15.033296378372908,13.038404810405298,27.65863337187866,21.095023109728988,19.1049731745428,19.235384061671343,21.37755832643195,29.154759474226502,26.92582403567252,14.035668847618199,24.08318915758459,20.09975124224178,21.02379604162864,13.601470508735444,17.26267650163207,15.033296378372908,10.0
112.14722466472365,9.0,11.40175425099138,18.027756377319946,21.02379604162864,21.400934559032695,15.620499351813308,24.166091947189145,18.601075237738275,26.0,19.924858845171276,25.612496949731394,25.495097567963924,39.293765408777,29.154759474226502,33.12099032335839,33.1058907144937,24.351591323771842,20.808652046684813,25.179356624028344,29.5296461204668,21.2602916254693,20.808652046684813,14.7648230602334,18.384776310850235,16.401219466856727,11.661903789690601,0.0,0.0,0.0,0.0,0.0,0.0,0.0,0.0,0.0,0.0,0.0,14.142135623730951,18.867962264113206,14.142135623730951,14.866068747318506,13.038404810405298,4.123105625617661,14.866068747318506,24.413111231467404,16.1245154965971,17.029386365926403,26.0,29.154759474226502,22.67156809750927,28.635642126552707,22.47220505424423,12.36931687685298,12.165525060596439,20.518284528683193,21.540659228538015,26.832815729997478,25.0,21.540659228538015,6.0,14.866068747318506,23.0,11.180339887498949
93.38094023943002,11.0,28.178005607210743,8.54400374531753,17.88854381999832,18.35755975068582,19.4164878389476,21.02379604162864,9.055385138137417,11.704699910719626,7.615773105863909,8.06225774829855,16.278820596099706,7.810249675906654,16.55294535724685,16.492422502470642,16.401219466856727,19.4164878389476,19.235384061671343,22.02271554554524,22.80350850198276,22.67156809750927,25.80697580112788,20.808652046684813,24.186773244895647,22.47220505424423,23.08679276123039,0.0,0.0,0.0,0.0,0.0,0.0,0.0,0.0,0.0,0.0,0.0,8.0,5.385164807134504,10.295630140987,13.45362404707371,15.132745950421556,21.587033144922902,29.410882339705484,28.0,27.459060435491963,31.064449134018133,36.22154055254967,31.016124838541646,35.014282800023196,33.13608305156178,25.632011235952593,30.364452901377952,31.38470965295043,23.430749027719962,21.095023109728988,22.135943621178654,8.06225774829855,12.36931687685298,7.211102550927978,7.615773105863909,2.0,9.899494936611665
133.8992158304148,7.0,16.278820596099706,21.470910553583888,27.784887978899608,24.698178070456937,29.120439557122072,20.12461179749811,20.808652046684813,24.08318915758459,12.083045973594572,11.0,19.4164878389476,21.37755832643195,23.853720883753127,27.65863337187866,34.655446902326915,38.600518131237564,34.713109915419565,35.22782990761707,40.311288741492746,31.906112267087632,45.27692569068709,44.27188724235731,44.598206241955516,41.43669871020132,40.52159917870962,0.0,0.0,0.0,0.0,0.0,0.0,0.0,0.0,0.0,0.0,0.0,9.433981132056603,3.1622776601683795,16.1245154965971,21.02379604162864,30.463092423455635,28.160255680657446,31.064449134018133,38.47076812334269,47.41307836451879,52.354560450833695,51.264022471905186,60.440052945046304,61.61980201201558,50.99019513592785,52.3450093132096,56.938563381947034,47.01063709417264,35.510561809129406,33.24154027718932,38.01315561749642,18.35755975068582,7.0710678118654755,12.083045973594572,19.6468827043885,18.788294228055936,7.0
112.14722466472365,9.0,18.027756377319946,18.027756377319946,30.886890422961002,6.708203932499369,33.13608305156178,21.93171219946131,33.734255586866,28.600699292150182,18.027756377319946,27.51363298439521,18.110770276274835,22.360679774997898,19.6468827043885,34.0,21.400934559032695,24.698178070456937,32.449961479175904,31.38470965295043,49.8196748283246,39.66106403010388,38.41874542459709,31.827660925679098,34.17601498127012,37.57658845611187,53.665631459994955,0.0,0.0,0.0,0.0,0.0,0.0,0.0,0.0,0.0,0.0,0.0,11.180339887498949,7.810249675906654,6.082762530298219,22.135943621178654,18.110770276274835,28.231188426986208,30.528675044947494,36.359317925395686,53.2634959423431,53.71219600798314,54.405882034941776,50.99019513592785,45.967379738244816,48.104053883222775,52.43090691567332,56.824290580701486,59.61543424315552,30.4138126514911,31.144823004794873,27.294688127912362,33.54101966249684,29.832867780352597,3.605551275463989,18.973665961010276,17.204650534085253,11.180339887498949
96.18731725128839,15.0,22.20360331117452,25.632011235952593,24.758836806279895,23.430749027719962,38.07886552931954,45.880278987817846,6.082762530298219,32.2490309931942,23.08679276123039,15.231546211727817,20.248456731316587,32.202484376209235,23.40939982143925,29.832867780352597,28.635642126552707,28.442925306655784,27.294688127912362,39.20459156782532,37.8549864614954,47.0,45.044422518220834,40.19950248448356,43.46262762420146,44.77722635447622,42.7551166528639,0.0,0.0,0.0,0.0,0.0,0.0,0.0,0.0,0.0,0.0,0.0,9.0,9.848857801796104,17.0,19.1049731745428,22.20360331117452,28.635642126552707,39.0,42.190046219457976,51.62363799656123,60.40695324215582,44.94441010848846,55.226805085936306,55.97320787662612,62.26556030423239,53.75872022286245,42.638011210655684,29.966648127543394,41.617304093369626,37.589892258425,27.65863337187866,27.16615541441225,10.816653826391969,5.385164807134504,10.0,12.806248474865697,11.704699910719626
128.0,8.0,30.4138126514911,20.09975124224178,18.439088914585774,26.92582403567252,26.832815729997478,34.9857113690718,27.892651361962706,32.2490309931942,17.0,21.93171219946131,17.88854381999832,18.867962264113206,22.825424421026653,26.019223662515376,19.4164878389476,33.301651610693426,24.839484696748443,32.2490309931942,39.11521443121589,28.844410203711913,30.675723300355934,39.0,38.47076812334269,33.015148038438355,36.6742416417845,0.0,0.0,0.0,0.0,0.0,0.0,0.0,0.0,0.0,0.0,0.0,8.246211251235321,1.0,16.278820596099706,17.0,19.6468827043885,31.144823004794873,31.78049716414141,35.12833614050059,48.0,46.52956049652737,57.271284253105414,60.207972893961475,52.952809179494906,52.392747589718944,57.87054518492115,44.9221548904324,45.69463863518345,48.30113870293329,13.038404810405298,22.02271554554524,21.095023109728988,6.082762530298219,5.0,6.082762530298219,24.698178070456937,21.587033144922902
132.48396129343357,8.0,8.602325267042627,13.038404810405298,21.400934559032695,16.55294535724685,10.0,21.095023109728988,25.298221281347036,22.627416997969522,19.72308292331602,23.430749027719962,28.792360097775937,25.942243542145693,25.079872407968907,21.095023109728988,26.40075756488817,32.69556544854363,32.89376840679705,23.53720459187964,21.095023109728988,24.041630560342615,16.0,16.0312195418814,14.317821063276353,13.152946437965905,10.816653826391969,0.0,0.0,0.0,0.0,0.0,0.0,0.0,0.0,0.0,0.0,0.0,8.602325267042627,9.219544457292887,13.892443989449804,14.212670403551895,15.556349186104045,10.44030650891055,10.44030650891055,15.0,17.804493814764857,19.4164878389476,20.615528128088304,23.0,22.561028345356956,26.0,30.805843601498726,29.017236257093817,35.90264614203248,24.73863375370596,21.18962010041709,22.360679774997898,21.95449840010015,21.095023109728988,10.44030650891055,25.0,23.021728866442675,24.041630560342615
175.45369759569047,7.0,16.0312195418814,17.08800749063506,15.620499351813308,15.231546211727817,26.40075756488817,20.09975124224178,18.973665961010276,25.298221281347036,18.973665961010276,20.0,21.840329667841555,21.02379604162864,23.769728648009426,29.966648127543394,27.51363298439521,16.1245154965971,21.840329667841555,26.1725046566048,19.235384061671343,22.47220505424423,16.1245154965971,15.652475842498529,16.278820596099706,10.198039027185569,17.72004514666935,0.0,0.0,0.0,0.0,0.0,0.0,0.0,0.0,0.0,0.0,0.0,16.278820596099706,10.63014581273465,9.433981132056603,12.36931687685298,13.601470508735444,14.317821063276353,20.248456731316587,20.8806130178211,14.422205101855956,14.317821063276353,22.02271554554524,19.235384061671343,15.556349186104045,26.419689627245813,24.331050121192877,28.319604517012593,23.323807579381203,28.792360097775937,33.83784863137726,26.92582403567252,27.459060435491963,20.248456731316587,25.553864678361276,14.317821063276353,12.041594578792296,9.219544457292887
132.48396129343357,8.0,10.0,12.727922061357855,17.0,15.264337522473747,19.72308292331602,11.704699910719626,14.866068747318506,14.212670403551895,13.892443989449804,10.816653826391969,22.20360331117452,13.416407864998739,21.633307652783937,18.439088914585774,23.345235059857504,26.90724809414742,19.79898987322333,19.4164878389476,19.4164878389476,13.038404810405298,15.297058540778355,13.038404810405298,13.152946437965905,15.033296378372908,5.830951894845301,0.0,0.0,0.0,0.0,0.0,0.0,0.0,0.0,0.0,0.0,0.0,6.708203932499369,10.44030650891055,12.041594578792296,17.88854381999832,13.45362404707371,12.36931687685298,16.278820596099706,14.317821063276353,10.04987562112089,12.041594578792296,15.132745950421556,18.0,19.697715603592208,15.652475842498529,24.515301344262525,21.93171219946131,19.849433241279208,21.095023109728988,21.18962010041709,8.48528137423857,17.69180601295413,19.849433241279208,14.317821063276353,16.1245154965971,8.246211251235321,19.026297590440446
96.0,10.0,9.486832980505138,19.0,8.246211251235321,7.211102550927978,17.204650534085253,18.973665961010276,22.135943621178654,25.019992006393608,20.396078054371138,32.14031735997639,26.1725046566048,25.96150997149434,31.953090617340916,21.02379604162864,36.345563690772494,31.25699921617557,23.0,14.142135623730951,30.886890422961002,17.46424919657298,18.110770276274835,18.027756377319946,11.313708498984761,13.038404810405298,12.041594578792296,0.0,0.0,0.0,0.0,0.0,0.0,0.0,0.0,0.0,0.0,0.0,16.55294535724685,8.246211251235321,13.601470508735444,15.033296378372908,10.04987562112089,18.027756377319946,18.027756377319946,14.866068747318506,18.788294228055936,23.323807579381203,28.600699292150182,21.93171219946131,28.0178514522438,31.622776601683793,24.331050121192877,24.166091947189145,21.095023109728988,21.095023109728988,23.08679276123039,11.045361017187261,28.284271247461902,25.079872407968907,9.848857801796104,21.540659228538015,19.1049731745428,18.439088914585774
99.35793878699377,11.0,13.038404810405298,20.12461179749811,10.44030650891055,11.045361017187261,8.06225774829855,11.40175425099138,14.142135623730951,19.72308292331602,29.154759474226502,18.027756377319946,17.88854381999832,26.019223662515376,26.076809620810597,20.12461179749811,31.78049716414141,22.847319317591726,19.235384061671343,19.1049731745428,28.30194339616981,21.095023109728988,10.63014581273465,15.0,13.601470508735444,13.416407864998739,9.848857801796104,0.0,0.0,0.0,0.0,0.0,0.0,0.0,0.0,0.0,0.0,0.0,11.40175425099138,12.041594578792296,13.341664064126334,12.806248474865697,12.36931687685298,17.4928556845359,5.656854249492381,12.529964086141668,22.80350850198276,12.206555615733702,19.1049731745428,23.323807579381203,18.24828759089466,13.038404810405298,21.470910553583888,24.73863375370596,13.0,17.72004514666935,23.08679276123039,14.142135623730951,23.021728866442675,16.1245154965971,16.492422502470642,18.0,23.323807579381203,10.0
110.3675676999362,32.0,18.027756377319946,25.059928172283335,16.401219466856727,22.67156809750927,21.02379604162864,10.63014581273465,4.242640687119285,7.615773105863909,12.649110640673518,10.816653826391969,13.601470508735444,10.04987562112089,9.219544457292887,2.23606797749979,15.264337522473747,17.11724276862369,18.110770276274835,16.15549442140351,18.027756377319946,22.80350850198276,13.152946437965905,21.213203435596427,24.73863375370596,21.37755832643195,22.561028345356956,0.0,0.0,0.0,0.0,0.0,0.0,0.0,0.0,0.0,0.0,0.0,15.132745950421556,16.278820596099706,13.341664064126334,19.6468827043885,12.529964086141668,26.40075756488817,31.304951684997057,21.2602916254693,28.600699292150182,33.60059523282288,22.02271554554524,34.828149534535996,31.11269837220809,41.23105625617661,21.840329667841555,16.76305461424021,24.20743687382041,13.0,20.12461179749811,13.92838827718412,6.082762530298219,13.92838827718412,13.416407864998739,4.123105625617661,18.439088914585774,10.295630140987
175.45369759569047,7.0,39.05124837953327,42.190046219457976,42.05948168962618,28.178005607210743,19.4164878389476,38.897300677553446,18.601075237738275,7.280109889280518,17.0,15.811388300841896,6.708203932499369,3.1622776601683795,11.180339887498949,21.95449840010015,19.4164878389476,19.72308292331602,37.73592452822641,37.21558813185679,44.01136216933077,39.395431207184416,38.600518131237564,31.78049716414141,31.016124838541646,36.013886210738214,28.442925306655784,0.0,0.0,0.0,0.0,0.0,0.0,0.0,0.0,0.0,0.0,0.0,20.0,21.93171219946131,21.18962010041709,29.154759474226502,36.124783736376884,31.400636936215164,49.01020301937138,47.01063709417264,60.03332407921454,57.0087712549569,59.135437767890075,58.034472514187634,62.03224967708329,50.00999900019995,59.033888572581766,47.095647357266465,34.23448553724738,48.507731342539614,32.0624390837628,30.364452901377952,15.264337522473747,22.0,13.45362404707371,4.47213595499958,12.727922061357855,24.839484696748443
132.48396129343357,8.0,35.34119409414458,36.796738985948195,53.600373133029585,30.4138126514911,9.433981132056603,30.01666203960727,17.204650534085253,5.830951894845301,24.186773244895647,9.219544457292887,17.0,10.295630140987,12.206555615733702,26.076809620810597,19.026297590440446,27.16615541441225,29.068883707497267,39.293765408777,35.12833614050059,34.713109915419565,38.3275357934736,27.459060435491963,35.84689665786984,34.9857113690718,28.42534080710379,0.0,0.0,0.0,0.0,0.0,0.0,0.0,0.0,0.0,0.0,0.0,23.53720459187964,18.681541692269406,22.561028345356956,30.675723300355934,35.11409973215888,41.48493702538308,34.9857113690718,50.47771785649585,58.89821729050889,60.60528029800704,62.64982043070834,65.79513659838392,58.60034129593445,63.655321851358195,49.57822102496216,52.3450093132096,40.22437072223753,31.32091952673165,48.877397639399746,20.223748416156685,17.88854381999832,31.32091952673165,12.0,17.69180601295413,26.30589287593181,26.076809620810597
175.45369759569047,7.0,12.36931687685298,44.654227123532216,29.732137494637012,45.27692569068709,13.0,43.829214001622255,22.20360331117452,23.345235059857504,27.65863337187866,12.649110640673518,6.082762530298219,10.770329614269007,6.082762530298219,20.223748416156685,23.08679276123039,32.01562118716424,34.92849839314596,42.7551166528639,41.30375285612676,36.49657518178932,45.27692569068709,35.4400902933387,37.33630940518894,27.459060435491963,29.546573405388315,0.0,0.0,0.0,0.0,0.0,0.0,0.0,0.0,0.0,0.0,0.0,14.560219778561036,25.079872407968907,27.018512172212592,29.274562336608895,39.824615503479755,25.80697580112788,33.61547262794322,45.45327270945405,62.625873247404705,56.22277118748239,62.289646009589745,61.5223536610881,56.938563381947034,48.60041152089147,47.01063709417264,50.20956084253277,44.10215414239989,25.45584412271571,29.698484809834994,23.345235059857504,26.627053911388696,12.083045973594572,10.0,3.0,21.37755832643195,37.8021163428716
132.48396129343357,8.0,18.0,32.984845004941285,43.41658669218482,26.076809620810597,29.410882339705484,54.57105459856901,16.0312195418814,11.40175425099138,19.1049731745428,8.0,14.317821063276353,7.211102550927978,9.055385138137417,9.055385138137417,20.0,26.90724809414742,34.713109915419565,33.301651610693426,26.0,45.0,36.61966684720111,35.4682957019364,34.438350715445125,30.265491900843113,29.410882339705484,0.0,0.0,0.0,0.0,0.0,0.0,0.0,0.0,0.0,0.0,0.0,27.0,29.120439557122072,30.23243291566195,28.844410203711913,37.53664875824692,37.8021163428716,47.43416490252569,43.382023926967726,58.69412236331676,58.18934610390462,50.0,62.96824596572466,53.85164807134504,62.24146527838174,66.2872536767062,53.85164807134504,46.52956049652737,42.2965719651132,32.7566787083184,15.0,38.58756276314948,6.4031242374328485,8.94427190999916,13.341664064126334,12.206555615733702,24.041630560342615
175.45369759569047,7.0,15.264337522473747,20.248456731316587,25.632011235952593,33.24154027718932,39.824615503479755,29.154759474226502,17.11724276862369,10.295630140987,7.615773105863909,15.620499351813308,7.211102550927978,1.0,9.433981132056603,10.0,22.0,32.69556544854363,34.36568055487916,38.3275357934736,46.17358552246078,37.36308338453881,32.28002478313795,35.22782990761707,30.01666203960727,34.20526275297414,33.301651610693426,0.0,0.0,0.0,0.0,0.0,0.0,0.0,0.0,0.0,0.0,0.0,17.88854381999832,19.1049731745428,20.12461179749811,31.144823004794873,33.015148038438355,32.14031735997639,48.703182647543684,55.362442142665635,57.271284253105414,45.5411901469428,68.65857557508748,73.37574531137656,58.855755878248644,58.18934610390462,53.85164807134504,54.405882034941776,36.40054944640259,42.43819034784589,46.09772228646444,28.844410203711913,16.492422502470642,10.63014581273465,15.556349186104045,20.223748416156685,10.295630140987,10.0
132.48396129343357,8.0,19.026297590440446,35.0,41.048751503547585,41.182520563948,27.202941017470888,45.31004303683677,11.704699910719626,22.47220505424423,27.459060435491963,24.413111231467404,6.082762530298219,2.23606797749979,6.082762530298219,15.524174696260024,16.55294535724685,27.459060435491963,25.0,29.614185789921695,32.984845004941285,38.62641583165593,31.04834939252005,39.45883931389772,43.104524124504614,33.06055050963308,30.083217912982647,0.0,0.0,0.0,0.0,0.0,0.0,0.0,0.0,0.0,0.0,0.0,17.08800749063506,18.788294228055936,26.076809620810597,26.076809620810597,30.4138126514911,34.88552708502482,48.010415536631214,50.44799302251776,53.41348144429457,59.54829972383762,52.3450093132096,48.08326112068523,56.4003546088143,62.24146527838174,47.4236228055175,63.00793600809346,31.622776601683793,57.201398584300364,34.48187929913333,30.870698080866262,23.345235059857504,16.55294535724685,11.40175425099138,6.082762530298219,31.906112267087632,14.422205101855956
175.45369759569047,7.0,36.76955262170047,22.20360331117452,37.0,41.30375285612676,11.40175425099138,20.8806130178211,21.400934559032695,26.90724809414742,9.055385138137417,8.06225774829855,1.4142135623730951,10.816653826391969,12.649110640673518,12.206555615733702,21.37755832643195,25.96150997149434,25.317977802344327,33.54101966249684,31.78049716414141,34.36568055487916,35.05709628591621,33.06055050963308,35.12833614050059,29.546573405388315,31.78049716414141,0.0,0.0,0.0,0.0,0.0,0.0,0.0,0.0,0.0,0.0,0.0,23.323807579381203,28.460498941515414,19.026297590440446,23.769728648009426,33.95585369269929,40.22437072223753,44.598206241955516,42.80186911806539,57.30619512757761,55.0,56.639209034025185,67.7421582177598,60.90155991434045,55.90169943749474,56.639209034025185,58.60034129593445,51.73973328110612,40.607881008493905,31.144823004794873,41.6293165929973,30.01666203960727,14.035668847618199,13.45362404707371,7.615773105863909,23.345235059857504,23.08679276123039
132.48396129343357,8.0,40.607881008493905,28.160255680657446,34.539832078341085,19.6468827043885,32.01562118716424,28.0178514522438,29.732137494637012,28.231188426986208,15.231546211727817,15.811388300841896,5.0,3.605551275463989,11.40175425099138,15.556349186104045,27.202941017470888,18.601075237738275,31.240998703626616,27.586228448267445,44.04543109109048,35.4682957019364,31.622776601683793,27.313000567495326,43.01162633521314,37.21558813185679,34.132096331752024,0.0,0.0,0.0,0.0,0.0,0.0,0.0,0.0,0.0,0.0,0.0,22.360679774997898,19.4164878389476,25.0,26.1725046566048,32.31098884280702,43.829214001622255,50.695167422546305,49.658836071740545,54.08326913195984,57.87054518492115,61.40032573203501,57.87054518492115,61.326992425847855,63.324560795950255,56.753854494650845,48.84669896727925,51.66236541235796,26.832815729997478,36.05551275463989,18.867962264113206,16.1245154965971,10.0,12.083045973594572,24.515301344262525,14.142135623730951,22.847319317591726
96.0,10.0,37.64306044943742,39.01281840626232,22.47220505424423,32.14031735997639,29.614185789921695,19.4164878389476,23.345235059857504,22.090722034374522,18.788294228055936,16.55294535724685,2.23606797749979,10.295630140987,8.06225774829855,8.06225774829855,18.867962264113206,23.323807579381203,25.942243542145693,35.34119409414458,43.382023926967726,34.92849839314596,34.539832078341085,31.78049716414141,29.154759474226502,34.058772731852805,32.0624390837628,0.0,0.0,0.0,0.0,0.0,0.0,0.0,0.0,0.0,0.0,0.0,18.439088914585774,23.021728866442675,22.47220505424423,27.85677655436824,36.24913792078372,42.05948168962618,48.877397639399746,50.80354318352215,52.478567053607705,53.33854141237835,63.13477647065839,60.03332407921454,68.9492567037528,59.682493245507096,62.96824596572466,55.00909015790027,45.0,34.438350715445125,36.71511950137164,19.1049731745428,11.704699910719626,9.055385138137417,20.615528128088304,8.602325267042627,24.020824298928627,33.24154027718932
139.54210834009928,7.0,15.231546211727817,21.470910553583888,10.816653826391969,9.0,18.24828759089466,12.041594578792296,18.973665961010276,18.439088914585774,31.064449134018133,24.186773244895647,24.020824298928627,23.345235059857504,17.11724276862369,26.1725046566048,22.02271554554524,17.72004514666935,23.0,27.313000567495326,19.72308292331602,12.041594578792296,24.166091947189145,13.038404810405298,18.35755975068582,8.06225774829855,19.924858845171276,0.0,0.0,0.0,0.0,0.0,0.0,0.0,0.0,0.0,0.0,0.0,9.219544457292887,14.035668847618199,14.7648230602334,13.601470508735444,8.06225774829855,15.524174696260024,15.264337522473747,18.601075237738275,24.041630560342615,26.90724809414742,18.788294228055936,20.248456731316587,14.142135623730951,23.259406699226016,11.40175425099138,19.6468827043885,22.360679774997898,19.6468827043885,10.44030650891055,22.0,16.492422502470642,15.524174696260024,12.165525060596439,21.93171219946131,17.88854381999832,6.0
96.51942809610924,15.0,12.206555615733702,12.36931687685298,6.4031242374328485,21.95449840010015,5.830951894845301,18.867962264113206,24.839484696748443,24.758836806279895,20.518284528683193,14.7648230602334,22.67156809750927,31.144823004794873,31.89043743820395,34.655446902326915,30.4138126514911,25.238858928247925,22.67156809750927,17.029386365926403,17.26267650163207,9.433981132056603,16.0,17.72004514666935,16.0,5.656854249492381,8.48528137423857,0.0,0.0,0.0,0.0,0.0,0.0,0.0,0.0,0.0,0.0,0.0,13.341664064126334,11.0,15.524174696260024,13.892443989449804,12.206555615733702,12.806248474865697,15.524174696260024,13.038404810405298,19.4164878389476,26.248809496813376,23.853720883753127,21.400934559032695,26.870057685088806,17.4928556845359,15.264337522473747,26.90724809414742,21.540659228538015,24.041630560342615,29.410882339705484,23.259406699226016,20.396078054371138,25.495097567963924,14.866068747318506,18.867962264113206,4.123105625617661,9.899494936611665
99.29753269845128,5.0,5.830951894845301,8.602325267042627,6.708203932499369,9.433981132056603,16.15549442140351,19.1049731745428,15.297058540778355,23.853720883753127,18.601075237738275,19.79898987322333,30.0,26.40075756488817,24.20743687382041,23.345235059857504,25.45584412271571,24.698178070456937,16.15549442140351,22.360679774997898,20.248456731316587,20.024984394500787,18.867962264113206,15.132745950421556,11.045361017187261,14.317821063276353,8.94427190999916,0.0,0.0,0.0,0.0,0.0,0.0,0.0,0.0,0.0,0.0,0.0,7.211102550927978,7.211102550927978,9.848857801796104,6.4031242374328485,11.180339887498949,6.4031242374328485,12.36931687685298,18.027756377319946,21.095023109728988,14.142135623730951,16.0312195418814,24.08318915758459,21.95449840010015,17.46424919657298,22.47220505424423,25.0,30.4138126514911,28.844410203711913,29.206163733020468,24.08318915758459,14.212670403551895,17.029386365926403,5.0,17.88854381999832,18.110770276274835,13.0
103.09219175087898,6.0,13.416407864998739,15.652475842498529,8.602325267042627,19.6468827043885,21.37755832643195,15.811388300841896,25.495097567963924,17.26267650163207,15.811388300841896,16.97056274847714,21.02379604162864,24.698178070456937,15.811388300841896,22.80350850198276,21.37755832643195,21.95449840010015,18.439088914585774,19.235384061671343,14.560219778561036,19.1049731745428,12.649110640673518,18.027756377319946,8.246211251235321,9.219544457292887,13.601470508735444,0.0,0.0,0.0,0.0,0.0,0.0,0.0,0.0,0.0,0.0,0.0,11.40175425099138,7.0710678118654755,11.40175425099138,10.44030650891055,8.602325267042627,10.295630140987,13.341664064126334,15.652475842498529,18.788294228055936,16.97056274847714,18.439088914585774,19.4164878389476,20.615528128088304,20.615528128088304,17.029386365926403,21.840329667841555,17.88854381999832,21.587033144922902,20.248456731316587,21.840329667841555,15.132745950421556,15.231546211727817,12.041594578792296,16.1245154965971,12.649110640673518,14.035668847618199
140.07141035914503,9.0,17.46424919657298,2.8284271247461903,27.16615541441225,19.026297590440446,9.486832980505138,15.811388300841896,20.518284528683193,25.059928172283335,14.866068747318506,23.853720883753127,23.430749027719962,18.439088914585774,28.42534080710379,24.08318915758459,22.20360331117452,22.02271554554524,21.095023109728988,20.591260281974,16.64331697709324,18.35755975068582,11.045361017187261,19.313207915827967,18.788294228055936,11.045361017187261,15.132745950421556,0.0,0.0,0.0,0.0,0.0,0.0,0.0,0.0,0.0,0.0,0.0,11.045361017187261,13.92838827718412,16.492422502470642,14.035668847618199,14.422205101855956,14.560219778561036,19.1049731745428,19.4164878389476,16.278820596099706,23.021728866442675,12.529964086141668,27.294688127912362,26.832815729997478,28.160255680657446,30.083217912982647,26.476404589747453,25.495097567963924,19.235384061671343,26.019223662515376,14.035668847618199,16.1245154965971,25.495097567963924,18.110770276274835,11.704699910719626,17.46424919657298,17.029386365926403
88.02272433866155,10.0,8.94427190999916,9.055385138137417,17.0,18.027756377319946,15.620499351813308,16.1245154965971,23.194827009486403,18.027756377319946,19.4164878389476,19.235384061671343,22.135943621178654,26.832815729997478,23.40939982143925,29.154759474226502,25.0,26.627053911388696,27.586228448267445,26.248809496813376,22.20360331117452,26.1725046566048,15.264337522473747,11.40175425099138,13.601470508735444,11.0,17.0,0.0,0.0,0.0,0.0,0.0,0.0,0.0,0.0,0.0,0.0,0.0,5.830951894845301,11.704699910719626,10.770329614269007,10.198039027185569,11.704699910719626,18.110770276274835,9.486832980505138,16.97056274847714,15.652475842498529,15.811388300841896,28.178005607210743,20.615528128088304,22.360679774997898,11.40175425099138,26.248809496813376,21.470910553583888,21.400934559032695,24.839484696748443,29.120439557122072,24.041630560342615,17.029386365926403,20.808652046684813,17.69180601295413,13.92838827718412,12.806248474865697,4.0
34.0147027033899,33.0,9.055385138137417,26.92582403567252,22.090722034374522,8.06225774829855,17.4928556845359,26.570660511172846,14.7648230602334,26.570660511172846,19.6468827043885,19.4164878389476,22.561028345356956,17.26267650163207,21.18962010041709,21.095023109728988,25.495097567963924,24.08318915758459,23.08679276123039,18.027756377319946,20.09975124224178,21.633307652783937,13.416407864998739,16.278820596099706,10.295630140987,11.40175425099138,16.15549442140351,0.0,0.0,0.0,0.0,0.0,0.0,0.0,0.0,0.0,0.0,0.0,13.601470508735444,14.866068747318506,16.15549442140351,13.45362404707371,4.0,15.033296378372908,17.804493814764857,12.806248474865697,15.0,16.278820596099706,11.704699910719626,26.019223662515376,18.681541692269406,28.160255680657446,27.294688127912362,27.0,19.235384061671343,23.021728866442675,33.61547262794322,27.586228448267445,17.46424919657298,11.0,19.235384061671343,20.223748416156685,18.439088914585774,21.18962010041709
71.42128534267638,35.0,18.439088914585774,5.0990195135927845,19.4164878389476,20.808652046684813,24.698178070456937,10.816653826391969,16.15549442140351,24.331050121192877,20.024984394500787,24.698178070456937,23.08679276123039,33.015148038438355,24.698178070456937,23.0,20.024984394500787,30.14962686336267,25.298221281347036,19.924858845171276,24.0,25.0,20.615528128088304,18.867962264113206,15.620499351813308,16.401219466856727,18.027756377319946,0.0,0.0,0.0,0.0,0.0,0.0,0.0,0.0,0.0,0.0,0.0,10.44030650891055,4.47213595499958,10.198039027185569,12.083045973594572,16.401219466856727,11.180339887498949,16.492422502470642,22.80350850198276,18.35755975068582,31.32091952673165,22.02271554554524,17.46424919657298,20.615528128088304,28.284271247461902,19.1049731745428,20.0,16.64331697709324,26.40075756488817,20.518284528683193,17.69180601295413,22.360679774997898,14.422205101855956,15.231546211727817,17.88854381999832,16.64331697709324,9.055385138137417
129.24782396620841,30.0,7.211102550927978,16.0,13.0,17.08800749063506,18.027756377319946,28.635642126552707,16.278820596099706,17.804493814764857,27.730849247724095,27.459060435491963,32.38826948140329,30.364452901377952,23.600847442411894,26.0,34.132096331752024,21.095023109728988,26.30589287593181,19.209372712298546,23.021728866442675,16.97056274847714,21.93171219946131,17.029386365926403,11.40175425099138,14.317821063276353,9.055385138137417,0.0,0.0,0.0,0.0,0.0,0.0,0.0,0.0,0.0,0.0,0.0,14.212670403551895,16.278820596099706,10.0,11.180339887498949,6.4031242374328485,15.264337522473747,16.0312195418814,20.396078054371138,19.026297590440446,21.840329667841555,15.132745950421556,26.076809620810597,18.027756377319946,24.08318915758459,25.495097567963924,21.95449840010015,18.439088914585774,18.384776310850235,29.154759474226502,21.2602916254693,21.095023109728988,22.135943621178654,11.0,20.12461179749811,7.0710678118654755,13.892443989449804
63.12685640834652,31.0,8.602325267042627,12.041594578792296,9.486832980505138,16.278820596099706,17.804493814764857,21.095023109728988,23.769728648009426,13.341664064126334,28.0178514522438,30.23243291566195,19.1049731745428,25.0,22.02271554554524,20.808652046684813,22.02271554554524,17.029386365926403,24.20743687382041,16.0312195418814,13.92838827718412,24.351591323771842,19.235384061671343,8.246211251235321,14.035668847618199,14.560219778561036,9.0,0.0,0.0,0.0,0.0,0.0,0.0,0.0,0.0,0.0,0.0,0.0,12.083045973594572,10.295630140987,7.0710678118654755,6.082762530298219,13.0,14.142135623730951,11.180339887498949,18.601075237738275,23.323807579381203,22.20360331117452,14.866068747318506,11.0,21.93171219946131,20.615528128088304,21.587033144922902,20.223748416156685,20.09975124224178,23.0,16.0,13.92838827718412,23.345235059857504,18.027756377319946,11.180339887498949,15.264337522473747,9.219544457292887,9.055385138137417
99.29753269845128,5.0,19.4164878389476,15.231546211727817,22.02271554554524,34.655446902326915,26.076809620810597,27.459060435491963,25.495097567963924,21.93171219946131,29.274562336608895,19.313207915827967,32.449961479175904,21.93171219946131,5.0990195135927845,6.324555320336759,9.899494936611665,16.76305461424021,11.180339887498949,13.92838827718412,14.142135623730951,15.811388300841896,20.591260281974,14.7648230602334,26.076809620810597,17.46424919657298,21.2602916254693,0.0,0.0,0.0,0.0,0.0,0.0,0.0,0.0,0.0,0.0,0.0,4.47213595499958,7.0710678118654755,13.892443989449804,20.615528128088304,5.656854249492381,13.038404810405298,10.04987562112089,20.8806130178211,40.85339643163099,29.068883707497267,21.840329667841555,32.28002478313795,44.384682042344295,39.45883931389772,22.135943621178654,24.331050121192877,21.095023109728988,13.0,17.72004514666935,10.63014581273465,16.1245154965971,3.1622776601683795,8.48528137423857,8.94427190999916,14.560219778561036,14.317821063276353
96.33794683301072,10.0,17.46424919657298,15.0,26.90724809414742,27.80287754891569,30.886890422961002,20.518284528683193,26.1725046566048,14.212670403551895,16.0312195418814,29.732137494637012,19.209372712298546,11.704699910719626,13.45362404707371,29.120439557122072,15.132745950421556,14.7648230602334,12.041594578792296,23.259406699226016,13.341664064126334,19.697715603592208,15.620499351813308,14.7648230602334,18.110770276274835,15.652475842498529,17.0,0.0,0.0,0.0,0.0,0.0,0.0,0.0,0.0,0.0,0.0,0.0,12.529964086141668,7.810249675906654,8.246211251235321,7.810249675906654,10.770329614269007,13.92838827718412,14.422205101855956,26.92582403567252,18.439088914585774,24.839484696748443,22.80350850198276,33.1058907144937,40.496913462633174,28.30194339616981,13.892443989449804,35.77708763999664,29.017236257093817,7.0710678118654755,13.152946437965905,16.278820596099706,12.649110640673518,10.0,12.36931687685298,2.23606797749979,1.4142135623730951,6.708203932499369
124.61540835707277,8.0,36.124783736376884,30.479501308256342,34.92849839314596,39.81205847478876,34.0,51.07837115648854,25.079872407968907,32.802438933713454,28.42534080710379,29.154759474226502,15.811388300841896,30.066592756745816,13.892443989449804,30.4138126514911,12.206555615733702,25.238858928247925,28.160255680657446,32.55764119219941,23.0,25.179356624028344,38.01315561749642,32.7566787083184,36.05551275463989,39.84971769034255,41.182520563948,0.0,0.0,0.0,0.0,0.0,0.0,0.0,0.0,0.0,0.0,0.0,8.94427190999916,19.849433241279208,15.297058540778355,13.892443989449804,12.083045973594572,29.068883707497267,35.35533905932738,36.05551275463989,44.28317965096906,49.09175083453431,41.593268686170845,50.60632371551998,42.941821107167776,47.12748667179272,45.880278987817846,45.39823785126467,40.049968789001575,32.0624390837628,20.248456731316587,29.154759474226502,25.238858928247925,16.55294535724685,14.422205101855956,12.806248474865697,8.06225774829855,11.704699910719626
34.0147027033899,33.0,34.92849839314596,12.206555615733702,46.52956049652737,38.27531841800928,56.859475903318,28.231188426986208,33.54101966249684,42.05948168962618,44.94441010848846,32.0,28.442925306655784,39.6232255123179,29.068883707497267,13.892443989449804,9.055385138137417,21.213203435596427,24.166091947189145,20.396078054371138,28.460498941515414,34.132096331752024,37.69615364994153,37.21558813185679,39.05124837953327,42.638011210655684,36.235341863986875,0.0,0.0,0.0,0.0,0.0,0.0,0.0,0.0,0.0,0.0,0.0,12.083045973594572,12.529964086141668,12.041594578792296,12.165525060596439,15.652475842498529,24.020824298928627,30.886890422961002,51.478150704935004,43.86342439892262,43.41658669218482,35.805027579936315,39.11521443121589,41.88078318274385,32.449961479175904,37.64306044943742,43.46262762420146,49.040799340956916,42.01190307520001,29.698484809834994,24.041630560342615,14.866068747318506,4.123105625617661,10.295630140987,2.8284271247461903,21.93171219946131,20.591260281974
103.09219175087898,6.0,16.1245154965971,12.806248474865697,13.152946437965905,8.246211251235321,20.12461179749811,20.591260281974,22.825424421026653,19.235384061671343,16.55294535724685,20.615528128088304,24.351591323771842,23.769728648009426,17.08800749063506,23.769728648009426,17.46424919657298,19.313207915827967,25.495097567963924,21.587033144922902,23.194827009486403,18.439088914585774,15.524174696260024,18.027756377319946,17.46424919657298,10.816653826391969,19.1049731745428,0.0,0.0,0.0,0.0,0.0,0.0,0.0,0.0,0.0,0.0,0.0,7.0710678118654755,8.06225774829855,14.422205101855956,13.601470508735444,14.7648230602334,14.422205101855956,18.439088914585774,22.47220505424423,17.72004514666935,27.892651361962706,21.02379604162864,20.024984394500787,26.019223662515376,29.154759474226502,23.53720459187964,25.495097567963924,27.65863337187866,19.4164878389476,25.0,18.0,29.274562336608895,20.396078054371138,18.027756377319946,15.620499351813308,12.649110640673518,13.341664064126334
134.2013412749664,25.0,17.46424919657298,6.4031242374328485,12.041594578792296,11.180339887498949,20.09975124224178,16.1245154965971,22.0,18.681541692269406,25.317977802344327,21.37755832643195,22.360679774997898,21.095023109728988,28.071337695236398,21.02379604162864,20.09975124224178,22.135943621178654,29.274562336608895,22.561028345356956,24.839484696748443,20.808652046684813,20.591260281974,13.601470508735444,7.211102550927978,13.341664064126334,10.816653826391969,0.0,0.0,0.0,0.0,0.0,0.0,0.0,0.0,0.0,0.0,0.0,13.892443989449804,8.54400374531753,12.041594578792296,11.180339887498949,15.297058540778355,12.806248474865697,21.095023109728988,18.384776310850235,23.600847442411894,24.041630560342615,19.79898987322333,20.808652046684813,24.596747752497688,23.53720459187964,24.698178070456937,24.351591323771842,26.476404589747453,22.47220505424423,33.13608305156178,21.470910553583888,27.16615541441225,22.47220505424423,18.110770276274835,19.697715603592208,13.892443989449804,8.0
141.0319112825179,26.0,15.620499351813308,9.848857801796104,14.866068747318506,17.029386365926403,27.80287754891569,17.72004514666935,25.0,19.313207915827967,20.615528128088304,28.178005607210743,25.179356624028344,27.073972741361768,18.027756377319946,20.396078054371138,21.587033144922902,28.231188426986208,27.892651361962706,21.2602916254693,21.840329667841555,26.92582403567252,19.6468827043885,9.848857801796104,7.0710678118654755,19.209372712298546,16.0312195418814,0.0,0.0,0.0,0.0,0.0,0.0,0.0,0.0,0.0,0.0,0.0,15.811388300841896,8.54400374531753,10.770329614269007,11.40175425099138,12.041594578792296,10.0,17.4928556845359,21.2602916254693,22.02271554554524,20.591260281974,19.4164878389476,15.620499351813308,28.284271247461902,17.11724276862369,18.439088914585774,32.202484376209235,29.732137494637012,17.72004514666935,15.033296378372908,34.23448553724738,16.492422502470642,29.410882339705484,28.231188426986208,18.384776310850235,12.649110640673518,12.529964086141668
103.09219175087898,6.0,7.211102550927978,19.924858845171276,8.94427190999916,22.02271554554524,23.08679276123039,22.135943621178654,18.384776310850235,23.08679276123039,18.788294228055936,20.248456731316587,27.459060435491963,25.0,18.439088914585774,18.110770276274835,32.202484376209235,20.024984394500787,24.73863375370596,20.518284528683193,14.035668847618199,20.248456731316587,16.401219466856727,20.615528128088304,6.324555320336759,11.40175425099138,14.560219778561036,0.0,0.0,0.0,0.0,0.0,0.0,0.0,0.0,0.0,0.0,0.0,12.36931687685298,16.64331697709324,10.0,8.54400374531753,11.045361017187261,12.083045973594572,15.524174696260024,23.769728648009426,16.0312195418814,18.027756377319946,18.973665961010276,17.804493814764857,21.93171219946131,18.867962264113206,26.40075756488817,22.67156809750927,28.284271247461902,24.413111231467404,21.540659228538015,18.027756377319946,22.20360331117452,12.529964086141668,17.204650534085253,23.853720883753127,16.1245154965971,21.93171219946131
43.86342439892262,14.0,4.47213595499958,17.4928556845359,25.019992006393608,19.1049731745428,17.69180601295413,20.518284528683193,11.661903789690601,23.345235059857504,23.853720883753127,24.758836806279895,23.706539182259394,29.206163733020468,25.553864678361276,21.93171219946131,21.2602916254693,22.627416997969522,18.601075237738275,22.627416997969522,21.02379604162864,17.4928556845359,13.601470508735444,16.55294535724685,17.46424919657298,16.76305461424021,16.0,0.0,0.0,0.0,0.0,0.0,0.0,0.0,0.0,0.0,0.0,0.0,13.341664064126334,13.341664064126334,11.40175425099138,8.94427190999916,12.083045973594572,20.591260281974,15.620499351813308,20.615528128088304,15.652475842498529,23.40939982143925,23.345235059857504,19.026297590440446,17.26267650163207,29.068883707497267,27.51363298439521,26.92582403567252,20.808652046684813,22.561028345356956,25.0,25.495097567963924,30.23243291566195,20.248456731316587,31.240998703626616,21.840329667841555,16.278820596099706,15.264337522473747
103.09219175087898,6.0,8.246211251235321,15.0,24.839484696748443,11.661903789690601,19.235384061671343,23.021728866442675,20.248456731316587,24.08318915758459,16.97056274847714,17.72004514666935,18.788294228055936,21.840329667841555,21.95449840010015,27.85677655436824,20.808652046684813,18.384776310850235,21.95449840010015,20.248456731316587,21.02379604162864,14.142135623730951,27.459060435491963,18.384776310850235,16.492422502470642,14.7648230602334,9.055385138137417,0.0,0.0,0.0,0.0,0.0,0.0,0.0,0.0,0.0,0.0,0.0,9.055385138137417,12.165525060596439,13.0,17.26267650163207,15.297058540778355,24.186773244895647,14.560219778561036,26.68332812825267,11.40175425099138,24.413111231467404,21.02379604162864,24.515301344262525,20.808652046684813,27.294688127912362,23.323807579381203,24.186773244895647,13.341664064126334,19.4164878389476,25.079872407968907,21.37755832643195,20.396078054371138,31.016124838541646,20.396078054371138,23.08679276123039,12.041594578792296,12.041594578792296
125.53883861180172,6.0,14.212670403551895,18.384776310850235,15.652475842498529,16.401219466856727,17.204650534085253,14.866068747318506,19.924858845171276,17.46424919657298,16.1245154965971,30.364452901377952,17.88854381999832,29.966648127543394,24.698178070456937,22.20360331117452,26.92582403567252,22.090722034374522,22.561028345356956,26.248809496813376,16.1245154965971,14.035668847618199,17.46424919657298,16.278820596099706,8.54400374531753,14.317821063276353,7.211102550927978,0.0,0.0,0.0,0.0,0.0,0.0,0.0,0.0,0.0,0.0,0.0,8.94427190999916,9.219544457292887,15.0,10.198039027185569,14.0,13.92838827718412,13.601470508735444,15.652475842498529,16.97056274847714,15.264337522473747,21.095023109728988,25.495097567963924,29.154759474226502,27.018512172212592,30.4138126514911,34.20526275297414,21.02379604162864,26.076809620810597,25.317977802344327,18.110770276274835,18.110770276274835,20.223748416156685,17.26267650163207,18.110770276274835,17.0,10.816653826391969
110.14535850411491,12.0,2.0,8.48528137423857,12.727922061357855,14.142135623730951,18.439088914585774,16.55294535724685,18.384776310850235,19.72308292331602,14.866068747318506,17.204650534085253,24.041630560342615,20.591260281974,23.323807579381203,26.076809620810597,19.849433241279208,24.186773244895647,22.561028345356956,19.1049731745428,19.026297590440446,23.345235059857504,12.36931687685298,11.40175425099138,21.18962010041709,15.620499351813308,12.083045973594572,0.0,0.0,0.0,0.0,0.0,0.0,0.0,0.0,0.0,0.0,0.0,12.36931687685298,12.041594578792296,13.92838827718412,10.04987562112089,10.198039027185569,15.231546211727817,17.08800749063506,13.892443989449804,20.8806130178211,21.02379604162864,26.0,25.079872407968907,26.1725046566048,27.65863337187866,28.178005607210743,17.88854381999832,24.698178070456937,25.45584412271571,23.769728648009426,21.400934559032695,31.016124838541646,16.401219466856727,28.600699292150182,16.55294535724685,9.433981132056603,11.40175425099138
103.09219175087898,6.0,4.47213595499958,4.123105625617661,12.083045973594572,13.152946437965905,16.64331697709324,19.026297590440446,21.840329667841555,18.973665961010276,19.4164878389476,18.681541692269406,27.85677655436824,25.079872407968907,27.294688127912362,31.575306807693888,19.72308292331602,26.076809620810597,21.93171219946131,21.400934559032695,16.1245154965971,16.401219466856727,21.213203435596427,22.627416997969522,19.4164878389476,15.556349186104045,13.892443989449804,0.0,0.0,0.0,0.0,0.0,0.0,0.0,0.0,0.0,0.0,0.0,10.0,15.132745950421556,13.341664064126334,8.06225774829855,11.180339887498949,16.64331697709324,24.758836806279895,9.433981132056603,9.219544457292887,22.47220505424423,22.67156809750927,22.825424421026653,21.470910553583888,26.476404589747453,26.476404589747453,26.0,27.85677655436824,32.0624390837628,30.675723300355934,24.331050121192877,17.0,28.0178514522438,16.97056274847714,19.697715603592208,16.76305461424021,16.1245154965971
103.09219175087898,6.0,15.524174696260024,12.727922061357855,21.470910553583888,18.867962264113206,9.219544457292887,22.825424421026653,17.0,21.37755832643195,19.72308292331602,20.12461179749811,26.019223662515376,24.331050121192877,25.317977802344327,22.80350850198276,24.596747752497688,17.72004514666935,27.51363298439521,19.924858845171276,22.80350850198276,15.264337522473747,14.212670403551895,13.45362404707371,10.44030650891055,15.811388300841896,11.045361017187261,0.0,0.0,0.0,0.0,0.0,0.0,0.0,0.0,0.0,0.0,0.0,13.038404810405298,17.029386365926403,16.401219466856727,11.40175425099138,15.231546211727817,15.132745950421556,14.035668847618199,14.560219778561036,20.615528128088304,20.615528128088304,23.430749027719962,26.076809620810597,28.42534080710379,23.430749027719962,30.364452901377952,32.55764119219941,26.40075756488817,33.015148038438355,30.0,22.02271554554524,27.313000567495326,27.294688127912362,27.784887978899608,13.892443989449804,17.08800749063506,5.0
103.09219175087898,6.0,8.246211251235321,11.40175425099138,10.0,12.0,24.413111231467404,11.045361017187261,14.866068747318506,10.816653826391969,19.4164878389476,16.76305461424021,20.12461179749811,22.0,18.110770276274835,13.92838827718412,18.027756377319946,15.264337522473747,19.6468827043885,19.4164878389476,7.211102550927978,13.038404810405298,17.0,12.206555615733702,11.0,11.40175425099138,6.082762530298219,0.0,0.0,0.0,0.0,0.0,0.0,0.0,0.0,0.0,0.0,0.0,8.06225774829855,11.045361017187261,9.055385138137417,15.0,14.422205101855956,16.401219466856727,18.601075237738275,10.770329614269007,15.652475842498529,13.341664064126334,18.24828759089466,19.235384061671343,18.24828759089466,20.223748416156685,23.345235059857504,19.235384061671343,20.396078054371138,14.0,25.0,28.284271247461902,13.92838827718412,28.460498941515414,18.24828759089466,7.280109889280518,19.6468827043885,8.06225774829855
68.00735254367721,17.0,9.848857801796104,4.242640687119285,14.317821063276353,10.63014581273465,13.416407864998739,19.235384061671343,15.0,12.041594578792296,24.166091947189145,26.076809620810597,20.615528128088304,26.019223662515376,23.40939982143925,21.2602916254693,28.861739379323623,19.313207915827967,21.095023109728988,22.360679774997898,15.132745950421556,15.524174696260024,17.0,8.246211251235321,3.0,14.0,18.384776310850235,0.0,0.0,0.0,0.0,0.0,0.0,0.0,0.0,0.0,0.0,0.0,13.152946437965905,17.88854381999832,7.0710678118654755,9.486832980505138,16.55294535724685,9.848857801796104,13.601470508735444,12.206555615733702,18.439088914585774,16.1245154965971,26.627053911388696,19.79898987322333,16.0312195418814,21.540659228538015,32.202484376209235,26.076809620810597,29.427877939124322,25.632011235952593,18.384776310850235,22.360679774997898,28.071337695236398,14.560219778561036,16.0312195418814,11.0,20.248456731316587,12.083045973594572
103.09219175087898,6.0,9.848857801796104,13.601470508735444,13.601470508735444,12.083045973594572,16.401219466856727,16.55294535724685,17.029386365926403,19.849433241279208,22.825424421026653,20.591260281974,21.095023109728988,24.698178070456937,25.612496949731394,24.186773244895647,19.72308292331602,24.20743687382041,18.35755975068582,21.470910553583888,17.08800749063506,18.681541692269406,16.278820596099706,18.439088914585774,14.7648230602334,13.341664064126334,17.88854381999832,0.0,0.0,0.0,0.0,0.0,0.0,0.0,0.0,0.0,0.0,0.0,13.892443989449804,10.0,9.219544457292887,8.94427190999916,16.76305461424021,19.1049731745428,17.11724276862369,20.615528128088304,17.0,18.384776310850235,16.278820596099706,21.18962010041709,20.591260281974,20.12461179749811,25.80697580112788,21.633307652783937,16.278820596099706,28.30194339616981,24.758836806279895,22.02271554554524,24.413111231467404,19.209372712298546,25.612496949731394,18.867962264113206,2.23606797749979,10.04987562112089
103.09219175087898,6.0,11.661903789690601,11.045361017187261,18.788294228055936,12.083045973594572,9.848857801796104,20.8806130178211,16.278820596099706,15.524174696260024,17.11724276862369,17.11724276862369,22.090722034374522,23.08679276123039,31.016124838541646,24.08318915758459,23.53720459187964,24.73863375370596,23.706539182259394,24.020824298928627,17.08800749063506,20.024984394500787,7.280109889280518,20.591260281974,16.401219466856727,15.524174696260024,12.041594578792296,0.0,0.0,0.0,0.0,0.0,0.0,0.0,0.0,0.0,0.0,0.0,13.0,12.36931687685298,17.804493814764857,13.892443989449804,17.69180601295413,15.811388300841896,14.7648230602334,14.866068747318506,21.095023109728988,23.345235059857504,17.11724276862369,26.570660511172846,20.0,21.587033144922902,25.709920264364882,27.16615541441225,22.80350850198276,25.96150997149434,21.02379604162864,29.732137494637012,25.0,19.235384061671343,19.924858845171276,13.601470508735444,14.317821063276353,17.029386365926403
103.09219175087898,6.0,10.770329614269007,8.06225774829855,12.041594578792296,8.06225774829855,14.035668847618199,18.384776310850235,24.041630560342615,11.180339887498949,18.027756377319946,31.25699921617557,17.029386365926403,27.0,23.08679276123039,20.396078054371138,25.079872407968907,25.179356624028344,25.632011235952593,19.6468827043885,17.26267650163207,11.045361017187261,24.698178070456937,12.206555615733702,17.804493814764857,11.704699910719626,13.416407864998739,0.0,0.0,0.0,0.0,0.0,0.0,0.0,0.0,0.0,0.0,0.0,8.06225774829855,14.317821063276353,13.892443989449804,11.661903789690601,16.15549442140351,16.64331697709324,19.209372712298546,9.848857801796104,18.027756377319946,18.973665961010276,20.615528128088304,17.46424919657298,24.041630560342615,20.615528128088304,32.01562118716424,21.02379604162864,30.4138126514911,29.068883707497267,18.027756377319946,22.360679774997898,19.026297590440446,13.892443989449804,21.0,21.540659228538015,15.524174696260024,9.433981132056603
139.54210834009928,7.0,18.24828759089466,10.04987562112089,17.88854381999832,8.54400374531753,11.704699910719626,18.681541692269406,20.223748416156685,10.04987562112089,14.560219778561036,7.0710678118654755,7.0710678118654755,12.806248474865697,15.0,17.46424919657298,20.223748416156685,20.09975124224178,23.021728866442675,23.0,21.095023109728988,26.92582403567252,24.166091947189145,26.92582403567252,23.40939982143925,27.313000567495326,20.12461179749811,0.0,0.0,0.0,0.0,0.0,0.0,0.0,0.0,0.0,0.0,0.0,22.02271554554524,21.540659228538015,15.524174696260024,14.035668847618199,19.924858845171276,12.206555615733702,14.142135623730951,17.029386365926403,19.924858845171276,22.135943621178654,22.360679774997898,20.024984394500787,31.953090617340916,28.0178514522438,29.017236257093817,28.160255680657446,17.11724276862369,21.213203435596427,15.297058540778355,12.083045973594572,11.40175425099138,9.055385138137417,9.219544457292887,16.401219466856727,23.853720883753127,2.23606797749979
128.0,8.0,19.313207915827967,9.219544457292887,20.248456731316587,27.586228448267445,28.0178514522438,24.186773244895647,21.095023109728988,10.816653826391969,19.026297590440446,24.186773244895647,14.866068747318506,17.0,21.095023109728988,27.202941017470888,30.01666203960727,28.30194339616981,33.83784863137726,29.546573405388315,43.68065933568311,41.23105625617661,51.35172830587107,46.69047011971501,42.42640687119285,40.44749683231337,46.17358552246078,0.0,0.0,0.0,0.0,0.0,0.0,0.0,0.0,0.0,0.0,0.0,30.083217912982647,28.635642126552707,30.01666203960727,24.331050121192877,23.769728648009426,28.42534080710379,22.02271554554524,31.38470965295043,34.713109915419565,36.49657518178932,35.0,35.510561809129406,41.0,40.718546143004666,49.72926703662542,42.04759208325728,33.60059523282288,36.138621999185304,35.90264614203248,33.1058907144937,14.035668847618199,6.0,15.231546211727817,19.4164878389476,16.278820596099706,36.359317925395686
133.8992158304148,7.0,3.1622776601683795,16.15549442140351,13.601470508735444,12.649110640673518,15.0,19.235384061671343,18.24828759089466,16.1245154965971,24.515301344262525,11.40175425099138,18.24828759089466,19.235384061671343,21.587033144922902,23.323807579381203,15.811388300841896,23.40939982143925,18.788294228055936,12.0,10.04987562112089,14.422205101855956,9.433981132056603,17.08800749063506,17.08800749063506,7.810249675906654,4.47213595499958,0.0,0.0,0.0,0.0,0.0,0.0,0.0,0.0,0.0,0.0,0.0,9.219544457292887,12.36931687685298,7.810249675906654,5.0990195135927845,10.295630140987,11.40175425099138,17.204650534085253,23.021728866442675,19.4164878389476,10.198039027185569,10.295630140987,29.206163733020468,10.0,28.635642126552707,22.360679774997898,28.635642126552707,19.235384061671343,18.681541692269406,23.769728648009426,25.96150997149434,20.518284528683193,21.470910553583888,26.90724809414742,16.55294535724685,10.63014581273465,14.035668847618199
112.14722466472365,9.0,16.278820596099706,18.110770276274835,8.06225774829855,18.110770276274835,29.154759474226502,21.540659228538015,27.202941017470888,21.0,25.495097567963924,16.76305461424021,21.95449840010015,24.041630560342615,23.021728866442675,21.095023109728988,18.35755975068582,27.784887978899608,29.068883707497267,21.02379604162864,23.40939982143925,19.235384061671343,17.029386365926403,16.97056274847714,9.486832980505138,13.152946437965905,14.422205101855956,0.0,0.0,0.0,0.0,0.0,0.0,0.0,0.0,0.0,0.0,0.0,12.165525060596439,7.0710678118654755,12.165525060596439,10.0,12.806248474865697,16.1245154965971,22.20360331117452,15.652475842498529,14.422205101855956,21.213203435596427,23.706539182259394,19.235384061671343,20.518284528683193,25.238858928247925,21.470910553583888,26.419689627245813,33.24154027718932,27.313000567495326,29.614185789921695,17.26267650163207,21.37755832643195,25.238858928247925,27.202941017470888,17.72004514666935,16.1245154965971,11.704699910719626
103.09219175087898,6.0,9.219544457292887,8.246211251235321,13.92838827718412,13.038404810405298,5.0,14.560219778561036,21.213203435596427,19.313207915827967,16.278820596099706,25.079872407968907,21.095023109728988,21.02379604162864,28.460498941515414,25.612496949731394,25.019992006393608,25.45584412271571,13.152946437965905,16.15549442140351,27.459060435491963,20.0,11.704699910719626,10.04987562112089,7.0710678118654755,8.54400374531753,14.317821063276353,0.0,0.0,0.0,0.0,0.0,0.0,0.0,0.0,0.0,0.0,0.0,8.54400374531753,8.0,10.816653826391969,5.830951894845301,11.045361017187261,14.866068747318506,11.180339887498949,17.46424919657298,8.602325267042627,10.0,24.351591323771842,23.345235059857504,17.0,22.360679774997898,15.132745950421556,18.0,25.0,21.02379604162864,24.515301344262525,27.202941017470888,19.235384061671343,22.090722034374522,14.866068747318506,17.72004514666935,9.219544457292887,14.035668847618199
103.09219175087898,6.0,3.0,11.045361017187261,30.463092423455635,16.64331697709324,18.384776310850235,18.027756377319946,17.804493814764857,22.20360331117452,21.587033144922902,22.80350850198276,22.627416997969522,24.413111231467404,20.8806130178211,30.23243291566195,29.410882339705484,23.600847442411894,22.02271554554524,18.027756377319946,18.027756377319946,15.231546211727817,17.26267650163207,13.601470508735444,12.165525060596439,13.892443989449804,14.212670403551895,0.0,0.0,0.0,0.0,0.0,0.0,0.0,0.0,0.0,0.0,0.0,9.055385138137417,8.246211251235321,11.704699910719626,6.324555320336759,14.212670403551895,13.038404810405298,21.213203435596427,14.422205101855956,20.518284528683193,24.73863375370596,25.553864678361276,22.47220505424423,17.0,25.0,30.805843601498726,22.47220505424423,25.96150997149434,31.064449134018133,24.0,17.204650534085253,21.93171219946131,21.93171219946131,30.01666203960727,18.439088914585774,19.697715603592208,13.601470508735444
70.03570517957252,12.0,8.06225774829855,10.770329614269007,11.40175425099138,23.53720459187964,14.035668847618199,8.06225774829855,12.041594578792296,16.15549442140351,19.72308292331602,27.784887978899608,23.323807579381203,25.079872407968907,22.80350850198276,17.08800749063506,26.30589287593181,21.540659228538015,21.095023109728988,24.041630560342615,15.0,17.11724276862369,14.560219778561036,13.038404810405298,19.1049731745428,18.439088914585774,12.727922061357855,0.0,0.0,0.0,0.0,0.0,0.0,0.0,0.0,0.0,0.0,0.0,9.433981132056603,8.54400374531753,7.810249675906654,11.180339887498949,14.035668847618199,16.0312195418814,14.317821063276353,24.596747752497688,24.08318915758459,24.698178070456937,26.90724809414742,32.55764119219941,20.615528128088304,24.698178070456937,26.570660511172846,23.021728866442675,23.323807579381203,31.78049716414141,18.867962264113206,27.294688127912362,17.46424919657298,14.317821063276353,15.297058540778355,9.486832980505138,12.649110640673518,13.601470508735444
175.45369759569047,7.0,8.246211251235321,7.211102550927978,17.204650534085253,13.038404810405298,16.15549442140351,14.7648230602334,26.419689627245813,16.401219466856727,24.839484696748443,18.027756377319946,32.7566787083184,17.029386365926403,13.416407864998739,28.460498941515414,23.323807579381203,20.615528128088304,21.400934559032695,21.633307652783937,14.035668847618199,15.811388300841896,16.278820596099706,15.652475842498529,12.806248474865697,11.313708498984761,16.64331697709324,0.0,0.0,0.0,0.0,0.0,0.0,0.0,0.0,0.0,0.0,0.0,10.04987562112089,12.041594578792296,6.082762530298219,17.804493814764857,13.038404810405298,13.601470508735444,20.12461179749811,14.866068747318506,20.518284528683193,16.64331697709324,23.40939982143925,20.0,20.12461179749811,20.615528128088304,29.410882339705484,17.88854381999832,20.0,28.0178514522438,29.5296461204668,30.083217912982647,14.422205101855956,20.808652046684813,28.42534080710379,14.212670403551895,11.704699910719626,11.40175425099138
132.48396129343357,8.0,16.278820596099706,11.40175425099138,16.1245154965971,15.524174696260024,9.055385138137417,19.6468827043885,18.24828759089466,16.15549442140351,22.02271554554524,23.259406699226016,25.0,27.459060435491963,18.439088914585774,29.120439557122072,13.601470508735444,25.019992006393608,25.317977802344327,19.1049731745428,28.160255680657446,18.110770276274835,18.027756377319946,17.46424919657298,12.727922061357855,11.0,9.055385138137417,0.0,0.0,0.0,0.0,0.0,0.0,0.0,0.0,0.0,0.0,0.0,11.180339887498949,15.556349186104045,14.866068747318506,10.770329614269007,12.083045973594572,13.416407864998739,16.278820596099706,18.027756377319946,21.02379604162864,18.027756377319946,27.892651361962706,27.65863337187866,30.01666203960727,25.298221281347036,30.066592756745816,24.166091947189145,31.78049716414141,28.178005607210743,26.076809620810597,21.93171219946131,22.135943621178654,14.560219778561036,18.027756377319946,13.038404810405298,9.486832980505138,19.924858845171276
69.77105417004964,12.0,10.770329614269007,5.385164807134504,10.63014581273465,15.0,14.866068747318506,25.059928172283335,17.029386365926403,23.345235059857504,12.649110640673518,29.120439557122072,15.620499351813308,24.041630560342615,19.4164878389476,35.90264614203248,26.419689627245813,17.204650534085253,6.708203932499369,10.04987562112089,22.02271554554524,21.37755832643195,9.219544457292887,19.026297590440446,15.620499351813308,8.48528137423857,9.486832980505138,0.0,0.0,0.0,0.0,0.0,0.0,0.0,0.0,0.0,0.0,0.0,11.180339887498949,10.295630140987,17.0,12.36931687685298,11.180339887498949,12.36931687685298,10.04987562112089,20.615528128088304,21.95449840010015,24.186773244895647,31.906112267087632,27.459060435491963,31.89043743820395,24.351591323771842,27.586228448267445,25.553864678361276,23.430749027719962,17.0,21.633307652783937,26.92582403567252,28.160255680657446,30.675723300355934,18.027756377319946,16.15549442140351,9.486832980505138,9.486832980505138
88.02272433866155,10.0,9.0,2.23606797749979,11.704699910719626,19.4164878389476,5.656854249492381,18.973665961010276,22.80350850198276,15.811388300841896,19.72308292331602,24.331050121192877,9.486832980505138,17.0,21.633307652783937,18.973665961010276,21.400934559032695,25.495097567963924,19.849433241279208,13.038404810405298,20.248456731316587,21.095023109728988,13.152946437965905,18.384776310850235,17.804493814764857,13.892443989449804,16.492422502470642,0.0,0.0,0.0,0.0,0.0,0.0,0.0,0.0,0.0,0.0,0.0,6.0,14.212670403551895,6.082762530298219,14.866068747318506,15.524174696260024,11.40175425099138,13.152946437965905,21.213203435596427,16.0312195418814,17.88854381999832,16.15549442140351,17.72004514666935,19.4164878389476,24.698178070456937,27.784887978899608,32.64965543462902,24.698178070456937,16.64331697709324,28.178005607210743,30.4138126514911,26.90724809414742,20.396078054371138,18.788294228055936,28.231188426986208,13.92838827718412,13.0
73.348483283569,11.0,6.082762530298219,5.385164807134504,9.055385138137417,11.661903789690601,12.529964086141668,18.110770276274835,23.259406699226016,14.7648230602334,16.401219466856727,19.924858845171276,21.95449840010015,20.615528128088304,22.80350850198276,17.08800749063506,20.518284528683193,26.570660511172846,21.93171219946131,16.76305461424021,18.439088914585774,16.492422502470642,9.0,14.035668847618199,11.180339887498949,13.0,10.770329614269007,0.0,0.0,0.0,0.0,0.0,0.0,0.0,0.0,0.0,0.0,0.0,13.038404810405298,5.0990195135927845,7.211102550927978,10.816653826391969,15.264337522473747,19.6468827043885,13.341664064126334,12.041594578792296,14.560219778561036,17.029386365926403,23.021728866442675,20.396078054371138,25.298221281347036,27.073972741361768,26.076809620810597,18.601075237738275,20.808652046684813,28.42534080710379,31.38470965295043,21.95449840010015,18.24828759089466,16.55294535724685,12.206555615733702,11.661903789690601,15.652475842498529,12.083045973594572
56.0357029044876,13.0,9.219544457292887,14.422205101855956,8.0,14.317821063276353,25.238858928247925,13.416407864998739,16.0312195418814,14.035668847618199,16.76305461424021,19.924858845171276,18.24828759089466,24.041630560342615,23.08679276123039,25.96150997149434,29.068883707497267,20.8806130178211,15.132745950421556,17.08800749063506,17.46424919657298,8.06225774829855,9.486832980505138,10.44030650891055,11.313708498984761,12.36931687685298,12.649110640673518,0.0,0.0,0.0,0.0,0.0,0.0,0.0,0.0,0.0,0.0,0.0,12.083045973594572,11.661903789690601,8.246211251235321,11.180339887498949,13.416407864998739,14.866068747318506,15.811388300841896,10.770329614269007,18.110770276274835,26.076809620810597,25.495097567963924,22.135943621178654,19.924858845171276,34.058772731852805,26.248809496813376,27.294688127912362,23.706539182259394,34.23448553724738,25.079872407968907,23.345235059857504,29.614185789921695,17.0,17.46424919657298,21.02379604162864,17.26267650163207,9.219544457292887
96.51942809610924,15.0,14.142135623730951,8.94427190999916,7.0710678118654755,16.1245154965971,6.324555320336759,11.313708498984761,16.97056274847714,13.416407864998739,18.788294228055936,29.698484809834994,24.413111231467404,23.345235059857504,20.615528128088304,24.20743687382041,24.20743687382041,22.47220505424423,27.65863337187866,15.132745950421556,18.439088914585774,11.0,21.587033144922902,11.180339887498949,8.54400374531753,18.110770276274835,5.830951894845301,0.0,0.0,0.0,0.0,0.0,0.0,0.0,0.0,0.0,0.0,0.0,11.045361017187261,14.422205101855956,9.433981132056603,8.06225774829855,13.0,21.93171219946131,17.46424919657298,13.601470508735444,17.46424919657298,26.076809620810597,23.194827009486403,23.40939982143925,18.384776310850235,21.213203435596427,21.95449840010015,32.7566787083184,30.886890422961002,31.11269837220809,19.849433241279208,15.811388300841896,22.02271554554524,15.0,18.788294228055936,14.560219778561036,17.204650534085253,3.605551275463989
175.45369759569047,7.0,9.055385138137417,8.246211251235321,8.54400374531753,8.602325267042627,7.211102550927978,17.69180601295413,17.804493814764857,18.867962264113206,24.041630560342615,9.848857801796104,21.2602916254693,16.1245154965971,30.01666203960727,17.88854381999832,24.839484696748443,25.079872407968907,22.02271554554524,23.021728866442675,25.942243542145693,22.80350850198276,15.0,10.04987562112089,9.055385138137417,10.816653826391969,9.848857801796104,0.0,0.0,0.0,0.0,0.0,0.0,0.0,0.0,0.0,0.0,0.0,9.486832980505138,11.704699910719626,10.198039027185569,11.180339887498949,11.180339887498949,12.041594578792296,14.212670403551895,17.804493814764857,22.47220505424423,13.0,25.0,18.027756377319946,27.459060435491963,26.248809496813376,29.120439557122072,25.298221281347036,20.024984394500787,25.298221281347036,19.72308292331602,24.186773244895647,25.495097567963924,17.46424919657298,16.1245154965971,15.132745950421556,15.132745950421556,9.899494936611665
128.0,8.0,9.486832980505138,10.63014581273465,12.083045973594572,11.045361017187261,17.11724276862369,13.341664064126334,27.018512172212592,19.6468827043885,20.223748416156685,19.6468827043885,21.587033144922902,15.0,21.93171219946131,18.681541692269406,26.019223662515376,17.0,18.027756377319946,24.351591323771842,12.529964086141668,9.219544457292887,12.041594578792296,18.867962264113206,17.029386365926403,14.212670403551895,6.324555320336759,0.0,0.0,0.0,0.0,0.0,0.0,0.0,0.0,0.0,0.0,0.0,7.0710678118654755,11.180339887498949,12.041594578792296,13.038404810405298,10.0,13.038404810405298,18.439088914585774,20.615528128088304,10.63014581273465,18.027756377319946,17.11724276862369,18.110770276274835,23.769728648009426,27.16615541441225,26.019223662515376,26.1725046566048,19.235384061671343,23.53720459187964,32.2490309931942,28.284271247461902,23.194827009486403,28.861739379323623,20.615528128088304,26.019223662515376,18.0,13.038404810405298
103.09219175087898,6.0,9.848857801796104,17.69180601295413,12.529964086141668,11.40175425099138,16.55294535724685,13.892443989449804,20.0,21.840329667841555,24.166091947189145,18.24828759089466,33.421549934136806,23.259406699226016,25.495097567963924,27.018512172212592,25.0,23.40939982143925,22.825424421026653,18.027756377319946,19.4164878389476,27.018512172212592,12.041594578792296,13.038404810405298,13.038404810405298,13.601470508735444,11.313708498984761,0.0,0.0,0.0,0.0,0.0,0.0,0.0,0.0,0.0,0.0,0.0,8.06225774829855,11.0,12.206555615733702,5.0990195135927845,11.045361017187261,19.313207915827967,22.80350850198276,17.4928556845359,20.591260281974,15.524174696260024,21.02379604162864,21.840329667841555,37.0,30.14962686336267,24.0,22.02271554554524,17.029386365926403,10.63014581273465,23.021728866442675,25.495097567963924,21.470910553583888,24.041630560342615,15.811388300841896,17.029386365926403,5.385164807134504,8.602325267042627
133.8992158304148,7.0,28.284271247461902,19.4164878389476,13.038404810405298,12.206555615733702,12.727922061357855,10.0,5.0,6.0,18.027756377319946,12.206555615733702,17.0,22.360679774997898,18.681541692269406,23.769728648009426,25.96150997149434,24.73863375370596,25.179356624028344,12.206555615733702,19.924858845171276,11.40175425099138,18.439088914585774,20.12461179749811,20.808652046684813,13.416407864998739,19.697715603592208,0.0,0.0,0.0,0.0,0.0,0.0,0.0,0.0,0.0,0.0,0.0,32.202484376209235,20.248456731316587,23.323807579381203,22.135943621178654,18.681541692269406,13.92838827718412,14.317821063276353,8.54400374531753,11.704699910719626,13.892443989449804,11.40175425099138,12.649110640673518,15.264337522473747,23.08679276123039,20.591260281974,18.35755975068582,29.832867780352597,25.059928172283335,27.018512172212592,31.622776601683793,30.479501308256342,26.90724809414742,29.832867780352597,33.301651610693426,41.400483088968905,35.0
128.0,8.0,46.09772228646444,32.984845004941285,25.495097567963924,29.966648127543394,22.02271554554524,24.186773244895647,7.0710678118654755,20.808652046684813,24.08318915758459,33.54101966249684,41.23105625617661,22.825424421026653,46.486557196677836,33.015148038438355,25.317977802344327,33.83784863137726,21.840329667841555,33.06055050963308,27.892651361962706,19.235384061671343,20.591260281974,9.219544457292887,15.811388300841896,19.1049731745428,18.027756377319946,0.0,0.0,0.0,0.0,0.0,0.0,0.0,0.0,0.0,0.0,0.0,39.44616584663204,28.0178514522438,25.298221281347036,29.614185789921695,22.090722034374522,20.09975124224178,17.4928556845359,21.37755832643195,11.045361017187261,17.11724276862369,8.06225774829855,12.041594578792296,13.0,16.76305461424021,25.179356624028344,13.601470508735444,26.076809620810597,32.7566787083184,30.14962686336267,35.805027579936315,65.11528238439882,34.88552708502482,31.953090617340916,42.7551166528639,38.8329756778952,39.01281840626232
73.348483283569,11.0,12.727922061357855,17.69180601295413,15.132745950421556,10.295630140987,10.63014581273465,14.317821063276353,15.033296378372908,16.401219466856727,18.601075237738275,14.560219778561036,18.027756377319946,20.12461179749811,23.706539182259394,16.55294535724685,30.675723300355934,23.853720883753127,24.331050121192877,18.384776310850235,17.029386365926403,18.439088914585774,15.297058540778355,11.180339887498949,18.439088914585774,7.615773105863909,13.038404810405298,0.0,0.0,0.0,0.0,0.0,0.0,0.0,0.0,0.0,0.0,0.0,15.0,12.206555615733702,8.54400374531753,14.317821063276353,14.560219778561036,17.029386365926403,20.615528128088304,18.110770276274835,24.08318915758459,23.259406699226016,17.08800749063506,18.867962264113206,21.540659228538015,19.1049731745428,25.612496949731394,26.832815729997478,28.319604517012593,27.586228448267445,23.600847442411894,18.601075237738275,18.601075237738275,16.64331697709324,22.825424421026653,26.419689627245813,13.601470508735444,12.529964086141668
56.0357029044876,13.0,11.180339887498949,16.64331697709324,8.0,17.204650534085253,20.248456731316587,21.37755832643195,8.94427190999916,19.79898987322333,16.278820596099706,25.079872407968907,20.248456731316587,20.591260281974,29.068883707497267,22.360679774997898,18.439088914585774,19.6468827043885,27.730849247724095,23.600847442411894,15.132745950421556,23.0,23.40939982143925,18.110770276274835,10.04987562112089,14.035668847618199,5.0990195135927845,0.0,0.0,0.0,0.0,0.0,0.0,0.0,0.0,0.0,0.0,0.0,7.211102550927978,9.899494936611665,12.041594578792296,12.36931687685298,14.560219778561036,14.0,19.1049731745428,16.76305461424021,16.278820596099706,26.076809620810597,24.186773244895647,23.40939982143925,25.238858928247925,23.706539182259394,30.805843601498726,40.80441152620633,26.627053911388696,23.40939982143925,31.400636936215164,15.231546211727817,24.041630560342615,30.479501308256342,22.02271554554524,13.45362404707371,22.80350850198276,13.892443989449804
103.09219175087898,6.0,15.264337522473747,18.24828759089466,20.223748416156685,10.770329614269007,23.021728866442675,19.697715603592208,24.08318915758459,28.160255680657446,15.0,20.8806130178211,25.298221281347036,21.095023109728988,22.80350850198276,16.278820596099706,20.591260281974,22.02271554554524,19.209372712298546,21.95449840010015,28.178005607210743,18.027756377319946,9.486832980505138,14.142135623730951,14.560219778561036,17.029386365926403,18.027756377319946,0.0,0.0,0.0,0.0,0.0,0.0,0.0,0.0,0.0,0.0,0.0,7.0710678118654755,15.811388300841896,19.0,13.416407864998739,9.055385138137417,14.0,14.035668847618199,15.264337522473747,15.811388300841896,20.591260281974,22.847319317591726,19.849433241279208,31.144823004794873,32.802438933713454,23.430749027719962,28.319604517012593,34.058772731852805,15.231546211727817,22.561028345356956,12.36931687685298,35.22782990761707,17.46424919657298,17.08800749063506,20.09975124224178,15.811388300841896,16.278820596099706
46.69047011971501,13.0,11.045361017187261,7.615773105863909,17.4928556845359,9.848857801796104,14.317821063276353,14.7648230602334,17.804493814764857,19.79898987322333,26.1725046566048,24.166091947189145,15.811388300841896,22.825424421026653,15.556349186104045,29.068883707497267,19.79898987322333,23.345235059857504,27.459060435491963,17.08800749063506,15.811388300841896,12.649110640673518,13.601470508735444,21.02379604162864,18.24828759089466,13.0,12.649110640673518,0.0,0.0,0.0,0.0,0.0,0.0,0.0,0.0,0.0,0.0,0.0,11.0,10.04987562112089,7.0710678118654755,10.816653826391969,14.212670403551895,9.219544457292887,16.55294535724685,21.18962010041709,14.035668847618199,15.033296378372908,23.0,13.152946437965905,17.08800749063506,27.892651361962706,21.095023109728988,33.61547262794322,29.732137494637012,27.018512172212592,30.4138126514911,18.973665961010276,23.769728648009426,21.095023109728988,22.02271554554524,17.0,14.142135623730951,10.0
34.92849839314596,15.0,23.08679276123039,10.04987562112089,14.142135623730951,19.697715603592208,24.351591323771842,18.973665961010276,17.72004514666935,28.0,19.235384061671343,17.26267650163207,24.73863375370596,19.235384061671343,23.08679276123039,15.652475842498529,17.88854381999832,17.0,18.0,22.360679774997898,20.0,16.0312195418814,14.317821063276353,13.601470508735444,15.620499351813308,15.811388300841896,15.0,0.0,0.0,0.0,0.0,0.0,0.0,0.0,0.0,0.0,0.0,0.0,8.06225774829855,5.0990195135927845,11.180339887498949,12.041594578792296,11.180339887498949,7.0710678118654755,15.033296378372908,16.1245154965971,15.132745950421556,15.132745950421556,24.351591323771842,21.95449840010015,32.14031735997639,24.515301344262525,21.93171219946131,30.675723300355934,17.029386365926403,34.058772731852805,20.8806130178211,33.13608305156178,22.80350850198276,22.02271554554524,15.297058540778355,21.095023109728988,22.20360331117452,9.055385138137417
128.0,8.0,14.035668847618199,15.524174696260024,18.439088914585774,12.206555615733702,18.24828759089466,13.0,17.26267650163207,21.0,24.73863375370596,19.313207915827967,19.0,25.019992006393608,24.020824298928627,20.396078054371138,18.35755975068582,29.0,20.591260281974,19.72308292331602,21.587033144922902,20.615528128088304,19.72308292331602,17.029386365926403,12.727922061357855,14.317821063276353,15.033296378372908,0.0,0.0,0.0,0.0,0.0,0.0,0.0,0.0,0.0,0.0,0.0,7.0710678118654755,12.206555615733702,10.198039027185569,12.649110640673518,12.165525060596439,16.15549442140351,11.661903789690601,18.384776310850235,21.18962010041709,17.69180601295413,23.08679276123039,18.027756377319946,25.495097567963924,24.698178070456937,22.80350850198276,19.849433241279208,28.284271247461902,20.396078054371138,20.248456731316587,21.02379604162864,21.02379604162864,19.235384061671343,15.652475842498529,17.204650534085253,17.4928556845359,8.54400374531753
131.59027319676784,5.0,10.0,8.06225774829855,16.64331697709324,11.045361017187261,19.697715603592208,22.360679774997898,26.476404589747453,15.652475842498529,27.85677655436824,19.72308292331602,28.844410203711913,24.73863375370596,28.160255680657446,23.40939982143925,21.840329667841555,17.0,26.627053911388696,20.248456731316587,14.866068747318506,31.144823004794873,17.029386365926403,13.038404810405298,14.866068747318506,10.44030650891055,13.601470508735444,0.0,0.0,0.0,0.0,0.0,0.0,0.0,0.0,0.0,0.0,0.0,7.280109889280518,7.615773105863909,15.652475842498529,10.295630140987,15.0,19.72308292331602,22.360679774997898,21.93171219946131,16.55294535724685,25.942243542145693,20.615528128088304,19.4164878389476,24.041630560342615,18.027756377319946,24.413111231467404,31.38470965295043,23.600847442411894,24.698178070456937,22.561028345356956,29.68164415931166,23.40939982143925,23.769728648009426,20.808652046684813,17.46424919657298,13.038404810405298,22.80350850198276
139.54210834009928,7.0,13.45362404707371,8.0,13.152946437965905,14.317821063276353,17.4928556845359,12.041594578792296,23.021728866442675,25.495097567963924,22.561028345356956,21.540659228538015,30.364452901377952,25.0,22.47220505424423,24.351591323771842,22.360679774997898,24.351591323771842,20.248456731316587,18.867962264113206,16.64331697709324,16.401219466856727,17.804493814764857,11.180339887498949,15.652475842498529,9.0,12.649110640673518,0.0,0.0,0.0,0.0,0.0,0.0,0.0,0.0,0.0,0.0,0.0,8.48528137423857,11.180339887498949,10.44030650891055,6.082762530298219,5.0990195135927845,13.601470508735444,11.40175425099138,27.294688127912362,16.278820596099706,13.038404810405298,22.47220505424423,24.08318915758459,27.294688127912362,25.079872407968907,32.202484376209235,25.079872407968907,19.235384061671343,25.059928172283335,32.202484376209235,28.160255680657446,24.166091947189145,21.095023109728988,20.12461179749811,19.849433241279208,14.866068747318506,17.72004514666935
98.97979591815695,21.0,9.433981132056603,14.0,21.470910553583888,8.94427190999916,12.165525060596439,23.08679276123039,23.53720459187964,25.632011235952593,22.090722034374522,19.1049731745428,25.96150997149434,24.041630560342615,29.0,25.495097567963924,27.0,24.0,23.345235059857504,26.019223662515376,18.027756377319946,13.601470508735444,16.55294535724685,17.804493814764857,10.44030650891055,14.866068747318506,13.601470508735444,0.0,0.0,0.0,0.0,0.0,0.0,0.0,0.0,0.0,0.0,0.0,11.0,7.0710678118654755,15.231546211727817,14.212670403551895,17.46424919657298,15.652475842498529,13.601470508735444,18.681541692269406,13.601470508735444,28.442925306655784,26.019223662515376,17.11724276862369,22.20360331117452,28.160255680657446,16.278820596099706,20.0,20.024984394500787,24.186773244895647,29.120439557122072,26.019223662515376,21.37755832643195,22.0,24.08318915758459,16.492422502470642,21.095023109728988,5.0990195135927845
175.45369759569047,7.0,71.30918594402827,39.92492955535426,52.15361924162119,60.440052945046304,35.4682957019364,43.41658669218482,37.21558813185679,29.410882339705484,32.0624390837628,23.345235059857504,29.427877939124322,27.892651361962706,3.1622776601683795,19.697715603592208,11.704699910719626,3.1622776601683795,8.54400374531753,3.0,18.788294228055936,18.384776310850235,19.1049731745428,27.0,37.21558813185679,33.13608305156178,36.49657518178932,0.0,0.0,0.0,0.0,0.0,0.0,0.0,0.0,0.0,0.0,0.0,23.706539182259394,20.0,27.459060435491963,28.861739379323623,34.92849839314596,34.36568055487916,37.48332962798263,33.13608305156178,43.41658669218482,36.40054944640259,30.4138126514911,44.384682042344295,44.204072210600685,26.0,20.615528128088304,22.02271554554524,18.24828759089466,20.591260281974,18.439088914585774,31.827660925679098,35.84689665786984,41.0,47.80167361086848,51.73973328110612,66.37017402418047,47.50789408087881
99.29753269845128,5.0,67.35725647619564,46.04345773288535,45.27692569068709,39.20459156782532,44.77722635447622,35.22782990761707,45.48626166217664,18.973665961010276,33.61547262794322,22.80350850198276,29.068883707497267,26.30589287593181,10.04987562112089,14.317821063276353,15.132745950421556,9.219544457292887,6.708203932499369,9.055385138137417,9.433981132056603,16.76305461424021,25.079872407968907,27.459060435491963,31.575306807693888,35.05709628591621,33.0,0.0,0.0,0.0,0.0,0.0,0.0,0.0,0.0,0.0,0.0,0.0,25.179356624028344,22.360679774997898,31.064449134018133,25.612496949731394,29.832867780352597,28.600699292150182,35.510561809129406,32.2490309931942,32.31098884280702,39.81205847478876,39.35733730830886,33.13608305156178,40.311288741492746,22.360679774997898,15.264337522473747,22.20360331117452,21.633307652783937,18.027756377319946,15.132745950421556,30.886890422961002,26.1725046566048,43.56604182158393,42.95346318982906,50.96076922496363,29.832867780352597,52.81098370604357
133.8992158304148,7.0,73.54590403278758,57.28001396647874,47.0,40.792156108742276,29.154759474226502,48.507731342539614,34.17601498127012,29.614185789921695,24.515301344262525,25.495097567963924,31.89043743820395,26.570660511172846,24.698178070456937,9.055385138137417,8.06225774829855,18.027756377319946,2.8284271247461903,18.788294228055936,15.033296378372908,20.223748416156685,22.02271554554524,19.6468827043885,29.274562336608895,36.013886210738214,34.17601498127012,0.0,0.0,0.0,0.0,0.0,0.0,0.0,0.0,0.0,0.0,0.0,27.16615541441225,22.20360331117452,30.23243291566195,32.202484376209235,31.89043743820395,34.828149534535996,35.510561809129406,31.953090617340916,42.01190307520001,42.720018726587654,38.600518131237564,34.20526275297414,28.844410203711913,40.22437072223753,26.40075756488817,17.0,23.0,24.020824298928627,15.264337522473747,23.345235059857504,37.21558813185679,39.05124837953327,32.449961479175904,45.27692569068709,38.48376280978771,47.80167361086848
103.09219175087898,6.0,15.620499351813308,20.223748416156685,18.35755975068582,19.4164878389476,13.038404810405298,19.849433241279208,15.811388300841896,19.697715603592208,23.40939982143925,19.313207915827967,22.80350850198276,21.095023109728988,29.0,17.46424919657298,20.615528128088304,27.459060435491963,17.26267650163207,23.430749027719962,34.17601498127012,22.47220505424423,22.80350850198276,23.345235059857504,8.602325267042627,12.649110640673518,15.811388300841896,0.0,0.0,0.0,0.0,0.0,0.0,0.0,0.0,0.0,0.0,0.0,11.661903789690601,13.038404810405298,9.219544457292887,12.649110640673518,10.295630140987,13.601470508735444,16.55294535724685,24.698178070456937,18.027756377319946,16.76305461424021,23.0,21.840329667841555,22.090722034374522,17.46424919657298,20.024984394500787,20.09975124224178,20.223748416156685,20.8806130178211,18.110770276274835,26.0,15.231546211727817,21.0,28.0178514522438,20.8806130178211,18.601075237738275,14.317821063276353
103.09219175087898,9.0,9.848857801796104,14.866068747318506,4.242640687119285,8.06225774829855,12.36931687685298,18.027756377319946,23.08679276123039,17.72004514666935,15.132745950421556,19.72308292331602,19.697715603592208,29.274562336608895,24.166091947189145,24.0,27.018512172212592,21.540659228538015,25.019992006393608,30.01666203960727,18.0,30.0,18.384776310850235,16.1245154965971,17.204650534085253,16.76305461424021,15.264337522473747,0.0,0.0,0.0,0.0,0.0,0.0,0.0,0.0,0.0,0.0,0.0,7.0710678118654755,10.04987562112089,3.605551275463989,7.615773105863909,10.770329614269007,10.63014581273465,14.866068747318506,16.15549442140351,20.591260281974,14.317821063276353,17.08800749063506,20.223748416156685,22.360679774997898,24.186773244895647,22.20360331117452,18.110770276274835,32.202484376209235,28.792360097775937,17.69180601295413,23.194827009486403,25.80697580112788,27.313000567495326,21.840329667841555,26.570660511172846,22.135943621178654,2.0
103.09219175087898,9.0,4.242640687119285,16.0312195418814,5.0,22.360679774997898,13.341664064126334,27.16615541441225,13.0,18.973665961010276,25.495097567963924,19.026297590440446,18.0,21.095023109728988,18.027756377319946,25.709920264364882,26.076809620810597,29.068883707497267,31.25699921617557,23.769728648009426,21.470910553583888,20.248456731316587,17.69180601295413,13.92838827718412,16.15549442140351,14.7648230602334,12.36931687685298,0.0,0.0,0.0,0.0,0.0,0.0,0.0,0.0,0.0,0.0,0.0,13.341664064126334,12.041594578792296,13.92838827718412,9.433981132056603,12.649110640673518,16.64331697709324,15.620499351813308,16.278820596099706,16.278820596099706,25.553864678361276,25.495097567963924,27.459060435491963,30.675723300355934,23.430749027719962,23.769728648009426,24.020824298928627,30.805843601498726,32.14031735997639,26.30589287593181,18.24828759089466,31.144823004794873,22.360679774997898,23.08679276123039,16.76305461424021,12.649110640673518,4.0
99.35793878699377,11.0,19.4164878389476,10.198039027185569,21.840329667841555,16.55294535724685,17.69180601295413,15.297058540778355,19.849433241279208,21.2602916254693,15.264337522473747,26.40075756488817,24.698178070456937,27.459060435491963,24.413111231467404,15.556349186104045,24.186773244895647,21.02379604162864,26.40075756488817,24.186773244895647,25.80697580112788,18.027756377319946,8.0,10.44030650891055,15.132745950421556,9.486832980505138,15.524174696260024,0.0,0.0,0.0,0.0,0.0,0.0,0.0,0.0,0.0,0.0,0.0,12.649110640673518,7.211102550927978,12.649110640673518,5.0,15.0,13.892443989449804,11.40175425099138,16.278820596099706,21.213203435596427,24.698178070456937,26.30589287593181,28.460498941515414,16.278820596099706,31.827660925679098,21.95449840010015,27.018512172212592,31.240998703626616,20.615528128088304,22.627416997969522,28.284271247461902,36.40054944640259,23.853720883753127,16.15549442140351,18.384776310850235,13.45362404707371,20.615528128088304
96.0,10.0,18.788294228055936,14.317821063276353,10.0,12.806248474865697,20.615528128088304,13.45362404707371,30.4138126514911,11.661903789690601,11.045361017187261,22.561028345356956,34.20526275297414,21.02379604162864,21.37755832643195,30.01666203960727,20.248456731316587,21.18962010041709,21.37755832643195,27.018512172212592,22.360679774997898,23.706539182259394,8.602325267042627,11.180339887498949,17.69180601295413,14.0,15.033296378372908,0.0,0.0,0.0,0.0,0.0,0.0,0.0,0.0,0.0,0.0,0.0,12.36931687685298,7.0710678118654755,12.206555615733702,15.0,13.45362404707371,17.4928556845359,9.055385138137417,17.029386365926403,13.341664064126334,18.439088914585774,12.206555615733702,19.72308292331602,28.653097563788805,15.620499351813308,22.20360331117452,22.02271554554524,26.92582403567252,21.213203435596427,19.72308292331602,23.769728648009426,17.08800749063506,19.697715603592208,8.602325267042627,11.40175425099138,12.727922061357855,3.605551275463989
103.09219175087898,6.0,14.317821063276353,18.973665961010276,19.924858845171276,21.840329667841555,22.360679774997898,31.76476034853718,20.0,19.6468827043885,32.69556544854363,14.422205101855956,22.561028345356956,19.1049731745428,30.479501308256342,19.849433241279208,31.144823004794873,26.40075756488817,25.079872407968907,28.42534080710379,26.570660511172846,11.40175425099138,19.72308292331602,10.816653826391969,13.601470508735444,7.615773105863909,14.560219778561036,0.0,0.0,0.0,0.0,0.0,0.0,0.0,0.0,0.0,0.0,0.0,5.0,5.0990195135927845,13.45362404707371,12.36931687685298,7.211102550927978,20.223748416156685,24.698178070456937,27.459060435491963,11.180339887498949,18.681541692269406,15.652475842498529,29.832867780352597,20.12461179749811,18.867962264113206,24.839484696748443,23.600847442411894,28.42534080710379,33.28663395418648,23.40939982143925,18.384776310850235,29.206163733020468,27.018512172212592,18.35755975068582,26.832815729997478,20.12461179749811,3.0
128.0,8.0,14.866068747318506,11.180339887498949,13.45362404707371,13.341664064126334,17.46424919657298,24.0,24.166091947189145,22.360679774997898,19.313207915827967,19.72308292331602,26.832815729997478,21.93171219946131,20.518284528683193,26.419689627245813,26.92582403567252,26.476404589747453,29.614185789921695,24.08318915758459,18.110770276274835,27.16615541441225,19.0,20.024984394500787,19.313207915827967,13.92838827718412,13.601470508735444,0.0,0.0,0.0,0.0,0.0,0.0,0.0,0.0,0.0,0.0,0.0,12.165525060596439,14.866068747318506,11.40175425099138,8.06225774829855,13.416407864998739,14.7648230602334,9.848857801796104,19.849433241279208,21.2602916254693,21.2602916254693,17.204650534085253,24.698178070456937,25.298221281347036,26.68332812825267,22.847319317591726,29.068883707497267,37.05401462729781,24.08318915758459,21.587033144922902,26.076809620810597,25.019992006393608,18.110770276274835,20.024984394500787,11.180339887498949,14.142135623730951,12.083045973594572
103.09219175087898,6.0,9.486832980505138,15.0,19.235384061671343,18.973665961010276,23.853720883753127,23.853720883753127,29.206163733020468,21.095023109728988,12.083045973594572,21.2602916254693,27.730849247724095,18.35755975068582,33.1058907144937,28.284271247461902,24.839484696748443,26.419689627245813,25.0,23.021728866442675,17.204650534085253,21.02379604162864,23.600847442411894,18.788294228055936,13.038404810405298,8.246211251235321,18.384776310850235,0.0,0.0,0.0,0.0,0.0,0.0,0.0,0.0,0.0,0.0,0.0,6.4031242374328485,13.416407864998739,7.810249675906654,15.264337522473747,10.770329614269007,12.083045973594572,14.317821063276353,21.095023109728988,15.297058540778355,17.029386365926403,19.235384061671343,23.194827009486403,23.021728866442675,26.68332812825267,28.635642126552707,21.02379604162864,24.041630560342615,24.839484696748443,21.2602916254693,26.1725046566048,32.01562118716424,27.313000567495326,12.041594578792296,17.0,13.892443989449804,6.324555320336759
70.03570517957252,12.0,7.615773105863909,8.602325267042627,7.0710678118654755,19.849433241279208,10.04987562112089,19.235384061671343,20.615528128088304,16.55294535724685,23.345235059857504,19.697715603592208,34.058772731852805,27.586228448267445,26.90724809414742,24.839484696748443,24.413111231467404,23.853720883753127,26.419689627245813,31.240998703626616,17.72004514666935,19.313207915827967,21.18962010041709,20.223748416156685,14.560219778561036,8.246211251235321,13.601470508735444,0.0,0.0,0.0,0.0,0.0,0.0,0.0,0.0,0.0,0.0,0.0,14.866068747318506,14.422205101855956,9.055385138137417,11.40175425099138,12.0,20.12461179749811,8.602325267042627,23.08679276123039,19.4164878389476,13.341664064126334,31.622776601683793,28.231188426986208,25.495097567963924,25.553864678361276,22.627416997969522,25.0,21.18962010041709,24.08318915758459,21.633307652783937,28.844410203711913,21.633307652783937,28.42534080710379,12.041594578792296,16.55294535724685,15.652475842498529,10.295630140987
175.45369759569047,7.0,12.806248474865697,17.0,17.46424919657298,22.135943621178654,15.811388300841896,21.470910553583888,18.681541692269406,19.235384061671343,13.416407864998739,30.4138126514911,29.206163733020468,35.17101079013795,24.839484696748443,22.47220505424423,23.769728648009426,22.20360331117452,21.095023109728988,30.463092423455635,22.20360331117452,17.08800749063506,19.235384061671343,19.4164878389476,14.866068747318506,12.806248474865697,11.180339887498949,0.0,0.0,0.0,0.0,0.0,0.0,0.0,0.0,0.0,0.0,0.0,7.280109889280518,12.36931687685298,12.165525060596439,16.0,11.661903789690601,12.649110640673518,8.94427190999916,20.248456731316587,20.09975124224178,20.09975124224178,20.024984394500787,22.561028345356956,16.0312195418814,33.13608305156178,28.231188426986208,30.463092423455635,28.178005607210743,31.575306807693888,21.095023109728988,19.849433241279208,29.698484809834994,26.1725046566048,14.7648230602334,21.93171219946131,7.810249675906654,16.278820596099706
132.48396129343357,8.0,10.770329614269007,8.06225774829855,16.64331697709324,22.561028345356956,15.811388300841896,19.6468827043885,15.297058540778355,15.033296378372908,23.769728648009426,22.47220505424423,24.020824298928627,19.313207915827967,21.840329667841555,17.26267650163207,21.93171219946131,26.30589287593181,23.853720883753127,19.924858845171276,18.788294228055936,20.615528128088304,14.7648230602334,15.811388300841896,12.529964086141668,15.811388300841896,10.44030650891055,0.0,0.0,0.0,0.0,0.0,0.0,0.0,0.0,0.0,0.0,0.0,6.708203932499369,12.649110640673518,5.656854249492381,17.11724276862369,6.082762530298219,18.027756377319946,13.152946437965905,14.317821063276353,13.892443989449804,24.596747752497688,19.209372712298546,21.400934559032695,16.401219466856727,18.601075237738275,23.259406699226016,19.72308292331602,27.65863337187866,21.02379604162864,22.360679774997898,13.601470508735444,19.235384061671343,15.620499351813308,21.18962010041709,16.55294535724685,17.029386365926403,13.038404810405298
175.45369759569047,7.0,18.973665961010276,13.416407864998739,10.44030650891055,11.704699910719626,11.704699910719626,20.12461179749811,18.35755975068582,19.72308292331602,23.323807579381203,18.027756377319946,23.323807579381203,22.47220505424423,24.186773244895647,29.206163733020468,19.72308292331602,25.942243542145693,21.93171219946131,29.410882339705484,24.413111231467404,18.027756377319946,18.867962264113206,21.02379604162864,13.152946437965905,19.1049731745428,11.0,0.0,0.0,0.0,0.0,0.0,0.0,0.0,0.0,0.0,0.0,0.0,6.708203932499369,8.602325267042627,9.433981132056603,19.235384061671343,17.72004514666935,9.219544457292887,22.090722034374522,8.54400374531753,14.317821063276353,18.788294228055936,29.966648127543394,29.5296461204668,25.495097567963924,20.808652046684813,24.698178070456937,23.430749027719962,15.620499351813308,29.732137494637012,14.7648230602334,24.186773244895647,26.1725046566048,29.410882339705484,20.591260281974,23.259406699226016,12.041594578792296,13.45362404707371
132.48396129343357,8.0,5.830951894845301,11.40175425099138,20.09975124224178,16.76305461424021,11.661903789690601,26.1725046566048,21.0,20.09975124224178,17.11724276862369,18.24828759089466,25.179356624028344,26.0,25.298221281347036,32.0624390837628,24.331050121192877,23.021728866442675,28.653097563788805,21.02379604162864,22.847319317591726,21.400934559032695,21.2602916254693,18.384776310850235,14.212670403551895,12.529964086141668,12.649110640673518,0.0,0.0,0.0,0.0,0.0,0.0,0.0,0.0,0.0,0.0,0.0,13.038404810405298,13.0,7.280109889280518,7.280109889280518,17.029386365926403,13.601470508735444,14.866068747318506,24.413111231467404,17.204650534085253,17.0,18.973665961010276,22.825424421026653,25.0,23.345235059857504,23.021728866442675,31.78049716414141,33.734255586866,28.0178514522438,22.80350850198276,30.4138126514911,19.4164878389476,23.08679276123039,19.1049731745428,17.11724276862369,11.661903789690601,5.656854249492381
103.09219175087898,6.0,17.0,24.020824298928627,14.035668847618199,17.46424919657298,13.92838827718412,19.235384061671343,23.08679276123039,23.194827009486403,25.0,27.0,30.066592756745816,22.0,19.6468827043885,30.14962686336267,18.24828759089466,28.861739379323623,19.235384061671343,23.08679276123039,30.59411708155671,14.142135623730951,18.601075237738275,15.132745950421556,13.601470508735444,17.029386365926403,18.35755975068582,0.0,0.0,0.0,0.0,0.0,0.0,0.0,0.0,0.0,0.0,0.0,4.47213595499958,10.198039027185569,10.295630140987,8.246211251235321,11.704699910719626,20.615528128088304,9.848857801796104,21.0,14.317821063276353,25.553864678361276,17.26267650163207,26.40075756488817,14.866068747318506,26.40075756488817,20.8806130178211,32.202484376209235,22.360679774997898,25.495097567963924,23.600847442411894,23.769728648009426,20.024984394500787,24.698178070456937,16.76305461424021,16.1245154965971,17.204650534085253,12.649110640673518
120.42009799032718,20.0,19.235384061671343,20.024984394500787,17.0,17.69180601295413,19.235384061671343,13.0,15.556349186104045,24.186773244895647,29.698484809834994,15.620499351813308,16.1245154965971,25.298221281347036,30.870698080866262,29.966648127543394,32.64965543462902,32.01562118716424,23.600847442411894,26.570660511172846,28.160255680657446,24.020824298928627,24.698178070456937,14.866068747318506,18.601075237738275,17.26267650163207,5.0,0.0,0.0,0.0,0.0,0.0,0.0,0.0,0.0,0.0,0.0,0.0,6.324555320336759,10.44030650891055,10.0,19.1049731745428,18.384776310850235,13.0,25.179356624028344,17.26267650163207,21.213203435596427,22.135943621178654,26.248809496813376,22.135943621178654,24.041630560342615,27.202941017470888,23.021728866442675,25.0,26.870057685088806,25.059928172283335,28.319604517012593,27.294688127912362,18.384776310850235,14.142135623730951,13.416407864998739,8.06225774829855,8.06225774829855,13.038404810405298
98.97979591815695,21.0,10.816653826391969,5.830951894845301,10.198039027185569,20.808652046684813,7.810249675906654,22.847319317591726,17.72004514666935,20.615528128088304,28.30194339616981,21.470910553583888,30.0,24.08318915758459,22.825424421026653,29.410882339705484,24.20743687382041,24.413111231467404,30.23243291566195,24.839484696748443,17.88854381999832,21.93171219946131,19.849433241279208,15.264337522473747,15.264337522473747,13.152946437965905,20.396078054371138,0.0,0.0,0.0,0.0,0.0,0.0,0.0,0.0,0.0,0.0,0.0,8.54400374531753,13.152946437965905,14.142135623730951,8.602325267042627,15.0,15.811388300841896,9.899494936611665,13.601470508735444,18.973665961010276,18.110770276274835,22.20360331117452,23.769728648009426,17.0,31.04834939252005,22.02271554554524,24.331050121192877,19.6468827043885,19.72308292331602,22.02271554554524,28.460498941515414,19.209372712298546,15.231546211727817,16.15549442140351,18.027756377319946,16.76305461424021,10.0
103.09219175087898,6.0,7.0710678118654755,12.083045973594572,16.1245154965971,13.038404810405298,23.706539182259394,9.848857801796104,19.72308292331602,17.204650534085253,23.08679276123039,17.69180601295413,14.212670403551895,22.360679774997898,17.88854381999832,15.231546211727817,27.202941017470888,22.02271554554524,18.110770276274835,19.697715603592208,23.021728866442675,19.72308292331602,12.083045973594572,15.231546211727817,5.830951894845301,7.280109889280518,12.083045973594572,0.0,0.0,0.0,0.0,0.0,0.0,0.0,0.0,0.0,0.0,0.0,9.219544457292887,12.649110640673518,10.770329614269007,20.591260281974,13.038404810405298,19.4164878389476,23.323807579381203,18.027756377319946,15.297058540778355,16.64331697709324,19.697715603592208,17.11724276862369,18.439088914585774,31.25699921617557,21.02379604162864,15.524174696260024,28.653097563788805,15.033296378372908,22.80350850198276,29.832867780352597,15.811388300841896,14.866068747318506,18.384776310850235,21.93171219946131,11.704699910719626,9.219544457292887
103.09219175087898,9.0,20.808652046684813,15.264337522473747,25.0,19.235384061671343,34.20526275297414,12.727922061357855,25.612496949731394,13.038404810405298,25.553864678361276,20.591260281974,17.4928556845359,21.18962010041709,15.0,14.142135623730951,3.605551275463989,6.708203932499369,0.0,7.0710678118654755,13.0,14.212670403551895,13.038404810405298,17.88854381999832,19.235384061671343,25.238858928247925,23.323807579381203,0.0,0.0,0.0,0.0,0.0,0.0,0.0,0.0,0.0,0.0,0.0,23.021728866442675,24.041630560342615,24.73863375370596,25.298221281347036,24.698178070456937,25.0,28.600699292150182,24.08318915758459,27.80287754891569,31.78049716414141,26.870057685088806,27.459060435491963,31.400636936215164,28.160255680657446,23.345235059857504,22.47220505424423,18.439088914585774,19.235384061671343,14.560219778561036,16.1245154965971,5.0990195135927845,5.0990195135927845,5.0990195135927845,25.495097567963924,6.082762530298219,5.0
99.29753269845128,5.0,30.59411708155671,20.591260281974,36.76955262170047,32.69556544854363,52.354560450833695,35.34119409414458,37.013511046643494,52.478567053607705,37.12142238654117,33.94112549695428,34.713109915419565,21.2602916254693,15.811388300841896,24.08318915758459,18.439088914585774,4.0,3.0,3.605551275463989,20.223748416156685,21.95449840010015,22.090722034374522,37.64306044943742,34.92849839314596,35.84689665786984,46.51881339845203,0.0,0.0,0.0,0.0,0.0,0.0,0.0,0.0,0.0,0.0,0.0,38.897300677553446,44.04543109109048,41.617304093369626,38.01315561749642,36.76955262170047,39.56008088970496,35.84689665786984,35.510561809129406,45.09988913511872,40.311288741492746,46.010868281309364,40.19950248448356,47.67598976424087,51.03920062069938,43.73785545725808,30.265491900843113,20.591260281974,19.924858845171276,13.152946437965905,29.068883707497267,29.0,16.76305461424021,9.899494936611665,17.029386365926403,19.924858845171276,29.068883707497267
132.48396129343357,8.0,14.866068747318506,27.294688127912362,9.899494936611665,23.259406699226016,29.546573405388315,21.540659228538015,22.825424421026653,27.51363298439521,19.1049731745428,24.041630560342615,21.540659228538015,22.02271554554524,15.132745950421556,6.708203932499369,4.123105625617661,8.06225774829855,3.1622776601683795,9.219544457292887,11.704699910719626,11.180339887498949,21.02379604162864,24.0,25.0,24.020824298928627,32.01562118716424,0.0,0.0,0.0,0.0,0.0,0.0,0.0,0.0,0.0,0.0,0.0,21.470910553583888,25.612496949731394,30.610455730027933,30.01666203960727,35.0,32.55764119219941,34.828149534535996,31.064449134018133,36.89173349139343,36.359317925395686,28.231188426986208,30.23243291566195,31.240998703626616,33.83784863137726,23.259406699226016,25.059928172283335,21.93171219946131,21.37755832643195,10.0,7.280109889280518,11.40175425099138,5.656854249492381,17.88854381999832,15.132745950421556,13.92838827718412,17.88854381999832
175.45369759569047,7.0,12.206555615733702,42.720018726587654,23.021728866442675,25.298221281347036,31.25699921617557,19.026297590440446,26.019223662515376,22.47220505424423,18.973665961010276,18.973665961010276,14.422205101855956,19.6468827043885,13.038404810405298,13.45362404707371,17.08800749063506,3.605551275463989,12.529964086141668,3.1622776601683795,11.045361017187261,15.264337522473747,16.64331697709324,21.02379604162864,25.079872407968907,22.825424421026653,27.892651361962706,0.0,0.0,0.0,0.0,0.0,0.0,0.0,0.0,0.0,0.0,0.0,31.827660925679098,27.018512172212592,32.449961479175904,30.528675044947494,27.730849247724095,25.632011235952593,28.284271247461902,31.144823004794873,25.179356624028344,32.0,26.30589287593181,28.0178514522438,30.0,31.144823004794873,26.1725046566048,29.068883707497267,17.0,10.770329614269007,8.54400374531753,10.0,14.035668847618199,6.324555320336759,11.180339887498949,27.65863337187866,10.770329614269007,5.0990195135927845
99.29753269845128,5.0,14.317821063276353,14.560219778561036,18.439088914585774,23.194827009486403,21.213203435596427,26.30589287593181,27.16615541441225,26.30589287593181,22.360679774997898,17.26267650163207,22.47220505424423,24.041630560342615,17.4928556845359,15.033296378372908,6.708203932499369,10.44030650891055,2.0,8.602325267042627,8.94427190999916,11.704699910719626,13.92838827718412,30.4138126514911,22.02271554554524,26.90724809414742,26.90724809414742,0.0,0.0,0.0,0.0,0.0,0.0,0.0,0.0,0.0,0.0,0.0,32.2490309931942,32.2490309931942,28.635642126552707,26.68332812825267,26.1725046566048,26.0,31.064449134018133,30.0,34.132096331752024,31.38470965295043,31.240998703626616,34.40930106817051,33.97057550292606,35.38361202590826,22.360679774997898,29.732137494637012,19.849433241279208,10.770329614269007,18.601075237738275,5.0,6.4031242374328485,7.0710678118654755,13.0,5.830951894845301,15.0,13.45362404707371
73.348483283569,11.0,15.264337522473747,18.384776310850235,10.0,30.14962686336267,22.0,22.47220505424423,21.18962010041709,31.32091952673165,17.46424919657298,25.179356624028344,27.459060435491963,28.0178514522438,28.160255680657446,27.16615541441225,28.0178514522438,29.274562336608895,21.213203435596427,18.681541692269406,24.596747752497688,15.264337522473747,9.055385138137417,15.0,7.810249675906654,8.246211251235321,12.806248474865697,0.0,0.0,0.0,0.0,0.0,0.0,0.0,0.0,0.0,0.0,0.0,12.083045973594572,9.219544457292887,8.54400374531753,15.132745950421556,13.45362404707371,16.1245154965971,9.219544457292887,17.88854381999832,12.806248474865697,18.027756377319946,13.0,21.95449840010015,21.633307652783937,24.413111231467404,32.69556544854363,29.410882339705484,27.294688127912362,18.439088914585774,21.840329667841555,20.09975124224178,22.561028345356956,19.4164878389476,22.02271554554524,12.041594578792296,7.211102550927978,6.4031242374328485
56.0357029044876,13.0,3.0,12.041594578792296,5.0,5.385164807134504,10.0,22.090722034374522,14.422205101855956,26.476404589747453,19.924858845171276,22.80350850198276,26.019223662515376,21.93171219946131,17.46424919657298,28.442925306655784,32.89376840679705,25.942243542145693,27.459060435491963,31.144823004794873,22.561028345356956,15.811388300841896,14.212670403551895,13.45362404707371,13.0,17.029386365926403,16.0312195418814,0.0,0.0,0.0,0.0,0.0,0.0,0.0,0.0,0.0,0.0,0.0,8.06225774829855,9.433981132056603,9.848857801796104,9.0,7.211102550927978,12.727922061357855,17.26267650163207,16.1245154965971,16.492422502470642,19.6468827043885,15.033296378372908,20.615528128088304,25.0,34.36568055487916,28.319604517012593,22.627416997969522,23.706539182259394,27.51363298439521,26.627053911388696,27.202941017470888,22.360679774997898,15.652475842498529,11.180339887498949,20.8806130178211,17.029386365926403,10.04987562112089
103.09219175087898,6.0,2.23606797749979,21.37755832643195,23.0,17.72004514666935,14.7648230602334,18.681541692269406,15.132745950421556,16.492422502470642,19.313207915827967,24.73863375370596,21.213203435596427,20.615528128088304,22.360679774997898,26.1725046566048,24.020824298928627,34.17601498127012,27.313000567495326,31.064449134018133,21.095023109728988,18.35755975068582,23.345235059857504,17.804493814764857,18.384776310850235,14.142135623730951,9.848857801796104,0.0,0.0,0.0,0.0,0.0,0.0,0.0,0.0,0.0,0.0,0.0,12.529964086141668,12.806248474865697,5.830951894845301,11.40175425099138,8.94427190999916,18.439088914585774,12.165525060596439,14.317821063276353,14.142135623730951,27.313000567495326,23.600847442411894,19.313207915827967,21.400934559032695,21.633307652783937,24.698178070456937,29.0,23.021728866442675,21.95449840010015,21.93171219946131,20.0,17.4928556845359,19.924858845171276,15.620499351813308,18.973665961010276,14.317821063276353,17.0
123.8789731956154,28.0,6.708203932499369,7.211102550927978,19.849433241279208,15.033296378372908,18.439088914585774,17.029386365926403,18.027756377319946,25.0,15.811388300841896,22.20360331117452,27.018512172212592,25.553864678361276,21.400934559032695,30.4138126514911,31.953090617340916,25.612496949731394,23.345235059857504,26.1725046566048,21.540659228538015,24.041630560342615,13.0,13.601470508735444,16.278820596099706,13.038404810405298,11.180339887498949,0.0,0.0,0.0,0.0,0.0,0.0,0.0,0.0,0.0,0.0,0.0,7.615773105863909,6.708203932499369,14.142135623730951,13.152946437965905,11.0,9.219544457292887,16.278820596099706,23.345235059857504,12.36931687685298,21.93171219946131,17.0,25.709920264364882,26.0,24.166091947189145,29.410882339705484,27.80287754891569,33.1058907144937,27.018512172212592,25.495097567963924,22.825424421026653,22.825424421026653,23.323807579381203,24.041630560342615,19.79898987322333,8.06225774829855,10.770329614269007
58.60034129593445,29.0,10.198039027185569,14.560219778561036,15.0,12.649110640673518,17.029386365926403,16.15549442140351,19.209372712298546,25.632011235952593,14.560219778561036,28.460498941515414,30.23243291566195,25.45584412271571,26.92582403567252,31.622776601683793,26.419689627245813,30.23243291566195,26.30589287593181,21.633307652783937,18.681541692269406,12.36931687685298,16.1245154965971,23.08679276123039,16.97056274847714,12.529964086141668,14.7648230602334,0.0,0.0,0.0,0.0,0.0,0.0,0.0,0.0,0.0,0.0,0.0,15.033296378372908,8.54400374531753,16.64331697709324,11.40175425099138,12.041594578792296,17.08800749063506,11.0,17.0,17.0,25.0,22.090722034374522,20.024984394500787,32.28002478313795,20.396078054371138,24.08318915758459,16.278820596099706,27.51363298439521,24.596747752497688,14.7648230602334,22.67156809750927,24.166091947189145,24.758836806279895,16.1245154965971,20.8806130178211,12.727922061357855,19.235384061671343
130.0,8.0,13.152946437965905,18.439088914585774,12.529964086141668,17.26267650163207,14.560219778561036,21.095023109728988,22.360679774997898,25.495097567963924,26.1725046566048,22.847319317591726,20.0,22.67156809750927,27.202941017470888,41.10960958218893,27.313000567495326,20.248456731316587,28.319604517012593,30.463092423455635,23.769728648009426,14.317821063276353,22.090722034374522,20.024984394500787,16.76305461424021,16.76305461424021,14.317821063276353,0.0,0.0,0.0,0.0,0.0,0.0,0.0,0.0,0.0,0.0,0.0,12.727922061357855,16.1245154965971,13.601470508735444,15.297058540778355,11.40175425099138,18.24828759089466,15.652475842498529,20.518284528683193,17.204650534085253,15.231546211727817,21.540659228538015,15.811388300841896,10.44030650891055,22.47220505424423,29.274562336608895,26.570660511172846,21.02379604162864,21.095023109728988,27.0,27.65863337187866,18.384776310850235,17.46424919657298,18.439088914585774,13.038404810405298,18.681541692269406,12.806248474865697
70.03570517957252,12.0,6.082762530298219,5.830951894845301,10.04987562112089,12.529964086141668,21.470910553583888,20.248456731316587,13.601470508735444,21.93171219946131,19.4164878389476,25.632011235952593,26.92582403567252,24.515301344262525,21.18962010041709,37.21558813185679,24.08318915758459,32.89376840679705,21.02379604162864,22.360679774997898,23.021728866442675,13.0,21.93171219946131,17.029386365926403,17.11724276862369,12.727922061357855,20.0,0.0,0.0,0.0,0.0,0.0,0.0,0.0,0.0,0.0,0.0,0.0,8.0,12.206555615733702,10.63014581273465,12.649110640673518,6.4031242374328485,16.278820596099706,16.0,25.079872407968907,14.866068747318506,26.68332812825267,21.02379604162864,25.079872407968907,21.18962010041709,23.08679276123039,32.01562118716424,19.1049731745428,24.166091947189145,25.495097567963924,27.85677655436824,32.01562118716424,16.55294535724685,20.396078054371138,27.65863337187866,12.041594578792296,21.095023109728988,10.198039027185569
128.0,8.0,44.10215414239989,63.953107821277925,39.21734310225516,44.598206241955516,35.38361202590826,45.0,51.088159097779204,49.49747468305833,31.622776601683793,24.758836806279895,37.53664875824692,25.059928172283335,18.35755975068582,11.661903789690601,11.661903789690601,5.0990195135927845,6.708203932499369,17.804493814764857,17.0,23.345235059857504,33.60059523282288,33.301651610693426,42.44997055358225,43.139309220245984,52.40229002629561,0.0,0.0,0.0,0.0,0.0,0.0,0.0,0.0,0.0,0.0,0.0,46.32493928760188,44.553338819890925,52.80151512977634,51.66236541235796,41.617304093369626,49.678969393496885,50.99019513592785,47.20169488482379,46.238512086787566,44.721359549995796,38.48376280978771,47.042533945356304,45.17742799230607,25.0,23.769728648009426,26.30589287593181,17.08800749063506,16.492422502470642,10.04987562112089,11.0,14.317821063276353,22.80350850198276,15.033296378372908,17.204650534085253,32.69556544854363,16.1245154965971
70.03570517957252,12.0,46.61544808322666,41.048751503547585,56.089214649520635,46.32493928760188,50.20956084253277,55.17245689653489,49.20365840057018,43.41658669218482,45.221676218380054,32.202484376209235,38.27531841800928,25.0,13.0,12.806248474865697,7.0710678118654755,6.324555320336759,17.029386365926403,10.63014581273465,25.019992006393608,30.59411708155671,31.400636936215164,39.81205847478876,41.0,44.14748010928823,41.0,0.0,0.0,0.0,0.0,0.0,0.0,0.0,0.0,0.0,0.0,0.0,48.83646178829912,43.278170016764804,47.50789408087881,50.21951811795888,44.77722635447622,52.32590180780452,51.264022471905186,44.77722635447622,48.30113870293329,45.5411901469428,47.38143096192854,52.20153254455275,38.62641583165593,30.805843601498726,31.04834939252005,30.59411708155671,17.72004514666935,19.72308292331602,11.180339887498949,12.083045973594572,3.1622776601683795,8.48528137423857,20.12461179749811,22.135943621178654,23.40939982143925,25.942243542145693
36.6742416417845,13.0,44.01136216933077,35.22782990761707,49.76946855251722,34.058772731852805,50.039984012787215,42.638011210655684,53.85164807134504,20.12461179749811,55.154328932550705,31.827660925679098,28.231188426986208,23.021728866442675,21.587033144922902,17.46424919657298,4.123105625617661,7.0710678118654755,13.601470508735444,18.35755975068582,23.600847442411894,31.38470965295043,29.698484809834994,26.870057685088806,43.18564576337837,43.18564576337837,44.598206241955516,0.0,0.0,0.0,0.0,0.0,0.0,0.0,0.0,0.0,0.0,0.0,45.18849411078001,46.57252408878007,50.635955604688654,51.19570294468082,59.21148537234985,49.64876634922564,50.35871324805669,59.0,55.08175741568164,50.039984012787215,44.14748010928823,48.33218389437829,44.598206241955516,36.87817782917155,24.351591323771842,39.293765408777,10.04987562112089,16.492422502470642,15.033296378372908,9.219544457292887,19.849433241279208,20.396078054371138,20.0,32.01562118716424,34.828149534535996,30.083217912982647
130.0,8.0,29.732137494637012,30.805843601498726,26.570660511172846,31.76476034853718,31.064449134018133,31.89043743820395,29.410882339705484,28.30194339616981,28.600699292150182,15.264337522473747,23.430749027719962,16.76305461424021,12.083045973594572,11.045361017187261,6.0,7.211102550927978,4.242640687119285,8.246211251235321,11.40175425099138,14.866068747318506,15.264337522473747,22.360679774997898,27.730849247724095,22.47220505424423,28.178005607210743,0.0,0.0,0.0,0.0,0.0,0.0,0.0,0.0,0.0,0.0,0.0,25.942243542145693,31.304951684997057,30.4138126514911,26.90724809414742,31.11269837220809,28.30194339616981,32.202484376209235,34.438350715445125,30.675723300355934,33.24154027718932,31.04834939252005,32.55764119219941,21.37755832643195,21.095023109728988,16.0312195418814,24.186773244895647,13.0,9.433981132056603,5.0990195135927845,1.0,3.605551275463989,14.035668847618199,10.04987562112089,20.12461179749811,12.0,18.384776310850235
70.03570517957252,12.0,27.85677655436824,29.546573405388315,26.832815729997478,27.85677655436824,31.32091952673165,33.13608305156178,27.0,26.0,21.0,20.09975124224178,24.331050121192877,18.439088914585774,12.806248474865697,6.0,4.123105625617661,2.0,5.656854249492381,8.94427190999916,13.0,19.1049731745428,21.095023109728988,21.587033144922902,27.0,26.1725046566048,27.16615541441225,0.0,0.0,0.0,0.0,0.0,0.0,0.0,0.0,0.0,0.0,0.0,26.076809620810597,30.870698080866262,28.635642126552707,31.78049716414141,31.064449134018133,33.06055050963308,32.0,36.05551275463989,33.015148038438355,31.144823004794873,31.32091952673165,26.0,25.80697580112788,25.298221281347036,17.0,15.652475842498529,11.704699910719626,8.246211251235321,3.0,8.06225774829855,7.280109889280518,13.152946437965905,13.341664064126334,11.40175425099138,15.811388300841896,14.866068747318506
34.058772731852805,32.0,27.784887978899608,28.30194339616981,24.166091947189145,30.870698080866262,30.870698080866262,26.076809620810597,26.0,32.38826948140329,25.96150997149434,21.587033144922902,26.30589287593181,18.110770276274835,12.806248474865697,9.219544457292887,8.06225774829855,6.4031242374328485,3.0,13.038404810405298,15.811388300841896,15.556349186104045,21.18962010041709,20.591260281974,24.698178070456937,13.601470508735444,31.04834939252005,0.0,0.0,0.0,0.0,0.0,0.0,0.0,0.0,0.0,0.0,0.0,28.231188426986208,26.40075756488817,33.95585369269929,31.400636936215164,33.24154027718932,31.064449134018133,34.713109915419565,32.2490309931942,31.575306807693888,33.12099032335839,28.460498941515414,29.410882339705484,30.4138126514911,25.059928172283335,21.93171219946131,19.697715603592208,14.317821063276353,11.045361017187261,4.0,3.0,4.47213595499958,3.1622776601683795,10.198039027185569,13.0,16.278820596099706,21.095023109728988
100.43903623591775,33.0,32.202484376209235,28.442925306655784,30.4138126514911,32.14031735997639,30.01666203960727,31.016124838541646,23.0,25.495097567963924,27.65863337187866,21.213203435596427,25.495097567963924,16.0312195418814,19.849433241279208,16.55294535724685,6.708203932499369,2.0,4.242640687119285,9.433981132056603,11.313708498984761,16.492422502470642,22.20360331117452,18.439088914585774,20.223748416156685,13.0,35.0,0.0,0.0,0.0,0.0,0.0,0.0,0.0,0.0,0.0,0.0,0.0,32.2490309931942,28.231188426986208,27.85677655436824,27.892651361962706,27.073972741361768,32.38826948140329,33.54101966249684,31.016124838541646,37.05401462729781,30.59411708155671,34.23448553724738,27.51363298439521,27.892651361962706,22.825424421026653,19.235384061671343,18.384776310850235,6.324555320336759,14.142135623730951,1.0,3.1622776601683795,2.8284271247461903,14.866068747318506,12.529964086141668,12.649110640673518,21.633307652783937,13.0
111.36426715962351,16.0,23.194827009486403,38.2099463490856,29.427877939124322,17.26267650163207,34.52535300326414,32.55764119219941,23.40939982143925,20.808652046684813,25.709920264364882,19.72308292331602,21.540659228538015,12.727922061357855,14.317821063276353,17.69180601295413,14.212670403551895,2.0,10.0,7.280109889280518,10.04987562112089,15.811388300841896,18.867962264113206,19.209372712298546,21.02379604162864,24.596747752497688,27.202941017470888,0.0,0.0,0.0,0.0,0.0,0.0,0.0,0.0,0.0,0.0,0.0,31.064449134018133,29.410882339705484,30.610455730027933,28.319604517012593,28.42534080710379,31.622776601683793,33.61547262794322,28.792360097775937,31.016124838541646,34.20526275297414,37.0,32.7566787083184,33.95585369269929,26.019223662515376,19.0,20.396078054371138,17.26267650163207,5.830951894845301,5.385164807134504,9.055385138137417,6.324555320336759,9.848857801796104,14.866068747318506,15.811388300841896,22.360679774997898,15.0
81.74350127074322,30.0,13.45362404707371,13.038404810405298,8.602325267042627,7.810249675906654,21.02379604162864,14.317821063276353,18.439088914585774,16.64331697709324,17.08800749063506,28.231188426986208,21.93171219946131,25.059928172283335,15.652475842498529,20.615528128088304,18.24828759089466,21.95449840010015,20.615528128088304,17.204650534085253,18.788294228055936,7.615773105863909,15.297058540778355,3.605551275463989,16.64331697709324,14.560219778561036,17.69180601295413,0.0,0.0,0.0,0.0,0.0,0.0,0.0,0.0,0.0,0.0,0.0,9.055385138137417,4.123105625617661,13.416407864998739,1.4142135623730951,10.198039027185569,10.04987562112089,20.0,17.0,18.439088914585774,5.830951894845301,11.0,18.027756377319946,18.601075237738275,24.186773244895647,25.0,13.038404810405298,23.430749027719962,21.587033144922902,9.433981132056603,28.178005607210743,17.69180601295413,13.601470508735444,21.470910553583888,22.135943621178654,17.804493814764857,15.0
70.03570517957252,12.0,37.44329045369811,46.04345773288535,41.6293165929973,34.40930106817051,32.01562118716424,31.622776601683793,41.19465984809196,42.485291572496,40.311288741492746,55.60575509783138,54.20332093147061,33.015148038438355,14.7648230602334,15.524174696260024,25.317977802344327,18.439088914585774,22.360679774997898,3.1622776601683795,18.973665961010276,14.142135623730951,21.93171219946131,30.675723300355934,54.62600113499065,47.38143096192854,36.6742416417845,0.0,0.0,0.0,0.0,0.0,0.0,0.0,0.0,0.0,0.0,0.0,39.05124837953327,31.32091952673165,42.190046219457976,29.068883707497267,40.80441152620633,42.15447781671598,50.59644256269407,51.088159097779204,43.965895873961216,50.48762224545735,27.0,28.792360097775937,14.0,12.206555615733702,11.40175425099138,16.0312195418814,15.811388300841896,21.93171219946131,35.0,10.0,21.840329667841555,18.439088914585774,20.248456731316587,31.622776601683793,26.248809496813376,15.652475842498529
99.29753269845128,5.0,21.213203435596427,19.924858845171276,23.853720883753127,21.095023109728988,37.12142238654117,23.769728648009426,22.561028345356956,32.28002478313795,25.45584412271571,16.278820596099706,16.278820596099706,10.04987562112089,2.23606797749979,18.24828759089466,10.295630140987,18.439088914585774,9.486832980505138,14.317821063276353,9.055385138137417,12.083045973594572,33.28663395418648,18.439088914585774,19.1049731745428,21.02379604162864,27.202941017470888,0.0,0.0,0.0,0.0,0.0,0.0,0.0,0.0,0.0,0.0,0.0,24.041630560342615,25.45584412271571,23.769728648009426,27.80287754891569,28.231188426986208,21.02379604162864,25.495097567963924,23.53720459187964,25.019992006393608,24.166091947189145,14.212670403551895,14.212670403551895,18.35755975068582,10.816653826391969,28.319604517012593,16.1245154965971,12.806248474865697,16.1245154965971,9.0,18.027756377319946,9.219544457292887,3.0,12.529964086141668,22.825424421026653,20.024984394500787,19.1049731745428
79.76214641043707,16.0,28.071337695236398,27.51363298439521,32.2490309931942,34.132096331752024,34.132096331752024,31.400636936215164,29.154759474226502,30.01666203960727,27.018512172212592,25.059928172283335,26.0,18.973665961010276,10.04987562112089,8.94427190999916,7.0710678118654755,1.4142135623730951,8.94427190999916,17.08800749063506,18.867962264113206,21.02379604162864,26.0,26.419689627245813,31.76476034853718,35.77708763999664,35.4682957019364,0.0,0.0,0.0,0.0,0.0,0.0,0.0,0.0,0.0,0.0,0.0,25.80697580112788,26.92582403567252,28.460498941515414,29.966648127543394,30.083217912982647,30.675723300355934,29.427877939124322,27.892651361962706,20.615528128088304,22.561028345356956,29.274562336608895,21.02379604162864,25.298221281347036,22.80350850198276,14.317821063276353,11.045361017187261,13.601470508735444,3.0,5.385164807134504,5.385164807134504,3.1622776601683795,4.242640687119285,8.94427190999916,5.0,12.041594578792296,15.652475842498529
34.438350715445125,17.0,28.319604517012593,22.825424421026653,26.1725046566048,27.784887978899608,28.178005607210743,29.206163733020468,27.51363298439521,26.92582403567252,26.419689627245813,22.561028345356956,22.47220505424423,23.53720459187964,14.560219778561036,9.0,1.0,6.324555320336759,10.04987562112089,14.142135623730951,20.223748416156685,19.6468827043885,24.351591323771842,24.166091947189145,25.96150997149434,28.792360097775937,27.85677655436824,0.0,0.0,0.0,0.0,0.0,0.0,0.0,0.0,0.0,0.0,0.0,27.65863337187866,21.37755832643195,24.331050121192877,27.16615541441225,25.179356624028344,24.08318915758459,30.066592756745816,23.08679276123039,25.079872407968907,24.0,27.16615541441225,20.223748416156685,19.235384061671343,14.866068747318506,13.038404810405298,12.0,11.0,8.06225774829855,8.06225774829855,5.0990195135927845,6.4031242374328485,4.0,10.198039027185569,8.06225774829855,12.083045973594572,12.806248474865697
88.02272433866155,10.0,25.553864678361276,29.732137494637012,32.202484376209235,29.410882339705484,36.24913792078372,38.8329756778952,26.92582403567252,28.792360097775937,28.635642126552707,25.298221281347036,20.223748416156685,15.033296378372908,10.44030650891055,8.06225774829855,1.0,9.899494936611665,2.0,11.045361017187261,20.024984394500787,22.090722034374522,21.840329667841555,29.0,32.38826948140329,35.35533905932738,32.0624390837628,0.0,0.0,0.0,0.0,0.0,0.0,0.0,0.0,0.0,0.0,0.0,25.553864678361276,27.202941017470888,36.069377593742864,35.38361202590826,26.1725046566048,39.05124837953327,25.495097567963924,24.186773244895647,33.60059523282288,24.839484696748443,14.866068747318506,29.0,21.095023109728988,23.323807579381203,15.620499351813308,14.212670403551895,7.211102550927978,16.1245154965971,9.219544457292887,6.082762530298219,9.219544457292887,7.0710678118654755,2.0,15.0,15.231546211727817,10.63014581273465
69.77105417004964,12.0,33.24154027718932,28.160255680657446,33.95585369269929,32.55764119219941,35.12833614050059,36.345563690772494,28.0,28.071337695236398,21.840329667841555,27.16615541441225,20.396078054371138,17.08800749063506,10.44030650891055,7.0710678118654755,3.0,2.8284271247461903,8.602325267042627,20.248456731316587,17.11724276862369,22.090722034374522,30.066592756745816,31.064449134018133,34.36568055487916,26.019223662515376,31.25699921617557,0.0,0.0,0.0,0.0,0.0,0.0,0.0,0.0,0.0,0.0,0.0,26.90724809414742,29.154759474226502,29.966648127543394,30.01666203960727,25.942243542145693,34.17601498127012,35.35533905932738,24.041630560342615,22.847319317591726,33.54101966249684,29.546573405388315,22.47220505424423,22.47220505424423,18.973665961010276,18.027756377319946,16.0312195418814,13.92838827718412,5.0,1.4142135623730951,15.231546211727817,12.806248474865697,11.045361017187261,13.038404810405298,14.212670403551895,12.0,15.132745950421556
73.348483283569,11.0,23.021728866442675,24.698178070456937,23.853720883753127,30.23243291566195,30.0,24.413111231467404,31.622776601683793,25.495097567963924,22.80350850198276,24.08318915758459,14.422205101855956,17.804493814764857,10.63014581273465,8.0,6.4031242374328485,2.8284271247461903,11.313708498984761,12.206555615733702,16.278820596099706,21.213203435596427,21.633307652783937,23.323807579381203,29.0,27.018512172212592,29.698484809834994,0.0,0.0,0.0,0.0,0.0,0.0,0.0,0.0,0.0,0.0,0.0,22.135943621178654,25.079872407968907,26.40075756488817,23.706539182259394,25.80697580112788,28.653097563788805,25.80697580112788,23.345235059857504,27.459060435491963,23.430749027719962,22.02271554554524,21.2602916254693,23.430749027719962,17.029386365926403,19.849433241279208,14.866068747318506,10.63014581273465,7.810249675906654,8.94427190999916,2.23606797749979,6.324555320336759,1.4142135623730951,5.385164807134504,9.055385138137417,12.0,12.806248474865697
128.0,8.0,26.019223662515376,25.179356624028344,31.32091952673165,31.25699921617557,32.38826948140329,33.24154027718932,31.575306807693888,26.248809496813376,26.570660511172846,22.80350850198276,18.384776310850235,16.1245154965971,13.601470508735444,6.4031242374328485,7.0710678118654755,8.246211251235321,9.055385138137417,10.04987562112089,22.02271554554524,20.024984394500787,25.495097567963924,27.294688127912362,30.805843601498726,31.78049716414141,32.984845004941285,0.0,0.0,0.0,0.0,0.0,0.0,0.0,0.0,0.0,0.0,0.0,25.96150997149434,30.528675044947494,28.653097563788805,25.553864678361276,27.294688127912362,28.284271247461902,29.732137494637012,29.0,22.20360331117452,24.758836806279895,28.600699292150182,24.758836806279895,22.02271554554524,16.278820596099706,13.45362404707371,15.0,7.211102550927978,11.180339887498949,4.47213595499958,4.47213595499958,6.324555320336759,3.1622776601683795,4.47213595499958,5.0,8.06225774829855,13.0
93.38094023943002,11.0,7.211102550927978,3.605551275463989,23.600847442411894,13.038404810405298,15.132745950421556,12.36931687685298,18.35755975068582,12.165525060596439,19.4164878389476,28.0178514522438,27.51363298439521,26.076809620810597,23.323807579381203,28.635642126552707,33.24154027718932,28.442925306655784,19.4164878389476,23.345235059857504,21.213203435596427,15.231546211727817,14.7648230602334,23.0,13.341664064126334,11.704699910719626,8.06225774829855,0.0,0.0,0.0,0.0,0.0,0.0,0.0,0.0,0.0,0.0,0.0,10.295630140987,8.54400374531753,16.492422502470642,13.038404810405298,20.615528128088304,15.620499351813308,10.44030650891055,12.041594578792296,23.323807579381203,18.867962264113206,16.401219466856727,22.561028345356956,25.942243542145693,23.40939982143925,22.47220505424423,25.96150997149434,33.0,29.546573405388315,23.53720459187964,21.213203435596427,18.439088914585774,24.08318915758459,11.045361017187261,28.460498941515414,19.0,17.26267650163207
103.09219175087898,6.0,15.811388300841896,2.0,5.830951894845301,14.560219778561036,17.804493814764857,23.0,22.02271554554524,21.0,26.68332812825267,27.65863337187866,19.4164878389476,19.1049731745428,19.235384061671343,30.805843601498726,35.17101079013795,32.28002478313795,21.587033144922902,22.561028345356956,27.784887978899608,23.706539182259394,18.788294228055936,16.55294535724685,11.661903789690601,3.0,9.848857801796104,0.0,0.0,0.0,0.0,0.0,0.0,0.0,0.0,0.0,0.0,0.0,4.0,6.324555320336759,16.0312195418814,8.54400374531753,12.529964086141668,13.416407864998739,14.7648230602334,5.0990195135927845,15.556349186104045,26.68332812825267,18.439088914585774,17.88854381999832,24.698178070456937,25.298221281347036,22.02271554554524,18.384776310850235,17.029386365926403,25.317977802344327,34.20526275297414,22.0,18.027756377319946,19.6468827043885,20.223748416156685,15.811388300841896,21.93171219946131,10.0
111.36426715962351,16.0,13.038404810405298,11.40175425099138,11.661903789690601,15.811388300841896,14.866068747318506,23.345235059857504,12.041594578792296,17.204650534085253,20.808652046684813,20.223748416156685,17.46424919657298,23.021728866442675,21.400934559032695,28.653097563788805,23.706539182259394,22.20360331117452,27.730849247724095,29.410882339705484,20.615528128088304,14.317821063276353,18.24828759089466,8.246211251235321,13.038404810405298,12.36931687685298,14.422205101855956,0.0,0.0,0.0,0.0,0.0,0.0,0.0,0.0,0.0,0.0,0.0,13.601470508735444,10.816653826391969,7.211102550927978,10.198039027185569,13.0,13.0,10.198039027185569,15.033296378372908,8.54400374531753,13.341664064126334,15.033296378372908,16.1245154965971,26.30589287593181,21.400934559032695,18.384776310850235,24.166091947189145,21.18962010041709,22.47220505424423,18.439088914585774,16.55294535724685,24.186773244895647,19.72308292331602,16.401219466856727,19.4164878389476,14.560219778561036,15.0
69.35416353759881,28.0,25.96150997149434,28.231188426986208,20.12461179749811,24.698178070456937,30.265491900843113,24.186773244895647,25.079872407968907,23.53720459187964,25.179356624028344,17.11724276862369,13.152946437965905,12.0,5.385164807134504,8.94427190999916,7.810249675906654,9.219544457292887,7.810249675906654,18.439088914585774,16.55294535724685,20.248456731316587,23.323807579381203,29.68164415931166,28.30194339616981,27.202941017470888,31.04834939252005,0.0,0.0,0.0,0.0,0.0,0.0,0.0,0.0,0.0,0.0,0.0,24.698178070456937,19.72308292331602,27.65863337187866,24.758836806279895,24.08318915758459,21.95449840010015,22.02271554554524,27.202941017470888,28.844410203711913,30.886890422961002,25.45584412271571,25.0,32.28002478313795,19.72308292331602,20.8806130178211,10.816653826391969,12.083045973594572,8.94427190999916,11.180339887498949,5.830951894845301,8.06225774829855,2.0,7.615773105863909,2.0,14.142135623730951,5.385164807134504
131.76494222667878,27.0,12.083045973594572,31.906112267087632,49.49747468305833,47.20169488482379,25.80697580112788,47.43416490252569,42.80186911806539,30.0,29.732137494637012,26.570660511172846,25.0,25.079872407968907,26.30589287593181,20.09975124224178,6.708203932499369,9.848857801796104,19.026297590440446,24.515301344262525,26.40075756488817,28.160255680657446,42.190046219457976,48.41487374764082,47.01063709417264,50.60632371551998,52.15361924162119,0.0,0.0,0.0,0.0,0.0,0.0,0.0,0.0,0.0,0.0,0.0,41.036569057366385,42.190046219457976,34.132096331752024,42.190046219457976,39.56008088970496,40.52159917870962,44.64302857109943,47.80167361086848,52.20153254455275,43.41658669218482,50.21951811795888,48.38388161361178,45.044422518220834,36.013886210738214,43.18564576337837,40.01249804748511,39.0,21.02379604162864,18.788294228055936,3.1622776601683795,2.23606797749979,3.1622776601683795,11.180339887498949,19.026297590440446,21.37755832643195,22.825424421026653
111.36426715962351,16.0,31.622776601683793,34.92849839314596,37.12142238654117,36.40054944640259,44.27188724235731,32.31098884280702,28.284271247461902,46.400431032480725,44.27188724235731,40.26164427839479,23.40939982143925,22.47220505424423,18.35755975068582,17.72004514666935,6.324555320336759,12.36931687685298,20.248456731316587,20.396078054371138,24.351591323771842,37.107950630558946,38.62641583165593,39.81205847478876,51.884487084291386,44.598206241955516,49.64876634922564,0.0,0.0,0.0,0.0,0.0,0.0,0.0,0.0,0.0,0.0,0.0,43.289721643826724,39.0,43.93176527297759,41.773197148410844,50.59644256269407,40.311288741492746,42.5440947723653,43.657759905886145,47.70744176750625,42.04759208325728,49.24428900898052,55.226805085936306,37.48332962798263,33.24154027718932,41.23105625617661,45.48626166217664,35.22782990761707,26.832815729997478,27.202941017470888,20.591260281974,13.038404810405298,12.165525060596439,8.94427190999916,18.681541692269406,22.825424421026653,12.806248474865697
55.226805085936306,17.0,7.615773105863909,36.89173349139343,51.07837115648854,35.22782990761707,45.880278987817846,35.11409973215888,47.53945729601885,27.294688127912362,35.73513677041127,33.83784863137726,30.066592756745816,24.186773244895647,30.14962686336267,19.924858845171276,15.231546211727817,9.055385138137417,24.73863375370596,20.615528128088304,34.0147027033899,36.138621999185304,38.58756276314948,44.82186966202994,39.824615503479755,51.884487084291386,49.73932046178355,0.0,0.0,0.0,0.0,0.0,0.0,0.0,0.0,0.0,0.0,0.0,35.05709628591621,30.083217912982647,44.77722635447622,38.07886552931954,38.07886552931954,39.35733730830886,56.4003546088143,35.608987629529715,51.85556864985669,46.69047011971501,50.47771785649585,55.97320787662612,45.221676218380054,40.24922359499622,35.05709628591621,28.635642126552707,25.059928172283335,14.422205101855956,13.892443989449804,10.198039027185569,5.0,4.47213595499958,2.23606797749979,11.180339887498949,16.278820596099706,15.652475842498529
99.29753269845128,5.0,18.788294228055936,23.40939982143925,26.248809496813376,27.294688127912362,27.784887978899608,30.675723300355934,24.331050121192877,21.213203435596427,25.179356624028344,19.4164878389476,23.600847442411894,16.492422502470642,19.6468827043885,7.211102550927978,6.4031242374328485,10.44030650891055,16.492422502470642,12.806248474865697,15.811388300841896,26.076809620810597,28.178005607210743,32.64965543462902,35.805027579936315,38.07886552931954,36.796738985948195,0.0,0.0,0.0,0.0,0.0,0.0,0.0,0.0,0.0,0.0,0.0,26.0,31.016124838541646,29.154759474226502,29.5296461204668,32.449961479175904,26.627053911388696,39.698866482558415,31.400636936215164,37.44329045369811,35.38361202590826,36.87817782917155,29.068883707497267,26.90724809414742,30.528675044947494,24.041630560342615,17.08800749063506,23.853720883753127,14.317821063276353,7.615773105863909,8.246211251235321,3.1622776601683795,8.54400374531753,7.810249675906654,1.4142135623730951,11.704699910719626,6.0
99.29753269845128,5.0,15.620499351813308,21.540659228538015,24.186773244895647,19.235384061671343,28.42534080710379,24.698178070456937,24.166091947189145,19.313207915827967,19.313207915827967,23.345235059857504,18.027756377319946,17.11724276862369,10.04987562112089,10.295630140987,9.219544457292887,13.601470508735444,17.029386365926403,16.55294535724685,18.867962264113206,25.238858928247925,25.059928172283335,27.202941017470888,31.622776601683793,29.832867780352597,32.202484376209235,0.0,0.0,0.0,0.0,0.0,0.0,0.0,0.0,0.0,0.0,0.0,21.37755832643195,23.08679276123039,23.323807579381203,28.0178514522438,27.80287754891569,27.586228448267445,26.90724809414742,26.90724809414742,27.586228448267445,28.319604517012593,26.248809496813376,29.068883707497267,28.0178514522438,23.430749027719962,22.47220505424423,20.12461179749811,19.924858845171276,11.40175425099138,13.601470508735444,9.486832980505138,3.605551275463989,7.211102550927978,1.4142135623730951,4.47213595499958,3.1622776601683795,11.313708498984761
99.29753269845128,5.0,20.8806130178211,20.615528128088304,30.083217912982647,22.80350850198276,22.847319317591726,23.40939982143925,26.570660511172846,24.351591323771842,22.47220505424423,22.47220505424423,16.97056274847714,16.97056274847714,13.038404810405298,5.0,11.180339887498949,7.280109889280518,14.422205101855956,11.661903789690601,15.297058540778355,22.561028345356956,26.248809496813376,24.351591323771842,26.68332812825267,30.805843601498726,31.25699921617557,0.0,0.0,0.0,0.0,0.0,0.0,0.0,0.0,0.0,0.0,0.0,19.4164878389476,24.041630560342615,26.832815729997478,19.924858845171276,30.265491900843113,32.14031735997639,27.0,28.0178514522438,30.066592756745816,30.265491900843113,28.442925306655784,27.51363298439521,25.0,27.51363298439521,24.73863375370596,19.313207915827967,18.973665961010276,10.295630140987,13.601470508735444,6.0,3.0,4.0,0.0,6.0,8.246211251235321,5.656854249492381
103.09219175087898,6.0,8.06225774829855,12.806248474865697,12.36931687685298,20.396078054371138,8.06225774829855,11.045361017187261,20.12461179749811,16.0312195418814,14.317821063276353,22.80350850198276,24.331050121192877,19.0,24.08318915758459,39.96248240537617,28.284271247461902,18.027756377319946,23.53720459187964,21.02379604162864,23.0,23.021728866442675,16.492422502470642,15.620499351813308,18.439088914585774,5.0,6.708203932499369,0.0,0.0,0.0,0.0,0.0,0.0,0.0,0.0,0.0,0.0,0.0,5.0,10.04987562112089,13.0,16.76305461424021,13.0,20.248456731316587,22.80350850198276,15.620499351813308,22.847319317591726,26.870057685088806,25.942243542145693,21.470910553583888,24.413111231467404,24.73863375370596,22.360679774997898,24.041630560342615,14.212670403551895,20.396078054371138,26.92582403567252,23.769728648009426,24.331050121192877,18.973665961010276,19.924858845171276,14.422205101855956,13.341664064126334,2.23606797749979
109.65856099730654,11.0,15.652475842498529,12.649110640673518,16.0312195418814,25.019992006393608,16.1245154965971,18.027756377319946,20.09975124224178,15.811388300841896,26.92582403567252,20.12461179749811,20.591260281974,16.1245154965971,27.0,23.769728648009426,22.80350850198276,25.553864678361276,23.430749027719962,26.076809620810597,22.02271554554524,23.430749027719962,14.866068747318506,17.46424919657298,16.0312195418814,14.035668847618199,10.295630140987,0.0,0.0,0.0,0.0,0.0,0.0,0.0,0.0,0.0,0.0,0.0,16.278820596099706,15.811388300841896,12.806248474865697,12.529964086141668,19.0,18.027756377319946,10.198039027185569,11.40175425099138,32.2490309931942,21.18962010041709,27.0,26.248809496813376,24.698178070456937,20.396078054371138,29.120439557122072,29.410882339705484,23.853720883753127,23.769728648009426,17.4928556845359,16.76305461424021,24.596747752497688,23.430749027719962,15.033296378372908,14.035668847618199,23.769728648009426,9.899494936611665
99.29753269845128,5.0,27.85677655436824,26.40075756488817,27.202941017470888,28.460498941515414,39.824615503479755,35.4682957019364,34.655446902326915,29.0,28.0178514522438,23.40939982143925,22.847319317591726,17.804493814764857,16.0312195418814,13.0,11.180339887498949,7.211102550927978,10.198039027185569,11.40175425099138,15.652475842498529,19.6468827043885,19.1049731745428,24.041630560342615,26.1725046566048,26.1725046566048,30.23243291566195,0.0,0.0,0.0,0.0,0.0,0.0,0.0,0.0,0.0,0.0,0.0,28.30194339616981,25.238858928247925,26.076809620810597,27.65863337187866,25.80697580112788,27.65863337187866,28.42534080710379,30.610455730027933,26.627053911388696,30.0,30.528675044947494,26.92582403567252,26.92582403567252,21.02379604162864,20.591260281974,18.24828759089466,20.396078054371138,17.11724276862369,12.36931687685298,10.04987562112089,10.816653826391969,18.24828759089466,12.806248474865697,21.400934559032695,25.238858928247925,14.866068747318506
125.53883861180172,6.0,43.04648650006177,63.655321851358195,52.43090691567332,56.302753041036986,49.51767361255979,49.92995093127971,52.392747589718944,60.959002616512684,54.08326913195984,48.373546489791295,35.22782990761707,41.182520563948,27.313000567495326,22.847319317591726,24.041630560342615,16.97056274847714,12.806248474865697,23.021728866442675,24.73863375370596,31.04834939252005,36.345563690772494,33.83784863137726,34.92849839314596,41.43669871020132,47.16990566028302,0.0,0.0,0.0,0.0,0.0,0.0,0.0,0.0,0.0,0.0,0.0,39.05124837953327,40.11234224026316,48.662100242385755,52.952809179494906,49.040799340956916,47.80167361086848,49.64876634922564,48.104053883222775,56.61271941887264,45.79301256742124,49.73932046178355,50.21951811795888,38.27531841800928,38.41874542459709,41.23105625617661,25.495097567963924,24.73863375370596,28.861739379323623,20.0,30.14962686336267,26.0,12.649110640673518,31.827660925679098,29.427877939124322,48.104053883222775,31.906112267087632
99.29753269845128,5.0,40.0,60.108235708594876,41.400483088968905,53.33854141237835,53.74011537017761,37.53664875824692,43.93176527297759,34.66987164671943,41.340053217188775,40.0,34.539832078341085,31.016124838541646,29.0,19.1049731745428,14.212670403551895,12.206555615733702,13.152946437965905,15.297058540778355,25.553864678361276,31.622776601683793,31.38470965295043,32.64965543462902,38.897300677553446,40.607881008493905,42.190046219457976,0.0,0.0,0.0,0.0,0.0,0.0,0.0,0.0,0.0,0.0,0.0,42.80186911806539,46.010868281309364,42.43819034784589,44.94441010848846,47.70744176750625,45.60701700396552,48.54894437575342,56.92099788303083,51.42956348249516,40.8166632639171,57.48912940721924,44.9221548904324,41.43669871020132,42.95346318982906,30.083217912982647,38.07886552931954,35.014282800023196,32.2490309931942,26.076809620810597,11.661903789690601,33.24154027718932,29.206163733020468,25.632011235952593,37.44329045369811,42.579337712087536,38.01315561749642
99.29753269845128,5.0,44.553338819890925,57.77542730261716,48.02082881417188,50.60632371551998,51.22499389946279,49.040799340956916,53.600373133029585,47.38143096192854,37.013511046643494,31.78049716414141,37.73592452822641,33.24154027718932,21.37755832643195,31.04834939252005,27.073972741361768,15.231546211727817,18.110770276274835,19.697715603592208,28.635642126552707,26.076809620810597,40.162171256046406,34.17601498127012,40.162171256046406,51.07837115648854,45.27692569068709,0.0,0.0,0.0,0.0,0.0,0.0,0.0,0.0,0.0,0.0,0.0,46.61544808322666,46.09772228646444,53.71219600798314,48.75448697299562,52.15361924162119,51.40038910358559,55.60575509783138,56.0357029044876,48.104053883222775,54.817880294662984,54.91812087098393,43.01162633521314,48.82622246293481,51.42956348249516,33.015148038438355,39.44616584663204,39.293765408777,34.92849839314596,29.614185789921695,26.832815729997478,16.492422502470642,26.076809620810597,28.844410203711913,43.278170016764804,39.59797974644666,31.38470965295043
99.29753269845128,5.0,19.924858845171276,22.02271554554524,19.4164878389476,16.278820596099706,32.01562118716424,29.017236257093817,28.160255680657446,31.04834939252005,25.179356624028344,11.045361017187261,14.035668847618199,21.95449840010015,23.769728648009426,11.40175425099138,14.7648230602334,10.198039027185569,10.816653826391969,8.06225774829855,19.209372712298546,20.615528128088304,14.317821063276353,19.924858845171276,15.652475842498529,17.4928556845359,28.178005607210743,0.0,0.0,0.0,0.0,0.0,0.0,0.0,0.0,0.0,0.0,0.0,25.238858928247925,20.0,21.2602916254693,24.758836806279895,20.615528128088304,20.248456731316587,23.430749027719962,28.30194339616981,27.294688127912362,27.294688127912362,25.317977802344327,19.697715603592208,24.698178070456937,20.223748416156685,24.596747752497688,6.324555320336759,8.06225774829855,13.416407864998739,1.4142135623730951,5.0990195135927845,14.7648230602334,14.142135623730951,11.661903789690601,5.0990195135927845,14.035668847618199,24.698178070456937
73.348483283569,11.0,12.649110640673518,11.40175425099138,9.0,21.0,16.278820596099706,17.72004514666935,21.02379604162864,16.0312195418814,22.47220505424423,21.02379604162864,25.179356624028344,17.88854381999832,23.853720883753127,26.92582403567252,25.495097567963924,20.591260281974,16.401219466856727,22.67156809750927,20.808652046684813,15.264337522473747,16.401219466856727,18.601075237738275,14.317821063276353,6.324555320336759,11.180339887498949,0.0,0.0,0.0,0.0,0.0,0.0,0.0,0.0,0.0,0.0,0.0,11.40175425099138,7.280109889280518,4.242640687119285,12.041594578792296,16.64331697709324,15.264337522473747,25.059928172283335,21.470910553583888,20.8806130178211,17.4928556845359,27.784887978899608,18.384776310850235,32.2490309931942,26.570660511172846,23.345235059857504,28.071337695236398,32.2490309931942,28.861739379323623,25.019992006393608,26.30589287593181,27.459060435491963,27.16615541441225,18.24828759089466,15.811388300841896,12.041594578792296,10.63014581273465
125.67020331009256,12.0,3.0,7.280109889280518,21.540659228538015,17.804493814764857,12.083045973594572,21.2602916254693,15.652475842498529,15.811388300841896,17.804493814764857,13.601470508735444,17.029386365926403,19.849433241279208,22.67156809750927,15.264337522473747,29.732137494637012,21.633307652783937,19.4164878389476,16.76305461424021,25.709920264364882,12.806248474865697,21.0,13.341664064126334,9.433981132056603,15.652475842498529,11.180339887498949,0.0,0.0,0.0,0.0,0.0,0.0,0.0,0.0,0.0,0.0,0.0,12.206555615733702,9.219544457292887,8.48528137423857,13.92838827718412,13.416407864998739,11.0,13.92838827718412,17.11724276862369,15.811388300841896,21.93171219946131,20.8806130178211,23.706539182259394,25.495097567963924,26.0,20.591260281974,32.2490309931942,30.610455730027933,26.1725046566048,24.041630560342615,28.600699292150182,25.612496949731394,23.600847442411894,16.97056274847714,19.235384061671343,19.72308292331602,13.601470508735444
103.09219175087898,6.0,5.385164807134504,8.246211251235321,8.602325267042627,16.64331697709324,14.560219778561036,12.041594578792296,16.278820596099706,12.529964086141668,22.80350850198276,20.248456731316587,13.416407864998739,27.313000567495326,18.384776310850235,19.313207915827967,19.6468827043885,17.11724276862369,19.235384061671343,19.026297590440446,22.825424421026653,19.026297590440446,13.416407864998739,12.041594578792296,7.615773105863909,15.620499351813308,18.867962264113206,0.0,0.0,0.0,0.0,0.0,0.0,0.0,0.0,0.0,0.0,0.0,9.0,8.54400374531753,12.041594578792296,14.422205101855956,12.36931687685298,16.1245154965971,18.788294228055936,19.4164878389476,22.135943621178654,23.345235059857504,17.26267650163207,26.248809496813376,24.186773244895647,25.45584412271571,23.430749027719962,35.84689665786984,24.413111231467404,18.384776310850235,32.526911934581186,21.2602916254693,15.811388300841896,22.20360331117452,30.23243291566195,11.045361017187261,19.235384061671343,16.76305461424021
103.09219175087898,6.0,13.152946437965905,5.0990195135927845,9.848857801796104,13.892443989449804,8.94427190999916,22.135943621178654,16.15549442140351,21.095023109728988,19.026297590440446,14.866068747318506,21.37755832643195,18.0,25.079872407968907,20.396078054371138,20.8806130178211,23.53720459187964,17.0,25.709920264364882,22.47220505424423,15.556349186104045,14.866068747318506,9.848857801796104,8.246211251235321,16.55294535724685,12.041594578792296,0.0,0.0,0.0,0.0,0.0,0.0,0.0,0.0,0.0,0.0,0.0,7.810249675906654,12.041594578792296,10.295630140987,8.246211251235321,14.317821063276353,17.029386365926403,17.4928556845359,17.804493814764857,17.46424919657298,21.18962010041709,21.470910553583888,25.632011235952593,26.570660511172846,23.021728866442675,23.53720459187964,30.14962686336267,25.495097567963924,28.160255680657446,26.476404589747453,22.135943621178654,28.460498941515414,19.235384061671343,19.026297590440446,19.924858845171276,13.92838827718412,14.317821063276353
99.29753269845128,5.0,17.26267650163207,18.027756377319946,25.495097567963924,18.788294228055936,20.12461179749811,27.202941017470888,21.37755832643195,18.35755975068582,23.323807579381203,19.313207915827967,28.30194339616981,18.973665961010276,7.0710678118654755,24.186773244895647,26.40075756488817,20.12461179749811,18.027756377319946,13.0,16.64331697709324,23.021728866442675,22.20360331117452,19.209372712298546,22.825424421026653,28.42534080710379,29.120439557122072,0.0,0.0,0.0,0.0,0.0,0.0,0.0,0.0,0.0,0.0,0.0,20.223748416156685,27.313000567495326,25.0,27.85677655436824,23.430749027719962,20.0,36.013886210738214,23.53720459187964,17.11724276862369,19.6468827043885,19.209372712298546,36.235341863986875,20.808652046684813,26.570660511172846,21.633307652783937,30.610455730027933,14.422205101855956,27.65863337187866,19.235384061671343,19.6468827043885,31.0,16.1245154965971,27.16615541441225,15.033296378372908,35.11409973215888,17.69180601295413
46.69047011971501,13.0,14.866068747318506,9.433981132056603,20.396078054371138,13.152946437965905,25.179356624028344,20.024984394500787,16.1245154965971,27.16615541441225,10.44030650891055,15.524174696260024,23.0,27.459060435491963,25.019992006393608,29.154759474226502,20.223748416156685,24.041630560342615,31.0,21.02379604162864,18.027756377319946,19.6468827043885,18.867962264113206,17.88854381999832,19.1049731745428,11.045361017187261,16.76305461424021,0.0,0.0,0.0,0.0,0.0,0.0,0.0,0.0,0.0,0.0,0.0,13.0,9.848857801796104,8.0,18.027756377319946,13.601470508735444,21.02379604162864,14.560219778561036,18.384776310850235,23.021728866442675,20.591260281974,18.384776310850235,16.64331697709324,31.064449134018133,32.64965543462902,25.632011235952593,27.294688127912362,21.840329667841555,27.730849247724095,27.892651361962706,19.313207915827967,30.265491900843113,17.08800749063506,24.20743687382041,21.470910553583888,23.08679276123039,15.620499351813308
34.92849839314596,15.0,9.219544457292887,7.0710678118654755,4.123105625617661,17.029386365926403,11.40175425099138,11.180339887498949,14.035668847618199,20.808652046684813,15.0,21.470910553583888,25.45584412271571,20.615528128088304,14.422205101855956,15.620499351813308,23.259406699226016,21.470910553583888,19.849433241279208,12.649110640673518,21.540659228538015,15.0,19.1049731745428,17.46424919657298,14.422205101855956,12.806248474865697,12.083045973594572,0.0,0.0,0.0,0.0,0.0,0.0,0.0,0.0,0.0,0.0,0.0,12.041594578792296,10.63014581273465,8.06225774829855,9.848857801796104,14.0,17.08800749063506,12.529964086141668,14.866068747318506,22.360679774997898,15.0,21.633307652783937,29.154759474226502,25.179356624028344,29.966648127543394,18.439088914585774,28.600699292150182,33.24154027718932,24.166091947189145,23.345235059857504,19.209372712298546,23.706539182259394,8.48528137423857,13.45362404707371,21.213203435596427,20.615528128088304,15.620499351813308
133.8992158304148,7.0,10.295630140987,8.06225774829855,8.48528137423857,19.1049731745428,13.601470508735444,14.560219778561036,16.278820596099706,20.12461179749811,26.248809496813376,19.209372712298546,27.294688127912362,25.495097567963924,26.248809496813376,23.323807579381203,31.144823004794873,20.518284528683193,26.90724809414742,24.839484696748443,16.97056274847714,16.55294535724685,12.083045973594572,15.297058540778355,12.041594578792296,12.649110640673518,12.083045973594572,0.0,0.0,0.0,0.0,0.0,0.0,0.0,0.0,0.0,0.0,0.0,9.219544457292887,15.264337522473747,10.0,11.40175425099138,12.529964086141668,18.027756377319946,13.601470508735444,22.47220505424423,16.97056274847714,22.67156809750927,19.849433241279208,22.67156809750927,34.713109915419565,26.570660511172846,26.90724809414742,26.90724809414742,27.586228448267445,28.600699292150182,26.076809620810597,32.802438933713454,20.0,29.410882339705484,17.88854381999832,19.4164878389476,11.180339887498949,10.44030650891055
112.14722466472365,9.0,9.899494936611665,12.041594578792296,12.165525060596439,19.235384061671343,14.560219778561036,19.235384061671343,12.529964086141668,24.698178070456937,19.4164878389476,24.73863375370596,16.278820596099706,7.615773105863909,27.16615541441225,25.179356624028344,27.892651361962706,23.345235059857504,25.709920264364882,19.72308292331602,23.40939982143925,22.47220505424423,15.264337522473747,10.816653826391969,15.652475842498529,12.0,14.035668847618199,0.0,0.0,0.0,0.0,0.0,0.0,0.0,0.0,0.0,0.0,0.0,12.649110640673518,8.94427190999916,10.0,11.40175425099138,14.422205101855956,18.027756377319946,19.235384061671343,13.0,15.297058540778355,21.02379604162864,20.615528128088304,27.202941017470888,27.313000567495326,22.135943621178654,27.294688127912362,22.02271554554524,28.160255680657446,29.614185789921695,21.18962010041709,21.633307652783937,26.30589287593181,21.213203435596427,29.410882339705484,26.68332812825267,18.027756377319946,15.297058540778355
70.03570517957252,12.0,7.810249675906654,10.63014581273465,12.529964086141668,17.804493814764857,15.811388300841896,12.649110640673518,21.02379604162864,22.360679774997898,34.655446902326915,12.083045973594572,23.323807579381203,20.8806130178211,12.083045973594572,30.479501308256342,23.706539182259394,26.627053911388696,19.4164878389476,16.0312195418814,19.1049731745428,13.038404810405298,18.973665961010276,19.6468827043885,11.180339887498949,21.95449840010015,9.433981132056603,0.0,0.0,0.0,0.0,0.0,0.0,0.0,0.0,0.0,0.0,0.0,8.54400374531753,10.0,10.0,16.492422502470642,21.840329667841555,17.029386365926403,19.235384061671343,18.439088914585774,20.8806130178211,20.615528128088304,19.924858845171276,21.213203435596427,27.018512172212592,29.206163733020468,22.627416997969522,32.7566787083184,24.698178070456937,26.248809496813376,25.0,31.11269837220809,29.546573405388315,22.80350850198276,21.93171219946131,15.556349186104045,12.806248474865697,16.401219466856727
130.0,8.0,21.095023109728988,9.486832980505138,5.0,14.035668847618199,12.649110640673518,21.93171219946131,17.4928556845359,12.806248474865697,18.788294228055936,27.80287754891569,11.661903789690601,23.345235059857504,14.142135623730951,16.76305461424021,13.038404810405298,15.620499351813308,19.209372712298546,22.47220505424423,18.384776310850235,22.825424421026653,15.132745950421556,14.035668847618199,14.142135623730951,8.54400374531753,9.486832980505138,0.0,0.0,0.0,0.0,0.0,0.0,0.0,0.0,0.0,0.0,0.0,12.529964086141668,5.0,9.486832980505138,7.0,9.433981132056603,15.297058540778355,13.0,12.36931687685298,15.231546211727817,20.518284528683193,24.186773244895647,10.770329614269007,27.586228448267445,25.80697580112788,22.135943621178654,24.413111231467404,30.675723300355934,22.360679774997898,18.110770276274835,28.635642126552707,20.024984394500787,31.78049716414141,25.0,13.038404810405298,11.40175425099138,9.848857801796104
96.51942809610924,15.0,13.038404810405298,3.1622776601683795,21.95449840010015,14.317821063276353,17.46424919657298,19.72308292331602,17.204650534085253,22.825424421026653,17.0,25.709920264364882,22.135943621178654,26.570660511172846,26.476404589747453,27.294688127912362,22.02271554554524,19.026297590440446,23.345235059857504,21.213203435596427,22.090722034374522,19.235384061671343,16.76305461424021,11.40175425099138,14.560219778561036,13.038404810405298,10.816653826391969,0.0,0.0,0.0,0.0,0.0,0.0,0.0,0.0,0.0,0.0,0.0,9.486832980505138,12.041594578792296,11.661903789690601,13.416407864998739,13.341664064126334,13.45362404707371,20.808652046684813,19.235384061671343,18.439088914585774,17.88854381999832,19.4164878389476,31.0,26.019223662515376,30.066592756745816,29.546573405388315,27.018512172212592,25.179356624028344,27.730849247724095,26.076809620810597,25.079872407968907,23.0,25.079872407968907,18.027756377319946,21.95449840010015,15.811388300841896,15.297058540778355
128.0,8.0,3.605551275463989,4.242640687119285,16.64331697709324,10.44030650891055,9.219544457292887,21.02379604162864,15.652475842498529,14.866068747318506,21.93171219946131,18.788294228055936,23.769728648009426,21.95449840010015,24.698178070456937,21.470910553583888,22.80350850198276,18.681541692269406,16.492422502470642,16.278820596099706,20.09975124224178,23.021728866442675,13.0,15.297058540778355,18.867962264113206,11.180339887498949,12.649110640673518,0.0,0.0,0.0,0.0,0.0,0.0,0.0,0.0,0.0,0.0,0.0,14.317821063276353,11.180339887498949,13.416407864998739,12.041594578792296,18.027756377319946,17.46424919657298,15.231546211727817,17.46424919657298,18.681541692269406,23.194827009486403,23.40939982143925,22.47220505424423,22.090722034374522,33.13608305156178,20.615528128088304,23.769728648009426,29.5296461204668,23.40939982143925,20.396078054371138,30.265491900843113,21.95449840010015,22.825424421026653,18.681541692269406,12.041594578792296,14.7648230602334,15.0
56.0357029044876,13.0,8.246211251235321,5.830951894845301,13.92838827718412,12.529964086141668,14.7648230602334,20.518284528683193,21.2602916254693,27.459060435491963,27.80287754891569,22.47220505424423,26.870057685088806,21.02379604162864,24.758836806279895,17.804493814764857,23.430749027719962,21.18962010041709,19.4164878389476,18.027756377319946,11.40175425099138,24.413111231467404,14.317821063276353,9.433981132056603,18.788294228055936,14.317821063276353,4.47213595499958,0.0,0.0,0.0,0.0,0.0,0.0,0.0,0.0,0.0,0.0,0.0,3.605551275463989,6.4031242374328485,3.0,6.0,16.278820596099706,21.95449840010015,14.0,17.08800749063506,18.027756377319946,20.615528128088304,33.28663395418648,24.839484696748443,23.323807579381203,25.80697580112788,19.4164878389476,21.93171219946131,26.40075756488817,22.847319317591726,19.72308292331602,34.17601498127012,20.248456731316587,24.839484696748443,23.259406699226016,15.264337522473747,15.0,11.313708498984761
103.09219175087898,6.0,5.0,6.708203932499369,18.0,3.1622776601683795,4.0,15.297058540778355,19.026297590440446,24.73863375370596,17.46424919657298,11.704699910719626,14.560219778561036,20.024984394500787,14.317821063276353,21.095023109728988,17.204650534085253,11.40175425099138,26.40075756488817,16.1245154965971,12.806248474865697,15.264337522473747,12.727922061357855,20.248456731316587,9.219544457292887,18.0,11.704699910719626,0.0,0.0,0.0,0.0,0.0,0.0,0.0,0.0,0.0,0.0,0.0,12.36931687685298,9.486832980505138,10.295630140987,8.06225774829855,9.219544457292887,19.4164878389476,12.806248474865697,12.529964086141668,11.180339887498949,16.15549442140351,14.560219778561036,23.0,21.02379604162864,24.515301344262525,18.439088914585774,24.08318915758459,30.265491900843113,20.223748416156685,22.360679774997898,12.165525060596439,21.37755832643195,19.0,20.396078054371138,11.40175425099138,9.219544457292887,16.0312195418814
111.36426715962351,16.0,6.324555320336759,7.615773105863909,11.180339887498949,22.80350850198276,4.242640687119285,7.0,24.186773244895647,17.46424919657298,16.1245154965971,19.235384061671343,11.045361017187261,26.40075756488817,26.832815729997478,23.769728648009426,16.0312195418814,24.596747752497688,19.697715603592208,23.345235059857504,18.439088914585774,15.620499351813308,13.892443989449804,13.92838827718412,10.295630140987,9.433981132056603,11.40175425099138,0.0,0.0,0.0,0.0,0.0,0.0,0.0,0.0,0.0,0.0,0.0,6.082762530298219,2.8284271247461903,4.47213595499958,10.04987562112089,17.029386365926403,14.035668847618199,16.1245154965971,17.11724276862369,22.135943621178654,23.53720459187964,16.76305461424021,25.0,23.706539182259394,26.076809620810597,25.612496949731394,29.206163733020468,19.72308292331602,15.811388300841896,25.079872407968907,22.47220505424423,22.825424421026653,16.55294535724685,13.92838827718412,22.02271554554524,19.924858845171276,21.2602916254693
103.09219175087898,6.0,13.601470508735444,9.433981132056603,6.4031242374328485,8.54400374531753,16.278820596099706,14.142135623730951,7.615773105863909,21.213203435596427,19.697715603592208,20.518284528683193,15.556349186104045,25.0,17.69180601295413,25.059928172283335,23.021728866442675,28.42534080710379,21.400934559032695,25.495097567963924,17.029386365926403,17.0,9.433981132056603,10.295630140987,20.09975124224178,19.235384061671343,10.04987562112089,0.0,0.0,0.0,0.0,0.0,0.0,0.0,0.0,0.0,0.0,0.0,8.602325267042627,11.045361017187261,13.0,9.899494936611665,4.47213595499958,12.083045973594572,13.0,20.615528128088304,25.0,28.0178514522438,21.02379604162864,25.298221281347036,22.47220505424423,22.825424421026653,20.396078054371138,21.213203435596427,28.42534080710379,18.867962264113206,27.586228448267445,20.12461179749811,28.319604517012593,26.1725046566048,18.867962264113206,20.591260281974,14.317821063276353,8.54400374531753
70.03570517957252,12.0,7.615773105863909,20.09975124224178,18.027756377319946,21.095023109728988,10.44030650891055,15.811388300841896,17.0,16.1245154965971,14.560219778561036,30.0,23.08679276123039,19.924858845171276,27.459060435491963,25.495097567963924,15.297058540778355,14.317821063276353,17.4928556845359,14.866068747318506,18.601075237738275,11.045361017187261,17.4928556845359,10.04987562112089,9.219544457292887,12.0,13.892443989449804,0.0,0.0,0.0,0.0,0.0,0.0,0.0,0.0,0.0,0.0,0.0,16.278820596099706,12.165525060596439,14.212670403551895,9.433981132056603,11.40175425099138,12.649110640673518,15.0,13.601470508735444,18.439088914585774,21.540659228538015,6.708203932499369,26.30589287593181,23.08679276123039,21.2602916254693,33.13608305156178,19.235384061671343,24.186773244895647,14.560219778561036,18.24828759089466,26.248809496813376,26.248809496813376,17.88854381999832,16.278820596099706,13.0,17.88854381999832,21.02379604162864
103.09219175087898,6.0,4.47213595499958,21.0,10.04987562112089,6.324555320336759,15.264337522473747,6.082762530298219,10.0,24.698178070456937,18.24828759089466,24.08318915758459,23.021728866442675,25.179356624028344,24.515301344262525,15.524174696260024,26.570660511172846,21.095023109728988,17.804493814764857,24.331050121192877,10.04987562112089,17.69180601295413,13.416407864998739,17.029386365926403,19.235384061671343,19.924858845171276,16.0,0.0,0.0,0.0,0.0,0.0,0.0,0.0,0.0,0.0,0.0,0.0,11.313708498984761,11.661903789690601,8.246211251235321,14.142135623730951,12.806248474865697,16.1245154965971,18.027756377319946,26.30589287593181,22.360679774997898,27.018512172212592,20.248456731316587,27.784887978899608,15.556349186104045,21.93171219946131,27.459060435491963,32.64965543462902,24.698178070456937,13.92838827718412,25.059928172283335,16.0312195418814,46.09772228646444,17.46424919657298,24.041630560342615,24.331050121192877,21.95449840010015,14.866068747318506
103.09219175087898,6.0,10.770329614269007,16.278820596099706,12.36931687685298,11.180339887498949,16.1245154965971,21.840329667841555,17.029386365926403,19.4164878389476,24.515301344262525,38.27531841800928,17.029386365926403,15.524174696260024,30.4138126514911,22.360679774997898,34.0,25.317977802344327,20.09975124224178,20.518284528683193,21.18962010041709,18.35755975068582,13.92838827718412,18.439088914585774,14.142135623730951,17.08800749063506,21.02379604162864,0.0,0.0,0.0,0.0,0.0,0.0,0.0,0.0,0.0,0.0,0.0,14.866068747318506,5.385164807134504,2.8284271247461903,14.212670403551895,12.806248474865697,12.041594578792296,16.278820596099706,4.47213595499958,5.0990195135927845,11.045361017187261,20.024984394500787,15.524174696260024,26.1725046566048,21.213203435596427,17.72004514666935,22.561028345356956,31.78049716414141,25.059928172283335,19.72308292331602,14.866068747318506,29.068883707497267,14.212670403551895,19.697715603592208,8.06225774829855,10.770329614269007,19.313207915827967
133.15029102484155,29.0,12.041594578792296,10.63014581273465,14.7648230602334,10.44030650891055,18.027756377319946,12.0,13.601470508735444,15.264337522473747,25.0,19.0,18.681541692269406,20.09975124224178,16.76305461424021,23.53720459187964,19.313207915827967,22.360679774997898,22.02271554554524,17.88854381999832,18.110770276274835,18.027756377319946,18.973665961010276,11.313708498984761,12.041594578792296,11.661903789690601,7.211102550927978,0.0,0.0,0.0,0.0,0.0,0.0,0.0,0.0,0.0,0.0,0.0,8.48528137423857,6.324555320336759,7.810249675906654,10.63014581273465,10.770329614269007,13.0,11.045361017187261,20.396078054371138,19.235384061671343,23.769728648009426,27.073972741361768,16.55294535724685,20.8806130178211,31.400636936215164,22.360679774997898,24.331050121192877,22.80350850198276,24.041630560342615,27.294688127912362,26.570660511172846,22.47220505424423,15.524174696260024,24.020824298928627,10.44030650891055,20.615528128088304,5.385164807134504
66.09841147864296,30.0,17.46424919657298,9.055385138137417,9.219544457292887,10.44030650891055,14.866068747318506,21.633307652783937,18.867962264113206,18.384776310850235,21.840329667841555,20.0,22.80350850198276,23.600847442411894,23.853720883753127,23.021728866442675,23.769728648009426,19.79898987322333,17.46424919657298,18.439088914585774,21.470910553583888,20.12461179749811,18.027756377319946,21.587033144922902,19.0,6.082762530298219,11.661903789690601,0.0,0.0,0.0,0.0,0.0,0.0,0.0,0.0,0.0,0.0,0.0,9.848857801796104,11.704699910719626,10.04987562112089,13.152946437965905,10.04987562112089,11.0,10.0,14.560219778561036,18.788294228055936,20.0,19.72308292331602,28.231188426986208,27.294688127912362,22.02271554554524,17.804493814764857,25.495097567963924,24.73863375370596,32.69556544854363,20.615528128088304,26.832815729997478,21.93171219946131,18.867962264113206,15.811388300841896,9.219544457292887,10.295630140987,8.246211251235321
103.09219175087898,6.0,15.132745950421556,13.341664064126334,8.06225774829855,19.849433241279208,24.758836806279895,11.40175425099138,17.08800749063506,17.11724276862369,25.709920264364882,21.0,22.627416997969522,26.90724809414742,28.42534080710379,26.627053911388696,24.413111231467404,18.867962264113206,18.384776310850235,30.083217912982647,13.92838827718412,21.93171219946131,16.0,19.1049731745428,16.492422502470642,6.4031242374328485,6.708203932499369,0.0,0.0,0.0,0.0,0.0,0.0,0.0,0.0,0.0,0.0,0.0,16.1245154965971,2.23606797749979,12.727922061357855,19.235384061671343,14.560219778561036,7.0,9.055385138137417,20.591260281974,19.313207915827967,26.40075756488817,16.401219466856727,15.811388300841896,31.827660925679098,28.30194339616981,27.018512172212592,29.068883707497267,21.470910553583888,24.186773244895647,21.213203435596427,19.209372712298546,29.614185789921695,23.345235059857504,17.204650534085253,12.806248474865697,15.811388300841896,10.63014581273465
70.03570517957252,12.0,13.601470508735444,6.708203932499369,6.708203932499369,21.18962010041709,10.770329614269007,20.615528128088304,12.206555615733702,23.021728866442675,28.844410203711913,27.459060435491963,30.610455730027933,29.0,27.586228448267445,21.540659228538015,24.041630560342615,23.853720883753127,13.892443989449804,15.0,9.486832980505138,13.0,13.0,17.204650534085253,18.867962264113206,29.546573405388315,27.51363298439521,0.0,0.0,0.0,0.0,0.0,0.0,0.0,0.0,0.0,0.0,0.0,24.08318915758459,18.601075237738275,13.416407864998739,14.317821063276353,1.0,6.082762530298219,2.8284271247461903,5.830951894845301,9.0,6.324555320336759,13.92838827718412,17.08800749063506,17.08800749063506,17.029386365926403,16.0,23.769728648009426,8.602325267042627,20.615528128088304,17.029386365926403,20.223748416156685,16.278820596099706,25.238858928247925,14.142135623730951,11.40175425099138,34.17601498127012,12.206555615733702
99.29753269845128,5.0,4.242640687119285,2.23606797749979,3.0,14.317821063276353,12.529964086141668,23.853720883753127,24.20743687382041,29.410882339705484,33.28663395418648,30.610455730027933,33.301651610693426,31.953090617340916,38.27531841800928,33.28663395418648,24.839484696748443,25.238858928247925,12.165525060596439,17.46424919657298,14.142135623730951,13.45362404707371,14.560219778561036,25.942243542145693,22.80350850198276,34.52535300326414,34.92849839314596,0.0,0.0,0.0,0.0,0.0,0.0,0.0,0.0,0.0,0.0,0.0,24.041630560342615,22.627416997969522,10.63014581273465,8.602325267042627,7.810249675906654,3.605551275463989,5.0990195135927845,9.899494936611665,19.235384061671343,6.0,18.027756377319946,23.345235059857504,23.021728866442675,22.47220505424423,20.8806130178211,26.0,18.027756377319946,19.235384061671343,18.027756377319946,28.0178514522438,30.4138126514911,20.0,20.09975124224178,29.614185789921695,18.384776310850235,24.515301344262525
64.13267497929586,16.0,5.656854249492381,8.246211251235321,5.385164807134504,12.529964086141668,21.93171219946131,18.439088914585774,32.01562118716424,25.298221281347036,27.85677655436824,29.017236257093817,38.118237105091836,31.016124838541646,31.04834939252005,24.331050121192877,34.0147027033899,18.384776310850235,18.0,14.142135623730951,12.529964086141668,15.620499351813308,24.041630560342615,21.02379604162864,26.248809496813376,34.713109915419565,28.460498941515414,0.0,0.0,0.0,0.0,0.0,0.0,0.0,0.0,0.0,0.0,0.0,25.96150997149434,17.11724276862369,17.46424919657298,17.0,5.0,4.47213595499958,1.4142135623730951,13.601470508735444,7.280109889280518,19.235384061671343,24.08318915758459,17.804493814764857,20.518284528683193,24.758836806279895,29.068883707497267,15.620499351813308,22.20360331117452,19.79898987322333,19.72308292331602,24.20743687382041,20.615528128088304,27.018512172212592,18.681541692269406,25.709920264364882,24.351591323771842,26.248809496813376
139.54210834009928,7.0,15.556349186104045,13.0,16.64331697709324,19.026297590440446,14.866068747318506,13.0,22.20360331117452,22.02271554554524,18.24828759089466,23.53720459187964,25.709920264364882,28.30194339616981,27.073972741361768,23.769728648009426,20.0,30.14962686336267,27.16615541441225,17.46424919657298,22.360679774997898,15.0,17.4928556845359,15.0,17.204650534085253,15.0,13.0,0.0,0.0,0.0,0.0,0.0,0.0,0.0,0.0,0.0,0.0,0.0,10.816653826391969,8.94427190999916,4.242640687119285,5.385164807134504,10.198039027185569,13.341664064126334,13.341664064126334,17.029386365926403,16.1245154965971,20.396078054371138,26.92582403567252,20.8806130178211,29.832867780352597,26.248809496813376,25.553864678361276,22.47220505424423,29.068883707497267,20.615528128088304,26.870057685088806,22.47220505424423,30.01666203960727,23.853720883753127,21.470910553583888,13.892443989449804,23.08679276123039,22.02271554554524
175.45369759569047,7.0,7.810249675906654,11.40175425099138,12.529964086141668,11.40175425099138,18.788294228055936,13.892443989449804,24.186773244895647,18.681541692269406,20.248456731316587,16.401219466856727,25.059928172283335,25.553864678361276,26.419689627245813,23.53720459187964,21.400934559032695,26.248809496813376,28.160255680657446,17.204650534085253,19.6468827043885,18.384776310850235,16.15549442140351,19.313207915827967,15.132745950421556,18.681541692269406,6.0,0.0,0.0,0.0,0.0,0.0,0.0,0.0,0.0,0.0,0.0,0.0,9.433981132056603,9.433981132056603,12.36931687685298,13.152946437965905,10.770329614269007,11.661903789690601,18.439088914585774,15.264337522473747,18.601075237738275,24.839484696748443,31.064449134018133,23.021728866442675,21.095023109728988,22.20360331117452,22.0,25.019992006393608,29.0,18.027756377319946,25.079872407968907,26.0,20.024984394500787,20.615528128088304,26.076809620810597,19.026297590440446,14.035668847618199,15.811388300841896
125.53883861180172,9.0,6.4031242374328485,19.4164878389476,21.37755832643195,14.317821063276353,18.0,16.492422502470642,26.1725046566048,24.020824298928627,23.08679276123039,22.360679774997898,22.135943621178654,24.73863375370596,18.788294228055936,31.622776601683793,32.202484376209235,27.892651361962706,19.026297590440446,23.194827009486403,25.317977802344327,23.021728866442675,24.331050121192877,14.866068747318506,18.601075237738275,12.649110640673518,10.770329614269007,0.0,0.0,0.0,0.0,0.0,0.0,0.0,0.0,0.0,0.0,0.0,15.132745950421556,7.0710678118654755,12.165525060596439,15.556349186104045,10.770329614269007,22.47220505424423,9.219544457292887,25.238858928247925,23.40939982143925,14.212670403551895,17.029386365926403,25.238858928247925,29.068883707497267,23.259406699226016,19.6468827043885,24.186773244895647,25.079872407968907,24.020824298928627,22.847319317591726,25.0,19.6468827043885,24.08318915758459,22.02271554554524,18.24828759089466,14.866068747318506,9.848857801796104
103.09219175087898,6.0,27.0,14.142135623730951,18.439088914585774,19.026297590440446,13.892443989449804,29.0,29.732137494637012,37.20215047547655,38.47076812334269,36.05551275463989,27.80287754891569,31.144823004794873,30.479501308256342,28.844410203711913,29.154759474226502,26.076809620810597,21.470910553583888,28.635642126552707,19.6468827043885,18.027756377319946,24.08318915758459,24.351591323771842,30.083217912982647,26.570660511172846,28.635642126552707,0.0,0.0,0.0,0.0,0.0,0.0,0.0,0.0,0.0,0.0,0.0,5.0,0.0,5.0990195135927845,2.23606797749979,8.0,5.830951894845301,6.4031242374328485,10.0,12.041594578792296,21.18962010041709,14.142135623730951,14.7648230602334,20.8806130178211,23.53720459187964,21.540659228538015,20.09975124224178,22.360679774997898,16.492422502470642,16.0312195418814,17.11724276862369,20.248456731316587,8.48528137423857,8.06225774829855,18.027756377319946,6.708203932499369,11.180339887498949
143.68368035375485,25.0,28.442925306655784,27.202941017470888,24.186773244895647,34.23448553724738,38.948684188300895,54.120236510939236,40.45985664828782,51.264022471905186,51.22499389946279,54.56189146281496,55.17245689653489,48.82622246293481,47.80167361086848,49.678969393496885,38.27531841800928,44.40720662234904,41.677331968349414,38.01315561749642,33.54101966249684,41.43669871020132,37.12142238654117,38.07886552931954,47.29693436154187,46.84015371452148,44.9221548904324,0.0,0.0,0.0,0.0,0.0,0.0,0.0,0.0,0.0,0.0,0.0,9.486832980505138,8.602325267042627,4.47213595499958,5.385164807134504,8.246211251235321,8.06225774829855,11.180339887498949,19.1049731745428,22.67156809750927,21.93171219946131,20.615528128088304,30.4138126514911,32.31098884280702,31.04834939252005,24.08318915758459,28.635642126552707,32.57299494980466,29.427877939124322,22.02271554554524,17.804493814764857,22.02271554554524,23.345235059857504,9.899494936611665,26.90724809414742,4.123105625617661,17.029386365926403
55.47071299343465,18.0,7.280109889280518,20.615528128088304,31.016124838541646,19.313207915827967,24.515301344262525,22.135943621178654,32.38826948140329,28.0,45.0111097397076,27.730849247724095,35.4682957019364,34.132096331752024,36.359317925395686,41.23105625617661,42.720018726587654,35.4400902933387,28.284271247461902,22.360679774997898,25.179356624028344,18.35755975068582,17.69180601295413,30.610455730027933,28.0178514522438,24.758836806279895,31.11269837220809,0.0,0.0,0.0,0.0,0.0,0.0,0.0,0.0,0.0,0.0,0.0,11.045361017187261,1.4142135623730951,4.47213595499958,8.06225774829855,11.40175425099138,8.48528137423857,14.317821063276353,12.649110640673518,18.973665961010276,25.495097567963924,21.02379604162864,2.0,10.0,28.178005607210743,13.892443989449804,28.653097563788805,23.021728866442675,28.792360097775937,4.0,21.18962010041709,10.0,25.298221281347036,9.219544457292887,8.0,18.110770276274835,1.0
152.7939789389621,22.0,18.35755975068582,31.400636936215164,33.54101966249684,39.395431207184416,42.720018726587654,50.28916384272063,42.720018726587654,41.036569057366385,42.941821107167776,55.31726674375732,63.071388124885914,49.33558553417604,50.11985634456667,55.94640292279746,48.30113870293329,56.0357029044876,37.12142238654117,34.20526275297414,44.68780594300866,42.95346318982906,37.48332962798263,39.293765408777,36.05551275463989,42.2965719651132,49.24428900898052,0.0,0.0,0.0,0.0,0.0,0.0,0.0,0.0,0.0,0.0,0.0,3.605551275463989,5.0,3.0,12.083045973594572,19.026297590440446,9.055385138137417,18.867962264113206,16.1245154965971,15.033296378372908,9.055385138137417,22.02271554554524,24.186773244895647,28.460498941515414,29.966648127543394,27.459060435491963,30.364452901377952,21.470910553583888,37.44329045369811,14.866068747318506,19.4164878389476,22.561028345356956,8.54400374531753,26.92582403567252,11.661903789690601,17.204650534085253,22.825424421026653
175.45369759569047,7.0,14.212670403551895,28.861739379323623,46.8187996428785,44.28317965096906,39.11521443121589,53.14132102234569,39.56008088970496,39.56008088970496,50.21951811795888,49.36598018878993,48.25971404805462,54.91812087098393,52.20153254455275,61.18823416311342,47.51841748206689,36.6742416417845,38.01315561749642,35.35533905932738,34.36568055487916,31.78049716414141,37.8021163428716,33.301651610693426,40.607881008493905,40.311288741492746,41.773197148410844,0.0,0.0,0.0,0.0,0.0,0.0,0.0,0.0,0.0,0.0,0.0,11.704699910719626,8.06225774829855,5.0990195135927845,3.605551275463989,1.4142135623730951,13.416407864998739,15.0,13.038404810405298,18.439088914585774,19.209372712298546,20.615528128088304,22.847319317591726,26.92582403567252,34.132096331752024,34.48187929913333,28.178005607210743,16.15549442140351,28.30194339616981,25.298221281347036,13.92838827718412,31.144823004794873,15.556349186104045,10.0,13.601470508735444,15.132745950421556,5.0
132.48396129343357,8.0,16.55294535724685,33.54101966249684,18.027756377319946,43.382023926967726,36.124783736376884,43.829214001622255,41.78516483155236,51.0,45.803929962395145,56.22277118748239,56.22277118748239,46.66904755831214,53.075418038862395,48.104053883222775,46.010868281309364,49.040799340956916,36.6742416417845,39.56008088970496,37.16180835212409,38.47076812334269,40.26164427839479,35.05709628591621,41.30375285612676,38.07886552931954,49.25444142409901,0.0,0.0,0.0,0.0,0.0,0.0,0.0,0.0,0.0,0.0,0.0,6.4031242374328485,7.615773105863909,6.082762530298219,12.165525060596439,5.0,12.529964086141668,15.811388300841896,17.72004514666935,19.849433241279208,13.416407864998739,20.808652046684813,22.360679774997898,24.596747752497688,26.019223662515376,20.615528128088304,24.020824298928627,22.360679774997898,32.14031735997639,17.46424919657298,18.867962264113206,12.727922061357855,7.810249675906654,9.486832980505138,12.041594578792296,7.615773105863909,5.0
175.45369759569047,7.0,1.0,28.30194339616981,41.012193308819754,28.792360097775937,36.138621999185304,45.45327270945405,53.75872022286245,39.698866482558415,48.76474136094644,58.60034129593445,48.75448697299562,45.880278987817846,35.11409973215888,37.656340767525464,48.703182647543684,43.86342439892262,35.77708763999664,38.62641583165593,34.88552708502482,36.359317925395686,33.83784863137726,40.22437072223753,43.01162633521314,44.68780594300866,46.06517122512408,0.0,0.0,0.0,0.0,0.0,0.0,0.0,0.0,0.0,0.0,0.0,15.811388300841896,8.06225774829855,10.04987562112089,5.0,3.1622776601683795,10.63014581273465,15.811388300841896,14.422205101855956,10.44030650891055,17.46424919657298,16.64331697709324,26.248809496813376,27.0,31.76476034853718,29.068883707497267,24.698178070456937,20.615528128088304,29.732137494637012,15.264337522473747,23.706539182259394,9.486832980505138,13.038404810405298,25.0,15.033296378372908,26.627053911388696,6.708203932499369
132.48396129343357,8.0,9.486832980505138,26.92582403567252,28.284271247461902,35.05709628591621,39.56008088970496,38.07886552931954,47.042533945356304,65.03076195155643,46.2709412050371,48.662100242385755,47.67598976424087,53.08483775994799,47.01063709417264,50.48762224545735,44.28317965096906,37.013511046643494,46.2709412050371,32.01562118716424,34.539832078341085,39.66106403010388,36.76955262170047,37.53664875824692,36.235341863986875,49.678969393496885,42.01190307520001,0.0,0.0,0.0,0.0,0.0,0.0,0.0,0.0,0.0,0.0,0.0,6.708203932499369,3.1622776601683795,3.0,2.0,4.47213595499958,16.0312195418814,19.1049731745428,17.0,19.6468827043885,26.30589287593181,27.892651361962706,21.213203435596427,19.6468827043885,32.69556544854363,25.80697580112788,31.38470965295043,21.95449840010015,12.649110640673518,15.033296378372908,4.242640687119285,31.906112267087632,26.570660511172846,17.0,3.0,30.59411708155671,14.317821063276353
125.53883861180172,6.0,13.45362404707371,8.48528137423857,14.035668847618199,9.0,7.280109889280518,11.313708498984761,23.53720459187964,20.615528128088304,21.840329667841555,27.294688127912362,25.179356624028344,19.026297590440446,26.019223662515376,27.073972741361768,23.021728866442675,26.076809620810597,19.1049731745428,19.313207915827967,20.615528128088304,24.698178070456937,15.524174696260024,19.924858845171276,19.313207915827967,16.1245154965971,4.47213595499958,0.0,0.0,0.0,0.0,0.0,0.0,0.0,0.0,0.0,0.0,0.0,17.26267650163207,14.142135623730951,13.0,9.848857801796104,12.041594578792296,17.46424919657298,17.4928556845359,8.0,14.142135623730951,22.02271554554524,14.142135623730951,24.351591323771842,12.36931687685298,28.42534080710379,29.5296461204668,27.85677655436824,26.92582403567252,17.804493814764857,22.47220505424423,17.204650534085253,22.360679774997898,20.12461179749811,18.439088914585774,24.698178070456937,9.055385138137417,11.40175425099138
56.0357029044876,13.0,18.439088914585774,31.144823004794873,29.832867780352597,21.213203435596427,19.235384061671343,19.79898987322333,30.01666203960727,26.40075756488817,26.627053911388696,26.870057685088806,26.076809620810597,25.80697580112788,27.80287754891569,27.018512172212592,16.64331697709324,17.4928556845359,17.46424919657298,18.110770276274835,23.53720459187964,23.259406699226016,21.470910553583888,26.1725046566048,28.30194339616981,28.653097563788805,33.24154027718932,0.0,0.0,0.0,0.0,0.0,0.0,0.0,0.0,0.0,0.0,0.0,24.20743687382041,20.518284528683193,17.46424919657298,16.1245154965971,13.601470508735444,11.704699910719626,10.295630140987,13.601470508735444,3.1622776601683795,21.37755832643195,10.0,20.12461179749811,21.95449840010015,17.029386365926403,16.401219466856727,24.596747752497688,23.600847442411894,13.92838827718412,12.083045973594572,19.026297590440446,22.47220505424423,5.0990195135927845,23.706539182259394,16.64331697709324,7.280109889280518,22.47220505424423
73.348483283569,11.0,16.1245154965971,21.400934559032695,3.605551275463989,28.231188426986208,22.847319317591726,16.278820596099706,35.84689665786984,23.0,19.1049731745428,15.0,41.14608122288197,42.638011210655684,32.2490309931942,32.449961479175904,9.219544457292887,18.24828759089466,11.40175425099138,25.942243542145693,13.341664064126334,9.433981132056603,24.041630560342615,21.400934559032695,30.4138126514911,27.459060435491963,29.154759474226502,0.0,0.0,0.0,0.0,0.0,0.0,0.0,0.0,0.0,0.0,0.0,26.019223662515376,18.110770276274835,19.235384061671343,9.219544457292887,8.0,12.0,2.8284271247461903,10.295630140987,22.561028345356956,18.681541692269406,9.899494936611665,15.524174696260024,21.2602916254693,9.055385138137417,26.30589287593181,22.090722034374522,17.72004514666935,30.083217912982647,32.55764119219941,12.206555615733702,12.206555615733702,34.0147027033899,22.627416997969522,9.486832980505138,23.08679276123039,19.209372712298546
131.59027319676784,5.0,11.180339887498949,8.48528137423857,23.345235059857504,14.142135623730951,17.0,18.439088914585774,23.021728866442675,22.67156809750927,23.345235059857504,20.808652046684813,17.4928556845359,19.79898987322333,23.600847442411894,30.23243291566195,27.018512172212592,20.518284528683193,23.021728866442675,20.0,18.681541692269406,7.0710678118654755,15.297058540778355,17.26267650163207,12.36931687685298,13.601470508735444,8.0,0.0,0.0,0.0,0.0,0.0,0.0,0.0,0.0,0.0,0.0,0.0,8.246211251235321,12.165525060596439,14.866068747318506,14.035668847618199,14.142135623730951,16.15549442140351,15.297058540778355,19.209372712298546,11.661903789690601,15.033296378372908,20.518284528683193,22.47220505424423,25.495097567963924,27.018512172212592,25.238858928247925,27.018512172212592,22.02271554554524,32.449961479175904,28.160255680657446,25.238858928247925,19.849433241279208,21.633307652783937,18.027756377319946,24.758836806279895,14.422205101855956,5.0
131.76494222667878,27.0,9.433981132056603,9.848857801796104,22.561028345356956,14.422205101855956,14.212670403551895,15.652475842498529,26.832815729997478,22.360679774997898,17.029386365926403,26.832815729997478,16.15549442140351,19.209372712298546,24.698178070456937,24.413111231467404,27.202941017470888,29.410882339705484,25.238858928247925,27.784887978899608,19.235384061671343,20.0,23.40939982143925,13.416407864998739,11.661903789690601,13.038404810405298,14.035668847618199,0.0,0.0,0.0,0.0,0.0,0.0,0.0,0.0,0.0,0.0,0.0,8.246211251235321,11.40175425099138,10.295630140987,8.54400374531753,14.317821063276353,21.37755832643195,8.246211251235321,20.396078054371138,22.47220505424423,20.024984394500787,23.021728866442675,25.079872407968907,10.295630140987,18.788294228055936,17.69180601295413,24.839484696748443,24.758836806279895,26.076809620810597,25.495097567963924,16.97056274847714,19.1049731745428,25.298221281347036,21.213203435596427,16.64331697709324,23.021728866442675,7.0710678118654755
69.35416353759881,28.0,16.0312195418814,2.23606797749979,20.248456731316587,15.0,9.486832980505138,15.652475842498529,17.08800749063506,21.400934559032695,22.825424421026653,26.570660511172846,29.832867780352597,27.80287754891569,28.178005607210743,35.90264614203248,24.166091947189145,23.769728648009426,21.95449840010015,24.73863375370596,21.18962010041709,20.0,8.06225774829855,13.038404810405298,17.11724276862369,16.64331697709324,12.806248474865697,0.0,0.0,0.0,0.0,0.0,0.0,0.0,0.0,0.0,0.0,0.0,14.317821063276353,9.219544457292887,13.601470508735444,11.180339887498949,17.4928556845359,21.93171219946131,9.848857801796104,24.351591323771842,13.416407864998739,25.019992006393608,24.166091947189145,20.024984394500787,15.0,27.202941017470888,19.849433241279208,28.160255680657446,28.231188426986208,26.419689627245813,27.294688127912362,20.024984394500787,25.495097567963924,20.09975124224178,17.88854381999832,12.206555615733702,9.219544457292887,16.278820596099706
133.8992158304148,7.0,8.602325267042627,13.0,16.278820596099706,15.524174696260024,18.867962264113206,12.041594578792296,19.72308292331602,15.0,17.804493814764857,24.73863375370596,29.154759474226502,14.866068747318506,27.018512172212592,22.360679774997898,28.0178514522438,32.2490309931942,22.20360331117452,22.67156809750927,21.93171219946131,21.95449840010015,16.64331697709324,13.0,21.18962010041709,10.770329614269007,19.1049731745428,0.0,0.0,0.0,0.0,0.0,0.0,0.0,0.0,0.0,0.0,0.0,12.206555615733702,2.0,12.529964086141668,19.0,16.278820596099706,11.40175425099138,19.1049731745428,18.973665961010276,23.259406699226016,17.204650534085253,21.540659228538015,19.79898987322333,26.1725046566048,16.97056274847714,22.561028345356956,25.96150997149434,31.016124838541646,25.317977802344327,21.95449840010015,25.059928172283335,26.019223662515376,20.396078054371138,25.495097567963924,17.46424919657298,15.524174696260024,24.596747752497688
112.14722466472365,9.0,17.204650534085253,13.0,15.811388300841896,13.152946437965905,18.681541692269406,24.73863375370596,23.0,24.351591323771842,32.01562118716424,21.02379604162864,27.459060435491963,27.16615541441225,30.14962686336267,25.0,24.351591323771842,33.95585369269929,35.05709628591621,22.135943621178654,29.832867780352597,17.69180601295413,19.849433241279208,15.0,11.40175425099138,16.401219466856727,11.661903789690601,0.0,0.0,0.0,0.0,0.0,0.0,0.0,0.0,0.0,0.0,0.0,12.529964086141668,13.0,3.1622776601683795,11.704699910719626,13.416407864998739,13.152946437965905,13.45362404707371,14.317821063276353,25.45584412271571,16.278820596099706,18.439088914585774,21.93171219946131,20.615528128088304,21.93171219946131,17.26267650163207,23.53720459187964,24.839484696748443,20.615528128088304,20.396078054371138,25.0,28.178005607210743,16.1245154965971,29.154759474226502,19.209372712298546,15.652475842498529,17.69180601295413
133.8992158304148,7.0,21.587033144922902,32.01562118716424,16.15549442140351,21.400934559032695,9.848857801796104,3.1622776601683795,15.297058540778355,18.973665961010276,9.848857801796104,18.027756377319946,15.556349186104045,16.97056274847714,15.033296378372908,11.180339887498949,11.180339887498949,18.439088914585774,14.560219778561036,14.317821063276353,20.09975124224178,20.09975124224178,18.681541692269406,20.024984394500787,23.194827009486403,21.213203435596427,29.154759474226502,0.0,0.0,0.0,0.0,0.0,0.0,0.0,0.0,0.0,0.0,0.0,32.89376840679705,34.52535300326414,30.066592756745816,24.515301344262525,29.614185789921695,20.024984394500787,26.076809620810597,13.038404810405298,19.235384061671343,23.600847442411894,18.788294228055936,23.021728866442675,23.706539182259394,27.16615541441225,24.186773244895647,24.186773244895647,26.40075756488817,17.26267650163207,18.788294228055936,25.96150997149434,26.570660511172846,18.973665961010276,18.788294228055936,32.55764119219941,18.35755975068582,23.021728866442675
125.53883861180172,6.0,17.029386365926403,12.206555615733702,15.0,24.331050121192877,24.698178070456937,21.633307652783937,22.135943621178654,21.213203435596427,23.345235059857504,22.561028345356956,21.37755832643195,25.632011235952593,23.259406699226016,19.235384061671343,26.627053911388696,25.495097567963924,20.615528128088304,22.0,24.351591323771842,20.615528128088304,17.88854381999832,13.92838827718412,13.45362404707371,16.278820596099706,15.0,0.0,0.0,0.0,0.0,0.0,0.0,0.0,0.0,0.0,0.0,0.0,13.0,17.26267650163207,6.082762530298219,10.0,11.313708498984761,17.46424919657298,15.264337522473747,18.788294228055936,18.384776310850235,27.892651361962706,17.26267650163207,20.248456731316587,24.515301344262525,16.278820596099706,28.160255680657446,21.37755832643195,27.784887978899608,19.6468827043885,23.08679276123039,19.72308292331602,25.019992006393608,23.194827009486403,22.20360331117452,18.24828759089466,12.36931687685298,17.26267650163207
103.09219175087898,6.0,9.486832980505138,12.083045973594572,20.248456731316587,23.08679276123039,18.0,19.026297590440446,13.601470508735444,25.059928172283335,18.867962264113206,21.02379604162864,22.627416997969522,21.2602916254693,27.65863337187866,31.400636936215164,26.627053911388696,24.186773244895647,30.01666203960727,25.238858928247925,20.591260281974,22.825424421026653,20.591260281974,12.649110640673518,14.317821063276353,11.045361017187261,10.198039027185569,0.0,0.0,0.0,0.0,0.0,0.0,0.0,0.0,0.0,0.0,0.0,11.40175425099138,5.385164807134504,10.63014581273465,13.601470508735444,4.0,20.024984394500787,9.219544457292887,23.53720459187964,20.615528128088304,20.248456731316587,20.808652046684813,29.832867780352597,19.72308292331602,18.439088914585774,24.166091947189145,31.32091952673165,22.02271554554524,32.01562118716424,17.204650534085253,18.384776310850235,27.073972741361768,16.64331697709324,17.46424919657298,16.0,14.0,11.313708498984761
96.51942809610924,15.0,8.06225774829855,12.529964086141668,13.0,14.035668847618199,20.024984394500787,17.46424919657298,19.6468827043885,20.09975124224178,22.135943621178654,26.832815729997478,24.08318915758459,17.72004514666935,24.73863375370596,32.984845004941285,25.495097567963924,25.019992006393608,21.587033144922902,27.073972741361768,17.804493814764857,17.26267650163207,18.35755975068582,18.601075237738275,11.661903789690601,11.180339887498949,14.866068747318506,0.0,0.0,0.0,0.0,0.0,0.0,0.0,0.0,0.0,0.0,0.0,12.206555615733702,12.529964086141668,8.06225774829855,10.0,13.038404810405298,12.36931687685298,13.038404810405298,16.15549442140351,13.0,12.36931687685298,19.313207915827967,15.132745950421556,23.53720459187964,24.596747752497688,24.166091947189145,21.93171219946131,19.209372712298546,26.1725046566048,22.80350850198276,22.847319317591726,29.732137494637012,14.422205101855956,21.095023109728988,18.681541692269406,11.40175425099138,10.770329614269007
128.0,8.0,13.892443989449804,14.212670403551895,13.92838827718412,14.866068747318506,16.278820596099706,21.18962010041709,21.02379604162864,24.839484696748443,24.515301344262525,26.92582403567252,20.808652046684813,21.540659228538015,32.64965543462902,29.410882339705484,32.802438933713454,28.600699292150182,26.832815729997478,23.769728648009426,27.018512172212592,23.40939982143925,14.866068747318506,11.045361017187261,12.083045973594572,20.0,16.0,0.0,0.0,0.0,0.0,0.0,0.0,0.0,0.0,0.0,0.0,0.0,8.06225774829855,13.45362404707371,14.212670403551895,10.0,15.811388300841896,14.866068747318506,14.142135623730951,19.1049731745428,21.02379604162864,18.027756377319946,24.331050121192877,14.035668847618199,23.08679276123039,19.4164878389476,19.1049731745428,29.068883707497267,22.627416997969522,23.600847442411894,23.706539182259394,26.90724809414742,23.021728866442675,12.806248474865697,12.529964086141668,17.11724276862369,15.652475842498529,10.816653826391969
103.09219175087898,6.0,6.082762530298219,15.0,16.1245154965971,9.219544457292887,24.596747752497688,14.317821063276353,20.223748416156685,18.24828759089466,22.561028345356956,33.13608305156178,21.93171219946131,25.019992006393608,21.37755832643195,29.410882339705484,30.066592756745816,22.360679774997898,21.540659228538015,21.02379604162864,22.80350850198276,16.278820596099706,13.0,17.69180601295413,18.867962264113206,18.027756377319946,14.866068747318506,0.0,0.0,0.0,0.0,0.0,0.0,0.0,0.0,0.0,0.0,0.0,12.083045973594572,14.0,18.027756377319946,2.23606797749979,8.06225774829855,15.556349186104045,18.867962264113206,18.35755975068582,19.235384061671343,15.811388300841896,17.0,23.40939982143925,15.811388300841896,22.80350850198276,18.439088914585774,18.384776310850235,25.495097567963924,30.805843601498726,21.37755832643195,15.132745950421556,25.317977802344327,21.587033144922902,12.041594578792296,20.09975124224178,8.0,5.0
96.51942809610924,15.0,11.180339887498949,21.2602916254693,16.97056274847714,22.47220505424423,15.811388300841896,8.602325267042627,10.198039027185569,8.602325267042627,23.853720883753127,8.0,19.1049731745428,8.54400374531753,11.40175425099138,25.079872407968907,16.401219466856727,25.96150997149434,2.0,11.180339887498949,22.20360331117452,16.0,15.033296378372908,20.615528128088304,15.231546211727817,16.76305461424021,20.024984394500787,0.0,0.0,0.0,0.0,0.0,0.0,0.0,0.0,0.0,0.0,0.0,24.041630560342615,26.92582403567252,29.154759474226502,20.0,21.540659228538015,24.041630560342615,15.264337522473747,18.0,17.88854381999832,15.0,5.0990195135927845,22.02271554554524,30.4138126514911,15.132745950421556,21.2602916254693,9.486832980505138,23.259406699226016,15.297058540778355,15.297058540778355,19.4164878389476,13.601470508735444,2.23606797749979,5.385164807134504,9.433981132056603,15.811388300841896,11.40175425099138
124.61540835707277,7.0,10.44030650891055,12.649110640673518,12.0,16.15549442140351,13.0,22.02271554554524,14.317821063276353,19.4164878389476,24.73863375370596,26.076809620810597,32.2490309931942,22.02271554554524,22.0,25.495097567963924,27.018512172212592,28.160255680657446,21.095023109728988,23.021728866442675,15.652475842498529,23.40939982143925,21.93171219946131,16.1245154965971,13.601470508735444,16.278820596099706,13.601470508735444,0.0,0.0,0.0,0.0,0.0,0.0,0.0,0.0,0.0,0.0,0.0,11.704699910719626,12.165525060596439,13.152946437965905,9.055385138137417,11.40175425099138,12.041594578792296,25.612496949731394,17.204650534085253,15.811388300841896,14.422205101855956,17.0,25.0,23.08679276123039,24.041630560342615,21.587033144922902,18.681541692269406,24.08318915758459,29.427877939124322,20.09975124224178,22.80350850198276,24.515301344262525,23.08679276123039,19.1049731745428,12.041594578792296,8.54400374531753,15.231546211727817
73.348483283569,11.0,12.36931687685298,17.029386365926403,16.15549442140351,13.0,22.80350850198276,17.4928556845359,33.95585369269929,13.038404810405298,28.635642126552707,13.892443989449804,28.071337695236398,23.600847442411894,15.0,29.68164415931166,16.0,16.1245154965971,25.80697580112788,21.095023109728988,21.587033144922902,13.038404810405298,31.32091952673165,23.345235059857504,18.439088914585774,21.633307652783937,26.40075756488817,0.0,0.0,0.0,0.0,0.0,0.0,0.0,0.0,0.0,0.0,0.0,29.410882339705484,28.284271247461902,21.400934559032695,23.53720459187964,24.839484696748443,15.811388300841896,32.802438933713454,13.152946437965905,20.024984394500787,27.294688127912362,18.681541692269406,32.69556544854363,29.0,34.40930106817051,20.615528128088304,39.20459156782532,33.61547262794322,19.849433241279208,27.65863337187866,29.154759474226502,24.698178070456937,16.1245154965971,7.0710678118654755,4.123105625617661,14.317821063276353,9.848857801796104
128.0,8.0,17.0,21.18962010041709,15.811388300841896,15.297058540778355,21.93171219946131,22.360679774997898,18.027756377319946,22.47220505424423,26.0,24.186773244895647,20.615528128088304,23.430749027719962,25.0,16.1245154965971,17.26267650163207,17.11724276862369,19.1049731745428,15.0,17.029386365926403,17.0,18.384776310850235,16.278820596099706,19.924858845171276,21.213203435596427,23.769728648009426,0.0,0.0,0.0,0.0,0.0,0.0,0.0,0.0,0.0,0.0,0.0,30.4138126514911,30.23243291566195,25.238858928247925,26.076809620810597,22.627416997969522,21.2602916254693,20.615528128088304,18.35755975068582,18.35755975068582,20.223748416156685,17.029386365926403,17.72004514666935,22.47220505424423,19.697715603592208,21.540659228538015,24.186773244895647,25.942243542145693,24.186773244895647,25.238858928247925,18.601075237738275,15.620499351813308,18.384776310850235,8.54400374531753,15.231546211727817,13.601470508735444,10.295630140987
133.8992158304148,7.0,24.351591323771842,18.027756377319946,22.825424421026653,27.294688127912362,24.08318915758459,29.410882339705484,26.832815729997478,20.248456731316587,19.313207915827967,25.942243542145693,25.96150997149434,22.360679774997898,15.033296378372908,18.24828759089466,17.72004514666935,17.46424919657298,11.313708498984761,14.560219778561036,17.46424919657298,20.396078054371138,23.194827009486403,15.231546211727817,22.825424421026653,28.653097563788805,26.40075756488817,0.0,0.0,0.0,0.0,0.0,0.0,0.0,0.0,0.0,0.0,0.0,30.805843601498726,33.28663395418648,25.612496949731394,27.294688127912362,28.160255680657446,21.213203435596427,17.72004514666935,19.1049731745428,17.46424919657298,12.806248474865697,17.804493814764857,21.93171219946131,21.633307652783937,25.0,25.709920264364882,27.202941017470888,25.96150997149434,23.769728648009426,24.515301344262525,24.331050121192877,23.40939982143925,15.524174696260024,16.1245154965971,19.235384061671343,18.110770276274835,10.04987562112089
112.14722466472365,9.0,17.804493814764857,23.430749027719962,13.416407864998739,25.942243542145693,24.596747752497688,24.839484696748443,17.46424919657298,20.808652046684813,28.600699292150182,24.08318915758459,22.135943621178654,21.93171219946131,24.515301344262525,20.591260281974,21.0,14.317821063276353,18.027756377319946,15.811388300841896,15.652475842498529,19.026297590440446,17.029386365926403,21.587033144922902,23.40939982143925,29.068883707497267,25.942243542145693,0.0,0.0,0.0,0.0,0.0,0.0,0.0,0.0,0.0,0.0,0.0,34.0147027033899,31.400636936215164,30.01666203960727,27.459060435491963,25.0,27.294688127912362,18.35755975068582,15.556349186104045,17.204650534085253,20.808652046684813,16.76305461424021,15.811388300841896,27.16615541441225,27.294688127912362,20.615528128088304,29.614185789921695,21.095023109728988,24.515301344262525,27.0,15.033296378372908,20.808652046684813,21.93171219946131,17.11724276862369,13.92838827718412,12.649110640673518,13.92838827718412
139.54210834009928,7.0,15.264337522473747,15.132745950421556,17.0,11.704699910719626,18.384776310850235,27.65863337187866,23.53720459187964,18.027756377319946,21.095023109728988,20.615528128088304,26.076809620810597,25.079872407968907,21.213203435596427,25.179356624028344,21.095023109728988,31.575306807693888,24.0,18.027756377319946,18.439088914585774,19.697715603592208,9.486832980505138,17.029386365926403,9.899494936611665,15.231546211727817,9.899494936611665,0.0,0.0,0.0,0.0,0.0,0.0,0.0,0.0,0.0,0.0,0.0,7.280109889280518,13.601470508735444,16.64331697709324,13.038404810405298,10.816653826391969,17.11724276862369,14.035668847618199,17.11724276862369,22.561028345356956,19.6468827043885,17.804493814764857,20.223748416156685,19.313207915827967,26.68332812825267,28.861739379323623,28.319604517012593,24.698178070456937,21.540659228538015,24.698178070456937,28.600699292150182,28.284271247461902,18.24828759089466,19.4164878389476,22.80350850198276,11.180339887498949,15.264337522473747
143.68368035375485,25.0,11.704699910719626,6.324555320336759,9.848857801796104,10.63014581273465,20.615528128088304,12.083045973594572,26.476404589747453,12.041594578792296,17.4928556845359,22.47220505424423,17.204650534085253,32.2490309931942,17.46424919657298,14.035668847618199,22.20360331117452,26.0,21.540659228538015,4.47213595499958,17.26267650163207,12.041594578792296,15.811388300841896,13.92838827718412,10.816653826391969,10.04987562112089,5.830951894845301,0.0,0.0,0.0,0.0,0.0,0.0,0.0,0.0,0.0,0.0,0.0,14.212670403551895,14.142135623730951,11.661903789690601,11.180339887498949,14.317821063276353,15.811388300841896,15.297058540778355,21.400934559032695,22.47220505424423,10.63014581273465,15.264337522473747,23.323807579381203,26.92582403567252,24.413111231467404,18.35755975068582,10.0,25.0,14.317821063276353,14.866068747318506,14.7648230602334,14.422205101855956,23.600847442411894,21.213203435596427,17.4928556845359,13.92838827718412,10.198039027185569
128.0,8.0,11.40175425099138,3.1622776601683795,18.027756377319946,14.560219778561036,22.20360331117452,19.697715603592208,15.811388300841896,17.029386365926403,30.0,25.238858928247925,29.832867780352597,24.08318915758459,16.64331697709324,25.80697580112788,19.209372712298546,25.059928172283335,16.55294535724685,17.08800749063506,16.1245154965971,16.76305461424021,25.317977802344327,13.45362404707371,11.704699910719626,15.811388300841896,11.180339887498949,0.0,0.0,0.0,0.0,0.0,0.0,0.0,0.0,0.0,0.0,0.0,2.23606797749979,10.198039027185569,13.152946437965905,11.40175425099138,16.1245154965971,18.027756377319946,31.064449134018133,24.08318915758459,17.88854381999832,20.615528128088304,27.65863337187866,29.154759474226502,21.95449840010015,30.4138126514911,22.80350850198276,21.400934559032695,18.384776310850235,33.52610922848042,27.65863337187866,20.248456731316587,14.866068747318506,11.661903789690601,21.93171219946131,19.026297590440446,6.4031242374328485,15.297058540778355
125.53883861180172,9.0,14.317821063276353,15.033296378372908,14.560219778561036,15.297058540778355,23.08679276123039,23.600847442411894,17.69180601295413,20.808652046684813,19.697715603592208,23.323807579381203,16.1245154965971,24.186773244895647,19.697715603592208,25.019992006393608,19.849433241279208,15.264337522473747,21.18962010041709,30.0,24.08318915758459,21.93171219946131,14.866068747318506,19.4164878389476,13.601470508735444,12.0,10.44030650891055,0.0,0.0,0.0,0.0,0.0,0.0,0.0,0.0,0.0,0.0,0.0,12.165525060596439,11.0,14.866068747318506,12.727922061357855,13.038404810405298,17.804493814764857,11.180339887498949,21.18962010041709,14.212670403551895,24.73863375370596,20.8806130178211,24.186773244895647,36.6742416417845,22.360679774997898,26.019223662515376,29.154759474226502,36.68787265568828,25.019992006393608,26.68332812825267,34.539832078341085,28.160255680657446,33.37663853655727,25.317977802344327,26.019223662515376,5.0,8.06225774829855
145.98972566588375,20.0,11.40175425099138,11.661903789690601,9.433981132056603,8.94427190999916,12.165525060596439,9.433981132056603,17.72004514666935,23.769728648009426,18.439088914585774,22.47220505424423,15.524174696260024,16.278820596099706,19.235384061671343,15.811388300841896,26.076809620810597,22.47220505424423,18.439088914585774,13.038404810405298,20.024984394500787,12.806248474865697,10.04987562112089,12.041594578792296,13.0,5.830951894845301,12.529964086141668,0.0,0.0,0.0,0.0,0.0,0.0,0.0,0.0,0.0,0.0,0.0,8.94427190999916,4.47213595499958,11.704699910719626,8.06225774829855,15.652475842498529,18.384776310850235,19.235384061671343,15.811388300841896,10.63014581273465,21.095023109728988,24.331050121192877,22.360679774997898,19.1049731745428,31.25699921617557,32.2490309931942,33.015148038438355,11.704699910719626,28.635642126552707,25.942243542145693,28.284271247461902,25.553864678361276,22.847319317591726,30.463092423455635,15.0,12.165525060596439,10.04987562112089
143.68368035375485,25.0,21.93171219946131,24.041630560342615,15.811388300841896,22.47220505424423,22.20360331117452,21.95449840010015,27.80287754891569,25.45584412271571,23.706539182259394,17.204650534085253,20.615528128088304,21.587033144922902,14.560219778561036,17.88854381999832,14.0,10.0,7.211102550927978,7.0710678118654755,10.04987562112089,13.038404810405298,11.180339887498949,13.601470508735444,13.92838827718412,22.090722034374522,24.08318915758459,0.0,0.0,0.0,0.0,0.0,0.0,0.0,0.0,0.0,0.0,0.0,39.45883931389772,41.593268686170845,39.45883931389772,34.36568055487916,35.35533905932738,34.23448553724738,36.345563690772494,31.064449134018133,26.30589287593181,25.019992006393608,26.019223662515376,25.709920264364882,26.0,19.697715603592208,16.401219466856727,15.0,16.64331697709324,23.430749027719962,17.0,12.529964086141668,14.866068747318506,12.083045973594572,12.649110640673518,19.924858845171276,15.524174696260024,16.15549442140351
128.0,8.0,20.8806130178211,18.601075237738275,18.681541692269406,18.384776310850235,24.0,22.135943621178654,23.08679276123039,29.410882339705484,19.1049731745428,17.46424919657298,16.278820596099706,19.4164878389476,10.295630140987,17.88854381999832,18.027756377319946,4.47213595499958,5.0,6.082762530298219,8.48528137423857,12.041594578792296,16.1245154965971,12.041594578792296,15.132745950421556,20.0,21.02379604162864,0.0,0.0,0.0,0.0,0.0,0.0,0.0,0.0,0.0,0.0,0.0,43.139309220245984,42.01190307520001,41.012193308819754,36.796738985948195,33.97057550292606,33.301651610693426,30.805843601498726,29.0,28.30194339616981,28.30194339616981,21.93171219946131,24.041630560342615,21.840329667841555,21.02379604162864,21.02379604162864,18.0,19.026297590440446,19.6468827043885,24.0,17.029386365926403,21.0,12.041594578792296,14.142135623730951,23.0,10.770329614269007,9.219544457292887
125.53883861180172,9.0,22.360679774997898,22.561028345356956,20.223748416156685,24.020824298928627,30.083217912982647,25.079872407968907,23.08679276123039,19.6468827043885,15.297058540778355,22.847319317591726,22.47220505424423,15.620499351813308,19.4164878389476,14.422205101855956,7.0,11.704699910719626,10.0,5.0,8.54400374531753,9.219544457292887,10.44030650891055,13.416407864998739,17.69180601295413,21.633307652783937,24.041630560342615,0.0,0.0,0.0,0.0,0.0,0.0,0.0,0.0,0.0,0.0,0.0,40.0,43.01162633521314,41.88078318274385,39.11521443121589,37.44329045369811,32.2490309931942,33.28663395418648,32.802438933713454,26.627053911388696,27.65863337187866,26.40075756488817,24.166091947189145,27.730849247724095,25.079872407968907,24.73863375370596,18.681541692269406,13.341664064126334,23.08679276123039,17.72004514666935,18.24828759089466,18.027756377319946,16.1245154965971,15.264337522473747,7.0710678118654755,21.95449840010015,16.0312195418814
145.98972566588375,20.0,14.212670403551895,23.430749027719962,26.40075756488817,22.02271554554524,26.627053911388696,26.1725046566048,19.4164878389476,25.495097567963924,25.495097567963924,24.041630560342615,23.08679276123039,17.72004514666935,17.26267650163207,13.341664064126334,14.317821063276353,7.810249675906654,5.830951894845301,5.385164807134504,13.601470508735444,7.615773105863909,19.1049731745428,16.76305461424021,17.72004514666935,24.331050121192877,24.186773244895647,0.0,0.0,0.0,0.0,0.0,0.0,0.0,0.0,0.0,0.0,0.0,40.718546143004666,39.81205847478876,38.27531841800928,29.732137494637012,32.2490309931942,31.38470965295043,33.24154027718932,26.570660511172846,26.92582403567252,26.1725046566048,24.020824298928627,25.019992006393608,21.37755832643195,21.540659228538015,24.698178070456937,16.15549442140351,20.591260281974,15.556349186104045,20.248456731316587,20.8806130178211,15.620499351813308,13.341664064126334,18.439088914585774,20.024984394500787,14.560219778561036,12.529964086141668
111.50336317797773,21.0,18.027756377319946,25.495097567963924,19.1049731745428,14.866068747318506,16.15549442140351,17.0,20.8806130178211,21.2602916254693,22.825424421026653,27.294688127912362,23.345235059857504,15.297058540778355,20.615528128088304,19.235384061671343,13.038404810405298,9.219544457292887,5.0,3.605551275463989,16.278820596099706,13.038404810405298,13.601470508735444,17.11724276862369,17.46424919657298,22.847319317591726,23.021728866442675,0.0,0.0,0.0,0.0,0.0,0.0,0.0,0.0,0.0,0.0,0.0,41.23105625617661,42.04759208325728,37.16180835212409,35.84689665786984,36.05551275463989,33.60059523282288,30.886890422961002,33.61547262794322,28.231188426986208,29.427877939124322,27.018512172212592,26.076809620810597,20.8806130178211,25.317977802344327,19.4164878389476,23.08679276123039,25.059928172283335,15.652475842498529,13.45362404707371,16.55294535724685,13.038404810405298,20.8806130178211,17.88854381999832,6.4031242374328485,14.560219778561036,16.15549442140351
96.51942809610924,15.0,17.46424919657298,17.0,24.08318915758459,25.0,24.08318915758459,25.079872407968907,17.46424919657298,22.80350850198276,28.231188426986208,16.1245154965971,18.24828759089466,21.95449840010015,22.80350850198276,16.278820596099706,8.06225774829855,7.0710678118654755,6.4031242374328485,7.0710678118654755,6.708203932499369,8.54400374531753,17.0,15.0,17.0,19.697715603592208,17.46424919657298,0.0,0.0,0.0,0.0,0.0,0.0,0.0,0.0,0.0,0.0,0.0,35.38361202590826,39.824615503479755,43.86342439892262,44.10215414239989,28.42534080710379,31.827660925679098,31.827660925679098,33.301651610693426,28.0178514522438,24.08318915758459,18.973665961010276,31.304951684997057,25.079872407968907,19.026297590440446,22.561028345356956,27.018512172212592,21.02379604162864,20.0,24.0,13.0,7.615773105863909,11.40175425099138,16.492422502470642,19.0,9.899494936611665,12.727922061357855
132.85330255586422,20.0,13.416407864998739,7.211102550927978,11.180339887498949,15.297058540778355,4.123105625617661,20.615528128088304,15.264337522473747,26.248809496813376,20.518284528683193,20.518284528683193,12.206555615733702,20.808652046684813,21.095023109728988,20.518284528683193,21.400934559032695,21.633307652783937,19.72308292331602,22.47220505424423,20.518284528683193,19.4164878389476,11.661903789690601,13.038404810405298,11.180339887498949,11.045361017187261,8.48528137423857,0.0,0.0,0.0,0.0,0.0,0.0,0.0,0.0,0.0,0.0,0.0,7.615773105863909,15.0,6.4031242374328485,17.26267650163207,16.492422502470642,15.132745950421556,15.297058540778355,25.179356624028344,17.26267650163207,20.396078054371138,23.021728866442675,14.7648230602334,26.0,32.31098884280702,24.698178070456937,25.059928172283335,28.178005607210743,27.313000567495326,29.698484809834994,18.601075237738275,21.470910553583888,24.596747752497688,19.209372712298546,19.79898987322333,18.973665961010276,17.88854381999832
104.20172743289815,21.0,8.602325267042627,18.027756377319946,17.46424919657298,7.810249675906654,18.24828759089466,20.024984394500787,19.6468827043885,22.47220505424423,19.1049731745428,20.223748416156685,19.72308292331602,23.345235059857504,18.681541692269406,32.57299494980466,25.0,35.805027579936315,12.529964086141668,21.93171219946131,15.811388300841896,15.811388300841896,13.601470508735444,3.1622776601683795,10.816653826391969,9.055385138137417,8.0,0.0,0.0,0.0,0.0,0.0,0.0,0.0,0.0,0.0,0.0,0.0,8.246211251235321,7.211102550927978,4.123105625617661,10.44030650891055,9.219544457292887,11.704699910719626,15.231546211727817,19.1049731745428,23.853720883753127,21.2602916254693,21.93171219946131,23.345235059857504,31.400636936215164,23.600847442411894,18.35755975068582,29.5296461204668,26.1725046566048,17.029386365926403,12.529964086141668,23.769728648009426,24.351591323771842,21.840329667841555,17.46424919657298,14.866068747318506,8.54400374531753,14.7648230602334
118.59595271340417,13.0,23.769728648009426,16.0312195418814,28.42534080710379,22.80350850198276,19.79898987322333,32.89376840679705,25.495097567963924,32.69556544854363,39.6232255123179,23.769728648009426,20.223748416156685,20.09975124224178,22.20360331117452,17.26267650163207,23.08679276123039,32.2490309931942,6.324555320336759,23.430749027719962,11.313708498984761,17.0,11.180339887498949,10.816653826391969,10.295630140987,11.40175425099138,13.038404810405298,0.0,0.0,0.0,0.0,0.0,0.0,0.0,0.0,0.0,0.0,0.0,23.853720883753127,21.095023109728988,24.515301344262525,23.40939982143925,21.2602916254693,27.784887978899608,21.400934559032695,18.384776310850235,24.20743687382041,9.486832980505138,34.655446902326915,14.422205101855956,26.92582403567252,26.1725046566048,37.21558813185679,31.064449134018133,23.40939982143925,17.69180601295413,19.0,11.40175425099138,17.204650534085253,14.142135623730951,8.06225774829855,17.08800749063506,13.601470508735444,15.132745950421556
118.59595271340417,13.0,25.079872407968907,44.41846462902562,28.460498941515414,51.0,53.08483775994799,59.941638282582836,45.880278987817846,67.54257916307313,50.48762224545735,62.96824596572466,56.64803615307419,57.982756057296896,47.885279575251516,43.01162633521314,50.21951811795888,49.040799340956916,37.013511046643494,35.38361202590826,22.47220505424423,20.12461179749811,20.223748416156685,18.027756377319946,19.72308292331602,22.847319317591726,23.769728648009426,0.0,0.0,0.0,0.0,0.0,0.0,0.0,0.0,0.0,0.0,0.0,38.01315561749642,36.05551275463989,35.84689665786984,40.45985664828782,38.8329756778952,33.24154027718932,39.408120990476064,37.48332962798263,42.80186911806539,45.617978911828175,49.72926703662542,37.21558813185679,43.382023926967726,43.04648650006177,45.0111097397076,37.05401462729781,37.64306044943742,36.013886210738214,38.3275357934736,27.313000567495326,28.442925306655784,21.2602916254693,35.38361202590826,30.23243291566195,33.13608305156178,31.827660925679098
118.59595271340417,13.0,25.317977802344327,32.449961479175904,33.734255586866,59.481089431852205,59.23681287847955,49.193495504995376,54.42425929675111,43.32435804486894,63.60031446463138,71.06335201775947,52.46903848937962,55.326304774492215,50.15974481593781,41.012193308819754,38.8329756778952,40.80441152620633,33.015148038438355,29.120439557122072,23.430749027719962,18.384776310850235,13.892443989449804,18.35755975068582,26.1725046566048,29.5296461204668,22.67156809750927,0.0,0.0,0.0,0.0,0.0,0.0,0.0,0.0,0.0,0.0,0.0,38.63935817272331,36.6742416417845,33.734255586866,47.0,42.20189569201838,41.19465984809196,34.92849839314596,40.311288741492746,37.33630940518894,38.62641583165593,39.44616584663204,51.62363799656123,34.88552708502482,39.66106403010388,38.600518131237564,39.395431207184416,39.20459156782532,44.82186966202994,31.906112267087632,29.832867780352597,28.30194339616981,42.01190307520001,29.274562336608895,23.769728648009426,45.60701700396552,30.675723300355934
132.85330255586422,20.0,33.1058907144937,59.80802621722272,43.41658669218482,42.941821107167776,57.48912940721924,39.6232255123179,67.53517601961218,54.48853090330111,54.405882034941776,59.39696961966999,61.61980201201558,48.91829923454004,46.861498055439924,53.0,46.09772228646444,38.91015291668744,29.410882339705484,22.47220505424423,31.0,19.235384061671343,7.615773105863909,20.808652046684813,32.69556544854363,20.8806130178211,16.492422502470642,0.0,0.0,0.0,0.0,0.0,0.0,0.0,0.0,0.0,0.0,0.0,34.0,44.14748010928823,37.64306044943742,43.657759905886145,30.463092423455635,36.138621999185304,41.182520563948,34.438350715445125,41.43669871020132,43.829214001622255,38.28837943815329,35.35533905932738,39.92492955535426,56.462376853972415,40.26164427839479,32.31098884280702,36.345563690772494,37.05401462729781,38.3275357934736,34.17601498127012,39.20459156782532,27.85677655436824,13.0,34.88552708502482,18.027756377319946,18.24828759089466
104.20172743289815,21.0,46.010868281309364,42.44997055358225,48.91829923454004,23.259406699226016,51.85556864985669,48.25971404805462,51.40038910358559,60.03332407921454,59.405386961116584,56.79788728465171,55.47071299343465,51.62363799656123,41.048751503547585,41.23105625617661,37.33630940518894,42.2965719651132,33.0,28.284271247461902,24.839484696748443,20.615528128088304,16.55294535724685,13.038404810405298,14.317821063276353,25.553864678361276,22.847319317591726,0.0,0.0,0.0,0.0,0.0,0.0,0.0,0.0,0.0,0.0,0.0,39.824615503479755,39.408120990476064,41.10960958218893,44.04543109109048,41.10960958218893,39.59797974644666,36.069377593742864,36.61966684720111,36.89173349139343,39.84971769034255,42.95346318982906,52.88667128870941,25.079872407968907,44.10215414239989,44.553338819890925,33.52610922848042,43.104524124504614,45.39823785126467,31.575306807693888,27.16615541441225,29.0,21.95449840010015,22.80350850198276,27.313000567495326,49.39635614091387,21.02379604162864
99.29753269845128,5.0,30.364452901377952,39.81205847478876,53.41348144429457,59.23681287847955,46.51881339845203,57.0350769263968,56.32051136131489,42.15447781671598,61.05735008989499,60.876925020897694,59.16924876994806,51.0,52.80151512977634,50.566787519082126,38.41874542459709,37.20215047547655,39.698866482558415,25.495097567963924,28.160255680657446,22.561028345356956,27.65863337187866,15.811388300841896,17.88854381999832,20.024984394500787,22.02271554554524,0.0,0.0,0.0,0.0,0.0,0.0,0.0,0.0,0.0,0.0,0.0,38.27531841800928,36.71511950137164,37.589892258425,38.07886552931954,35.84689665786984,34.48187929913333,43.965895873961216,35.35533905932738,37.33630940518894,36.49657518178932,43.56604182158393,38.3275357934736,42.01190307520001,40.85339643163099,38.07886552931954,38.91015291668744,40.311288741492746,50.0,38.897300677553446,39.44616584663204,21.93171219946131,39.11521443121589,36.345563690772494,21.2602916254693,24.08318915758459,36.235341863986875
73.348483283569,11.0,18.384776310850235,9.486832980505138,15.132745950421556,16.278820596099706,14.142135623730951,14.212670403551895,15.231546211727817,25.298221281347036,18.867962264113206,17.69180601295413,22.20360331117452,29.832867780352597,28.178005607210743,28.30194339616981,24.758836806279895,22.80350850198276,18.027756377319946,16.401219466856727,21.93171219946131,16.401219466856727,17.204650534085253,9.219544457292887,8.06225774829855,10.44030650891055,10.198039027185569,0.0,0.0,0.0,0.0,0.0,0.0,0.0,0.0,0.0,0.0,0.0,7.0710678118654755,6.0,10.04987562112089,21.587033144922902,16.0,17.46424919657298,20.248456731316587,23.259406699226016,20.808652046684813,24.186773244895647,20.808652046684813,21.400934559032695,28.0178514522438,26.90724809414742,22.02271554554524,31.064449134018133,26.419689627245813,29.5296461204668,28.284271247461902,33.12099032335839,24.166091947189145,26.0,24.596747752497688,19.209372712298546,14.7648230602334,9.219544457292887
56.0357029044876,13.0,12.649110640673518,11.313708498984761,14.212670403551895,9.219544457292887,18.110770276274835,16.55294535724685,12.041594578792296,14.866068747318506,19.313207915827967,9.219544457292887,17.204650534085253,23.600847442411894,17.804493814764857,36.069377593742864,26.40075756488817,20.248456731316587,6.4031242374328485,18.0,12.041594578792296,11.704699910719626,16.278820596099706,11.40175425099138,6.324555320336759,16.64331697709324,3.1622776601683795,0.0,0.0,0.0,0.0,0.0,0.0,0.0,0.0,0.0,0.0,0.0,2.23606797749979,5.0990195135927845,16.278820596099706,12.206555615733702,8.602325267042627,13.038404810405298,19.235384061671343,20.591260281974,22.825424421026653,27.80287754891569,28.231188426986208,26.832815729997478,24.758836806279895,26.92582403567252,27.018512172212592,32.01562118716424,29.68164415931166,33.94112549695428,24.758836806279895,27.018512172212592,19.4164878389476,30.083217912982647,23.706539182259394,19.4164878389476,15.264337522473747,10.198039027185569
103.09219175087898,9.0,6.324555320336759,2.0,15.811388300841896,8.06225774829855,18.24828759089466,15.297058540778355,14.317821063276353,21.02379604162864,13.038404810405298,24.020824298928627,15.297058540778355,19.235384061671343,22.20360331117452,25.632011235952593,18.110770276274835,19.026297590440446,17.08800749063506,22.80350850198276,19.79898987322333,13.892443989449804,20.12461179749811,14.212670403551895,14.866068747318506,7.0,10.44030650891055,0.0,0.0,0.0,0.0,0.0,0.0,0.0,0.0,0.0,0.0,0.0,9.433981132056603,12.165525060596439,9.433981132056603,17.029386365926403,16.278820596099706,8.06225774829855,22.0,19.313207915827967,16.492422502470642,22.825424421026653,25.059928172283335,21.633307652783937,29.410882339705484,32.7566787083184,25.495097567963924,18.601075237738275,22.825424421026653,17.08800749063506,20.248456731316587,27.313000567495326,25.238858928247925,17.46424919657298,18.027756377319946,12.36931687685298,15.297058540778355,12.165525060596439
103.09219175087898,6.0,20.223748416156685,10.198039027185569,12.165525060596439,12.165525060596439,13.038404810405298,23.0,18.439088914585774,22.02271554554524,13.152946437965905,22.360679774997898,21.18962010041709,15.524174696260024,17.11724276862369,16.76305461424021,22.02271554554524,23.769728648009426,21.02379604162864,15.033296378372908,23.53720459187964,12.165525060596439,10.295630140987,8.94427190999916,15.556349186104045,20.615528128088304,9.848857801796104,0.0,0.0,0.0,0.0,0.0,0.0,0.0,0.0,0.0,0.0,0.0,6.708203932499369,5.385164807134504,7.211102550927978,13.341664064126334,20.248456731316587,14.035668847618199,21.213203435596427,19.924858845171276,14.212670403551895,29.017236257093817,21.213203435596427,29.68164415931166,38.28837943815329,21.633307652783937,30.0,21.633307652783937,31.304951684997057,29.732137494637012,27.80287754891569,26.832815729997478,14.317821063276353,21.587033144922902,20.808652046684813,7.810249675906654,20.024984394500787,13.601470508735444
45.34313619501854,45.0,3.1622776601683795,12.041594578792296,21.0,17.46424919657298,23.769728648009426,20.223748416156685,12.727922061357855,21.02379604162864,13.92838827718412,16.1245154965971,17.72004514666935,21.540659228538015,24.041630560342615,25.96150997149434,23.769728648009426,30.083217912982647,22.20360331117452,19.79898987322333,15.811388300841896,15.811388300841896,16.1245154965971,13.038404810405298,12.0,17.4928556845359,13.152946437965905,0.0,0.0,0.0,0.0,0.0,0.0,0.0,0.0,0.0,0.0,0.0,9.055385138137417,11.180339887498949,8.06225774829855,16.401219466856727,13.601470508735444,23.430749027719962,18.384776310850235,13.416407864998739,27.294688127912362,22.67156809750927,18.973665961010276,24.041630560342615,31.25699921617557,26.0,23.08679276123039,22.47220505424423,29.614185789921695,27.16615541441225,23.021728866442675,23.08679276123039,21.095023109728988,19.0,20.12461179749811,15.264337522473747,18.973665961010276,15.0
130.0,8.0,3.1622776601683795,3.1622776601683795,19.4164878389476,16.1245154965971,12.36931687685298,13.892443989449804,15.264337522473747,22.360679774997898,17.204650534085253,21.840329667841555,20.615528128088304,24.166091947189145,23.706539182259394,28.231188426986208,17.72004514666935,24.698178070456937,26.40075756488817,20.248456731316587,19.72308292331602,14.422205101855956,21.400934559032695,15.231546211727817,12.165525060596439,18.0,8.602325267042627,0.0,0.0,0.0,0.0,0.0,0.0,0.0,0.0,0.0,0.0,0.0,17.029386365926403,13.341664064126334,7.0710678118654755,12.727922061357855,10.44030650891055,10.63014581273465,11.40175425099138,25.317977802344327,11.40175425099138,32.01562118716424,26.92582403567252,25.019992006393608,30.4138126514911,25.317977802344327,26.248809496813376,21.587033144922902,30.066592756745816,22.090722034374522,23.021728866442675,25.0,28.861739379323623,14.560219778561036,18.601075237738275,14.560219778561036,1.0,8.54400374531753
128.0,8.0,10.04987562112089,14.866068747318506,16.76305461424021,15.811388300841896,19.4164878389476,24.041630560342615,20.12461179749811,21.93171219946131,16.55294535724685,27.65863337187866,24.839484696748443,11.661903789690601,21.02379604162864,25.495097567963924,28.30194339616981,24.166091947189145,19.4164878389476,23.0,13.416407864998739,17.11724276862369,17.029386365926403,16.1245154965971,14.212670403551895,14.866068747318506,15.0,0.0,0.0,0.0,0.0,0.0,0.0,0.0,0.0,0.0,0.0,0.0,13.152946437965905,9.055385138137417,12.0,13.0,11.661903789690601,13.601470508735444,13.416407864998739,11.40175425099138,14.7648230602334,19.1049731745428,19.235384061671343,22.360679774997898,16.55294535724685,25.45584412271571,32.202484376209235,22.47220505424423,23.769728648009426,26.419689627245813,15.811388300841896,23.259406699226016,17.26267650163207,20.615528128088304,20.0,16.76305461424021,14.317821063276353,11.661903789690601
70.03570517957252,12.0,13.92838827718412,8.06225774829855,13.0,10.816653826391969,18.973665961010276,11.704699910719626,29.068883707497267,21.02379604162864,17.0,18.439088914585774,18.027756377319946,21.633307652783937,23.259406699226016,23.323807579381203,23.706539182259394,25.0,23.769728648009426,18.439088914585774,20.615528128088304,25.298221281347036,10.0,7.615773105863909,15.297058540778355,8.54400374531753,11.40175425099138,0.0,0.0,0.0,0.0,0.0,0.0,0.0,0.0,0.0,0.0,0.0,9.219544457292887,12.041594578792296,8.94427190999916,15.524174696260024,13.416407864998739,8.246211251235321,28.42534080710379,13.038404810405298,13.892443989449804,17.204650534085253,23.853720883753127,25.179356624028344,24.698178070456937,24.73863375370596,27.784887978899608,31.0,21.37755832643195,27.16615541441225,30.066592756745816,27.018512172212592,27.459060435491963,32.2490309931942,13.152946437965905,20.223748416156685,12.36931687685298,13.038404810405298
45.34313619501854,45.0,3.605551275463989,10.198039027185569,12.206555615733702,20.0,19.72308292331602,13.601470508735444,23.021728866442675,20.0,25.80697580112788,24.698178070456937,21.633307652783937,31.144823004794873,26.419689627245813,23.853720883753127,27.85677655436824,25.495097567963924,14.422205101855956,21.2602916254693,17.4928556845359,16.97056274847714,13.92838827718412,14.035668847618199,14.142135623730951,15.033296378372908,9.055385138137417,0.0,0.0,0.0,0.0,0.0,0.0,0.0,0.0,0.0,0.0,0.0,11.704699910719626,12.806248474865697,7.0710678118654755,9.219544457292887,13.152946437965905,14.422205101855956,18.027756377319946,19.235384061671343,13.038404810405298,19.79898987322333,15.811388300841896,16.278820596099706,20.808652046684813,22.20360331117452,24.73863375370596,24.186773244895647,21.633307652783937,23.021728866442675,27.51363298439521,22.02271554554524,26.92582403567252,15.652475842498529,17.26267650163207,10.0,18.788294228055936,6.082762530298219
103.09219175087898,6.0,5.0,11.180339887498949,20.396078054371138,19.313207915827967,15.811388300841896,17.88854381999832,23.40939982143925,20.396078054371138,25.96150997149434,19.924858845171276,25.96150997149434,28.284271247461902,29.427877939124322,25.495097567963924,20.0,24.73863375370596,18.027756377319946,22.80350850198276,23.021728866442675,10.0,14.866068747318506,18.384776310850235,14.212670403551895,13.152946437965905,15.811388300841896,0.0,0.0,0.0,0.0,0.0,0.0,0.0,0.0,0.0,0.0,0.0,7.0710678118654755,12.649110640673518,10.0,12.0,14.142135623730951,15.033296378372908,21.37755832643195,8.602325267042627,17.4928556845359,20.808652046684813,20.615528128088304,19.235384061671343,26.92582403567252,23.430749027719962,26.92582403567252,22.80350850198276,23.08679276123039,29.832867780352597,17.804493814764857,21.633307652783937,22.360679774997898,18.601075237738275,22.825424421026653,12.806248474865697,12.36931687685298,18.384776310850235
56.0357029044876,13.0,17.72004514666935,8.602325267042627,14.142135623730951,19.72308292331602,16.64331697709324,19.849433241279208,24.186773244895647,26.90724809414742,27.018512172212592,16.1245154965971,22.02271554554524,31.76476034853718,20.518284528683193,22.47220505424423,25.553864678361276,26.248809496813376,28.319604517012593,26.40075756488817,22.360679774997898,10.816653826391969,10.770329614269007,14.866068747318506,15.0,19.235384061671343,13.0,0.0,0.0,0.0,0.0,0.0,0.0,0.0,0.0,0.0,0.0,0.0,7.0710678118654755,9.055385138137417,12.0,13.0,13.152946437965905,14.560219778561036,10.0,19.72308292331602,21.02379604162864,21.400934559032695,18.601075237738275,19.026297590440446,17.46424919657298,23.021728866442675,19.924858845171276,18.0,23.769728648009426,27.892651361962706,19.026297590440446,19.026297590440446,17.46424919657298,20.615528128088304,17.46424919657298,11.045361017187261,17.08800749063506,19.0
73.348483283569,11.0,17.26267650163207,14.560219778561036,13.601470508735444,14.317821063276353,16.1245154965971,15.297058540778355,25.179356624028344,21.213203435596427,19.924858845171276,27.294688127912362,25.709920264364882,16.0312195418814,27.892651361962706,17.029386365926403,23.259406699226016,22.02271554554524,29.120439557122072,30.886890422961002,17.4928556845359,20.024984394500787,14.7648230602334,13.45362404707371,12.649110640673518,14.422205101855956,17.11724276862369,0.0,0.0,0.0,0.0,0.0,0.0,0.0,0.0,0.0,0.0,0.0,8.06225774829855,8.54400374531753,5.0,13.892443989449804,7.211102550927978,16.401219466856727,15.132745950421556,17.0,16.55294535724685,15.297058540778355,14.866068747318506,16.15549442140351,16.15549442140351,25.238858928247925,24.08318915758459,26.627053911388696,16.278820596099706,19.209372712298546,13.892443989449804,18.867962264113206,29.206163733020468,24.08318915758459,21.540659228538015,21.93171219946131,15.033296378372908,8.06225774829855
99.29753269845128,5.0,46.17358552246078,31.064449134018133,43.0,45.60701700396552,66.70832032063167,57.07889277132134,45.12205669071391,57.723478758647246,56.568542494923804,60.876925020897694,57.245087125446844,56.00892785976178,47.01063709417264,51.03920062069938,33.13608305156178,23.021728866442675,25.019992006393608,16.15549442140351,9.433981132056603,13.92838827718412,10.295630140987,19.79898987322333,19.313207915827967,29.068883707497267,35.510561809129406,0.0,0.0,0.0,0.0,0.0,0.0,0.0,0.0,0.0,0.0,0.0,31.78049716414141,33.54101966249684,30.870698080866262,32.202484376209235,34.48187929913333,31.400636936215164,32.28002478313795,31.38470965295043,29.068883707497267,23.853720883753127,15.811388300841896,29.017236257093817,31.016124838541646,14.317821063276353,20.615528128088304,25.0,28.861739379323623,15.620499351813308,15.231546211727817,15.264337522473747,30.083217912982647,20.0,10.0,19.72308292331602,33.06055050963308,26.076809620810597
56.0357029044876,13.0,24.351591323771842,47.265209192385896,46.486557196677836,35.22782990761707,71.80529228406496,50.08991914547278,52.20153254455275,69.28924880528002,60.08327554319921,64.35060217278468,57.706152185014034,48.46648326421054,60.207972893961475,34.40930106817051,41.88078318274385,28.844410203711913,21.93171219946131,15.264337522473747,9.219544457292887,18.384776310850235,16.492422502470642,17.0,24.020824298928627,25.179356624028344,29.017236257093817,0.0,0.0,0.0,0.0,0.0,0.0,0.0,0.0,0.0,0.0,0.0,33.83784863137726,30.01666203960727,36.89173349139343,36.40054944640259,23.40939982143925,28.861739379323623,19.1049731745428,25.079872407968907,26.476404589747453,26.076809620810597,29.614185789921695,23.853720883753127,20.12461179749811,29.0,22.47220505424423,27.65863337187866,11.661903789690601,18.110770276274835,9.219544457292887,23.769728648009426,21.93171219946131,5.656854249492381,7.280109889280518,26.0,10.44030650891055,31.827660925679098
73.348483283569,11.0,28.635642126552707,22.47220505424423,30.4138126514911,46.95742752749558,25.553864678361276,41.86884283091664,38.07886552931954,30.364452901377952,41.78516483155236,44.204072210600685,38.07886552931954,36.069377593742864,23.769728648009426,38.600518131237564,13.038404810405298,29.154759474226502,21.470910553583888,10.63014581273465,10.816653826391969,6.082762530298219,13.0,20.248456731316587,15.132745950421556,14.142135623730951,22.847319317591726,0.0,0.0,0.0,0.0,0.0,0.0,0.0,0.0,0.0,0.0,0.0,14.0,23.0,8.06225774829855,16.0312195418814,27.0,16.492422502470642,19.235384061671343,3.605551275463989,26.30589287593181,23.0,25.80697580112788,15.524174696260024,9.055385138137417,18.110770276274835,34.66987164671943,9.848857801796104,29.832867780352597,18.027756377319946,17.0,5.0,22.090722034374522,16.278820596099706,9.055385138137417,5.656854249492381,9.219544457292887,17.72004514666935
124.61540835707277,8.0,5.0,14.866068747318506,15.811388300841896,13.038404810405298,12.806248474865697,18.35755975068582,17.029386365926403,17.804493814764857,18.35755975068582,20.248456731316587,16.401219466856727,24.839484696748443,23.53720459187964,23.600847442411894,22.20360331117452,29.0,25.495097567963924,20.518284528683193,22.67156809750927,18.027756377319946,16.278820596099706,16.0312195418814,11.704699910719626,12.649110640673518,13.892443989449804,0.0,0.0,0.0,0.0,0.0,0.0,0.0,0.0,0.0,0.0,0.0,4.123105625617661,15.264337522473747,8.06225774829855,8.48528137423857,9.055385138137417,8.06225774829855,17.26267650163207,14.035668847618199,14.142135623730951,22.20360331117452,17.0,26.248809496813376,23.853720883753127,16.278820596099706,23.600847442411894,26.076809620810597,19.849433241279208,33.301651610693426,26.248809496813376,23.021728866442675,22.47220505424423,16.55294535724685,16.278820596099706,14.422205101855956,9.055385138137417,15.264337522473747
73.348483283569,11.0,6.082762530298219,6.082762530298219,14.0,12.727922061357855,15.620499351813308,19.697715603592208,25.495097567963924,19.79898987322333,20.615528128088304,27.16615541441225,23.345235059857504,23.40939982143925,21.18962010041709,25.298221281347036,29.68164415931166,22.825424421026653,22.20360331117452,18.439088914585774,21.587033144922902,23.194827009486403,17.26267650163207,17.0,14.866068747318506,12.806248474865697,13.892443989449804,0.0,0.0,0.0,0.0,0.0,0.0,0.0,0.0,0.0,0.0,0.0,14.212670403551895,9.899494936611665,9.848857801796104,8.54400374531753,13.45362404707371,17.46424919657298,18.601075237738275,15.297058540778355,18.0,16.1245154965971,20.223748416156685,16.0,17.11724276862369,27.018512172212592,33.54101966249684,19.72308292331602,20.615528128088304,26.419689627245813,33.97057550292606,20.808652046684813,21.095023109728988,20.518284528683193,28.160255680657446,22.20360331117452,15.0,11.40175425099138
96.33794683301072,10.0,10.770329614269007,7.0710678118654755,19.924858845171276,13.0,8.06225774829855,5.385164807134504,17.26267650163207,21.02379604162864,17.88854381999832,24.186773244895647,29.427877939124322,21.587033144922902,24.73863375370596,21.095023109728988,31.622776601683793,24.351591323771842,26.30589287593181,27.294688127912362,17.0,19.235384061671343,17.11724276862369,21.0,12.806248474865697,17.88854381999832,14.317821063276353,0.0,0.0,0.0,0.0,0.0,0.0,0.0,0.0,0.0,0.0,0.0,12.041594578792296,10.63014581273465,13.601470508735444,14.866068747318506,13.341664064126334,17.26267650163207,17.029386365926403,18.681541692269406,20.12461179749811,16.401219466856727,20.0,20.615528128088304,18.439088914585774,25.495097567963924,28.844410203711913,20.248456731316587,22.47220505424423,28.861739379323623,26.92582403567252,30.14962686336267,23.706539182259394,21.37755832643195,19.849433241279208,25.079872407968907,8.48528137423857,14.560219778561036
56.0357029044876,13.0,10.295630140987,12.206555615733702,11.661903789690601,12.806248474865697,20.615528128088304,16.15549442140351,21.540659228538015,25.059928172283335,23.853720883753127,27.202941017470888,17.69180601295413,28.30194339616981,21.400934559032695,29.68164415931166,28.319604517012593,20.518284528683193,22.02271554554524,27.313000567495326,17.804493814764857,18.24828759089466,11.0,15.811388300841896,20.808652046684813,14.317821063276353,12.529964086141668,0.0,0.0,0.0,0.0,0.0,0.0,0.0,0.0,0.0,0.0,0.0,15.556349186104045,8.0,13.892443989449804,8.54400374531753,9.055385138137417,6.082762530298219,14.866068747318506,12.529964086141668,10.770329614269007,19.209372712298546,17.4928556845359,20.248456731316587,23.600847442411894,17.029386365926403,31.89043743820395,27.018512172212592,30.0,17.804493814764857,29.206163733020468,19.72308292331602,20.248456731316587,13.038404810405298,14.7648230602334,15.0,15.132745950421556,13.416407864998739
59.36328831862332,12.0,22.02271554554524,14.422205101855956,11.661903789690601,13.45362404707371,20.248456731316587,28.319604517012593,19.72308292331602,20.0,24.166091947189145,15.811388300841896,18.439088914585774,22.47220505424423,23.706539182259394,20.248456731316587,25.942243542145693,22.80350850198276,25.079872407968907,19.235384061671343,25.019992006393608,17.72004514666935,19.313207915827967,15.264337522473747,23.0,16.1245154965971,14.035668847618199,0.0,0.0,0.0,0.0,0.0,0.0,0.0,0.0,0.0,0.0,0.0,15.811388300841896,10.0,14.317821063276353,7.280109889280518,18.439088914585774,16.0312195418814,13.341664064126334,18.439088914585774,15.524174696260024,16.76305461424021,13.341664064126334,8.0,19.026297590440446,24.698178070456937,26.90724809414742,25.079872407968907,21.470910553583888,36.796738985948195,20.518284528683193,22.47220505424423,19.1049731745428,20.591260281974,16.278820596099706,22.135943621178654,18.788294228055936,9.848857801796104
43.86342439892262,14.0,10.198039027185569,14.560219778561036,8.06225774829855,27.16615541441225,17.72004514666935,20.12461179749811,14.035668847618199,15.556349186104045,19.4164878389476,23.08679276123039,19.026297590440446,23.08679276123039,20.615528128088304,29.5296461204668,21.37755832643195,26.570660511172846,21.095023109728988,17.029386365926403,22.360679774997898,17.0,12.041594578792296,21.470910553583888,13.45362404707371,13.45362404707371,15.264337522473747,0.0,0.0,0.0,0.0,0.0,0.0,0.0,0.0,0.0,0.0,0.0,12.041594578792296,10.04987562112089,5.0,8.602325267042627,13.601470508735444,17.72004514666935,11.40175425099138,13.892443989449804,21.470910553583888,21.540659228538015,18.681541692269406,14.560219778561036,17.46424919657298,22.135943621178654,20.518284528683193,25.079872407968907,19.1049731745428,21.095023109728988,22.825424421026653,17.08800749063506,27.202941017470888,13.92838827718412,9.899494936611665,6.324555320336759,13.601470508735444,17.46424919657298
46.69047011971501,13.0,9.848857801796104,4.47213595499958,13.892443989449804,19.924858845171276,13.0,20.12461179749811,21.2602916254693,24.08318915758459,23.600847442411894,18.681541692269406,23.40939982143925,30.083217912982647,25.942243542145693,17.204650534085253,24.351591323771842,20.591260281974,26.1725046566048,20.615528128088304,24.08318915758459,17.029386365926403,14.7648230602334,8.94427190999916,13.152946437965905,11.704699910719626,13.341664064126334,0.0,0.0,0.0,0.0,0.0,0.0,0.0,0.0,0.0,0.0,0.0,14.212670403551895,8.94427190999916,8.06225774829855,15.033296378372908,16.64331697709324,17.11724276862369,17.46424919657298,9.433981132056603,19.209372712298546,17.029386365926403,18.601075237738275,19.313207915827967,25.632011235952593,18.681541692269406,28.635642126552707,22.561028345356956,31.78049716414141,25.179356624028344,16.15549442140351,25.079872407968907,14.422205101855956,21.37755832643195,16.0312195418814,17.204650534085253,14.212670403551895,15.264337522473747
125.53883861180172,6.0,14.560219778561036,9.486832980505138,16.492422502470642,18.788294228055936,22.561028345356956,20.09975124224178,21.18962010041709,23.345235059857504,22.80350850198276,16.0312195418814,26.076809620810597,23.021728866442675,28.792360097775937,28.0178514522438,24.186773244895647,26.30589287593181,25.019992006393608,24.08318915758459,21.213203435596427,20.396078054371138,25.179356624028344,14.7648230602334,16.401219466856727,14.560219778561036,12.041594578792296,0.0,0.0,0.0,0.0,0.0,0.0,0.0,0.0,0.0,0.0,0.0,15.0,17.72004514666935,5.0990195135927845,10.770329614269007,12.041594578792296,17.08800749063506,10.198039027185569,15.264337522473747,10.770329614269007,15.297058540778355,22.02271554554524,17.0,27.892651361962706,22.02271554554524,21.540659228538015,24.041630560342615,23.021728866442675,21.2602916254693,30.4138126514911,24.08318915758459,24.413111231467404,25.238858928247925,13.601470508735444,16.64331697709324,11.180339887498949,9.486832980505138
103.09219175087898,6.0,14.142135623730951,16.15549442140351,18.601075237738275,19.72308292331602,16.401219466856727,24.596747752497688,28.0178514522438,21.02379604162864,19.924858845171276,30.528675044947494,21.2602916254693,23.08679276123039,23.345235059857504,24.351591323771842,22.825424421026653,29.966648127543394,20.396078054371138,26.627053911388696,17.804493814764857,22.02271554554524,20.248456731316587,17.69180601295413,19.209372712298546,13.416407864998739,9.0,0.0,0.0,0.0,0.0,0.0,0.0,0.0,0.0,0.0,0.0,0.0,8.54400374531753,9.0,16.64331697709324,11.0,13.416407864998739,10.295630140987,6.4031242374328485,20.615528128088304,17.4928556845359,13.038404810405298,16.0312195418814,23.0,23.08679276123039,20.396078054371138,18.681541692269406,23.53720459187964,23.259406699226016,23.600847442411894,25.298221281347036,27.65863337187866,30.23243291566195,21.95449840010015,17.029386365926403,22.20360331117452,18.439088914585774,5.0990195135927845
133.15029102484155,29.0,8.94427190999916,8.94427190999916,7.615773105863909,20.8806130178211,22.02271554554524,23.021728866442675,18.384776310850235,16.0,27.073972741361768,18.384776310850235,26.570660511172846,24.0,18.973665961010276,22.360679774997898,24.351591323771842,25.079872407968907,25.019992006393608,19.0,16.278820596099706,16.15549442140351,15.0,18.788294228055936,22.67156809750927,9.486832980505138,8.06225774829855,0.0,0.0,0.0,0.0,0.0,0.0,0.0,0.0,0.0,0.0,0.0,13.416407864998739,12.165525060596439,10.63014581273465,8.06225774829855,16.15549442140351,5.656854249492381,12.041594578792296,20.09975124224178,18.027756377319946,21.213203435596427,19.4164878389476,18.24828759089466,21.213203435596427,19.0,22.02271554554524,26.1725046566048,25.495097567963924,30.364452901377952,27.85677655436824,22.20360331117452,20.615528128088304,23.53720459187964,23.08679276123039,14.7648230602334,13.038404810405298,6.708203932499369
66.09841147864296,30.0,18.027756377319946,18.110770276274835,14.560219778561036,17.204650534085253,23.769728648009426,21.587033144922902,24.73863375370596,25.553864678361276,19.849433241279208,18.027756377319946,22.360679774997898,23.769728648009426,28.284271247461902,21.02379604162864,25.298221281347036,25.059928172283335,20.248456731316587,25.059928172283335,17.4928556845359,11.313708498984761,16.278820596099706,12.806248474865697,18.027756377319946,11.313708498984761,7.615773105863909,0.0,0.0,0.0,0.0,0.0,0.0,0.0,0.0,0.0,0.0,0.0,12.36931687685298,7.280109889280518,13.0,11.40175425099138,6.4031242374328485,14.560219778561036,18.027756377319946,22.02271554554524,12.36931687685298,15.0,19.235384061671343,25.298221281347036,20.615528128088304,22.67156809750927,23.430749027719962,31.622776601683793,21.2602916254693,25.632011235952593,30.463092423455635,21.633307652783937,30.4138126514911,22.67156809750927,29.0,21.18962010041709,14.212670403551895,8.54400374531753
103.09219175087898,6.0,6.082762530298219,13.152946437965905,11.661903789690601,15.297058540778355,22.20360331117452,27.85677655436824,14.560219778561036,13.038404810405298,23.53720459187964,34.713109915419565,24.73863375370596,29.0,26.30589287593181,27.0,22.20360331117452,24.020824298928627,29.614185789921695,24.08318915758459,23.08679276123039,12.36931687685298,16.278820596099706,11.704699910719626,15.620499351813308,11.40175425099138,10.198039027185569,0.0,0.0,0.0,0.0,0.0,0.0,0.0,0.0,0.0,0.0,0.0,13.152946437965905,15.811388300841896,10.44030650891055,7.810249675906654,14.866068747318506,12.041594578792296,14.317821063276353,15.231546211727817,13.0,21.18962010041709,18.439088914585774,21.470910553583888,34.17601498127012,19.313207915827967,20.248456731316587,21.540659228538015,28.284271247461902,27.313000567495326,17.88854381999832,24.413111231467404,16.401219466856727,21.95449840010015,17.804493814764857,16.55294535724685,1.0,14.7648230602334
96.33794683301072,10.0,14.7648230602334,20.615528128088304,23.706539182259394,30.083217912982647,30.083217912982647,34.655446902326915,31.400636936215164,33.301651610693426,38.01315561749642,30.805843601498726,35.4682957019364,29.732137494637012,33.94112549695428,28.284271247461902,23.853720883753127,19.72308292331602,19.4164878389476,11.704699910719626,16.278820596099706,7.280109889280518,9.219544457292887,12.806248474865697,10.816653826391969,14.035668847618199,20.09975124224178,0.0,0.0,0.0,0.0,0.0,0.0,0.0,0.0,0.0,0.0,0.0,18.24828759089466,16.15549442140351,21.02379604162864,18.681541692269406,18.788294228055936,14.317821063276353,13.601470508735444,13.0,15.0,5.0990195135927845,7.280109889280518,11.313708498984761,16.55294535724685,10.198039027185569,19.0,18.24828759089466,16.278820596099706,7.211102550927978,25.019992006393608,21.213203435596427,12.36931687685298,8.0,8.54400374531753,11.40175425099138,17.72004514666935,10.770329614269007
73.348483283569,11.0,24.020824298928627,38.47076812334269,34.058772731852805,44.9221548904324,45.27692569068709,39.698866482558415,48.30113870293329,53.823786563191554,53.665631459994955,53.03772242470448,61.29437168288782,59.07622195096772,50.08991914547278,56.859475903318,39.20459156782532,28.160255680657446,30.01666203960727,26.1725046566048,20.615528128088304,12.727922061357855,11.661903789690601,11.0,17.69180601295413,26.92582403567252,23.853720883753127,0.0,0.0,0.0,0.0,0.0,0.0,0.0,0.0,0.0,0.0,0.0,28.319604517012593,33.301651610693426,28.42534080710379,32.802438933713454,20.615528128088304,28.30194339616981,21.633307652783937,11.180339887498949,10.0,15.620499351813308,18.027756377319946,15.132745950421556,25.079872407968907,15.132745950421556,24.698178070456937,20.248456731316587,31.064449134018133,25.0,28.30194339616981,26.627053911388696,28.460498941515414,29.068883707497267,7.0,15.033296378372908,12.36931687685298,25.0
56.0357029044876,13.0,24.331050121192877,25.96150997149434,27.202941017470888,32.202484376209235,24.351591323771842,39.824615503479755,30.4138126514911,31.575306807693888,36.138621999185304,24.186773244895647,43.829214001622255,50.15974481593781,33.54101966249684,21.0,37.64306044943742,33.60059523282288,14.212670403551895,6.082762530298219,13.416407864998739,21.02379604162864,4.123105625617661,9.433981132056603,13.038404810405298,20.024984394500787,23.40939982143925,0.0,0.0,0.0,0.0,0.0,0.0,0.0,0.0,0.0,0.0,0.0,35.05709628591621,20.396078054371138,16.278820596099706,23.53720459187964,20.0,15.652475842498529,13.45362404707371,18.439088914585774,15.231546211727817,22.090722034374522,10.770329614269007,9.219544457292887,6.708203932499369,26.0,7.615773105863909,22.360679774997898,20.248456731316587,29.068883707497267,16.278820596099706,23.40939982143925,16.55294535724685,18.681541692269406,2.8284271247461903,10.295630140987,13.45362404707371,13.038404810405298
59.36328831862332,12.0,43.41658669218482,12.727922061357855,23.706539182259394,51.92301994298868,19.849433241279208,52.172789842982326,51.66236541235796,69.63476143421474,67.89698078707183,50.93132631298737,61.61980201201558,55.02726596879042,50.15974481593781,51.54609587543949,42.20189569201838,32.57299494980466,35.6931365951495,19.026297590440446,11.40175425099138,17.72004514666935,11.704699910719626,23.430749027719962,14.866068747318506,23.853720883753127,23.706539182259394,0.0,0.0,0.0,0.0,0.0,0.0,0.0,0.0,0.0,0.0,0.0,30.083217912982647,32.31098884280702,24.413111231467404,19.1049731745428,30.675723300355934,20.248456731316587,27.730849247724095,19.1049731745428,13.601470508735444,19.209372712298546,15.132745950421556,11.40175425099138,22.67156809750927,19.209372712298546,18.027756377319946,31.78049716414141,34.438350715445125,27.0,27.85677655436824,29.206163733020468,25.179356624028344,21.213203435596427,15.811388300841896,18.24828759089466,13.601470508735444,20.223748416156685
43.86342439892262,14.0,30.0,41.10960958218893,30.4138126514911,51.03920062069938,47.4236228055175,53.36665625650534,39.96248240537617,56.61271941887264,54.589376255824725,57.245087125446844,70.26378868236469,47.41307836451879,47.01063709417264,48.08326112068523,42.01190307520001,41.048751503547585,17.204650534085253,26.019223662515376,13.152946437965905,20.248456731316587,11.661903789690601,19.4164878389476,20.12461179749811,19.209372712298546,27.784887978899608,0.0,0.0,0.0,0.0,0.0,0.0,0.0,0.0,0.0,0.0,0.0,29.120439557122072,29.154759474226502,31.622776601683793,22.47220505424423,22.825424421026653,17.029386365926403,20.12461179749811,13.341664064126334,19.235384061671343,22.80350850198276,16.1245154965971,6.0,5.0,31.11269837220809,15.811388300841896,4.123105625617661,27.018512172212592,28.635642126552707,30.0,24.20743687382041,48.703182647543684,5.830951894845301,31.400636936215164,13.0,28.0,19.6468827043885
46.69047011971501,13.0,21.470910553583888,39.81205847478876,42.190046219457976,36.0,46.87216658103186,43.657759905886145,60.03332407921454,50.08991914547278,60.08327554319921,62.0966987850401,61.26989472816156,43.829214001622255,48.60041152089147,47.41307836451879,36.61966684720111,31.240998703626616,26.248809496813376,25.553864678361276,14.142135623730951,13.92838827718412,14.866068747318506,10.0,15.620499351813308,25.079872407968907,28.071337695236398,0.0,0.0,0.0,0.0,0.0,0.0,0.0,0.0,0.0,0.0,0.0,33.13608305156178,30.14962686336267,27.294688127912362,31.0,23.345235059857504,15.033296378372908,19.924858845171276,23.08679276123039,19.1049731745428,18.788294228055936,16.492422502470642,15.297058540778355,17.72004514666935,24.020824298928627,20.09975124224178,36.124783736376884,34.0147027033899,36.069377593742864,20.615528128088304,21.095023109728988,17.72004514666935,28.653097563788805,18.24828759089466,11.40175425099138,40.311288741492746,25.0
66.09841147864296,30.0,21.2602916254693,26.419689627245813,29.206163733020468,31.144823004794873,34.713109915419565,37.53664875824692,43.829214001622255,42.01190307520001,39.6232255123179,39.59797974644666,36.235341863986875,32.449961479175904,37.64306044943742,32.01562118716424,31.827660925679098,27.730849247724095,23.021728866442675,13.152946437965905,11.661903789690601,4.47213595499958,9.219544457292887,8.0,10.770329614269007,16.15549442140351,21.840329667841555,0.0,0.0,0.0,0.0,0.0,0.0,0.0,0.0,0.0,0.0,0.0,22.47220505424423,20.0,18.601075237738275,20.615528128088304,16.278820596099706,19.235384061671343,13.601470508735444,6.324555320336759,10.04987562112089,9.486832980505138,11.045361017187261,8.246211251235321,14.560219778561036,13.892443989449804,9.433981132056603,14.866068747318506,17.029386365926403,16.1245154965971,15.264337522473747,14.035668847618199,14.142135623730951,13.0,7.810249675906654,11.0,10.04987562112089,16.15549442140351
99.29753269845128,5.0,20.8806130178211,26.019223662515376,26.019223662515376,27.073972741361768,31.0,30.14962686336267,39.56008088970496,43.41658669218482,32.2490309931942,39.05124837953327,33.24154027718932,34.132096331752024,34.0147027033899,28.160255680657446,25.179356624028344,25.179356624028344,22.02271554554524,12.529964086141668,14.866068747318506,8.06225774829855,6.0,5.0,13.601470508735444,17.46424919657298,13.892443989449804,0.0,0.0,0.0,0.0,0.0,0.0,0.0,0.0,0.0,0.0,0.0,20.223748416156685,17.029386365926403,18.439088914585774,18.110770276274835,20.8806130178211,15.297058540778355,6.0,8.54400374531753,8.48528137423857,9.219544457292887,8.602325267042627,10.295630140987,8.602325267042627,6.708203932499369,11.180339887498949,13.601470508735444,14.866068747318506,17.4928556845359,15.0,17.029386365926403,16.55294535724685,16.1245154965971,9.848857801796104,13.601470508735444,11.704699910719626,15.0
175.45369759569047,7.0,13.0,16.15549442140351,19.79898987322333,10.0,9.848857801796104,13.038404810405298,15.811388300841896,19.1049731745428,17.46424919657298,22.825424421026653,22.20360331117452,25.0,26.90724809414742,25.80697580112788,26.40075756488817,24.166091947189145,20.615528128088304,20.8806130178211,15.811388300841896,18.027756377319946,17.26267650163207,18.110770276274835,8.06225774829855,13.601470508735444,12.041594578792296,0.0,0.0,0.0,0.0,0.0,0.0,0.0,0.0,0.0,0.0,0.0,10.44030650891055,9.219544457292887,5.0,8.06225774829855,10.770329614269007,8.602325267042627,17.26267650163207,14.035668847618199,17.46424919657298,12.165525060596439,20.591260281974,13.601470508735444,24.166091947189145,24.758836806279895,22.825424421026653,23.345235059857504,35.38361202590826,17.204650534085253,18.027756377319946,20.808652046684813,17.029386365926403,23.600847442411894,19.4164878389476,15.620499351813308,11.180339887498949,7.810249675906654
125.53883861180172,6.0,18.027756377319946,17.0,19.849433241279208,14.212670403551895,21.95449840010015,26.476404589747453,21.213203435596427,31.906112267087632,27.80287754891569,22.135943621178654,18.601075237738275,28.460498941515414,40.24922359499622,24.041630560342615,23.600847442411894,12.041594578792296,20.024984394500787,20.615528128088304,14.0,8.06225774829855,3.605551275463989,10.295630140987,15.132745950421556,17.029386365926403,18.110770276274835,0.0,0.0,0.0,0.0,0.0,0.0,0.0,0.0,0.0,0.0,0.0,27.202941017470888,27.16615541441225,22.80350850198276,27.892651361962706,17.72004514666935,19.313207915827967,17.029386365926403,6.324555320336759,12.649110640673518,10.0,7.0710678118654755,10.198039027185569,6.324555320336759,13.038404810405298,19.849433241279208,19.924858845171276,13.152946437965905,23.769728648009426,9.848857801796104,22.090722034374522,10.295630140987,18.384776310850235,9.219544457292887,9.486832980505138,16.64331697709324,9.433981132056603
121.16517651536682,10.0,17.0,23.345235059857504,18.384776310850235,26.627053911388696,22.825424421026653,21.095023109728988,25.612496949731394,39.96248240537617,30.463092423455635,29.832867780352597,39.20459156782532,36.359317925395686,38.07886552931954,11.40175425099138,27.892651361962706,28.460498941515414,15.811388300841896,14.560219778561036,13.45362404707371,9.486832980505138,9.055385138137417,5.830951894845301,9.0,15.811388300841896,17.26267650163207,0.0,0.0,0.0,0.0,0.0,0.0,0.0,0.0,0.0,0.0,0.0,24.041630560342615,18.35755975068582,22.02271554554524,19.235384061671343,25.079872407968907,20.12461179749811,21.095023109728988,15.033296378372908,2.0,11.40175425099138,12.083045973594572,13.601470508735444,12.806248474865697,10.0,14.7648230602334,14.212670403551895,8.246211251235321,21.02379604162864,9.0,15.620499351813308,13.038404810405298,21.470910553583888,12.041594578792296,20.09975124224178,18.973665961010276,21.587033144922902
132.60844618650805,11.0,32.0624390837628,32.802438933713454,25.0,37.53664875824692,37.013511046643494,55.90169943749474,52.49761899362675,39.698866482558415,46.861498055439924,50.99019513592785,58.137767414994535,53.907327887774215,50.20956084253277,39.698866482558415,43.60045871318328,36.796738985948195,35.608987629529715,27.51363298439521,11.0,14.317821063276353,11.180339887498949,19.235384061671343,32.2490309931942,19.1049731745428,35.90264614203248,0.0,0.0,0.0,0.0,0.0,0.0,0.0,0.0,0.0,0.0,0.0,41.048751503547585,34.058772731852805,34.66987164671943,37.48332962798263,34.132096331752024,15.556349186104045,31.622776601683793,17.204650534085253,20.808652046684813,19.1049731745428,6.082762530298219,22.825424421026653,16.278820596099706,22.360679774997898,20.615528128088304,28.178005607210743,17.26267650163207,23.259406699226016,19.697715603592208,32.55764119219941,16.278820596099706,38.27531841800928,34.132096331752024,41.19465984809196,17.204650534085253,13.0
175.45369759569047,7.0,28.42534080710379,21.095023109728988,47.853944456021594,37.94733192202055,61.18823416311342,53.36665625650534,41.048751503547585,63.198101237299845,62.36184731067546,48.093658625644196,51.66236541235796,56.32051136131489,49.33558553417604,42.04759208325728,40.52159917870962,27.85677655436824,26.1725046566048,20.518284528683193,10.770329614269007,16.278820596099706,7.280109889280518,10.816653826391969,21.540659228538015,21.587033144922902,32.55764119219941,0.0,0.0,0.0,0.0,0.0,0.0,0.0,0.0,0.0,0.0,0.0,40.162171256046406,36.6742416417845,41.182520563948,37.21558813185679,25.709920264364882,28.178005607210743,21.95449840010015,26.570660511172846,17.4928556845359,11.40175425099138,9.219544457292887,14.317821063276353,10.04987562112089,22.02271554554524,31.144823004794873,21.587033144922902,23.600847442411894,25.553864678361276,28.42534080710379,33.60059523282288,46.52956049652737,26.076809620810597,6.708203932499369,20.8806130178211,30.066592756745816,42.43819034784589
140.07141035914503,6.0,15.0,8.602325267042627,13.601470508735444,17.88854381999832,20.591260281974,11.180339887498949,16.15549442140351,17.88854381999832,19.313207915827967,25.059928172283335,21.02379604162864,24.08318915758459,26.92582403567252,24.08318915758459,19.1049731745428,24.758836806279895,27.730849247724095,18.384776310850235,26.92582403567252,21.93171219946131,20.615528128088304,17.029386365926403,6.0,12.165525060596439,10.0,0.0,0.0,0.0,0.0,0.0,0.0,0.0,0.0,0.0,0.0,0.0,5.385164807134504,10.44030650891055,11.704699910719626,7.0,16.401219466856727,7.810249675906654,9.055385138137417,17.11724276862369,15.0,17.0,20.09975124224178,18.027756377319946,24.186773244895647,18.681541692269406,23.769728648009426,31.78049716414141,23.769728648009426,26.40075756488817,14.317821063276353,21.095023109728988,24.596747752497688,20.615528128088304,19.72308292331602,15.0,13.152946437965905,14.142135623730951
32.01562118716424,18.0,7.810249675906654,12.041594578792296,19.0,19.235384061671343,9.899494936611665,17.46424919657298,25.079872407968907,23.430749027719962,29.274562336608895,13.416407864998739,23.08679276123039,25.495097567963924,21.93171219946131,26.92582403567252,28.635642126552707,16.1245154965971,29.154759474226502,25.0,15.0,17.72004514666935,14.560219778561036,18.973665961010276,19.924858845171276,10.770329614269007,16.1245154965971,0.0,0.0,0.0,0.0,0.0,0.0,0.0,0.0,0.0,0.0,0.0,14.142135623730951,9.486832980505138,11.045361017187261,10.816653826391969,16.55294535724685,16.492422502470642,11.0,16.278820596099706,20.024984394500787,13.416407864998739,15.033296378372908,24.351591323771842,17.029386365926403,18.788294228055936,19.209372712298546,19.209372712298546,24.20743687382041,18.439088914585774,26.627053911388696,33.28663395418648,23.08679276123039,17.46424919657298,13.601470508735444,19.235384061671343,5.0,11.661903789690601
128.0,8.0,12.165525060596439,14.866068747318506,17.69180601295413,16.64331697709324,13.0,21.095023109728988,20.615528128088304,17.204650534085253,19.849433241279208,25.612496949731394,23.259406699226016,29.068883707497267,19.849433241279208,36.124783736376884,27.202941017470888,30.479501308256342,24.413111231467404,18.601075237738275,23.430749027719962,21.2602916254693,10.63014581273465,19.1049731745428,11.704699910719626,20.223748416156685,15.0,0.0,0.0,0.0,0.0,0.0,0.0,0.0,0.0,0.0,0.0,0.0,12.36931687685298,8.246211251235321,9.433981132056603,13.45362404707371,10.0,17.4928556845359,14.422205101855956,14.142135623730951,16.0312195418814,21.93171219946131,13.0,17.029386365926403,26.019223662515376,25.0,12.529964086141668,16.0,28.635642126552707,29.154759474226502,19.313207915827967,20.615528128088304,21.95449840010015,15.811388300841896,22.67156809750927,16.492422502470642,16.55294535724685,26.248809496813376
128.0,8.0,22.561028345356956,28.231188426986208,25.298221281347036,21.18962010041709,29.154759474226502,24.331050121192877,36.24913792078372,23.021728866442675,20.248456731316587,36.87817782917155,22.360679774997898,24.186773244895647,38.2099463490856,18.867962264113206,19.235384061671343,12.36931687685298,16.278820596099706,15.0,8.06225774829855,9.055385138137417,1.0,9.219544457292887,16.401219466856727,21.37755832643195,18.24828759089466,0.0,0.0,0.0,0.0,0.0,0.0,0.0,0.0,0.0,0.0,0.0,30.265491900843113,30.675723300355934,29.832867780352597,26.30589287593181,27.073972741361768,18.24828759089466,25.0,16.278820596099706,13.45362404707371,15.0,7.810249675906654,14.317821063276353,12.806248474865697,11.0,13.601470508735444,2.23606797749979,16.15549442140351,14.7648230602334,12.529964086141668,13.038404810405298,6.708203932499369,15.297058540778355,10.04987562112089,11.0,8.48528137423857,9.055385138137417
139.54210834009928,7.0,24.20743687382041,25.0,28.319604517012593,28.42534080710379,32.526911934581186,33.24154027718932,35.38361202590826,25.942243542145693,37.44329045369811,26.832815729997478,25.495097567963924,23.345235059857504,27.0,22.20360331117452,16.55294535724685,24.73863375370596,14.035668847618199,7.615773105863909,2.23606797749979,7.280109889280518,13.892443989449804,16.278820596099706,18.24828759089466,21.37755832643195,25.298221281347036,0.0,0.0,0.0,0.0,0.0,0.0,0.0,0.0,0.0,0.0,0.0,28.0178514522438,28.0,27.018512172212592,26.476404589747453,27.018512172212592,21.587033144922902,20.615528128088304,15.524174696260024,15.652475842498529,14.317821063276353,13.038404810405298,12.36931687685298,15.033296378372908,17.11724276862369,18.681541692269406,15.811388300841896,16.15549442140351,14.317821063276353,15.811388300841896,17.804493814764857,15.264337522473747,23.021728866442675,17.029386365926403,14.422205101855956,21.93171219946131,14.212670403551895
88.02272433866155,10.0,38.2099463490856,39.81205847478876,51.62363799656123,49.51767361255979,62.433965115151864,33.1058907144937,50.695167422546305,39.319206502675,52.80151512977634,38.01315561749642,63.89053137985315,43.68065933568311,50.695167422546305,41.88078318274385,35.12833614050059,19.4164878389476,21.095023109728988,7.280109889280518,16.55294535724685,12.806248474865697,21.02379604162864,18.24828759089466,30.083217912982647,37.656340767525464,21.840329667841555,0.0,0.0,0.0,0.0,0.0,0.0,0.0,0.0,0.0,0.0,0.0,41.48493702538308,46.17358552246078,52.46903848937962,46.69047011971501,38.600518131237564,35.6931365951495,36.76955262170047,28.460498941515414,24.73863375370596,26.40075756488817,23.021728866442675,17.46424919657298,17.46424919657298,20.09975124224178,28.653097563788805,17.029386365926403,14.422205101855956,39.35733730830886,21.37755832643195,29.966648127543394,27.730849247724095,8.48528137423857,10.63014581273465,20.248456731316587,26.30589287593181,32.2490309931942
69.77105417004964,12.0,50.635955604688654,46.09772228646444,40.01249804748511,64.07027391856539,51.54609587543949,50.53711507397311,53.53503525729669,56.64803615307419,44.77722635447622,42.190046219457976,45.69463863518345,42.43819034784589,42.43819034784589,29.832867780352597,20.518284528683193,28.844410203711913,16.76305461424021,5.385164807134504,11.045361017187261,3.605551275463989,10.295630140987,23.021728866442675,20.591260281974,22.847319317591726,34.132096331752024,0.0,0.0,0.0,0.0,0.0,0.0,0.0,0.0,0.0,0.0,0.0,52.20153254455275,45.880278987817846,47.53945729601885,40.311288741492746,46.17358552246078,33.83784863137726,36.05551275463989,27.85677655436824,27.202941017470888,25.079872407968907,28.178005607210743,31.89043743820395,27.294688127912362,19.72308292331602,18.027756377319946,20.396078054371138,15.033296378372908,27.892651361962706,13.601470508735444,12.727922061357855,36.49657518178932,39.11521443121589,16.0312195418814,28.319604517012593,48.507731342539614,32.7566787083184
88.02272433866155,10.0,49.678969393496885,59.841457201508724,40.24922359499622,53.85164807134504,38.58756276314948,47.634021455258214,54.48853090330111,44.94441010848846,41.6293165929973,45.27692569068709,48.60041152089147,42.44997055358225,44.77722635447622,24.166091947189145,22.47220505424423,21.840329667841555,16.55294535724685,6.082762530298219,8.246211251235321,8.602325267042627,19.4164878389476,23.323807579381203,34.132096331752024,21.2602916254693,35.34119409414458,0.0,0.0,0.0,0.0,0.0,0.0,0.0,0.0,0.0,0.0,0.0,44.28317965096906,42.15447781671598,50.44799302251776,46.861498055439924,43.139309220245984,38.948684188300895,26.92582403567252,31.240998703626616,24.166091947189145,20.808652046684813,20.248456731316587,19.72308292331602,9.055385138137417,14.317821063276353,31.906112267087632,17.029386365926403,35.4400902933387,26.90724809414742,30.4138126514911,33.60059523282288,40.80441152620633,27.51363298439521,15.297058540778355,15.132745950421556,24.20743687382041,28.844410203711913
69.77105417004964,12.0,26.92582403567252,82.73451516749222,49.03060268852505,42.5440947723653,38.897300677553446,56.0357029044876,48.27007354458868,51.62363799656123,58.25804665451803,57.62811813689564,44.04543109109048,40.0,39.0,38.01315561749642,41.182520563948,16.0312195418814,17.08800749063506,6.082762530298219,7.280109889280518,8.94427190999916,7.211102550927978,17.46424919657298,33.12099032335839,31.304951684997057,34.48187929913333,0.0,0.0,0.0,0.0,0.0,0.0,0.0,0.0,0.0,0.0,0.0,46.400431032480725,46.66904755831214,42.5205832509386,41.10960958218893,36.069377593742864,35.608987629529715,34.828149534535996,38.01315561749642,19.209372712298546,23.40939982143925,7.615773105863909,24.020824298928627,26.419689627245813,35.35533905932738,16.401219466856727,31.144823004794873,29.966648127543394,21.18962010041709,21.633307652783937,23.345235059857504,38.948684188300895,29.206163733020468,18.384776310850235,10.0,30.805843601498726,35.4400902933387
73.348483283569,11.0,43.289721643826724,30.59411708155671,41.23105625617661,62.297672508690084,55.758407437802596,55.226805085936306,55.46169849544819,60.41522986797286,54.3323108288245,45.60701700396552,37.64306044943742,48.507731342539614,41.43669871020132,36.87817782917155,30.066592756745816,26.476404589747453,15.0,11.40175425099138,10.04987562112089,7.0710678118654755,16.15549442140351,22.20360331117452,27.0,25.495097567963924,39.11521443121589,0.0,0.0,0.0,0.0,0.0,0.0,0.0,0.0,0.0,0.0,0.0,50.44799302251776,51.66236541235796,47.51841748206689,39.319206502675,34.20526275297414,37.16180835212409,23.53720459187964,30.870698080866262,26.40075756488817,20.808652046684813,20.518284528683193,27.313000567495326,27.459060435491963,25.079872407968907,29.0,22.825424421026653,20.396078054371138,22.360679774997898,17.72004514666935,41.0,33.1058907144937,24.041630560342615,27.459060435491963,29.966648127543394,34.655446902326915,29.206163733020468
56.0357029044876,13.0,30.23243291566195,57.4543296888929,49.193495504995376,47.29693436154187,39.05124837953327,44.654227123532216,62.80127387243033,43.41658669218482,54.405882034941776,59.77457653551382,49.47726750741192,49.33558553417604,48.662100242385755,39.45883931389772,27.018512172212592,26.019223662515376,20.0,15.033296378372908,7.0710678118654755,11.661903789690601,10.816653826391969,24.515301344262525,27.459060435491963,30.066592756745816,32.14031735997639,0.0,0.0,0.0,0.0,0.0,0.0,0.0,0.0,0.0,0.0,0.0,49.24428900898052,46.389654018972806,49.36598018878993,40.19950248448356,41.012193308819754,30.066592756745816,37.21558813185679,29.154759474226502,30.463092423455635,19.697715603592208,21.02379604162864,23.853720883753127,15.811388300841896,16.0312195418814,30.0,37.12142238654117,28.160255680657446,17.029386365926403,11.704699910719626,35.34119409414458,35.35533905932738,12.041594578792296,27.294688127912362,14.212670403551895,31.575306807693888,34.48187929913333
103.09219175087898,6.0,13.416407864998739,9.219544457292887,17.46424919657298,10.770329614269007,16.55294535724685,18.973665961010276,11.704699910719626,20.396078054371138,21.587033144922902,24.413111231467404,28.231188426986208,23.430749027719962,24.331050121192877,27.85677655436824,31.38470965295043,28.442925306655784,25.942243542145693,25.317977802344327,17.029386365926403,19.235384061671343,18.384776310850235,17.804493814764857,6.708203932499369,14.142135623730951,4.123105625617661,0.0,0.0,0.0,0.0,0.0,0.0,0.0,0.0,0.0,0.0,0.0,12.806248474865697,10.295630140987,12.041594578792296,15.264337522473747,14.212670403551895,17.46424919657298,18.027756377319946,18.027756377319946,20.223748416156685,17.08800749063506,21.02379604162864,20.09975124224178,22.847319317591726,18.110770276274835,26.92582403567252,19.849433241279208,24.698178070456937,22.47220505424423,20.0,27.018512172212592,20.518284528683193,14.866068747318506,12.083045973594572,13.0,16.1245154965971,22.0
103.09219175087898,6.0,11.180339887498949,10.295630140987,17.029386365926403,10.295630140987,27.16615541441225,26.68332812825267,17.46424919657298,36.124783736376884,19.235384061671343,18.439088914585774,25.019992006393608,24.020824298928627,25.079872407968907,23.08679276123039,20.09975124224178,23.53720459187964,21.37755832643195,21.587033144922902,16.15549442140351,22.135943621178654,12.529964086141668,8.54400374531753,14.317821063276353,8.94427190999916,14.422205101855956,0.0,0.0,0.0,0.0,0.0,0.0,0.0,0.0,0.0,0.0,0.0,15.231546211727817,7.810249675906654,11.704699910719626,14.035668847618199,11.40175425099138,11.40175425099138,17.08800749063506,18.601075237738275,18.439088914585774,13.601470508735444,26.0,13.892443989449804,17.4928556845359,21.095023109728988,24.186773244895647,30.0,29.614185789921695,20.0,27.018512172212592,19.924858845171276,21.02379604162864,24.515301344262525,15.811388300841896,19.235384061671343,5.656854249492381,15.556349186104045
130.0,8.0,14.560219778561036,11.40175425099138,18.601075237738275,14.560219778561036,13.601470508735444,22.80350850198276,21.633307652783937,16.401219466856727,22.47220505424423,31.827660925679098,24.839484696748443,25.612496949731394,25.059928172283335,28.653097563788805,20.248456731316587,21.540659228538015,25.80697580112788,20.396078054371138,19.235384061671343,20.09975124224178,18.681541692269406,13.038404810405298,9.486832980505138,12.529964086141668,10.0,0.0,0.0,0.0,0.0,0.0,0.0,0.0,0.0,0.0,0.0,0.0,12.041594578792296,10.63014581273465,14.142135623730951,11.40175425099138,18.867962264113206,15.0,15.132745950421556,16.76305461424021,19.1049731745428,17.08800749063506,19.4164878389476,20.223748416156685,26.40075756488817,26.627053911388696,23.853720883753127,28.600699292150182,36.235341863986875,23.853720883753127,23.600847442411894,28.653097563788805,25.612496949731394,28.844410203711913,14.142135623730951,18.788294228055936,15.264337522473747,9.219544457292887
103.09219175087898,6.0,21.633307652783937,17.0,19.235384061671343,27.65863337187866,27.65863337187866,26.90724809414742,29.410882339705484,37.20215047547655,28.653097563788805,34.132096331752024,28.0178514522438,22.02271554554524,22.80350850198276,17.029386365926403,22.47220505424423,23.194827009486403,19.1049731745428,3.0,14.560219778561036,5.830951894845301,6.0,2.23606797749979,7.810249675906654,11.40175425099138,13.601470508735444,0.0,0.0,0.0,0.0,0.0,0.0,0.0,0.0,0.0,0.0,0.0,30.870698080866262,32.28002478313795,23.08679276123039,20.8806130178211,21.93171219946131,20.248456731316587,13.416407864998739,14.035668847618199,22.80350850198276,13.0,8.602325267042627,15.811388300841896,9.433981132056603,5.830951894845301,10.63014581273465,16.1245154965971,7.615773105863909,18.384776310850235,13.038404810405298,14.317821063276353,29.698484809834994,15.297058540778355,17.46424919657298,13.0,15.231546211727817,13.416407864998739
103.09219175087898,6.0,16.1245154965971,19.6468827043885,26.019223662515376,29.832867780352597,35.22782990761707,23.194827009486403,25.709920264364882,34.92849839314596,33.95585369269929,37.013511046643494,25.079872407968907,19.0,37.36308338453881,22.80350850198276,9.055385138137417,22.561028345356956,16.0312195418814,17.029386365926403,9.055385138137417,8.54400374531753,1.0,7.810249675906654,10.0,8.54400374531753,12.041594578792296,0.0,0.0,0.0,0.0,0.0,0.0,0.0,0.0,0.0,0.0,0.0,25.632011235952593,25.632011235952593,26.627053911388696,25.45584412271571,21.633307652783937,19.1049731745428,14.866068747318506,8.06225774829855,16.97056274847714,15.811388300841896,6.082762530298219,8.06225774829855,9.899494936611665,7.211102550927978,13.416407864998739,17.46424919657298,12.529964086141668,16.401219466856727,17.88854381999832,20.8806130178211,25.632011235952593,17.029386365926403,21.0,21.840329667841555,19.0,21.587033144922902
130.0,8.0,30.610455730027933,44.64302857109943,57.87054518492115,79.51100552753688,48.373546489791295,58.69412236331676,71.84705978674423,70.9365914038728,54.70831746635972,56.859475903318,65.00769185258002,61.00819617067857,49.01020301937138,38.63935817272331,42.2965719651132,29.017236257093817,20.024984394500787,18.439088914585774,7.211102550927978,7.211102550927978,3.0,14.317821063276353,15.524174696260024,28.861739379323623,26.476404589747453,0.0,0.0,0.0,0.0,0.0,0.0,0.0,0.0,0.0,0.0,0.0,58.52349955359813,51.24451190127583,47.51841748206689,53.85164807134504,41.48493702538308,30.805843601498726,33.61547262794322,31.400636936215164,16.0312195418814,18.027756377319946,15.652475842498529,14.866068747318506,9.486832980505138,23.021728866442675,32.0624390837628,40.024992192379,28.0178514522438,39.0,42.190046219457976,28.160255680657446,39.05124837953327,50.635955604688654,33.12099032335839,34.52535300326414,62.81719509815764,34.36568055487916
90.7358804442873,11.0,13.152946437965905,5.830951894845301,14.212670403551895,12.529964086141668,11.661903789690601,23.345235059857504,14.212670403551895,18.439088914585774,20.0,21.633307652783937,16.64331697709324,19.4164878389476,30.479501308256342,21.633307652783937,24.698178070456937,26.570660511172846,16.76305461424021,17.029386365926403,19.1049731745428,19.4164878389476,20.396078054371138,11.704699910719626,15.297058540778355,6.4031242374328485,13.038404810405298,0.0,0.0,0.0,0.0,0.0,0.0,0.0,0.0,0.0,0.0,0.0,14.317821063276353,7.810249675906654,5.0990195135927845,15.0,18.35755975068582,21.587033144922902,16.64331697709324,14.142135623730951,26.476404589747453,22.360679774997898,24.041630560342615,32.38826948140329,16.76305461424021,22.02271554554524,22.825424421026653,14.035668847618199,18.027756377319946,29.5296461204668,25.80697580112788,15.811388300841896,14.212670403551895,17.804493814764857,9.433981132056603,18.35755975068582,8.94427190999916,2.23606797749979
125.67020331009256,12.0,10.295630140987,23.345235059857504,21.18962010041709,21.02379604162864,13.92838827718412,18.439088914585774,23.08679276123039,19.209372712298546,24.515301344262525,27.202941017470888,20.615528128088304,20.615528128088304,28.160255680657446,24.041630560342615,21.213203435596427,22.67156809750927,23.08679276123039,22.02271554554524,26.30589287593181,14.866068747318506,16.278820596099706,19.313207915827967,10.44030650891055,14.142135623730951,14.317821063276353,0.0,0.0,0.0,0.0,0.0,0.0,0.0,0.0,0.0,0.0,0.0,12.649110640673518,14.0,15.652475842498529,14.317821063276353,10.04987562112089,15.132745950421556,14.7648230602334,13.341664064126334,10.816653826391969,21.587033144922902,16.55294535724685,13.45362404707371,24.698178070456937,21.633307652783937,21.470910553583888,29.120439557122072,20.8806130178211,29.614185789921695,15.033296378372908,24.020824298928627,31.25699921617557,14.317821063276353,20.248456731316587,9.486832980505138,24.08318915758459,8.602325267042627
118.59595271340417,13.0,15.264337522473747,19.1049731745428,15.132745950421556,20.396078054371138,23.53720459187964,15.297058540778355,19.235384061671343,24.0,16.15549442140351,19.235384061671343,26.076809620810597,20.223748416156685,24.041630560342615,23.0,19.4164878389476,26.0,26.019223662515376,21.587033144922902,14.560219778561036,17.204650534085253,12.0,10.04987562112089,20.615528128088304,16.97056274847714,12.041594578792296,0.0,0.0,0.0,0.0,0.0,0.0,0.0,0.0,0.0,0.0,0.0,14.866068747318506,10.198039027185569,20.248456731316587,12.206555615733702,16.1245154965971,15.0,26.92582403567252,17.804493814764857,16.492422502470642,13.92838827718412,21.2602916254693,23.021728866442675,18.867962264113206,25.059928172283335,20.615528128088304,26.076809620810597,29.5296461204668,17.4928556845359,17.029386365926403,21.0,25.495097567963924,22.80350850198276,16.0,23.08679276123039,13.0,13.341664064126334
113.78049041905207,17.0,14.866068747318506,2.23606797749979,17.029386365926403,9.219544457292887,19.235384061671343,20.518284528683193,11.40175425099138,20.0,19.4164878389476,18.439088914585774,24.186773244895647,24.758836806279895,21.633307652783937,25.0,26.627053911388696,26.627053911388696,16.278820596099706,21.470910553583888,18.681541692269406,20.615528128088304,18.110770276274835,17.46424919657298,17.11724276862369,10.44030650891055,12.041594578792296,0.0,0.0,0.0,0.0,0.0,0.0,0.0,0.0,0.0,0.0,0.0,10.198039027185569,12.36931687685298,11.40175425099138,12.727922061357855,10.816653826391969,7.0710678118654755,11.661903789690601,15.132745950421556,19.4164878389476,19.0,26.30589287593181,25.709920264364882,25.179356624028344,21.213203435596427,23.259406699226016,20.0,22.47220505424423,19.026297590440446,19.4164878389476,21.93171219946131,21.18962010041709,5.0990195135927845,14.142135623730951,15.811388300841896,20.248456731316587,7.615773105863909
118.59595271340417,13.0,17.26267650163207,20.024984394500787,18.35755975068582,27.313000567495326,25.059928172283335,38.07886552931954,18.973665961010276,39.11521443121589,20.615528128088304,14.866068747318506,32.01562118716424,38.07886552931954,28.0178514522438,12.649110640673518,20.248456731316587,13.416407864998739,14.142135623730951,10.295630140987,23.430749027719962,12.206555615733702,16.64331697709324,18.027756377319946,6.708203932499369,22.825424421026653,27.202941017470888,0.0,0.0,0.0,0.0,0.0,0.0,0.0,0.0,0.0,0.0,0.0,34.655446902326915,34.66987164671943,24.758836806279895,14.866068747318506,34.88552708502482,20.615528128088304,17.804493814764857,17.46424919657298,18.027756377319946,11.40175425099138,4.0,14.317821063276353,4.123105625617661,10.770329614269007,9.433981132056603,27.459060435491963,6.708203932499369,27.730849247724095,18.0,9.433981132056603,18.601075237738275,15.652475842498529,25.179356624028344,16.1245154965971,17.72004514666935,18.973665961010276
125.53883861180172,6.0,19.4164878389476,19.6468827043885,19.026297590440446,24.413111231467404,28.160255680657446,27.073972741361768,28.178005607210743,31.016124838541646,32.55764119219941,38.01315561749642,30.59411708155671,38.3275357934736,32.38826948140329,25.179356624028344,26.248809496813376,21.18962010041709,17.204650534085253,6.708203932499369,3.1622776601683795,13.601470508735444,11.180339887498949,13.038404810405298,23.345235059857504,16.0,33.24154027718932,0.0,0.0,0.0,0.0,0.0,0.0,0.0,0.0,0.0,0.0,0.0,31.38470965295043,40.162171256046406,31.32091952673165,29.546573405388315,29.068883707497267,26.832815729997478,27.51363298439521,10.816653826391969,13.601470508735444,1.4142135623730951,10.295630140987,11.704699910719626,16.64331697709324,16.278820596099706,13.601470508735444,16.1245154965971,23.40939982143925,25.709920264364882,3.0,15.0,20.0,28.284271247461902,11.40175425099138,22.80350850198276,4.0,18.384776310850235
103.09219175087898,6.0,13.038404810405298,10.295630140987,11.40175425099138,12.165525060596439,11.40175425099138,23.0,23.194827009486403,25.079872407968907,19.6468827043885,26.019223662515376,24.08318915758459,19.697715603592208,29.017236257093817,28.0,24.515301344262525,28.071337695236398,22.02271554554524,23.08679276123039,26.476404589747453,19.026297590440446,16.64331697709324,16.97056274847714,17.029386365926403,17.804493814764857,14.212670403551895,0.0,0.0,0.0,0.0,0.0,0.0,0.0,0.0,0.0,0.0,0.0,13.341664064126334,9.055385138137417,9.433981132056603,11.661903789690601,16.1245154965971,13.601470508735444,14.422205101855956,18.439088914585774,18.867962264113206,19.924858845171276,17.029386365926403,21.18962010041709,27.51363298439521,20.396078054371138,19.6468827043885,17.029386365926403,26.476404589747453,21.095023109728988,20.396078054371138,14.035668847618199,20.024984394500787,19.235384061671343,18.027756377319946,9.219544457292887,14.866068747318506,18.110770276274835
118.59595271340417,13.0,7.615773105863909,5.830951894845301,15.524174696260024,24.331050121192877,11.40175425099138,19.4164878389476,19.209372712298546,24.698178070456937,20.808652046684813,26.076809620810597,23.853720883753127,23.769728648009426,21.633307652783937,21.95449840010015,20.09975124224178,21.93171219946131,27.018512172212592,31.240998703626616,24.20743687382041,18.027756377319946,11.704699910719626,14.317821063276353,14.866068747318506,13.152946437965905,15.524174696260024,0.0,0.0,0.0,0.0,0.0,0.0,0.0,0.0,0.0,0.0,0.0,9.055385138137417,13.341664064126334,15.297058540778355,9.219544457292887,10.63014581273465,17.69180601295413,15.811388300841896,13.45362404707371,16.97056274847714,19.235384061671343,18.439088914585774,26.570660511172846,21.095023109728988,24.515301344262525,15.811388300841896,16.401219466856727,20.396078054371138,23.769728648009426,22.02271554554524,24.020824298928627,17.26267650163207,20.024984394500787,19.72308292331602,16.492422502470642,11.180339887498949,10.198039027185569
139.54210834009928,7.0,8.0,10.44030650891055,18.601075237738275,7.615773105863909,20.12461179749811,19.1049731745428,22.67156809750927,21.95449840010015,23.345235059857504,25.059928172283335,21.93171219946131,22.02271554554524,18.384776310850235,18.35755975068582,24.20743687382041,17.804493814764857,24.839484696748443,28.600699292150182,25.612496949731394,14.422205101855956,16.55294535724685,12.041594578792296,12.165525060596439,12.206555615733702,13.341664064126334,0.0,0.0,0.0,0.0,0.0,0.0,0.0,0.0,0.0,0.0,0.0,17.26267650163207,7.810249675906654,11.704699910719626,10.816653826391969,12.529964086141668,13.92838827718412,10.0,14.866068747318506,13.92838827718412,29.154759474226502,16.76305461424021,20.248456731316587,16.76305461424021,12.806248474865697,15.620499351813308,23.345235059857504,13.601470508735444,16.278820596099706,22.135943621178654,14.422205101855956,13.416407864998739,16.401219466856727,19.235384061671343,14.035668847618199,12.649110640673518,13.601470508735444
51.62363799656123,14.0,18.0,18.027756377319946,13.45362404707371,26.832815729997478,24.20743687382041,12.649110640673518,21.95449840010015,21.02379604162864,26.570660511172846,23.53720459187964,30.066592756745816,23.706539182259394,23.853720883753127,28.635642126552707,30.4138126514911,21.400934559032695,21.2602916254693,23.021728866442675,21.213203435596427,17.029386365926403,15.297058540778355,12.36931687685298,21.37755832643195,10.295630140987,11.180339887498949,0.0,0.0,0.0,0.0,0.0,0.0,0.0,0.0,0.0,0.0,0.0,14.035668847618199,12.041594578792296,8.54400374531753,12.529964086141668,9.433981132056603,15.033296378372908,19.235384061671343,16.401219466856727,13.45362404707371,21.095023109728988,21.633307652783937,21.18962010041709,23.259406699226016,27.294688127912362,17.72004514666935,23.021728866442675,13.038404810405298,23.0,28.460498941515414,19.6468827043885,19.72308292331602,20.615528128088304,7.0,20.0,10.44030650891055,8.602325267042627
120.42009799032718,20.0,14.422205101855956,13.0,8.54400374531753,13.0,19.697715603592208,22.47220505424423,18.681541692269406,18.0,22.360679774997898,24.596747752497688,24.698178070456937,24.698178070456937,20.591260281974,25.179356624028344,25.079872407968907,28.635642126552707,21.400934559032695,16.492422502470642,19.235384061671343,21.95449840010015,17.69180601295413,16.1245154965971,11.40175425099138,9.055385138137417,11.0,0.0,0.0,0.0,0.0,0.0,0.0,0.0,0.0,0.0,0.0,0.0,10.04987562112089,11.180339887498949,12.649110640673518,14.422205101855956,8.0,14.317821063276353,18.027756377319946,17.029386365926403,15.0,21.02379604162864,16.401219466856727,19.79898987322333,12.727922061357855,20.615528128088304,18.788294228055936,25.632011235952593,24.041630560342615,20.0,21.93171219946131,19.924858845171276,14.317821063276353,13.416407864998739,18.027756377319946,18.384776310850235,17.46424919657298,9.899494936611665
98.97979591815695,21.0,10.770329614269007,16.401219466856727,12.041594578792296,19.235384061671343,22.20360331117452,27.51363298439521,12.36931687685298,24.698178070456937,21.37755832643195,22.80350850198276,24.73863375370596,34.52535300326414,28.071337695236398,28.861739379323623,29.0,27.892651361962706,17.72004514666935,25.0,18.681541692269406,20.024984394500787,22.02271554554524,18.439088914585774,15.264337522473747,10.0,11.704699910719626,0.0,0.0,0.0,0.0,0.0,0.0,0.0,0.0,0.0,0.0,0.0,10.0,11.661903789690601,18.439088914585774,16.97056274847714,19.235384061671343,12.206555615733702,9.486832980505138,13.038404810405298,16.278820596099706,11.40175425099138,24.186773244895647,27.018512172212592,17.08800749063506,16.1245154965971,30.59411708155671,25.079872407968907,29.154759474226502,22.360679774997898,29.68164415931166,10.295630140987,17.0,19.026297590440446,21.095023109728988,8.54400374531753,19.313207915827967,19.6468827043885
73.348483283569,11.0,16.0312195418814,7.615773105863909,16.492422502470642,18.601075237738275,20.12461179749811,14.866068747318506,16.278820596099706,15.0,25.942243542145693,19.4164878389476,26.1725046566048,25.0,19.209372712298546,27.80287754891569,25.80697580112788,17.4928556845359,23.430749027719962,15.811388300841896,21.400934559032695,15.620499351813308,16.64331697709324,16.1245154965971,18.110770276274835,11.045361017187261,14.422205101855956,0.0,0.0,0.0,0.0,0.0,0.0,0.0,0.0,0.0,0.0,0.0,7.0710678118654755,4.47213595499958,6.4031242374328485,12.041594578792296,16.401219466856727,6.4031242374328485,16.0312195418814,18.110770276274835,17.0,20.024984394500787,18.788294228055936,15.524174696260024,22.67156809750927,22.80350850198276,25.80697580112788,26.248809496813376,26.076809620810597,23.706539182259394,20.0,16.64331697709324,10.63014581273465,20.12461179749811,17.029386365926403,7.280109889280518,16.97056274847714,6.4031242374328485
56.0357029044876,13.0,4.123105625617661,9.0,13.416407864998739,6.0,22.02271554554524,23.259406699226016,20.248456731316587,23.345235059857504,31.064449134018133,22.627416997969522,31.827660925679098,19.72308292331602,21.93171219946131,21.93171219946131,22.67156809750927,28.0178514522438,30.364452901377952,29.5296461204668,26.40075756488817,15.297058540778355,18.681541692269406,17.72004514666935,13.892443989449804,14.317821063276353,7.211102550927978,0.0,0.0,0.0,0.0,0.0,0.0,0.0,0.0,0.0,0.0,0.0,13.038404810405298,14.866068747318506,12.727922061357855,10.04987562112089,8.06225774829855,19.1049731745428,17.11724276862369,19.1049731745428,26.30589287593181,18.027756377319946,24.73863375370596,19.849433241279208,18.027756377319946,22.80350850198276,18.601075237738275,21.02379604162864,22.67156809750927,29.732137494637012,22.47220505424423,19.72308292331602,28.160255680657446,11.180339887498949,21.213203435596427,18.384776310850235,9.433981132056603,12.206555615733702
120.42009799032718,20.0,9.848857801796104,8.06225774829855,6.0,14.7648230602334,17.029386365926403,8.48528137423857,18.788294228055936,23.021728866442675,26.248809496813376,14.866068747318506,20.12461179749811,23.021728866442675,26.90724809414742,26.076809620810597,24.186773244895647,25.553864678361276,29.966648127543394,16.76305461424021,20.223748416156685,25.0,17.029386365926403,19.313207915827967,13.0,13.038404810405298,7.211102550927978,0.0,0.0,0.0,0.0,0.0,0.0,0.0,0.0,0.0,0.0,0.0,10.04987562112089,12.041594578792296,16.76305461424021,7.0710678118654755,11.045361017187261,14.866068747318506,13.601470508735444,17.88854381999832,13.45362404707371,17.029386365926403,20.615528128088304,14.422205101855956,18.439088914585774,22.80350850198276,20.024984394500787,28.071337695236398,21.0,32.01562118716424,21.93171219946131,17.26267650163207,22.360679774997898,30.364452901377952,25.0,7.0710678118654755,11.180339887498949,10.04987562112089
111.01801655587259,19.0,7.810249675906654,13.892443989449804,19.924858845171276,10.44030650891055,14.7648230602334,25.495097567963924,27.202941017470888,27.65863337187866,26.248809496813376,26.40075756488817,27.018512172212592,27.65863337187866,26.076809620810597,25.238858928247925,25.553864678361276,29.410882339705484,29.0,26.68332812825267,25.079872407968907,13.416407864998739,13.152946437965905,17.0,21.2602916254693,13.152946437965905,12.529964086141668,0.0,0.0,0.0,0.0,0.0,0.0,0.0,0.0,0.0,0.0,0.0,8.48528137423857,7.810249675906654,6.4031242374328485,7.280109889280518,14.866068747318506,12.0,25.079872407968907,11.180339887498949,24.166091947189145,21.095023109728988,17.46424919657298,21.095023109728988,28.42534080710379,19.1049731745428,26.627053911388696,22.80350850198276,25.0,26.92582403567252,26.419689627245813,20.518284528683193,19.209372712298546,24.08318915758459,13.892443989449804,20.591260281974,12.529964086141668,3.1622776601683795
103.09219175087898,6.0,6.4031242374328485,9.055385138137417,16.1245154965971,13.038404810405298,16.401219466856727,24.20743687382041,14.7648230602334,24.08318915758459,19.6468827043885,24.758836806279895,26.076809620810597,24.041630560342615,28.178005607210743,19.849433241279208,25.942243542145693,18.384776310850235,26.419689627245813,29.154759474226502,24.698178070456937,20.248456731316587,16.55294535724685,12.165525060596439,9.848857801796104,12.529964086141668,12.083045973594572,0.0,0.0,0.0,0.0,0.0,0.0,0.0,0.0,0.0,0.0,0.0,11.40175425099138,12.041594578792296,15.556349186104045,10.816653826391969,13.92838827718412,20.518284528683193,19.4164878389476,18.601075237738275,19.4164878389476,19.1049731745428,21.02379604162864,36.0,32.0,18.027756377319946,22.090722034374522,20.248456731316587,25.80697580112788,22.47220505424423,29.966648127543394,20.09975124224178,28.42534080710379,16.55294535724685,19.1049731745428,18.027756377319946,14.0,18.027756377319946
51.62363799656123,14.0,15.620499351813308,28.792360097775937,9.219544457292887,17.26267650163207,29.068883707497267,29.410882339705484,34.52535300326414,18.601075237738275,22.360679774997898,16.492422502470642,39.96248240537617,41.97618372363071,41.30375285612676,43.46262762420146,34.0147027033899,26.627053911388696,13.416407864998739,6.708203932499369,29.068883707497267,18.681541692269406,30.083217912982647,15.811388300841896,24.515301344262525,29.206163733020468,27.294688127912362,0.0,0.0,0.0,0.0,0.0,0.0,0.0,0.0,0.0,0.0,0.0,38.600518131237564,31.304951684997057,29.017236257093817,35.90264614203248,21.840329667841555,23.769728648009426,24.020824298928627,3.0,18.027756377319946,13.45362404707371,8.06225774829855,6.708203932499369,4.47213595499958,17.0,8.06225774829855,24.351591323771842,26.1725046566048,36.05551275463989,20.591260281974,43.289721643826724,31.064449134018133,40.049968789001575,14.866068747318506,21.02379604162864,10.0,10.63014581273465
120.42009799032718,20.0,11.0,25.079872407968907,21.37755832643195,19.235384061671343,28.861739379323623,22.20360331117452,29.274562336608895,34.48187929913333,33.54101966249684,23.021728866442675,21.02379604162864,22.20360331117452,28.635642126552707,20.248456731316587,19.313207915827967,14.560219778561036,12.727922061357855,10.198039027185569,7.615773105863909,9.219544457292887,15.620499351813308,23.600847442411894,25.612496949731394,27.784887978899608,30.610455730027933,0.0,0.0,0.0,0.0,0.0,0.0,0.0,0.0,0.0,0.0,0.0,35.34119409414458,34.0,31.38470965295043,28.600699292150182,31.38470965295043,26.90724809414742,15.811388300841896,14.422205101855956,13.601470508735444,5.0,4.47213595499958,16.76305461424021,20.248456731316587,18.681541692269406,14.142135623730951,34.23448553724738,29.274562336608895,25.079872407968907,17.46424919657298,20.8806130178211,19.313207915827967,11.045361017187261,27.202941017470888,25.179356624028344,10.198039027185569,14.560219778561036
99.29753269845128,5.0,13.92838827718412,8.94427190999916,10.0,15.0,18.027756377319946,21.095023109728988,24.839484696748443,20.248456731316587,22.80350850198276,27.586228448267445,21.633307652783937,24.08318915758459,19.79898987322333,24.166091947189145,21.93171219946131,23.259406699226016,19.1049731745428,25.0,16.15549442140351,21.93171219946131,20.223748416156685,9.0,15.033296378372908,9.433981132056603,13.601470508735444,0.0,0.0,0.0,0.0,0.0,0.0,0.0,0.0,0.0,0.0,0.0,9.899494936611665,7.810249675906654,15.620499351813308,10.0,14.422205101855956,15.811388300841896,18.24828759089466,17.72004514666935,24.08318915758459,21.587033144922902,27.294688127912362,21.840329667841555,19.1049731745428,25.0,26.076809620810597,19.4164878389476,21.93171219946131,24.596747752497688,24.839484696748443,25.80697580112788,24.413111231467404,19.1049731745428,23.021728866442675,17.804493814764857,11.661903789690601,11.40175425099138
175.45369759569047,7.0,12.529964086141668,21.540659228538015,17.029386365926403,18.110770276274835,23.53720459187964,26.0,28.30194339616981,34.132096331752024,32.202484376209235,42.44997055358225,17.69180601295413,25.709920264364882,30.4138126514911,30.886890422961002,31.400636936215164,9.219544457292887,28.844410203711913,24.413111231467404,12.041594578792296,13.601470508735444,14.142135623730951,6.324555320336759,4.0,10.0,12.206555615733702,0.0,0.0,0.0,0.0,0.0,0.0,0.0,0.0,0.0,0.0,0.0,28.30194339616981,14.212670403551895,17.69180601295413,18.867962264113206,13.0,16.76305461424021,11.180339887498949,12.083045973594572,12.041594578792296,7.280109889280518,9.486832980505138,13.038404810405298,11.045361017187261,12.0,12.529964086141668,9.219544457292887,1.4142135623730951,7.211102550927978,7.810249675906654,7.0710678118654755,8.54400374531753,13.152946437965905,12.206555615733702,4.0,15.297058540778355,4.47213595499958
132.48396129343357,8.0,22.847319317591726,20.024984394500787,16.0312195418814,30.675723300355934,26.076809620810597,28.635642126552707,34.0147027033899,28.160255680657446,42.95346318982906,49.8196748283246,44.181444068749045,30.265491900843113,33.015148038438355,39.319206502675,31.622776601683793,17.4928556845359,11.180339887498949,9.433981132056603,12.529964086141668,12.649110640673518,18.867962264113206,6.082762530298219,14.7648230602334,11.180339887498949,20.024984394500787,0.0,0.0,0.0,0.0,0.0,0.0,0.0,0.0,0.0,0.0,0.0,31.144823004794873,30.01666203960727,29.614185789921695,28.0,18.384776310850235,22.135943621178654,14.0,13.0,12.165525060596439,9.0,13.0,15.0,15.811388300841896,19.1049731745428,7.280109889280518,14.7648230602334,9.055385138137417,27.018512172212592,15.033296378372908,17.88854381999832,19.313207915827967,12.165525060596439,19.1049731745428,18.027756377319946,22.20360331117452,17.029386365926403
175.45369759569047,7.0,21.840329667841555,26.076809620810597,11.40175425099138,46.06517122512408,53.075418038862395,53.23532661682466,54.91812087098393,61.29437168288782,62.289646009589745,64.81512169239521,63.63961030678928,50.44799302251776,62.289646009589745,56.938563381947034,43.9089968002003,41.86884283091664,36.40054944640259,17.804493814764857,12.649110640673518,18.681541692269406,14.422205101855956,10.770329614269007,27.018512172212592,26.419689627245813,39.81205847478876,0.0,0.0,0.0,0.0,0.0,0.0,0.0,0.0,0.0,0.0,0.0,46.87216658103186,39.319206502675,35.4682957019364,31.04834939252005,35.11409973215888,29.410882339705484,22.360679774997898,25.612496949731394,17.11724276862369,15.0,7.211102550927978,12.806248474865697,5.0990195135927845,30.066592756745816,11.0,27.16615541441225,18.788294228055936,5.0,5.0990195135927845,29.427877939124322,13.038404810405298,21.470910553583888,21.213203435596427,24.331050121192877,34.9857113690718,33.734255586866
132.48396129343357,8.0,32.7566787083184,14.7648230602334,30.23243291566195,46.861498055439924,38.18376618407357,54.20332093147061,58.728187440104094,58.59180830116101,66.61080993352356,58.05170109479997,54.817880294662984,61.71709649683789,61.5223536610881,48.25971404805462,60.108235708594876,44.598206241955516,33.421549934136806,29.68164415931166,19.4164878389476,14.317821063276353,1.4142135623730951,17.0,19.1049731745428,22.360679774997898,26.476404589747453,0.0,0.0,0.0,0.0,0.0,0.0,0.0,0.0,0.0,0.0,0.0,52.172789842982326,49.193495504995376,41.23105625617661,32.01562118716424,36.87817782917155,35.73513677041127,28.231188426986208,31.953090617340916,21.18962010041709,30.23243291566195,31.622776601683793,12.649110640673518,8.06225774829855,9.055385138137417,12.649110640673518,11.704699910719626,19.72308292331602,12.206555615733702,19.313207915827967,21.587033144922902,5.0990195135927845,23.323807579381203,25.96150997149434,22.20360331117452,25.317977802344327,30.083217912982647
127.251719045363,31.0,42.42640687119285,42.44997055358225,34.058772731852805,41.72529209005013,43.0,44.384682042344295,37.48332962798263,56.61271941887264,74.70609078247904,62.16912416947821,64.63745044476924,58.25804665451803,58.309518948453004,49.73932046178355,41.617304093369626,41.23105625617661,29.0,21.470910553583888,19.6468827043885,14.0,8.94427190999916,13.601470508735444,22.561028345356956,27.16615541441225,32.28002478313795,0.0,0.0,0.0,0.0,0.0,0.0,0.0,0.0,0.0,0.0,0.0,42.37924020083418,36.6742416417845,47.75981574503821,34.438350715445125,34.0147027033899,29.614185789921695,28.635642126552707,21.18962010041709,22.847319317591726,18.973665961010276,12.083045973594572,14.317821063276353,4.47213595499958,15.132745950421556,16.55294535724685,19.924858845171276,8.94427190999916,22.360679774997898,16.76305461424021,10.63014581273465,11.0,26.1725046566048,23.021728866442675,26.019223662515376,33.61547262794322,17.69180601295413
99.29753269845128,5.0,29.120439557122072,17.029386365926403,18.027756377319946,13.416407864998739,49.040799340956916,40.162171256046406,59.39696961966999,53.2634959423431,50.80354318352215,54.70831746635972,56.462376853972415,60.14149981501958,55.47071299343465,59.481089431852205,40.496913462633174,37.0,38.47076812334269,26.419689627245813,24.839484696748443,9.899494936611665,19.235384061671343,17.204650534085253,16.401219466856727,23.259406699226016,20.8806130178211,0.0,0.0,0.0,0.0,0.0,0.0,0.0,0.0,0.0,0.0,0.0,47.265209192385896,42.1070065428546,37.21558813185679,39.20459156782532,30.14962686336267,28.442925306655784,29.427877939124322,21.213203435596427,22.090722034374522,18.027756377319946,12.36931687685298,5.385164807134504,9.055385138137417,18.601075237738275,5.385164807134504,19.4164878389476,27.586228448267445,24.758836806279895,22.47220505424423,5.385164807134504,17.0,13.92838827718412,31.400636936215164,12.727922061357855,25.079872407968907,24.186773244895647
128.0,8.0,2.8284271247461903,13.416407864998739,8.54400374531753,11.180339887498949,20.808652046684813,14.317821063276353,18.24828759089466,25.612496949731394,25.019992006393608,19.235384061671343,23.53720459187964,16.55294535724685,24.041630560342615,32.2490309931942,15.524174696260024,21.213203435596427,16.0312195418814,24.08318915758459,22.360679774997898,26.0,17.72004514666935,14.317821063276353,7.615773105863909,15.231546211727817,9.219544457292887,0.0,0.0,0.0,0.0,0.0,0.0,0.0,0.0,0.0,0.0,0.0,11.661903789690601,17.46424919657298,11.704699910719626,13.341664064126334,11.40175425099138,11.40175425099138,23.323807579381203,15.524174696260024,25.612496949731394,33.301651610693426,10.63014581273465,14.866068747318506,29.068883707497267,18.788294228055936,31.400636936215164,18.439088914585774,28.160255680657446,22.47220505424423,14.560219778561036,20.0,15.811388300841896,17.0,10.44030650891055,13.0,16.1245154965971,3.605551275463989
125.53883861180172,6.0,16.0312195418814,1.4142135623730951,17.0,15.620499351813308,24.186773244895647,13.038404810405298,10.295630140987,9.219544457292887,17.08800749063506,22.02271554554524,14.866068747318506,25.0,24.413111231467404,22.02271554554524,31.304951684997057,19.79898987322333,26.92582403567252,23.08679276123039,14.0,13.601470508735444,19.4164878389476,19.026297590440446,9.848857801796104,10.198039027185569,5.830951894845301,0.0,0.0,0.0,0.0,0.0,0.0,0.0,0.0,0.0,0.0,0.0,12.0,8.06225774829855,8.48528137423857,16.0,9.899494936611665,15.297058540778355,21.095023109728988,19.924858845171276,19.4164878389476,19.026297590440446,25.317977802344327,21.02379604162864,25.079872407968907,27.892651361962706,35.22782990761707,31.622776601683793,23.706539182259394,27.784887978899608,26.627053911388696,23.345235059857504,27.202941017470888,21.95449840010015,21.213203435596427,18.439088914585774,15.231546211727817,22.561028345356956
125.53883861180172,6.0,15.620499351813308,23.345235059857504,20.615528128088304,26.0,22.627416997969522,27.80287754891569,24.166091947189145,38.600518131237564,36.89173349139343,37.20215047547655,35.510561809129406,33.12099032335839,33.83784863137726,29.68164415931166,32.7566787083184,26.419689627245813,25.612496949731394,22.80350850198276,17.029386365926403,10.63014581273465,12.649110640673518,9.0,10.816653826391969,15.652475842498529,15.652475842498529,0.0,0.0,0.0,0.0,0.0,0.0,0.0,0.0,0.0,0.0,0.0,17.204650534085253,16.1245154965971,12.041594578792296,12.727922061357855,9.433981132056603,5.656854249492381,5.0,3.0,4.123105625617661,5.0,4.242640687119285,7.810249675906654,6.324555320336759,7.0710678118654755,8.54400374531753,7.615773105863909,9.433981132056603,11.661903789690601,9.055385138137417,13.92838827718412,8.06225774829855,18.110770276274835,16.97056274847714,14.422205101855956,20.0,13.038404810405298
128.8875478857442,5.0,35.510561809129406,37.20215047547655,38.58756276314948,50.695167422546305,34.132096331752024,41.10960958218893,60.108235708594876,70.76722405181653,66.03029607687671,65.06919393998976,75.28612089887484,68.60029154456998,73.10950690573696,61.554853586049575,66.60330322138685,49.57822102496216,48.16637831516918,42.5205832509386,41.012193308819754,27.313000567495326,26.92582403567252,20.615528128088304,24.413111231467404,19.79898987322333,31.32091952673165,0.0,0.0,0.0,0.0,0.0,0.0,0.0,0.0,0.0,0.0,0.0,30.083217912982647,32.89376840679705,32.89376840679705,21.587033144922902,19.0,15.297058540778355,14.866068747318506,10.816653826391969,13.038404810405298,7.0710678118654755,6.0,13.416407864998739,17.72004514666935,28.231188426986208,14.317821063276353,20.396078054371138,35.4682957019364,35.35533905932738,24.413111231467404,34.40930106817051,49.51767361255979,25.942243542145693,24.839484696748443,53.31041174104736,34.785054261852174,25.0
99.29753269845128,5.0,50.80354318352215,30.463092423455635,39.395431207184416,40.36087214122113,41.400483088968905,59.36328831862332,52.20153254455275,80.05623023850174,81.00617260431454,73.35529974037323,76.02631123499285,73.35529974037323,64.63745044476924,66.70832032063167,69.35416353759881,52.15361924162119,44.553338819890925,39.408120990476064,33.28663395418648,20.615528128088304,23.706539182259394,14.866068747318506,24.08318915758459,19.924858845171276,37.48332962798263,0.0,0.0,0.0,0.0,0.0,0.0,0.0,0.0,0.0,0.0,0.0,34.785054261852174,30.675723300355934,27.018512172212592,24.515301344262525,23.53720459187964,25.079872407968907,14.035668847618199,16.1245154965971,3.1622776601683795,6.082762530298219,9.219544457292887,30.59411708155671,7.0710678118654755,26.870057685088806,21.213203435596427,24.08318915758459,28.460498941515414,11.40175425099138,38.2099463490856,31.064449134018133,28.844410203711913,21.02379604162864,34.058772731852805,35.11409973215888,43.73785545725808,30.0
131.59027319676784,5.0,16.492422502470642,13.152946437965905,8.0,21.213203435596427,14.142135623730951,14.317821063276353,15.811388300841896,19.4164878389476,23.08679276123039,21.95449840010015,24.698178070456937,24.351591323771842,27.65863337187866,24.041630560342615,23.40939982143925,16.0312195418814,26.419689627245813,20.396078054371138,14.560219778561036,15.524174696260024,18.384776310850235,15.811388300841896,16.278820596099706,16.401219466856727,15.264337522473747,0.0,0.0,0.0,0.0,0.0,0.0,0.0,0.0,0.0,0.0,0.0,8.54400374531753,15.0,12.806248474865697,3.605551275463989,14.7648230602334,16.401219466856727,18.681541692269406,16.492422502470642,17.46424919657298,20.0,13.601470508735444,24.041630560342615,24.08318915758459,23.40939982143925,29.0,25.317977802344327,24.698178070456937,24.413111231467404,21.633307652783937,18.867962264113206,24.698178070456937,15.264337522473747,32.449961479175904,9.219544457292887,11.180339887498949,16.76305461424021
103.09219175087898,6.0,8.06225774829855,10.63014581273465,20.024984394500787,19.235384061671343,19.1049731745428,21.213203435596427,17.804493814764857,13.601470508735444,21.93171219946131,19.697715603592208,15.811388300841896,26.832815729997478,26.92582403567252,23.021728866442675,20.808652046684813,25.80697580112788,9.219544457292887,24.08318915758459,21.840329667841555,21.400934559032695,14.560219778561036,12.36931687685298,17.11724276862369,12.36931687685298,17.029386365926403,0.0,0.0,0.0,0.0,0.0,0.0,0.0,0.0,0.0,0.0,0.0,9.219544457292887,10.0,10.770329614269007,4.47213595499958,13.892443989449804,24.698178070456937,14.7648230602334,20.0,21.095023109728988,23.345235059857504,15.231546211727817,26.92582403567252,24.186773244895647,23.345235059857504,16.76305461424021,23.021728866442675,30.4138126514911,28.071337695236398,29.068883707497267,21.93171219946131,20.248456731316587,18.439088914585774,22.67156809750927,28.284271247461902,12.806248474865697,13.601470508735444
134.2013412749664,25.0,9.433981132056603,10.770329614269007,7.211102550927978,14.866068747318506,11.40175425099138,13.038404810405298,9.219544457292887,13.341664064126334,17.88854381999832,15.811388300841896,23.345235059857504,26.570660511172846,18.788294228055936,21.840329667841555,21.095023109728988,25.0,22.02271554554524,19.849433241279208,27.294688127912362,15.231546211727817,23.323807579381203,10.0,13.038404810405298,17.204650534085253,12.649110640673518,0.0,0.0,0.0,0.0,0.0,0.0,0.0,0.0,0.0,0.0,0.0,11.40175425099138,8.0,11.313708498984761,15.231546211727817,15.231546211727817,15.652475842498529,11.180339887498949,17.029386365926403,19.924858845171276,22.02271554554524,19.6468827043885,34.132096331752024,20.09975124224178,26.076809620810597,26.076809620810597,28.460498941515414,19.1049731745428,24.041630560342615,34.0147027033899,22.0,29.410882339705484,16.1245154965971,7.0710678118654755,18.110770276274835,7.280109889280518,12.36931687685298
141.0319112825179,26.0,14.866068747318506,13.601470508735444,15.231546211727817,11.661903789690601,14.7648230602334,18.110770276274835,13.892443989449804,25.495097567963924,20.615528128088304,21.840329667841555,22.360679774997898,26.570660511172846,17.0,28.861739379323623,21.633307652783937,23.08679276123039,28.635642126552707,17.029386365926403,25.019992006393608,14.0,22.360679774997898,14.317821063276353,14.142135623730951,10.44030650891055,16.1245154965971,0.0,0.0,0.0,0.0,0.0,0.0,0.0,0.0,0.0,0.0,0.0,12.0,10.198039027185569,9.219544457292887,12.083045973594572,9.055385138137417,12.727922061357855,18.384776310850235,14.317821063276353,19.235384061671343,22.47220505424423,19.924858845171276,22.090722034374522,25.942243542145693,24.08318915758459,31.064449134018133,23.0,23.345235059857504,22.80350850198276,22.360679774997898,20.223748416156685,25.942243542145693,21.93171219946131,16.1245154965971,20.615528128088304,10.198039027185569,3.605551275463989
99.29753269845128,5.0,14.422205101855956,24.08318915758459,22.67156809750927,23.323807579381203,39.66106403010388,35.805027579936315,35.4682957019364,38.948684188300895,38.948684188300895,33.54101966249684,37.57658845611187,36.89173349139343,30.870698080866262,25.079872407968907,33.28663395418648,26.076809620810597,20.518284528683193,21.213203435596427,18.681541692269406,15.033296378372908,16.278820596099706,18.027756377319946,20.0,22.47220505424423,27.586228448267445,0.0,0.0,0.0,0.0,0.0,0.0,0.0,0.0,0.0,0.0,0.0,21.93171219946131,22.627416997969522,17.69180601295413,17.204650534085253,14.7648230602334,14.317821063276353,7.615773105863909,6.708203932499369,6.324555320336759,5.830951894845301,2.23606797749979,11.40175425099138,11.045361017187261,11.704699910719626,12.806248474865697,16.278820596099706,14.422205101855956,15.811388300841896,14.212670403551895,14.317821063276353,20.808652046684813,12.727922061357855,16.15549442140351,10.770329614269007,13.038404810405298,17.08800749063506
134.2013412749664,25.0,39.05124837953327,38.897300677553446,50.24937810560445,55.46169849544819,52.32590180780452,63.90618123468183,60.108235708594876,67.94115100585212,58.0,66.85057965343307,59.682493245507096,63.953107821277925,62.433965115151864,53.71219600798314,44.721359549995796,44.94441010848846,32.31098884280702,27.073972741361768,28.30194339616981,21.93171219946131,22.47220505424423,29.966648127543394,32.31098884280702,39.319206502675,40.19950248448356,0.0,0.0,0.0,0.0,0.0,0.0,0.0,0.0,0.0,0.0,0.0,33.61547262794322,34.92849839314596,27.65863337187866,30.4138126514911,21.93171219946131,18.027756377319946,18.973665961010276,12.649110640673518,11.045361017187261,10.0,14.317821063276353,12.36931687685298,17.029386365926403,25.495097567963924,13.038404810405298,29.5296461204668,32.64965543462902,22.47220505424423,27.586228448267445,36.49657518178932,36.124783736376884,22.47220505424423,35.17101079013795,32.64965543462902,27.073972741361768,23.769728648009426
141.0319112825179,26.0,16.15549442140351,29.0,29.068883707497267,23.021728866442675,31.400636936215164,36.40054944640259,37.48332962798263,43.139309220245984,26.248809496813376,30.528675044947494,37.48332962798263,25.942243542145693,28.460498941515414,32.31098884280702,28.844410203711913,20.518284528683193,18.439088914585774,14.317821063276353,8.246211251235321,19.72308292331602,19.209372712298546,14.035668847618199,22.02271554554524,21.213203435596427,25.179356624028344,0.0,0.0,0.0,0.0,0.0,0.0,0.0,0.0,0.0,0.0,0.0,17.0,18.35755975068582,21.02379604162864,10.04987562112089,12.806248474865697,6.082762530298219,5.0,9.219544457292887,3.0,11.40175425099138,17.11724276862369,4.242640687119285,24.08318915758459,17.72004514666935,13.038404810405298,8.06225774829855,17.11724276862369,29.698484809834994,7.810249675906654,20.808652046684813,24.186773244895647,9.486832980505138,7.615773105863909,23.08679276123039,9.848857801796104,12.0
99.29753269845128,5.0,50.99019513592785,66.09841147864296,56.36488268416781,55.46169849544819,54.08326913195984,70.26378868236469,61.84658438426491,65.92419889539804,69.6419413859206,68.9492567037528,60.83584469702052,69.07966415668217,58.137767414994535,59.61543424315552,39.66106403010388,43.266615305567875,39.11521443121589,30.4138126514911,21.93171219946131,22.090722034374522,27.294688127912362,29.68164415931166,39.20459156782532,39.6232255123179,44.598206241955516,0.0,0.0,0.0,0.0,0.0,0.0,0.0,0.0,0.0,0.0,0.0,39.01281840626232,31.016124838541646,37.12142238654117,23.345235059857504,28.160255680657446,23.345235059857504,13.0,15.0,14.142135623730951,12.649110640673518,18.601075237738275,21.470910553583888,12.206555615733702,17.0,25.553864678361276,22.47220505424423,31.32091952673165,27.892651361962706,27.730849247724095,26.832815729997478,30.083217912982647,22.0,29.5296461204668,3.0,24.166091947189145,26.832815729997478
77.62087348130012,12.0,25.0,50.93132631298737,44.10215414239989,48.25971404805462,60.207972893961475,75.0066663703967,53.2634959423431,67.47592163134935,65.94694837519019,75.82216034906945,73.49829930005184,66.48308055437865,72.40165743959182,55.17245689653489,49.09175083453431,42.95346318982906,33.28663395418648,32.55764119219941,21.213203435596427,24.08318915758459,20.591260281974,26.92582403567252,34.539832078341085,32.984845004941285,40.024992192379,0.0,0.0,0.0,0.0,0.0,0.0,0.0,0.0,0.0,0.0,0.0,38.600518131237564,37.69615364994153,30.265491900843113,30.01666203960727,27.018512172212592,21.840329667841555,25.179356624028344,16.0312195418814,20.8806130178211,19.209372712298546,16.401219466856727,18.681541692269406,15.132745950421556,12.727922061357855,26.248809496813376,17.029386365926403,25.495097567963924,35.0,34.17601498127012,24.839484696748443,28.178005607210743,32.38826948140329,32.01562118716424,16.76305461424021,26.570660511172846,35.4400902933387
125.53883861180172,6.0,2.23606797749979,13.341664064126334,21.095023109728988,12.806248474865697,13.45362404707371,12.806248474865697,11.180339887498949,17.88854381999832,15.556349186104045,22.135943621178654,15.811388300841896,23.853720883753127,20.248456731316587,19.849433241279208,25.298221281347036,23.08679276123039,18.027756377319946,18.973665961010276,16.0312195418814,17.0,19.0,14.422205101855956,11.045361017187261,18.384776310850235,13.92838827718412,0.0,0.0,0.0,0.0,0.0,0.0,0.0,0.0,0.0,0.0,0.0,13.0,6.082762530298219,8.94427190999916,10.0,15.033296378372908,16.0312195418814,15.0,13.341664064126334,18.601075237738275,13.892443989449804,19.235384061671343,21.633307652783937,23.769728648009426,22.360679774997898,24.839484696748443,29.068883707497267,31.76476034853718,25.553864678361276,29.068883707497267,19.1049731745428,21.2602916254693,16.278820596099706,9.899494936611665,17.69180601295413,9.219544457292887,9.055385138137417
128.0,8.0,8.54400374531753,23.259406699226016,21.18962010041709,6.082762530298219,9.055385138137417,17.88854381999832,18.973665961010276,21.213203435596427,13.038404810405298,12.165525060596439,15.132745950421556,26.0,29.614185789921695,19.313207915827967,31.400636936215164,24.73863375370596,19.313207915827967,28.160255680657446,22.561028345356956,11.704699910719626,12.806248474865697,16.1245154965971,20.248456731316587,9.219544457292887,15.652475842498529,0.0,0.0,0.0,0.0,0.0,0.0,0.0,0.0,0.0,0.0,0.0,13.92838827718412,16.278820596099706,13.152946437965905,12.727922061357855,19.79898987322333,19.1049731745428,27.586228448267445,18.384776310850235,22.090722034374522,19.697715603592208,17.26267650163207,20.223748416156685,23.0,15.033296378372908,17.0,18.973665961010276,25.709920264364882,15.033296378372908,23.259406699226016,29.154759474226502,12.165525060596439,27.459060435491963,21.540659228538015,24.041630560342615,17.88854381999832,18.384776310850235
104.20172743289815,21.0,15.132745950421556,6.324555320336759,13.601470508735444,16.15549442140351,8.602325267042627,10.63014581273465,18.35755975068582,24.758836806279895,21.93171219946131,18.384776310850235,29.154759474226502,23.345235059857504,25.298221281347036,19.1049731745428,23.600847442411894,22.80350850198276,27.80287754891569,28.30194339616981,14.560219778561036,12.041594578792296,19.1049731745428,19.4164878389476,13.341664064126334,6.082762530298219,10.198039027185569,0.0,0.0,0.0,0.0,0.0,0.0,0.0,0.0,0.0,0.0,0.0,12.529964086141668,8.602325267042627,12.041594578792296,17.029386365926403,15.231546211727817,9.486832980505138,25.632011235952593,10.770329614269007,30.083217912982647,30.805843601498726,15.132745950421556,30.528675044947494,25.495097567963924,26.1725046566048,16.278820596099706,26.90724809414742,21.95449840010015,19.1049731745428,22.80350850198276,20.518284528683193,23.430749027719962,23.323807579381203,30.01666203960727,17.69180601295413,13.038404810405298,11.704699910719626
132.85330255586422,20.0,12.206555615733702,14.7648230602334,3.0,8.94427190999916,8.54400374531753,25.632011235952593,12.649110640673518,18.110770276274835,12.649110640673518,21.213203435596427,20.591260281974,22.47220505424423,18.24828759089466,28.635642126552707,23.021728866442675,27.294688127912362,22.0,16.278820596099706,21.587033144922902,16.1245154965971,12.165525060596439,17.46424919657298,11.661903789690601,14.866068747318506,15.811388300841896,0.0,0.0,0.0,0.0,0.0,0.0,0.0,0.0,0.0,0.0,0.0,6.324555320336759,16.15549442140351,14.866068747318506,18.027756377319946,13.892443989449804,15.132745950421556,15.0,17.204650534085253,17.08800749063506,19.026297590440446,18.24828759089466,22.80350850198276,29.427877939124322,25.96150997149434,29.068883707497267,29.154759474226502,24.351591323771842,27.730849247724095,33.94112549695428,25.709920264364882,20.591260281974,28.653097563788805,21.2602916254693,11.704699910719626,10.63014581273465,20.248456731316587
103.09219175087898,6.0,8.06225774829855,16.0312195418814,12.36931687685298,10.04987562112089,15.556349186104045,20.396078054371138,11.704699910719626,18.681541692269406,19.1049731745428,21.93171219946131,21.095023109728988,26.248809496813376,16.401219466856727,19.313207915827967,21.18962010041709,22.561028345356956,24.166091947189145,17.08800749063506,16.64331697709324,22.67156809750927,16.64331697709324,14.866068747318506,13.416407864998739,20.591260281974,17.26267650163207,0.0,0.0,0.0,0.0,0.0,0.0,0.0,0.0,0.0,0.0,0.0,13.416407864998739,10.198039027185569,11.180339887498949,16.278820596099706,19.4164878389476,10.198039027185569,21.840329667841555,13.0,17.69180601295413,16.15549442140351,23.853720883753127,26.92582403567252,26.1725046566048,29.068883707497267,24.186773244895647,25.0,27.202941017470888,26.0,24.0,27.313000567495326,21.213203435596427,17.0,20.396078054371138,17.0,15.033296378372908,9.055385138137417
175.45369759569047,7.0,8.06225774829855,9.486832980505138,5.0,10.0,21.840329667841555,20.615528128088304,15.0,4.47213595499958,24.041630560342615,17.08800749063506,26.92582403567252,21.587033144922902,20.248456731316587,26.248809496813376,22.561028345356956,25.495097567963924,26.076809620810597,26.570660511172846,17.08800749063506,16.401219466856727,15.0,10.816653826391969,21.587033144922902,19.849433241279208,8.0,0.0,0.0,0.0,0.0,0.0,0.0,0.0,0.0,0.0,0.0,0.0,10.63014581273465,10.295630140987,10.0,9.899494936611665,10.198039027185569,11.045361017187261,18.110770276274835,20.0,22.67156809750927,21.2602916254693,20.12461179749811,25.0,29.732137494637012,24.596747752497688,23.853720883753127,24.166091947189145,29.410882339705484,26.90724809414742,26.40075756488817,21.095023109728988,24.515301344262525,19.72308292331602,24.698178070456937,27.586228448267445,23.323807579381203,18.027756377319946
103.09219175087898,6.0,11.704699910719626,11.313708498984761,5.830951894845301,11.661903789690601,16.15549442140351,23.323807579381203,16.15549442140351,10.04987562112089,16.1245154965971,21.93171219946131,17.69180601295413,20.591260281974,21.400934559032695,22.627416997969522,21.2602916254693,26.40075756488817,20.518284528683193,25.553864678361276,15.264337522473747,16.64331697709324,17.029386365926403,17.0,18.973665961010276,16.0312195418814,11.40175425099138,0.0,0.0,0.0,0.0,0.0,0.0,0.0,0.0,0.0,0.0,0.0,15.231546211727817,10.44030650891055,14.317821063276353,8.54400374531753,17.204650534085253,22.20360331117452,10.770329614269007,17.46424919657298,25.553864678361276,15.652475842498529,15.652475842498529,22.0,24.186773244895647,18.027756377319946,26.248809496813376,21.02379604162864,34.36568055487916,23.430749027719962,23.53720459187964,20.248456731316587,30.886890422961002,25.709920264364882,17.46424919657298,24.020824298928627,14.142135623730951,15.264337522473747
125.53883861180172,6.0,19.6468827043885,24.698178070456937,27.85677655436824,27.892651361962706,31.32091952673165,29.154759474226502,31.622776601683793,31.622776601683793,30.805843601498726,30.265491900843113,32.7566787083184,38.63935817272331,35.014282800023196,29.154759474226502,27.16615541441225,25.019992006393608,17.029386365926403,15.132745950421556,9.433981132056603,9.433981132056603,9.848857801796104,10.44030650891055,10.295630140987,14.560219778561036,18.973665961010276,0.0,0.0,0.0,0.0,0.0,0.0,0.0,0.0,0.0,0.0,0.0,21.470910553583888,20.615528128088304,22.02271554554524,17.204650534085253,14.7648230602334,13.45362404707371,12.806248474865697,9.848857801796104,7.211102550927978,11.180339887498949,8.48528137423857,11.704699910719626,11.180339887498949,18.439088914585774,20.0,20.248456731316587,16.278820596099706,20.615528128088304,20.248456731316587,18.027756377319946,16.76305461424021,12.083045973594572,14.866068747318506,18.35755975068582,11.40175425099138,21.095023109728988
125.53883861180172,6.0,48.25971404805462,42.95346318982906,42.485291572496,52.80151512977634,33.24154027718932,51.92301994298868,61.84658438426491,61.91122676865643,57.0087712549569,60.41522986797286,66.2872536767062,69.8927750200262,61.29437168288782,58.728187440104094,57.0087712549569,45.221676218380054,36.069377593742864,26.627053911388696,15.132745950421556,18.027756377319946,13.416407864998739,13.341664064126334,24.186773244895647,31.78049716414141,31.400636936215164,0.0,0.0,0.0,0.0,0.0,0.0,0.0,0.0,0.0,0.0,0.0,39.59797974644666,37.64306044943742,38.2099463490856,33.421549934136806,33.421549934136806,27.80287754891569,22.847319317591726,13.601470508735444,14.317821063276353,13.892443989449804,18.027756377319946,17.0,21.02379604162864,39.0,32.0624390837628,38.63935817272331,29.068883707497267,38.600518131237564,36.22154055254967,36.40054944640259,43.73785545725808,31.400636936215164,24.351591323771842,45.5411901469428,24.186773244895647,28.0178514522438
128.0,8.0,17.4928556845359,23.853720883753127,24.08318915758459,19.697715603592208,29.068883707497267,34.92849839314596,34.438350715445125,30.870698080866262,27.202941017470888,35.11409973215888,33.61547262794322,34.88552708502482,30.01666203960727,29.5296461204668,27.459060435491963,20.518284528683193,15.811388300841896,15.556349186104045,11.180339887498949,8.246211251235321,5.385164807134504,7.615773105863909,12.36931687685298,14.142135623730951,18.027756377319946,0.0,0.0,0.0,0.0,0.0,0.0,0.0,0.0,0.0,0.0,0.0,23.345235059857504,18.439088914585774,17.204650534085253,17.804493814764857,19.1049731745428,12.041594578792296,12.083045973594572,5.0990195135927845,7.280109889280518,5.0,12.041594578792296,8.94427190999916,11.180339887498949,19.0,17.46424919657298,20.024984394500787,19.026297590440446,26.1725046566048,22.80350850198276,19.1049731745428,19.0,14.866068747318506,22.47220505424423,17.029386365926403,14.142135623730951,17.72004514666935
132.85330255586422,20.0,18.788294228055936,19.79898987322333,19.235384061671343,24.351591323771842,29.274562336608895,33.015148038438355,36.013886210738214,22.0,24.0,31.78049716414141,32.449961479175904,27.018512172212592,24.839484696748443,27.51363298439521,20.248456731316587,25.317977802344327,12.165525060596439,13.152946437965905,15.0,15.524174696260024,9.219544457292887,13.92838827718412,16.278820596099706,18.027756377319946,17.46424919657298,0.0,0.0,0.0,0.0,0.0,0.0,0.0,0.0,0.0,0.0,0.0,14.317821063276353,22.561028345356956,19.235384061671343,17.26267650163207,12.041594578792296,10.63014581273465,12.083045973594572,17.46424919657298,5.0,7.810249675906654,8.06225774829855,15.297058540778355,9.219544457292887,14.035668847618199,16.64331697709324,26.30589287593181,18.439088914585774,23.430749027719962,16.1245154965971,23.53720459187964,13.892443989449804,7.0710678118654755,7.211102550927978,14.317821063276353,11.661903789690601,12.083045973594572
104.20172743289815,21.0,35.22782990761707,35.22782990761707,34.17601498127012,43.139309220245984,60.0,53.71219600798314,57.0087712549569,62.26556030423239,71.84010022264724,72.49827584156743,68.79680225126747,66.40030120413611,53.075418038862395,59.36328831862332,59.464274989274024,50.47771785649585,34.9857113690718,34.058772731852805,20.396078054371138,7.211102550927978,16.15549442140351,10.0,13.341664064126334,34.058772731852805,38.27531841800928,0.0,0.0,0.0,0.0,0.0,0.0,0.0,0.0,0.0,0.0,0.0,33.60059523282288,33.94112549695428,41.72529209005013,42.638011210655684,34.539832078341085,17.804493814764857,25.317977802344327,19.924858845171276,14.035668847618199,9.848857801796104,24.08318915758459,32.2490309931942,32.0624390837628,40.44749683231337,37.107950630558946,47.095647357266465,25.709920264364882,41.0,32.38826948140329,33.61547262794322,26.248809496813376,19.235384061671343,21.93171219946131,34.48187929913333,34.132096331752024,19.6468827043885
99.29753269845128,5.0,44.384682042344295,42.05948168962618,33.37663853655727,35.014282800023196,48.041648597857254,54.08326913195984,59.033888572581766,69.2314957226839,70.06425622241343,68.46897107449476,67.89698078707183,77.52418977325722,61.29437168288782,53.36665625650534,55.97320787662612,45.5411901469428,31.78049716414141,29.068883707497267,27.65863337187866,19.313207915827967,11.045361017187261,10.63014581273465,24.596747752497688,28.600699292150182,37.21558813185679,0.0,0.0,0.0,0.0,0.0,0.0,0.0,0.0,0.0,0.0,0.0,42.44997055358225,36.069377593742864,36.40054944640259,38.41874542459709,34.40930106817051,29.068883707497267,22.847319317591726,17.08800749063506,10.04987562112089,6.324555320336759,7.0710678118654755,22.80350850198276,27.459060435491963,29.274562336608895,39.0,32.202484376209235,40.024992192379,24.186773244895647,33.12099032335839,21.400934559032695,27.018512172212592,30.463092423455635,40.44749683231337,28.319604517012593,34.438350715445125,27.80287754891569
175.45369759569047,7.0,36.89173349139343,32.802438933713454,66.06814663663572,47.38143096192854,50.0,70.03570517957252,61.5223536610881,54.56189146281496,71.50524456289902,60.108235708594876,59.20304046246274,69.52697318307479,60.876925020897694,49.51767361255979,50.60632371551998,50.80354318352215,39.35733730830886,29.068883707497267,25.059928172283335,20.223748416156685,14.7648230602334,15.811388300841896,22.02271554554524,22.847319317591726,32.28002478313795,0.0,0.0,0.0,0.0,0.0,0.0,0.0,0.0,0.0,0.0,0.0,46.75467891024384,37.73592452822641,42.638011210655684,30.805843601498726,29.832867780352597,20.518284528683193,12.083045973594572,14.317821063276353,8.06225774829855,18.027756377319946,12.727922061357855,25.942243542145693,25.317977802344327,33.015148038438355,29.966648127543394,31.064449134018133,37.12142238654117,38.3275357934736,37.21558813185679,45.044422518220834,33.13608305156178,31.400636936215164,21.633307652783937,33.734255586866,25.495097567963924,28.635642126552707
99.29753269845128,5.0,35.34119409414458,48.27007354458868,36.345563690772494,53.03772242470448,53.150729063673246,59.20304046246274,50.635955604688654,64.38167441127949,65.0,63.63961030678928,68.0294054067798,62.51399843235114,58.05170109479997,59.0,53.600373133029585,50.08991914547278,32.38826948140329,26.1725046566048,23.08679276123039,13.892443989449804,8.602325267042627,12.36931687685298,25.612496949731394,23.345235059857504,39.698866482558415,0.0,0.0,0.0,0.0,0.0,0.0,0.0,0.0,0.0,0.0,0.0,43.174066289845804,34.539832078341085,39.0,33.52610922848042,26.30589287593181,21.470910553583888,17.0,13.92838827718412,10.770329614269007,12.529964086141668,7.810249675906654,22.80350850198276,21.2602916254693,30.23243291566195,25.495097567963924,38.600518131237564,32.01562118716424,37.013511046643494,34.20526275297414,36.87817782917155,30.479501308256342,21.470910553583888,24.20743687382041,21.095023109728988,45.12205669071391,21.02379604162864
68.00735254367721,17.0,33.1058907144937,40.24922359499622,24.08318915758459,47.12748667179272,38.63935817272331,64.1404708432983,61.84658438426491,72.44998274671983,61.1310068623117,61.84658438426491,68.8839603971781,70.60453243241541,58.66856057549052,59.481089431852205,52.839379254491625,50.60632371551998,45.27692569068709,28.844410203711913,15.556349186104045,14.317821063276353,15.033296378372908,14.317821063276353,21.095023109728988,25.019992006393608,28.442925306655784,0.0,0.0,0.0,0.0,0.0,0.0,0.0,0.0,0.0,0.0,0.0,39.0,35.35533905932738,34.0147027033899,34.0147027033899,25.709920264364882,20.8806130178211,21.37755832643195,16.492422502470642,9.899494936611665,12.806248474865697,11.704699910719626,26.419689627245813,20.0,26.870057685088806,25.0,30.805843601498726,39.20459156782532,46.861498055439924,30.4138126514911,32.31098884280702,45.48626166217664,30.805843601498726,20.09975124224178,24.596747752497688,27.018512172212592,24.596747752497688
128.0,8.0,10.04987562112089,14.212670403551895,15.132745950421556,21.37755832643195,13.0,9.055385138137417,10.198039027185569,18.601075237738275,15.811388300841896,21.2602916254693,23.08679276123039,24.515301344262525,22.47220505424423,22.47220505424423,23.259406699226016,30.364452901377952,20.396078054371138,22.135943621178654,20.0,16.15549442140351,17.11724276862369,14.317821063276353,14.560219778561036,13.0,9.055385138137417,0.0,0.0,0.0,0.0,0.0,0.0,0.0,0.0,0.0,0.0,0.0,7.615773105863909,8.06225774829855,11.40175425099138,12.041594578792296,11.661903789690601,13.601470508735444,12.727922061357855,16.15549442140351,19.72308292331602,16.1245154965971,25.495097567963924,25.495097567963924,25.019992006393608,18.439088914585774,24.515301344262525,23.08679276123039,23.53720459187964,32.01562118716424,33.83784863137726,17.08800749063506,22.825424421026653,20.248456731316587,23.08679276123039,10.0,18.439088914585774,5.830951894845301
103.09219175087898,9.0,11.704699910719626,13.152946437965905,10.63014581273465,18.439088914585774,10.816653826391969,19.209372712298546,17.4928556845359,20.0,17.029386365926403,16.401219466856727,20.615528128088304,16.1245154965971,17.804493814764857,12.206555615733702,22.80350850198276,18.867962264113206,25.612496949731394,24.758836806279895,17.46424919657298,13.601470508735444,14.317821063276353,14.142135623730951,16.0312195418814,13.152946437965905,7.615773105863909,0.0,0.0,0.0,0.0,0.0,0.0,0.0,0.0,0.0,0.0,0.0,7.810249675906654,5.656854249492381,12.206555615733702,13.038404810405298,13.152946437965905,7.280109889280518,15.297058540778355,15.231546211727817,20.223748416156685,17.46424919657298,19.4164878389476,24.596747752497688,22.20360331117452,26.419689627245813,24.758836806279895,17.804493814764857,29.410882339705484,22.02271554554524,30.610455730027933,20.8806130178211,25.942243542145693,27.51363298439521,12.806248474865697,8.54400374531753,13.038404810405298,5.385164807134504
133.8992158304148,7.0,3.605551275463989,13.152946437965905,10.198039027185569,7.280109889280518,9.433981132056603,17.4928556845359,14.317821063276353,21.095023109728988,24.186773244895647,23.259406699226016,21.470910553583888,23.600847442411894,21.95449840010015,25.0,29.410882339705484,17.46424919657298,14.142135623730951,24.020824298928627,20.024984394500787,19.1049731745428,18.788294228055936,11.045361017187261,18.601075237738275,14.866068747318506,18.439088914585774,0.0,0.0,0.0,0.0,0.0,0.0,0.0,0.0,0.0,0.0,0.0,13.45362404707371,5.0990195135927845,13.601470508735444,6.082762530298219,9.219544457292887,11.661903789690601,23.194827009486403,19.026297590440446,12.041594578792296,29.068883707497267,35.6931365951495,17.26267650163207,24.020824298928627,21.213203435596427,29.410882339705484,24.0,24.041630560342615,27.202941017470888,17.72004514666935,24.351591323771842,27.784887978899608,15.033296378372908,20.024984394500787,12.165525060596439,18.973665961010276,15.811388300841896
112.14722466472365,9.0,5.385164807134504,18.681541692269406,10.295630140987,18.24828759089466,13.152946437965905,17.46424919657298,14.317821063276353,19.235384061671343,19.6468827043885,16.278820596099706,17.11724276862369,19.1049731745428,24.515301344262525,27.459060435491963,22.02271554554524,15.652475842498529,28.231188426986208,21.470910553583888,20.12461179749811,16.1245154965971,18.601075237738275,13.038404810405298,11.704699910719626,15.811388300841896,12.0,0.0,0.0,0.0,0.0,0.0,0.0,0.0,0.0,0.0,0.0,0.0,14.7648230602334,9.848857801796104,6.4031242374328485,17.4928556845359,17.69180601295413,6.708203932499369,12.36931687685298,25.079872407968907,20.12461179749811,17.72004514666935,19.79898987322333,27.65863337187866,25.495097567963924,20.0,22.80350850198276,14.866068747318506,18.439088914585774,16.278820596099706,32.01562118716424,31.38470965295043,15.264337522473747,15.524174696260024,21.095023109728988,15.620499351813308,13.92838827718412,11.661903789690601
128.0,8.0,6.4031242374328485,4.47213595499958,9.0,15.297058540778355,14.142135623730951,7.615773105863909,21.2602916254693,22.360679774997898,24.351591323771842,22.20360331117452,32.89376840679705,18.35755975068582,24.041630560342615,22.135943621178654,26.419689627245813,31.304951684997057,17.029386365926403,22.67156809750927,19.849433241279208,25.059928172283335,16.1245154965971,10.0,12.806248474865697,16.492422502470642,14.142135623730951,0.0,0.0,0.0,0.0,0.0,0.0,0.0,0.0,0.0,0.0,0.0,10.198039027185569,9.219544457292887,10.04987562112089,8.246211251235321,8.48528137423857,15.811388300841896,16.401219466856727,19.209372712298546,17.204650534085253,19.849433241279208,18.681541692269406,17.029386365926403,27.65863337187866,18.681541692269406,26.019223662515376,26.0,24.0,23.08679276123039,25.059928172283335,31.016124838541646,21.213203435596427,24.73863375370596,12.649110640673518,15.0,5.385164807134504,11.180339887498949
103.09219175087898,6.0,16.55294535724685,8.06225774829855,17.204650534085253,11.045361017187261,14.035668847618199,17.4928556845359,18.788294228055936,22.090722034374522,18.384776310850235,19.235384061671343,28.0178514522438,26.019223662515376,26.076809620810597,26.476404589747453,27.16615541441225,20.248456731316587,19.235384061671343,23.40939982143925,17.46424919657298,18.601075237738275,15.652475842498529,9.899494936611665,16.0,13.038404810405298,13.152946437965905,0.0,0.0,0.0,0.0,0.0,0.0,0.0,0.0,0.0,0.0,0.0,7.810249675906654,12.36931687685298,16.0312195418814,11.661903789690601,13.601470508735444,18.24828759089466,21.02379604162864,26.019223662515376,17.72004514666935,18.027756377319946,25.179356624028344,19.1049731745428,21.213203435596427,24.08318915758459,21.095023109728988,23.769728648009426,23.194827009486403,19.4164878389476,27.073972741361768,24.351591323771842,17.11724276862369,15.132745950421556,8.54400374531753,22.02271554554524,15.231546211727817,20.024984394500787
146.72763884149435,8.0,8.54400374531753,9.219544457292887,14.0,15.264337522473747,25.0,20.12461179749811,19.4164878389476,22.80350850198276,18.35755975068582,18.384776310850235,24.20743687382041,30.0,19.313207915827967,19.849433241279208,27.313000567495326,17.08800749063506,20.396078054371138,22.02271554554524,20.12461179749811,14.866068747318506,20.396078054371138,13.038404810405298,15.297058540778355,16.278820596099706,11.0,0.0,0.0,0.0,0.0,0.0,0.0,0.0,0.0,0.0,0.0,0.0,7.810249675906654,16.1245154965971,6.4031242374328485,10.770329614269007,15.524174696260024,15.297058540778355,15.297058540778355,23.194827009486403,16.76305461424021,19.4164878389476,20.248456731316587,31.304951684997057,22.47220505424423,24.08318915758459,29.732137494637012,25.495097567963924,23.853720883753127,21.633307652783937,24.698178070456937,24.08318915758459,15.556349186104045,22.360679774997898,29.410882339705484,26.248809496813376,15.620499351813308,14.317821063276353
114.12712210513327,7.0,6.324555320336759,10.198039027185569,11.704699910719626,21.18962010041709,16.1245154965971,15.811388300841896,24.73863375370596,21.587033144922902,14.7648230602334,15.297058540778355,17.4928556845359,19.849433241279208,25.80697580112788,24.20743687382041,22.47220505424423,21.2602916254693,22.47220505424423,22.80350850198276,15.811388300841896,24.698178070456937,17.029386365926403,17.11724276862369,16.0312195418814,17.88854381999832,15.132745950421556,0.0,0.0,0.0,0.0,0.0,0.0,0.0,0.0,0.0,0.0,0.0,10.198039027185569,6.324555320336759,16.15549442140351,13.416407864998739,15.0,8.246211251235321,9.848857801796104,8.94427190999916,16.55294535724685,19.4164878389476,19.6468827043885,19.026297590440446,26.019223662515376,24.020824298928627,23.53720459187964,24.166091947189145,21.93171219946131,26.30589287593181,36.235341863986875,35.77708763999664,26.40075756488817,28.635642126552707,20.12461179749811,22.67156809750927,14.560219778561036,17.26267650163207
128.0,8.0,12.727922061357855,10.295630140987,11.40175425099138,16.55294535724685,15.811388300841896,19.235384061671343,27.80287754891569,16.76305461424021,24.166091947189145,17.204650534085253,13.892443989449804,25.612496949731394,26.248809496813376,25.079872407968907,27.018512172212592,25.942243542145693,30.0,20.248456731316587,18.681541692269406,17.46424919657298,20.024984394500787,19.924858845171276,19.1049731745428,15.231546211727817,10.44030650891055,0.0,0.0,0.0,0.0,0.0,0.0,0.0,0.0,0.0,0.0,0.0,7.0710678118654755,13.601470508735444,8.06225774829855,15.297058540778355,9.848857801796104,16.1245154965971,18.439088914585774,15.132745950421556,24.186773244895647,21.095023109728988,17.11724276862369,21.0,24.08318915758459,23.08679276123039,24.08318915758459,27.018512172212592,21.02379604162864,30.23243291566195,16.278820596099706,30.675723300355934,31.89043743820395,18.973665961010276,17.11724276862369,14.866068747318506,15.811388300841896,18.439088914585774
103.09219175087898,9.0,9.219544457292887,17.26267650163207,13.152946437965905,18.384776310850235,10.04987562112089,18.027756377319946,20.12461179749811,21.18962010041709,15.231546211727817,23.259406699226016,27.018512172212592,14.866068747318506,25.0,20.615528128088304,23.345235059857504,21.37755832643195,23.53720459187964,28.442925306655784,18.24828759089466,24.698178070456937,12.041594578792296,12.083045973594572,12.041594578792296,25.495097567963924,14.560219778561036,0.0,0.0,0.0,0.0,0.0,0.0,0.0,0.0,0.0,0.0,0.0,15.524174696260024,3.1622776601683795,7.211102550927978,17.029386365926403,13.601470508735444,16.401219466856727,14.317821063276353,8.602325267042627,17.4928556845359,21.93171219946131,18.867962264113206,22.80350850198276,26.019223662515376,18.0,27.073972741361768,33.24154027718932,20.09975124224178,29.427877939124322,16.1245154965971,33.06055050963308,27.459060435491963,26.832815729997478,18.027756377319946,22.47220505424423,9.055385138137417,20.591260281974
103.09219175087898,6.0,30.463092423455635,22.360679774997898,34.36568055487916,42.20189569201838,24.351591323771842,47.43416490252569,29.154759474226502,59.135437767890075,36.49657518178932,42.20189569201838,52.3450093132096,46.861498055439924,51.03920062069938,40.85339643163099,41.400483088968905,15.0,31.32091952673165,12.806248474865697,30.066592756745816,10.04987562112089,22.67156809750927,17.08800749063506,20.09975124224178,17.11724276862369,30.4138126514911,0.0,0.0,0.0,0.0,0.0,0.0,0.0,0.0,0.0,0.0,0.0,37.0,33.83784863137726,32.14031735997639,35.05709628591621,21.540659228538015,30.528675044947494,11.045361017187261,32.202484376209235,16.278820596099706,17.204650534085253,5.0,24.413111231467404,2.23606797749979,34.52535300326414,21.02379604162864,34.713109915419565,31.827660925679098,29.546573405388315,47.4236228055175,1.4142135623730951,33.24154027718932,1.0,34.132096331752024,9.219544457292887,30.4138126514911,15.033296378372908
146.72763884149435,8.0,36.05551275463989,23.194827009486403,27.459060435491963,38.41874542459709,25.059928172283335,37.0,37.16180835212409,33.54101966249684,41.43669871020132,38.27531841800928,28.844410203711913,38.8329756778952,35.84689665786984,32.89376840679705,29.966648127543394,25.079872407968907,21.840329667841555,12.165525060596439,5.385164807134504,11.704699910719626,9.433981132056603,8.246211251235321,13.038404810405298,23.769728648009426,22.360679774997898,0.0,0.0,0.0,0.0,0.0,0.0,0.0,0.0,0.0,0.0,0.0,30.0,22.67156809750927,25.238858928247925,18.027756377319946,20.248456731316587,18.439088914585774,17.0,13.892443989449804,13.038404810405298,5.0990195135927845,4.123105625617661,2.23606797749979,13.601470508735444,15.811388300841896,20.808652046684813,16.278820596099706,26.92582403567252,22.02271554554524,19.849433241279208,21.400934559032695,19.849433241279208,23.430749027719962,16.1245154965971,19.026297590440446,30.066592756745816,11.045361017187261
114.12712210513327,7.0,28.635642126552707,42.579337712087536,34.48187929913333,12.083045973594572,37.107950630558946,36.124783736376884,50.24937810560445,49.64876634922564,49.658836071740545,49.39635614091387,56.36488268416781,49.9799959983992,41.593268686170845,45.60701700396552,39.05124837953327,31.38470965295043,18.027756377319946,25.179356624028344,24.08318915758459,18.027756377319946,16.15549442140351,22.090722034374522,28.0,28.160255680657446,27.51363298439521,0.0,0.0,0.0,0.0,0.0,0.0,0.0,0.0,0.0,0.0,0.0,46.57252408878007,39.0,31.304951684997057,33.61547262794322,21.095023109728988,24.186773244895647,20.09975124224178,15.0,8.602325267042627,2.23606797749979,9.219544457292887,13.038404810405298,26.076809620810597,18.681541692269406,19.1049731745428,14.035668847618199,32.202484376209235,37.013511046643494,22.0,30.4138126514911,37.20215047547655,25.238858928247925,30.805843601498726,26.92582403567252,36.40054944640259,43.382023926967726
128.0,8.0,23.600847442411894,32.2490309931942,40.70626487409524,55.758407437802596,49.72926703662542,53.81449618829484,57.245087125446844,43.382023926967726,56.08029957123981,49.678969393496885,51.42956348249516,51.85556864985669,57.3149195236284,55.86591089385369,36.124783736376884,37.73592452822641,25.059928172283335,15.297058540778355,5.0990195135927845,7.615773105863909,17.029386365926403,13.92838827718412,23.08679276123039,31.064449134018133,40.01249804748511,0.0,0.0,0.0,0.0,0.0,0.0,0.0,0.0,0.0,0.0,0.0,36.68787265568828,34.713109915419565,36.40054944640259,29.966648127543394,26.832815729997478,17.029386365926403,14.142135623730951,14.317821063276353,6.082762530298219,9.055385138137417,10.63014581273465,8.246211251235321,13.0,15.033296378372908,18.973665961010276,14.866068747318506,24.698178070456937,33.734255586866,10.44030650891055,33.0,19.1049731745428,37.64306044943742,32.01562118716424,22.02271554554524,26.1725046566048,27.65863337187866
103.09219175087898,9.0,35.84689665786984,55.31726674375732,29.154759474226502,42.43819034784589,41.86884283091664,35.22782990761707,61.98386886924694,60.40695324215582,43.41658669218482,55.362442142665635,57.723478758647246,54.147945482723536,54.45181356024793,45.70557952810576,42.190046219457976,31.016124838541646,23.021728866442675,17.08800749063506,18.601075237738275,10.44030650891055,14.7648230602334,25.0,28.844410203711913,28.178005607210743,35.84689665786984,0.0,0.0,0.0,0.0,0.0,0.0,0.0,0.0,0.0,0.0,0.0,40.80441152620633,42.5440947723653,28.792360097775937,39.81205847478876,24.041630560342615,20.615528128088304,14.7648230602334,16.278820596099706,7.211102550927978,6.708203932499369,21.93171219946131,10.04987562112089,11.40175425099138,16.278820596099706,22.825424421026653,18.24828759089466,26.30589287593181,25.179356624028344,19.1049731745428,38.948684188300895,32.526911934581186,23.853720883753127,23.323807579381203,24.698178070456937,21.02379604162864,25.612496949731394
141.1736519326464,24.0,22.360679774997898,30.0,23.0,55.57877292636101,49.24428900898052,47.51841748206689,43.41658669218482,51.0098029794274,61.032778078668514,48.25971404805462,54.230987451824994,53.0,42.190046219457976,40.44749683231337,31.144823004794873,35.05709628591621,32.31098884280702,11.40175425099138,8.0,17.0,14.035668847618199,18.027756377319946,24.041630560342615,34.20526275297414,38.2099463490856,0.0,0.0,0.0,0.0,0.0,0.0,0.0,0.0,0.0,0.0,0.0,36.89173349139343,33.61547262794322,33.12099032335839,29.966648127543394,21.840329667841555,27.65863337187866,23.021728866442675,14.866068747318506,10.198039027185569,9.219544457292887,9.219544457292887,10.44030650891055,10.0,17.0,36.124783736376884,21.400934559032695,38.05259518088089,30.4138126514911,31.25699921617557,32.0624390837628,12.649110640673518,36.6742416417845,16.15549442140351,24.041630560342615,9.486832980505138,30.805843601498726
103.09219175087898,9.0,16.55294535724685,25.942243542145693,20.248456731316587,23.08679276123039,32.984845004941285,38.27531841800928,36.013886210738214,35.05709628591621,31.78049716414141,37.0,34.17601498127012,29.732137494637012,29.546573405388315,27.65863337187866,24.186773244895647,21.095023109728988,19.4164878389476,8.54400374531753,6.082762530298219,2.8284271247461903,8.06225774829855,4.0,12.041594578792296,22.360679774997898,23.021728866442675,0.0,0.0,0.0,0.0,0.0,0.0,0.0,0.0,0.0,0.0,0.0,26.1725046566048,28.30194339616981,20.518284528683193,19.4164878389476,15.264337522473747,19.72308292331602,13.601470508735444,8.94427190999916,7.615773105863909,11.0,1.4142135623730951,5.0990195135927845,5.0990195135927845,10.63014581273465,15.811388300841896,17.029386365926403,14.866068747318506,12.083045973594572,15.264337522473747,14.7648230602334,11.313708498984761,7.211102550927978,11.40175425099138,10.816653826391969,11.40175425099138,9.848857801796104
45.34313619501854,45.0,14.866068747318506,12.36931687685298,19.72308292331602,17.0,19.924858845171276,21.0,20.615528128088304,16.76305461424021,22.0,25.019992006393608,21.18962010041709,33.24154027718932,25.019992006393608,28.231188426986208,28.861739379323623,24.020824298928627,26.076809620810597,27.018512172212592,26.0,27.784887978899608,22.135943621178654,12.165525060596439,13.416407864998739,15.556349186104045,16.64331697709324,0.0,0.0,0.0,0.0,0.0,0.0,0.0,0.0,0.0,0.0,0.0,16.1245154965971,15.811388300841896,14.035668847618199,9.055385138137417,15.297058540778355,14.866068747318506,22.47220505424423,12.727922061357855,18.601075237738275,16.401219466856727,24.20743687382041,15.620499351813308,25.96150997149434,25.179356624028344,29.068883707497267,20.615528128088304,24.331050121192877,18.681541692269406,22.360679774997898,25.709920264364882,18.973665961010276,17.029386365926403,14.317821063276353,23.0,12.041594578792296,13.038404810405298
73.348483283569,11.0,22.561028345356956,15.620499351813308,11.180339887498949,19.4164878389476,19.235384061671343,15.652475842498529,19.313207915827967,25.317977802344327,28.653097563788805,18.788294228055936,21.540659228538015,19.849433241279208,26.627053911388696,25.059928172283335,25.942243542145693,18.384776310850235,26.0,31.953090617340916,25.495097567963924,19.4164878389476,24.020824298928627,18.788294228055936,13.601470508735444,13.038404810405298,20.615528128088304,0.0,0.0,0.0,0.0,0.0,0.0,0.0,0.0,0.0,0.0,0.0,10.770329614269007,11.40175425099138,5.830951894845301,11.661903789690601,11.704699910719626,25.495097567963924,11.40175425099138,17.029386365926403,14.142135623730951,20.024984394500787,20.396078054371138,21.93171219946131,23.259406699226016,22.561028345356956,23.08679276123039,17.029386365926403,24.166091947189145,30.0,23.08679276123039,21.95449840010015,29.68164415931166,19.72308292331602,20.09975124224178,22.47220505424423,15.132745950421556,12.165525060596439
103.09219175087898,6.0,14.422205101855956,13.92838827718412,12.041594578792296,19.235384061671343,15.297058540778355,25.179356624028344,22.02271554554524,21.0,15.033296378372908,24.351591323771842,29.017236257093817,24.08318915758459,23.53720459187964,27.459060435491963,24.020824298928627,33.54101966249684,18.110770276274835,14.142135623730951,24.041630560342615,17.46424919657298,20.12461179749811,18.681541692269406,14.317821063276353,15.556349186104045,13.92838827718412,0.0,0.0,0.0,0.0,0.0,0.0,0.0,0.0,0.0,0.0,0.0,15.811388300841896,14.212670403551895,13.92838827718412,10.770329614269007,15.132745950421556,17.11724276862369,18.027756377319946,21.095023109728988,17.029386365926403,19.6468827043885,20.223748416156685,10.198039027185569,23.323807579381203,22.02271554554524,22.67156809750927,24.08318915758459,29.832867780352597,18.027756377319946,22.561028345356956,21.18962010041709,16.0312195418814,19.235384061671343,17.029386365926403,17.804493814764857,9.848857801796104,17.204650534085253
103.09219175087898,6.0,13.416407864998739,9.055385138137417,12.36931687685298,14.142135623730951,12.083045973594572,17.11724276862369,22.090722034374522,22.02271554554524,18.110770276274835,19.0,19.924858845171276,21.095023109728988,21.095023109728988,26.1725046566048,20.396078054371138,31.78049716414141,29.274562336608895,23.706539182259394,15.811388300841896,18.35755975068582,13.45362404707371,16.278820596099706,15.620499351813308,12.36931687685298,16.1245154965971,0.0,0.0,0.0,0.0,0.0,0.0,0.0,0.0,0.0,0.0,0.0,13.416407864998739,11.661903789690601,16.1245154965971,17.0,19.026297590440446,13.0,14.866068747318506,15.264337522473747,21.633307652783937,20.808652046684813,14.866068747318506,17.0,23.706539182259394,27.313000567495326,23.853720883753127,22.561028345356956,22.561028345356956,26.92582403567252,26.92582403567252,23.08679276123039,20.0,24.08318915758459,20.09975124224178,18.439088914585774,18.35755975068582,13.038404810405298
73.348483283569,11.0,22.135943621178654,12.36931687685298,14.7648230602334,7.615773105863909,7.0,13.601470508735444,17.029386365926403,26.476404589747453,22.360679774997898,18.439088914585774,18.439088914585774,21.587033144922902,26.30589287593181,24.515301344262525,27.0,23.194827009486403,26.076809620810597,21.37755832643195,20.0,20.09975124224178,12.529964086141668,15.231546211727817,14.142135623730951,13.601470508735444,12.083045973594572,0.0,0.0,0.0,0.0,0.0,0.0,0.0,0.0,0.0,0.0,0.0,10.04987562112089,12.649110640673518,10.770329614269007,12.806248474865697,19.4164878389476,22.47220505424423,12.206555615733702,9.219544457292887,14.035668847618199,16.278820596099706,29.274562336608895,13.45362404707371,22.847319317591726,15.652475842498529,16.64331697709324,31.304951684997057,24.698178070456937,17.029386365926403,22.847319317591726,21.633307652783937,19.849433241279208,15.297058540778355,13.038404810405298,17.88854381999832,20.808652046684813,12.806248474865697
56.0357029044876,13.0,19.235384061671343,5.0990195135927845,6.4031242374328485,7.280109889280518,23.40939982143925,21.400934559032695,15.264337522473747,15.620499351813308,12.041594578792296,18.027756377319946,26.30589287593181,28.635642126552707,23.345235059857504,21.0,23.0,24.0,21.02379604162864,20.615528128088304,22.847319317591726,19.1049731745428,18.027756377319946,15.811388300841896,14.422205101855956,17.4928556845359,16.278820596099706,0.0,0.0,0.0,0.0,0.0,0.0,0.0,0.0,0.0,0.0,0.0,6.324555320336759,9.848857801796104,13.92838827718412,13.892443989449804,7.0710678118654755,13.45362404707371,8.94427190999916,17.72004514666935,19.924858845171276,15.524174696260024,21.540659228538015,21.18962010041709,18.24828759089466,16.0312195418814,25.96150997149434,12.649110640673518,22.825424421026653,19.313207915827967,21.470910553583888,18.24828759089466,11.0,17.804493814764857,23.345235059857504,16.64331697709324,15.811388300841896,20.518284528683193
139.54210834009928,7.0,5.830951894845301,12.0,13.152946437965905,22.80350850198276,21.18962010041709,14.422205101855956,18.681541692269406,21.840329667841555,14.422205101855956,18.973665961010276,25.298221281347036,26.076809620810597,26.248809496813376,22.561028345356956,24.515301344262525,20.591260281974,22.47220505424423,19.1049731745428,26.90724809414742,21.93171219946131,17.69180601295413,12.041594578792296,18.027756377319946,11.180339887498949,14.560219778561036,0.0,0.0,0.0,0.0,0.0,0.0,0.0,0.0,0.0,0.0,0.0,16.278820596099706,16.401219466856727,10.0,13.038404810405298,12.041594578792296,11.180339887498949,14.035668847618199,15.132745950421556,17.08800749063506,19.924858845171276,24.166091947189145,27.459060435491963,23.600847442411894,27.65863337187866,28.600699292150182,23.600847442411894,18.027756377319946,21.93171219946131,20.248456731316587,18.35755975068582,11.661903789690601,23.08679276123039,17.08800749063506,23.08679276123039,12.206555615733702,9.219544457292887
103.09219175087898,6.0,17.4928556845359,14.560219778561036,28.319604517012593,22.67156809750927,27.018512172212592,23.600847442411894,33.13608305156178,17.72004514666935,15.132745950421556,21.37755832643195,29.274562336608895,26.40075756488817,32.64965543462902,35.6931365951495,36.05551275463989,27.85677655436824,33.06055050963308,17.26267650163207,18.24828759089466,22.360679774997898,5.0,12.083045973594572,15.811388300841896,15.033296378372908,15.231546211727817,0.0,0.0,0.0,0.0,0.0,0.0,0.0,0.0,0.0,0.0,0.0,28.319604517012593,23.323807579381203,9.433981132056603,19.849433241279208,9.433981132056603,14.7648230602334,1.4142135623730951,6.324555320336759,9.848857801796104,16.55294535724685,5.0,4.47213595499958,4.242640687119285,14.317821063276353,30.4138126514911,26.0,30.01666203960727,30.805843601498726,17.88854381999832,34.058772731852805,22.20360331117452,25.019992006393608,17.0,5.385164807134504,18.027756377319946,17.69180601295413
103.09219175087898,6.0,17.0,10.295630140987,21.470910553583888,20.615528128088304,25.553864678361276,26.92582403567252,19.697715603592208,31.400636936215164,25.553864678361276,40.45985664828782,34.40930106817051,37.21558813185679,40.52159917870962,34.713109915419565,33.54101966249684,35.014282800023196,32.69556544854363,21.2602916254693,13.038404810405298,15.524174696260024,15.297058540778355,15.231546211727817,10.770329614269007,14.317821063276353,11.40175425099138,0.0,0.0,0.0,0.0,0.0,0.0,0.0,0.0,0.0,0.0,0.0,24.515301344262525,21.633307652783937,19.209372712298546,18.027756377319946,12.165525060596439,16.55294535724685,5.385164807134504,10.295630140987,13.152946437965905,19.6468827043885,20.808652046684813,29.068883707497267,22.67156809750927,27.16615541441225,21.400934559032695,35.12833614050059,25.079872407968907,18.35755975068582,27.85677655436824,27.586228448267445,17.0,22.20360331117452,15.132745950421556,16.55294535724685,18.0,20.248456731316587
45.34313619501854,45.0,18.384776310850235,15.297058540778355,20.615528128088304,7.211102550927978,16.278820596099706,15.652475842498529,17.88854381999832,19.72308292331602,13.892443989449804,28.231188426986208,20.0,20.09975124224178,18.35755975068582,28.635642126552707,24.331050121192877,29.154759474226502,19.235384061671343,20.024984394500787,16.0312195418814,20.024984394500787,18.110770276274835,13.341664064126334,9.486832980505138,8.48528137423857,15.0,0.0,0.0,0.0,0.0,0.0,0.0,0.0,0.0,0.0,0.0,0.0,7.0710678118654755,10.0,11.0,9.055385138137417,10.198039027185569,10.816653826391969,22.47220505424423,12.529964086141668,22.80350850198276,11.313708498984761,16.278820596099706,22.02271554554524,24.20743687382041,30.4138126514911,25.0,28.071337695236398,14.560219778561036,29.154759474226502,24.515301344262525,11.40175425099138,17.0,14.212670403551895,22.360679774997898,13.0,3.0,7.810249675906654
103.09219175087898,9.0,15.524174696260024,9.486832980505138,16.1245154965971,3.1622776601683795,16.1245154965971,21.02379604162864,26.1725046566048,12.36931687685298,14.317821063276353,21.37755832643195,15.524174696260024,23.769728648009426,29.410882339705484,27.892651361962706,31.953090617340916,24.596747752497688,20.615528128088304,25.079872407968907,19.026297590440446,20.223748416156685,19.026297590440446,17.46424919657298,20.8806130178211,15.620499351813308,13.45362404707371,0.0,0.0,0.0,0.0,0.0,0.0,0.0,0.0,0.0,0.0,0.0,17.0,14.212670403551895,5.0990195135927845,11.045361017187261,13.038404810405298,13.416407864998739,17.029386365926403,16.1245154965971,17.08800749063506,17.11724276862369,17.029386365926403,23.08679276123039,20.615528128088304,30.886890422961002,21.633307652783937,27.80287754891569,20.808652046684813,23.345235059857504,18.439088914585774,25.96150997149434,27.586228448267445,33.24154027718932,20.518284528683193,13.892443989449804,21.213203435596427,18.35755975068582
103.09219175087898,6.0,17.204650534085253,6.4031242374328485,12.649110640673518,16.1245154965971,25.632011235952593,11.661903789690601,16.278820596099706,24.186773244895647,38.2099463490856,27.459060435491963,18.973665961010276,34.23448553724738,15.297058540778355,23.08679276123039,20.615528128088304,21.02379604162864,26.076809620810597,23.40939982143925,20.615528128088304,16.76305461424021,7.810249675906654,14.7648230602334,14.212670403551895,13.0,16.0312195418814,0.0,0.0,0.0,0.0,0.0,0.0,0.0,0.0,0.0,0.0,0.0,13.45362404707371,9.055385138137417,17.46424919657298,16.55294535724685,10.0,16.97056274847714,17.72004514666935,15.264337522473747,25.317977802344327,20.8806130178211,23.021728866442675,22.360679774997898,20.808652046684813,18.35755975068582,16.401219466856727,27.459060435491963,26.1725046566048,26.90724809414742,18.601075237738275,17.804493814764857,18.681541692269406,17.0,24.08318915758459,20.615528128088304,12.041594578792296,18.601075237738275
103.09219175087898,6.0,16.278820596099706,8.06225774829855,9.433981132056603,23.430749027719962,18.35755975068582,16.97056274847714,24.041630560342615,19.4164878389476,18.601075237738275,23.259406699226016,26.627053911388696,26.248809496813376,25.45584412271571,20.591260281974,26.1725046566048,21.540659228538015,26.0,26.248809496813376,24.839484696748443,23.769728648009426,16.492422502470642,24.020824298928627,15.297058540778355,12.36931687685298,11.40175425099138,0.0,0.0,0.0,0.0,0.0,0.0,0.0,0.0,0.0,0.0,0.0,13.601470508735444,14.035668847618199,10.198039027185569,13.601470508735444,15.620499351813308,8.94427190999916,21.93171219946131,13.892443989449804,17.029386365926403,20.248456731316587,17.46424919657298,26.68332812825267,28.0,20.396078054371138,20.615528128088304,27.073972741361768,23.345235059857504,24.186773244895647,22.80350850198276,29.154759474226502,28.178005607210743,10.63014581273465,18.027756377319946,16.15549442140351,8.94427190999916,14.035668847618199
131.59027319676784,5.0,1.4142135623730951,16.401219466856727,12.206555615733702,15.264337522473747,15.652475842498529,14.422205101855956,20.615528128088304,28.284271247461902,18.384776310850235,20.518284528683193,23.430749027719962,23.021728866442675,22.67156809750927,28.0178514522438,21.93171219946131,27.459060435491963,24.698178070456937,21.633307652783937,21.213203435596427,17.11724276862369,17.26267650163207,13.152946437965905,12.083045973594572,13.038404810405298,16.97056274847714,0.0,0.0,0.0,0.0,0.0,0.0,0.0,0.0,0.0,0.0,0.0,12.36931687685298,9.219544457292887,13.601470508735444,9.486832980505138,13.038404810405298,13.152946437965905,16.97056274847714,19.026297590440446,20.248456731316587,19.209372712298546,20.12461179749811,25.495097567963924,31.144823004794873,23.323807579381203,19.4164878389476,29.732137494637012,18.027756377319946,30.14962686336267,28.861739379323623,25.0,31.32091952673165,26.92582403567252,18.110770276274835,8.06225774829855,9.0,17.88854381999832
103.09219175087898,6.0,30.4138126514911,11.180339887498949,11.045361017187261,19.924858845171276,9.055385138137417,16.401219466856727,19.313207915827967,24.698178070456937,22.47220505424423,19.6468827043885,19.4164878389476,21.095023109728988,27.202941017470888,21.93171219946131,29.017236257093817,20.248456731316587,24.73863375370596,19.235384061671343,23.53720459187964,25.632011235952593,13.152946437965905,18.601075237738275,11.045361017187261,14.212670403551895,12.529964086141668,0.0,0.0,0.0,0.0,0.0,0.0,0.0,0.0,0.0,0.0,0.0,13.892443989449804,19.4164878389476,18.973665961010276,13.601470508735444,13.601470508735444,15.264337522473747,21.02379604162864,21.470910553583888,19.924858845171276,13.0,20.0,24.331050121192877,22.02271554554524,27.313000567495326,23.259406699226016,20.396078054371138,18.027756377319946,23.769728648009426,23.345235059857504,17.88854381999832,27.784887978899608,18.601075237738275,21.37755832643195,18.0,18.867962264113206,15.264337522473747
132.48396129343357,7.0,13.038404810405298,5.0,19.72308292331602,9.486832980505138,18.788294228055936,18.24828759089466,19.72308292331602,26.0,23.600847442411894,22.825424421026653,22.80350850198276,15.811388300841896,14.422205101855956,26.90724809414742,25.80697580112788,17.029386365926403,21.840329667841555,18.601075237738275,25.298221281347036,15.033296378372908,19.026297590440446,25.079872407968907,26.92582403567252,11.0,11.661903789690601,0.0,0.0,0.0,0.0,0.0,0.0,0.0,0.0,0.0,0.0,0.0,10.63014581273465,16.492422502470642,7.280109889280518,15.264337522473747,17.11724276862369,15.652475842498529,20.0,10.816653826391969,21.93171219946131,23.345235059857504,19.849433241279208,17.4928556845359,21.095023109728988,24.186773244895647,32.01562118716424,24.0,20.09975124224178,23.769728648009426,29.154759474226502,16.0312195418814,29.154759474226502,25.80697580112788,17.11724276862369,11.40175425099138,14.142135623730951,12.165525060596439
118.72657663724664,6.0,13.892443989449804,12.529964086141668,16.76305461424021,11.40175425099138,11.0,17.11724276862369,16.55294535724685,17.204650534085253,21.02379604162864,25.019992006393608,20.615528128088304,15.811388300841896,28.284271247461902,25.0,25.495097567963924,20.518284528683193,23.853720883753127,28.30194339616981,14.7648230602334,26.076809620810597,8.602325267042627,18.027756377319946,11.40175425099138,15.620499351813308,12.649110640673518,0.0,0.0,0.0,0.0,0.0,0.0,0.0,0.0,0.0,0.0,0.0,11.661903789690601,9.219544457292887,7.810249675906654,11.704699910719626,16.0312195418814,8.602325267042627,9.055385138137417,8.54400374531753,14.035668847618199,18.24828759089466,25.317977802344327,21.02379604162864,27.073972741361768,29.546573405388315,16.278820596099706,20.248456731316587,22.47220505424423,27.018512172212592,17.26267650163207,25.079872407968907,12.041594578792296,23.430749027719962,15.297058540778355,15.0,7.0710678118654755,16.0312195418814
93.38094023943002,11.0,13.45362404707371,16.64331697709324,10.63014581273465,12.206555615733702,9.219544457292887,9.899494936611665,13.038404810405298,18.0,18.027756377319946,22.02271554554524,21.93171219946131,23.706539182259394,19.4164878389476,18.973665961010276,26.832815729997478,24.166091947189145,27.51363298439521,20.223748416156685,24.515301344262525,15.297058540778355,22.80350850198276,15.524174696260024,11.661903789690601,8.06225774829855,11.180339887498949,0.0,0.0,0.0,0.0,0.0,0.0,0.0,0.0,0.0,0.0,0.0,13.601470508735444,17.4928556845359,7.615773105863909,12.0,13.892443989449804,15.652475842498529,19.235384061671343,31.38470965295043,24.351591323771842,17.029386365926403,32.01562118716424,20.223748416156685,19.026297590440446,29.614185789921695,24.020824298928627,26.68332812825267,21.95449840010015,9.219544457292887,29.154759474226502,23.345235059857504,28.635642126552707,17.0,17.804493814764857,17.4928556845359,27.730849247724095,17.029386365926403
36.71511950137164,14.0,16.0312195418814,5.0,9.848857801796104,3.0,3.605551275463989,18.35755975068582,16.1245154965971,18.110770276274835,13.0,22.47220505424423,13.92838827718412,18.24828759089466,16.76305461424021,22.47220505424423,27.459060435491963,19.924858845171276,22.360679774997898,14.142135623730951,14.212670403551895,17.4928556845359,18.681541692269406,20.8806130178211,21.587033144922902,18.027756377319946,17.0,0.0,0.0,0.0,0.0,0.0,0.0,0.0,0.0,0.0,0.0,0.0,6.082762530298219,10.816653826391969,14.422205101855956,17.69180601295413,15.297058540778355,9.433981132056603,10.0,22.20360331117452,19.924858845171276,19.026297590440446,18.027756377319946,10.295630140987,24.351591323771842,26.92582403567252,19.313207915827967,18.601075237738275,28.160255680657446,20.615528128088304,26.1725046566048,28.653097563788805,22.360679774997898,17.4928556845359,14.035668847618199,22.360679774997898,7.810249675906654,9.219544457292887
33.06055050963308,16.0,20.615528128088304,13.601470508735444,13.601470508735444,15.524174696260024,19.697715603592208,25.0,17.46424919657298,23.769728648009426,22.80350850198276,18.027756377319946,25.079872407968907,18.973665961010276,25.632011235952593,19.6468827043885,23.08679276123039,18.110770276274835,27.018512172212592,23.345235059857504,27.0,22.20360331117452,12.529964086141668,13.0,15.0,14.142135623730951,14.866068747318506,0.0,0.0,0.0,0.0,0.0,0.0,0.0,0.0,0.0,0.0,0.0,16.278820596099706,10.04987562112089,14.317821063276353,14.142135623730951,19.1049731745428,12.206555615733702,12.206555615733702,20.024984394500787,21.400934559032695,17.72004514666935,24.020824298928627,23.021728866442675,17.26267650163207,23.53720459187964,28.0,22.135943621178654,23.259406699226016,25.317977802344327,18.384776310850235,19.924858845171276,20.615528128088304,17.88854381999832,11.704699910719626,20.615528128088304,8.0,15.231546211727817
80.15609770940699,15.0,8.602325267042627,11.40175425099138,20.024984394500787,16.278820596099706,17.26267650163207,20.024984394500787,22.135943621178654,18.384776310850235,18.439088914585774,19.6468827043885,17.11724276862369,23.53720459187964,22.561028345356956,27.892651361962706,19.697715603592208,25.317977802344327,22.02271554554524,23.021728866442675,19.6468827043885,16.1245154965971,13.601470508735444,8.94427190999916,14.7648230602334,9.055385138137417,12.806248474865697,0.0,0.0,0.0,0.0,0.0,0.0,0.0,0.0,0.0,0.0,0.0,10.0,11.180339887498949,12.165525060596439,10.44030650891055,20.12461179749811,11.40175425099138,19.697715603592208,17.4928556845359,15.620499351813308,16.64331697709324,15.620499351813308,21.93171219946131,16.492422502470642,18.24828759089466,20.808652046684813,25.079872407968907,22.090722034374522,24.0,15.033296378372908,22.47220505424423,18.681541692269406,15.811388300841896,17.11724276862369,14.142135623730951,15.231546211727817,7.810249675906654
21.213203435596427,16.0,15.620499351813308,26.92582403567252,8.06225774829855,15.620499351813308,14.866068747318506,19.79898987322333,21.93171219946131,22.20360331117452,18.384776310850235,16.278820596099706,21.633307652783937,27.586228448267445,31.89043743820395,21.02379604162864,28.30194339616981,28.844410203711913,23.853720883753127,20.8806130178211,15.297058540778355,18.027756377319946,10.0,17.029386365926403,9.055385138137417,8.54400374531753,8.602325267042627,0.0,0.0,0.0,0.0,0.0,0.0,0.0,0.0,0.0,0.0,0.0,13.038404810405298,9.899494936611665,9.433981132056603,11.40175425099138,16.55294535724685,15.132745950421556,16.492422502470642,12.727922061357855,18.24828759089466,22.0,24.73863375370596,14.317821063276353,24.73863375370596,17.46424919657298,21.18962010041709,26.627053911388696,22.80350850198276,29.966648127543394,25.612496949731394,20.248456731316587,30.083217912982647,21.633307652783937,14.422205101855956,17.46424919657298,15.297058540778355,12.529964086141668
131.59027319676784,5.0,7.615773105863909,12.165525060596439,14.422205101855956,21.400934559032695,18.439088914585774,29.068883707497267,21.95449840010015,16.278820596099706,10.63014581273465,13.038404810405298,29.068883707497267,25.0,24.041630560342615,34.539832078341085,26.870057685088806,24.041630560342615,25.553864678361276,24.331050121192877,26.476404589747453,23.08679276123039,21.587033144922902,18.027756377319946,21.095023109728988,19.1049731745428,15.132745950421556,0.0,0.0,0.0,0.0,0.0,0.0,0.0,0.0,0.0,0.0,0.0,12.727922061357855,11.40175425099138,23.430749027719962,15.132745950421556,14.317821063276353,19.4164878389476,15.811388300841896,18.788294228055936,16.492422502470642,21.02379604162864,24.186773244895647,21.095023109728988,27.073972741361768,31.04834939252005,34.713109915419565,22.02271554554524,28.178005607210743,22.20360331117452,26.248809496813376,20.248456731316587,21.95449840010015,14.7648230602334,23.021728866442675,17.804493814764857,20.248456731316587,17.029386365926403
80.15609770940699,15.0,28.442925306655784,29.120439557122072,20.615528128088304,27.730849247724095,25.553864678361276,24.839484696748443,36.24913792078372,38.3275357934736,39.20459156782532,25.059928172283335,35.35533905932738,28.42534080710379,29.068883707497267,31.11269837220809,26.1725046566048,19.1049731745428,15.264337522473747,13.038404810405298,6.708203932499369,8.06225774829855,3.1622776601683795,4.123105625617661,9.055385138137417,10.63014581273465,13.892443989449804,0.0,0.0,0.0,0.0,0.0,0.0,0.0,0.0,0.0,0.0,0.0,29.732137494637012,26.1725046566048,28.071337695236398,26.1725046566048,30.4138126514911,26.019223662515376,21.37755832643195,23.53720459187964,22.47220505424423,21.93171219946131,20.615528128088304,17.69180601295413,16.1245154965971,15.231546211727817,16.1245154965971,13.152946437965905,12.041594578792296,7.615773105863909,13.038404810405298,2.0,6.0,5.385164807134504,20.615528128088304,11.180339887498949,22.80350850198276,18.439088914585774
21.213203435596427,16.0,51.088159097779204,28.160255680657446,39.21734310225516,33.28663395418648,30.23243291566195,58.7962583843564,48.30113870293329,60.14149981501958,57.201398584300364,53.81449618829484,47.4236228055175,44.721359549995796,47.01063709417264,44.204072210600685,40.718546143004666,30.083217912982647,30.083217912982647,17.46424919657298,7.615773105863909,7.0710678118654755,4.0,8.54400374531753,11.180339887498949,18.439088914585774,19.209372712298546,0.0,0.0,0.0,0.0,0.0,0.0,0.0,0.0,0.0,0.0,0.0,44.10215414239989,45.5411901469428,44.384682042344295,48.27007354458868,35.4400902933387,36.40054944640259,42.5440947723653,37.16180835212409,35.35533905932738,37.57658845611187,30.479501308256342,23.021728866442675,26.570660511172846,30.0,17.88854381999832,25.317977802344327,6.0,14.0,18.439088914585774,26.076809620810597,5.385164807134504,16.0312195418814,5.830951894845301,11.180339887498949,28.635642126552707,29.274562336608895
128.8875478857442,5.0,48.08326112068523,26.92582403567252,26.92582403567252,49.49747468305833,33.24154027718932,37.64306044943742,40.85339643163099,57.28001396647874,60.63827174318213,52.630789467763066,52.3450093132096,31.38470965295043,43.174066289845804,42.720018726587654,42.2965719651132,25.317977802344327,21.587033144922902,17.72004514666935,12.529964086141668,3.1622776601683795,9.055385138137417,5.0,9.486832980505138,10.44030650891055,25.632011235952593,0.0,0.0,0.0,0.0,0.0,0.0,0.0,0.0,0.0,0.0,0.0,36.40054944640259,43.174066289845804,38.47076812334269,42.04759208325728,39.44616584663204,39.66106403010388,43.86342439892262,32.449961479175904,24.20743687382041,30.610455730027933,32.802438933713454,23.08679276123039,24.186773244895647,26.1725046566048,25.632011235952593,10.0,30.463092423455635,15.231546211727817,6.4031242374328485,20.248456731316587,11.661903789690601,22.135943621178654,22.090722034374522,30.4138126514911,22.360679774997898,33.13608305156178
146.72763884149435,8.0,27.313000567495326,26.92582403567252,32.449961479175904,41.10960958218893,47.16990566028302,38.07886552931954,56.08029957123981,61.71709649683789,56.356011214421486,43.41658669218482,46.400431032480725,44.68780594300866,43.278170016764804,41.72529209005013,33.301651610693426,28.319604517012593,33.24154027718932,20.615528128088304,17.204650534085253,11.045361017187261,2.23606797749979,12.206555615733702,5.656854249492381,17.0,22.80350850198276,0.0,0.0,0.0,0.0,0.0,0.0,0.0,0.0,0.0,0.0,0.0,46.75467891024384,44.553338819890925,45.45327270945405,45.79301256742124,35.22782990761707,37.73592452822641,41.048751503547585,36.05551275463989,38.07886552931954,33.83784863137726,27.459060435491963,35.22782990761707,23.769728648009426,26.832815729997478,18.601075237738275,15.0,17.804493814764857,21.213203435596427,8.06225774829855,8.94427190999916,7.0710678118654755,21.18962010041709,29.732137494637012,8.06225774829855,17.11724276862369,28.0178514522438
114.12712210513327,7.0,47.095647357266465,46.09772228646444,56.4003546088143,37.8549864614954,46.52956049652737,55.94640292279746,60.8276253029822,54.45181356024793,48.91829923454004,41.773197148410844,65.45991139621256,47.38143096192854,47.20169488482379,48.877397639399746,27.313000567495326,29.154759474226502,31.016124838541646,18.384776310850235,12.041594578792296,9.055385138137417,9.433981132056603,5.0,15.0,23.08679276123039,18.439088914585774,0.0,0.0,0.0,0.0,0.0,0.0,0.0,0.0,0.0,0.0,0.0,49.39635614091387,46.75467891024384,49.51767361255979,35.510561809129406,36.05551275463989,31.827660925679098,45.27692569068709,38.01315561749642,31.38470965295043,41.10960958218893,38.01315561749642,34.92849839314596,26.1725046566048,27.459060435491963,13.038404810405298,25.495097567963924,12.36931687685298,24.758836806279895,13.601470508735444,15.132745950421556,13.152946437965905,9.219544457292887,24.20743687382041,25.179356624028344,24.166091947189145,31.575306807693888
73.348483283569,11.0,13.152946437965905,13.038404810405298,8.54400374531753,12.36931687685298,18.681541692269406,16.76305461424021,14.142135623730951,21.095023109728988,18.027756377319946,23.021728866442675,24.20743687382041,23.853720883753127,29.0,22.847319317591726,27.51363298439521,28.0178514522438,21.840329667841555,22.47220505424423,23.345235059857504,17.0,17.26267650163207,16.0312195418814,13.038404810405298,11.40175425099138,7.211102550927978,0.0,0.0,0.0,0.0,0.0,0.0,0.0,0.0,0.0,0.0,0.0,7.810249675906654,12.041594578792296,14.422205101855956,17.46424919657298,17.46424919657298,20.615528128088304,19.4164878389476,24.020824298928627,17.029386365926403,17.11724276862369,16.1245154965971,18.24828759089466,24.041630560342615,20.396078054371138,21.540659228538015,28.861739379323623,26.076809620810597,22.67156809750927,22.67156809750927,21.93171219946131,17.804493814764857,16.55294535724685,25.298221281347036,20.396078054371138,9.433981132056603,12.165525060596439
56.0357029044876,13.0,8.602325267042627,2.23606797749979,15.297058540778355,17.804493814764857,18.35755975068582,30.0,8.54400374531753,33.301651610693426,32.55764119219941,28.284271247461902,31.89043743820395,26.40075756488817,29.732137494637012,25.553864678361276,22.80350850198276,28.0178514522438,16.55294535724685,21.93171219946131,23.345235059857504,19.924858845171276,14.866068747318506,12.083045973594572,13.601470508735444,15.033296378372908,12.165525060596439,0.0,0.0,0.0,0.0,0.0,0.0,0.0,0.0,0.0,0.0,0.0,14.035668847618199,13.152946437965905,7.211102550927978,9.055385138137417,12.083045973594572,20.248456731316587,15.811388300841896,10.04987562112089,19.924858845171276,14.560219778561036,20.0,22.561028345356956,26.076809620810597,25.179356624028344,19.72308292331602,29.120439557122072,31.064449134018133,29.5296461204668,24.186773244895647,23.021728866442675,23.600847442411894,24.839484696748443,20.615528128088304,27.018512172212592,17.204650534085253,19.4164878389476
130.0,8.0,10.04987562112089,16.1245154965971,24.186773244895647,14.560219778561036,19.6468827043885,22.825424421026653,15.811388300841896,25.96150997149434,22.80350850198276,24.351591323771842,25.495097567963924,37.20215047547655,19.4164878389476,29.206163733020468,16.97056274847714,28.600699292150182,21.400934559032695,17.029386365926403,18.027756377319946,13.152946437965905,20.0,13.0,14.866068747318506,22.20360331117452,15.033296378372908,0.0,0.0,0.0,0.0,0.0,0.0,0.0,0.0,0.0,0.0,0.0,10.63014581273465,8.06225774829855,15.811388300841896,9.055385138137417,18.027756377319946,13.92838827718412,20.248456731316587,25.942243542145693,16.1245154965971,18.601075237738275,28.460498941515414,22.627416997969522,21.93171219946131,34.785054261852174,25.553864678361276,37.69615364994153,17.88854381999832,19.6468827043885,22.0,19.1049731745428,16.15549442140351,25.298221281347036,15.264337522473747,16.401219466856727,14.317821063276353,16.278820596099706
139.54210834009928,7.0,6.708203932499369,3.605551275463989,20.396078054371138,21.213203435596427,21.02379604162864,17.72004514666935,14.560219778561036,22.02271554554524,22.847319317591726,18.788294228055936,21.095023109728988,29.410882339705484,18.867962264113206,25.495097567963924,29.546573405388315,24.839484696748443,25.80697580112788,17.46424919657298,25.0,20.808652046684813,20.615528128088304,14.866068747318506,15.620499351813308,11.180339887498949,2.23606797749979,0.0,0.0,0.0,0.0,0.0,0.0,0.0,0.0,0.0,0.0,0.0,12.649110640673518,12.36931687685298,12.206555615733702,12.649110640673518,15.524174696260024,7.280109889280518,6.324555320336759,23.40939982143925,18.681541692269406,21.633307652783937,21.213203435596427,12.083045973594572,25.059928172283335,25.495097567963924,28.792360097775937,25.0,33.83784863137726,26.92582403567252,33.24154027718932,23.853720883753127,21.18962010041709,17.029386365926403,27.313000567495326,18.027756377319946,23.021728866442675,22.67156809750927
128.0,8.0,3.605551275463989,15.297058540778355,18.027756377319946,16.55294535724685,24.041630560342615,18.601075237738275,17.88854381999832,22.20360331117452,22.360679774997898,27.586228448267445,32.64965543462902,26.248809496813376,23.430749027719962,25.0,28.600699292150182,23.259406699226016,24.08318915758459,21.470910553583888,20.591260281974,17.804493814764857,17.46424919657298,18.439088914585774,15.132745950421556,13.341664064126334,10.44030650891055,0.0,0.0,0.0,0.0,0.0,0.0,0.0,0.0,0.0,0.0,0.0,8.06225774829855,5.0,7.211102550927978,13.601470508735444,13.0,18.681541692269406,24.186773244895647,13.038404810405298,19.1049731745428,17.88854381999832,16.76305461424021,22.360679774997898,24.839484696748443,25.612496949731394,21.470910553583888,24.20743687382041,32.64965543462902,22.847319317591726,25.059928172283335,23.345235059857504,23.600847442411894,19.4164878389476,17.69180601295413,18.439088914585774,8.602325267042627,8.48528137423857
131.59027319676784,5.0,13.601470508735444,15.811388300841896,5.385164807134504,17.204650534085253,18.384776310850235,29.0,24.08318915758459,20.615528128088304,21.840329667841555,15.524174696260024,21.587033144922902,27.892651361962706,32.0624390837628,23.08679276123039,21.18962010041709,21.840329667841555,23.194827009486403,21.095023109728988,25.495097567963924,16.76305461424021,17.204650534085253,20.0,17.029386365926403,16.1245154965971,17.029386365926403,0.0,0.0,0.0,0.0,0.0,0.0,0.0,0.0,0.0,0.0,0.0,7.280109889280518,9.055385138137417,10.44030650891055,15.524174696260024,15.620499351813308,21.400934559032695,13.416407864998739,23.600847442411894,18.973665961010276,21.213203435596427,21.2602916254693,25.019992006393608,18.439088914585774,22.847319317591726,22.090722034374522,28.160255680657446,24.166091947189145,30.0,28.0178514522438,29.274562336608895,16.0312195418814,23.345235059857504,25.0,17.0,15.0,12.206555615733702
103.09219175087898,6.0,10.816653826391969,9.433981132056603,17.804493814764857,11.704699910719626,9.899494936611665,14.866068747318506,29.832867780352597,20.248456731316587,26.1725046566048,22.360679774997898,26.076809620810597,16.55294535724685,25.632011235952593,30.364452901377952,17.46424919657298,25.019992006393608,19.6468827043885,22.02271554554524,15.132745950421556,20.248456731316587,17.029386365926403,11.40175425099138,13.601470508735444,20.615528128088304,13.601470508735444,0.0,0.0,0.0,0.0,0.0,0.0,0.0,0.0,0.0,0.0,0.0,12.165525060596439,9.848857801796104,13.038404810405298,9.219544457292887,20.615528128088304,13.92838827718412,17.0,15.620499351813308,17.0,26.40075756488817,21.095023109728988,23.0,16.1245154965971,19.72308292331602,20.615528128088304,20.09975124224178,22.825424421026653,27.65863337187866,23.40939982143925,26.1725046566048,26.0,21.02379604162864,17.4928556845359,13.038404810405298,22.135943621178654,11.180339887498949
98.97979591815695,21.0,26.0,23.345235059857504,21.095023109728988,21.93171219946131,29.5296461204668,31.240998703626616,38.62641583165593,35.84689665786984,27.730849247724095,13.45362404707371,38.948684188300895,22.80350850198276,28.0178514522438,11.045361017187261,25.709920264364882,25.317977802344327,20.518284528683193,13.341664064126334,6.324555320336759,13.038404810405298,11.180339887498949,9.848857801796104,4.123105625617661,7.0710678118654755,13.0,0.0,0.0,0.0,0.0,0.0,0.0,0.0,0.0,0.0,0.0,0.0,33.06055050963308,32.14031735997639,32.2490309931942,40.11234224026316,20.8806130178211,30.364452901377952,28.160255680657446,20.12461179749811,17.72004514666935,14.866068747318506,22.47220505424423,28.861739379323623,16.1245154965971,5.830951894845301,7.0710678118654755,16.278820596099706,11.045361017187261,18.439088914585774,4.242640687119285,26.92582403567252,23.706539182259394,12.206555615733702,7.211102550927978,17.204650534085253,16.55294535724685,20.248456731316587
73.348483283569,11.0,49.33558553417604,25.317977802344327,32.7566787083184,47.01063709417264,42.485291572496,42.5440947723653,43.965895873961216,25.612496949731394,43.278170016764804,49.51767361255979,38.600518131237564,44.553338819890925,26.1725046566048,41.23105625617661,34.0147027033899,31.906112267087632,18.439088914585774,13.038404810405298,5.830951894845301,13.416407864998739,10.0,7.615773105863909,9.219544457292887,12.041594578792296,21.587033144922902,0.0,0.0,0.0,0.0,0.0,0.0,0.0,0.0,0.0,0.0,0.0,54.45181356024793,51.0098029794274,52.3450093132096,50.24937810560445,57.271284253105414,49.03060268852505,44.553338819890925,34.058772731852805,24.186773244895647,29.120439557122072,22.847319317591726,26.019223662515376,28.231188426986208,25.059928172283335,14.317821063276353,26.248809496813376,12.649110640673518,13.92838827718412,21.400934559032695,19.026297590440446,13.152946437965905,18.788294228055936,23.08679276123039,16.0,33.83784863137726,27.784887978899608
130.0,8.0,29.154759474226502,28.071337695236398,40.19950248448356,31.240998703626616,36.05551275463989,34.36568055487916,61.5223536610881,44.28317965096906,46.32493928760188,55.08175741568164,41.48493702538308,53.23532661682466,36.24913792078372,40.024992192379,28.0178514522438,23.259406699226016,18.24828759089466,9.433981132056603,9.433981132056603,5.0,5.0,1.0,9.219544457292887,16.1245154965971,22.47220505424423,0.0,0.0,0.0,0.0,0.0,0.0,0.0,0.0,0.0,0.0,0.0,55.758407437802596,58.008620049092706,48.010415536631214,52.630789467763066,45.27692569068709,49.64876634922564,41.036569057366385,32.64965543462902,36.796738985948195,31.89043743820395,23.345235059857504,26.570660511172846,19.235384061671343,25.495097567963924,19.026297590440446,12.0,22.67156809750927,12.36931687685298,7.0710678118654755,17.029386365926403,14.142135623730951,33.12099032335839,23.323807579381203,26.0,19.849433241279208,19.235384061671343
139.54210834009928,7.0,37.64306044943742,33.015148038438355,13.152946437965905,33.24154027718932,25.632011235952593,42.05948168962618,40.24922359499622,39.05124837953327,40.0,38.600518131237564,35.805027579936315,43.382023926967726,36.069377593742864,43.840620433565945,14.212670403551895,29.410882339705484,26.1725046566048,13.892443989449804,12.649110640673518,12.083045973594572,5.0,2.0,10.770329614269007,13.45362404707371,19.235384061671343,0.0,0.0,0.0,0.0,0.0,0.0,0.0,0.0,0.0,0.0,0.0,58.008620049092706,55.08175741568164,56.43580423808985,53.0,47.042533945356304,44.0,49.040799340956916,43.04648650006177,28.635642126552707,32.984845004941285,39.0,27.586228448267445,25.238858928247925,6.4031242374328485,15.524174696260024,5.385164807134504,18.601075237738275,13.416407864998739,5.385164807134504,19.1049731745428,18.35755975068582,17.0,4.123105625617661,25.079872407968907,13.416407864998739,2.8284271247461903
100.43903623591775,33.0,25.0,21.540659228538015,22.847319317591726,27.202941017470888,19.849433241279208,23.08679276123039,24.839484696748443,22.47220505424423,31.827660925679098,31.144823004794873,24.20743687382041,20.518284528683193,29.154759474226502,18.867962264113206,16.97056274847714,20.0,15.811388300841896,10.0,8.48528137423857,4.123105625617661,3.605551275463989,3.605551275463989,9.848857801796104,10.770329614269007,14.212670403551895,0.0,0.0,0.0,0.0,0.0,0.0,0.0,0.0,0.0,0.0,0.0,35.17101079013795,33.734255586866,35.17101079013795,31.953090617340916,30.805843601498726,26.476404589747453,26.570660511172846,29.732137494637012,20.615528128088304,18.788294228055936,18.027756377319946,19.1049731745428,7.615773105863909,12.206555615733702,8.06225774829855,8.48528137423857,12.529964086141668,4.47213595499958,11.661903789690601,9.433981132056603,8.54400374531753,14.560219778561036,8.246211251235321,8.48528137423857,24.186773244895647,10.816653826391969
98.97979591815695,21.0,4.123105625617661,12.649110640673518,14.7648230602334,23.706539182259394,20.248456731316587,20.248456731316587,22.67156809750927,20.248456731316587,25.45584412271571,27.018512172212592,21.470910553583888,22.20360331117452,25.0,20.12461179749811,21.02379604162864,22.360679774997898,23.853720883753127,23.345235059857504,23.40939982143925,18.110770276274835,17.029386365926403,14.866068747318506,23.021728866442675,15.524174696260024,9.433981132056603,0.0,0.0,0.0,0.0,0.0,0.0,0.0,0.0,0.0,0.0,0.0,12.806248474865697,7.0710678118654755,9.219544457292887,10.770329614269007,9.219544457292887,11.180339887498949,12.165525060596439,12.649110640673518,21.0,18.110770276274835,23.40939982143925,24.08318915758459,23.430749027719962,20.808652046684813,24.186773244895647,20.615528128088304,20.615528128088304,28.0178514522438,17.029386365926403,28.844410203711913,17.204650534085253,23.021728866442675,15.264337522473747,18.681541692269406,17.0,8.94427190999916
80.15609770940699,15.0,16.401219466856727,6.0,10.44030650891055,16.278820596099706,22.67156809750927,15.620499351813308,21.93171219946131,23.345235059857504,21.095023109728988,18.788294228055936,25.079872407968907,20.12461179749811,22.67156809750927,28.42534080710379,22.360679774997898,25.298221281347036,33.94112549695428,22.67156809750927,13.0,24.758836806279895,13.038404810405298,14.142135623730951,11.180339887498949,16.76305461424021,17.46424919657298,0.0,0.0,0.0,0.0,0.0,0.0,0.0,0.0,0.0,0.0,0.0,12.206555615733702,13.038404810405298,11.40175425099138,15.811388300841896,10.44030650891055,12.727922061357855,18.027756377319946,27.313000567495326,15.033296378372908,19.0,19.6468827043885,21.095023109728988,20.223748416156685,24.351591323771842,30.463092423455635,21.633307652783937,24.20743687382041,22.80350850198276,22.47220505424423,19.209372712298546,20.518284528683193,14.212670403551895,13.601470508735444,22.360679774997898,17.08800749063506,18.788294228055936
21.213203435596427,16.0,11.045361017187261,10.63014581273465,12.206555615733702,15.033296378372908,23.706539182259394,14.422205101855956,10.0,24.331050121192877,10.198039027185569,20.615528128088304,26.248809496813376,23.345235059857504,24.20743687382041,29.732137494637012,26.627053911388696,26.1725046566048,29.0,24.698178070456937,18.867962264113206,16.15549442140351,18.788294228055936,9.055385138137417,20.12461179749811,12.36931687685298,14.142135623730951,0.0,0.0,0.0,0.0,0.0,0.0,0.0,0.0,0.0,0.0,0.0,8.54400374531753,15.0,13.341664064126334,8.0,24.166091947189145,12.165525060596439,21.37755832643195,24.186773244895647,22.090722034374522,19.209372712298546,20.0,26.076809620810597,27.51363298439521,25.612496949731394,25.553864678361276,18.439088914585774,26.92582403567252,36.76955262170047,20.591260281974,18.973665961010276,36.069377593742864,15.652475842498529,27.294688127912362,20.223748416156685,15.524174696260024,13.038404810405298
103.09219175087898,6.0,13.341664064126334,10.295630140987,14.866068747318506,19.6468827043885,16.0312195418814,16.1245154965971,17.029386365926403,20.518284528683193,21.95449840010015,23.853720883753127,14.7648230602334,27.313000567495326,18.601075237738275,25.0,22.80350850198276,19.1049731745428,18.601075237738275,13.0,22.80350850198276,27.80287754891569,18.788294228055936,15.524174696260024,15.033296378372908,19.1049731745428,18.788294228055936,0.0,0.0,0.0,0.0,0.0,0.0,0.0,0.0,0.0,0.0,0.0,16.278820596099706,12.727922061357855,13.601470508735444,12.36931687685298,14.560219778561036,18.027756377319946,13.038404810405298,19.026297590440446,16.15549442140351,16.1245154965971,17.69180601295413,23.430749027719962,19.4164878389476,28.284271247461902,21.095023109728988,29.732137494637012,22.80350850198276,26.40075756488817,14.212670403551895,18.35755975068582,26.627053911388696,18.027756377319946,18.601075237738275,22.02271554554524,13.038404810405298,13.601470508735444
120.42009799032718,20.0,28.42534080710379,29.410882339705484,34.132096331752024,33.301651610693426,33.24154027718932,28.844410203711913,31.240998703626616,32.2490309931942,31.144823004794873,32.55764119219941,29.832867780352597,28.42534080710379,24.839484696748443,25.612496949731394,24.041630560342615,18.439088914585774,10.63014581273465,10.770329614269007,6.708203932499369,4.242640687119285,6.708203932499369,8.06225774829855,8.94427190999916,10.63014581273465,9.433981132056603,0.0,0.0,0.0,0.0,0.0,0.0,0.0,0.0,0.0,0.0,0.0,30.083217912982647,31.016124838541646,31.953090617340916,32.57299494980466,31.622776601683793,24.515301344262525,29.427877939124322,22.80350850198276,22.135943621178654,20.024984394500787,12.36931687685298,14.035668847618199,4.0,6.0,5.830951894845301,10.295630140987,14.7648230602334,7.615773105863909,16.278820596099706,15.264337522473747,23.345235059857504,23.430749027719962,14.317821063276353,21.93171219946131,25.45584412271571,26.076809620810597
114.84337159801605,25.0,53.45091205957107,59.033888572581766,64.4980619863884,58.82176467941097,57.706152185014034,51.62363799656123,57.30619512757761,46.32493928760188,53.85164807134504,48.38388161361178,55.54277630799526,48.507731342539614,42.720018726587654,32.38826948140329,36.124783736376884,25.709920264364882,22.20360331117452,9.055385138137417,11.704699910719626,6.708203932499369,5.0990195135927845,13.038404810405298,17.46424919657298,21.02379604162864,28.071337695236398,0.0,0.0,0.0,0.0,0.0,0.0,0.0,0.0,0.0,0.0,0.0,53.08483775994799,58.008620049092706,54.0,59.30430001273095,59.033888572581766,52.61178575186362,49.09175083453431,42.579337712087536,39.11521443121589,35.35533905932738,29.0,28.071337695236398,18.027756377319946,12.727922061357855,13.92838827718412,17.08800749063506,27.459060435491963,21.095023109728988,31.144823004794873,36.40054944640259,35.38361202590826,36.87817782917155,52.478567053607705,50.99019513592785,41.23105625617661,40.311288741492746
146.72763884149435,8.0,41.43669871020132,45.09988913511872,47.095647357266465,39.0,67.7421582177598,60.166435825965294,63.245553203367585,56.859475903318,50.774009099144415,60.440052945046304,48.76474136094644,42.01190307520001,40.311288741492746,44.598206241955516,37.12142238654117,25.612496949731394,18.973665961010276,13.416407864998739,5.385164807134504,1.0,7.0710678118654755,15.811388300841896,19.026297590440446,21.37755832643195,18.973665961010276,0.0,0.0,0.0,0.0,0.0,0.0,0.0,0.0,0.0,0.0,0.0,55.362442142665635,56.36488268416781,56.61271941887264,59.80802621722272,54.817880294662984,55.71355310873648,49.24428900898052,47.29693436154187,35.4400902933387,35.34119409414458,30.083217912982647,16.55294535724685,17.0,7.211102550927978,14.0,13.92838827718412,19.849433241279208,17.204650534085253,35.73513677041127,34.20526275297414,45.5411901469428,47.095647357266465,39.56008088970496,22.847319317591726,33.734255586866,50.92150822589606
114.12712210513327,7.0,56.43580423808985,37.013511046643494,61.326992425847855,55.0,50.44799302251776,48.41487374764082,46.09772228646444,40.80441152620633,59.53990258641679,58.05170109479997,50.44799302251776,44.91102314577124,41.048751503547585,38.600518131237564,37.16180835212409,24.698178070456937,24.413111231467404,13.341664064126334,13.92838827718412,9.433981132056603,14.317821063276353,13.601470508735444,10.295630140987,13.038404810405298,19.849433241279208,0.0,0.0,0.0,0.0,0.0,0.0,0.0,0.0,0.0,0.0,0.0,56.71860364994893,62.81719509815764,59.53990258641679,57.0701322935211,59.033888572581766,55.036351623268054,46.09772228646444,50.44799302251776,38.47076812334269,30.364452901377952,24.73863375370596,23.53720459187964,15.033296378372908,14.560219778561036,19.026297590440446,9.433981132056603,20.615528128088304,36.235341863986875,33.24154027718932,29.068883707497267,22.847319317591726,38.28837943815329,22.47220505424423,28.653097563788805,64.07027391856539,56.43580423808985
128.0,8.0,67.08203932499369,63.34824385884742,64.76109943476871,41.773197148410844,57.21887800367987,50.28916384272063,50.039984012787215,53.33854141237835,51.24451190127583,44.64302857109943,41.30375285612676,41.30375285612676,45.35416188179427,35.014282800023196,46.61544808322666,23.345235059857504,19.313207915827967,17.4928556845359,6.708203932499369,5.0990195135927845,8.54400374531753,12.165525060596439,15.132745950421556,19.0,20.396078054371138,0.0,0.0,0.0,0.0,0.0,0.0,0.0,0.0,0.0,0.0,0.0,58.83026432033091,51.40038910358559,55.17245689653489,54.56189146281496,57.3149195236284,56.22277118748239,49.040799340956916,45.0,43.18564576337837,43.56604182158393,24.698178070456937,33.0,27.018512172212592,19.209372712298546,9.0,14.317821063276353,27.202941017470888,19.72308292331602,33.015148038438355,42.1070065428546,41.012193308819754,42.579337712087536,56.08029957123981,27.018512172212592,36.87817782917155,37.12142238654117
70.03570517957252,12.0,35.22782990761707,53.85164807134504,60.74537019394976,64.62197768561404,51.0098029794274,51.42956348249516,53.9351462406472,46.2709412050371,43.829214001622255,47.16990566028302,50.695167422546305,40.24922359499622,39.44616584663204,42.42640687119285,40.496913462633174,28.30194339616981,20.0,11.313708498984761,8.06225774829855,4.242640687119285,7.810249675906654,12.041594578792296,18.439088914585774,16.1245154965971,26.90724809414742,0.0,0.0,0.0,0.0,0.0,0.0,0.0,0.0,0.0,0.0,0.0,53.907327887774215,56.85068161420758,51.088159097779204,53.03772242470448,52.009614495783374,54.56189146281496,45.45327270945405,38.948684188300895,44.04543109109048,29.698484809834994,30.0,17.46424919657298,22.360679774997898,17.4928556845359,12.083045973594572,16.401219466856727,19.4164878389476,16.55294535724685,29.068883707497267,30.364452901377952,38.2099463490856,34.058772731852805,51.78802950489621,24.186773244895647,50.53711507397311,39.81205847478876
99.29753269845128,5.0,52.61178575186362,56.293871780150276,29.832867780352597,36.40054944640259,46.52956049652737,41.0,54.589376255824725,40.8166632639171,46.09772228646444,47.50789408087881,44.01136216933077,55.226805085936306,43.60045871318328,37.33630940518894,24.413111231467404,33.24154027718932,24.166091947189145,9.433981132056603,12.083045973594572,4.123105625617661,3.1622776601683795,13.601470508735444,14.7648230602334,20.808652046684813,25.942243542145693,0.0,0.0,0.0,0.0,0.0,0.0,0.0,0.0,0.0,0.0,0.0,56.36488268416781,59.61543424315552,53.85164807134504,57.245087125446844,50.695167422546305,49.76946855251722,50.08991914547278,45.65084884205331,40.85339643163099,32.01562118716424,29.068883707497267,20.0,11.661903789690601,8.602325267042627,15.0,18.35755975068582,30.870698080866262,34.48187929913333,31.38470965295043,27.65863337187866,33.54101966249684,36.05551275463989,55.90169943749474,40.162171256046406,57.584720195551874,45.5411901469428
132.48396129343357,7.0,43.278170016764804,50.60632371551998,37.12142238654117,52.3450093132096,50.60632371551998,45.0,87.28115489611719,48.79549159502341,51.088159097779204,52.3450093132096,41.10960958218893,43.60045871318328,38.18376618407357,38.948684188300895,63.387695966961914,25.45584412271571,21.095023109728988,14.142135623730951,43.32435804486894,3.605551275463989,5.0,6.4031242374328485,44.204072210600685,16.278820596099706,21.400934559032695,0.0,0.0,0.0,0.0,0.0,0.0,0.0,0.0,0.0,0.0,0.0,57.706152185014034,51.0098029794274,31.25699921617557,57.3149195236284,51.35172830587107,53.03772242470448,85.37564055396598,43.04648650006177,39.20459156782532,35.17101079013795,59.033888572581766,17.804493814764857,11.313708498984761,11.40175425099138,53.36665625650534,16.64331697709324,22.627416997969522,31.400636936215164,72.56031973468694,37.73592452822641,36.05551275463989,36.71511950137164,44.721359549995796,44.82186966202994,41.617304093369626,44.40720662234904
118.72657663724664,6.0,25.495097567963924,27.294688127912362,19.849433241279208,22.825424421026653,22.80350850198276,26.92582403567252,17.0,21.2602916254693,18.35755975068582,15.811388300841896,37.69615364994153,28.861739379323623,19.4164878389476,28.160255680657446,22.360679774997898,12.727922061357855,16.0312195418814,6.0,4.123105625617661,7.0710678118654755,6.0,5.385164807134504,5.0990195135927845,13.038404810405298,16.278820596099706,0.0,0.0,0.0,0.0,0.0,0.0,0.0,0.0,0.0,0.0,0.0,26.30589287593181,28.284271247461902,25.317977802344327,23.40939982143925,22.561028345356956,18.0,17.11724276862369,20.615528128088304,21.0,17.029386365926403,14.212670403551895,5.0990195135927845,16.278820596099706,11.661903789690601,12.36931687685298,16.0,2.8284271247461903,17.204650534085253,14.560219778561036,19.313207915827967,19.026297590440446,14.7648230602334,21.540659228538015,11.704699910719626,26.419689627245813,19.235384061671343
93.38094023943002,11.0,29.732137494637012,37.48332962798263,31.144823004794873,23.853720883753127,18.027756377319946,23.769728648009426,30.805843601498726,36.87817782917155,26.40075756488817,28.284271247461902,34.88552708502482,24.698178070456937,22.847319317591726,30.610455730027933,20.09975124224178,9.486832980505138,13.601470508735444,7.810249675906654,12.529964086141668,5.830951894845301,6.0,10.770329614269007,4.123105625617661,13.45362404707371,13.45362404707371,0.0,0.0,0.0,0.0,0.0,0.0,0.0,0.0,0.0,0.0,0.0,29.068883707497267,32.0624390837628,33.37663853655727,35.90264614203248,39.81205847478876,29.0,24.08318915758459,14.0,24.166091947189145,13.601470508735444,17.08800749063506,24.351591323771842,19.72308292331602,17.804493814764857,13.0,17.11724276862369,11.661903789690601,9.0,8.246211251235321,14.560219778561036,7.810249675906654,21.633307652783937,11.313708498984761,26.1725046566048,12.806248474865697,24.758836806279895
70.03570517957252,12.0,28.600699292150182,30.4138126514911,28.0178514522438,24.041630560342615,32.31098884280702,33.95585369269929,36.49657518178932,40.22437072223753,37.8021163428716,19.6468827043885,37.8549864614954,21.02379604162864,22.847319317591726,23.0,29.614185789921695,20.12461179749811,14.560219778561036,7.810249675906654,4.123105625617661,3.605551275463989,9.848857801796104,11.40175425099138,10.04987562112089,15.264337522473747,18.601075237738275,0.0,0.0,0.0,0.0,0.0,0.0,0.0,0.0,0.0,0.0,0.0,33.54101966249684,31.04834939252005,26.68332812825267,34.713109915419565,32.01562118716424,31.78049716414141,18.867962264113206,18.867962264113206,18.973665961010276,21.0,12.165525060596439,19.924858845171276,14.317821063276353,16.1245154965971,17.69180601295413,16.55294535724685,11.0,13.892443989449804,22.02271554554524,19.026297590440446,8.246211251235321,21.095023109728988,14.7648230602334,17.204650534085253,18.788294228055936,24.596747752497688
96.18731725128839,15.0,11.40175425099138,4.123105625617661,12.041594578792296,12.649110640673518,20.808652046684813,16.97056274847714,21.470910553583888,11.40175425099138,22.80350850198276,24.041630560342615,25.45584412271571,26.476404589747453,22.360679774997898,23.323807579381203,21.587033144922902,16.278820596099706,17.804493814764857,25.553864678361276,13.601470508735444,12.041594578792296,14.212670403551895,11.40175425099138,18.601075237738275,12.165525060596439,3.1622776601683795,0.0,0.0,0.0,0.0,0.0,0.0,0.0,0.0,0.0,0.0,0.0,15.524174696260024,10.44030650891055,18.027756377319946,13.0,18.601075237738275,12.206555615733702,8.94427190999916,19.1049731745428,17.26267650163207,15.524174696260024,20.09975124224178,14.035668847618199,24.166091947189145,23.0,19.1049731745428,18.027756377319946,28.600699292150182,21.840329667841555,23.345235059857504,16.278820596099706,22.360679774997898,26.248809496813376,17.72004514666935,24.041630560342615,15.231546211727817,6.324555320336759
103.09219175087898,6.0,9.219544457292887,15.524174696260024,4.242640687119285,14.212670403551895,13.0,19.235384061671343,10.0,18.439088914585774,16.492422502470642,29.274562336608895,20.615528128088304,24.515301344262525,25.317977802344327,23.345235059857504,29.274562336608895,29.832867780352597,20.8806130178211,20.248456731316587,21.540659228538015,24.166091947189145,19.1049731745428,19.209372712298546,11.180339887498949,13.601470508735444,12.041594578792296,0.0,0.0,0.0,0.0,0.0,0.0,0.0,0.0,0.0,0.0,0.0,11.180339887498949,7.0,12.649110640673518,9.0,14.560219778561036,13.92838827718412,17.26267650163207,13.601470508735444,22.360679774997898,19.4164878389476,25.942243542145693,18.384776310850235,17.4928556845359,19.849433241279208,25.942243542145693,22.20360331117452,29.068883707497267,23.323807579381203,18.681541692269406,21.633307652783937,21.840329667841555,26.419689627245813,19.235384061671343,23.40939982143925,21.213203435596427,14.212670403551895
128.0,8.0,14.212670403551895,10.04987562112089,8.06225774829855,13.601470508735444,13.892443989449804,22.02271554554524,21.93171219946131,15.556349186104045,26.248809496813376,12.041594578792296,17.029386365926403,22.02271554554524,19.235384061671343,21.213203435596427,22.0,15.231546211727817,27.65863337187866,22.02271554554524,20.248456731316587,17.46424919657298,11.180339887498949,12.041594578792296,9.848857801796104,8.0,11.40175425099138,0.0,0.0,0.0,0.0,0.0,0.0,0.0,0.0,0.0,0.0,0.0,7.211102550927978,9.848857801796104,13.038404810405298,6.4031242374328485,21.18962010041709,11.704699910719626,15.652475842498529,15.0,13.038404810405298,9.899494936611665,27.459060435491963,17.0,25.709920264364882,31.11269837220809,26.627053911388696,17.69180601295413,17.69180601295413,36.71511950137164,17.029386365926403,21.540659228538015,21.840329667841555,25.80697580112788,15.620499351813308,15.811388300841896,13.601470508735444,3.0
120.20815280171308,29.0,23.194827009486403,33.95585369269929,35.05709628591621,27.65863337187866,26.30589287593181,34.17601498127012,29.274562336608895,18.110770276274835,33.24154027718932,33.06055050963308,29.427877939124322,24.331050121192877,26.30589287593181,24.331050121192877,19.4164878389476,14.142135623730951,9.0,9.219544457292887,6.082762530298219,1.0,8.94427190999916,4.47213595499958,9.486832980505138,13.152946437965905,15.132745950421556,0.0,0.0,0.0,0.0,0.0,0.0,0.0,0.0,0.0,0.0,0.0,27.294688127912362,32.7566787083184,28.284271247461902,30.01666203960727,28.442925306655784,28.160255680657446,22.02271554554524,21.0,19.026297590440446,11.180339887498949,11.704699910719626,8.54400374531753,4.47213595499958,6.708203932499369,4.123105625617661,11.180339887498949,11.045361017187261,16.278820596099706,18.110770276274835,23.259406699226016,14.317821063276353,18.027756377319946,25.179356624028344,17.029386365926403,23.345235059857504,23.53720459187964
96.18731725128839,15.0,29.410882339705484,30.265491900843113,27.459060435491963,32.2490309931942,30.4138126514911,33.015148038438355,27.073972741361768,33.13608305156178,28.071337695236398,32.01562118716424,26.476404589747453,26.30589287593181,20.248456731316587,21.02379604162864,17.08800749063506,15.524174696260024,13.152946437965905,10.770329614269007,5.830951894845301,2.8284271247461903,4.123105625617661,8.54400374531753,14.317821063276353,12.165525060596439,16.278820596099706,0.0,0.0,0.0,0.0,0.0,0.0,0.0,0.0,0.0,0.0,0.0,36.124783736376884,34.52535300326414,35.510561809129406,33.13608305156178,32.0624390837628,29.017236257093817,26.248809496813376,23.53720459187964,21.095023109728988,19.1049731745428,18.24828759089466,9.486832980505138,8.602325267042627,2.23606797749979,7.615773105863909,9.055385138137417,13.152946437965905,10.0,20.396078054371138,23.021728866442675,23.0,15.033296378372908,20.024984394500787,27.459060435491963,25.0,23.021728866442675
99.29753269845128,5.0,23.600847442411894,31.827660925679098,32.449961479175904,31.400636936215164,30.805843601498726,32.01562118716424,29.698484809834994,34.058772731852805,30.4138126514911,37.48332962798263,30.23243291566195,27.586228448267445,24.758836806279895,20.518284528683193,19.79898987322333,17.204650534085253,18.384776310850235,5.0,6.708203932499369,2.23606797749979,5.385164807134504,8.0,9.486832980505138,14.866068747318506,14.866068747318506,0.0,0.0,0.0,0.0,0.0,0.0,0.0,0.0,0.0,0.0,0.0,34.66987164671943,34.0147027033899,33.12099032335839,34.66987164671943,32.202484376209235,28.30194339616981,26.40075756488817,24.596747752497688,24.413111231467404,20.615528128088304,10.0,5.385164807134504,4.242640687119285,7.0,7.211102550927978,7.615773105863909,8.06225774829855,15.0,19.79898987322333,16.278820596099706,19.4164878389476,25.553864678361276,22.80350850198276,25.45584412271571,25.612496949731394,26.248809496813376
128.0,8.0,28.792360097775937,27.313000567495326,30.463092423455635,31.016124838541646,32.64965543462902,33.61547262794322,32.202484376209235,30.610455730027933,28.178005607210743,28.844410203711913,28.178005607210743,24.596747752497688,29.068883707497267,21.095023109728988,19.4164878389476,21.540659228538015,14.560219778561036,10.770329614269007,6.324555320336759,4.123105625617661,8.246211251235321,7.0710678118654755,13.601470508735444,14.212670403551895,17.0,0.0,0.0,0.0,0.0,0.0,0.0,0.0,0.0,0.0,0.0,0.0,34.0147027033899,37.94733192202055,33.83784863137726,34.713109915419565,30.59411708155671,28.635642126552707,24.041630560342615,29.120439557122072,25.317977802344327,20.8806130178211,11.180339887498949,9.219544457292887,3.1622776601683795,5.0990195135927845,6.324555320336759,9.486832980505138,14.317821063276353,11.661903789690601,18.788294228055936,18.681541692269406,18.601075237738275,25.079872407968907,21.540659228538015,24.698178070456937,22.02271554554524,20.615528128088304
128.8875478857442,5.0,20.12461179749811,25.495097567963924,24.166091947189145,25.632011235952593,27.202941017470888,27.65863337187866,27.294688127912362,22.135943621178654,24.041630560342615,23.53720459187964,29.732137494637012,22.360679774997898,18.027756377319946,21.095023109728988,21.37755832643195,16.15549442140351,11.661903789690601,11.40175425099138,7.0710678118654755,6.4031242374328485,3.1622776601683795,7.211102550927978,10.44030650891055,16.278820596099706,15.132745950421556,0.0,0.0,0.0,0.0,0.0,0.0,0.0,0.0,0.0,0.0,0.0,31.78049716414141,33.24154027718932,32.57299494980466,32.28002478313795,26.92582403567252,28.160255680657446,27.202941017470888,19.313207915827967,21.540659228538015,17.46424919657298,10.770329614269007,9.0,7.615773105863909,1.4142135623730951,5.0,4.123105625617661,13.416407864998739,18.867962264113206,16.76305461424021,17.46424919657298,24.351591323771842,16.1245154965971,19.924858845171276,15.524174696260024,19.849433241279208,19.72308292331602
80.15609770940699,15.0,8.06225774829855,13.152946437965905,19.313207915827967,16.55294535724685,16.55294535724685,23.40939982143925,20.09975124224178,21.540659228538015,17.46424919657298,22.02271554554524,24.020824298928627,18.027756377319946,24.698178070456937,23.08679276123039,29.154759474226502,23.345235059857504,16.492422502470642,17.88854381999832,23.0,18.027756377319946,18.384776310850235,16.64331697709324,13.0,11.180339887498949,10.295630140987,0.0,0.0,0.0,0.0,0.0,0.0,0.0,0.0,0.0,0.0,0.0,12.727922061357855,8.602325267042627,13.601470508735444,13.416407864998739,13.152946437965905,9.848857801796104,14.0,15.033296378372908,20.591260281974,25.298221281347036,18.384776310850235,20.248456731316587,21.400934559032695,19.313207915827967,26.627053911388696,25.495097567963924,22.02271554554524,24.186773244895647,24.698178070456937,14.422205101855956,23.430749027719962,10.63014581273465,18.439088914585774,18.35755975068582,19.235384061671343,12.529964086141668
21.213203435596427,16.0,11.180339887498949,22.090722034374522,13.45362404707371,21.93171219946131,14.317821063276353,21.2602916254693,16.64331697709324,19.924858845171276,25.495097567963924,23.853720883753127,23.08679276123039,21.37755832643195,19.849433241279208,20.8806130178211,24.351591323771842,29.614185789921695,24.515301344262525,19.0,18.24828759089466,11.045361017187261,18.110770276274835,14.7648230602334,13.601470508735444,10.198039027185569,8.94427190999916,0.0,0.0,0.0,0.0,0.0,0.0,0.0,0.0,0.0,0.0,0.0,6.0,11.313708498984761,14.866068747318506,12.36931687685298,18.384776310850235,12.36931687685298,12.529964086141668,25.079872407968907,23.0,11.40175425099138,11.40175425099138,19.235384061671343,18.110770276274835,11.045361017187261,32.0,12.041594578792296,23.53720459187964,15.132745950421556,21.840329667841555,31.064449134018133,18.027756377319946,25.495097567963924,18.0,14.0,18.027756377319946,10.770329614269007
99.29753269845128,5.0,16.0312195418814,20.248456731316587,21.93171219946131,25.079872407968907,26.68332812825267,17.88854381999832,23.40939982143925,22.67156809750927,34.438350715445125,25.079872407968907,25.298221281347036,27.459060435491963,23.323807579381203,21.633307652783937,26.076809620810597,19.4164878389476,16.401219466856727,11.313708498984761,10.0,5.656854249492381,6.324555320336759,5.656854249492381,8.06225774829855,13.0,16.1245154965971,0.0,0.0,0.0,0.0,0.0,0.0,0.0,0.0,0.0,0.0,0.0,29.154759474226502,26.0,27.294688127912362,26.832815729997478,26.0,23.021728866442675,20.248456731316587,21.02379604162864,18.788294228055936,15.231546211727817,10.816653826391969,11.180339887498949,3.0,8.54400374531753,9.486832980505138,10.04987562112089,14.035668847618199,14.212670403551895,14.142135623730951,24.186773244895647,17.204650534085253,11.180339887498949,14.317821063276353,25.179356624028344,28.442925306655784,20.615528128088304
103.09219175087898,6.0,31.400636936215164,40.80441152620633,40.01249804748511,51.088159097779204,48.76474136094644,42.44997055358225,60.13318551349163,44.181444068749045,60.207972893961475,46.87216658103186,49.8196748283246,54.230987451824994,50.99019513592785,39.20459156782532,41.593268686170845,39.45883931389772,31.575306807693888,22.80350850198276,13.892443989449804,18.027756377319946,17.029386365926403,14.866068747318506,19.313207915827967,18.027756377319946,33.421549934136806,0.0,0.0,0.0,0.0,0.0,0.0,0.0,0.0,0.0,0.0,0.0,56.859475903318,54.378304497290095,50.99019513592785,53.03772242470448,54.817880294662984,53.03772242470448,49.20365840057018,43.01162633521314,33.24154027718932,35.22782990761707,31.89043743820395,27.730849247724095,20.223748416156685,8.0,13.601470508735444,23.08679276123039,36.24913792078372,24.186773244895647,25.0,48.76474136094644,33.1058907144937,32.984845004941285,30.23243291566195,38.897300677553446,44.384682042344295,36.359317925395686
128.0,8.0,31.016124838541646,31.76476034853718,42.941821107167776,49.193495504995376,34.20526275297414,39.6232255123179,58.249463516842795,63.25345840347388,57.38466694161429,50.99019513592785,56.859475903318,60.802960454241045,55.154328932550705,51.088159097779204,38.18376618407357,32.526911934581186,24.758836806279895,17.69180601295413,15.033296378372908,12.36931687685298,13.152946437965905,8.94427190999916,20.223748416156685,17.029386365926403,30.066592756745816,0.0,0.0,0.0,0.0,0.0,0.0,0.0,0.0,0.0,0.0,0.0,54.037024344425184,54.405882034941776,49.73932046178355,54.20332093147061,48.76474136094644,47.41307836451879,46.06517122512408,44.9221548904324,37.69615364994153,38.27531841800928,28.635642126552707,16.64331697709324,17.46424919657298,4.0,7.810249675906654,18.027756377319946,19.79898987322333,15.297058540778355,35.35533905932738,34.058772731852805,25.238858928247925,25.0,45.27692569068709,37.12142238654117,36.124783736376884,41.036569057366385
80.15609770940699,15.0,60.40695324215582,48.010415536631214,29.154759474226502,38.07886552931954,35.77708763999664,44.77722635447622,48.02082881417188,62.177166226839255,66.30987860040162,62.00806399170998,50.08991914547278,45.880278987817846,47.51841748206689,49.040799340956916,42.95346318982906,39.20459156782532,32.01562118716424,24.351591323771842,19.849433241279208,7.280109889280518,13.416407864998739,18.384776310850235,16.492422502470642,24.698178070456937,31.89043743820395,0.0,0.0,0.0,0.0,0.0,0.0,0.0,0.0,0.0,0.0,0.0,54.037024344425184,53.81449618829484,54.45181356024793,47.38143096192854,52.009614495783374,42.190046219457976,43.382023926967726,32.984845004941285,39.44616584663204,35.22782990761707,28.0178514522438,24.515301344262525,26.627053911388696,17.46424919657298,22.0,23.430749027719962,24.839484696748443,24.698178070456937,35.22782990761707,36.359317925395686,35.4682957019364,31.953090617340916,28.792360097775937,24.08318915758459,41.19465984809196,39.05124837953327
21.213203435596427,16.0,23.08679276123039,22.847319317591726,21.95449840010015,24.351591323771842,28.861739379323623,30.14962686336267,22.80350850198276,20.615528128088304,38.01315561749642,30.528675044947494,25.317977802344327,23.08679276123039,25.632011235952593,34.0,23.0,13.0,23.194827009486403,19.697715603592208,11.40175425099138,5.0990195135927845,4.123105625617661,13.45362404707371,13.038404810405298,16.278820596099706,18.601075237738275,0.0,0.0,0.0,0.0,0.0,0.0,0.0,0.0,0.0,0.0,0.0,26.40075756488817,27.202941017470888,28.792360097775937,24.351591323771842,29.410882339705484,18.110770276274835,27.85677655436824,25.317977802344327,17.0,16.1245154965971,25.079872407968907,13.601470508735444,7.211102550927978,15.264337522473747,9.219544457292887,13.92838827718412,12.083045973594572,23.021728866442675,11.704699910719626,28.635642126552707,22.847319317591726,13.152946437965905,18.24828759089466,12.041594578792296,21.02379604162864,11.180339887498949
99.29753269845128,5.0,39.0,56.88585061331157,41.10960958218893,41.048751503547585,46.09772228646444,50.695167422546305,47.07440918375928,50.59644256269407,57.0701322935211,54.91812087098393,52.392747589718944,50.28916384272063,45.221676218380054,54.45181356024793,44.10215414239989,37.36308338453881,35.6931365951495,29.017236257093817,15.297058540778355,7.211102550927978,13.45362404707371,10.0,13.416407864998739,23.345235059857504,31.38470965295043,0.0,0.0,0.0,0.0,0.0,0.0,0.0,0.0,0.0,0.0,0.0,55.31726674375732,51.78802950489621,52.20153254455275,54.62600113499065,42.05948168962618,48.76474136094644,42.485291572496,29.068883707497267,30.4138126514911,28.30194339616981,36.40054944640259,12.649110640673518,22.02271554554524,5.0,22.20360331117452,22.20360331117452,19.235384061671343,24.186773244895647,21.93171219946131,34.52535300326414,24.698178070456937,41.19465984809196,39.11521443121589,43.46262762420146,49.76946855251722,44.721359549995796
73.348483283569,11.0,47.042533945356304,43.41658669218482,47.853944456021594,61.29437168288782,45.0111097397076,47.853944456021594,49.33558553417604,61.66036003787198,48.76474136094644,53.85164807134504,47.01063709417264,52.32590180780452,49.47726750741192,47.634021455258214,44.28317965096906,39.44616584663204,30.528675044947494,29.68164415931166,18.788294228055936,16.492422502470642,14.0,17.029386365926403,18.110770276274835,24.331050121192877,31.400636936215164,0.0,0.0,0.0,0.0,0.0,0.0,0.0,0.0,0.0,0.0,0.0,50.00999900019995,53.600373133029585,50.99019513592785,52.20153254455275,53.75872022286245,51.54609587543949,44.28317965096906,45.18849411078001,34.539832078341085,26.627053911388696,25.317977802344327,16.15549442140351,19.72308292331602,20.12461179749811,10.198039027185569,31.304951684997057,29.154759474226502,27.018512172212592,32.0624390837628,21.37755832643195,31.38470965295043,36.89173349139343,28.653097563788805,38.63935817272331,37.589892258425,43.46262762420146
56.0357029044876,13.0,55.94640292279746,58.137767414994535,50.44799302251776,47.53945729601885,37.16180835212409,43.657759905886145,50.59644256269407,46.09772228646444,49.24428900898052,58.69412236331676,56.64803615307419,57.56735185849702,50.695167422546305,46.238512086787566,43.93176527297759,40.718546143004666,26.40075756488817,20.591260281974,21.0,11.40175425099138,8.06225774829855,13.038404810405298,14.560219778561036,24.331050121192877,29.427877939124322,0.0,0.0,0.0,0.0,0.0,0.0,0.0,0.0,0.0,0.0,0.0,48.46648326421054,53.53503525729669,52.80151512977634,50.24937810560445,49.040799340956916,43.18564576337837,43.86342439892262,41.012193308819754,32.55764119219941,34.20526275297414,22.80350850198276,24.698178070456937,20.09975124224178,16.15549442140351,10.63014581273465,17.46424919657298,16.0312195418814,33.95585369269929,28.30194339616981,26.1725046566048,25.80697580112788,31.78049716414141,28.0178514522438,31.016124838541646,36.345563690772494,33.61547262794322
128.8875478857442,5.0,44.384682042344295,63.702433234531945,43.04648650006177,48.75448697299562,32.38826948140329,45.5411901469428,57.87054518492115,55.00909015790027,44.40720662234904,63.631753079732135,48.82622246293481,48.79549159502341,55.21775076911409,44.68780594300866,49.51767361255979,33.421549934136806,26.1725046566048,17.88854381999832,28.844410203711913,14.317821063276353,12.041594578792296,15.652475842498529,20.09975124224178,27.294688127912362,28.460498941515414,0.0,0.0,0.0,0.0,0.0,0.0,0.0,0.0,0.0,0.0,0.0,51.07837115648854,49.39635614091387,46.238512086787566,48.75448697299562,52.20153254455275,48.02082881417188,46.75467891024384,42.5205832509386,39.20459156782532,24.839484696748443,38.2099463490856,28.160255680657446,14.317821063276353,9.899494936611665,15.811388300841896,13.45362404707371,29.614185789921695,25.0,36.05551275463989,31.016124838541646,18.027756377319946,35.4682957019364,39.698866482558415,49.33558553417604,20.518284528683193,38.07886552931954
146.72763884149435,8.0,53.03772242470448,49.040799340956916,57.30619512757761,57.245087125446844,43.18564576337837,46.69047011971501,49.040799340956916,55.57877292636101,46.09772228646444,58.69412236331676,56.859475903318,56.568542494923804,53.150729063673246,43.73785545725808,44.384682042344295,35.6931365951495,30.528675044947494,28.442925306655784,17.08800749063506,16.55294535724685,5.385164807134504,18.788294228055936,15.0,31.400636936215164,36.87817782917155,0.0,0.0,0.0,0.0,0.0,0.0,0.0,0.0,0.0,0.0,0.0,50.48762224545735,57.723478758647246,46.57252408878007,61.68468205316454,51.62363799656123,45.880278987817846,43.46262762420146,36.71511950137164,29.966648127543394,33.54101966249684,16.64331697709324,28.0,16.492422502470642,13.038404810405298,18.867962264113206,14.560219778561036,27.202941017470888,25.079872407968907,35.90264614203248,24.351591323771842,32.28002478313795,39.293765408777,33.24154027718932,35.17101079013795,45.17742799230607,45.044422518220834
128.0,8.0,26.832815729997478,30.0,33.94112549695428,31.38470965295043,35.4682957019364,29.120439557122072,38.58756276314948,42.5440947723653,40.311288741492746,39.395431207184416,32.69556544854363,37.64306044943742,34.785054261852174,35.510561809129406,29.410882339705484,30.265491900843113,23.345235059857504,22.360679774997898,14.035668847618199,11.704699910719626,8.0,5.656854249492381,5.0,11.661903789690601,12.529964086141668,0.0,0.0,0.0,0.0,0.0,0.0,0.0,0.0,0.0,0.0,0.0,20.615528128088304,22.47220505424423,20.248456731316587,19.235384061671343,17.26267650163207,17.46424919657298,15.0,13.038404810405298,9.219544457292887,8.54400374531753,12.649110640673518,6.082762530298219,8.246211251235321,11.045361017187261,17.26267650163207,14.7648230602334,10.770329614269007,20.248456731316587,15.652475842498529,24.020824298928627,12.206555615733702,13.038404810405298,26.476404589747453,13.892443989449804,16.76305461424021,19.209372712298546
99.29753269845128,5.0,50.35871324805669,61.741396161732524,55.46169849544819,56.568542494923804,60.53924347066124,60.37383539249432,58.60034129593445,78.29431652425353,63.953107821277925,71.06335201775947,74.4043009509531,78.00640999302557,67.26812023536856,69.42621983083913,68.81860213634101,54.037024344425184,47.4236228055175,46.09772228646444,27.80287754891569,15.264337522473747,11.661903789690601,8.48528137423857,10.04987562112089,17.46424919657298,24.020824298928627,0.0,0.0,0.0,0.0,0.0,0.0,0.0,0.0,0.0,0.0,0.0,38.27531841800928,44.27188724235731,42.720018726587654,37.12142238654117,37.12142238654117,29.732137494637012,30.463092423455635,24.186773244895647,20.223748416156685,16.1245154965971,8.54400374531753,20.396078054371138,19.1049731745428,15.524174696260024,13.038404810405298,18.601075237738275,29.410882339705484,28.319604517012593,46.04345773288535,38.91015291668744,33.421549934136806,40.36087214122113,34.20526275297414,30.610455730027933,47.80167361086848,39.408120990476064
99.29753269845128,5.0,36.796738985948195,55.362442142665635,54.62600113499065,53.41348144429457,75.6042326857432,80.15609770940699,69.02897942168927,75.8023746329889,79.90619500389191,86.97700845625813,74.24957912338628,81.05553651663777,69.65629906907199,70.00714249274856,68.00735254367721,59.54829972383762,54.67174773134658,36.87817782917155,33.015148038438355,19.1049731745428,15.811388300841896,7.0710678118654755,15.297058540778355,19.1049731745428,26.570660511172846,0.0,0.0,0.0,0.0,0.0,0.0,0.0,0.0,0.0,0.0,0.0,38.27531841800928,40.24922359499622,41.78516483155236,38.948684188300895,42.5440947723653,35.17101079013795,27.892651361962706,27.65863337187866,30.01666203960727,15.297058540778355,8.94427190999916,19.235384061671343,18.027756377319946,16.55294535724685,23.194827009486403,24.413111231467404,22.02271554554524,22.360679774997898,29.966648127543394,32.64965543462902,13.152946437965905,27.459060435491963,30.083217912982647,31.38470965295043,47.50789408087881,50.20956084253277
70.03570517957252,12.0,60.53924347066124,51.22499389946279,65.76473218982953,64.03124237432849,51.478150704935004,65.45991139621256,80.52949770115296,71.34423592694787,66.57326790837296,71.30918594402827,74.32361670424818,77.6659513557904,62.177166226839255,74.94664769020693,67.26812023536856,50.0,56.64803615307419,37.8021163428716,30.4138126514911,21.18962010041709,12.206555615733702,4.123105625617661,13.038404810405298,18.24828759089466,24.041630560342615,0.0,0.0,0.0,0.0,0.0,0.0,0.0,0.0,0.0,0.0,0.0,46.04345773288535,36.87817782917155,39.05124837953327,42.37924020083418,40.311288741492746,34.36568055487916,25.495097567963924,30.066592756745816,18.027756377319946,22.847319317591726,21.18962010041709,16.76305461424021,20.615528128088304,23.706539182259394,17.46424919657298,26.019223662515376,26.92582403567252,19.235384061671343,29.832867780352597,32.2490309931942,43.01162633521314,29.732137494637012,40.80441152620633,37.0,26.40075756488817,32.202484376209235
146.72763884149435,8.0,5.385164807134504,11.180339887498949,11.045361017187261,11.40175425099138,13.038404810405298,7.810249675906654,26.0,13.0,12.206555615733702,16.401219466856727,11.704699910719626,21.95449840010015,17.0,18.681541692269406,19.697715603592208,23.259406699226016,20.248456731316587,27.073972741361768,13.152946437965905,21.587033144922902,9.848857801796104,17.4928556845359,11.661903789690601,10.0,10.198039027185569,0.0,0.0,0.0,0.0,0.0,0.0,0.0,0.0,0.0,0.0,0.0,15.132745950421556,11.045361017187261,5.0990195135927845,10.770329614269007,15.652475842498529,20.396078054371138,14.560219778561036,20.024984394500787,24.0,26.019223662515376,18.973665961010276,18.973665961010276,28.160255680657446,24.351591323771842,29.274562336608895,19.235384061671343,24.596747752497688,26.570660511172846,27.018512172212592,17.804493814764857,26.40075756488817,18.867962264113206,20.248456731316587,14.317821063276353,15.556349186104045,13.416407864998739
114.12712210513327,7.0,6.4031242374328485,7.0710678118654755,8.48528137423857,20.248456731316587,12.041594578792296,12.206555615733702,16.64331697709324,20.248456731316587,22.090722034374522,28.635642126552707,17.029386365926403,25.298221281347036,23.08679276123039,26.30589287593181,22.47220505424423,23.021728866442675,23.53720459187964,22.360679774997898,20.808652046684813,19.849433241279208,16.15549442140351,15.0,16.278820596099706,15.652475842498529,12.083045973594572,0.0,0.0,0.0,0.0,0.0,0.0,0.0,0.0,0.0,0.0,0.0,14.422205101855956,10.816653826391969,18.867962264113206,17.69180601295413,15.652475842498529,17.46424919657298,14.560219778561036,21.840329667841555,17.46424919657298,21.2602916254693,16.278820596099706,19.1049731745428,25.612496949731394,18.384776310850235,24.08318915758459,17.72004514666935,19.72308292331602,26.832815729997478,30.886890422961002,16.76305461424021,23.769728648009426,20.808652046684813,22.627416997969522,10.0,10.816653826391969,17.88854381999832
131.59027319676784,5.0,2.23606797749979,7.0710678118654755,11.313708498984761,15.524174696260024,13.601470508735444,16.55294535724685,19.6468827043885,24.596747752497688,33.83784863137726,19.697715603592208,23.323807579381203,21.540659228538015,26.68332812825267,18.681541692269406,28.792360097775937,24.041630560342615,27.202941017470888,21.02379604162864,22.20360331117452,21.213203435596427,23.194827009486403,16.76305461424021,16.64331697709324,14.866068747318506,14.560219778561036,0.0,0.0,0.0,0.0,0.0,0.0,0.0,0.0,0.0,0.0,0.0,14.142135623730951,4.47213595499958,10.0,15.264337522473747,14.212670403551895,17.804493814764857,15.811388300841896,17.029386365926403,20.248456731316587,14.866068747318506,24.515301344262525,21.213203435596427,19.6468827043885,27.0,17.029386365926403,23.08679276123039,25.632011235952593,22.847319317591726,25.317977802344327,25.709920264364882,21.02379604162864,25.079872407968907,12.649110640673518,14.142135623730951,17.46424919657298,11.180339887498949
146.72763884149435,8.0,20.518284528683193,30.4138126514911,34.655446902326915,28.0178514522438,25.059928172283335,36.76955262170047,34.828149534535996,24.20743687382041,35.608987629529715,31.400636936215164,27.65863337187866,32.01562118716424,32.01562118716424,28.844410203711913,25.612496949731394,22.67156809750927,18.867962264113206,17.69180601295413,14.866068747318506,9.899494936611665,8.06225774829855,5.385164807134504,1.4142135623730951,3.605551275463989,6.4031242374328485,0.0,0.0,0.0,0.0,0.0,0.0,0.0,0.0,0.0,0.0,0.0,25.079872407968907,24.08318915758459,27.294688127912362,21.213203435596427,25.298221281347036,21.18962010041709,19.924858845171276,15.811388300841896,15.524174696260024,12.36931687685298,9.486832980505138,9.433981132056603,3.1622776601683795,5.385164807134504,7.810249675906654,8.06225774829855,15.264337522473747,10.770329614269007,15.556349186104045,14.866068747318506,20.615528128088304,18.384776310850235,24.186773244895647,21.470910553583888,23.600847442411894,24.166091947189145
114.12712210513327,7.0,77.80102827083971,57.9396237474839,69.1158447825099,72.44998274671983,64.8459713474939,91.28526715741155,65.7875368135941,81.88406438373708,82.76472678623425,86.45229898620394,77.3692445355388,79.40403012442127,73.57309290766564,68.5054742338158,65.73431371817918,51.884487084291386,41.182520563948,42.04759208325728,32.802438933713454,28.844410203711913,14.035668847618199,5.830951894845301,6.708203932499369,9.219544457292887,14.317821063276353,0.0,0.0,0.0,0.0,0.0,0.0,0.0,0.0,0.0,0.0,0.0,53.150729063673246,51.73973328110612,52.630789467763066,48.60041152089147,50.774009099144415,44.41846462902562,43.657759905886145,44.721359549995796,35.510561809129406,26.1725046566048,22.67156809750927,6.708203932499369,15.652475842498529,15.556349186104045,15.524174696260024,27.018512172212592,28.231188426986208,36.6742416417845,41.30375285612676,34.0,50.92150822589606,45.18849411078001,63.56099432828282,55.00909015790027,51.62363799656123,71.19691004531025
128.8875478857442,5.0,58.18934610390462,41.0,65.52098900352466,82.85529554590944,48.05205510693585,72.44998274671983,71.55417527999327,90.35485598461214,87.84645695758026,82.76472678623425,79.6994353806851,73.79024325749306,80.05623023850174,62.177166226839255,64.32728814430156,58.52349955359813,51.66236541235796,30.59411708155671,39.45883931389772,24.331050121192877,9.0,9.899494936611665,2.23606797749979,10.816653826391969,18.788294228055936,0.0,0.0,0.0,0.0,0.0,0.0,0.0,0.0,0.0,0.0,0.0,55.57877292636101,58.54912467321779,53.46026561849464,53.600373133029585,50.0,48.16637831516918,51.0098029794274,47.265209192385896,37.05401462729781,20.396078054371138,22.47220505424423,11.180339887498949,15.231546211727817,13.038404810405298,15.652475842498529,21.095023109728988,29.274562336608895,27.730849247724095,34.40930106817051,24.20743687382041,23.40939982143925,51.0,45.89117562233506,34.92849839314596,46.52956049652737,60.67124524847005
93.38094023943002,11.0,75.16648189186454,44.40720662234904,74.67261881037788,70.02856560004639,68.0294054067798,69.87131027825369,77.27871634544663,70.03570517957252,73.824115301167,79.62411694957753,65.25335240430181,82.29823813423954,71.30918594402827,54.147945482723536,70.83784299369935,49.9799959983992,43.93176527297759,49.040799340956916,25.495097567963924,22.20360331117452,21.840329667841555,11.313708498984761,6.324555320336759,12.041594578792296,14.422205101855956,0.0,0.0,0.0,0.0,0.0,0.0,0.0,0.0,0.0,0.0,0.0,59.64059020499378,48.27007354458868,51.85556864985669,56.61271941887264,55.31726674375732,39.20459156782532,37.48332962798263,32.01562118716424,29.732137494637012,34.132096331752024,21.633307652783937,6.324555320336759,3.0,13.892443989449804,2.23606797749979,20.223748416156685,12.165525060596439,44.27188724235731,46.09772228646444,38.2099463490856,45.35416188179427,41.10960958218893,49.72926703662542,63.00793600809346,70.83078426785913,69.02897942168927
103.09219175087898,9.0,23.769728648009426,25.179356624028344,27.294688127912362,24.166091947189145,25.0,28.231188426986208,25.495097567963924,25.96150997149434,28.635642126552707,26.019223662515376,31.25699921617557,29.410882339705484,26.0,20.024984394500787,21.213203435596427,24.351591323771842,28.0178514522438,19.026297590440446,9.848857801796104,13.152946437965905,5.656854249492381,3.605551275463989,7.0710678118654755,1.4142135623730951,7.810249675906654,0.0,0.0,0.0,0.0,0.0,0.0,0.0,0.0,0.0,0.0,0.0,20.024984394500787,22.02271554554524,18.24828759089466,24.515301344262525,18.601075237738275,19.924858845171276,21.213203435596427,12.36931687685298,13.892443989449804,9.055385138137417,10.63014581273465,7.280109889280518,1.4142135623730951,3.605551275463989,6.324555320336759,7.615773105863909,11.40175425099138,13.038404810405298,22.80350850198276,12.529964086141668,16.0312195418814,21.0,15.0,25.0,26.019223662515376,21.0
125.53883861180172,6.0,58.69412236331676,84.40379138403677,64.53681120105021,70.9365914038728,81.41252974819048,68.96375859826666,65.79513659838392,76.24303246854758,73.76313442364011,72.2357252334328,77.82030583337487,81.54140052758476,76.15773105863909,60.74537019394976,61.032778078668514,61.741396161732524,50.44799302251776,24.166091947189145,32.14031735997639,26.92582403567252,20.615528128088304,8.94427190999916,2.0,9.433981132056603,20.0,0.0,0.0,0.0,0.0,0.0,0.0,0.0,0.0,0.0,0.0,0.0,52.392747589718944,53.14132102234569,50.99019513592785,59.682493245507096,50.0,48.093658625644196,42.01190307520001,34.058772731852805,28.0178514522438,25.317977802344327,29.732137494637012,14.035668847618199,5.830951894845301,11.180339887498949,17.0,25.0,28.442925306655784,40.311288741492746,44.94441010848846,45.45327270945405,39.05124837953327,51.478150704935004,50.99019513592785,54.0,57.87054518492115,60.166435825965294
128.0,8.0,56.64803615307419,78.43468620451031,72.00694410957877,84.72307831990054,82.92767933567175,84.0535543567314,75.21303078589507,76.00657866263946,60.74537019394976,79.17701686727027,74.43117626371358,86.31338250816034,75.8023746329889,61.326992425847855,69.1158447825099,42.05948168962618,51.92301994298868,38.27531841800928,34.713109915419565,29.546573405388315,18.867962264113206,8.246211251235321,5.385164807134504,12.649110640673518,22.090722034374522,0.0,0.0,0.0,0.0,0.0,0.0,0.0,0.0,0.0,0.0,0.0,48.662100242385755,63.071388124885914,54.120236510939236,56.089214649520635,44.01136216933077,51.478150704935004,30.14962686336267,37.013511046643494,26.019223662515376,17.029386365926403,21.587033144922902,4.47213595499958,11.704699910719626,13.601470508735444,8.06225774829855,23.853720883753127,32.55764119219941,39.96248240537617,32.2490309931942,52.40229002629561,55.21775076911409,38.2099463490856,43.86342439892262,43.18564576337837,47.53945729601885,57.38466694161429
128.0,8.0,12.806248474865697,15.524174696260024,6.324555320336759,11.40175425099138,11.661903789690601,18.439088914585774,25.96150997149434,26.40075756488817,24.166091947189145,17.72004514666935,17.72004514666935,30.886890422961002,29.832867780352597,28.160255680657446,24.331050121192877,21.095023109728988,21.02379604162864,32.55764119219941,26.019223662515376,24.73863375370596,13.152946437965905,11.661903789690601,7.0710678118654755,12.36931687685298,9.433981132056603,0.0,0.0,0.0,0.0,0.0,0.0,0.0,0.0,0.0,0.0,0.0,13.892443989449804,19.313207915827967,15.524174696260024,13.892443989449804,18.027756377319946,11.661903789690601,21.540659228538015,24.020824298928627,23.08679276123039,21.02379604162864,21.587033144922902,17.46424919657298,24.351591323771842,28.231188426986208,32.449961479175904,25.495097567963924,23.345235059857504,19.6468827043885,20.808652046684813,23.323807579381203,17.11724276862369,18.973665961010276,17.88854381999832,14.866068747318506,14.560219778561036,9.433981132056603
103.09219175087898,6.0,7.615773105863909,9.433981132056603,13.341664064126334,8.602325267042627,14.560219778561036,13.341664064126334,17.11724276862369,14.317821063276353,12.36931687685298,23.40939982143925,26.248809496813376,19.235384061671343,20.808652046684813,19.235384061671343,22.561028345356956,22.847319317591726,21.02379604162864,25.942243542145693,22.20360331117452,24.758836806279895,15.0,8.94427190999916,14.212670403551895,6.324555320336759,9.0,0.0,0.0,0.0,0.0,0.0,0.0,0.0,0.0,0.0,0.0,0.0,8.54400374531753,11.704699910719626,17.46424919657298,15.132745950421556,12.083045973594572,21.633307652783937,17.804493814764857,25.553864678361276,26.476404589747453,22.561028345356956,31.144823004794873,14.866068747318506,28.284271247461902,20.248456731316587,16.1245154965971,20.0,30.01666203960727,27.892651361962706,21.095023109728988,25.632011235952593,28.231188426986208,25.0,15.033296378372908,19.026297590440446,3.605551275463989,17.029386365926403
103.09219175087898,6.0,8.06225774829855,14.560219778561036,10.770329614269007,15.231546211727817,13.0,7.211102550927978,15.0,15.620499351813308,17.204650534085253,8.246211251235321,19.209372712298546,16.1245154965971,20.248456731316587,19.1049731745428,17.0,23.430749027719962,26.419689627245813,20.248456731316587,22.360679774997898,14.866068747318506,18.027756377319946,21.213203435596427,14.142135623730951,11.661903789690601,17.88854381999832,0.0,0.0,0.0,0.0,0.0,0.0,0.0,0.0,0.0,0.0,0.0,10.295630140987,14.560219778561036,12.041594578792296,13.038404810405298,19.697715603592208,19.026297590440446,12.36931687685298,16.0312195418814,21.0,19.1049731745428,21.213203435596427,21.840329667841555,25.019992006393608,22.360679774997898,27.313000567495326,25.553864678361276,20.808652046684813,27.586228448267445,30.0,25.495097567963924,28.319604517012593,26.1725046566048,22.67156809750927,19.72308292331602,13.92838827718412,13.92838827718412
73.348483283569,11.0,11.40175425099138,3.605551275463989,7.0,15.811388300841896,9.433981132056603,10.04987562112089,22.02271554554524,17.08800749063506,17.46424919657298,16.64331697709324,19.1049731745428,26.40075756488817,24.698178070456937,23.853720883753127,18.384776310850235,21.540659228538015,18.439088914585774,24.351591323771842,23.345235059857504,19.1049731745428,9.055385138137417,17.46424919657298,20.248456731316587,16.401219466856727,10.295630140987,0.0,0.0,0.0,0.0,0.0,0.0,0.0,0.0,0.0,0.0,0.0,12.529964086141668,12.806248474865697,10.04987562112089,13.601470508735444,12.0,14.035668847618199,20.09975124224178,22.47220505424423,21.095023109728988,14.866068747318506,20.615528128088304,26.248809496813376,20.396078054371138,28.30194339616981,25.495097567963924,23.08679276123039,26.90724809414742,22.847319317591726,31.400636936215164,24.596747752497688,21.18962010041709,20.0,29.068883707497267,17.69180601295413,18.35755975068582,10.0
59.36328831862332,12.0,4.0,6.4031242374328485,7.0710678118654755,17.4928556845359,14.212670403551895,21.213203435596427,7.615773105863909,24.020824298928627,12.649110640673518,16.492422502470642,23.40939982143925,14.866068747318506,24.413111231467404,21.587033144922902,15.264337522473747,20.591260281974,20.8806130178211,17.08800749063506,21.0,13.92838827718412,16.492422502470642,15.0,17.029386365926403,15.556349186104045,11.313708498984761,0.0,0.0,0.0,0.0,0.0,0.0,0.0,0.0,0.0,0.0,0.0,10.198039027185569,2.23606797749979,4.0,12.529964086141668,12.206555615733702,12.206555615733702,16.55294535724685,22.561028345356956,19.0,20.09975124224178,17.46424919657298,28.442925306655784,18.601075237738275,29.120439557122072,27.892651361962706,18.788294228055936,35.77708763999664,27.313000567495326,22.80350850198276,23.706539182259394,21.213203435596427,16.278820596099706,15.0,8.06225774829855,18.35755975068582,13.0
80.0,5.0,23.021728866442675,29.68164415931166,19.72308292331602,25.553864678361276,26.570660511172846,25.298221281347036,22.67156809750927,29.068883707497267,28.844410203711913,28.231188426986208,25.709920264364882,24.413111231467404,19.6468827043885,17.88854381999832,29.966648127543394,22.02271554554524,26.92582403567252,5.385164807134504,10.63014581273465,14.560219778561036,7.0,1.4142135623730951,7.280109889280518,2.0,4.47213595499958,0.0,0.0,0.0,0.0,0.0,0.0,0.0,0.0,0.0,0.0,0.0,25.495097567963924,31.064449134018133,29.120439557122072,32.2490309931942,28.284271247461902,24.08318915758459,27.459060435491963,22.090722034374522,16.0,22.561028345356956,14.035668847618199,18.439088914585774,6.708203932499369,6.708203932499369,6.082762530298219,5.385164807134504,9.486832980505138,9.219544457292887,13.152946437965905,17.69180601295413,21.2602916254693,23.430749027719962,19.4164878389476,25.45584412271571,19.79898987322333,21.633307652783937
80.0,5.0,34.92849839314596,25.96150997149434,31.04834939252005,24.020824298928627,37.57658845611187,36.124783736376884,29.0,31.064449134018133,34.0,26.0,22.561028345356956,37.21558813185679,32.0,39.45883931389772,31.78049716414141,36.05551275463989,16.76305461424021,14.212670403551895,14.866068747318506,10.04987562112089,8.246211251235321,5.0,6.324555320336759,2.23606797749979,11.045361017187261,0.0,0.0,0.0,0.0,0.0,0.0,0.0,0.0,0.0,0.0,0.0,25.495097567963924,28.635642126552707,26.92582403567252,26.68332812825267,32.55764119219941,31.064449134018133,30.265491900843113,24.020824298928627,15.524174696260024,19.4164878389476,19.1049731745428,9.219544457292887,9.055385138137417,9.219544457292887,12.649110640673518,6.324555320336759,18.788294228055936,14.7648230602334,20.615528128088304,15.132745950421556,22.360679774997898,28.071337695236398,21.633307652783937,29.614185789921695,15.652475842498529,24.698178070456937
130.13838787997952,37.0,31.304951684997057,23.769728648009426,32.202484376209235,26.832815729997478,26.40075756488817,35.805027579936315,28.600699292150182,37.44329045369811,33.97057550292606,29.068883707497267,29.732137494637012,39.698866482558415,32.2490309931942,33.83784863137726,29.068883707497267,13.038404810405298,13.92838827718412,10.295630140987,16.278820596099706,10.0,6.708203932499369,1.0,7.0710678118654755,5.385164807134504,5.0,0.0,0.0,0.0,0.0,0.0,0.0,0.0,0.0,0.0,0.0,0.0,28.160255680657446,24.020824298928627,34.132096331752024,30.265491900843113,30.59411708155671,35.35533905932738,27.018512172212592,24.413111231467404,23.769728648009426,22.561028345356956,16.492422502470642,17.69180601295413,10.44030650891055,10.816653826391969,9.0,10.770329614269007,7.0,8.602325267042627,16.278820596099706,13.892443989449804,16.401219466856727,27.459060435491963,18.24828759089466,25.179356624028344,16.55294535724685,24.698178070456937
114.0175425099138,38.0,62.00806399170998,63.90618123468183,61.98386886924694,68.4470598345904,67.1863081289633,65.25335240430181,62.39390995922599,71.02112361825881,64.07807737440318,77.20103626247513,68.54195795277518,79.71198153351854,67.67569726275453,42.20189569201838,48.27007354458868,45.617978911828175,45.880278987817846,37.53664875824692,30.463092423455635,21.470910553583888,13.0,14.422205101855956,9.848857801796104,12.165525060596439,17.029386365926403,0.0,0.0,0.0,0.0,0.0,0.0,0.0,0.0,0.0,0.0,0.0,64.8459713474939,63.00793600809346,59.23681287847955,66.70832032063167,55.65968020030299,54.120236510939236,56.71860364994893,52.88667128870941,39.45883931389772,30.066592756745816,32.38826948140329,23.194827009486403,16.0312195418814,6.082762530298219,7.0710678118654755,4.47213595499958,18.110770276274835,30.14962686336267,32.984845004941285,40.049968789001575,38.01315561749642,43.41658669218482,43.32435804486894,52.55473337388365,51.0098029794274,63.953107821277925
103.09219175087898,6.0,26.832815729997478,21.93171219946131,22.825424421026653,29.732137494637012,28.600699292150182,30.479501308256342,28.42534080710379,27.80287754891569,28.284271247461902,34.40930106817051,26.248809496813376,22.67156809750927,25.612496949731394,24.758836806279895,22.02271554554524,22.02271554554524,20.248456731316587,14.422205101855956,12.649110640673518,11.313708498984761,5.656854249492381,3.0,2.23606797749979,2.23606797749979,5.656854249492381,0.0,0.0,0.0,0.0,0.0,0.0,0.0,0.0,0.0,0.0,0.0,26.1725046566048,27.16615541441225,26.68332812825267,27.892651361962706,24.186773244895647,24.515301344262525,20.8806130178211,22.360679774997898,20.12461179749811,17.204650534085253,13.416407864998739,10.816653826391969,5.830951894845301,4.123105625617661,4.47213595499958,7.0710678118654755,10.770329614269007,12.206555615733702,8.06225774829855,11.661903789690601,14.212670403551895,11.180339887498949,15.811388300841896,23.021728866442675,18.384776310850235,25.80697580112788
88.02272433866155,10.0,29.427877939124322,26.1725046566048,24.186773244895647,22.360679774997898,28.160255680657446,28.442925306655784,25.179356624028344,26.476404589747453,32.55764119219941,32.202484376209235,24.08318915758459,23.769728648009426,34.23448553724738,26.68332812825267,26.0,27.073972741361768,22.47220505424423,20.615528128088304,15.132745950421556,9.219544457292887,4.47213595499958,7.211102550927978,1.0,2.23606797749979,11.045361017187261,0.0,0.0,0.0,0.0,0.0,0.0,0.0,0.0,0.0,0.0,0.0,26.92582403567252,29.966648127543394,29.966648127543394,27.459060435491963,25.632011235952593,25.019992006393608,26.40075756488817,20.396078054371138,22.02271554554524,16.0,10.198039027185569,6.082762530298219,16.1245154965971,5.0,9.219544457292887,4.123105625617661,1.4142135623730951,7.0710678118654755,10.44030650891055,6.0,22.80350850198276,10.0,18.439088914585774,15.264337522473747,25.179356624028344,16.64331697709324
69.77105417004964,12.0,26.40075756488817,29.154759474226502,28.178005607210743,26.248809496813376,30.364452901377952,36.24913792078372,25.079872407968907,37.107950630558946,39.84971769034255,31.144823004794873,19.026297590440446,25.179356624028344,27.0,34.058772731852805,26.870057685088806,29.120439557122072,20.0,25.632011235952593,17.26267650163207,12.041594578792296,14.142135623730951,5.830951894845301,2.0,4.242640687119285,7.211102550927978,0.0,0.0,0.0,0.0,0.0,0.0,0.0,0.0,0.0,0.0,0.0,35.6931365951495,29.410882339705484,35.73513677041127,31.0,27.16615541441225,32.38826948140329,27.459060435491963,19.1049731745428,27.16615541441225,21.37755832643195,14.212670403551895,11.661903789690601,8.06225774829855,9.433981132056603,11.704699910719626,7.211102550927978,6.4031242374328485,6.4031242374328485,6.4031242374328485,11.180339887498949,11.313708498984761,25.709920264364882,18.439088914585774,26.90724809414742,27.018512172212592,19.697715603592208
73.348483283569,11.0,23.430749027719962,21.400934559032695,25.80697580112788,27.586228448267445,27.202941017470888,26.90724809414742,19.79898987322333,28.319604517012593,28.319604517012593,28.319604517012593,30.0,29.698484809834994,27.586228448267445,24.20743687382041,24.839484696748443,19.4164878389476,17.88854381999832,15.811388300841896,13.601470508735444,7.211102550927978,8.06225774829855,4.47213595499958,3.1622776601683795,0.0,1.4142135623730951,0.0,0.0,0.0,0.0,0.0,0.0,0.0,0.0,0.0,0.0,0.0,29.154759474226502,28.844410203711913,28.30194339616981,30.4138126514911,27.65863337187866,25.059928172283335,22.02271554554524,22.20360331117452,21.93171219946131,14.422205101855956,14.212670403551895,2.23606797749979,4.47213595499958,4.123105625617661,2.8284271247461903,5.656854249492381,11.40175425099138,9.219544457292887,15.811388300841896,14.7648230602334,15.652475842498529,18.027756377319946,15.0,23.40939982143925,20.8806130178211,19.235384061671343
56.0357029044876,13.0,27.80287754891569,29.068883707497267,25.612496949731394,30.01666203960727,30.083217912982647,29.154759474226502,29.68164415931166,29.966648127543394,25.079872407968907,29.966648127543394,29.068883707497267,29.154759474226502,30.463092423455635,28.861739379323623,26.0,26.248809496813376,22.847319317591726,17.72004514666935,13.0,10.0,8.06225774829855,3.1622776601683795,4.47213595499958,4.123105625617661,5.0,0.0,0.0,0.0,0.0,0.0,0.0,0.0,0.0,0.0,0.0,0.0,31.064449134018133,33.37663853655727,33.54101966249684,30.59411708155671,30.364452901377952,31.575306807693888,26.92582403567252,24.351591323771842,21.18962010041709,20.248456731316587,14.7648230602334,14.317821063276353,7.280109889280518,4.0,1.4142135623730951,7.0710678118654755,10.0,12.041594578792296,9.848857801796104,15.0,19.79898987322333,15.811388300841896,21.213203435596427,21.93171219946131,19.849433241279208,19.1049731745428
128.0,8.0,26.076809620810597,29.154759474226502,23.600847442411894,28.0178514522438,24.20743687382041,26.90724809414742,27.586228448267445,27.586228448267445,29.732137494637012,25.45584412271571,30.0,31.11269837220809,28.284271247461902,24.041630560342615,25.45584412271571,23.345235059857504,16.97056274847714,16.278820596099706,14.422205101855956,10.63014581273465,7.810249675906654,5.385164807134504,1.4142135623730951,2.23606797749979,3.605551275463989,0.0,0.0,0.0,0.0,0.0,0.0,0.0,0.0,0.0,0.0,0.0,31.78049716414141,28.861739379323623,27.313000567495326,27.51363298439521,24.596747752497688,26.832815729997478,26.419689627245813,20.248456731316587,20.248456731316587,12.206555615733702,8.48528137423857,10.295630140987,10.198039027185569,2.23606797749979,3.1622776601683795,4.242640687119285,6.4031242374328485,13.45362404707371,9.219544457292887,12.041594578792296,14.866068747318506,19.4164878389476,19.235384061671343,22.135943621178654,22.135943621178654,22.47220505424423
132.00378782444085,24.0,10.816653826391969,13.416407864998739,6.4031242374328485,17.204650534085253,18.384776310850235,13.45362404707371,15.524174696260024,21.633307652783937,22.67156809750927,21.095023109728988,33.06055050963308,19.4164878389476,33.54101966249684,27.65863337187866,27.018512172212592,22.360679774997898,25.80697580112788,23.40939982143925,20.09975124224178,18.24828759089466,12.0,11.045361017187261,12.649110640673518,7.810249675906654,7.0710678118654755,0.0,0.0,0.0,0.0,0.0,0.0,0.0,0.0,0.0,0.0,0.0,11.313708498984761,12.165525060596439,12.083045973594572,12.165525060596439,15.0,13.341664064126334,16.76305461424021,22.090722034374522,18.24828759089466,19.313207915827967,22.561028345356956,23.259406699226016,25.80697580112788,22.847319317591726,19.235384061671343,22.825424421026653,25.238858928247925,14.866068747318506,31.89043743820395,24.596747752497688,26.248809496813376,22.47220505424423,24.20743687382041,15.620499351813308,14.866068747318506,23.021728866442675
128.0,8.0,15.0,11.40175425099138,16.278820596099706,17.204650534085253,20.591260281974,12.206555615733702,15.524174696260024,11.313708498984761,22.02271554554524,15.132745950421556,24.596747752497688,11.313708498984761,25.0,26.627053911388696,21.633307652783937,24.839484696748443,24.413111231467404,22.135943621178654,13.0,17.46424919657298,16.278820596099706,17.11724276862369,18.027756377319946,14.7648230602334,11.180339887498949,0.0,0.0,0.0,0.0,0.0,0.0,0.0,0.0,0.0,0.0,0.0,11.180339887498949,11.180339887498949,11.40175425099138,11.40175425099138,17.029386365926403,9.433981132056603,23.40939982143925,14.422205101855956,20.223748416156685,18.788294228055936,25.019992006393608,17.26267650163207,22.090722034374522,14.560219778561036,21.840329667841555,17.08800749063506,25.079872407968907,25.059928172283335,20.248456731316587,20.518284528683193,16.278820596099706,25.0,22.360679774997898,12.806248474865697,10.04987562112089,10.198039027185569
70.03570517957252,12.0,19.1049731745428,20.396078054371138,20.0,22.825424421026653,23.53720459187964,26.019223662515376,33.37663853655727,32.14031735997639,32.0624390837628,38.2099463490856,35.35533905932738,43.04648650006177,36.345563690772494,41.30375285612676,31.78049716414141,34.23448553724738,30.364452901377952,28.861739379323623,20.024984394500787,18.027756377319946,12.36931687685298,6.0,6.324555320336759,3.0,7.0,0.0,0.0,0.0,0.0,0.0,0.0,0.0,0.0,0.0,0.0,0.0,29.68164415931166,27.80287754891569,26.832815729997478,28.635642126552707,22.135943621178654,21.540659228538015,17.72004514666935,15.231546211727817,14.142135623730951,8.54400374531753,11.40175425099138,8.48528137423857,5.385164807134504,5.830951894845301,7.211102550927978,14.212670403551895,15.0,18.601075237738275,15.811388300841896,14.560219778561036,23.769728648009426,15.524174696260024,19.697715603592208,25.495097567963924,17.029386365926403,18.110770276274835
73.348483283569,11.0,38.27531841800928,32.01562118716424,34.0147027033899,48.507731342539614,44.28317965096906,46.84015371452148,54.3415126767741,71.02816342831905,58.52349955359813,62.36184731067546,60.08327554319921,78.33900688673555,65.19202405202648,69.05070600652827,57.9396237474839,61.98386886924694,58.18934610390462,51.894122981316485,41.43669871020132,28.460498941515414,15.652475842498529,15.652475842498529,10.04987562112089,2.23606797749979,12.649110640673518,0.0,0.0,0.0,0.0,0.0,0.0,0.0,0.0,0.0,0.0,0.0,46.32493928760188,44.294469180700204,43.04648650006177,43.86342439892262,42.5440947723653,41.6293165929973,33.52610922848042,35.6931365951495,28.0178514522438,22.20360331117452,19.849433241279208,4.47213595499958,7.280109889280518,10.63014581273465,19.313207915827967,19.72308292331602,25.079872407968907,37.57658845611187,37.8021163428716,39.05124837953327,32.01562118716424,37.44329045369811,43.965895873961216,26.476404589747453,23.769728648009426,23.194827009486403
152.16109883935513,9.0,21.95449840010015,30.0,45.880278987817846,37.013511046643494,46.57252408878007,59.135437767890075,45.12205669071391,64.03124237432849,68.8839603971781,71.02816342831905,93.02150289046077,90.0499861188218,65.03076195155643,81.21576201698781,68.26419266350405,75.1065909225016,41.30375285612676,62.20128616033595,43.73785545725808,21.02379604162864,18.384776310850235,7.0710678118654755,15.811388300841896,11.180339887498949,19.924858845171276,0.0,0.0,0.0,0.0,0.0,0.0,0.0,0.0,0.0,0.0,0.0,50.99019513592785,46.486557196677836,38.3275357934736,39.44616584663204,36.40054944640259,19.79898987322333,22.80350850198276,16.64331697709324,26.627053911388696,33.83784863137726,12.206555615733702,25.612496949731394,3.1622776601683795,15.0,10.44030650891055,14.422205101855956,30.083217912982647,24.166091947189145,13.601470508735444,29.732137494637012,35.17101079013795,34.0147027033899,34.539832078341085,22.20360331117452,35.510561809129406,29.206163733020468
56.0357029044876,13.0,13.0,17.46424919657298,17.029386365926403,19.235384061671343,14.317821063276353,16.0312195418814,29.154759474226502,26.90724809414742,32.55764119219941,38.01315561749642,37.21558813185679,38.91015291668744,46.17358552246078,24.758836806279895,38.948684188300895,36.235341863986875,28.600699292150182,24.413111231467404,7.615773105863909,18.439088914585774,13.416407864998739,10.295630140987,1.0,6.324555320336759,7.280109889280518,0.0,0.0,0.0,0.0,0.0,0.0,0.0,0.0,0.0,0.0,0.0,25.298221281347036,21.02379604162864,22.47220505424423,22.847319317591726,24.413111231467404,19.6468827043885,25.495097567963924,14.866068747318506,17.88854381999832,7.280109889280518,8.246211251235321,11.0,7.211102550927978,5.385164807134504,11.661903789690601,19.697715603592208,12.529964086141668,25.495097567963924,16.1245154965971,21.93171219946131,10.0,17.029386365926403,22.47220505424423,18.788294228055936,21.93171219946131,10.295630140987
64.13267497929586,16.0,24.08318915758459,12.529964086141668,53.665631459994955,32.0624390837628,34.058772731852805,54.08326913195984,63.90618123468183,55.47071299343465,72.47068372797375,79.02531240052139,67.95586803212802,75.66372975210778,67.17886572427373,68.8839603971781,58.60034129593445,65.06919393998976,54.91812087098393,51.62363799656123,33.61547262794322,29.832867780352597,20.12461179749811,12.206555615733702,6.324555320336759,8.602325267042627,12.529964086141668,0.0,0.0,0.0,0.0,0.0,0.0,0.0,0.0,0.0,0.0,0.0,44.181444068749045,45.0,51.03920062069938,42.95346318982906,42.05948168962618,36.40054944640259,31.064449134018133,28.792360097775937,24.758836806279895,22.360679774997898,21.93171219946131,3.1622776601683795,13.152946437965905,11.704699910719626,19.235384061671343,17.029386365926403,9.219544457292887,33.97057550292606,39.293765408777,34.438350715445125,30.528675044947494,21.400934559032695,33.83784863137726,27.459060435491963,26.870057685088806,43.657759905886145
132.00378782444085,24.0,24.698178070456937,43.68065933568311,30.870698080866262,29.5296461204668,39.408120990476064,46.8187996428785,47.41307836451879,63.28506932918696,68.62215385719105,70.68238818828917,76.53757247260981,68.42514157822401,69.77105417004964,73.92563831310488,66.70832032063167,55.036351623268054,55.46169849544819,45.221676218380054,29.966648127543394,26.90724809414742,21.95449840010015,8.06225774829855,8.602325267042627,6.708203932499369,13.892443989449804,0.0,0.0,0.0,0.0,0.0,0.0,0.0,0.0,0.0,0.0,0.0,53.53503525729669,47.20169488482379,49.24428900898052,51.884487084291386,37.16180835212409,43.01162633521314,37.48332962798263,34.713109915419565,19.0,19.924858845171276,12.206555615733702,9.219544457292887,5.385164807134504,4.47213595499958,15.132745950421556,16.76305461424021,15.132745950421556,35.90264614203248,25.317977802344327,29.0,31.016124838541646,34.713109915419565,36.124783736376884,22.47220505424423,33.13608305156178,30.364452901377952
99.29753269845128,5.0,48.08326112068523,21.095023109728988,37.0,34.88552708502482,38.01315561749642,54.91812087098393,55.71355310873648,62.297672508690084,62.39390995922599,64.6297145282261,71.78439941937245,70.8801805866774,80.95677859203639,60.166435825965294,62.96824596572466,54.147945482723536,52.81098370604357,47.853944456021594,31.016124838541646,30.083217912982647,26.30589287593181,8.06225774829855,4.47213595499958,5.385164807134504,12.083045973594572,0.0,0.0,0.0,0.0,0.0,0.0,0.0,0.0,0.0,0.0,0.0,38.27531841800928,50.60632371551998,39.56008088970496,36.345563690772494,38.118237105091836,39.05124837953327,43.41658669218482,13.038404810405298,29.732137494637012,22.20360331117452,7.0710678118654755,16.64331697709324,4.47213595499958,5.656854249492381,21.37755832643195,27.073972741361768,34.0,24.041630560342615,31.76476034853718,21.470910553583888,37.33630940518894,27.073972741361768,24.351591323771842,30.083217912982647,48.010415536631214,34.92849839314596
128.0,8.0,14.422205101855956,37.21558813185679,42.37924020083418,39.395431207184416,38.01315561749642,60.207972893961475,50.48762224545735,65.0,63.150613615387776,79.30952023559341,69.26037828369117,67.06713054842886,66.49060083951716,57.0701322935211,70.3420215802759,63.324560795950255,60.728905802755904,42.04759208325728,40.80441152620633,31.400636936215164,23.259406699226016,15.231546211727817,13.038404810405298,16.76305461424021,13.601470508735444,0.0,0.0,0.0,0.0,0.0,0.0,0.0,0.0,0.0,0.0,0.0,52.392747589718944,50.0,41.182520563948,41.97618372363071,39.05124837953327,35.6931365951495,26.30589287593181,29.274562336608895,18.24828759089466,12.041594578792296,7.280109889280518,8.06225774829855,10.04987562112089,12.727922061357855,27.16615541441225,13.601470508735444,32.202484376209235,34.20526275297414,36.124783736376884,21.37755832643195,42.42640687119285,28.0178514522438,52.08646657242167,26.92582403567252,23.323807579381203,32.01562118716424
130.0,8.0,39.293765408777,28.460498941515414,22.360679774997898,27.586228448267445,52.49761899362675,48.08326112068523,57.8013840664737,48.104053883222775,73.16419889536138,72.47068372797375,63.324560795950255,68.47627326307996,64.41273166075166,65.7875368135941,66.2117814289874,59.135437767890075,57.584720195551874,53.71219600798314,41.048751503547585,27.294688127912362,19.924858845171276,13.038404810405298,4.47213595499958,14.212670403551895,11.180339887498949,0.0,0.0,0.0,0.0,0.0,0.0,0.0,0.0,0.0,0.0,0.0,46.17358552246078,48.84669896727925,49.040799340956916,49.64876634922564,47.51841748206689,34.132096331752024,34.0,27.892651361962706,25.0,17.029386365926403,11.313708498984761,12.529964086141668,15.811388300841896,14.866068747318506,23.194827009486403,18.027756377319946,26.076809620810597,22.20360331117452,40.19950248448356,36.6742416417845,27.65863337187866,33.06055050963308,26.076809620810597,35.11409973215888,18.867962264113206,40.024992192379
