CSI_DATA,PA,MAC,RSSI,Rate,Sig_Mode,MCS,Bandwidth,Smoothing,Not_Sounding,Aggregation,STBC,FEC_Coding,SGI,Noise_Floor,AMPDU_CNT,Channel,Secondary_Channel,Local_Timestamp,Ant,Sig_Len,RX_State,Real_Time_Set,Real_Timestamp,Len,CSI_Data,Timestamp
CSI_DATA,PASSIVE,5C:E9:31:E8:F4:66,-76,11,0,0,0,0,0,0,0,0,0,-96,0,11,0,1986238850,0,94,0,0,1986.41,128,[94 -32 5 0 -8 13 -6 17 -9 18 -9 19 -6 9 -3 13 -19 25 -6 21 -7 21 -13 26 -15 25 -11 27 -15 29 -16 32 -12 24 -13 26 -12 24 -9 17 -11 17 -10 14 -9 8 -8 5 -6 4 -6 1 -4 -4 0 0 0 0 0 0 0 0 0 0 0 0 0 0 0 0 0 0 0 0 0 0 3 -28 3 -26 5 -29 3 -28 3 -29 4 -29 1 -31 4 -29 3 -26 2 -28 3 -27 -1 -20 -2 -18 -1 -20 -2 -15 -2 -9 0 -9 1 -5 -1 -5 -8 -6 -3 -6 -6 1 -3 -2 -8 6 0 5 -3 5 ],2025-05-07_20-02-46-143
CSI_DATA,PASSIVE,5C:E9:31:E8:F4:66,-77,11,0,0,0,0,0,0,0,0,0,-96,0,11,0,1986239019,0,205,0,0,1986.41,128,[-51 -48 12 0 -24 11 -41 -6 -51 -28 -43 -8 -53 -27 -72 -22 -66 -3 -60 -15 -78 -27 -79 -29 -64 -30 -70 -17 -82 -30 -86 -26 -73 -20 -57 -19 -52 -16 -57 -19 -48 -25 -37 -20 -29 -22 -28 -9 -8 -9 0 1 11 -10 0 0 0 0 0 0 0 0 0 0 0 0 0 0 0 0 0 0 0 0 0 0 56 -35 55 -31 58 -29 64 -38 64 -36 68 -33 60 -39 59 -31 57 -41 60 -37 45 -30 49 -28 42 -23 38 -18 39 -16 33 -17 21 -10 9 -15 5 -13 2 -1 1 -6 3 -6 -6 -17 -7 -2 -12 -11 -42 -16 ],2025-05-07_20-02-46-148
CSI_DATA,PASSIVE,5C:E9:31:E8:F4:66,-76,11,0,0,0,0,0,0,0,0,0,-96,0,11,0,1986239336,0,128,0,0,1986.42,128,[-128 0 8 0 -13 -11 -15 -12 -16 -9 -19 -9 -20 -14 -21 -10 -26 -14 -23 -15 -23 -19 -26 -16 -30 -16 -29 -19 -25 -20 -28 -17 -23 -15 -23 -17 -19 -15 -21 -15 -17 -11 -14 -11 -10 -11 -5 -8 -4 -7 -1 -4 -1 -4 0 0 0 0 0 0 0 0 0 0 0 0 0 0 0 0 0 0 0 0 0 0 26 -1 28 -1 29 0 26 0 30 -3 28 -5 31 -3 27 -3 26 -1 27 -3 23 -3 18 -3 21 0 17 -4 16 -1 13 -2 8 -5 4 -3 5 -4 3 -6 0 -6 -2 -5 -5 -5 -4 -5 -8 -4 -9 -7 ],2025-05-07_20-02-46-155
CSI_DATA,PASSIVE,5C:E9:31:E8:F4:66,-76,11,0,0,0,0,0,0,0,0,0,-96,0,11,0,1986239549,0,98,0,0,1986.42,128,[98 32 6 0 2 -18 4 -21 2 -20 5 -19 5 -26 7 -22 8 -26 3 -29 7 -28 6 -31 6 -31 6 -31 4 -30 7 -26 4 -27 6 -31 10 -25 4 -21 6 -19 7 -16 11 -16 3 -10 1 -6 3 -2 1 4 0 0 0 0 0 0 0 0 0 0 0 0 0 0 0 0 0 0 0 0 0 0 6 26 8 24 8 26 10 26 14 26 10 24 14 26 11 25 11 27 9 20 8 22 10 20 9 14 9 11 5 12 5 8 4 5 4 5 4 0 1 5 2 -5 1 2 0 -3 3 -5 4 -8 4 -9 ],2025-05-07_20-02-46-160
CSI_DATA,PASSIVE,5C:E9:31:E8:F4:66,-76,11,0,0,0,0,0,0,0,0,0,-96,0,11,0,1986239722,0,94,0,0,1986.43,128,[94 -32 5 0 -15 4 -18 2 -20 7 -19 7 -21 11 -24 6 -24 9 -29 6 -28 11 -26 11 -30 11 -33 7 -30 10 -32 9 -27 6 -29 10 -24 3 -24 6 -19 5 -19 1 -13 -1 -9 -2 -5 1 -2 -2 -1 -2 0 0 0 0 0 0 0 0 0 0 0 0 0 0 0 0 0 0 0 0 0 0 16 -23 14 -26 16 -25 12 -28 13 -30 13 -27 12 -26 12 -27 13 -26 14 -24 10 -21 11 -15 11 -17 6 -17 3 -14 7 -11 2 -7 -1 -8 -2 -7 1 -1 -7 -7 -3 -3 -4 -1 -4 2 -6 3 -11 1 ],2025-05-07_20-02-46-165
CSI_DATA,PASSIVE,5C:E9:31:E8:F4:66,-76,11,0,0,0,0,0,0,0,0,0,-96,0,11,0,1986239891,0,98,0,0,1986.43,128,[98 32 6 0 -5 -16 -6 -15 -10 -13 -13 -18 -7 -20 -14 -22 -14 -26 -16 -22 -13 -25 -19 -26 -16 -27 -17 -25 -16 -24 -17 -25 -15 -27 -12 -27 -11 -23 -12 -20 -6 -20 -5 -13 -4 -13 -4 -8 -4 -11 3 -6 2 0 0 0 0 0 0 0 0 0 0 0 0 0 0 0 0 0 0 0 0 0 0 0 22 12 25 14 25 17 24 17 25 13 24 13 27 14 25 13 26 12 23 11 19 12 20 7 21 8 15 5 14 6 11 4 8 0 6 2 3 1 6 -3 0 -2 0 -4 -1 -6 -2 -4 -5 -9 -3 -9 ],2025-05-07_20-02-46-171
CSI_DATA,PASSIVE,5C:E9:31:E8:F4:66,-76,11,0,0,0,0,0,0,0,0,0,-96,0,11,0,1986240064,0,120,0,0,1986.44,128,[120 -128 7 0 -8 13 -9 11 -12 11 -11 13 -11 17 -13 22 -15 20 -13 27 -18 24 -15 25 -17 25 -19 28 -18 30 -17 23 -18 24 -15 22 -16 24 -13 21 -12 16 -15 12 -8 9 -8 3 -5 3 -4 -1 -1 -1 0 0 0 0 0 0 0 0 0 0 0 0 0 0 0 0 0 0 0 0 0 0 -2 -29 -3 -28 0 -26 -4 -31 -1 -27 -5 -31 -3 -30 -6 -28 -2 -32 -5 -27 0 -26 -3 -22 -2 -24 -5 -19 -6 -18 -4 -9 -4 -9 -6 -6 -2 -4 -5 -3 -8 1 -5 0 -4 2 -5 1 -4 1 -3 4 ],2025-05-07_20-02-46-177
CSI_DATA,PASSIVE,5C:E9:31:E8:F4:66,-76,11,0,0,0,0,0,0,0,0,0,-96,0,11,0,1986240265,0,140,0,0,1986.44,128,[-116 -64 8 0 3 14 4 16 7 19 6 20 8 21 9 23 10 28 8 27 9 27 11 30 12 32 13 32 11 35 11 29 12 30 5 27 6 26 8 24 4 21 2 18 0 13 3 10 -3 7 -4 2 -4 -2 0 0 0 0 0 0 0 0 0 0 0 0 0 0 0 0 0 0 0 0 0 0 -25 -17 -24 -17 -31 -20 -27 -19 -28 -18 -28 -18 -27 -19 -26 -19 -26 -19 -26 -18 -23 -18 -23 -9 -19 -11 -16 -13 -16 -8 -15 -7 -10 -4 -5 -3 -10 -1 -8 -2 -5 1 -4 3 0 6 -4 10 0 8 3 8 ],2025-05-07_20-02-46-181
CSI_DATA,PASSIVE,5C:E9:31:E8:F4:66,-76,11,0,0,0,0,0,0,0,0,0,-96,0,11,0,1986240494,0,190,0,0,1986.45,128,[-66 -32 11 0 -6 15 -3 17 -6 19 -6 19 -9 24 -7 24 -8 27 -10 34 -12 31 -11 32 -12 32 -8 33 -11 34 -11 30 -10 28 -11 29 -11 28 -13 23 -9 19 -11 17 -6 13 -5 8 -5 6 -4 3 -1 -1 0 0 0 0 0 0 0 0 0 0 0 0 0 0 0 0 0 0 0 0 0 0 -17 -30 -15 -28 -16 -31 -16 -28 -17 -28 -16 -30 -18 -29 -16 -31 -17 -26 -15 -28 -15 -25 -12 -24 -13 -19 -15 -20 -9 -15 -10 -11 -8 -10 -8 -13 -8 -3 -4 -2 -11 1 -8 2 -5 5 -6 6 -4 3 -7 6 ],2025-05-07_20-02-46-188
CSI_DATA,PASSIVE,5C:E9:31:E8:F4:66,-76,11,0,0,0,0,0,0,0,0,0,-96,0,11,0,1986240791,0,120,0,0,1986.46,128,[120 -128 7 0 10 7 12 9 12 12 13 13 16 14 19 14 18 16 21 16 23 18 22 18 24 18 24 20 22 19 22 18 21 21 20 15 18 17 15 15 13 13 8 13 7 9 5 10 2 5 0 2 -4 -1 0 0 0 0 0 0 0 0 0 0 0 0 0 0 0 0 0 0 0 0 0 0 -26 2 -29 5 -30 4 -30 6 -29 4 -30 6 -30 5 -30 4 -28 5 -28 5 -24 4 -22 4 -21 2 -17 2 -12 2 -11 4 -11 2 -9 4 -6 0 -7 4 -4 2 -3 3 -2 0 1 2 3 6 6 6 ],2025-05-07_20-02-46-192
CSI_DATA,PASSIVE,5C:E9:31:E8:E9:4E,-87,11,0,0,0,0,0,0,0,0,0,-96,0,11,0,1986299684,0,124,0,0,1986.47,128,[124 -64 7 0 -9 -8 2 -5 0 -2 1 -7 5 2 8 0 7 1 11 4 18 -2 24 4 25 -2 23 5 23 5 34 12 27 11 20 19 25 12 19 17 9 17 17 17 9 17 8 18 6 13 0 15 -4 12 0 0 0 0 0 0 0 0 0 0 0 0 0 0 0 0 0 0 0 0 0 0 7 -4 8 -4 2 -13 2 -8 7 -14 7 -17 6 -26 7 -27 5 -29 8 -24 3 -29 -7 -31 -1 -33 -6 -30 -6 -34 -13 -34 -9 -29 -9 -39 -14 -29 -14 -23 -20 -25 -13 -23 -15 -14 -8 -26 -3 -14 -13 -16 ],2025-05-07_20-02-46-204
CSI_DATA,PASSIVE,5C:E9:31:E8:E9:4E,-85,11,0,0,0,0,0,0,0,0,0,-96,0,11,0,1986307614,0,98,0,0,1986.47,128,[98 32 6 0 -8 -7 0 -2 2 -5 8 -4 0 -2 9 -2 13 -3 19 -3 18 -1 18 -5 22 1 23 -4 17 -3 22 -6 18 -1 24 5 19 7 19 10 21 12 12 15 15 11 3 8 7 15 4 10 -4 14 0 0 0 0 0 0 0 0 0 0 0 0 0 0 0 0 0 0 0 0 0 0 7 -10 5 -11 1 -4 -3 -17 -1 -19 -4 -12 -11 -18 -5 -20 -3 -23 -10 -28 -12 -18 -16 -25 -13 -26 -21 -18 -16 -25 -21 -21 -16 -23 -23 -12 -20 -15 -19 -17 -20 -12 -25 -16 -21 -12 -21 -11 -17 -5 -20 -6 ],2025-05-07_20-02-46-212
CSI_DATA,PASSIVE,5C:E9:31:E8:E9:4E,-86,11,0,0,0,0,0,0,0,0,0,-96,0,11,0,1986330919,0,98,0,0,1986.5,128,[98 32 6 0 -14 -3 -4 -2 -6 -2 2 4 4 -3 3 -3 9 1 9 -3 12 -2 21 1 15 -4 17 0 21 0 22 2 10 1 17 11 16 12 17 8 12 9 15 9 2 15 6 17 -3 10 -2 10 -4 19 0 0 0 0 0 0 0 0 0 0 0 0 0 0 0 0 0 0 0 0 0 0 -2 -13 -2 -6 -5 -5 -7 -6 -3 -11 -11 -11 -19 -12 -17 -20 -14 -10 -16 -21 -21 -14 -26 -20 -23 -17 -18 -10 -16 -12 -22 -8 -27 -9 -23 -13 -26 -8 -18 -8 -17 -6 -15 -8 -23 -5 -15 -1 -17 -8 -17 -5 ],2025-05-07_20-02-46-235
CSI_DATA,PASSIVE,5C:E9:31:E8:F4:66,-76,11,0,0,0,0,0,0,0,0,0,-96,0,11,0,1986341412,0,205,0,0,1986.51,128,[-51 -48 12 0 -14 -15 -15 -7 -9 -2 -26 -8 -18 -8 -21 -7 -18 3 -24 -12 -29 -7 -18 -9 -24 -8 -27 -14 -32 -13 -29 -8 -25 -12 -25 -8 -23 -9 -20 -9 -14 -8 -14 -8 -11 -6 -7 -6 -3 -2 -3 -4 0 -3 0 0 0 0 0 0 0 0 0 0 0 0 0 0 0 0 0 0 0 0 0 0 22 -5 26 -4 24 -5 23 -6 28 -6 25 -4 25 -8 24 -6 24 -8 24 -6 21 -6 18 -5 17 0 14 -5 11 -4 11 1 8 -1 7 -2 1 -8 3 -1 -1 -2 0 5 0 1 -5 -1 2 -5 -6 -8 ],2025-05-07_20-02-46-245
CSI_DATA,PASSIVE,5C:E9:31:E8:F4:66,-76,11,0,0,0,0,0,0,0,0,0,-96,0,11,0,1986341729,0,94,0,0,1986.51,128,[94 -32 5 0 -16 3 -17 1 -19 2 -23 0 -23 4 -29 3 -27 4 -30 5 -30 5 -29 3 -32 5 -31 6 -31 6 -34 5 -31 5 -29 6 -25 5 -26 3 -20 1 -18 1 -14 -1 -12 -2 -5 -2 -3 -3 0 -5 0 0 0 0 0 0 0 0 0 0 0 0 0 0 0 0 0 0 0 0 0 0 23 -14 25 -13 25 -16 24 -16 25 -17 22 -16 23 -16 23 -18 20 -17 19 -14 19 -17 20 -10 17 -10 15 -9 10 -6 11 -9 6 -5 6 -7 3 -7 2 -2 0 -2 0 0 -5 -3 -2 1 -8 -2 -7 -2 ],2025-05-07_20-02-46-251
CSI_DATA,PASSIVE,5C:E9:31:E8:F4:66,-76,11,0,0,0,0,0,0,0,0,0,-96,0,11,0,1986341898,0,124,0,0,1986.52,128,[124 -64 7 0 -1 -11 0 -14 -4 -18 -3 -18 -6 -26 0 -30 -7 -28 -9 -30 -7 -29 -5 -35 -10 -38 -8 -37 -9 -36 -7 -37 -10 -34 -10 -32 -7 -29 -6 -27 -2 -23 3 -17 0 -13 -1 -12 5 -7 3 -1 0 0 0 0 0 0 0 0 0 0 0 0 0 0 0 0 0 0 0 0 0 0 0 0 11 24 10 29 11 29 16 29 13 28 14 27 18 29 13 29 10 24 13 26 13 20 17 21 11 20 7 17 8 16 1 9 5 8 1 7 10 4 4 3 1 1 2 -3 -4 -6 3 -2 1 -7 0 -7 ],2025-05-07_20-02-46-277
CSI_DATA,PASSIVE,5C:E9:31:E8:F4:66,-76,11,0,0,0,0,0,0,0,0,0,-96,0,11,0,1986343687,0,124,0,0,1986.55,128,[124 -64 7 0 -6 12 -7 14 -8 17 -8 15 -8 21 -9 25 -8 23 -7 21 -4 28 -5 32 -7 32 -5 31 -10 30 -6 30 -8 28 -7 26 -6 24 -9 23 -7 20 -9 16 -4 10 -3 9 -4 6 0 2 -1 0 0 0 0 0 0 0 0 0 0 0 0 0 0 0 0 0 0 0 0 0 0 0 -5 -27 -4 -28 -5 -30 -6 -30 -5 -31 -6 -30 -6 -30 -4 -27 -7 -29 -6 -28 -5 -26 -2 -22 -4 -18 -4 -18 -4 -14 -3 -15 0 -8 1 -14 -3 -8 -2 -3 -3 -1 0 0 -5 2 1 2 -4 8 -2 4 ],2025-05-07_20-02-46-284
CSI_DATA,PASSIVE,5C:E9:31:E8:F4:66,-76,11,0,0,0,0,0,0,0,0,0,-96,0,11,0,1986343896,0,94,0,0,1986.55,128,[94 -32 5 0 7 4 9 3 15 2 16 5 18 4 21 6 21 4 20 0 24 -2 28 -4 24 -8 23 -4 18 1 25 -1 24 -3 22 -2 22 -7 21 3 12 2 10 -6 14 3 6 3 5 1 4 5 2 2 0 0 0 0 0 0 0 0 0 0 0 0 0 0 0 0 0 0 0 0 0 0 -23 -12 -22 -12 -27 -14 -26 -12 -25 -14 -31 -12 -25 -10 -19 -13 -21 -7 -16 -3 -19 -11 -22 -7 -16 -3 -7 -9 -14 10 -23 -9 2 -4 -6 6 -4 5 0 -3 -10 5 -5 5 3 5 7 -4 3 4 5 3 ],2025-05-07_20-02-46-289
CSI_DATA,PASSIVE,5C:E9:31:E8:F4:66,-75,11,0,0,0,0,0,0,0,0,0,-96,0,11,0,1986344065,0,94,0,0,1986.56,128,[94 -32 5 0 -11 11 -8 9 -13 12 -13 14 -12 18 -11 19 -20 17 -17 28 -21 21 -23 26 -16 24 -21 21 -14 24 -18 17 -24 27 -24 21 -9 12 -18 5 -13 8 -7 7 -7 3 -12 3 0 3 -4 4 -1 5 0 0 0 0 0 0 0 0 0 0 0 0 0 0 0 0 0 0 0 0 0 0 3 -31 4 -28 0 -30 6 -32 3 -31 5 -34 -3 -30 -5 -30 -1 -35 4 -37 0 -7 4 -24 5 -18 -6 -14 5 -14 -1 -18 4 -4 -5 -15 -3 9 -6 -3 1 1 4 -5 7 2 -9 2 -5 0 -1 5 ],2025-05-07_20-02-46-294
CSI_DATA,PASSIVE,5C:E9:31:E8:E9:4E,-83,11,0,0,0,0,0,0,0,0,0,-96,0,11,0,1986392161,0,124,0,0,1986.56,128,[124 -64 7 0 3 10 -1 6 -12 2 -7 0 -3 -6 -8 -5 -7 -11 -5 -10 -14 -7 -19 0 -16 -12 -25 -6 -32 -5 -27 0 -31 -3 -29 -1 -21 -2 -22 -18 -4 -9 -13 -12 -14 -9 -1 -9 -7 -19 -4 -15 5 -21 0 0 0 0 0 0 0 0 0 0 0 0 0 0 0 0 0 0 0 0 0 0 -7 3 -9 1 -9 5 -10 4 -7 4 -6 20 -12 18 -1 21 -2 23 -12 13 -5 22 5 33 -12 35 -6 33 8 16 11 22 14 24 17 25 13 26 9 15 9 27 12 24 13 18 13 9 12 15 8 15 ],2025-05-07_20-02-46-300
CSI_DATA,PASSIVE,5C:E9:31:E8:E9:4E,-84,11,0,0,0,0,0,0,0,0,0,-96,0,11,0,1986404577,0,124,0,0,1986.57,128,[124 -64 7 0 -2 -5 8 -1 2 -5 8 4 5 4 14 8 10 14 7 9 5 20 18 14 14 16 14 24 16 24 10 25 11 21 14 24 6 25 12 30 7 26 -7 21 -3 26 -3 25 -13 19 -13 22 -19 13 0 0 0 0 0 0 0 0 0 0 0 0 0 0 0 0 0 0 0 0 0 0 11 2 9 1 13 -3 7 -2 11 -12 15 -13 12 -10 13 -19 17 -15 19 -20 26 -28 18 -24 15 -22 12 -31 13 -35 0 -31 5 -34 0 -32 0 -33 1 -31 -2 -35 -7 -28 4 -23 -5 -22 0 -23 -3 -16 ],2025-05-07_20-02-46-308
CSI_DATA,PASSIVE,5C:E9:31:E8:E9:4E,-84,11,0,0,0,0,0,0,0,0,0,-96,0,11,0,1986410035,0,124,0,0,1986.58,128,[124 -64 7 0 -2 -11 3 -2 4 0 -1 -1 5 4 3 5 18 5 15 8 18 15 14 6 19 11 21 11 26 15 21 7 19 17 18 21 11 17 17 16 10 19 4 24 5 24 4 17 -4 12 0 12 -8 18 0 0 0 0 0 0 0 0 0 0 0 0 0 0 0 0 0 0 0 0 0 0 10 4 6 -3 10 -3 9 -3 7 -4 4 -15 9 -18 8 -18 9 -19 8 -22 8 -26 5 -19 6 -29 10 -27 6 -32 -1 -25 0 -38 -1 -29 -1 -30 -6 -24 -2 -29 -4 -27 -10 -27 -4 -17 -10 -23 -4 -13 ],2025-05-07_20-02-46-314
CSI_DATA,PASSIVE,5C:E9:31:E8:E9:4E,-85,11,0,0,0,0,0,0,0,0,0,-96,0,11,0,1986429427,0,130,0,0,1986.6,128,[-126 32 8 0 1 -7 11 -5 -6 -3 11 7 9 5 0 8 10 13 12 16 7 20 9 16 12 23 12 26 10 26 14 28 12 25 14 27 1 25 -1 21 -5 31 -2 23 -13 24 -8 20 -14 17 -13 10 -17 9 0 0 0 0 0 0 0 0 0 0 0 0 0 0 0 0 0 0 0 0 0 0 10 -2 8 0 7 -4 11 -6 8 -4 8 -16 11 -18 17 -20 9 -24 11 -17 18 -28 13 -26 17 -19 19 -29 9 -31 2 -31 3 -28 6 -28 7 -34 1 -31 5 -33 -5 -24 -3 -25 -6 -23 -1 -19 -1 -15 ],2025-05-07_20-02-46-333
CSI_DATA,PASSIVE,5C:E9:31:E8:F4:66,-76,11,0,0,0,0,0,0,0,0,0,-96,0,11,0,1986443836,0,734,0,0,1986.61,128,[-34 -30 45 0 7 20 15 8 8 12 9 20 23 17 23 14 16 16 25 22 18 13 26 10 22 19 25 17 23 12 22 19 18 18 19 17 17 13 14 16 9 16 9 13 4 9 1 6 0 5 -4 3 -6 3 0 0 0 0 0 0 0 0 0 0 0 0 0 0 0 0 0 0 0 0 0 0 -25 14 -25 13 -27 11 -27 12 -25 10 -25 10 -27 11 -25 14 -26 12 -26 9 -22 6 -19 4 -20 3 -16 4 -15 2 -16 0 -10 0 -8 2 -6 4 -6 1 -2 0 -4 8 0 0 -1 6 -1 9 10 5 ],2025-05-07_20-02-46-349
CSI_DATA,PASSIVE,5C:E9:31:E8:F4:66,-77,11,0,0,0,0,0,0,0,0,0,-96,0,11,0,1986444857,0,98,0,0,1986.62,128,[98 32 6 0 4 44 -2 47 29 37 -9 57 20 64 7 76 2 58 21 59 24 73 28 66 19 87 32 71 29 78 20 56 17 63 10 65 21 53 8 50 11 40 2 37 0 23 -5 23 -14 14 -13 0 -11 -3 0 0 0 0 0 0 0 0 0 0 0 0 0 0 0 0 0 0 0 0 0 0 -66 -27 -66 -25 -62 -24 -70 -30 -65 -44 -62 -33 -62 -32 -61 -39 -57 -37 -53 -39 -54 -30 -45 -24 -48 -25 -35 -27 -35 -25 -27 -19 -26 -19 -21 -11 -14 1 -18 1 -17 -5 2 14 -11 16 -6 18 -7 31 1 11 ],2025-05-07_20-02-46-354
CSI_DATA,PASSIVE,5C:E9:31:E8:F4:66,-77,11,0,0,0,0,0,0,0,0,0,-96,0,11,0,1986445030,0,115,0,0,1986.62,128,[115 48 7 0 36 -21 59 6 52 -14 61 -13 43 -27 52 -45 54 -27 56 -30 52 -49 66 -32 79 -53 65 -35 60 -40 56 -36 64 -57 54 -36 53 -29 37 -28 41 -13 27 -14 28 -8 20 -13 6 -4 6 8 10 11 0 0 0 0 0 0 0 0 0 0 0 0 0 0 0 0 0 0 0 0 0 0 -28 68 -22 59 -25 57 -22 72 -35 71 -25 69 -31 67 -30 72 -30 61 -24 50 -24 56 -28 41 -21 45 -21 40 -13 30 -13 26 -9 17 -7 14 -2 12 0 1 5 -2 2 6 18 -11 17 11 15 -8 25 -5 ],2025-05-07_20-02-46-360
CSI_DATA,PASSIVE,5C:E9:31:E8:F4:66,-77,11,0,0,0,0,0,0,0,0,0,-96,0,11,0,1986445448,0,124,0,0,1986.63,128,[124 -64 7 0 -32 10 -32 17 -43 -1 -62 28 -55 -10 -64 31 -78 -2 -53 23 -84 41 -61 42 -81 42 -74 45 -66 35 -54 33 -70 38 -64 33 -53 27 -53 27 -47 16 -35 13 -30 2 -16 3 -18 0 -6 -8 4 -7 0 0 0 0 0 0 0 0 0 0 0 0 0 0 0 0 0 0 0 0 0 0 35 -59 37 -56 33 -57 44 -70 41 -74 28 -62 35 -66 40 -58 33 -53 30 -51 30 -51 34 -37 28 -33 34 -34 18 -29 19 -27 14 -18 4 -26 -8 0 1 -20 -9 -3 -11 -12 -12 -19 1 -6 -15 -2 -20 13 ],2025-05-07_20-02-46-365
CSI_DATA,PASSIVE,5C:E9:31:E8:F4:66,-78,11,0,0,0,0,0,0,0,0,0,-96,0,11,0,1986445657,0,94,0,0,1986.63,128,[94 -32 5 0 6 40 28 17 7 50 3 54 18 32 34 62 23 60 30 59 53 59 38 46 41 75 44 76 32 63 56 52 59 64 37 67 32 44 36 40 24 41 14 31 4 24 7 14 2 9 -9 -1 -10 -2 0 0 0 0 0 0 0 0 0 0 0 0 0 0 0 0 0 0 0 0 0 0 -47 -37 -51 -37 -56 -45 -54 -41 -58 -49 -53 -47 -62 -42 -53 -37 -53 -42 -48 -40 -33 -50 -33 -44 -39 -36 -27 -35 -26 -26 -23 -21 -19 -30 -15 -16 -19 -11 -8 1 -14 0 8 -1 -22 22 -16 18 2 20 4 20 ],2025-05-07_20-02-46-371
CSI_DATA,PASSIVE,5C:E9:31:E8:F4:66,-76,11,0,0,0,0,0,0,0,0,0,-96,0,11,0,1986445826,0,94,0,0,1986.64,128,[94 -32 5 0 -15 13 -14 13 -12 15 -16 17 -16 23 -11 22 -16 26 -17 27 -18 27 -15 29 -15 29 -14 32 -17 30 -14 30 -13 28 -13 28 -12 29 -14 22 -11 17 -7 13 -8 7 -6 7 -6 5 -7 1 0 -3 0 0 0 0 0 0 0 0 0 0 0 0 0 0 0 0 0 0 0 0 0 0 -1 -30 -1 -33 -2 -33 2 -32 -3 -33 -2 -34 -2 -35 2 -34 -3 -33 -2 -32 -3 -30 1 -24 0 -14 -1 -21 4 -17 0 -11 1 -12 -4 -9 -1 -5 -3 -4 -3 -1 -2 2 -2 3 -3 8 -5 5 -7 4 ],2025-05-07_20-02-46-376
CSI_DATA,PASSIVE,5C:E9:31:E8:F4:66,-75,11,0,0,0,0,0,0,0,0,0,-96,0,11,0,1986445995,0,124,0,0,1986.65,128,[124 -64 7 0 -13 -10 -14 -9 -13 -13 -17 -9 -18 -15 -13 -13 -18 -13 -22 -7 -20 -15 -22 -6 -31 -10 -27 -7 -29 -14 -21 -3 -29 -17 -30 -9 -22 -13 -20 -5 -15 -15 -15 -2 -15 -10 -10 -1 -7 3 -2 -6 2 3 0 0 0 0 0 0 0 0 0 0 0 0 0 0 0 0 0 0 0 0 0 0 22 3 24 7 24 7 26 7 27 12 29 3 21 10 28 7 25 15 20 8 27 1 25 10 19 8 14 -2 17 1 9 5 5 5 -1 3 14 -5 8 1 4 7 1 -8 -3 3 2 -2 -3 -13 -3 -9 ],2025-05-07_20-02-46-382
CSI_DATA,PASSIVE,5C:E9:31:E8:F4:66,-76,11,0,0,0,0,0,0,0,0,0,-96,0,11,0,1986446204,0,124,0,0,1986.65,128,[124 -64 7 0 -14 2 -19 3 -19 7 -21 12 -25 4 -24 8 -26 7 -27 11 -27 12 -27 16 -29 15 -30 17 -28 14 -26 13 -28 13 -22 14 -25 11 -22 10 -17 7 -16 7 -15 3 -11 0 -6 -1 -2 -3 -1 -6 0 0 0 0 0 0 0 0 0 0 0 0 0 0 0 0 0 0 0 0 0 0 13 -25 13 -23 15 -23 14 -26 15 -24 12 -26 15 -29 13 -25 14 -23 12 -23 11 -22 8 -16 9 -19 7 -16 8 -12 6 -8 7 -6 2 -7 4 -6 2 -3 -2 0 -5 -2 -5 2 -7 1 -6 -1 -9 2 ],2025-05-07_20-02-46-388
CSI_DATA,PASSIVE,5C:E9:31:E8:F4:66,-76,11,0,0,0,0,0,0,0,0,0,-96,0,11,0,1986446413,0,124,0,0,1986.66,128,[124 -64 7 0 3 14 3 19 4 15 4 19 6 24 7 23 7 21 8 25 8 26 11 26 9 26 15 29 13 28 12 27 12 26 10 26 7 22 8 22 6 17 2 15 3 13 3 10 -2 6 -4 4 -5 0 0 0 0 0 0 0 0 0 0 0 0 0 0 0 0 0 0 0 0 0 0 0 -21 -19 -18 -23 -21 -21 -20 -22 -23 -20 -21 -22 -20 -20 -17 -21 -19 -19 -18 -20 -17 -16 -15 -17 -12 -14 -10 -14 -8 -12 -6 -11 -8 -9 -7 -6 -6 -5 -4 -3 -4 -1 -3 4 -2 1 -1 4 1 3 -3 8 ],2025-05-07_20-02-46-393
CSI_DATA,PASSIVE,5C:E9:31:E8:F4:66,-77,11,0,0,0,0,0,0,0,0,0,-96,0,11,0,1986446622,0,386,0,0,1986.66,128,[-126 33 24 0 14 3 17 4 16 1 20 1 21 1 24 0 26 3 27 0 28 -1 30 0 32 0 33 -1 31 0 33 -1 27 -1 25 -1 25 -3 22 2 18 -1 15 3 14 2 8 2 7 2 -1 2 -2 3 0 0 0 0 0 0 0 0 0 0 0 0 0 0 0 0 0 0 0 0 0 0 -23 13 -23 14 -24 13 -22 14 -25 16 -24 17 -23 16 -24 14 -21 12 -20 13 -19 12 -18 7 -19 5 -17 6 -13 5 -11 1 -13 5 -4 5 -5 4 -5 0 1 2 0 1 1 1 1 -1 7 3 7 3 ],2025-05-07_20-02-46-400
CSI_DATA,PASSIVE,5C:E9:31:E8:F4:66,-76,11,0,0,0,0,0,0,0,0,0,-96,0,11,0,1986450360,0,94,0,0,1986.67,128,[94 -32 5 0 -16 3 -17 6 -17 9 -19 8 -24 7 -28 9 -27 11 -28 14 -24 11 -27 14 -30 12 -29 16 -31 15 -31 15 -27 13 -28 10 -21 3 -25 4 -21 7 -17 8 -12 1 -10 1 -8 0 -3 -2 -1 -5 0 0 0 0 0 0 0 0 0 0 0 0 0 0 0 0 0 0 0 0 0 0 6 -26 9 -29 5 -30 5 -24 11 -28 6 -27 7 -26 9 -25 8 -26 8 -23 5 -21 5 -23 4 -16 3 -17 4 -12 5 -11 3 -6 5 -10 -3 -6 -2 -3 -5 -4 -6 1 -4 1 -7 1 -5 -1 -9 2 ],2025-05-07_20-02-46-404
CSI_DATA,PASSIVE,5C:E9:31:E8:E9:4E,-85,11,0,0,0,0,0,0,0,0,0,-96,0,11,0,1986484794,0,98,0,0,1986.67,128,[98 32 6 0 -1 4 -6 4 -19 3 -12 -5 -7 1 3 -7 -20 -11 -12 -6 -27 -16 -20 -1 -18 1 -21 -6 -23 -19 -20 -9 -18 -12 -11 -29 -10 -24 -2 -16 -7 -27 -3 -23 2 -13 9 -4 5 -17 15 -13 8 -12 0 0 0 0 0 0 0 0 0 0 0 0 0 0 0 0 0 0 0 0 0 0 0 4 0 11 7 4 2 3 16 10 13 8 1 11 8 5 9 8 19 17 36 2 14 5 27 6 14 19 32 2 30 14 24 -5 22 -14 10 9 7 0 10 4 18 4 13 4 21 8 7 -4 10 7 ],2025-05-07_20-02-46-409
CSI_DATA,PASSIVE,5C:E9:31:E8:E9:4E,-84,11,0,0,0,0,0,0,0,0,0,-96,0,11,0,1986492984,0,254,0,0,1986.68,128,[-2 -32 15 0 -1 3 2 -2 0 4 -3 -1 -7 -1 -10 4 -16 3 -11 6 -13 -1 -20 0 -18 1 -19 0 -22 1 -26 2 -21 0 -15 -3 -14 -4 -24 -6 -15 -10 -19 -8 -17 -16 -13 -15 -11 -12 -8 -12 -4 -16 0 0 0 0 0 0 0 0 0 0 0 0 0 0 0 0 0 0 0 0 0 0 -8 8 -4 7 -7 8 1 9 1 8 1 12 1 13 6 18 -2 22 9 14 5 20 9 10 12 18 9 20 11 14 18 16 8 15 17 23 17 12 15 16 20 15 16 10 14 10 14 5 8 7 13 7 ],2025-05-07_20-02-46-414
CSI_DATA,PASSIVE,5C:E9:31:E8:E9:4E,-84,11,0,0,0,0,0,0,0,0,0,-96,0,11,0,1986532531,0,98,0,0,1986.7,128,[98 32 6 0 -8 4 -12 4 -9 4 -1 2 -7 0 -12 -6 -3 -9 -11 -11 -13 -14 -10 -22 -17 -14 -7 -23 -13 -19 -6 -29 -9 -22 -2 -25 -6 -34 8 -24 3 -29 4 -18 10 -16 13 -23 7 -12 17 -13 15 -5 0 0 0 0 0 0 0 0 0 0 0 0 0 0 0 0 0 0 0 0 0 0 -13 -3 -8 -2 -13 4 -13 6 -14 6 -17 7 -19 15 -13 16 -18 18 -12 18 -17 20 -19 23 -14 27 -9 26 -12 25 -14 25 -6 29 -8 29 -9 29 -8 28 -5 25 4 24 -4 23 -5 22 1 22 7 20 ],2025-05-07_20-02-46-436
CSI_DATA,PASSIVE,5C:E9:31:E8:F4:66,-76,11,0,0,0,0,0,0,0,0,0,-96,0,11,0,1986546241,0,124,0,0,1986.71,128,[124 -64 7 0 1 -10 -5 -14 -12 -12 -8 -6 -11 -18 -14 -11 -14 -12 -11 -16 -12 -18 -15 -15 -12 -14 -14 -14 -16 -17 -14 -16 -14 -14 -14 -12 -14 -14 -12 -10 -8 -10 -7 -9 -7 -6 -3 -5 -2 -4 -1 -3 1 -3 0 0 0 0 0 0 0 0 0 0 0 0 0 0 0 0 0 0 0 0 0 0 21 0 19 2 19 11 21 11 12 9 17 9 20 6 18 9 17 8 16 7 16 6 15 5 12 4 10 3 9 3 7 6 6 6 3 0 3 4 2 1 3 -3 -2 0 -2 -4 -1 -8 -4 -8 0 0 ],2025-05-07_20-02-46-450
CSI_DATA,PASSIVE,5C:E9:31:E8:F4:66,-75,11,0,0,0,0,0,0,0,0,0,-96,0,11,0,1986546659,0,158,0,0,1986.72,128,[-98 -32 9 0 9 14 8 8 11 9 10 2 5 12 12 7 13 12 19 11 14 11 18 17 15 9 16 10 12 8 15 8 18 9 15 8 15 7 11 7 12 8 9 4 6 5 2 2 3 1 -3 2 -2 1 0 0 0 0 0 0 0 0 0 0 0 0 0 0 0 0 0 0 0 0 0 0 -16 1 -15 -4 -22 -4 -22 -4 -22 -7 -24 -5 -21 -5 -24 -5 -19 -3 -21 -6 -19 -4 -13 -5 -16 -5 -14 -6 -11 -3 -14 -2 -10 -1 -9 2 -6 0 -5 1 -2 -3 -6 0 -3 -1 0 -2 6 -3 0 8 ],2025-05-07_20-02-46-455
CSI_DATA,PASSIVE,5C:E9:31:E8:F4:66,-76,11,0,0,0,0,0,0,0,0,0,-96,0,11,0,1986546912,0,124,0,0,1986.72,128,[124 -64 7 0 -2 12 -10 12 -10 11 -4 12 -14 13 -2 16 -12 16 0 17 -7 27 -6 19 -9 25 -6 18 -6 22 -3 23 0 15 -3 21 -5 18 -4 16 -5 14 -5 11 -4 7 -1 6 -2 3 -6 -1 -2 -2 0 0 0 0 0 0 0 0 0 0 0 0 0 0 0 0 0 0 0 0 0 0 -4 -22 -6 -22 -6 -19 -5 -16 -10 -24 -7 -20 -8 -24 -8 -21 -7 -21 -6 -20 -4 -19 -3 -17 1 -18 -2 -14 -3 -12 -5 -10 -7 -9 -3 -10 -3 -9 1 -3 -3 -4 0 -1 -2 1 -1 -2 0 4 1 5 ],2025-05-07_20-02-46-460
CSI_DATA,PASSIVE,5C:E9:31:E8:F4:66,-76,11,0,0,0,0,0,0,0,0,0,-96,0,11,0,1986547329,0,94,0,0,1986.73,128,[94 -32 5 0 -18 1 -21 1 -10 11 -23 2 -20 6 -22 13 -26 18 -23 14 -24 13 -20 9 -27 17 -23 19 -29 18 -29 16 -23 13 -19 13 -20 10 -23 10 -14 6 -15 1 -12 4 -5 1 -6 1 -3 -3 -2 -5 0 0 0 0 0 0 0 0 0 0 0 0 0 0 0 0 0 0 0 0 0 0 15 -24 16 -23 15 -23 18 -25 16 -24 18 -24 19 -24 18 -24 18 -25 15 -22 10 -17 13 -14 12 -19 9 -15 10 -14 8 -10 5 -8 3 -3 9 -5 3 -6 0 -2 -6 -1 -9 2 -7 2 -8 0 -14 2 ],2025-05-07_20-02-46-466
CSI_DATA,PASSIVE,5C:E9:31:E8:F4:66,-77,11,0,0,0,0,0,0,0,0,0,-96,0,11,0,1986547671,0,98,0,0,1986.73,128,[98 32 6 0 -6 -10 -13 -5 -23 -10 -14 -14 -26 -6 -26 -13 -24 -12 -22 -11 -24 -8 -31 -10 -23 -4 -28 -9 -33 -10 -25 1 -25 -8 -28 -6 -22 -4 -21 -3 -18 -6 -13 -6 -10 -3 -8 -3 -4 -4 -1 -3 0 -3 0 0 0 0 0 0 0 0 0 0 0 0 0 0 0 0 0 0 0 0 0 0 25 -1 27 -2 25 1 26 -3 29 -3 30 -5 28 -5 29 -3 28 -1 26 -3 24 -3 21 0 21 -1 18 0 13 -1 13 -2 13 2 5 0 8 -3 7 -2 -1 0 -2 -6 -3 -9 -3 -1 -8 -6 -5 -10 ],2025-05-07_20-02-46-472
CSI_DATA,PASSIVE,5C:E9:31:E8:F4:66,-77,11,0,0,0,0,0,0,0,0,0,-96,0,11,0,1986547844,0,124,0,0,1986.74,128,[124 -64 7 0 -28 42 -37 58 -35 41 -12 46 -22 32 -29 42 -22 43 -31 56 -36 66 -41 69 -22 72 -30 77 -17 77 -26 67 -33 55 -20 58 -28 56 -19 48 -16 36 -17 31 -21 16 -12 13 -12 1 -7 -3 3 -3 0 0 0 0 0 0 0 0 0 0 0 0 0 0 0 0 0 0 0 0 0 0 -39 -54 -37 -51 -41 -58 -40 -60 -46 -59 -37 -60 -36 -63 -40 -73 -32 -66 -29 -56 -22 -58 -28 -47 -17 -47 -12 -42 -8 -37 -14 -29 -13 -21 -11 -23 -18 -13 -14 -11 -12 -1 -6 8 -13 12 -2 -2 -3 4 -17 19 ],2025-05-07_20-02-46-478
CSI_DATA,PASSIVE,5C:E9:31:E8:F4:66,-77,11,0,0,0,0,0,0,0,0,0,-96,0,11,0,1986548053,0,158,0,0,1986.75,128,[-98 -32 9 0 28 8 14 25 50 17 37 50 45 23 47 53 60 42 45 27 61 39 73 38 63 50 67 34 49 38 46 43 68 42 54 34 38 26 34 29 30 20 28 18 21 13 21 13 10 12 -4 3 -7 5 0 0 0 0 0 0 0 0 0 0 0 0 0 0 0 0 0 0 0 0 0 0 -68 6 -64 6 -69 10 -80 5 -76 3 -70 2 -75 1 -69 8 -72 3 -66 -8 -62 2 -61 -11 -54 -2 -41 -5 -46 2 -37 -6 -35 -1 -27 -2 -19 -10 -24 1 -13 -6 -19 15 -6 17 8 11 17 22 3 11 ],2025-05-07_20-02-46-483
CSI_DATA,PASSIVE,5C:E9:31:E8:F4:66,-77,11,0,0,0,0,0,0,0,0,0,-96,0,11,0,1986548306,0,254,0,0,1986.75,128,[-2 -32 15 0 11 -14 8 -12 9 -16 11 -19 8 -22 9 -26 12 -24 11 -27 11 -30 6 -32 9 -28 11 -28 5 -36 6 -29 6 -25 5 -29 5 -27 7 -22 7 -19 6 -16 8 -11 2 -9 2 -4 5 -4 3 4 0 0 0 0 0 0 0 0 0 0 0 0 0 0 0 0 0 0 0 0 0 0 1 29 1 28 3 30 4 30 8 32 0 30 6 31 4 29 2 30 4 29 1 26 0 27 -3 21 0 22 2 16 -1 15 -1 11 -2 9 1 4 1 4 5 -3 4 2 3 -4 4 -3 2 -4 2 -4 ],2025-05-07_20-02-46-488
CSI_DATA,PASSIVE,5C:E9:31:E8:F4:66,-76,11,0,0,0,0,0,0,0,0,0,-96,0,11,0,1986548687,0,94,0,0,1986.76,128,[94 -32 5 0 4 15 6 13 2 23 4 21 8 20 5 21 16 20 10 26 9 29 10 29 11 30 10 31 13 30 16 31 16 23 13 26 9 22 10 20 8 19 8 16 3 12 4 10 -1 4 -4 0 -5 0 0 0 0 0 0 0 0 0 0 0 0 0 0 0 0 0 0 0 0 0 0 0 -22 -24 -19 -22 -24 -18 -23 -23 -26 -24 -23 -23 -20 -27 -20 -24 -19 -22 -17 -22 -19 -21 -15 -22 -19 -14 -9 -18 -13 -15 -12 -11 -2 -6 -7 -4 -8 -6 -5 -6 -1 -2 0 1 -1 0 1 7 -3 8 -1 8 ],2025-05-07_20-02-46-494
CSI_DATA,PASSIVE,5C:E9:31:E8:F4:66,-77,11,0,0,0,0,0,0,0,0,0,-96,0,11,0,1986548856,0,94,0,0,1986.76,128,[94 -32 5 0 -19 -4 -18 2 -18 -1 -25 -1 -24 0 -26 3 -28 1 -25 6 -30 1 -30 5 -30 6 -29 11 -34 9 -29 9 -28 9 -26 6 -22 6 -23 3 -21 4 -17 2 -12 0 -9 -1 -6 1 -3 -2 0 -4 0 0 0 0 0 0 0 0 0 0 0 0 0 0 0 0 0 0 0 0 0 0 24 -15 27 -19 26 -17 25 -19 27 -16 25 -19 29 -18 27 -19 25 -16 25 -14 20 -12 21 -11 20 -10 17 -7 17 -6 10 -8 7 -5 8 -7 5 -2 4 -1 4 -4 0 -2 -4 -1 -5 0 -8 -4 -8 -4 ],2025-05-07_20-02-46-499
CSI_DATA,PASSIVE,5C:E9:31:E8:E9:4E,-86,11,0,0,0,0,0,0,0,0,0,-96,0,11,0,1986573839,0,158,0,0,1986.77,128,[-98 -32 9 0 9 -3 5 3 -5 4 -4 4 -11 0 -12 6 -8 6 -11 -10 -5 5 -19 -5 -14 8 -13 2 -28 2 -29 -1 -29 6 -24 3 -34 -7 -14 -8 -25 -12 -18 -10 -23 -7 -27 -18 -17 -11 -9 -27 -4 -15 0 0 0 0 0 0 0 0 0 0 0 0 0 0 0 0 0 0 0 0 0 0 -9 6 -9 9 3 11 -11 10 -1 18 7 19 7 34 8 5 3 22 13 17 15 14 9 17 20 19 23 9 20 20 24 11 22 20 19 20 23 15 25 20 11 4 20 12 25 0 18 8 30 5 18 6 ],2025-05-07_20-02-46-505
CSI_DATA,PASSIVE,5C:E9:31:E8:E9:4E,-84,11,0,0,0,0,0,0,0,0,0,-96,0,11,0,1986601112,0,98,0,0,1986.77,128,[98 32 6 0 -17 -10 8 -7 1 -10 4 -13 12 -4 4 -2 6 -5 11 -6 16 -10 16 -14 23 -13 26 -22 18 -16 20 -8 28 -14 23 -16 31 -9 30 -8 25 -2 17 5 23 1 22 7 14 8 22 7 11 8 0 0 0 0 0 0 0 0 0 0 0 0 0 0 0 0 0 0 0 0 0 0 10 0 17 -3 14 -4 11 -2 12 -12 11 -13 -1 -18 12 -25 8 -25 3 -21 5 -24 -9 -23 -3 -26 -5 -29 -15 -27 -14 -33 -13 -23 -26 -22 -24 -22 -24 -19 -30 -21 -18 -14 -16 -22 -20 -18 -16 -18 -9 -16 ],2025-05-07_20-02-46-510
CSI_DATA,PASSIVE,5C:E9:31:E8:E9:4E,-86,11,0,0,0,0,0,0,0,0,0,-96,0,11,0,1986631090,0,98,0,0,1986.8,128,[98 32 6 0 8 -1 4 1 -1 4 0 8 -6 11 -4 11 -14 13 -7 13 -7 18 -18 17 -14 19 -8 18 -18 28 -14 22 -20 19 -25 17 -19 10 -23 11 -23 11 -20 2 -23 -4 -18 -4 -18 -2 -17 -8 -16 -5 0 0 0 0 0 0 0 0 0 0 0 0 0 0 0 0 0 0 0 0 0 0 -11 8 -8 10 -3 7 -2 10 1 9 0 15 5 15 4 14 9 14 15 15 12 14 15 18 13 20 16 14 25 14 20 12 28 15 29 10 23 9 26 7 25 3 29 6 30 1 21 3 26 1 18 3 ],2025-05-07_20-02-46-534
CSI_DATA,PASSIVE,5C:E9:31:E8:F4:66,-76,11,0,0,0,0,0,0,0,0,0,-96,0,11,0,1986648469,0,158,0,0,1986.82,128,[-98 -32 9 0 13 -9 6 -4 11 -10 10 -5 24 -12 23 -19 25 -11 21 -2 27 -9 29 -15 26 -15 33 -21 24 -16 29 -17 27 -16 20 -13 22 -10 20 -8 20 -10 11 -5 14 -5 8 -2 4 1 -1 -1 -2 3 0 0 0 0 0 0 0 0 0 0 0 0 0 0 0 0 0 0 0 0 0 0 -9 24 -12 21 -12 26 -10 25 -10 23 -12 25 -11 23 -14 23 -11 23 -14 21 -10 15 -16 15 -17 14 -7 11 -10 7 -8 9 -9 8 -4 11 -8 6 -6 9 -5 2 -3 -1 6 5 -4 -1 0 1 5 2 ],2025-05-07_20-02-46-552
CSI_DATA,PASSIVE,5C:E9:31:E8:F4:66,-77,11,0,0,0,0,0,0,0,0,0,-96,0,11,0,1986648722,0,94,0,0,1986.82,128,[94 -32 5 0 14 -16 23 -14 50 -16 28 -50 43 -40 45 -40 33 -46 29 -61 55 -56 43 -46 49 -76 43 -84 44 -67 59 -62 58 -69 41 -47 34 -44 31 -36 31 -45 21 -38 22 -18 18 -8 11 -4 4 1 0 9 0 0 0 0 0 0 0 0 0 0 0 0 0 0 0 0 0 0 0 0 0 0 3 65 2 60 7 61 1 68 7 76 8 66 -9 74 -8 63 -3 66 -7 55 -11 70 -8 46 -8 48 -9 37 4 31 -10 23 -11 24 -6 17 3 23 3 26 2 3 13 -5 17 2 21 -3 9 -21 31 3 ],2025-05-07_20-02-46-557
CSI_DATA,PASSIVE,5C:E9:31:E8:F4:66,-76,11,0,0,0,0,0,0,0,0,0,-96,0,11,0,1986648891,0,94,0,0,1986.83,128,[94 -32 5 0 9 33 38 26 41 12 50 49 8 28 51 40 62 42 58 35 80 25 70 30 73 21 73 36 74 52 59 51 67 37 54 42 52 30 45 29 30 20 16 25 14 16 18 16 9 11 -7 6 6 1 0 0 0 0 0 0 0 0 0 0 0 0 0 0 0 0 0 0 0 0 0 0 -67 1 -56 14 -73 5 -76 3 -75 2 -66 1 -63 3 -65 -2 -67 -2 -56 -1 -57 -7 -44 -15 -52 -9 -39 -16 -36 -1 -27 -2 -29 -13 -19 1 -33 8 4 7 -25 21 9 6 0 11 19 18 8 1 14 36 ],2025-05-07_20-02-46-563
CSI_DATA,PASSIVE,5C:E9:31:E8:F4:66,-77,11,0,0,0,0,0,0,0,0,0,-96,0,11,0,1986649060,0,158,0,0,1986.83,128,[-98 -32 9 0 -26 17 -33 10 -32 51 -36 48 -46 71 -57 63 -45 45 -25 65 -20 73 -28 85 -29 76 -25 67 -28 73 -34 75 -31 70 -22 62 -22 50 -13 47 -14 40 -17 32 -21 23 -8 23 -16 14 -5 -8 -9 2 0 0 0 0 0 0 0 0 0 0 0 0 0 0 0 0 0 0 0 0 0 0 17 -61 9 -61 11 -59 12 -58 14 -71 8 -69 20 -61 10 -69 20 -58 21 -60 26 -61 20 -46 31 -36 10 -49 17 -38 15 -36 3 -8 14 -15 3 -25 -7 -8 -15 -18 6 -12 -8 0 3 -5 -4 23 -7 24 ],2025-05-07_20-02-46-569
CSI_DATA,PASSIVE,5C:E9:31:E8:F4:66,-77,11,0,0,0,0,0,0,0,0,0,-96,0,11,0,1986649313,0,128,0,0,1986.84,128,[-128 0 8 0 28 -8 46 3 32 33 61 15 75 2 85 43 56 24 74 11 63 1 79 27 87 36 83 6 78 13 71 3 75 0 69 14 61 7 53 17 45 5 29 8 23 0 22 17 15 7 -2 3 -6 7 0 0 0 0 0 0 0 0 0 0 0 0 0 0 0 0 0 0 0 0 0 0 -71 20 -54 12 -64 18 -77 17 -68 12 -61 15 -70 22 -62 10 -62 7 -59 12 -50 8 -43 1 -59 -1 -40 1 -44 -8 -30 3 -25 0 -32 -1 -15 7 -7 3 -4 11 5 17 -7 -9 3 25 14 10 28 13 ],2025-05-07_20-02-46-574
CSI_DATA,PASSIVE,5C:E9:31:E8:F4:66,-77,11,0,0,0,0,0,0,0,0,0,-96,0,11,0,1986649526,0,158,0,0,1986.84,128,[-98 -32 9 0 11 31 -9 54 -6 62 2 59 26 45 -16 73 -16 61 5 58 6 112 -1 95 11 78 15 83 -5 72 6 83 10 70 12 67 13 69 10 51 16 46 3 38 2 26 4 12 -8 19 -3 -2 1 1 0 0 0 0 0 0 0 0 0 0 0 0 0 0 0 0 0 0 0 0 0 0 -16 -62 -28 -58 -22 -61 -21 -69 -29 -80 -18 -52 -24 -69 -22 -57 -19 -59 -19 -60 -9 -67 -20 -45 -7 -43 -5 -33 1 -42 -8 -25 -17 8 11 -29 -12 -14 -8 -18 9 5 -7 10 -21 -5 -15 -2 4 26 -26 15 ],2025-05-07_20-02-46-580
CSI_DATA,PASSIVE,5C:E9:31:E8:F4:66,-77,11,0,0,0,0,0,0,0,0,0,-96,0,11,0,1986649779,0,94,0,0,1986.85,128,[94 -32 5 0 6 37 55 24 22 26 29 34 43 39 35 52 38 44 43 59 58 37 74 23 76 39 78 54 62 18 84 21 73 26 60 20 57 19 53 25 41 25 30 10 25 18 19 21 10 6 7 5 -9 5 0 0 0 0 0 0 0 0 0 0 0 0 0 0 0 0 0 0 0 0 0 0 -57 17 -63 13 -68 11 -77 0 -69 11 -69 10 -65 3 -66 7 -61 -1 -52 -11 -57 -5 -56 1 -53 -1 -47 -1 -33 -6 -45 -10 -25 -12 -19 8 -7 -3 -17 -14 12 22 -2 -3 0 26 -12 5 20 16 35 9 ],2025-05-07_20-02-46-585
CSI_DATA,PASSIVE,5C:E9:31:E8:F4:66,-77,11,0,0,0,0,0,0,0,0,0,-96,0,11,0,1986649948,0,200,0,0,1986.85,128,[-56 -128 12 0 -15 22 -26 48 -14 50 -17 40 -16 65 -36 31 -16 53 -3 57 -36 74 -16 80 -35 69 -27 81 -8 81 -14 83 -17 79 -11 72 -15 56 -16 51 -4 58 -13 37 -14 33 -4 16 -8 11 -6 -2 -2 -11 0 0 0 0 0 0 0 0 0 0 0 0 0 0 0 0 0 0 0 0 0 0 -4 -61 3 -58 -3 -64 0 -66 -1 -71 3 -70 5 -69 2 -62 4 -67 12 -61 4 -55 8 -56 11 -48 16 -40 8 -42 5 -35 12 -21 -12 -12 7 -12 -1 3 13 1 -1 -5 -23 18 -16 3 -14 19 -14 14 ],2025-05-07_20-02-46-591
CSI_DATA,PASSIVE,5C:E9:31:E8:F4:66,-77,11,0,0,0,0,0,0,0,0,0,-96,0,11,0,1986650257,0,128,0,0,1986.86,128,[-128 0 8 0 -31 18 -34 5 -82 37 -48 13 -44 15 -56 14 -46 9 -55 28 -78 12 -75 30 -96 20 -69 26 -73 25 -71 39 -72 25 -66 36 -47 21 -54 12 -53 14 -41 6 -22 1 -22 -2 -12 -9 0 -2 3 1 0 0 0 0 0 0 0 0 0 0 0 0 0 0 0 0 0 0 0 0 0 0 22 -57 20 -53 22 -63 24 -68 32 -71 21 -63 41 -65 30 -60 26 -54 26 -60 25 -43 33 -40 29 -29 28 -30 8 -14 23 -30 16 -15 4 -13 22 -21 12 -14 3 -13 -5 -3 8 -3 -11 -16 -16 -11 -38 -20 ],2025-05-07_20-02-46-597
CSI_DATA,PASSIVE,5C:E9:31:E8:F4:66,-77,11,0,0,0,0,0,0,0,0,0,-96,0,11,0,1986650470,0,94,0,0,1986.87,128,[94 -32 5 0 7 -38 8 -8 -8 -56 3 -62 11 -63 8 -77 -7 -72 -1 -58 -8 -70 -23 -91 -12 -71 -24 -105 -19 -78 -13 -86 -23 -65 -10 -67 -8 -52 -1 -51 5 -46 -3 -35 0 -33 5 -25 2 -16 11 0 6 7 0 0 0 0 0 0 0 0 0 0 0 0 0 0 0 0 0 0 0 0 0 0 43 50 35 46 39 46 38 58 37 59 38 49 32 57 27 56 28 50 26 58 31 54 12 44 26 48 8 29 17 35 24 31 10 20 10 19 4 17 6 -3 16 12 7 -11 -1 -4 26 11 6 -11 -3 -25 ],2025-05-07_20-02-46-602
CSI_DATA,PASSIVE,5C:E9:31:E8:E9:4E,-84,11,0,0,0,0,0,0,0,0,0,-96,0,11,0,1986676105,0,141,0,0,1986.87,128,[-115 -48 8 0 -9 8 -17 2 -8 -5 -14 -4 -7 -17 2 -11 -4 -15 0 -20 -5 -18 -5 -23 0 -25 -9 -26 -9 -23 4 -27 3 -29 2 -26 8 -21 12 -24 7 -23 8 -23 9 -19 8 -14 9 -5 18 -6 24 -1 0 0 0 0 0 0 0 0 0 0 0 0 0 0 0 0 0 0 0 0 0 0 2 -9 2 -7 1 -18 -5 -14 -6 -9 -8 -10 -12 -15 -9 -9 -16 -4 -19 -7 -24 -9 -25 -1 -28 -14 -29 -2 -30 5 -35 4 -32 1 -34 11 -29 10 -29 5 -27 10 -34 12 -17 15 -18 13 -18 4 -15 7 ],2025-05-07_20-02-46-608
CSI_DATA,PASSIVE,5C:E9:31:E8:E9:4E,-84,11,0,0,0,0,0,0,0,0,0,-96,0,11,0,1986681610,0,98,0,0,1986.88,128,[98 32 6 0 -10 7 -12 -5 -8 5 -12 1 2 -4 -19 -4 -10 -10 -6 -11 -18 -13 -13 -7 -17 -15 -20 -11 -14 -11 -26 -18 -17 -15 -17 -23 -14 -16 -17 -18 -16 -20 -17 -20 -7 -15 -5 -17 -9 -17 3 -12 1 -8 0 0 0 0 0 0 0 0 0 0 0 0 0 0 0 0 0 0 0 0 0 0 2 -12 1 -12 -8 -14 -1 -8 -11 -4 -14 -11 -9 -5 -24 -7 -10 -2 -21 4 -21 -1 -20 5 -19 11 -23 10 -21 19 -25 13 -16 14 -19 27 -25 21 -11 19 -17 26 -20 19 -13 20 -18 22 -7 7 -1 18 ],2025-05-07_20-02-46-614
CSI_DATA,PASSIVE,5C:E9:31:E8:E9:4E,-84,11,0,0,0,0,0,0,0,0,0,-96,0,11,0,1986689217,0,205,0,0,1986.88,128,[-51 -48 12 0 -2 -11 -3 -6 -12 0 -2 -12 1 -20 -9 -4 -1 -12 1 -15 5 -13 18 -19 11 -17 14 -19 21 -10 22 -25 18 -30 17 -19 20 -17 13 -7 20 -10 29 -6 20 -3 16 -4 19 4 21 5 18 5 0 0 0 0 0 0 0 0 0 0 0 0 0 0 0 0 0 0 0 0 0 0 2 -6 6 -11 4 -6 4 -13 -1 -13 3 -8 -7 -8 -6 -19 -4 1 -27 -18 -15 -10 -5 -5 -17 -11 -11 -15 -30 -23 -30 -13 -21 -15 -28 -8 -30 -2 -38 1 -15 3 -24 0 -29 3 -13 -2 -21 -1 -9 3 ],2025-05-07_20-02-46-619
CSI_DATA,PASSIVE,5C:E9:31:E8:F4:42,-90,11,0,0,0,0,0,0,0,0,0,-96,0,11,0,1986695933,0,128,0,0,1986.89,128,[-128 0 8 0 13 -2 2 4 9 -1 10 6 5 -1 2 5 -2 11 -1 4 -2 13 5 7 -3 10 1 8 -5 11 -5 11 -4 5 1 13 -4 6 5 4 1 7 1 9 -2 6 7 15 2 11 4 11 1 12 0 0 0 0 0 0 0 0 0 0 0 0 0 0 0 0 0 0 0 0 0 0 0 7 -7 4 1 3 3 9 -3 3 1 6 0 10 3 14 6 7 8 11 -1 16 -6 9 1 17 -2 15 0 9 -1 8 -5 12 3 21 0 4 7 18 0 8 -1 13 9 3 -2 0 11 3 -4 -1 ],2025-05-07_20-02-46-624
CSI_DATA,PASSIVE,5C:E9:31:E8:F4:42,-91,11,0,0,0,0,0,0,0,0,0,-96,0,11,0,1986696146,0,94,0,0,1986.89,128,[94 -32 5 0 7 6 -3 14 -7 8 -12 10 -7 12 -15 7 -16 5 -6 0 -4 3 -14 5 -6 -2 -20 13 -6 2 -9 -3 -7 5 -8 7 -12 3 -8 5 -4 6 -6 14 2 10 -2 8 -5 8 -2 3 -5 12 0 0 0 0 0 0 0 0 0 0 0 0 0 0 0 0 0 0 0 0 0 0 -1 -2 0 -9 6 -9 -1 -4 1 3 -10 -12 -8 -9 -18 -19 -14 -14 -13 -10 -9 -12 -14 -8 -11 -10 -11 -12 -9 -12 -13 -8 -12 -8 -19 -3 -8 -7 -11 -4 -4 -2 2 -4 -2 4 -6 2 -13 3 -4 8 ],2025-05-07_20-02-46-629
CSI_DATA,PASSIVE,5C:E9:31:E8:F4:42,-90,11,0,0,0,0,0,0,0,0,0,-96,0,11,0,1986696661,0,141,0,0,1986.9,128,[-115 -48 8 0 -4 8 -13 6 -10 4 -15 3 -14 8 -10 5 -8 3 -10 2 -10 4 -12 1 -15 3 -16 -8 -9 -4 -8 0 -10 0 -7 -3 -12 2 -4 8 -21 1 -10 4 -2 7 -9 4 -12 8 -4 -1 -2 8 0 0 0 0 0 0 0 0 0 0 0 0 0 0 0 0 0 0 0 0 0 0 2 -4 -9 -4 -7 -4 0 -5 -5 -6 -7 -1 -13 -9 -8 -6 -6 -10 -14 -12 -6 -14 -11 -9 -10 -4 -12 -11 -13 1 -20 0 -17 -6 -10 -11 -15 4 -18 -1 -15 1 -8 7 -15 1 -1 4 -7 3 -4 15 ],2025-05-07_20-02-46-635
CSI_DATA,PASSIVE,5C:E9:31:E8:E9:4E,-85,11,0,0,0,0,0,0,0,0,0,-96,0,11,0,1986703648,0,98,0,0,1986.9,128,[98 32 6 0 3 8 1 3 -3 5 -8 3 -13 -2 -8 7 -14 4 -15 10 -16 8 -15 6 -22 4 -29 6 -21 5 -21 1 -27 2 -26 -4 -27 -7 -16 -4 -23 -13 -19 -12 -14 -16 -15 -14 -9 -15 -8 -21 -6 -22 0 0 0 0 0 0 0 0 0 0 0 0 0 0 0 0 0 0 0 0 0 0 -12 -2 -10 9 -12 4 -7 3 -9 3 -4 9 1 15 -8 17 -3 14 2 16 -4 17 5 25 11 27 7 25 12 23 11 27 19 20 13 17 20 19 23 23 12 15 19 18 11 20 21 12 19 7 12 7 ],2025-05-07_20-02-46-640
CSI_DATA,PASSIVE,5C:E9:31:E8:E9:4E,-84,11,0,0,0,0,0,0,0,0,0,-96,0,11,0,1986704088,0,108,0,0,1986.91,128,[108 -64 6 0 -2 3 -6 7 -5 4 -12 -1 -9 -6 -8 6 -15 -2 -14 1 -19 -5 -17 -2 -19 -3 -20 -1 -19 -8 -25 -12 -19 -4 -22 -11 -22 -12 -20 -6 -16 -17 -15 -14 -11 -15 -8 -15 -7 -15 -4 -14 -2 -17 0 0 0 0 0 0 0 0 0 0 0 0 0 0 0 0 0 0 0 0 0 0 -10 -11 -6 -10 -5 -4 -7 -4 -4 -3 -12 3 -13 7 -11 9 -17 15 -8 13 -12 14 -10 16 -8 24 -4 28 -8 24 -7 23 0 23 -3 23 2 28 1 22 3 17 1 21 -5 15 2 18 -1 23 1 11 ],2025-05-07_20-02-46-646
CSI_DATA,PASSIVE,5C:E9:31:E8:E9:4E,-84,11,0,0,0,0,0,0,0,0,0,-96,0,11,0,1986711693,0,98,0,0,1986.91,128,[98 32 6 0 -8 8 -4 3 -13 -4 -9 -2 -7 -8 -18 -6 -21 -9 -24 -8 -19 -16 -17 -5 -23 -16 -27 -13 -26 -16 -24 -22 -19 -14 -26 -25 -21 -19 -24 -23 -14 -24 -12 -20 -9 -24 -7 -21 -8 -22 5 -17 5 -21 0 0 0 0 0 0 0 0 0 0 0 0 0 0 0 0 0 0 0 0 0 0 3 -16 -2 -7 -6 -16 -11 -3 -6 -1 -16 -7 -10 -1 -19 7 -25 9 -21 1 -23 2 -28 11 -21 12 -27 14 -26 12 -26 16 -18 21 -20 24 -20 26 -15 26 -17 26 -10 30 -4 26 -8 20 -7 26 -14 13 ],2025-05-07_20-02-46-652
CSI_DATA,PASSIVE,5C:E9:31:E8:E9:4E,-85,11,0,0,0,0,0,0,0,0,0,-96,0,11,0,1986714758,0,138,0,0,1986.92,128,[-118 -96 8 0 -3 2 -7 1 -18 5 -2 5 -13 6 -17 -6 -20 -3 -18 -12 -17 -10 -22 -11 -25 -14 -20 -10 -24 -12 -24 -11 -23 -17 -23 -10 -16 -16 -19 -20 -20 -22 -10 -22 -8 -20 -10 -14 1 -17 1 -20 4 -22 0 0 0 0 0 0 0 0 0 0 0 0 0 0 0 0 0 0 0 0 0 0 0 -11 -8 -6 -10 -8 -10 0 -4 -1 -13 2 -11 4 -18 3 -14 12 -16 17 -22 17 -13 12 -19 15 -13 19 -15 22 -14 24 -12 29 -11 25 -10 31 -17 23 -10 24 10 26 -5 15 2 15 0 13 -3 17 ],2025-05-07_20-02-46-658
CSI_DATA,PASSIVE,5C:E9:31:E8:E9:4E,-84,11,0,0,0,0,0,0,0,0,0,-96,0,11,0,1986724903,0,98,0,0,1986.93,128,[98 32 6 0 -5 -5 -1 -9 2 1 -1 -11 9 -7 5 -12 2 -12 5 -12 8 -17 14 -14 13 -13 15 -19 8 -15 22 -12 16 -12 21 -12 21 -13 17 -10 18 -7 20 -6 14 1 15 0 16 0 12 2 15 4 0 0 0 0 0 0 0 0 0 0 0 0 0 0 0 0 0 0 0 0 0 0 5 -5 6 -9 6 -4 0 -9 -1 -7 0 -15 -7 -10 -6 -13 -11 -18 -12 -15 -10 -17 -13 -19 -17 -17 -21 -18 -17 -11 -20 -14 -20 -15 -17 -12 -23 -9 -22 -6 -19 -7 -26 -9 -21 -7 -12 -4 -14 -7 -12 -5 ],2025-05-07_20-02-46-663
CSI_DATA,PASSIVE,5C:E9:31:E8:E9:4E,-85,11,0,0,0,0,0,0,0,0,0,-96,0,11,0,1986727403,0,158,0,0,1986.93,128,[-98 -32 9 0 11 -4 12 -1 -1 7 6 -3 1 12 0 2 9 16 3 16 8 17 18 22 13 22 22 18 6 25 9 19 16 27 10 19 1 27 1 27 -1 22 -5 21 -2 28 -8 21 -5 14 -13 18 -8 9 0 0 0 0 0 0 0 0 0 0 0 0 0 0 0 0 0 0 0 0 0 0 -9 8 -2 6 0 7 -6 7 4 9 8 7 7 9 14 8 13 9 21 8 17 13 23 6 20 5 23 3 25 -4 28 -5 27 -1 26 -10 22 -9 17 -9 26 -7 18 -11 21 -8 19 -9 20 -8 8 -7 ],2025-05-07_20-02-46-668
CSI_DATA,PASSIVE,5C:E9:31:E8:E9:4E,-84,11,0,0,0,0,0,0,0,0,0,-96,0,11,0,1986732441,0,98,0,0,1986.94,128,[98 32 6 0 -16 1 -16 -12 -7 -9 3 -8 -5 1 0 -18 -4 -5 -3 -17 -2 -28 -5 -26 14 -29 -2 -31 5 -32 2 -22 9 -30 16 -33 12 -29 3 -15 19 -20 7 -16 19 -12 13 -15 17 -5 27 -13 20 -9 0 0 0 0 0 0 0 0 0 0 0 0 0 0 0 0 0 0 0 0 0 0 13 -3 6 4 0 -1 -1 -9 10 -9 11 -16 4 -21 -5 -12 -9 -17 -6 -15 -9 -25 -12 -14 -19 -22 -16 -11 -21 -19 -27 -20 -32 -27 -25 -20 -36 -13 -41 -14 -28 -5 -19 -8 -24 -10 -27 -11 -19 -2 -13 -9 ],2025-05-07_20-02-46-674
CSI_DATA,PASSIVE,5C:E9:31:E8:E9:4E,-83,11,0,0,0,0,0,0,0,0,0,-96,0,11,0,1986809828,0,484,0,0,1986.98,128,[-28 65 30 0 5 2 3 2 2 4 6 1 3 13 1 14 6 13 1 16 2 18 0 24 4 16 1 21 3 22 3 26 0 22 3 24 -9 25 -10 26 -4 21 -8 17 -12 14 -11 11 -15 9 -13 10 -17 2 0 0 0 0 0 0 0 0 0 0 0 0 0 0 0 0 0 0 0 0 0 0 -5 12 -3 8 0 10 4 5 12 7 10 9 8 9 21 4 18 2 22 -1 24 6 28 1 26 4 27 4 29 4 31 -1 31 -6 32 -9 30 -14 25 -7 20 -4 13 -16 23 -11 19 -9 17 -8 9 -6 ],2025-05-07_20-02-46-713
CSI_DATA,PASSIVE,5C:E9:31:E8:E9:4E,-83,11,0,0,0,0,0,0,0,0,0,-96,0,11,0,1986810517,0,504,0,0,1986.98,128,[-8 -127 31 0 -5 -6 3 -11 3 -3 5 -2 7 -13 7 -6 16 -7 15 -8 15 -8 18 -5 18 -10 23 -10 25 -2 21 -5 25 -1 22 0 16 -2 20 8 17 4 16 10 17 9 14 10 12 16 10 13 8 13 0 0 0 0 0 0 0 0 0 0 0 0 0 0 0 0 0 0 0 0 0 0 7 -6 6 -7 5 -10 2 -16 -4 -14 1 -12 -7 -18 -9 -21 -9 -23 -13 -21 -13 -23 -17 -19 -24 -19 -18 -23 -24 -22 -22 -19 -23 -18 -26 -22 -25 -17 -25 -15 -19 -18 -22 -11 -18 -12 -16 -9 -17 -8 -13 -9 ],2025-05-07_20-02-46-719
CSI_DATA,PASSIVE,5C:E9:31:E8:E9:4E,-83,11,0,0,0,0,0,0,0,0,0,-96,0,11,0,1986814126,0,674,0,0,1986.99,128,[-94 34 42 0 -12 0 -6 2 -9 -2 1 -4 -6 -4 -2 -13 -9 -14 2 -18 -11 -20 -13 -18 -6 -20 -11 -20 -9 -25 -8 -31 -6 -26 -7 -28 -8 -25 -2 -24 12 -24 9 -25 -2 -17 12 -15 13 -8 11 -10 16 -11 0 0 0 0 0 0 0 0 0 0 0 0 0 0 0 0 0 0 0 0 0 0 -10 -9 -8 -8 -11 -2 -11 5 -10 2 -18 10 -20 6 -29 8 -25 9 -26 16 -27 17 -23 14 -23 15 -25 23 -23 22 -23 24 -17 27 -23 18 -13 24 -23 32 -14 27 -9 25 -16 12 -16 17 -7 13 -11 8 ],2025-05-07_20-02-46-725
CSI_DATA,PASSIVE,5C:E9:31:E8:E9:4E,-84,11,0,0,0,0,0,0,0,0,0,-96,0,11,0,1986815506,0,694,0,0,1986.99,128,[-74 98 43 0 9 -7 2 8 -7 9 -11 1 -10 17 -7 7 -5 13 -12 20 -13 13 -15 21 -18 17 -15 24 -23 24 -19 23 -22 16 -18 11 -22 13 -22 5 -25 6 -26 2 -21 -7 -24 -5 -14 1 -10 -11 -13 -11 0 0 0 0 0 0 0 0 0 0 0 0 0 0 0 0 0 0 0 0 0 0 -5 11 -3 2 1 9 -4 17 -1 10 2 11 3 15 6 19 5 18 8 22 8 15 14 19 15 20 23 28 25 25 29 25 15 20 35 18 35 13 35 15 9 13 30 9 16 0 23 -2 20 8 19 2 ],2025-05-07_20-02-46-730
CSI_DATA,PASSIVE,5C:E9:31:E8:E9:4E,-83,11,0,0,0,0,0,0,0,0,0,-96,0,11,0,1986820845,0,98,0,0,1987,128,[98 32 6 0 2 -4 -3 -3 0 -3 6 -5 15 -7 16 -10 11 -9 13 -9 19 -8 13 -6 26 -4 19 -11 19 -12 20 -15 25 -1 21 -9 28 -8 21 2 18 6 16 5 13 3 11 7 6 11 11 11 9 21 0 0 0 0 0 0 0 0 0 0 0 0 0 0 0 0 0 0 0 0 0 0 4 -9 1 -3 3 -9 -3 -12 -5 -10 -6 -11 -5 -16 -12 -17 -10 -16 -13 -20 -14 -19 -23 -16 -24 -20 -19 -17 -28 -14 -25 -17 -22 -12 -28 -18 -27 -10 -27 -10 -25 -15 -27 -7 -20 -8 -17 -6 -14 -1 -13 -5 ],2025-05-07_20-02-46-736
CSI_DATA,PASSIVE,5C:E9:31:E8:E9:4E,-84,11,0,0,0,0,0,0,0,0,0,-96,0,11,0,1986832858,0,238,0,0,1987,128,[-18 -32 14 0 -6 -4 0 -7 0 -6 12 -9 18 -11 6 -9 9 -17 12 -20 9 -11 15 -12 15 -16 18 -12 20 -14 18 -13 22 -16 26 -6 12 -7 18 -2 24 2 16 2 14 1 20 6 7 6 11 6 10 10 0 0 0 0 0 0 0 0 0 0 0 0 0 0 0 0 0 0 0 0 0 0 4 -4 1 -13 -1 -12 -6 -12 -8 -11 -5 -4 -5 -12 -10 -16 -15 -12 -8 -11 -23 -13 -22 -11 -31 -24 -23 -9 -28 -10 -35 -13 -25 -15 -31 -8 -26 -4 -23 0 -19 -4 -15 0 -17 -4 -20 -3 -17 0 -12 -1 ],2025-05-07_20-02-46-741
CSI_DATA,PASSIVE,5C:E9:31:E8:F4:66,-76,11,0,0,0,0,0,0,0,0,0,-96,0,11,0,1986853455,0,148,0,0,1987.02,128,[-108 64 9 0 -20 -5 -19 2 -17 -7 -18 -5 -22 -3 -22 -9 -30 -14 -34 -10 -30 0 -35 -4 -34 -8 -37 -10 -33 -5 -34 -8 -36 -9 -29 -5 -27 -4 -26 -4 -18 -6 -15 -6 -12 -4 -9 -3 -4 -3 -3 -2 3 1 0 0 0 0 0 0 0 0 0 0 0 0 0 0 0 0 0 0 0 0 0 0 18 -18 19 -17 20 -16 20 -19 18 -18 19 -18 21 -16 22 -17 22 -11 17 -11 18 -10 18 -9 15 -7 17 -4 13 -3 11 -5 11 -4 4 -4 9 -1 2 -3 4 -2 -4 -3 -1 1 -7 -5 -4 1 -11 -3 ],2025-05-07_20-02-46-757
CSI_DATA,PASSIVE,5C:E9:31:E8:F4:66,-76,11,0,0,0,0,0,0,0,0,0,-96,0,11,0,1986853696,0,148,0,0,1987.03,128,[-108 64 9 0 31 5 47 11 57 9 57 17 60 6 72 16 67 16 79 5 83 9 88 5 85 1 86 -6 80 -3 83 -8 79 -3 80 -7 64 -2 55 0 48 -10 41 -3 29 9 22 4 11 3 1 6 -5 8 0 0 0 0 0 0 0 0 0 0 0 0 0 0 0 0 0 0 0 0 0 0 -54 35 -47 30 -53 31 -58 33 -64 39 -55 34 -60 34 -53 25 -60 32 -55 20 -58 20 -47 12 -52 6 -40 8 -33 11 -40 6 -20 7 -15 10 -24 6 -12 6 -3 7 -8 5 4 7 6 11 15 10 15 13 ],2025-05-07_20-02-46-762
CSI_DATA,PASSIVE,5C:E9:31:E8:F4:66,-75,11,0,0,0,0,0,0,0,0,0,-96,0,11,0,1986853937,0,98,0,0,1987.03,128,[98 32 6 0 -20 0 -21 5 -22 5 -21 11 -21 6 -22 6 -29 8 -27 11 -30 8 -34 20 -25 9 -28 5 -29 16 -26 19 -21 11 -27 7 -27 7 -17 -3 -13 4 -20 3 -2 0 -8 -1 -9 -2 0 -10 -4 -1 0 0 0 0 0 0 0 0 0 0 0 0 0 0 0 0 0 0 0 0 0 0 2 -25 3 -21 5 -22 2 -26 1 -25 2 -24 -1 -25 6 -18 -1 -28 6 -16 3 -22 6 -15 10 -19 -1 -22 3 -5 -3 -5 4 -11 -5 -1 1 -13 5 -12 7 2 -2 -1 -15 -2 -10 0 -9 0 -11 6 ],2025-05-07_20-02-46-768
CSI_DATA,PASSIVE,5C:E9:31:E8:F4:66,-76,11,0,0,0,0,0,0,0,0,0,-96,0,11,0,1986854110,0,484,0,0,1987.04,128,[-28 65 30 0 10 6 17 4 23 6 20 6 25 5 26 4 29 5 31 0 33 -1 32 2 34 1 35 0 30 0 31 3 30 -3 31 0 26 -2 19 0 18 -2 19 1 13 1 9 -1 4 1 0 1 -3 0 0 0 0 0 0 0 0 0 0 0 0 0 0 0 0 0 0 0 0 0 0 0 -19 14 -20 13 -26 13 -20 12 -20 15 -25 13 -23 16 -25 10 -22 10 -22 10 -20 8 -19 5 -18 5 -16 6 -15 1 -11 3 -10 4 -9 3 -6 -2 -6 0 -5 1 -3 -1 1 0 2 1 -1 0 10 6 ],2025-05-07_20-02-46-774
CSI_DATA,PASSIVE,5C:E9:31:E8:F4:66,-77,11,0,0,0,0,0,0,0,0,0,-96,0,11,0,1986854799,0,504,0,0,1987.04,128,[-8 -127 31 0 -16 5 -18 8 -20 9 -21 9 -24 12 -24 11 -26 15 -28 17 -29 19 -29 20 -29 18 -30 20 -27 18 -28 17 -26 18 -23 19 -20 15 -19 14 -17 12 -14 8 -11 4 -8 5 -6 1 -3 -1 1 -4 0 0 0 0 0 0 0 0 0 0 0 0 0 0 0 0 0 0 0 0 0 0 5 -26 4 -24 4 -27 5 -25 4 -25 4 -26 6 -29 3 -25 7 -22 7 -21 9 -20 6 -19 9 -16 9 -13 5 -11 5 -7 4 -8 1 -4 2 -5 3 -1 0 -4 0 1 -6 -2 -2 -1 -7 -2 -8 1 ],2025-05-07_20-02-46-779
CSI_DATA,PASSIVE,5C:E9:31:E8:F4:66,-76,11,0,0,0,0,0,0,0,0,0,-96,0,11,0,1986855512,0,674,0,0,1987.05,128,[-94 34 42 0 -11 -15 -12 -17 -13 -20 -15 -20 -19 -22 -20 -26 -22 -24 -23 -26 -25 -31 -26 -27 -30 -31 -29 -26 -27 -26 -28 -25 -28 -23 -25 -24 -20 -22 -19 -19 -16 -20 -13 -14 -9 -10 -6 -9 -2 -5 1 -1 3 1 0 0 0 0 0 0 0 0 0 0 0 0 0 0 0 0 0 0 0 0 0 0 27 4 26 5 28 5 26 3 30 6 27 5 27 5 27 7 24 6 24 9 21 9 17 7 19 7 12 9 9 8 12 7 9 3 6 4 7 4 4 1 4 1 3 -2 0 -4 0 -10 -1 -8 -7 -9 ],2025-05-07_20-02-46-784
CSI_DATA,PASSIVE,5C:E9:31:E8:F4:66,-76,11,0,0,0,0,0,0,0,0,0,-96,0,11,0,1986856453,0,694,0,0,1987.05,128,[-74 98 43 0 -1 -16 -3 -21 -5 -21 -10 -25 -7 -28 -5 -29 -13 -28 -11 -33 -11 -35 -18 -33 -14 -34 -15 -38 -18 -35 -15 -33 -14 -31 -15 -31 -10 -27 -9 -25 -5 -20 -7 -14 -6 -14 -4 -8 1 -5 1 -2 0 1 0 0 0 0 0 0 0 0 0 0 0 0 0 0 0 0 0 0 0 0 0 0 21 16 25 12 24 17 25 16 25 14 23 14 25 17 18 18 21 20 20 17 16 16 13 14 13 13 8 14 6 14 6 6 5 7 2 5 6 5 3 2 4 -3 0 -2 2 1 1 -3 -1 -7 2 -8 ],2025-05-07_20-02-46-790
CSI_DATA,PASSIVE,5C:E9:31:E8:F4:66,-77,11,0,0,0,0,0,0,0,0,0,-96,0,11,0,1986857422,0,94,0,0,1987.06,128,[94 -32 5 0 11 8 15 8 15 9 20 11 21 13 29 6 31 7 27 0 26 0 36 -4 36 2 42 0 29 10 25 9 29 -8 26 13 19 7 18 7 9 10 6 4 4 7 7 4 2 1 -2 -4 0 1 0 0 0 0 0 0 0 0 0 0 0 0 0 0 0 0 0 0 0 0 0 0 -27 7 -25 7 -28 8 -31 7 -27 3 -26 1 -27 5 -24 -1 -31 -6 -32 8 -20 15 -9 7 -16 7 -10 4 -12 4 -18 -10 2 9 -6 7 -6 -1 8 0 2 -2 3 7 1 0 -7 3 0 2 3 9 ],2025-05-07_20-02-46-794
CSI_DATA,PASSIVE,5C:E9:31:E8:F4:66,-76,11,0,0,0,0,0,0,0,0,0,-96,0,11,0,1986857591,0,276,0,0,1987.06,128,[20 65 17 0 3 18 2 19 1 20 -1 23 1 25 4 30 4 29 6 32 5 33 7 38 8 35 5 34 10 38 10 30 9 35 9 30 7 27 6 23 0 21 2 14 -1 13 -2 7 -2 5 -2 2 -2 -2 0 0 0 0 0 0 0 0 0 0 0 0 0 0 0 0 0 0 0 0 0 0 -24 -17 -24 -18 -23 -18 -21 -19 -26 -18 -26 -18 -22 -23 -20 -18 -17 -20 -19 -21 -15 -16 -14 -16 -12 -16 -9 -14 -6 -14 -7 -11 -8 -10 -5 -11 -7 -8 -4 -4 -4 -5 -4 0 -6 -2 -6 1 -4 6 -4 7 ],2025-05-07_20-02-46-800
CSI_DATA,PASSIVE,5C:E9:31:E8:F4:66,-76,11,0,0,0,0,0,0,0,0,0,-96,0,11,0,1986858000,0,238,0,0,1987.07,128,[-18 -32 14 0 1 -12 2 -16 1 -20 -2 -23 1 -26 -3 -30 -2 -30 -5 -29 -7 -27 -7 -32 -10 -34 -11 -32 -10 -30 -9 -31 -11 -30 -6 -24 -8 -24 -6 -23 -2 -21 0 -19 -4 -11 0 -8 -1 -5 2 -3 2 4 0 0 0 0 0 0 0 0 0 0 0 0 0 0 0 0 0 0 0 0 0 0 16 19 16 20 18 20 18 18 17 22 15 19 16 21 14 20 13 21 10 23 10 18 9 17 8 15 4 13 2 11 2 8 6 7 1 8 3 4 3 2 -2 -1 2 0 3 -2 -2 -3 0 -8 0 -8 ],2025-05-07_20-02-46-805
CSI_DATA,PASSIVE,5C:E9:31:E8:E9:4E,-84,11,0,0,0,0,0,0,0,0,0,-96,0,11,0,1986910948,0,122,0,0,1987.08,128,[122 -96 7 0 -3 0 10 4 5 4 -17 -3 -2 3 -3 8 -16 -5 -10 -4 -20 1 -13 -6 -17 2 -17 2 -18 -6 -26 -2 -21 -5 -22 -9 -22 -10 -22 -13 -20 -5 -14 -9 -14 -9 -3 -14 -4 -20 1 -19 4 -21 0 0 0 0 0 0 0 0 0 0 0 0 0 0 0 0 0 0 0 0 0 0 -10 5 -10 1 -5 7 -10 5 -4 3 -10 13 -2 12 -4 28 -10 19 -5 14 -5 27 -5 26 -8 31 -3 35 -1 28 3 26 12 25 7 23 3 24 9 31 10 21 14 30 16 21 12 13 1 22 2 5 ],2025-05-07_20-02-46-815
CSI_DATA,PASSIVE,5C:E9:31:E8:E9:4E,-83,11,0,0,0,0,0,0,0,0,0,-96,0,11,0,1986911153,0,128,0,0,1987.08,128,[-128 0 8 0 -11 -1 5 6 10 1 -5 -5 0 -10 2 -8 -11 -17 1 -16 2 -16 1 -19 9 -25 0 -19 5 -26 2 -29 4 -28 7 -24 13 -27 16 -28 13 -21 18 -13 14 -4 14 -4 19 -8 16 -5 15 -8 0 0 0 0 0 0 0 0 0 0 0 0 0 0 0 0 0 0 0 0 0 0 -5 -7 -4 -8 -1 -10 -16 -10 -9 -7 -11 -3 -19 -6 -24 -2 -20 -12 -32 -7 -23 -5 -25 1 -28 -2 -30 1 -35 7 -30 7 -30 1 -36 13 -33 9 -19 11 -24 15 -23 3 -17 5 -22 2 -18 6 -15 6 ],2025-05-07_20-02-46-820
CSI_DATA,PASSIVE,5C:E9:31:E8:E9:4E,-82,11,0,0,0,0,0,0,0,0,0,-96,0,11,0,1986914267,0,128,0,0,1987.09,128,[-128 0 8 0 -3 1 -7 -1 -4 -1 -2 -3 -6 -5 -10 -3 -4 -11 -7 -12 -9 -6 -3 -10 -3 -11 -10 -14 -5 -12 -5 -16 -2 -15 0 -17 0 -14 2 -16 6 -14 6 -9 7 -11 8 -10 6 -5 6 -9 9 -5 0 0 0 0 0 0 0 0 0 0 0 0 0 0 0 0 0 0 0 0 0 0 -9 -2 -9 3 -8 2 -9 5 -6 4 -3 6 -10 7 -7 11 -8 9 -14 11 -11 14 -13 15 -4 17 -10 16 -9 18 -8 15 -6 13 -9 13 -11 16 -3 17 -4 23 1 15 -6 15 -3 11 -3 10 -2 7 ],2025-05-07_20-02-46-826
CSI_DATA,PASSIVE,5C:E9:31:E8:E9:4E,-84,11,0,0,0,0,0,0,0,0,0,-96,0,11,0,1986914480,0,163,0,0,1987.09,128,[-93 48 10 0 -2 -2 -1 -3 -3 -2 -1 -6 4 -7 1 -11 8 -5 5 -10 7 -14 6 -10 8 -10 9 -11 9 -11 20 -9 12 -7 15 -4 15 -9 14 -7 15 -5 12 2 7 5 10 3 11 3 3 7 5 7 0 0 0 0 0 0 0 0 0 0 0 0 0 0 0 0 0 0 0 0 0 0 -3 -7 -2 -8 -5 -8 -4 -9 -8 -9 -11 -6 -14 -7 -12 -7 -13 -5 -17 -4 -18 -3 -19 -4 -23 -6 -19 -5 -22 -2 -20 0 -21 -1 -19 -1 -20 -1 -25 2 -19 5 -16 4 -13 0 -14 4 -10 1 -15 6 ],2025-05-07_20-02-46-831
CSI_DATA,PASSIVE,5C:E9:31:E8:E9:4E,-83,11,0,0,0,0,0,0,0,0,0,-96,0,11,0,1986927652,0,98,0,0,1987.1,128,[98 32 6 0 1 -4 3 -11 3 17 -3 17 -3 11 -11 15 -8 22 -10 19 -4 20 -15 17 -19 18 -14 18 -11 22 -13 21 -21 22 -24 18 -14 17 -20 7 -21 -5 -22 4 -17 3 -19 0 -10 -14 -8 -10 -13 -7 0 0 0 0 0 0 0 0 0 0 0 0 0 0 0 0 0 0 0 0 0 0 -3 8 -3 15 -10 10 1 12 5 7 4 11 9 18 15 21 14 20 10 24 19 22 16 23 24 16 28 25 24 11 26 16 30 19 26 12 30 12 26 6 27 10 30 4 24 6 27 6 18 -1 18 2 ],2025-05-07_20-02-46-836
CSI_DATA,PASSIVE,5C:E9:31:E8:E9:4E,-84,11,0,0,0,0,0,0,0,0,0,-96,0,11,0,1986929139,0,98,0,0,1987.1,128,[98 32 6 0 2 5 7 1 -3 10 9 11 1 0 -12 9 0 3 -3 8 1 9 2 25 -1 22 5 18 3 16 2 22 0 23 -2 20 -9 20 -8 26 -4 15 -12 19 -13 15 -14 8 -14 6 -15 2 -21 -1 0 0 0 0 0 0 0 0 0 0 0 0 0 0 0 0 0 0 0 0 0 0 1 4 7 10 9 12 10 11 10 3 18 1 18 2 19 -4 17 1 27 -5 32 -5 27 -6 20 0 29 -12 29 -10 21 -5 21 -9 31 -11 21 -19 21 -20 25 -9 7 -9 21 -22 15 -21 10 -6 1 1 ],2025-05-07_20-02-46-841
CSI_DATA,PASSIVE,5C:E9:31:E8:E9:4E,-84,11,0,0,0,0,0,0,0,0,0,-96,0,11,0,1986937610,0,98,0,0,1987.11,128,[98 32 6 0 -4 -4 -3 -1 -7 -2 -4 -6 4 -5 10 -10 11 -5 10 -7 18 -17 20 -19 17 -6 16 -11 24 -13 22 -10 23 -11 23 2 17 2 28 -1 19 6 17 -2 8 6 17 2 10 9 13 7 10 13 0 0 0 0 0 0 0 0 0 0 0 0 0 0 0 0 0 0 0 0 0 0 6 -2 14 -5 11 6 3 -11 9 -9 4 -19 5 -23 4 -21 2 -13 -2 -16 -5 -26 -3 -23 -11 -27 -15 -28 -13 -27 -22 -30 -12 -23 -17 -22 -18 -23 -21 -16 -14 -16 -28 -18 -22 -15 -17 -12 -13 -5 -13 -14 ],2025-05-07_20-02-46-847
CSI_DATA,PASSIVE,5C:E9:31:E8:F4:66,-76,11,0,0,0,0,0,0,0,0,0,-96,0,11,0,1986955684,0,205,0,0,1987.12,128,[-51 -48 12 0 13 2 9 9 6 8 12 5 25 13 30 8 19 13 28 18 27 10 27 9 23 7 29 9 27 11 31 5 30 11 26 9 22 7 20 7 17 3 15 5 9 7 8 3 3 1 2 0 -4 0 0 0 0 0 0 0 0 0 0 0 0 0 0 0 0 0 0 0 0 0 0 0 -23 15 -21 14 -23 12 -25 12 -28 13 -26 11 -24 12 -26 10 -24 10 -23 7 -22 2 -20 4 -18 0 -18 0 -11 -3 -15 0 -10 -1 -8 -3 -7 -8 -9 -2 -1 1 -2 -3 -2 7 8 2 0 2 5 0 ],2025-05-07_20-02-46-859
CSI_DATA,PASSIVE,5C:E9:31:E8:F4:66,-77,11,0,0,0,0,0,0,0,0,0,-96,0,11,0,1986956001,0,405,0,0,1987.13,128,[-107 81 25 0 28 34 28 26 52 49 57 32 36 31 52 24 40 31 47 36 69 45 78 32 96 28 83 32 77 28 71 45 77 28 67 20 54 22 39 25 39 9 40 9 30 12 17 7 12 8 1 3 -13 0 0 0 0 0 0 0 0 0 0 0 0 0 0 0 0 0 0 0 0 0 0 0 -61 24 -64 16 -69 19 -72 7 -69 14 -70 13 -67 14 -72 3 -68 -3 -61 -5 -59 3 -56 -10 -52 -9 -37 -12 -45 -1 -33 -12 -34 -8 -20 5 -13 -8 -24 -6 -20 -4 -9 -1 -15 -1 -3 7 19 20 18 5 ],2025-05-07_20-02-46-865
CSI_DATA,PASSIVE,5C:E9:31:E8:F4:66,-76,11,0,0,0,0,0,0,0,0,0,-96,0,11,0,1986961417,0,124,0,0,1987.13,128,[124 -64 7 0 -15 10 -12 8 -15 15 -15 14 -18 15 -17 20 -20 19 -22 22 -18 18 -19 30 -15 27 -20 28 -16 29 -20 22 -17 23 -15 25 -13 19 -12 21 -8 10 -7 15 -9 9 -3 3 -5 1 -1 0 1 -7 0 0 0 0 0 0 0 0 0 0 0 0 0 0 0 0 0 0 0 0 0 0 -2 -24 -2 -26 0 -26 0 -26 -1 -27 4 -31 3 -26 5 -30 0 -24 4 -23 4 -23 6 -19 5 -18 8 -16 4 -15 9 -13 6 -10 0 -12 0 -1 5 -4 2 -5 1 -3 2 -4 -2 3 -8 3 -6 1 ],2025-05-07_20-02-46-870
CSI_DATA,PASSIVE,5C:E9:31:E8:F4:66,-76,11,0,0,0,0,0,0,0,0,0,-96,0,11,0,1986961626,0,94,0,0,1987.14,128,[94 -32 5 0 7 14 9 15 10 15 8 24 13 22 12 20 18 25 17 30 17 28 23 29 26 27 18 27 26 28 19 29 19 26 14 25 21 20 12 12 11 17 8 11 5 8 4 9 0 3 2 0 -1 -4 0 0 0 0 0 0 0 0 0 0 0 0 0 0 0 0 0 0 0 0 0 0 -28 -4 -29 -6 -29 0 -32 -2 -33 -3 -29 -4 -33 -1 -27 -2 -29 -3 -25 -10 -21 -12 -20 -11 -17 -8 -14 -8 -12 -8 -13 -8 -7 -4 -7 -11 -11 -6 -1 -3 -3 -1 -3 1 -5 1 0 0 -2 4 3 6 ],2025-05-07_20-02-46-875
CSI_DATA,PASSIVE,5C:E9:31:E8:F4:66,-76,11,0,0,0,0,0,0,0,0,0,-96,0,11,0,1986961795,0,94,0,0,1987.14,128,[94 -32 5 0 -13 5 -18 9 -12 15 -14 15 -22 13 -15 17 -21 21 -23 25 -19 27 -20 24 -20 26 -17 26 -19 23 -19 26 -19 24 -16 23 -14 19 -17 17 -12 14 -9 15 -9 8 -6 3 -3 0 -2 -2 1 -5 0 0 0 0 0 0 0 0 0 0 0 0 0 0 0 0 0 0 0 0 0 0 -2 -25 -2 -25 -3 -28 3 -27 0 -26 2 -25 0 -29 5 -29 2 -25 7 -24 1 -24 5 -17 5 -19 7 -15 8 -11 4 -9 0 -7 3 -10 3 -7 0 -6 0 -4 -4 2 -1 2 -3 0 -2 3 -3 3 ],2025-05-07_20-02-46-881
CSI_DATA,PASSIVE,5C:E9:31:E8:F4:66,-76,11,0,0,0,0,0,0,0,0,0,-96,0,11,0,1986961964,0,94,0,0,1987.15,128,[94 -32 5 0 -17 -13 -13 -11 -13 -15 -22 -15 -27 -16 -23 -14 -27 -16 -32 -16 -31 -15 -33 -12 -40 -12 -32 -8 -33 -9 -30 -12 -27 -11 -24 -3 -29 -6 -22 -7 -18 -7 -17 -2 -11 -1 -7 -4 -5 -3 -2 -1 4 0 0 0 0 0 0 0 0 0 0 0 0 0 0 0 0 0 0 0 0 0 0 0 25 -6 30 -6 30 -5 30 -6 29 -2 26 -7 28 -1 26 -8 26 -3 24 -5 22 3 24 -1 22 6 18 4 17 4 9 6 12 3 11 3 11 2 6 -1 3 2 1 -2 0 -3 -2 -1 -2 -3 -9 -4 ],2025-05-07_20-02-46-886
CSI_DATA,PASSIVE,5C:E9:31:E8:F4:66,-76,11,0,0,0,0,0,0,0,0,0,-96,0,11,0,1986962302,0,94,0,0,1987.16,128,[94 -32 5 0 13 1 22 -3 16 -6 21 0 22 -8 25 -12 26 -8 26 -8 30 -8 29 -11 28 -14 29 -11 27 -18 26 -13 28 -10 22 -11 20 -9 22 -5 15 -7 16 -10 6 -5 8 1 2 -1 1 2 -4 3 0 0 0 0 0 0 0 0 0 0 0 0 0 0 0 0 0 0 0 0 0 0 -14 20 -16 21 -11 25 -16 22 -18 23 -15 22 -17 23 -18 19 -15 21 -11 19 -13 19 -16 16 -12 10 -15 9 -8 4 -11 5 -12 3 -9 5 -7 -1 -7 6 -7 4 1 4 -5 0 3 4 1 2 4 6 ],2025-05-07_20-02-46-892
CSI_DATA,PASSIVE,5C:E9:31:E8:F4:66,-76,11,0,0,0,0,0,0,0,0,0,-96,0,11,0,1986962471,0,94,0,0,1987.16,128,[94 -32 5 0 -1 15 -1 20 0 19 0 22 1 23 1 24 4 30 5 30 7 31 9 31 9 30 12 30 9 28 11 29 13 26 10 22 8 23 7 19 5 16 3 12 3 8 3 7 0 4 -2 -1 0 -5 0 0 0 0 0 0 0 0 0 0 0 0 0 0 0 0 0 0 0 0 0 0 -23 -14 -19 -16 -24 -13 -23 -18 -23 -17 -23 -18 -20 -20 -21 -18 -18 -21 -16 -16 -15 -20 -11 -16 -11 -11 -9 -15 -10 -15 -6 -9 -4 -11 -2 -11 -2 -6 1 -6 -3 -2 -2 -1 -3 2 -3 4 -1 5 -2 5 ],2025-05-07_20-02-46-897
CSI_DATA,PASSIVE,5C:E9:31:E8:E9:4E,-83,11,0,0,0,0,0,0,0,0,0,-96,0,11,0,1987004222,0,98,0,0,1987.17,128,[98 32 6 0 0 -4 3 -2 -2 0 0 6 -2 10 0 12 8 7 2 11 7 12 -4 20 0 12 -1 18 -2 14 -1 16 -4 20 -8 18 -5 17 -5 15 -12 16 -7 8 -10 7 -15 4 -16 -5 -12 3 -15 -7 0 0 0 0 0 0 0 0 0 0 0 0 0 0 0 0 0 0 0 0 0 0 16 -1 15 1 11 1 8 -3 16 -11 17 -12 14 -18 19 -13 22 -14 8 -16 20 -5 21 -18 20 -21 6 -16 9 -25 13 -16 19 -21 20 -30 16 -24 16 -24 12 -24 12 -18 8 -16 7 -12 6 -18 5 -9 ],2025-05-07_20-02-46-908
CSI_DATA,PASSIVE,5C:E9:31:E8:E9:4E,-83,11,0,0,0,0,0,0,0,0,0,-96,0,11,0,1987018234,0,98,0,0,1987.18,128,[98 32 6 0 -7 6 -14 -2 -11 -6 -2 -7 1 -4 -1 -11 4 -17 4 -15 0 -19 -3 -19 4 -20 -2 -19 -3 -16 7 -25 9 -25 9 -27 13 -26 10 -20 22 -21 13 -16 19 -13 11 -9 17 -7 17 0 16 0 0 0 0 0 0 0 0 0 0 0 0 0 0 0 0 0 0 0 0 0 0 0 4 -17 0 -19 -7 -12 -9 -12 -10 -8 -16 -12 -16 -20 -23 -14 -18 -14 -25 -17 -24 -20 -30 -15 -34 -12 -34 -16 -27 -12 -25 -10 -31 1 -33 1 -32 -5 -28 3 -26 6 -21 3 -28 2 -13 3 -16 4 -21 -3 ],2025-05-07_20-02-46-922
CSI_DATA,PASSIVE,5C:E9:31:E8:E9:4E,-83,11,0,0,0,0,0,0,0,0,0,-96,0,11,0,1987022242,0,98,0,0,1987.19,128,[98 32 6 0 -2 10 -6 1 -7 -3 -9 -1 -6 -8 -11 -5 -11 -2 -10 -12 -16 -9 -15 -11 -21 -5 -15 -15 -17 -19 -12 -15 -16 -14 -18 -24 -9 -20 -9 -27 -8 -18 -3 -21 1 -17 -2 -18 6 -13 8 -18 7 -13 0 0 0 0 0 0 0 0 0 0 0 0 0 0 0 0 0 0 0 0 0 0 -11 -4 -12 -3 -15 4 -18 -2 -15 3 -20 5 -19 11 -24 13 -24 11 -27 12 -27 14 -24 17 -22 10 -20 21 -19 22 -27 28 -14 18 -20 25 -11 25 -11 23 -13 23 -7 24 -14 19 -6 15 -2 10 -4 9 ],2025-05-07_20-02-46-928
CSI_DATA,PASSIVE,5C:E9:31:E8:E9:4E,-85,11,0,0,0,0,0,0,0,0,0,-96,0,11,0,1987022415,0,98,0,0,1987.2,128,[98 32 6 0 -12 0 -7 4 -4 -5 3 -6 1 -8 -5 -6 13 -19 1 -17 7 -19 6 -20 3 -17 8 -16 9 -19 8 -16 13 -17 10 -10 19 -18 7 -13 17 -8 16 -4 13 4 19 3 19 2 14 3 13 15 0 0 0 0 0 0 0 0 0 0 0 0 0 0 0 0 0 0 0 0 0 0 -6 -11 -3 -9 -6 -12 -13 -5 -15 -13 -17 -15 -22 -8 -20 -7 -22 -10 -29 -4 -25 -8 -29 -11 -36 -3 -31 1 -33 -5 -29 1 -27 -4 -35 0 -25 0 -26 2 -26 8 -32 3 -18 1 -15 8 -12 9 -14 -3 ],2025-05-07_20-02-46-933
CSI_DATA,PASSIVE,5C:E9:31:E8:E9:4E,-83,11,0,0,0,0,0,0,0,0,0,-96,0,11,0,1987023376,0,148,0,0,1987.2,128,[-108 64 9 0 -7 -3 6 -6 3 -3 6 5 8 1 8 -4 17 -4 13 1 18 -2 11 4 23 2 22 -1 17 5 20 3 19 4 23 10 12 11 17 13 11 13 10 14 6 17 2 18 5 14 2 18 0 14 0 0 0 0 0 0 0 0 0 0 0 0 0 0 0 0 0 0 0 0 0 0 7 -7 8 -8 10 -7 8 -10 8 -16 12 -22 7 -20 8 -25 9 -28 2 -26 7 -27 4 -21 1 -25 2 -34 -2 -27 -1 -32 -8 -30 -5 -25 -9 -29 -9 -26 -11 -27 -2 -26 -7 -18 -7 -13 -6 -17 -2 -17 ],2025-05-07_20-02-46-938
CSI_DATA,PASSIVE,5C:E9:31:E8:E9:4E,-83,11,0,0,0,0,0,0,0,0,0,-96,0,11,0,1987023617,0,457,0,0,1987.21,128,[-55 -111 28 0 -10 6 -6 -6 -5 0 -7 -3 -4 -2 -6 -9 -7 -10 -14 -8 -8 -12 -13 -6 -13 -12 -17 -14 -18 -15 -8 -22 -10 -16 -10 -31 -1 -19 -4 -20 2 -23 -2 -20 4 -21 2 -16 7 -16 9 -17 10 -12 0 0 0 0 0 0 0 0 0 0 0 0 0 0 0 0 0 0 0 0 0 0 -11 -8 -10 -10 -10 -6 -15 -7 -15 -4 -20 -2 -14 0 -24 6 -19 7 -26 3 -25 5 -23 9 -28 9 -27 14 -25 17 -21 14 -25 14 -21 21 -20 24 -11 14 -12 11 -9 19 -14 12 -3 17 -12 7 -2 4 ],2025-05-07_20-02-46-944
CSI_DATA,PASSIVE,5C:E9:31:E8:E9:4E,-83,11,0,0,0,0,0,0,0,0,0,-96,0,11,0,1987029194,0,330,0,0,1987.21,128,[74 -95 20 0 12 -1 3 1 -3 5 4 9 4 3 8 4 1 15 -5 19 -5 18 1 16 -12 13 -5 27 -7 20 -1 23 -14 22 -15 25 -11 22 -23 14 -21 8 -22 12 -21 6 -23 1 -23 -1 -23 -2 -17 -9 0 0 0 0 0 0 0 0 0 0 0 0 0 0 0 0 0 0 0 0 0 0 7 9 3 18 7 13 5 12 11 7 17 14 21 15 23 11 26 12 27 5 22 10 32 7 28 5 32 12 31 2 33 2 42 5 31 -1 25 1 28 -4 32 -1 23 -8 12 -4 27 -9 21 -6 15 -13 ],2025-05-07_20-02-46-949
CSI_DATA,PASSIVE,5C:E9:31:E8:E9:4E,-83,11,0,0,0,0,0,0,0,0,0,-96,0,11,0,1987029675,0,350,0,0,1987.22,128,[94 -31 21 0 5 9 -3 0 -5 8 -6 4 -2 2 -9 3 -14 -1 -17 2 -18 4 -20 3 -19 7 -30 5 -26 3 -30 10 -30 -2 -22 -6 -27 0 -22 -9 -17 -12 -15 -11 -13 -14 -12 -18 -4 -14 -9 -18 -3 -21 0 0 0 0 0 0 0 0 0 0 0 0 0 0 0 0 0 0 0 0 0 0 -4 9 -9 13 -10 15 -8 13 -4 20 -1 17 -2 23 4 25 5 26 6 29 8 35 10 32 7 25 11 34 6 31 20 26 15 34 17 29 12 23 15 30 17 19 23 19 15 9 19 13 6 10 14 -2 ],2025-05-07_20-02-46-955
CSI_DATA,PASSIVE,5C:E9:31:E8:E9:4E,-83,11,0,0,0,0,0,0,0,0,0,-96,0,11,0,1987032998,0,405,0,0,1987.22,128,[-107 81 25 0 1 -3 -2 -4 -5 0 14 -1 8 3 9 -1 9 0 17 4 18 3 20 7 18 3 19 9 19 12 14 15 15 7 22 12 14 15 4 19 12 17 10 19 -2 17 0 16 3 23 -3 16 -13 14 0 0 0 0 0 0 0 0 0 0 0 0 0 0 0 0 0 0 0 0 0 0 12 -4 13 -3 12 -11 9 -3 8 -12 8 -21 18 -16 13 -25 16 -23 10 -27 11 -25 14 -32 10 -26 14 -30 -3 -30 -1 -28 1 -27 1 -22 0 -23 0 -26 -8 -23 0 -21 -8 -21 -5 -21 -6 -18 -10 -16 ],2025-05-07_20-02-46-960
CSI_DATA,PASSIVE,5C:E9:31:E8:E9:4E,-83,11,0,0,0,0,0,0,0,0,0,-96,0,11,0,1987033872,0,425,0,0,1987.23,128,[-87 -111 26 0 2 4 -3 14 -8 -3 2 11 -11 5 -16 4 -11 7 -15 17 -14 8 -11 2 -20 10 -15 12 -20 6 -21 5 -23 3 -23 4 -24 3 -21 -3 -19 -6 -16 -6 -10 -9 -15 -7 -15 -8 -13 -17 -5 -16 0 0 0 0 0 0 0 0 0 0 0 0 0 0 0 0 0 0 0 0 0 0 -12 14 -8 7 -12 12 -7 23 -9 15 -3 17 -2 24 0 26 0 25 2 26 5 26 10 27 1 28 12 32 15 25 17 32 15 23 19 28 17 18 17 19 5 14 18 7 13 15 16 19 5 13 12 4 ],2025-05-07_20-02-46-966
CSI_DATA,PASSIVE,5C:E9:31:E8:E9:4E,-83,11,0,0,0,0,0,0,0,0,0,-96,0,11,0,1987039298,0,130,0,0,1987.23,128,[-126 32 8 0 -4 10 -6 0 -6 -4 -4 -3 -12 -10 -13 -14 -2 -7 -9 -16 -12 -21 -5 -20 -4 -17 -7 -17 -10 -24 -8 -29 -5 -26 -7 -31 0 -24 6 -26 11 -21 10 -18 11 -15 17 -16 19 -8 21 -8 15 -5 0 0 0 0 0 0 0 0 0 0 0 0 0 0 0 0 0 0 0 0 0 0 -14 -3 -16 2 -10 -3 -18 0 -18 8 -21 10 -17 12 -22 20 -28 21 -22 17 -27 21 -27 25 -23 26 -26 31 -20 35 -24 31 -18 33 -18 32 -13 24 -12 30 -11 25 -10 28 -7 21 -9 12 -8 16 3 18 ],2025-05-07_20-02-46-972
CSI_DATA,PASSIVE,5C:E9:31:E8:E9:4E,-84,11,0,0,0,0,0,0,0,0,0,-96,0,11,0,1987039781,0,130,0,0,1987.24,128,[-126 32 8 0 -2 -6 2 -10 4 -3 5 3 -1 3 4 2 8 6 12 10 10 7 13 13 13 13 10 12 15 18 11 10 4 21 10 18 14 21 1 25 0 17 -3 20 -5 16 -5 14 -10 13 -12 10 -14 13 0 0 0 0 0 0 0 0 0 0 0 0 0 0 0 0 0 0 0 0 0 0 12 -6 11 -6 15 -6 18 -7 14 -3 15 -16 11 -13 11 -17 10 -20 12 -25 15 -23 9 -30 8 -26 12 -24 17 -33 16 -23 5 -28 7 -29 6 -26 1 -25 6 -21 5 -22 3 -26 -3 -20 1 -18 -4 -23 ],2025-05-07_20-02-46-977
CSI_DATA,PASSIVE,5C:E9:31:E8:E9:4E,-83,11,0,0,0,0,0,0,0,0,0,-96,0,11,0,1987043674,0,250,0,0,1987.25,128,[-6 -96 15 0 -10 2 -7 -7 -1 -2 1 -7 -3 -9 3 -13 2 -14 -1 -25 4 -23 -4 -16 8 -27 1 -25 3 -30 13 -30 11 -21 0 -24 16 -21 10 -20 19 -17 14 -10 18 -7 18 -5 15 -9 19 1 14 3 0 0 0 0 0 0 0 0 0 0 0 0 0 0 0 0 0 0 0 0 0 0 -12 -14 -8 -10 -10 -3 -19 -8 -20 0 -23 -2 -19 -3 -27 3 -27 5 -27 7 -34 5 -45 2 -38 10 -33 6 -37 11 -32 9 -40 11 -28 13 -34 15 -26 16 -30 21 -23 12 -27 16 -17 15 -13 14 -15 11 ],2025-05-07_20-02-46-983
CSI_DATA,PASSIVE,5C:E9:31:E8:F4:66,-76,11,0,0,0,0,0,0,0,0,0,-96,0,11,0,1987058433,0,94,0,0,1987.25,128,[94 -32 5 0 -1 -7 14 -13 21 -14 17 -14 19 -24 19 -17 16 -19 20 -20 18 -20 16 -23 15 -19 15 -24 21 -31 24 -20 17 -22 14 -22 13 -22 12 -19 11 -14 9 -13 8 -10 2 -7 3 -4 3 -2 0 1 0 0 0 0 0 0 0 0 0 0 0 0 0 0 0 0 0 0 0 0 0 0 -7 26 -4 26 -3 23 -5 26 -5 27 -6 26 -9 26 -3 27 -7 25 -7 21 -7 20 -6 18 -7 13 -4 15 -3 11 -7 6 -4 4 -4 8 2 7 -3 7 -5 1 -1 1 1 1 -1 4 6 -3 5 -7 ],2025-05-07_20-02-46-988
CSI_DATA,PASSIVE,5C:E9:31:E8:F4:66,-77,11,0,0,0,0,0,0,0,0,0,-96,0,11,0,1987058602,0,130,0,0,1987.26,128,[-126 32 8 0 -6 30 10 22 3 25 1 35 28 56 4 54 32 60 15 66 24 64 28 75 25 84 35 69 37 61 45 74 17 71 36 61 26 48 15 42 14 47 14 33 15 22 13 17 10 8 -10 -1 -2 -2 0 0 0 0 0 0 0 0 0 0 0 0 0 0 0 0 0 0 0 0 0 0 -63 -19 -59 -20 -60 -17 -70 -14 -68 -16 -53 -20 -69 -22 -57 -19 -49 -29 -53 -27 -50 -24 -41 -25 -48 -21 -33 -17 -27 -21 -24 -17 -22 -13 -6 -10 -14 -7 -15 0 -1 -9 -18 6 1 -6 0 10 3 5 2 26 ],2025-05-07_20-02-46-994
CSI_DATA,PASSIVE,5C:E9:31:E8:F4:66,-77,11,0,0,0,0,0,0,0,0,0,-96,0,11,0,1987058819,0,94,0,0,1987.26,128,[94 -32 5 0 22 -14 23 8 56 -23 55 -23 37 9 69 -18 46 -27 47 -42 54 -26 69 -37 72 -49 71 -61 63 -36 60 -36 66 -35 63 -38 58 -24 50 -19 49 -13 39 -17 33 0 23 -10 6 1 0 2 -6 6 0 0 0 0 0 0 0 0 0 0 0 0 0 0 0 0 0 0 0 0 0 0 26 60 28 50 20 55 23 61 21 66 22 60 11 64 13 68 5 65 8 61 6 51 -7 48 -5 52 -6 29 -1 27 -7 20 -20 16 -1 25 -2 6 -7 13 6 18 1 10 8 -6 28 8 24 -10 14 -8 ],2025-05-07_20-02-46-999
CSI_DATA,PASSIVE,5C:E9:31:E8:F4:66,-77,11,0,0,0,0,0,0,0,0,0,-96,0,11,0,1987058988,0,94,0,0,1987.27,128,[94 -32 5 0 12 32 20 33 42 34 57 8 35 22 51 39 47 44 67 50 59 30 91 18 79 32 77 18 69 42 68 28 74 31 67 26 63 30 43 26 44 23 36 23 26 14 18 13 10 0 -1 1 -4 3 0 0 0 0 0 0 0 0 0 0 0 0 0 0 0 0 0 0 0 0 0 0 -52 34 -53 27 -57 30 -67 31 -59 29 -64 25 -61 21 -52 21 -59 19 -63 15 -57 12 -53 7 -51 4 -47 8 -32 8 -37 2 -21 4 -21 8 -19 -11 -15 0 -10 7 8 8 -3 13 3 6 -13 12 2 16 ],2025-05-07_20-02-47-4
CSI_DATA,PASSIVE,5C:E9:31:E8:F4:66,-77,11,0,0,0,0,0,0,0,0,0,-96,0,11,0,1987062668,0,457,0,0,1987.27,128,[-55 -111 28 0 8 -9 10 -14 8 -14 12 -23 11 -19 14 -23 10 -24 9 -28 14 -30 8 -33 11 -35 11 -34 10 -36 12 -30 5 -32 6 -33 8 -27 4 -25 9 -23 4 -17 6 -16 3 -9 1 -6 2 -2 -1 2 0 0 0 0 0 0 0 0 0 0 0 0 0 0 0 0 0 0 0 0 0 0 5 27 5 29 5 26 7 26 8 28 8 29 7 28 3 28 2 26 2 25 2 24 3 21 -1 16 -2 13 -2 13 -4 7 -4 8 -4 8 0 5 -2 5 -1 3 0 0 4 -3 2 -3 0 -2 3 -4 ],2025-05-07_20-02-47-10
CSI_DATA,PASSIVE,5C:E9:31:E8:E9:4E,-86,11,0,0,0,0,0,0,0,0,0,-96,0,11,0,1987107813,0,254,0,0,1987.28,128,[-2 -32 15 0 -5 1 -5 11 -15 -2 -15 -8 -7 7 -15 -2 -12 -12 -3 -18 -7 -10 0 -21 -1 -9 -9 -30 -13 -17 -17 -20 0 -18 -8 -20 3 -17 -1 -29 10 -17 6 -21 12 -16 4 -15 19 2 11 -6 13 -9 0 0 0 0 0 0 0 0 0 0 0 0 0 0 0 0 0 0 0 0 0 0 -3 -12 -4 -12 -7 -3 -11 -20 -17 -12 -20 -18 -21 -20 -16 -14 -27 -6 -27 -15 -22 16 -17 0 -27 -3 -19 -2 -30 8 -15 1 -32 6 -27 -3 -15 10 -27 8 -16 4 -17 3 -17 6 -7 16 -25 19 -10 16 ],2025-05-07_20-02-47-16
CSI_DATA,PASSIVE,5C:E9:31:E8:E9:4E,-85,11,0,0,0,0,0,0,0,0,0,-96,0,11,0,1987143811,0,251,0,0,1987.31,128,[-5 -80 15 0 -9 5 -6 1 -11 -1 -8 1 -4 -9 -13 -11 -7 -10 -4 -13 -7 -16 -13 -21 -13 -27 -16 -25 -12 -25 -6 -23 -11 -25 -13 -24 -7 -31 -1 -27 7 -18 8 -21 13 -21 16 -15 12 -11 17 -10 8 -3 0 0 0 0 0 0 0 0 0 0 0 0 0 0 0 0 0 0 0 0 0 0 -9 -9 -5 -14 -12 -14 -10 -10 -17 -16 -15 -10 -14 -3 -26 -5 -23 -5 -24 -1 -28 -5 -31 2 -27 -3 -26 7 -28 10 -27 15 -20 10 -28 18 -23 18 -22 13 -19 20 -18 17 -18 22 -8 19 -10 13 -13 5 ],2025-05-07_20-02-47-48
CSI_DATA,PASSIVE,5C:E9:31:E8:F4:66,-76,11,0,0,0,0,0,0,0,0,0,-96,0,11,0,1987160493,0,189,0,0,1987.33,128,[-67 -48 11 0 10 21 -1 12 4 22 6 17 10 20 2 20 6 29 7 21 13 31 16 22 14 31 12 28 6 33 12 29 9 25 9 27 11 22 8 25 4 19 4 18 0 11 -1 7 0 2 -3 1 -6 -2 0 0 0 0 0 0 0 0 0 0 0 0 0 0 0 0 0 0 0 0 0 0 -24 -10 -24 -11 -26 -13 -25 -10 -23 -11 -25 -9 -25 -10 -24 -15 -24 -14 -25 -10 -21 -11 -14 -13 -16 -8 -15 -11 -13 -9 -10 -5 -7 -6 -9 -2 -8 0 -1 -1 -4 -4 1 -1 3 -1 2 1 -5 7 7 4 ],2025-05-07_20-02-47-64
CSI_DATA,PASSIVE,5C:E9:31:E8:F4:66,-77,11,0,0,0,0,0,0,0,0,0,-96,0,11,0,1987160786,0,108,0,0,1987.33,128,[108 -64 6 0 -9 -19 -38 -48 -16 -45 -12 -46 -12 -58 -41 -63 -19 -58 -46 -69 -21 -67 -44 -81 -54 -68 -55 -84 -32 -64 -46 -54 -30 -74 -34 -64 -36 -55 -23 -38 -21 -38 -15 -29 -18 -26 -9 -27 0 -11 7 2 1 1 0 0 0 0 0 0 0 0 0 0 0 0 0 0 0 0 0 0 0 0 0 0 61 16 55 4 57 15 64 20 62 11 59 12 69 19 57 13 60 18 55 18 56 12 52 19 43 27 37 26 37 7 34 9 19 9 22 19 20 8 12 -5 15 6 6 -14 -8 -3 -21 0 7 -24 6 -20 ],2025-05-07_20-02-47-70
CSI_DATA,PASSIVE,5C:E9:31:E8:F4:66,-77,11,0,0,0,0,0,0,0,0,0,-96,0,11,0,1987160971,0,250,0,0,1987.34,128,[-6 -96 15 0 -22 -26 -29 -29 -8 -52 -6 -33 -6 -55 -6 -77 2 -62 -8 -86 -20 -87 -21 -94 -14 -81 -36 -87 -16 -67 -15 -69 -4 -86 -13 -71 -14 -53 -7 -51 0 -38 -6 -37 8 -29 3 -26 6 -16 11 1 2 -5 0 0 0 0 0 0 0 0 0 0 0 0 0 0 0 0 0 0 0 0 0 0 58 32 57 22 64 25 65 30 65 32 57 24 57 42 50 25 46 29 46 35 41 38 43 35 44 30 38 29 29 27 19 27 25 32 23 13 13 -2 17 2 21 -6 2 -7 1 4 21 3 26 -6 3 -11 ],2025-05-07_20-02-47-75
CSI_DATA,PASSIVE,5C:E9:31:E8:F4:66,-77,11,0,0,0,0,0,0,0,0,0,-96,0,11,0,1987161348,0,148,0,0,1987.34,128,[-108 64 9 0 -33 -30 -16 -32 -31 -31 -50 -32 -65 -9 -76 -32 -53 -32 -54 -22 -53 -21 -80 -28 -86 -27 -72 -33 -71 -17 -80 -24 -81 -17 -62 -16 -61 -21 -45 -14 -44 -16 -29 -11 -26 -12 -25 -9 -18 -9 4 -10 6 -3 0 0 0 0 0 0 0 0 0 0 0 0 0 0 0 0 0 0 0 0 0 0 67 -5 65 -6 56 -4 69 -1 72 1 70 2 71 -1 67 -4 63 2 56 3 60 2 54 7 48 8 47 7 37 4 33 -1 23 0 17 -5 9 10 13 -7 20 -16 12 -9 1 2 6 2 -17 -16 -21 -13 ],2025-05-07_20-02-47-81
CSI_DATA,PASSIVE,5C:E9:31:E8:F4:66,-77,11,0,0,0,0,0,0,0,0,0,-96,0,11,0,1987161589,0,130,0,0,1987.35,128,[-126 32 8 0 42 2 15 -12 57 -1 57 -9 63 -12 60 -16 50 -11 61 -33 97 -17 73 -27 69 -35 84 -44 66 -19 79 -29 63 -18 62 -29 58 -18 53 -23 43 -7 34 -4 21 -3 15 -3 15 -7 -9 3 -5 7 0 0 0 0 0 0 0 0 0 0 0 0 0 0 0 0 0 0 0 0 0 0 -45 52 -34 44 -41 44 -44 57 -56 51 -41 45 -43 51 -38 51 -47 48 -45 43 -41 39 -38 32 -44 39 -32 25 -36 22 -33 26 -15 16 -7 18 -14 -1 -8 8 -18 5 0 4 9 2 3 -13 19 10 10 1 ],2025-05-07_20-02-47-87
CSI_DATA,PASSIVE,5C:E9:31:E8:F4:66,-77,11,0,0,0,0,0,0,0,0,0,-96,0,11,0,1987161806,0,254,0,0,1987.36,128,[-2 -32 15 0 -3 -36 -32 -37 -22 -54 -6 -60 -15 -58 -17 -52 2 -71 -46 -75 -33 -74 -19 -72 -24 -63 -41 -74 -20 -77 -24 -64 -42 -73 -29 -52 -20 -58 -18 -49 -17 -37 -15 -39 -5 -27 -9 -19 -6 -9 3 -6 8 4 0 0 0 0 0 0 0 0 0 0 0 0 0 0 0 0 0 0 0 0 0 0 61 2 57 -3 63 13 60 3 70 5 58 6 70 6 63 17 57 7 57 12 62 16 43 18 45 12 41 20 39 15 47 18 26 10 16 3 25 -5 15 8 16 1 14 -21 4 -2 10 5 6 -34 -7 -23 ],2025-05-07_20-02-47-92
CSI_DATA,PASSIVE,5C:E9:31:E8:F4:66,-76,11,0,0,0,0,0,0,0,0,0,-96,0,11,0,1987162187,0,148,0,0,1987.36,128,[-108 64 9 0 22 3 14 3 16 -1 19 -1 27 -2 25 -1 30 1 28 -1 31 -3 39 -4 33 -6 31 -5 31 -7 33 -2 30 -5 31 -7 25 -4 22 -7 20 -3 15 -2 11 -2 10 0 4 0 3 2 0 3 0 0 0 0 0 0 0 0 0 0 0 0 0 0 0 0 0 0 0 0 0 0 -24 12 -25 13 -27 13 -28 13 -26 15 -26 14 -27 15 -24 16 -24 15 -24 12 -23 11 -21 8 -18 5 -17 6 -15 4 -13 6 -13 -1 -9 4 -7 7 -8 1 -2 -2 -1 -1 -2 -2 0 2 -1 1 9 0 ],2025-05-07_20-02-47-98
CSI_DATA,PASSIVE,5C:E9:31:E8:F4:66,-76,11,0,0,0,0,0,0,0,0,0,-96,0,11,0,1987162428,0,94,0,0,1987.37,128,[94 -32 5 0 -15 -1 -22 -2 -21 -1 -24 -3 -27 0 -28 2 -25 7 -32 3 -32 7 -33 5 -36 10 -32 5 -31 10 -32 6 -33 5 -30 9 -28 9 -25 3 -21 6 -19 2 -16 1 -11 -2 -5 1 -3 -3 0 -6 0 0 0 0 0 0 0 0 0 0 0 0 0 0 0 0 0 0 0 0 0 0 15 -20 18 -25 21 -20 19 -23 21 -23 21 -25 22 -21 21 -22 20 -24 21 -19 17 -19 17 -15 17 -14 14 -13 13 -9 13 -7 9 -8 4 -7 6 -8 6 -4 -1 -4 2 -4 3 -4 -3 -3 -6 -4 -6 -3 ],2025-05-07_20-02-47-104
CSI_DATA,PASSIVE,5C:E9:31:E8:F4:66,-76,11,0,0,0,0,0,0,0,0,0,-96,0,11,0,1987162597,0,251,0,0,1987.37,128,[-5 -80 15 0 -7 -17 -6 -16 -12 -17 -11 -22 -12 -21 -14 -24 -12 -23 -16 -22 -18 -28 -21 -28 -21 -25 -20 -25 -21 -27 -22 -26 -22 -24 -21 -25 -17 -18 -16 -18 -13 -16 -8 -12 -7 -7 -3 -8 -1 -8 0 -2 5 1 0 0 0 0 0 0 0 0 0 0 0 0 0 0 0 0 0 0 0 0 0 0 27 10 25 8 27 11 29 10 26 13 26 11 28 13 26 12 26 11 23 11 16 12 22 9 20 12 16 11 15 9 13 10 10 6 9 6 4 1 6 1 2 -2 1 -1 -2 -5 -2 -1 -3 -6 1 -8 ],2025-05-07_20-02-47-109
CSI_DATA,PASSIVE,5C:E9:31:E8:E9:4E,-84,11,0,0,0,0,0,0,0,0,0,-96,0,11,0,1987218384,0,124,0,0,1987.39,128,[124 -64 7 0 7 6 -2 10 -2 5 -8 5 -7 4 -7 14 -12 9 -18 4 -14 9 -17 12 -24 17 -21 17 -27 12 -22 13 -23 12 -26 1 -20 9 -25 -2 -20 -8 -19 -9 -12 -10 -19 -12 -12 -11 -9 -12 -10 -15 0 0 0 0 0 0 0 0 0 0 0 0 0 0 0 0 0 0 0 0 0 0 -13 8 -10 11 -9 6 -9 14 -5 15 -1 20 -4 21 -1 19 2 23 1 23 5 21 6 22 9 22 11 21 9 26 17 20 18 20 17 14 17 20 14 16 11 21 21 7 18 9 10 6 9 13 15 4 ],2025-05-07_20-02-47-122
CSI_DATA,PASSIVE,5C:E9:31:E8:F4:66,-77,11,0,0,0,0,0,0,0,0,0,-96,0,11,0,1987263803,0,534,0,0,1987.43,128,[22 98 33 0 12 -4 14 -9 17 -7 17 -8 21 -10 24 -11 21 -13 23 -14 24 -16 24 -17 23 -17 21 -18 20 -19 23 -16 23 -15 20 -17 18 -17 18 -12 15 -10 14 -11 9 -5 6 0 7 -2 5 4 1 5 0 0 0 0 0 0 0 0 0 0 0 0 0 0 0 0 0 0 0 0 0 0 -16 21 -16 19 -18 23 -17 24 -18 25 -15 21 -16 23 -14 21 -18 22 -17 21 -17 20 -15 17 -11 17 -14 12 -14 12 -11 9 -10 5 -4 8 -3 3 -2 5 -3 1 0 1 -1 -1 1 0 6 -2 4 -1 ],2025-05-07_20-02-47-168
CSI_DATA,PASSIVE,5C:E9:31:E8:F4:66,-77,11,0,0,0,0,0,0,0,0,0,-96,0,11,0,1987264556,0,190,0,0,1987.44,128,[-66 -32 11 0 -11 -10 -13 -11 -15 -12 -17 -17 -19 -14 -20 -14 -21 -15 -25 -16 -24 -16 -26 -14 -27 -14 -29 -15 -29 -14 -27 -14 -25 -14 -23 -13 -22 -10 -19 -12 -15 -10 -14 -8 -10 -6 -8 -8 -4 -6 -1 -5 2 -7 0 0 0 0 0 0 0 0 0 0 0 0 0 0 0 0 0 0 0 0 0 0 25 5 25 6 26 5 28 4 27 5 28 6 28 5 28 6 26 7 26 8 20 4 18 8 21 7 15 6 15 7 10 5 8 3 7 1 7 2 2 1 4 2 3 -1 -1 -1 -2 -4 -5 -4 -4 -4 ],2025-05-07_20-02-47-173
CSI_DATA,PASSIVE,5C:E9:31:E8:F4:66,-76,11,0,0,0,0,0,0,0,0,0,-96,0,11,0,1987264853,0,94,0,0,1987.44,128,[94 -32 5 0 -13 10 -15 8 -16 15 -20 12 -23 18 -21 20 -23 15 -23 19 -23 22 -21 22 -23 25 -22 23 -22 24 -23 20 -20 25 -19 22 -17 19 -19 18 -17 15 -14 10 -12 8 -10 3 -8 1 -8 -3 -5 -4 0 0 0 0 0 0 0 0 0 0 0 0 0 0 0 0 0 0 0 0 0 0 10 -26 9 -26 6 -30 9 -30 10 -28 7 -30 7 -29 10 -31 11 -28 11 -27 8 -26 6 -24 8 -19 8 -19 10 -15 6 -14 7 -12 5 -12 5 -5 1 -7 -1 -2 0 -2 -2 1 -6 3 -4 4 -8 0 ],2025-05-07_20-02-47-179
CSI_DATA,PASSIVE,5C:E9:31:E8:F4:66,-77,11,0,0,0,0,0,0,0,0,0,-96,0,11,0,1987265022,0,210,0,0,1987.45,128,[-46 32 13 0 -5 -17 -7 -19 -9 -16 -11 -21 -15 -24 -17 -21 -21 -21 -21 -24 -18 -27 -21 -27 -24 -25 -27 -26 -24 -25 -24 -25 -22 -22 -16 -20 -20 -21 -14 -18 -12 -16 -8 -13 -3 -12 -3 -12 2 -5 1 -6 4 -4 0 0 0 0 0 0 0 0 0 0 0 0 0 0 0 0 0 0 0 0 0 0 25 11 28 13 25 11 28 10 29 11 28 10 28 10 28 11 31 8 25 11 23 12 21 14 19 10 15 9 11 7 9 2 10 7 7 5 4 8 9 0 8 0 4 0 -1 -1 1 -4 -3 -7 -2 -8 ],2025-05-07_20-02-47-185
CSI_DATA,PASSIVE,5C:E9:31:E8:F4:66,-76,11,0,0,0,0,0,0,0,0,0,-96,0,11,0,1987265343,0,124,0,0,1987.45,128,[124 -64 7 0 9 16 9 19 11 16 13 16 16 19 14 25 16 22 19 21 22 18 26 19 23 19 25 23 24 19 26 17 22 19 19 21 18 14 17 14 11 14 10 12 6 9 4 8 0 8 -3 4 -6 3 0 0 0 0 0 0 0 0 0 0 0 0 0 0 0 0 0 0 0 0 0 0 -25 -13 -24 -15 -26 -13 -31 -14 -26 -15 -28 -11 -27 -12 -29 -14 -26 -13 -22 -14 -23 -13 -23 -7 -24 -12 -18 -12 -16 -11 -15 -9 -11 -4 -11 -6 -7 -2 -4 -3 -7 3 -5 -1 -5 -2 1 7 5 7 1 6 ],2025-05-07_20-02-47-190
CSI_DATA,PASSIVE,5C:E9:31:E8:E9:4E,-85,11,0,0,0,0,0,0,0,0,0,-96,0,11,0,1987290695,0,98,0,0,1987.46,128,[98 32 6 0 -7 4 -6 -3 -10 -3 5 -4 -1 -5 -3 -17 1 -16 5 -18 4 -25 9 -27 8 -23 9 -23 10 -27 5 -33 12 -19 13 -29 10 -21 23 -22 21 -15 15 -13 22 -13 24 -8 14 -5 14 -4 12 1 0 0 0 0 0 0 0 0 0 0 0 0 0 0 0 0 0 0 0 0 0 0 3 -16 1 -13 4 -15 -3 -13 -4 -10 -7 -13 -18 -11 -15 -13 -13 -19 -21 -12 -12 -17 -22 -9 -28 -4 -28 -5 -26 -6 -24 -1 -27 -6 -26 7 -27 0 -30 -1 -31 4 -19 1 -19 12 -20 2 -15 5 -15 8 ],2025-05-07_20-02-47-196
CSI_DATA,PASSIVE,5C:E9:31:E8:E9:4E,-83,11,0,0,0,0,0,0,0,0,0,-96,0,11,0,1987296196,0,98,0,0,1987.46,128,[98 32 6 0 7 -5 -5 14 -2 15 0 9 1 8 -3 16 -6 15 -5 12 -11 18 -12 17 -10 14 -9 30 -19 21 -17 21 -17 20 -18 20 -18 16 -20 10 -29 9 -20 1 -19 -1 -21 3 -22 -6 -17 -12 -13 -5 0 0 0 0 0 0 0 0 0 0 0 0 0 0 0 0 0 0 0 0 0 0 -5 17 -5 15 -1 14 -3 15 14 15 12 11 14 16 16 17 17 24 22 12 26 14 27 26 31 22 23 17 32 10 31 -5 28 1 20 8 30 -1 26 0 20 1 26 1 20 -7 22 -7 23 -3 16 0 ],2025-05-07_20-02-47-201
CSI_DATA,PASSIVE,5C:E9:31:E8:E9:4E,-84,11,0,0,0,0,0,0,0,0,0,-96,0,11,0,1987314299,0,158,0,0,1987.48,128,[-98 -32 9 0 -10 -8 1 -6 1 -7 -3 -5 8 -1 -5 -15 8 -13 11 -9 12 -11 22 -18 23 -22 23 -19 25 -10 29 -11 25 -21 25 -10 27 -8 30 -1 28 -4 25 0 17 7 13 11 12 11 17 11 9 8 0 0 0 0 0 0 0 0 0 0 0 0 0 0 0 0 0 0 0 0 0 0 9 -11 9 -13 -2 -16 2 -13 -5 -13 -4 -22 2 -16 -5 -22 -4 -26 -8 -27 -16 -26 -22 -25 -20 -31 -20 -24 -15 -31 -20 -19 -30 -25 -28 -24 -20 -8 -21 -20 -20 -20 -23 -2 -14 -6 -18 -2 -14 2 -17 -8 ],2025-05-07_20-02-47-218
CSI_DATA,PASSIVE,5C:E9:31:E8:E9:4E,-84,11,0,0,0,0,0,0,0,0,0,-96,0,11,0,1987322356,0,158,0,0,1987.49,128,[-98 -32 9 0 -3 12 -3 -3 -1 -5 -2 -5 -2 -7 -5 -6 -3 -8 -6 -15 -7 -15 -10 -19 -9 -23 -1 -25 -9 -19 -5 -21 -1 -23 4 -26 -1 -27 2 -22 2 -22 3 -19 12 -16 5 -17 8 -5 9 -6 9 -5 0 0 0 0 0 0 0 0 0 0 0 0 0 0 0 0 0 0 0 0 0 0 -4 -11 -10 -9 -7 -12 -5 -9 -15 -1 -10 -4 -21 -3 -16 0 -15 6 -21 0 -25 3 -19 6 -20 9 -21 12 -25 11 -21 14 -18 10 -23 9 -15 14 -21 17 -14 15 -10 14 -9 9 -13 14 -16 11 -15 10 ],2025-05-07_20-02-47-226
CSI_DATA,PASSIVE,5C:E9:31:E8:E9:4E,-85,11,0,0,0,0,0,0,0,0,0,-96,0,11,0,1987322893,0,190,0,0,1987.49,128,[-66 -32 11 0 -8 1 3 2 -5 -6 4 -5 1 1 -1 -4 -7 -9 -8 -21 7 -19 -1 -21 1 -21 1 -32 4 -22 4 -18 5 -29 5 -30 7 -20 5 -22 12 -16 13 -17 14 -8 16 -4 14 -5 20 -3 5 3 0 0 0 0 0 0 0 0 0 0 0 0 0 0 0 0 0 0 0 0 0 0 -4 -7 -12 -13 -10 -7 -11 -14 -11 -8 -21 -3 -22 -6 -22 0 -25 0 -25 -2 -34 9 -23 5 -30 2 -25 10 -20 7 -20 3 -23 8 -32 17 -12 21 -20 18 -25 15 -22 13 -14 12 -12 13 -18 16 -8 6 ],2025-05-07_20-02-47-231
CSI_DATA,PASSIVE,5C:E9:31:E8:E9:4E,-84,11,0,0,0,0,0,0,0,0,0,-96,0,11,0,1987324797,0,210,0,0,1987.5,128,[-46 32 13 0 -3 7 -6 3 -3 0 -6 -5 -2 -9 -7 -13 -3 -12 -4 -13 -3 -11 1 -19 2 -27 5 -29 0 -21 -1 -25 2 -24 11 -25 13 -20 8 -23 10 -18 12 -9 18 -14 12 -9 13 -10 11 -3 9 4 0 0 0 0 0 0 0 0 0 0 0 0 0 0 0 0 0 0 0 0 0 0 -7 -12 -9 -14 -9 -9 -7 -10 -11 -10 -12 -9 -12 -7 -19 -2 -19 2 -23 0 -23 0 -29 2 -27 -3 -20 10 -19 4 -19 11 -22 15 -24 5 -26 15 -11 14 -17 8 -13 11 -17 14 -21 10 -12 12 -14 13 ],2025-05-07_20-02-47-237
CSI_DATA,PASSIVE,5C:E9:31:E8:E9:4E,-83,11,0,0,0,0,0,0,0,0,0,-96,0,11,0,1987339340,0,258,0,0,1987.51,128,[2 33 16 0 -8 -10 -8 -2 -5 -4 2 3 1 -5 11 10 6 0 19 0 25 -5 18 8 26 6 20 6 19 9 21 11 24 18 25 18 9 24 23 19 12 25 9 22 3 26 -1 11 0 22 -11 14 -7 13 0 0 0 0 0 0 0 0 0 0 0 0 0 0 0 0 0 0 0 0 0 0 15 -2 4 0 16 2 10 -8 11 -9 2 -16 23 -11 11 -17 5 -20 2 -26 9 -25 19 -30 8 -24 6 -31 3 -40 4 -38 -8 -33 -9 -37 -8 -25 -14 -28 -12 -28 -7 -29 -12 -17 -19 -19 -13 -18 -12 -24 ],2025-05-07_20-02-47-243
CSI_DATA,PASSIVE,5C:E9:31:E8:E9:4E,-85,11,0,0,0,0,0,0,0,0,0,-96,0,11,0,1987345320,0,128,0,0,1987.51,128,[-128 0 8 0 12 4 3 6 -2 0 7 11 -9 6 -11 9 -7 7 -15 10 -7 20 -13 16 -20 14 -21 32 -18 16 -21 16 -26 13 -13 19 -24 19 -32 17 -26 5 -19 -3 -24 -4 -20 -5 -13 -3 -16 -11 -12 -13 0 0 0 0 0 0 0 0 0 0 0 0 0 0 0 0 0 0 0 0 0 0 -11 16 -3 12 6 12 -1 10 2 14 6 20 10 18 8 20 16 19 21 18 23 18 18 19 20 14 26 19 22 10 27 13 23 18 26 7 24 8 27 8 27 11 22 -2 29 5 19 -2 19 -7 11 -9 ],2025-05-07_20-02-47-249
CSI_DATA,PASSIVE,5C:E9:31:E8:F4:66,-76,11,0,0,0,0,0,0,0,0,0,-96,0,11,0,1987365479,0,98,0,0,1987.53,128,[98 32 6 0 7 -11 6 -10 16 -23 8 -24 6 -18 16 -24 18 -28 15 -33 15 -25 8 -25 14 -33 9 -30 10 -31 8 -32 12 -26 12 -28 12 -24 12 -20 7 -19 7 -13 6 -9 6 -5 7 -4 5 1 6 5 0 0 0 0 0 0 0 0 0 0 0 0 0 0 0 0 0 0 0 0 0 0 -4 27 -4 29 -5 26 -3 27 -6 29 -2 26 -5 29 -4 29 -5 29 -5 24 -3 22 -6 20 -6 17 -2 17 -3 12 -7 9 -2 7 1 11 -5 3 -2 0 2 3 3 -3 -1 1 0 0 1 -2 3 -6 ],2025-05-07_20-02-47-269
CSI_DATA,PASSIVE,5C:E9:31:E8:F4:66,-76,11,0,0,0,0,0,0,0,0,0,-96,0,11,0,1987365652,0,94,0,0,1987.54,128,[94 -32 5 0 -32 -24 -56 -14 -43 -11 -48 -17 -57 -26 -68 -9 -57 -38 -64 -4 -75 -14 -81 -12 -80 -7 -84 -19 -78 -29 -72 -22 -91 -13 -68 -17 -59 -19 -56 -13 -49 -18 -40 -13 -21 -17 -26 -19 -11 -10 2 -17 5 -6 0 0 0 0 0 0 0 0 0 0 0 0 0 0 0 0 0 0 0 0 0 0 59 17 69 15 66 23 73 26 69 26 74 17 67 15 69 11 61 12 60 15 53 18 53 12 48 8 45 12 45 10 34 9 28 11 16 10 19 11 22 0 10 3 8 -6 0 9 -8 -9 -7 1 -19 -8 ],2025-05-07_20-02-47-275
CSI_DATA,PASSIVE,5C:E9:31:E8:F4:66,-77,11,0,0,0,0,0,0,0,0,0,-96,0,11,0,1987365820,0,86,0,0,1987.54,128,[86 96 5 0 13 -9 18 -10 23 -58 18 -21 27 -35 44 -49 41 -79 20 -77 36 -71 24 -68 45 -93 32 -88 22 -74 24 -78 29 -78 39 -61 30 -52 25 -48 39 -40 28 -24 23 -19 15 -4 15 6 14 0 6 12 0 0 0 0 0 0 0 0 0 0 0 0 0 0 0 0 0 0 0 0 0 0 -14 74 -9 65 -12 60 -11 68 -18 66 -11 63 -9 71 -12 66 -15 64 -18 66 -4 57 -1 51 -11 49 -18 49 -15 43 -4 36 -5 23 -6 24 10 23 5 22 -12 20 -12 17 -9 1 -3 -1 12 -10 6 -3 ],2025-05-07_20-02-47-280
CSI_DATA,PASSIVE,5C:E9:31:E8:F4:66,-76,11,0,0,0,0,0,0,0,0,0,-96,0,11,0,1987365977,0,158,0,0,1987.55,128,[-98 -32 9 0 -37 -27 -24 -37 -25 -35 -13 -54 -21 -44 -32 -52 -27 -51 -35 -65 -41 -61 -68 -70 -44 -68 -53 -66 -44 -48 -37 -62 -50 -60 -58 -54 -46 -42 -36 -45 -25 -34 -22 -39 -9 -35 -15 -28 1 -22 13 -18 20 -2 0 0 0 0 0 0 0 0 0 0 0 0 0 0 0 0 0 0 0 0 0 0 33 56 38 54 27 46 44 64 50 56 43 61 38 59 42 54 32 51 34 43 38 48 30 49 28 50 21 24 16 32 18 37 20 31 7 19 10 27 24 6 2 8 4 8 -2 -3 -17 -2 14 -20 -18 -9 ],2025-05-07_20-02-47-286
CSI_DATA,PASSIVE,5C:E9:31:E8:F4:66,-77,11,0,0,0,0,0,0,0,0,0,-96,0,11,0,1987366230,0,158,0,0,1987.55,128,[-98 -32 9 0 -26 10 -31 -8 -56 23 -36 15 -39 19 -66 25 -67 33 -71 27 -86 31 -72 55 -70 48 -60 59 -64 40 -62 47 -80 47 -65 35 -51 25 -57 17 -43 13 -36 13 -22 -2 -27 -4 -12 -12 -11 -17 -2 -15 0 0 0 0 0 0 0 0 0 0 0 0 0 0 0 0 0 0 0 0 0 0 42 -54 38 -47 46 -54 47 -56 51 -66 50 -58 50 -59 44 -51 44 -53 34 -49 39 -48 41 -38 27 -37 36 -19 21 -29 23 -20 17 -10 6 -20 14 -10 1 -12 -9 -7 -3 -1 -2 1 -16 -8 0 14 -23 5 ],2025-05-07_20-02-47-292
CSI_DATA,PASSIVE,5C:E9:31:E8:F4:66,-77,11,0,0,0,0,0,0,0,0,0,-96,0,11,0,1987366483,0,190,0,0,1987.56,128,[-66 -32 11 0 17 32 11 31 5 39 8 42 26 37 30 45 16 62 19 87 38 87 43 78 39 78 41 61 40 69 36 57 37 67 33 66 22 56 21 44 21 50 3 35 -4 19 0 25 -16 23 -15 12 -15 11 0 0 0 0 0 0 0 0 0 0 0 0 0 0 0 0 0 0 0 0 0 0 -26 -53 -23 -55 -35 -62 -30 -59 -37 -66 -36 -68 -27 -68 -32 -64 -26 -68 -29 -66 -31 -53 -26 -43 -27 -49 -19 -44 -12 -36 -20 -29 -10 -29 -1 -27 -14 -11 -1 -23 2 -9 6 -7 -20 -3 8 7 -8 -1 -14 10 ],2025-05-07_20-02-47-298
CSI_DATA,PASSIVE,5C:E9:31:E8:F4:66,-76,11,0,0,0,0,0,0,0,0,0,-96,0,11,0,1987366780,0,210,0,0,1987.57,128,[-46 32 13 0 49 14 34 13 52 20 68 -5 52 2 67 7 60 -11 79 17 63 -3 82 -17 79 8 95 1 56 9 75 12 77 -8 70 -5 63 1 47 -1 39 0 36 9 29 1 27 21 13 14 -2 19 1 21 0 0 0 0 0 0 0 0 0 0 0 0 0 0 0 0 0 0 0 0 0 0 -72 -3 -60 -3 -66 -5 -74 -10 -78 1 -70 4 -70 -9 -79 -1 -67 -4 -62 -2 -60 -13 -47 -3 -51 -13 -51 4 -45 0 -46 -4 -23 -10 -16 -1 -17 -1 -18 -5 -11 -1 3 -11 10 -9 -4 9 -8 -6 25 -3 ],2025-05-07_20-02-47-303
CSI_DATA,PASSIVE,5C:E9:31:E8:F4:66,-76,11,0,0,0,0,0,0,0,0,0,-96,0,11,0,1987367101,0,258,0,0,1987.57,128,[2 33 16 0 -16 -5 -14 -10 -19 -5 -18 -8 -18 -8 -25 -6 -25 -9 -30 -6 -31 -8 -28 -8 -31 -8 -30 -5 -32 -5 -30 -5 -33 -5 -27 -4 -24 -3 -23 -5 -19 -5 -16 -5 -14 -5 -9 -6 -4 -5 -1 -8 4 -7 0 0 0 0 0 0 0 0 0 0 0 0 0 0 0 0 0 0 0 0 0 0 24 5 26 7 27 6 26 7 28 5 28 7 29 2 30 5 25 1 28 4 22 3 20 6 18 2 17 3 13 5 10 3 11 0 10 1 6 3 4 1 0 -1 4 -3 0 -3 -2 -5 -3 0 -8 -6 ],2025-05-07_20-02-47-308
CSI_DATA,PASSIVE,5C:E9:31:E8:F4:66,-76,11,0,0,0,0,0,0,0,0,0,-96,0,11,0,1987367486,0,128,0,0,1987.58,128,[-128 0 8 0 -14 7 -11 11 -10 10 -18 12 -16 17 -21 15 -18 17 -18 17 -16 20 -18 23 -21 24 -19 24 -18 24 -16 22 -16 26 -18 25 -17 18 -15 16 -13 14 -14 14 -10 9 -7 2 -7 1 -5 -1 -3 -8 0 0 0 0 0 0 0 0 0 0 0 0 0 0 0 0 0 0 0 0 0 0 12 -26 13 -23 12 -27 11 -24 14 -27 8 -25 11 -27 9 -28 13 -25 8 -27 15 -21 10 -20 10 -14 5 -16 8 -17 5 -9 5 -7 3 -11 0 -4 1 -2 1 -4 -3 3 6 0 -2 1 -3 2 -4 0 ],2025-05-07_20-02-47-314
CSI_DATA,PASSIVE,5C:E9:31:E8:E9:4E,-85,11,0,0,0,0,0,0,0,0,0,-96,0,11,0,1987429152,0,157,0,0,1987.6,128,[-99 -48 9 0 -8 -5 -5 2 -3 -9 6 -4 -1 -2 7 -1 0 -5 -3 0 16 20 24 17 18 9 28 7 28 12 22 14 21 17 19 15 16 20 11 25 6 21 7 28 9 27 -7 11 -2 17 -2 13 -15 18 0 0 0 0 0 0 0 0 0 0 0 0 0 0 0 0 0 0 0 0 0 0 12 2 18 -7 16 -8 18 -1 13 -6 16 -3 9 -8 12 -7 16 -30 4 -25 9 -26 21 -11 20 -14 2 -16 4 -15 7 -20 -5 -22 -4 -35 0 -22 -1 -22 -1 -27 -3 -21 -3 -17 -8 -23 -6 -22 -2 -17 ],2025-05-07_20-02-47-332
CSI_DATA,PASSIVE,5C:E9:31:E8:E9:4E,-84,11,0,0,0,0,0,0,0,0,0,-96,0,11,0,1987429405,0,177,0,0,1987.6,128,[-79 16 11 0 8 2 6 -7 -5 3 -3 -3 7 -6 -13 -1 4 8 -15 9 -8 7 -16 6 -21 14 -29 3 -28 14 -20 0 -29 -15 -28 0 -23 -11 -29 -14 -16 -15 -25 -12 -7 -10 -5 -24 -2 -18 -4 -11 9 -19 0 0 0 0 0 0 0 0 0 0 0 0 0 0 0 0 0 0 0 0 0 0 7 11 13 8 5 5 8 1 17 13 12 12 11 5 22 18 23 18 14 5 13 14 19 13 35 6 32 -6 29 8 27 11 29 15 24 -9 22 -8 28 3 26 -2 9 7 24 -3 31 -4 21 -7 21 -11 ],2025-05-07_20-02-47-338
CSI_DATA,PASSIVE,5C:E9:31:E8:E9:4E,-84,11,0,0,0,0,0,0,0,0,0,-96,0,11,0,1987433427,0,469,0,0,1987.61,128,[-43 81 29 0 -4 6 0 6 -10 2 -17 -5 -8 1 10 -20 3 -15 3 -5 -7 -18 6 -22 -6 -20 -1 -21 -2 -15 -4 -31 -4 -26 3 -34 9 -24 7 -15 9 -22 14 -28 11 -19 15 -21 5 -10 9 -10 18 -7 0 0 0 0 0 0 0 0 0 0 0 0 0 0 0 0 0 0 0 0 0 0 6 1 15 -11 6 -3 18 -3 5 -7 9 -7 -1 -11 -2 -22 13 -15 -10 -7 12 -34 -14 -15 -5 -37 -9 -25 -23 -28 -17 -14 -21 -22 -13 -24 -24 -13 -22 -10 -23 -3 -17 -3 -24 -5 -15 -4 -22 7 -17 -7 ],2025-05-07_20-02-47-344
CSI_DATA,PASSIVE,5C:E9:31:E8:E9:4E,-87,11,0,0,0,0,0,0,0,0,0,-96,0,11,0,1987434096,0,447,0,0,1987.61,128,[-65 -15 27 0 3 -4 -5 8 8 8 1 8 1 10 -6 9 -13 8 -12 10 -1 -4 -10 25 -18 13 -9 13 -13 8 -21 19 -19 12 -19 16 -15 13 -23 6 -15 6 -15 10 -16 -1 -23 -8 -16 -6 -6 6 -2 -14 0 0 0 0 0 0 0 0 0 0 0 0 0 0 0 0 0 0 0 0 0 0 -3 10 -5 8 -2 13 -3 17 -4 13 -4 15 1 24 0 14 1 14 11 8 2 9 10 31 9 8 14 11 15 29 14 6 16 14 13 4 16 21 18 6 26 4 19 7 18 3 17 9 11 -5 16 -2 ],2025-05-07_20-02-47-349
CSI_DATA,PASSIVE,5C:E9:31:E8:E9:4E,-86,11,0,0,0,0,0,0,0,0,0,-96,0,11,0,1987452837,0,769,0,0,1987.62,128,[1 19 48 0 6 7 3 0 -4 9 -9 7 -7 5 -7 7 -13 8 -10 -4 -17 9 -19 4 -27 4 -31 3 -24 2 -21 0 -21 4 -26 -12 -28 -2 -23 -10 -20 -9 -21 -11 -14 -12 -12 -12 -13 -16 -8 -12 4 -13 0 0 0 0 0 0 0 0 0 0 0 0 0 0 0 0 0 0 0 0 0 0 -10 -1 -15 -5 -13 -1 -13 0 -10 9 -11 6 -15 7 -16 13 -9 8 -11 11 -16 11 -13 20 -9 19 -4 16 -4 20 2 21 0 24 -3 28 3 19 10 23 14 18 12 22 16 16 14 16 6 13 12 10 ],2025-05-07_20-02-47-357
CSI_DATA,PASSIVE,5C:E9:31:E8:E9:4E,-84,11,0,0,0,0,0,0,0,0,0,-96,0,11,0,1987460946,0,321,0,0,1987.63,128,[65 17 20 0 10 9 2 2 0 8 -17 4 -1 6 -13 -9 -8 -6 -18 -6 -16 -9 -16 -4 -27 -6 -19 -8 -24 -15 -26 -8 -25 -19 -18 -12 -18 -25 -15 -17 -14 -18 -9 -18 -8 -16 -8 -18 -5 -15 4 -20 4 -18 0 0 0 0 0 0 0 0 0 0 0 0 0 0 0 0 0 0 0 0 0 0 -10 -7 -10 -4 -11 -7 -7 -3 -12 -3 -17 -3 -7 5 -22 7 -19 8 -19 12 -18 14 -15 10 -11 5 -10 22 -10 19 -10 21 -11 20 2 15 -4 25 -1 11 3 28 2 26 2 26 3 23 -1 14 8 24 ],2025-05-07_20-02-47-365
CSI_DATA,PASSIVE,5C:E9:31:E8:F4:66,-76,11,0,0,0,0,0,0,0,0,0,-96,0,11,0,1987468005,0,135,0,0,1987.63,128,[-121 112 8 0 -9 -9 -5 -27 -12 -11 -17 -13 -10 -11 -15 -21 -23 -15 -14 -22 -27 -17 -27 -21 -23 -25 -22 -15 -28 -22 -21 -17 -29 -17 -24 -22 -21 -18 -16 -22 -13 -16 -10 -13 -5 -11 -4 -11 -4 -12 5 -5 6 -3 0 0 0 0 0 0 0 0 0 0 0 0 0 0 0 0 0 0 0 0 0 0 21 16 19 16 25 16 18 18 23 17 21 17 27 16 24 12 21 18 24 14 20 16 21 12 20 7 15 12 12 6 11 3 5 4 6 2 9 -1 3 2 7 -2 0 -2 -2 -7 -10 -5 -2 -8 -1 -7 ],2025-05-07_20-02-47-372
CSI_DATA,PASSIVE,5C:E9:31:E8:F4:66,-77,11,0,0,0,0,0,0,0,0,0,-96,0,11,0,1987468831,0,148,0,0,1987.64,128,[-108 64 9 0 0 -18 -4 -11 -8 -21 -1 -17 -7 -25 -5 -28 -11 -27 -10 -32 -13 -30 -10 -28 -11 -30 -13 -31 -14 -33 -13 -30 -10 -24 -10 -24 -10 -23 -8 -19 -4 -22 -3 -19 1 -13 -1 -13 5 -7 6 -3 9 -5 0 0 0 0 0 0 0 0 0 0 0 0 0 0 0 0 0 0 0 0 0 0 12 24 15 24 16 24 15 21 19 27 16 24 17 28 11 27 13 23 13 24 12 21 11 23 14 16 9 23 7 16 7 8 2 7 3 11 9 5 4 7 2 -1 1 -1 -1 -4 0 -6 0 -1 -1 -8 ],2025-05-07_20-02-47-377
CSI_DATA,PASSIVE,5C:E9:31:E8:F4:66,-76,11,0,0,0,0,0,0,0,0,0,-96,0,11,0,1987469072,0,80,0,0,1987.65,128,[80 0 5 0 10 13 17 9 13 9 21 7 18 7 20 7 25 13 30 2 24 7 22 7 24 -8 32 -10 33 -2 26 7 21 -3 29 -3 22 -3 12 5 10 -1 17 7 17 -2 11 7 0 4 6 4 0 4 0 0 0 0 0 0 0 0 0 0 0 0 0 0 0 0 0 0 0 0 0 0 -13 -19 -14 -17 -13 -26 -21 -24 -21 -13 -25 -24 -17 -17 -20 -15 -22 -15 -12 -14 -11 -17 -19 -7 -21 -3 -18 -10 -12 -18 -9 -10 -13 -11 -3 -7 -3 3 -10 -13 4 -3 4 7 5 -3 -4 -1 7 2 -1 3 ],2025-05-07_20-02-47-382
CSI_DATA,PASSIVE,5C:E9:31:E8:F4:66,-77,11,0,0,0,0,0,0,0,0,0,-96,0,11,0,1987469221,0,443,0,0,1987.65,128,[-69 -79 27 0 13 -10 14 -9 18 -5 18 -6 17 -10 24 -9 14 -10 26 -11 28 -9 25 -19 20 -8 28 -13 28 -6 16 -11 31 -10 11 -9 27 -18 13 -12 18 -14 19 0 10 -9 13 -1 10 7 2 -2 4 7 0 0 0 0 0 0 0 0 0 0 0 0 0 0 0 0 0 0 0 0 0 0 -26 9 -21 11 -23 11 -26 7 -24 12 -17 14 -23 19 -20 10 -22 13 -18 6 -26 12 -18 14 -24 9 -8 4 -13 10 -10 6 -8 10 -7 7 -6 6 2 -4 -4 4 1 8 -1 -1 3 -3 0 -8 6 -1 ],2025-05-07_20-02-47-388
CSI_DATA,PASSIVE,5C:E9:31:E8:F4:66,-76,11,0,0,0,0,0,0,0,0,0,-96,0,11,0,1987469854,0,891,0,0,1987.66,128,[123 -77 55 0 13 5 14 16 10 18 12 17 15 18 13 17 21 24 19 15 26 22 16 14 24 19 20 11 23 18 15 20 19 9 27 16 26 17 18 6 11 14 3 10 3 6 5 17 1 2 -2 3 -8 -1 0 0 0 0 0 0 0 0 0 0 0 0 0 0 0 0 0 0 0 0 0 0 -19 -17 -19 -16 -16 -17 -19 -14 -22 -17 -25 -19 -24 -16 -25 -21 -27 -13 -15 -16 -21 -5 -16 -19 -18 -15 -20 -6 -6 -13 -8 -9 -12 -18 -12 -1 -12 -5 -1 0 8 -6 2 -4 3 0 -2 7 4 5 3 12 ],2025-05-07_20-02-47-394
CSI_DATA,PASSIVE,5C:E9:31:E8:F4:66,-78,11,0,0,0,0,0,0,0,0,0,-96,0,11,0,1987471083,0,821,0,0,1987.66,128,[53 83 51 0 20 1 18 4 22 3 22 1 27 -2 23 6 25 -1 34 -6 28 5 33 -3 40 0 26 -15 22 -9 40 -20 24 -10 26 -2 34 -4 16 -5 23 -8 17 4 14 -5 17 5 5 0 5 4 -10 13 0 0 0 0 0 0 0 0 0 0 0 0 0 0 0 0 0 0 0 0 0 0 -29 -3 -27 -5 -25 -5 -24 -10 -28 -3 -25 -3 -33 -3 -29 2 -30 3 -27 -9 -27 -1 -14 -1 -21 6 -26 1 -14 -6 -9 -6 -8 6 -8 10 5 -6 -3 -6 -1 13 -8 0 1 -5 2 6 4 8 8 1 ],2025-05-07_20-02-47-399
CSI_DATA,PASSIVE,5C:E9:31:E8:F4:66,-77,11,0,0,0,0,0,0,0,0,0,-96,0,11,0,1987472220,0,419,0,0,1987.67,128,[-93 49 26 0 -10 11 -12 14 -14 16 -15 18 -15 20 -12 23 -14 24 -16 24 -13 23 -20 29 -17 23 -14 28 -17 28 -15 26 -16 22 -14 21 -12 23 -14 20 -14 16 -11 12 -9 7 -7 4 -9 3 -7 -3 -7 -4 0 0 0 0 0 0 0 0 0 0 0 0 0 0 0 0 0 0 0 0 0 0 13 -21 11 -26 10 -23 12 -26 12 -30 12 -27 15 -27 12 -26 14 -28 11 -27 12 -23 10 -21 8 -20 9 -16 8 -15 6 -10 7 -8 2 -5 2 -6 0 -7 -4 -2 -3 -2 -4 5 -3 1 -7 6 -5 3 ],2025-05-07_20-02-47-405
CSI_DATA,PASSIVE,5C:E9:31:E8:F4:66,-77,11,0,0,0,0,0,0,0,0,0,-96,0,11,0,1987472821,0,363,0,0,1987.67,128,[107 -79 22 0 -3 -17 -2 -16 -5 -21 -2 -19 -6 -26 -8 -26 -7 -29 -11 -29 -6 -26 -10 -29 -13 -30 -12 -28 -15 -31 -9 -28 -12 -25 -10 -29 -9 -22 -7 -22 -3 -18 -3 -15 -1 -11 0 -7 2 -4 6 -4 4 0 0 0 0 0 0 0 0 0 0 0 0 0 0 0 0 0 0 0 0 0 0 0 7 26 7 25 8 27 9 28 8 26 11 25 7 28 12 25 9 25 13 26 8 26 6 22 9 21 5 17 1 16 1 11 0 7 1 11 0 6 3 3 -3 -6 0 0 -2 -6 -2 -7 1 -5 -2 -7 ],2025-05-07_20-02-47-410
CSI_DATA,PASSIVE,5C:E9:31:E8:F4:66,-77,11,0,0,0,0,0,0,0,0,0,-96,0,11,0,1987473346,0,425,0,0,1987.68,128,[-87 -111 26 0 -15 -3 -17 -2 -18 -8 -25 -3 -21 -3 -24 -4 -29 -6 -28 -7 -31 -3 -30 -5 -31 -2 -32 -5 -30 1 -26 -2 -31 -2 -26 0 -23 -3 -22 -5 -15 -5 -14 -4 -11 -4 -9 -7 -4 -6 1 -6 0 -10 0 0 0 0 0 0 0 0 0 0 0 0 0 0 0 0 0 0 0 0 0 0 23 0 25 -2 27 -3 28 1 33 -1 30 -1 31 0 26 -4 27 -3 26 1 24 -4 21 -1 18 0 17 4 14 0 13 3 9 0 5 -1 7 1 7 -2 1 -2 0 1 -2 -1 -4 2 -6 -4 -7 0 ],2025-05-07_20-02-47-415
CSI_DATA,PASSIVE,5C:E9:31:E8:F4:66,-77,11,0,0,0,0,0,0,0,0,0,-96,0,11,0,1987473955,0,445,0,0,1987.68,128,[-67 -47 27 0 10 -14 6 -20 10 -15 3 -18 9 -28 8 -22 10 -26 7 -29 8 -27 6 -34 6 -33 4 -28 4 -26 0 -26 4 -27 8 -27 3 -24 9 -24 2 -21 8 -13 4 -9 2 -5 7 -1 9 -1 8 2 0 0 0 0 0 0 0 0 0 0 0 0 0 0 0 0 0 0 0 0 0 0 -16 20 -17 23 -15 24 -15 25 -17 24 -11 26 -13 29 -15 22 -12 25 -11 23 -14 19 -13 20 -10 18 -9 18 -8 13 -6 8 -1 8 -9 10 -2 3 0 4 -4 1 -4 -2 5 -1 2 -1 3 -3 2 1 ],2025-05-07_20-02-47-421
CSI_DATA,PASSIVE,5C:E9:31:E8:F4:66,-77,11,0,0,0,0,0,0,0,0,0,-96,0,11,0,1987474592,0,841,0,0,1987.69,128,[73 -109 52 0 2 10 -8 13 -8 14 -6 19 -10 20 -3 16 -4 22 -6 27 -4 21 4 33 -3 26 6 28 -10 17 7 21 1 27 4 18 -12 32 -1 18 0 18 4 9 1 18 -1 11 1 4 -2 4 -8 1 0 0 0 0 0 0 0 0 0 0 0 0 0 0 0 0 0 0 0 0 0 0 21 -11 21 -16 26 -18 24 -19 20 -16 13 -20 14 -18 19 -15 10 -16 4 -19 14 -16 12 -10 3 -15 6 -19 8 -17 5 -2 13 -6 2 -11 7 -5 8 -4 4 0 -3 7 -7 5 -1 -5 0 9 -6 7 ],2025-05-07_20-02-47-426
CSI_DATA,PASSIVE,5C:E9:31:E8:F4:66,-77,11,0,0,0,0,0,0,0,0,0,-96,0,11,0,1987479524,0,461,0,0,1987.69,128,[-51 -47 28 0 -17 -3 -16 -1 -21 -7 -22 -5 -26 -4 -27 -3 -23 -2 -30 0 -30 -2 -28 -3 -33 -1 -34 -2 -34 3 -29 -1 -30 -2 -28 3 -24 1 -25 -2 -21 0 -18 -2 -14 -3 -11 -4 -6 -6 -4 -7 -2 -7 0 0 0 0 0 0 0 0 0 0 0 0 0 0 0 0 0 0 0 0 0 0 25 7 25 4 27 5 27 5 29 6 28 4 27 4 27 4 26 4 27 5 22 1 23 5 20 5 19 4 17 3 15 4 10 2 8 0 6 1 8 1 2 1 -2 -3 -3 3 -4 6 -5 0 -5 -5 ],2025-05-07_20-02-47-431
CSI_DATA,PASSIVE,5C:E9:31:E8:F4:66,-78,11,0,0,0,0,0,0,0,0,0,-96,0,11,0,1987485195,0,413,0,0,1987.7,128,[-99 -47 25 0 -2 -17 1 -14 -3 -23 -6 -20 2 -21 -5 -22 0 -23 -3 -24 -5 -26 1 -32 -12 -36 -11 -43 3 -24 -20 -23 -20 -27 -8 -22 -16 -22 -7 -18 1 -20 -13 -17 -3 -12 -6 -2 8 -14 5 -15 8 -4 0 0 0 0 0 0 0 0 0 0 0 0 0 0 0 0 0 0 0 0 0 0 -19 21 -19 24 -16 26 -19 24 -16 28 -8 24 -10 30 -16 24 -6 29 -14 33 -5 14 -9 12 -5 23 -5 20 1 22 -14 11 1 15 -8 10 -8 4 10 -2 -3 13 -1 3 1 -12 0 -9 -1 -9 2 -2 ],2025-05-07_20-02-47-437
CSI_DATA,PASSIVE,5C:E9:31:E8:F4:66,-77,11,0,0,0,0,0,0,0,0,0,-96,0,11,0,1987490647,0,386,0,0,1987.71,128,[-126 33 24 0 -17 9 -13 7 -10 12 -11 16 -15 17 -14 17 -15 19 -19 22 -14 27 -15 30 -17 27 -17 27 -15 29 -14 28 -11 27 -16 25 -16 24 -10 21 -10 18 -12 14 -10 11 -10 9 -7 3 -4 2 -10 -5 0 0 0 0 0 0 0 0 0 0 0 0 0 0 0 0 0 0 0 0 0 0 21 -20 19 -19 18 -22 21 -21 22 -22 20 -22 16 -23 19 -23 17 -25 16 -20 18 -20 15 -20 14 -14 14 -12 11 -12 9 -11 6 -3 7 -6 3 -4 1 -4 -2 -4 0 -2 -2 4 -5 5 -4 4 -9 4 ],2025-05-07_20-02-47-443
CSI_DATA,PASSIVE,5C:E9:31:E8:F4:66,-77,11,0,0,0,0,0,0,0,0,0,-96,0,11,0,1987496671,0,425,0,0,1987.71,128,[-87 -111 26 0 6 -9 4 -12 6 -16 8 -17 8 -21 4 -19 11 -24 5 -28 3 -30 11 -31 7 -31 6 -29 6 -28 3 -32 10 -26 0 -28 7 -26 7 -25 5 -22 6 -17 3 -11 5 -11 6 -3 8 -1 6 1 0 0 0 0 0 0 0 0 0 0 0 0 0 0 0 0 0 0 0 0 0 0 -5 21 -9 25 -4 27 -5 25 -6 28 -4 26 -9 28 -5 27 -6 28 -8 26 -6 24 -5 18 -4 19 -7 17 -4 14 -5 12 -3 9 -4 6 -5 6 -2 6 -1 3 -3 -1 6 -1 5 1 4 -1 1 -3 ],2025-05-07_20-02-47-448
CSI_DATA,PASSIVE,5C:E9:31:E8:F4:66,-78,11,0,0,0,0,0,0,0,0,0,-96,0,11,0,1987501932,0,403,0,0,1987.72,128,[-109 49 25 0 -14 0 -22 4 -19 -1 -18 3 -20 2 -27 5 -26 4 -28 5 -31 15 -30 12 -34 2 -30 13 -30 15 -34 14 -28 7 -26 9 -25 13 -21 9 -21 0 -17 5 -14 2 -13 2 -3 -1 -7 -2 -2 -11 0 0 0 0 0 0 0 0 0 0 0 0 0 0 0 0 0 0 0 0 0 0 25 -11 27 -14 26 -13 26 -17 34 -12 29 -13 30 -15 26 -14 30 -11 29 -12 22 -14 24 -14 21 -9 20 -6 16 -10 15 -4 10 -3 10 -3 3 -3 5 -2 4 -4 4 -2 0 2 -1 -2 -7 -4 -7 -3 ],2025-05-07_20-02-47-454
CSI_DATA,PASSIVE,5C:E9:31:E8:E9:4E,-85,11,0,0,0,0,0,0,0,0,0,-96,0,11,0,1987535370,0,205,0,0,1987.72,128,[-51 -48 12 0 5 6 0 -5 5 4 -1 -14 -1 0 -18 11 -12 0 -10 6 -15 4 -29 11 -22 4 -19 -2 -26 -7 -25 1 -27 2 -26 4 -28 -15 -26 -16 -22 -16 -23 -12 -9 -24 -12 -17 -2 -18 -2 -12 5 -23 0 0 0 0 0 0 0 0 0 0 0 0 0 0 0 0 0 0 0 0 0 0 -10 7 -10 9 -9 11 -8 4 -15 12 -2 15 -2 18 4 19 11 14 -4 21 -1 19 10 27 13 27 8 13 -4 21 17 21 23 19 19 18 16 21 22 18 21 25 21 17 27 8 21 5 13 3 10 16 ],2025-05-07_20-02-47-459
CSI_DATA,PASSIVE,5C:E9:31:E8:E9:4E,-84,11,0,0,0,0,0,0,0,0,0,-96,0,11,0,1987538867,0,98,0,0,1987.73,128,[98 32 6 0 -5 -3 -10 6 1 -1 -9 0 -4 -2 -3 -8 -8 7 -11 1 -22 0 -20 -12 -26 -14 -31 -14 -19 -12 -23 -13 -24 -11 -31 -19 -26 -19 -22 -22 -20 -22 -9 -24 -5 -25 -7 -18 0 -14 5 -24 2 -13 0 0 0 0 0 0 0 0 0 0 0 0 0 0 0 0 0 0 0 0 0 0 -15 -3 -3 -10 -13 -3 -15 -10 -19 4 -11 -4 -13 5 -19 6 -18 8 -24 5 -22 19 -16 14 -13 15 -16 15 -17 23 -15 21 -16 27 -18 20 -4 31 -10 29 -16 24 6 26 5 23 6 19 4 19 -1 19 ],2025-05-07_20-02-47-465
CSI_DATA,PASSIVE,5C:E9:31:E8:E9:4E,-84,11,0,0,0,0,0,0,0,0,0,-96,0,11,0,1987559863,0,98,0,0,1987.73,128,[98 32 6 0 7 -8 0 -2 4 -3 -1 -6 5 7 4 7 -13 9 -7 15 -3 5 -12 24 -7 25 -13 32 -18 27 -9 38 -7 29 -17 27 -16 13 -18 21 -27 21 -22 12 -20 10 -17 8 -12 5 -15 -3 -12 -4 0 0 0 0 0 0 0 0 0 0 0 0 0 0 0 0 0 0 0 0 0 0 -8 9 -15 9 -4 22 -12 7 -5 13 -5 7 4 14 3 23 3 17 1 19 3 23 7 18 13 25 12 12 20 16 14 8 19 10 36 18 23 14 14 9 27 3 15 2 33 -8 21 4 13 -1 13 4 ],2025-05-07_20-02-47-470
CSI_DATA,PASSIVE,5C:E9:31:E8:F4:66,-77,11,0,0,0,0,0,0,0,0,0,-96,0,11,0,1987571934,0,333,0,0,1987.74,128,[77 -47 20 0 -20 -3 -13 -1 -21 -1 -19 -3 -27 4 -25 -2 -29 3 -29 0 -20 -2 -28 6 -32 -3 -25 2 -40 16 -19 1 -24 10 -26 4 -28 -4 -11 8 -15 -1 -18 0 -11 0 -8 0 2 -2 -3 -6 1 -1 0 0 0 0 0 0 0 0 0 0 0 0 0 0 0 0 0 0 0 0 0 0 16 -8 23 -11 20 -7 21 -7 22 -10 28 -2 30 -7 23 -6 25 -11 29 -10 30 -4 13 0 27 -10 11 -5 17 3 12 -4 15 -12 12 -6 -3 -7 -1 1 0 -6 -10 1 -4 -10 -7 0 -3 -9 -6 -6 ],2025-05-07_20-02-47-476
CSI_DATA,PASSIVE,5C:E9:31:E8:F4:66,-77,11,0,0,0,0,0,0,0,0,0,-96,0,11,0,1987572419,0,333,0,0,1987.74,128,[77 -47 20 0 -11 -17 -10 -17 -11 -21 -11 -18 -14 -17 -18 -23 -19 -22 -19 -21 -19 -21 -21 -23 -22 -23 -25 -20 -25 -24 -21 -22 -19 -18 -18 -22 -15 -20 -14 -16 -11 -13 -5 -14 -2 -7 0 -9 2 -4 5 -2 4 0 0 0 0 0 0 0 0 0 0 0 0 0 0 0 0 0 0 0 0 0 0 0 20 9 24 11 25 11 25 11 22 11 26 11 26 11 25 9 25 11 26 13 22 12 18 13 21 14 14 8 14 7 12 5 11 3 11 6 7 -1 11 4 7 -3 0 -1 7 -9 3 -7 1 -9 -2 -11 ],2025-05-07_20-02-47-481
CSI_DATA,PASSIVE,5C:E9:31:E8:F4:66,-77,11,0,0,0,0,0,0,0,0,0,-96,0,11,0,1987572904,0,205,0,0,1987.75,128,[-51 -48 12 0 7 -17 5 -19 8 -20 10 -20 6 -24 7 -27 7 -25 4 -32 6 -29 4 -31 4 -33 3 -33 6 -35 5 -30 4 -27 4 -25 7 -25 3 -24 5 -17 6 -10 3 -9 3 -5 4 -4 4 2 2 6 0 0 0 0 0 0 0 0 0 0 0 0 0 0 0 0 0 0 0 0 0 0 3 24 0 27 2 25 0 28 3 28 2 28 2 28 1 27 2 27 1 28 -1 29 1 24 2 22 4 20 -2 18 1 13 2 11 1 11 3 8 1 6 4 2 6 -2 4 -1 6 -5 6 -7 5 -5 ],2025-05-07_20-02-47-486
CSI_DATA,PASSIVE,5C:E9:31:E8:F4:66,-77,11,0,0,0,0,0,0,0,0,0,-96,0,11,0,1987573221,0,94,0,0,1987.76,128,[94 -32 5 0 9 -6 9 -14 13 -15 13 -16 11 -18 9 -26 9 -21 8 -26 10 -25 10 -24 15 -27 11 -26 11 -29 14 -22 13 -24 13 -19 11 -19 9 -16 7 -16 8 -8 6 -5 3 -2 6 0 -1 3 3 6 0 0 0 0 0 0 0 0 0 0 0 0 0 0 0 0 0 0 0 0 0 0 5 20 4 24 4 27 6 24 2 24 2 25 3 27 -1 27 5 28 1 25 2 22 2 22 0 20 -2 16 -6 17 0 17 1 11 5 7 4 5 -2 9 1 8 5 1 6 -4 3 -5 6 -5 6 -2 ],2025-05-07_20-02-47-491
CSI_DATA,PASSIVE,5C:E9:31:E8:F4:66,-76,11,0,0,0,0,0,0,0,0,0,-96,0,11,0,1987573390,0,94,0,0,1987.76,128,[94 -32 5 0 17 8 18 4 18 8 21 6 23 7 22 7 25 6 26 7 29 2 27 1 29 3 30 1 31 -1 32 3 23 3 29 -2 24 3 19 3 17 1 12 4 9 4 7 5 2 7 -2 4 -7 6 0 0 0 0 0 0 0 0 0 0 0 0 0 0 0 0 0 0 0 0 0 0 -24 7 -23 4 -29 7 -29 6 -30 6 -27 5 -26 6 -29 3 -30 5 -29 6 -25 10 -20 1 -23 7 -20 5 -20 4 -12 -1 -15 6 -9 2 -11 -1 -4 1 -8 8 -4 1 1 2 1 12 12 4 6 9 ],2025-05-07_20-02-47-496
CSI_DATA,PASSIVE,5C:E9:31:E8:F4:66,-77,11,0,0,0,0,0,0,0,0,0,-96,0,11,0,1987573559,0,148,0,0,1987.77,128,[-108 64 9 0 -10 24 -6 15 -8 15 -7 17 -10 24 -10 23 -8 23 -11 27 -2 27 -2 30 -3 30 -1 29 -3 26 -4 30 -4 30 -3 22 -7 19 -7 16 -8 16 -5 15 -12 5 -4 4 -4 2 -9 -2 -4 -6 0 0 0 0 0 0 0 0 0 0 0 0 0 0 0 0 0 0 0 0 0 0 -10 -21 -12 -26 -9 -25 -12 -28 -15 -28 -12 -31 -14 -28 -10 -25 -8 -27 -11 -27 -10 -24 -7 -25 -3 -22 -9 -19 -7 -20 -5 -6 -7 -10 -4 -10 -3 -10 -3 -8 -1 1 -10 -3 -9 2 -4 6 -8 4 -5 10 ],2025-05-07_20-02-47-502
CSI_DATA,PASSIVE,5C:E9:31:E8:F4:66,-77,11,0,0,0,0,0,0,0,0,0,-96,0,11,0,1987573800,0,148,0,0,1987.77,128,[-108 64 9 0 -3 -20 -5 -19 -2 -21 -2 -23 -5 -25 -4 -29 -5 -30 -10 -29 -8 -28 -9 -29 -14 -26 -11 -29 -14 -31 -9 -29 -10 -23 -8 -26 -7 -22 -4 -21 -1 -18 1 -17 1 -10 1 -7 4 -6 5 -4 7 3 0 0 0 0 0 0 0 0 0 0 0 0 0 0 0 0 0 0 0 0 0 0 12 19 10 20 15 22 14 24 15 23 16 22 17 25 15 23 18 22 12 23 14 23 8 20 13 19 8 16 9 18 6 12 7 11 4 10 8 6 4 2 3 1 7 -2 1 -6 6 -9 4 -8 4 -7 ],2025-05-07_20-02-47-508
CSI_DATA,PASSIVE,5C:E9:31:E8:F4:66,-77,11,0,0,0,0,0,0,0,0,0,-96,0,11,0,1987574041,0,130,0,0,1987.78,128,[-126 32 8 0 10 14 13 15 19 13 17 16 13 11 19 16 19 13 25 17 29 16 30 14 27 18 22 19 32 26 20 23 24 7 21 3 24 22 7 9 7 6 12 8 7 -3 3 4 -6 12 -1 3 -2 -1 0 0 0 0 0 0 0 0 0 0 0 0 0 0 0 0 0 0 0 0 0 0 -28 -8 -25 -4 -24 -8 -31 -7 -22 -10 -29 -8 -28 -5 -29 -11 -32 -10 -24 -8 -23 -8 -32 -4 -19 -5 -16 -13 -16 -4 -15 -10 -1 -2 -3 0 -15 0 -14 3 -7 6 3 0 -7 3 10 11 6 4 0 11 ],2025-05-07_20-02-47-513
CSI_DATA,PASSIVE,5C:E9:31:E8:F4:66,-76,11,0,0,0,0,0,0,0,0,0,-96,0,11,0,1987574258,0,130,0,0,1987.78,128,[-126 32 8 0 2 -18 4 -20 -1 -19 0 -23 1 -27 -2 -24 -4 -32 5 -20 -2 -27 -6 -27 -2 -25 3 -32 1 -34 -8 -22 9 -33 9 -22 -10 -29 4 -13 6 -15 6 -19 3 -10 3 -12 5 1 2 -3 0 10 0 0 0 0 0 0 0 0 0 0 0 0 0 0 0 0 0 0 0 0 0 0 22 7 22 5 29 15 22 7 26 11 29 4 24 19 29 8 15 19 19 17 22 10 11 11 13 6 9 21 17 6 18 11 11 6 13 13 3 6 11 4 2 -13 6 2 4 -1 9 -4 4 -6 -2 -17 ],2025-05-07_20-02-47-518
CSI_DATA,PASSIVE,5C:E9:31:E8:F4:66,-76,11,0,0,0,0,0,0,0,0,0,-96,0,11,0,1987574475,0,94,0,0,1987.79,128,[94 -32 5 0 -7 -15 -10 -10 -9 -16 -12 -18 -15 -19 -19 -20 -14 -14 -17 -17 -18 -23 -18 -28 -25 -18 -13 -23 -8 -23 -19 -26 -12 -19 -9 -10 -1 -11 -8 -23 -3 -3 -5 -11 -5 -3 3 -2 -4 -1 2 -7 3 2 0 0 0 0 0 0 0 0 0 0 0 0 0 0 0 0 0 0 0 0 0 0 16 -10 21 -14 20 -7 23 -4 26 -5 22 -5 24 -11 19 -6 25 -5 24 -10 24 0 19 -6 21 8 24 -4 13 -8 10 1 9 -1 11 -3 6 -1 0 -2 -2 0 2 3 -5 1 -2 -5 -4 -8 2 -14 ],2025-05-07_20-02-47-524
CSI_DATA,PASSIVE,5C:E9:31:E8:F4:66,-77,11,0,0,0,0,0,0,0,0,0,-96,0,11,0,1987675314,0,124,0,0,1987.84,128,[124 -64 7 0 2 -10 1 -13 4 -14 5 -16 1 -20 3 -22 4 -22 -2 -24 2 -30 -2 -27 -3 -25 0 -33 -2 -26 -1 -29 -4 -24 -4 -27 -2 -24 -1 -21 2 -18 0 -13 4 -9 2 -5 4 -3 4 0 6 4 0 0 0 0 0 0 0 0 0 0 0 0 0 0 0 0 0 0 0 0 0 0 10 26 13 21 15 28 11 25 13 28 12 24 12 28 15 26 9 26 11 30 8 24 7 20 8 21 3 17 5 12 3 14 1 8 1 8 6 5 0 4 6 2 2 3 -2 -2 4 -4 6 -4 2 -7 ],2025-05-07_20-02-47-578
CSI_DATA,PASSIVE,5C:E9:31:E8:F4:66,-77,11,0,0,0,0,0,0,0,0,0,-96,0,11,0,1987675523,0,124,0,0,1987.85,128,[124 -64 7 0 -30 -5 -39 -15 -48 -28 -36 -26 -48 -16 -57 -27 -55 -12 -60 -15 -73 -12 -71 -14 -69 -8 -64 -9 -72 -5 -74 -9 -72 -4 -60 -16 -45 -1 -50 -7 -37 -8 -29 -5 -19 -18 -13 -19 2 -9 5 -13 9 -14 0 0 0 0 0 0 0 0 0 0 0 0 0 0 0 0 0 0 0 0 0 0 65 -21 66 -26 67 -25 69 -31 73 -31 70 -25 69 -28 71 -23 66 -23 65 -29 67 -20 68 -16 54 -3 43 -15 35 -9 30 -12 28 -5 15 -18 20 0 23 -11 12 -17 12 -11 5 -1 -5 -11 -23 -10 -7 -9 ],2025-05-07_20-02-47-585
CSI_DATA,PASSIVE,5C:E9:31:E8:F4:66,-77,11,0,0,0,0,0,0,0,0,0,-96,0,11,0,1987675732,0,124,0,0,1987.85,128,[124 -64 7 0 -24 23 -33 25 -27 23 -39 22 -41 36 -39 46 -39 31 -36 41 -61 42 -52 62 -40 54 -51 52 -54 58 -39 54 -38 49 -41 53 -38 47 -40 35 -20 25 -27 15 -17 7 -18 10 -23 -8 -9 -6 4 -13 0 0 0 0 0 0 0 0 0 0 0 0 0 0 0 0 0 0 0 0 0 0 12 -64 14 -67 20 -77 19 -76 12 -77 13 -73 24 -78 18 -74 27 -85 17 -70 15 -61 21 -52 20 -59 10 -46 13 -41 11 -31 7 -35 12 -17 -3 -21 -1 -9 1 -6 -13 -10 -4 -16 -14 2 -17 -5 -22 -9 ],2025-05-07_20-02-47-591
CSI_DATA,PASSIVE,5C:E9:31:E8:F4:66,-77,11,0,0,0,0,0,0,0,0,0,-96,0,11,0,1987675941,0,254,0,0,1987.86,128,[-2 -32 15 0 6 6 12 5 13 12 16 4 18 4 19 9 19 10 19 8 23 7 28 7 25 8 26 7 23 8 26 7 22 5 22 6 18 6 19 2 16 7 10 5 8 5 5 5 0 4 -2 1 -4 1 0 0 0 0 0 0 0 0 0 0 0 0 0 0 0 0 0 0 0 0 0 0 -28 11 -24 11 -29 12 -31 8 -32 13 -30 9 -28 13 -26 9 -29 8 -28 7 -26 5 -21 5 -23 9 -21 2 -15 2 -17 5 -13 5 -7 3 -11 6 -9 3 -7 8 2 2 -2 4 -2 9 2 1 7 6 ],2025-05-07_20-02-47-595
CSI_DATA,PASSIVE,5C:E9:31:E8:E9:4E,-84,11,0,0,0,0,0,0,0,0,0,-96,0,11,0,1987738794,0,205,0,0,1987.91,128,[-51 -48 12 0 -11 0 -15 -8 -7 0 3 -6 2 -5 4 -5 9 -9 11 -9 19 -7 14 -15 13 -19 20 -13 19 -14 18 -2 21 -12 18 -6 25 1 24 4 19 -1 19 -1 16 9 19 5 17 6 11 6 4 13 0 0 0 0 0 0 0 0 0 0 0 0 0 0 0 0 0 0 0 0 0 0 4 -10 7 -8 7 -21 6 -8 1 -11 -5 -12 -3 -9 -4 -12 -11 -15 -9 -20 -16 -13 -21 -17 -16 -19 -19 -4 -17 -12 -22 -14 -25 -19 -29 -12 -24 -7 -26 -13 -29 -9 -22 1 -26 -1 -24 -15 -21 -6 -9 1 ],2025-05-07_20-02-47-643
CSI_DATA,PASSIVE,5C:E9:31:E8:F4:66,-78,11,0,0,0,0,0,0,0,0,0,-96,0,11,0,1987776233,0,94,0,0,1987.94,128,[94 -32 5 0 3 14 3 15 4 14 8 19 7 22 9 22 6 23 11 24 13 23 19 24 20 28 16 28 19 26 18 26 15 23 15 23 10 20 11 16 6 14 2 10 3 10 1 7 -3 5 -7 2 -7 -1 0 0 0 0 0 0 0 0 0 0 0 0 0 0 0 0 0 0 0 0 0 0 -15 -25 -11 -25 -16 -26 -15 -24 -16 -25 -15 -24 -14 -26 -15 -23 -16 -24 -13 -24 -11 -23 -12 -24 -10 -16 -8 -21 -3 -16 -8 -14 -4 -8 -5 -12 -6 -7 -6 -6 -2 -7 -3 -7 -2 -4 0 -1 -1 2 -1 0 ],2025-05-07_20-02-47-680
CSI_DATA,PASSIVE,5C:E9:31:E8:F4:66,-77,11,0,0,0,0,0,0,0,0,0,-96,0,11,0,1987776402,0,130,0,0,1987.95,128,[-126 32 8 0 -14 4 -10 8 -12 11 -14 12 -18 15 -18 16 -19 17 -21 15 -22 19 -22 23 -21 22 -18 22 -19 27 -20 27 -16 20 -18 23 -16 17 -14 14 -11 12 -10 10 -10 6 -6 1 -4 -1 -6 -4 -3 -9 0 0 0 0 0 0 0 0 0 0 0 0 0 0 0 0 0 0 0 0 0 0 20 -17 18 -20 24 -20 19 -22 20 -23 19 -19 21 -22 19 -20 19 -18 22 -21 21 -19 19 -12 16 -12 14 -10 13 -10 12 -7 11 -5 7 -9 9 -7 9 -7 5 -5 6 -4 2 -3 -2 -2 0 2 -5 -2 ],2025-05-07_20-02-47-685
CSI_DATA,PASSIVE,5C:E9:31:E8:F4:66,-77,11,0,0,0,0,0,0,0,0,0,-96,0,11,0,1987776619,0,86,0,0,1987.95,128,[86 96 5 0 5 15 12 9 11 16 16 11 16 13 15 15 21 18 21 17 22 17 27 17 25 15 28 15 29 15 24 14 23 14 19 12 18 15 17 9 13 9 9 9 5 8 0 7 -2 3 -2 2 -7 7 0 0 0 0 0 0 0 0 0 0 0 0 0 0 0 0 0 0 0 0 0 0 -25 -12 -24 -14 -26 -12 -27 -11 -27 -11 -26 -14 -31 -13 -28 -10 -24 -11 -22 -11 -24 -15 -20 -14 -19 -9 -16 -10 -10 -9 -11 -14 -11 -7 -10 -8 -9 -9 -5 -6 -6 -4 -5 -1 -5 -2 -3 0 1 7 -1 1 ],2025-05-07_20-02-47-691
CSI_DATA,PASSIVE,5C:E9:31:E8:F4:66,-77,11,0,0,0,0,0,0,0,0,0,-96,0,11,0,1987776776,0,115,0,0,1987.96,128,[115 48 7 0 11 -4 15 -3 21 -5 17 -8 21 -7 18 -12 24 -12 23 -17 22 -11 25 -16 27 -19 27 -22 26 -20 24 -17 24 -17 21 -19 16 -14 18 -14 15 -10 13 -4 12 -4 9 2 6 0 4 5 1 8 0 0 0 0 0 0 0 0 0 0 0 0 0 0 0 0 0 0 0 0 0 0 -22 12 -21 12 -22 12 -22 17 -25 15 -25 15 -23 16 -24 15 -26 18 -23 17 -22 14 -23 9 -18 10 -16 8 -16 7 -15 7 -12 4 -10 0 -9 0 -8 5 -7 -2 -5 4 -5 0 -2 2 -1 3 5 -1 ],2025-05-07_20-02-47-696
CSI_DATA,PASSIVE,5C:E9:31:E8:F4:66,-77,11,0,0,0,0,0,0,0,0,0,-96,0,11,0,1987776973,0,205,0,0,1987.97,128,[-51 -48 12 0 -13 6 -15 8 -13 12 -17 14 -15 12 -18 17 -18 16 -20 20 -19 21 -19 24 -17 25 -20 27 -18 28 -18 24 -17 25 -14 23 -14 19 -12 21 -13 14 -13 12 -10 8 -8 4 -6 -3 -5 -4 -4 -8 0 0 0 0 0 0 0 0 0 0 0 0 0 0 0 0 0 0 0 0 0 0 16 -20 17 -23 16 -22 20 -22 16 -21 16 -23 18 -20 19 -24 18 -23 18 -19 14 -20 12 -21 15 -15 12 -14 11 -13 9 -9 11 -9 9 -9 7 -9 5 -3 3 -7 5 -2 -2 -3 -2 1 -3 -1 -5 2 ],2025-05-07_20-02-47-702
CSI_DATA,PASSIVE,5C:E9:31:E8:E9:4E,-84,11,0,0,0,0,0,0,0,0,0,-96,0,11,0,1987843845,0,125,0,0,1988.01,128,[125 -48 7 0 6 -1 -2 1 4 4 -1 6 3 11 -2 8 -11 -1 -7 6 -18 8 -20 15 -20 7 -24 15 -22 9 -27 6 -21 5 -21 2 -30 3 -27 0 -24 -5 -17 -10 -14 -4 -20 -4 -16 -15 -7 -16 -5 -21 0 0 0 0 0 0 0 0 0 0 0 0 0 0 0 0 0 0 0 0 0 0 -12 16 -7 13 -2 14 4 14 -3 20 4 11 4 13 5 18 12 20 11 20 18 26 22 19 25 16 20 18 18 16 29 19 27 19 20 13 28 18 28 16 34 10 25 7 21 3 23 0 18 5 16 11 ],2025-05-07_20-02-47-747
CSI_DATA,PASSIVE,5C:E9:31:E8:E9:4E,-84,11,0,0,0,0,0,0,0,0,0,-96,0,11,0,1987864915,0,130,0,0,1988.03,128,[-126 32 8 0 -4 5 -22 4 -12 -7 -6 -8 -5 -7 -11 -7 -5 -15 4 -20 -4 -16 0 -26 -3 -19 -7 -20 -7 -25 -12 -30 -9 -34 3 -27 -9 -26 2 -30 3 -28 -1 -18 9 -14 5 -19 12 -17 9 -9 12 -10 0 0 0 0 0 0 0 0 0 0 0 0 0 0 0 0 0 0 0 0 0 0 13 -3 11 0 14 -5 11 -14 14 -13 8 -22 3 -7 0 -13 -7 -19 -2 -26 -9 -20 12 -20 -18 -24 -18 -16 -10 -18 -22 -19 -23 -17 -17 -15 -20 -13 -26 -2 -30 4 -33 3 -25 -12 -17 -5 -3 -6 -8 5 ],2025-05-07_20-02-47-769
CSI_DATA,PASSIVE,A2:D8:C6:11:D7:95,-36,11,0,0,0,0,0,0,0,0,0,-96,0,11,0,1987868805,0,30,0,0,1988.04,128,[30 -32 1 0 -30 -10 -30 -8 -28 -9 -28 -8 -28 -8 -28 -7 -28 -7 -28 -7 -28 -6 -28 -6 -28 -5 -27 -5 -28 -5 -25 -6 -24 -5 -22 -5 -21 -5 -19 -6 -17 -5 -17 -5 -17 -5 -16 -5 -16 -5 -15 -6 -14 -6 0 0 0 0 0 0 0 0 0 0 0 0 0 0 0 0 0 0 0 0 0 0 -16 -2 -16 -3 -17 -4 -17 -4 -17 -4 -18 -5 -18 -5 -19 -6 -20 -7 -22 -7 -25 -9 -26 -9 -26 -9 -27 -10 -27 -10 -28 -10 -27 -10 -27 -10 -29 -10 -28 -10 -28 -9 -28 -9 -28 -8 -29 -9 -30 -8 -29 -8 ],2025-05-07_20-02-47-775
CSI_DATA,PASSIVE,5C:E9:31:E8:F4:66,-77,11,0,0,0,0,0,0,0,0,0,-96,0,11,0,1987877327,0,80,0,0,1988.04,128,[80 0 5 0 7 8 -1 20 9 18 15 13 10 23 18 15 20 16 16 20 13 12 16 22 24 17 27 18 19 21 18 17 22 13 19 18 15 16 12 11 9 12 7 10 1 8 1 5 0 1 -5 3 -8 -3 0 0 0 0 0 0 0 0 0 0 0 0 0 0 0 0 0 0 0 0 0 0 -21 -2 -25 -4 -25 -2 -24 -4 -30 -1 -28 -3 -25 -5 -26 -3 -25 -4 -23 -6 -22 -8 -22 -7 -20 -6 -21 -4 -21 -5 -14 -7 -13 -2 -16 -5 -16 -2 -14 -5 -5 1 -12 0 -9 -7 -3 -4 -8 3 -4 8 ],2025-05-07_20-02-47-781
CSI_DATA,PASSIVE,5C:E9:31:E8:F4:66,-77,11,0,0,0,0,0,0,0,0,0,-96,0,11,0,1987877476,0,158,0,0,1988.05,128,[-98 -32 9 0 21 2 29 51 22 48 36 46 49 33 51 53 38 29 58 28 56 31 72 26 59 18 76 41 67 42 57 32 77 29 58 28 44 30 43 20 29 15 31 17 12 17 10 18 7 11 -15 1 -14 7 0 0 0 0 0 0 0 0 0 0 0 0 0 0 0 0 0 0 0 0 0 0 -54 5 -59 5 -67 -4 -72 -4 -59 -2 -67 0 -72 -5 -65 -7 -69 -9 -64 -4 -68 -9 -55 -5 -54 -10 -50 -9 -47 -3 -51 -11 -54 -6 -43 -2 -44 -10 -25 -11 -22 3 -27 -10 -16 13 -10 0 12 14 5 14 ],2025-05-07_20-02-47-787
CSI_DATA,PASSIVE,5C:E9:31:E8:F4:66,-77,11,0,0,0,0,0,0,0,0,0,-96,0,11,0,1987877729,0,94,0,0,1988.05,128,[94 -32 5 0 17 -12 35 -15 31 0 59 -28 36 -44 44 -14 54 -10 45 -27 42 -47 52 -66 61 -43 54 -53 51 -58 59 -47 55 -57 47 -37 53 -32 39 -35 47 -24 29 -18 19 -10 24 -11 10 0 3 6 5 12 0 0 0 0 0 0 0 0 0 0 0 0 0 0 0 0 0 0 0 0 0 0 1 57 -1 58 -5 62 -4 73 -7 55 -10 69 -2 74 -18 60 -16 60 -17 62 -30 65 -11 48 -10 55 -15 44 -17 49 -1 45 -1 39 -22 41 -11 34 -1 24 -2 31 -17 40 -11 32 -7 18 9 16 27 14 ],2025-05-07_20-02-47-792
CSI_DATA,PASSIVE,5C:E9:31:E8:F4:66,-76,11,0,0,0,0,0,0,0,0,0,-96,0,11,0,1987877898,0,108,0,0,1988.06,128,[108 -64 6 0 12 36 26 21 36 33 24 3 39 34 51 40 76 57 58 32 49 21 58 8 63 25 72 34 67 32 71 35 73 28 61 35 46 24 45 20 31 21 32 22 16 20 15 11 7 17 -3 0 -4 10 0 0 0 0 0 0 0 0 0 0 0 0 0 0 0 0 0 0 0 0 0 0 -58 2 -51 4 -77 -6 -63 -10 -65 -3 -65 0 -71 -3 -59 -5 -71 -7 -63 -8 -62 -4 -59 -7 -70 -9 -53 -10 -56 -3 -59 -19 -40 -13 -30 6 -40 -7 -30 -5 -22 0 6 12 -20 -3 -17 11 -16 -3 11 0 ],2025-05-07_20-02-47-797
CSI_DATA,PASSIVE,5C:E9:31:E8:F4:66,-77,11,0,0,0,0,0,0,0,0,0,-96,0,11,0,1987878083,0,94,0,0,1988.07,128,[94 -32 5 0 15 18 -4 29 53 31 18 39 21 25 48 47 59 35 73 41 35 49 42 35 61 39 59 37 48 36 70 34 68 29 49 36 41 32 46 21 34 40 31 20 23 13 3 18 -3 9 -18 -1 -13 -1 0 0 0 0 0 0 0 0 0 0 0 0 0 0 0 0 0 0 0 0 0 0 -64 8 -54 -5 -61 -3 -65 0 -74 -14 -66 -4 -72 -8 -53 -4 -62 0 -58 -7 -52 -14 -51 -21 -64 -16 -54 -15 -44 -9 -41 -4 -47 -4 -43 -14 -38 7 -28 -2 -40 -5 -33 -4 -31 -1 -37 11 -11 7 -24 14 ],2025-05-07_20-02-47-803
CSI_DATA,PASSIVE,5C:E9:31:E8:F4:66,-77,11,0,0,0,0,0,0,0,0,0,-96,0,11,0,1987878252,0,124,0,0,1988.07,128,[124 -64 7 0 -6 4 3 29 -28 55 -34 34 -10 48 -21 64 -18 61 -25 69 -33 76 -8 75 -19 80 -10 74 -1 71 -16 78 -4 71 -8 57 1 57 -12 56 -8 32 -7 39 -9 27 -13 12 -9 11 -16 1 -8 -11 0 0 0 0 0 0 0 0 0 0 0 0 0 0 0 0 0 0 0 0 0 0 1 -51 -2 -59 -6 -71 2 -68 -1 -75 -1 -62 -1 -73 -7 -70 -3 -66 -1 -73 6 -72 5 -59 -2 -58 -4 -53 1 -46 9 -49 4 -40 2 -39 -2 -23 -5 -31 -19 -30 -4 -25 -7 -32 -30 -25 -25 -22 -3 -13 ],2025-05-07_20-02-47-809
CSI_DATA,PASSIVE,5C:E9:31:E8:F4:66,-77,11,0,0,0,0,0,0,0,0,0,-96,0,11,0,1987878461,0,125,0,0,1988.08,128,[125 -48 7 0 6 30 20 47 27 45 31 43 -2 39 31 55 35 28 83 35 47 14 55 39 64 49 45 63 66 50 51 52 62 58 39 43 38 43 43 33 28 20 21 30 5 23 11 19 -6 14 -14 8 -9 1 0 0 0 0 0 0 0 0 0 0 0 0 0 0 0 0 0 0 0 0 0 0 -53 11 -54 7 -61 5 -69 3 -62 1 -66 7 -74 3 -78 -2 -74 0 -60 -10 -54 -13 -54 -7 -69 -13 -59 -17 -51 -5 -48 -1 -41 -14 -36 -2 -33 10 -31 -22 -43 -5 -23 2 -25 8 -16 -13 -11 7 -12 23 ],2025-05-07_20-02-47-815
CSI_DATA,PASSIVE,5C:E9:31:E8:F4:66,-78,11,0,0,0,0,0,0,0,0,0,-96,0,11,0,1987878670,0,145,0,0,1988.08,128,[-111 16 9 0 -2 -6 15 -32 27 -33 31 -6 34 -52 36 -47 65 -45 41 -33 54 -45 49 -70 49 -55 32 -76 32 -64 38 -55 39 -66 30 -48 43 -41 36 -52 27 -32 15 -32 21 -20 6 -6 18 -2 11 6 0 20 0 0 0 0 0 0 0 0 0 0 0 0 0 0 0 0 0 0 0 0 0 0 -17 50 -19 48 -24 57 -31 65 -24 54 -32 59 -27 75 -29 68 -35 57 -29 57 -29 64 -30 54 -20 48 -16 42 -23 43 -10 44 -17 32 -18 22 -29 38 -10 30 -2 18 5 36 -4 27 11 2 25 2 15 15 ],2025-05-07_20-02-47-820
CSI_DATA,PASSIVE,5C:E9:31:E8:F4:66,-78,11,0,0,0,0,0,0,0,0,0,-96,0,11,0,1987878907,0,328,0,0,1988.09,128,[72 -127 20 0 32 -22 11 -15 14 -26 24 -27 42 -30 36 -53 43 -25 49 -57 50 -53 45 -47 58 -44 53 -56 48 -65 54 -42 41 -57 50 -46 45 -37 39 -43 34 -34 32 -15 22 -10 20 -11 12 -4 0 13 -1 14 0 0 0 0 0 0 0 0 0 0 0 0 0 0 0 0 0 0 0 0 0 0 -10 56 -8 59 -14 59 -20 67 -23 64 -12 62 -22 69 -21 60 -17 66 -20 64 -28 56 -20 58 -19 62 -26 47 -25 41 -13 42 -9 35 -23 36 -17 36 0 31 -4 18 1 25 -2 9 4 28 19 -2 26 -10 ],2025-05-07_20-02-47-826
CSI_DATA,PASSIVE,5C:E9:31:E8:F4:66,-77,11,0,0,0,0,0,0,0,0,0,-96,0,11,0,1987879388,0,348,0,0,1988.09,128,[92 -63 21 0 -5 -9 -8 -13 -12 -11 -16 -15 -18 -11 -22 -14 -22 -17 -23 -16 -23 -13 -28 -13 -27 -14 -29 -15 -30 -16 -29 -16 -29 -12 -24 -14 -22 -12 -17 -12 -14 -9 -11 -10 -11 -6 -7 -9 1 -5 3 -4 7 1 0 0 0 0 0 0 0 0 0 0 0 0 0 0 0 0 0 0 0 0 0 0 27 0 25 1 27 0 28 2 30 -1 29 1 30 1 30 0 29 -1 31 3 26 2 24 4 24 4 19 3 19 5 20 4 19 1 12 3 12 -2 12 -2 9 -1 9 -1 8 -4 5 -2 5 -7 0 -6 ],2025-05-07_20-02-47-831
CSI_DATA,PASSIVE,5C:E9:31:E8:E9:4E,-85,11,0,0,0,0,0,0,0,0,0,-96,0,11,0,1987935114,0,329,0,0,1988.1,128,[73 -111 20 0 -8 12 2 -9 -1 -4 -13 -8 -11 -9 1 -3 -4 -12 3 -19 -2 -17 0 -24 2 -25 -3 -21 0 -23 3 -23 8 -22 9 -18 12 -25 11 -27 11 -11 13 -10 8 -9 20 5 14 -2 15 3 11 -1 0 0 0 0 0 0 0 0 0 0 0 0 0 0 0 0 0 0 0 0 0 0 -10 -5 -7 -7 -11 -10 -10 -10 -8 -2 -19 -2 -15 -2 -16 -4 -25 0 -18 3 -22 3 -25 10 -18 3 -21 14 -24 6 -16 18 -21 6 -15 17 -21 19 -26 5 -17 13 -19 18 -16 21 -8 12 -12 2 -10 11 ],2025-05-07_20-02-47-839
CSI_DATA,PASSIVE,5C:E9:31:E8:E9:4E,-84,11,0,0,0,0,0,0,0,0,0,-96,0,11,0,1987935595,0,349,0,0,1988.11,128,[93 -47 21 0 -14 1 -7 -3 -8 2 -7 -8 1 -9 -3 -11 5 -14 5 -13 1 -11 9 -20 9 -21 7 -25 9 -21 8 -23 9 -20 9 -26 16 -19 10 -16 12 -14 17 -11 17 -10 18 -4 16 -4 18 0 13 8 0 0 0 0 0 0 0 0 0 0 0 0 0 0 0 0 0 0 0 0 0 0 2 -7 0 -14 1 -12 -3 -14 -2 -11 -15 -13 -10 -13 -17 -16 -13 -6 -22 -13 -15 -8 -17 -6 -27 -10 -26 -8 -25 -1 -26 -12 -27 0 -29 7 -25 -10 -23 -7 -28 9 -23 -1 -25 1 -22 9 -10 6 -24 11 ],2025-05-07_20-02-47-845
CSI_DATA,PASSIVE,5C:E9:31:E8:E9:4E,-85,11,0,0,0,0,0,0,0,0,0,-96,0,11,0,1987945063,0,98,0,0,1988.11,128,[98 32 6 0 -3 -3 1 -3 3 -9 2 -1 15 -5 8 2 8 12 12 4 17 0 12 11 20 9 15 17 19 16 16 15 16 21 9 19 15 14 9 17 7 18 9 22 1 7 -4 16 -5 9 -8 8 -8 16 0 0 0 0 0 0 0 0 0 0 0 0 0 0 0 0 0 0 0 0 0 0 9 -3 10 3 11 -10 4 -1 11 -10 11 -11 9 -12 12 -9 2 -15 6 -21 2 -24 4 -25 0 -21 4 -25 11 -26 11 -27 -2 -29 -5 -22 -2 -15 -6 -26 -1 -28 -8 -25 -1 -18 1 -15 -7 -19 -2 -15 ],2025-05-07_20-02-47-850
CSI_DATA,PASSIVE,5C:E9:31:E8:E9:4E,-84,11,0,0,0,0,0,0,0,0,0,-96,0,11,0,1987953555,0,98,0,0,1988.12,128,[98 32 6 0 -4 -10 -2 -10 2 -1 2 0 10 1 17 -4 19 5 11 3 21 6 15 1 19 5 20 6 23 15 26 14 29 11 14 16 13 17 17 18 9 13 8 19 2 13 -1 21 0 20 0 15 -5 14 0 0 0 0 0 0 0 0 0 0 0 0 0 0 0 0 0 0 0 0 0 0 14 -3 13 -4 8 -7 6 -9 9 -8 9 -15 9 -12 4 -15 12 -22 -4 -25 3 -32 -2 -27 -4 -25 -6 -27 -2 -26 -5 -31 -12 -29 -6 -31 -17 -32 -3 -26 -15 -26 -11 -24 -9 -17 -13 -16 -15 -19 -7 -18 ],2025-05-07_20-02-47-857
CSI_DATA,PASSIVE,5C:E9:31:E8:E9:4E,-86,11,0,0,0,0,0,0,0,0,0,-96,0,11,0,1987964230,0,128,0,0,1988.13,128,[-128 0 8 0 6 4 -1 8 3 -1 -2 -1 -12 0 -13 -2 -15 -4 -11 3 -28 3 -17 1 -18 -1 -17 -8 -25 -9 -22 -7 -23 -10 -23 -7 -23 -7 -21 -19 -15 -17 -9 -13 -7 -14 -2 -23 -1 -17 -11 -18 3 -16 0 0 0 0 0 0 0 0 0 0 0 0 0 0 0 0 0 0 0 0 0 0 -13 -5 -17 -7 -13 5 -9 0 -13 3 -13 11 0 17 -12 12 -2 21 -4 19 -12 28 -7 19 -3 24 8 30 15 30 4 25 9 23 3 38 16 22 18 33 6 38 6 18 8 15 10 16 0 24 10 14 ],2025-05-07_20-02-47-868
CSI_DATA,PASSIVE,5C:E9:31:E8:E9:4E,-84,11,0,0,0,0,0,0,0,0,0,-96,0,11,0,1987971693,0,98,0,0,1988.14,128,[98 32 6 0 -8 0 2 -14 -1 -2 11 -9 11 -7 17 -10 12 -12 21 0 17 -3 16 -8 21 -3 27 0 25 -7 18 -13 28 -12 27 3 21 6 18 6 14 8 19 7 11 14 7 13 11 10 2 15 5 16 0 0 0 0 0 0 0 0 0 0 0 0 0 0 0 0 0 0 0 0 0 0 10 1 9 -7 10 -5 14 -8 6 -10 -3 -17 3 -14 5 -14 4 -23 -1 -22 -2 -23 -10 -26 -13 -33 -9 -33 -7 -28 -17 -30 -12 -31 -16 -27 -19 -24 -30 -13 -22 -17 -8 -24 -18 -15 -18 -17 -20 -9 -12 -15 ],2025-05-07_20-02-47-875
CSI_DATA,PASSIVE,5C:E9:31:E8:F4:66,-76,11,0,0,0,0,0,0,0,0,0,-96,0,11,0,1987980660,0,272,0,0,1988.15,128,[16 1 17 0 -6 6 -17 12 -10 14 -21 14 -11 12 -16 15 -7 29 -18 23 -18 28 -7 26 -10 29 -8 28 -18 25 -11 32 -11 24 -11 26 -10 21 -6 20 -10 15 -11 16 -9 8 -5 3 -5 0 -3 -5 -1 -7 0 0 0 0 0 0 0 0 0 0 0 0 0 0 0 0 0 0 0 0 0 0 11 -25 11 -25 9 -29 11 -27 11 -27 14 -30 12 -32 11 -28 13 -28 11 -24 11 -26 11 -26 13 -21 8 -18 6 -16 8 -15 1 -10 2 -15 0 -4 -1 -9 -4 -9 2 -7 0 -4 6 -4 -9 -1 -4 -6 ],2025-05-07_20-02-47-885
CSI_DATA,PASSIVE,5C:E9:31:E8:F4:66,-77,11,0,0,0,0,0,0,0,0,0,-96,0,11,0,1987981065,0,86,0,0,1988.15,128,[86 96 5 0 -12 3 -15 2 -20 7 -15 11 -22 12 -23 14 -24 9 -20 15 -24 16 -25 17 -25 19 -27 19 -22 20 -23 18 -22 16 -19 16 -19 17 -19 14 -17 10 -13 7 -11 3 -7 -1 -6 -3 -3 -3 1 -6 0 0 0 0 0 0 0 0 0 0 0 0 0 0 0 0 0 0 0 0 0 0 17 -19 22 -21 21 -23 22 -21 20 -20 18 -24 21 -22 20 -23 20 -18 20 -22 17 -20 17 -17 20 -16 15 -14 15 -12 13 -10 13 -8 9 -7 6 -8 9 -7 3 -2 3 -2 -2 -3 -1 -3 -5 0 -7 -1 ],2025-05-07_20-02-47-891
CSI_DATA,PASSIVE,5C:E9:31:E8:F4:66,-77,11,0,0,0,0,0,0,0,0,0,-96,0,11,0,1987981222,0,124,0,0,1988.16,128,[124 -64 7 0 -9 12 -12 14 -10 15 -11 16 -13 18 -10 18 -13 23 -12 26 -15 23 -13 28 -12 23 -11 31 -13 30 -10 27 -11 32 -11 23 -7 26 -11 18 -10 16 -8 10 -5 6 -2 3 -8 1 -5 -6 -7 -9 0 0 0 0 0 0 0 0 0 0 0 0 0 0 0 0 0 0 0 0 0 0 6 -25 7 -27 4 -30 9 -26 6 -30 10 -31 8 -30 7 -28 9 -28 7 -27 10 -24 7 -29 4 -24 9 -24 5 -20 6 -15 4 -17 2 -12 1 -9 5 -9 -1 -5 -2 -4 -4 -1 -4 -1 -3 0 -5 0 ],2025-05-07_20-02-47-896
CSI_DATA,PASSIVE,5C:E9:31:E8:F4:66,-77,11,0,0,0,0,0,0,0,0,0,-96,0,11,0,1987981431,0,195,0,0,1988.16,128,[-61 48 12 0 3 7 6 8 12 9 12 8 15 7 18 10 21 10 23 14 25 10 23 13 20 15 24 13 25 11 27 9 20 11 23 12 20 6 16 13 14 7 6 6 7 6 4 7 -1 3 -3 2 -4 4 0 0 0 0 0 0 0 0 0 0 0 0 0 0 0 0 0 0 0 0 0 0 -24 -3 -22 -6 -27 -6 -24 -9 -27 -9 -27 -8 -31 -7 -26 -7 -26 -9 -27 -7 -21 -6 -22 -8 -19 -6 -18 -7 -18 -5 -19 -7 -15 -4 -13 -5 -6 -4 -8 -4 -7 -3 -2 1 -6 -2 -1 5 -2 2 3 3 ],2025-05-07_20-02-47-901
CSI_DATA,PASSIVE,5C:E9:31:E8:F4:66,-76,11,0,0,0,0,0,0,0,0,0,-96,0,11,0,1987981732,0,329,0,0,1988.17,128,[73 -111 20 0 -2 13 -6 15 -5 14 -7 15 -5 19 -8 27 -7 23 -3 26 -4 28 -2 31 -1 31 -2 31 -2 32 -4 30 -3 27 -2 27 -4 23 -4 21 -4 19 -5 14 -2 9 -2 6 -4 2 -5 1 -3 -3 0 0 0 0 0 0 0 0 0 0 0 0 0 0 0 0 0 0 0 0 0 0 -7 -28 -1 -27 -3 -27 -1 -30 -4 -32 -2 -31 -6 -32 -5 -31 -6 -31 -2 -32 -3 -31 1 -27 -3 -24 -3 -18 -6 -18 2 -16 2 -10 2 -19 -1 -5 2 -7 -4 -8 -8 -7 -2 4 -2 -1 -7 -1 -4 3 ],2025-05-07_20-02-47-907
CSI_DATA,PASSIVE,5C:E9:31:E8:F4:66,-77,11,0,0,0,0,0,0,0,0,0,-96,0,11,0,1987982213,0,349,0,0,1988.18,128,[93 -47 21 0 9 4 12 8 11 8 18 8 22 10 22 10 25 5 27 12 29 4 28 7 32 9 27 8 29 10 32 10 28 8 26 8 22 8 21 8 17 6 13 4 10 6 6 6 2 6 -4 2 -4 3 0 0 0 0 0 0 0 0 0 0 0 0 0 0 0 0 0 0 0 0 0 0 -26 -1 -25 1 -29 0 -32 3 -31 1 -32 2 -31 2 -32 2 -28 0 -32 1 -24 -1 -24 -1 -27 -1 -21 -1 -20 -2 -19 -2 -13 0 -10 -2 -12 -3 -8 1 -8 -2 -8 3 -5 1 -1 2 -2 0 -1 5 ],2025-05-07_20-02-47-911
CSI_DATA,PASSIVE,5C:E9:31:E8:F4:66,-77,11,0,0,0,0,0,0,0,0,0,-96,0,11,0,1987982722,0,98,0,0,1988.18,128,[98 32 6 0 8 -7 16 -4 15 -6 16 -5 21 -13 22 -11 22 -13 25 -12 27 -14 26 -12 23 -18 23 -24 26 -18 24 -16 24 -18 19 -14 22 -12 19 -12 19 -9 10 -6 12 -1 8 -2 5 1 -4 2 1 8 0 0 0 0 0 0 0 0 0 0 0 0 0 0 0 0 0 0 0 0 0 0 -20 16 -23 17 -26 14 -24 15 -23 15 -23 18 -23 17 -23 20 -24 18 -24 14 -23 15 -21 13 -18 11 -16 12 -15 6 -14 10 -15 5 -10 7 -8 4 -4 3 -6 5 -5 6 -1 3 2 -1 0 -1 4 2 ],2025-05-07_20-02-47-917
CSI_DATA,PASSIVE,5C:E9:31:E8:F4:66,-76,11,0,0,0,0,0,0,0,0,0,-96,0,11,0,1987982895,0,94,0,0,1988.19,128,[94 -32 5 0 -12 -12 -8 -18 -7 -13 -8 -19 -12 -15 -16 -14 -15 -17 -20 -28 -9 -13 -26 -20 -21 -20 -13 -20 -25 -27 -19 -34 -19 -26 -9 -28 -17 -12 -24 -12 -8 -8 -8 -10 -4 -5 -4 -8 1 -8 1 -3 2 -4 0 0 0 0 0 0 0 0 0 0 0 0 0 0 0 0 0 0 0 0 0 0 25 7 19 13 19 9 26 15 30 15 21 8 25 10 20 3 23 18 18 12 10 16 27 17 12 11 22 12 5 7 5 2 12 18 12 2 4 2 13 -2 0 -5 0 -4 -2 0 10 -3 -1 -9 -4 -10 ],2025-05-07_20-02-47-923
CSI_DATA,PASSIVE,5C:E9:31:E8:F4:66,-77,11,0,0,0,0,0,0,0,0,0,-96,0,11,0,1987983064,0,94,0,0,1988.19,128,[94 -32 5 0 12 -4 16 -9 14 -10 17 -13 18 -12 16 -13 19 -19 21 -23 21 -21 18 -25 21 -23 23 -23 22 -23 16 -23 22 -23 22 -21 17 -24 17 -17 17 -15 10 -7 7 -5 6 0 6 -3 2 5 -2 3 0 0 0 0 0 0 0 0 0 0 0 0 0 0 0 0 0 0 0 0 0 0 -9 22 -8 27 -10 23 -13 26 -14 27 -12 29 -13 29 -13 28 -14 23 -15 27 -16 23 -13 20 -14 18 -12 21 -12 15 -8 13 -5 9 -5 8 -4 7 1 7 0 6 -1 2 -1 -2 3 5 5 -4 2 -3 ],2025-05-07_20-02-47-929
CSI_DATA,PASSIVE,5C:E9:31:E8:F4:66,-77,11,0,0,0,0,0,0,0,0,0,-96,0,11,0,1987983233,0,128,0,0,1988.2,128,[-128 0 8 0 6 11 14 11 12 11 14 19 18 17 20 19 21 19 27 23 25 20 27 23 28 19 31 19 28 16 32 17 31 19 26 20 24 16 16 11 14 13 14 16 7 10 4 8 -1 8 -5 2 -5 2 0 0 0 0 0 0 0 0 0 0 0 0 0 0 0 0 0 0 0 0 0 0 -30 -8 -28 -8 -32 -6 -32 -11 -36 -6 -33 -10 -35 -9 -33 -11 -31 -10 -29 -8 -26 -11 -27 -11 -27 -14 -24 -11 -20 -9 -19 -4 -17 -7 -12 -5 -9 -2 -11 -3 -2 1 -5 3 -6 -1 -4 3 0 3 2 5 ],2025-05-07_20-02-47-933
CSI_DATA,PASSIVE,A2:D8:C6:11:D7:95,-36,11,0,0,0,0,0,0,0,0,0,-96,0,11,0,1988062251,0,30,0,0,1988.23,128,[30 -32 1 0 -10 -29 -11 -28 -10 -27 -11 -27 -10 -26 -11 -27 -11 -26 -12 -26 -11 -25 -12 -25 -13 -25 -12 -25 -12 -25 -11 -23 -10 -23 -9 -21 -8 -20 -7 -18 -6 -17 -6 -17 -5 -17 -5 -16 -5 -16 -4 -15 -4 -15 0 0 0 0 0 0 0 0 0 0 0 0 0 0 0 0 0 0 0 0 0 0 -8 -14 -8 -14 -8 -15 -7 -15 -7 -15 -7 -16 -7 -17 -7 -17 -7 -19 -8 -21 -8 -23 -8 -25 -8 -26 -8 -27 -8 -26 -8 -26 -9 -26 -8 -26 -9 -27 -9 -27 -9 -26 -10 -27 -10 -26 -10 -27 -11 -28 -11 -27 ],2025-05-07_20-02-47-966
CSI_DATA,PASSIVE,5C:E9:31:E8:F4:66,-77,11,0,0,0,0,0,0,0,0,0,-96,0,11,0,1988082312,0,128,0,0,1988.25,128,[-128 0 8 0 13 -17 -17 -12 -14 -30 -11 -28 -5 -46 -3 -59 -22 -37 -39 -53 -31 -64 -48 -61 -25 -62 -52 -60 -44 -52 -49 -59 -32 -67 -29 -57 -29 -57 -33 -36 -19 -26 -19 -26 -13 -32 0 -20 9 -9 13 -4 8 -2 0 0 0 0 0 0 0 0 0 0 0 0 0 0 0 0 0 0 0 0 0 0 44 50 36 52 42 47 47 54 45 52 39 51 41 58 40 55 35 52 32 69 29 55 35 46 24 52 11 36 19 37 27 38 22 26 13 28 17 17 30 19 27 15 9 6 29 6 11 -8 12 -12 -6 -12 ],2025-05-07_20-02-47-986
CSI_DATA,PASSIVE,5C:E9:31:E8:F4:66,-77,11,0,0,0,0,0,0,0,0,0,-96,0,11,0,1988082525,0,734,0,0,1988.25,128,[-34 -30 45 0 28 -11 18 -8 40 -28 15 -22 46 -16 36 -45 26 -34 44 -28 41 -51 53 -67 70 -47 49 -62 41 -51 53 -49 50 -45 44 -45 43 -39 34 -40 43 -22 29 -22 20 -16 11 -6 21 0 1 6 10 4 0 0 0 0 0 0 0 0 0 0 0 0 0 0 0 0 0 0 0 0 0 0 -34 60 -34 54 -47 51 -34 55 -32 59 -45 51 -38 56 -43 71 -38 52 -44 51 -35 40 -41 52 -30 35 -36 37 -27 38 -23 28 -23 27 -22 18 -28 16 -28 25 -7 19 -8 3 -1 8 2 -7 9 2 12 11 ],2025-05-07_20-02-47-992
CSI_DATA,PASSIVE,5C:E9:31:E8:F4:66,-77,11,0,0,0,0,0,0,0,0,0,-96,0,11,0,1988083546,0,158,0,0,1988.26,128,[-98 -32 9 0 7 10 8 8 6 11 8 13 13 17 17 15 16 18 21 13 20 18 25 17 23 15 23 17 24 20 24 17 23 17 26 16 17 13 15 18 16 12 9 13 4 7 3 9 0 4 -2 0 -5 -1 0 0 0 0 0 0 0 0 0 0 0 0 0 0 0 0 0 0 0 0 0 0 -25 -1 -28 -5 -29 0 -31 0 -34 -4 -29 -1 -31 -5 -33 -4 -27 -7 -31 -3 -26 0 -26 -6 -24 -8 -20 -5 -17 -8 -17 -9 -16 -6 -14 -3 -14 -2 -9 -5 -9 -4 -7 0 -11 -2 -5 5 -4 4 -4 6 ],2025-05-07_20-02-47-997
CSI_DATA,PASSIVE,5C:E9:31:E8:F4:66,-78,11,0,0,0,0,0,0,0,0,0,-96,0,11,0,1988083799,0,250,0,0,1988.27,128,[-6 -96 15 0 8 -4 11 -7 10 -8 17 -9 17 -12 15 -12 19 -16 20 -15 19 -20 24 -20 20 -22 22 -22 22 -19 25 -20 20 -17 16 -19 18 -22 16 -16 10 -11 13 -7 9 -8 5 -5 6 -2 0 1 0 7 0 0 0 0 0 0 0 0 0 0 0 0 0 0 0 0 0 0 0 0 0 0 -14 25 -15 23 -18 25 -18 23 -15 26 -15 27 -16 25 -16 23 -16 25 -18 21 -15 24 -16 20 -14 13 -13 15 -13 12 -11 12 -11 6 -10 12 -2 5 -7 3 -1 8 -1 5 -5 3 1 2 0 1 3 3 ],2025-05-07_20-02-48-3
CSI_DATA,PASSIVE,5C:E9:31:E8:F4:66,-77,11,0,0,0,0,0,0,0,0,0,-96,0,11,0,1988084176,0,108,0,0,1988.27,128,[108 -64 6 0 6 -6 4 -15 8 -14 5 -16 7 -20 7 -21 6 -25 5 -27 5 -26 5 -30 0 -30 2 -33 1 -33 1 -34 4 -28 5 -29 2 -27 5 -21 4 -17 5 -17 4 -13 3 -8 0 -5 3 0 1 4 0 0 0 0 0 0 0 0 0 0 0 0 0 0 0 0 0 0 0 0 0 0 3 26 1 28 1 26 2 30 1 27 0 30 1 32 1 28 -1 28 1 29 2 27 0 27 -1 21 0 22 -2 19 0 17 -1 13 -1 14 1 6 -1 8 -1 8 5 6 3 7 1 3 2 3 5 0 ],2025-05-07_20-02-48-7
CSI_DATA,PASSIVE,5C:E9:31:E8:F4:66,-77,11,0,0,0,0,0,0,0,0,0,-96,0,11,0,1988084361,0,94,0,0,1988.28,128,[94 -32 5 0 3 -9 4 -15 1 -15 3 -19 5 -22 2 -21 2 -26 3 -26 4 -31 1 -29 -3 -29 -2 -29 1 -32 0 -30 -2 -32 -5 -28 -4 -26 -1 -20 1 -16 2 -13 3 -10 2 -6 3 -3 2 3 3 5 0 0 0 0 0 0 0 0 0 0 0 0 0 0 0 0 0 0 0 0 0 0 3 25 2 28 4 26 4 30 3 27 5 32 0 29 3 29 1 27 4 25 3 29 3 21 4 24 -1 20 1 16 0 14 1 17 -2 14 -2 6 0 9 3 4 2 7 4 8 -1 -2 6 0 3 1 ],2025-05-07_20-02-48-12
CSI_DATA,PASSIVE,5C:E9:31:E8:F4:66,-78,11,0,0,0,0,0,0,0,0,0,-96,0,11,0,1988084529,0,94,0,0,1988.28,128,[94 -32 5 0 13 11 25 18 34 19 45 10 38 14 55 17 51 13 65 11 62 20 70 9 75 2 72 13 70 2 77 7 81 13 67 12 58 13 46 8 37 14 30 7 23 4 12 5 10 4 -5 8 -3 9 0 0 0 0 0 0 0 0 0 0 0 0 0 0 0 0 0 0 0 0 0 0 -61 17 -56 14 -59 16 -80 19 -68 13 -70 12 -72 16 -67 9 -68 14 -63 10 -64 0 -58 5 -62 0 -43 0 -40 15 -43 -4 -45 -4 -25 -1 -25 -6 -31 7 -26 7 -19 4 -7 11 -13 10 -12 13 -1 18 ],2025-05-07_20-02-48-18
CSI_DATA,PASSIVE,5C:E9:31:E8:F4:66,-77,11,0,0,0,0,0,0,0,0,0,-96,0,11,0,1988084698,0,158,0,0,1988.29,128,[-98 -32 9 0 -6 8 -12 12 -8 6 -9 11 -13 18 -14 17 -9 19 -14 23 -12 23 -12 26 -16 27 -12 29 -12 31 -12 29 -12 26 -9 25 -7 20 -11 20 -7 15 -11 13 -6 9 -4 4 -5 -2 -5 -5 -3 -6 0 0 0 0 0 0 0 0 0 0 0 0 0 0 0 0 0 0 0 0 0 0 -1 -26 1 -28 -3 -27 -1 -30 1 -30 0 -33 0 -31 1 -29 2 -29 4 -29 5 -24 4 -28 4 -23 4 -21 1 -21 1 -16 2 -19 1 -19 -1 -15 5 -7 -4 -7 0 -7 -5 -3 0 -5 -4 -2 0 0 ],2025-05-07_20-02-48-24
CSI_DATA,PASSIVE,5C:E9:31:E8:F4:66,-77,11,0,0,0,0,0,0,0,0,0,-96,0,11,0,1988084951,0,94,0,0,1988.29,128,[94 -32 5 0 5 10 6 9 10 6 12 5 17 13 19 11 22 7 20 12 21 11 26 9 27 13 28 13 27 11 26 12 26 12 21 8 24 8 17 8 16 6 11 8 9 5 4 6 0 6 -3 1 -2 6 0 0 0 0 0 0 0 0 0 0 0 0 0 0 0 0 0 0 0 0 0 0 -26 -8 -28 -6 -28 -8 -28 -7 -34 -4 -30 -5 -33 -8 -26 -6 -30 -8 -25 -12 -26 -8 -24 -10 -22 -9 -20 -10 -14 -7 -16 -4 -16 -3 -10 -6 -12 -1 -11 -2 -10 -1 -10 -2 -7 0 -1 2 -4 3 -3 3 ],2025-05-07_20-02-48-29
CSI_DATA,PASSIVE,5C:E9:31:E8:F4:66,-77,11,0,0,0,0,0,0,0,0,0,-96,0,11,0,1988085120,0,250,0,0,1988.3,128,[-6 -96 15 0 -8 6 -5 8 -6 13 -9 13 -10 17 -10 20 -9 18 -11 23 -13 24 -5 26 -5 31 -8 30 -7 29 -10 31 -6 24 -9 28 -8 23 -7 22 -8 14 -7 13 -8 8 -5 8 -5 3 -2 -1 -5 -5 0 0 0 0 0 0 0 0 0 0 0 0 0 0 0 0 0 0 0 0 0 0 -3 -28 -3 -27 -1 -29 3 -29 -5 -34 -3 -31 -1 -32 0 -31 -6 -30 0 -30 -2 -30 4 -27 -2 -23 2 -21 2 -21 1 -16 -1 -15 5 -15 -5 -12 -1 -9 -3 -12 -2 -10 -6 -7 -1 -5 -5 1 -4 0 ],2025-05-07_20-02-48-35
CSI_DATA,PASSIVE,5C:E9:31:E8:E9:4E,-84,11,0,0,0,0,0,0,0,0,0,-96,0,11,0,1988145123,0,251,0,0,1988.31,128,[-5 -80 15 0 -5 -9 -15 -8 2 -8 5 -6 9 -5 12 -12 10 -10 18 -7 21 -6 18 -13 30 -8 30 -5 36 -2 36 -8 33 -6 26 -9 29 7 33 10 20 10 26 16 21 17 19 11 17 20 4 15 3 20 0 0 0 0 0 0 0 0 0 0 0 0 0 0 0 0 0 0 0 0 0 0 14 -10 6 -8 8 -15 7 -16 5 -14 8 -16 3 -20 -6 -29 -5 -23 -10 -22 0 -22 -7 -24 -16 -29 -12 -22 -13 -29 -15 -25 -26 -25 -21 -23 -21 -22 -26 -13 -30 -18 -21 -16 -18 -12 -21 -18 -26 -5 -26 -8 ],2025-05-07_20-02-48-49
CSI_DATA,PASSIVE,5C:E9:31:E8:E9:4E,-85,11,0,0,0,0,0,0,0,0,0,-96,0,11,0,1988154680,0,90,0,0,1988.32,128,[90 -96 5 0 -3 3 -5 -1 -10 1 3 -7 -4 -9 3 -8 3 -13 4 -16 11 -24 5 -21 7 -20 10 -14 15 -30 15 -18 10 -22 16 -25 12 -24 19 -21 19 -8 18 -10 14 -10 16 -7 18 4 15 0 19 3 0 0 0 0 0 0 0 0 0 0 0 0 0 0 0 0 0 0 0 0 0 0 6 -6 3 -10 13 -9 1 -13 3 -10 -5 -10 -8 -22 1 -15 -4 -19 -10 -25 -6 -16 -11 -17 -16 -17 -18 -17 -21 -11 -19 -11 -24 -13 -24 -12 -18 -4 -20 0 -26 -6 -19 -9 -25 0 -20 0 -21 -2 -16 3 ],2025-05-07_20-02-48-59
CSI_DATA,PASSIVE,A2:D8:C6:11:D7:95,-35,11,0,0,0,0,0,0,0,0,0,-96,0,11,0,1988173691,0,30,0,0,1988.34,128,[30 -32 1 0 -15 -31 -15 -29 -15 -29 -14 -28 -15 -28 -16 -28 -15 -27 -16 -27 -17 -27 -16 -26 -16 -26 -16 -26 -16 -26 -15 -25 -14 -23 -13 -22 -12 -20 -11 -19 -10 -18 -9 -18 -9 -17 -8 -17 -8 -17 -7 -16 -7 -16 0 0 0 0 0 0 0 0 0 0 0 0 0 0 0 0 0 0 0 0 0 0 -10 -15 -9 -15 -9 -16 -9 -16 -9 -17 -9 -17 -9 -18 -9 -18 -9 -20 -10 -23 -10 -25 -10 -27 -11 -28 -11 -29 -10 -28 -12 -30 -11 -28 -12 -29 -12 -29 -12 -29 -13 -28 -13 -29 -14 -29 -14 -30 -15 -30 -15 -29 ],2025-05-07_20-02-48-79
CSI_DATA,PASSIVE,5C:E9:31:E8:F4:66,-79,11,0,0,0,0,0,0,0,0,0,-96,0,11,0,1988185887,0,94,0,0,1988.35,128,[94 -32 5 0 2 -7 9 -8 4 -13 7 -15 8 -16 11 -22 14 -16 13 -24 11 -26 8 -30 4 -49 9 -34 8 -33 9 -32 15 -10 7 -31 2 -28 10 -24 -1 -32 1 -19 7 -8 3 -6 2 14 1 2 0 4 0 0 0 0 0 0 0 0 0 0 0 0 0 0 0 0 0 0 0 0 0 0 -17 25 -17 26 -10 18 -12 27 -15 26 -14 27 -15 39 -16 24 -16 23 -14 20 -1 29 -13 15 -13 17 -10 17 -32 4 -7 10 -9 5 -8 7 -26 10 -8 10 -7 1 2 2 14 -5 5 3 3 1 1 -4 ],2025-05-07_20-02-48-90
CSI_DATA,PASSIVE,5C:E9:31:E8:F4:66,-77,11,0,0,0,0,0,0,0,0,0,-96,0,11,0,1988186056,0,94,0,0,1988.36,128,[94 -32 5 0 12 -2 12 1 11 -1 11 -4 16 -4 22 -6 20 -6 27 -12 27 -12 22 -10 17 -12 26 -17 20 -11 29 -24 22 -8 19 -10 22 -7 7 -11 16 -7 15 -8 15 -7 -2 -1 2 -3 2 1 -1 2 0 0 0 0 0 0 0 0 0 0 0 0 0 0 0 0 0 0 0 0 0 0 -24 5 -23 4 -28 2 -27 2 -28 7 -30 11 -35 9 -30 11 -26 10 -20 4 -21 2 -12 10 -22 1 -8 -5 -25 11 -18 5 -9 -9 -15 -11 -14 -8 1 4 0 -2 6 -8 -15 4 -2 -6 -1 8 2 6 ],2025-05-07_20-02-48-95
CSI_DATA,PASSIVE,5C:E9:31:E8:F4:66,-78,11,0,0,0,0,0,0,0,0,0,-96,0,11,0,1988186225,0,94,0,0,1988.36,128,[94 -32 5 0 5 6 -2 13 1 21 -2 22 -3 20 6 19 3 22 6 29 20 26 11 33 11 32 14 28 15 34 16 31 17 32 14 26 14 30 9 23 6 17 7 11 2 8 4 4 -1 4 -5 -3 -7 -9 0 0 0 0 0 0 0 0 0 0 0 0 0 0 0 0 0 0 0 0 0 0 -4 -33 -1 -35 0 -34 2 -34 -4 -35 -4 -39 1 -31 -7 -31 1 -32 -7 -32 1 -26 -1 -28 0 -20 -1 -22 3 -15 1 -15 0 -18 -1 -12 4 -11 6 -8 5 1 4 -8 -2 -5 -5 0 -1 -5 1 2 ],2025-05-07_20-02-48-100
CSI_DATA,PASSIVE,5C:E9:31:E8:F4:66,-78,11,0,0,0,0,0,0,0,0,0,-96,0,11,0,1988186394,0,94,0,0,1988.37,128,[94 -32 5 0 -10 -3 -17 1 -10 5 -17 3 -17 15 -23 11 -23 10 -22 13 -27 13 -20 19 -25 22 -20 22 -28 26 -25 21 -25 24 -17 18 -22 17 -16 14 -12 9 -9 9 -9 6 -6 -1 -4 2 1 -3 7 -8 0 0 0 0 0 0 0 0 0 0 0 0 0 0 0 0 0 0 0 0 0 0 15 -23 15 -24 18 -27 13 -24 12 -27 17 -27 19 -26 14 -25 18 -18 9 -24 14 -23 12 -15 14 -17 16 -10 15 -8 14 -9 10 -9 8 -8 10 -3 7 -7 6 0 3 0 4 -1 3 -5 6 0 0 -3 ],2025-05-07_20-02-48-106
CSI_DATA,PASSIVE,5C:E9:31:E8:F4:66,-78,11,0,0,0,0,0,0,0,0,0,-96,0,11,0,1988186563,0,94,0,0,1988.37,128,[94 -32 5 0 -6 -10 -9 -7 -8 -10 -14 -11 -16 -7 -20 -15 -20 -10 -25 -14 -26 -11 -29 -15 -33 -13 -27 -12 -32 -8 -31 -13 -31 -11 -23 -10 -23 -10 -19 -5 -16 -6 -21 -5 -8 -5 -7 -4 -2 -5 2 0 9 3 0 0 0 0 0 0 0 0 0 0 0 0 0 0 0 0 0 0 0 0 0 0 25 6 29 9 33 9 31 9 32 9 29 6 29 9 26 6 27 8 22 10 19 8 19 5 20 9 14 8 10 7 15 5 9 8 7 4 11 6 5 2 4 0 1 3 3 3 3 -2 2 -4 -1 -3 ],2025-05-07_20-02-48-111
CSI_DATA,PASSIVE,5C:E9:31:E8:F4:66,-78,11,0,0,0,0,0,0,0,0,0,-96,0,11,0,1988186732,0,94,0,0,1988.38,128,[94 -32 5 0 7 -6 7 -13 7 -13 8 -16 7 -19 12 -22 11 -21 9 -26 11 -24 11 -30 9 -28 11 -29 9 -33 4 -28 4 -28 10 -28 5 -26 7 -22 6 -18 4 -15 0 -9 0 -3 0 0 0 3 2 9 0 0 0 0 0 0 0 0 0 0 0 0 0 0 0 0 0 0 0 0 0 0 -5 30 -5 29 -9 29 -8 26 -4 31 -6 29 -7 30 -5 27 -5 26 -6 23 -6 22 -7 14 -6 18 -6 15 -8 15 -9 13 -8 7 -4 8 -1 8 -6 5 -1 5 -1 3 -7 2 2 0 -3 0 -1 1 ],2025-05-07_20-02-48-116
CSI_DATA,PASSIVE,5C:E9:31:E8:F4:66,-78,11,0,0,0,0,0,0,0,0,0,-96,0,11,0,1988186901,0,94,0,0,1988.38,128,[94 -32 5 0 8 10 11 4 7 9 13 8 16 10 17 7 19 8 23 13 27 13 28 13 34 9 27 12 27 10 33 6 25 11 27 10 23 11 22 7 17 7 13 3 7 4 0 1 -1 3 -5 4 -5 -4 0 0 0 0 0 0 0 0 0 0 0 0 0 0 0 0 0 0 0 0 0 0 -28 -5 -30 -4 -28 -3 -31 -1 -32 -1 -28 -1 -31 -6 -31 -1 -27 -7 -26 -8 -25 -5 -23 -5 -22 -7 -12 -10 -11 -11 -7 -8 -10 -5 -4 -11 -9 -5 -11 -6 -12 -12 -6 -4 -10 -6 -3 -1 -4 3 -3 -2 ],2025-05-07_20-02-48-121
CSI_DATA,PASSIVE,5C:E9:31:E8:F4:66,-78,11,0,0,0,0,0,0,0,0,0,-96,0,11,0,1988187070,0,94,0,0,1988.39,128,[94 -32 5 0 -2 8 -5 12 -6 19 -4 12 -5 20 -4 22 -1 20 -7 27 -10 30 0 28 -5 34 3 33 2 31 -2 32 5 27 2 31 0 24 3 21 4 18 0 14 -5 11 -1 1 -3 3 -2 -6 -2 -7 0 0 0 0 0 0 0 0 0 0 0 0 0 0 0 0 0 0 0 0 0 0 3 -31 3 -33 3 -33 7 -30 7 -32 0 -26 -1 -30 4 -27 6 -29 3 -28 4 -24 7 -21 5 -18 5 -22 10 -15 9 -12 3 -17 8 -7 7 -5 -1 -7 5 -10 0 -16 2 -6 4 -1 12 -2 -2 0 ],2025-05-07_20-02-48-127
CSI_DATA,PASSIVE,5C:E9:31:E8:F4:66,-78,11,0,0,0,0,0,0,0,0,0,-96,0,11,0,1988187239,0,94,0,0,1988.4,128,[94 -32 5 0 -8 -2 -14 -5 -16 -4 -19 -5 -21 -1 -24 -2 -24 -4 -31 -2 -27 -1 -29 0 -29 -4 -33 1 -30 -1 -33 2 -31 2 -29 3 -24 1 -20 2 -20 1 -14 1 -11 -3 -5 -3 1 -3 4 -2 7 -3 0 0 0 0 0 0 0 0 0 0 0 0 0 0 0 0 0 0 0 0 0 0 28 -9 30 -9 31 -8 27 -9 28 -11 30 -9 28 -10 27 -10 27 -5 27 -8 24 -8 22 -1 20 2 16 0 16 -1 12 0 12 1 7 -3 7 2 9 -1 6 3 5 2 4 1 2 0 -1 -1 -3 -4 ],2025-05-07_20-02-48-132
CSI_DATA,PASSIVE,5C:E9:31:E8:F4:66,-78,11,0,0,0,0,0,0,0,0,0,-96,0,11,0,1988187408,0,94,0,0,1988.4,128,[94 -32 5 0 4 -10 2 -15 6 -16 3 -21 3 -20 1 -23 0 -29 5 -29 1 -32 3 -36 -5 -36 -5 -42 -4 -39 -3 -35 -4 -32 -6 -31 1 -30 1 -25 -1 -21 0 -18 -2 -12 2 -6 0 -1 4 0 1 5 0 0 0 0 0 0 0 0 0 0 0 0 0 0 0 0 0 0 0 0 0 0 1 35 3 35 2 33 5 34 2 31 2 35 0 34 4 34 1 32 1 30 0 30 -1 26 1 24 -3 22 -6 17 -7 11 -6 13 -5 11 -3 10 -7 9 -1 10 -1 5 -1 6 -1 5 3 -1 3 1 ],2025-05-07_20-02-48-137
CSI_DATA,PASSIVE,5C:E9:31:E8:E9:4E,-85,11,0,0,0,0,0,0,0,0,0,-96,0,11,0,1988259728,0,108,0,0,1988.43,128,[108 -64 6 0 17 0 15 -5 6 10 5 1 10 4 8 11 8 10 4 24 10 19 3 20 14 20 5 26 6 26 3 26 5 24 4 23 4 27 0 24 3 19 -3 23 -14 16 -13 17 -9 13 -14 13 -9 9 0 0 0 0 0 0 0 0 0 0 0 0 0 0 0 0 0 0 0 0 0 0 -8 5 -3 9 -1 5 5 9 9 5 15 7 6 5 9 5 17 6 25 1 20 -6 26 7 25 -7 30 -3 22 -14 24 -13 34 -15 29 -13 26 -11 16 -16 22 -24 20 -23 27 -21 8 -15 9 -17 7 -8 ],2025-05-07_20-02-48-166
CSI_DATA,PASSIVE,A2:D8:C6:11:D7:95,-35,11,0,0,0,0,0,0,0,0,0,-96,0,11,0,1988266854,0,30,0,0,1988.43,128,[30 -32 1 0 6 26 6 27 6 25 7 26 7 25 7 25 8 24 8 25 9 24 8 24 9 24 8 24 8 24 8 23 7 21 6 20 5 19 5 17 4 16 4 16 3 15 3 15 3 15 2 14 2 14 0 0 0 0 0 0 0 0 0 0 0 0 0 0 0 0 0 0 0 0 0 0 5 13 5 13 5 14 4 14 4 14 4 15 4 16 4 16 4 18 4 19 4 22 4 23 4 24 4 25 4 24 4 25 4 25 4 25 5 25 5 26 6 25 6 25 6 25 6 26 7 27 7 25 ],2025-05-07_20-02-48-169
CSI_DATA,PASSIVE,5C:E9:31:E8:E9:4E,-85,11,0,0,0,0,0,0,0,0,0,-96,0,11,0,1988271268,0,100,0,0,1988.44,128,[100 64 6 0 -2 -5 -2 -6 6 -13 2 -5 6 -12 13 -11 9 -4 17 -5 10 0 22 -2 18 -6 24 0 27 4 23 6 28 -2 23 -1 26 4 29 12 21 11 16 9 17 9 16 6 8 15 6 10 4 15 0 0 0 0 0 0 0 0 0 0 0 0 0 0 0 0 0 0 0 0 0 0 13 -2 10 -3 7 -3 12 -5 6 -7 5 -5 5 -5 9 -12 7 -13 0 -17 8 -15 0 -25 3 -24 0 -26 1 -31 -11 -26 -5 -27 -9 -26 -11 -23 -9 -27 -13 -31 -10 -22 -14 -21 -15 -26 -11 -15 -18 -16 ],2025-05-07_20-02-48-175
CSI_DATA,PASSIVE,5C:E9:31:E8:E9:4E,-85,11,0,0,0,0,0,0,0,0,0,-96,0,11,0,1988271800,0,137,0,0,1988.44,128,[-119 -112 8 0 1 4 -1 6 -1 1 -8 5 -9 1 -8 8 -16 2 -25 9 -16 11 -19 11 -16 4 -23 4 -26 11 -23 8 -34 4 -22 2 -26 1 -22 -1 -16 -7 -17 -11 -13 -9 -11 -12 -12 -13 -13 -13 -5 -11 0 0 0 0 0 0 0 0 0 0 0 0 0 0 0 0 0 0 0 0 0 0 -2 11 -15 5 -7 5 -5 7 -3 7 -4 12 -6 17 6 15 8 15 10 12 9 23 11 25 7 22 6 20 16 24 12 23 20 17 20 15 20 14 26 13 20 10 23 13 20 7 21 17 11 7 13 3 ],2025-05-07_20-02-48-181
CSI_DATA,PASSIVE,5C:E9:31:E8:E9:4E,-82,11,0,0,0,0,0,0,0,0,0,-96,0,11,0,1988273986,0,734,0,0,1988.45,128,[-34 -30 45 0 8 0 9 3 14 1 0 14 9 4 25 9 13 18 8 14 11 22 17 20 17 22 23 12 12 21 19 30 14 29 18 29 8 31 12 27 17 17 -1 29 4 24 -3 14 -4 16 1 11 -10 11 0 0 0 0 0 0 0 0 0 0 0 0 0 0 0 0 0 0 0 0 0 0 -9 -3 -7 9 -3 10 -9 13 -2 2 7 14 13 8 -5 10 23 13 19 20 23 16 12 6 29 0 34 13 28 10 35 13 32 1 35 0 28 9 18 -5 30 -29 34 -6 21 -19 1 -12 22 -7 12 -12 ],2025-05-07_20-02-48-186
CSI_DATA,PASSIVE,5C:E9:31:E8:E9:4E,-84,11,0,0,0,0,0,0,0,0,0,-96,0,11,0,1988275007,0,157,0,0,1988.45,128,[-99 -48 9 0 -6 -5 -2 -9 -4 -5 0 -11 3 -4 4 -8 4 -14 11 -8 12 -12 6 -22 4 -9 13 -25 19 -23 13 -23 13 -18 15 -18 23 -15 19 -21 16 -10 22 -11 24 -10 16 -9 16 -5 8 6 10 4 0 0 0 0 0 0 0 0 0 0 0 0 0 0 0 0 0 0 0 0 0 0 7 -6 6 -14 7 -3 3 -14 3 -14 -3 -14 -7 -16 -6 -20 -3 -19 -6 -20 -14 -13 -13 -13 -16 -15 -23 -16 -25 -12 -25 -11 -21 -14 -29 -12 -28 -10 -26 -14 -21 -8 -21 1 -22 -1 -26 -2 -22 -6 -15 -10 ],2025-05-07_20-02-48-191
CSI_DATA,PASSIVE,5C:E9:31:E8:E9:4E,-84,11,0,0,0,0,0,0,0,0,0,-96,0,11,0,1988275667,0,158,0,0,1988.46,128,[-98 -32 9 0 -5 -6 -12 -3 1 1 -10 -12 -3 -9 -4 -23 -1 -18 -1 -24 2 -22 -1 -26 6 -31 -8 -26 11 -31 7 -22 9 -24 11 -30 16 -21 11 -25 16 -18 16 -15 20 -13 17 -9 22 -15 11 -8 16 1 0 0 0 0 0 0 0 0 0 0 0 0 0 0 0 0 0 0 0 0 0 0 11 -14 1 -5 -5 -12 5 -8 2 -11 -11 -17 -14 -19 -10 -17 -15 -11 -16 -13 -20 -6 -22 -14 -37 -15 -28 -12 -26 -4 -38 -4 -28 2 -27 -3 -34 -3 -37 -4 -36 3 -35 2 -24 -3 -23 10 -18 2 -19 2 ],2025-05-07_20-02-48-197
CSI_DATA,PASSIVE,5C:E9:31:E8:F4:66,-76,11,0,0,0,0,0,0,0,0,0,-96,0,11,0,1988287290,0,190,0,0,1988.47,128,[-66 -32 11 0 -14 4 0 1 -15 1 -17 -1 -33 4 -27 4 -23 -2 -29 4 -34 -1 -33 4 -30 8 -38 9 -26 4 -33 4 -23 -5 -31 2 -21 4 -22 5 -14 3 -13 2 -10 1 -5 -5 -2 -3 2 -3 8 -2 0 0 0 0 0 0 0 0 0 0 0 0 0 0 0 0 0 0 0 0 0 0 22 -17 21 -18 25 -18 26 -17 26 -19 25 -20 21 -14 23 -18 24 -14 20 -13 21 -12 20 -14 18 -8 16 -3 10 -3 12 -3 5 1 7 -2 4 -3 4 -3 7 0 1 0 2 -1 -14 1 -9 5 -7 3 ],2025-05-07_20-02-48-202
CSI_DATA,PASSIVE,5C:E9:31:E8:F4:66,-77,11,0,0,0,0,0,0,0,0,0,-96,0,11,0,1988287587,0,210,0,0,1988.47,128,[-46 32 13 0 -7 30 -23 36 2 32 -37 58 -6 57 -36 63 -16 78 -13 69 -5 64 -26 89 -23 73 -15 91 -11 78 -12 63 -24 64 -16 58 -19 57 -14 44 -12 38 -8 28 -17 18 -5 0 -5 3 -6 -15 1 -12 0 0 0 0 0 0 0 0 0 0 0 0 0 0 0 0 0 0 0 0 0 0 -11 -66 -19 -58 -16 -62 -13 -79 -13 -77 -18 -69 -16 -68 -12 -67 -10 -65 -4 -64 -4 -63 -2 -47 -5 -55 -4 -36 5 -34 -4 -40 -6 -31 8 -20 2 -3 10 -8 -10 -12 -2 19 2 14 2 -3 3 9 -19 15 ],2025-05-07_20-02-48-209
CSI_DATA,PASSIVE,5C:E9:31:E8:F4:66,-77,11,0,0,0,0,0,0,0,0,0,-96,0,11,0,1988287908,0,138,0,0,1988.48,128,[-118 -96 8 0 6 -13 8 -15 5 -17 7 -20 5 -23 7 -23 12 -23 10 -29 7 -31 7 -32 8 -31 3 -31 4 -34 7 -31 4 -27 3 -24 7 -25 1 -22 1 -17 6 -11 4 -8 4 -4 3 1 1 -1 -3 6 0 0 0 0 0 0 0 0 0 0 0 0 0 0 0 0 0 0 0 0 0 0 -6 31 -2 27 -4 30 -5 32 -4 28 -1 28 0 33 -5 31 -3 28 -2 28 -5 26 -6 25 -4 16 -2 14 -8 15 -5 11 -3 10 -2 8 -2 9 -2 -1 3 -1 0 2 -1 -3 2 -3 4 -5 1 0 ],2025-05-07_20-02-48-214
CSI_DATA,PASSIVE,5C:E9:31:E8:F4:66,-77,11,0,0,0,0,0,0,0,0,0,-96,0,11,0,1988288133,0,158,0,0,1988.48,128,[-98 -32 9 0 -15 3 -15 3 -19 4 -19 8 -22 5 -25 3 -24 6 -29 8 -26 8 -30 11 -30 15 -27 13 -34 12 -29 7 -24 12 -20 9 -24 6 -21 9 -16 3 -14 5 -6 1 -5 -1 1 0 1 -5 9 -2 0 0 0 0 0 0 0 0 0 0 0 0 0 0 0 0 0 0 0 0 0 0 18 -25 15 -25 17 -26 17 -23 15 -25 16 -25 17 -30 19 -22 17 -23 18 -19 14 -22 13 -14 14 -13 11 -13 11 -11 6 -8 10 -5 9 -8 5 -5 2 -2 3 -2 -1 -3 -6 0 -2 -2 -2 -2 -7 -2 ],2025-05-07_20-02-48-219
CSI_DATA,PASSIVE,5C:E9:31:E8:E9:4E,-86,11,0,0,0,0,0,0,0,0,0,-96,0,11,0,1988343018,0,98,0,0,1988.51,128,[98 32 6 0 -3 -10 -4 -18 1 -12 -4 -12 11 -10 1 -8 7 -11 21 -6 15 -12 13 -9 16 -22 23 -11 23 -16 22 -14 22 -12 24 -6 21 -13 28 -1 22 -3 20 -1 17 1 12 0 11 3 13 8 10 7 0 0 0 0 0 0 0 0 0 0 0 0 0 0 0 0 0 0 0 0 0 0 8 -1 9 -6 6 -6 3 -7 7 -12 5 -8 2 -15 8 -20 -5 -20 6 -22 1 -21 -9 -20 -10 -23 -11 -25 -9 -23 -15 -23 -23 -23 -19 -22 -19 -19 -25 -23 -20 -16 -20 -17 -20 -15 -19 -14 -14 -16 -20 -4 ],2025-05-07_20-02-48-247
CSI_DATA,PASSIVE,5C:E9:31:E8:E9:4E,-84,11,0,0,0,0,0,0,0,0,0,-96,0,11,0,1988348859,0,98,0,0,1988.52,128,[98 32 6 0 4 -2 4 -8 0 -7 2 3 9 -7 13 0 12 -1 17 -1 29 4 15 -5 25 -3 28 4 26 -2 18 -4 25 3 33 8 21 10 20 9 17 8 17 14 13 16 15 13 10 20 2 16 3 12 0 0 0 0 0 0 0 0 0 0 0 0 0 0 0 0 0 0 0 0 0 0 10 -1 8 6 3 -6 9 -9 14 -8 8 -14 6 -11 5 -12 10 -16 12 -14 9 -26 10 -22 8 -24 3 -22 3 -21 -10 -20 -2 -30 -2 -35 -1 -23 -4 -26 -5 -28 -4 -24 -1 -26 -18 -28 -12 -19 -14 -14 ],2025-05-07_20-02-48-252
CSI_DATA,PASSIVE,5C:E9:31:E8:E9:4E,-83,11,0,0,0,0,0,0,0,0,0,-96,0,11,0,1988349980,0,492,0,0,1988.52,128,[-20 -63 30 0 -6 -9 2 4 -10 -3 2 -6 -5 -4 -3 -15 -1 -16 6 -15 -10 -26 7 -27 0 -22 -5 -19 -5 -21 -3 -24 -5 -23 3 -20 8 -29 2 -20 4 -19 1 -16 9 -17 15 -12 15 -1 11 -9 9 0 0 0 0 0 0 0 0 0 0 0 0 0 0 0 0 0 0 0 0 0 0 0 2 -9 2 -6 0 -12 2 -7 -1 -10 2 -14 -15 -10 -22 -3 -6 -11 -18 -5 -19 -9 -16 1 -17 -7 -28 3 -20 1 -30 4 -20 9 -22 8 -27 2 -29 10 -13 11 -8 8 -15 27 -12 3 -17 -1 0 4 ],2025-05-07_20-02-48-258
CSI_DATA,PASSIVE,5C:E9:31:E8:E9:4E,-85,11,0,0,0,0,0,0,0,0,0,-96,0,11,0,1988374896,0,98,0,0,1988.54,128,[98 32 6 0 -11 -5 10 -4 -1 -10 8 -8 5 -8 11 -11 10 -7 17 -9 16 -10 25 -3 25 -2 27 -2 23 -3 30 -10 30 -7 24 6 21 -1 23 5 25 9 23 9 15 14 15 9 13 13 9 17 4 15 0 0 0 0 0 0 0 0 0 0 0 0 0 0 0 0 0 0 0 0 0 0 8 4 10 5 5 -5 7 3 13 2 9 -10 3 -11 11 -8 10 -14 9 -13 13 -17 5 -22 2 -26 -1 -29 6 -18 -4 -30 5 -31 0 -24 -11 -18 -9 -33 -17 -27 -11 -11 -1 -12 -12 -14 -13 -22 -6 -16 ],2025-05-07_20-02-48-278
CSI_DATA,PASSIVE,A2:D8:C6:11:D7:95,-35,11,0,0,0,0,0,0,0,0,0,-96,0,11,0,1988380299,0,30,0,0,1988.55,128,[30 -32 1 0 26 -15 25 -14 26 -15 25 -14 26 -14 25 -14 25 -14 25 -15 25 -15 24 -15 24 -15 24 -15 23 -14 23 -14 21 -12 21 -11 19 -10 17 -8 16 -8 16 -7 16 -7 16 -6 15 -6 15 -5 14 -5 0 0 0 0 0 0 0 0 0 0 0 0 0 0 0 0 0 0 0 0 0 0 12 -11 12 -10 13 -11 13 -10 14 -10 15 -10 15 -10 16 -10 17 -11 20 -11 22 -12 24 -12 25 -12 25 -13 24 -12 26 -13 24 -12 25 -13 25 -13 25 -13 25 -13 26 -14 26 -13 26 -14 27 -14 27 -15 ],2025-05-07_20-02-48-284
CSI_DATA,PASSIVE,5C:E9:31:E8:F4:66,-77,11,0,0,0,0,0,0,0,0,0,-96,0,11,0,1988390857,0,94,0,0,1988.56,128,[94 -32 5 0 -1 -12 0 -17 4 -16 3 -19 3 -20 4 -22 2 -22 3 -28 5 -26 1 -25 -1 -30 4 -29 1 -29 0 -27 1 -26 0 -24 2 -19 3 -20 4 -15 3 -13 4 -10 4 -4 3 -3 4 3 8 4 0 0 0 0 0 0 0 0 0 0 0 0 0 0 0 0 0 0 0 0 0 0 -17 23 -18 24 -15 27 -16 23 -14 26 -11 27 -11 26 -15 28 -14 25 -12 25 -10 23 -9 18 -7 20 -9 14 -7 14 -6 10 -4 8 -7 7 -5 4 -2 5 -5 2 0 0 -2 -2 -1 -2 -6 -5 -2 -8 ],2025-05-07_20-02-48-294
CSI_DATA,PASSIVE,5C:E9:31:E8:F4:66,-78,11,0,0,0,0,0,0,0,0,0,-96,0,11,0,1988391026,0,98,0,0,1988.56,128,[98 32 6 0 14 0 14 1 14 1 16 1 22 2 22 0 24 2 24 0 24 0 29 -5 29 -2 27 -3 28 -6 27 -3 27 0 20 -4 19 -2 17 -2 13 0 10 2 4 3 7 4 0 3 0 5 -7 6 0 0 0 0 0 0 0 0 0 0 0 0 0 0 0 0 0 0 0 0 0 0 -26 -10 -28 -10 -28 -11 -28 -10 -31 -11 -30 -7 -30 -6 -30 -4 -26 -6 -26 -3 -24 -2 -20 -3 -20 -7 -18 -4 -15 -5 -10 -6 -9 -4 -7 -3 -7 -5 -4 -2 -2 -4 -3 -3 0 -3 1 -6 5 -5 4 -3 ],2025-05-07_20-02-48-299
CSI_DATA,PASSIVE,5C:E9:31:E8:F4:66,-78,11,0,0,0,0,0,0,0,0,0,-96,0,11,0,1988391199,0,80,0,0,1988.57,128,[80 0 5 0 0 -12 -3 -19 -2 -19 2 -22 0 -24 -2 -24 -1 -28 -4 -32 6 -28 -6 -29 -9 -31 -8 -33 -5 -31 -8 -33 -6 -24 -8 -27 1 -25 -5 -18 -2 -17 2 -15 1 -8 2 -5 2 -4 8 0 7 5 0 0 0 0 0 0 0 0 0 0 0 0 0 0 0 0 0 0 0 0 0 0 -14 28 -14 26 -14 28 -14 28 -13 27 -9 32 -13 32 -14 32 -8 28 -8 25 -11 26 -6 26 -7 22 -7 18 -6 15 -2 14 -4 13 -6 7 -4 4 -6 6 -1 1 -6 0 -2 -3 -4 -4 -6 -5 -7 -4 ],2025-05-07_20-02-48-305
CSI_DATA,PASSIVE,5C:E9:31:E8:F4:66,-78,11,0,0,0,0,0,0,0,0,0,-96,0,11,0,1988391348,0,472,0,0,1988.57,128,[-40 -127 29 0 -11 -4 -12 -6 -11 -4 -17 -7 -20 -8 -22 -9 -23 -7 -25 -9 -24 -6 -29 -10 -28 -6 -29 -6 -28 -7 -24 -4 -28 -5 -25 -8 -23 -7 -15 -5 -16 -5 -7 -8 -6 -7 -8 -4 0 -1 5 -7 9 -2 0 0 0 0 0 0 0 0 0 0 0 0 0 0 0 0 0 0 0 0 0 0 21 16 23 13 22 17 20 15 27 15 25 14 29 14 25 8 25 12 25 15 21 12 18 10 16 10 12 10 11 5 13 4 11 7 5 4 1 3 2 -2 1 5 2 3 0 2 -6 1 -2 3 -4 1 ],2025-05-07_20-02-48-311
CSI_DATA,PASSIVE,5C:E9:31:E8:F4:66,-77,11,0,0,0,0,0,0,0,0,0,-96,0,11,0,1988392021,0,492,0,0,1988.58,128,[-20 -63 30 0 7 14 4 14 5 13 11 16 11 20 12 22 13 26 10 21 14 23 15 26 20 22 20 24 16 24 18 21 20 23 16 22 15 19 7 21 6 10 2 11 7 7 3 7 -4 3 -11 0 -8 0 0 0 0 0 0 0 0 0 0 0 0 0 0 0 0 0 0 0 0 0 0 0 -1 -31 0 -32 -6 -34 -5 -32 -8 -36 -10 -35 -9 -31 -7 -31 -6 -30 -9 -29 -9 -26 -8 -28 -7 -23 -6 -22 -5 -20 -5 -16 -5 -10 1 -9 -2 -3 2 -6 4 -7 3 -4 3 0 7 -2 8 3 0 4 ],2025-05-07_20-02-48-316
CSI_DATA,PASSIVE,5C:E9:31:E8:F4:66,-77,11,0,0,0,0,0,0,0,0,0,-96,0,11,0,1988392718,0,94,0,0,1988.58,128,[94 -32 5 0 -14 1 -17 0 -15 2 -21 4 -27 5 -26 4 -27 2 -27 1 -31 6 -36 7 -37 5 -33 6 -33 9 -32 7 -29 8 -26 7 -23 5 -21 4 -17 4 -16 0 -11 -1 -7 -4 0 -4 3 -6 1 -7 0 0 0 0 0 0 0 0 0 0 0 0 0 0 0 0 0 0 0 0 0 0 34 -1 32 -1 30 -4 33 -4 34 -3 33 -3 33 -6 30 -7 31 -6 31 -6 26 -6 22 -5 18 -1 17 -5 17 -2 12 1 16 -1 6 2 4 -2 5 1 1 0 3 1 3 3 0 3 -2 2 -4 0 ],2025-05-07_20-02-48-321
CSI_DATA,PASSIVE,5C:E9:31:E8:F4:66,-78,11,0,0,0,0,0,0,0,0,0,-96,0,11,0,1988392887,0,130,0,0,1988.59,128,[-126 32 8 0 -7 -11 -8 -14 -10 -15 -6 -20 -17 -26 -12 -23 -11 -25 -16 -26 -17 -24 -15 -29 -19 -26 -16 -27 -18 -32 -18 -30 -16 -21 -16 -24 -13 -22 -13 -20 -11 -17 -8 -14 -2 -14 0 -6 2 -6 11 -1 9 1 0 0 0 0 0 0 0 0 0 0 0 0 0 0 0 0 0 0 0 0 0 0 8 26 12 30 11 29 15 30 14 32 15 28 17 30 13 29 18 28 15 24 10 25 11 23 10 22 9 15 5 15 6 16 2 11 4 9 4 2 -5 7 1 2 -1 8 -3 5 -2 4 -2 4 -7 1 ],2025-05-07_20-02-48-327
CSI_DATA,PASSIVE,5C:E9:31:E8:F4:66,-78,11,0,0,0,0,0,0,0,0,0,-96,0,11,0,1988393104,0,130,0,0,1988.6,128,[-126 32 8 0 -7 11 -12 10 -9 14 -19 20 -17 20 -14 23 -24 24 -18 24 -22 26 -14 26 -21 29 -16 27 -18 28 -21 26 -16 27 -14 22 -11 21 -9 18 -11 16 -6 12 -11 8 -7 3 -3 -3 -4 -5 -3 -12 0 0 0 0 0 0 0 0 0 0 0 0 0 0 0 0 0 0 0 0 0 0 20 -23 23 -26 22 -28 19 -25 19 -27 19 -27 15 -31 22 -28 18 -28 17 -23 14 -25 12 -20 15 -21 12 -15 9 -12 12 -11 9 -10 7 -7 8 -3 5 -3 4 3 1 5 4 3 1 -1 2 3 0 4 ],2025-05-07_20-02-48-332
CSI_DATA,PASSIVE,5C:E9:31:E8:F4:66,-78,11,0,0,0,0,0,0,0,0,0,-96,0,11,0,1988393321,0,254,0,0,1988.6,128,[-2 -32 15 0 9 4 11 8 13 11 15 12 22 12 22 14 26 15 26 14 25 17 29 14 31 12 31 13 30 14 29 16 24 12 22 12 17 11 19 11 15 9 8 8 3 5 2 4 -3 6 -6 -1 -8 2 0 0 0 0 0 0 0 0 0 0 0 0 0 0 0 0 0 0 0 0 0 0 -25 -19 -27 -19 -32 -22 -27 -16 -29 -12 -31 -18 -24 -14 -32 -17 -26 -14 -28 -14 -23 -12 -22 -13 -19 -12 -12 -6 -16 -10 -12 -8 -11 -8 -5 -7 -8 -6 -7 -5 -7 -5 0 -3 3 -1 4 -4 1 1 7 1 ],2025-05-07_20-02-48-337
CSI_DATA,PASSIVE,5C:E9:31:E8:F4:66,-77,11,0,0,0,0,0,0,0,0,0,-96,0,11,0,1988393702,0,98,0,0,1988.61,128,[98 32 6 0 -13 6 -14 3 -13 9 -18 10 -18 9 -22 9 -23 18 -26 15 -27 15 -26 15 -26 18 -30 22 -30 13 -31 24 -26 15 -23 17 -23 17 -20 14 -15 13 -13 8 -11 5 -7 -1 -3 -4 -2 -6 -3 -11 0 0 0 0 0 0 0 0 0 0 0 0 0 0 0 0 0 0 0 0 0 0 30 -10 30 -10 32 -14 29 -12 30 -18 31 -14 29 -15 26 -13 24 -17 27 -14 23 -16 22 -10 18 -10 17 -7 11 -9 13 -5 13 -3 11 -5 5 3 3 2 2 1 4 1 0 2 -3 1 0 5 -3 4 ],2025-05-07_20-02-48-343
CSI_DATA,PASSIVE,A2:D8:C6:11:D7:95,-35,11,0,0,0,0,0,0,0,0,0,-96,0,11,0,1988441959,0,30,0,0,1988.61,128,[30 -32 1 0 15 27 15 26 15 25 15 24 16 25 16 24 16 23 16 23 16 23 16 22 16 23 17 22 16 22 15 21 14 20 13 19 11 17 10 16 10 15 9 15 8 14 8 14 7 14 7 14 6 14 0 0 0 0 0 0 0 0 0 0 0 0 0 0 0 0 0 0 0 0 0 0 9 12 8 12 9 14 8 14 8 14 9 15 8 16 8 16 9 17 9 20 10 22 11 24 11 25 11 25 11 24 12 26 11 25 12 25 13 25 13 25 13 24 14 25 14 25 15 25 15 26 14 25 ],2025-05-07_20-02-48-348
CSI_DATA,PASSIVE,A2:D8:C6:11:D7:95,-35,11,0,0,0,0,0,0,0,0,0,-96,0,11,0,1988461778,0,30,0,0,1988.63,128,[30 -32 1 0 26 15 26 15 25 14 25 14 25 13 25 13 25 12 25 12 25 12 25 11 25 11 25 11 25 11 24 11 22 10 20 10 18 9 17 9 15 9 15 9 14 8 14 8 14 8 13 9 12 8 0 0 0 0 0 0 0 0 0 0 0 0 0 0 0 0 0 0 0 0 0 0 14 6 14 6 14 7 14 8 14 8 15 9 15 9 15 9 17 10 18 12 20 13 21 15 21 15 22 16 21 16 22 16 22 15 22 16 24 15 23 15 23 15 24 15 24 14 25 15 25 15 24 15 ],2025-05-07_20-02-48-364
CSI_DATA,PASSIVE,5C:E9:31:E8:F4:66,-78,11,0,0,0,0,0,0,0,0,0,-96,0,11,0,1988492416,0,158,0,0,1988.66,128,[-98 -32 9 0 -13 4 -23 -2 -13 3 -12 -8 -21 -6 -26 -5 -29 -15 -28 -18 -29 -12 -33 -6 -33 -12 -28 -3 -29 -9 -32 -5 -26 1 -26 -7 -23 -7 -20 -3 -14 -5 -10 -4 -8 -3 -7 -4 0 -5 2 -5 5 -8 0 0 0 0 0 0 0 0 0 0 0 0 0 0 0 0 0 0 0 0 0 0 20 12 25 11 25 9 25 8 23 9 25 10 23 10 25 8 20 8 19 7 16 10 14 10 17 3 11 5 10 5 7 3 4 2 0 1 3 6 -1 8 -1 1 0 -2 2 -2 -7 4 -13 0 -5 1 ],2025-05-07_20-02-48-396
CSI_DATA,PASSIVE,5C:E9:31:E8:E9:4E,-83,11,0,0,0,0,0,0,0,0,0,-96,0,11,0,1988493206,0,158,0,0,1988.66,128,[-98 -32 9 0 -12 3 -6 2 -7 7 -4 -5 -9 -2 -16 -8 -8 -14 -6 -18 -15 -13 -16 -9 -23 -17 -21 -13 -21 -19 -19 -15 -19 -18 -15 -22 -17 -20 -11 -24 -10 -19 -4 -16 -6 -17 -7 -21 -4 -16 2 -17 12 -13 0 0 0 0 0 0 0 0 0 0 0 0 0 0 0 0 0 0 0 0 0 0 0 -10 -5 -9 -6 -8 -2 -5 -5 -8 -10 -8 -15 -6 -17 8 -21 5 -20 4 -24 8 -22 8 -23 10 -23 9 -18 12 -18 10 -20 15 -21 17 -18 19 -14 21 -14 19 -13 24 -10 18 -17 18 -6 12 -2 12 ],2025-05-07_20-02-48-402
CSI_DATA,PASSIVE,5C:E9:31:E8:E9:4E,-83,11,0,0,0,0,0,0,0,0,0,-96,0,11,0,1988496254,0,98,0,0,1988.67,128,[98 32 6 0 14 9 5 4 -1 10 0 14 -2 -4 -3 10 -13 19 -13 16 -8 11 -16 10 -23 19 -23 13 -17 15 -25 10 -21 17 -29 11 -16 11 -31 6 -29 3 -22 -1 -18 -5 -20 -4 -16 -8 -19 -15 -19 -16 0 0 0 0 0 0 0 0 0 0 0 0 0 0 0 0 0 0 0 0 0 0 -4 11 -4 10 2 9 -1 10 -1 6 6 10 12 5 4 7 14 8 19 16 21 9 31 15 34 -2 26 -6 23 -1 41 -2 35 -6 30 7 37 -5 20 5 28 1 20 0 34 12 30 2 4 -3 8 -12 ],2025-05-07_20-02-48-407
CSI_DATA,PASSIVE,5C:E9:31:E8:E9:4E,-84,11,0,0,0,0,0,0,0,0,0,-96,0,11,0,1988500233,0,98,0,0,1988.68,128,[98 32 6 0 0 5 -8 1 -9 4 -15 7 -11 -9 -19 -10 -21 -9 -15 -3 -20 -12 -20 -13 -25 -14 -18 -16 -20 -12 -31 -14 -23 -24 -27 -17 -24 -19 -16 -16 -12 -17 -15 -22 -7 -17 -8 -23 -3 -23 2 -15 5 -16 0 0 0 0 0 0 0 0 0 0 0 0 0 0 0 0 0 0 0 0 0 0 -8 -9 -2 -11 -11 -8 -8 -9 -12 5 -16 2 -15 4 -18 5 -21 7 -16 15 -20 17 -19 20 -19 16 -17 21 -16 24 -22 20 -13 25 -12 27 -15 30 -11 26 -5 25 -2 27 5 20 -6 29 -5 20 -2 22 ],2025-05-07_20-02-48-413
CSI_DATA,PASSIVE,5C:E9:31:E8:E9:4E,-84,11,0,0,0,0,0,0,0,0,0,-96,0,11,0,1988513393,0,98,0,0,1988.68,128,[98 32 6 0 -2 7 -7 -2 -8 -1 -7 1 -9 -1 -12 -7 -4 -9 -8 -17 -9 -19 -10 -19 -16 -22 -8 -27 -14 -21 -9 -24 -3 -21 -10 -24 0 -27 -5 -25 -1 -23 3 -22 6 -18 10 -20 6 -15 15 -10 8 -10 0 0 0 0 0 0 0 0 0 0 0 0 0 0 0 0 0 0 0 0 0 0 -7 -10 -5 -7 -11 1 -7 -4 -10 -3 -10 2 -19 6 -20 3 -17 9 -27 14 -26 5 -28 9 -27 16 -24 15 -21 12 -30 18 -24 17 -25 24 -25 19 -21 24 -14 30 -3 17 -14 26 -16 17 -7 14 -9 8 ],2025-05-07_20-02-48-418
CSI_DATA,PASSIVE,5C:E9:31:E8:E9:4E,-84,11,0,0,0,0,0,0,0,0,0,-96,0,11,0,1988529223,0,98,0,0,1988.7,128,[98 32 6 0 -13 -6 -9 -6 -6 -11 6 -11 -3 -10 -9 -16 0 -14 -2 -18 5 -20 5 -13 5 -25 8 -21 13 -25 6 -19 5 -24 12 -25 8 -26 9 -21 4 -15 19 -9 20 -17 18 -9 12 -5 12 -4 10 -5 0 0 0 0 0 0 0 0 0 0 0 0 0 0 0 0 0 0 0 0 0 0 4 -11 1 -14 0 -3 -9 -13 -6 -5 -9 -9 -11 -9 -13 -10 -22 -8 -27 -6 -28 -18 -24 -9 -30 -3 -31 3 -27 13 -30 1 -29 6 -32 7 -28 6 -33 9 -29 10 -31 1 -20 8 -15 3 -23 6 -17 -2 ],2025-05-07_20-02-48-433
CSI_DATA,PASSIVE,A2:D8:C6:11:D7:95,-35,11,0,0,0,0,0,0,0,0,0,-96,0,11,0,1988540110,0,30,0,0,1988.71,128,[30 -32 1 0 -1 28 0 27 0 26 -1 26 1 26 0 26 1 25 1 25 2 25 2 25 2 25 2 25 2 25 2 23 1 22 1 20 1 19 0 17 0 15 -1 16 0 15 -1 15 -1 14 -1 14 -2 13 0 0 0 0 0 0 0 0 0 0 0 0 0 0 0 0 0 0 0 0 0 0 1 13 0 14 0 14 0 15 -1 15 -1 15 -1 16 -2 16 -2 18 -2 20 -3 22 -3 23 -3 24 -4 25 -4 24 -3 25 -3 24 -3 25 -3 25 -3 25 -2 25 -1 26 -1 26 -1 26 -1 27 0 26 ],2025-05-07_20-02-48-443
CSI_DATA,PASSIVE,5C:E9:31:E8:E9:4E,-85,11,0,0,0,0,0,0,0,0,0,-96,0,11,0,1988542188,0,98,0,0,1988.71,128,[98 32 6 0 12 -1 2 2 -12 -13 -1 -3 -11 -9 -12 3 -31 0 -14 1 -8 -1 -18 4 -24 -7 -25 -7 -34 -10 -19 -16 -23 -4 -24 -17 -12 -11 -11 -22 -17 -16 -14 -22 -1 -30 -1 -14 5 -14 1 -15 5 -18 0 0 0 0 0 0 0 0 0 0 0 0 0 0 0 0 0 0 0 0 0 0 -9 0 -4 2 -12 13 -7 3 -15 15 0 19 0 21 2 19 -3 19 -8 21 1 27 -1 34 -1 32 4 24 5 26 -4 29 8 32 3 32 27 31 7 25 -2 31 7 35 7 8 8 10 12 14 6 18 ],2025-05-07_20-02-48-448
CSI_DATA,PASSIVE,5C:E9:31:E8:E9:4E,-84,11,0,0,0,0,0,0,0,0,0,-96,0,11,0,1988544509,0,158,0,0,1988.72,128,[-98 -32 9 0 -8 -9 -4 -9 0 -6 9 -3 5 -1 6 -8 16 -9 12 -9 9 -12 12 -11 18 -14 16 -16 18 -11 23 -13 18 -13 23 -10 21 -12 22 -2 23 -1 19 -4 12 3 15 4 6 7 10 8 9 9 0 0 0 0 0 0 0 0 0 0 0 0 0 0 0 0 0 0 0 0 0 0 6 -7 4 -12 6 -9 6 -6 -1 -9 2 -5 -8 -13 -3 -11 -9 -15 -11 -7 -18 -16 -17 -21 -18 -13 -22 -19 -23 -15 -27 -14 -23 -12 -25 -13 -27 -9 -28 -7 -29 -5 -22 -6 -25 -4 -22 -1 -20 -1 -11 -4 ],2025-05-07_20-02-48-454
CSI_DATA,PASSIVE,5C:E9:31:E8:E9:4E,-84,11,0,0,0,0,0,0,0,0,0,-96,0,11,0,1988545199,0,94,0,0,1988.72,128,[94 -32 5 0 -12 5 -4 6 4 -8 0 -8 3 -10 3 -11 13 -20 5 -15 6 -17 11 -17 12 -20 11 -21 17 -19 17 -21 16 -18 11 -12 14 -19 11 -12 14 -18 17 -8 13 -5 11 -5 16 4 18 1 9 6 0 0 0 0 0 0 0 0 0 0 0 0 0 0 0 0 0 0 0 0 0 0 2 -15 0 -7 -4 -9 -8 -7 -12 -5 -11 -7 -17 -10 -14 -8 -18 -11 -22 -3 -20 -10 -25 -1 -33 -7 -28 -11 -37 2 -30 2 -30 -3 -28 -3 -28 3 -24 -3 -23 9 -28 6 -18 4 -14 9 -18 3 -20 -1 ],2025-05-07_20-02-48-460
CSI_DATA,PASSIVE,5C:E9:31:E8:E9:4E,-84,11,0,0,0,0,0,0,0,0,0,-96,0,11,0,1988556476,0,158,0,0,1988.73,128,[-98 -32 9 0 10 -1 3 5 -9 -2 -4 8 -11 1 -4 -1 -18 6 -11 3 -21 -3 -24 11 -23 7 -27 9 -20 7 -28 2 -30 -6 -23 2 -27 -4 -20 -4 -25 -14 -16 -14 -12 -16 -14 -16 -6 -14 0 -13 1 -16 0 0 0 0 0 0 0 0 0 0 0 0 0 0 0 0 0 0 0 0 0 0 -2 9 -1 5 -3 13 -1 14 2 8 7 14 5 11 11 10 9 13 13 21 15 16 18 16 22 19 22 18 19 17 19 12 27 19 20 9 21 18 32 9 28 -1 21 12 23 -3 17 9 18 7 18 4 ],2025-05-07_20-02-48-465
CSI_DATA,PASSIVE,5C:E9:31:E8:E9:4E,-85,11,0,0,0,0,0,0,0,0,0,-96,0,11,0,1988565355,0,222,0,0,1988.73,128,[-34 -32 13 0 6 -8 6 -2 8 -6 4 1 4 3 4 7 17 15 5 14 15 14 13 14 14 25 11 15 4 30 7 33 4 26 3 30 2 27 0 29 -1 25 -11 28 -6 23 -16 14 -20 14 -7 7 -14 6 0 0 0 0 0 0 0 0 0 0 0 0 0 0 0 0 0 0 0 0 0 0 4 6 10 1 7 11 16 5 9 -2 14 -8 22 -9 17 -7 23 -17 20 -11 18 -15 23 -14 19 -28 15 -22 18 -27 20 -24 19 -30 18 -23 15 -23 3 -30 21 -29 6 -23 7 -26 3 -24 2 -19 -2 -20 ],2025-05-07_20-02-48-470
CSI_DATA,PASSIVE,5C:E9:31:E8:E9:4E,-85,11,0,0,0,0,0,0,0,0,0,-96,0,11,0,1988568861,0,158,0,0,1988.74,128,[-98 -32 9 0 3 -1 -2 -11 6 -1 8 -2 6 3 12 2 10 4 17 7 17 7 16 10 24 11 15 6 14 9 15 18 19 15 15 19 12 26 11 22 3 20 11 24 4 26 1 19 0 20 -2 14 -12 10 0 0 0 0 0 0 0 0 0 0 0 0 0 0 0 0 0 0 0 0 0 0 6 3 10 2 10 0 4 -6 8 -4 17 -4 24 -10 16 -13 20 -16 17 -20 19 -20 15 -17 13 -24 17 -19 13 -21 9 -21 11 -23 7 -26 8 -23 8 -22 2 -26 -1 -25 -3 -21 -4 -19 -3 -13 1 -7 ],2025-05-07_20-02-48-476
CSI_DATA,PASSIVE,A2:D8:C6:11:D7:95,-35,11,0,0,0,0,0,0,0,0,0,-96,0,11,0,1988576135,0,30,0,0,1988.74,128,[30 -32 1 0 12 28 13 27 12 26 12 26 12 25 13 25 13 25 13 25 13 25 13 24 13 24 13 24 13 24 13 22 11 21 10 20 9 19 8 17 7 16 7 16 6 15 5 15 5 15 5 15 4 14 0 0 0 0 0 0 0 0 0 0 0 0 0 0 0 0 0 0 0 0 0 0 8 13 7 13 7 14 7 14 7 14 7 15 7 16 7 16 8 18 8 21 8 23 8 25 8 25 8 26 9 25 9 26 9 25 10 25 10 26 10 26 11 25 11 26 11 26 11 27 11 27 11 26 ],2025-05-07_20-02-48-482
CSI_DATA,PASSIVE,A2:D8:C6:11:D7:95,-33,11,0,0,0,0,0,0,0,0,0,-96,0,11,0,1988592130,0,30,0,0,1988.76,128,[30 -32 1 0 24 -12 24 -12 23 -12 24 -12 23 -12 23 -13 23 -13 23 -13 22 -14 22 -14 22 -14 22 -14 22 -14 21 -14 20 -12 19 -11 18 -10 16 -9 16 -8 15 -8 15 -8 15 -7 15 -7 15 -6 15 -6 0 0 0 0 0 0 0 0 0 0 0 0 0 0 0 0 0 0 0 0 0 0 11 -7 11 -6 12 -6 12 -6 12 -6 13 -6 13 -6 14 -6 16 -6 17 -7 19 -7 21 -7 21 -8 23 -8 22 -8 22 -8 22 -8 22 -8 23 -10 23 -9 22 -10 23 -10 23 -10 23 -11 24 -12 23 -11 ],2025-05-07_20-02-48-496
CSI_DATA,PASSIVE,A2:D8:C6:11:D7:95,-35,11,0,0,0,0,0,0,0,0,0,-96,0,11,0,1988592337,0,30,0,0,1988.76,128,[30 -32 1 0 -25 13 -24 13 -23 12 -23 13 -22 13 -23 13 -22 13 -22 14 -22 14 -21 13 -21 13 -22 13 -21 14 -20 13 -19 12 -18 11 -17 10 -15 8 -14 7 -15 7 -14 7 -14 6 -14 6 -13 5 -13 5 0 0 0 0 0 0 0 0 0 0 0 0 0 0 0 0 0 0 0 0 0 0 -12 8 -12 7 -14 7 -13 7 -14 7 -14 7 -14 7 -15 7 -17 8 -19 8 -21 8 -22 9 -23 9 -24 9 -23 9 -24 10 -22 10 -23 10 -24 10 -23 11 -23 11 -23 12 -23 11 -24 12 -25 13 -24 12 ],2025-05-07_20-02-48-502
CSI_DATA,PASSIVE,A2:D8:C6:11:D7:95,-33,11,0,0,0,0,0,0,0,0,0,-96,0,11,0,1988592507,0,30,0,0,1988.77,128,[30 -32 1 0 19 18 19 17 19 17 19 17 20 17 20 16 20 16 20 16 20 16 20 15 20 15 21 15 21 16 20 15 19 14 17 14 16 13 14 12 13 11 12 12 12 11 12 11 12 12 11 12 10 11 0 0 0 0 0 0 0 0 0 0 0 0 0 0 0 0 0 0 0 0 0 0 9 8 9 9 9 9 9 9 10 9 10 10 10 10 10 11 11 12 12 14 13 16 14 17 14 17 14 18 14 18 15 18 15 17 16 18 16 19 16 18 16 17 17 17 18 17 18 17 18 18 18 18 ],2025-05-07_20-02-48-506
CSI_DATA,PASSIVE,A2:D8:C6:11:D7:95,-35,11,0,0,0,0,0,0,0,0,0,-96,0,11,0,1988592688,0,30,0,0,1988.78,128,[30 -32 1 0 -5 -28 -5 -27 -4 -27 -5 -26 -5 -26 -5 -26 -6 -25 -6 -25 -6 -26 -6 -25 -6 -25 -6 -25 -6 -25 -6 -24 -5 -22 -4 -21 -3 -19 -3 -18 -2 -17 -2 -16 -2 -16 -1 -16 -1 -15 -1 -15 0 -15 0 0 0 0 0 0 0 0 0 0 0 0 0 0 0 0 0 0 0 0 0 0 -5 -14 -4 -14 -4 -15 -4 -15 -4 -15 -4 -16 -4 -16 -3 -17 -3 -18 -3 -20 -3 -22 -3 -24 -3 -24 -3 -25 -2 -24 -3 -26 -3 -25 -3 -25 -4 -25 -3 -26 -4 -26 -4 -26 -4 -26 -4 -27 -5 -27 -4 -27 ],2025-05-07_20-02-48-513
CSI_DATA,PASSIVE,A2:D8:C6:11:D7:95,-35,11,0,0,0,0,0,0,0,0,0,-96,0,11,0,1988593407,0,30,0,0,1988.78,128,[30 -32 1 0 2 -28 3 -26 4 -27 3 -26 3 -26 2 -26 2 -26 1 -26 1 -26 1 -26 1 -25 2 -26 2 -25 1 -24 1 -23 2 -21 2 -19 2 -18 2 -17 2 -16 2 -16 3 -15 3 -15 3 -14 4 -14 0 0 0 0 0 0 0 0 0 0 0 0 0 0 0 0 0 0 0 0 0 0 0 -15 1 -14 1 -15 1 -15 1 -16 2 -16 2 -17 2 -16 3 -19 4 -20 5 -21 5 -23 6 -24 6 -25 6 -24 6 -25 5 -24 5 -25 5 -25 5 -26 4 -25 4 -26 4 -26 5 -27 5 -27 5 -28 ],2025-05-07_20-02-48-518
CSI_DATA,PASSIVE,A2:D8:C6:11:D7:95,-33,11,0,0,0,0,0,0,0,0,0,-96,0,11,0,1988593984,0,30,0,0,1988.79,128,[30 -32 1 0 3 26 3 26 3 26 3 26 3 26 4 25 4 25 5 25 5 25 5 25 5 25 5 25 5 26 5 24 4 23 4 22 3 20 2 18 1 17 1 17 1 16 0 16 0 16 0 16 -1 15 0 0 0 0 0 0 0 0 0 0 0 0 0 0 0 0 0 0 0 0 0 0 2 12 2 13 2 13 1 13 1 13 1 14 1 15 1 15 1 17 1 18 0 20 0 22 0 23 0 24 0 23 0 23 0 23 1 23 1 24 1 24 2 24 2 25 2 25 2 25 2 26 3 26 ],2025-05-07_20-02-48-522
CSI_DATA,PASSIVE,A2:D8:C6:11:D7:95,-35,11,0,0,0,0,0,0,0,0,0,-96,0,11,0,1988594191,0,30,0,0,1988.79,128,[30 -32 1 0 -3 27 -2 26 -2 26 -2 25 -1 26 -1 26 -1 25 0 25 0 25 0 24 0 25 0 25 0 24 0 23 0 22 0 21 0 19 -1 17 -1 16 -1 15 -2 15 -2 14 -2 14 -3 13 -3 13 0 0 0 0 0 0 0 0 0 0 0 0 0 0 0 0 0 0 0 0 0 0 0 14 0 13 -1 14 -1 14 -1 15 -1 15 -2 16 -2 16 -2 18 -3 19 -4 21 -4 23 -5 23 -5 24 -4 23 -4 25 -4 24 -3 25 -4 25 -3 25 -3 25 -2 25 -3 25 -3 26 -2 27 -2 26 ],2025-05-07_20-02-48-528
CSI_DATA,PASSIVE,5C:E9:31:E8:F4:66,-78,11,0,0,0,0,0,0,0,0,0,-96,0,11,0,1988594946,0,94,0,0,1988.8,128,[94 -32 5 0 13 -10 13 -11 16 -14 16 -14 19 -16 17 -17 15 -22 18 -20 23 -23 18 -24 19 -22 21 -25 20 -26 14 -22 15 -22 19 -20 14 -19 17 -14 11 -14 12 -12 12 -6 6 -5 4 1 1 2 -2 4 0 0 0 0 0 0 0 0 0 0 0 0 0 0 0 0 0 0 0 0 0 0 -6 28 -7 29 -5 30 -6 30 -7 26 -6 30 -7 31 -9 28 -4 27 -8 25 -6 24 -5 22 -5 18 -8 16 -3 14 -3 11 -3 10 0 10 1 3 -3 5 -3 2 1 1 4 -1 4 -2 1 1 4 -5 ],2025-05-07_20-02-48-533
CSI_DATA,PASSIVE,5C:E9:31:E8:F4:66,-78,11,0,0,0,0,0,0,0,0,0,-96,0,11,0,1988595115,0,158,0,0,1988.8,128,[-98 -32 9 0 7 11 8 11 13 9 13 7 17 10 20 12 20 5 21 6 27 6 21 15 20 7 26 2 33 -4 22 8 32 -5 16 -2 21 10 13 15 12 10 15 2 10 16 2 5 -6 2 -9 2 -2 3 0 0 0 0 0 0 0 0 0 0 0 0 0 0 0 0 0 0 0 0 0 0 -23 -16 -25 -13 -21 -16 -29 -12 -20 -14 -20 -14 -20 -11 -30 -17 -25 -18 -15 -4 -8 -13 -20 -16 -18 -21 -18 4 -10 -18 -5 -5 -20 4 -18 -5 6 1 -9 -5 2 -4 -8 -2 -4 2 1 3 -5 -2 5 -2 ],2025-05-07_20-02-48-539
CSI_DATA,PASSIVE,5C:E9:31:E8:F4:66,-77,11,0,0,0,0,0,0,0,0,0,-96,0,11,0,1988595368,0,94,0,0,1988.81,128,[94 -32 5 0 11 -8 5 -8 12 -14 13 -19 8 -21 12 -18 17 -22 10 -21 9 -28 10 -22 5 -17 7 -25 15 -23 16 -24 22 -28 3 -19 15 -29 9 -27 13 -16 2 -15 2 -7 5 -9 1 -8 2 0 4 8 0 0 0 0 0 0 0 0 0 0 0 0 0 0 0 0 0 0 0 0 0 0 -6 21 -11 27 -14 25 -8 23 -11 31 -7 26 -8 23 -14 23 -5 23 -9 20 -8 25 -7 21 -13 20 -18 10 -7 7 3 15 -3 7 -3 -3 -8 -2 0 10 2 6 3 -9 7 -2 2 -4 8 -3 2 -6 ],2025-05-07_20-02-48-544
CSI_DATA,PASSIVE,A2:D8:C6:11:D7:95,-33,11,0,0,0,0,0,0,0,0,0,-96,0,11,0,1988609391,0,30,0,0,1988.81,128,[30 -32 1 0 -8 -28 -8 -25 -8 -27 -8 -25 -8 -26 -9 -26 -8 -25 -9 -25 -9 -26 -9 -25 -10 -25 -10 -25 -9 -25 -9 -25 -8 -22 -8 -22 -7 -20 -6 -19 -5 -18 -5 -17 -5 -17 -4 -17 -4 -17 -3 -17 -3 -16 0 0 0 0 0 0 0 0 0 0 0 0 0 0 0 0 0 0 0 0 0 0 -5 -13 -4 -13 -5 -14 -4 -14 -4 -14 -4 -14 -4 -15 -4 -15 -4 -17 -4 -20 -4 -21 -4 -22 -4 -23 -4 -24 -3 -23 -5 -25 -5 -23 -5 -25 -5 -24 -5 -25 -6 -25 -6 -25 -7 -25 -7 -26 -6 -26 -6 -26 ],2025-05-07_20-02-48-550
CSI_DATA,PASSIVE,A2:D8:C6:11:D7:95,-35,11,0,0,0,0,0,0,0,0,0,-96,0,11,0,1988618036,0,30,0,0,1988.82,128,[30 -32 1 0 15 -28 14 -27 14 -26 14 -26 13 -26 13 -26 13 -26 12 -27 11 -26 11 -26 11 -27 11 -26 11 -26 10 -24 10 -23 10 -21 9 -19 9 -17 8 -16 9 -16 9 -15 9 -14 8 -14 8 -14 8 -13 0 0 0 0 0 0 0 0 0 0 0 0 0 0 0 0 0 0 0 0 0 0 5 -15 6 -15 6 -16 7 -16 7 -16 7 -16 8 -16 8 -16 10 -18 11 -20 13 -21 14 -23 14 -23 15 -24 15 -23 15 -25 14 -24 15 -24 14 -25 15 -25 14 -25 14 -26 14 -26 14 -27 15 -28 14 -27 ],2025-05-07_20-02-48-556
CSI_DATA,PASSIVE,5C:E9:31:E8:E9:4E,-83,11,0,0,0,0,0,0,0,0,0,-96,0,11,0,1988634856,0,130,0,0,1988.82,128,[-126 32 8 0 -14 0 -6 -15 -10 9 -6 -7 -3 -3 -10 -15 2 -26 -10 -12 0 -15 -1 -23 10 -23 -4 -29 6 -24 -5 -24 4 -29 2 -28 0 -31 7 -18 3 -21 7 -17 10 -14 17 -20 19 -9 13 -14 20 -4 0 0 0 0 0 0 0 0 0 0 0 0 0 0 0 0 0 0 0 0 0 0 15 -5 7 -6 3 -12 8 -7 -8 -13 -7 -7 -11 -7 -6 -7 -9 -18 -17 -12 -20 -31 -24 -27 -24 -12 -23 -11 -37 -7 -19 -17 -33 -11 -32 -12 -26 -5 -28 15 -34 2 -24 4 -31 1 -17 12 -22 3 -22 -1 ],2025-05-07_20-02-48-562
CSI_DATA,PASSIVE,A2:D8:C6:11:D7:95,-35,11,0,0,0,0,0,0,0,0,0,-96,0,11,0,1988669073,0,30,0,0,1988.84,128,[30 -32 1 0 13 28 14 27 13 26 13 25 13 25 14 25 14 24 14 24 14 24 14 23 14 23 14 24 14 24 13 22 12 21 11 20 10 18 8 17 8 16 7 15 7 15 6 15 6 15 5 15 5 14 0 0 0 0 0 0 0 0 0 0 0 0 0 0 0 0 0 0 0 0 0 0 9 13 8 13 9 14 8 14 8 14 8 15 8 16 8 16 9 18 9 20 9 22 10 24 10 24 10 26 9 25 11 26 10 25 11 25 12 25 11 26 12 25 13 26 12 26 13 26 13 27 13 26 ],2025-05-07_20-02-48-597
CSI_DATA,PASSIVE,5C:E9:31:E8:F4:66,-79,11,0,0,0,0,0,0,0,0,0,-96,0,11,0,1988697264,0,130,0,0,1988.86,128,[-126 32 8 0 8 -15 5 -10 11 -8 12 -14 15 -15 15 -15 17 -22 22 -23 20 -23 21 -25 17 -24 18 -23 21 -30 19 -21 19 -22 18 -23 19 -18 13 -17 13 -13 10 -9 10 -10 5 0 2 5 2 2 -2 5 0 0 0 0 0 0 0 0 0 0 0 0 0 0 0 0 0 0 0 0 0 0 -27 24 -29 25 -28 26 -29 28 -24 27 -27 23 -27 26 -24 23 -23 21 -20 23 -19 21 -13 19 -12 12 -14 9 -11 8 -7 4 -3 -1 -4 -1 3 1 -1 -4 1 -3 0 -2 -1 -5 6 -7 5 -4 2 -6 ],2025-05-07_20-02-48-601
CSI_DATA,PASSIVE,5C:E9:31:E8:F4:66,-79,11,0,0,0,0,0,0,0,0,0,-96,0,11,0,1988697481,0,128,0,0,1988.87,128,[-128 0 8 0 -12 -12 -10 -7 -15 -5 -15 -7 -17 -9 -20 -13 -23 -12 -21 -9 -25 -12 -27 -12 -28 -12 -26 -14 -26 -11 -27 -15 -24 -9 -23 -6 -21 -7 -22 -8 -11 -6 -10 -8 -7 -3 -4 -8 -2 -3 4 -3 9 -1 0 0 0 0 0 0 0 0 0 0 0 0 0 0 0 0 0 0 0 0 0 0 31 9 31 7 30 6 30 7 32 8 31 5 31 6 26 7 25 7 23 6 23 5 15 3 12 6 15 5 7 0 9 7 5 2 1 -1 3 -1 0 5 -3 -3 -10 -1 -5 3 -5 -3 -5 2 -13 0 ],2025-05-07_20-02-48-606
CSI_DATA,PASSIVE,5C:E9:31:E8:F4:66,-79,11,0,0,0,0,0,0,0,0,0,-96,0,11,0,1988697694,0,190,0,0,1988.87,128,[-66 -32 11 0 3 -16 6 -20 2 -20 7 -18 7 -18 14 -26 3 -27 8 -24 0 -33 8 -30 0 -28 8 -31 11 -29 4 -25 5 -32 2 -27 4 -23 5 -21 4 -21 5 -12 7 -10 5 -5 7 2 7 3 8 9 0 0 0 0 0 0 0 0 0 0 0 0 0 0 0 0 0 0 0 0 0 0 -10 32 -10 37 -11 36 -10 36 -11 34 -10 37 -9 37 -10 32 -5 28 -4 27 -9 19 -4 26 -7 19 -7 18 -4 10 -1 5 0 0 -2 -1 3 -1 -3 3 4 -10 0 -9 -1 -7 -1 -3 -4 -12 -2 -4 ],2025-05-07_20-02-48-612
CSI_DATA,PASSIVE,5C:E9:31:E8:F4:66,-79,11,0,0,0,0,0,0,0,0,0,-96,0,11,0,1988697991,0,210,0,0,1988.88,128,[-46 32 13 0 -11 2 -15 -2 -18 2 -20 -6 -19 -3 -21 -1 -21 -5 -21 -5 -23 -4 -27 -5 -27 0 -26 -1 -29 2 -25 -5 -25 -4 -23 1 -20 -8 -19 -2 -16 -5 -15 -3 -5 -5 -8 -2 1 -2 2 -4 5 -5 0 0 0 0 0 0 0 0 0 0 0 0 0 0 0 0 0 0 0 0 0 0 32 4 33 0 35 2 33 2 32 -4 35 0 31 0 29 2 29 3 25 -2 20 -2 23 -2 16 -4 16 -1 14 2 9 1 8 -3 7 -3 1 3 2 0 2 1 -6 1 -6 2 -6 -4 -3 5 -8 -1 ],2025-05-07_20-02-48-617
CSI_DATA,PASSIVE,5C:E9:31:E8:F4:66,-78,11,0,0,0,0,0,0,0,0,0,-96,0,11,0,1988698312,0,120,0,0,1988.89,128,[120 -128 7 0 -4 -14 5 -8 11 -12 15 -12 13 -7 9 -10 22 -13 4 -15 18 -10 27 -15 21 -20 18 -25 21 -6 12 -5 4 -8 23 -1 22 -21 15 -16 26 4 8 -11 6 5 -1 8 1 4 -8 -4 -6 4 0 0 0 0 0 0 0 0 0 0 0 0 0 0 0 0 0 0 0 0 0 0 8 26 14 28 10 26 15 31 10 30 9 22 9 28 -2 25 7 25 10 19 5 18 -3 12 -15 5 3 19 4 5 -17 10 -12 10 6 14 3 -9 3 -1 -15 3 -3 -12 1 -4 -12 -1 1 -6 -9 -6 ],2025-05-07_20-02-48-622
CSI_DATA,PASSIVE,5C:E9:31:E8:F4:66,-79,11,0,0,0,0,0,0,0,0,0,-96,0,11,0,1988698513,0,124,0,0,1988.89,128,[124 -64 7 0 8 -8 8 -15 15 -10 13 -13 17 -15 17 -16 16 -17 19 -23 19 -18 16 -23 17 -21 14 -23 25 -22 21 -24 20 -28 14 -19 15 -15 13 -17 10 -10 13 -14 7 -2 6 -1 8 1 3 4 1 11 0 0 0 0 0 0 0 0 0 0 0 0 0 0 0 0 0 0 0 0 0 0 -27 21 -32 20 -34 22 -27 27 -26 21 -31 23 -28 23 -27 24 -27 21 -19 19 -20 23 -19 11 -19 13 -10 9 -14 4 -6 5 -4 3 -3 5 -2 6 5 -1 -3 -2 0 -6 0 -5 0 -8 2 -10 4 -7 ],2025-05-07_20-02-48-628
CSI_DATA,PASSIVE,5C:E9:31:E8:F4:66,-78,11,0,0,0,0,0,0,0,0,0,-96,0,11,0,1988698722,0,124,0,0,1988.9,128,[124 -64 7 0 -7 -9 -6 -11 -6 -15 -9 -19 -12 -16 -11 -20 -10 -19 -12 -21 -14 -22 -14 -24 -18 -24 -18 -26 -19 -23 -14 -22 -16 -19 -14 -19 -13 -18 -12 -15 -11 -12 -8 -10 -5 -11 1 -6 3 -5 6 1 5 2 0 0 0 0 0 0 0 0 0 0 0 0 0 0 0 0 0 0 0 0 0 0 10 31 11 31 13 29 12 31 14 28 12 32 12 28 13 27 11 26 9 23 6 20 6 20 8 16 3 13 6 9 8 5 4 7 -1 3 -2 0 -2 2 -4 1 -3 -3 0 1 -2 -6 -5 -5 -5 -9 ],2025-05-07_20-02-48-634
CSI_DATA,PASSIVE,5C:E9:31:E8:F4:66,-79,11,0,0,0,0,0,0,0,0,0,-96,0,11,0,1988698931,0,124,0,0,1988.9,128,[124 -64 7 0 -13 9 -15 -5 -15 0 -13 4 -17 -2 -15 -2 -17 3 -26 1 -21 5 -17 -5 -33 2 -16 -2 -15 -14 -21 1 -21 -10 -26 0 -15 -3 -8 -1 -15 -3 -18 -5 -15 -6 -1 4 -8 -8 -1 2 7 5 0 0 0 0 0 0 0 0 0 0 0 0 0 0 0 0 0 0 0 0 0 0 15 -27 15 -25 17 -20 22 -26 20 -25 16 -24 17 -13 24 -15 15 -11 17 -5 6 -10 17 -25 3 -8 7 11 14 -9 19 -11 4 -2 -5 6 3 4 2 -1 -2 12 9 9 -2 8 8 8 -10 0 -6 1 ],2025-05-07_20-02-48-639
CSI_DATA,PASSIVE,5C:E9:31:E8:F4:66,-79,11,0,0,0,0,0,0,0,0,0,-96,0,11,0,1988699140,0,124,0,0,1988.91,128,[124 -64 7 0 1 12 -1 10 4 18 0 16 2 18 -8 19 -11 20 1 31 1 20 4 17 -11 16 -6 34 -8 18 -9 28 -7 14 -14 14 -7 20 -13 11 -8 9 -10 15 -9 -2 -10 1 -4 13 0 -3 -8 -6 0 0 0 0 0 0 0 0 0 0 0 0 0 0 0 0 0 0 0 0 0 0 -17 -31 -18 -26 -19 -28 -13 -26 -14 -23 -12 -19 -12 -28 -6 -32 -4 -23 -3 -17 5 -20 -4 -13 -13 -14 -19 -5 -7 -19 -1 -7 -11 -2 -11 -11 -12 13 -10 -4 8 -9 -1 -11 -12 0 3 -2 7 14 4 -1 ],2025-05-07_20-02-48-644
CSI_DATA,PASSIVE,A2:D8:C6:11:D7:95,-35,11,0,0,0,0,0,0,0,0,0,-96,0,11,0,1988766024,0,30,0,0,1988.93,128,[30 -32 1 0 -20 -16 -19 -16 -19 -16 -19 -15 -19 -15 -19 -15 -18 -14 -19 -14 -19 -14 -19 -14 -19 -14 -19 -14 -19 -14 -18 -13 -16 -12 -16 -12 -14 -11 -12 -11 -12 -10 -12 -10 -11 -10 -11 -10 -10 -10 -9 -10 -9 -10 0 0 0 0 0 0 0 0 0 0 0 0 0 0 0 0 0 0 0 0 0 0 -11 -7 -11 -7 -11 -8 -11 -9 -11 -9 -12 -9 -12 -9 -12 -10 -13 -11 -14 -13 -15 -14 -16 -16 -16 -16 -16 -17 -16 -16 -17 -17 -17 -16 -17 -16 -17 -16 -17 -16 -17 -16 -18 -16 -18 -16 -18 -16 -19 -16 -18 -16 ],2025-05-07_20-02-48-670
CSI_DATA,PASSIVE,5C:E9:31:E8:E9:4E,-84,11,0,0,0,0,0,0,0,0,0,-96,0,11,0,1988779276,0,100,0,0,1988.95,128,[100 64 6 0 1 10 -6 6 1 6 -13 3 -19 5 -11 -3 -15 -3 -17 -4 -17 4 -19 -1 -21 -2 -27 -2 -27 -7 -28 -3 -29 -5 -23 -13 -24 -17 -24 -15 -18 -13 -11 -12 -10 -20 -8 -14 -8 -15 3 -15 -2 -19 0 0 0 0 0 0 0 0 0 0 0 0 0 0 0 0 0 0 0 0 0 0 -12 0 -14 -4 -15 5 -11 1 -7 10 -8 10 -16 14 -20 16 -14 11 -12 19 -19 26 -16 18 -14 24 -8 30 -9 26 -3 29 5 30 1 28 1 27 7 34 3 23 8 29 4 17 10 15 6 19 2 14 ],2025-05-07_20-02-48-683
CSI_DATA,PASSIVE,A2:D8:C6:11:D7:95,-35,11,0,0,0,0,0,0,0,0,0,-96,0,11,0,1988792470,0,30,0,0,1988.96,128,[30 -32 1 0 16 -25 15 -25 15 -24 14 -24 14 -24 13 -25 13 -24 13 -24 12 -25 12 -25 11 -25 12 -24 11 -24 11 -23 11 -21 10 -20 9 -18 9 -17 8 -16 9 -15 8 -15 8 -14 9 -14 9 -13 8 -12 0 0 0 0 0 0 0 0 0 0 0 0 0 0 0 0 0 0 0 0 0 0 7 -14 7 -14 8 -15 8 -15 8 -14 9 -15 10 -15 10 -15 11 -16 13 -18 15 -19 16 -20 16 -21 17 -21 16 -21 17 -22 16 -21 16 -22 16 -23 16 -23 15 -22 15 -24 15 -23 16 -24 16 -25 15 -24 ],2025-05-07_20-02-48-696
CSI_DATA,PASSIVE,5C:E9:31:E8:F4:66,-78,11,0,0,0,0,0,0,0,0,0,-96,0,11,0,1988799488,0,94,0,0,1988.97,128,[94 -32 5 0 0 -16 13 -22 3 -8 -4 -20 -2 -4 -7 -18 -1 -20 7 -28 7 -25 -3 -28 -9 -22 -10 -39 -14 -28 -13 -22 -11 -22 -11 -25 -13 -17 -10 -19 -4 -18 -4 -16 1 -8 0 -5 4 -7 7 -3 8 1 0 0 0 0 0 0 0 0 0 0 0 0 0 0 0 0 0 0 0 0 0 0 -19 19 -22 14 -19 18 -18 21 -16 22 -16 24 -18 22 -18 20 -16 19 -19 20 -16 18 -13 16 -11 14 -15 14 -11 14 -10 2 -16 0 -7 4 -6 4 -6 -6 0 -4 -8 1 -8 -3 3 11 -6 1 -4 -3 ],2025-05-07_20-02-48-703
CSI_DATA,PASSIVE,5C:E9:31:E8:E9:4E,-83,11,0,0,0,0,0,0,0,0,0,-96,0,11,0,1988804649,0,181,0,0,1988.97,128,[-75 80 11 0 -10 2 -10 4 -7 -17 4 -6 4 -9 7 -3 3 -10 5 -10 3 -21 3 -24 13 -18 3 -21 11 -13 15 -19 17 -18 13 -15 17 -15 17 -10 17 -16 17 -6 11 -6 13 1 12 2 16 2 14 6 0 0 0 0 0 0 0 0 0 0 0 0 0 0 0 0 0 0 0 0 0 0 2 -12 2 -11 1 -11 -4 -13 -9 -13 -9 -6 -9 -12 -15 -6 -14 -10 -12 -4 -20 -11 -18 -9 -21 -5 -16 -7 -27 -4 -27 -4 -37 2 -16 3 -21 0 -25 11 -25 2 -25 7 -19 3 -12 5 -14 2 -26 2 ],2025-05-07_20-02-48-709
CSI_DATA,PASSIVE,A2:D8:C6:11:D7:95,-33,11,0,0,0,0,0,0,0,0,0,-96,0,11,0,1988807290,0,30,0,0,1988.98,128,[30 -32 1 0 -22 18 -21 19 -19 18 -20 18 -19 19 -19 19 -18 19 -19 20 -19 19 -18 19 -18 20 -18 21 -18 21 -17 19 -17 18 -15 17 -15 15 -14 14 -14 12 -13 12 -13 12 -13 11 -13 11 -13 10 -13 9 0 0 0 0 0 0 0 0 0 0 0 0 0 0 0 0 0 0 0 0 0 0 -10 9 -10 9 -11 9 -11 9 -11 9 -12 9 -13 10 -13 10 -15 10 -16 11 -18 12 -19 13 -20 13 -21 13 -20 13 -21 14 -20 14 -20 14 -20 15 -20 15 -20 16 -20 17 -20 17 -20 17 -21 18 -19 18 ],2025-05-07_20-02-48-715
CSI_DATA,PASSIVE,5C:E9:31:E8:E9:4E,-83,11,0,0,0,0,0,0,0,0,0,-96,0,11,0,1988840870,0,734,0,0,1989.01,128,[-34 -30 45 0 -3 0 -9 -10 -15 -6 -11 -1 -1 -6 -7 -14 -2 -12 -6 -14 -3 -18 0 -21 -6 -19 -5 -28 -1 -30 -3 -20 6 -27 5 -25 5 -24 7 -19 11 -20 8 -15 8 -13 11 -9 9 -4 14 -6 14 -3 0 0 0 0 0 0 0 0 0 0 0 0 0 0 0 0 0 0 0 0 0 0 5 -5 -1 -8 -3 -11 -4 -9 -3 -9 -9 -15 -10 -9 -15 -11 -16 -13 -19 -8 -14 -14 -13 -3 -17 -6 -21 -3 -25 2 -26 1 -21 -1 -22 6 -26 3 -26 8 -22 7 -21 11 -22 2 -7 11 -21 10 -18 8 ],2025-05-07_20-02-48-745
CSI_DATA,PASSIVE,A2:D8:C6:11:D7:95,-35,11,0,0,0,0,0,0,0,0,0,-96,0,11,0,1988881468,0,30,0,0,1989.05,128,[30 -32 1 0 20 -22 20 -23 20 -22 19 -22 19 -22 19 -22 18 -22 18 -23 18 -23 17 -23 16 -23 17 -23 17 -23 15 -21 15 -20 14 -18 14 -17 13 -15 12 -14 12 -13 12 -13 11 -12 11 -12 12 -12 11 -11 0 0 0 0 0 0 0 0 0 0 0 0 0 0 0 0 0 0 0 0 0 0 9 -13 9 -13 10 -13 10 -14 11 -13 12 -14 12 -14 13 -14 14 -15 16 -16 18 -17 19 -19 20 -19 21 -19 20 -19 20 -20 20 -20 20 -20 21 -21 20 -21 20 -21 20 -21 20 -21 21 -23 21 -23 20 -22 ],2025-05-07_20-02-48-785
CSI_DATA,PASSIVE,5C:E9:31:E8:E9:4E,-84,11,0,0,0,0,0,0,0,0,0,-96,0,11,0,1988888378,0,276,0,0,1989.06,128,[20 65 17 0 1 -9 -2 -4 -6 -7 0 -6 3 -8 14 -13 13 -7 9 -8 15 -14 19 -19 19 -8 18 -11 21 -9 26 -10 25 -12 27 -3 25 -8 24 -4 20 -4 22 0 22 6 20 7 13 12 12 7 7 7 0 0 0 0 0 0 0 0 0 0 0 0 0 0 0 0 0 0 0 0 0 0 11 -3 9 -6 10 -4 10 -13 7 -7 9 -13 2 -10 6 -22 6 -22 -4 -18 6 -20 0 -21 -11 -25 -3 -24 -10 -24 -18 -20 -19 -18 -16 -19 -17 -15 -23 -24 -20 -16 -18 -13 -22 -10 -16 -7 -17 -13 -14 -6 ],2025-05-07_20-02-48-792
CSI_DATA,PASSIVE,5C:E9:31:E8:F4:66,-80,11,0,0,0,0,0,0,0,0,0,-96,0,11,0,1988902376,0,734,0,0,1989.07,128,[-34 -30 45 0 10 8 10 12 12 3 12 6 17 8 24 2 19 7 25 2 26 4 30 3 32 3 29 2 29 0 27 -4 25 -3 25 -1 23 -3 18 1 17 5 14 2 9 4 8 7 4 5 0 7 -6 9 0 0 0 0 0 0 0 0 0 0 0 0 0 0 0 0 0 0 0 0 0 0 -26 6 -31 10 -27 7 -29 7 -35 7 -29 6 -32 10 -31 9 -27 8 -27 6 -24 2 -19 2 -21 4 -20 -4 -15 -2 -17 -3 -9 -4 -15 3 -16 1 -1 -2 -9 -3 -2 2 -2 0 -4 -4 0 3 4 0 ],2025-05-07_20-02-48-806
CSI_DATA,PASSIVE,5C:E9:31:E8:F4:66,-79,11,0,0,0,0,0,0,0,0,0,-96,0,11,0,1988903397,0,158,0,0,1989.08,128,[-98 -32 9 0 -4 11 0 9 -4 12 -5 16 -4 17 -1 18 -1 21 4 24 1 25 0 24 9 28 6 24 1 24 7 22 8 23 5 25 4 18 5 14 2 12 1 10 -4 11 -5 8 -6 3 -7 -1 -9 0 0 0 0 0 0 0 0 0 0 0 0 0 0 0 0 0 0 0 0 0 0 0 -11 -23 -13 -25 -16 -24 -11 -24 -14 -23 -11 -21 -15 -26 -12 -25 -10 -23 -8 -21 -8 -19 -7 -19 -5 -20 -5 -18 -3 -15 -3 -12 -4 -10 1 -10 -4 -8 -4 -7 -2 -4 -2 -7 -2 0 -6 -1 -3 1 -4 5 ],2025-05-07_20-02-48-812
CSI_DATA,PASSIVE,5C:E9:31:E8:F4:66,-80,11,0,0,0,0,0,0,0,0,0,-96,0,11,0,1988903650,0,158,0,0,1989.08,128,[-98 -32 9 0 10 4 10 3 19 -3 14 -3 19 -3 23 -6 22 -3 25 -8 25 -11 29 -10 24 -9 24 -9 24 -12 26 -12 23 -16 21 -10 18 -12 18 -9 17 -10 11 -5 10 1 8 7 8 2 2 6 -4 13 0 0 0 0 0 0 0 0 0 0 0 0 0 0 0 0 0 0 0 0 0 0 -25 8 -25 7 -29 13 -29 8 -31 11 -27 11 -30 9 -28 15 -29 9 -28 6 -25 7 -25 8 -23 2 -17 3 -15 2 -14 -2 -4 -6 -12 6 -4 1 -10 3 -2 0 -10 -1 -2 3 1 2 -4 -1 2 4 ],2025-05-07_20-02-48-817
CSI_DATA,PASSIVE,5C:E9:31:E8:F4:66,-79,11,0,0,0,0,0,0,0,0,0,-96,0,11,0,1988903903,0,94,0,0,1989.09,128,[94 -32 5 0 3 -11 -2 -16 -2 -13 -1 -17 3 -24 -3 -23 -3 -28 -5 -29 -10 -25 -8 -25 -12 -22 -6 -20 2 -15 5 -19 13 -15 15 -18 22 -21 13 -16 15 -19 12 -16 7 -14 5 -12 0 -2 0 5 -7 9 0 0 0 0 0 0 0 0 0 0 0 0 0 0 0 0 0 0 0 0 0 0 6 -23 7 -24 15 -16 20 -16 21 -27 25 -27 21 -23 18 -23 11 -23 15 -11 12 -6 14 -2 20 9 22 5 25 10 18 -4 21 -6 11 -7 3 -5 0 -6 -3 -5 -5 4 -1 4 2 7 1 2 -3 1 ],2025-05-07_20-02-48-823
CSI_DATA,PASSIVE,5C:E9:31:E8:F4:66,-80,11,0,0,0,0,0,0,0,0,0,-96,0,11,0,1988904072,0,94,0,0,1989.09,128,[94 -32 5 0 19 -1 14 -6 15 -4 19 -8 17 -9 27 -7 23 -15 26 -11 21 -16 25 -24 18 -21 21 -26 20 -28 18 -24 18 -23 18 -24 16 -18 14 -21 12 -16 17 -8 13 -5 11 3 8 4 9 4 5 10 0 0 0 0 0 0 0 0 0 0 0 0 0 0 0 0 0 0 0 0 0 0 -26 13 -30 14 -29 8 -37 14 -37 16 -36 9 -36 18 -26 10 -27 9 -28 7 -25 10 -25 12 -23 5 -20 12 -18 5 -17 -1 -14 1 -11 5 -6 -2 -3 0 -3 3 -2 10 -5 9 -1 -2 1 -3 0 7 ],2025-05-07_20-02-48-828
CSI_DATA,PASSIVE,5C:E9:31:E8:F4:66,-79,11,0,0,0,0,0,0,0,0,0,-96,0,11,0,1988904241,0,205,0,0,1989.1,128,[-51 -48 12 0 2 4 -5 11 -5 10 1 12 3 11 7 14 7 18 14 14 14 17 8 29 6 29 16 21 7 22 15 14 10 23 8 22 19 20 15 14 -8 13 2 12 -7 10 -6 11 3 7 -12 2 -4 5 0 0 0 0 0 0 0 0 0 0 0 0 0 0 0 0 0 0 0 0 0 0 -4 -22 -3 -26 -10 -23 -2 -27 -6 -22 -12 -26 -3 -28 -11 -23 -4 -25 -6 -17 -7 -23 -2 -20 -2 -11 -5 -24 -5 -9 -9 -16 9 -7 7 -1 -16 -12 -3 1 -6 -6 2 -8 -14 8 -1 1 0 -7 1 2 ],2025-05-07_20-02-48-833
CSI_DATA,PASSIVE,5C:E9:31:E8:F4:66,-79,11,0,0,0,0,0,0,0,0,0,-96,0,11,0,1988904558,0,335,0,0,1989.1,128,[79 -15 20 0 -11 15 -4 16 -8 11 -8 16 -2 21 -4 25 0 23 1 28 -1 25 4 29 -1 30 9 30 4 30 11 32 5 26 4 27 1 27 1 21 0 19 -2 16 -8 12 -5 7 -9 4 -10 -1 -12 -5 0 0 0 0 0 0 0 0 0 0 0 0 0 0 0 0 0 0 0 0 0 0 -8 -30 -9 -33 -10 -34 -9 -31 -10 -33 -10 -33 -12 -36 -10 -33 -8 -33 -5 -31 -8 -23 -4 -24 -3 -23 -4 -20 -2 -14 -3 -14 0 -15 2 -9 -2 -5 2 -8 -3 -4 -3 -8 -1 -2 -5 0 -7 3 -6 4 ],2025-05-07_20-02-48-839
CSI_DATA,PASSIVE,5C:E9:31:E8:F4:66,-80,11,0,0,0,0,0,0,0,0,0,-96,0,11,0,1988905047,0,355,0,0,1989.11,128,[99 49 22 0 15 -1 16 0 21 2 24 -6 23 -1 22 -7 26 -12 28 -11 26 -15 28 -12 26 -14 25 -19 27 -19 31 -19 27 -17 24 -18 20 -12 18 -11 19 -9 12 -8 9 -2 8 6 9 6 7 10 2 14 0 0 0 0 0 0 0 0 0 0 0 0 0 0 0 0 0 0 0 0 0 0 -27 19 -27 22 -26 20 -29 19 -30 17 -29 21 -29 22 -27 18 -29 16 -25 13 -29 17 -20 15 -18 7 -24 6 -17 7 -17 5 -14 1 -12 2 -10 -1 -8 4 -5 4 -4 1 -2 2 1 0 5 4 3 -2 ],2025-05-07_20-02-48-845
CSI_DATA,PASSIVE,5C:E9:31:E8:F4:66,-80,11,0,0,0,0,0,0,0,0,0,-96,0,11,0,1988905564,0,120,0,0,1989.11,128,[120 -128 7 0 -6 -10 -1 -16 -9 -20 0 -15 -4 -22 -14 -25 -6 -24 -11 -20 -18 -23 -16 -19 -16 -21 -19 -25 -18 -24 -21 -21 -19 -21 -13 -19 -13 -14 -14 -16 -8 -17 -3 -13 0 -13 -5 -10 7 -5 6 -7 8 -5 0 0 0 0 0 0 0 0 0 0 0 0 0 0 0 0 0 0 0 0 0 0 18 22 22 22 20 22 19 21 21 26 20 21 22 21 16 24 15 23 16 19 7 18 14 26 14 23 4 13 2 14 10 7 5 10 3 9 1 9 1 7 7 4 3 5 -1 2 -1 2 0 0 0 -9 ],2025-05-07_20-02-48-850
CSI_DATA,PASSIVE,5C:E9:31:E8:F4:66,-79,11,0,0,0,0,0,0,0,0,0,-96,0,11,0,1988905765,0,140,0,0,1989.12,128,[-116 -64 8 0 -9 -9 -13 -10 -15 -11 -21 -13 -23 -11 -20 -7 -24 -5 -23 -8 -30 -9 -31 -7 -29 -5 -28 -4 -23 -1 -29 3 -30 -2 -29 1 -20 -2 -18 3 -17 -3 -13 -5 -11 -6 -3 -8 -5 -10 4 -9 7 -12 0 0 0 0 0 0 0 0 0 0 0 0 0 0 0 0 0 0 0 0 0 0 26 10 27 10 27 9 29 8 33 10 26 16 32 6 27 11 26 8 22 9 24 8 20 9 20 7 14 8 11 8 12 4 12 5 7 6 2 3 5 5 8 5 4 3 3 4 2 2 -4 -3 -4 -3 ],2025-05-07_20-02-48-855
CSI_DATA,PASSIVE,5C:E9:31:E8:E9:4E,-84,11,0,0,0,0,0,0,0,0,0,-96,0,11,0,1988984772,0,158,0,0,1989.15,128,[-98 -32 9 0 -18 0 -7 -8 -13 -10 4 -8 -3 -5 -2 -22 -2 -26 -6 -22 0 -29 -1 -29 1 -28 2 -29 3 -42 6 -34 7 -29 10 -30 9 -28 21 -28 13 -32 16 -22 13 -18 20 -20 16 -12 10 -7 20 -1 0 0 0 0 0 0 0 0 0 0 0 0 0 0 0 0 0 0 0 0 0 0 10 -14 5 -11 7 -10 -1 -20 -2 -16 -4 -14 -9 -9 -15 -15 -9 -11 -15 -18 -17 -2 -30 -12 -26 -13 -27 -14 -35 -3 -34 2 -33 0 -31 7 -26 6 -35 9 -22 5 -34 4 -33 9 -19 6 -20 8 -18 12 ],2025-05-07_20-02-48-889
CSI_DATA,PASSIVE,A2:D8:C6:11:D7:95,-35,11,0,0,0,0,0,0,0,0,0,-96,0,11,0,1988994730,0,30,0,0,1989.16,128,[30 -32 1 0 -19 -25 -19 -24 -18 -23 -18 -23 -18 -22 -19 -22 -19 -21 -19 -21 -19 -22 -19 -21 -19 -21 -19 -21 -19 -20 -18 -19 -16 -18 -16 -17 -14 -16 -12 -15 -12 -15 -11 -15 -11 -14 -10 -14 -10 -14 -9 -14 -8 -13 0 0 0 0 0 0 0 0 0 0 0 0 0 0 0 0 0 0 0 0 0 0 -11 -12 -11 -12 -11 -13 -11 -13 -11 -14 -11 -14 -11 -15 -11 -15 -12 -17 -13 -19 -13 -21 -14 -22 -14 -23 -15 -24 -14 -24 -15 -24 -15 -23 -15 -24 -16 -23 -16 -24 -16 -22 -17 -24 -17 -23 -17 -24 -18 -24 -17 -23 ],2025-05-07_20-02-48-899
CSI_DATA,PASSIVE,5C:E9:31:E8:F4:66,-80,11,0,0,0,0,0,0,0,0,0,-96,0,11,0,1989004853,0,194,0,0,1989.17,128,[-62 32 12 0 13 -9 11 -12 10 -10 19 -13 23 -12 7 -11 12 -15 13 -9 20 -9 7 -13 11 -11 23 -23 12 -22 13 -12 14 -24 24 -18 15 -16 19 -8 16 -12 21 -9 2 1 5 -4 15 2 4 1 9 11 0 0 0 0 0 0 0 0 0 0 0 0 0 0 0 0 0 0 0 0 0 0 -14 19 -23 16 -15 20 -18 24 -19 19 -18 23 -23 15 -20 23 -22 21 -22 21 -19 27 -11 24 -14 18 0 17 -10 10 -13 21 -17 17 -12 12 -7 11 2 17 -8 -3 2 -6 -1 -6 0 -3 8 -11 3 -7 ],2025-05-07_20-02-48-909
CSI_DATA,PASSIVE,5C:E9:31:E8:F4:66,-77,11,0,0,0,0,0,0,0,0,0,-96,0,11,0,1989005154,0,94,0,0,1989.18,128,[94 -32 5 0 13 0 16 -1 19 4 18 4 14 5 27 2 16 -2 12 5 21 2 25 -4 33 13 24 -8 24 1 24 10 22 -2 28 -7 17 7 5 0 17 7 15 6 5 5 0 4 1 5 -2 2 -12 14 0 0 0 0 0 0 0 0 0 0 0 0 0 0 0 0 0 0 0 0 0 0 -32 5 -25 12 -20 8 -23 4 -25 8 -25 4 -31 11 -22 12 -28 9 -31 1 -28 7 -18 7 -15 3 -18 11 -11 8 -15 3 -5 -6 -1 -3 -13 8 -14 7 1 -8 -8 8 1 3 9 5 3 -5 11 11 ],2025-05-07_20-02-48-913
CSI_DATA,PASSIVE,5C:E9:31:E8:F4:66,-77,11,0,0,0,0,0,0,0,0,0,-96,0,11,0,1989005323,0,217,0,0,1989.18,128,[-39 -112 13 0 5 11 -3 16 11 15 16 16 5 28 2 22 7 36 18 24 29 17 8 11 4 19 14 21 28 22 14 28 8 19 14 9 -8 20 4 17 -2 14 14 13 -2 19 -7 15 -6 5 -9 -3 -11 3 0 0 0 0 0 0 0 0 0 0 0 0 0 0 0 0 0 0 0 0 0 0 -25 -8 -28 -14 -26 -10 -27 -18 -29 -17 -21 -7 -28 -17 -24 -16 -22 -13 -21 -7 -29 -11 -16 -17 -16 -13 -7 -6 3 -18 -22 -7 -4 -5 0 4 16 -11 -7 10 -11 8 -6 5 0 13 -9 -4 -1 13 0 -2 ],2025-05-07_20-02-48-920
CSI_DATA,PASSIVE,5C:E9:31:E8:F4:66,-76,11,0,0,0,0,0,0,0,0,0,-96,0,11,0,1989005656,0,384,0,0,1989.19,128,[-128 1 24 0 -3 8 0 20 5 7 8 19 6 9 11 19 -1 26 10 16 13 23 1 15 -3 27 19 18 20 21 17 17 15 12 9 26 5 26 13 13 2 5 2 20 -2 12 -3 13 -6 5 -11 3 -6 5 0 0 0 0 0 0 0 0 0 0 0 0 0 0 0 0 0 0 0 0 0 0 -11 -20 -18 -14 -18 -18 -14 -27 -20 -26 -10 -25 -12 -21 -18 -21 -16 -29 -17 -17 -21 -13 -12 -17 -10 -5 -11 -25 -3 -4 -3 -7 -14 -6 -12 2 -20 -8 -4 -9 -5 1 -5 10 -6 -6 -8 -5 0 8 0 3 ],2025-05-07_20-02-48-925
CSI_DATA,PASSIVE,5C:E9:31:E8:F4:66,-78,11,0,0,0,0,0,0,0,0,0,-96,0,11,0,1989006209,0,158,0,0,1989.19,128,[-98 -32 9 0 14 -2 18 -4 17 -8 18 -6 18 -10 22 -8 23 -9 17 -12 23 -16 19 -16 20 -14 26 -18 21 -14 27 -18 25 -13 24 -13 19 -15 20 -6 18 -3 14 -3 13 -3 13 0 6 5 6 7 5 10 0 0 0 0 0 0 0 0 0 0 0 0 0 0 0 0 0 0 0 0 0 0 -20 23 -21 22 -20 23 -23 21 -23 23 -22 24 -22 25 -24 19 -23 25 -22 22 -18 21 -19 18 -15 14 -20 15 -12 12 -14 12 -11 10 -8 15 -7 9 -5 3 0 3 -2 2 2 -1 -1 4 5 8 13 -2 ],2025-05-07_20-02-48-931
CSI_DATA,PASSIVE,5C:E9:31:E8:F4:66,-78,11,0,0,0,0,0,0,0,0,0,-96,0,11,0,1989006462,0,94,0,0,1989.2,128,[94 -32 5 0 4 -12 7 -17 1 -16 4 -21 3 -19 2 -23 5 -25 4 -22 2 -26 -3 -28 -1 -30 -1 -30 -2 -31 0 -30 0 -28 3 -27 3 -24 6 -22 4 -21 6 -16 6 -17 4 -8 5 -7 9 -3 10 -1 0 0 0 0 0 0 0 0 0 0 0 0 0 0 0 0 0 0 0 0 0 0 0 27 0 30 -3 28 0 32 -1 31 1 30 2 32 2 29 1 29 -3 29 1 29 0 26 3 20 0 17 -2 17 0 12 2 13 1 13 -1 4 6 5 7 1 3 4 2 -3 5 -2 1 -6 2 -8 ],2025-05-07_20-02-48-936
CSI_DATA,PASSIVE,5C:E9:31:E8:F4:66,-78,11,0,0,0,0,0,0,0,0,0,-96,0,11,0,1989006631,0,330,0,0,1989.2,128,[74 -95 20 0 16 2 17 -1 15 1 14 -1 21 -8 24 1 22 -8 21 -7 24 -7 26 -9 22 -9 27 -12 25 -12 29 -13 26 -10 24 -7 24 -6 22 -7 19 -4 16 -2 12 -2 12 5 12 1 4 7 4 11 0 0 0 0 0 0 0 0 0 0 0 0 0 0 0 0 0 0 0 0 0 0 -30 10 -29 11 -32 12 -28 12 -31 11 -30 15 -34 9 -28 12 -30 13 -29 10 -26 12 -23 6 -23 8 -19 7 -16 9 -16 5 -11 5 -11 8 -4 2 -4 4 -5 0 -2 7 1 6 -2 0 5 4 9 6 ],2025-05-07_20-02-48-941
CSI_DATA,PASSIVE,5C:E9:31:E8:F4:66,-78,11,0,0,0,0,0,0,0,0,0,-96,0,11,0,1989007112,0,350,0,0,1989.21,128,[94 -31 21 0 0 -11 -5 -16 -6 -18 -1 -18 -4 -26 -6 -26 -8 -21 -7 -24 -8 -21 -11 -26 -11 -26 -2 -27 -14 -29 -7 -29 -7 -28 -6 -23 -3 -27 -5 -19 -5 -21 -1 -15 2 -14 5 -9 5 -11 7 -3 9 -5 0 0 0 0 0 0 0 0 0 0 0 0 0 0 0 0 0 0 0 0 0 0 6 28 6 27 10 25 10 33 10 29 15 34 12 29 12 29 7 28 13 30 11 27 5 24 9 19 8 15 7 20 8 9 7 11 5 10 10 5 3 -1 7 -3 -1 -2 -1 -4 5 -7 -1 -10 5 -14 ],2025-05-07_20-02-48-946
CSI_DATA,PASSIVE,A2:D8:C6:11:D7:95,-35,11,0,0,0,0,0,0,0,0,0,-96,0,11,0,1989022523,0,30,0,0,1989.21,128,[30 -32 1 0 -24 9 -23 9 -22 9 -22 9 -22 10 -21 10 -21 10 -21 11 -21 10 -20 10 -20 10 -21 10 -20 10 -19 10 -19 9 -17 8 -16 7 -15 6 -14 6 -14 5 -13 5 -13 5 -13 4 -13 3 -13 3 0 0 0 0 0 0 0 0 0 0 0 0 0 0 0 0 0 0 0 0 0 0 -12 6 -12 6 -13 6 -13 6 -13 6 -14 6 -14 6 -14 5 -16 6 -18 6 -20 6 -21 6 -22 7 -22 6 -21 6 -23 7 -22 7 -22 7 -22 7 -22 8 -22 8 -22 9 -22 8 -23 9 -23 9 -22 9 ],2025-05-07_20-02-48-951
CSI_DATA,PASSIVE,A2:D8:C6:11:D7:95,-35,11,0,0,0,0,0,0,0,0,0,-96,0,11,0,1989037523,0,30,0,0,1989.22,128,[30 -32 1 0 27 12 28 11 26 10 27 10 27 10 27 9 27 9 27 9 26 8 26 8 26 7 26 8 26 8 25 8 23 8 22 7 20 7 17 7 16 7 16 7 15 7 14 7 15 7 14 7 13 7 0 0 0 0 0 0 0 0 0 0 0 0 0 0 0 0 0 0 0 0 0 0 16 3 15 4 16 4 16 5 16 5 17 6 17 6 17 7 19 8 20 9 22 10 24 11 24 12 25 12 24 12 25 13 25 12 25 12 26 12 26 12 26 11 26 11 26 11 27 11 28 11 27 11 ],2025-05-07_20-02-48-957
CSI_DATA,PASSIVE,5C:E9:31:E8:E9:4E,-83,11,0,0,0,0,0,0,0,0,0,-96,0,11,0,1989052802,0,98,0,0,1989.23,128,[98 32 6 0 7 3 -10 8 -7 -7 -8 -6 -9 -3 -11 -1 -17 -3 -21 -10 -29 -13 -24 -4 -28 -17 -32 -6 -24 -9 -18 -14 -27 -15 -27 -20 -20 -23 -18 -11 -2 -18 -10 -15 -10 -16 -12 -10 0 -23 6 -14 -3 -22 0 0 0 0 0 0 0 0 0 0 0 0 0 0 0 0 0 0 0 0 0 0 -6 -6 -18 -6 -10 3 -9 1 -14 15 -13 15 -2 5 -21 7 -6 17 -4 8 -8 16 0 13 8 24 -6 21 -2 22 3 28 -7 22 1 19 0 27 6 34 5 26 -1 26 1 15 0 16 2 20 2 13 ],2025-05-07_20-02-48-962
CSI_DATA,PASSIVE,A2:D8:C6:11:D7:95,-35,11,0,0,0,0,0,0,0,0,0,-96,0,11,0,1989086326,0,30,0,0,1989.25,128,[30 -32 1 0 -9 29 -8 28 -7 28 -7 28 -6 28 -6 28 -5 27 -6 27 -5 27 -5 27 -5 27 -5 27 -6 27 -5 26 -5 23 -5 22 -5 20 -5 18 -5 17 -5 16 -5 16 -5 15 -6 15 -6 14 -6 14 0 0 0 0 0 0 0 0 0 0 0 0 0 0 0 0 0 0 0 0 0 0 -2 15 -2 15 -3 16 -3 16 -3 16 -4 17 -5 17 -5 17 -5 19 -7 21 -8 23 -9 24 -9 25 -10 26 -9 25 -10 26 -8 25 -9 26 -9 26 -9 27 -8 26 -7 27 -8 27 -8 28 -8 29 -7 28 ],2025-05-07_20-02-48-990
CSI_DATA,PASSIVE,5C:E9:31:E8:F4:66,-78,11,0,0,0,0,0,0,0,0,0,-96,0,11,0,1989106314,0,394,0,0,1989.27,128,[-118 -95 24 0 -9 8 -8 11 -5 20 0 17 1 20 -9 7 -3 15 -1 18 -9 25 -6 20 -2 31 -3 29 -2 28 -5 26 -2 26 -5 23 -2 20 -6 18 -4 20 -8 13 -6 11 -7 6 -8 5 -8 -1 -9 -1 0 0 0 0 0 0 0 0 0 0 0 0 0 0 0 0 0 0 0 0 0 0 -2 -25 -1 -25 1 -27 -2 -29 -3 -29 -2 -28 -3 -31 -1 -33 -2 -28 0 -27 -1 -27 -4 -24 -4 -22 0 -23 0 -18 0 -20 -4 -10 -5 -16 -5 -12 -6 -3 1 -11 -3 -5 -2 -1 -6 2 -4 -1 -7 5 ],2025-05-07_20-02-49-11
CSI_DATA,PASSIVE,5C:E9:31:E8:F4:66,-78,11,0,0,0,0,0,0,0,0,0,-96,0,11,0,1989106883,0,158,0,0,1989.28,128,[-98 -32 9 0 7 -1 15 -4 17 -3 20 -7 20 -6 19 -12 21 -12 22 -14 23 -15 23 -18 21 -19 22 -19 22 -17 22 -19 24 -13 20 -15 23 -11 17 -7 15 -12 15 -2 12 -4 9 2 9 2 9 6 5 7 0 0 0 0 0 0 0 0 0 0 0 0 0 0 0 0 0 0 0 0 0 0 -20 18 -25 18 -22 20 -22 22 -25 23 -25 24 -25 22 -24 24 -29 20 -21 21 -25 20 -18 17 -19 18 -20 13 -18 12 -17 12 -8 7 -12 12 -7 7 -4 8 -7 6 2 6 0 4 1 3 7 5 8 0 ],2025-05-07_20-02-49-16
CSI_DATA,PASSIVE,5C:E9:31:E8:F4:66,-78,11,0,0,0,0,0,0,0,0,0,-96,0,11,0,1989107136,0,250,0,0,1989.28,128,[-6 -96 15 0 3 -11 3 -7 -1 -18 10 -17 1 -19 -2 -23 -1 -20 -2 -18 0 -24 -5 -29 0 -27 -5 -30 2 -26 -7 -29 -4 -29 -6 -29 2 -20 1 -20 4 -17 3 -17 3 -17 6 -11 6 -8 8 -5 7 0 0 0 0 0 0 0 0 0 0 0 0 0 0 0 0 0 0 0 0 0 0 0 6 26 8 24 12 32 10 28 5 33 11 32 7 32 7 29 9 32 8 29 4 25 2 28 7 24 6 23 7 19 6 16 9 13 9 15 8 10 4 8 10 4 3 4 4 -1 2 -3 7 -7 10 -6 ],2025-05-07_20-02-49-21
CSI_DATA,PASSIVE,5C:E9:31:E8:F4:66,-78,11,0,0,0,0,0,0,0,0,0,-96,0,11,0,1989107513,0,94,0,0,1989.29,128,[94 -32 5 0 -10 -6 -10 -6 -17 -12 -15 -11 -19 -7 -21 -13 -21 -11 -24 -10 -26 -12 -27 -8 -25 -11 -31 -11 -27 -7 -29 -4 -29 -7 -25 -10 -21 -8 -18 -6 -19 -10 -15 -10 -9 -11 -10 -9 -1 -10 -2 -7 3 -10 0 0 0 0 0 0 0 0 0 0 0 0 0 0 0 0 0 0 0 0 0 0 28 6 25 8 30 0 30 7 30 6 34 7 34 5 32 6 31 6 28 8 30 6 31 4 23 5 27 6 19 -3 21 2 17 3 11 0 9 3 9 -3 4 1 8 -3 3 -5 2 -3 -4 -4 -4 -6 ],2025-05-07_20-02-49-26
CSI_DATA,PASSIVE,5C:E9:31:E8:F4:66,-78,11,0,0,0,0,0,0,0,0,0,-96,0,11,0,1989107682,0,148,0,0,1989.3,128,[-108 64 9 0 7 -11 4 -16 2 -11 1 -19 5 -15 6 -20 9 -20 2 -22 3 -19 3 -21 1 -24 0 -29 6 -26 1 -26 6 -24 4 -21 6 -25 4 -19 5 -16 6 -15 6 -10 4 -11 4 -6 8 0 4 1 0 0 0 0 0 0 0 0 0 0 0 0 0 0 0 0 0 0 0 0 0 0 4 23 5 22 3 22 1 28 1 30 4 29 2 30 0 30 4 26 -1 24 2 22 1 22 1 19 6 21 5 16 6 19 7 12 2 14 3 11 2 9 2 3 1 5 6 -2 3 1 6 -1 6 -4 ],2025-05-07_20-02-49-31
CSI_DATA,PASSIVE,5C:E9:31:E8:F4:66,-78,11,0,0,0,0,0,0,0,0,0,-96,0,11,0,1989107923,0,148,0,0,1989.3,128,[-108 64 9 0 1 11 3 18 4 12 10 15 10 17 16 14 10 18 13 18 15 23 11 17 18 19 22 21 22 19 17 17 20 18 21 21 14 15 5 21 7 16 3 11 0 12 1 14 -2 8 -5 6 -5 2 0 0 0 0 0 0 0 0 0 0 0 0 0 0 0 0 0 0 0 0 0 0 -24 -17 -23 -18 -22 -21 -25 -19 -30 -20 -24 -19 -26 -21 -27 -24 -25 -23 -25 -24 -22 -18 -25 -13 -22 -21 -20 -16 -16 -14 -18 -9 -13 -6 -10 -8 -13 -3 -12 -2 -12 -2 -6 -2 -7 4 -10 4 -6 -1 1 7 ],2025-05-07_20-02-49-38
CSI_DATA,PASSIVE,5C:E9:31:E8:F4:66,-78,11,0,0,0,0,0,0,0,0,0,-96,0,11,0,1989108164,0,80,0,0,1989.31,128,[80 0 5 0 -8 -10 -11 -13 -12 -8 -12 -14 -17 -13 -19 -13 -18 -14 -20 -14 -23 -13 -20 -14 -28 -13 -22 -13 -22 -13 -21 -13 -24 -16 -21 -13 -14 -16 -15 -15 -13 -14 -10 -13 -10 -12 -7 -8 -4 -10 1 -12 4 -6 0 0 0 0 0 0 0 0 0 0 0 0 0 0 0 0 0 0 0 0 0 0 27 7 25 7 31 8 32 7 31 7 30 11 36 11 33 5 32 7 27 10 29 5 26 13 24 9 23 4 19 6 19 0 19 2 12 2 12 -2 10 -2 9 1 7 -2 6 -5 2 -3 -1 -3 -1 -4 ],2025-05-07_20-02-49-43
CSI_DATA,PASSIVE,5C:E9:31:E8:F4:66,-77,11,0,0,0,0,0,0,0,0,0,-96,0,11,0,1989108313,0,128,0,0,1989.31,128,[-128 0 8 0 -7 -5 -10 -10 -15 -7 -17 -7 -15 -7 -18 -10 -20 -11 -24 -7 -18 -5 -24 -4 -23 -10 -26 -9 -24 -8 -25 -5 -25 -6 -18 -8 -17 -10 -17 -9 -15 -9 -12 -8 -10 -7 -9 -9 -6 -8 -3 -6 3 -6 0 0 0 0 0 0 0 0 0 0 0 0 0 0 0 0 0 0 0 0 0 0 25 -1 28 1 27 4 28 3 32 2 28 2 30 2 29 2 28 3 24 3 28 3 26 4 24 3 20 0 15 -1 18 1 17 0 11 -3 10 -1 8 -2 5 -2 4 -5 6 -8 0 -5 -5 -8 -5 -6 ],2025-05-07_20-02-49-48
CSI_DATA,PASSIVE,5C:E9:31:E8:F4:66,-78,11,0,0,0,0,0,0,0,0,0,-96,0,11,0,1989108526,0,250,0,0,1989.32,128,[-6 -96 15 0 9 -9 9 -13 13 -13 12 -16 9 -18 10 -20 9 -22 8 -25 13 -24 11 -27 8 -28 9 -29 8 -28 14 -28 9 -22 11 -25 13 -23 10 -20 15 -18 10 -11 13 -9 7 -6 8 -1 7 0 6 2 0 0 0 0 0 0 0 0 0 0 0 0 0 0 0 0 0 0 0 0 0 0 -2 29 2 24 1 30 -2 30 -2 32 -3 34 -5 33 2 33 -3 35 0 29 -4 32 0 26 0 25 -2 23 -3 22 2 19 0 9 3 14 2 5 2 10 3 6 4 3 5 2 3 2 6 -2 7 -4 ],2025-05-07_20-02-49-53
CSI_DATA,PASSIVE,5C:E9:31:E8:E9:4E,-84,11,0,0,0,0,0,0,0,0,0,-96,0,11,0,1989130630,0,210,0,0,1989.32,128,[-46 32 13 0 -4 7 2 -3 -1 5 -3 6 -10 -1 6 3 -13 1 -9 6 -13 -2 -21 1 -19 7 -17 0 -23 1 -28 2 -26 -8 -21 -5 -20 -9 -22 -12 -16 -9 -18 -10 -4 -6 -10 -5 -4 -15 -5 -16 -5 -15 0 0 0 0 0 0 0 0 0 0 0 0 0 0 0 0 0 0 0 0 0 0 -10 -5 -13 5 -16 -1 0 5 -5 4 -2 11 -7 12 -1 14 -1 12 1 20 -5 11 0 17 12 18 0 13 1 23 6 28 18 12 14 27 6 14 11 14 20 14 10 15 11 11 16 10 9 10 13 3 ],2025-05-07_20-02-49-59
CSI_DATA,PASSIVE,5C:E9:31:E8:E9:4E,-84,11,0,0,0,0,0,0,0,0,0,-96,0,11,0,1989156402,0,108,0,0,1989.33,128,[108 -64 6 0 2 -1 -6 -1 11 -1 0 1 0 5 -9 6 -2 0 -4 13 -7 27 2 30 -17 22 1 11 -7 27 -15 21 -4 21 -11 29 -12 16 -14 22 -16 18 -12 16 -16 11 -16 6 -16 6 -15 3 -14 1 0 0 0 0 0 0 0 0 0 0 0 0 0 0 0 0 0 0 0 0 0 0 -9 5 -14 5 -8 3 -15 7 1 12 2 11 2 6 2 1 9 11 10 17 9 8 17 -1 9 14 8 23 22 5 21 4 19 10 27 8 15 -5 16 12 22 2 13 6 15 11 22 -5 24 -5 5 2 ],2025-05-07_20-02-49-64
CSI_DATA,PASSIVE,A2:D8:C6:11:D7:95,-35,11,0,0,0,0,0,0,0,0,0,-96,0,11,0,1989182915,0,30,0,0,1989.35,128,[30 -32 1 0 -31 8 -29 8 -28 7 -28 8 -28 9 -28 9 -26 9 -27 10 -27 10 -26 9 -26 10 -27 10 -26 10 -24 10 -23 8 -22 8 -20 6 -19 6 -17 5 -17 5 -17 5 -16 4 -16 4 -16 3 -15 3 0 0 0 0 0 0 0 0 0 0 0 0 0 0 0 0 0 0 0 0 0 0 -16 5 -16 5 -17 5 -17 5 -17 5 -18 4 -19 4 -19 4 -21 4 -23 4 -25 4 -27 4 -28 4 -29 4 -28 4 -29 5 -28 5 -28 5 -28 6 -28 6 -28 6 -29 7 -29 7 -29 7 -30 7 -28 7 ],2025-05-07_20-02-49-86
CSI_DATA,PASSIVE,5C:E9:31:E8:F4:66,-76,11,0,0,0,0,0,0,0,0,0,-96,0,11,0,1989208765,0,174,0,0,1989.38,128,[-82 -32 10 0 1 0 12 1 19 -2 18 -10 18 1 18 -3 27 -4 30 3 25 -3 29 7 28 -3 26 -1 27 4 26 -5 25 -5 25 -7 25 -3 18 -2 17 -1 15 0 11 1 7 3 6 4 3 6 2 6 0 0 0 0 0 0 0 0 0 0 0 0 0 0 0 0 0 0 0 0 0 0 -20 -13 -21 -11 -21 -13 -19 -13 -23 -13 -22 -13 -24 -8 -23 -12 -25 -11 -22 -9 -19 -10 -22 -6 -21 -8 -16 -6 -16 -6 -16 -8 -12 -5 -7 -3 -11 -2 -7 -3 0 1 -9 1 2 -2 0 1 3 -5 8 0 ],2025-05-07_20-02-49-112
CSI_DATA,PASSIVE,5C:E9:31:E8:F4:66,-77,11,0,0,0,0,0,0,0,0,0,-96,0,11,0,1989209038,0,194,0,0,1989.38,128,[-62 32 12 0 8 10 14 10 11 16 11 13 15 18 17 21 18 20 20 14 17 25 23 18 15 20 23 25 14 21 18 26 16 29 11 24 9 28 16 13 10 18 10 11 -1 10 -1 8 1 10 -5 1 -10 2 0 0 0 0 0 0 0 0 0 0 0 0 0 0 0 0 0 0 0 0 0 0 -17 -12 -22 -15 -22 -11 -25 -15 -25 -11 -27 -15 -29 -20 -27 -17 -24 -17 -25 -17 -20 -16 -24 -17 -25 -12 -15 -11 -21 -12 -23 -3 -7 -1 -7 8 -15 -6 -10 -6 -12 -2 2 -2 4 -2 -3 -5 7 3 2 3 ],2025-05-07_20-02-49-118
CSI_DATA,PASSIVE,5C:E9:31:E8:F4:66,-78,11,0,0,0,0,0,0,0,0,0,-96,0,11,0,1989209339,0,190,0,0,1989.39,128,[-66 -32 11 0 -9 7 -8 9 -10 15 -12 16 -14 18 -17 20 -14 22 -12 18 -14 26 -18 24 -15 26 -13 30 -13 26 -16 23 -12 21 -11 24 -16 22 -13 20 -15 12 -13 13 -10 10 -12 6 -12 2 -12 -1 -7 -6 0 0 0 0 0 0 0 0 0 0 0 0 0 0 0 0 0 0 0 0 0 0 22 -15 21 -16 21 -16 23 -17 20 -16 22 -17 23 -20 23 -21 23 -23 16 -19 21 -20 17 -13 16 -16 13 -17 12 -13 11 -10 7 -11 7 -13 1 -12 5 0 2 -4 -2 -1 -2 -2 -3 5 -6 0 1 6 ],2025-05-07_20-02-49-124
CSI_DATA,PASSIVE,5C:E9:31:E8:F4:66,-77,11,0,0,0,0,0,0,0,0,0,-96,0,11,0,1989209636,0,210,0,0,1989.39,128,[-46 32 13 0 3 10 8 13 13 13 10 15 13 16 17 17 14 16 19 17 19 17 21 18 21 21 23 17 25 19 20 18 18 18 22 21 16 15 16 16 10 16 10 13 4 10 4 11 0 8 -2 6 -7 7 0 0 0 0 0 0 0 0 0 0 0 0 0 0 0 0 0 0 0 0 0 0 -12 -19 -14 -22 -14 -26 -16 -22 -17 -27 -16 -23 -17 -22 -17 -24 -17 -21 -16 -22 -14 -20 -16 -22 -14 -19 -13 -17 -12 -15 -9 -13 -9 -11 -10 -7 -6 -6 -5 -5 0 -5 -3 2 -4 2 1 1 -1 2 2 3 ],2025-05-07_20-02-49-129
CSI_DATA,PASSIVE,5C:E9:31:E8:F4:66,-77,11,0,0,0,0,0,0,0,0,0,-96,0,11,0,1989209957,0,190,0,0,1989.4,128,[-66 -32 11 0 -11 -8 -16 -9 -15 -9 -18 -9 -21 -10 -20 -11 -22 -10 -23 -8 -22 -12 -29 -8 -30 -8 -28 -11 -30 -11 -30 -7 -27 -7 -25 -9 -23 -10 -21 -7 -18 -9 -15 -9 -14 -9 -10 -11 -4 -9 2 -9 0 -10 0 0 0 0 0 0 0 0 0 0 0 0 0 0 0 0 0 0 0 0 0 0 17 16 18 14 21 16 19 15 21 17 20 13 23 17 21 12 22 16 22 16 21 13 19 12 16 11 15 9 13 8 16 5 8 8 8 6 6 3 8 3 4 -1 5 0 -3 -2 -1 -3 -3 -5 -4 -5 ],2025-05-07_20-02-49-135
CSI_DATA,PASSIVE,5C:E9:31:E8:F4:66,-77,11,0,0,0,0,0,0,0,0,0,-96,0,11,0,1989210254,0,210,0,0,1989.4,128,[-46 32 13 0 -14 7 -17 10 -18 11 -20 13 -18 8 -20 15 -23 15 -25 17 -26 16 -23 22 -25 23 -24 20 -24 18 -29 22 -24 19 -25 19 -22 18 -18 16 -18 13 -20 4 -15 7 -13 2 -11 -1 -8 -5 -7 -6 0 0 0 0 0 0 0 0 0 0 0 0 0 0 0 0 0 0 0 0 0 0 24 -11 25 -11 25 -13 28 -14 27 -14 29 -16 32 -16 27 -15 28 -16 26 -19 24 -16 22 -15 20 -12 20 -9 12 -11 9 -9 10 -8 10 -6 5 -8 5 -4 2 -5 -1 -2 -3 -1 -2 1 -6 -2 -8 0 ],2025-05-07_20-02-49-140
CSI_DATA,PASSIVE,5C:E9:31:E8:F4:66,-78,11,0,0,0,0,0,0,0,0,0,-96,0,11,0,1989210575,0,251,0,0,1989.41,128,[-5 -80 15 0 14 -7 15 -11 16 -10 18 -11 20 -14 23 -18 23 -16 23 -19 22 -20 24 -20 25 -25 26 -25 24 -22 29 -18 25 -16 24 -16 22 -16 21 -17 18 -11 18 -12 15 -6 13 0 10 -1 6 2 7 5 0 0 0 0 0 0 0 0 0 0 0 0 0 0 0 0 0 0 0 0 0 0 -25 6 -27 9 -30 11 -28 9 -32 12 -32 12 -30 10 -28 13 -27 12 -30 10 -28 14 -23 7 -23 11 -21 10 -17 10 -14 8 -12 4 -8 5 -9 4 -8 5 -5 3 -2 -1 0 1 2 -2 3 -1 9 0 ],2025-05-07_20-02-49-146
CSI_DATA,PASSIVE,5C:E9:31:E8:F4:66,-77,11,0,0,0,0,0,0,0,0,0,-96,0,11,0,1989210952,0,94,0,0,1989.41,128,[94 -32 5 0 7 -9 4 -13 7 -16 7 -14 4 -22 12 -24 5 -22 5 -25 5 -28 7 -27 5 -29 5 -29 6 -29 7 -29 5 -29 5 -20 8 -27 8 -21 8 -20 6 -16 9 -11 6 -5 6 -6 6 -4 9 -2 0 0 0 0 0 0 0 0 0 0 0 0 0 0 0 0 0 0 0 0 0 0 -14 20 -17 21 -16 24 -14 21 -12 22 -13 25 -17 25 -13 26 -12 25 -14 24 -10 22 -12 23 -5 17 -8 20 -7 13 -8 8 -5 9 -1 8 -3 5 -1 7 0 1 0 -1 -1 1 0 -4 4 -3 0 -6 ],2025-05-07_20-02-49-151
CSI_DATA,PASSIVE,5C:E9:31:E8:F4:66,-77,11,0,0,0,0,0,0,0,0,0,-96,0,11,0,1989211120,0,94,0,0,1989.42,128,[94 -32 5 0 13 6 15 5 15 7 17 5 20 5 23 4 25 3 22 2 22 0 28 2 28 2 25 -2 30 3 27 2 25 0 25 5 21 -1 20 3 16 5 17 6 11 6 10 5 6 7 1 7 -2 7 0 0 0 0 0 0 0 0 0 0 0 0 0 0 0 0 0 0 0 0 0 0 -22 -15 -20 -17 -22 -18 -23 -19 -23 -18 -25 -16 -25 -17 -24 -17 -22 -12 -21 -8 -20 -12 -22 -12 -19 -7 -18 -10 -18 -8 -18 -9 -11 -9 -8 0 -10 -4 -8 -3 -4 1 -3 -1 2 -3 3 3 0 1 6 3 ],2025-05-07_20-02-49-156
CSI_DATA,PASSIVE,5C:E9:31:E8:F4:66,-78,11,0,0,0,0,0,0,0,0,0,-96,0,11,0,1989211289,0,108,0,0,1989.43,128,[108 -64 6 0 -2 12 -6 14 1 17 -2 19 -4 23 1 24 3 28 1 28 1 30 -1 31 3 31 -3 33 1 33 2 34 3 28 0 30 1 29 -3 28 -4 23 -5 19 -2 14 -4 9 -9 9 -8 5 -6 2 0 0 0 0 0 0 0 0 0 0 0 0 0 0 0 0 0 0 0 0 0 0 12 -28 12 -26 11 -30 10 -28 10 -29 10 -30 11 -31 7 -31 10 -33 7 -29 5 -26 6 -26 5 -23 3 -26 5 -20 1 -15 1 -12 4 -9 1 -8 -1 -6 -1 -4 1 -5 0 -6 -2 4 1 4 -2 6 ],2025-05-07_20-02-49-162
CSI_DATA,PASSIVE,5C:E9:31:E8:E9:4E,-83,11,0,0,0,0,0,0,0,0,0,-96,0,11,0,1989232629,0,158,0,0,1989.43,128,[-98 -32 9 0 4 -1 8 -5 4 1 1 0 -2 4 7 10 6 5 10 14 4 12 5 15 4 16 10 23 2 24 3 23 6 23 0 22 0 28 -1 20 -6 22 -6 18 -9 15 -10 14 -8 13 -11 11 -12 10 0 0 0 0 0 0 0 0 0 0 0 0 0 0 0 0 0 0 0 0 0 0 -3 7 -2 10 3 8 7 4 6 6 10 6 8 4 13 3 17 -1 17 -2 17 -4 19 -1 19 -6 19 -9 20 -3 27 -11 24 -11 17 -10 12 -19 18 -17 17 -16 11 -15 12 -16 10 -13 9 -8 7 -10 ],2025-05-07_20-02-49-167
CSI_DATA,PASSIVE,5C:E9:31:E8:E9:4E,-84,11,0,0,0,0,0,0,0,0,0,-96,0,11,0,1989249422,0,734,0,0,1989.44,128,[-34 -30 45 0 -7 -16 -8 -15 3 5 8 -6 -1 -6 0 -6 10 -13 8 -3 11 -15 14 -22 14 -13 12 -15 16 -4 19 -14 32 -15 18 -13 22 -15 19 -10 21 -3 20 0 22 3 18 3 14 4 13 5 9 6 0 0 0 0 0 0 0 0 0 0 0 0 0 0 0 0 0 0 0 0 0 0 8 -6 3 -13 5 -9 -1 -9 1 -12 -6 -12 -8 -6 -14 -6 -9 -10 -24 -7 -20 -18 -33 -7 -29 -11 -21 -10 -23 9 -30 -17 -33 -17 -21 1 -28 0 -31 -9 -25 7 -24 6 -25 5 -22 6 -21 10 -17 -1 ],2025-05-07_20-02-49-173
CSI_DATA,PASSIVE,5C:E9:31:E8:E9:4E,-82,11,0,0,0,0,0,0,0,0,0,-96,0,11,0,1989255765,0,98,0,0,1989.44,128,[98 32 6 0 -16 3 -7 8 0 10 -16 1 -9 6 -12 -12 -14 -9 -21 0 -22 -13 -29 -20 -17 -21 -25 -10 -29 -13 -34 -14 -36 -16 -26 -20 -20 -24 -24 -15 -24 -24 -12 -30 -14 -19 -4 -17 -4 -18 -9 -17 2 -28 0 0 0 0 0 0 0 0 0 0 0 0 0 0 0 0 0 0 0 0 0 0 -13 -13 -7 -6 -15 -10 -16 -9 -10 0 -10 -5 -26 12 -3 12 -30 -1 -21 19 -45 6 -34 26 -30 5 -15 21 -31 35 -17 33 -10 32 -13 23 -9 41 -1 26 -7 22 -2 31 -12 22 -3 18 -5 22 -12 12 ],2025-05-07_20-02-49-179
CSI_DATA,PASSIVE,5C:E9:31:E8:E9:4E,-83,11,0,0,0,0,0,0,0,0,0,-96,0,11,0,1989262939,0,128,0,0,1989.45,128,[-128 0 8 0 -10 6 -10 2 -6 -5 -7 0 -7 -6 -7 -11 -6 -14 -11 -19 -7 -20 -9 -19 -1 -24 -12 -22 -9 -25 -14 -21 -6 -28 -10 -21 -7 -23 -6 -28 -2 -33 4 -25 -3 -19 9 -18 1 -13 8 -13 10 -16 0 0 0 0 0 0 0 0 0 0 0 0 0 0 0 0 0 0 0 0 0 0 1 -9 -1 -12 -3 -9 -2 -10 -8 -5 -13 -5 -8 -6 -15 0 -21 -2 -21 -3 -19 -4 -28 2 -24 6 -26 8 -25 3 -25 13 -24 8 -24 13 -23 15 -20 15 -16 16 -14 18 -11 16 -11 12 -9 10 -14 6 ],2025-05-07_20-02-49-184
CSI_DATA,PASSIVE,A2:D8:C6:11:D7:95,-35,11,0,0,0,0,0,0,0,0,0,-96,0,11,0,1989263419,0,30,0,0,1989.45,128,[30 -32 1 0 27 -13 27 -12 27 -12 27 -12 26 -12 26 -13 25 -13 26 -13 25 -14 24 -14 24 -14 25 -14 24 -13 23 -12 22 -11 21 -10 19 -9 18 -8 17 -7 17 -6 16 -6 16 -5 16 -5 15 -5 14 -4 0 0 0 0 0 0 0 0 0 0 0 0 0 0 0 0 0 0 0 0 0 0 13 -10 13 -10 14 -10 15 -10 15 -9 15 -9 16 -9 16 -9 19 -9 21 -10 22 -10 25 -11 26 -11 26 -11 26 -10 27 -11 25 -11 26 -11 26 -12 27 -11 26 -12 27 -13 26 -12 27 -13 28 -13 28 -14 ],2025-05-07_20-02-49-190
CSI_DATA,PASSIVE,A2:D8:C6:11:D7:95,-35,11,0,0,0,0,0,0,0,0,0,-96,0,11,0,1989275208,0,30,0,0,1989.46,128,[30 -32 1 0 -27 9 -26 10 -25 9 -25 9 -25 10 -25 10 -23 10 -23 11 -24 11 -23 10 -23 11 -23 10 -23 10 -22 10 -21 9 -20 8 -18 7 -17 6 -16 5 -16 5 -15 5 -15 4 -15 4 -15 3 -14 3 0 0 0 0 0 0 0 0 0 0 0 0 0 0 0 0 0 0 0 0 0 0 -13 7 -14 6 -15 7 -15 6 -15 6 -16 6 -16 6 -16 6 -18 6 -20 6 -22 6 -24 6 -25 7 -25 7 -24 6 -26 7 -25 7 -25 7 -26 8 -25 8 -25 8 -25 9 -25 9 -26 9 -26 9 -25 9 ],2025-05-07_20-02-49-195
CSI_DATA,PASSIVE,5C:E9:31:E8:E9:4E,-84,11,0,0,0,0,0,0,0,0,0,-96,0,11,0,1989280589,0,100,0,0,1989.46,128,[100 64 6 0 -12 -6 -6 -6 -4 -7 2 -10 8 -1 6 -5 9 -9 11 -17 13 -10 19 -10 22 -11 16 -10 26 -11 18 -9 25 -13 26 -4 23 -9 22 -6 17 -3 21 1 18 3 18 3 7 10 12 15 8 7 0 0 0 0 0 0 0 0 0 0 0 0 0 0 0 0 0 0 0 0 0 0 7 -2 12 -6 8 -3 3 -10 0 -11 3 -10 3 -14 -1 -7 -4 -20 -6 -20 -7 -15 -9 -18 -16 -13 -12 -14 -15 -19 -23 -24 -20 -20 -22 -14 -22 -17 -19 -19 -23 -13 -17 -6 -21 -8 -22 -8 -23 -7 -14 -6 ],2025-05-07_20-02-49-201
CSI_DATA,PASSIVE,5C:E9:31:E8:E9:4E,-83,11,0,0,0,0,0,0,0,0,0,-96,0,11,0,1989296029,0,130,0,0,1989.47,128,[-126 32 8 0 11 -4 5 7 -4 7 3 5 -1 11 4 6 -3 11 1 21 -2 18 2 10 -7 24 2 17 -2 21 -3 22 -2 23 0 20 -10 23 -11 25 -13 16 -11 14 -15 12 -16 6 -20 7 -15 8 -17 -1 0 0 0 0 0 0 0 0 0 0 0 0 0 0 0 0 0 0 0 0 0 0 -6 2 -2 8 0 12 5 2 8 5 3 10 6 7 5 7 15 7 13 -2 21 -2 16 4 18 1 20 0 13 -12 24 2 22 -11 25 -2 26 -14 21 -5 20 -17 24 -13 19 -9 11 -15 15 -18 4 -13 ],2025-05-07_20-02-49-206
CSI_DATA,PASSIVE,A2:D8:C6:11:D7:95,-35,11,0,0,0,0,0,0,0,0,0,-96,0,11,0,1989301247,0,30,0,0,1989.47,128,[30 -32 1 0 -23 18 -21 17 -21 17 -21 16 -20 17 -20 17 -19 17 -19 18 -19 17 -18 17 -18 17 -19 18 -18 17 -17 17 -16 15 -16 14 -14 12 -13 11 -13 10 -13 9 -12 9 -13 9 -12 8 -12 8 -12 7 0 0 0 0 0 0 0 0 0 0 0 0 0 0 0 0 0 0 0 0 0 0 -11 10 -11 10 -12 10 -12 10 -12 10 -13 10 -13 10 -14 10 -16 11 -18 12 -19 12 -21 13 -21 13 -22 13 -21 13 -22 14 -21 14 -22 14 -21 14 -21 15 -21 15 -21 16 -21 16 -21 16 -22 16 -21 15 ],2025-05-07_20-02-49-212
CSI_DATA,PASSIVE,5C:E9:31:E8:F4:66,-78,11,0,0,0,0,0,0,0,0,0,-96,0,11,0,1989311393,0,158,0,0,1989.48,128,[-98 -32 9 0 19 2 13 0 18 6 7 -5 24 4 20 2 15 21 24 4 24 2 37 15 27 7 29 7 28 2 25 6 25 1 25 8 19 9 15 9 12 10 15 9 9 9 5 7 0 6 -2 8 -5 4 0 0 0 0 0 0 0 0 0 0 0 0 0 0 0 0 0 0 0 0 0 0 -21 1 -22 2 -26 0 -25 1 -27 -1 -27 1 -31 3 -29 2 -26 -3 -27 0 -24 2 -23 0 -24 3 -16 -1 -18 -4 -17 6 -10 2 -11 3 -12 -5 -7 2 -3 3 -5 13 1 8 7 5 15 4 10 3 ],2025-05-07_20-02-49-217
CSI_DATA,PASSIVE,5C:E9:31:E8:F4:66,-78,11,0,0,0,0,0,0,0,0,0,-96,0,11,0,1989311646,0,80,0,0,1989.49,128,[80 0 5 0 42 5 40 11 51 12 71 2 35 1 37 -9 53 -18 56 -32 72 -23 61 -30 74 -8 58 -4 57 0 53 -15 44 -1 55 -6 52 -3 50 -8 31 -1 29 -3 33 7 16 9 14 21 2 11 -4 11 0 0 0 0 0 0 0 0 0 0 0 0 0 0 0 0 0 0 0 0 0 0 -48 10 -45 17 -48 18 -60 18 -63 21 -59 21 -68 10 -64 20 -57 21 -58 11 -62 7 -58 11 -61 17 -34 23 -37 10 -46 16 -17 17 -19 27 -21 -2 -6 5 -4 12 -7 6 3 -10 12 8 19 17 28 -1 ],2025-05-07_20-02-49-223
CSI_DATA,PASSIVE,5C:E9:31:E8:F4:66,-78,11,0,0,0,0,0,0,0,0,0,-96,0,11,0,1989311795,0,94,0,0,1989.49,128,[94 -32 5 0 43 -11 53 -18 38 -23 65 -48 42 -14 40 -29 21 -64 59 -33 52 -36 24 -36 61 -31 54 -44 55 -30 54 -34 47 -28 51 -25 47 -21 38 -20 39 -17 29 -16 32 -3 18 8 15 10 10 11 5 18 0 0 0 0 0 0 0 0 0 0 0 0 0 0 0 0 0 0 0 0 0 0 -43 25 -42 28 -48 21 -55 26 -50 32 -53 37 -57 30 -48 32 -52 31 -56 28 -56 28 -55 28 -44 24 -42 29 -31 28 -32 30 -26 16 -11 22 -42 1 -10 7 0 -2 3 28 15 10 14 7 34 5 13 -2 ],2025-05-07_20-02-49-228
CSI_DATA,PASSIVE,5C:E9:31:E8:F4:66,-79,11,0,0,0,0,0,0,0,0,0,-96,0,11,0,1989311964,0,734,0,0,1989.5,128,[-34 -30 45 0 21 47 4 35 26 39 43 42 53 32 7 66 28 49 31 31 55 51 38 66 54 48 48 35 51 47 50 48 45 54 34 53 13 36 15 40 13 32 10 34 3 14 7 21 -10 14 -9 17 -12 4 0 0 0 0 0 0 0 0 0 0 0 0 0 0 0 0 0 0 0 0 0 0 -3 -52 -2 -45 -9 -55 -9 -64 -8 -64 -9 -52 -17 -63 -4 -70 -6 -67 -15 -57 -11 -54 -8 -53 -15 -57 -1 -43 -14 -44 -5 -38 -12 -21 -24 -22 -12 -16 -19 -1 -4 -22 -11 -14 -6 9 -1 23 -16 20 4 26 ],2025-05-07_20-02-49-234
CSI_DATA,PASSIVE,5C:E9:31:E8:F4:66,-78,11,0,0,0,0,0,0,0,0,0,-96,0,11,0,1989312985,0,128,0,0,1989.5,128,[-128 0 8 0 -32 14 -36 8 -29 30 -57 33 -23 65 -34 59 -27 59 -23 57 -23 55 -25 72 -39 53 -22 59 -27 51 -38 53 -53 61 -29 50 -28 41 -27 31 -25 23 -20 21 -25 10 -23 6 -18 -5 -9 -13 -12 -14 0 0 0 0 0 0 0 0 0 0 0 0 0 0 0 0 0 0 0 0 0 0 14 -46 8 -45 13 -50 16 -60 29 -65 13 -58 16 -56 21 -61 24 -60 17 -54 31 -66 22 -51 21 -49 22 -48 18 -43 12 -32 11 -26 10 -22 -10 -32 -8 -17 -3 -14 -8 7 -17 3 6 2 -1 16 -22 10 ],2025-05-07_20-02-49-240
CSI_DATA,PASSIVE,5C:E9:31:E8:F4:66,-78,11,0,0,0,0,0,0,0,0,0,-96,0,11,0,1989313198,0,158,0,0,1989.51,128,[-98 -32 9 0 -18 -8 -19 -14 -23 -10 -24 -10 -28 -9 -27 -12 -25 -8 -29 -5 -30 -4 -37 -6 -32 -7 -34 -6 -31 -5 -29 -4 -28 -5 -26 -5 -27 -11 -19 -11 -17 -11 -13 -12 -9 -11 -7 -9 -7 -7 0 -9 4 -6 0 0 0 0 0 0 0 0 0 0 0 0 0 0 0 0 0 0 0 0 0 0 21 3 24 1 22 0 27 0 24 5 29 4 29 5 25 3 31 3 31 2 24 4 23 2 20 3 21 2 17 5 18 -1 14 -2 10 -4 10 1 9 -7 7 -7 1 -3 1 -4 -5 -5 -5 -8 -10 -5 ],2025-05-07_20-02-49-245
CSI_DATA,PASSIVE,5C:E9:31:E8:F4:66,-76,11,0,0,0,0,0,0,0,0,0,-96,0,11,0,1989313451,0,100,0,0,1989.51,128,[100 64 6 0 -12 12 -11 7 -17 11 -17 11 -11 12 -15 13 -19 12 -19 17 -15 23 -22 29 -18 14 -19 34 -22 8 -21 18 -10 12 -7 11 -6 16 -6 8 -17 10 -22 9 -13 4 -8 5 -7 0 -9 -4 -1 -10 0 0 0 0 0 0 0 0 0 0 0 0 0 0 0 0 0 0 0 0 0 0 9 -13 15 -11 22 -14 12 -13 23 -15 13 -23 11 -15 23 -13 15 -19 14 -22 23 -16 8 -19 11 -13 13 -22 15 -3 10 -1 4 -7 1 -5 -3 -8 1 -1 2 -2 -1 6 0 1 0 -3 -19 1 5 6 ],2025-05-07_20-02-49-251
CSI_DATA,PASSIVE,5C:E9:31:E8:F4:66,-78,11,0,0,0,0,0,0,0,0,0,-96,0,11,0,1989313628,0,128,0,0,1989.52,128,[-128 0 8 0 -16 -4 -20 -3 -24 -1 -24 -1 -22 2 -28 1 -24 -2 -28 2 -28 6 -28 0 -26 4 -29 7 -30 2 -26 5 -27 0 -23 2 -24 4 -22 4 -18 1 -14 -1 -11 -5 -10 -4 -7 -7 -4 -6 1 -8 0 0 0 0 0 0 0 0 0 0 0 0 0 0 0 0 0 0 0 0 0 0 17 -3 22 1 21 2 22 3 24 4 25 2 27 -1 26 1 26 -3 27 1 21 -1 25 3 22 3 20 -1 17 0 15 1 11 -3 9 -7 11 -3 7 -3 4 -3 -2 -6 0 -1 -5 -3 -8 -7 -8 -4 ],2025-05-07_20-02-49-256
CSI_DATA,PASSIVE,5C:E9:31:E8:F4:66,-77,11,0,0,0,0,0,0,0,0,0,-96,0,11,0,1989314544,0,130,0,0,1989.52,128,[-126 32 8 0 -7 -17 -8 -19 -10 -19 -9 -17 -12 -20 -16 -19 -13 -20 -10 -21 -13 -18 -15 -24 -6 -19 -10 -21 -10 -26 -12 -20 -4 -20 -9 -28 -6 -24 -2 -19 -3 -18 5 -20 3 -11 2 -9 6 -7 5 -8 6 -4 0 0 0 0 0 0 0 0 0 0 0 0 0 0 0 0 0 0 0 0 0 0 12 14 12 6 20 8 16 7 20 8 17 12 16 22 18 13 23 13 14 14 18 12 11 13 14 22 14 22 15 9 7 -1 11 4 3 12 12 10 10 7 9 5 15 -5 -2 -9 4 -7 4 -8 2 -13 ],2025-05-07_20-02-49-262
CSI_DATA,PASSIVE,5C:E9:31:E8:F4:66,-78,11,0,0,0,0,0,0,0,0,0,-96,0,11,0,1989314761,0,734,0,0,1989.53,128,[-34 -30 45 0 -18 14 -11 12 -17 17 -18 17 -18 19 -17 22 -17 25 -20 29 -15 21 -19 27 -18 30 -16 30 -23 33 -24 28 -14 22 -17 16 -14 22 -16 21 -14 8 -13 7 -15 7 -12 -1 -11 1 -7 -3 -6 -5 0 0 0 0 0 0 0 0 0 0 0 0 0 0 0 0 0 0 0 0 0 0 14 -18 16 -16 13 -22 13 -20 18 -23 18 -27 17 -25 20 -26 16 -23 16 -20 17 -25 18 -15 13 -17 15 -22 10 -16 11 -13 8 -10 5 -13 0 -10 -1 -7 -2 -3 -6 -9 -5 0 -9 2 -9 7 -7 2 ],2025-05-07_20-02-49-267
CSI_DATA,PASSIVE,5C:E9:31:E8:E9:4E,-84,11,0,0,0,0,0,0,0,0,0,-96,0,11,0,1989401442,0,98,0,0,1989.57,128,[98 32 6 0 2 6 -5 7 -10 10 -8 5 -14 9 -19 6 -17 0 -21 4 -21 3 -22 -2 -22 -1 -24 -6 -24 -6 -25 -6 -27 -6 -25 -8 -19 -8 -20 -20 -20 -9 -15 -16 -12 -16 -12 -17 -6 -17 -5 -17 -5 -18 0 0 0 0 0 0 0 0 0 0 0 0 0 0 0 0 0 0 0 0 0 0 -2 -15 -7 -7 -4 -8 -4 -10 -9 -7 -7 -3 -11 -5 -14 3 -10 4 -13 6 -13 9 -10 14 -23 16 -7 20 -12 15 -5 22 -14 21 -7 25 0 26 -6 32 3 21 -7 23 -7 24 -2 25 0 16 1 13 ],2025-05-07_20-02-49-305
CSI_DATA,PASSIVE,5C:E9:31:E8:F4:66,-78,11,0,0,0,0,0,0,0,0,0,-96,0,11,0,1989413590,0,86,0,0,1989.58,128,[86 96 5 0 9 -22 11 -25 17 -24 15 -24 8 -20 13 -13 12 -27 11 -20 16 -18 14 -25 18 -27 13 -21 13 -23 13 -20 13 -23 11 -20 10 -13 12 -16 10 -10 12 -9 8 -1 11 -1 10 1 6 7 9 6 0 0 0 0 0 0 0 0 0 0 0 0 0 0 0 0 0 0 0 0 0 0 -16 10 -15 9 -16 14 -17 18 -20 17 -20 13 -20 16 -19 14 -18 16 -18 13 -18 12 -19 12 -10 15 -9 9 -12 12 -11 12 -7 7 -4 9 -5 5 5 2 5 -6 -1 2 13 0 0 -4 4 -7 11 -5 ],2025-05-07_20-02-49-317
CSI_DATA,PASSIVE,5C:E9:31:E8:F4:66,-78,11,0,0,0,0,0,0,0,0,0,-96,0,11,0,1989413747,0,94,0,0,1989.59,128,[94 -32 5 0 17 -11 20 -14 20 -17 21 -17 20 -17 18 -19 20 -20 20 -25 21 -22 17 -21 19 -19 18 -18 17 -24 17 -20 18 -18 17 -14 17 -16 14 -12 13 -7 13 -5 11 -2 11 0 10 4 5 4 7 6 0 0 0 0 0 0 0 0 0 0 0 0 0 0 0 0 0 0 0 0 0 0 -18 11 -17 9 -19 11 -19 11 -21 13 -22 13 -22 16 -22 10 -20 14 -21 16 -19 12 -18 11 -14 9 -13 8 -9 7 -8 3 -5 5 -5 7 -1 5 -1 2 1 3 7 0 7 -1 8 0 11 -2 12 -1 ],2025-05-07_20-02-49-322
CSI_DATA,PASSIVE,5C:E9:31:E8:F4:66,-78,11,0,0,0,0,0,0,0,0,0,-96,0,11,0,1989414129,0,386,0,0,1989.59,128,[-126 33 24 0 -9 13 -11 19 -11 23 -11 27 -8 27 -13 27 -9 24 -9 30 -8 26 -4 26 -9 25 -10 27 -10 27 -9 25 -7 22 -11 19 -10 20 -5 17 -13 9 -10 7 -8 5 -13 -2 -8 0 -6 -6 -9 2 0 0 0 0 0 0 0 0 0 0 0 0 0 0 0 0 0 0 0 0 0 0 5 -14 12 -21 6 -22 8 -22 10 -21 11 -23 13 -24 11 -20 8 -21 14 -18 10 -19 9 -23 10 -14 13 -15 4 -18 4 -11 0 -7 -1 -8 -4 -8 0 -1 -6 0 -8 1 -7 3 -10 10 -10 7 -10 10 ],2025-05-07_20-02-49-328
CSI_DATA,PASSIVE,5C:E9:31:E8:E9:4E,-84,11,0,0,0,0,0,0,0,0,0,-96,0,11,0,1989425580,0,145,0,0,1989.6,128,[-111 16 9 0 -14 -9 -12 1 -11 -6 -3 -15 -5 -9 -9 -17 -10 -13 -8 -19 -2 -11 -4 -22 -11 -25 -3 -30 -7 -30 -13 -22 -9 -25 -4 -22 -7 -21 -4 -25 -1 -17 2 -19 -1 -11 2 -20 5 -19 11 -23 18 -15 0 0 0 0 0 0 0 0 0 0 0 0 0 0 0 0 0 0 0 0 0 0 9 -3 7 1 14 0 3 0 7 -11 10 -3 9 -7 -3 -13 1 -15 -3 -16 -1 -21 -4 -15 -10 -25 -9 -24 -23 -12 -14 -10 -19 -15 -34 -20 -25 -5 -27 -8 -11 -2 -24 9 -21 -3 -19 6 -22 5 -21 -6 ],2025-05-07_20-02-49-334
CSI_DATA,PASSIVE,5C:E9:31:E8:E9:4E,-85,11,0,0,0,0,0,0,0,0,0,-96,0,11,0,1989430237,0,484,0,0,1989.6,128,[-28 65 30 0 6 15 -4 8 -7 13 -6 11 -17 -9 -32 9 -21 -5 -25 0 -27 4 -31 -8 -25 -6 -24 -3 -36 0 -22 -1 -27 -13 -38 -13 -29 -17 -26 -17 -19 -20 -12 -25 -17 -14 -21 -15 -8 -20 -3 -19 -7 -17 0 0 0 0 0 0 0 0 0 0 0 0 0 0 0 0 0 0 0 0 0 0 -5 -9 -2 -9 -8 -1 -5 -4 -15 5 -3 10 -7 12 -10 11 -9 15 -6 11 -12 27 1 24 -12 20 -6 22 0 19 1 26 -14 29 8 36 4 34 -2 27 12 17 10 13 -2 22 -8 32 -2 26 6 19 ],2025-05-07_20-02-49-339
CSI_DATA,PASSIVE,A2:D8:C6:11:D7:95,-35,11,0,0,0,0,0,0,0,0,0,-96,0,11,0,1989446170,0,30,0,0,1989.61,128,[30 -32 1 0 18 -25 17 -25 17 -25 17 -24 17 -25 17 -25 16 -25 15 -25 15 -25 15 -25 14 -25 15 -25 15 -24 14 -23 14 -21 13 -20 12 -18 12 -16 11 -15 11 -15 11 -14 11 -14 11 -13 11 -13 10 -11 0 0 0 0 0 0 0 0 0 0 0 0 0 0 0 0 0 0 0 0 0 0 7 -15 7 -14 8 -15 8 -15 9 -15 10 -15 10 -15 11 -15 12 -17 14 -18 16 -19 17 -21 18 -21 19 -22 18 -21 19 -22 17 -22 18 -22 18 -23 18 -23 17 -23 18 -24 17 -24 18 -25 18 -25 17 -24 ],2025-05-07_20-02-49-350
CSI_DATA,PASSIVE,A2:D8:C6:11:D7:95,-35,11,0,0,0,0,0,0,0,0,0,-96,0,11,0,1989459802,0,30,0,0,1989.63,128,[30 -32 1 0 -3 28 -1 27 -1 26 -1 26 -1 26 -1 26 0 25 0 26 0 25 1 25 1 25 1 25 0 25 0 24 0 22 0 21 -1 19 -2 17 -2 16 -2 16 -2 15 -2 15 -3 15 -3 14 -3 13 0 0 0 0 0 0 0 0 0 0 0 0 0 0 0 0 0 0 0 0 0 0 1 14 1 14 0 15 0 15 0 15 -1 16 -1 16 -1 16 -1 18 -2 20 -2 22 -3 23 -3 24 -4 25 -4 24 -4 26 -3 25 -3 25 -3 25 -3 25 -2 25 -2 26 -2 26 -1 26 -1 27 -1 26 ],2025-05-07_20-02-49-363
CSI_DATA,PASSIVE,5C:E9:31:E8:F4:42,-91,11,0,0,0,0,0,0,0,0,0,-96,0,11,0,1989461119,0,386,0,0,1989.63,128,[-126 33 24 0 -2 -9 4 -10 9 -5 8 -8 7 -7 6 -9 10 -4 8 1 8 -1 10 -10 15 3 11 -1 1 -2 4 -3 3 -3 12 5 8 -1 -1 -3 9 -10 8 -10 8 -9 6 -10 2 -10 6 -6 10 -6 0 0 0 0 0 0 0 0 0 0 0 0 0 0 0 0 0 0 0 0 0 0 1 2 5 6 2 3 3 2 8 8 10 2 4 4 14 4 15 4 12 8 25 5 23 2 16 8 9 7 8 8 18 5 5 5 5 7 14 -2 13 -3 4 4 6 -7 5 -6 7 -8 3 -5 6 -8 ],2025-05-07_20-02-49-367
CSI_DATA,PASSIVE,A2:D8:C6:11:D7:95,-35,11,0,0,0,0,0,0,0,0,0,-96,0,11,0,1989495847,0,30,0,0,1989.66,128,[30 -32 1 0 -14 27 -13 27 -13 26 -12 26 -11 27 -12 27 -10 26 -10 26 -10 26 -10 26 -10 27 -10 26 -10 26 -9 24 -9 23 -9 21 -9 19 -8 18 -8 16 -8 16 -8 15 -8 14 -8 14 -8 14 -8 13 0 0 0 0 0 0 0 0 0 0 0 0 0 0 0 0 0 0 0 0 0 0 -6 14 -6 14 -7 15 -7 15 -7 15 -8 15 -8 16 -9 16 -10 18 -11 19 -13 21 -14 22 -14 22 -15 23 -14 23 -15 24 -14 23 -14 24 -14 25 -14 25 -13 24 -13 26 -13 25 -13 26 -13 27 -13 26 ],2025-05-07_20-02-49-399
CSI_DATA,PASSIVE,5C:E9:31:E8:F4:66,-78,11,0,0,0,0,0,0,0,0,0,-96,0,11,0,1989516128,0,125,0,0,1989.68,128,[125 -48 7 0 2 -26 -1 -26 -4 -26 -4 -28 -6 -28 -7 -29 -8 -29 -9 -31 -8 -33 -8 -31 -13 -28 -7 -30 -5 -28 -5 -23 -5 -22 -3 -21 -2 -17 -4 -17 1 -13 3 -9 4 -8 2 -2 6 -3 9 2 9 3 0 0 0 0 0 0 0 0 0 0 0 0 0 0 0 0 0 0 0 0 0 0 -1 21 -1 27 -4 24 -3 26 0 27 -3 28 -4 28 -3 28 0 26 -3 24 -6 27 -2 24 -2 23 -5 18 -2 18 -2 14 1 8 1 7 0 2 5 1 0 -4 3 -6 3 -4 2 -10 1 -13 -1 -16 ],2025-05-07_20-02-49-419
CSI_DATA,PASSIVE,5C:E9:31:E8:F4:66,-78,11,0,0,0,0,0,0,0,0,0,-96,0,11,0,1989516337,0,145,0,0,1989.69,128,[-111 16 9 0 -24 -8 -26 -6 -28 -5 -28 -1 -34 -3 -33 -1 -31 1 -30 2 -31 3 -31 5 -30 1 -29 2 -27 3 -25 0 -24 4 -20 -3 -18 2 -15 -2 -12 -6 -7 -4 -5 -6 -4 -8 2 -7 6 -8 7 -9 0 0 0 0 0 0 0 0 0 0 0 0 0 0 0 0 0 0 0 0 0 0 23 6 24 7 22 7 24 10 28 9 29 9 25 7 29 7 28 8 28 11 24 10 23 7 18 5 16 9 15 6 12 3 11 4 7 1 5 3 1 -1 -1 -2 -5 0 -3 -3 -6 -7 -10 -2 -13 -4 ],2025-05-07_20-02-49-425
CSI_DATA,PASSIVE,5C:E9:31:E8:F4:66,-78,11,0,0,0,0,0,0,0,0,0,-96,0,11,0,1989516574,0,94,0,0,1989.69,128,[94 -32 5 0 -22 -3 -24 -5 -24 -4 -28 -6 -31 -2 -31 3 -31 0 -34 3 -34 4 -31 3 -28 3 -31 6 -29 5 -28 1 -25 5 -23 2 -17 0 -13 0 -12 -1 -9 -7 -7 -1 -2 -7 -2 -8 5 -9 6 -8 0 0 0 0 0 0 0 0 0 0 0 0 0 0 0 0 0 0 0 0 0 0 21 7 22 10 25 7 21 8 25 11 24 13 29 10 26 11 26 11 25 11 18 12 19 8 20 8 17 8 14 3 12 7 9 3 6 1 3 2 4 -2 -3 -1 -3 -6 -3 -2 -10 -3 -16 0 -14 -5 ],2025-05-07_20-02-49-430
CSI_DATA,PASSIVE,5C:E9:31:E8:F4:66,-78,11,0,0,0,0,0,0,0,0,0,-96,0,11,0,1989516743,0,457,0,0,1989.7,128,[-55 -111 28 0 -4 -21 -6 -25 0 -23 -2 -32 -2 -24 -6 -30 -4 -32 -8 -27 -8 -34 -9 -31 -11 -28 -9 -24 -9 -29 -2 -25 -7 -24 -3 -25 -2 -17 4 -13 2 -12 6 -8 7 -4 1 1 6 1 9 5 11 7 0 0 0 0 0 0 0 0 0 0 0 0 0 0 0 0 0 0 0 0 0 0 3 23 1 20 6 25 3 26 4 29 2 28 2 30 5 30 1 28 1 27 3 24 -1 21 3 24 4 20 1 14 3 13 1 5 -2 10 4 8 2 1 1 -5 4 -4 8 -9 0 -8 7 -16 0 -19 ],2025-05-07_20-02-49-436
CSI_DATA,PASSIVE,5C:E9:31:E8:F4:66,-79,11,0,0,0,0,0,0,0,0,0,-96,0,11,0,1989517396,0,477,0,0,1989.7,128,[-35 -47 29 0 23 2 22 6 26 1 26 -1 31 1 29 -1 31 -3 30 -2 28 -6 28 -8 27 -5 28 -7 23 -6 24 -5 22 -4 22 0 12 -1 13 0 9 1 9 5 6 3 7 5 1 7 -1 9 -7 6 0 0 0 0 0 0 0 0 0 0 0 0 0 0 0 0 0 0 0 0 0 0 -22 -9 -21 -9 -26 -6 -28 -11 -26 -14 -27 -12 -31 -9 -30 -12 -30 -14 -24 -13 -28 -6 -23 -12 -23 -5 -16 -9 -18 -7 -14 -7 -10 -4 -8 -2 -5 0 -1 -2 1 -3 -1 6 3 1 10 4 10 5 13 1 ],2025-05-07_20-02-49-440
CSI_DATA,PASSIVE,5C:E9:31:E8:F4:66,-79,11,0,0,0,0,0,0,0,0,0,-96,0,11,0,1989518073,0,484,0,0,1989.71,128,[-28 65 30 0 15 22 18 19 18 19 25 19 21 20 28 22 26 19 23 17 28 15 29 18 24 21 25 16 24 15 24 14 17 16 21 15 9 14 12 11 5 7 -3 11 2 9 -5 4 -5 2 -9 -1 -15 0 0 0 0 0 0 0 0 0 0 0 0 0 0 0 0 0 0 0 0 0 0 0 -26 -13 -19 -13 -22 -17 -27 -17 -31 -16 -27 -22 -27 -17 -26 -20 -25 -19 -25 -23 -21 -15 -25 -14 -20 -16 -15 -15 -15 -14 -13 -8 -10 -6 -8 -2 -9 -6 -4 -2 -3 -1 -1 6 3 6 4 6 9 8 14 11 ],2025-05-07_20-02-49-446
CSI_DATA,PASSIVE,5C:E9:31:E8:F4:66,-77,11,0,0,0,0,0,0,0,0,0,-96,0,11,0,1989518762,0,504,0,0,1989.71,128,[-8 -127 31 0 -23 8 -24 5 -26 4 -28 5 -28 8 -26 10 -31 14 -26 9 -31 10 -27 8 -29 15 -27 11 -23 11 -22 11 -25 10 -17 9 -15 8 -16 1 -11 3 -9 -2 -5 -3 -2 -8 -4 -7 2 -8 6 -10 0 0 0 0 0 0 0 0 0 0 0 0 0 0 0 0 0 0 0 0 0 0 23 -5 19 -4 24 -6 27 -5 25 -8 29 -7 27 -5 25 -10 26 -7 26 -5 25 -5 25 -2 19 -9 17 -6 19 -3 10 -2 10 -3 10 0 5 -1 3 0 -5 -1 -6 0 -9 -2 -9 2 -15 0 -18 -3 ],2025-05-07_20-02-49-452
CSI_DATA,PASSIVE,5C:E9:31:E8:F4:66,-78,11,0,0,0,0,0,0,0,0,0,-96,0,11,0,1989519475,0,405,0,0,1989.72,128,[-107 81 25 0 -22 -9 -17 -14 -21 -10 -24 -10 -19 -7 -23 -6 -20 -2 -22 -10 -19 -7 -35 -5 -24 -3 -22 -11 -27 3 -24 -7 -11 -2 -27 -8 -15 -9 -19 7 -18 -12 -7 -14 -10 -5 9 -2 5 -5 4 -5 5 -4 0 0 0 0 0 0 0 0 0 0 0 0 0 0 0 0 0 0 0 0 0 0 2 25 2 22 3 20 9 24 5 30 5 25 2 23 7 16 13 29 6 20 14 25 8 10 23 17 4 12 8 16 10 -5 22 6 14 9 5 6 15 -12 -4 1 -4 -16 4 -8 -10 -3 -6 -18 -7 -20 ],2025-05-07_20-02-49-457
CSI_DATA,PASSIVE,5C:E9:31:E8:F4:66,-78,11,0,0,0,0,0,0,0,0,0,-96,0,11,0,1989520056,0,425,0,0,1989.73,128,[-87 -111 26 0 -6 -22 -7 -24 -7 -26 -9 -27 -10 -25 -11 -26 -13 -25 -13 -30 -12 -30 -14 -24 -18 -28 -14 -27 -15 -21 -10 -22 -9 -20 -9 -18 -6 -14 -3 -17 2 -11 0 -7 2 -3 6 -3 5 1 9 1 7 1 0 0 0 0 0 0 0 0 0 0 0 0 0 0 0 0 0 0 0 0 0 0 7 22 8 22 8 24 7 27 10 30 8 26 6 28 5 27 5 30 6 29 6 23 7 24 5 21 5 16 0 16 4 11 0 8 4 8 4 2 1 2 0 -2 0 -1 1 -8 -4 -12 -1 -13 -2 -17 ],2025-05-07_20-02-49-462
CSI_DATA,PASSIVE,5C:E9:31:E8:F4:66,-78,11,0,0,0,0,0,0,0,0,0,-96,0,11,0,1989520665,0,124,0,0,1989.73,128,[124 -64 7 0 25 7 27 5 23 1 27 0 29 3 28 2 30 -2 29 0 34 -5 29 -5 28 3 28 -4 25 -5 28 1 23 1 16 0 16 2 12 2 8 6 4 4 5 7 1 6 -1 8 -6 3 -11 7 0 0 0 0 0 0 0 0 0 0 0 0 0 0 0 0 0 0 0 0 0 0 -23 -1 -25 -1 -25 2 -29 1 -27 0 -30 -3 -27 -1 -25 3 -30 -1 -30 0 -27 0 -23 -1 -24 -3 -25 1 -17 -4 -18 -1 -11 -2 -7 2 -5 -2 2 1 6 1 0 3 5 2 8 5 12 3 10 -1 ],2025-05-07_20-02-49-467
CSI_DATA,PASSIVE,5C:E9:31:E8:F4:66,-78,11,0,0,0,0,0,0,0,0,0,-96,0,11,0,1989522224,0,94,0,0,1989.74,128,[94 -32 5 0 -17 16 -24 10 -19 20 -19 22 -19 23 -19 25 -19 22 -24 22 -17 25 -14 27 -17 23 -14 25 -22 23 -19 18 -14 17 -17 17 -14 14 -12 10 -10 5 -12 3 -8 -2 -7 -6 -4 -5 -5 -6 -1 -8 0 0 0 0 0 0 0 0 0 0 0 0 0 0 0 0 0 0 0 0 0 0 15 -16 18 -19 18 -23 17 -24 19 -19 20 -18 18 -17 22 -19 21 -17 18 -22 19 -19 18 -15 18 -15 12 -14 11 -11 8 -8 4 -8 5 -8 -6 -5 -4 -1 1 0 -12 -1 -5 6 -3 9 -16 9 -15 12 ],2025-05-07_20-02-49-473
CSI_DATA,PASSIVE,5C:E9:31:E8:E9:4E,-86,11,0,0,0,0,0,0,0,0,0,-96,0,11,0,1989570501,0,276,0,0,1989.74,128,[20 65 17 0 -12 -10 -5 -5 -8 6 9 -10 2 -16 14 -7 10 -11 20 -17 14 -11 19 -13 19 -11 23 -11 17 -12 18 -8 24 -8 33 -7 24 4 23 5 23 -2 17 5 20 12 15 7 18 11 6 12 0 13 0 0 0 0 0 0 0 0 0 0 0 0 0 0 0 0 0 0 0 0 0 0 11 -12 8 -3 13 -6 12 -14 9 -13 6 -17 -6 -19 1 -18 -1 -19 2 -22 -6 -21 -6 -30 -14 -16 -13 -21 -17 -19 -21 -28 -21 -26 -22 -15 -15 -17 -26 -21 -25 -10 -17 -13 -21 -9 -18 -4 -19 -9 -14 -12 ],2025-05-07_20-02-49-479
CSI_DATA,PASSIVE,5C:E9:31:E8:E9:4E,-85,11,0,0,0,0,0,0,0,0,0,-96,0,11,0,1989589782,0,534,0,0,1989.76,128,[22 98 33 0 6 2 12 7 5 11 7 8 -5 18 -3 17 -1 12 -6 22 -3 26 -8 25 -3 34 -2 27 -11 30 -5 19 -3 21 -11 35 -6 36 -14 17 -9 21 -17 12 -14 5 -16 13 -18 4 -15 2 -19 8 0 0 0 0 0 0 0 0 0 0 0 0 0 0 0 0 0 0 0 0 0 0 -11 6 -10 9 -6 7 5 2 6 7 -6 11 3 11 2 12 6 13 16 18 14 12 15 17 15 2 24 15 17 17 28 2 35 9 28 -4 26 10 25 -5 32 -1 17 -7 11 -8 29 -15 24 -1 18 -8 ],2025-05-07_20-02-49-493
CSI_DATA,PASSIVE,5C:E9:31:E8:F4:66,-77,11,0,0,0,0,0,0,0,0,0,-96,0,11,0,1989618708,0,205,0,0,1989.79,128,[-51 -48 12 0 15 9 16 8 19 7 22 9 28 8 26 8 30 4 30 5 31 6 30 4 32 6 34 3 28 0 31 4 25 1 23 3 20 2 16 1 11 2 5 2 2 2 2 0 -2 0 -8 -2 -9 -2 0 0 0 0 0 0 0 0 0 0 0 0 0 0 0 0 0 0 0 0 0 0 -28 -6 -27 -1 -30 -5 -32 -6 -33 -8 -34 -9 -32 -9 -32 -8 -30 -7 -30 -13 -24 -12 -24 -13 -20 -13 -17 -10 -14 -13 -16 -8 -12 -8 -7 -6 -11 -3 -7 -4 -6 -1 -1 -3 2 -1 2 5 7 7 4 2 ],2025-05-07_20-02-49-522
CSI_DATA,PASSIVE,5C:E9:31:E8:F4:66,-78,11,0,0,0,0,0,0,0,0,0,-96,0,11,0,1989619025,0,128,0,0,1989.79,128,[-128 0 8 0 9 12 12 14 11 16 15 15 17 14 18 17 19 11 22 12 24 13 22 11 27 14 25 12 25 11 24 10 21 10 21 7 12 5 11 5 11 3 3 5 2 2 -2 -1 -2 3 -7 -1 -11 -3 0 0 0 0 0 0 0 0 0 0 0 0 0 0 0 0 0 0 0 0 0 0 -23 -16 -19 -18 -21 -17 -23 -18 -22 -21 -25 -19 -21 -21 -21 -23 -19 -22 -19 -16 -18 -20 -15 -18 -15 -18 -12 -17 -9 -14 -9 -12 -7 -9 -4 -8 -6 -8 -7 -4 -3 -1 -3 0 -3 2 1 5 0 8 3 6 ],2025-05-07_20-02-49-528
CSI_DATA,PASSIVE,5C:E9:31:E8:F4:66,-78,11,0,0,0,0,0,0,0,0,0,-96,0,11,0,1989619238,0,246,0,0,1989.8,128,[-10 96 15 0 -15 12 -18 12 -14 12 -17 15 -19 22 -19 22 -22 24 -18 25 -20 26 -14 28 -14 27 -16 28 -15 27 -16 26 -11 27 -13 21 -9 22 -11 13 -7 13 -5 8 0 2 -1 1 -2 -3 3 -12 2 -5 0 0 0 0 0 0 0 0 0 0 0 0 0 0 0 0 0 0 0 0 0 0 12 -31 13 -27 14 -27 12 -28 17 -30 16 -26 18 -31 16 -25 20 -28 20 -24 21 -24 21 -22 14 -20 13 -14 11 -8 9 -10 11 -8 9 -8 8 -5 0 -6 -5 -5 -5 -5 -1 3 -5 -1 -5 3 -6 6 ],2025-05-07_20-02-49-533
CSI_DATA,PASSIVE,5C:E9:31:E8:F4:66,-78,11,0,0,0,0,0,0,0,0,0,-96,0,11,0,1989619607,0,128,0,0,1989.8,128,[-128 0 8 0 -1 21 -3 20 0 18 0 22 3 25 2 28 3 30 8 28 5 28 10 30 8 30 13 25 10 26 12 24 9 25 9 22 7 18 3 14 5 11 4 8 1 4 -1 0 -5 0 -3 -4 -6 -11 0 0 0 0 0 0 0 0 0 0 0 0 0 0 0 0 0 0 0 0 0 0 -4 -28 0 -30 0 -30 -2 -34 -2 -32 2 -33 0 -34 2 -32 -1 -33 4 -28 7 -28 4 -28 7 -26 6 -21 2 -21 6 -17 3 -11 0 -9 -3 -7 -2 -6 2 -3 -6 -2 -3 2 -2 1 -8 5 -1 7 ],2025-05-07_20-02-49-540
CSI_DATA,PASSIVE,5C:E9:31:E8:F4:66,-78,11,0,0,0,0,0,0,0,0,0,-96,0,11,0,1989619820,0,432,0,0,1989.81,128,[-80 1 27 0 -12 -4 -16 -2 -18 -4 -21 -5 -22 -5 -26 -5 -25 0 -26 -2 -27 -4 -29 -6 -29 -1 -29 1 -28 3 -28 0 -24 2 -21 1 -18 0 -13 2 -11 1 -4 1 -5 -2 -2 -3 5 -2 5 -1 6 2 0 0 0 0 0 0 0 0 0 0 0 0 0 0 0 0 0 0 0 0 0 0 26 -2 25 0 30 -2 26 -2 30 -1 27 0 32 -2 27 6 28 2 26 1 24 4 19 7 20 9 19 6 17 6 13 3 14 3 7 4 4 1 7 -2 4 -3 -3 -1 -3 -5 -1 -7 -9 -5 -6 -5 ],2025-05-07_20-02-49-544
CSI_DATA,PASSIVE,5C:E9:31:E8:F4:66,-78,11,0,0,0,0,0,0,0,0,0,-96,0,11,0,1989620437,0,452,0,0,1989.81,128,[-60 65 28 0 -3 -18 -1 -21 -3 -23 -7 -27 -8 -24 -11 -26 -13 -30 -12 -28 -15 -31 -14 -28 -17 -29 -16 -27 -17 -26 -12 -26 -13 -25 -9 -26 -10 -17 -4 -13 -6 -8 -1 -7 2 -4 -2 0 2 2 4 4 5 8 0 0 0 0 0 0 0 0 0 0 0 0 0 0 0 0 0 0 0 0 0 0 13 25 14 24 15 23 17 26 15 29 14 28 12 29 11 33 11 25 9 28 11 26 10 25 7 21 4 20 0 16 4 18 3 15 -1 11 2 4 2 6 1 2 1 -1 0 -1 2 -6 -3 -9 -2 -9 ],2025-05-07_20-02-49-549
CSI_DATA,PASSIVE,5C:E9:31:E8:F4:66,-78,11,0,0,0,0,0,0,0,0,0,-96,0,11,0,1989621081,0,276,0,0,1989.82,128,[20 65 17 0 7 13 17 14 17 16 15 15 19 17 21 19 22 14 23 13 23 13 28 17 27 16 27 18 29 13 25 11 22 11 17 12 18 6 15 8 11 5 7 5 3 2 0 0 -3 -2 -7 -2 -12 -9 0 0 0 0 0 0 0 0 0 0 0 0 0 0 0 0 0 0 0 0 0 0 -28 -11 -29 -12 -32 -14 -31 -12 -28 -17 -30 -18 -29 -18 -25 -17 -29 -17 -24 -20 -22 -18 -18 -16 -23 -16 -15 -16 -14 -13 -13 -15 -10 -10 -8 -7 -11 -6 -1 -10 -7 -2 -5 2 1 6 1 7 -3 2 5 7 ],2025-05-07_20-02-49-555
CSI_DATA,PASSIVE,5C:E9:31:E8:F4:66,-78,11,0,0,0,0,0,0,0,0,0,-96,0,11,0,1989621490,0,405,0,0,1989.82,128,[-107 81 25 0 -7 -14 -10 -15 -12 -14 -12 -16 -13 -18 -19 -21 -19 -24 -18 -23 -21 -21 -19 -19 -22 -20 -23 -21 -22 -17 -20 -18 -17 -18 -15 -17 -13 -13 -9 -11 -8 -8 -5 -6 0 -2 1 -1 2 0 3 4 6 6 0 0 0 0 0 0 0 0 0 0 0 0 0 0 0 0 0 0 0 0 0 0 21 15 23 17 23 18 21 18 22 19 21 17 17 20 16 17 18 20 19 19 11 19 14 20 13 19 10 17 12 14 7 12 6 9 3 9 7 7 4 1 2 2 3 -1 -1 -4 1 -3 -2 -7 -4 -11 ],2025-05-07_20-02-49-560
CSI_DATA,PASSIVE,5C:E9:31:E8:F4:66,-78,11,0,0,0,0,0,0,0,0,0,-96,0,11,0,1989622071,0,222,0,0,1989.83,128,[-34 -32 13 0 2 -13 1 -19 1 -19 2 -20 0 -23 -5 -25 0 -30 -2 -25 -4 -30 -8 -27 -10 -26 -9 -26 -7 -28 -7 -28 -9 -21 -8 -23 -7 -19 -6 -16 -5 -11 -1 -9 1 -2 -1 -1 3 2 1 3 4 7 0 0 0 0 0 0 0 0 0 0 0 0 0 0 0 0 0 0 0 0 0 0 6 26 3 27 2 26 5 30 -1 26 -2 30 3 28 1 29 1 26 -1 27 -4 27 -3 22 -4 22 -6 21 -3 19 -4 15 -1 10 -1 10 1 5 1 9 -2 3 3 -1 -1 3 1 1 -2 -8 3 -5 ],2025-05-07_20-02-49-565
CSI_DATA,PASSIVE,5C:E9:31:E8:F4:66,-78,11,0,0,0,0,0,0,0,0,0,-96,0,11,0,1989622408,0,425,0,0,1989.83,128,[-87 -111 26 0 12 12 8 10 15 12 16 13 18 14 21 14 21 17 24 18 22 16 23 13 25 18 21 10 24 8 21 10 21 11 14 8 18 8 10 3 10 7 7 2 7 4 1 2 -3 -4 -3 -4 -9 2 0 0 0 0 0 0 0 0 0 0 0 0 0 0 0 0 0 0 0 0 0 0 -23 -14 -25 -15 -25 -16 -25 -17 -24 -16 -24 -19 -25 -19 -22 -20 -17 -21 -19 -17 -15 -19 -17 -20 -15 -17 -13 -16 -13 -14 -12 -14 -10 -15 -9 -8 -7 -5 -7 -3 -7 -2 -5 3 0 3 -1 5 -3 5 0 5 ],2025-05-07_20-02-49-571
CSI_DATA,PASSIVE,5C:E9:31:E8:F4:66,-77,11,0,0,0,0,0,0,0,0,0,-96,0,11,0,1989624773,0,534,0,0,1989.84,128,[22 98 33 0 1 17 4 19 3 20 4 23 6 23 9 27 11 27 12 29 12 27 14 28 16 26 14 24 14 24 13 28 15 21 12 20 10 17 8 15 3 9 2 6 4 3 -2 3 -3 -2 -5 -7 -7 -10 0 0 0 0 0 0 0 0 0 0 0 0 0 0 0 0 0 0 0 0 0 0 -13 -26 -12 -26 -12 -29 -15 -31 -13 -33 -13 -33 -12 -33 -7 -30 -9 -33 -7 -30 -3 -29 -8 -24 -6 -27 -5 -24 -1 -21 -1 -20 -2 -15 -2 -13 -5 -11 -3 -10 -3 -5 -4 -5 -1 -3 0 4 -1 3 -4 8 ],2025-05-07_20-02-49-577
CSI_DATA,PASSIVE,5C:E9:31:E8:E9:4E,-84,11,0,0,0,0,0,0,0,0,0,-96,0,11,0,1989674092,0,124,0,0,1989.85,128,[124 -64 7 0 1 -19 2 -17 14 -6 6 -6 12 5 6 3 26 -3 6 9 19 -7 17 3 31 5 24 4 28 5 25 4 21 10 32 11 23 8 24 16 16 20 17 16 9 15 5 21 -3 16 3 17 -1 17 0 0 0 0 0 0 0 0 0 0 0 0 0 0 0 0 0 0 0 0 0 0 7 2 11 9 8 -7 13 1 12 -1 14 -5 13 -16 19 -6 15 -20 19 -12 18 -20 13 -12 13 -25 6 -27 6 -29 1 -36 -8 -30 -11 -33 0 -32 -4 -34 -6 -17 -3 -30 -8 -28 -13 -24 -8 -20 -3 -19 ],2025-05-07_20-02-49-582
CSI_DATA,PASSIVE,5C:E9:31:E8:E9:4E,-84,11,0,0,0,0,0,0,0,0,0,-96,0,11,0,1989674301,0,124,0,0,1989.85,128,[124 -64 7 0 -7 4 -8 0 -5 -4 -12 -9 -7 -10 -6 -12 -12 -22 -8 -15 -9 -26 -9 -10 -10 -24 -3 -23 0 -31 2 -24 -8 -24 -9 -31 0 -31 1 -28 13 -25 12 -20 10 -14 15 -18 17 -16 10 -6 12 -5 0 0 0 0 0 0 0 0 0 0 0 0 0 0 0 0 0 0 0 0 0 0 6 -12 -2 -7 -6 -14 -6 -6 -7 -11 -3 -4 -16 -3 -16 1 -16 -6 -28 0 -20 2 -31 -2 -20 -3 -27 3 -29 6 -23 5 -30 14 -38 17 -24 21 -19 22 -19 15 -28 22 -16 15 -24 13 -23 16 -10 19 ],2025-05-07_20-02-49-588
CSI_DATA,PASSIVE,5C:E9:31:E8:E9:4E,-83,11,0,0,0,0,0,0,0,0,0,-96,0,11,0,1989690940,0,219,0,0,1989.86,128,[-37 -80 13 0 5 5 8 1 -4 14 -6 13 -6 9 0 8 -12 11 -9 9 -16 18 -10 14 -5 18 -11 20 -10 15 -15 17 -19 16 -21 16 -22 17 -14 12 -18 7 -14 8 -17 4 -14 4 -14 0 -11 -6 -15 -9 0 0 0 0 0 0 0 0 0 0 0 0 0 0 0 0 0 0 0 0 0 0 -12 -3 -11 -2 -5 4 -11 7 -7 4 -5 5 -7 19 -10 11 -3 17 6 23 -6 19 7 18 8 22 14 14 13 24 14 21 14 17 22 14 27 30 16 24 22 1 24 14 21 6 22 -2 20 4 16 8 ],2025-05-07_20-02-49-594
CSI_DATA,PASSIVE,5C:E9:31:E8:E9:4E,-84,11,0,0,0,0,0,0,0,0,0,-96,0,11,0,1989708785,0,98,0,0,1989.88,128,[98 32 6 0 7 -12 11 2 11 0 -9 3 8 2 6 7 4 12 5 17 -1 19 -5 21 -4 28 1 28 -2 18 -8 24 -8 17 -6 28 -13 17 -17 22 -15 12 -18 16 -19 6 -11 8 -16 -2 -15 0 -16 -7 0 0 0 0 0 0 0 0 0 0 0 0 0 0 0 0 0 0 0 0 0 0 3 7 7 7 5 8 7 5 11 6 7 5 13 2 19 -4 18 -2 18 -9 15 -17 19 -8 20 -13 25 -15 19 -8 30 -10 25 -22 26 -20 17 -25 17 -19 19 -19 11 -24 9 -22 20 -19 9 -19 8 -20 ],2025-05-07_20-02-49-612
CSI_DATA,PASSIVE,5C:E9:31:E8:F4:66,-78,11,0,0,0,0,0,0,0,0,0,-96,0,11,0,1989721798,0,521,0,0,1989.89,128,[9 -110 32 0 13 3 16 10 18 0 22 7 23 6 29 4 24 4 24 6 27 1 26 4 26 5 29 5 28 1 25 3 23 1 16 4 16 1 21 3 10 1 7 2 6 7 4 1 -4 0 -6 -2 -5 -4 0 0 0 0 0 0 0 0 0 0 0 0 0 0 0 0 0 0 0 0 0 0 -27 9 -27 9 -28 10 -28 7 -28 9 -32 7 -30 10 -32 6 -35 5 -31 0 -29 2 -22 2 -25 -4 -22 -2 -16 -3 -19 -2 -17 3 -13 -2 -12 8 -9 4 -4 4 -1 6 0 7 4 9 7 1 9 5 ],2025-05-07_20-02-49-625
CSI_DATA,PASSIVE,5C:E9:31:E8:F4:66,-78,11,0,0,0,0,0,0,0,0,0,-96,0,11,0,1989722535,0,124,0,0,1989.89,128,[124 -64 7 0 22 -8 20 -9 18 -11 15 -6 21 -17 18 -20 22 -15 22 -19 21 -19 21 -25 21 -22 20 -20 22 -22 19 -17 18 -14 19 -14 15 -13 11 -11 10 -8 10 -6 3 1 -4 3 -7 0 -5 -1 -10 5 0 0 0 0 0 0 0 0 0 0 0 0 0 0 0 0 0 0 0 0 0 0 -7 26 -4 25 -11 26 -10 26 -11 28 -16 31 -11 27 -17 28 -18 24 -17 23 -19 23 -19 19 -18 17 -12 18 -14 13 -11 12 -10 11 -3 8 -7 7 -2 5 -2 4 4 4 0 3 8 -2 8 2 11 -4 ],2025-05-07_20-02-49-631
CSI_DATA,PASSIVE,5C:E9:31:E8:F4:66,-78,11,0,0,0,0,0,0,0,0,0,-96,0,11,0,1989722744,0,124,0,0,1989.9,128,[124 -64 7 0 2 -19 0 -22 -5 -21 1 -24 -4 -25 -7 -23 -9 -28 -11 -28 -11 -31 -15 -28 -12 -24 -16 -27 -13 -27 -16 -28 -7 -24 -13 -22 -9 -21 -4 -14 -4 -13 -1 -9 -1 -4 0 -2 0 5 2 5 4 7 0 0 0 0 0 0 0 0 0 0 0 0 0 0 0 0 0 0 0 0 0 0 16 17 14 17 13 20 18 22 17 28 18 23 12 26 11 30 10 26 8 26 12 26 8 22 8 25 5 21 -2 15 4 15 6 10 1 3 6 3 0 5 0 7 8 -1 8 1 2 -3 1 -8 5 -11 ],2025-05-07_20-02-49-636
CSI_DATA,PASSIVE,5C:E9:31:E8:F4:66,-78,11,0,0,0,0,0,0,0,0,0,-96,0,11,0,1989722953,0,124,0,0,1989.91,128,[124 -64 7 0 -15 5 -23 5 -15 6 -19 12 -25 19 -20 14 -22 19 -25 20 -20 20 -22 20 -20 21 -23 21 -20 17 -21 23 -22 15 -14 16 -13 11 -15 7 -6 8 -5 4 -6 1 3 0 3 -2 0 -2 2 -6 0 0 0 0 0 0 0 0 0 0 0 0 0 0 0 0 0 0 0 0 0 0 8 -29 8 -29 6 -29 8 -28 12 -33 7 -29 15 -26 15 -29 9 -24 17 -25 16 -22 16 -23 17 -21 12 -15 7 -14 6 -17 14 -8 5 -10 4 -11 7 -5 -3 -1 -6 -7 -6 3 -6 -4 -8 -3 -7 3 ],2025-05-07_20-02-49-642
CSI_DATA,PASSIVE,5C:E9:31:E8:F4:66,-78,11,0,0,0,0,0,0,0,0,0,-96,0,11,0,1989723162,0,124,0,0,1989.91,128,[124 -64 7 0 -9 17 -5 18 7 21 3 29 6 20 7 20 2 26 8 26 6 25 8 26 9 28 11 26 13 25 10 20 9 18 5 18 4 19 5 14 -1 11 -1 5 1 4 1 3 -3 -3 -3 -8 -4 -10 0 0 0 0 0 0 0 0 0 0 0 0 0 0 0 0 0 0 0 0 0 0 -16 -20 -17 -22 -20 -21 -17 -21 -19 -24 -16 -27 -17 -24 -14 -27 -11 -29 -11 -24 -7 -27 -8 -26 -9 -22 -11 -24 -3 -19 -1 -15 -8 -14 -6 -5 -6 -7 -5 -5 -3 -3 -7 -2 -5 5 -3 6 -4 4 -3 5 ],2025-05-07_20-02-49-647
CSI_DATA,PASSIVE,5C:E9:31:E8:F4:66,-79,11,0,0,0,0,0,0,0,0,0,-96,0,11,0,1989723371,0,124,0,0,1989.92,128,[124 -64 7 0 16 0 24 -3 23 -8 24 -5 27 -7 24 -3 25 -11 26 -8 25 -10 26 -14 31 -13 19 -11 22 -12 23 -8 21 -10 19 -8 16 -7 15 -4 10 -6 8 -5 3 -5 3 4 2 4 -4 2 -12 4 0 0 0 0 0 0 0 0 0 0 0 0 0 0 0 0 0 0 0 0 0 0 -20 15 -20 14 -20 15 -22 16 -26 19 -29 21 -26 16 -25 9 -30 11 -27 12 -30 13 -26 12 -26 10 -22 1 -19 3 -15 4 -17 1 -10 4 -14 6 -8 0 -2 5 -1 4 1 3 0 0 8 5 10 -1 ],2025-05-07_20-02-49-653
CSI_DATA,PASSIVE,5C:E9:31:E8:F4:66,-79,11,0,0,0,0,0,0,0,0,0,-96,0,11,0,1989723580,0,219,0,0,1989.92,128,[-37 -80 13 0 6 -15 10 -20 15 -16 8 -25 7 -24 2 -24 6 -29 8 -29 3 -25 7 -30 6 -27 4 -29 -1 -32 7 -22 4 -26 3 -17 1 -19 4 -16 2 -6 3 -8 1 -3 1 -4 -1 1 1 6 1 7 0 0 0 0 0 0 0 0 0 0 0 0 0 0 0 0 0 0 0 0 0 0 6 26 0 28 4 27 1 28 3 29 -2 32 1 30 5 31 -2 31 -1 29 -7 25 -5 26 -1 23 -6 22 -7 18 -6 15 -1 17 -3 8 5 5 -3 6 3 5 5 -4 5 -5 6 -4 7 -10 8 -8 ],2025-05-07_20-02-49-659
CSI_DATA,PASSIVE,5C:E9:31:E8:F4:66,-78,11,0,0,0,0,0,0,0,0,0,-96,0,11,0,1989723913,0,239,0,0,1989.93,128,[-17 -16 14 0 -11 -14 -10 -16 -12 -18 -17 -20 -16 -22 -22 -20 -18 -16 -22 -19 -25 -20 -23 -18 -26 -16 -24 -18 -24 -19 -27 -13 -21 -14 -14 -14 -15 -9 -9 -9 -8 -7 -6 -4 -4 -3 -2 -2 2 4 5 4 6 4 0 0 0 0 0 0 0 0 0 0 0 0 0 0 0 0 0 0 0 0 0 0 27 8 26 5 26 9 27 10 25 12 24 11 31 12 26 15 25 16 23 14 20 17 18 16 18 13 17 15 13 14 9 8 12 10 5 3 10 3 9 2 6 -1 4 -1 1 -9 2 -8 0 -9 -3 -11 ],2025-05-07_20-02-49-663
CSI_DATA,PASSIVE,5C:E9:31:E8:F4:66,-78,11,0,0,0,0,0,0,0,0,0,-96,0,11,0,1989724274,0,734,0,0,1989.93,128,[-34 -30 45 0 0 -17 -4 -19 -3 -20 -8 -22 -10 -23 -11 -26 -12 -21 -13 -25 -12 -29 -17 -25 -17 -23 -16 -25 -18 -23 -13 -22 -15 -22 -11 -17 -11 -17 -7 -14 -6 -9 -2 -6 -3 -5 -1 1 2 2 4 4 3 7 0 0 0 0 0 0 0 0 0 0 0 0 0 0 0 0 0 0 0 0 0 0 19 18 20 18 17 19 18 20 18 26 18 24 19 26 15 24 15 26 9 26 8 26 8 22 9 24 6 16 7 19 6 13 7 9 8 11 7 8 4 2 5 1 6 0 3 -3 3 -5 4 -8 1 -6 ],2025-05-07_20-02-49-669
CSI_DATA,PASSIVE,5C:E9:31:E8:F4:66,-79,11,0,0,0,0,0,0,0,0,0,-96,0,11,0,1989725295,0,94,0,0,1989.94,128,[94 -32 5 0 20 3 21 1 19 1 20 -4 27 -5 27 -3 29 -11 30 -13 29 -8 29 -12 31 -14 25 -13 28 -13 24 -13 21 -14 22 -15 21 -10 15 -9 13 -3 12 -5 6 0 1 0 1 2 -9 -1 -9 8 0 0 0 0 0 0 0 0 0 0 0 0 0 0 0 0 0 0 0 0 0 0 -30 10 -30 8 -28 10 -30 12 -33 8 -32 12 -33 7 -35 3 -33 6 -33 4 -35 3 -28 -2 -26 2 -25 1 -22 1 -20 -1 -15 0 -13 0 -5 0 -9 -2 -2 0 -1 2 1 6 4 4 7 4 6 3 ],2025-05-07_20-02-49-674
CSI_DATA,PASSIVE,5C:E9:31:E8:E9:4E,-83,11,0,0,0,0,0,0,0,0,0,-96,0,11,0,1989777033,0,90,0,0,1989.94,128,[90 -96 5 0 -6 9 -13 -1 -9 -9 -5 -8 -8 -14 -13 -15 -9 -3 -10 -21 -15 -21 -15 -24 -20 -25 -14 -26 -14 -30 -8 -28 -18 -21 -20 -27 -4 -28 -4 -24 -5 -22 -2 -22 -1 -29 12 -19 9 -11 2 -15 8 -9 0 0 0 0 0 0 0 0 0 0 0 0 0 0 0 0 0 0 0 0 0 0 7 -12 5 -18 5 -12 -3 -3 -8 -20 -4 -2 -24 -12 -9 -8 -21 -2 -18 0 -24 -1 -31 -2 -32 0 -25 -6 -38 7 -34 7 -38 6 -28 16 -22 10 -24 9 -26 19 -21 14 -29 16 -23 8 -28 10 -17 15 ],2025-05-07_20-02-49-681
CSI_DATA,PASSIVE,5C:E9:31:E8:E9:4E,-83,11,0,0,0,0,0,0,0,0,0,-96,0,11,0,1989784946,0,98,0,0,1989.95,128,[98 32 6 0 -15 1 -5 0 -10 -4 -3 -8 -9 -6 1 -11 -7 -22 -12 -19 -12 -15 -6 -24 -6 -19 -4 -30 0 -24 -5 -28 -2 -24 -3 -30 -1 -20 3 -27 8 -20 4 -17 5 -14 8 -10 14 -18 12 -11 19 -9 0 0 0 0 0 0 0 0 0 0 0 0 0 0 0 0 0 0 0 0 0 0 -4 -9 -3 -8 -4 -10 -8 -10 -7 -3 -8 -10 -12 -7 -18 -2 -19 -1 -20 -5 -21 2 -22 2 -25 5 -28 0 -27 14 -27 11 -28 14 -28 11 -27 13 -24 8 -20 16 -18 16 -19 22 -14 14 -16 11 -12 9 ],2025-05-07_20-02-49-688
CSI_DATA,PASSIVE,5C:E9:31:E8:E9:4E,-82,11,0,0,0,0,0,0,0,0,0,-96,0,11,0,1989794531,0,98,0,0,1989.96,128,[98 32 6 0 2 -5 -2 -9 1 -10 1 -7 15 -9 12 -8 14 -17 10 -11 19 -8 16 -17 22 -15 19 -12 19 -17 28 -12 21 -13 33 -13 27 -7 23 -6 22 1 24 6 24 8 15 7 15 12 14 10 10 8 0 0 0 0 0 0 0 0 0 0 0 0 0 0 0 0 0 0 0 0 0 0 16 -6 12 0 10 -2 8 -9 11 -13 4 -11 4 -21 3 -18 6 -21 -3 -24 -2 -24 -3 -34 -8 -30 -4 -28 -7 -32 -21 -26 -11 -31 -21 -22 -25 -27 -18 -30 -16 -26 -19 -25 -15 -21 -24 -13 -15 -12 -16 -14 ],2025-05-07_20-02-49-698
CSI_DATA,PASSIVE,5C:E9:31:E8:E9:4E,-83,11,0,0,0,0,0,0,0,0,0,-96,0,11,0,1989808730,0,130,0,0,1989.98,128,[-126 32 8 0 9 3 4 4 9 4 -1 6 -2 11 -6 10 -15 8 -16 16 -11 12 -15 12 -17 15 -19 14 -19 19 -19 14 -20 16 -21 12 -18 14 -21 12 -26 9 -16 0 -20 0 -18 -1 -16 -3 -15 -3 -8 -13 0 0 0 0 0 0 0 0 0 0 0 0 0 0 0 0 0 0 0 0 0 0 -5 6 -9 4 -5 8 -9 11 -6 11 0 11 7 14 6 16 7 11 9 21 17 18 12 21 15 18 18 17 19 22 22 18 23 13 24 18 31 15 25 16 26 13 22 11 21 6 13 5 16 4 11 3 ],2025-05-07_20-02-49-712
CSI_DATA,PASSIVE,5C:E9:31:E8:E9:4E,-84,11,0,0,0,0,0,0,0,0,0,-96,0,11,0,1989811544,0,100,0,0,1989.98,128,[100 64 6 0 7 12 4 7 -3 8 -3 4 -2 13 -3 11 -4 17 -4 17 -5 15 -8 22 -11 11 -4 15 -12 21 -12 20 -14 17 -18 14 -20 16 -19 10 -17 15 -18 9 -15 7 -15 1 -19 -1 -18 -5 -19 -7 0 0 0 0 0 0 0 0 0 0 0 0 0 0 0 0 0 0 0 0 0 0 -3 5 -5 8 -3 12 -1 15 3 10 0 12 10 12 9 10 16 10 16 17 15 17 17 16 22 18 27 8 26 9 25 6 27 6 22 11 26 1 20 0 29 5 21 7 33 -5 16 2 19 -5 17 -6 ],2025-05-07_20-02-49-717
CSI_DATA,PASSIVE,5C:E9:31:E8:F4:66,-80,11,0,0,0,0,0,0,0,0,0,-96,0,11,0,1989826444,0,128,0,0,1989.99,128,[-128 0 8 0 -1 15 8 14 14 20 11 23 11 21 18 24 17 26 20 23 20 20 23 22 25 21 27 24 33 19 24 21 22 19 23 18 17 14 15 9 12 3 7 5 9 3 3 -2 5 -7 2 -12 1 -12 0 0 0 0 0 0 0 0 0 0 0 0 0 0 0 0 0 0 0 0 0 0 -26 20 -24 16 -25 18 -28 14 -26 11 -27 11 -31 3 -26 8 -25 1 -29 -2 -25 3 -22 -4 -23 -2 -17 -3 -17 -9 -7 -7 -11 -3 -10 2 -6 -1 -3 -2 -10 2 -7 2 -3 3 -6 4 0 7 0 10 ],2025-05-07_20-02-49-730
CSI_DATA,PASSIVE,5C:E9:31:E8:F4:66,-80,11,0,0,0,0,0,0,0,0,0,-96,0,11,0,1989826657,0,158,0,0,1990,128,[-98 -32 9 0 -10 7 -21 8 -20 10 -17 15 -23 17 -25 20 -22 19 -24 24 -22 23 -22 27 -21 27 -21 27 -19 28 -20 28 -16 25 -12 23 -16 19 -15 20 -7 13 -4 13 -4 9 2 2 3 1 6 0 9 -5 0 0 0 0 0 0 0 0 0 0 0 0 0 0 0 0 0 0 0 0 0 0 -12 -29 -7 -29 -8 -29 -5 -33 -5 -32 -4 -33 0 -32 3 -28 0 -29 8 -25 9 -25 9 -24 6 -17 9 -16 5 -16 10 -9 2 -13 2 -6 -1 -8 -1 -9 -4 -3 0 -8 -2 -6 -7 -3 -7 -4 -11 -5 ],2025-05-07_20-02-49-736
CSI_DATA,PASSIVE,5C:E9:31:E8:F4:66,-80,11,0,0,0,0,0,0,0,0,0,-96,0,11,0,1989826910,0,94,0,0,1990,128,[94 -32 5 0 7 14 9 18 8 18 6 21 13 24 15 23 18 24 15 28 23 24 22 28 20 25 26 31 22 21 23 31 20 21 20 11 23 12 15 11 14 9 10 3 5 5 -2 -2 0 -11 0 -7 3 -11 0 0 0 0 0 0 0 0 0 0 0 0 0 0 0 0 0 0 0 0 0 0 -27 6 -27 5 -36 1 -29 -2 -28 4 -34 -2 -27 0 -32 -6 -23 -9 -27 -4 -22 -8 -17 -10 -17 -8 -13 -13 -10 -10 -14 -11 -9 -5 -6 -6 -7 -1 -7 -3 -6 7 -3 1 -7 8 -6 10 -4 4 4 10 ],2025-05-07_20-02-49-741
CSI_DATA,PASSIVE,5C:E9:31:E8:F4:66,-80,11,0,0,0,0,0,0,0,0,0,-96,0,11,0,1989827079,0,128,0,0,1990.01,128,[-128 0 8 0 -18 7 -19 6 -20 6 -21 1 -18 9 -22 12 -21 16 -23 17 -17 20 -21 21 -21 21 -17 23 -22 21 -21 21 -14 18 -17 17 -8 18 -12 16 -13 9 -6 8 0 7 3 2 6 -3 6 -2 11 2 0 0 0 0 0 0 0 0 0 0 0 0 0 0 0 0 0 0 0 0 0 0 -1 -27 -2 -24 0 -28 2 -28 1 -28 3 -25 4 -33 9 -29 4 -27 9 -22 12 -20 7 -18 10 -20 9 -13 8 -7 7 -5 5 -5 3 -9 7 -5 -3 -5 -1 -1 -1 -1 -1 -5 -5 -4 -13 0 -12 -1 ],2025-05-07_20-02-49-746
CSI_DATA,PASSIVE,5C:E9:31:E8:F4:66,-80,11,0,0,0,0,0,0,0,0,0,-96,0,11,0,1989827292,0,94,0,0,1990.01,128,[94 -32 5 0 -10 -13 -15 -9 -17 -18 -22 -21 -23 -14 -22 -14 -24 -16 -26 -17 -28 -15 -30 -11 -32 -14 -32 -11 -30 -8 -32 -10 -31 -9 -31 -11 -24 -6 -22 -4 -13 -3 -14 -2 -6 2 -1 4 -2 3 -1 9 5 12 0 0 0 0 0 0 0 0 0 0 0 0 0 0 0 0 0 0 0 0 0 0 13 -23 16 -22 17 -25 17 -24 24 -24 19 -21 24 -18 25 -17 25 -14 24 -14 18 -9 21 -8 15 -4 16 -2 18 -2 13 3 11 3 4 1 4 2 5 -6 3 -3 0 -6 0 -7 -2 -8 -10 -8 -6 -13 ],2025-05-07_20-02-49-752
CSI_DATA,PASSIVE,5C:E9:31:E8:F4:66,-80,11,0,0,0,0,0,0,0,0,0,-96,0,11,0,1989827461,0,86,0,0,1990.02,128,[86 96 5 0 8 -19 9 -14 7 -19 9 -22 5 -22 12 -22 9 -25 6 -28 4 -36 6 -29 3 -36 3 -29 5 -31 -4 -36 -4 -27 -6 -27 -6 -22 1 -17 -3 -16 -5 -9 3 -9 -7 -6 -6 3 -11 4 -12 6 0 0 0 0 0 0 0 0 0 0 0 0 0 0 0 0 0 0 0 0 0 0 21 16 20 22 17 17 21 27 18 26 17 26 19 21 17 30 11 20 9 20 4 25 1 22 7 20 -3 19 -5 15 -6 15 -2 9 -7 5 4 10 2 7 7 1 6 5 2 -5 8 -12 7 -10 8 -7 ],2025-05-07_20-02-49-757
CSI_DATA,PASSIVE,5C:E9:31:E8:F4:66,-80,11,0,0,0,0,0,0,0,0,0,-96,0,11,0,1989827618,0,98,0,0,1990.03,128,[98 32 6 0 -6 -18 -6 -20 -8 -25 -3 -30 -8 -22 -12 -25 -9 -25 -17 -25 -20 -25 -11 -24 -21 -27 -12 -24 -21 -24 -14 -19 -20 -17 -20 -21 -16 -15 -12 -16 -12 -9 -14 -12 -6 -6 -3 4 -5 4 -3 8 -2 15 0 0 0 0 0 0 0 0 0 0 0 0 0 0 0 0 0 0 0 0 0 0 28 -8 26 -7 26 -7 23 -2 29 -5 20 0 23 1 26 1 24 4 20 6 16 3 15 12 17 11 12 9 8 9 9 8 4 7 4 2 4 7 2 6 3 0 0 -4 5 -4 0 -8 3 -12 1 -12 ],2025-05-07_20-02-49-762
CSI_DATA,PASSIVE,5C:E9:31:E8:F4:66,-80,11,0,0,0,0,0,0,0,0,0,-96,0,11,0,1989827791,0,130,0,0,1990.03,128,[-126 32 8 0 -14 12 -19 11 -19 12 -17 15 -21 21 -20 17 -23 21 -19 24 -21 23 -21 26 -19 27 -24 30 -17 29 -14 26 -18 29 -15 23 -13 21 -9 20 -5 13 -6 7 1 6 2 6 5 4 6 0 12 -1 0 0 0 0 0 0 0 0 0 0 0 0 0 0 0 0 0 0 0 0 0 0 -20 -20 -20 -17 -19 -24 -19 -25 -20 -26 -16 -26 -17 -29 -11 -28 -9 -29 -7 -25 -8 -21 0 -25 -2 -18 -2 -16 3 -20 3 -11 3 -11 2 -9 1 -6 0 -8 -3 -8 -3 -3 -5 0 -8 -1 -9 5 -9 6 ],2025-05-07_20-02-49-768
CSI_DATA,PASSIVE,5C:E9:31:E8:F4:66,-80,11,0,0,0,0,0,0,0,0,0,-96,0,11,0,1989828008,0,100,0,0,1990.04,128,[100 64 6 0 16 7 17 9 21 12 25 15 25 9 28 8 29 6 30 12 32 5 32 2 36 -1 34 3 32 1 30 -5 29 0 27 2 20 -4 21 -1 14 -6 10 -1 7 -5 1 -1 -2 -4 -7 -9 -11 -7 0 0 0 0 0 0 0 0 0 0 0 0 0 0 0 0 0 0 0 0 0 0 -18 24 -22 19 -23 20 -26 21 -28 15 -26 16 -25 16 -25 14 -25 7 -28 7 -22 11 -20 6 -21 1 -19 0 -16 0 -16 -2 -14 -3 -7 2 -5 0 -2 0 -1 -2 -3 2 -1 4 -1 -2 4 4 6 7 ],2025-05-07_20-02-49-773
CSI_DATA,PASSIVE,5C:E9:31:E8:F4:66,-79,11,0,0,0,0,0,0,0,0,0,-96,0,11,0,1989828185,0,141,0,0,1990.04,128,[-115 -48 8 0 4 19 8 22 12 20 11 20 16 24 14 21 15 24 16 25 18 25 27 21 24 23 27 23 22 22 26 23 22 21 20 15 17 18 14 9 12 10 5 5 7 1 4 -3 4 -10 -4 -8 -1 -10 0 0 0 0 0 0 0 0 0 0 0 0 0 0 0 0 0 0 0 0 0 0 -26 10 -29 11 -30 8 -29 11 -29 6 -31 6 -29 4 -28 0 -30 -3 -26 -5 -25 -2 -20 -6 -22 -8 -15 -10 -13 -12 -12 -7 -9 -7 -10 -3 -10 -2 -6 -1 -8 -1 -7 3 -1 2 -4 2 0 6 -2 9 ],2025-05-07_20-02-49-779
CSI_DATA,PASSIVE,5C:E9:31:E8:E9:4E,-83,11,0,0,0,0,0,0,0,0,0,-96,0,11,0,1989891052,0,140,0,0,1990.06,128,[-116 -64 8 0 4 10 4 12 -4 9 -5 -1 -4 7 -11 3 -22 4 -18 0 -19 5 -16 5 -21 2 -26 6 -20 0 -23 0 -28 1 -24 -1 -26 1 -28 -6 -18 -1 -21 -7 -14 -9 -15 -9 -16 -17 -14 -8 -4 -13 0 0 0 0 0 0 0 0 0 0 0 0 0 0 0 0 0 0 0 0 0 0 -9 -4 -7 -2 -8 0 -12 5 -5 0 -5 7 -9 11 -5 18 -5 21 -6 20 -4 25 1 24 3 24 2 26 3 23 3 25 7 30 3 28 16 30 7 24 8 18 11 19 12 4 12 22 3 10 7 4 ],2025-05-07_20-02-49-794
CSI_DATA,PASSIVE,5C:E9:31:E8:E9:4E,-84,11,0,0,0,0,0,0,0,0,0,-96,0,11,0,1989894753,0,98,0,0,1990.06,128,[98 32 6 0 -1 2 4 4 -7 -4 -10 -4 -13 -4 -8 -3 -16 -8 -20 -1 -20 -1 -17 -9 -23 -5 -21 -9 -19 -8 -16 -13 -17 -8 -14 -14 -21 -11 -12 -14 -14 -15 -6 -16 -7 -15 -4 -14 -11 -15 9 -16 1 -8 0 0 0 0 0 0 0 0 0 0 0 0 0 0 0 0 0 0 0 0 0 0 -8 0 -16 -6 -10 -3 -5 -2 -7 -3 -8 12 -14 13 -21 22 -16 17 -20 21 -15 19 -9 23 -16 24 -13 26 -8 17 -8 28 -4 22 -3 19 -7 24 -15 30 2 23 1 25 -2 16 -1 13 4 18 -5 15 ],2025-05-07_20-02-49-800
CSI_DATA,PASSIVE,5C:E9:31:E8:F4:66,-79,11,0,0,0,0,0,0,0,0,0,-96,0,11,0,1989926146,0,125,0,0,1990.09,128,[125 -48 7 0 -17 -3 -19 -4 -20 -1 -26 1 -28 3 -28 1 -31 2 -32 7 -35 6 -34 6 -33 3 -34 8 -36 10 -34 8 -30 8 -28 8 -24 4 -21 2 -17 -2 -16 1 -14 -1 -7 -5 -2 -7 1 -3 6 -6 0 0 0 0 0 0 0 0 0 0 0 0 0 0 0 0 0 0 0 0 0 0 21 -17 18 -17 20 -17 22 -16 21 -18 23 -18 22 -15 21 -16 21 -17 20 -13 19 -11 20 -9 17 -9 17 -8 10 -8 9 -5 9 -4 8 -8 3 -2 4 -1 -5 -3 -4 0 -3 -5 -1 -2 -9 -1 -11 -4 ],2025-05-07_20-02-49-829
CSI_DATA,PASSIVE,5C:E9:31:E8:F4:66,-79,11,0,0,0,0,0,0,0,0,0,-96,0,11,0,1989926355,0,145,0,0,1990.1,128,[-111 16 9 0 -11 17 -7 23 -7 21 -9 21 -6 26 -3 26 -4 31 1 32 -6 29 0 32 -1 35 2 33 -2 33 2 31 -2 30 0 31 -1 24 -1 18 -1 19 -5 14 -2 10 -4 8 -5 3 -5 -3 -4 -7 0 0 0 0 0 0 0 0 0 0 0 0 0 0 0 0 0 0 0 0 0 0 -7 -23 -2 -26 -6 -24 -7 -27 -6 -27 -6 -30 -3 -27 -2 -29 -2 -28 -2 -26 0 -26 -2 -21 0 -21 0 -16 2 -15 -4 -18 1 -12 -3 -13 -2 -9 -1 -5 -4 1 -7 1 -4 3 -7 0 -4 5 -7 7 ],2025-05-07_20-02-49-835
CSI_DATA,PASSIVE,5C:E9:31:E8:F4:66,-78,11,0,0,0,0,0,0,0,0,0,-96,0,11,0,1989926592,0,158,0,0,1990.1,128,[-98 -32 9 0 8 18 4 13 14 17 11 16 14 20 26 25 18 22 17 25 24 21 24 23 24 24 25 21 23 25 27 24 22 21 19 22 13 21 13 15 11 14 5 8 2 8 1 7 -5 8 -8 2 -9 1 0 0 0 0 0 0 0 0 0 0 0 0 0 0 0 0 0 0 0 0 0 0 -21 -10 -23 -14 -26 -8 -20 -14 -23 -18 -28 -12 -27 -18 -29 -13 -20 -12 -20 -11 -16 -12 -18 -13 -22 -12 -12 -14 -11 -15 -9 -11 -7 -9 -7 -4 -14 -2 -9 -5 -4 4 -3 9 -4 3 -4 3 -1 7 0 9 ],2025-05-07_20-02-49-840
CSI_DATA,PASSIVE,5C:E9:31:E8:F4:66,-79,11,0,0,0,0,0,0,0,0,0,-96,0,11,0,1989926845,0,120,0,0,1990.11,128,[120 -128 7 0 17 -2 16 -3 23 -7 22 -8 22 -11 27 -7 26 -11 28 -11 28 -21 26 -15 29 -17 32 -19 30 -21 28 -18 31 -14 28 -14 18 -12 17 -7 16 -11 12 -9 17 0 7 5 4 -1 -3 6 -9 6 0 0 0 0 0 0 0 0 0 0 0 0 0 0 0 0 0 0 0 0 0 0 -21 11 -24 11 -25 11 -25 8 -28 11 -29 13 -24 13 -27 9 -27 10 -24 6 -24 11 -20 6 -19 2 -20 6 -14 4 -13 5 -10 5 -5 9 -2 5 -4 -1 -1 3 1 4 -1 2 6 1 9 0 13 0 ],2025-05-07_20-02-49-846
CSI_DATA,PASSIVE,5C:E9:31:E8:F4:66,-79,11,0,0,0,0,0,0,0,0,0,-96,0,11,0,1989927046,0,140,0,0,1990.11,128,[-116 -64 8 0 13 -14 12 -19 11 -23 17 -17 11 -23 11 -29 10 -26 11 -29 11 -31 10 -29 9 -31 10 -34 10 -30 10 -36 13 -31 9 -25 11 -31 11 -22 10 -16 6 -15 7 -10 4 -8 0 -1 4 6 1 6 0 0 0 0 0 0 0 0 0 0 0 0 0 0 0 0 0 0 0 0 0 0 0 26 0 24 0 27 0 24 1 27 0 29 -5 31 0 26 -7 28 -3 25 -6 28 -1 21 -2 17 4 17 -4 10 -1 12 0 11 -4 10 2 4 2 8 2 6 1 -1 2 -3 8 -10 6 -7 6 -11 ],2025-05-07_20-02-49-851
CSI_DATA,PASSIVE,5C:E9:31:E8:F4:66,-77,11,0,0,0,0,0,0,0,0,0,-96,0,11,0,1989927275,0,120,0,0,1990.12,128,[120 -128 7 0 2 -14 4 -16 3 -19 2 -22 2 -21 3 -23 -1 -27 -3 -27 2 -35 -1 -30 -3 -29 -5 -34 -3 -31 -6 -29 -1 -26 0 -27 -2 -22 0 -19 2 -18 0 -15 0 -10 1 -7 4 -2 1 5 8 6 0 0 0 0 0 0 0 0 0 0 0 0 0 0 0 0 0 0 0 0 0 0 8 16 9 17 10 18 8 23 10 21 8 24 8 25 9 26 12 27 0 17 4 13 8 19 6 16 5 12 0 13 4 8 1 10 0 12 4 10 1 -2 2 -4 3 -5 0 -4 5 -5 7 -11 5 -11 ],2025-05-07_20-02-49-856
CSI_DATA,PASSIVE,5C:E9:31:E8:F4:66,-79,11,0,0,0,0,0,0,0,0,0,-96,0,11,0,1989927476,0,140,0,0,1990.13,128,[-116 -64 8 0 1 -18 5 -21 -3 -20 -2 -25 -11 -27 -5 -27 -6 -32 -8 -34 -10 -33 -11 -33 -11 -33 -11 -30 -11 -32 -10 -31 -9 -27 -8 -28 -9 -25 -6 -24 -3 -20 -2 -15 -2 -10 4 -8 1 -3 8 3 4 3 0 0 0 0 0 0 0 0 0 0 0 0 0 0 0 0 0 0 0 0 0 0 14 18 15 16 16 21 17 19 16 20 17 22 15 23 16 26 16 22 12 22 8 23 7 22 10 18 7 16 7 10 6 12 6 8 5 7 3 7 3 2 4 2 5 -5 7 -4 3 -7 2 -11 6 -12 ],2025-05-07_20-02-49-862
CSI_DATA,PASSIVE,5C:E9:31:E8:F4:66,-79,11,0,0,0,0,0,0,0,0,0,-96,0,11,0,1989927705,0,94,0,0,1990.13,128,[94 -32 5 0 7 -13 7 -14 11 -20 5 -22 8 -25 6 -25 7 -24 8 -26 7 -31 4 -29 4 -30 1 -30 3 -32 2 -28 3 -23 6 -24 2 -24 3 -23 6 -16 5 -14 5 -8 4 -5 1 -2 4 4 2 8 0 0 0 0 0 0 0 0 0 0 0 0 0 0 0 0 0 0 0 0 0 0 6 20 3 21 6 19 2 21 6 22 4 25 2 24 2 24 2 21 3 22 -1 22 -1 19 2 16 2 15 1 15 -2 8 -2 7 -3 4 1 4 4 0 5 -1 6 0 4 -2 6 -6 3 -6 2 -11 ],2025-05-07_20-02-49-867
CSI_DATA,PASSIVE,5C:E9:31:E8:F4:66,-79,11,0,0,0,0,0,0,0,0,0,-96,0,11,0,1989927874,0,246,0,0,1990.14,128,[-10 96 15 0 16 -1 17 0 16 0 17 -2 23 -3 14 -1 27 -9 21 -11 28 -11 28 -2 19 -9 12 -12 16 -12 36 -8 15 -5 13 -15 19 -18 15 -4 19 -7 9 -10 1 3 11 7 2 2 1 1 -8 6 0 0 0 0 0 0 0 0 0 0 0 0 0 0 0 0 0 0 0 0 0 0 -22 9 -17 9 -21 7 -19 10 -25 6 -20 3 -23 8 -20 11 -31 7 -19 5 -17 7 -16 6 -9 -8 -6 0 -15 7 -4 0 -15 7 -5 4 0 -2 1 -6 -2 -11 -2 12 6 0 6 6 6 9 10 3 ],2025-05-07_20-02-49-872
CSI_DATA,PASSIVE,5C:E9:31:E8:F4:66,-79,11,0,0,0,0,0,0,0,0,0,-96,0,11,0,1989928243,0,272,0,0,1990.14,128,[16 1 17 0 23 -2 24 -2 23 -2 20 -3 24 -5 28 -2 25 -8 36 -5 31 -8 33 -9 36 -7 35 -13 33 -10 30 -8 31 -8 25 -11 22 -5 21 -7 18 -3 13 -5 11 -1 4 3 0 0 0 5 -5 4 0 0 0 0 0 0 0 0 0 0 0 0 0 0 0 0 0 0 0 0 0 0 -22 13 -20 19 -21 16 -22 18 -19 17 -27 20 -25 16 -24 17 -22 19 -25 11 -24 16 -20 9 -19 11 -13 3 -11 12 -8 6 -11 1 -7 8 -4 4 -5 6 2 3 7 4 4 3 4 4 8 6 11 9 ],2025-05-07_20-02-49-878
CSI_DATA,PASSIVE,5C:E9:31:E8:E9:4E,-83,11,0,0,0,0,0,0,0,0,0,-96,0,11,0,1989959255,0,174,0,0,1990.15,128,[-82 -32 10 0 -3 3 5 6 9 -2 -5 8 1 11 -4 17 -3 18 -3 22 -6 21 4 20 -4 24 3 23 1 22 -5 24 -3 25 -10 24 -8 18 -10 16 -12 17 -18 14 -18 10 -19 9 -14 0 -17 1 -12 -8 0 0 0 0 0 0 0 0 0 0 0 0 0 0 0 0 0 0 0 0 0 0 8 7 6 -3 2 6 11 5 12 2 8 -9 20 -7 15 -5 15 -6 25 -4 23 -9 26 -15 28 -9 23 -13 38 -16 26 -20 18 -18 12 -18 18 -16 22 -11 24 -23 19 -16 17 -16 15 -17 10 -10 15 -14 ],2025-05-07_20-02-49-883
CSI_DATA,PASSIVE,5C:E9:31:E8:E9:4E,-82,11,0,0,0,0,0,0,0,0,0,-96,0,11,0,1989959528,0,194,0,0,1990.15,128,[-62 32 12 0 7 -1 0 -13 -1 -8 3 -11 -4 -9 -4 -10 -7 -8 0 -18 -6 -22 2 -18 1 -19 1 -27 5 -23 5 -24 6 -31 6 -12 1 -25 15 -18 11 -17 6 -18 15 -8 15 -11 17 -10 13 -6 21 -2 0 0 0 0 0 0 0 0 0 0 0 0 0 0 0 0 0 0 0 0 0 0 -3 -8 -1 -15 -3 -14 -12 -2 -13 -9 -10 -6 -14 0 -17 1 -22 -8 -26 -9 -29 -9 -31 -5 -31 -5 -29 1 -24 2 -35 -1 -28 7 -27 8 -21 13 -25 9 -18 8 -29 13 -21 6 -9 9 -17 13 -18 8 ],2025-05-07_20-02-49-889
CSI_DATA,PASSIVE,5C:E9:31:E8:E9:4E,-85,11,0,0,0,0,0,0,0,0,0,-96,0,11,0,1989974822,0,108,0,0,1990.16,128,[108 -64 6 0 5 -1 10 11 -5 12 -7 15 -10 10 -8 5 0 15 -4 19 -20 10 -9 17 -2 19 -5 23 -14 22 -7 18 -17 14 -11 15 -11 25 -14 7 -20 7 -16 12 -16 8 -11 7 -16 3 -17 -4 -12 2 0 0 0 0 0 0 0 0 0 0 0 0 0 0 0 0 0 0 0 0 0 0 -6 1 -3 10 1 11 2 12 4 12 9 13 13 11 14 21 14 24 19 25 17 6 18 30 18 14 26 24 26 23 22 3 27 11 24 5 20 15 19 -3 30 -3 19 1 15 3 7 1 20 7 17 -1 ],2025-05-07_20-02-49-894
CSI_DATA,PASSIVE,5C:E9:31:E8:F4:66,-79,11,0,0,0,0,0,0,0,0,0,-96,0,11,0,1990028501,0,194,0,0,1990.2,128,[-62 32 12 0 -15 -1 -20 2 -19 -1 -25 5 -20 -4 -27 5 -28 5 -24 5 -27 6 -32 6 -30 5 -34 8 -32 5 -35 9 -28 7 -28 8 -29 1 -23 3 -19 6 -18 -1 -11 -6 -9 -6 -3 -7 -2 -7 0 -7 0 0 0 0 0 0 0 0 0 0 0 0 0 0 0 0 0 0 0 0 0 0 21 -5 27 -8 29 -10 32 -8 31 -9 27 -10 25 -10 30 -10 25 -12 23 -7 19 -10 21 -6 20 -6 13 -5 11 -9 10 -5 7 -1 6 -1 3 1 0 -7 0 -1 0 -5 -2 0 -3 -3 -8 -5 -8 -2 ],2025-05-07_20-02-49-932
CSI_DATA,PASSIVE,5C:E9:31:E8:F4:66,-81,11,0,0,0,0,0,0,0,0,0,-96,0,11,0,1990028802,0,108,0,0,1990.2,128,[108 -64 6 0 0 -12 2 -18 3 -19 2 -21 0 -18 1 -27 5 -23 -1 -33 -1 -31 -2 -33 -5 -34 -3 -31 -4 -34 -4 -28 -4 -32 -4 -28 -3 -27 -2 -27 0 -21 3 -17 4 -14 9 -7 6 -4 6 -3 7 3 0 0 0 0 0 0 0 0 0 0 0 0 0 0 0 0 0 0 0 0 0 0 -6 25 -8 25 -7 26 -4 26 -8 27 -4 31 -5 31 -3 29 -7 26 -2 25 -1 18 -1 19 -2 20 -1 17 -2 13 -2 10 -1 9 0 8 0 -2 -1 -1 0 -3 1 -4 -3 -4 -1 1 0 -9 -1 -3 ],2025-05-07_20-02-49-937
CSI_DATA,PASSIVE,5C:E9:31:E8:F4:66,-81,11,0,0,0,0,0,0,0,0,0,-96,0,11,0,1990028987,0,133,0,0,1990.21,128,[-123 80 8 0 11 -14 5 -15 13 -16 5 -20 11 -21 11 -24 7 -30 8 -31 9 -30 3 -30 11 -31 5 -34 2 -28 5 -28 0 -29 11 -23 4 -22 7 -18 5 -21 7 -17 4 -10 5 -5 8 -5 8 0 8 9 0 0 0 0 0 0 0 0 0 0 0 0 0 0 0 0 0 0 0 0 0 0 -14 20 -20 20 -16 24 -18 24 -17 24 -21 21 -13 20 -15 23 -14 22 -8 18 -13 24 -10 15 -10 18 -8 16 -12 12 -4 8 -1 5 -2 4 -5 4 -2 5 -10 1 3 2 -2 -4 2 -5 1 -7 7 -1 ],2025-05-07_20-02-49-943
CSI_DATA,PASSIVE,5C:E9:31:E8:F4:66,-80,11,0,0,0,0,0,0,0,0,0,-96,0,11,0,1990029207,0,153,0,0,1990.21,128,[-103 -112 9 0 11 -11 4 -11 10 -17 8 -16 6 -20 9 -21 14 -23 16 -25 17 -23 15 -30 10 -30 15 -27 8 -28 16 -28 11 -24 9 -23 15 -24 8 -23 11 -18 12 -17 9 -9 12 -3 8 -2 5 3 2 8 0 0 0 0 0 0 0 0 0 0 0 0 0 0 0 0 0 0 0 0 0 0 -22 21 -16 20 -18 19 -18 22 -22 25 -17 25 -17 27 -21 23 -18 26 -14 20 -19 16 -15 18 -9 9 -14 10 -8 14 -8 9 -4 4 -3 6 -2 2 -2 2 1 -1 1 -5 -3 -6 10 -8 -2 -6 6 -7 ],2025-05-07_20-02-49-948
CSI_DATA,PASSIVE,5C:E9:31:E8:F4:66,-80,11,0,0,0,0,0,0,0,0,0,-96,0,11,0,1990029452,0,128,0,0,1990.22,128,[-128 0 8 0 -5 -13 -2 -13 -1 -19 -1 -29 -4 -26 -6 -20 -5 -26 -12 -26 -2 -31 -7 -28 -7 -29 -12 -28 -7 -29 -8 -25 -7 -22 -8 -28 -3 -26 -2 -24 -1 -22 -2 -21 -3 -13 3 -9 5 -7 4 -4 5 2 0 0 0 0 0 0 0 0 0 0 0 0 0 0 0 0 0 0 0 0 0 0 4 25 7 23 7 23 8 28 5 27 4 25 6 27 8 24 8 27 6 24 5 20 1 20 8 17 5 17 0 13 2 11 4 6 5 3 7 11 1 0 3 4 -2 2 4 -1 2 -7 -4 -11 -1 -7 ],2025-05-07_20-02-49-954
CSI_DATA,PASSIVE,5C:E9:31:E8:F4:66,-80,11,0,0,0,0,0,0,0,0,0,-96,0,11,0,1990029665,0,124,0,0,1990.22,128,[124 -64 7 0 13 0 16 -7 20 -2 26 -4 22 -3 29 -1 26 -4 31 -2 27 -8 24 -3 31 -10 29 -8 35 -10 33 -8 35 -4 32 -4 30 -10 20 -3 26 -1 21 0 8 -1 6 11 1 10 3 9 -1 5 0 0 0 0 0 0 0 0 0 0 0 0 0 0 0 0 0 0 0 0 0 0 -26 13 -25 15 -25 15 -27 17 -27 13 -31 21 -23 18 -25 14 -29 17 -17 10 -24 13 -21 16 -20 6 -18 6 -18 0 -9 3 -13 8 -7 6 -9 5 -8 9 -9 -3 0 4 12 2 9 8 11 -3 -4 -10 ],2025-05-07_20-02-49-959
CSI_DATA,PASSIVE,5C:E9:31:E8:F4:66,-80,11,0,0,0,0,0,0,0,0,0,-96,0,11,0,1990029874,0,80,0,0,1990.23,128,[80 0 5 0 2 -19 -2 -19 -2 -21 0 -21 0 -21 2 -29 -8 -28 -1 -31 -2 -34 -12 -32 -10 -36 -12 -34 -5 -44 -6 -37 -5 -37 -7 -33 -4 -28 -4 -27 -1 -29 -2 -21 4 -17 6 -11 3 -6 6 -2 13 0 0 0 0 0 0 0 0 0 0 0 0 0 0 0 0 0 0 0 0 0 0 0 -8 26 -9 27 -2 30 -2 33 -2 31 -2 36 -1 40 -8 31 1 27 1 28 0 28 1 22 2 24 -3 17 3 16 3 9 0 5 0 5 1 1 0 4 0 6 2 1 -3 -3 2 -11 5 -2 4 -5 ],2025-05-07_20-02-49-965
CSI_DATA,PASSIVE,5C:E9:31:E8:F4:66,-80,11,0,0,0,0,0,0,0,0,0,-96,0,11,0,1990030023,0,94,0,0,1990.23,128,[94 -32 5 0 3 -12 7 -18 8 -19 5 -15 9 -20 4 -24 11 -31 8 -31 7 -25 5 -33 7 -33 8 -36 4 -34 6 -34 3 -27 6 -27 7 -23 6 -25 6 -17 9 -15 12 -12 5 -6 9 -4 3 0 8 3 0 0 0 0 0 0 0 0 0 0 0 0 0 0 0 0 0 0 0 0 0 0 -14 24 -12 20 -15 27 -15 22 -12 24 -14 27 -13 27 -12 23 -9 24 -13 24 -10 21 -11 20 -9 16 -2 10 -8 11 -3 13 0 7 -3 4 -2 5 0 -1 -3 2 2 3 1 -1 -1 -4 1 -3 7 -6 ],2025-05-07_20-02-49-969
CSI_DATA,PASSIVE,5C:E9:31:E8:F4:66,-79,11,0,0,0,0,0,0,0,0,0,-96,0,11,0,1990130776,0,370,0,0,1990.3,128,[114 33 23 0 11 6 15 15 17 15 20 10 19 12 19 12 25 8 23 10 32 12 27 18 29 11 33 16 29 14 30 13 32 14 28 9 23 9 17 8 19 10 14 11 9 4 2 12 3 7 -3 4 -10 2 0 0 0 0 0 0 0 0 0 0 0 0 0 0 0 0 0 0 0 0 0 0 -30 7 -29 10 -32 7 -32 7 -33 7 -33 11 -32 7 -25 7 -25 8 -23 2 -27 8 -14 2 -24 -2 -17 1 -8 -3 -5 0 -9 1 -6 4 0 5 0 4 -2 -1 3 -1 3 4 6 2 3 7 5 13 ],2025-05-07_20-02-50-34
CSI_DATA,PASSIVE,5C:E9:31:E8:F4:66,-80,11,0,0,0,0,0,0,0,0,0,-96,0,11,0,1990131313,0,250,0,0,1990.3,128,[-6 -96 15 0 10 11 6 15 15 14 13 15 18 15 18 10 25 17 24 15 25 18 27 16 32 13 32 13 31 17 30 12 27 15 25 9 24 7 21 12 15 13 14 9 8 7 8 4 1 9 -5 8 -7 6 0 0 0 0 0 0 0 0 0 0 0 0 0 0 0 0 0 0 0 0 0 0 -26 -13 -26 -11 -33 -11 -29 -14 -30 -12 -31 -11 -29 -16 -29 -9 -20 -7 -23 -7 -21 -10 -18 -7 -13 -7 -13 -5 -9 -3 -9 2 -4 -3 -4 1 -6 0 -4 1 -2 3 -1 6 2 5 2 1 4 10 1 8 ],2025-05-07_20-02-50-40
CSI_DATA,PASSIVE,5C:E9:31:E8:E9:4E,-84,11,0,0,0,0,0,0,0,0,0,-96,0,11,0,1990174293,0,98,0,0,1990.34,128,[98 32 6 0 0 -2 -10 -5 -5 -9 -3 -11 3 -7 6 -10 7 -6 7 -4 10 3 17 -2 11 -5 12 -6 21 -4 25 4 20 2 15 1 21 5 16 3 17 6 14 8 12 14 2 7 2 7 0 13 8 4 0 0 0 0 0 0 0 0 0 0 0 0 0 0 0 0 0 0 0 0 0 0 9 -12 13 -6 7 -7 9 -11 1 -17 -10 -17 -3 -27 -1 -28 -3 -20 -6 -25 -12 -28 -18 -17 -17 -32 -13 -24 -22 -24 -12 -28 -24 -30 -10 -29 -5 -24 -14 -19 -12 -19 -15 -16 -23 -8 -19 -7 -18 -9 -19 -5 ],2025-05-07_20-02-50-78
CSI_DATA,PASSIVE,5C:E9:31:E8:E9:4E,-85,11,0,0,0,0,0,0,0,0,0,-96,0,11,0,1990216898,0,90,0,0,1990.38,128,[90 -96 5 0 8 -5 10 0 13 2 1 1 -1 7 3 7 -5 9 -1 11 -11 9 -12 9 -7 18 -5 13 -12 9 -15 7 -18 17 -15 12 -11 8 -6 6 -23 2 -17 -2 -10 -7 -8 -4 -12 -10 -5 -13 -12 -10 0 0 0 0 0 0 0 0 0 0 0 0 0 0 0 0 0 0 0 0 0 0 -6 8 -2 3 0 7 4 4 1 12 -2 9 6 15 6 11 1 16 10 22 13 9 13 5 20 11 24 14 18 3 19 12 17 4 22 2 19 12 18 9 19 -5 24 9 18 4 25 -1 26 -2 20 6 ],2025-05-07_20-02-50-121
CSI_DATA,PASSIVE,5C:E9:31:E8:F4:66,-80,11,0,0,0,0,0,0,0,0,0,-96,0,11,0,1990233143,0,94,0,0,1990.4,128,[94 -32 5 0 -24 -3 -19 11 -26 6 -22 7 -28 6 -27 10 -30 8 -28 21 -29 9 -29 20 -32 12 -28 13 -33 20 -33 17 -34 7 -30 16 -29 9 -25 2 -21 1 -18 -2 -15 -3 -9 -9 -3 -7 2 -10 4 -10 0 0 0 0 0 0 0 0 0 0 0 0 0 0 0 0 0 0 0 0 0 0 2 -30 -2 -30 0 -32 3 -33 3 -29 -2 -29 3 -32 -1 -33 1 -30 -1 -28 -3 -25 -2 -22 0 -19 -3 -19 -2 -18 -8 -11 -5 -14 -15 -9 -10 -7 -5 -11 -15 -8 -5 -5 -8 -8 -15 -5 -11 -8 -14 -11 ],2025-05-07_20-02-50-138
CSI_DATA,PASSIVE,5C:E9:31:E8:F4:66,-81,11,0,0,0,0,0,0,0,0,0,-96,0,11,0,1990233312,0,161,0,0,1990.41,128,[-95 16 10 0 2 -15 0 -18 3 -24 0 -20 -1 -26 -9 -26 -6 -25 -4 -29 -10 -25 -12 -32 -13 -30 -11 -30 -7 -32 -8 -27 -8 -24 -7 -25 -3 -23 -2 -26 3 -17 2 -9 4 -9 9 -9 6 -3 14 1 7 5 0 0 0 0 0 0 0 0 0 0 0 0 0 0 0 0 0 0 0 0 0 0 27 8 25 13 26 6 26 8 24 8 24 11 23 8 23 12 23 9 21 6 17 7 14 2 20 3 15 4 17 5 18 -5 13 -4 10 -6 6 -7 11 -4 7 -7 5 -16 9 -7 5 -9 4 -12 7 -10 ],2025-05-07_20-02-50-144
CSI_DATA,PASSIVE,5C:E9:31:E8:F4:66,-80,11,0,0,0,0,0,0,0,0,0,-96,0,11,0,1990233569,0,181,0,0,1990.41,128,[-75 80 11 0 12 3 19 -4 18 6 19 -4 18 -2 26 5 28 0 32 -8 27 2 28 -7 24 -10 29 -7 34 -1 27 -8 30 -7 32 -11 29 -8 21 -6 21 0 13 8 8 1 7 2 5 6 3 6 3 3 0 0 0 0 0 0 0 0 0 0 0 0 0 0 0 0 0 0 0 0 0 0 -19 23 -22 12 -23 12 -21 19 -20 16 -17 14 -20 12 -18 13 -18 25 -19 15 -10 17 -13 14 -12 13 -8 16 -5 12 -4 13 -6 5 3 11 -3 14 -4 3 9 10 7 11 -1 15 4 9 5 9 8 5 ],2025-05-07_20-02-50-149
CSI_DATA,PASSIVE,5C:E9:31:E8:F4:66,-79,11,0,0,0,0,0,0,0,0,0,-96,0,11,0,1990233854,0,86,0,0,1990.42,128,[86 96 5 0 -14 8 -19 10 -13 10 -19 8 -17 13 -22 24 -16 13 -19 21 -20 18 -19 18 -15 22 -22 28 -21 23 -19 20 -14 21 -19 17 -21 13 -23 15 -16 5 -15 8 -14 -3 -11 -3 -8 -5 -3 -10 -2 -12 0 0 0 0 0 0 0 0 0 0 0 0 0 0 0 0 0 0 0 0 0 0 -6 -27 -4 -32 -6 -25 -3 -29 -7 -24 -9 -24 -5 -28 -12 -25 -5 -26 -10 -26 -9 -22 -10 -18 -10 -18 -10 -17 -11 -16 -8 -12 -8 -2 -12 -10 -4 -6 -7 -2 -11 -6 -8 -4 -7 -3 -8 -3 -18 -3 -16 1 ],2025-05-07_20-02-50-153
CSI_DATA,PASSIVE,5C:E9:31:E8:E9:4E,-85,11,0,0,0,0,0,0,0,0,0,-96,0,11,0,1990310211,0,98,0,0,1990.48,128,[98 32 6 0 0 1 -1 3 1 -1 6 1 9 1 -1 9 7 13 6 13 -4 19 -2 22 -4 21 2 24 -5 26 6 22 -10 25 -5 21 -7 23 -9 23 -20 18 -11 18 -20 18 -18 11 -13 6 -11 4 -16 0 0 0 0 0 0 0 0 0 0 0 0 0 0 0 0 0 0 0 0 0 0 0 -4 10 -4 9 -4 6 2 6 4 11 4 9 -2 14 0 24 11 14 9 8 17 6 22 18 20 14 22 12 32 8 28 14 22 12 24 7 28 8 32 -5 29 -5 25 -5 24 0 24 2 26 -5 15 -2 ],2025-05-07_20-02-50-213
CSI_DATA,PASSIVE,5C:E9:31:E8:F4:66,-80,11,0,0,0,0,0,0,0,0,0,-96,0,11,0,1990335612,0,205,0,0,1990.5,128,[-51 -48 12 0 -12 11 -9 12 -12 16 -13 17 -15 18 -11 19 -22 24 -13 26 -14 23 -11 28 -12 39 -15 30 -8 30 -15 27 -5 34 -10 30 -12 27 -11 19 -4 18 -12 16 -13 8 -9 7 -4 -1 -10 -1 -7 -5 0 0 0 0 0 0 0 0 0 0 0 0 0 0 0 0 0 0 0 0 0 0 -3 -22 -5 -21 -8 -21 -5 -24 -1 -22 -5 -24 -1 -21 -1 -24 -6 -17 -6 -22 -5 -11 -5 -18 -3 -15 -6 -13 11 -4 0 -4 2 -6 -5 -11 -7 8 -9 -1 -2 -5 -2 0 5 4 -11 -1 -2 3 -4 0 ],2025-05-07_20-02-50-239
CSI_DATA,PASSIVE,5C:E9:31:E8:F4:66,-79,11,0,0,0,0,0,0,0,0,0,-96,0,11,0,1990335929,0,120,0,0,1990.51,128,[120 -128 7 0 -24 -14 -27 2 -46 0 -39 2 -53 3 -46 21 -45 20 -58 12 -63 21 -66 31 -69 32 -79 28 -70 23 -76 24 -65 22 -68 27 -58 15 -54 14 -48 3 -40 9 -34 -5 -19 -1 -15 -8 -11 -11 2 -16 0 0 0 0 0 0 0 0 0 0 0 0 0 0 0 0 0 0 0 0 0 0 9 -51 14 -52 8 -48 10 -55 1 -50 5 -45 10 -55 12 -53 9 -39 4 -38 -7 -34 14 -33 13 -29 2 -24 9 -21 -10 -19 1 -10 2 -16 5 2 7 -20 -11 -12 -1 -2 0 -11 -15 -6 -15 12 -17 4 ],2025-05-07_20-02-50-245
CSI_DATA,PASSIVE,5C:E9:31:E8:F4:66,-79,11,0,0,0,0,0,0,0,0,0,-96,0,11,0,1990336130,0,108,0,0,1990.51,128,[108 -64 6 0 -18 13 -26 13 -18 18 -33 36 -33 40 -33 43 -33 63 -37 44 -40 52 -47 66 -26 66 -32 56 -35 60 -31 67 -44 65 -39 50 -37 42 -34 45 -29 32 -26 21 -27 19 -18 7 -14 4 -6 -7 -7 -12 0 0 0 0 0 0 0 0 0 0 0 0 0 0 0 0 0 0 0 0 0 0 -34 -33 -32 -39 -31 -33 -33 -39 -28 -37 -32 -27 -36 -32 -33 -35 -30 -36 -29 -32 -15 -21 -20 -30 -27 -14 -19 -18 -15 -29 -7 -14 -6 -12 -4 -15 -21 -7 -12 -4 -20 -14 -14 3 -25 -1 -22 18 -24 6 -4 10 ],2025-05-07_20-02-50-252
CSI_DATA,PASSIVE,5C:E9:31:E8:F4:66,-78,11,0,0,0,0,0,0,0,0,0,-96,0,11,0,1990336315,0,98,0,0,1990.52,128,[98 32 6 0 -6 28 9 21 6 33 -9 34 3 45 -11 42 -4 55 10 47 -5 64 6 69 -1 68 0 75 7 67 2 70 -2 65 0 61 6 55 -15 50 -14 49 -1 29 -8 28 -12 26 -19 8 -12 12 -9 2 0 0 0 0 0 0 0 0 0 0 0 0 0 0 0 0 0 0 0 0 0 0 -32 -34 -32 -37 -38 -40 -26 -40 -34 -39 -23 -36 -31 -31 -34 -36 -32 -40 -32 -26 -23 -27 -19 -31 -30 -26 -12 -27 -4 -26 -7 -17 -20 -2 3 -7 -11 -3 -16 -20 -19 -14 -7 -4 -4 -3 -18 2 -12 9 -13 18 ],2025-05-07_20-02-50-257
CSI_DATA,PASSIVE,5C:E9:31:E8:F4:66,-78,11,0,0,0,0,0,0,0,0,0,-96,0,11,0,1990336488,0,158,0,0,1990.53,128,[-98 -32 9 0 15 -6 16 -8 18 -4 24 -5 23 -13 22 -11 22 -12 29 -16 30 -16 29 -17 28 -23 32 -22 31 -23 28 -18 28 -19 27 -16 26 -15 20 -14 19 -10 19 -5 15 -6 13 0 7 2 3 3 -1 5 0 0 0 0 0 0 0 0 0 0 0 0 0 0 0 0 0 0 0 0 0 0 -8 22 -13 23 -9 23 -7 25 -9 24 -9 21 -6 22 -11 21 -11 21 -4 19 -3 18 -7 18 -10 14 -6 15 -4 11 -3 6 -5 5 0 4 -1 6 2 4 -1 4 1 3 2 3 1 0 3 1 5 -2 ],2025-05-07_20-02-50-262
CSI_DATA,PASSIVE,5C:E9:31:E8:F4:66,-78,11,0,0,0,0,0,0,0,0,0,-96,0,11,0,1990336741,0,348,0,0,1990.53,128,[92 -63 21 0 -2 -13 -2 -17 2 -20 -2 -20 4 -23 -3 -27 -4 -32 -5 -33 -5 -30 -4 -38 -10 -36 -9 -39 -10 -34 -8 -37 -8 -38 -3 -32 -2 -30 -3 -28 -1 -25 1 -17 4 -14 -4 -10 4 -6 2 -3 13 1 0 0 0 0 0 0 0 0 0 0 0 0 0 0 0 0 0 0 0 0 0 0 21 14 21 14 24 11 26 11 24 13 24 13 22 12 22 12 14 11 12 11 17 11 13 5 15 7 7 3 10 7 7 4 10 3 1 -2 1 1 7 1 6 5 2 -3 2 -4 5 -2 -1 -4 6 -5 ],2025-05-07_20-02-50-267
CSI_DATA,PASSIVE,5C:E9:31:E8:F4:66,-79,11,0,0,0,0,0,0,0,0,0,-96,0,11,0,1990337246,0,368,0,0,1990.54,128,[112 1 23 0 -4 14 -4 15 -1 16 -2 24 0 24 -2 29 -3 30 -1 30 -1 30 7 32 2 33 3 36 4 38 3 35 2 38 1 32 1 26 0 25 -1 22 -5 15 -5 17 -6 10 -7 6 -9 0 -6 -3 0 0 0 0 0 0 0 0 0 0 0 0 0 0 0 0 0 0 0 0 0 0 -21 -15 -20 -17 -18 -13 -18 -15 -24 -16 -26 -12 -22 -15 -22 -14 -19 -13 -18 -13 -13 -5 -15 -8 -11 -11 -10 -10 -10 -8 -9 -2 -10 -8 -2 -1 -5 -4 -7 -1 -3 0 -5 -2 -4 4 -2 1 -6 5 -4 5 ],2025-05-07_20-02-50-273
CSI_DATA,PASSIVE,5C:E9:31:E8:F4:66,-79,11,0,0,0,0,0,0,0,0,0,-96,0,11,0,1990337779,0,94,0,0,1990.54,128,[94 -32 5 0 9 -10 12 -13 12 -17 17 -15 14 -18 18 -16 14 -16 19 -26 19 -22 17 -25 18 -27 20 -31 19 -32 18 -30 20 -38 11 -29 21 -24 19 -16 17 -19 19 -15 12 -13 9 -7 8 -4 9 1 5 6 0 0 0 0 0 0 0 0 0 0 0 0 0 0 0 0 0 0 0 0 0 0 -1 26 5 26 2 28 3 27 4 27 8 27 1 27 2 23 4 22 2 24 2 19 3 17 2 13 3 11 6 11 0 4 1 6 -1 5 0 2 0 5 1 1 0 0 9 -2 9 -2 6 -6 7 -6 ],2025-05-07_20-02-50-278
CSI_DATA,PASSIVE,5C:E9:31:E8:F4:66,-79,11,0,0,0,0,0,0,0,0,0,-96,0,11,0,1990337947,0,100,0,0,1990.55,128,[100 64 6 0 6 5 15 4 14 1 16 2 24 9 17 6 29 3 28 4 31 3 34 5 32 8 36 9 31 0 35 7 34 5 36 7 30 6 24 3 20 5 13 3 15 2 5 12 5 6 -1 4 -5 9 0 0 0 0 0 0 0 0 0 0 0 0 0 0 0 0 0 0 0 0 0 0 -24 12 -22 12 -25 14 -23 10 -28 13 -22 11 -20 11 -18 17 -22 14 -17 11 -15 11 -15 5 -16 6 -15 7 -7 7 -7 7 -12 9 -2 6 -1 3 -3 6 1 2 -1 1 0 1 2 1 7 6 9 4 ],2025-05-07_20-02-50-283
CSI_DATA,PASSIVE,5C:E9:31:E8:F4:66,-79,11,0,0,0,0,0,0,0,0,0,-96,0,11,0,1990338124,0,158,0,0,1990.55,128,[-98 -32 9 0 -7 13 -3 15 -3 18 -4 18 -5 23 -1 28 -6 26 -3 27 3 33 0 32 0 33 1 36 -3 35 4 35 3 35 -2 32 -4 29 -4 26 -1 23 -6 20 -8 12 -5 12 -5 5 -6 -1 -9 -3 0 0 0 0 0 0 0 0 0 0 0 0 0 0 0 0 0 0 0 0 0 0 -15 -20 -12 -21 -17 -22 -17 -20 -21 -20 -20 -20 -19 -19 -12 -18 -19 -18 -16 -18 -13 -14 -15 -13 -13 -9 -8 -12 -6 -12 -5 -8 -5 -8 -3 -3 -1 -3 -5 -5 -4 -2 -6 -1 -5 5 -3 2 -3 1 -2 4 ],2025-05-07_20-02-50-289
CSI_DATA,PASSIVE,5C:E9:31:E8:E9:4E,-85,11,0,0,0,0,0,0,0,0,0,-96,0,11,0,1990365552,0,98,0,0,1990.56,128,[98 32 6 0 -8 9 -3 2 -3 11 -3 9 -10 -6 -20 -4 -4 -9 -10 -11 -18 -10 -6 -6 -6 2 -35 -14 -23 -13 -24 -11 -20 -10 -16 -5 -9 -7 -22 -14 -17 -15 -12 -23 -8 -9 -5 -7 -8 -6 -1 -13 0 -16 0 0 0 0 0 0 0 0 0 0 0 0 0 0 0 0 0 0 0 0 0 0 -9 -16 5 -7 -19 -4 -7 -5 -19 -4 -18 -6 -25 5 -20 6 -9 4 -16 8 -24 7 -19 9 -24 24 -19 23 -21 27 -26 35 -22 24 -13 36 -19 23 -6 26 1 7 2 25 -16 21 -4 12 4 8 -12 13 ],2025-05-07_20-02-50-295
CSI_DATA,PASSIVE,5C:E9:31:E8:E9:4E,-85,11,0,0,0,0,0,0,0,0,0,-96,0,11,0,1990424640,0,140,0,0,1990.59,128,[-116 -64 8 0 -5 -6 -1 -5 3 -5 6 -7 5 -10 8 -14 6 -12 13 -7 17 -15 15 -7 17 -9 21 -14 18 -2 22 -5 24 -4 18 -4 23 3 20 1 23 -4 22 5 15 8 12 13 13 10 9 8 6 11 0 0 0 0 0 0 0 0 0 0 0 0 0 0 0 0 0 0 0 0 0 0 7 -11 6 -4 7 -9 2 -14 -5 -11 -3 -11 -7 -14 -6 -21 -5 -18 -7 -26 -13 -18 -22 -23 -26 -27 -18 -19 -26 -19 -28 -25 -21 -23 -27 -23 -26 -14 -24 -13 -24 -25 -23 -8 -29 -11 -20 -10 -15 -6 -18 -11 ],2025-05-07_20-02-50-328
CSI_DATA,PASSIVE,5C:E9:31:E8:F4:66,-79,11,0,0,0,0,0,0,0,0,0,-96,0,11,0,1990437754,0,94,0,0,1990.6,128,[94 -32 5 0 -12 -10 -14 -6 -17 -9 -22 -9 -21 -11 -25 -11 -25 -7 -32 -5 -33 -7 -39 0 -35 -6 -40 -5 -39 -4 -38 -6 -38 -5 -35 -6 -32 -6 -31 -7 -20 -8 -19 -9 -15 -8 -10 -5 -5 -7 0 -5 4 -3 0 0 0 0 0 0 0 0 0 0 0 0 0 0 0 0 0 0 0 0 0 0 16 -10 14 -9 18 -14 14 -13 14 -14 16 -14 15 -13 17 -10 11 -10 9 -9 16 -17 10 -8 9 -9 11 -8 13 -7 7 -1 2 -3 -2 -8 2 -3 5 -7 7 -4 3 -5 -1 -4 -5 0 -4 -4 -6 -8 ],2025-05-07_20-02-50-341
CSI_DATA,PASSIVE,5C:E9:31:E8:F4:66,-79,11,0,0,0,0,0,0,0,0,0,-96,0,11,0,1990437923,0,158,0,0,1990.61,128,[-98 -32 9 0 8 -17 2 -13 4 -15 10 -25 7 -26 4 -28 8 -30 7 -34 6 -32 6 -34 7 -37 6 -37 9 -34 4 -33 7 -34 7 -33 6 -27 8 -28 9 -24 7 -18 5 -11 5 -10 4 -7 3 2 2 6 0 0 0 0 0 0 0 0 0 0 0 0 0 0 0 0 0 0 0 0 0 0 13 13 16 13 16 10 15 12 19 11 18 12 19 11 17 11 14 8 15 8 13 8 8 6 10 8 8 11 1 6 6 3 4 2 5 1 5 3 3 2 6 2 7 -1 9 -4 10 1 -1 -7 5 -3 ],2025-05-07_20-02-50-346
CSI_DATA,PASSIVE,5C:E9:31:E8:F4:66,-79,11,0,0,0,0,0,0,0,0,0,-96,0,11,0,1990438176,0,734,0,0,1990.62,128,[-34 -30 45 0 -15 -11 -12 -5 -13 -12 -13 -15 -18 -17 -20 -16 -24 -14 -26 -18 -33 -19 -28 -17 -34 -15 -33 -15 -30 -19 -34 -20 -31 -19 -27 -15 -24 -15 -28 -13 -22 -14 -13 -13 -12 -10 -8 -10 -6 -12 -1 -3 5 -3 0 0 0 0 0 0 0 0 0 0 0 0 0 0 0 0 0 0 0 0 0 0 23 -4 23 -10 20 -8 27 -6 22 -6 19 -9 20 -2 21 -8 22 -4 18 -6 15 -4 13 -4 11 0 13 -3 7 2 7 -3 11 0 10 -4 9 -3 2 -3 8 -9 5 0 0 -7 2 -4 1 -2 1 -7 ],2025-05-07_20-02-50-352
CSI_DATA,PASSIVE,5C:E9:31:E8:F4:66,-79,11,0,0,0,0,0,0,0,0,0,-96,0,11,0,1990439197,0,94,0,0,1990.62,128,[94 -32 5 0 -2 -14 -8 -17 -9 -16 -10 -17 -17 -20 -13 -23 -19 -20 -25 -26 -22 -26 -24 -24 -28 -24 -27 -26 -28 -28 -29 -27 -28 -27 -24 -25 -26 -24 -21 -19 -12 -18 -12 -15 -12 -17 -2 -13 -4 -12 0 -4 5 -1 0 0 0 0 0 0 0 0 0 0 0 0 0 0 0 0 0 0 0 0 0 0 19 -6 20 -8 18 -8 20 -9 20 -12 21 -9 18 -7 25 -10 17 -3 16 -3 15 -3 16 -4 16 -4 11 -2 12 -3 8 -2 11 0 3 -6 6 -1 3 -5 6 -3 2 -2 -1 -7 3 -8 0 -4 4 -8 ],2025-05-07_20-02-50-358
CSI_DATA,PASSIVE,5C:E9:31:E8:F4:66,-79,11,0,0,0,0,0,0,0,0,0,-96,0,11,0,1990439365,0,120,0,0,1990.63,128,[120 -128 7 0 10 2 14 -2 14 -1 18 -5 24 -2 24 -7 25 -9 26 -11 29 -11 31 -17 34 -17 35 -18 34 -15 28 -16 28 -18 30 -17 28 -10 30 -7 21 -8 21 -3 15 3 12 0 6 -1 4 3 0 3 0 0 0 0 0 0 0 0 0 0 0 0 0 0 0 0 0 0 0 0 0 0 -7 19 -9 18 -4 17 -7 21 -5 19 -7 20 -7 22 -8 21 -4 20 -7 19 -7 16 -4 13 -3 11 -10 16 -8 7 -4 9 -6 6 2 8 0 2 -2 6 1 4 -2 4 4 4 -4 0 4 6 6 5 ],2025-05-07_20-02-50-363
CSI_DATA,PASSIVE,5C:E9:31:E8:F4:66,-78,11,0,0,0,0,0,0,0,0,0,-96,0,11,0,1990439566,0,124,0,0,1990.63,128,[124 -64 7 0 6 -14 3 -19 5 -19 3 -22 -2 -21 -1 -31 -3 -28 -3 -27 -3 -34 -7 -36 -8 -37 -5 -35 -11 -35 -8 -38 -8 -40 -6 -35 -7 -34 0 -32 3 -26 -3 -20 2 -12 2 -14 2 -7 4 -2 2 2 0 0 0 0 0 0 0 0 0 0 0 0 0 0 0 0 0 0 0 0 0 0 19 9 18 6 18 6 21 14 24 11 19 8 22 5 19 11 16 6 18 7 15 9 10 8 13 9 9 8 8 7 5 3 7 0 6 5 5 2 10 2 4 -3 6 -1 3 -2 3 -4 10 -1 3 -4 ],2025-05-07_20-02-50-368
CSI_DATA,PASSIVE,5C:E9:31:E8:F4:66,-79,11,0,0,0,0,0,0,0,0,0,-96,0,11,0,1990439775,0,120,0,0,1990.64,128,[120 -128 7 0 -8 -11 -3 -13 -17 -11 -13 -18 -22 -15 -20 -20 -14 -15 -29 -19 -31 -23 -30 -27 -27 -27 -31 -24 -34 -18 -27 -29 -27 -25 -24 -23 -19 -22 -24 -18 -11 -17 -13 -15 -12 -17 -9 -12 -1 -9 1 -2 3 -1 0 0 0 0 0 0 0 0 0 0 0 0 0 0 0 0 0 0 0 0 0 0 8 -12 13 -16 12 -23 12 -18 19 -19 15 -22 12 -18 16 -13 13 -20 8 -14 19 -9 14 -15 8 -7 7 -4 11 -6 8 -8 6 -9 4 -2 7 -1 6 2 7 -3 3 -3 7 -3 6 -13 0 -9 -2 -6 ],2025-05-07_20-02-50-374
CSI_DATA,PASSIVE,5C:E9:31:E8:F4:66,-79,11,0,0,0,0,0,0,0,0,0,-96,0,11,0,1990439976,0,140,0,0,1990.64,128,[-116 -64 8 0 -11 2 -13 -1 -15 1 -17 4 -20 3 -25 6 -24 3 -27 8 -26 12 -26 8 -32 14 -33 16 -30 13 -30 11 -30 8 -28 8 -27 5 -24 4 -22 5 -19 1 -17 1 -13 1 -8 -4 -4 -1 -1 -3 0 0 0 0 0 0 0 0 0 0 0 0 0 0 0 0 0 0 0 0 0 0 2 -22 2 -18 -4 -18 -1 -19 -1 -18 -2 -18 2 -20 1 -23 2 -18 3 -20 1 -18 2 -15 1 -11 -1 -8 5 -14 3 -5 -3 -10 -4 -9 -3 -2 -1 -7 -4 -8 -5 -3 -2 -4 -4 -7 -9 -3 -9 -6 ],2025-05-07_20-02-50-379
CSI_DATA,PASSIVE,5C:E9:31:E8:F4:66,-78,11,0,0,0,0,0,0,0,0,0,-96,0,11,0,1990440205,0,174,0,0,1990.65,128,[-82 -32 10 0 -12 -1 -16 -1 -18 2 -21 6 -24 2 -25 5 -24 6 -34 10 -29 12 -30 16 -32 13 -32 18 -37 17 -34 12 -30 14 -29 18 -34 15 -24 10 -22 6 -17 10 -17 1 -11 1 -11 -3 -5 -5 -3 -6 0 0 0 0 0 0 0 0 0 0 0 0 0 0 0 0 0 0 0 0 0 0 5 -18 5 -23 6 -21 4 -25 8 -23 5 -19 3 -25 5 -21 4 -22 5 -21 2 -12 5 -11 8 -9 -2 -13 6 -6 6 -6 2 -2 1 -12 2 -9 -4 -1 2 -8 -5 -9 -3 -6 -3 -8 -4 -2 -8 -4 ],2025-05-07_20-02-50-385
CSI_DATA,PASSIVE,5C:E9:31:E8:E9:4E,-83,11,0,0,0,0,0,0,0,0,0,-96,0,11,0,1990514118,0,161,0,0,1990.68,128,[-95 16 10 0 6 4 -4 13 -4 7 -4 4 -10 -1 -16 5 -12 1 -20 0 -18 -1 -18 0 -24 4 -30 -6 -28 -2 -16 -1 -32 -4 -21 -6 -23 -16 -15 -7 -13 -10 -17 -14 -10 -13 -6 -9 -8 -14 -4 -10 2 -16 0 0 0 0 0 0 0 0 0 0 0 0 0 0 0 0 0 0 0 0 0 0 -10 -4 -10 3 -10 0 -7 9 -2 6 -5 11 -4 17 -11 16 -5 19 -9 23 1 21 -3 27 0 31 -1 29 -4 23 7 28 7 29 6 28 9 26 8 23 11 23 6 22 2 21 15 16 13 14 13 15 ],2025-05-07_20-02-50-417
CSI_DATA,PASSIVE,5C:E9:31:E8:E9:4E,-85,11,0,0,0,0,0,0,0,0,0,-96,0,11,0,1990514375,0,181,0,0,1990.69,128,[-75 80 11 0 2 -14 1 -10 4 -4 2 3 1 2 4 8 5 14 3 16 8 13 10 14 8 19 9 20 7 26 12 26 -2 27 0 25 -7 20 -6 22 -8 18 -7 16 -7 19 -16 13 -14 9 -21 5 -13 5 0 0 0 0 0 0 0 0 0 0 0 0 0 0 0 0 0 0 0 0 0 0 9 2 10 -2 10 3 13 -2 9 -8 15 -10 20 -12 19 -16 14 -18 18 -20 18 -23 16 -24 14 -28 11 -26 20 -28 10 -30 9 -28 10 -27 10 -22 12 -29 12 -24 5 -31 5 -29 2 -19 3 -16 2 -21 ],2025-05-07_20-02-50-423
CSI_DATA,PASSIVE,5C:E9:31:E8:E9:4E,-83,11,0,0,0,0,0,0,0,0,0,-96,0,11,0,1990519853,0,98,0,0,1990.69,128,[98 32 6 0 -7 3 -1 2 -9 1 -2 -1 -8 -3 -5 -12 -8 -9 -13 -14 -21 -18 -22 -12 -12 -15 -27 -13 -17 -20 -8 -16 -12 -27 -13 -22 -13 -18 -3 -20 1 -16 7 -13 7 -17 4 -15 11 -18 3 -7 12 -11 0 0 0 0 0 0 0 0 0 0 0 0 0 0 0 0 0 0 0 0 0 0 -7 -7 -13 -3 -13 2 -8 0 -12 12 -19 13 -11 10 -12 20 -14 23 -13 22 -14 32 -13 28 -11 21 -9 31 -12 30 -8 23 -10 40 -11 29 -7 33 2 22 -3 23 5 18 2 35 -5 19 2 13 5 19 ],2025-05-07_20-02-50-429
CSI_DATA,PASSIVE,5C:E9:31:E8:F4:66,-79,11,0,0,0,0,0,0,0,0,0,-96,0,11,0,1990540999,0,158,0,0,1990.71,128,[-98 -32 9 0 13 -8 9 -19 9 -15 12 -18 14 -17 11 -21 10 -22 13 -28 10 -27 14 -31 13 -33 12 -30 13 -29 11 -33 10 -29 16 -26 14 -27 10 -24 9 -21 12 -12 10 -12 5 -9 3 -5 5 -3 3 5 0 0 0 0 0 0 0 0 0 0 0 0 0 0 0 0 0 0 0 0 0 0 6 24 5 20 4 26 5 27 8 23 4 23 2 24 7 24 0 18 1 15 -3 14 0 11 -4 14 -1 13 1 9 2 7 2 3 -1 -1 4 -1 3 -2 0 -3 0 -2 5 -3 2 -3 6 -6 5 1 ],2025-05-07_20-02-50-444
CSI_DATA,PASSIVE,5C:E9:31:E8:F4:66,-79,11,0,0,0,0,0,0,0,0,0,-96,0,11,0,1990541252,0,194,0,0,1990.71,128,[-62 32 12 0 -10 -14 -16 -13 -12 -12 -14 -14 -19 -15 -19 -17 -22 -19 -23 -20 -24 -16 -29 -17 -28 -17 -32 -18 -30 -16 -30 -16 -28 -21 -24 -13 -26 -15 -23 -16 -22 -11 -15 -11 -15 -9 -7 -10 -3 -7 -1 -5 6 -4 0 0 0 0 0 0 0 0 0 0 0 0 0 0 0 0 0 0 0 0 0 0 23 4 23 6 25 5 24 7 25 1 22 2 23 4 18 2 17 6 19 2 15 1 12 5 11 5 6 4 3 4 3 1 3 0 3 -3 2 -2 2 -2 -5 0 -1 -1 -2 -1 -3 -5 -3 -4 -5 -7 ],2025-05-07_20-02-50-450
CSI_DATA,PASSIVE,5C:E9:31:E8:F4:66,-78,11,0,0,0,0,0,0,0,0,0,-96,0,11,0,1990541553,0,94,0,0,1990.72,128,[94 -32 5 0 12 -14 10 -19 10 -19 7 -21 7 -27 10 -30 9 -28 8 -30 12 -32 9 -37 11 -40 10 -38 12 -40 7 -35 12 -34 12 -32 11 -31 10 -29 11 -20 12 -18 11 -16 3 -13 2 -9 6 -3 6 1 0 0 0 0 0 0 0 0 0 0 0 0 0 0 0 0 0 0 0 0 0 0 2 26 9 26 2 25 7 28 10 25 10 27 6 27 0 20 3 22 3 26 0 17 -6 13 3 12 -5 15 -4 8 -3 4 -1 4 -4 2 7 0 -3 -8 0 -2 2 2 5 -3 5 -2 4 -6 8 -7 ],2025-05-07_20-02-50-455
CSI_DATA,PASSIVE,5C:E9:31:E8:F4:66,-78,11,0,0,0,0,0,0,0,0,0,-96,0,11,0,1990541722,0,120,0,0,1990.72,128,[120 -128 7 0 17 -2 13 3 17 0 23 -5 20 -1 25 -4 27 -2 31 -11 31 -8 30 -9 27 -7 30 -12 32 -11 28 -10 34 -10 28 -14 26 -10 21 -3 22 -6 20 -3 14 -1 8 1 10 -1 0 2 -3 3 0 0 0 0 0 0 0 0 0 0 0 0 0 0 0 0 0 0 0 0 0 0 -19 12 -21 14 -21 14 -16 14 -21 14 -17 13 -22 18 -19 14 -16 17 -14 14 -14 12 -11 6 -9 2 -8 5 -9 2 -6 0 -3 -2 0 2 -1 2 2 0 1 -2 5 -1 5 1 5 -4 7 -3 9 0 ],2025-05-07_20-02-50-460
CSI_DATA,PASSIVE,5C:E9:31:E8:F4:66,-77,11,0,0,0,0,0,0,0,0,0,-96,0,11,0,1990541923,0,140,0,0,1990.73,128,[-116 -64 8 0 -3 -14 2 -16 3 -17 7 -17 11 -23 4 -26 3 -26 5 -19 10 -24 16 -32 9 -27 9 -31 22 -27 4 -28 12 -24 2 -26 15 -20 2 -19 15 -16 0 -21 7 -6 2 0 4 -7 2 -7 1 -6 0 0 0 0 0 0 0 0 0 0 0 0 0 0 0 0 0 0 0 0 0 0 10 20 11 11 12 20 11 13 12 24 5 16 15 14 8 15 13 17 0 13 3 4 -2 7 17 7 -8 14 5 2 -14 5 6 -5 -9 3 -8 1 14 3 4 -7 -10 -13 5 -1 1 1 -1 -8 -5 -7 ],2025-05-07_20-02-50-465
CSI_DATA,PASSIVE,5C:E9:31:E8:F4:66,-78,11,0,0,0,0,0,0,0,0,0,-96,0,11,0,1990542152,0,120,0,0,1990.73,128,[120 -128 7 0 13 -10 15 -9 15 -15 20 -12 19 -14 14 -26 21 -23 19 -16 20 -26 18 -23 11 -31 16 -25 19 -22 17 -25 23 -29 19 -10 12 -37 16 -20 19 -17 2 -11 6 -3 9 0 -2 -2 -2 -3 -1 3 0 0 0 0 0 0 0 0 0 0 0 0 0 0 0 0 0 0 0 0 0 0 -13 17 -18 19 -18 17 -7 22 -9 13 -10 24 -10 21 -5 9 -16 11 -25 19 -5 11 -6 11 -5 10 -1 19 -8 14 0 13 -18 2 9 -4 -10 3 5 -3 7 2 0 4 4 7 10 -5 -6 -4 6 -14 ],2025-05-07_20-02-50-471
CSI_DATA,PASSIVE,5C:E9:31:E8:F4:66,-79,11,0,0,0,0,0,0,0,0,0,-96,0,11,0,1990542353,0,140,0,0,1990.74,128,[-116 -64 8 0 8 -14 1 -22 6 -15 -1 -26 -1 -30 6 -29 1 -32 11 -33 -9 -34 -8 -30 1 -33 2 -33 1 -26 -8 -38 -4 -33 17 -23 17 -16 14 -28 11 -18 -1 -16 5 -9 9 -14 11 -2 11 -4 5 2 0 0 0 0 0 0 0 0 0 0 0 0 0 0 0 0 0 0 0 0 0 0 20 5 19 12 26 6 27 8 13 14 15 9 18 13 10 13 24 27 7 5 13 5 11 12 -4 10 14 -6 -9 4 4 7 2 -2 3 8 8 -21 0 -11 -2 -7 -14 6 12 2 2 -12 4 -6 4 -18 ],2025-05-07_20-02-50-476
CSI_DATA,PASSIVE,5C:E9:31:E8:F4:66,-79,11,0,0,0,0,0,0,0,0,0,-96,0,11,0,1990542582,0,94,0,0,1990.75,128,[94 -32 5 0 12 6 10 4 17 9 17 9 18 3 23 10 28 11 20 16 26 11 20 12 17 8 32 9 32 13 22 10 34 21 30 10 24 9 16 6 15 12 3 9 3 11 12 9 2 5 2 8 -3 2 0 0 0 0 0 0 0 0 0 0 0 0 0 0 0 0 0 0 0 0 0 0 -26 6 -20 2 -30 8 -19 4 -24 5 -22 7 -16 2 -27 -1 -8 -1 -15 9 -4 -2 -21 3 -12 4 -14 -6 -3 -4 7 -3 -2 5 -7 1 -3 0 1 10 3 4 -3 7 6 14 17 0 10 1 3 7 ],2025-05-07_20-02-50-481
CSI_DATA,PASSIVE,5C:E9:31:E8:F4:66,-76,11,0,0,0,0,0,0,0,0,0,-96,0,11,0,1990542751,0,197,0,0,1990.75,128,[-59 80 12 0 12 -10 11 -7 16 -10 17 -8 23 -10 22 -5 22 -14 21 -14 30 -19 16 -16 33 -17 25 -22 28 -6 28 -14 22 -8 23 -8 24 -16 21 -16 21 -15 19 2 14 6 10 3 7 -2 4 9 6 2 0 0 0 0 0 0 0 0 0 0 0 0 0 0 0 0 0 0 0 0 0 0 3 22 -1 26 -7 21 -6 14 1 19 -9 19 0 20 2 11 -2 15 2 14 -15 10 -6 16 -2 1 -7 12 -8 7 1 4 8 3 9 3 7 -14 6 3 4 -2 6 5 9 -15 -5 -8 9 8 5 -9 ],2025-05-07_20-02-50-487
CSI_DATA,PASSIVE,5C:E9:31:E8:F4:66,-78,11,0,0,0,0,0,0,0,0,0,-96,0,11,0,1990543056,0,217,0,0,1990.76,128,[-39 -112 13 0 -2 -12 -1 -21 -4 -16 1 -24 -4 -20 -1 -14 -3 -23 -8 -23 -17 -22 -15 -26 -16 -32 -11 -30 -15 -32 -16 -19 -23 -33 -5 -24 -12 -17 -9 -26 -5 -21 -6 -12 -5 -14 -4 -6 -2 -12 0 -7 2 -3 0 0 0 0 0 0 0 0 0 0 0 0 0 0 0 0 0 0 0 0 0 0 -10 23 -6 22 -3 19 -4 25 0 15 5 19 4 20 -5 25 0 27 5 25 -9 10 11 5 2 10 -4 8 -3 7 -5 3 -13 -3 -5 3 -7 -3 0 9 3 -10 5 -6 3 -2 2 -4 7 -3 4 -14 ],2025-05-07_20-02-50-492
CSI_DATA,PASSIVE,5C:E9:31:E8:F4:66,-79,11,0,0,0,0,0,0,0,0,0,-96,0,11,0,1990547926,0,736,0,0,1990.76,128,[-32 2 46 0 18 1 17 -1 21 -5 19 -3 24 0 23 -3 27 -7 34 -3 29 -5 33 -9 32 -7 36 -6 35 -6 35 -5 32 -8 32 -6 33 -2 30 -2 24 -5 21 -2 19 -3 12 3 10 5 2 5 0 4 0 0 0 0 0 0 0 0 0 0 0 0 0 0 0 0 0 0 0 0 0 0 -21 22 -20 18 -22 17 -19 22 -19 23 -19 22 -15 21 -17 19 -17 15 -10 18 -11 14 -11 9 -7 10 -8 8 -4 8 -3 3 1 2 0 0 5 4 4 -6 6 -2 5 -1 3 0 8 -1 5 0 10 4 ],2025-05-07_20-02-50-497
CSI_DATA,PASSIVE,5C:E9:31:E8:E9:4E,-86,11,0,0,0,0,0,0,0,0,0,-96,0,11,0,1990592441,0,233,0,0,1990.77,128,[-23 -112 14 0 10 12 13 3 -4 16 3 7 -8 10 0 8 -3 26 -11 12 -3 14 -8 16 2 22 -11 20 -10 18 -11 20 -8 11 -12 13 -13 15 -19 14 -26 5 -13 5 -14 9 -13 4 -19 4 -15 5 -15 -3 0 0 0 0 0 0 0 0 0 0 0 0 0 0 0 0 0 0 0 0 0 0 -7 -7 -8 3 -9 9 -14 -2 -5 6 -11 15 9 13 -1 15 0 14 -1 15 -16 31 6 23 3 24 1 22 12 37 5 26 12 26 19 23 6 24 3 6 10 19 16 13 17 15 13 -1 9 10 9 7 ],2025-05-07_20-02-50-503
CSI_DATA,PASSIVE,5C:E9:31:E8:E9:4E,-85,11,0,0,0,0,0,0,0,0,0,-96,0,11,0,1990599936,0,169,0,0,1990.77,128,[-87 -112 10 0 -2 -5 -2 -5 -2 1 4 -18 11 -7 6 -14 24 -10 11 -15 13 -10 17 -7 22 -8 31 -16 23 -13 27 -16 17 -10 24 -9 21 -7 28 6 18 3 17 6 23 6 17 9 12 14 10 18 9 11 0 0 0 0 0 0 0 0 0 0 0 0 0 0 0 0 0 0 0 0 0 0 9 -4 6 -11 11 -9 12 -16 16 -16 7 -17 4 -17 2 -14 4 -23 2 -22 0 -29 3 -22 -17 -30 -2 -21 -13 -24 -21 -24 -6 -22 -8 -32 -18 -21 0 -25 -5 -20 -14 -14 -7 -21 -18 -23 -10 -14 -12 -18 ],2025-05-07_20-02-50-509
CSI_DATA,PASSIVE,5C:E9:31:E8:F4:66,-78,11,0,0,0,0,0,0,0,0,0,-96,0,11,0,1990642597,0,94,0,0,1990.81,128,[94 -32 5 0 -10 11 -15 3 -12 11 -14 13 -16 8 -16 11 -23 15 -11 11 -21 14 -16 20 -23 0 -21 20 -32 13 -30 24 -29 9 -19 23 -17 0 -22 -3 -20 -1 -12 7 -20 -2 -6 -8 -6 -6 -4 -4 -4 -2 0 0 0 0 0 0 0 0 0 0 0 0 0 0 0 0 0 0 0 0 0 0 -15 -19 -14 -17 -21 -14 -17 -24 -18 -20 -18 -18 -19 -20 -12 -23 -16 -20 -11 -16 -17 -22 2 -16 -9 -8 -15 -19 0 5 -6 -16 -19 -9 -15 0 -7 10 2 -7 -8 -6 -4 7 0 6 -7 5 -10 9 -11 -2 ],2025-05-07_20-02-50-546
CSI_DATA,PASSIVE,5C:E9:31:E8:F4:66,-75,11,0,0,0,0,0,0,0,0,0,-96,0,11,0,1990642766,0,108,0,0,1990.82,128,[108 -64 6 0 -11 -6 -15 -9 -17 -13 -15 -14 -20 -12 -28 -12 -23 -14 -25 -8 -25 -13 -29 -8 -31 -13 -30 -12 -31 -12 -31 -11 -25 -8 -25 -9 -22 -6 -23 -9 -14 -11 -13 -8 -10 -6 -9 -9 -5 -5 2 -3 0 -6 0 0 0 0 0 0 0 0 0 0 0 0 0 0 0 0 0 0 0 0 0 0 29 -7 29 -6 30 -8 30 -9 31 -9 31 -8 29 -10 30 -8 30 -6 23 -4 27 -3 23 -3 20 -4 13 -1 11 -1 12 -5 4 -1 1 -1 5 -3 1 -5 -1 -8 -4 -7 -3 -7 -6 -6 -9 -10 -10 -8 ],2025-05-07_20-02-50-552
CSI_DATA,PASSIVE,5C:E9:31:E8:F4:66,-78,11,0,0,0,0,0,0,0,0,0,-96,0,11,0,1990642951,0,98,0,0,1990.82,128,[98 32 6 0 -9 -17 -9 -18 -7 -16 -11 -21 -11 -21 -7 -23 -13 -21 -12 -25 -14 -23 -16 -28 -15 -28 -17 -30 -16 -31 -15 -26 -14 -31 -16 -23 -11 -23 -10 -22 -6 -20 -7 -16 -5 -12 -4 -8 0 -3 2 0 6 1 0 0 0 0 0 0 0 0 0 0 0 0 0 0 0 0 0 0 0 0 0 0 29 7 30 12 28 8 28 6 25 8 27 8 29 12 28 13 26 9 25 9 20 7 26 8 20 12 18 4 5 7 8 2 10 3 10 -4 5 -9 1 -7 -1 -14 4 -3 -8 -7 -1 -10 -3 -15 -4 -13 ],2025-05-07_20-02-50-557
CSI_DATA,PASSIVE,5C:E9:31:E8:F4:66,-78,11,0,0,0,0,0,0,0,0,0,-96,0,11,0,1990643124,0,98,0,0,1990.83,128,[98 32 6 0 -2 17 -1 18 -3 19 -9 21 -2 20 -2 25 -10 18 1 17 -7 34 5 26 -13 32 -10 17 -12 14 -10 38 -10 37 -13 30 4 28 -12 12 -3 14 -8 7 -4 9 -1 8 -4 3 2 1 -4 -5 0 0 0 0 0 0 0 0 0 0 0 0 0 0 0 0 0 0 0 0 0 0 -13 -24 -20 -18 -16 -19 -15 -19 -15 -16 -16 -14 -18 -30 -19 -25 -20 -19 -11 -26 -4 -17 -22 -19 -12 -11 -14 -17 -7 -8 1 2 11 6 -11 -7 -6 -18 -7 -3 9 -8 3 1 -12 0 -10 4 -3 11 -9 11 ],2025-05-07_20-02-50-563
CSI_DATA,PASSIVE,5C:E9:31:E8:F4:66,-77,11,0,0,0,0,0,0,0,0,0,-96,0,11,0,1990643297,0,205,0,0,1990.83,128,[-51 -48 12 0 -5 19 3 20 2 19 4 16 10 22 5 29 8 27 20 22 10 37 9 15 27 20 25 29 34 23 29 16 0 20 27 21 24 36 2 13 4 23 15 13 -7 19 -1 4 1 6 3 -3 -8 9 0 0 0 0 0 0 0 0 0 0 0 0 0 0 0 0 0 0 0 0 0 0 -13 -23 -16 -27 -17 -30 -10 -21 -14 -25 -5 -27 -14 -35 -6 -18 -15 -17 -17 -13 -13 -21 -27 -22 1 -14 -12 -16 -7 -6 2 -16 -20 -18 14 -9 -16 -6 -8 8 -4 -7 7 6 0 -3 -3 -1 -9 23 -6 6 ],2025-05-07_20-02-50-568
CSI_DATA,PASSIVE,5C:E9:31:E8:F4:66,-77,11,0,0,0,0,0,0,0,0,0,-96,0,11,0,1990643931,0,226,0,0,1990.84,128,[-30 32 14 0 12 7 18 7 12 9 13 8 15 12 22 13 16 9 20 15 26 18 27 4 12 9 15 5 34 2 27 17 25 8 13 10 21 -8 7 20 11 20 7 19 5 5 0 15 -4 -1 -5 4 -11 -3 0 0 0 0 0 0 0 0 0 0 0 0 0 0 0 0 0 0 0 0 0 0 -22 9 -22 14 -20 13 -19 13 -22 15 -20 13 -22 15 -18 5 -32 12 -12 17 -18 8 -9 6 -9 1 -4 13 -8 20 5 1 6 14 6 -1 12 2 4 8 16 5 3 14 -2 8 -3 4 7 11 6 10 ],2025-05-07_20-02-50-575
CSI_DATA,PASSIVE,5C:E9:31:E8:F4:66,-78,11,0,0,0,0,0,0,0,0,0,-96,0,11,0,1990644276,0,194,0,0,1990.84,128,[-62 32 12 0 -5 16 -12 15 -2 15 -9 18 -5 20 -8 22 -9 22 -7 27 -6 27 -6 28 -4 27 -8 27 -1 32 -4 34 -4 28 1 31 -4 31 -5 25 -9 23 -11 13 -6 13 -5 1 -5 3 -4 3 -3 -2 0 0 0 0 0 0 0 0 0 0 0 0 0 0 0 0 0 0 0 0 0 0 -3 -33 -1 -31 -7 -31 -2 -33 -5 -32 -6 -34 -8 -36 -6 -29 -3 -32 -2 -24 -3 -24 0 -21 -2 -20 -2 -15 -4 -12 -4 -10 -3 -4 -3 -3 -1 -2 -4 0 -7 5 -3 6 -11 8 -7 6 -3 11 -10 13 ],2025-05-07_20-02-50-579
CSI_DATA,PASSIVE,5C:E9:31:E8:F4:66,-78,11,0,0,0,0,0,0,0,0,0,-96,0,11,0,1990644577,0,190,0,0,1990.85,128,[-66 -32 11 0 -13 -14 -15 -12 -15 -14 -15 -14 -21 -12 -18 -11 -22 -16 -25 -14 -24 -15 -26 -16 -26 -18 -26 -16 -31 -14 -30 -16 -26 -17 -25 -17 -23 -13 -19 -16 -15 -12 -13 -12 -9 -8 -7 -8 -2 -5 1 -3 4 -2 0 0 0 0 0 0 0 0 0 0 0 0 0 0 0 0 0 0 0 0 0 0 32 -8 29 -6 30 -5 30 -7 33 -10 30 -7 27 -11 27 -5 26 -7 26 -5 22 -7 20 1 18 -3 15 -5 8 -4 11 -5 4 -4 1 -1 -2 -1 1 -6 -2 -6 0 -2 -2 -6 -7 -7 -11 -11 -10 -11 ],2025-05-07_20-02-50-585
CSI_DATA,PASSIVE,5C:E9:31:E8:F4:66,-78,11,0,0,0,0,0,0,0,0,0,-96,0,11,0,1990644874,0,210,0,0,1990.85,128,[-46 32 13 0 -13 13 -15 14 -13 17 -15 20 -14 19 -9 20 -13 25 -16 23 -16 27 -15 28 -11 28 -12 29 -11 26 -12 29 -12 25 -15 27 -13 24 -11 20 -8 17 -9 16 -8 6 -9 5 -8 3 -5 -1 -2 -6 0 0 0 0 0 0 0 0 0 0 0 0 0 0 0 0 0 0 0 0 0 0 -8 -28 -6 -30 -5 -30 -5 -28 -7 -34 -7 -34 -7 -30 -5 -33 -8 -29 -3 -25 -4 -22 -5 -19 -7 -19 -4 -13 -3 -13 -8 -5 -3 -4 -3 -5 -5 1 -2 0 -8 3 -5 3 -9 5 -12 7 -7 7 -10 8 ],2025-05-07_20-02-50-591
CSI_DATA,PASSIVE,5C:E9:31:E8:F4:66,-78,11,0,0,0,0,0,0,0,0,0,-96,0,11,0,1990645195,0,190,0,0,1990.86,128,[-66 -32 11 0 14 -13 15 -14 8 -12 21 -18 12 -16 18 -17 18 -20 19 -20 18 -23 22 -25 18 -25 21 -28 17 -22 17 -26 18 -22 17 -24 22 -19 18 -16 16 -14 11 -12 12 -9 5 -4 6 -2 4 -1 2 5 0 0 0 0 0 0 0 0 0 0 0 0 0 0 0 0 0 0 0 0 0 0 -9 26 -9 28 -5 29 -13 30 -5 28 -10 32 -5 26 -10 28 -5 23 -10 23 -6 24 -7 17 -2 11 -5 15 -6 10 -3 10 -5 4 6 5 0 0 5 1 4 -2 7 -2 5 -4 9 -6 9 -5 15 -3 ],2025-05-07_20-02-50-596
CSI_DATA,PASSIVE,5C:E9:31:E8:E9:4E,-84,11,0,0,0,0,0,0,0,0,0,-96,0,11,0,1990730823,0,210,0,0,1990.9,128,[-46 32 13 0 -3 4 -8 5 -11 3 -6 1 -7 -3 -6 -5 -5 -9 -5 -15 -8 -16 -4 -11 -9 -22 -6 -26 -9 -21 -9 -21 -9 -23 -3 -23 0 -21 4 -24 6 -22 9 -16 5 -12 11 -15 9 -12 14 -2 20 -4 0 0 0 0 0 0 0 0 0 0 0 0 0 0 0 0 0 0 0 0 0 0 -13 -7 -12 -2 -10 -3 -8 -1 -13 -1 -13 7 -19 7 -17 13 -23 16 -20 17 -21 21 -19 20 -20 16 -24 21 -18 25 -15 24 -18 17 -12 27 -13 24 -17 24 -11 21 -10 20 -12 22 -10 24 -7 17 -4 8 ],2025-05-07_20-02-50-635
CSI_DATA,PASSIVE,5C:E9:31:E8:F4:66,-77,11,0,0,0,0,0,0,0,0,0,-96,0,11,0,1990745105,0,115,0,0,1990.91,128,[115 48 7 0 -20 1 -21 6 -24 7 -20 9 -23 13 -28 10 -24 7 -27 11 -17 5 -21 6 -26 11 -23 13 -25 15 -27 10 -21 14 -17 8 -23 12 -17 14 -13 -1 -10 -1 0 -1 -5 -6 -4 -12 1 -2 8 -4 0 0 0 0 0 0 0 0 0 0 0 0 0 0 0 0 0 0 0 0 0 0 4 -17 2 -14 7 -16 3 -15 8 -20 9 -16 6 -22 13 -17 10 -15 10 -23 8 -13 17 -8 14 -11 5 -5 6 -10 -5 -7 4 -14 -4 -14 -13 1 8 -8 -3 -3 -2 11 -10 -3 -9 0 -11 3 -10 0 ],2025-05-07_20-02-50-649
CSI_DATA,PASSIVE,5C:E9:31:E8:F4:66,-78,11,0,0,0,0,0,0,0,0,0,-96,0,11,0,1990745302,0,190,0,0,1990.92,128,[-66 -32 11 0 14 -7 24 -13 25 -9 26 -10 25 -14 25 -18 27 -21 28 -19 29 -20 25 -22 29 -21 24 -22 26 -22 24 -19 22 -16 22 -19 22 -13 17 -8 14 -10 10 -7 6 -5 8 0 3 3 0 3 -5 3 0 0 0 0 0 0 0 0 0 0 0 0 0 0 0 0 0 0 0 0 0 0 -5 21 -2 25 -5 22 -6 22 -1 24 -5 23 -5 26 -9 23 -10 22 -4 18 -10 20 -9 18 -12 11 -9 15 -2 11 3 9 -3 2 0 7 6 0 6 -2 4 0 5 -5 9 -1 11 -4 9 0 15 -3 ],2025-05-07_20-02-50-654
CSI_DATA,PASSIVE,5C:E9:31:E8:F4:66,-78,11,0,0,0,0,0,0,0,0,0,-96,0,11,0,1990745599,0,210,0,0,1990.92,128,[-46 32 13 0 -7 -28 -8 -24 -8 -28 -12 -26 -11 -27 -14 -29 -12 -28 -13 -25 -18 -30 -17 -28 -13 -31 -18 -35 -19 -29 -16 -29 -15 -29 -13 -27 -9 -25 -6 -19 -6 -17 -2 -15 -4 -10 -1 -4 0 -2 4 4 7 4 0 0 0 0 0 0 0 0 0 0 0 0 0 0 0 0 0 0 0 0 0 0 22 10 22 6 24 11 23 9 25 10 24 10 22 11 18 9 17 13 18 11 13 14 12 12 15 8 11 9 10 4 8 3 8 3 3 -3 6 2 1 -3 4 -1 -1 -6 -2 -12 2 -16 2 -14 -2 -16 ],2025-05-07_20-02-50-660
CSI_DATA,PASSIVE,5C:E9:31:E8:F4:66,-78,11,0,0,0,0,0,0,0,0,0,-96,0,11,0,1990745920,0,163,0,0,1990.93,128,[-93 48 10 0 0 28 -4 29 0 26 -6 28 -5 32 -5 31 1 31 1 34 1 33 7 34 4 32 4 35 3 35 5 33 2 30 2 30 0 25 1 18 -3 15 -3 13 -5 8 -2 4 -4 -1 -3 -1 -4 -7 0 0 0 0 0 0 0 0 0 0 0 0 0 0 0 0 0 0 0 0 0 0 -21 -14 -22 -11 -22 -15 -17 -12 -20 -11 -20 -14 -24 -18 -20 -14 -17 -19 -17 -17 -14 -20 -14 -14 -12 -14 -11 -11 -5 -7 -2 -6 -6 -5 -6 -4 -10 -2 1 -2 -3 1 -10 5 -4 8 4 11 4 13 -2 10 ],2025-05-07_20-02-50-665
CSI_DATA,PASSIVE,5C:E9:31:E8:F4:66,-78,11,0,0,0,0,0,0,0,0,0,-96,0,11,0,1990746181,0,183,0,0,1990.93,128,[-73 112 11 0 17 -10 23 -16 23 -17 25 -19 28 -13 28 -22 27 -19 25 -24 31 -26 26 -27 25 -25 26 -21 26 -21 25 -18 21 -21 20 -18 18 -17 16 -14 11 -12 14 -7 10 -7 3 0 4 0 -1 0 -7 4 0 0 0 0 0 0 0 0 0 0 0 0 0 0 0 0 0 0 0 0 0 0 -3 22 -2 23 2 25 1 23 -3 24 -5 27 -5 28 -3 23 -7 25 -8 20 -10 19 -5 20 -8 10 -6 11 -5 14 -4 4 -3 2 2 3 1 2 2 3 4 -1 5 0 10 -7 11 -9 6 -3 10 -8 ],2025-05-07_20-02-50-670
CSI_DATA,PASSIVE,5C:E9:31:E8:F4:66,-78,11,0,0,0,0,0,0,0,0,0,-96,0,11,0,1990746466,0,158,0,0,1990.94,128,[-98 -32 9 0 -19 17 -24 20 -17 21 -18 22 -23 25 -17 25 -19 29 -20 29 -15 31 -14 29 -18 31 -14 32 -16 30 -17 30 -16 25 -13 24 -14 21 -10 17 -10 16 -7 12 -10 4 -8 2 -1 -1 -2 -5 0 -6 0 0 0 0 0 0 0 0 0 0 0 0 0 0 0 0 0 0 0 0 0 0 -5 -22 -3 -23 -7 -26 -4 -23 -3 -27 -4 -26 -1 -27 0 -24 -4 -25 1 -23 3 -22 1 -19 -1 -16 0 -16 1 -13 0 -7 -2 -5 -1 -6 -7 -6 -5 -1 -7 3 -7 7 -9 6 -9 7 -5 9 -11 10 ],2025-05-07_20-02-50-676
CSI_DATA,PASSIVE,5C:E9:31:E8:E9:4E,-85,11,0,0,0,0,0,0,0,0,0,-96,0,11,0,1990765568,0,158,0,0,1990.94,128,[-98 -32 9 0 -8 -17 -9 -3 -1 -13 -1 -8 2 -10 3 -9 11 -15 2 -12 2 -19 10 -20 4 -15 3 -19 3 -17 2 -23 4 -25 15 -19 17 -20 21 -14 3 -13 16 -16 17 -9 19 -2 17 -4 17 -1 13 1 0 0 0 0 0 0 0 0 0 0 0 0 0 0 0 0 0 0 0 0 0 0 6 -5 8 -3 6 -10 10 -7 4 -9 -6 -13 -7 -11 -10 -18 -4 -19 -6 -19 -4 -23 -13 -23 -20 -22 -25 -20 -18 -26 -18 -22 -27 -21 -32 -14 -23 -9 -35 -7 -29 -12 -24 -9 -28 0 -24 -4 -15 2 -7 -9 ],2025-05-07_20-02-50-682
CSI_DATA,PASSIVE,5C:E9:31:E8:E9:4E,-85,11,0,0,0,0,0,0,0,0,0,-96,0,11,0,1990771458,0,98,0,0,1990.95,128,[98 32 6 0 -16 -10 -9 -9 -3 -11 3 -13 7 -14 4 -9 8 -12 16 -2 16 -9 19 -11 20 -8 22 -16 26 -9 24 -7 16 -13 22 -9 32 -6 21 -2 21 1 18 -2 12 8 13 1 18 11 8 13 11 8 0 0 0 0 0 0 0 0 0 0 0 0 0 0 0 0 0 0 0 0 0 0 7 0 9 -3 7 -1 0 2 5 -5 7 -4 6 -12 2 -14 3 -17 -1 -15 5 -23 -2 -25 -7 -27 -8 -32 -2 -31 -15 -35 -16 -28 -8 -26 -9 -25 -13 -24 -6 -24 -12 -25 -10 -18 -15 -8 -16 -18 -13 -11 ],2025-05-07_20-02-50-687
CSI_DATA,PASSIVE,5C:E9:31:E8:E9:4E,-83,11,0,0,0,0,0,0,0,0,0,-96,0,11,0,1990776361,0,158,0,0,1990.96,128,[-98 -32 9 0 -16 5 -16 2 -2 3 -5 -12 -9 -5 -4 -11 -6 -6 -3 -21 -7 -14 -4 -27 -7 -21 -10 -26 -7 -26 -4 -31 6 -25 -2 -16 7 -26 3 -24 16 -12 12 -19 15 -19 12 -12 14 -5 17 -9 8 -6 0 0 0 0 0 0 0 0 0 0 0 0 0 0 0 0 0 0 0 0 0 0 -1 -11 -5 -3 2 -5 -5 -10 -13 -4 -12 2 -9 -3 -13 -2 -14 -2 -25 2 -21 3 -27 6 -25 6 -30 7 -23 7 -24 5 -32 5 -23 19 -26 19 -25 12 -21 19 -27 13 -15 12 -8 11 -12 12 -11 12 ],2025-05-07_20-02-50-693
CSI_DATA,PASSIVE,5C:E9:31:E8:E9:4E,-85,11,0,0,0,0,0,0,0,0,0,-96,0,11,0,1990794065,0,134,0,0,1990.96,128,[-122 96 8 0 3 -5 2 -7 6 -8 6 0 6 -2 5 1 15 9 16 8 14 5 26 14 18 16 16 15 23 14 16 11 19 14 18 18 17 23 10 19 5 13 7 10 6 21 0 23 2 11 -5 10 -2 16 0 0 0 0 0 0 0 0 0 0 0 0 0 0 0 0 0 0 0 0 0 0 -6 11 -2 4 5 9 4 8 6 10 16 5 17 15 13 8 19 -2 24 1 11 -6 28 -10 26 0 33 3 23 -5 22 -16 26 -17 18 -19 15 -29 22 -13 13 -13 18 -14 15 -27 16 -25 1 -16 7 -21 ],2025-05-07_20-02-50-698
CSI_DATA,PASSIVE,5C:E9:31:E8:E9:4E,-84,11,0,0,0,0,0,0,0,0,0,-96,0,11,0,1990794855,0,100,0,0,1990.97,128,[100 64 6 0 6 6 6 -5 1 3 3 -1 -10 0 -10 12 -13 12 -11 1 -22 1 -24 10 -20 17 -17 2 -24 3 -19 -2 -25 2 -28 -7 -26 0 -15 -7 -14 -7 -16 -12 -15 -11 -16 -8 -13 -19 -5 -6 0 -13 0 0 0 0 0 0 0 0 0 0 0 0 0 0 0 0 0 0 0 0 0 0 -1 1 -2 7 -3 10 2 8 -3 11 -5 17 11 8 4 6 26 17 16 24 14 11 24 21 20 16 12 17 20 23 27 12 23 29 20 15 25 7 31 20 25 10 26 6 21 4 27 6 13 5 11 4 ],2025-05-07_20-02-50-703
CSI_DATA,PASSIVE,5C:E9:31:E8:E9:4E,-84,11,0,0,0,0,0,0,0,0,0,-96,0,11,0,1990826762,0,98,0,0,1990.99,128,[98 32 6 0 -11 6 -10 6 -10 3 -7 -8 -4 -5 -5 -5 -5 -15 -15 -16 -9 -13 -10 -17 -14 -20 -9 -18 -8 -20 -5 -25 -13 -20 -5 -26 -6 -21 -4 -19 5 -21 -1 -19 5 -16 6 -17 11 -2 11 -7 7 -8 0 0 0 0 0 0 0 0 0 0 0 0 0 0 0 0 0 0 0 0 0 0 -9 -4 -11 -7 -10 -9 -11 -13 -10 -4 -12 -4 -14 5 -16 3 -18 4 -22 6 -28 8 -22 7 -27 13 -23 16 -20 13 -21 13 -24 10 -20 23 -26 14 -20 23 -14 18 -18 17 -7 17 -15 15 -13 16 -7 8 ],2025-05-07_20-02-50-730
CSI_DATA,PASSIVE,5C:E9:31:E8:E9:4E,-83,11,0,0,0,0,0,0,0,0,0,-96,0,11,0,1990829387,0,98,0,0,1991,128,[98 32 6 0 8 11 -3 6 -10 7 -3 -3 -5 4 -16 -5 -9 5 -13 8 -14 3 -20 3 -22 4 -21 6 -20 2 -27 7 -20 4 -30 4 -19 1 -20 -5 -18 -11 -19 -4 -15 -13 -13 -6 -9 -8 -2 -6 -1 -16 0 0 0 0 0 0 0 0 0 0 0 0 0 0 0 0 0 0 0 0 0 0 -13 -1 -13 4 -8 4 -8 9 -4 9 -4 10 -1 18 -2 16 6 21 4 20 1 20 3 21 3 25 16 34 11 26 17 31 14 26 10 27 14 10 25 19 13 18 13 20 16 19 2 15 18 17 4 6 ],2025-05-07_20-02-50-735
CSI_DATA,PASSIVE,5C:E9:31:E8:F4:66,-78,11,0,0,0,0,0,0,0,0,0,-96,0,11,0,1990847263,0,756,0,0,1991.01,128,[-12 66 47 0 -28 4 -21 6 -21 -4 -12 5 -24 4 -26 8 -29 3 -29 0 -27 9 -24 13 -33 11 -26 11 -23 4 -26 15 -23 7 -23 7 -22 4 -19 1 -15 4 -13 2 -12 -2 -10 -2 -5 -1 -1 -2 2 -2 0 0 0 0 0 0 0 0 0 0 0 0 0 0 0 0 0 0 0 0 0 0 22 -13 22 -14 21 -15 21 -17 22 -17 23 -17 23 -16 22 -12 19 -15 19 -13 16 -14 14 -10 13 -11 13 -8 10 -11 8 -10 7 -8 7 -4 -1 -9 -1 -4 -4 -4 2 -3 -2 -3 -6 0 -11 -5 -14 -8 ],2025-05-07_20-02-50-752
CSI_DATA,PASSIVE,5C:E9:31:E8:F4:66,-77,11,0,0,0,0,0,0,0,0,0,-96,0,11,0,1990848312,0,158,0,0,1991.02,128,[-98 -32 9 0 9 -12 11 -16 13 -17 14 -17 9 -22 15 -25 16 -22 16 -25 17 -25 16 -25 15 -28 16 -29 18 -29 20 -28 19 -23 17 -23 15 -23 14 -17 13 -14 9 -12 10 -9 6 -4 4 -6 2 -1 -2 5 0 0 0 0 0 0 0 0 0 0 0 0 0 0 0 0 0 0 0 0 0 0 -13 26 -12 26 -14 24 -12 31 -14 27 -14 28 -15 29 -10 26 -13 25 -10 29 -10 24 -7 21 -11 19 -5 14 -5 15 -5 12 -2 7 1 7 -3 6 3 4 4 -1 6 -4 9 -7 5 -11 7 -6 7 -10 ],2025-05-07_20-02-50-757
CSI_DATA,PASSIVE,5C:E9:31:E8:F4:66,-77,11,0,0,0,0,0,0,0,0,0,-96,0,11,0,1990848565,0,158,0,0,1991.03,128,[-98 -32 9 0 5 -14 5 -20 4 -17 4 -18 5 -12 8 -24 2 -28 1 -27 9 -16 0 -27 5 -32 1 -16 0 -25 1 -20 4 -21 0 -32 9 -19 -4 -19 15 -25 1 -17 8 -9 8 -9 7 -1 2 6 -3 2 0 0 0 0 0 0 0 0 0 0 0 0 0 0 0 0 0 0 0 0 0 0 -11 20 -11 20 -6 23 -10 20 -5 27 -5 29 -6 24 -13 26 -7 28 -11 20 -2 24 -8 24 -6 18 -15 11 0 14 -11 15 -1 13 -3 15 -4 8 10 7 -9 -4 -5 6 4 -2 3 -5 -3 -10 7 -14 ],2025-05-07_20-02-50-763
CSI_DATA,PASSIVE,5C:E9:31:E8:F4:66,-77,11,0,0,0,0,0,0,0,0,0,-96,0,11,0,1990848817,0,94,0,0,1991.03,128,[94 -32 5 0 -20 -2 -22 -5 -18 -3 -21 2 -20 2 -18 5 -27 -2 -27 5 -25 4 -28 -3 -26 5 -22 3 -39 -6 -25 5 -16 10 -23 -10 -27 4 -12 -16 -18 -5 -21 -8 -12 -4 2 -10 -2 -9 5 -7 2 -5 0 0 0 0 0 0 0 0 0 0 0 0 0 0 0 0 0 0 0 0 0 0 14 -14 16 -21 16 -20 18 -17 21 -29 21 -17 24 -19 23 -20 15 -16 18 -11 14 -6 12 -17 6 -7 18 -4 23 -5 -6 -6 10 2 15 -9 5 -7 1 5 -6 -4 -1 -5 -15 -2 -13 0 -14 -3 -9 2 ],2025-05-07_20-02-50-768
CSI_DATA,PASSIVE,5C:E9:31:E8:F4:66,-78,11,0,0,0,0,0,0,0,0,0,-96,0,11,0,1990848986,0,158,0,0,1991.04,128,[-98 -32 9 0 -6 -19 -15 -18 -6 -18 -9 -22 -7 -21 -17 -27 -6 -26 -6 -29 -6 -31 -6 -22 -1 -24 -7 -38 -11 -32 -9 -23 -5 -25 -1 -30 0 -16 -3 -18 -2 -9 8 -7 16 -12 -3 -8 -1 -4 6 7 7 7 0 0 0 0 0 0 0 0 0 0 0 0 0 0 0 0 0 0 0 0 0 0 22 -7 18 -4 21 -6 19 -9 27 -7 24 -12 24 -12 23 -8 27 0 23 8 24 -1 24 -2 15 0 15 -2 11 2 5 -6 8 14 14 -10 1 -5 6 4 3 -3 12 -8 3 -3 5 -7 -4 -11 -5 -11 ],2025-05-07_20-02-50-773
CSI_DATA,PASSIVE,5C:E9:31:E8:F4:66,-77,11,0,0,0,0,0,0,0,0,0,-96,0,11,0,1990849239,0,128,0,0,1991.04,128,[-128 0 8 0 -25 -3 -20 -5 -17 0 -30 -1 -23 3 -25 12 -24 6 -31 8 -38 2 -25 3 -40 9 -31 2 -42 12 -26 17 -43 15 -30 6 -41 19 -26 -5 -16 -1 -13 1 -14 6 -9 3 -15 8 0 5 0 -5 0 0 0 0 0 0 0 0 0 0 0 0 0 0 0 0 0 0 0 0 0 0 21 14 28 17 20 14 24 15 22 14 30 11 30 11 27 3 34 1 36 12 26 3 14 14 14 -1 13 19 6 2 18 -7 2 2 -2 10 12 -2 8 -2 -9 2 -4 5 -2 -4 -2 -4 -7 2 -11 -9 ],2025-05-07_20-02-50-779
CSI_DATA,PASSIVE,5C:E9:31:E8:F4:66,-77,11,0,0,0,0,0,0,0,0,0,-96,0,11,0,1990849452,0,134,0,0,1991.05,128,[-122 96 8 0 -15 -10 -18 -7 -24 -7 -21 -10 -28 -3 -30 -10 -23 -10 -32 -5 -32 -6 -33 -5 -44 -12 -18 -4 -35 -2 -36 -16 -31 -6 -33 0 -19 -1 -29 -9 -11 -6 -10 -17 -2 -13 -10 1 -2 -15 2 -10 3 1 0 0 0 0 0 0 0 0 0 0 0 0 0 0 0 0 0 0 0 0 0 0 23 7 25 10 30 6 25 5 33 5 20 5 29 7 34 6 32 9 24 -4 17 5 18 4 22 11 19 4 22 1 6 -3 7 -1 -3 -3 8 1 -4 -13 6 4 -8 -6 0 -8 -8 -11 -9 -11 -10 -3 ],2025-05-07_20-02-50-784
CSI_DATA,PASSIVE,5C:E9:31:E8:F4:66,-78,11,0,0,0,0,0,0,0,0,0,-96,0,11,0,1990849673,0,154,0,0,1991.05,128,[-102 -96 9 0 3 -17 2 -22 3 -25 7 -22 5 -28 3 -26 8 -30 4 -31 2 -31 3 -32 3 -31 4 -35 1 -33 5 -28 4 -28 6 -29 3 -28 9 -23 6 -19 5 -14 7 -12 7 -8 7 -6 4 -1 1 0 0 0 0 0 0 0 0 0 0 0 0 0 0 0 0 0 0 0 0 0 0 0 -4 28 -3 26 -2 32 -3 31 2 30 -3 28 1 31 -1 31 0 28 1 25 0 27 -2 23 -2 21 1 18 0 16 -2 11 2 9 1 7 0 1 4 1 5 -4 4 -1 0 -5 3 -8 4 -7 1 -12 ],2025-05-07_20-02-50-789
CSI_DATA,PASSIVE,5C:E9:31:E8:F4:66,-78,11,0,0,0,0,0,0,0,0,0,-96,0,11,0,1990849922,0,100,0,0,1991.06,128,[100 64 6 0 9 6 11 8 10 12 13 7 15 17 21 10 16 19 18 9 17 14 22 16 12 8 13 3 27 -4 18 9 23 12 23 15 9 11 23 9 15 8 5 5 11 8 -1 -1 6 -3 -5 -4 -4 2 0 0 0 0 0 0 0 0 0 0 0 0 0 0 0 0 0 0 0 0 0 0 0 -20 0 -25 2 -25 -2 -22 -6 -28 -2 -26 -8 -20 -7 -22 -6 -19 -3 -11 0 -21 -1 -20 -1 -2 -12 -5 3 -16 -2 -5 -6 -21 -6 6 -21 -2 10 1 -4 -10 3 -3 9 1 -9 6 3 6 7 3 ],2025-05-07_20-02-50-795
CSI_DATA,PASSIVE,5C:E9:31:E8:F4:66,-77,11,0,0,0,0,0,0,0,0,0,-96,0,11,0,1990850099,0,276,0,0,1991.06,128,[20 65 17 0 -14 15 -19 12 -12 6 -14 21 -18 14 -15 16 -21 22 -25 23 -20 25 -18 13 -15 8 -37 21 -20 28 -35 11 -24 8 -19 8 -26 9 -29 8 -21 16 -12 -1 -4 1 -14 -4 -3 -13 -6 -5 2 -3 0 0 0 0 0 0 0 0 0 0 0 0 0 0 0 0 0 0 0 0 0 0 10 -23 6 -24 9 -28 11 -23 9 -22 17 -23 18 -25 16 -23 10 -25 11 -32 3 -20 -1 -24 -4 -21 4 -3 13 -12 13 -14 -3 -7 6 -17 -1 -5 -10 -9 -2 -8 6 4 -17 2 -6 -2 -13 3 -5 8 ],2025-05-07_20-02-50-800
CSI_DATA,PASSIVE,5C:E9:31:E8:F4:66,-78,11,0,0,0,0,0,0,0,0,0,-96,0,11,0,1990854157,0,94,0,0,1991.07,128,[94 -32 5 0 15 2 20 5 17 6 23 4 25 1 27 5 30 3 26 1 31 3 32 2 29 2 29 3 30 2 31 3 29 2 26 6 21 6 21 5 18 4 15 5 10 4 8 7 0 5 0 3 -7 0 0 0 0 0 0 0 0 0 0 0 0 0 0 0 0 0 0 0 0 0 0 0 -23 -3 -24 0 -27 -3 -26 -2 -31 -3 -27 0 -29 3 -27 -1 -27 3 -23 -1 -21 3 -23 0 -21 -2 -19 3 -15 1 -11 0 -9 3 -2 6 -5 3 -2 5 -1 6 0 4 5 2 4 -2 10 0 9 5 ],2025-05-07_20-02-50-805
CSI_DATA,PASSIVE,5C:E9:31:E8:E9:4E,-84,11,0,0,0,0,0,0,0,0,0,-96,0,11,0,1990911332,0,128,0,0,1991.08,128,[-128 0 8 0 9 5 3 2 0 8 2 15 -6 11 -11 5 -9 8 -6 15 -12 10 -15 20 -19 20 -25 15 -28 16 -18 13 -23 18 -26 11 -18 8 -24 0 -22 6 -21 1 -18 1 -17 -11 -16 -10 -14 -10 -7 -10 0 0 0 0 0 0 0 0 0 0 0 0 0 0 0 0 0 0 0 0 0 0 -8 9 -6 9 -4 11 -1 11 -4 18 10 17 8 24 8 18 12 22 15 23 18 25 22 22 19 21 22 22 26 20 33 23 35 17 25 16 36 13 22 19 25 6 35 9 28 5 21 16 20 7 23 3 ],2025-05-07_20-02-50-815
CSI_DATA,PASSIVE,5C:E9:31:E8:E9:4E,-83,11,0,0,0,0,0,0,0,0,0,-96,0,11,0,1990921141,0,174,0,0,1991.09,128,[-82 -32 10 0 12 1 0 -7 4 7 1 3 -3 5 -1 12 -4 11 -7 12 -10 19 -12 23 -8 17 -20 22 -13 22 -13 15 -19 22 -17 18 -19 14 -19 15 -19 7 -16 -4 -18 4 -15 2 -15 -8 -10 -14 -8 -13 0 0 0 0 0 0 0 0 0 0 0 0 0 0 0 0 0 0 0 0 0 0 -2 15 -3 8 1 13 10 15 15 11 14 4 16 9 22 5 20 12 31 6 32 16 36 12 24 7 33 3 36 2 40 1 46 -6 36 -3 35 -5 35 -3 28 1 37 -7 34 -2 17 1 23 -5 19 -1 ],2025-05-07_20-02-50-824
CSI_DATA,PASSIVE,5C:E9:31:E8:F4:66,-76,11,0,0,0,0,0,0,0,0,0,-96,0,11,0,1990949792,0,94,0,0,1991.12,128,[94 -32 5 0 -5 -15 -9 -13 -6 -19 -8 -17 -7 -18 -13 -17 -8 -20 -13 -15 -10 -21 -15 -18 -11 -26 -13 -16 -17 -24 -12 -13 -15 -22 -10 -10 -13 -15 -5 -6 -12 -16 1 -8 -8 -8 4 -2 -1 -3 5 0 0 3 0 0 0 0 0 0 0 0 0 0 0 0 0 0 0 0 0 0 0 0 0 0 19 10 9 7 21 9 16 9 21 7 19 11 16 9 18 14 16 4 18 14 14 5 21 11 11 9 17 -1 7 11 20 -2 9 3 7 -9 13 9 -4 -3 9 -2 -3 -7 9 -2 -4 -11 1 -13 -4 -6 ],2025-05-07_20-02-50-853
CSI_DATA,PASSIVE,5C:E9:31:E8:F4:66,-76,11,0,0,0,0,0,0,0,0,0,-96,0,11,0,1990949961,0,94,0,0,1991.12,128,[94 -32 5 0 9 -19 11 -22 11 -24 7 -26 11 -26 9 -27 13 -29 12 -28 11 -30 9 -30 12 -34 12 -33 12 -28 11 -29 11 -27 9 -23 13 -19 13 -16 8 -15 11 -9 6 -8 6 -1 3 -1 2 2 -2 6 0 0 0 0 0 0 0 0 0 0 0 0 0 0 0 0 0 0 0 0 0 0 12 24 13 21 13 21 9 24 11 25 10 25 11 25 11 27 11 30 10 23 10 22 9 19 9 19 5 16 7 17 8 13 6 8 8 8 11 3 8 3 6 -1 6 -5 11 -6 6 -8 12 -12 8 -10 ],2025-05-07_20-02-50-858
CSI_DATA,PASSIVE,5C:E9:31:E8:F4:66,-77,11,0,0,0,0,0,0,0,0,0,-96,0,11,0,1990950130,0,94,0,0,1991.13,128,[94 -32 5 0 13 16 20 16 17 10 20 12 22 16 26 12 27 11 28 21 25 19 29 17 28 17 28 19 25 19 25 19 23 16 22 13 17 14 18 11 11 12 5 9 6 7 2 5 -3 4 -6 0 -6 -1 0 0 0 0 0 0 0 0 0 0 0 0 0 0 0 0 0 0 0 0 0 0 -25 5 -24 4 -26 3 -30 3 -33 5 -28 6 -32 5 -27 2 -27 7 -31 5 -25 4 -23 2 -28 5 -14 4 -16 7 -13 2 -14 3 -13 5 -6 7 -3 11 -1 -1 -4 6 1 4 4 8 7 9 8 11 ],2025-05-07_20-02-50-863
CSI_DATA,PASSIVE,5C:E9:31:E8:F4:66,-76,11,0,0,0,0,0,0,0,0,0,-96,0,11,0,1990950299,0,94,0,0,1991.13,128,[94 -32 5 0 -5 25 -3 21 -4 25 -2 26 0 28 -2 32 -1 30 -3 32 -2 34 0 32 2 31 -2 32 -5 32 -1 31 -3 27 -3 23 -7 23 -7 22 -5 14 -9 14 -6 5 -6 1 -5 1 -7 -3 1 -8 0 0 0 0 0 0 0 0 0 0 0 0 0 0 0 0 0 0 0 0 0 0 -25 -9 -25 -11 -23 -8 -22 -14 -27 -15 -27 -17 -26 -15 -25 -11 -22 -18 -24 -19 -20 -13 -23 -11 -19 -9 -16 -11 -17 -12 -14 -7 -17 -7 -9 0 -11 0 -12 3 -9 5 -10 3 -6 10 -7 9 -7 13 -5 17 ],2025-05-07_20-02-50-869
CSI_DATA,PASSIVE,5C:E9:31:E8:F4:66,-77,11,0,0,0,0,0,0,0,0,0,-96,0,11,0,1990950468,0,94,0,0,1991.14,128,[94 -32 5 0 -19 -6 -21 -3 -26 -6 -26 -5 -26 0 -24 -4 -35 -2 -30 -5 -29 1 -32 3 -36 0 -33 3 -30 2 -29 -3 -32 -5 -24 -5 -22 -7 -23 -6 -18 -4 -14 -5 -9 -6 -6 -3 -2 -2 2 -1 7 -3 0 0 0 0 0 0 0 0 0 0 0 0 0 0 0 0 0 0 0 0 0 0 16 -19 19 -18 19 -18 21 -19 22 -20 23 -20 19 -23 23 -20 21 -16 18 -20 13 -17 16 -13 15 -19 15 -20 12 -14 10 -11 8 -11 2 -14 3 -10 2 -15 2 -11 -5 -5 -6 -6 -8 -5 -10 -5 -16 -8 ],2025-05-07_20-02-50-875
CSI_DATA,PASSIVE,5C:E9:31:E8:F4:66,-76,11,0,0,0,0,0,0,0,0,0,-96,0,11,0,1990950637,0,94,0,0,1991.14,128,[94 -32 5 0 -8 -21 -12 -23 -9 -21 -8 -27 -13 -23 -10 -26 -17 -28 -16 -29 -18 -29 -21 -30 -14 -27 -18 -29 -16 -26 -18 -27 -12 -23 -10 -26 -5 -22 -6 -19 -3 -20 -4 -10 0 -10 0 -2 -1 -2 6 0 1 4 0 0 0 0 0 0 0 0 0 0 0 0 0 0 0 0 0 0 0 0 0 0 23 6 24 9 25 7 22 6 28 6 29 7 26 11 28 10 30 11 26 11 22 8 21 5 20 5 16 7 15 2 15 1 12 2 10 -1 10 -4 10 -7 7 -4 4 -8 4 -14 0 -8 1 -13 1 -15 ],2025-05-07_20-02-50-880
CSI_DATA,PASSIVE,5C:E9:31:E8:F4:66,-77,11,0,0,0,0,0,0,0,0,0,-96,0,11,0,1990950806,0,94,0,0,1991.15,128,[94 -32 5 0 18 -12 18 -12 18 -15 21 -13 22 -19 19 -18 20 -23 22 -24 26 -20 23 -25 21 -25 24 -23 24 -23 26 -17 23 -20 20 -18 18 -12 16 -10 13 -8 13 -6 9 -4 4 -1 4 0 0 7 -5 4 0 0 0 0 0 0 0 0 0 0 0 0 0 0 0 0 0 0 0 0 0 0 -2 25 -3 25 -3 28 1 24 -4 26 -2 33 -6 32 -2 28 -3 26 -1 28 -4 25 -6 22 -1 20 0 21 -3 17 1 14 1 9 1 13 4 4 11 6 6 1 11 3 8 1 10 -5 11 -4 12 -6 ],2025-05-07_20-02-50-886
CSI_DATA,PASSIVE,5C:E9:31:E8:F4:66,-77,11,0,0,0,0,0,0,0,0,0,-96,0,11,0,1990950975,0,94,0,0,1991.15,128,[94 -32 5 0 11 21 8 14 13 20 14 23 17 26 17 25 20 23 17 24 19 20 15 26 24 25 15 24 23 23 16 23 18 22 12 25 11 21 5 18 4 16 1 11 1 10 -4 4 1 2 -5 -2 -7 -6 0 0 0 0 0 0 0 0 0 0 0 0 0 0 0 0 0 0 0 0 0 0 -27 6 -28 5 -26 3 -26 4 -29 0 -30 3 -30 0 -28 0 -24 1 -26 -1 -24 -3 -25 -1 -23 1 -18 2 -16 1 -16 2 -13 2 -10 1 -9 0 -7 8 -6 12 -6 13 -7 8 3 13 0 8 7 10 ],2025-05-07_20-02-50-891
CSI_DATA,PASSIVE,5C:E9:31:E8:F4:66,-77,11,0,0,0,0,0,0,0,0,0,-96,0,11,0,1990951144,0,94,0,0,1991.16,128,[94 -32 5 0 -19 13 -16 13 -17 16 -16 19 -21 19 -20 20 -22 21 -23 20 -20 23 -22 22 -24 22 -24 20 -20 20 -22 22 -20 16 -21 22 -20 16 -17 13 -14 7 -14 8 -9 1 -4 0 -4 -3 1 -4 0 -5 0 0 0 0 0 0 0 0 0 0 0 0 0 0 0 0 0 0 0 0 0 0 -7 -23 -5 -25 -5 -29 -8 -28 -3 -29 -5 -26 -6 -30 -5 -29 -5 -29 -5 -31 -3 -25 -2 -25 -4 -19 -3 -19 -7 -18 -4 -13 -8 -12 -6 -13 -10 -7 -9 -6 -10 -1 -11 1 -13 2 -12 4 -14 6 -12 3 ],2025-05-07_20-02-50-897
CSI_DATA,PASSIVE,5C:E9:31:E8:F4:66,-77,11,0,0,0,0,0,0,0,0,0,-96,0,11,0,1990951313,0,94,0,0,1991.17,128,[94 -32 5 0 -14 -16 -19 -16 -20 -16 -20 -18 -24 -16 -23 -16 -23 -18 -28 -18 -25 -18 -25 -19 -25 -18 -26 -18 -25 -16 -26 -19 -21 -20 -20 -18 -17 -16 -11 -15 -11 -14 -5 -10 -4 -8 -1 -8 3 -2 4 -1 6 0 0 0 0 0 0 0 0 0 0 0 0 0 0 0 0 0 0 0 0 0 0 0 21 -10 23 -10 24 -14 25 -12 28 -13 25 -14 27 -13 29 -12 25 -10 23 -13 23 -11 22 -10 19 -6 18 -10 12 -8 11 -8 10 -6 6 -9 4 -7 3 -9 1 -10 0 -10 2 -10 -3 -11 -4 -11 -10 -14 ],2025-05-07_20-02-50-903
CSI_DATA,PASSIVE,5C:E9:31:E8:F4:66,-77,11,0,0,0,0,0,0,0,0,0,-96,0,11,0,1990955657,0,205,0,0,1991.17,128,[-51 -48 12 0 21 -8 23 -12 24 -8 25 -11 28 -15 29 -12 28 -12 31 -12 29 -19 30 -11 29 -16 29 -10 24 -14 27 -14 25 -10 27 -11 21 -7 21 -8 15 -2 15 1 9 -2 7 -1 3 3 -2 3 -1 4 0 0 0 0 0 0 0 0 0 0 0 0 0 0 0 0 0 0 0 0 0 0 -6 24 -6 23 -6 25 -7 29 -7 29 -9 27 -11 31 -14 25 -11 26 -8 29 -10 20 -8 22 -10 19 -11 17 -7 16 -6 13 3 13 3 12 1 8 2 6 6 4 13 2 4 5 11 4 11 1 17 3 ],2025-05-07_20-02-50-908
CSI_DATA,PASSIVE,5C:E9:31:E8:E9:4E,-83,11,0,0,0,0,0,0,0,0,0,-96,0,11,0,1990999176,0,98,0,0,1991.18,128,[98 32 6 0 1 -3 -5 3 -4 0 4 -4 -1 -5 6 1 13 4 2 3 11 7 13 2 1 10 9 5 10 12 14 9 6 11 13 14 4 27 12 13 -1 13 2 10 1 15 -6 6 -5 10 -12 6 -9 12 0 0 0 0 0 0 0 0 0 0 0 0 0 0 0 0 0 0 0 0 0 0 7 1 11 -1 8 -6 9 -11 8 -3 -6 -15 1 -14 -13 -11 3 -17 -7 -26 14 -21 10 -30 -9 -22 -4 -28 10 -26 -9 -24 -2 -36 -6 -27 -18 -28 -18 -24 -13 -22 -8 -17 -15 -14 -15 -16 -3 -20 -2 -11 ],2025-05-07_20-02-50-913
CSI_DATA,PASSIVE,5C:E9:31:E8:F4:66,-77,11,0,0,0,0,0,0,0,0,0,-96,0,11,0,1991052230,0,467,0,0,1991.22,128,[-45 49 29 0 -17 -8 -18 -6 -21 -8 -25 -9 -26 -6 -28 -4 -28 -4 -31 -4 -33 -3 -31 -2 -30 -4 -33 -2 -33 -3 -33 -2 -28 -4 -30 -5 -23 -3 -21 -1 -17 -5 -13 -1 -11 -5 -6 -6 -3 -3 1 -4 5 -6 0 0 0 0 0 0 0 0 0 0 0 0 0 0 0 0 0 0 0 0 0 0 27 -1 26 -1 26 -2 27 -1 28 -2 28 -2 28 -4 29 -2 28 0 24 2 22 -1 22 1 23 1 20 2 14 0 12 0 11 0 5 -2 5 1 1 0 0 0 0 -2 -5 -1 -7 -5 -7 -2 -11 -1 ],2025-05-07_20-02-50-956
CSI_DATA,PASSIVE,5C:E9:31:E8:F4:66,-77,11,0,0,0,0,0,0,0,0,0,-96,0,11,0,1991052895,0,447,0,0,1991.22,128,[-65 -15 27 0 12 12 12 17 13 19 14 15 21 16 17 18 22 22 22 18 22 18 23 16 25 17 24 18 25 19 24 18 25 17 22 15 18 15 16 15 10 11 9 12 6 6 3 7 -2 6 -6 2 -7 2 0 0 0 0 0 0 0 0 0 0 0 0 0 0 0 0 0 0 0 0 0 0 -21 -15 -21 -15 -21 -17 -22 -16 -26 -18 -24 -15 -25 -16 -26 -17 -23 -17 -22 -17 -19 -13 -19 -13 -18 -14 -14 -12 -13 -10 -12 -8 -10 -8 -6 -4 -6 -7 -4 -3 2 3 0 2 -2 3 5 4 6 6 5 8 ],2025-05-07_20-02-50-962
CSI_DATA,PASSIVE,5C:E9:31:E8:F4:66,-77,11,0,0,0,0,0,0,0,0,0,-96,0,11,0,1991053532,0,108,0,0,1991.23,128,[108 -64 6 0 -18 -10 -18 -15 -19 -16 -18 -13 -22 -17 -23 -14 -25 -14 -31 -14 -28 -12 -29 -17 -29 -16 -28 -14 -30 -13 -29 -13 -28 -13 -23 -10 -22 -12 -22 -12 -14 -11 -12 -10 -10 -9 -7 -9 -1 -5 1 -3 3 -4 0 0 0 0 0 0 0 0 0 0 0 0 0 0 0 0 0 0 0 0 0 0 22 16 22 13 22 17 23 15 27 14 27 16 27 14 25 14 24 13 22 15 20 14 18 9 22 13 13 11 13 6 10 5 8 0 6 3 3 1 3 5 1 0 0 -1 -4 0 -5 -5 -9 -5 -7 -11 ],2025-05-07_20-02-50-968
CSI_DATA,PASSIVE,5C:E9:31:E8:F4:66,-77,11,0,0,0,0,0,0,0,0,0,-96,0,11,0,1991053717,0,734,0,0,1991.24,128,[-34 -30 45 0 -11 -15 -16 -13 -13 -17 -14 -22 -19 -18 -18 -19 -21 -22 -21 -18 -24 -23 -22 -21 -27 -16 -28 -22 -26 -19 -25 -19 -23 -19 -21 -15 -18 -18 -13 -15 -7 -11 -10 -10 -6 -11 -3 -7 -1 -6 4 -3 10 -1 0 0 0 0 0 0 0 0 0 0 0 0 0 0 0 0 0 0 0 0 0 0 19 16 19 18 18 17 21 13 25 19 22 18 22 17 27 18 20 18 19 18 20 12 15 14 18 16 16 12 11 9 13 7 8 6 8 6 7 0 3 0 1 -4 -4 1 -2 -3 -4 -2 -4 -8 -3 -13 ],2025-05-07_20-02-50-973
CSI_DATA,PASSIVE,5C:E9:31:E8:F4:66,-77,11,0,0,0,0,0,0,0,0,0,-96,0,11,0,1991054738,0,158,0,0,1991.24,128,[-98 -32 9 0 -3 -18 -2 -22 -2 -20 1 -25 -3 -26 -3 -27 -3 -32 -5 -27 -6 -32 -5 -30 -8 -33 -4 -36 -7 -34 -6 -30 -9 -29 -4 -28 -6 -21 0 -23 -2 -19 -2 -14 0 -11 5 -5 3 -1 5 0 2 6 0 0 0 0 0 0 0 0 0 0 0 0 0 0 0 0 0 0 0 0 0 0 3 25 5 26 3 26 4 27 3 28 4 27 5 28 4 30 5 26 5 28 4 25 0 24 2 20 3 19 2 16 0 13 -1 7 3 6 1 2 8 2 1 -4 1 -3 1 -6 -1 -9 0 -10 0 -11 ],2025-05-07_20-02-50-978
CSI_DATA,PASSIVE,5C:E9:31:E8:F4:66,-77,11,0,0,0,0,0,0,0,0,0,-96,0,11,0,1991054991,0,370,0,0,1991.25,128,[114 33 23 0 -15 -19 -15 -15 -17 -12 -20 -14 -21 -13 -25 -17 -20 -14 -22 -18 -22 -17 -25 -13 -29 -18 -30 -18 -25 -12 -28 -15 -24 -15 -25 -11 -17 -15 -21 -15 -15 -12 -11 -10 -8 -6 -7 -8 -2 -6 3 -5 4 0 0 0 0 0 0 0 0 0 0 0 0 0 0 0 0 0 0 0 0 0 0 0 17 15 19 17 21 14 24 16 23 16 21 14 23 12 21 18 21 14 22 15 16 13 18 13 15 13 11 11 11 8 9 5 8 4 4 3 3 3 5 2 -1 -3 1 -3 -5 -4 -4 -7 -7 -8 -10 -11 ],2025-05-07_20-02-50-984
CSI_DATA,PASSIVE,5C:E9:31:E8:F4:66,-77,11,0,0,0,0,0,0,0,0,0,-96,0,11,0,1991055528,0,158,0,0,1991.25,128,[-98 -32 9 0 -10 -16 -13 -15 -7 -17 -18 -17 -17 -17 -16 -21 -24 -20 -17 -21 -22 -7 -27 -25 -23 -23 -20 -6 -31 -10 -19 -18 -20 -22 -23 -8 -23 -11 -25 -13 -28 -6 -13 -14 -10 0 -2 -1 -4 -7 -1 -7 4 -2 0 0 0 0 0 0 0 0 0 0 0 0 0 0 0 0 0 0 0 0 0 0 -4 19 -1 27 -3 28 3 23 -6 26 3 25 2 34 10 27 12 17 7 32 2 21 6 13 7 10 4 26 -12 17 -4 8 -4 0 11 6 5 -1 -4 5 -7 -5 -5 1 4 -2 -9 -7 -10 -6 -13 -5 ],2025-05-07_20-02-50-989
CSI_DATA,PASSIVE,5C:E9:31:E8:F4:66,-77,11,0,0,0,0,0,0,0,0,0,-96,0,11,0,1991055781,0,94,0,0,1991.26,128,[94 -32 5 0 -19 5 -20 3 -23 6 -20 6 -19 9 -25 10 -23 10 -25 10 -23 11 -24 10 -25 15 -27 13 -25 13 -22 15 -23 10 -21 11 -21 12 -19 7 -15 5 -14 5 -10 1 -9 -3 -4 -3 -2 -4 -1 -7 0 0 0 0 0 0 0 0 0 0 0 0 0 0 0 0 0 0 0 0 0 0 20 -5 24 -4 25 -4 22 -5 26 -5 26 -8 25 -9 24 -7 22 -10 21 -7 18 -6 14 -4 14 -5 18 -4 13 -2 9 -2 6 -1 4 -6 3 0 -1 1 -3 0 -1 0 -9 1 -8 0 -12 -1 -12 4 ],2025-05-07_20-02-50-995
CSI_DATA,PASSIVE,5C:E9:31:E8:F4:66,-77,11,0,0,0,0,0,0,0,0,0,-96,0,11,0,1991055950,0,163,0,0,1991.26,128,[-93 48 10 0 -11 -16 -8 -19 -7 -16 -13 -23 -14 -22 -17 -20 -19 -21 -19 -21 -19 -24 -24 -21 -24 -24 -21 -22 -22 -26 -22 -21 -20 -24 -20 -21 -18 -17 -15 -18 -12 -13 -8 -11 -7 -6 -1 -6 1 -3 4 -6 8 -1 0 0 0 0 0 0 0 0 0 0 0 0 0 0 0 0 0 0 0 0 0 0 9 24 7 25 8 24 8 24 8 27 10 21 10 24 5 23 5 22 9 24 11 21 10 19 7 18 6 17 4 15 1 9 5 6 1 6 2 4 1 -2 1 1 4 -5 -6 -6 -3 -8 -6 -7 -6 -13 ],2025-05-07_20-02-50-0
CSI_DATA,PASSIVE,5C:E9:31:E8:F4:66,-77,11,0,0,0,0,0,0,0,0,0,-96,0,11,0,1991056211,0,183,0,0,1991.27,128,[-73 112 11 0 -15 13 -17 15 -18 14 -17 17 -20 21 -20 23 -16 22 -15 23 -17 25 -17 23 -21 27 -22 27 -19 24 -12 23 -14 22 -17 20 -15 18 -9 14 -13 11 -7 11 -10 7 -8 3 -2 -1 -3 -3 -3 -8 0 0 0 0 0 0 0 0 0 0 0 0 0 0 0 0 0 0 0 0 0 0 14 -18 16 -18 15 -20 14 -23 20 -21 14 -20 14 -24 15 -23 17 -24 14 -22 17 -20 12 -21 11 -18 8 -15 9 -9 7 -6 7 -8 4 -7 -1 -2 2 0 0 2 -3 2 -2 3 -3 6 -6 8 -8 6 ],2025-05-07_20-02-51-6
CSI_DATA,PASSIVE,5C:E9:31:E8:F4:66,-78,11,0,0,0,0,0,0,0,0,0,-96,0,11,0,1991155156,0,94,0,0,1991.32,128,[94 -32 5 0 -14 -2 -18 -6 -21 -2 -20 -1 -22 -1 -27 -2 -29 -2 -28 -1 -30 2 -30 3 -31 0 -30 4 -32 3 -30 4 -28 1 -26 4 -22 2 -23 2 -18 -2 -11 -3 -11 -2 -6 -4 -1 -4 2 -3 4 -2 0 0 0 0 0 0 0 0 0 0 0 0 0 0 0 0 0 0 0 0 0 0 26 -3 24 -2 24 -1 23 -3 28 -4 26 -1 23 -1 28 -3 24 -2 21 -1 19 2 22 -2 18 0 18 -4 14 2 11 -2 11 -2 8 -5 9 -2 6 1 3 -1 1 0 -1 -2 -3 0 -6 -1 -8 -3 ],2025-05-07_20-02-51-58
CSI_DATA,PASSIVE,5C:E9:31:E8:E9:4E,-84,11,0,0,0,0,0,0,0,0,0,-96,0,11,0,1991180680,0,756,0,0,1991.35,128,[-12 66 47 0 -9 3 4 9 -4 -1 -10 -7 -13 2 -16 3 -19 -4 -14 -4 -19 -7 -24 -8 -13 -8 -25 -11 -28 -8 -22 -10 -21 -19 -23 -24 -21 -20 -21 -20 -18 -17 -13 -17 -2 -23 0 -25 1 -13 4 -15 2 -16 0 0 0 0 0 0 0 0 0 0 0 0 0 0 0 0 0 0 0 0 0 0 -10 -5 -9 -4 -7 1 -8 5 -10 5 -8 11 -11 12 -15 13 -5 17 -17 24 -15 25 -9 30 -1 27 -7 26 -6 35 1 33 -5 26 -4 31 0 34 0 30 2 35 7 29 -3 26 0 20 -2 25 -1 16 ],2025-05-07_20-02-51-85
CSI_DATA,PASSIVE,5C:E9:31:E8:E9:4E,-82,11,0,0,0,0,0,0,0,0,0,-96,0,11,0,1991212562,0,148,0,0,1991.38,128,[-108 64 9 0 3 -7 2 -11 6 -6 8 -3 9 3 5 -5 13 2 17 3 13 11 20 10 15 11 17 11 19 9 18 8 23 10 15 8 13 13 18 12 5 22 3 17 6 19 3 20 -1 12 -4 12 -7 13 0 0 0 0 0 0 0 0 0 0 0 0 0 0 0 0 0 0 0 0 0 0 7 5 8 3 8 -4 6 3 11 -3 14 -4 8 -5 14 -9 13 -8 12 -10 12 -18 11 -24 9 -24 8 -20 7 -30 0 -26 5 -32 8 -38 -2 -23 -9 -29 -7 -27 -9 -18 -6 -20 2 -13 -8 -23 5 -8 ],2025-05-07_20-02-51-115
CSI_DATA,PASSIVE,5C:E9:31:E8:F4:66,-78,11,0,0,0,0,0,0,0,0,0,-96,0,11,0,1991257025,0,174,0,0,1991.42,128,[-82 -32 10 0 -17 29 -23 39 -19 33 -31 37 -36 38 -39 28 -35 25 -46 37 -43 38 -22 49 -51 43 -34 46 -54 47 -58 67 -44 43 -44 50 -23 17 -31 21 -62 -3 -36 30 -24 22 -13 1 -4 4 0 -19 6 -18 0 0 0 0 0 0 0 0 0 0 0 0 0 0 0 0 0 0 0 0 0 0 -26 -56 -33 -51 -42 -44 -33 -52 -25 -57 -27 -73 -21 -63 -31 -48 -9 -50 -9 -71 -7 -54 -11 -59 -3 -54 14 -36 -2 -48 9 -49 -21 -46 -14 -22 -14 -19 4 -36 -11 -12 -21 -14 -3 -4 -4 13 -4 11 1 9 ],2025-05-07_20-02-51-161
CSI_DATA,PASSIVE,5C:E9:31:E8:F4:66,-78,11,0,0,0,0,0,0,0,0,0,-96,0,11,0,1991257298,0,194,0,0,1991.43,128,[-62 32 12 0 -15 7 -17 10 -15 10 -13 14 -16 16 -20 14 -19 19 -21 18 -19 21 -18 19 -20 22 -21 20 -19 22 -22 18 -21 16 -18 16 -14 16 -17 12 -12 12 -11 10 -9 7 -7 2 -2 0 -1 -5 7 -4 0 0 0 0 0 0 0 0 0 0 0 0 0 0 0 0 0 0 0 0 0 0 13 -23 12 -22 10 -21 12 -23 14 -24 15 -23 17 -24 11 -25 11 -26 14 -22 13 -20 11 -23 13 -17 14 -16 10 -18 5 -13 7 -12 7 -12 2 -9 2 -7 1 -9 -3 -4 -2 -1 -3 0 -4 2 -9 -1 ],2025-05-07_20-02-51-167
CSI_DATA,PASSIVE,5C:E9:31:E8:F4:66,-78,11,0,0,0,0,0,0,0,0,0,-96,0,11,0,1991257599,0,756,0,0,1991.44,128,[-12 66 47 0 -19 -2 -14 -12 -17 -12 -16 -11 -19 -7 -24 -11 -21 -16 -23 -11 -29 -11 -24 -7 -29 -11 -31 -10 -29 -11 -29 -7 -21 -12 -22 -14 -16 -7 -20 -8 -13 -7 -11 -3 -9 -6 -9 -6 0 1 2 -1 4 0 0 0 0 0 0 0 0 0 0 0 0 0 0 0 0 0 0 0 0 0 0 0 24 7 24 5 26 5 26 4 27 6 29 3 27 3 28 10 27 4 26 5 19 9 22 5 21 6 21 7 18 3 16 4 10 -1 12 -1 8 -2 10 2 5 2 5 -4 5 0 3 -5 -6 -1 -4 -4 ],2025-05-07_20-02-51-172
CSI_DATA,PASSIVE,5C:E9:31:E8:F4:66,-77,11,0,0,0,0,0,0,0,0,0,-96,0,11,0,1991258648,0,161,0,0,1991.44,128,[-95 16 10 0 17 -2 18 -3 20 -5 22 -6 23 -6 27 -9 25 -6 27 -14 30 -10 26 -12 32 -15 27 -11 31 -14 32 -15 27 -10 25 -13 24 -15 21 -6 16 -6 14 -3 11 -2 6 -1 4 0 -1 1 -4 1 0 0 0 0 0 0 0 0 0 0 0 0 0 0 0 0 0 0 0 0 0 0 -23 16 -21 17 -22 17 -25 20 -28 16 -23 18 -26 16 -27 19 -26 15 -25 15 -26 14 -25 15 -24 15 -18 12 -17 9 -12 9 -10 6 -10 7 -11 5 -8 3 -2 4 0 2 2 2 1 1 3 0 6 2 ],2025-05-07_20-02-51-177
CSI_DATA,PASSIVE,5C:E9:31:E8:F4:66,-77,11,0,0,0,0,0,0,0,0,0,-96,0,11,0,1991258905,0,141,0,0,1991.45,128,[-115 -48 8 0 6 18 6 20 4 20 4 22 11 21 10 26 16 22 15 26 15 23 19 26 19 27 19 30 18 27 20 28 16 25 16 24 10 22 8 18 7 15 4 13 1 9 2 5 -5 3 -5 -1 -8 -5 0 0 0 0 0 0 0 0 0 0 0 0 0 0 0 0 0 0 0 0 0 0 -17 -22 -18 -24 -19 -22 -21 -23 -22 -26 -20 -22 -19 -27 -18 -25 -16 -24 -19 -25 -16 -24 -16 -20 -16 -20 -14 -16 -14 -20 -9 -12 -9 -11 -5 -10 -10 -5 -7 -6 -9 -6 -4 0 -1 -3 -1 6 1 8 -2 7 ],2025-05-07_20-02-51-183
CSI_DATA,PASSIVE,5C:E9:31:E8:F4:66,-77,11,0,0,0,0,0,0,0,0,0,-96,0,11,0,1991259134,0,148,0,0,1991.45,128,[-108 64 9 0 2 12 -1 17 -8 17 -4 25 -4 25 -3 25 -3 28 -7 30 -6 33 1 35 -4 33 2 33 -2 32 1 31 1 30 -5 28 -5 26 -6 23 -6 16 -6 13 -2 11 1 6 -8 6 -1 -2 -10 -6 0 0 0 0 0 0 0 0 0 0 0 0 0 0 0 0 0 0 0 0 0 0 -3 -28 -7 -29 -3 -33 -7 -32 -4 -34 -5 -27 -5 -33 -1 -31 -6 -30 -2 -27 -2 -26 -5 -25 -2 -24 -7 -21 1 -20 -2 -16 -2 -12 -2 -14 -8 -15 -2 -8 2 -11 -3 2 -5 -3 -3 1 0 2 0 2 ],2025-05-07_20-02-51-188
CSI_DATA,PASSIVE,5C:E9:31:E8:F4:66,-77,11,0,0,0,0,0,0,0,0,0,-96,0,11,0,1991259375,0,125,0,0,1991.46,128,[125 -48 7 0 -14 -12 -16 -14 -17 -13 -20 -16 -20 -17 -26 -13 -22 -15 -27 -15 -28 -13 -26 -16 -29 -16 -31 -16 -34 -10 -28 -17 -27 -12 -27 -13 -27 -10 -17 -13 -16 -11 -13 -3 -9 -6 -7 -6 -3 -4 1 -3 2 1 0 0 0 0 0 0 0 0 0 0 0 0 0 0 0 0 0 0 0 0 0 0 24 9 27 12 27 11 31 13 29 7 28 7 28 11 32 11 33 15 25 12 25 11 22 9 24 3 21 6 15 8 16 6 12 4 6 5 8 -1 7 3 3 2 -1 -1 -5 0 -3 -4 -3 -7 -5 -11 ],2025-05-07_20-02-51-194
CSI_DATA,PASSIVE,5C:E9:31:E8:F4:66,-78,11,0,0,0,0,0,0,0,0,0,-96,0,11,0,1991259584,0,145,0,0,1991.46,128,[-111 16 9 0 -15 10 -17 8 -19 12 -20 11 -25 12 -21 14 -23 17 -25 16 -24 16 -25 19 -26 21 -27 22 -24 21 -28 17 -23 14 -23 16 -20 16 -21 11 -17 10 -15 7 -10 5 -5 -1 -4 2 -2 -2 2 -4 0 0 0 0 0 0 0 0 0 0 0 0 0 0 0 0 0 0 0 0 0 0 16 -26 15 -23 18 -26 16 -27 19 -25 19 -24 18 -25 18 -27 19 -26 15 -28 17 -24 16 -19 14 -18 14 -19 13 -17 8 -12 10 -11 5 -13 3 -5 4 -5 4 -6 1 -3 -1 -4 -5 0 -4 0 -7 0 ],2025-05-07_20-02-51-200
CSI_DATA,PASSIVE,5C:E9:31:E8:E9:4E,-82,11,0,0,0,0,0,0,0,0,0,-96,0,11,0,1991332306,0,98,0,0,1991.5,128,[98 32 6 0 8 -9 9 -8 7 -3 5 3 7 7 14 7 13 3 7 9 24 17 15 8 25 12 20 19 25 16 21 9 22 10 14 21 18 18 8 20 16 25 5 24 0 20 5 17 -3 12 -4 16 -8 6 0 0 0 0 0 0 0 0 0 0 0 0 0 0 0 0 0 0 0 0 0 0 11 7 10 2 7 -3 8 1 10 -2 17 -5 15 -8 8 -12 11 -18 10 -22 12 -17 5 -19 3 -19 10 -28 11 -31 14 -32 3 -26 10 -25 0 -23 0 -27 1 -27 1 -26 4 -24 -6 -25 -6 -13 -8 -15 ],2025-05-07_20-02-51-235
CSI_DATA,PASSIVE,5C:E9:31:E8:E9:4E,-83,11,0,0,0,0,0,0,0,0,0,-96,0,11,0,1991335096,0,130,0,0,1991.5,128,[-126 32 8 0 11 -17 -2 -11 10 -6 2 -5 6 -7 13 1 14 -10 19 -2 25 6 22 -2 28 6 27 0 30 0 32 11 26 4 21 1 31 6 26 15 23 9 17 11 23 17 14 10 5 10 2 19 1 15 0 0 0 0 0 0 0 0 0 0 0 0 0 0 0 0 0 0 0 0 0 0 13 3 8 5 10 -5 11 2 18 -6 16 -9 15 -7 19 -12 11 -18 25 -19 20 -27 6 -22 19 -20 13 -27 8 -26 14 -33 2 -22 5 -37 4 -26 -6 -36 4 -39 -3 -34 1 -22 -15 -23 1 -29 -3 -18 ],2025-05-07_20-02-51-241
CSI_DATA,PASSIVE,5C:E9:31:E8:E9:4E,-84,11,0,0,0,0,0,0,0,0,0,-96,0,11,0,1991339672,0,128,0,0,1991.51,128,[-128 0 8 0 -4 14 -9 4 -5 -2 -11 -3 -4 -8 -5 -9 -3 -12 -10 -15 -20 -21 -9 -15 -15 -16 -18 -18 -17 -25 -11 -27 -12 -28 -15 -29 -8 -22 1 -23 -5 -27 1 -21 0 -17 3 -14 3 -15 12 -9 10 -10 0 0 0 0 0 0 0 0 0 0 0 0 0 0 0 0 0 0 0 0 0 0 -6 -10 -6 -9 -6 -9 -12 -9 -12 -15 -11 -5 -17 -5 -18 -2 -18 3 -21 7 -23 3 -23 6 -17 9 -29 11 -26 12 -23 14 -20 16 -23 23 -22 19 -15 25 -18 17 -13 15 -10 20 -14 12 -11 20 -7 7 ],2025-05-07_20-02-51-247
CSI_DATA,PASSIVE,5C:E9:31:E8:E9:4E,-83,11,0,0,0,0,0,0,0,0,0,-96,0,11,0,1991349990,0,128,0,0,1991.52,128,[-128 0 8 0 4 -5 -3 -6 6 -5 5 5 10 1 12 1 6 11 17 10 18 11 18 6 18 17 26 13 16 22 16 20 17 14 19 17 18 18 14 22 5 23 3 16 6 19 3 20 2 15 -6 12 -7 12 0 0 0 0 0 0 0 0 0 0 0 0 0 0 0 0 0 0 0 0 0 0 7 11 2 9 8 3 4 6 12 5 16 0 17 -4 13 -5 11 -12 22 -9 20 -15 12 -16 11 -20 18 -16 16 -25 13 -27 16 -30 16 -28 16 -23 8 -29 11 -24 8 -18 1 -31 0 -23 -2 -18 11 -15 ],2025-05-07_20-02-51-253
CSI_DATA,PASSIVE,5C:E9:31:E8:F4:66,-78,11,0,0,0,0,0,0,0,0,0,-96,0,11,0,1991359393,0,736,0,0,1991.53,128,[-32 2 46 0 12 -10 14 -11 13 -16 11 -17 12 -21 14 -21 15 -24 15 -24 15 -19 15 -26 16 -27 14 -27 14 -27 13 -23 13 -23 13 -23 14 -19 10 -15 9 -14 7 -9 1 -7 1 -2 0 -2 -3 -1 -9 6 0 0 0 0 0 0 0 0 0 0 0 0 0 0 0 0 0 0 0 0 0 0 14 22 13 23 12 27 14 24 15 24 10 26 10 26 10 26 10 30 10 26 9 26 4 23 4 21 4 19 4 21 5 15 5 12 3 9 4 8 3 8 6 4 5 1 5 -1 7 -1 5 -2 7 -2 ],2025-05-07_20-02-51-263
CSI_DATA,PASSIVE,5C:E9:31:E8:F4:66,-78,11,0,0,0,0,0,0,0,0,0,-96,0,11,0,1991360418,0,94,0,0,1991.53,128,[94 -32 5 0 -11 11 -16 13 -17 12 -19 8 -16 15 -21 18 -15 20 -18 21 -18 25 -16 25 -20 25 -19 26 -18 27 -16 21 -12 21 -10 19 -15 21 -10 14 -9 15 -10 7 -4 7 -2 2 -1 2 2 -2 2 -5 0 0 0 0 0 0 0 0 0 0 0 0 0 0 0 0 0 0 0 0 0 0 -6 -25 -4 -28 -4 -27 -6 -31 -5 -32 -3 -31 -3 -35 -2 -31 -2 -30 0 -29 0 -27 4 -26 3 -24 1 -23 2 -19 1 -19 -2 -15 0 -10 0 -11 -2 -9 -6 -3 -4 -9 0 -3 -8 -3 -6 -1 -5 -1 ],2025-05-07_20-02-51-270
CSI_DATA,PASSIVE,5C:E9:31:E8:F4:66,-78,11,0,0,0,0,0,0,0,0,0,-96,0,11,0,1991360587,0,205,0,0,1991.54,128,[-51 -48 12 0 -3 -8 -6 -19 -10 -17 -9 -14 -10 -16 -10 -19 -15 -20 -13 -24 -14 -14 -19 -16 -18 -24 -16 -20 -15 -20 -16 -21 -15 -17 -9 -18 -9 -12 -10 -15 -9 -11 -3 -11 -4 -8 -4 -3 -6 2 -1 6 3 3 0 0 0 0 0 0 0 0 0 0 0 0 0 0 0 0 0 0 0 0 0 0 21 -11 20 -9 24 -6 27 -10 25 -4 26 -8 29 -7 25 -4 28 -2 22 -7 22 -1 24 -4 24 3 21 1 18 -1 14 -2 9 1 6 -3 9 -1 7 -6 5 -8 1 -2 5 -10 2 -7 1 -10 1 -3 ],2025-05-07_20-02-51-275
CSI_DATA,PASSIVE,5C:E9:31:E8:F4:66,-79,11,0,0,0,0,0,0,0,0,0,-96,0,11,0,1991360904,0,125,0,0,1991.54,128,[125 -48 7 0 -2 -11 -3 -19 -6 -19 -2 -23 -4 -23 -12 -25 -9 -26 -11 -22 -13 -27 -14 -25 -20 -28 -15 -29 -13 -27 -17 -26 -12 -22 -12 -22 -13 -23 -15 -16 -4 -15 -5 -8 -3 -7 0 -4 4 1 0 2 1 6 0 0 0 0 0 0 0 0 0 0 0 0 0 0 0 0 0 0 0 0 0 0 24 8 24 15 26 8 22 13 27 13 25 19 25 16 25 17 20 18 20 19 22 18 21 16 19 18 14 12 13 17 12 12 12 8 9 8 12 1 8 1 10 1 5 -3 4 -6 4 -5 4 -3 5 -4 ],2025-05-07_20-02-51-280
CSI_DATA,PASSIVE,5C:E9:31:E8:F4:66,-78,11,0,0,0,0,0,0,0,0,0,-96,0,11,0,1991361113,0,145,0,0,1991.55,128,[-111 16 9 0 -11 11 -15 11 -16 10 -15 13 -17 11 -18 14 -18 16 -18 21 -20 22 -18 28 -19 24 -22 23 -16 23 -17 20 -16 21 -18 22 -15 17 -12 12 -13 13 -11 10 -7 5 -2 2 1 0 0 -3 5 -5 0 0 0 0 0 0 0 0 0 0 0 0 0 0 0 0 0 0 0 0 0 0 -3 -28 -3 -28 2 -29 -1 -31 -2 -31 -1 -31 -1 -30 -3 -28 3 -33 -3 -28 2 -32 4 -28 6 -26 3 -23 2 -19 2 -14 4 -12 -3 -12 -1 -13 -2 -14 -2 -13 -8 -5 -2 -4 -5 -1 -10 -2 -5 0 ],2025-05-07_20-02-51-286
CSI_DATA,PASSIVE,5C:E9:31:E8:F4:66,-78,11,0,0,0,0,0,0,0,0,0,-96,0,11,0,1991361350,0,86,0,0,1991.55,128,[86 96 5 0 -20 5 -13 8 -18 11 -18 14 -24 15 -22 12 -21 17 -20 19 -22 20 -22 21 -20 23 -19 25 -20 22 -21 20 -19 18 -15 16 -17 18 -15 12 -11 13 -10 10 -4 8 -3 2 -4 0 0 -1 2 -2 0 0 0 0 0 0 0 0 0 0 0 0 0 0 0 0 0 0 0 0 0 0 -6 -27 -4 -29 0 -29 -2 -27 1 -29 2 -30 1 -29 4 -30 3 -31 3 -31 6 -30 6 -26 5 -24 4 -23 4 -19 4 -17 1 -14 1 -13 -4 -11 -2 -13 -2 -8 -4 -3 -5 -5 -6 -6 -11 -4 -11 0 ],2025-05-07_20-02-51-292
CSI_DATA,PASSIVE,5C:E9:31:E8:F4:66,-78,11,0,0,0,0,0,0,0,0,0,-96,0,11,0,1991361507,0,386,0,0,1991.56,128,[-126 33 24 0 4 17 1 16 2 15 7 18 7 22 6 21 9 22 11 23 5 26 13 25 13 30 11 24 10 23 14 22 9 24 13 27 13 16 7 21 7 14 1 6 2 5 -1 6 1 2 2 -3 -3 -10 0 0 0 0 0 0 0 0 0 0 0 0 0 0 0 0 0 0 0 0 0 0 -25 -9 -27 -11 -25 -11 -26 -12 -29 -18 -26 -12 -28 -10 -27 -14 -29 -15 -23 -22 -23 -20 -24 -17 -19 -16 -16 -14 -17 -13 -11 -10 -14 -6 -14 -5 -10 -5 -14 -6 -8 -5 -9 3 -4 4 -3 5 -2 6 -2 9 ],2025-05-07_20-02-51-297
CSI_DATA,PASSIVE,5C:E9:31:E8:F4:66,-79,11,0,0,0,0,0,0,0,0,0,-96,0,11,0,1991362064,0,246,0,0,1991.57,128,[-10 96 15 0 -4 -14 -10 -16 -11 -19 -10 -13 -12 -22 -15 -23 -17 -21 -15 -22 -19 -20 -20 -28 -21 -24 -19 -23 -24 -23 -20 -24 -19 -20 -15 -19 -12 -19 -12 -17 -10 -13 -5 -9 -5 -10 -2 -3 1 -3 1 3 5 5 0 0 0 0 0 0 0 0 0 0 0 0 0 0 0 0 0 0 0 0 0 0 25 -2 29 0 27 1 28 2 28 3 27 2 31 2 29 2 29 2 27 6 29 5 23 6 25 7 20 5 15 5 16 6 17 6 8 2 14 2 8 -1 5 -1 7 -2 0 -8 5 -5 2 -10 -3 -10 ],2025-05-07_20-02-51-302
CSI_DATA,PASSIVE,5C:E9:31:E8:F4:66,-77,11,0,0,0,0,0,0,0,0,0,-96,0,11,0,1991362433,0,158,0,0,1991.57,128,[-98 -32 9 0 -12 -10 -10 -15 -14 -10 -14 -15 -22 -11 -22 -15 -23 -16 -24 -17 -24 -16 -25 -14 -30 -14 -30 -14 -29 -16 -25 -15 -24 -13 -23 -13 -17 -12 -16 -9 -11 -7 -8 -7 -6 -4 -5 -3 0 0 0 5 3 5 0 0 0 0 0 0 0 0 0 0 0 0 0 0 0 0 0 0 0 0 0 0 26 -7 27 -5 27 -5 28 -7 29 -4 30 -6 30 -9 31 -5 27 -4 28 -2 25 -1 27 -2 28 -2 17 0 19 -2 17 2 14 -3 7 -1 7 -4 8 -3 2 0 1 -5 0 -5 -1 -7 0 -7 -4 -10 ],2025-05-07_20-02-51-309
CSI_DATA,PASSIVE,5C:E9:31:E8:F4:66,-78,11,0,0,0,0,0,0,0,0,0,-96,0,11,0,1991362686,0,163,0,0,1991.58,128,[-93 48 10 0 -14 6 -12 12 -12 11 -18 16 -18 19 -21 16 -13 20 -17 20 -17 23 -16 26 -17 26 -18 28 -20 23 -21 24 -17 18 -16 22 -17 16 -12 17 -9 14 -11 10 -8 3 -2 3 -1 1 4 0 1 -3 0 0 0 0 0 0 0 0 0 0 0 0 0 0 0 0 0 0 0 0 0 0 -8 -28 -6 -25 -10 -28 -8 -26 -6 -30 -7 -31 -7 -32 -3 -29 -2 -29 -1 -31 -2 -28 0 -23 -2 -22 0 -20 0 -20 -1 -21 -1 -16 -1 -14 -2 -11 -3 -9 -6 -5 -7 -5 -5 -4 -7 0 -8 1 -9 3 ],2025-05-07_20-02-51-314
CSI_DATA,PASSIVE,5C:E9:31:E8:F4:66,-78,11,0,0,0,0,0,0,0,0,0,-96,0,11,0,1991366019,0,402,0,0,1991.58,128,[-110 33 25 0 -8 -13 -13 -12 -9 -17 -15 -13 -19 -15 -23 -18 -16 -19 -25 -20 -26 -22 -28 -16 -30 -22 -29 -26 -27 -20 -22 -19 -29 -19 -14 -15 -17 -14 -17 -15 -14 -13 -9 -9 -6 -7 -3 -8 -4 -2 -4 2 -2 7 0 0 0 0 0 0 0 0 0 0 0 0 0 0 0 0 0 0 0 0 0 0 24 -12 26 -8 28 -10 23 -13 32 -12 30 -12 32 -5 29 -7 30 -5 23 -6 25 -2 26 -2 27 -3 21 -3 17 4 18 -4 16 2 10 0 7 -2 11 -4 2 -5 4 -6 0 -6 0 -12 -7 -11 -10 -11 ],2025-05-07_20-02-51-319
CSI_DATA,PASSIVE,5C:E9:31:E8:E9:4E,-84,11,0,0,0,0,0,0,0,0,0,-96,0,11,0,1991424563,0,98,0,0,1991.59,128,[98 32 6 0 -9 -13 2 -4 6 -6 6 -8 5 -5 8 -8 11 -11 9 -5 16 -9 17 -10 16 -11 22 -5 18 -4 25 -8 24 -1 27 -2 29 -4 20 1 22 9 15 11 13 10 16 4 6 11 7 11 2 9 0 0 0 0 0 0 0 0 0 0 0 0 0 0 0 0 0 0 0 0 0 0 5 -7 11 -12 6 -11 -1 -9 -2 -11 5 -13 -2 -18 -3 -15 -4 -16 -7 -27 -19 -23 -13 -25 -14 -23 -18 -26 -16 -24 -18 -19 -18 -20 -27 -26 -27 -22 -25 -17 -26 -13 -25 -15 -20 -12 -18 -10 -19 -17 -12 -14 ],2025-05-07_20-02-51-328
CSI_DATA,PASSIVE,5C:E9:31:E8:E9:4E,-85,11,0,0,0,0,0,0,0,0,0,-96,0,11,0,1991441387,0,125,0,0,1991.61,128,[125 -48 7 0 -12 -2 -2 -2 -3 -5 -9 -6 3 -5 0 -10 6 -10 5 -14 3 -17 10 -19 9 -26 12 -20 6 -17 16 -21 15 -18 15 -13 13 -15 18 -8 16 -7 18 -8 18 -9 20 -2 15 -3 8 3 19 2 0 0 0 0 0 0 0 0 0 0 0 0 0 0 0 0 0 0 0 0 0 0 -1 -13 0 -11 -5 -17 -5 -11 -4 -13 -5 -9 -7 -10 -11 -7 -15 -8 -22 -5 -18 -10 -29 -9 -28 -6 -29 0 -26 -1 -39 1 -34 -10 -31 3 -26 3 -37 0 -24 4 -30 4 -27 6 -16 -1 -15 8 -16 1 ],2025-05-07_20-02-51-345
CSI_DATA,PASSIVE,5C:E9:31:E8:F4:66,-78,11,0,0,0,0,0,0,0,0,0,-96,0,11,0,1991462390,0,128,0,0,1991.63,128,[-128 0 8 0 -16 -8 -20 -6 -18 -8 -22 -5 -24 -6 -26 -10 -26 -8 -29 -11 -30 -8 -28 -9 -29 -5 -30 -6 -30 -8 -28 -6 -25 -7 -24 -7 -21 -8 -17 -7 -12 -7 -6 -7 -5 -6 -1 -6 2 -3 5 -3 8 -4 0 0 0 0 0 0 0 0 0 0 0 0 0 0 0 0 0 0 0 0 0 0 22 -12 23 -11 24 -13 26 -17 25 -16 25 -15 25 -13 24 -12 25 -10 26 -13 23 -12 21 -10 19 -6 16 -8 11 -7 11 -8 5 -8 4 -5 4 -9 1 -7 -3 -5 -5 -5 -8 -4 -10 -3 -11 -6 -9 -3 ],2025-05-07_20-02-51-366
CSI_DATA,PASSIVE,5C:E9:31:E8:F4:66,-79,11,0,0,0,0,0,0,0,0,0,-96,0,11,0,1991462603,0,158,0,0,1991.63,128,[-98 -32 9 0 5 -20 8 -21 10 -21 8 -24 6 -26 6 -32 6 -24 4 -32 6 -35 5 -34 5 -33 7 -34 2 -35 2 -28 5 -29 7 -25 7 -25 7 -19 6 -16 8 -11 7 -10 2 1 5 1 6 5 1 10 0 0 0 0 0 0 0 0 0 0 0 0 0 0 0 0 0 0 0 0 0 0 5 27 2 30 6 32 9 34 4 31 6 30 5 35 8 32 7 32 2 28 7 26 4 27 4 21 -1 16 4 18 5 11 2 7 4 3 5 5 5 2 3 -3 4 -6 4 -4 6 -8 5 -12 1 -13 ],2025-05-07_20-02-51-371
CSI_DATA,PASSIVE,5C:E9:31:E8:F4:66,-79,11,0,0,0,0,0,0,0,0,0,-96,0,11,0,1991462856,0,128,0,0,1991.64,128,[-128 0 8 0 -11 -13 -14 -16 -13 -18 -19 -23 -18 -29 -16 -26 -22 -24 -23 -21 -22 -24 -21 -21 -23 -24 -22 -27 -23 -24 -22 -25 -18 -25 -19 -19 -12 -15 -10 -14 -8 -21 -5 -11 1 -6 1 -4 2 -2 5 3 5 4 0 0 0 0 0 0 0 0 0 0 0 0 0 0 0 0 0 0 0 0 0 0 23 6 24 8 34 14 29 9 27 12 32 10 28 13 32 9 32 14 27 13 28 3 23 2 24 9 18 2 12 3 12 5 10 1 9 2 4 1 -2 0 -5 -4 2 0 -3 -3 0 -11 -2 -11 -8 -13 ],2025-05-07_20-02-51-377
CSI_DATA,PASSIVE,5C:E9:31:E8:F4:66,-79,11,0,0,0,0,0,0,0,0,0,-96,0,11,0,1991463069,0,120,0,0,1991.65,128,[120 -128 7 0 6 -16 7 -18 8 -18 6 -25 2 -21 3 -28 4 -23 2 -23 5 -27 5 -29 4 -31 7 -27 5 -25 3 -21 5 -24 6 -20 5 -19 8 -20 6 -13 3 -6 7 -9 3 -6 4 1 1 6 0 7 0 0 0 0 0 0 0 0 0 0 0 0 0 0 0 0 0 0 0 0 0 0 13 26 9 25 13 24 11 28 8 25 15 29 15 29 11 27 10 26 8 26 7 27 9 22 10 23 5 18 5 15 6 8 2 8 2 9 3 5 7 0 5 2 2 -2 2 -8 1 -5 6 -6 6 -12 ],2025-05-07_20-02-51-381
CSI_DATA,PASSIVE,5C:E9:31:E8:F4:66,-79,11,0,0,0,0,0,0,0,0,0,-96,0,11,0,1991463270,0,94,0,0,1991.65,128,[94 -32 5 0 -5 -16 -7 -17 -9 -16 -4 -22 -8 -23 -13 -19 -8 -24 -12 -25 -12 -26 -13 -27 -7 -25 -10 -29 -15 -26 -11 -29 -11 -21 -6 -25 -3 -17 -6 -18 -4 -15 -1 -11 0 -7 -3 -1 0 0 5 5 3 5 0 0 0 0 0 0 0 0 0 0 0 0 0 0 0 0 0 0 0 0 0 0 23 8 27 5 25 7 27 9 30 8 29 9 25 8 26 10 27 14 22 10 19 16 20 11 16 10 8 9 15 9 11 6 9 4 10 -2 7 3 6 -1 2 -5 1 -6 0 -7 5 -12 -4 -9 -8 -11 ],2025-05-07_20-02-51-387
CSI_DATA,PASSIVE,5C:E9:31:E8:F4:66,-79,11,0,0,0,0,0,0,0,0,0,-96,0,11,0,1991463439,0,98,0,0,1991.66,128,[98 32 6 0 10 -10 17 -10 16 -14 20 -13 22 -18 17 -14 21 -20 24 -23 14 -21 20 -21 21 -22 18 -21 16 -18 17 -19 17 -15 18 -17 14 -17 15 -11 10 -8 10 -3 9 -5 3 -2 1 -1 -3 5 -8 7 0 0 0 0 0 0 0 0 0 0 0 0 0 0 0 0 0 0 0 0 0 0 -8 22 -12 23 -10 25 -11 23 -12 26 -10 27 -14 25 -12 27 -10 29 -11 25 -12 23 -12 22 -7 21 -6 18 -7 12 -5 10 -4 12 -3 7 4 5 1 1 5 5 3 0 5 -2 6 -2 7 -5 11 -3 ],2025-05-07_20-02-51-392
CSI_DATA,PASSIVE,5C:E9:31:E8:F4:66,-79,11,0,0,0,0,0,0,0,0,0,-96,0,11,0,1991463612,0,98,0,0,1991.66,128,[98 32 6 0 -19 -7 -16 -9 -20 -13 -24 -10 -23 -13 -30 -12 -24 -18 -24 -19 -27 -10 -30 -13 -36 -15 -27 -13 -32 -14 -29 -14 -25 -9 -20 -13 -23 -9 -15 -10 -13 -17 -12 -9 -7 -7 -4 -3 -2 -5 3 -3 6 -2 0 0 0 0 0 0 0 0 0 0 0 0 0 0 0 0 0 0 0 0 0 0 27 -6 28 -10 28 -5 28 -9 40 -4 32 -6 34 -14 31 -3 25 -1 29 -8 29 -8 21 -3 20 1 19 1 15 0 16 -4 7 -4 9 0 10 -3 2 -5 0 -3 -2 -9 -6 -8 -5 -9 -8 -9 -12 -8 ],2025-05-07_20-02-51-398
CSI_DATA,PASSIVE,5C:E9:31:E8:F4:66,-78,11,0,0,0,0,0,0,0,0,0,-96,0,11,0,1991463785,0,125,0,0,1991.67,128,[125 -48 7 0 -6 16 -5 16 -2 12 -4 22 -7 17 3 19 -2 23 0 24 1 22 8 19 5 27 3 20 15 17 3 27 1 7 6 12 6 16 -4 14 4 13 -2 14 -3 6 -5 5 5 2 -9 4 -3 -10 0 0 0 0 0 0 0 0 0 0 0 0 0 0 0 0 0 0 0 0 0 0 14 -13 13 -15 17 -15 18 -18 14 -19 14 -26 19 -15 18 -18 11 -22 16 -13 6 -28 12 -9 20 -22 17 -16 5 -10 3 -3 -3 -10 -8 -5 2 -19 1 -11 -5 1 -11 -2 -6 0 -13 -2 -6 5 -6 12 ],2025-05-07_20-02-51-404
CSI_DATA,PASSIVE,5C:E9:31:E8:F4:66,-78,11,0,0,0,0,0,0,0,0,0,-96,0,11,0,1991463994,0,145,0,0,1991.67,128,[-111 16 9 0 7 9 11 10 11 10 13 14 11 9 13 12 19 12 21 10 11 9 22 7 13 11 22 7 19 9 18 6 17 20 10 11 11 12 19 5 7 -4 10 11 13 5 -8 6 -3 -4 -4 6 -4 -2 0 0 0 0 0 0 0 0 0 0 0 0 0 0 0 0 0 0 0 0 0 0 -19 -6 -26 -6 -19 -6 -24 -8 -19 -8 -23 -4 -25 -3 -26 -6 -23 1 -19 -13 -14 -2 -11 -7 -18 -4 -18 -12 -14 -5 -19 -1 -2 6 -12 5 -2 -7 -3 -11 11 0 -7 1 2 7 -3 3 1 6 13 3 ],2025-05-07_20-02-51-409
CSI_DATA,PASSIVE,5C:E9:31:E8:E9:4E,-83,11,0,0,0,0,0,0,0,0,0,-96,0,11,0,1991483095,0,120,0,0,1991.68,128,[120 -128 7 0 17 0 3 8 -1 8 -1 12 -6 7 -3 6 -6 13 -10 16 -16 20 -17 14 -17 11 -22 11 -12 20 -22 21 -28 22 -25 16 -16 19 -19 10 -24 5 -22 -3 -23 -5 -22 -3 -16 -7 -10 -11 -15 -8 0 0 0 0 0 0 0 0 0 0 0 0 0 0 0 0 0 0 0 0 0 0 0 4 -3 8 -9 7 -1 4 2 15 9 14 13 15 11 17 15 17 19 21 22 16 20 16 31 24 32 11 29 12 31 4 31 11 27 9 26 12 26 12 29 4 33 4 28 0 26 -2 24 0 23 0 ],2025-05-07_20-02-51-415
CSI_DATA,PASSIVE,5C:E9:31:E8:F4:66,-79,11,0,0,0,0,0,0,0,0,0,-96,0,11,0,1991564299,0,140,0,0,1991.73,128,[-116 -64 8 0 -23 3 -22 1 -27 7 -25 3 -26 1 -27 3 -30 2 -26 6 -34 7 -34 5 -33 4 -27 6 -28 2 -28 3 -22 2 -24 1 -21 4 -23 0 -15 0 -10 -3 -10 -3 -1 -4 2 -5 5 -3 10 -2 0 0 0 0 0 0 0 0 0 0 0 0 0 0 0 0 0 0 0 0 0 0 27 -14 23 -17 25 -16 25 -16 25 -21 25 -19 27 -21 25 -18 23 -17 22 -15 24 -13 20 -14 18 -9 13 -9 13 -7 9 -7 5 -5 1 -4 1 -6 -1 -3 -1 -3 -3 0 -10 1 -12 0 -15 0 -14 0 ],2025-05-07_20-02-51-468
CSI_DATA,PASSIVE,5C:E9:31:E8:F4:66,-79,11,0,0,0,0,0,0,0,0,0,-96,0,11,0,1991564528,0,140,0,0,1991.74,128,[-116 -64 8 0 -21 2 -20 -3 -21 -2 -23 1 -27 0 -28 1 -31 1 -28 4 -35 3 -35 1 -30 -1 -28 5 -30 4 -29 5 -24 1 -21 2 -21 0 -15 2 -12 3 -11 -2 -7 -2 -1 -4 2 -3 5 -6 10 -5 0 0 0 0 0 0 0 0 0 0 0 0 0 0 0 0 0 0 0 0 0 0 26 -6 26 -8 29 -9 31 -9 31 -13 28 -12 30 -9 34 -7 26 -10 31 -10 25 -9 20 -7 16 -6 18 -3 14 -6 10 -4 8 -4 2 -4 1 0 0 -1 -4 -4 -7 0 -7 -2 -13 -2 -13 -2 -12 -7 ],2025-05-07_20-02-51-473
CSI_DATA,PASSIVE,5C:E9:31:E8:F4:66,-79,11,0,0,0,0,0,0,0,0,0,-96,0,11,0,1991564756,0,120,0,0,1991.74,128,[120 -128 7 0 -21 -5 -23 -5 -26 -3 -25 -5 -30 -3 -32 0 -30 -3 -26 -5 -31 -2 -33 -6 -31 -7 -30 -4 -30 -1 -35 2 -25 -2 -25 0 -21 1 -18 0 -9 -2 -6 -5 -5 -3 -4 -2 1 -4 9 -2 7 -3 0 0 0 0 0 0 0 0 0 0 0 0 0 0 0 0 0 0 0 0 0 0 28 -12 25 -12 25 -14 26 -13 26 -15 27 -15 30 -15 26 -15 29 -16 32 -10 25 -7 21 -9 19 -5 18 -7 11 -5 12 -10 7 -3 2 -6 1 4 -3 -1 -6 4 -6 -3 -12 1 -11 4 -10 0 -13 -1 ],2025-05-07_20-02-51-479
CSI_DATA,PASSIVE,5C:E9:31:E8:F4:66,-80,11,0,0,0,0,0,0,0,0,0,-96,0,11,0,1991564957,0,202,0,0,1991.75,128,[-54 -96 12 0 -16 12 -19 11 -19 14 -19 17 -26 13 -20 12 -20 17 -24 23 -26 24 -20 22 -22 20 -26 18 -23 21 -19 15 -18 14 -17 10 -14 8 -15 7 -13 2 -5 4 -4 2 -2 -8 4 -5 2 -9 7 -7 0 0 0 0 0 0 0 0 0 0 0 0 0 0 0 0 0 0 0 0 0 0 8 -29 10 -29 11 -31 13 -29 8 -31 8 -27 8 -28 11 -35 12 -37 7 -33 6 -30 5 -21 6 -20 8 -16 10 -14 0 -8 5 -8 -4 -6 -4 2 -4 -1 -2 1 -8 0 -11 8 -11 5 -6 10 -11 8 ],2025-05-07_20-02-51-484
CSI_DATA,PASSIVE,5C:E9:31:E8:F4:66,-79,11,0,0,0,0,0,0,0,0,0,-96,0,11,0,1991565270,0,158,0,0,1991.75,128,[-98 -32 9 0 23 -5 24 -9 22 -3 23 -7 31 -5 26 -8 33 -7 27 -8 32 -9 32 -10 31 -6 28 -7 25 -10 24 -10 30 -10 19 -6 17 -8 16 -5 13 -1 5 -1 6 1 3 -1 -4 3 -5 4 -9 6 0 0 0 0 0 0 0 0 0 0 0 0 0 0 0 0 0 0 0 0 0 0 -23 13 -28 11 -27 12 -32 14 -27 14 -31 18 -32 15 -31 15 -23 12 -24 5 -25 11 -25 12 -22 7 -14 9 -15 4 -10 5 -8 4 -3 5 -2 -3 -1 1 3 3 6 0 10 -1 8 -1 9 0 12 -1 ],2025-05-07_20-02-51-490
CSI_DATA,PASSIVE,5C:E9:31:E8:F4:66,-79,11,0,0,0,0,0,0,0,0,0,-96,0,11,0,1991565523,0,158,0,0,1991.76,128,[-98 -32 9 0 -5 -23 -3 -22 -1 -22 -2 -25 -8 -25 -10 -30 -7 -32 -9 -26 -13 -29 -11 -32 -14 -27 -8 -29 -11 -31 -8 -24 -8 -22 -8 -23 -3 -19 -9 -14 -2 -16 -3 -10 5 -4 7 2 4 0 6 6 11 13 0 0 0 0 0 0 0 0 0 0 0 0 0 0 0 0 0 0 0 0 0 0 8 30 9 25 9 26 10 29 12 33 10 30 9 31 7 31 11 30 13 25 7 26 8 21 5 20 8 16 5 12 1 15 1 8 2 2 7 2 3 5 -2 -6 -1 -7 -4 -4 -1 -13 -5 -7 -4 -14 ],2025-05-07_20-02-51-495
CSI_DATA,PASSIVE,5C:E9:31:E8:F4:66,-79,11,0,0,0,0,0,0,0,0,0,-96,0,11,0,1991565776,0,94,0,0,1991.76,128,[94 -32 5 0 -24 -8 -21 -5 -25 -8 -28 -8 -23 -7 -27 -8 -29 -5 -28 -3 -32 -4 -30 -8 -30 -6 -28 -3 -34 -3 -27 -2 -28 -4 -25 -5 -20 -2 -17 -4 -14 -4 -8 -2 -8 -2 2 -4 5 -5 9 -4 12 -2 0 0 0 0 0 0 0 0 0 0 0 0 0 0 0 0 0 0 0 0 0 0 26 3 25 7 30 8 28 5 31 8 34 7 31 4 30 7 27 -1 30 2 24 3 25 2 21 3 19 4 14 -1 9 3 4 4 7 -3 3 0 -4 -1 -2 -1 -7 -4 -6 -4 -9 -3 -8 -5 -9 -3 ],2025-05-07_20-02-51-501
CSI_DATA,PASSIVE,5C:E9:31:E8:F4:66,-79,11,0,0,0,0,0,0,0,0,0,-96,0,11,0,1991565945,0,158,0,0,1991.77,128,[-98 -32 9 0 4 -18 2 -23 2 -23 3 -27 2 -28 3 -31 5 -31 4 -30 2 -30 2 -30 -1 -31 2 -31 -3 -31 -2 -26 2 -23 0 -24 1 -21 1 -19 2 -10 1 -10 2 -3 3 2 4 4 5 6 1 14 0 0 0 0 0 0 0 0 0 0 0 0 0 0 0 0 0 0 0 0 0 0 -1 27 -3 29 -1 31 -1 30 1 30 -4 31 0 32 1 31 -1 30 0 28 2 26 3 21 0 23 -2 14 -3 13 1 10 1 8 -1 3 3 -1 0 -2 4 -5 0 -8 0 -6 2 -10 -3 -12 1 -14 ],2025-05-07_20-02-51-506
CSI_DATA,PASSIVE,5C:E9:31:E8:F4:66,-79,11,0,0,0,0,0,0,0,0,0,-96,0,11,0,1991566198,0,94,0,0,1991.77,128,[94 -32 5 0 -18 -10 -18 -16 -18 -17 -16 -15 -25 -17 -22 -18 -26 -17 -25 -21 -26 -21 -25 -18 -24 -17 -25 -14 -26 -14 -26 -15 -20 -14 -22 -12 -19 -8 -13 -12 -15 -8 -10 -7 -4 -7 0 -5 3 -3 5 3 9 2 0 0 0 0 0 0 0 0 0 0 0 0 0 0 0 0 0 0 0 0 0 0 24 13 25 15 26 14 24 14 27 15 30 12 29 13 30 14 26 11 25 13 24 10 20 9 17 13 18 9 13 7 8 3 4 6 0 2 3 0 -3 3 -1 -2 -4 0 -5 -4 -10 -6 -9 -9 -6 -7 ],2025-05-07_20-02-51-511
CSI_DATA,PASSIVE,5C:E9:31:E8:E9:4E,-84,11,0,0,0,0,0,0,0,0,0,-96,0,11,0,1991647113,0,108,0,0,1991.81,128,[108 -64 6 0 -16 2 -10 -1 -12 -4 -2 -10 -1 -6 2 -10 5 -12 2 -19 5 -15 10 -18 8 -22 9 -19 2 -21 15 -19 15 -20 10 -27 13 -21 11 -17 15 -17 20 -14 18 -8 16 -5 16 -3 14 -8 12 1 0 0 0 0 0 0 0 0 0 0 0 0 0 0 0 0 0 0 0 0 0 0 5 -4 2 -11 -2 -5 4 -10 -3 -14 -2 -14 -7 -5 -9 -13 -16 -17 -18 -10 -21 -10 -32 -7 -28 -9 -29 -6 -40 -8 -30 -4 -36 -9 -33 -7 -30 3 -35 1 -34 -1 -34 2 -27 -1 -25 4 -27 6 -20 0 ],2025-05-07_20-02-51-551
CSI_DATA,PASSIVE,5C:E9:31:E8:F4:66,-76,11,0,0,0,0,0,0,0,0,0,-96,0,11,0,1991666742,0,206,0,0,1991.83,128,[-50 -32 12 0 1 -17 1 -14 1 -18 1 -20 0 -22 1 -21 -1 -25 -5 -27 -3 -33 -4 -30 -2 -27 -6 -29 -6 -28 -6 -30 -4 -23 -8 -25 -10 -20 -2 -19 -4 -20 -4 -10 -2 -8 -2 -9 -2 -4 0 -2 -2 1 0 0 0 0 0 0 0 0 0 0 0 0 0 0 0 0 0 0 0 0 0 0 1 26 5 27 -3 29 1 30 3 31 3 31 -6 32 -2 30 -5 34 0 30 -1 28 -3 25 -1 19 -2 22 -4 16 -7 16 -7 9 -5 6 -1 2 -5 5 -1 0 -7 2 2 0 1 -5 -3 -5 -3 -6 ],2025-05-07_20-02-51-571
CSI_DATA,PASSIVE,5C:E9:31:E8:F4:66,-77,11,0,0,0,0,0,0,0,0,0,-96,0,11,0,1991667059,0,226,0,0,1991.84,128,[-30 32 14 0 12 -9 11 -10 17 -13 14 -9 16 -14 19 -15 18 -17 18 -17 19 -22 15 -20 20 -24 18 -25 14 -23 15 -24 15 -20 14 -22 9 -19 7 -18 8 -14 5 -14 4 -9 1 -3 -3 -3 0 -4 -3 -1 0 0 0 0 0 0 0 0 0 0 0 0 0 0 0 0 0 0 0 0 0 0 -25 17 -26 16 -26 17 -28 18 -27 17 -27 15 -27 17 -26 15 -27 17 -26 14 -22 12 -21 9 -23 8 -19 2 -16 6 -16 1 -12 0 -11 -2 -6 -2 -3 -2 1 -1 -1 -3 2 -5 3 -4 7 -6 7 -2 ],2025-05-07_20-02-51-576
CSI_DATA,PASSIVE,5C:E9:31:E8:F4:66,-77,11,0,0,0,0,0,0,0,0,0,-96,0,11,0,1991667404,0,94,0,0,1991.84,128,[94 -32 5 0 5 12 15 11 11 9 11 13 16 13 16 15 19 17 20 17 21 15 25 13 27 10 28 10 28 13 26 10 25 10 23 8 19 7 20 4 13 5 11 3 9 1 2 2 2 0 -3 0 -3 -1 0 0 0 0 0 0 0 0 0 0 0 0 0 0 0 0 0 0 0 0 0 0 -15 -24 -13 -29 -13 -27 -15 -30 -14 -28 -15 -31 -10 -29 -11 -28 -12 -23 -12 -24 -14 -23 -11 -25 -9 -22 -8 -18 -4 -22 -1 -16 1 -12 0 -7 -3 -6 1 -2 -1 -6 1 -2 4 1 3 1 3 3 1 8 ],2025-05-07_20-02-51-581
CSI_DATA,PASSIVE,5C:E9:31:E8:F4:66,-78,11,0,0,0,0,0,0,0,0,0,-96,0,11,0,1991667573,0,102,0,0,1991.85,128,[102 96 6 0 -12 10 -13 9 -13 12 -19 17 -13 19 -12 18 -10 20 -11 19 -10 28 -11 24 -13 27 -9 27 -9 27 -9 24 -11 24 -6 24 -5 22 -8 19 -6 15 -3 13 -5 11 1 3 1 4 -2 2 -2 -3 0 0 0 0 0 0 0 0 0 0 0 0 0 0 0 0 0 0 0 0 0 0 18 -23 17 -26 19 -23 19 -25 19 -26 17 -25 16 -25 19 -23 24 -23 19 -24 20 -23 17 -19 14 -17 15 -11 15 -11 9 -5 11 -6 9 -4 10 0 1 -2 3 -4 -3 1 -2 -1 -2 6 -7 4 -10 2 ],2025-05-07_20-02-51-587
CSI_DATA,PASSIVE,5C:E9:31:E8:F4:66,-77,11,0,0,0,0,0,0,0,0,0,-96,0,11,0,1991667750,0,276,0,0,1991.86,128,[20 65 17 0 -10 6 -17 9 -16 14 -17 12 -20 9 -19 12 -21 11 -22 14 -24 18 -20 19 -20 22 -21 17 -18 17 -16 20 -15 22 -18 18 -10 15 -14 17 -10 13 -6 13 -4 8 -5 3 -2 1 2 1 1 -3 0 0 0 0 0 0 0 0 0 0 0 0 0 0 0 0 0 0 0 0 0 0 20 -19 25 -16 22 -18 22 -19 25 -20 29 -20 28 -22 26 -16 23 -22 25 -17 23 -17 20 -10 22 -12 19 -8 16 -9 13 -3 8 -3 7 -2 6 -3 8 -2 1 -1 -1 -1 -3 0 -2 3 -10 7 -9 1 ],2025-05-07_20-02-51-592
CSI_DATA,PASSIVE,5C:E9:31:E8:F4:66,-78,11,0,0,0,0,0,0,0,0,0,-96,0,11,0,1991668159,0,205,0,0,1991.86,128,[-51 -48 12 0 17 -5 17 -7 19 -9 21 -10 22 -8 26 -11 27 -15 26 -14 29 -17 25 -18 28 -17 25 -20 25 -19 26 -19 21 -18 17 -19 17 -18 13 -19 10 -10 9 -10 8 -7 4 -8 0 -1 0 -2 -5 3 0 0 0 0 0 0 0 0 0 0 0 0 0 0 0 0 0 0 0 0 0 0 -29 12 -28 15 -31 16 -31 16 -31 14 -34 16 -34 14 -34 15 -31 13 -29 12 -29 7 -29 6 -26 4 -21 1 -18 5 -20 1 -16 -3 -10 0 -8 0 -5 0 -3 -7 1 -3 1 -3 0 -6 3 -2 5 -5 ],2025-05-07_20-02-51-598
CSI_DATA,PASSIVE,5C:E9:31:E8:F4:66,-77,11,0,0,0,0,0,0,0,0,0,-96,0,11,0,1991668476,0,328,0,0,1991.87,128,[72 -127 20 0 14 6 15 5 17 3 18 4 21 3 21 4 22 1 25 5 22 0 28 -1 28 -1 30 0 28 -2 27 -4 27 -4 23 -1 19 -4 20 -3 12 -3 12 -3 9 -3 4 -3 3 -2 -1 0 -3 -1 0 0 0 0 0 0 0 0 0 0 0 0 0 0 0 0 0 0 0 0 0 0 -28 -6 -28 -6 -27 -7 -34 -5 -32 -9 -30 -7 -33 -8 -31 -9 -32 -9 -27 -8 -27 -9 -24 -8 -20 -12 -19 -8 -16 -12 -15 -8 -10 -5 -7 -7 -5 -3 -4 -4 -1 0 -1 -4 4 -4 6 0 5 0 6 1 ],2025-05-07_20-02-51-603
CSI_DATA,PASSIVE,5C:E9:31:E8:F4:66,-77,11,0,0,0,0,0,0,0,0,0,-96,0,11,0,1991668957,0,348,0,0,1991.87,128,[92 -63 21 0 1 -13 4 -15 3 -19 4 -18 4 -24 2 -21 6 -24 0 -27 0 -27 4 -28 -1 -29 -2 -30 0 -29 -4 -28 -4 -23 -3 -27 -5 -25 -1 -21 -3 -17 -6 -12 -3 -12 -3 -5 -4 -1 2 2 -4 4 0 0 0 0 0 0 0 0 0 0 0 0 0 0 0 0 0 0 0 0 0 0 -5 28 -6 29 -7 32 -6 29 -6 33 -6 33 -8 31 -9 33 -8 32 -10 28 -7 25 -10 22 -8 19 -11 18 -10 13 -11 10 -9 7 -6 6 -2 3 -2 1 -4 -1 0 -3 -4 -3 1 -9 3 -6 1 -8 ],2025-05-07_20-02-51-608
CSI_DATA,PASSIVE,5C:E9:31:E8:F4:66,-77,11,0,0,0,0,0,0,0,0,0,-96,0,11,0,1991669462,0,734,0,0,1991.88,128,[-34 -30 45 0 0 15 -1 18 0 20 1 19 -1 25 0 23 4 24 3 26 4 27 8 25 7 27 6 29 10 26 6 25 10 23 13 18 9 17 6 18 8 14 4 10 -1 7 3 5 0 2 0 -2 2 -5 0 0 0 0 0 0 0 0 0 0 0 0 0 0 0 0 0 0 0 0 0 0 -7 -28 -7 -29 -7 -30 -5 -34 -7 -32 -6 -33 -8 -32 -5 -33 -2 -31 -3 -28 -1 -27 -2 -25 1 -23 3 -20 2 -16 6 -12 4 -9 6 -7 1 -1 1 -4 1 -7 -2 0 -2 3 1 6 2 7 4 7 ],2025-05-07_20-02-51-615
CSI_DATA,PASSIVE,5C:E9:31:E8:F4:66,-78,11,0,0,0,0,0,0,0,0,0,-96,0,11,0,1991670483,0,108,0,0,1991.88,128,[108 -64 6 0 -15 10 -16 6 -14 14 -16 13 -16 15 -18 13 -16 20 -20 21 -18 19 -16 22 -17 24 -15 22 -17 25 -15 23 -12 22 -10 25 -7 21 -8 18 -6 13 -5 11 -1 7 -3 3 0 3 4 -1 4 -3 0 0 0 0 0 0 0 0 0 0 0 0 0 0 0 0 0 0 0 0 0 0 17 -21 18 -20 20 -24 19 -24 22 -25 25 -21 22 -25 23 -24 21 -21 20 -19 23 -17 19 -12 17 -10 14 -11 16 -9 9 -5 9 -2 6 -3 6 -2 4 2 0 1 -2 2 -3 1 -4 5 -8 6 -9 4 ],2025-05-07_20-02-51-619
CSI_DATA,PASSIVE,5C:E9:31:E8:E9:4E,-82,11,0,0,0,0,0,0,0,0,0,-96,0,11,0,1991700492,0,98,0,0,1991.89,128,[98 32 6 0 5 -4 -1 -5 -1 1 -3 7 3 4 6 6 2 13 4 15 2 12 2 9 0 13 4 17 7 17 1 18 4 23 -2 25 0 20 -6 20 -1 18 -7 11 -7 13 -10 11 -8 8 -5 7 -14 7 0 0 0 0 0 0 0 0 0 0 0 0 0 0 0 0 0 0 0 0 0 0 9 5 6 4 9 7 9 0 6 0 7 4 15 -2 15 -5 12 -4 10 -7 12 -13 14 -15 20 -8 16 -27 20 -16 20 -19 20 -18 29 -21 20 -24 12 -22 21 -24 6 -20 8 -15 9 -22 13 -18 10 -5 ],2025-05-07_20-02-51-625
CSI_DATA,PASSIVE,5C:E9:31:E8:E9:4E,-84,11,0,0,0,0,0,0,0,0,0,-96,0,11,0,1991700665,0,116,0,0,1991.89,128,[116 64 7 0 9 4 5 0 2 11 -1 11 -1 11 -6 3 -14 11 -13 6 -20 18 -11 16 -21 13 -15 13 -19 13 -29 14 -17 14 -25 16 -21 16 -22 10 -22 2 -15 2 -26 -3 -22 -5 -24 -5 -12 -9 -11 -9 0 0 0 0 0 0 0 0 0 0 0 0 0 0 0 0 0 0 0 0 0 0 -10 9 -5 6 1 6 3 22 -2 15 5 14 5 14 4 17 9 18 9 16 26 10 26 16 26 13 17 15 27 14 37 11 37 19 29 6 34 9 29 12 28 11 27 13 26 2 18 -1 20 7 18 6 ],2025-05-07_20-02-51-630
CSI_DATA,PASSIVE,5C:E9:31:E8:E9:4E,-84,11,0,0,0,0,0,0,0,0,0,-96,0,11,0,1991741098,0,132,0,0,1991.91,128,[-124 64 8 0 -14 17 -2 12 -6 7 -2 -3 -12 -1 -6 -4 -8 -11 -12 -8 -26 -16 -26 -18 -15 -7 -22 -17 -12 -12 -15 -9 -27 -18 -19 -18 -17 -25 -6 -24 -12 -15 -9 -26 -2 -14 -4 -21 -6 -12 3 -14 11 -16 0 0 0 0 0 0 0 0 0 0 0 0 0 0 0 0 0 0 0 0 0 0 0 -5 5 -12 -3 -8 0 -6 -9 -10 -3 -8 -13 -4 -17 3 -11 4 -27 -3 -16 3 -23 9 -31 8 -25 13 -28 24 -24 21 -22 28 -26 27 -25 23 -16 18 -12 29 -13 23 -15 36 -10 24 -6 24 -15 11 ],2025-05-07_20-02-51-645
CSI_DATA,PASSIVE,5C:E9:31:E8:E9:4E,-83,11,0,0,0,0,0,0,0,0,0,-96,0,11,0,1991758412,0,98,0,0,1991.93,128,[98 32 6 0 -4 12 -8 8 -1 3 -4 0 -1 -6 -5 -5 -4 -17 -9 -12 -9 -25 -6 -20 -5 -24 -1 -23 -9 -21 -6 -22 -7 -23 -3 -27 2 -21 -5 -19 10 -17 6 -24 11 -12 14 -12 11 -10 15 -8 16 -4 0 0 0 0 0 0 0 0 0 0 0 0 0 0 0 0 0 0 0 0 0 0 0 -8 6 -6 -1 -14 0 -7 -8 -11 -10 -5 -13 -1 -16 0 -24 -4 -17 1 -23 -4 -26 -2 -30 5 -30 4 -20 9 -30 9 -27 10 -30 12 -33 12 -21 10 -26 14 -26 24 -23 23 -15 16 -18 10 -12 5 ],2025-05-07_20-02-51-662
CSI_DATA,PASSIVE,5C:E9:31:E8:F4:66,-76,11,0,0,0,0,0,0,0,0,0,-96,0,11,0,1991769028,0,94,0,0,1991.94,128,[94 -32 5 0 4 -7 3 -6 5 -10 6 -8 6 -7 5 -10 7 -9 5 -10 5 -12 5 -10 3 -14 5 -12 7 -11 5 -12 8 -10 5 -10 4 -10 4 -9 2 -6 4 -4 2 -4 0 -1 3 -1 2 1 2 1 0 0 0 0 0 0 0 0 0 0 0 0 0 0 0 0 0 0 0 0 0 0 -12 10 -11 11 -12 11 -11 12 -11 13 -10 13 -9 12 -11 12 -9 10 -9 12 -9 7 -7 6 -8 4 -6 4 -5 4 -8 -1 -9 1 -5 -1 -3 -1 -7 -1 -4 1 -5 0 -2 -1 0 0 0 -1 3 -3 ],2025-05-07_20-02-51-674
CSI_DATA,PASSIVE,5C:E9:31:E8:F4:66,-76,11,0,0,0,0,0,0,0,0,0,-96,0,11,0,1991769197,0,116,0,0,1991.94,128,[116 64 7 0 11 7 13 6 18 6 18 8 21 11 18 12 21 10 23 9 22 11 25 9 23 8 28 7 24 9 26 7 23 6 22 5 18 6 18 5 14 7 9 3 8 2 5 4 2 2 -2 -2 -8 1 0 0 0 0 0 0 0 0 0 0 0 0 0 0 0 0 0 0 0 0 0 0 -24 -14 -25 -13 -26 -16 -29 -15 -30 -14 -30 -15 -27 -16 -30 -16 -28 -15 -28 -14 -24 -14 -22 -11 -20 -11 -16 -9 -13 -13 -13 -8 -14 -8 -3 -3 -5 -6 -5 -5 -2 -3 0 0 3 -4 4 3 6 2 9 6 ],2025-05-07_20-02-51-677
CSI_DATA,PASSIVE,5C:E9:31:E8:F4:66,-76,11,0,0,0,0,0,0,0,0,0,-96,0,11,0,1991769394,0,100,0,0,1991.95,128,[100 64 6 0 -15 -3 -21 -6 -14 -3 -24 -3 -25 1 -20 -4 -18 -1 -32 -1 -28 -9 -36 1 -28 12 -34 1 -23 11 -24 3 -26 -2 -23 9 -20 6 -15 6 -12 -5 -10 0 -12 5 -6 -4 1 -1 -3 -2 -4 -5 0 0 0 0 0 0 0 0 0 0 0 0 0 0 0 0 0 0 0 0 0 0 23 15 24 19 22 14 24 14 28 18 31 10 30 17 33 11 24 20 26 15 20 12 25 15 11 14 22 5 21 -9 14 16 4 12 2 9 -7 15 -3 6 -1 2 4 2 -6 6 -15 -1 -14 11 -8 -4 ],2025-05-07_20-02-51-683
CSI_DATA,PASSIVE,5C:E9:31:E8:F4:66,-77,11,0,0,0,0,0,0,0,0,0,-96,0,11,0,1991769571,0,188,0,0,1991.95,128,[-68 -64 11 0 -14 -2 -12 3 -15 3 -18 -4 -18 1 -19 4 -20 0 -23 -5 -25 0 -26 11 -32 8 -18 2 -29 11 -26 14 -14 3 -13 1 -12 4 -22 5 -15 4 -10 6 -1 1 -3 -3 -2 -1 3 3 4 -7 0 0 0 0 0 0 0 0 0 0 0 0 0 0 0 0 0 0 0 0 0 0 31 0 26 0 27 -2 28 -4 30 -4 29 -5 26 -4 25 -1 33 1 25 4 20 -14 27 -5 20 0 24 -8 22 6 24 -4 6 9 9 7 11 -10 -4 8 -3 9 -2 -8 -1 4 -12 7 -17 9 -4 -2 ],2025-05-07_20-02-51-688
CSI_DATA,PASSIVE,5C:E9:31:E8:F4:66,-76,11,0,0,0,0,0,0,0,0,0,-96,0,11,0,1991769864,0,487,0,0,1991.96,128,[-25 113 30 0 15 -8 13 -8 20 -8 18 -9 19 -7 23 -13 23 -10 23 -11 26 -11 23 -12 24 -14 23 -14 23 -12 19 -16 24 -9 20 -12 19 -10 15 -8 14 -4 13 -8 7 -4 3 -4 2 0 -1 2 0 3 0 0 0 0 0 0 0 0 0 0 0 0 0 0 0 0 0 0 0 0 0 0 -27 14 -28 15 -29 17 -29 15 -30 16 -33 15 -29 18 -29 17 -27 15 -28 16 -26 13 -26 8 -23 6 -20 7 -15 5 -12 3 -10 3 -9 3 -6 0 -3 1 -2 -3 -3 -4 3 -1 7 -3 5 -5 7 -3 ],2025-05-07_20-02-51-694
CSI_DATA,PASSIVE,5C:E9:31:E8:F4:66,-76,11,0,0,0,0,0,0,0,0,0,-96,0,11,0,1991770557,0,507,0,0,1991.96,128,[-5 -79 31 0 5 -16 4 -18 7 -17 9 -19 7 -21 3 -23 9 -23 4 -24 5 -26 7 -28 6 -31 5 -28 2 -28 1 -26 2 -26 2 -23 3 -22 3 -21 1 -16 2 -14 3 -10 2 -7 2 -3 1 0 1 4 0 0 0 0 0 0 0 0 0 0 0 0 0 0 0 0 0 0 0 0 0 0 -9 26 -9 27 -8 29 -8 31 -7 33 -8 34 -8 33 -6 32 -8 31 -9 28 -8 29 -8 26 -7 22 -7 20 -6 15 -7 14 -6 7 -3 6 -6 3 -1 1 -1 -1 -2 -3 -1 -5 1 -7 2 -5 2 -9 ],2025-05-07_20-02-51-699
CSI_DATA,PASSIVE,5C:E9:31:E8:F4:66,-77,11,0,0,0,0,0,0,0,0,0,-96,0,11,0,1991771274,0,158,0,0,1991.97,128,[-98 -32 9 0 -10 18 -10 16 -10 18 -10 21 -10 21 -9 24 -9 25 -8 25 -7 27 -13 28 -7 30 -7 31 -7 30 -7 26 -6 27 -8 27 -4 20 -6 19 -4 18 -5 15 -7 8 -4 6 -1 1 -1 0 -1 -5 0 0 0 0 0 0 0 0 0 0 0 0 0 0 0 0 0 0 0 0 0 0 15 -29 10 -30 13 -32 12 -33 12 -34 13 -34 12 -35 14 -34 15 -36 10 -31 10 -32 12 -24 8 -19 12 -20 8 -17 7 -12 5 -10 6 -9 5 -4 3 -2 1 3 -1 3 -1 4 -1 9 -4 8 -6 10 ],2025-05-07_20-02-51-704
CSI_DATA,PASSIVE,5C:E9:31:E8:F4:66,-77,11,0,0,0,0,0,0,0,0,0,-96,0,11,0,1991771527,0,190,0,0,1991.97,128,[-66 -32 11 0 12 13 14 13 15 14 15 14 19 17 18 20 17 17 21 18 24 18 23 13 23 19 26 15 27 16 25 15 23 13 20 11 19 11 20 9 16 9 7 6 7 3 8 2 0 -2 -1 0 -3 -1 0 0 0 0 0 0 0 0 0 0 0 0 0 0 0 0 0 0 0 0 0 0 -24 -23 -20 -26 -24 -26 -24 -27 -23 -26 -24 -26 -24 -28 -24 -25 -23 -28 -21 -26 -19 -23 -20 -23 -16 -24 -12 -17 -12 -18 -10 -14 -7 -10 0 -8 -3 -6 -2 -7 0 -6 0 3 1 1 3 6 10 6 6 5 ],2025-05-07_20-02-51-710
CSI_DATA,PASSIVE,5C:E9:31:E8:F4:66,-77,11,0,0,0,0,0,0,0,0,0,-96,0,11,0,1991771824,0,210,0,0,1991.98,128,[-46 32 13 0 12 -5 17 -11 18 -10 19 -8 21 -10 17 -13 20 -13 18 -13 23 -14 20 -20 25 -13 22 -17 20 -18 20 -18 18 -17 16 -19 17 -13 15 -11 12 -11 13 -9 7 -4 5 -4 1 -3 1 1 -2 3 0 0 0 0 0 0 0 0 0 0 0 0 0 0 0 0 0 0 0 0 0 0 -24 16 -26 15 -25 18 -25 19 -25 19 -28 17 -27 22 -28 22 -28 18 -25 21 -24 16 -20 13 -20 12 -19 8 -14 10 -14 3 -8 1 -7 5 -4 1 -1 0 1 -3 6 -3 6 -6 2 -5 7 -6 7 -7 ],2025-05-07_20-02-51-716
CSI_DATA,PASSIVE,5C:E9:31:E8:F4:66,-76,11,0,0,0,0,0,0,0,0,0,-96,0,11,0,1991772145,0,128,0,0,1991.98,128,[-128 0 8 0 -20 1 -14 1 -18 2 -22 -1 -22 0 -21 3 -25 5 -25 4 -27 7 -25 7 -29 5 -31 5 -23 5 -27 7 -24 6 -23 7 -20 5 -19 7 -16 2 -12 0 -11 3 -5 -1 -4 1 -1 -1 0 -5 0 0 0 0 0 0 0 0 0 0 0 0 0 0 0 0 0 0 0 0 0 0 27 -7 28 -6 30 -11 29 -9 33 -9 31 -10 30 -12 31 -10 31 -8 29 -9 27 -9 25 -5 21 -3 14 -4 14 -4 12 0 9 -3 5 -1 5 0 2 3 0 -1 -4 3 -4 1 -3 2 -9 2 -13 3 ],2025-05-07_20-02-51-721
CSI_DATA,PASSIVE,5C:E9:31:E8:E9:4E,-82,11,0,0,0,0,0,0,0,0,0,-96,0,11,0,1991803048,0,98,0,0,1991.99,128,[98 32 6 0 9 1 11 -1 -2 6 -3 3 -7 6 0 5 -5 9 -12 12 -14 12 -18 8 -17 10 -19 5 -23 15 -26 18 -19 13 -21 12 -22 7 -24 5 -25 3 -23 6 -27 -3 -16 -6 -14 -5 -15 -10 -9 -13 0 0 0 0 0 0 0 0 0 0 0 0 0 0 0 0 0 0 0 0 0 0 -7 2 -8 0 -7 0 -5 7 1 15 -5 12 1 12 1 19 6 8 7 27 11 21 10 17 13 28 15 27 24 20 19 23 23 17 30 17 17 25 24 18 21 6 26 9 28 4 19 14 8 10 23 11 ],2025-05-07_20-02-51-726
CSI_DATA,PASSIVE,5C:E9:31:E8:E9:4E,-82,11,0,0,0,0,0,0,0,0,0,-96,0,11,0,1991810199,0,98,0,0,1991.99,128,[98 32 6 0 7 11 0 6 -3 5 3 15 -5 10 -14 9 -18 7 -19 8 -21 6 -17 14 -11 7 -24 8 -24 13 -28 10 -20 10 -20 15 -29 0 -21 1 -25 2 -19 -5 -20 -5 -15 -7 -14 -5 -16 -10 -6 -11 0 0 0 0 0 0 0 0 0 0 0 0 0 0 0 0 0 0 0 0 0 0 -7 4 -13 6 -9 8 -3 7 -7 11 4 11 1 10 2 15 2 14 7 20 15 14 11 14 17 24 23 21 18 23 18 15 27 17 22 14 25 13 28 13 18 11 24 19 20 18 25 9 17 17 21 2 ],2025-05-07_20-02-51-732
CSI_DATA,PASSIVE,5C:E9:31:E8:E9:4E,-84,11,0,0,0,0,0,0,0,0,0,-96,0,11,0,1991822480,0,98,0,0,1992,128,[98 32 6 0 13 6 3 4 7 8 -3 4 -4 3 2 2 -9 10 0 24 -7 13 -8 20 -5 13 -8 24 -16 26 -11 24 -7 22 -17 27 -17 25 -11 24 -21 18 -16 13 -19 14 -11 10 -21 6 -17 4 -12 1 0 0 0 0 0 0 0 0 0 0 0 0 0 0 0 0 0 0 0 0 0 0 -4 5 -9 11 -1 8 4 8 -1 1 12 14 9 11 11 8 7 11 19 10 23 12 22 10 22 14 18 11 30 1 36 5 29 8 41 -1 34 2 24 -3 35 -5 24 -9 32 0 23 -11 21 -2 23 5 ],2025-05-07_20-02-51-736
CSI_DATA,PASSIVE,5C:E9:31:E8:E9:4E,-83,11,0,0,0,0,0,0,0,0,0,-96,0,11,0,1991822653,0,98,0,0,1992.01,128,[98 32 6 0 6 0 -2 8 2 7 -9 5 -12 2 -11 8 -7 3 -13 6 -13 7 -21 8 -16 3 -27 0 -29 4 -31 5 -28 6 -22 -5 -23 -8 -22 -6 -22 -4 -16 -4 -14 -11 -14 -7 -12 -10 -7 -20 -7 -17 0 0 0 0 0 0 0 0 0 0 0 0 0 0 0 0 0 0 0 0 0 0 -14 4 -13 3 -2 6 -7 2 -8 8 -5 9 -5 12 -2 14 5 15 6 16 7 13 11 21 12 23 13 15 11 18 21 13 19 17 19 23 24 10 26 21 22 17 16 15 24 10 15 13 19 15 14 9 ],2025-05-07_20-02-51-742
CSI_DATA,PASSIVE,5C:E9:31:E8:E9:4E,-84,11,0,0,0,0,0,0,0,0,0,-96,0,11,0,1991856600,0,98,0,0,1992.02,128,[98 32 6 0 4 10 7 4 1 5 -1 5 -11 6 -3 8 -11 5 -17 9 -14 10 -26 18 -27 13 -19 14 -12 6 -23 6 -32 7 -20 3 -22 7 -27 -2 -24 2 -20 -9 -24 -2 -18 -5 -12 -14 -11 -15 -9 -15 0 0 0 0 0 0 0 0 0 0 0 0 0 0 0 0 0 0 0 0 0 0 -9 7 -12 4 -8 5 -4 13 -3 2 -5 12 -1 17 2 14 7 15 8 21 11 20 15 27 16 18 16 16 21 20 22 21 22 20 24 13 27 25 24 22 29 22 19 13 18 12 22 11 22 5 9 8 ],2025-05-07_20-02-51-759
CSI_DATA,PASSIVE,5C:E9:31:E8:F4:66,-77,11,0,0,0,0,0,0,0,0,0,-96,0,11,0,1991871241,0,120,0,0,1992.04,128,[120 -128 7 0 16 -5 9 6 20 -3 24 -1 27 3 17 -3 22 -1 33 -3 19 2 26 -7 25 -9 24 -10 28 -11 24 -8 26 -6 22 -7 18 -8 15 -10 15 -1 7 -4 8 -5 3 -5 0 -2 -1 2 -5 1 0 0 0 0 0 0 0 0 0 0 0 0 0 0 0 0 0 0 0 0 0 0 -27 1 -29 1 -31 4 -32 2 -32 1 -34 1 -30 1 -33 -2 -32 2 -28 1 -26 3 -26 2 -22 -3 -19 2 -16 -2 -17 1 -12 -6 -3 1 -6 -1 -1 0 -6 -10 -2 -3 1 0 1 5 12 -9 9 2 ],2025-05-07_20-02-51-774
CSI_DATA,PASSIVE,5C:E9:31:E8:F4:66,-77,11,0,0,0,0,0,0,0,0,0,-96,0,11,0,1991871611,0,124,0,0,1992.04,128,[124 -64 7 0 10 9 7 7 15 17 3 17 17 14 15 12 23 16 11 21 8 23 21 23 26 23 10 15 11 19 28 19 18 29 24 16 4 16 20 18 18 12 16 5 5 12 3 3 4 -6 -1 1 2 -3 0 0 0 0 0 0 0 0 0 0 0 0 0 0 0 0 0 0 0 0 0 0 -17 -27 -21 -24 -24 -20 -23 -28 -27 -24 -25 -25 -24 -22 -14 -28 -25 -19 -15 -29 -11 -18 -7 -16 -9 -16 -12 -11 -4 -18 -8 -7 -3 -2 -7 -12 0 -4 2 9 -15 -12 -4 -7 -7 -4 2 8 7 6 4 9 ],2025-05-07_20-02-51-780
CSI_DATA,PASSIVE,5C:E9:31:E8:F4:66,-77,11,0,0,0,0,0,0,0,0,0,-96,0,11,0,1991871820,0,181,0,0,1992.05,128,[-75 80 11 0 12 -5 16 -1 15 -2 20 -5 22 -11 22 -4 25 -8 26 -4 24 -10 24 -7 28 -11 26 -14 30 -12 25 -13 24 -12 20 -9 17 -15 20 -9 11 -10 12 -6 7 -4 2 -3 3 -2 -3 -1 -6 4 0 0 0 0 0 0 0 0 0 0 0 0 0 0 0 0 0 0 0 0 0 0 -30 10 -34 10 -31 11 -34 10 -28 10 -37 10 -33 9 -33 9 -37 11 -32 11 -29 12 -25 6 -22 5 -23 4 -21 4 -13 4 -14 -2 -6 -3 -5 -2 -6 0 -4 -6 -1 -8 3 -4 4 -7 8 -2 7 1 ],2025-05-07_20-02-51-786
CSI_DATA,PASSIVE,5C:E9:31:E8:F4:66,-77,11,0,0,0,0,0,0,0,0,0,-96,0,11,0,1991872105,0,98,0,0,1992.05,128,[98 32 6 0 -9 11 -8 9 -11 10 -13 11 -12 16 -11 14 -18 18 -14 24 -13 20 -12 21 -14 23 -11 26 -12 22 -12 24 -10 21 -9 19 -8 20 -10 14 -6 12 -7 11 -4 9 -3 1 -4 1 1 -1 3 -4 0 0 0 0 0 0 0 0 0 0 0 0 0 0 0 0 0 0 0 0 0 0 13 -26 9 -26 10 -28 10 -28 10 -31 10 -32 10 -29 10 -28 8 -31 12 -27 11 -26 12 -24 10 -17 12 -21 17 -12 8 -10 6 -7 5 -6 3 -4 3 -1 2 2 1 1 2 6 -3 1 -4 8 -5 6 ],2025-05-07_20-02-51-791
CSI_DATA,PASSIVE,5C:E9:31:E8:F4:66,-77,11,0,0,0,0,0,0,0,0,0,-96,0,11,0,1991872278,0,98,0,0,1992.06,128,[98 32 6 0 13 8 16 9 17 3 18 5 16 8 20 7 26 7 29 12 27 8 26 6 29 9 30 5 25 1 30 3 26 3 23 2 18 4 18 3 17 2 13 0 8 2 6 1 -2 0 -3 -7 -9 0 0 0 0 0 0 0 0 0 0 0 0 0 0 0 0 0 0 0 0 0 0 0 -30 2 -32 0 -29 4 -34 4 -40 1 -32 7 -37 3 -33 3 -35 2 -33 2 -28 -1 -26 -7 -27 -5 -22 1 -15 -4 -19 -3 -10 -4 -5 -3 -8 0 -4 -4 -2 -2 -2 -2 7 -4 5 -3 3 -2 5 2 ],2025-05-07_20-02-51-796
CSI_DATA,PASSIVE,5C:E9:31:E8:F4:66,-77,11,0,0,0,0,0,0,0,0,0,-96,0,11,0,1991872451,0,98,0,0,1992.06,128,[98 32 6 0 -7 -15 -8 -11 -11 -17 -11 -21 -10 -21 -11 -21 -16 -24 -17 -24 -17 -18 -18 -22 -20 -22 -19 -22 -19 -26 -20 -21 -18 -18 -19 -17 -16 -14 -17 -18 -14 -14 -9 -6 -9 -6 -5 -4 -3 0 0 2 5 5 0 0 0 0 0 0 0 0 0 0 0 0 0 0 0 0 0 0 0 0 0 0 14 23 12 29 17 28 20 28 22 31 16 29 19 32 17 31 17 30 15 30 12 25 13 21 8 21 7 18 4 16 6 13 -1 11 -1 6 2 5 0 0 -6 2 -7 1 -7 0 -7 -2 -5 -4 -6 -3 ],2025-05-07_20-02-51-801
CSI_DATA,PASSIVE,5C:E9:31:E8:F4:66,-77,11,0,0,0,0,0,0,0,0,0,-96,0,11,0,1991872624,0,98,0,0,1992.07,128,[98 32 6 0 -10 11 -13 11 -14 14 -15 12 -16 17 -17 17 -18 17 -16 18 -18 21 -20 23 -18 22 -16 23 -16 26 -15 26 -14 20 -11 21 -12 18 -8 17 -7 16 -5 13 -6 7 -2 2 0 0 2 0 2 -4 0 0 0 0 0 0 0 0 0 0 0 0 0 0 0 0 0 0 0 0 0 0 21 -22 21 -21 21 -23 24 -26 24 -30 23 -26 27 -27 26 -29 23 -27 22 -24 21 -23 20 -16 20 -13 15 -12 14 -12 13 -6 10 -5 7 -4 8 -1 3 1 0 3 0 3 2 4 -1 7 -3 5 -6 3 ],2025-05-07_20-02-51-807
CSI_DATA,PASSIVE,5C:E9:31:E8:F4:66,-77,11,0,0,0,0,0,0,0,0,0,-96,0,11,0,1991872797,0,94,0,0,1992.08,128,[94 -32 5 0 15 8 14 9 17 5 14 12 17 9 23 8 21 11 24 11 23 12 27 11 30 10 27 8 27 9 27 5 22 3 24 4 21 2 17 3 15 2 13 1 6 3 6 1 2 -2 -3 -2 -6 -2 0 0 0 0 0 0 0 0 0 0 0 0 0 0 0 0 0 0 0 0 0 0 -31 -12 -32 -8 -33 -10 -37 -10 -34 -8 -35 -10 -35 -11 -33 -11 -32 -12 -31 -11 -30 -10 -22 -9 -24 -11 -19 -12 -16 -9 -12 -8 -12 -8 -8 -6 -6 -7 -2 -6 0 -5 0 -3 4 -1 4 -1 8 0 6 3 ],2025-05-07_20-02-51-812
CSI_DATA,PASSIVE,5C:E9:31:E8:F4:66,-77,11,0,0,0,0,0,0,0,0,0,-96,0,11,0,1991872965,0,158,0,0,1992.08,128,[-98 -32 9 0 -10 10 -13 15 -14 16 -12 19 -12 19 -13 21 -9 22 -13 23 -14 23 -11 25 -10 28 -9 25 -10 25 -9 27 -9 23 -9 26 -6 21 -4 16 -7 15 -4 12 -3 6 -2 1 0 2 -1 0 4 -5 0 0 0 0 0 0 0 0 0 0 0 0 0 0 0 0 0 0 0 0 0 0 10 -30 11 -31 10 -31 10 -29 9 -32 10 -31 12 -34 10 -34 13 -30 12 -33 12 -30 11 -24 11 -21 7 -20 8 -15 9 -14 7 -8 8 -6 5 -3 3 -1 5 0 4 1 0 4 1 0 -5 6 -5 5 ],2025-05-07_20-02-51-818
CSI_DATA,PASSIVE,5C:E9:31:E8:E9:4E,-84,11,0,0,0,0,0,0,0,0,0,-96,0,11,0,1991904420,0,120,0,0,1992.09,128,[120 -128 7 0 -4 -8 -7 -10 3 -3 7 -10 3 -15 13 -6 12 -14 12 -7 19 -11 18 -17 14 -14 12 -21 24 -13 24 -3 29 -17 15 -8 29 -10 27 -3 23 -1 19 4 20 -3 13 9 12 5 10 9 15 11 0 0 0 0 0 0 0 0 0 0 0 0 0 0 0 0 0 0 0 0 0 0 7 -3 6 -9 5 -3 4 -10 4 -13 -1 -14 -7 -17 -6 -11 -11 -15 -18 -17 -14 -13 -15 -19 -18 -15 -19 -14 -28 -21 -23 -14 -34 -14 -24 -14 -30 -15 -33 -8 -28 -8 -26 -11 -25 -9 -11 -4 -10 7 -14 -7 ],2025-05-07_20-02-51-824
CSI_DATA,PASSIVE,5C:E9:31:E8:E9:4E,-83,11,0,0,0,0,0,0,0,0,0,-96,0,11,0,1991904621,0,140,0,0,1992.09,128,[-116 -64 8 0 1 4 4 4 -2 1 -12 7 -6 -2 -16 -2 -8 3 -17 5 -18 -3 -19 -1 -23 -4 -25 1 -25 -6 -27 -5 -25 -12 -25 0 -22 -15 -25 -4 -15 -7 -14 -17 -8 -16 -9 -15 -9 -13 -6 -14 2 -18 0 0 0 0 0 0 0 0 0 0 0 0 0 0 0 0 0 0 0 0 0 0 -11 -14 -13 -7 -8 -1 -9 1 -9 5 -6 4 -8 13 -14 8 -10 14 -13 22 -10 13 -4 19 -8 18 -2 18 -2 26 1 33 -2 31 0 28 -2 28 3 25 2 25 8 30 4 21 7 17 1 16 3 11 ],2025-05-07_20-02-51-830
CSI_DATA,PASSIVE,5C:E9:31:E8:E9:4E,-84,11,0,0,0,0,0,0,0,0,0,-96,0,11,0,1991921582,0,158,0,0,1992.1,128,[-98 -32 9 0 12 6 0 4 -5 11 -6 3 -5 4 -10 -2 -7 4 -15 7 -17 1 -22 -1 -23 -1 -26 8 -26 0 -27 -1 -29 5 -28 -1 -25 4 -28 -6 -20 -3 -22 -11 -24 -8 -15 -10 -15 -14 -10 -17 -8 -14 0 0 0 0 0 0 0 0 0 0 0 0 0 0 0 0 0 0 0 0 0 0 -12 -5 -9 -4 -7 0 -8 2 2 8 -12 7 -4 12 -8 9 -4 18 -5 22 8 17 -2 19 0 24 9 28 -6 25 16 29 9 24 5 36 12 20 15 23 19 25 14 23 10 24 11 18 11 16 9 17 ],2025-05-07_20-02-51-834
CSI_DATA,PASSIVE,5C:E9:31:E8:E9:4E,-85,11,0,0,0,0,0,0,0,0,0,-96,0,11,0,1991924227,0,134,0,0,1992.1,128,[-122 96 8 0 -9 2 -6 8 -4 2 -8 5 4 1 1 -14 -12 -3 -3 -10 -6 -24 -12 -20 -14 -18 -7 -26 -19 -16 -11 -24 -11 -20 -9 -27 -2 -28 5 -26 5 -22 5 -21 7 -20 15 -17 15 -11 16 -6 18 0 0 0 0 0 0 0 0 0 0 0 0 0 0 0 0 0 0 0 0 0 0 0 -10 -3 -19 -3 -6 2 -9 -4 -13 3 -10 7 -11 4 -13 11 -14 16 -4 16 -12 23 -3 18 -5 25 -6 28 -12 28 -9 31 -8 19 -9 26 -5 34 -4 29 -4 23 -10 24 -3 25 -10 15 2 24 8 15 ],2025-05-07_20-02-51-840
CSI_DATA,PASSIVE,5C:E9:31:E8:E9:4E,-84,11,0,0,0,0,0,0,0,0,0,-96,0,11,0,1991924786,0,154,0,0,1992.11,128,[-102 -96 9 0 4 -6 9 3 -3 12 -5 -7 5 17 -5 15 -11 9 -6 2 -7 19 -15 19 -12 27 -6 19 -10 28 -4 17 -13 22 -7 19 -11 29 -8 20 -15 12 -14 20 -21 11 -18 10 -14 7 -15 8 -17 4 0 0 0 0 0 0 0 0 0 0 0 0 0 0 0 0 0 0 0 0 0 0 -5 -9 -2 -5 -14 0 -11 -2 -8 5 -2 5 -9 8 -1 11 0 16 0 20 8 15 11 16 7 23 13 20 6 24 14 31 10 20 18 14 21 22 23 13 26 20 27 13 18 14 10 6 20 -3 13 6 ],2025-05-07_20-02-51-846
CSI_DATA,PASSIVE,5C:E9:31:E8:F4:66,-78,11,0,0,0,0,0,0,0,0,0,-96,0,11,0,1991973982,0,130,0,0,1992.14,128,[-126 32 8 0 -3 12 0 20 0 18 2 23 -3 19 -1 24 1 25 -1 25 0 26 2 23 4 27 2 26 1 27 5 23 2 21 1 19 3 18 2 13 2 11 3 10 1 6 1 3 -2 -2 -2 -5 -3 -6 0 0 0 0 0 0 0 0 0 0 0 0 0 0 0 0 0 0 0 0 0 0 -4 -31 -2 -31 -6 -35 -2 -33 -5 -37 -6 -37 -1 -34 -3 -34 -4 -32 -4 -31 -1 -30 -3 -28 -1 -24 0 -20 3 -19 4 -16 4 -11 4 -7 1 -5 3 0 2 -1 1 0 1 5 1 5 4 9 3 9 ],2025-05-07_20-02-51-879
CSI_DATA,PASSIVE,5C:E9:31:E8:F4:66,-77,11,0,0,0,0,0,0,0,0,0,-96,0,11,0,1991974198,0,120,0,0,1992.15,128,[120 -128 7 0 9 -10 14 -11 15 -10 15 -12 17 -15 17 -11 20 -16 19 -17 22 -17 21 -15 20 -16 18 -17 18 -19 17 -18 16 -16 12 -17 10 -17 9 -13 8 -10 4 -8 2 -5 0 -1 -1 0 -3 3 -4 8 0 0 0 0 0 0 0 0 0 0 0 0 0 0 0 0 0 0 0 0 0 0 -27 12 -29 13 -32 13 -32 16 -31 14 -31 16 -33 16 -32 16 -29 16 -29 14 -26 14 -24 8 -24 6 -19 8 -20 6 -15 3 -10 3 -9 2 -5 -2 -3 -2 -3 -4 4 -4 4 -6 4 -8 2 -8 6 -6 ],2025-05-07_20-02-51-882
CSI_DATA,PASSIVE,5C:E9:31:E8:F4:66,-77,11,0,0,0,0,0,0,0,0,0,-96,0,11,0,1991974399,0,140,0,0,1992.15,128,[-116 -64 8 0 2 -16 -3 -19 3 -20 0 -21 1 -25 0 -22 -2 -19 -1 -18 2 -28 4 -33 -9 -28 -3 -26 -20 -28 -4 -26 2 -20 -7 -18 -11 -15 -13 -9 -2 -6 -6 -4 1 -5 5 -4 0 -2 3 6 0 -1 0 0 0 0 0 0 0 0 0 0 0 0 0 0 0 0 0 0 0 0 0 0 4 27 3 26 5 26 4 32 5 35 8 30 5 26 4 29 4 30 2 27 -2 26 -3 17 -2 28 -8 24 -4 14 -3 3 2 -3 0 4 -5 0 -4 14 3 4 -9 2 -8 -5 -6 -2 -7 -7 -3 -6 ],2025-05-07_20-02-51-888
CSI_DATA,PASSIVE,5C:E9:31:E8:F4:66,-75,11,0,0,0,0,0,0,0,0,0,-96,0,11,0,1991975532,0,154,0,0,1992.16,128,[-102 -96 9 0 10 2 12 1 12 1 13 1 15 0 15 1 17 0 16 -1 17 -2 16 -4 18 -4 16 -3 16 -3 15 -5 14 -5 13 -2 10 -1 10 -3 7 -3 3 -3 5 0 3 0 0 1 -3 1 -3 3 0 0 0 0 0 0 0 0 0 0 0 0 0 0 0 0 0 0 0 0 0 0 -19 -6 -20 -8 -21 -9 -20 -7 -23 -6 -23 -7 -23 -7 -23 -3 -20 -6 -20 -6 -19 -3 -15 -4 -17 -6 -14 -7 -12 -5 -9 -5 -6 -4 -6 -2 -2 -4 -1 -3 -2 -2 0 -3 4 -3 6 0 3 -2 6 -2 ],2025-05-07_20-02-51-893
CSI_DATA,PASSIVE,5C:E9:31:E8:F4:42,-91,11,0,0,0,0,0,0,0,0,0,-96,0,11,0,1992024992,0,94,0,0,1992.19,128,[94 -32 5 0 -2 6 -6 4 16 10 0 7 -4 6 -5 5 -5 4 -7 4 -3 9 -6 6 -10 10 -3 12 -4 6 -3 8 -4 8 -13 4 -10 5 -13 6 6 2 -2 7 -1 9 -4 9 -8 14 -4 5 -4 0 0 0 0 0 0 0 0 0 0 0 0 0 0 0 0 0 0 0 0 0 0 0 9 1 -2 8 4 3 -4 6 9 3 -3 4 5 8 2 4 6 8 5 5 -4 13 -4 21 1 8 5 11 1 12 1 9 4 14 -2 8 6 12 1 6 5 4 8 10 13 12 16 12 7 11 11 1 ],2025-05-07_20-02-51-927
CSI_DATA,PASSIVE,5C:E9:31:E8:E9:4E,-85,11,0,0,0,0,0,0,0,0,0,-96,0,11,0,1992029169,0,98,0,0,1992.2,128,[98 32 6 0 -16 1 -12 0 -11 0 -7 -1 -11 -7 -4 -9 -4 -9 -7 -18 0 -13 -7 -18 0 -16 -1 -20 -4 -15 -6 -19 -1 -21 6 -21 1 -25 -2 -26 4 -15 11 -19 13 -13 9 -10 6 -8 12 -2 12 -2 0 0 0 0 0 0 0 0 0 0 0 0 0 0 0 0 0 0 0 0 0 0 2 -7 -3 -4 -7 -9 -9 -14 -9 -12 -15 -12 -9 2 -17 -6 -10 0 -24 -2 -18 0 -27 3 -21 -4 -29 -3 -29 6 -25 8 -29 -1 -17 7 -33 7 -21 12 -26 14 -20 15 -19 13 -12 10 -15 8 -23 7 ],2025-05-07_20-02-51-933
CSI_DATA,PASSIVE,5C:E9:31:E8:E9:4E,-83,11,0,0,0,0,0,0,0,0,0,-96,0,11,0,1992048112,0,98,0,0,1992.21,128,[98 32 6 0 6 -1 5 -2 7 3 4 8 5 10 -2 16 -3 14 3 23 2 15 4 14 1 26 -2 28 0 33 -1 25 -2 27 -8 24 -7 26 -6 24 -13 17 -10 16 -17 16 -18 12 -17 4 -14 2 -20 3 0 0 0 0 0 0 0 0 0 0 0 0 0 0 0 0 0 0 0 0 0 0 2 11 1 9 5 10 4 10 9 12 8 16 18 11 15 12 15 9 20 2 22 8 29 7 26 1 30 -4 25 -1 27 -10 27 -9 24 -14 29 -14 30 -10 29 -15 23 -10 27 -12 17 -14 15 -11 16 -9 ],2025-05-07_20-02-51-951
CSI_DATA,PASSIVE,5C:E9:31:E8:F4:66,-77,11,0,0,0,0,0,0,0,0,0,-96,0,11,0,1992076227,0,158,0,0,1992.24,128,[-98 -32 9 0 14 -15 18 -19 17 -16 18 -19 16 -17 20 -18 19 -20 24 -21 19 -23 21 -23 18 -24 15 -26 16 -26 16 -23 13 -22 8 -18 11 -18 9 -18 5 -15 4 -12 5 -9 -1 -7 -4 -3 -3 2 -8 6 0 0 0 0 0 0 0 0 0 0 0 0 0 0 0 0 0 0 0 0 0 0 -24 22 -23 23 -27 22 -26 25 -24 26 -28 26 -27 27 -26 24 -23 23 -24 25 -21 22 -20 17 -18 15 -15 7 -12 4 -13 5 -8 0 -4 -1 -1 -3 -1 -8 1 -8 -1 -9 1 -10 7 -14 9 -9 7 -13 ],2025-05-07_20-02-51-980
CSI_DATA,PASSIVE,5C:E9:31:E8:F4:66,-76,11,0,0,0,0,0,0,0,0,0,-96,0,11,0,1992076480,0,138,0,0,1992.25,128,[-118 -96 8 0 -7 -12 -10 -17 -11 -18 -13 -20 -15 -20 -11 -22 -18 -21 -17 -25 -18 -23 -16 -30 -12 -19 -17 -17 -12 -30 -19 -30 -21 -11 -19 -13 -17 -9 -8 -14 0 -5 -1 -9 -6 -11 -4 5 -4 5 -5 8 3 4 0 0 0 0 0 0 0 0 0 0 0 0 0 0 0 0 0 0 0 0 0 0 25 14 25 24 27 18 23 18 29 18 28 12 26 14 30 16 17 17 13 21 31 13 12 19 2 18 2 17 4 10 12 10 -6 9 1 9 -6 -3 -15 6 -5 3 -2 13 -7 -8 -9 -7 -13 -14 -11 -10 ],2025-05-07_20-02-51-986
CSI_DATA,PASSIVE,5C:E9:31:E8:F4:66,-77,11,0,0,0,0,0,0,0,0,0,-96,0,11,0,1992076705,0,158,0,0,1992.25,128,[-98 -32 9 0 -2 15 -3 17 4 17 -3 17 1 18 -3 19 -4 21 -1 20 -1 22 1 21 0 27 -3 26 6 30 -1 21 7 26 -4 26 0 17 9 18 8 21 -3 13 2 12 9 0 0 -2 3 -7 -1 3 0 0 0 0 0 0 0 0 0 0 0 0 0 0 0 0 0 0 0 0 0 0 5 -30 -2 -25 2 -34 3 -33 -5 -36 7 -32 6 -26 0 -23 4 -32 1 -31 1 -32 -5 -20 1 -21 11 -24 3 -16 -1 -2 6 -2 7 -1 4 -1 -1 17 4 11 1 10 2 10 4 15 5 6 0 5 ],2025-05-07_20-02-51-992
CSI_DATA,PASSIVE,5C:E9:31:E8:F4:66,-77,11,0,0,0,0,0,0,0,0,0,-96,0,11,0,1992076958,0,158,0,0,1992.26,128,[-98 -32 9 0 17 9 14 5 17 5 15 8 18 6 14 9 20 10 21 10 27 7 14 5 16 16 17 9 20 9 17 15 21 8 18 8 15 3 19 5 20 0 7 5 7 7 6 1 -2 -4 -3 -2 -7 -3 0 0 0 0 0 0 0 0 0 0 0 0 0 0 0 0 0 0 0 0 0 0 -26 -10 -25 -13 -24 -13 -33 -11 -27 -13 -28 -11 -30 -13 -31 -7 -25 -11 -20 -12 -21 -5 -14 -7 -17 -9 -8 -10 -10 -10 0 -9 -5 -7 -4 -8 -6 -14 -7 -1 4 -4 11 -9 10 -3 9 -9 5 5 7 -1 ],2025-05-07_20-02-51-996
CSI_DATA,PASSIVE,5C:E9:31:E8:F4:66,-78,11,0,0,0,0,0,0,0,0,0,-96,0,11,0,1992077211,0,94,0,0,1992.26,128,[94 -32 5 0 9 -16 6 -23 3 -17 1 -19 12 -23 7 -18 7 -17 5 -30 15 -28 11 -27 3 -32 -1 -22 2 -23 -5 -20 -5 -16 5 -17 3 -24 -4 -23 15 -13 -6 -13 -2 -10 -2 -10 -4 -2 -6 7 -10 5 0 0 0 0 0 0 0 0 0 0 0 0 0 0 0 0 0 0 0 0 0 0 0 23 3 34 0 28 3 33 1 29 9 37 -9 31 -7 32 1 30 7 41 -1 26 4 24 -1 18 -7 7 -13 11 -2 -6 -3 -13 -2 14 10 5 4 5 5 -19 -14 5 -14 -17 0 -15 -4 -13 1 -9 ],2025-05-07_20-02-52-2
CSI_DATA,PASSIVE,5C:E9:31:E8:F4:66,-77,11,0,0,0,0,0,0,0,0,0,-96,0,11,0,1992077380,0,472,0,0,1992.27,128,[-40 -127 29 0 17 -8 17 -5 18 -10 22 -12 23 -8 22 -8 24 -7 26 -9 26 -16 27 -14 33 -17 28 -12 25 -13 25 -13 22 -12 19 -15 16 -11 17 -12 11 -10 12 -10 7 -8 1 -6 -2 -4 -4 -2 -8 4 0 0 0 0 0 0 0 0 0 0 0 0 0 0 0 0 0 0 0 0 0 0 -28 17 -30 16 -33 18 -32 16 -30 21 -34 20 -33 21 -31 18 -30 16 -27 15 -24 13 -22 11 -21 6 -17 6 -7 2 -11 3 -7 -3 -4 0 0 -4 -1 -8 1 -8 1 -10 4 -7 5 -9 7 -14 10 -9 ],2025-05-07_20-02-52-8
CSI_DATA,PASSIVE,5C:E9:31:E8:F4:66,-78,11,0,0,0,0,0,0,0,0,0,-96,0,11,0,1992078053,0,492,0,0,1992.28,128,[-20 -63 30 0 -15 -10 -15 -9 -14 -10 -20 -15 -17 -13 -24 -17 -20 -14 -22 -14 -23 -15 -22 -15 -24 -15 -23 -15 -24 -12 -24 -14 -22 -10 -21 -11 -20 -9 -16 -8 -17 -5 -9 -4 -8 0 -5 -1 -1 0 0 -1 3 1 0 0 0 0 0 0 0 0 0 0 0 0 0 0 0 0 0 0 0 0 0 0 28 10 28 12 31 10 30 10 30 10 31 9 28 9 28 9 26 10 23 10 21 8 21 9 18 9 15 9 11 9 5 6 2 5 0 4 1 4 -2 3 -4 1 -6 0 -11 1 -8 0 -11 -5 -16 -4 ],2025-05-07_20-02-52-13
CSI_DATA,PASSIVE,5C:E9:31:E8:F4:66,-77,11,0,0,0,0,0,0,0,0,0,-96,0,11,0,1992078750,0,756,0,0,1992.28,128,[-12 66 47 0 8 -11 15 -14 15 -12 17 -13 18 -13 21 -15 22 -16 17 -18 18 -19 18 -18 15 -19 17 -19 20 -21 17 -20 14 -20 16 -18 10 -20 11 -16 4 -12 5 -8 5 -10 1 -6 -1 -4 -4 -1 -6 3 0 0 0 0 0 0 0 0 0 0 0 0 0 0 0 0 0 0 0 0 0 0 -24 16 -28 16 -26 18 -27 16 -26 16 -28 22 -28 20 -26 18 -23 14 -23 14 -23 13 -23 13 -18 7 -15 8 -13 6 -12 4 -7 -2 -5 1 -5 -2 -1 -5 0 -7 3 -8 2 -9 5 -10 5 -9 8 -9 ],2025-05-07_20-02-52-18
CSI_DATA,PASSIVE,5C:E9:31:E8:F4:66,-78,11,0,0,0,0,0,0,0,0,0,-96,0,11,0,1992079799,0,94,0,0,1992.29,128,[94 -32 5 0 0 16 -2 14 -5 18 -7 21 -4 21 -4 22 -4 24 -4 27 -1 25 -3 24 -3 27 -1 28 -2 26 0 23 -2 25 0 21 -2 19 1 14 1 14 1 11 1 6 1 6 -1 0 0 0 2 -5 0 0 0 0 0 0 0 0 0 0 0 0 0 0 0 0 0 0 0 0 0 0 2 -30 -2 -34 0 -33 2 -33 1 -32 2 -34 1 -32 0 -32 2 -29 2 -30 1 -28 1 -21 2 -22 1 -17 6 -15 4 -9 3 -5 4 -3 3 -2 5 1 3 3 3 6 -1 4 2 9 2 12 2 10 ],2025-05-07_20-02-52-23
CSI_DATA,PASSIVE,5C:E9:31:E8:F4:66,-77,11,0,0,0,0,0,0,0,0,0,-96,0,11,0,1992079968,0,734,0,0,1992.29,128,[-34 -30 45 0 -13 0 -18 3 -19 3 -20 1 -24 2 -22 1 -24 4 -27 3 -26 4 -27 4 -26 6 -27 8 -25 9 -27 5 -25 4 -22 7 -21 3 -16 7 -14 3 -9 5 -7 3 -4 2 2 4 2 0 4 0 0 0 0 0 0 0 0 0 0 0 0 0 0 0 0 0 0 0 0 0 0 0 29 -5 32 -8 29 -6 33 -8 31 -5 32 -9 33 -6 29 -6 29 -6 29 -9 25 -4 21 -3 22 -4 16 0 14 0 10 0 9 2 2 2 2 1 -3 3 -1 3 -3 4 -5 5 -8 4 -9 4 -12 3 ],2025-05-07_20-02-52-28
CSI_DATA,PASSIVE,5C:E9:31:E8:F4:66,-77,11,0,0,0,0,0,0,0,0,0,-96,0,11,0,1992082317,0,158,0,0,1992.3,128,[-98 -32 9 0 -1 -16 -5 -20 -2 -21 -4 -22 -2 -26 -2 -25 -1 -26 -2 -28 -3 -30 -1 -27 -3 -27 -4 -27 -6 -25 -5 -25 -6 -27 -8 -22 -7 -24 -3 -22 -1 -16 -6 -11 -4 -10 -3 -3 -4 -3 0 1 -5 6 0 0 0 0 0 0 0 0 0 0 0 0 0 0 0 0 0 0 0 0 0 0 12 25 10 29 12 30 13 31 13 31 11 32 14 34 10 28 8 34 8 24 6 26 7 21 10 23 4 15 4 11 1 3 0 5 0 5 -4 -1 -4 1 -4 0 -2 -6 -3 -8 -8 -8 -4 -12 -6 -10 ],2025-05-07_20-02-52-34
CSI_DATA,PASSIVE,5C:E9:31:E8:F4:66,-77,11,0,0,0,0,0,0,0,0,0,-96,0,11,0,1992184443,0,128,0,0,1992.35,128,[-128 0 8 0 17 -1 18 -4 20 -4 22 -4 23 -4 26 -5 24 -5 26 -8 25 -7 24 -9 26 -10 29 -11 29 -10 27 -8 26 -9 18 -9 17 -8 15 -6 11 -7 14 -5 8 -4 6 0 0 -3 -3 -1 -5 1 0 0 0 0 0 0 0 0 0 0 0 0 0 0 0 0 0 0 0 0 0 0 -27 11 -31 12 -31 13 -33 12 -32 12 -31 12 -32 14 -34 11 -31 9 -31 9 -24 12 -24 7 -22 8 -17 6 -12 5 -14 0 -9 0 -7 -1 -4 -2 -1 0 2 -1 6 -2 7 -1 8 -4 11 -4 10 -1 ],2025-05-07_20-02-52-88
CSI_DATA,PASSIVE,5C:E9:31:E8:F4:66,-76,11,0,0,0,0,0,0,0,0,0,-96,0,11,0,1992184656,0,128,0,0,1992.36,128,[-128 0 8 0 3 15 4 24 5 19 4 25 4 20 7 28 3 23 -8 28 4 30 5 19 3 34 0 17 9 41 7 31 9 30 6 18 9 24 16 20 5 4 -2 1 0 8 -12 4 -2 2 10 -2 -6 -12 0 0 0 0 0 0 0 0 0 0 0 0 0 0 0 0 0 0 0 0 0 0 -23 -22 -29 -24 -22 -22 -28 -28 -27 -22 -26 -27 -27 -27 -22 -28 -24 -20 -22 -16 -19 -21 -2 -18 -19 -20 -10 -26 -16 -22 -2 -8 4 -7 -5 -2 16 -6 8 -2 -10 13 5 -2 3 1 11 20 6 16 2 9 ],2025-05-07_20-02-52-93
CSI_DATA,PASSIVE,5C:E9:31:E8:F4:66,-77,11,0,0,0,0,0,0,0,0,0,-96,0,11,0,1992281075,0,112,0,0,1992.45,128,[112 0 7 0 -3 14 -5 15 -7 15 -6 16 -4 19 -4 18 -3 16 -4 17 -3 22 -5 21 0 19 -2 19 -1 19 0 15 -3 16 -1 16 -2 13 -3 11 -2 9 -2 7 0 2 0 -3 0 -1 -2 -4 0 -7 0 0 0 0 0 0 0 0 0 0 0 0 0 0 0 0 0 0 0 0 0 0 11 -23 12 -23 11 -25 12 -28 11 -28 11 -28 13 -29 10 -28 13 -27 11 -25 9 -24 9 -21 12 -22 8 -15 9 -13 6 -8 3 -4 3 -7 4 -3 2 1 2 3 0 3 -2 6 -1 9 -2 9 -2 8 ],2025-05-07_20-02-52-184
CSI_DATA,PASSIVE,5C:E9:31:E8:F4:66,-78,11,0,0,0,0,0,0,0,0,0,-96,0,11,0,1992281268,0,132,0,0,1992.45,128,[-124 64 8 0 -3 17 -4 21 -3 22 -6 21 0 22 -1 23 -1 21 0 24 -3 24 4 25 2 25 0 25 2 22 4 23 3 19 3 17 2 14 0 14 0 8 2 7 0 3 -1 0 -1 -2 -1 -4 -3 -7 0 0 0 0 0 0 0 0 0 0 0 0 0 0 0 0 0 0 0 0 0 0 9 -32 8 -32 10 -35 7 -34 8 -35 8 -33 8 -37 9 -37 9 -33 8 -31 8 -30 7 -25 8 -26 6 -20 7 -18 4 -12 7 -11 5 -8 5 -3 5 0 5 5 -1 5 1 6 0 9 0 12 0 11 ],2025-05-07_20-02-52-189
CSI_DATA,PASSIVE,5C:E9:31:E8:F4:66,-78,11,0,0,0,0,0,0,0,0,0,-96,0,11,0,1992281485,0,94,0,0,1992.46,128,[94 -32 5 0 15 1 19 -4 18 -3 20 -1 26 -5 22 -6 23 -7 23 0 22 -5 24 -4 24 -8 24 -10 21 -11 20 -7 19 -6 13 -7 11 -3 10 -6 12 -9 7 -4 1 -4 1 1 -4 -1 -5 -1 -7 7 0 0 0 0 0 0 0 0 0 0 0 0 0 0 0 0 0 0 0 0 0 0 -32 -2 -33 -1 -35 -2 -37 -2 -36 0 -35 1 -38 3 -37 0 -36 -5 -32 -1 -30 -1 -31 0 -26 1 -20 -6 -18 -5 -15 -5 -12 -5 -4 -6 -7 -4 -1 -5 7 -1 5 -5 5 -6 9 -4 10 -1 9 -4 ],2025-05-07_20-02-52-195
CSI_DATA,PASSIVE,5C:E9:31:E8:F4:66,-77,11,0,0,0,0,0,0,0,0,0,-96,0,11,0,1992281654,0,128,0,0,1992.46,128,[-128 0 8 0 12 9 13 16 10 12 15 15 21 15 14 17 17 18 16 19 15 15 17 12 19 10 20 12 18 12 15 3 22 10 15 14 12 6 9 5 10 3 6 2 3 -1 3 1 -1 3 -7 -3 -7 -1 0 0 0 0 0 0 0 0 0 0 0 0 0 0 0 0 0 0 0 0 0 0 -3 -29 -1 -32 -4 -36 -2 -36 -7 -36 -7 -37 -8 -37 -6 -37 -9 -35 -7 -31 -4 -33 -8 -27 -4 -27 -1 -20 -3 -21 -3 -15 4 -12 -2 -8 2 -4 2 3 1 -1 7 2 4 2 8 2 8 9 7 9 ],2025-05-07_20-02-52-200
CSI_DATA,PASSIVE,5C:E9:31:E8:F4:66,-78,11,0,0,0,0,0,0,0,0,0,-96,0,11,0,1992281867,0,141,0,0,1992.47,128,[-115 -48 8 0 -14 14 -16 13 -18 12 -14 16 -19 15 -18 15 -18 17 -17 18 -17 18 -18 18 -17 18 -14 18 -17 20 -13 18 -13 15 -10 17 -9 13 -9 11 -5 5 -5 8 -3 3 0 0 0 -3 2 -5 3 -7 0 0 0 0 0 0 0 0 0 0 0 0 0 0 0 0 0 0 0 0 0 0 30 -8 31 -5 33 -7 33 -10 35 -8 33 -11 34 -11 32 -10 31 -11 33 -11 31 -10 25 -8 23 -5 19 -7 17 -5 11 -1 10 1 6 0 6 1 0 4 0 4 -3 7 -4 6 -5 8 -9 8 -9 5 ],2025-05-07_20-02-52-206
CSI_DATA,PASSIVE,5C:E9:31:E8:F4:66,-77,11,0,0,0,0,0,0,0,0,0,-96,0,11,0,1992282096,0,188,0,0,1992.47,128,[-68 -64 11 0 -16 11 -15 8 -17 10 -20 8 -17 10 -17 14 -19 15 -20 11 -23 11 -22 16 -19 12 -20 14 -17 15 -20 17 -14 12 -15 13 -8 13 -10 7 -4 5 -4 5 2 2 -5 0 1 0 4 -5 5 -8 0 0 0 0 0 0 0 0 0 0 0 0 0 0 0 0 0 0 0 0 0 0 30 -8 32 -8 37 -10 31 -14 35 -16 35 -10 38 -12 36 -14 33 -11 32 -6 29 -10 23 -6 26 -2 20 -4 16 -3 12 0 11 1 4 1 5 0 1 4 3 3 -5 6 -7 3 -8 7 -12 5 -13 6 ],2025-05-07_20-02-52-211
CSI_DATA,PASSIVE,5C:E9:31:E8:F4:66,-77,11,0,0,0,0,0,0,0,0,0,-96,0,11,0,1992282389,0,161,0,0,1992.48,128,[-95 16 10 0 -3 -16 -4 -18 1 -20 -3 -19 -5 -26 -5 -24 -3 -27 -5 -24 -7 -24 -6 -23 -11 -22 -10 -22 -9 -22 -11 -18 -10 -17 -7 -15 -5 -16 -9 -12 -6 -10 -4 -8 -1 -5 -1 -1 -1 2 2 6 3 6 0 0 0 0 0 0 0 0 0 0 0 0 0 0 0 0 0 0 0 0 0 0 -2 32 -5 32 -3 33 -4 36 -5 36 -4 37 -4 39 -5 34 -4 32 -4 31 -3 32 -6 26 -3 26 -5 20 -5 19 -3 12 -5 8 -3 8 -4 3 -3 0 -1 -2 -3 -6 -3 -5 -2 -7 -4 -11 -4 -12 ],2025-05-07_20-02-52-217
CSI_DATA,PASSIVE,5C:E9:31:E8:F4:66,-77,11,0,0,0,0,0,0,0,0,0,-96,0,11,0,1992282645,0,108,0,0,1992.49,128,[108 -64 6 0 17 -7 16 -1 18 -5 19 -5 21 -7 25 -6 23 -7 24 -6 22 -7 20 -11 21 -7 20 -10 20 -9 17 -8 15 -10 15 -10 11 -10 11 -7 6 -4 4 -2 1 -3 2 -2 0 3 -7 2 -6 4 0 0 0 0 0 0 0 0 0 0 0 0 0 0 0 0 0 0 0 0 0 0 -32 -6 -31 -3 -35 -4 -35 -6 -38 -2 -36 -4 -39 -4 -38 -4 -36 -3 -34 -4 -30 -3 -26 -4 -26 -4 -21 -5 -15 -3 -15 -3 -11 -4 -6 -3 -3 -6 -3 -5 1 -2 4 -4 8 -5 4 -1 9 -2 11 1 ],2025-05-07_20-02-52-222
CSI_DATA,PASSIVE,5C:E9:31:E8:F4:66,-78,11,0,0,0,0,0,0,0,0,0,-96,0,11,0,1992282830,0,128,0,0,1992.49,128,[-128 0 8 0 15 8 15 5 19 6 20 7 24 3 23 4 21 4 26 5 24 3 25 3 23 4 24 4 21 1 19 3 20 0 18 -2 14 0 12 1 11 1 5 0 1 -1 -2 1 -2 -2 -6 -1 -6 -1 0 0 0 0 0 0 0 0 0 0 0 0 0 0 0 0 0 0 0 0 0 0 -28 -17 -29 -16 -32 -16 -32 -17 -35 -17 -34 -17 -33 -15 -33 -17 -31 -15 -28 -15 -28 -13 -26 -14 -23 -12 -19 -11 -13 -12 -14 -9 -9 -8 -3 -6 -5 -4 -3 -4 5 -4 6 0 6 3 8 -2 10 2 12 6 ],2025-05-07_20-02-52-227
CSI_DATA,PASSIVE,5C:E9:31:E8:F4:66,-77,11,0,0,0,0,0,0,0,0,0,-96,0,11,0,1992283043,0,380,0,0,1992.5,128,[124 -63 23 0 1 17 1 19 0 20 2 20 4 19 3 24 4 22 6 22 3 24 4 21 8 22 9 22 10 21 6 22 7 20 8 17 6 16 5 12 2 8 1 6 2 5 1 -2 -3 -3 -6 -4 -3 -7 0 0 0 0 0 0 0 0 0 0 0 0 0 0 0 0 0 0 0 0 0 0 4 -31 5 -33 3 -34 4 -36 1 -36 3 -38 3 -37 5 -35 4 -34 7 -33 3 -32 3 -28 3 -24 4 -23 3 -19 3 -12 4 -10 2 -8 2 -2 3 2 1 2 0 5 4 6 -1 9 1 10 1 11 ],2025-05-07_20-02-52-232
CSI_DATA,PASSIVE,5C:E9:31:E8:E9:4E,-83,11,0,0,0,0,0,0,0,0,0,-96,0,11,0,1992321651,0,126,0,0,1992.5,128,[126 -32 7 0 5 6 -1 4 -3 10 -8 -3 -8 4 -7 11 -10 2 -21 2 -12 8 -22 12 -16 3 -17 16 -20 8 -22 3 -20 -1 -20 0 -30 -4 -16 3 -11 -10 -18 -11 -15 -17 -15 -5 -3 -8 -3 -10 0 -10 0 0 0 0 0 0 0 0 0 0 0 0 0 0 0 0 0 0 0 0 0 0 -10 11 2 4 -7 11 0 13 0 11 6 12 -2 12 12 10 -2 19 11 18 10 19 10 26 14 11 19 23 10 17 21 12 26 9 23 11 16 2 20 3 16 16 21 12 12 6 16 5 15 0 21 11 ],2025-05-07_20-02-52-237
CSI_DATA,PASSIVE,5C:E9:31:E8:E9:4E,-86,11,0,0,0,0,0,0,0,0,0,-96,0,11,0,1992324614,0,242,0,0,1992.51,128,[-14 32 15 0 5 -3 -18 10 6 12 -6 4 9 -8 -7 -2 -14 -7 -19 -5 -19 -17 -29 -13 0 -21 -27 -15 -15 -19 -30 -38 -15 -20 -19 -31 2 -33 -4 -22 1 -33 -7 -27 6 -22 6 -21 -1 -24 2 -11 11 3 0 0 0 0 0 0 0 0 0 0 0 0 0 0 0 0 0 0 0 0 0 0 -15 18 -9 11 -8 15 -11 3 2 3 -8 26 7 16 11 19 -1 9 -4 20 7 29 -3 22 9 25 7 23 10 40 4 45 3 26 12 41 16 25 24 36 0 32 15 44 27 22 6 29 -2 24 15 18 ],2025-05-07_20-02-52-243
CSI_DATA,PASSIVE,5C:E9:31:E8:E9:4E,-84,11,0,0,0,0,0,0,0,0,0,-96,0,11,0,1992343723,0,98,0,0,1992.51,128,[98 32 6 0 -14 1 -3 -7 -11 -10 5 -16 -1 -6 -7 -13 6 -9 3 -13 14 -16 2 -15 18 -18 13 -29 20 -13 12 -16 23 -20 21 -20 15 -18 22 -9 22 -16 24 -4 25 0 14 -10 10 2 18 -1 14 4 0 0 0 0 0 0 0 0 0 0 0 0 0 0 0 0 0 0 0 0 0 0 13 -5 7 -9 15 -11 3 0 0 -15 4 -5 -6 -15 -2 -19 -7 -22 -12 -18 -14 -22 -13 -19 -18 -18 -19 -15 -16 -17 -26 -17 -26 -15 -29 -22 -32 -15 -25 -14 -20 -9 -26 -5 -22 -1 -18 -9 -28 -2 -16 -5 ],2025-05-07_20-02-52-249
CSI_DATA,PASSIVE,5C:E9:31:E8:E9:4E,-84,11,0,0,0,0,0,0,0,0,0,-96,0,11,0,1992344162,0,217,0,0,1992.52,128,[-39 -112 13 0 -6 11 -7 0 -3 3 -9 -3 0 2 -10 -6 -11 -5 -3 -12 -3 -15 -9 -12 -15 -17 -22 -20 -6 -26 -13 -24 -12 -25 -8 -25 -7 -15 -4 -24 5 -16 2 -26 6 -18 4 -13 6 -14 13 -10 15 -8 0 0 0 0 0 0 0 0 0 0 0 0 0 0 0 0 0 0 0 0 0 0 1 -19 -2 -12 -9 -11 -9 -9 -10 0 -14 -10 -7 -3 -20 1 -21 0 -11 2 -6 5 -21 9 -22 4 -25 11 -20 19 -18 9 -28 20 -13 15 -18 22 -19 19 -8 16 -7 16 -16 16 -15 10 -8 15 -1 19 ],2025-05-07_20-02-52-255
CSI_DATA,PASSIVE,5C:E9:31:E8:F4:66,-78,11,0,0,0,0,0,0,0,0,0,-96,0,11,0,1992383157,0,126,0,0,1992.55,128,[126 -32 7 0 -11 -11 -19 -20 -17 -15 -7 -16 -26 -7 -21 -10 -14 -20 -24 -10 -24 -4 -16 -10 -22 -6 -24 -4 -20 -10 -26 -8 -16 -8 -18 -4 -14 -5 -12 -7 -15 -1 -4 -5 -5 -1 -3 -5 3 0 6 -1 8 1 0 0 0 0 0 0 0 0 0 0 0 0 0 0 0 0 0 0 0 0 0 0 14 26 12 25 17 26 18 29 19 31 21 28 20 27 18 29 19 26 16 27 16 28 16 25 12 24 10 18 12 16 8 14 1 7 2 5 -2 4 1 3 5 1 -8 1 -6 -1 -14 -9 -18 2 -14 -11 ],2025-05-07_20-02-52-287
CSI_DATA,PASSIVE,5C:E9:31:E8:F4:66,-80,11,0,0,0,0,0,0,0,0,0,-96,0,11,0,1992383365,0,146,0,0,1992.56,128,[-110 32 9 0 -26 5 -34 15 -55 6 -40 24 -28 38 -48 63 -39 24 -32 57 -40 51 -50 41 -40 25 -26 51 -32 36 -47 48 -39 39 -26 31 -30 30 -14 23 -17 11 -13 16 -14 9 -4 5 -2 -9 2 -19 5 -14 0 0 0 0 0 0 0 0 0 0 0 0 0 0 0 0 0 0 0 0 0 0 69 -18 67 -21 75 -20 75 -25 79 -27 81 -31 82 -25 80 -29 76 -21 80 -30 73 -25 68 -26 64 -12 54 -19 51 -13 35 -12 24 4 23 0 17 0 -3 4 -4 -9 0 6 -16 5 -5 16 -10 9 -18 18 ],2025-05-07_20-02-52-293
CSI_DATA,PASSIVE,5C:E9:31:E8:F4:66,-77,11,0,0,0,0,0,0,0,0,0,-96,0,11,0,1992383602,0,128,0,0,1992.56,128,[-128 0 8 0 -9 13 -12 16 -9 20 -15 23 -8 19 -8 22 -13 24 -7 20 -11 23 -7 22 -8 21 -4 20 -6 24 -9 19 -3 21 -1 21 0 14 -7 13 -1 12 -6 5 -3 4 -1 -1 -4 -4 -3 -3 3 -5 0 0 0 0 0 0 0 0 0 0 0 0 0 0 0 0 0 0 0 0 0 0 17 -23 22 -27 21 -28 24 -27 25 -26 27 -31 20 -29 23 -31 25 -27 21 -25 21 -23 17 -22 12 -16 16 -19 12 -13 11 -13 9 -8 9 -9 5 -1 4 4 -1 2 -4 7 -2 2 -1 8 -1 6 -5 12 ],2025-05-07_20-02-52-298
CSI_DATA,PASSIVE,5C:E9:31:E8:F4:66,-77,11,0,0,0,0,0,0,0,0,0,-96,0,11,0,1992383815,0,222,0,0,1992.57,128,[-34 -32 13 0 -19 -4 -20 -5 -23 -3 -22 -4 -22 -7 -24 -4 -24 -4 -25 -3 -31 -3 -24 -2 -28 4 -25 0 -21 4 -25 0 -22 4 -20 2 -19 0 -15 -1 -9 0 -6 0 -5 2 -1 -4 2 -3 5 -3 5 -5 0 0 0 0 0 0 0 0 0 0 0 0 0 0 0 0 0 0 0 0 0 0 30 9 29 13 31 11 28 15 34 12 34 7 35 10 34 11 37 11 32 7 30 8 26 10 22 7 19 10 14 10 11 6 6 7 8 -1 3 4 0 3 0 5 -2 0 -4 1 -9 0 -9 -2 -11 -3 ],2025-05-07_20-02-52-303
CSI_DATA,PASSIVE,5C:E9:31:E8:F4:66,-78,11,0,0,0,0,0,0,0,0,0,-96,0,11,0,1992384152,0,242,0,0,1992.57,128,[-14 32 15 0 10 -15 10 -19 7 -20 12 -19 10 -19 9 -24 15 -20 12 -23 5 -24 8 -21 7 -21 7 -23 8 -22 1 -23 4 -17 4 -20 3 -16 5 -15 5 -10 6 -9 1 -3 -2 2 2 3 2 2 -1 5 0 0 0 0 0 0 0 0 0 0 0 0 0 0 0 0 0 0 0 0 0 0 -24 20 -26 21 -26 21 -24 25 -27 25 -26 25 -24 24 -27 27 -27 24 -24 18 -22 26 -20 19 -19 17 -20 18 -14 14 -13 8 -9 6 -9 4 -7 6 -6 2 -1 -1 2 -8 1 -7 2 -9 6 -12 7 -10 ],2025-05-07_20-02-52-309
CSI_DATA,PASSIVE,5C:E9:31:E8:F4:66,-77,11,0,0,0,0,0,0,0,0,0,-96,0,11,0,1992384517,0,188,0,0,1992.58,128,[-68 -64 11 0 -12 15 -8 16 -11 18 -10 23 -11 21 -14 20 -12 22 -11 21 -13 25 -10 21 -9 23 -8 24 -10 23 -7 24 -7 18 -5 16 -7 16 -5 12 -6 9 -4 5 -3 4 -1 -2 -3 -3 -2 -4 0 -8 0 0 0 0 0 0 0 0 0 0 0 0 0 0 0 0 0 0 0 0 0 0 17 -25 16 -27 17 -28 16 -29 19 -31 19 -29 19 -33 19 -31 17 -30 21 -30 19 -25 15 -25 14 -21 13 -15 11 -15 9 -10 7 -8 5 -5 2 -4 3 2 1 1 -2 5 -1 6 -3 7 -6 9 -6 10 ],2025-05-07_20-02-52-315
CSI_DATA,PASSIVE,5C:E9:31:E8:F4:66,-78,11,0,0,0,0,0,0,0,0,0,-96,0,11,0,1992384810,0,94,0,0,1992.58,128,[94 -32 5 0 -9 -20 -8 -15 -8 -18 -8 -20 -10 -22 -9 -22 -12 -23 -13 -21 -9 -22 -14 -22 -11 -20 -12 -20 -12 -20 -16 -18 -13 -16 -13 -16 -9 -13 -7 -10 -6 -11 -3 -8 2 -5 -1 -1 1 -1 5 0 6 5 0 0 0 0 0 0 0 0 0 0 0 0 0 0 0 0 0 0 0 0 0 0 8 32 9 31 11 30 12 32 13 34 12 36 10 32 12 33 12 32 10 32 11 27 9 27 6 25 2 21 4 18 2 15 2 9 0 8 -2 4 2 1 -4 -1 -5 -3 -7 -2 -6 -8 -6 -9 -8 -10 ],2025-05-07_20-02-52-320
CSI_DATA,PASSIVE,5C:E9:31:E8:F4:66,-77,11,0,0,0,0,0,0,0,0,0,-96,0,11,0,1992384979,0,94,0,0,1992.59,128,[94 -32 5 0 11 -11 17 -11 17 -11 20 -10 19 -10 19 -13 19 -13 18 -14 19 -18 15 -13 15 -17 14 -16 16 -16 17 -14 14 -13 15 -14 10 -10 8 -10 9 -4 5 -4 4 -2 1 1 0 3 0 3 -3 6 0 0 0 0 0 0 0 0 0 0 0 0 0 0 0 0 0 0 0 0 0 0 -28 13 -31 11 -28 12 -34 13 -35 16 -33 17 -29 18 -32 16 -30 16 -30 14 -30 15 -26 11 -24 8 -20 9 -18 5 -14 5 -15 1 -13 3 -6 -1 -2 0 -1 -4 1 -4 1 -5 6 -5 8 -4 8 -10 ],2025-05-07_20-02-52-325
CSI_DATA,PASSIVE,5C:E9:31:E8:F4:66,-77,11,0,0,0,0,0,0,0,0,0,-96,0,11,0,1992385148,0,80,0,0,1992.59,128,[80 0 5 0 8 14 12 15 9 16 10 16 13 15 13 19 16 17 14 19 16 20 15 18 19 18 18 18 14 18 15 13 11 13 9 11 10 12 6 7 5 7 3 3 3 2 -1 1 -2 0 -3 -4 -9 -5 0 0 0 0 0 0 0 0 0 0 0 0 0 0 0 0 0 0 0 0 0 0 -14 -31 -15 -29 -16 -30 -18 -31 -16 -32 -19 -33 -19 -32 -18 -31 -18 -32 -16 -30 -13 -26 -15 -26 -11 -23 -8 -21 -6 -19 -8 -17 -4 -9 -2 -5 0 -7 0 -5 4 -2 4 -1 1 4 2 6 8 8 4 9 ],2025-05-07_20-02-52-331
CSI_DATA,PASSIVE,5C:E9:31:E8:F4:66,-76,11,0,0,0,0,0,0,0,0,0,-96,0,11,0,1992385297,0,217,0,0,1992.6,128,[-39 -112 13 0 13 10 12 10 13 11 14 11 15 12 16 11 16 14 17 9 16 11 19 10 20 11 17 8 17 9 16 6 16 9 17 8 14 3 9 5 7 3 6 6 2 2 3 1 -2 0 -6 -1 -8 -2 0 0 0 0 0 0 0 0 0 0 0 0 0 0 0 0 0 0 0 0 0 0 -16 -24 -17 -24 -15 -26 -19 -26 -20 -28 -20 -26 -20 -28 -17 -26 -20 -24 -18 -25 -15 -26 -15 -21 -14 -19 -9 -18 -10 -16 -8 -12 -7 -10 -3 -9 -2 -5 0 -3 1 -5 4 -2 2 0 5 3 5 5 4 5 ],2025-05-07_20-02-52-336
CSI_DATA,PASSIVE,5C:E9:31:E8:F4:66,-77,11,0,0,0,0,0,0,0,0,0,-96,0,11,0,1992486201,0,190,0,0,1992.65,128,[-66 -32 11 0 -13 -11 -11 -13 -10 -13 -12 -15 -16 -17 -19 -18 -16 -16 -19 -16 -17 -19 -21 -17 -19 -19 -20 -17 -20 -17 -18 -17 -17 -14 -16 -12 -12 -13 -10 -8 -8 -10 -8 -9 -2 -5 -1 -2 5 -1 6 2 6 0 0 0 0 0 0 0 0 0 0 0 0 0 0 0 0 0 0 0 0 0 0 0 20 24 19 25 24 26 21 26 22 27 20 23 25 27 21 24 20 26 20 23 15 23 15 21 17 19 9 17 9 13 6 12 6 9 3 5 2 8 1 2 0 4 1 -1 -3 -5 -8 -6 -9 -6 -8 -9 ],2025-05-07_20-02-52-390
CSI_DATA,PASSIVE,5C:E9:31:E8:F4:66,-78,11,0,0,0,0,0,0,0,0,0,-96,0,11,0,1992486498,0,210,0,0,1992.66,128,[-46 32 13 0 -13 8 -15 9 -18 9 -17 8 -21 12 -22 11 -21 9 -22 12 -23 13 -20 16 -22 14 -19 14 -19 14 -20 17 -18 13 -17 15 -11 9 -13 11 -9 5 -7 5 -8 0 -3 1 -1 -1 3 -3 3 -6 0 0 0 0 0 0 0 0 0 0 0 0 0 0 0 0 0 0 0 0 0 0 28 -12 26 -15 30 -16 29 -18 33 -16 33 -19 32 -19 31 -18 30 -17 30 -17 28 -13 22 -10 25 -10 20 -8 13 -8 15 -3 12 -2 8 -2 6 0 4 -1 2 0 -5 4 -5 3 -3 4 -8 5 -8 3 ],2025-05-07_20-02-52-396
CSI_DATA,PASSIVE,5C:E9:31:E8:F4:66,-78,11,0,0,0,0,0,0,0,0,0,-96,0,11,0,1992486819,0,128,0,0,1992.66,128,[-128 0 8 0 14 -1 17 -4 18 -9 15 -8 23 -8 20 -8 19 -10 27 -12 19 -9 23 -13 25 -12 22 -14 19 -13 19 -9 18 -13 15 -10 13 -10 14 -10 8 -5 9 -4 6 -2 1 2 -1 3 -2 3 -2 10 0 0 0 0 0 0 0 0 0 0 0 0 0 0 0 0 0 0 0 0 0 0 -30 5 -30 7 -33 4 -31 7 -33 10 -33 7 -37 5 -35 8 -37 7 -34 4 -34 7 -29 6 -25 6 -23 4 -17 0 -17 0 -13 -4 -7 -2 -8 -2 -5 -2 -1 1 -4 -2 0 -5 6 -6 9 1 11 -4 ],2025-05-07_20-02-52-401
CSI_DATA,PASSIVE,5C:E9:31:E8:F4:66,-77,11,0,0,0,0,0,0,0,0,0,-96,0,11,0,1992487032,0,94,0,0,1992.67,128,[94 -32 5 0 13 11 12 13 13 13 16 13 18 16 17 16 15 16 15 13 19 16 21 13 19 13 23 18 20 20 17 9 16 9 14 13 11 8 12 10 8 8 3 5 1 8 3 0 -5 1 -8 -3 -7 0 0 0 0 0 0 0 0 0 0 0 0 0 0 0 0 0 0 0 0 0 0 0 -21 -21 -23 -23 -27 -26 -23 -23 -26 -25 -27 -26 -29 -25 -26 -24 -24 -26 -22 -24 -24 -22 -19 -19 -19 -17 -17 -18 -11 -13 -13 -13 -5 -10 -5 -9 -6 -7 -4 2 -1 1 0 -1 1 1 1 3 6 3 4 4 ],2025-05-07_20-02-52-406
CSI_DATA,PASSIVE,5C:E9:31:E8:F4:66,-77,11,0,0,0,0,0,0,0,0,0,-96,0,11,0,1992487201,0,158,0,0,1992.67,128,[-98 -32 9 0 -9 11 -14 12 -12 11 -16 15 -16 16 -15 17 -13 13 -11 20 -21 19 -19 22 -14 17 -16 19 -16 17 -15 19 -16 16 -11 16 -9 9 -11 11 -7 9 -5 7 -7 0 0 1 -1 -4 -2 -7 0 -8 0 0 0 0 0 0 0 0 0 0 0 0 0 0 0 0 0 0 0 0 0 0 21 -22 24 -25 23 -27 23 -24 19 -26 23 -27 23 -27 24 -29 20 -24 20 -25 23 -24 20 -22 21 -17 18 -16 14 -17 12 -8 7 -6 7 -2 7 -3 0 -1 0 -1 1 0 0 1 -8 3 -6 1 -3 5 ],2025-05-07_20-02-52-412
CSI_DATA,PASSIVE,5C:E9:31:E8:F4:66,-77,11,0,0,0,0,0,0,0,0,0,-96,0,11,0,1992487454,0,94,0,0,1992.68,128,[94 -32 5 0 10 5 18 11 12 11 20 10 17 11 21 10 20 11 23 14 23 11 22 9 24 10 24 9 23 7 20 7 20 6 15 4 14 5 11 6 5 7 3 3 2 2 3 3 -1 4 -5 2 -11 -3 0 0 0 0 0 0 0 0 0 0 0 0 0 0 0 0 0 0 0 0 0 0 -25 -20 -26 -22 -28 -23 -28 -21 -30 -23 -31 -22 -29 -23 -30 -23 -27 -19 -29 -17 -24 -17 -25 -17 -19 -14 -20 -15 -15 -13 -12 -12 -8 -11 -5 -4 -10 -2 -2 0 -3 1 4 -2 3 3 4 0 8 5 8 6 ],2025-05-07_20-02-52-417
CSI_DATA,PASSIVE,5C:E9:31:E8:F4:66,-78,11,0,0,0,0,0,0,0,0,0,-96,0,11,0,1992487623,0,124,0,0,1992.69,128,[124 -64 7 0 -10 12 -12 13 -12 17 -15 17 -14 16 -11 17 -12 18 -13 21 -14 23 -14 21 -12 21 -12 23 -10 24 -12 25 -10 17 -11 16 -4 14 -7 12 -4 9 -4 6 -2 7 -5 -1 -1 -2 -2 -7 -3 -9 0 0 0 0 0 0 0 0 0 0 0 0 0 0 0 0 0 0 0 0 0 0 23 -21 24 -22 22 -21 23 -22 26 -25 26 -25 24 -26 23 -28 22 -25 21 -24 21 -19 21 -19 20 -16 17 -17 13 -13 13 -10 11 -8 7 -5 6 -2 0 1 0 -1 1 3 -5 2 -4 5 -3 5 -7 5 ],2025-05-07_20-02-52-423
CSI_DATA,PASSIVE,5C:E9:31:E8:F4:66,-77,11,0,0,0,0,0,0,0,0,0,-96,0,11,0,1992487832,0,128,0,0,1992.69,128,[-128 0 8 0 9 13 9 15 9 14 10 15 13 17 16 17 16 17 17 17 18 19 15 16 20 18 20 18 19 19 17 13 13 12 11 12 12 12 8 10 9 6 4 6 -1 4 0 3 -3 0 -8 -3 -8 -3 0 0 0 0 0 0 0 0 0 0 0 0 0 0 0 0 0 0 0 0 0 0 -17 -25 -23 -25 -19 -28 -21 -27 -22 -27 -23 -27 -24 -29 -23 -26 -24 -25 -20 -27 -16 -26 -19 -24 -18 -20 -11 -20 -8 -17 -8 -15 -6 -11 -4 -9 -6 -5 -3 -6 -2 -4 1 0 5 2 2 3 4 6 5 6 ],2025-05-07_20-02-52-428
CSI_DATA,PASSIVE,5C:E9:31:E8:F4:66,-77,11,0,0,0,0,0,0,0,0,0,-96,0,11,0,1992488045,0,392,0,0,1992.7,128,[-120 -127 24 0 -9 12 -11 11 -14 18 -14 17 -16 17 -14 18 -13 20 -16 19 -15 20 -15 20 -13 17 -13 24 -12 22 -11 18 -12 17 -11 15 -8 15 -8 11 -9 9 -6 7 -4 2 -3 -3 -1 -2 -3 -3 0 -8 0 0 0 0 0 0 0 0 0 0 0 0 0 0 0 0 0 0 0 0 0 0 22 -22 21 -23 24 -25 24 -23 22 -27 23 -28 24 -27 22 -26 23 -25 23 -26 18 -22 18 -20 21 -16 17 -15 16 -9 12 -10 9 -9 5 -5 2 0 3 -1 3 3 -2 3 -3 3 -4 5 -5 10 -5 9 ],2025-05-07_20-02-52-434
CSI_DATA,PASSIVE,5C:E9:31:E8:F4:66,-78,11,0,0,0,0,0,0,0,0,0,-96,0,11,0,1992488610,0,108,0,0,1992.7,128,[108 -64 6 0 -9 -14 -7 -14 -11 -17 -13 -18 -11 -17 -11 -20 -14 -18 -14 -20 -16 -20 -18 -20 -17 -19 -18 -19 -18 -19 -17 -17 -14 -14 -11 -15 -9 -14 -11 -12 -5 -9 -4 -10 0 -4 -1 -1 4 -2 7 0 9 2 0 0 0 0 0 0 0 0 0 0 0 0 0 0 0 0 0 0 0 0 0 0 17 29 13 29 16 27 16 31 18 33 16 32 18 31 16 30 13 30 20 28 16 27 15 25 13 23 8 20 7 17 7 12 2 6 3 8 0 4 1 -1 0 0 2 0 -2 -4 -5 -6 -4 -4 -6 -9 ],2025-05-07_20-02-52-439
CSI_DATA,PASSIVE,5C:E9:31:E8:E9:4E,-85,11,0,0,0,0,0,0,0,0,0,-96,0,11,0,1992535760,0,128,0,0,1992.71,128,[-128 0 8 0 7 -14 6 -3 7 1 -2 6 10 7 7 2 -4 6 8 6 11 13 8 16 11 18 8 19 10 23 16 15 9 26 8 29 2 21 10 18 3 28 1 20 -4 23 -2 18 -10 12 -7 15 -15 14 0 0 0 0 0 0 0 0 0 0 0 0 0 0 0 0 0 0 0 0 0 0 2 9 -8 13 -2 10 2 6 2 -1 15 10 8 2 18 11 17 7 18 -2 30 -1 27 1 35 1 25 -1 33 -10 33 -7 25 -18 20 -1 29 -23 22 -13 15 -16 24 -22 21 -7 10 -15 8 -18 16 -22 ],2025-05-07_20-02-52-445
CSI_DATA,PASSIVE,5C:E9:31:E8:E9:4E,-84,11,0,0,0,0,0,0,0,0,0,-96,0,11,0,1992558398,0,94,0,0,1992.73,128,[94 -32 5 0 -13 3 -5 7 -7 -6 3 -5 -1 -4 -8 -7 -4 -15 -8 -7 -7 -20 -3 -18 -2 -24 -11 -21 -5 -26 -10 -26 -6 -31 -3 -29 2 -24 -1 -21 11 -18 12 -19 12 -16 15 -11 14 -6 16 -5 18 -7 0 0 0 0 0 0 0 0 0 0 0 0 0 0 0 0 0 0 0 0 0 0 2 -12 1 -10 -1 -11 -8 -8 -14 -12 -13 -3 -18 -1 -16 2 -21 -11 -17 -2 -19 -5 -27 5 -24 11 -34 11 -23 16 -32 7 -31 11 -31 18 -23 14 -31 22 -29 14 -17 12 -24 24 -16 15 -12 21 -13 14 ],2025-05-07_20-02-52-462
CSI_DATA,PASSIVE,5C:E9:31:E8:F4:66,-77,11,0,0,0,0,0,0,0,0,0,-96,0,11,0,1992588501,0,402,0,0,1992.76,128,[-110 33 25 0 -10 -10 -11 -11 -13 -14 -14 -13 -12 -11 -16 -14 -13 -17 -18 -13 -18 -16 -18 -13 -21 -16 -18 -13 -19 -14 -18 -12 -18 -13 -16 -12 -14 -9 -10 -8 -6 -9 -5 -7 -1 -3 1 -4 4 -4 5 0 6 0 0 0 0 0 0 0 0 0 0 0 0 0 0 0 0 0 0 0 0 0 0 0 16 25 15 26 17 27 17 27 19 28 18 27 21 26 20 28 22 29 17 23 15 23 14 19 15 21 11 18 8 14 8 17 6 11 5 6 5 4 1 4 1 4 -4 1 -2 -4 -4 -4 -5 -3 -8 -9 ],2025-05-07_20-02-52-493
CSI_DATA,PASSIVE,5C:E9:31:E8:F4:66,-78,11,0,0,0,0,0,0,0,0,0,-96,0,11,0,1992589078,0,98,0,0,1992.76,128,[98 32 6 0 -6 19 -3 16 -4 19 -3 18 -5 21 -5 21 -4 23 0 23 0 27 -1 25 -2 23 0 26 -1 23 -3 25 1 21 0 19 -1 18 -2 15 -3 11 -5 9 -5 7 -5 0 -2 -4 -4 -4 -8 -8 0 0 0 0 0 0 0 0 0 0 0 0 0 0 0 0 0 0 0 0 0 0 10 -32 11 -31 12 -35 12 -37 9 -37 11 -38 9 -41 11 -42 5 -40 12 -38 9 -34 8 -31 6 -28 8 -27 7 -21 7 -16 3 -14 5 -12 2 -8 3 -4 3 0 0 3 -1 2 1 6 -5 8 -2 9 ],2025-05-07_20-02-52-497
CSI_DATA,PASSIVE,5C:E9:31:E8:F4:66,-78,11,0,0,0,0,0,0,0,0,0,-96,0,11,0,1992589251,0,98,0,0,1992.77,128,[98 32 6 0 15 1 15 -3 16 -5 15 -7 19 -6 23 -4 21 -7 20 -10 27 -9 20 -9 18 -10 18 -12 18 -13 20 -10 15 -9 14 -8 16 -14 12 -5 10 -5 6 -3 3 -1 1 5 0 1 -2 5 -6 8 0 0 0 0 0 0 0 0 0 0 0 0 0 0 0 0 0 0 0 0 0 0 -32 -6 -31 -8 -33 -7 -32 -7 -37 -8 -35 -4 -35 -6 -36 -5 -33 -2 -34 -1 -30 -1 -26 0 -32 -3 -23 -6 -20 -6 -16 -6 -10 -3 -10 0 -9 -3 -5 0 -6 -7 -4 -5 2 -3 2 -2 7 -2 5 1 ],2025-05-07_20-02-52-503
CSI_DATA,PASSIVE,5C:E9:31:E8:F4:66,-78,11,0,0,0,0,0,0,0,0,0,-96,0,11,0,1992589424,0,128,0,0,1992.77,128,[-128 0 8 0 -9 -12 -15 -10 -14 -13 -15 -12 -15 -15 -15 -15 -16 -15 -15 -17 -17 -17 -19 -12 -18 -15 -18 -13 -20 -12 -21 -14 -19 -10 -13 -11 -12 -9 -12 -7 -7 -9 -5 -7 -3 -4 -3 -3 7 0 6 -2 7 -1 0 0 0 0 0 0 0 0 0 0 0 0 0 0 0 0 0 0 0 0 0 0 12 26 11 30 13 29 11 28 13 30 17 30 16 30 14 32 17 32 16 26 12 28 17 25 12 23 7 16 8 18 5 14 4 14 3 6 5 6 -1 3 1 5 -2 2 0 -1 -3 -1 -8 -5 -7 -8 ],2025-05-07_20-02-52-509
CSI_DATA,PASSIVE,5C:E9:31:E8:F4:66,-78,11,0,0,0,0,0,0,0,0,0,-96,0,11,0,1992589637,0,94,0,0,1992.78,128,[94 -32 5 0 9 -12 15 -12 12 -14 17 -14 17 -18 16 -21 16 -19 18 -20 14 -23 14 -22 13 -24 13 -23 13 -20 11 -23 13 -18 12 -20 11 -13 6 -12 9 -9 8 -10 4 -4 3 2 2 5 1 6 1 7 0 0 0 0 0 0 0 0 0 0 0 0 0 0 0 0 0 0 0 0 0 0 -31 20 -29 17 -31 21 -31 20 -32 21 -32 23 -34 23 -36 20 -32 24 -32 23 -27 20 -22 16 -23 18 -21 15 -19 7 -14 6 -14 9 -13 7 -7 4 -4 4 -4 -3 -2 1 -3 -4 3 -7 2 -4 6 -7 ],2025-05-07_20-02-52-515
CSI_DATA,PASSIVE,5C:E9:31:E8:F4:66,-78,11,0,0,0,0,0,0,0,0,0,-96,0,11,0,1992589806,0,126,0,0,1992.78,128,[126 -32 7 0 15 7 17 8 13 9 18 7 17 8 17 8 21 5 21 8 20 7 26 6 25 6 24 4 24 3 18 3 21 3 16 0 17 4 10 1 9 2 8 2 3 4 1 1 -5 1 -6 0 -9 1 0 0 0 0 0 0 0 0 0 0 0 0 0 0 0 0 0 0 0 0 0 0 -21 -22 -23 -23 -23 -24 -21 -27 -23 -21 -27 -27 -27 -22 -28 -24 -26 -24 -24 -24 -22 -22 -21 -19 -17 -15 -17 -19 -10 -12 -12 -15 -10 -13 -5 -8 -3 -8 -2 -6 -3 -3 -1 -3 0 0 2 1 7 2 9 10 ],2025-05-07_20-02-52-520
CSI_DATA,PASSIVE,5C:E9:31:E8:F4:66,-78,11,0,0,0,0,0,0,0,0,0,-96,0,11,0,1992590015,0,146,0,0,1992.79,128,[-110 32 9 0 9 -10 6 -11 7 -16 8 -16 10 -19 11 -20 9 -23 9 -22 8 -23 7 -23 10 -24 8 -22 7 -21 6 -22 6 -20 7 -18 3 -18 4 -12 4 -12 1 -9 2 -4 3 1 3 1 3 4 1 8 0 0 0 0 0 0 0 0 0 0 0 0 0 0 0 0 0 0 0 0 0 0 -25 21 -26 23 -25 19 -25 25 -26 23 -26 23 -27 26 -29 21 -21 25 -21 24 -23 23 -21 19 -19 18 -18 13 -16 11 -13 10 -8 7 -7 5 -5 6 -3 4 -2 -2 -3 -1 -2 -1 -4 -6 2 -6 4 -6 ],2025-05-07_20-02-52-525
CSI_DATA,PASSIVE,5C:E9:31:E8:F4:66,-77,11,0,0,0,0,0,0,0,0,0,-96,0,11,0,1992590252,0,94,0,0,1992.79,128,[94 -32 5 0 4 -15 3 -16 1 -17 5 -19 6 -20 6 -22 2 -21 4 -23 3 -23 1 -24 2 -24 2 -24 1 -25 -2 -22 4 -22 3 -21 5 -15 4 -12 5 -13 3 -11 3 -8 1 0 2 1 3 4 2 5 0 0 0 0 0 0 0 0 0 0 0 0 0 0 0 0 0 0 0 0 0 0 -14 26 -14 26 -16 30 -15 31 -17 30 -15 31 -17 32 -16 33 -12 29 -13 28 -12 26 -13 26 -12 23 -10 22 -8 17 -11 15 -4 12 -7 8 -4 6 -4 3 -4 -1 -1 -2 0 -3 -3 -5 0 -7 0 -7 ],2025-05-07_20-02-52-531
CSI_DATA,PASSIVE,5C:E9:31:E8:F4:66,-77,11,0,0,0,0,0,0,0,0,0,-96,0,11,0,1992590421,0,108,0,0,1992.8,128,[108 -64 6 0 17 2 15 6 17 7 19 7 21 4 22 11 24 5 24 4 26 7 28 5 30 4 26 3 25 2 29 3 21 2 21 3 19 1 15 5 15 2 7 1 5 5 1 3 -3 4 -6 -1 -7 2 0 0 0 0 0 0 0 0 0 0 0 0 0 0 0 0 0 0 0 0 0 0 -33 -16 -31 -19 -33 -18 -31 -18 -34 -17 -38 -18 -39 -14 -36 -15 -36 -19 -33 -16 -32 -14 -30 -17 -27 -12 -24 -13 -18 -13 -17 -7 -14 -6 -8 -8 -9 -4 -7 -6 -4 -4 -2 -3 2 -2 4 2 8 4 7 3 ],2025-05-07_20-02-52-535
CSI_DATA,PASSIVE,5C:E9:31:E8:F4:66,-78,11,0,0,0,0,0,0,0,0,0,-96,0,11,0,1992690692,0,113,0,0,1992.86,128,[113 16 7 0 12 8 11 7 13 8 17 13 15 13 14 6 16 10 17 13 20 9 17 12 23 10 18 8 22 5 17 6 17 5 15 6 12 7 7 6 3 3 2 5 4 5 -2 2 -3 1 -6 3 -8 2 0 0 0 0 0 0 0 0 0 0 0 0 0 0 0 0 0 0 0 0 0 0 -20 -24 -18 -26 -24 -27 -20 -25 -22 -31 -25 -26 -23 -28 -26 -26 -20 -25 -20 -23 -21 -25 -18 -22 -20 -22 -15 -19 -14 -17 -15 -14 -9 -12 -5 -10 -6 -7 -4 -10 -1 -4 1 -3 2 3 -1 -2 3 -1 9 4 ],2025-05-07_20-02-52-594
CSI_DATA,PASSIVE,5C:E9:31:E8:F4:66,-78,11,0,0,0,0,0,0,0,0,0,-96,0,11,0,1992690885,0,276,0,0,1992.86,128,[20 65 17 0 13 7 11 1 15 5 17 9 17 8 25 9 24 9 21 6 26 5 26 5 20 7 28 5 21 6 21 6 16 5 18 3 15 1 11 -1 8 2 2 3 4 1 1 4 -5 4 -9 1 -9 4 0 0 0 0 0 0 0 0 0 0 0 0 0 0 0 0 0 0 0 0 0 0 -31 -13 -33 -12 -32 -13 -35 -13 -33 -14 -35 -14 -40 -11 -36 -14 -40 -14 -36 -9 -35 -11 -29 -16 -28 -17 -23 -9 -21 -8 -17 -11 -12 -7 -13 -3 -8 -3 -5 -4 -4 -5 -4 -2 -1 -2 0 -4 5 3 7 1 ],2025-05-07_20-02-52-599
CSI_DATA,PASSIVE,5C:E9:31:E8:F4:66,-78,11,0,0,0,0,0,0,0,0,0,-96,0,11,0,1992691294,0,348,0,0,1992.87,128,[92 -63 21 0 -13 -5 -16 -6 -17 -4 -18 -15 -24 -8 -19 -12 -23 -12 -26 -5 -21 -7 -21 -3 -26 -6 -25 -4 -24 -9 -27 -7 -23 -3 -18 -2 -12 1 -8 -4 -11 -5 -8 -5 -3 -4 -1 -6 4 -8 11 -7 9 -8 0 0 0 0 0 0 0 0 0 0 0 0 0 0 0 0 0 0 0 0 0 0 30 23 27 20 27 25 30 23 29 21 32 21 34 27 32 24 27 24 31 19 29 19 27 19 27 19 18 16 17 15 16 12 11 9 4 8 7 8 7 6 0 4 -1 2 0 2 -6 2 -7 -1 -8 -7 ],2025-05-07_20-02-52-605
CSI_DATA,PASSIVE,5C:E9:31:E8:F4:66,-78,11,0,0,0,0,0,0,0,0,0,-96,0,11,0,1992691799,0,328,0,0,1992.87,128,[72 -127 20 0 13 -2 15 -5 12 -8 22 -6 17 -5 15 -11 21 -9 18 -13 19 -11 16 -14 15 -12 14 -14 16 -12 17 -14 10 -11 13 -9 6 -6 6 -6 3 -6 5 -4 2 -2 2 3 0 8 -3 10 -5 9 0 0 0 0 0 0 0 0 0 0 0 0 0 0 0 0 0 0 0 0 0 0 -30 3 -29 4 -36 6 -31 7 -37 6 -37 8 -40 3 -34 8 -36 6 -31 4 -30 9 -27 0 -29 4 -22 2 -20 2 -19 -1 -14 6 -11 1 -9 -4 -11 -2 -5 0 -4 -4 -1 -2 3 -6 2 -4 4 -3 ],2025-05-07_20-02-52-610
CSI_DATA,PASSIVE,5C:E9:31:E8:F4:66,-78,11,0,0,0,0,0,0,0,0,0,-96,0,11,0,1992692280,0,94,0,0,1992.88,128,[94 -32 5 0 -5 -15 -5 -13 -3 -19 -5 -23 -6 -22 -6 -21 -5 -26 -7 -25 -7 -22 -10 -26 -10 -22 -12 -22 -9 -23 -11 -22 -8 -18 -10 -15 -7 -16 -5 -9 -4 -7 0 -6 1 -6 3 -1 3 1 8 5 7 3 0 0 0 0 0 0 0 0 0 0 0 0 0 0 0 0 0 0 0 0 0 0 -1 36 -2 33 -2 40 -2 37 0 39 0 43 1 38 3 42 1 36 2 38 1 35 2 31 -2 29 -2 26 -1 21 -5 18 0 18 -6 14 1 10 -2 6 -2 3 0 2 -5 -1 -4 -7 -4 -7 -5 -7 ],2025-05-07_20-02-52-615
CSI_DATA,PASSIVE,5C:E9:31:E8:F4:66,-78,11,0,0,0,0,0,0,0,0,0,-96,0,11,0,1992692449,0,94,0,0,1992.88,128,[94 -32 5 0 11 0 14 -5 12 -6 14 -6 20 -3 20 -3 18 -7 22 -7 20 -9 20 -11 20 -11 20 -10 16 -9 17 -7 14 -9 12 -9 11 -7 11 -4 7 -3 4 -1 2 0 1 4 0 2 -4 7 -5 5 0 0 0 0 0 0 0 0 0 0 0 0 0 0 0 0 0 0 0 0 0 0 -29 1 -31 6 -36 5 -33 4 -36 6 -36 7 -39 4 -35 7 -34 7 -32 7 -36 6 -28 4 -25 0 -24 1 -19 1 -18 1 -19 0 -10 0 -9 -4 -5 -3 -4 -1 -2 -4 1 -2 4 -5 3 -5 8 -5 ],2025-05-07_20-02-52-621
CSI_DATA,PASSIVE,5C:E9:31:E8:F4:66,-78,11,0,0,0,0,0,0,0,0,0,-96,0,11,0,1992692617,0,130,0,0,1992.89,128,[-126 32 8 0 4 8 9 14 7 14 8 17 8 14 10 15 13 16 13 18 9 18 11 12 14 17 14 15 11 17 14 13 10 11 9 14 7 9 5 8 3 7 4 6 0 3 -3 0 -4 1 -10 -2 -8 -2 0 0 0 0 0 0 0 0 0 0 0 0 0 0 0 0 0 0 0 0 0 0 -8 -32 -7 -35 -8 -34 -10 -34 -9 -32 -11 -33 -12 -34 -11 -33 -13 -31 -13 -32 -9 -30 -9 -25 -8 -27 -6 -22 -4 -19 -4 -16 -2 -14 -1 -11 0 -6 -1 -6 -1 -5 1 -2 -2 -1 2 2 4 2 5 5 ],2025-05-07_20-02-52-626
CSI_DATA,PASSIVE,5C:E9:31:E8:F4:66,-78,11,0,0,0,0,0,0,0,0,0,-96,0,11,0,1992692834,0,94,0,0,1992.89,128,[94 -32 5 0 8 -12 10 -16 16 -14 15 -11 13 -12 17 -17 17 -19 17 -17 15 -17 13 -16 15 -22 12 -22 13 -19 11 -17 11 -18 11 -14 7 -14 8 -10 3 -9 5 -5 2 -1 0 5 4 4 -1 5 -1 9 0 0 0 0 0 0 0 0 0 0 0 0 0 0 0 0 0 0 0 0 0 0 -29 16 -31 18 -30 17 -32 19 -32 21 -34 21 -33 23 -31 24 -33 19 -30 21 -29 20 -30 17 -27 17 -23 14 -21 8 -16 7 -11 5 -13 7 -7 0 -6 3 -6 0 -2 -2 -2 -7 3 -5 0 -6 3 -7 ],2025-05-07_20-02-52-632
CSI_DATA,PASSIVE,5C:E9:31:E8:E9:4E,-85,11,0,0,0,0,0,0,0,0,0,-96,0,11,0,1992710351,0,124,0,0,1992.9,128,[124 -64 7 0 2 9 1 1 -1 7 -9 1 -8 6 -14 7 -5 4 -18 1 -23 6 -22 1 -15 -3 -20 1 -17 4 -23 -1 -24 -3 -21 -3 -21 1 -22 -5 -19 -7 -22 -14 -13 -5 -7 -13 -12 -7 -9 -9 -9 -20 0 0 0 0 0 0 0 0 0 0 0 0 0 0 0 0 0 0 0 0 0 0 -9 2 -13 -10 -9 0 -11 1 -6 5 -15 5 -16 13 -8 4 -11 9 -12 15 -13 15 -5 12 -7 19 -8 22 -2 19 3 23 6 26 -1 26 14 21 2 28 10 22 10 16 6 25 1 17 13 22 10 20 ],2025-05-07_20-02-52-637
CSI_DATA,PASSIVE,5C:E9:31:E8:E9:4E,-85,11,0,0,0,0,0,0,0,0,0,-96,0,11,0,1992749763,0,98,0,0,1992.92,128,[98 32 6 0 6 4 1 4 -1 9 -3 4 -10 7 -9 14 -11 16 -14 14 -5 19 -10 19 -13 23 -17 21 -11 16 -20 25 -21 19 -16 17 -23 19 -20 10 -23 11 -27 9 -20 0 -15 -1 -19 2 -17 -6 -19 -7 0 0 0 0 0 0 0 0 0 0 0 0 0 0 0 0 0 0 0 0 0 0 -15 -5 -5 -1 -9 8 -3 7 1 4 -4 6 -1 14 3 16 5 18 6 16 14 15 12 18 25 17 23 14 21 21 16 14 20 14 32 9 29 12 26 12 28 9 27 -2 28 3 16 4 26 5 18 3 ],2025-05-07_20-02-52-653
CSI_DATA,PASSIVE,5C:E9:31:E8:E9:4E,-84,11,0,0,0,0,0,0,0,0,0,-96,0,11,0,1992774017,0,98,0,0,1992.94,128,[98 32 6 0 6 6 3 9 4 2 -7 -2 -12 6 -3 4 -13 8 -9 10 -18 11 -20 9 -18 1 -22 5 -28 5 -22 9 -20 15 -28 6 -28 2 -22 3 -20 3 -14 -2 -21 -1 -18 -8 -16 -6 -13 -13 -5 -11 0 0 0 0 0 0 0 0 0 0 0 0 0 0 0 0 0 0 0 0 0 0 -9 -5 -7 -2 -10 -3 -10 2 -5 0 -4 2 -9 7 -9 8 -6 10 -3 14 -1 12 3 22 1 22 6 17 10 22 11 19 10 21 12 19 13 18 12 22 12 18 17 17 13 16 19 12 15 4 8 12 ],2025-05-07_20-02-52-677
CSI_DATA,PASSIVE,5C:E9:31:E8:F4:66,-78,11,0,0,0,0,0,0,0,0,0,-96,0,11,0,1992793191,0,94,0,0,1992.96,128,[94 -32 5 0 11 -9 12 -8 12 -12 15 -9 15 -9 17 -15 21 -12 19 -15 16 -15 18 -16 19 -17 16 -15 13 -15 14 -14 15 -14 13 -15 8 -11 7 -11 7 -8 8 -7 3 -3 0 2 -1 2 -2 4 -3 6 0 0 0 0 0 0 0 0 0 0 0 0 0 0 0 0 0 0 0 0 0 0 -24 15 -26 19 -27 17 -28 19 -29 20 -27 25 -31 22 -27 20 -24 20 -27 19 -27 19 -26 16 -22 12 -21 11 -20 10 -15 9 -13 7 -10 4 -9 3 -4 -1 -2 -1 1 0 -1 -3 1 -5 5 -1 3 -8 ],2025-05-07_20-02-52-697
CSI_DATA,PASSIVE,5C:E9:31:E8:F4:66,-77,11,0,0,0,0,0,0,0,0,0,-96,0,11,0,1992793360,0,124,0,0,1992.97,128,[124 -64 7 0 8 7 9 11 11 9 11 12 12 10 12 13 20 15 20 12 14 16 17 13 18 15 16 15 17 14 17 11 12 11 15 10 9 10 9 5 6 5 6 5 3 4 2 3 -4 -2 -7 -1 -9 -5 0 0 0 0 0 0 0 0 0 0 0 0 0 0 0 0 0 0 0 0 0 0 -20 -25 -21 -24 -21 -24 -24 -25 -24 -26 -24 -29 -25 -28 -25 -28 -24 -27 -20 -26 -20 -24 -20 -21 -20 -20 -14 -23 -10 -17 -9 -17 -10 -12 -5 -8 -3 -7 -1 -2 0 -3 1 -4 1 0 4 3 7 6 2 5 ],2025-05-07_20-02-52-702
CSI_DATA,PASSIVE,5C:E9:31:E8:F4:66,-77,11,0,0,0,0,0,0,0,0,0,-96,0,11,0,1992793569,0,108,0,0,1992.97,128,[108 -64 6 0 11 -7 10 -8 13 -9 16 -10 11 -13 14 -7 10 -18 12 -9 10 -6 10 -9 16 -13 15 -6 12 -13 6 -9 10 -13 4 -16 13 -13 5 -18 12 -2 0 -5 5 -1 0 6 3 4 -6 7 -5 6 0 0 0 0 0 0 0 0 0 0 0 0 0 0 0 0 0 0 0 0 0 0 -21 10 -24 7 -26 15 -27 15 -23 18 -27 20 -28 18 -32 15 -27 17 -25 19 -24 24 -23 22 -12 9 -16 13 -27 5 -11 15 -5 16 -17 0 -6 -10 -4 7 4 -10 -8 5 -3 -3 3 -10 6 1 14 -9 ],2025-05-07_20-02-52-708
CSI_DATA,PASSIVE,5C:E9:31:E8:F4:66,-78,11,0,0,0,0,0,0,0,0,0,-96,0,11,0,1992793754,0,94,0,0,1992.98,128,[94 -32 5 0 10 -6 11 -4 14 -6 20 -7 16 -10 17 -13 22 -9 20 -8 20 -10 22 -10 18 -12 18 -13 17 -10 16 -8 15 -10 17 -11 9 -9 8 -11 9 -4 2 -5 4 0 3 -1 -3 3 -5 3 -6 3 0 0 0 0 0 0 0 0 0 0 0 0 0 0 0 0 0 0 0 0 0 0 -28 10 -31 7 -30 9 -35 9 -33 13 -37 14 -36 15 -36 11 -34 10 -30 13 -29 12 -27 5 -25 7 -26 4 -21 4 -20 1 -14 0 -8 2 -9 2 -8 4 -3 0 -6 -5 0 -2 5 -4 1 -1 8 -4 ],2025-05-07_20-02-52-713
CSI_DATA,PASSIVE,5C:E9:31:E8:F4:66,-78,11,0,0,0,0,0,0,0,0,0,-96,0,11,0,1992793923,0,94,0,0,1992.98,128,[94 -32 5 0 8 8 12 11 10 13 10 12 15 11 13 14 15 11 17 12 16 14 20 12 19 11 20 9 20 10 17 8 14 9 18 9 13 9 8 6 9 6 3 3 1 4 0 2 -6 -4 -7 1 -9 -2 0 0 0 0 0 0 0 0 0 0 0 0 0 0 0 0 0 0 0 0 0 0 -21 -25 -18 -25 -24 -27 -21 -26 -24 -28 -24 -25 -26 -28 -23 -25 -24 -24 -22 -25 -20 -25 -18 -25 -18 -24 -18 -18 -12 -15 -10 -13 -11 -11 -5 -9 -4 -7 -4 -6 1 -4 -2 1 2 -1 2 2 6 3 8 6 ],2025-05-07_20-02-52-719
CSI_DATA,PASSIVE,5C:E9:31:E8:F4:66,-78,11,0,0,0,0,0,0,0,0,0,-96,0,11,0,1992794092,0,94,0,0,1992.99,128,[94 -32 5 0 -9 11 -17 9 -13 12 -15 7 -21 12 -16 11 -17 18 -16 11 -17 17 -18 15 -15 11 -19 18 -17 13 -19 14 -15 9 -14 10 -9 8 -10 5 -8 9 -6 4 -7 2 -1 -2 2 -3 4 -7 1 -6 0 0 0 0 0 0 0 0 0 0 0 0 0 0 0 0 0 0 0 0 0 0 19 -21 16 -23 18 -25 17 -29 18 -30 21 -30 21 -32 19 -29 22 -30 17 -24 16 -25 18 -23 18 -21 13 -17 14 -16 12 -10 9 -8 7 -8 3 -7 -2 -5 -1 -4 0 -2 -4 2 -3 4 0 5 -4 2 ],2025-05-07_20-02-52-724
CSI_DATA,PASSIVE,5C:E9:31:E8:E9:4E,-84,11,0,0,0,0,0,0,0,0,0,-96,0,11,0,1992822508,0,205,0,0,1992.99,128,[-51 -48 12 0 1 -5 0 -14 -1 -2 7 7 0 4 11 14 11 -2 12 10 12 18 24 0 19 21 18 16 24 16 23 15 9 9 9 22 10 27 6 16 12 15 4 22 -5 22 -5 17 -5 18 -7 10 -13 16 0 0 0 0 0 0 0 0 0 0 0 0 0 0 0 0 0 0 0 0 0 0 11 9 5 7 2 8 14 1 10 0 0 -4 11 -11 8 -7 -3 -13 11 -15 2 -15 11 -18 3 -35 9 -26 -2 -22 3 -31 -6 -28 -4 -34 2 -23 -4 -34 -8 -26 -1 -24 -14 -31 -2 -21 -8 -15 -6 -16 ],2025-05-07_20-02-52-730
CSI_DATA,PASSIVE,5C:E9:31:E8:E9:4E,-84,11,0,0,0,0,0,0,0,0,0,-96,0,11,0,1992826861,0,126,0,0,1993,128,[126 -32 7 0 -8 -22 -1 -14 2 -1 -1 4 8 1 9 -7 9 -7 14 -7 17 -10 16 -15 30 -16 27 -11 15 -8 20 -15 26 -16 28 -12 17 -1 24 -10 24 -2 21 -4 18 -3 24 1 17 2 20 9 17 10 0 0 0 0 0 0 0 0 0 0 0 0 0 0 0 0 0 0 0 0 0 0 2 9 1 10 1 6 12 7 1 8 2 -4 7 -1 13 -9 13 -16 8 -11 12 -17 11 -16 11 -23 3 -30 2 -32 6 -30 -8 -27 0 -32 -5 -23 -13 -29 -11 -32 -9 -18 -9 -26 -13 -17 -21 -21 -12 -19 ],2025-05-07_20-02-52-735
CSI_DATA,PASSIVE,5C:E9:31:E8:E9:4E,-85,11,0,0,0,0,0,0,0,0,0,-96,0,11,0,1992827391,0,146,0,0,1993,128,[-110 32 9 0 -7 -3 11 0 -1 -3 -4 1 5 9 4 6 15 9 10 15 10 10 10 22 -1 12 18 26 -1 9 3 26 3 27 5 22 7 20 3 27 -4 21 -2 24 -3 22 -14 13 -13 13 -22 8 -19 5 0 0 0 0 0 0 0 0 0 0 0 0 0 0 0 0 0 0 0 0 0 0 10 7 4 4 8 2 11 1 4 -13 6 -5 5 -10 13 -9 2 -17 15 -15 10 -23 2 -23 5 -25 13 -27 7 -31 -2 -35 -5 -26 8 -27 5 -23 3 -26 -2 -37 4 -25 3 -31 2 -28 2 -20 -3 -14 ],2025-05-07_20-02-52-740
CSI_DATA,PASSIVE,5C:E9:31:E8:E9:4E,-84,11,0,0,0,0,0,0,0,0,0,-96,0,11,0,1992833499,0,276,0,0,1993.01,128,[20 65 17 0 2 -4 -3 -11 7 -11 10 -4 9 -15 4 -5 4 -10 19 0 21 -1 20 6 27 6 24 6 33 -8 25 -6 30 -3 26 14 37 9 21 4 20 5 17 16 16 15 8 19 14 10 -1 21 6 18 0 0 0 0 0 0 0 0 0 0 0 0 0 0 0 0 0 0 0 0 0 0 4 7 3 3 6 4 1 5 1 -1 11 -14 11 -11 19 -17 21 -5 4 -4 19 -29 18 -29 -1 -29 12 -34 -6 -30 1 -38 12 -39 2 -31 -2 -30 0 -26 -1 -36 -5 -24 -12 -19 -2 -11 -11 -20 -9 -10 ],2025-05-07_20-02-52-746
CSI_DATA,PASSIVE,5C:E9:31:E8:E9:4E,-84,11,0,0,0,0,0,0,0,0,0,-96,0,11,0,1992851578,0,158,0,0,1993.02,128,[-98 -32 9 0 13 0 12 4 8 0 3 8 4 5 -9 16 0 19 -9 17 -14 18 -17 19 -9 26 -18 25 -16 22 -18 18 -18 32 -18 26 -22 24 -22 22 -24 17 -22 15 -25 12 -20 2 -26 -4 -18 -5 -26 -11 0 0 0 0 0 0 0 0 0 0 0 0 0 0 0 0 0 0 0 0 0 0 -10 8 -10 -1 -5 6 -7 8 -1 2 -1 7 5 12 1 10 13 18 12 18 14 17 21 21 14 19 25 17 21 13 28 14 23 17 33 11 25 11 26 7 35 12 33 -1 22 0 27 4 21 -1 17 -6 ],2025-05-07_20-02-52-755
CSI_DATA,PASSIVE,5C:E9:31:E8:E9:4E,-85,11,0,0,0,0,0,0,0,0,0,-96,0,11,0,1992855400,0,130,0,0,1993.02,128,[-126 32 8 0 -10 -21 -2 -8 0 -1 2 2 2 -5 11 -3 10 -6 16 1 14 1 18 -4 20 -4 26 -4 26 -2 23 5 22 8 20 7 29 12 17 8 20 4 22 13 7 18 9 18 6 17 5 14 3 14 0 0 0 0 0 0 0 0 0 0 0 0 0 0 0 0 0 0 0 0 0 0 8 1 13 -3 -1 0 8 0 9 -7 12 -6 4 -11 13 -19 3 -17 12 -16 4 -21 6 -24 2 -28 4 -26 -2 -30 -3 -27 -7 -31 -4 -31 -5 -25 -15 -24 -14 -24 -20 -21 -16 -17 -17 -14 -6 -10 -5 -12 ],2025-05-07_20-02-52-760
CSI_DATA,PASSIVE,5C:E9:31:E8:E9:4E,-86,11,0,0,0,0,0,0,0,0,0,-96,0,11,0,1992879908,0,108,0,0,1993.05,128,[108 -64 6 0 11 -13 -2 -2 3 1 7 -2 1 4 -3 23 -8 16 -1 19 -4 26 -7 21 -14 28 -14 19 -5 23 -12 23 -17 20 -14 21 -19 23 -25 21 -17 14 -18 20 -18 8 -14 6 -18 0 -15 -4 -20 -7 0 0 0 0 0 0 0 0 0 0 0 0 0 0 0 0 0 0 0 0 0 0 -5 9 -5 11 -1 10 0 14 1 9 8 11 7 9 8 13 2 9 13 3 16 14 19 6 29 15 28 10 22 -2 25 3 23 -2 22 -8 24 -8 25 -9 24 -6 26 -10 27 -9 28 -12 22 -13 10 -10 ],2025-05-07_20-02-52-783
CSI_DATA,PASSIVE,5C:E9:31:E8:E9:4E,-86,11,0,0,0,0,0,0,0,0,0,-96,0,11,0,1992882868,0,128,0,0,1993.05,128,[-128 0 8 0 4 -9 3 -7 7 2 4 3 3 5 5 15 2 12 5 16 2 18 8 19 5 24 0 16 8 19 -1 28 -2 30 -3 30 -4 16 -10 22 -14 24 -13 19 -11 10 -12 21 -16 8 -18 1 -21 5 0 0 0 0 0 0 0 0 0 0 0 0 0 0 0 0 0 0 0 0 0 0 -4 11 -2 10 -3 12 0 12 5 7 -1 3 10 12 4 4 10 8 16 -2 14 -3 25 -2 22 -7 26 -7 23 -9 26 -12 28 -22 26 -20 34 -11 21 -17 17 -19 13 -22 20 -23 20 -18 17 -17 12 -19 ],2025-05-07_20-02-52-788
CSI_DATA,PASSIVE,5C:E9:31:E8:F4:66,-76,11,0,0,0,0,0,0,0,0,0,-96,0,11,0,1992896748,0,146,0,0,1993.06,128,[-110 32 9 0 4 -16 -9 -24 2 -24 5 -16 -8 -19 -12 -23 -8 -12 -1 -23 -8 -24 -7 -29 -8 -26 -5 -20 -11 -25 -11 -16 -6 -24 -5 -20 -3 -18 -8 -17 -3 -15 -1 -9 -2 -9 0 -1 1 -2 4 0 4 4 0 0 0 0 0 0 0 0 0 0 0 0 0 0 0 0 0 0 0 0 0 0 8 30 5 28 11 31 9 32 8 33 8 34 10 32 10 32 9 32 9 31 8 28 4 27 8 26 6 23 2 22 2 15 1 11 -2 6 5 6 -1 7 -1 3 3 5 1 -3 -8 -2 -2 3 -7 -4 ],2025-05-07_20-02-52-800
CSI_DATA,PASSIVE,5C:E9:31:E8:F4:66,-79,11,0,0,0,0,0,0,0,0,0,-96,0,11,0,1992896985,0,276,0,0,1993.07,128,[20 65 17 0 11 -48 12 -24 -16 -57 -1 -40 14 -45 -6 -43 -14 -57 3 -63 -6 -45 -5 -54 -16 -63 -10 -57 -22 -51 -14 -40 -10 -42 -5 -50 -3 -37 -3 -32 6 -32 1 -20 8 -13 2 -11 8 -7 10 7 6 8 0 0 0 0 0 0 0 0 0 0 0 0 0 0 0 0 0 0 0 0 0 0 4 73 10 72 12 79 6 73 8 77 13 85 10 81 6 78 0 77 2 73 3 70 5 60 -3 62 -1 56 4 51 8 46 0 35 1 31 3 21 3 22 -11 6 5 16 -7 7 -3 2 -9 -18 1 -6 ],2025-05-07_20-02-52-805
CSI_DATA,PASSIVE,5C:E9:31:E8:F4:66,-77,11,0,0,0,0,0,0,0,0,0,-96,0,11,0,1992897394,0,158,0,0,1993.07,128,[-98 -32 9 0 -2 12 4 15 1 18 5 24 4 24 4 20 3 18 12 25 8 25 11 20 15 13 10 22 8 23 9 22 16 9 7 21 6 18 5 14 11 10 -3 14 -1 4 -1 0 1 6 -6 -3 -7 -4 0 0 0 0 0 0 0 0 0 0 0 0 0 0 0 0 0 0 0 0 0 0 -7 -33 -8 -37 -5 -42 -9 -41 -13 -34 -13 -40 -10 -44 -4 -41 -5 -35 -14 -33 -9 -28 -4 -35 -9 -31 -10 -23 4 -15 -8 -21 -4 -19 -1 -15 -10 -21 1 -15 2 -8 -7 -1 -5 -9 0 2 -2 3 2 7 ],2025-05-07_20-02-52-811
CSI_DATA,PASSIVE,5C:E9:31:E8:F4:66,-77,11,0,0,0,0,0,0,0,0,0,-96,0,11,0,1992897647,0,130,0,0,1993.08,128,[-126 32 8 0 16 -4 11 0 15 -5 14 -3 22 -4 20 -6 19 -6 20 -4 25 -9 22 -13 23 -6 27 -7 24 -8 27 -9 21 -6 19 -8 16 -4 15 -2 10 -5 5 -4 3 -1 1 3 -3 3 1 3 -8 2 0 0 0 0 0 0 0 0 0 0 0 0 0 0 0 0 0 0 0 0 0 0 -26 14 -26 15 -30 21 -28 18 -32 21 -28 19 -30 19 -29 19 -28 19 -28 15 -26 17 -27 13 -23 13 -21 11 -18 6 -16 4 -12 4 -7 3 -11 0 -10 2 -6 -2 -2 0 -2 -1 -1 -2 5 0 8 -6 ],2025-05-07_20-02-52-816
CSI_DATA,PASSIVE,5C:E9:31:E8:F4:66,-78,11,0,0,0,0,0,0,0,0,0,-96,0,11,0,1992897864,0,86,0,0,1993.09,128,[86 96 5 0 -13 -8 -15 -6 -11 -13 -12 -12 -16 -9 -15 -14 -19 -16 -18 -17 -20 -15 -17 -11 -21 -14 -18 -13 -20 -13 -23 -15 -19 -11 -17 -11 -12 -8 -14 -8 -8 -8 -6 -7 -2 -4 -5 -5 0 0 3 1 7 -3 0 0 0 0 0 0 0 0 0 0 0 0 0 0 0 0 0 0 0 0 0 0 23 19 21 18 29 18 22 20 29 20 26 15 32 21 27 20 25 19 28 20 24 21 24 13 20 16 19 16 15 18 10 10 8 10 6 12 8 8 3 1 -1 4 3 6 1 -1 -1 -2 -4 -5 -2 -9 ],2025-05-07_20-02-52-822
CSI_DATA,PASSIVE,5C:E9:31:E8:F4:66,-78,11,0,0,0,0,0,0,0,0,0,-96,0,11,0,1992898021,0,108,0,0,1993.09,128,[108 -64 6 0 -10 5 -14 6 -13 8 -17 7 -17 10 -19 6 -19 11 -23 11 -18 15 -17 13 -19 9 -18 15 -19 13 -16 15 -19 11 -20 14 -15 12 -10 8 -13 5 -6 2 -6 -2 -5 -1 -4 -2 0 -5 0 -5 0 0 0 0 0 0 0 0 0 0 0 0 0 0 0 0 0 0 0 0 0 0 25 -15 26 -18 26 -18 27 -16 29 -18 26 -21 23 -18 30 -19 29 -18 24 -18 26 -17 25 -15 23 -14 20 -11 19 -10 14 -9 16 -6 11 -6 11 -6 7 -4 5 -4 2 1 3 0 -6 2 -5 1 -7 2 ],2025-05-07_20-02-52-827
CSI_DATA,PASSIVE,5C:E9:31:E8:F4:66,-78,11,0,0,0,0,0,0,0,0,0,-96,0,11,0,1992898206,0,128,0,0,1993.1,128,[-128 0 8 0 -13 -2 -14 -2 -15 -2 -16 -2 -18 -1 -20 -1 -23 2 -24 1 -24 0 -24 1 -28 0 -24 3 -20 3 -22 2 -21 0 -20 1 -17 4 -13 1 -11 2 -10 -2 -6 -3 -5 -5 0 -3 1 -2 5 -3 0 0 0 0 0 0 0 0 0 0 0 0 0 0 0 0 0 0 0 0 0 0 27 2 30 1 31 1 32 -1 34 -1 33 0 37 -1 38 0 31 1 30 2 30 3 30 2 25 2 22 2 21 4 16 3 16 4 12 2 9 2 6 -2 3 4 4 -1 1 1 -1 1 -5 -1 -8 -4 ],2025-05-07_20-02-52-866
CSI_DATA,PASSIVE,5C:E9:31:E8:E9:4E,-84,11,0,0,0,0,0,0,0,0,0,-96,0,11,0,1992965821,0,402,0,0,1993.13,128,[-110 33 25 0 4 -5 7 -8 3 -3 0 6 3 1 16 15 10 10 12 10 20 13 19 16 24 16 19 15 17 18 14 18 15 23 14 26 14 23 7 25 9 21 5 22 1 20 4 24 -4 18 -7 14 -10 14 0 0 0 0 0 0 0 0 0 0 0 0 0 0 0 0 0 0 0 0 0 0 3 15 5 11 2 12 1 10 -3 4 8 6 19 5 10 6 14 3 17 -3 21 -4 15 -12 13 -11 19 -12 18 -13 22 -17 20 -20 23 -21 13 -18 15 -29 17 -16 11 -21 -4 -24 14 -12 14 -17 5 -21 ],2025-05-07_20-02-52-869
CSI_DATA,PASSIVE,5C:E9:31:E8:E9:4E,-84,11,0,0,0,0,0,0,0,0,0,-96,0,11,0,1992967692,0,158,0,0,1993.14,128,[-98 -32 9 0 -6 -14 -9 -3 17 -16 4 -8 2 -11 17 -5 16 -10 21 9 19 3 32 2 25 3 29 0 20 -6 29 2 27 5 26 10 29 4 23 13 25 9 16 19 22 8 17 23 8 16 8 13 2 18 0 0 0 0 0 0 0 0 0 0 0 0 0 0 0 0 0 0 0 0 0 0 0 7 0 9 8 11 0 0 2 3 15 5 12 3 10 -6 25 -2 24 -5 18 -12 23 -14 12 -10 23 -29 17 -22 15 -17 17 -27 3 -22 7 -28 -10 -29 -1 -26 -5 -33 5 -25 -7 -23 -3 -16 0 -19 ],2025-05-07_20-02-52-874
CSI_DATA,PASSIVE,5C:E9:31:E8:F4:66,-78,11,0,0,0,0,0,0,0,0,0,-96,0,11,0,1992997910,0,94,0,0,1993.16,128,[94 -32 5 0 6 -16 8 -19 12 -19 9 -20 12 -16 11 -21 6 -20 12 -12 15 -11 18 -9 25 -12 27 -13 28 -21 20 -17 12 -18 8 -10 7 -3 6 0 10 6 9 7 12 8 5 2 4 -4 2 -3 -7 -7 0 0 0 0 0 0 0 0 0 0 0 0 0 0 0 0 0 0 0 0 0 0 30 -5 35 0 38 0 33 -2 31 -1 31 3 31 10 32 14 34 15 33 13 30 10 23 6 14 6 8 13 6 16 5 18 11 17 13 13 13 -2 4 -5 -5 -8 -11 -5 -8 -2 -6 -1 0 -4 9 -2 ],2025-05-07_20-02-52-901
CSI_DATA,PASSIVE,5C:E9:31:E8:F4:66,-78,11,0,0,0,0,0,0,0,0,0,-96,0,11,0,1992998079,0,122,0,0,1993.17,128,[122 -96 7 0 15 1 19 3 21 3 22 5 20 9 24 6 23 8 29 8 23 3 23 3 24 -3 28 3 23 -1 19 3 20 -2 20 -1 15 3 15 0 11 4 6 1 4 2 3 4 -2 1 -5 1 -8 -1 0 0 0 0 0 0 0 0 0 0 0 0 0 0 0 0 0 0 0 0 0 0 -35 -1 -35 -4 -38 -1 -38 -2 -40 1 -41 -1 -40 -2 -39 -1 -37 -6 -35 2 -31 2 -31 0 -31 0 -24 0 -18 -3 -14 -1 -14 -1 -12 -1 -8 -2 -5 -2 -3 0 2 -1 1 1 2 0 6 1 9 2 ],2025-05-07_20-02-52-906
CSI_DATA,PASSIVE,5C:E9:31:E8:F4:66,-78,11,0,0,0,0,0,0,0,0,0,-96,0,11,0,1992998284,0,190,0,0,1993.18,128,[-66 -32 11 0 -14 11 -13 14 -17 12 -15 11 -17 14 -15 20 -16 11 -17 18 -18 20 -16 22 -16 22 -15 20 -19 18 -13 15 -14 19 -13 15 -14 16 -10 13 -9 7 -7 8 -7 1 -3 -1 1 -3 2 -5 -1 -10 0 0 0 0 0 0 0 0 0 0 0 0 0 0 0 0 0 0 0 0 0 0 16 -31 17 -31 16 -31 18 -35 18 -35 18 -32 19 -38 21 -35 14 -32 17 -30 14 -29 16 -26 13 -26 11 -21 12 -17 12 -15 5 -15 3 -6 0 -5 1 4 -2 -5 -8 -4 -3 2 -5 1 -5 7 -8 5 ],2025-05-07_20-02-52-912
CSI_DATA,PASSIVE,5C:E9:31:E8:F4:66,-79,11,0,0,0,0,0,0,0,0,0,-96,0,11,0,1992998581,0,210,0,0,1993.18,128,[-46 32 13 0 3 13 5 18 2 21 2 20 5 23 9 19 6 27 6 24 7 24 10 21 8 27 9 27 13 23 11 23 9 15 10 17 5 17 3 10 0 11 2 9 1 5 0 -1 -1 -2 -6 -4 -4 -5 0 0 0 0 0 0 0 0 0 0 0 0 0 0 0 0 0 0 0 0 0 0 -21 -29 -14 -30 -22 -35 -20 -32 -23 -33 -21 -31 -24 -34 -18 -35 -17 -34 -22 -31 -19 -27 -13 -28 -18 -24 -15 -19 -10 -19 -11 -15 -10 -12 -2 -6 -4 -5 -2 -1 -7 -1 -2 -2 1 3 2 5 2 8 2 10 ],2025-05-07_20-02-52-917
CSI_DATA,PASSIVE,5C:E9:31:E8:F4:66,-78,11,0,0,0,0,0,0,0,0,0,-96,0,11,0,1992998902,0,402,0,0,1993.19,128,[-110 33 25 0 -6 -10 -7 -18 -8 -16 -10 -21 -10 -21 -11 -16 -10 -16 -12 -19 -12 -18 -13 -20 -16 -19 -17 -19 -15 -17 -16 -20 -15 -18 -10 -12 -9 -15 -9 -11 -5 -9 -1 -5 -6 -4 1 -4 3 -5 1 6 4 2 0 0 0 0 0 0 0 0 0 0 0 0 0 0 0 0 0 0 0 0 0 0 26 18 25 18 26 20 28 21 27 22 27 20 26 18 27 18 23 21 26 18 22 18 20 18 18 13 14 15 8 14 12 10 7 9 6 5 3 2 4 3 -2 -1 0 -1 0 -3 -7 -4 -6 -6 -7 -9 ],2025-05-07_20-02-52-923
CSI_DATA,PASSIVE,5C:E9:31:E8:F4:66,-78,11,0,0,0,0,0,0,0,0,0,-96,0,11,0,1992999479,0,370,0,0,1993.19,128,[114 33 23 0 -7 14 -7 16 -7 19 -10 20 -5 24 -4 22 -5 24 -3 26 -8 23 -5 26 -4 25 -5 25 -4 26 -2 25 -1 21 -5 21 -6 20 -2 14 -4 15 -3 5 -5 5 -2 1 -3 -3 -2 -5 0 -6 0 0 0 0 0 0 0 0 0 0 0 0 0 0 0 0 0 0 0 0 0 0 0 -35 4 -35 1 -39 2 -38 -1 -43 0 -36 1 -41 2 -37 3 -38 6 -36 1 -33 0 -30 5 -29 4 -24 3 -23 0 -14 -2 -11 2 -11 -1 -9 -2 -3 -5 -1 -2 2 0 3 -2 1 1 7 -3 7 ],2025-05-07_20-02-52-928
CSI_DATA,PASSIVE,5C:E9:31:E8:F4:66,-78,11,0,0,0,0,0,0,0,0,0,-96,0,11,0,1993000016,0,158,0,0,1993.2,128,[-98 -32 9 0 -12 6 -16 10 -16 8 -20 8 -19 8 -22 7 -17 6 -21 9 -23 12 -21 13 -21 12 -22 14 -20 9 -18 11 -15 11 -13 11 -13 9 -12 10 -10 4 -7 3 -6 -1 -6 1 0 0 0 -4 3 -6 0 0 0 0 0 0 0 0 0 0 0 0 0 0 0 0 0 0 0 0 0 0 25 -19 24 -18 26 -21 24 -21 26 -23 25 -21 27 -24 27 -22 26 -20 26 -21 24 -15 22 -17 22 -13 16 -11 11 -11 11 -6 9 -7 6 -8 5 -6 3 -3 -2 1 -1 1 -3 -1 -2 2 -9 -2 -9 2 ],2025-05-07_20-02-52-934
CSI_DATA,PASSIVE,5C:E9:31:E8:E9:4E,-84,11,0,0,0,0,0,0,0,0,0,-96,0,11,0,1993031757,0,90,0,0,1993.2,128,[90 -96 5 0 -2 -13 -1 -9 0 -5 2 0 7 -6 8 -1 10 2 9 6 18 4 10 8 12 5 23 11 20 8 21 16 17 16 26 16 20 22 13 14 14 18 11 9 10 19 4 23 -2 16 0 12 -4 12 0 0 0 0 0 0 0 0 0 0 0 0 0 0 0 0 0 0 0 0 0 0 1 14 2 6 5 13 2 -2 3 5 4 1 14 0 16 -7 12 -12 15 -15 13 -19 16 -19 12 -15 19 -25 14 -31 14 -27 8 -27 3 -29 5 -35 6 -36 3 -30 10 -31 -6 -26 1 -32 3 -23 0 -19 ],2025-05-07_20-02-52-939
CSI_DATA,PASSIVE,5C:E9:31:E8:E9:4E,-85,11,0,0,0,0,0,0,0,0,0,-96,0,11,0,1993086212,0,425,0,0,1993.25,128,[-87 -111 26 0 10 2 8 6 -11 10 0 5 -3 5 -5 8 -14 22 -3 19 0 21 -16 26 -8 23 -12 20 -6 19 -9 21 -11 19 -15 23 -20 22 -14 17 -20 20 -19 10 -29 11 -15 9 -21 8 -20 -3 -11 -6 0 0 0 0 0 0 0 0 0 0 0 0 0 0 0 0 0 0 0 0 0 0 -10 -2 -10 2 -12 5 -10 5 -7 4 -1 8 4 22 5 12 4 16 12 13 2 15 10 16 11 17 20 18 21 26 22 17 29 18 23 8 9 10 26 11 29 5 32 5 18 18 21 0 16 -1 14 4 ],2025-05-07_20-02-52-990
CSI_DATA,PASSIVE,5C:E9:31:E8:E9:4E,-85,11,0,0,0,0,0,0,0,0,0,-96,0,11,0,1993086821,0,317,0,0,1993.26,128,[61 -47 19 0 3 -15 -2 -9 -3 -8 9 -6 6 6 9 8 16 6 11 17 11 15 10 21 11 24 10 27 9 25 14 27 9 39 14 25 6 36 -2 24 -4 28 -11 23 -6 17 -12 14 -14 15 -12 9 -11 6 0 0 0 0 0 0 0 0 0 0 0 0 0 0 0 0 0 0 0 0 0 0 0 16 4 7 8 13 2 13 10 5 13 7 14 1 10 1 17 0 17 -10 17 -11 17 -12 17 -14 24 -21 18 -29 23 -17 15 -25 17 -26 13 -24 19 -23 5 -28 9 -20 6 -28 7 -22 -1 -23 -7 -26 ],2025-05-07_20-02-52-996
CSI_DATA,PASSIVE,5C:E9:31:E8:E9:4E,-85,11,0,0,0,0,0,0,0,0,0,-96,0,11,0,1993088844,0,258,0,0,1993.26,128,[2 33 16 0 -11 3 -7 6 -4 7 -12 0 -10 -9 -8 -9 -8 -6 -7 -14 -25 -10 -9 -23 -15 -14 -9 -29 -10 -17 -7 -21 -12 -23 -11 -24 -15 -20 -5 -26 -9 -22 3 -19 8 -18 1 -11 12 -14 6 -18 7 -6 0 0 0 0 0 0 0 0 0 0 0 0 0 0 0 0 0 0 0 0 0 0 2 -6 1 -11 1 -15 -5 -14 -7 -7 -12 -5 -14 -9 -12 -5 -15 5 -18 -1 -18 4 -20 -2 -21 8 -24 9 -21 3 -13 6 -24 24 -27 20 -18 20 -9 21 -18 21 -18 18 -9 21 -10 24 -18 17 -9 32 ],2025-05-07_20-02-53-1
CSI_DATA,PASSIVE,5C:E9:31:E8:F4:66,-77,11,0,0,0,0,0,0,0,0,0,-96,0,11,0,1993100225,0,181,0,0,1993.27,128,[-75 80 11 0 -13 -9 -11 -9 -16 -8 -17 -11 -18 -14 -18 -12 -20 -13 -22 -12 -18 -11 -19 -9 -20 -13 -21 -10 -19 -9 -20 -7 -19 -9 -14 -7 -11 -5 -12 -4 -13 -4 -5 -1 -2 -2 -1 0 0 0 4 4 7 1 0 0 0 0 0 0 0 0 0 0 0 0 0 0 0 0 0 0 0 0 0 0 20 16 20 17 23 16 21 13 24 15 23 18 25 18 21 14 23 17 21 16 19 16 15 18 16 15 10 10 10 13 8 8 6 7 3 5 3 6 2 3 0 3 1 1 -1 -2 -2 -1 -5 -1 -8 -4 ],2025-05-07_20-02-53-6
CSI_DATA,PASSIVE,5C:E9:31:E8:F4:66,-78,11,0,0,0,0,0,0,0,0,0,-96,0,11,0,1993100510,0,330,0,0,1993.28,128,[74 -95 20 0 16 0 17 2 21 1 21 0 24 2 22 -4 26 -3 25 -1 25 -3 23 -3 26 -9 31 -6 24 -4 28 -10 21 -9 21 -7 15 -7 15 -7 10 -5 7 -6 3 -3 0 1 -3 -1 -3 1 -6 5 0 0 0 0 0 0 0 0 0 0 0 0 0 0 0 0 0 0 0 0 0 0 -35 -6 -34 -7 -37 -4 -37 -10 -38 -7 -39 -3 -43 -5 -36 -1 -38 -6 -34 -9 -28 -5 -32 -8 -28 -8 -19 -8 -19 -7 -17 -5 -12 -7 -10 -2 -9 -5 -5 -3 -1 -4 3 -4 1 -5 4 -5 10 0 11 -2 ],2025-05-07_20-02-53-12
CSI_DATA,PASSIVE,5C:E9:31:E8:F4:66,-78,11,0,0,0,0,0,0,0,0,0,-96,0,11,0,1993100991,0,205,0,0,1993.28,128,[-51 -48 12 0 -2 -16 -3 -20 -2 -18 -3 -22 -4 -25 -4 -22 -8 -23 -5 -25 -8 -23 -8 -21 -8 -23 -8 -23 -11 -21 -10 -24 -9 -17 -7 -17 -8 -15 -4 -13 -6 -10 -4 -7 -2 -3 0 1 -1 1 -1 3 1 4 0 0 0 0 0 0 0 0 0 0 0 0 0 0 0 0 0 0 0 0 0 0 7 26 9 25 11 26 12 27 8 32 12 32 8 32 11 32 6 30 8 29 4 25 6 24 2 22 2 19 -1 16 3 13 1 12 -3 7 -6 7 -6 4 -3 2 -4 -1 -2 -3 -2 -8 -7 -8 -2 -10 ],2025-05-07_20-02-53-18
CSI_DATA,PASSIVE,5C:E9:31:E8:F4:66,-77,11,0,0,0,0,0,0,0,0,0,-96,0,11,0,1993101308,0,350,0,0,1993.29,128,[94 -31 21 0 6 -14 11 -20 7 -20 11 -17 8 -26 10 -26 3 -25 7 -27 8 -25 4 -30 3 -25 2 -27 4 -26 0 -24 -1 -22 1 -22 -2 -18 -2 -13 -3 -13 -2 -8 -3 -5 1 1 2 3 2 2 0 6 0 0 0 0 0 0 0 0 0 0 0 0 0 0 0 0 0 0 0 0 0 0 -15 29 -16 28 -14 27 -13 28 -15 33 -11 32 -18 36 -13 32 -17 30 -16 29 -18 28 -17 22 -16 21 -13 20 -14 16 -10 10 -8 8 -5 6 -4 9 -5 -1 -2 -2 -3 1 -3 -3 -2 -10 -2 -3 2 -7 ],2025-05-07_20-02-53-23
CSI_DATA,PASSIVE,5C:E9:31:E8:F4:66,-78,11,0,0,0,0,0,0,0,0,0,-96,0,11,0,1993101817,0,94,0,0,1993.29,128,[94 -32 5 0 -4 -17 -4 -21 -8 -19 -6 -24 -6 -21 -7 -24 -10 -27 -10 -26 -10 -31 -11 -26 -11 -28 -16 -26 -13 -25 -14 -19 -12 -15 -11 -17 -10 -18 -8 -14 -6 -10 -3 -4 -1 -6 -3 -1 -1 5 4 2 5 5 0 0 0 0 0 0 0 0 0 0 0 0 0 0 0 0 0 0 0 0 0 0 0 33 1 34 4 33 3 35 1 37 3 37 1 37 1 37 -3 34 1 33 -3 31 -4 25 2 28 0 25 -2 21 -2 16 -9 11 -2 11 -5 6 -1 6 -2 0 -3 -2 -5 -1 -2 -1 -4 -10 -3 -10 ],2025-05-07_20-02-53-29
CSI_DATA,PASSIVE,5C:E9:31:E8:F4:66,-78,11,0,0,0,0,0,0,0,0,0,-96,0,11,0,1993103395,0,94,0,0,1993.3,128,[94 -32 5 0 -7 10 -15 15 -17 16 -17 14 -15 15 -14 16 -12 21 -13 23 -17 24 -13 19 -12 22 -13 26 -8 24 -7 23 -10 20 -7 17 -4 19 -7 14 -3 12 -4 7 -1 4 1 2 0 0 2 -4 4 -7 0 0 0 0 0 0 0 0 0 0 0 0 0 0 0 0 0 0 0 0 0 0 23 -18 22 -19 25 -21 23 -21 25 -21 25 -20 27 -23 26 -22 27 -19 23 -17 23 -20 22 -14 20 -13 20 -14 15 -6 14 -9 11 0 6 -5 7 -4 6 -1 1 3 -1 3 -1 4 -4 2 -3 1 -7 5 ],2025-05-07_20-02-53-34
CSI_DATA,PASSIVE,5C:E9:31:E8:F4:66,-77,11,0,0,0,0,0,0,0,0,0,-96,0,11,0,1993103564,0,190,0,0,1993.3,128,[-66 -32 11 0 -17 -4 -23 -4 -22 -7 -23 -11 -23 -11 -23 -10 -26 -8 -25 -6 -28 -6 -24 -6 -27 -6 -28 -5 -24 -5 -25 -6 -20 -1 -19 -2 -19 0 -17 6 -13 4 -9 0 -5 -1 -2 -2 1 -1 5 0 6 1 0 0 0 0 0 0 0 0 0 0 0 0 0 0 0 0 0 0 0 0 0 0 28 3 23 6 30 5 32 8 30 4 31 5 32 2 27 8 30 7 29 9 25 8 25 10 23 7 18 9 13 8 13 7 12 4 6 5 6 5 4 4 0 -2 0 -3 -5 2 -9 -1 -8 -2 -6 -9 ],2025-05-07_20-02-53-39
CSI_DATA,PASSIVE,5C:E9:31:E8:F4:66,-78,11,0,0,0,0,0,0,0,0,0,-96,0,11,0,1993103861,0,210,0,0,1993.31,128,[-46 32 13 0 -9 13 -9 18 -11 17 -10 17 -9 22 -9 21 -5 23 -8 28 -6 25 -3 22 -6 23 -5 26 -3 26 -3 23 -3 22 2 18 0 15 -1 15 2 13 2 7 -1 8 -1 0 -1 -2 0 -3 1 -8 0 0 0 0 0 0 0 0 0 0 0 0 0 0 0 0 0 0 0 0 0 0 6 -26 6 -30 6 -30 8 -30 6 -30 5 -32 7 -29 8 -31 8 -30 9 -27 8 -26 11 -23 7 -19 10 -17 7 -16 8 -13 7 -9 7 -9 3 -6 4 -2 5 1 -1 1 -3 0 1 5 -3 6 -3 8 ],2025-05-07_20-02-53-44
CSI_DATA,PASSIVE,5C:E9:31:E8:F4:66,-78,11,0,0,0,0,0,0,0,0,0,-96,0,11,0,1993104182,0,94,0,0,1993.31,128,[94 -32 5 0 3 -17 3 -15 4 -20 8 -24 4 -24 4 -24 3 -25 3 -25 6 -27 2 -28 2 -25 0 -28 1 -27 1 -24 -4 -20 -4 -21 1 -19 -1 -16 -3 -14 -1 -6 -1 -7 -4 -2 -1 0 -1 4 0 6 0 0 0 0 0 0 0 0 0 0 0 0 0 0 0 0 0 0 0 0 0 0 -2 26 -1 26 2 30 1 25 0 31 -2 31 0 29 -1 29 -2 30 -3 31 -5 28 -4 22 -9 23 -5 18 -7 18 -5 12 -4 6 -5 7 -2 5 -2 1 0 -3 -1 0 0 -6 -2 -7 -1 -10 0 -9 ],2025-05-07_20-02-53-50
CSI_DATA,PASSIVE,5C:E9:31:E8:F4:66,-77,11,0,0,0,0,0,0,0,0,0,-96,0,11,0,1993104351,0,94,0,0,1993.32,128,[94 -32 5 0 17 2 22 8 21 3 21 5 19 6 30 6 28 6 27 6 26 3 33 3 31 4 34 4 26 2 30 1 25 -1 24 -4 20 -4 15 0 10 -3 7 0 6 -4 2 0 -3 -6 -6 -3 -9 -2 0 0 0 0 0 0 0 0 0 0 0 0 0 0 0 0 0 0 0 0 0 0 -33 2 -34 7 -36 7 -34 9 -36 5 -33 10 -36 3 -32 1 -32 1 -32 -2 -30 1 -30 1 -26 -1 -22 -3 -23 -9 -18 -6 -8 -5 -11 -7 -9 -1 -8 -1 -2 -2 1 3 0 1 8 4 7 3 10 3 ],2025-05-07_20-02-53-55
CSI_DATA,PASSIVE,5C:E9:31:E8:E9:4E,-85,11,0,0,0,0,0,0,0,0,0,-96,0,11,0,1993169893,0,504,0,0,1993.34,128,[-8 -127 31 0 12 5 10 11 0 4 2 6 0 11 -10 17 -7 7 -12 6 -9 13 -13 9 -16 20 -10 16 -9 19 -21 14 -14 17 -18 23 -15 15 -18 10 -21 9 -17 0 -20 8 -24 4 -13 -1 -11 -4 -19 -12 0 0 0 0 0 0 0 0 0 0 0 0 0 0 0 0 0 0 0 0 0 0 -13 0 -9 4 -6 7 -8 0 -4 11 -6 7 -2 8 5 11 3 14 1 15 4 11 6 21 3 22 9 16 14 17 17 20 27 17 24 15 18 10 28 14 27 8 23 9 22 7 20 7 18 10 19 5 ],2025-05-07_20-02-53-73
CSI_DATA,PASSIVE,5C:E9:31:E8:E9:4E,-85,11,0,0,0,0,0,0,0,0,0,-96,0,11,0,1993173803,0,327,0,0,1993.34,128,[71 113 20 0 -13 -10 -7 -10 5 0 -3 -8 6 -6 6 -8 10 -13 9 -14 11 -7 14 -14 11 -18 22 -20 27 -12 20 -15 25 -19 21 -9 24 -9 26 -2 19 -10 24 10 20 2 20 2 11 11 12 15 9 13 0 0 0 0 0 0 0 0 0 0 0 0 0 0 0 0 0 0 0 0 0 0 10 -5 8 -4 5 -7 1 -14 -1 -7 -5 -21 0 -8 -4 -15 -7 -24 -1 -22 -18 -22 -5 -24 -15 -28 -18 -20 -18 -27 -24 -19 -29 -17 -22 -16 -37 -4 -28 -7 -34 -18 -25 -6 -26 -15 -21 -1 -24 -8 -18 -4 ],2025-05-07_20-02-53-80
CSI_DATA,PASSIVE,5C:E9:31:E8:E9:4E,-85,11,0,0,0,0,0,0,0,0,0,-96,0,11,0,1993174280,0,347,0,0,1993.35,128,[91 -79 21 0 3 13 -2 10 -4 6 2 0 4 6 -5 0 -11 0 -11 2 -10 -8 -17 -5 -24 11 -15 -4 -24 -5 -27 -1 -23 -8 -23 -6 -21 -12 -18 -9 -10 -14 -20 -14 -12 -23 -3 -12 -4 -14 0 -15 -5 -6 0 0 0 0 0 0 0 0 0 0 0 0 0 0 0 0 0 0 0 0 0 0 -13 -5 -6 -1 -14 8 -11 2 -3 3 -7 10 -18 7 -4 7 -9 11 1 15 -6 22 -3 16 0 20 -1 21 4 30 0 32 -2 29 9 25 8 25 12 21 13 14 20 19 12 15 -4 18 16 20 14 8 ],2025-05-07_20-02-53-84
CSI_DATA,PASSIVE,5C:E9:31:E8:E9:4E,-84,11,0,0,0,0,0,0,0,0,0,-96,0,11,0,1993175054,0,120,0,0,1993.35,128,[120 -128 7 0 -7 4 0 10 -3 9 3 2 -19 -5 -12 9 -11 -6 -12 -6 -20 -18 -16 -19 -23 -21 -27 -8 -17 -6 -17 -20 -13 -9 -18 -20 -13 -13 -20 -25 -6 -21 -9 -22 -3 -24 0 -16 8 -22 10 -16 7 -17 0 0 0 0 0 0 0 0 0 0 0 0 0 0 0 0 0 0 0 0 0 0 -4 -13 -6 -14 -10 -9 -4 -9 -13 3 -11 0 -14 -3 -10 5 -18 5 -5 2 -19 8 -18 13 -6 19 -18 15 -18 20 -18 12 -11 25 -12 24 -2 27 -12 34 -8 19 -3 19 -6 28 -1 21 -8 15 -6 12 ],2025-05-07_20-02-53-90
CSI_DATA,PASSIVE,5C:E9:31:E8:E9:4E,-85,11,0,0,0,0,0,0,0,0,0,-96,0,11,0,1993175255,0,140,0,0,1993.36,128,[-116 -64 8 0 17 6 3 7 9 7 -3 16 -13 9 5 14 -6 11 0 13 -14 7 -21 14 -17 16 -16 7 -15 14 -12 17 -30 15 -31 11 -20 5 -21 -1 -23 5 -23 0 -19 -1 -10 -7 -8 -14 -20 -12 0 -21 0 0 0 0 0 0 0 0 0 0 0 0 0 0 0 0 0 0 0 0 0 0 -3 8 -5 12 -1 7 5 14 16 12 12 10 19 6 14 7 17 12 29 5 17 6 30 11 30 -1 31 0 21 6 28 4 38 -1 35 -9 18 -16 30 -7 21 -15 29 -1 36 7 17 -7 32 9 16 -10 ],2025-05-07_20-02-53-95
CSI_DATA,PASSIVE,5C:E9:31:E8:E9:4E,-84,11,0,0,0,0,0,0,0,0,0,-96,0,11,0,1993175744,0,465,0,0,1993.36,128,[-47 17 29 0 -7 3 2 -8 -2 -5 -4 1 0 -2 -11 -15 -7 -9 -17 -4 -8 -14 -11 -19 -17 -16 -17 -17 -14 -14 -19 -23 -17 -22 -6 -22 -11 -25 -9 -23 6 -19 8 -20 1 -14 12 -14 12 -14 13 -11 9 -12 0 0 0 0 0 0 0 0 0 0 0 0 0 0 0 0 0 0 0 0 0 0 -12 2 -5 -8 -18 -1 -9 6 -8 -8 -15 9 -10 8 -9 9 -18 14 -14 16 -11 12 -9 25 -15 22 -9 21 -11 21 -1 23 1 26 -18 28 -5 30 2 19 -2 23 -5 31 4 21 -4 22 -9 13 -4 18 ],2025-05-07_20-02-53-102
CSI_DATA,PASSIVE,5C:E9:31:E8:E9:4E,-85,11,0,0,0,0,0,0,0,0,0,-96,0,11,0,1993176405,0,485,0,0,1993.37,128,[-27 81 30 0 -7 15 1 2 -7 2 -10 -3 -13 -7 -11 -8 -12 -17 -13 -13 -13 -21 -10 -15 -9 -17 -9 -16 -9 -15 -12 -21 -8 -28 1 -21 1 -21 -6 -22 -4 -22 5 -23 9 -20 9 -17 1 -13 7 -12 11 -5 0 0 0 0 0 0 0 0 0 0 0 0 0 0 0 0 0 0 0 0 0 0 -2 -11 -8 -3 -1 -8 -8 -13 -9 -9 -11 2 -10 3 -16 -3 -14 -1 -23 6 -17 -1 -22 10 -20 7 -23 12 -23 11 -20 12 -23 17 -18 22 -11 16 -23 19 -12 24 -7 27 -18 23 -15 17 -8 19 -12 16 ],2025-05-07_20-02-53-108
CSI_DATA,PASSIVE,5C:E9:31:E8:E9:4E,-86,11,0,0,0,0,0,0,0,0,0,-96,0,11,0,1993207604,0,125,0,0,1993.38,128,[125 -48 7 0 -12 -4 -15 4 -2 -3 9 -5 9 -9 13 -7 5 -12 6 -4 17 -13 22 -12 21 -13 16 -20 15 -12 16 -13 20 -14 21 -6 19 -3 18 -10 19 -7 19 3 16 4 19 8 12 9 9 13 6 9 0 0 0 0 0 0 0 0 0 0 0 0 0 0 0 0 0 0 0 0 0 0 5 -11 4 -5 2 -12 2 -9 -5 -10 -9 -12 -8 1 -12 -10 -13 -13 -8 -14 -16 -14 -26 -13 -24 -13 -24 -11 -28 -10 -24 -3 -36 -5 -28 -1 -31 -7 -27 5 -36 -4 -26 -7 -19 1 -28 -1 -25 -1 -14 1 ],2025-05-07_20-02-53-113
CSI_DATA,PASSIVE,5C:E9:31:E8:F4:66,-77,11,0,0,0,0,0,0,0,0,0,-96,0,11,0,1993220880,0,128,0,0,1993.39,128,[-128 0 8 0 7 -18 3 -24 5 -22 7 -26 5 -28 5 -30 3 -26 2 -33 5 -33 -2 -31 -1 -28 -2 -29 -7 -33 -3 -28 -2 -25 -4 -23 -4 -16 -5 -18 -5 -14 -4 -7 -2 -5 -2 -4 -2 1 1 3 -1 6 0 0 0 0 0 0 0 0 0 0 0 0 0 0 0 0 0 0 0 0 0 0 -10 29 -14 33 -12 31 -14 33 -14 35 -13 35 -12 32 -16 35 -13 33 -12 34 -14 29 -14 26 -13 22 -12 21 -12 15 -10 14 -8 10 -10 11 -6 6 -6 -1 -3 -3 -2 -2 -4 -4 -1 -7 0 -6 1 -8 ],2025-05-07_20-02-53-125
CSI_DATA,PASSIVE,5C:E9:31:E8:F4:66,-77,11,0,0,0,0,0,0,0,0,0,-96,0,11,0,1993221093,0,472,0,0,1993.39,128,[-40 -127 29 0 15 1 16 5 19 2 21 4 23 5 26 5 27 4 24 6 24 3 23 1 26 -1 28 1 26 -1 23 0 24 -2 21 -3 16 0 13 -3 15 -4 9 -2 7 -4 4 0 0 -2 -2 -1 -8 1 0 0 0 0 0 0 0 0 0 0 0 0 0 0 0 0 0 0 0 0 0 0 -30 -3 -30 -4 -33 -1 -33 -2 -35 -3 -33 -3 -31 -1 -35 -3 -31 -4 -28 -4 -31 -2 -24 -6 -24 -4 -20 -7 -17 -7 -15 -6 -12 -5 -8 -6 -9 -7 -6 -7 -3 -3 0 -2 1 -6 6 -4 8 1 8 -1 ],2025-05-07_20-02-53-130
CSI_DATA,PASSIVE,5C:E9:31:E8:F4:66,-78,11,0,0,0,0,0,0,0,0,0,-96,0,11,0,1993221766,0,492,0,0,1993.4,128,[-20 -63 30 0 -16 -10 -15 -12 -20 -14 -22 -23 -21 -13 -23 -17 -26 -16 -26 -19 -28 -14 -26 -13 -32 -12 -32 -11 -28 -11 -32 -12 -23 -11 -24 -10 -20 -3 -17 -1 -12 -5 -11 -3 -8 -3 -5 -2 -2 3 0 2 8 5 0 0 0 0 0 0 0 0 0 0 0 0 0 0 0 0 0 0 0 0 0 0 30 13 30 17 31 10 32 16 36 15 33 17 34 12 36 15 30 16 29 17 23 9 21 13 26 15 16 15 17 13 9 12 9 9 7 8 7 9 3 8 1 6 -3 -2 -4 6 -4 1 -11 -4 -10 -4 ],2025-05-07_20-02-53-135
CSI_DATA,PASSIVE,5C:E9:31:E8:F4:66,-77,11,0,0,0,0,0,0,0,0,0,-96,0,11,0,1993222463,0,80,0,0,1993.4,128,[80 0 5 0 13 -11 15 -14 14 -17 18 -15 20 -20 23 -16 23 -21 19 -20 18 -20 16 -25 15 -24 17 -25 17 -25 17 -22 12 -22 12 -18 8 -20 7 -14 4 -15 4 -11 4 -7 0 -4 -2 -4 -2 2 -6 7 0 0 0 0 0 0 0 0 0 0 0 0 0 0 0 0 0 0 0 0 0 0 -26 23 -24 21 -26 26 -27 26 -28 27 -27 25 -30 25 -30 23 -27 23 -26 21 -23 19 -26 14 -22 13 -21 10 -19 11 -17 2 -15 4 -10 9 -9 0 -3 1 -5 -1 -2 -2 -3 -4 3 -8 3 -9 6 -4 ],2025-05-07_20-02-53-141
CSI_DATA,PASSIVE,5C:E9:31:E8:F4:66,-77,11,0,0,0,0,0,0,0,0,0,-96,0,11,0,1993222612,0,380,0,0,1993.41,128,[124 -63 23 0 6 -12 7 -16 10 -16 8 -22 10 -21 9 -21 9 -26 9 -22 9 -29 8 -23 8 -25 6 -27 5 -28 3 -24 4 -20 -1 -21 2 -18 1 -16 0 -14 1 -12 1 -6 -1 -4 1 -2 -3 1 0 4 0 0 0 0 0 0 0 0 0 0 0 0 0 0 0 0 0 0 0 0 0 0 -9 29 -9 29 -9 30 -9 31 -9 32 -12 33 -8 31 -10 32 -11 29 -11 25 -10 27 -10 23 -8 22 -12 20 -9 15 -12 10 -8 9 -6 9 -5 4 -8 3 -1 1 -1 -3 0 -3 -1 -6 -1 -5 2 -6 ],2025-05-07_20-02-53-147
CSI_DATA,PASSIVE,5C:E9:31:E8:F4:66,-77,11,0,0,0,0,0,0,0,0,0,-96,0,11,0,1993223161,0,158,0,0,1993.42,128,[-98 -32 9 0 -4 18 -5 19 -2 21 -5 22 -6 27 0 28 -5 28 -3 29 -2 29 1 30 -1 31 0 29 5 29 4 29 6 24 2 23 4 23 4 17 4 13 1 12 1 5 -2 3 2 -1 -2 -4 -2 -7 0 0 0 0 0 0 0 0 0 0 0 0 0 0 0 0 0 0 0 0 0 0 5 -34 8 -34 7 -34 4 -37 8 -38 10 -39 8 -40 10 -39 7 -35 9 -32 10 -31 6 -29 9 -26 8 -20 7 -19 7 -16 6 -14 4 -12 8 -6 5 -4 0 -1 4 1 2 0 -1 5 -1 6 -3 6 ],2025-05-07_20-02-53-153
CSI_DATA,PASSIVE,5C:E9:31:E8:F4:66,-77,11,0,0,0,0,0,0,0,0,0,-96,0,11,0,1993223414,0,108,0,0,1993.42,128,[108 -64 6 0 10 10 11 13 16 9 13 13 17 12 19 11 19 17 22 12 21 14 21 12 23 11 23 11 21 8 24 7 23 7 18 5 18 5 14 3 11 1 9 3 4 0 4 0 3 -2 -4 -3 -4 -3 0 0 0 0 0 0 0 0 0 0 0 0 0 0 0 0 0 0 0 0 0 0 -26 -16 -24 -19 -28 -20 -25 -18 -29 -21 -26 -21 -27 -18 -27 -21 -25 -19 -22 -16 -22 -17 -19 -19 -17 -16 -13 -14 -8 -13 -12 -12 -9 -13 -4 -8 -5 -8 -6 -4 0 -3 -1 -4 3 2 3 -1 4 3 4 3 ],2025-05-07_20-02-53-157
CSI_DATA,PASSIVE,5C:E9:31:E8:F4:66,-78,11,0,0,0,0,0,0,0,0,0,-96,0,11,0,1993223599,0,94,0,0,1993.43,128,[94 -32 5 0 5 13 9 13 12 14 11 16 13 21 15 20 15 21 15 18 14 19 21 19 20 19 18 20 18 17 17 15 17 14 17 13 11 14 14 9 9 8 10 6 4 2 5 -1 0 1 -3 -4 -5 -5 0 0 0 0 0 0 0 0 0 0 0 0 0 0 0 0 0 0 0 0 0 0 -21 -24 -19 -20 -23 -23 -23 -24 -26 -27 -19 -24 -20 -27 -20 -24 -20 -27 -18 -25 -15 -20 -20 -21 -10 -20 -11 -16 -9 -19 -8 -15 -5 -10 -2 -9 -3 -10 -3 -8 0 -5 1 1 -1 0 1 2 5 4 4 3 ],2025-05-07_20-02-53-163
CSI_DATA,PASSIVE,5C:E9:31:E8:F4:66,-77,11,0,0,0,0,0,0,0,0,0,-96,0,11,0,1993223768,0,484,0,0,1993.43,128,[-28 65 30 0 -9 6 -11 11 -13 12 -12 14 -15 15 -14 14 -15 17 -14 18 -11 17 -14 20 -14 22 -13 20 -13 21 -11 19 -11 15 -7 19 -8 14 -5 13 -6 11 -5 7 -3 5 1 4 1 -2 0 -1 1 -4 0 0 0 0 0 0 0 0 0 0 0 0 0 0 0 0 0 0 0 0 0 0 18 -19 19 -22 17 -23 17 -24 18 -24 15 -26 17 -24 19 -23 21 -20 19 -20 18 -20 18 -15 12 -12 13 -14 12 -13 13 -8 10 -5 9 -5 5 -3 3 -3 3 2 3 3 2 1 -2 5 -5 1 -4 5 ],2025-05-07_20-02-53-168
CSI_DATA,PASSIVE,5C:E9:31:E8:F4:66,-77,11,0,0,0,0,0,0,0,0,0,-96,0,11,0,1993224457,0,504,0,0,1993.44,128,[-8 -127 31 0 7 -15 7 -16 7 -22 8 -20 4 -20 8 -23 5 -26 2 -25 6 -26 7 -28 4 -23 6 -26 0 -29 6 -28 2 -23 1 -25 -4 -24 -1 -19 1 -12 -1 -9 -4 -9 -2 -2 -1 2 -1 2 -2 5 0 0 0 0 0 0 0 0 0 0 0 0 0 0 0 0 0 0 0 0 0 0 -3 32 -6 29 -7 32 -8 31 -3 33 -6 32 -7 30 -6 31 -7 30 -11 30 -11 27 -8 24 -10 22 -8 23 -7 16 -8 16 -8 13 -6 8 -3 6 -2 3 0 4 1 1 -5 -5 -3 -3 0 -6 0 -7 ],2025-05-07_20-02-53-173
CSI_DATA,PASSIVE,5C:E9:31:E8:F4:66,-77,11,0,0,0,0,0,0,0,0,0,-96,0,11,0,1993227243,0,485,0,0,1993.44,128,[-27 81 30 0 2 -16 5 -19 3 -23 0 -23 3 -21 3 -22 1 -29 -1 -26 -2 -28 -3 -24 -1 -28 -4 -30 -7 -26 -5 -26 -4 -23 -3 -21 -2 -20 -4 -15 -4 -13 -2 -12 -2 -6 -3 -2 -1 0 1 8 -3 4 0 0 0 0 0 0 0 0 0 0 0 0 0 0 0 0 0 0 0 0 0 0 3 27 9 30 6 30 7 32 6 33 6 30 6 28 5 31 3 31 5 26 0 29 -1 25 0 21 -1 20 -2 18 -1 13 -3 13 -1 11 -3 4 -4 3 -4 1 -1 0 -4 -4 1 -6 2 -7 1 -6 ],2025-05-07_20-02-53-179
CSI_DATA,PASSIVE,5C:E9:31:E8:E9:4E,-84,11,0,0,0,0,0,0,0,0,0,-96,0,11,0,1993269741,0,98,0,0,1993.45,128,[98 32 6 0 -22 7 -7 2 5 -9 1 -6 3 -19 -4 -10 -5 -5 -1 -20 4 -25 -1 -22 2 -20 7 -21 16 -27 11 -21 16 -16 11 -19 14 -16 15 -21 21 -19 25 -14 10 -2 18 -8 17 1 23 3 16 1 0 0 0 0 0 0 0 0 0 0 0 0 0 0 0 0 0 0 0 0 0 0 9 -6 9 -8 -2 -7 4 -4 -7 -12 -13 -4 -18 0 -13 -10 -16 -15 -19 -7 -24 -8 -16 -14 -31 -14 -18 -10 -31 4 -26 -8 -38 0 -34 6 -31 10 -31 -12 -25 4 -17 4 -18 -2 -19 2 -18 10 -15 3 ],2025-05-07_20-02-53-184
CSI_DATA,PASSIVE,5C:E9:31:E8:F4:66,-77,11,0,0,0,0,0,0,0,0,0,-96,0,11,0,1993307470,0,128,0,0,1993.47,128,[-128 0 8 0 12 1 17 -1 20 1 21 3 24 2 26 0 27 -1 31 2 25 -2 27 -2 29 -1 28 -2 26 -2 25 -6 26 -4 23 -4 17 -4 13 -6 12 -5 7 -3 4 -5 3 -1 0 -2 -7 -2 -9 -1 0 0 0 0 0 0 0 0 0 0 0 0 0 0 0 0 0 0 0 0 0 0 -28 -10 -29 -14 -30 -13 -30 -11 -30 -12 -31 -11 -31 -12 -33 -11 -27 -10 -26 -10 -23 -7 -24 -10 -19 -11 -17 -11 -16 -10 -13 -8 -9 -6 -8 -5 -4 -6 -4 -7 -2 -7 0 -3 3 -6 5 -7 11 -3 7 -1 ],2025-05-07_20-02-53-211
CSI_DATA,PASSIVE,5C:E9:31:E8:F4:66,-77,11,0,0,0,0,0,0,0,0,0,-96,0,11,0,1993307683,0,124,0,0,1993.48,128,[124 -64 7 0 3 14 7 17 5 18 2 21 7 21 6 19 9 23 8 17 13 26 16 32 11 27 15 21 5 24 4 16 8 11 10 24 8 21 12 10 15 11 9 6 4 11 6 -1 1 -1 -4 -7 2 -3 0 0 0 0 0 0 0 0 0 0 0 0 0 0 0 0 0 0 0 0 0 0 -10 -31 -6 -28 -3 -29 -8 -27 -10 -29 -11 -28 -10 -26 -7 -26 -14 -27 -8 -29 -11 -28 -3 -21 -3 -21 -1 -12 -8 -8 0 -5 5 -14 -11 -6 -9 -15 -3 -5 1 -10 2 -4 3 0 4 8 6 7 10 9 ],2025-05-07_20-02-53-216
CSI_DATA,PASSIVE,5C:E9:31:E8:F4:66,-77,11,0,0,0,0,0,0,0,0,0,-96,0,11,0,1993307892,0,98,0,0,1993.49,128,[98 32 6 0 16 -5 23 1 22 -3 21 0 26 0 26 -6 31 -10 24 -7 20 -3 24 -11 20 -11 17 -6 24 -7 16 -9 30 -6 16 -12 9 -22 12 -2 8 4 11 -12 0 1 -4 -1 -1 -1 -3 -5 2 -1 0 0 0 0 0 0 0 0 0 0 0 0 0 0 0 0 0 0 0 0 0 0 -23 -11 -31 -19 -27 -16 -29 -13 -31 -11 -28 -15 -35 -13 -29 -16 -28 -11 -30 -11 -22 -3 -29 -22 -24 -16 -17 -12 -13 -7 -10 -17 -17 -17 -8 3 -11 -17 -2 -16 2 6 1 -6 5 -6 4 -3 6 2 12 5 ],2025-05-07_20-02-53-222
CSI_DATA,PASSIVE,5C:E9:31:E8:F4:66,-77,11,0,0,0,0,0,0,0,0,0,-96,0,11,0,1993308065,0,457,0,0,1993.49,128,[-55 -111 28 0 -9 -16 -9 -23 -8 -20 -9 -22 -1 -17 -5 -26 -12 -27 -9 -25 -8 -29 -14 -27 -15 -28 -16 -25 -15 -25 -14 -26 -12 -22 -14 -16 -12 -15 -7 -13 -10 -12 -4 -9 -6 -7 -5 3 -2 3 1 3 2 7 0 0 0 0 0 0 0 0 0 0 0 0 0 0 0 0 0 0 0 0 0 0 8 30 7 29 5 26 6 30 9 31 8 34 4 31 6 30 3 28 6 28 6 26 3 26 4 25 1 21 0 19 -4 16 -1 14 -2 10 -3 8 -2 3 -4 -1 -2 1 -8 0 -7 -5 -7 -5 -7 -7 ],2025-05-07_20-02-53-227
CSI_DATA,PASSIVE,5C:E9:31:E8:F4:66,-77,11,0,0,0,0,0,0,0,0,0,-96,0,11,0,1993308718,0,477,0,0,1993.5,128,[-35 -47 29 0 18 -6 21 -4 19 -3 23 -3 27 -4 27 -3 28 -5 27 -5 28 -8 29 -7 28 -8 24 -11 29 -10 24 -5 24 -8 20 -8 19 -9 11 -9 13 -6 4 -5 5 -5 0 -2 -3 -2 -6 -2 -7 -5 0 0 0 0 0 0 0 0 0 0 0 0 0 0 0 0 0 0 0 0 0 0 -31 -2 -31 -4 -31 -4 -33 -7 -35 -2 -32 -4 -33 -6 -33 -2 -31 -5 -32 -2 -28 -4 -23 -5 -24 -6 -23 -5 -19 -6 -13 -6 -13 -8 -10 -6 -6 -7 -4 -7 -4 -5 -2 -7 1 -7 2 -3 6 -5 4 -2 ],2025-05-07_20-02-53-233
CSI_DATA,PASSIVE,5C:E9:31:E8:F4:66,-77,11,0,0,0,0,0,0,0,0,0,-96,0,11,0,1993309395,0,205,0,0,1993.5,128,[-51 -48 12 0 15 0 20 -1 21 -1 22 -1 24 1 27 1 26 2 27 0 25 -2 28 -4 27 -4 28 -5 27 -4 24 -5 23 -4 21 -4 15 -5 13 -7 11 -8 8 -4 3 -5 2 -1 -4 -3 -6 -2 -7 -3 0 0 0 0 0 0 0 0 0 0 0 0 0 0 0 0 0 0 0 0 0 0 -28 -14 -27 -15 -28 -17 -30 -17 -31 -16 -31 -13 -31 -13 -31 -16 -28 -14 -27 -12 -26 -13 -21 -14 -21 -15 -23 -11 -14 -9 -12 -6 -11 -13 -5 -9 -4 -7 -2 -8 -1 -6 -2 -3 2 -5 6 -4 7 -5 10 0 ],2025-05-07_20-02-53-238
CSI_DATA,PASSIVE,5C:E9:31:E8:F4:66,-77,11,0,0,0,0,0,0,0,0,0,-96,0,11,0,1993309712,0,94,0,0,1993.51,128,[94 -32 5 0 13 9 15 11 18 8 19 10 20 9 26 12 22 11 23 11 29 12 25 11 30 8 29 6 29 7 22 5 22 4 19 3 18 3 16 2 13 0 10 -1 7 0 3 0 -2 -1 -3 -2 -3 -6 0 0 0 0 0 0 0 0 0 0 0 0 0 0 0 0 0 0 0 0 0 0 -28 -19 -29 -15 -26 -20 -31 -23 -27 -16 -26 -20 -30 -18 -31 -18 -25 -19 -23 -17 -23 -16 -23 -17 -18 -14 -15 -14 -13 -12 -10 -10 -8 -11 -2 -9 -7 -10 -1 -4 -4 -5 2 -4 5 -3 9 -2 10 0 9 0 ],2025-05-07_20-02-53-244
CSI_DATA,PASSIVE,5C:E9:31:E8:F4:66,-77,11,0,0,0,0,0,0,0,0,0,-96,0,11,0,1993407389,0,432,0,0,1993.57,128,[-80 1 27 0 4 13 17 -1 10 8 20 10 22 12 21 0 22 6 22 6 26 3 26 4 25 -4 22 -3 26 1 27 1 20 1 23 1 19 -1 16 -2 11 4 7 1 6 -1 2 -1 0 -2 -3 -3 -6 -3 0 0 0 0 0 0 0 0 0 0 0 0 0 0 0 0 0 0 0 0 0 0 -28 -2 -29 -4 -29 -5 -31 -3 -28 -7 -33 -5 -28 -4 -30 -5 -30 -2 -27 -4 -28 -4 -23 -3 -21 -5 -17 -6 -11 -9 -13 -5 -9 -3 -5 -5 -3 -4 -2 -1 -5 -3 -2 -5 9 -3 8 1 3 4 16 6 ],2025-05-07_20-02-53-311
CSI_DATA,PASSIVE,5C:E9:31:E8:F4:66,-77,11,0,0,0,0,0,0,0,0,0,-96,0,11,0,1993408006,0,452,0,0,1993.58,128,[-60 65 28 0 14 6 14 6 17 9 20 9 20 9 20 11 20 15 25 12 26 12 24 9 24 9 24 10 26 8 23 9 19 8 22 4 15 2 13 3 13 2 10 0 5 0 2 1 0 0 -2 -2 -3 -3 0 0 0 0 0 0 0 0 0 0 0 0 0 0 0 0 0 0 0 0 0 0 -29 -18 -26 -17 -29 -17 -29 -16 -32 -19 -29 -18 -30 -16 -28 -17 -28 -19 -25 -18 -21 -13 -22 -14 -20 -17 -17 -14 -10 -12 -13 -11 -10 -9 -5 -6 -3 -5 -2 -4 -1 -5 4 -3 3 0 5 0 5 3 8 7 ],2025-05-07_20-02-53-316
CSI_DATA,PASSIVE,5C:E9:31:E8:F4:66,-77,11,0,0,0,0,0,0,0,0,0,-96,0,11,0,1993408651,0,222,0,0,1993.59,128,[-34 -32 13 0 -16 5 -19 5 -18 5 -21 6 -20 5 -24 6 -24 2 -24 8 -27 11 -23 7 -23 7 -25 11 -22 8 -23 10 -23 12 -19 9 -18 10 -13 9 -10 5 -5 6 -3 3 -4 -3 -3 -1 4 -1 3 -3 0 0 0 0 0 0 0 0 0 0 0 0 0 0 0 0 0 0 0 0 0 0 27 -12 31 -12 30 -10 34 -11 31 -13 31 -13 31 -10 30 -12 29 -13 27 -9 25 -13 26 -6 23 -4 20 -5 16 -2 12 -6 9 0 9 -2 7 -1 5 2 0 3 -4 -2 -4 3 -6 3 -9 4 -6 3 ],2025-05-07_20-02-53-322
CSI_DATA,PASSIVE,5C:E9:31:E8:F4:66,-78,11,0,0,0,0,0,0,0,0,0,-96,0,11,0,1993408988,0,242,0,0,1993.59,128,[-14 32 15 0 -1 -20 -3 -16 -5 -22 -1 -22 -1 -25 -5 -26 -6 -27 -4 -26 -6 -28 -5 -29 -9 -27 -9 -25 -9 -27 -11 -23 -7 -24 -7 -20 -8 -15 -6 -15 -2 -8 -1 -6 -5 -5 -5 -3 4 0 -2 3 -1 6 0 0 0 0 0 0 0 0 0 0 0 0 0 0 0 0 0 0 0 0 0 0 11 29 10 27 10 31 11 29 9 32 9 31 7 33 8 33 8 33 9 28 7 28 4 24 6 23 2 17 0 14 1 13 -2 9 2 7 3 2 -2 6 -1 -1 -1 -3 -3 -7 -4 -6 0 -10 -3 -8 ],2025-05-07_20-02-53-327
CSI_DATA,PASSIVE,5C:E9:31:E8:F4:66,-77,11,0,0,0,0,0,0,0,0,0,-96,0,11,0,1993409353,0,94,0,0,1993.6,128,[94 -32 5 0 -6 12 -5 16 -7 18 -7 21 -10 21 -10 23 -10 24 -10 25 -6 27 -6 24 -8 29 -5 26 -5 24 -2 18 -4 21 -3 21 -1 17 0 14 -3 12 -2 11 -2 5 0 5 0 0 1 -3 2 -8 0 0 0 0 0 0 0 0 0 0 0 0 0 0 0 0 0 0 0 0 0 0 6 -28 7 -33 9 -32 9 -34 8 -34 11 -35 10 -32 6 -29 7 -30 9 -29 7 -29 7 -25 5 -21 8 -20 9 -14 7 -9 4 -8 5 -8 0 0 3 -3 1 0 0 0 0 5 1 7 -1 10 -1 7 ],2025-05-07_20-02-53-332
CSI_DATA,PASSIVE,5C:E9:31:E8:F4:66,-78,11,0,0,0,0,0,0,0,0,0,-96,0,11,0,1993409522,0,158,0,0,1993.6,128,[-98 -32 9 0 -14 -8 -19 -11 -15 -6 -20 -13 -21 -11 -22 -14 -23 -12 -28 -11 -24 -9 -22 -9 -30 -14 -27 -10 -25 -7 -21 -10 -23 -9 -19 -6 -18 -8 -13 -4 -14 -1 -8 -5 -5 -2 -4 0 0 5 4 3 4 4 0 0 0 0 0 0 0 0 0 0 0 0 0 0 0 0 0 0 0 0 0 0 30 8 32 10 30 9 32 9 33 12 31 7 34 11 30 13 28 13 28 10 25 15 26 8 20 11 20 12 15 5 14 13 11 4 3 6 5 7 -4 3 1 3 -3 -2 0 -5 -8 -7 -9 -3 -7 -3 ],2025-05-07_20-02-53-338
CSI_DATA,PASSIVE,5C:E9:31:E8:F4:66,-77,11,0,0,0,0,0,0,0,0,0,-96,0,11,0,1993409775,0,94,0,0,1993.61,128,[94 -32 5 0 -10 15 -10 13 -11 19 -10 18 -12 21 -12 21 -14 21 -12 24 -11 25 -9 24 -9 24 -13 26 -8 22 -11 23 -8 20 -5 21 -4 19 -7 13 -5 12 -2 10 -3 5 1 1 -1 -1 4 -4 2 -7 0 0 0 0 0 0 0 0 0 0 0 0 0 0 0 0 0 0 0 0 0 0 16 -30 15 -28 15 -31 16 -29 16 -32 16 -31 16 -29 16 -31 15 -28 15 -27 16 -25 14 -21 14 -20 13 -16 7 -14 8 -9 6 -7 5 -6 4 -5 3 -1 -1 -1 1 3 -3 3 -2 5 -3 5 -10 7 ],2025-05-07_20-02-53-343
CSI_DATA,PASSIVE,5C:E9:31:E8:E9:4E,-84,11,0,0,0,0,0,0,0,0,0,-96,0,11,0,1993416970,0,190,0,0,1993.61,128,[-66 -32 11 0 -7 -7 -1 -12 7 -6 0 -2 4 6 9 2 8 13 12 12 15 25 7 14 9 21 9 14 13 19 11 23 4 31 13 26 9 27 -7 25 3 33 -3 25 -2 17 -14 15 -11 20 -15 4 -20 12 0 0 0 0 0 0 0 0 0 0 0 0 0 0 0 0 0 0 0 0 0 0 13 3 9 4 5 -3 8 0 13 2 9 -5 9 -8 10 -18 10 -18 18 -19 8 -25 7 -23 4 -32 16 -27 12 -34 3 -39 17 -31 6 -34 3 -33 2 -40 -5 -29 4 -27 -6 -33 1 -29 7 -22 -8 -20 ],2025-05-07_20-02-53-349
CSI_DATA,PASSIVE,5C:E9:31:E8:E9:4E,-84,11,0,0,0,0,0,0,0,0,0,-96,0,11,0,1993429122,0,145,0,0,1993.62,128,[-111 16 9 0 3 -9 2 0 3 -1 -3 1 15 -4 7 1 7 3 3 5 7 6 17 8 17 16 19 17 21 13 15 14 22 14 17 21 15 17 20 18 10 24 12 18 4 22 1 16 -3 17 -1 16 -9 19 0 0 0 0 0 0 0 0 0 0 0 0 0 0 0 0 0 0 0 0 0 0 3 12 5 9 -2 9 6 4 11 4 3 1 14 2 18 -4 15 -2 19 -11 23 -11 11 -19 11 -23 20 -17 18 -22 14 -19 16 -27 12 -31 13 -31 11 -24 4 -21 2 -20 4 -15 0 -22 12 -13 0 -19 ],2025-05-07_20-02-53-354
CSI_DATA,PASSIVE,5C:E9:31:E8:E9:4E,-85,11,0,0,0,0,0,0,0,0,0,-96,0,11,0,1993440079,0,250,0,0,1993.62,128,[-6 -96 15 0 -3 -6 -6 -6 -4 -6 5 -2 10 2 13 -6 14 -4 17 0 16 4 13 -7 21 8 26 5 16 1 20 5 23 10 22 13 13 14 19 18 12 11 11 21 3 20 0 11 1 16 -2 9 -4 9 0 0 0 0 0 0 0 0 0 0 0 0 0 0 0 0 0 0 0 0 0 0 12 -9 4 -6 7 -6 0 -5 3 -10 -3 -15 0 -16 5 -17 1 -15 -3 -19 -3 -29 -11 -26 -11 -25 -12 -24 -17 -29 -27 -32 -14 -22 -15 -25 -17 -25 -17 -26 -15 -27 -14 -20 -19 -16 -25 -18 -12 -6 -12 -9 ],2025-05-07_20-02-53-359
CSI_DATA,PASSIVE,5C:E9:31:E8:E9:4E,-87,11,0,0,0,0,0,0,0,0,0,-96,0,11,0,1993478886,0,202,0,0,1993.65,128,[-54 -96 12 0 -8 -10 0 -2 10 -10 0 0 8 -8 9 -2 11 -6 12 -3 11 3 23 0 19 2 21 7 22 2 20 9 22 7 28 9 21 8 17 16 16 13 10 15 4 19 4 20 6 8 -2 15 -2 11 0 0 0 0 0 0 0 0 0 0 0 0 0 0 0 0 0 0 0 0 0 0 3 -1 14 3 11 -4 9 -4 7 -10 7 -9 5 -7 1 -19 -3 -15 7 -24 -2 -25 2 -29 2 -24 -8 -29 -2 -28 -11 -25 -9 -30 -8 -29 -17 -24 -21 -28 -22 -28 -18 -23 -17 -22 -14 -27 -10 -16 -13 -20 ],2025-05-07_20-02-53-383
CSI_DATA,PASSIVE,5C:E9:31:E8:E9:4E,-85,11,0,0,0,0,0,0,0,0,0,-96,0,11,0,1993479501,0,205,0,0,1993.65,128,[-51 -48 12 0 -4 10 7 9 -10 16 -10 1 -10 -16 -4 4 -17 -6 -20 4 -9 -5 -19 8 -28 -5 -25 -3 -24 -11 -30 -3 -29 -6 -19 -11 -27 -17 -19 -3 -12 -9 -17 -16 -13 -21 -20 -15 -3 -25 -17 -16 -6 -15 0 0 0 0 0 0 0 0 0 0 0 0 0 0 0 0 0 0 0 0 0 0 -4 -11 -5 -8 -6 -11 -5 -6 -6 -10 -12 -2 -6 0 -16 -1 -23 2 -17 5 -17 3 -24 14 -22 17 -29 16 -19 13 -12 31 -14 14 -2 25 -2 35 -4 30 -11 23 5 28 -4 24 2 28 -4 19 -1 31 ],2025-05-07_20-02-53-389
CSI_DATA,PASSIVE,5C:E9:31:E8:E9:4E,-86,11,0,0,0,0,0,0,0,0,0,-96,0,11,0,1993484287,0,120,0,0,1993.66,128,[120 -128 7 0 -15 -15 -4 2 -2 -10 5 -10 4 -5 -1 -8 13 -10 16 -10 10 -12 12 -8 20 -18 14 -14 19 -12 23 -10 19 -11 20 -6 21 -5 20 -1 24 -8 22 6 8 3 18 5 16 3 13 12 14 17 0 0 0 0 0 0 0 0 0 0 0 0 0 0 0 0 0 0 0 0 0 0 10 -6 6 -5 14 -4 7 -10 8 -11 4 -9 5 -17 4 -21 0 -19 -3 -24 -10 -18 -12 -24 -15 -29 -12 -28 -22 -26 -16 -20 -32 -18 -17 -20 -25 -17 -18 -8 -25 -12 -18 -16 -17 -9 -9 -10 -17 -13 -19 -16 ],2025-05-07_20-02-53-394
CSI_DATA,PASSIVE,5C:E9:31:E8:E9:4E,-84,11,0,0,0,0,0,0,0,0,0,-96,0,11,0,1993484488,0,140,0,0,1993.66,128,[-116 -64 8 0 -4 0 -4 10 -5 -6 -3 1 2 -14 -6 -18 -7 -20 0 -13 -6 -27 -1 -15 -3 -15 0 -33 3 -24 17 -21 8 -16 10 -16 15 -19 9 -9 20 -10 17 -12 16 -3 15 -3 10 3 23 6 11 -1 0 0 0 0 0 0 0 0 0 0 0 0 0 0 0 0 0 0 0 0 0 0 -11 -13 -4 -6 -8 -9 -8 -8 -6 -8 -14 5 -16 10 -11 3 -23 7 -27 10 -14 13 -18 20 -20 11 -16 18 -24 19 -23 18 -17 27 -18 22 -23 21 -24 20 -20 21 -21 23 -17 14 0 18 -20 23 -1 23 ],2025-05-07_20-02-53-400
CSI_DATA,PASSIVE,5C:E9:31:E8:E9:4E,-86,11,0,0,0,0,0,0,0,0,0,-96,0,11,0,1993486317,0,128,0,0,1993.67,128,[-128 0 8 0 12 8 -3 8 -1 -1 -8 -1 -17 5 -13 -9 -10 -1 -15 4 -16 -8 -18 -3 -18 -4 -22 -2 -22 -5 -19 -4 -29 -12 -20 -11 -20 -7 -13 -16 -13 -18 -15 -17 -7 -17 -6 -22 -3 -21 -2 -17 5 -17 0 0 0 0 0 0 0 0 0 0 0 0 0 0 0 0 0 0 0 0 0 0 -12 3 -8 5 -4 4 -11 5 -9 8 -9 6 -13 11 -7 17 -10 16 -4 22 -1 20 7 28 8 29 6 29 11 28 7 28 7 33 11 29 9 28 14 29 19 21 7 16 11 18 19 17 6 19 11 17 ],2025-05-07_20-02-53-405
CSI_DATA,PASSIVE,5C:E9:31:E8:E9:4E,-84,11,0,0,0,0,0,0,0,0,0,-96,0,11,0,1993497021,0,514,0,0,1993.67,128,[2 34 32 0 4 6 6 0 10 5 -1 2 -10 6 -1 4 -10 5 -20 16 -11 10 -19 9 -17 7 -23 12 -25 11 -29 4 -19 18 -27 14 -24 3 -26 -6 -22 -6 -18 -1 -19 -14 -20 -12 -14 -15 -16 -14 -8 -5 0 0 0 0 0 0 0 0 0 0 0 0 0 0 0 0 0 0 0 0 0 0 -11 14 -1 11 -3 10 -2 7 0 12 12 9 12 11 10 12 7 7 15 16 17 18 27 12 24 9 22 7 21 0 32 3 22 -5 30 12 31 7 33 6 34 8 25 3 31 7 29 2 8 8 16 -6 ],2025-05-07_20-02-53-410
CSI_DATA,PASSIVE,5C:E9:31:E8:E9:4E,-87,11,0,0,0,0,0,0,0,0,0,-96,0,11,0,1993497750,0,534,0,0,1993.68,128,[22 98 33 0 -14 2 -10 1 -1 -6 5 -10 0 -7 3 -6 11 -13 11 -13 9 -18 10 -10 13 -12 17 -21 22 -16 24 -16 19 -9 24 -11 22 -12 18 -7 20 3 24 1 20 -4 24 8 15 8 20 6 7 16 0 0 0 0 0 0 0 0 0 0 0 0 0 0 0 0 0 0 0 0 0 0 11 -4 9 -7 14 -12 2 -10 4 -9 1 -12 -6 -14 -5 -9 -14 -20 -4 -13 -16 -22 -13 -17 -25 -10 -18 -19 -17 -12 -26 -15 -34 -23 -30 -15 -32 -20 -33 -15 -20 -4 -24 -10 -25 -9 -31 -10 -8 -6 -19 -5 ],2025-05-07_20-02-53-416
CSI_DATA,PASSIVE,5C:E9:31:E8:F4:66,-77,11,0,0,0,0,0,0,0,0,0,-96,0,11,0,1993510328,0,130,0,0,1993.68,128,[-126 32 8 0 -8 -19 -6 -17 -11 -16 -10 -17 -7 -20 -8 -18 0 -21 -11 -26 -6 -21 -19 -25 -15 -23 -9 -20 -21 -29 -11 -15 -12 -30 -10 -14 -9 -13 -2 -20 -12 -1 -7 -17 -6 -2 -4 -9 -1 -2 0 5 7 2 0 0 0 0 0 0 0 0 0 0 0 0 0 0 0 0 0 0 0 0 0 0 4 24 4 30 2 29 5 27 6 33 6 28 4 28 5 30 5 28 -2 24 -2 17 -6 21 1 18 6 19 7 25 -9 9 5 13 8 8 2 4 6 3 -7 -7 -11 -2 1 0 2 -1 -7 -6 2 -5 ],2025-05-07_20-02-53-421
CSI_DATA,PASSIVE,5C:E9:31:E8:F4:66,-77,11,0,0,0,0,0,0,0,0,0,-96,0,11,0,1993510544,0,125,0,0,1993.69,128,[125 -48 7 0 -6 11 -11 16 -7 17 -11 17 -15 15 -12 21 -13 20 -13 20 -15 22 -13 19 -15 23 -13 23 -12 26 -12 23 -13 24 -9 19 -10 17 -10 17 -9 13 -3 10 -4 8 -4 2 2 1 1 0 3 -9 0 0 0 0 0 0 0 0 0 0 0 0 0 0 0 0 0 0 0 0 0 0 18 -24 18 -27 22 -28 18 -24 24 -25 20 -32 19 -29 21 -24 18 -24 16 -23 18 -22 12 -19 13 -15 10 -14 9 -9 5 -12 9 -11 3 -4 2 -4 2 -3 4 0 1 1 1 3 -4 8 -3 10 -3 9 ],2025-05-07_20-02-53-427
CSI_DATA,PASSIVE,5C:E9:31:E8:F4:66,-77,11,0,0,0,0,0,0,0,0,0,-96,0,11,0,1993510753,0,145,0,0,1993.7,128,[-111 16 9 0 9 12 11 14 13 14 12 16 14 15 11 21 12 19 13 21 12 22 15 22 17 23 19 20 14 21 16 18 12 18 15 17 12 15 8 12 10 10 6 8 2 4 3 3 0 -3 -4 -3 -2 -5 0 0 0 0 0 0 0 0 0 0 0 0 0 0 0 0 0 0 0 0 0 0 -18 -29 -18 -28 -18 -29 -20 -27 -19 -31 -21 -30 -20 -28 -17 -26 -19 -26 -17 -24 -13 -21 -14 -21 -11 -21 -11 -14 -9 -13 -7 -13 -8 -10 -2 -8 -4 -3 -2 -4 1 -2 2 -1 4 -1 4 3 7 7 6 5 ],2025-05-07_20-02-53-433
CSI_DATA,PASSIVE,5C:E9:31:E8:F4:66,-77,11,0,0,0,0,0,0,0,0,0,-96,0,11,0,1993510990,0,250,0,0,1993.7,128,[-6 -96 15 0 14 8 17 8 18 7 18 10 20 13 21 14 23 12 23 13 23 12 22 11 27 10 24 12 23 10 20 10 18 12 19 11 18 10 12 5 7 3 5 1 4 1 3 0 -2 -4 -6 -4 -6 -4 0 0 0 0 0 0 0 0 0 0 0 0 0 0 0 0 0 0 0 0 0 0 -26 -20 -29 -16 -27 -19 -32 -20 -30 -18 -31 -17 -29 -20 -26 -16 -25 -16 -23 -18 -23 -15 -21 -17 -16 -12 -16 -13 -11 -11 -11 -9 -7 -7 -3 0 -4 -8 -4 -3 -2 -7 0 -6 4 -3 5 -1 6 4 10 -2 ],2025-05-07_20-02-53-438
CSI_DATA,PASSIVE,5C:E9:31:E8:F4:66,-78,11,0,0,0,0,0,0,0,0,0,-96,0,11,0,1993512744,0,120,0,0,1993.71,128,[120 -128 7 0 -13 -9 -12 -13 -15 -17 -14 -13 -20 -21 -14 -17 -16 -17 -22 -18 -22 -21 -20 -19 -24 -15 -20 -19 -20 -15 -23 -16 -18 -18 -19 -15 -14 -8 -13 -11 -10 -9 -8 -6 -6 -6 -4 -1 0 2 2 4 4 6 0 0 0 0 0 0 0 0 0 0 0 0 0 0 0 0 0 0 0 0 0 0 11 32 13 28 14 30 12 27 17 30 12 29 15 28 11 29 16 27 11 27 10 20 9 23 10 19 4 19 6 12 3 11 2 7 1 4 -2 8 -3 3 -3 0 -7 -1 -1 0 -9 -2 -8 -3 -12 -3 ],2025-05-07_20-02-53-444
CSI_DATA,PASSIVE,5C:E9:31:E8:E9:4E,-84,11,0,0,0,0,0,0,0,0,0,-96,0,11,0,1993584642,0,98,0,0,1993.75,128,[98 32 6 0 2 -9 1 -4 1 -8 7 -3 10 -1 7 -1 10 -2 16 0 13 5 13 0 15 5 13 8 14 6 19 7 20 7 14 8 18 10 14 14 9 14 10 12 5 14 1 15 -1 13 2 13 0 13 0 0 0 0 0 0 0 0 0 0 0 0 0 0 0 0 0 0 0 0 0 0 8 3 5 6 6 2 3 1 9 -5 9 -4 11 -7 13 -8 7 -11 9 -13 15 -15 4 -18 11 -18 5 -18 6 -25 -1 -26 3 -21 -1 -26 -3 -21 0 -23 0 -19 3 -16 -2 -20 -3 -20 -5 -19 -7 -15 ],2025-05-07_20-02-53-487
CSI_DATA,PASSIVE,5C:E9:31:E8:E9:4E,-83,11,0,0,0,0,0,0,0,0,0,-96,0,11,0,1993589370,0,208,0,0,1993.76,128,[-48 0 13 0 16 -8 3 -1 7 0 6 8 0 6 4 11 2 13 9 16 12 19 2 18 1 24 -1 21 5 25 5 30 4 27 2 22 -1 25 8 31 1 28 -6 25 -6 18 -10 22 -9 14 -9 16 -19 7 0 0 0 0 0 0 0 0 0 0 0 0 0 0 0 0 0 0 0 0 0 0 -4 3 -10 2 -9 3 1 7 3 12 -4 11 2 12 11 10 17 12 7 14 20 5 20 13 28 7 23 10 30 -1 32 4 28 -2 29 -5 24 -4 27 -7 21 -4 25 -16 21 -14 17 -11 16 -13 17 -7 ],2025-05-07_20-02-53-493
CSI_DATA,PASSIVE,5C:E9:31:E8:E9:4E,-84,11,0,0,0,0,0,0,0,0,0,-96,0,11,0,1993592960,0,158,0,0,1993.76,128,[-98 -32 9 0 5 1 9 2 2 6 -5 7 -7 5 -2 7 -6 16 -12 16 -18 13 -9 18 -11 17 -9 14 -17 12 -14 17 -15 11 -15 15 -19 16 -15 15 -19 15 -16 4 -18 9 -17 0 -17 3 -14 2 -13 -4 0 0 0 0 0 0 0 0 0 0 0 0 0 0 0 0 0 0 0 0 0 0 -5 4 -9 -1 -3 3 -5 5 1 8 2 5 0 13 -4 15 4 14 6 18 7 17 9 23 8 16 10 19 19 19 19 22 13 26 24 15 21 15 13 11 16 11 29 5 21 2 25 0 21 1 16 10 ],2025-05-07_20-02-53-498
CSI_DATA,PASSIVE,5C:E9:31:E8:E9:4E,-84,11,0,0,0,0,0,0,0,0,0,-96,0,11,0,1993594252,0,98,0,0,1993.77,128,[98 32 6 0 2 -6 10 -2 -1 6 1 5 2 11 0 10 0 14 5 14 -2 18 1 22 2 22 1 25 1 26 3 24 -2 23 -9 22 -8 17 -12 25 -8 24 -15 15 -14 15 -9 10 -16 8 -22 6 -16 3 0 0 0 0 0 0 0 0 0 0 0 0 0 0 0 0 0 0 0 0 0 0 -5 8 3 9 -4 10 -1 4 4 8 8 7 9 5 17 0 15 3 17 6 21 1 20 4 29 -5 27 -3 29 -5 30 -12 25 -8 31 -17 24 -17 28 -10 15 -18 26 -18 17 -7 16 -8 10 -15 18 -8 ],2025-05-07_20-02-53-503
CSI_DATA,PASSIVE,5C:E9:31:E8:F4:66,-78,11,0,0,0,0,0,0,0,0,0,-96,0,11,0,1993612347,0,108,0,0,1993.78,128,[108 -64 6 0 -3 -16 -1 -15 0 -17 -2 -19 1 -23 -2 -22 0 -23 -1 -24 -3 -27 -6 -28 -2 -25 -5 -27 -7 -25 -5 -22 -5 -21 -3 -20 -6 -16 -5 -15 -7 -15 -3 -11 -2 -7 -5 0 -1 2 -1 2 3 7 0 0 0 0 0 0 0 0 0 0 0 0 0 0 0 0 0 0 0 0 0 0 -6 30 -6 34 -3 32 -5 30 -5 32 -5 33 -6 31 -5 30 -7 32 -6 28 -9 27 -4 26 -4 21 -9 18 -9 17 -9 13 -5 8 -6 8 -4 8 -4 4 -5 -2 -4 -1 -4 -1 -2 -3 -4 -8 -5 -7 ],2025-05-07_20-02-53-516
CSI_DATA,PASSIVE,5C:E9:31:E8:F4:66,-78,11,0,0,0,0,0,0,0,0,0,-96,0,11,0,1993612532,0,94,0,0,1993.78,128,[94 -32 5 0 3 -16 7 -19 6 -21 5 -19 5 -22 6 -27 3 -30 10 -28 3 -30 4 -31 2 -30 2 -29 0 -29 -4 -23 -1 -22 -3 -26 -3 -21 -1 -21 -1 -15 0 -8 0 -8 -1 -2 -4 -1 0 1 -1 6 0 0 0 0 0 0 0 0 0 0 0 0 0 0 0 0 0 0 0 0 0 0 -21 28 -19 28 -21 29 -20 29 -22 34 -19 33 -20 31 -18 27 -17 29 -20 22 -17 26 -13 23 -17 19 -13 15 -15 16 -12 10 -11 5 -10 8 -6 3 -3 1 -7 -2 -7 -9 -3 -4 -6 -5 -3 -9 3 -6 ],2025-05-07_20-02-53-521
CSI_DATA,PASSIVE,5C:E9:31:E8:F4:66,-77,11,0,0,0,0,0,0,0,0,0,-96,0,11,0,1993612701,0,94,0,0,1993.79,128,[94 -32 5 0 16 6 17 3 16 4 20 10 24 11 30 7 21 5 26 8 34 6 27 5 28 5 29 1 25 0 25 4 25 7 24 4 21 3 15 -2 14 2 10 -2 8 -3 1 0 -1 -5 -3 -5 -8 -1 0 0 0 0 0 0 0 0 0 0 0 0 0 0 0 0 0 0 0 0 0 0 -33 -7 -34 -9 -35 -10 -38 -12 -40 -9 -39 -10 -37 -10 -36 -9 -31 -13 -29 -10 -29 -8 -29 -10 -23 -3 -22 -11 -17 -10 -13 -8 -9 -12 -11 -7 -6 -5 1 -8 -3 -6 3 -2 4 -3 6 -5 5 -7 8 0 ],2025-05-07_20-02-53-526
CSI_DATA,PASSIVE,5C:E9:31:E8:F4:66,-78,11,0,0,0,0,0,0,0,0,0,-96,0,11,0,1993612870,0,94,0,0,1993.8,128,[94 -32 5 0 3 11 10 14 3 18 5 21 5 28 3 23 3 24 5 28 6 27 7 24 10 28 13 24 10 26 11 22 7 20 12 24 17 12 10 13 5 12 3 8 5 4 2 -2 1 -2 -2 -5 -4 -8 0 0 0 0 0 0 0 0 0 0 0 0 0 0 0 0 0 0 0 0 0 0 -1 -36 2 -35 0 -35 0 -37 0 -39 3 -37 4 -34 5 -36 -3 -36 0 -29 3 -31 4 -25 -2 -27 5 -21 4 -20 5 -15 2 -13 7 -6 2 -5 7 -2 5 -4 5 0 7 1 6 3 4 4 5 10 ],2025-05-07_20-02-53-531
CSI_DATA,PASSIVE,5C:E9:31:E8:F4:66,-78,11,0,0,0,0,0,0,0,0,0,-96,0,11,0,1993613039,0,208,0,0,1993.8,128,[-48 0 13 0 -11 6 -15 12 -22 9 -18 12 -18 9 -21 12 -21 11 -22 12 -22 12 -23 12 -21 17 -21 16 -19 19 -20 19 -17 18 -18 19 -12 19 -15 13 -10 9 -7 9 -5 6 -3 1 1 1 3 -3 3 -5 0 0 0 0 0 0 0 0 0 0 0 0 0 0 0 0 0 0 0 0 0 0 28 -13 31 -11 32 -10 33 -11 28 -12 30 -14 28 -12 26 -12 28 -8 27 -5 23 -10 21 -7 20 -7 20 -6 15 -2 11 -2 13 4 9 -6 2 1 5 0 3 3 2 0 3 5 2 3 -4 6 -8 8 ],2025-05-07_20-02-53-537
CSI_DATA,PASSIVE,5C:E9:31:E8:F4:66,-78,11,0,0,0,0,0,0,0,0,0,-96,0,11,0,1993613360,0,158,0,0,1993.81,128,[-98 -32 9 0 9 0 16 -3 17 -4 18 -8 19 -3 21 -6 25 -7 23 -4 20 -8 20 -10 22 -8 21 -10 21 -15 21 -10 23 -13 23 -13 14 -10 9 -10 8 -9 5 -7 4 -1 0 -5 -1 3 -2 0 -4 2 0 0 0 0 0 0 0 0 0 0 0 0 0 0 0 0 0 0 0 0 0 0 -31 -3 -34 -5 -31 -6 -34 -4 -32 -7 -30 -7 -32 -2 -31 -1 -32 -3 -32 -2 -26 -2 -25 -6 -22 -6 -23 -3 -18 -4 -10 -3 -12 -3 -8 -8 -7 -6 -2 -7 -5 2 1 -5 3 -10 3 -10 3 0 7 1 ],2025-05-07_20-02-53-543
CSI_DATA,PASSIVE,5C:E9:31:E8:E9:4E,-85,11,0,0,0,0,0,0,0,0,0,-96,0,11,0,1993634060,0,128,0,0,1993.81,128,[-128 0 8 0 4 9 2 4 -6 7 -3 3 -10 1 -14 -2 -14 6 -20 8 -20 0 -24 -4 -24 0 -18 -6 -22 -10 -20 -18 -25 -9 -13 -5 -19 -7 -15 -22 -17 -13 -5 -20 -15 -13 -9 -16 -5 -22 -6 -22 -4 -19 0 0 0 0 0 0 0 0 0 0 0 0 0 0 0 0 0 0 0 0 0 0 -6 -1 0 2 -11 11 -8 11 -4 7 -3 8 -2 13 -7 23 -2 13 2 25 -2 23 2 27 11 27 6 18 7 29 18 25 15 26 14 34 19 34 8 16 16 17 8 26 13 19 16 15 13 1 21 11 ],2025-05-07_20-02-53-548
CSI_DATA,PASSIVE,5C:E9:31:E8:E9:4E,-85,11,0,0,0,0,0,0,0,0,0,-96,0,11,0,1993634539,0,276,0,0,1993.82,128,[20 65 17 0 7 1 10 2 5 2 -5 0 -1 8 -3 11 0 20 -4 11 -9 13 3 13 -4 23 -7 19 -5 19 -10 15 -9 18 -12 16 -10 18 -13 9 -12 4 -10 7 -10 5 -19 7 -12 7 -16 2 -6 4 0 0 0 0 0 0 0 0 0 0 0 0 0 0 0 0 0 0 0 0 0 0 -10 5 -1 6 1 8 -1 6 -4 -2 1 8 1 12 3 11 18 12 10 4 12 9 12 5 26 13 13 17 23 11 19 9 16 10 22 4 24 -5 29 -3 21 1 23 1 15 5 17 -13 9 -6 12 8 ],2025-05-07_20-02-53-553
CSI_DATA,PASSIVE,5C:E9:31:E8:E9:4E,-84,11,0,0,0,0,0,0,0,0,0,-96,0,11,0,1993671702,0,130,0,0,1993.84,128,[-126 32 8 0 8 8 7 8 1 5 -3 5 -2 10 -1 8 -9 5 -10 11 -12 17 -7 13 -13 20 -13 26 -19 15 -19 18 -21 23 -21 12 -25 15 -26 13 -25 10 -26 5 -23 1 -18 2 -25 -10 -26 -3 -17 -11 0 0 0 0 0 0 0 0 0 0 0 0 0 0 0 0 0 0 0 0 0 0 -14 7 -6 7 -13 9 -1 6 3 10 2 15 6 10 8 13 11 16 13 13 13 7 12 25 20 10 10 14 19 12 26 9 26 13 20 8 34 5 25 3 26 4 21 2 25 0 25 -5 16 -6 17 -8 ],2025-05-07_20-02-53-575
CSI_DATA,PASSIVE,5C:E9:31:E8:E9:4E,-85,11,0,0,0,0,0,0,0,0,0,-96,0,11,0,1993700376,0,98,0,0,1993.87,128,[98 32 6 0 11 12 9 9 3 12 4 4 -7 6 -13 12 -13 12 -13 9 -9 10 -21 11 -22 9 -26 13 -30 15 -29 8 -25 16 -29 11 -29 -1 -23 -2 -25 -4 -28 -5 -23 -9 -20 -8 -18 -8 -15 -9 -14 -21 0 0 0 0 0 0 0 0 0 0 0 0 0 0 0 0 0 0 0 0 0 0 -16 -5 -7 -5 -11 -1 -11 3 -5 2 -6 6 -7 13 -7 17 -4 16 3 15 6 21 5 28 1 24 10 29 14 26 19 29 15 26 18 27 18 23 17 26 22 23 21 23 28 19 23 19 20 13 13 4 ],2025-05-07_20-02-53-604
CSI_DATA,PASSIVE,5C:E9:31:E8:E9:4E,-84,11,0,0,0,0,0,0,0,0,0,-96,0,11,0,1993700549,0,158,0,0,1993.87,128,[-98 -32 9 0 -16 7 -1 0 -8 3 0 0 -9 -7 -11 -2 -14 -8 -13 -10 -10 -14 -12 -13 -23 -18 -23 -21 -22 -28 -21 -21 -19 -21 -17 -26 -16 -26 -13 -31 -8 -17 -5 -26 -6 -20 5 -20 5 -19 12 -20 7 -16 0 0 0 0 0 0 0 0 0 0 0 0 0 0 0 0 0 0 0 0 0 0 -1 -14 -3 -8 8 -8 -8 -16 -5 -12 -8 -5 -16 -4 -11 -1 -21 4 -20 2 -24 5 -20 1 -27 7 -31 13 -24 14 -27 15 -25 17 -26 20 -23 20 -17 19 -16 20 -7 25 -14 25 -14 17 -11 25 -12 16 ],2025-05-07_20-02-53-609
CSI_DATA,PASSIVE,5C:E9:31:E8:F4:66,-77,11,0,0,0,0,0,0,0,0,0,-96,0,11,0,1993714897,0,158,0,0,1993.88,128,[-98 -32 9 0 -12 19 -14 18 -12 13 -16 18 -11 21 -10 23 -2 22 -9 30 -4 33 -9 38 -6 24 -4 26 2 26 4 22 16 7 18 27 15 22 17 26 1 13 0 15 -2 1 1 -1 -4 -11 4 -4 -1 -7 0 0 0 0 0 0 0 0 0 0 0 0 0 0 0 0 0 0 0 0 0 0 26 25 25 25 28 28 32 25 32 22 35 21 41 23 30 19 27 16 23 11 18 15 17 2 19 3 26 0 22 6 24 6 20 4 12 10 0 9 -2 17 -11 12 -18 1 -15 3 -8 3 -4 2 -8 3 ],2025-05-07_20-02-53-618
CSI_DATA,PASSIVE,5C:E9:31:E8:F4:66,-77,11,0,0,0,0,0,0,0,0,0,-96,0,11,0,1993715150,0,128,0,0,1993.89,128,[-128 0 8 0 5 18 7 18 8 19 10 18 9 18 12 20 13 16 5 26 3 29 7 15 19 24 4 22 22 18 23 14 11 26 5 15 14 11 17 13 10 5 4 13 0 10 9 7 -4 -6 3 -4 -4 -12 0 0 0 0 0 0 0 0 0 0 0 0 0 0 0 0 0 0 0 0 0 0 -9 -28 -3 -32 -6 -33 -6 -30 -13 -35 -9 -30 -12 -37 -15 -26 -4 -29 -10 -34 -5 -37 -5 -17 -10 -16 -9 -18 -10 -13 -9 -9 17 -4 -4 -4 -1 -7 7 0 7 -8 1 6 9 1 0 7 0 6 8 12 ],2025-05-07_20-02-53-623
CSI_DATA,PASSIVE,5C:E9:31:E8:F4:66,-78,11,0,0,0,0,0,0,0,0,0,-96,0,11,0,1993715363,0,276,0,0,1993.89,128,[20 65 17 0 -7 15 -16 14 -12 9 -19 13 -19 17 -20 19 -20 17 -19 17 -21 22 -21 22 -21 20 -20 21 -20 21 -17 20 -16 18 -17 17 -13 16 -9 16 -7 9 -5 8 -5 5 -1 3 -1 -2 1 -2 2 -5 0 0 0 0 0 0 0 0 0 0 0 0 0 0 0 0 0 0 0 0 0 0 24 -22 25 -23 22 -21 25 -23 23 -25 22 -22 22 -24 24 -22 22 -17 20 -19 17 -19 17 -10 19 -10 13 -12 9 -7 11 -4 7 -1 8 0 5 -2 5 -1 0 0 -1 6 -2 7 -5 10 -5 2 -3 10 ],2025-05-07_20-02-53-629
CSI_DATA,PASSIVE,5C:E9:31:E8:F4:66,-78,11,0,0,0,0,0,0,0,0,0,-96,0,11,0,1993715772,0,185,0,0,1993.9,128,[-71 -112 11 0 10 -10 14 -10 17 -11 19 -10 19 -13 19 -14 20 -17 25 -15 23 -21 21 -17 19 -18 22 -19 18 -20 21 -17 15 -18 17 -19 12 -17 12 -14 6 -14 4 -10 1 -5 1 0 -2 -3 -3 2 -5 6 0 0 0 0 0 0 0 0 0 0 0 0 0 0 0 0 0 0 0 0 0 0 -28 15 -28 15 -29 15 -29 15 -27 16 -28 15 -29 14 -28 15 -25 13 -26 15 -24 11 -20 6 -20 6 -16 4 -16 3 -13 0 -10 0 -6 0 -5 -1 -2 -1 -3 -6 -2 -7 0 -6 2 -7 5 -9 6 -7 ],2025-05-07_20-02-53-634
CSI_DATA,PASSIVE,5C:E9:31:E8:F4:66,-77,11,0,0,0,0,0,0,0,0,0,-96,0,11,0,1993716061,0,165,0,0,1993.9,128,[-91 80 10 0 1 -16 4 -18 2 -22 5 -21 2 -21 1 -22 2 -24 0 -26 5 -25 1 -27 -1 -29 -3 -27 1 -32 -3 -27 -1 -22 -3 -23 -1 -21 -2 -17 -2 -14 1 -11 -3 -10 -3 -5 -3 -1 -3 3 -1 7 0 0 0 0 0 0 0 0 0 0 0 0 0 0 0 0 0 0 0 0 0 0 -10 30 -11 30 -8 31 -10 34 -8 31 -11 33 -10 31 -11 28 -7 29 -14 25 -6 23 -7 21 -9 17 -9 13 -6 8 -6 9 -8 7 -5 7 -5 2 -3 -2 -4 -4 -2 -3 -4 -7 -5 -10 -11 -7 -5 -11 ],2025-05-07_20-02-53-640
CSI_DATA,PASSIVE,5C:E9:31:E8:F4:66,-78,11,0,0,0,0,0,0,0,0,0,-96,0,11,0,1993716322,0,130,0,0,1993.91,128,[-126 32 8 0 -15 8 -20 7 -23 9 -18 11 -27 11 -27 9 -27 13 -30 16 -25 13 -29 18 -27 20 -26 17 -25 19 -28 17 -22 17 -19 16 -14 13 -15 14 -12 11 -9 8 -7 3 -4 2 2 -1 4 -1 4 -4 0 0 0 0 0 0 0 0 0 0 0 0 0 0 0 0 0 0 0 0 0 0 35 -9 36 -6 35 -6 37 -8 37 -10 36 -10 33 -11 34 -6 29 -9 31 -7 27 -6 25 -3 22 -2 16 0 16 -2 14 1 9 0 9 -2 6 5 1 6 1 0 1 3 -5 7 -6 7 -9 4 -11 5 ],2025-05-07_20-02-53-645
CSI_DATA,PASSIVE,5C:E9:31:E8:F4:66,-77,11,0,0,0,0,0,0,0,0,0,-96,0,11,0,1993716539,0,108,0,0,1993.91,128,[108 -64 6 0 12 10 14 12 16 14 15 17 14 14 12 19 15 19 20 17 18 20 20 16 22 17 22 18 24 16 21 12 18 12 15 9 16 11 15 7 11 4 7 4 5 3 0 1 1 -2 -3 -3 -7 -3 0 0 0 0 0 0 0 0 0 0 0 0 0 0 0 0 0 0 0 0 0 0 -17 -26 -18 -28 -19 -27 -19 -30 -21 -27 -20 -27 -20 -27 -17 -26 -17 -27 -17 -25 -16 -24 -12 -18 -9 -19 -9 -16 -8 -14 -1 -13 -3 -11 0 -6 1 -6 1 -6 2 -4 6 1 4 -1 5 0 5 6 9 5 ],2025-05-07_20-02-53-651
CSI_DATA,PASSIVE,5C:E9:31:E8:F4:66,-78,11,0,0,0,0,0,0,0,0,0,-96,0,11,0,1993716724,0,736,0,0,1993.92,128,[-32 2 46 0 5 15 4 17 2 17 3 18 5 22 8 25 7 24 11 22 10 24 11 24 13 26 10 26 13 26 11 20 12 22 9 23 9 16 7 14 6 11 5 9 3 5 3 0 -4 -2 -2 -3 -5 -7 0 0 0 0 0 0 0 0 0 0 0 0 0 0 0 0 0 0 0 0 0 0 -4 -31 -4 -32 -6 -32 -4 -33 -6 -35 -6 -36 -4 -33 -6 -32 -4 -32 -4 -28 0 -27 -4 -22 -2 -23 2 -15 1 -16 -1 -11 1 -8 6 -5 2 -8 3 -1 1 -1 4 0 4 2 4 5 7 7 5 8 ],2025-05-07_20-02-53-656
CSI_DATA,PASSIVE,5C:E9:31:E8:F4:66,-77,11,0,0,0,0,0,0,0,0,0,-96,0,11,0,1993717749,0,94,0,0,1993.92,128,[94 -32 5 0 4 -21 3 -16 5 -19 5 -14 1 -18 4 -19 4 -29 8 -24 18 -32 7 -20 10 -30 4 -26 8 -17 14 -25 6 -20 6 -22 -11 -23 -2 -20 9 -18 -8 -19 0 -9 -7 -6 -1 -9 -4 7 0 7 0 0 0 0 0 0 0 0 0 0 0 0 0 0 0 0 0 0 0 0 0 0 -1 31 2 25 2 26 4 29 5 31 -2 30 -6 26 -1 27 -7 27 -2 20 -5 29 -14 17 -9 13 -11 7 -2 9 -2 7 -8 -6 2 -6 -11 -4 -7 1 0 -4 -10 -13 -6 7 9 -12 -7 -9 1 -9 ],2025-05-07_20-02-53-661
CSI_DATA,PASSIVE,5C:E9:31:E8:F4:66,-77,11,0,0,0,0,0,0,0,0,0,-96,0,11,0,1993717918,0,158,0,0,1993.93,128,[-98 -32 9 0 17 5 18 4 17 6 21 5 23 8 28 1 31 8 29 -3 25 1 25 -6 20 1 19 1 30 -8 21 -12 19 -17 11 -4 26 -12 18 7 22 6 2 2 10 -3 3 6 -2 1 -11 -3 -2 0 0 0 0 0 0 0 0 0 0 0 0 0 0 0 0 0 0 0 0 0 0 0 -21 -21 -28 -21 -23 -25 -22 -20 -24 -27 -23 -19 -25 -22 -25 -23 -23 -17 -15 -13 -19 -18 -22 -10 -14 -15 -3 -16 -11 -8 -20 -13 7 1 -10 -6 0 -15 -8 -6 3 -4 9 -14 4 -3 -3 -6 9 2 5 2 ],2025-05-07_20-02-53-667
CSI_DATA,PASSIVE,5C:E9:31:E8:E9:4E,-84,11,0,0,0,0,0,0,0,0,0,-96,0,11,0,1993789672,0,137,0,0,1993.96,128,[-119 -112 8 0 -10 -13 -8 -6 -3 -2 2 -2 4 0 3 -2 16 -3 20 -3 18 6 21 7 27 10 25 9 33 8 23 12 22 19 19 17 11 18 13 21 10 25 6 20 2 23 -1 19 2 21 -5 18 -11 12 0 0 0 0 0 0 0 0 0 0 0 0 0 0 0 0 0 0 0 0 0 0 10 -3 9 -8 6 -2 10 -15 8 -15 1 -13 2 -20 0 -22 1 -25 3 -31 -1 -29 -8 -29 -1 -24 -8 -31 -14 -35 -16 -23 -9 -22 -21 -30 -17 -35 -23 -24 -11 -36 -21 -19 -15 -20 -13 -17 -14 -22 -13 -11 ],2025-05-07_20-02-53-694
CSI_DATA,PASSIVE,5C:E9:31:E8:E9:4E,-84,11,0,0,0,0,0,0,0,0,0,-96,0,11,0,1993789897,0,117,0,0,1993.96,128,[117 80 7 0 -6 8 -8 0 -9 5 -5 -1 -6 -12 -9 -8 -10 -14 -9 -12 -16 -15 -14 -23 -8 -16 -14 -18 -11 -20 -8 -23 -10 -16 -14 -23 -8 -24 -6 -24 0 -20 -1 -15 -3 -17 1 -21 5 -18 10 -16 7 -15 0 0 0 0 0 0 0 0 0 0 0 0 0 0 0 0 0 0 0 0 0 0 4 -8 0 -10 -2 -6 -7 -7 -7 -8 -9 -1 -14 -9 -17 -1 -19 0 -23 5 -27 -6 -20 2 -23 7 -23 8 -21 13 -21 14 -23 16 -28 19 -23 20 -21 18 -20 24 -14 23 -13 17 -12 21 -11 18 -12 12 ],2025-05-07_20-02-53-699
CSI_DATA,PASSIVE,5C:E9:31:E8:F4:66,-77,11,0,0,0,0,0,0,0,0,0,-96,0,11,0,1993817191,0,117,0,0,1993.98,128,[117 80 7 0 3 11 9 15 9 8 11 15 11 18 12 20 14 23 16 18 20 15 24 16 19 17 20 16 21 15 17 7 26 -4 21 11 20 12 11 10 15 -1 10 -4 13 0 5 5 -1 8 -8 -4 -8 -5 0 0 0 0 0 0 0 0 0 0 0 0 0 0 0 0 0 0 0 0 0 0 22 -25 23 -29 16 -25 19 -28 16 -28 14 -31 10 -31 4 -47 16 -30 11 -26 14 -20 0 -22 7 -22 10 -21 10 -13 10 -12 5 -7 0 -7 3 -11 -5 -14 9 -8 8 3 8 3 2 3 -1 3 3 2 ],2025-05-07_20-02-53-721
CSI_DATA,PASSIVE,5C:E9:31:E8:F4:66,-78,11,0,0,0,0,0,0,0,0,0,-96,0,11,0,1993817388,0,137,0,0,1993.99,128,[-119 -112 8 0 -12 -5 -11 -14 -15 -14 -15 -10 -20 -10 -17 -17 -19 -12 -23 -13 -23 -12 -20 -14 -26 -11 -26 -12 -28 -14 -25 -11 -22 -10 -19 -8 -16 -9 -16 -3 -13 -4 -8 -6 -7 -3 -6 -2 -1 -1 5 0 7 0 0 0 0 0 0 0 0 0 0 0 0 0 0 0 0 0 0 0 0 0 0 0 18 25 17 24 19 25 16 25 20 25 20 24 19 25 21 25 14 22 16 24 14 23 14 20 14 19 10 15 7 14 6 12 4 11 2 9 2 7 0 8 -4 5 -3 6 -3 1 -3 -1 -8 -3 -8 -5 ],2025-05-07_20-02-53-726
CSI_DATA,PASSIVE,5C:E9:31:E8:F4:66,-78,11,0,0,0,0,0,0,0,0,0,-96,0,11,0,1993817613,0,98,0,0,1993.99,128,[98 32 6 0 0 14 2 14 4 18 1 18 3 21 4 22 6 23 5 25 3 23 9 27 8 24 8 26 8 22 11 21 10 22 5 15 4 16 4 17 3 15 3 8 2 3 1 4 -1 -2 -3 -6 -4 -6 0 0 0 0 0 0 0 0 0 0 0 0 0 0 0 0 0 0 0 0 0 0 -2 -27 0 -30 1 -34 -4 -30 -1 -36 0 -32 -1 -32 -5 -32 2 -30 -1 -28 4 -29 -2 -28 -3 -22 0 -22 5 -14 0 -14 -2 -10 -1 -10 0 -10 1 -3 -5 -5 3 4 0 0 0 -2 4 4 -1 8 ],2025-05-07_20-02-53-731
CSI_DATA,PASSIVE,5C:E9:31:E8:E9:4E,-86,11,0,0,0,0,0,0,0,0,0,-96,0,11,0,1993846389,0,165,0,0,1994.01,128,[-91 80 10 0 -3 -9 -10 -5 5 -2 4 -17 1 -9 3 -5 12 -3 8 -12 15 -14 23 -6 24 -14 25 -8 25 -18 21 -9 25 -11 25 -14 22 -14 29 -5 20 1 25 4 16 2 23 6 19 12 13 12 15 16 0 0 0 0 0 0 0 0 0 0 0 0 0 0 0 0 0 0 0 0 0 0 10 -12 9 -8 6 -4 6 -10 8 -19 0 -11 -1 -16 -10 -14 -7 -13 -9 -20 -13 -23 -21 -17 -9 -17 -27 -8 -16 -22 -17 -26 -17 -14 -26 -13 -20 -21 -38 -10 -17 3 -32 -7 -30 -6 -19 2 -25 -10 -12 -8 ],2025-05-07_20-02-53-750
CSI_DATA,PASSIVE,5C:E9:31:E8:E9:4E,-85,11,0,0,0,0,0,0,0,0,0,-96,0,11,0,1993848496,0,217,0,0,1994.02,128,[-39 -112 13 0 -14 -2 -8 -3 3 -7 -1 -6 2 -6 1 -7 4 -8 5 -12 13 -10 15 -16 16 -13 23 -13 12 -9 17 -15 20 -16 25 -9 21 -6 22 -5 19 0 19 -3 21 0 17 2 18 5 13 9 12 7 0 0 0 0 0 0 0 0 0 0 0 0 0 0 0 0 0 0 0 0 0 0 5 1 8 -5 12 -2 5 -11 8 -10 8 -11 1 -12 4 -16 -2 -14 -3 -14 0 -19 -10 -23 -11 -17 -13 -32 -11 -17 -20 -17 -14 -20 -16 -13 -18 -13 -20 -9 -23 -15 -19 -18 -28 -13 -18 -9 -16 -1 -17 -3 ],2025-05-07_20-02-53-755
CSI_DATA,PASSIVE,5C:E9:31:E8:E9:4E,-85,11,0,0,0,0,0,0,0,0,0,-96,0,11,0,1993887014,0,128,0,0,1994.05,128,[-128 0 8 0 -5 -5 -11 -11 -3 -11 -4 -6 -1 -4 6 -3 9 -9 15 -8 18 -8 13 -11 19 -14 17 -20 16 -12 20 -12 22 -12 26 -12 23 -3 19 -10 27 -5 22 -3 15 6 18 4 17 8 17 11 16 18 0 0 0 0 0 0 0 0 0 0 0 0 0 0 0 0 0 0 0 0 0 0 10 4 6 6 12 1 10 -2 6 -3 3 -5 7 -11 10 -18 0 -15 5 -15 9 -22 5 -20 -2 -21 -8 -22 -11 -27 -7 -27 -21 -20 -21 -24 -21 -21 -19 -21 -14 -16 -16 -14 -25 -13 -11 -12 -16 -15 -12 -12 ],2025-05-07_20-02-53-790
CSI_DATA,PASSIVE,5C:E9:31:E8:F4:66,-78,11,0,0,0,0,0,0,0,0,0,-96,0,11,0,1993919671,0,165,0,0,1994.09,128,[-91 80 10 0 -6 -11 -7 -14 -11 -10 -13 -13 -13 -15 -14 -15 -11 -18 -15 -19 -17 -18 -13 -20 -16 -15 -22 -18 -18 -19 -17 -19 -11 -16 -15 -13 -14 -16 -12 -10 -5 -10 -12 -9 -5 -5 -4 -3 -1 -2 -1 1 1 2 0 0 0 0 0 0 0 0 0 0 0 0 0 0 0 0 0 0 0 0 0 0 19 19 19 22 21 21 22 21 21 20 21 20 22 19 18 20 18 23 17 18 11 16 13 11 12 17 5 11 10 10 3 6 6 2 -1 8 -1 0 0 6 2 -4 -2 2 -1 -5 -5 -4 -4 -10 -7 -5 ],2025-05-07_20-02-53-824
CSI_DATA,PASSIVE,5C:E9:31:E8:F4:66,-78,11,0,0,0,0,0,0,0,0,0,-96,0,11,0,1993919931,0,217,0,0,1994.09,128,[-39 -112 13 0 -12 8 -11 10 -12 8 -17 14 -15 14 -18 12 -16 15 -20 15 -21 17 -16 16 -18 17 -17 20 -17 22 -18 17 -15 19 -16 17 -13 16 -14 12 -10 11 -6 8 -5 7 -4 3 -1 -1 0 -3 1 -6 0 0 0 0 0 0 0 0 0 0 0 0 0 0 0 0 0 0 0 0 0 0 21 -23 19 -24 22 -24 20 -28 22 -26 21 -26 24 -24 22 -26 21 -18 17 -20 15 -23 16 -18 17 -15 12 -13 11 -7 10 -5 9 -5 7 -5 0 -2 1 -1 1 2 0 2 -2 2 -2 7 -3 6 -5 2 ],2025-05-07_20-02-53-829
CSI_DATA,PASSIVE,5C:E9:31:E8:F4:66,-78,11,0,0,0,0,0,0,0,0,0,-96,0,11,0,1993920264,0,266,0,0,1994.1,128,[10 -95 16 0 -4 14 -3 14 -6 14 -12 19 -8 16 -10 21 -7 21 -10 23 -11 23 -6 24 -13 24 -8 30 -8 24 -8 24 -5 22 -6 23 -8 17 -8 16 -7 14 -6 11 -2 5 1 4 -2 0 -1 -5 0 -5 0 0 0 0 0 0 0 0 0 0 0 0 0 0 0 0 0 0 0 0 0 0 5 -26 5 -34 6 -33 4 -33 8 -32 6 -31 6 -36 5 -29 8 -30 10 -23 6 -25 6 -21 2 -21 7 -16 2 -13 7 -9 -1 -14 3 -7 0 -3 0 -3 0 -1 2 3 -1 -2 -4 8 -4 3 -1 5 ],2025-05-07_20-02-53-834
CSI_DATA,PASSIVE,5C:E9:31:E8:F4:66,-78,11,0,0,0,0,0,0,0,0,0,-96,0,11,0,1993920661,0,128,0,0,1994.1,128,[-128 0 8 0 -8 12 -7 12 -9 17 -10 19 -11 19 -13 23 -13 29 -14 25 -11 24 -11 25 -9 26 -10 25 -9 29 -10 27 -10 25 -7 22 -4 21 -5 19 -8 11 -2 9 -5 7 -3 1 -3 -1 -2 -5 -2 -6 0 0 0 0 0 0 0 0 0 0 0 0 0 0 0 0 0 0 0 0 0 0 16 -32 17 -33 17 -30 18 -35 16 -35 18 -36 17 -31 16 -31 15 -36 11 -30 13 -26 11 -22 15 -22 14 -20 5 -17 7 -9 5 -8 2 -9 0 -3 -2 -3 -1 4 1 5 8 4 -3 6 -5 6 0 4 ],2025-05-07_20-02-53-839
CSI_DATA,PASSIVE,5C:E9:31:E8:F4:66,-78,11,0,0,0,0,0,0,0,0,0,-96,0,11,0,1993920874,0,205,0,0,1994.11,128,[-51 -48 12 0 -9 -7 -15 -11 -12 -7 -16 -13 -17 -11 -19 -11 -21 -13 -23 -12 -22 -12 -22 -11 -26 -11 -27 -12 -27 -10 -24 -8 -25 -8 -25 -7 -21 -9 -15 -5 -12 -8 -9 -4 -7 -6 -8 -3 1 -4 4 -1 5 0 0 0 0 0 0 0 0 0 0 0 0 0 0 0 0 0 0 0 0 0 0 0 25 17 28 19 24 18 25 20 28 15 29 20 26 20 27 15 27 15 20 16 24 15 19 15 16 11 11 12 12 12 5 9 5 6 2 8 4 1 4 3 0 4 -2 -1 0 2 -2 0 -4 -2 -8 -5 ],2025-05-07_20-02-53-845
CSI_DATA,PASSIVE,5C:E9:31:E8:F4:66,-78,11,0,0,0,0,0,0,0,0,0,-96,0,11,0,1993921191,0,94,0,0,1994.11,128,[94 -32 5 0 -3 -13 -4 -15 -3 -22 -6 -23 -2 -23 -5 -22 -3 -27 -6 -28 -9 -28 -8 -29 -9 -31 -14 -30 -11 -31 -7 -26 -8 -23 -10 -24 -9 -21 -7 -18 -8 -15 -6 -15 -3 -6 -4 -3 0 -4 3 3 3 8 0 0 0 0 0 0 0 0 0 0 0 0 0 0 0 0 0 0 0 0 0 0 11 32 11 32 12 35 12 32 13 34 13 34 9 32 12 37 10 31 12 31 6 29 5 23 8 23 4 20 3 14 1 13 0 8 -2 12 -1 5 0 -1 1 2 -4 -1 -3 -2 -3 -6 -2 -8 -4 -7 ],2025-05-07_20-02-53-850
CSI_DATA,PASSIVE,5C:E9:31:E8:E9:4E,-84,11,0,0,0,0,0,0,0,0,0,-96,0,11,0,1993991288,0,148,0,0,1994.16,128,[-108 64 9 0 1 10 5 4 -5 6 -8 5 -2 5 3 -5 -17 -2 -20 -4 -20 -3 -21 -19 -20 -13 -23 -21 -18 -19 -27 -16 -27 -18 -25 -9 -20 -25 -17 -22 -15 -22 -6 -25 -3 -22 -2 -26 -3 -23 1 -24 5 -21 0 0 0 0 0 0 0 0 0 0 0 0 0 0 0 0 0 0 0 0 0 0 -7 -6 -9 -5 -12 3 -11 4 -11 3 -10 8 -12 14 -15 15 -18 12 -10 18 -9 22 -6 15 -6 28 1 22 -5 27 -1 29 2 22 -8 30 1 31 4 22 2 31 5 34 9 31 10 24 5 21 5 21 ],2025-05-07_20-02-53-894
CSI_DATA,PASSIVE,5C:E9:31:E8:E9:4E,-84,11,0,0,0,0,0,0,0,0,0,-96,0,11,0,1993991529,0,148,0,0,1994.16,128,[-108 64 9 0 2 -11 5 -5 2 -3 6 2 3 9 9 11 8 9 7 17 15 13 1 17 9 20 3 29 9 31 1 25 5 27 0 19 7 29 0 25 -2 22 -7 25 -11 21 -16 16 -17 11 -16 13 -17 6 0 0 0 0 0 0 0 0 0 0 0 0 0 0 0 0 0 0 0 0 0 0 2 12 6 7 10 8 3 10 0 8 9 3 6 10 18 -6 21 -7 20 -6 24 0 22 -4 23 -9 32 -9 28 -10 27 -19 23 -15 23 -15 22 -18 17 -20 14 -21 11 -16 18 -15 11 -20 7 -16 9 -18 ],2025-05-07_20-02-53-900
CSI_DATA,PASSIVE,5C:E9:31:E8:E9:4E,-85,11,0,0,0,0,0,0,0,0,0,-96,0,11,0,1993993158,0,148,0,0,1994.17,128,[-108 64 9 0 7 6 9 10 5 10 -3 2 -2 2 -14 5 -12 7 -16 11 -21 3 -23 9 -31 18 -23 6 -24 7 -24 14 -31 8 -22 4 -27 -1 -23 4 -26 -1 -19 -6 -21 -3 -24 -6 -17 -8 -17 -8 -15 -11 0 0 0 0 0 0 0 0 0 0 0 0 0 0 0 0 0 0 0 0 0 0 -11 -6 -12 -7 -12 -6 -10 -6 -6 2 -15 1 -14 12 -11 5 -14 8 -12 11 -7 15 -7 20 -9 26 -3 16 -3 29 -1 32 -4 22 7 26 6 32 3 24 12 16 7 23 11 20 4 12 5 18 5 11 ],2025-05-07_20-02-53-906
CSI_DATA,PASSIVE,5C:E9:31:E8:E9:4E,-83,11,0,0,0,0,0,0,0,0,0,-96,0,11,0,1993993399,0,128,0,0,1994.17,128,[-128 0 8 0 -11 -6 -6 -9 5 -11 7 4 5 -3 8 -4 20 -4 23 -1 15 -3 20 -12 24 -12 27 -12 25 3 31 1 30 -3 33 -4 29 8 21 9 30 8 21 16 20 17 15 12 18 18 16 14 13 17 0 0 0 0 0 0 0 0 0 0 0 0 0 0 0 0 0 0 0 0 0 0 1 3 14 4 4 2 11 1 14 -3 8 1 11 -8 10 -11 13 -17 7 -32 9 -25 5 -26 10 -32 2 -31 3 -28 0 -33 -1 -34 -5 -34 -9 -31 -16 -27 -11 -25 -17 -28 -14 -19 -11 -13 -13 -19 -11 -19 ],2025-05-07_20-02-53-911
CSI_DATA,PASSIVE,5C:E9:31:E8:E9:4E,-84,11,0,0,0,0,0,0,0,0,0,-96,0,11,0,1993994778,0,130,0,0,1994.18,128,[-126 32 8 0 2 3 -2 5 -4 0 4 7 -6 5 -11 11 -16 8 -23 6 -11 1 -19 11 -26 10 -23 10 -38 16 -32 1 -36 2 -35 9 -28 5 -34 -1 -26 -6 -25 -9 -22 -10 -15 -12 -19 -16 -11 -18 -6 -24 0 0 0 0 0 0 0 0 0 0 0 0 0 0 0 0 0 0 0 0 0 0 -14 -15 -16 -12 -9 -4 -11 5 -16 -2 -15 -3 -14 15 -8 9 -18 15 -6 17 -18 24 -9 31 -9 25 -3 33 -1 35 -4 36 4 25 2 28 11 30 9 29 7 27 21 19 11 23 18 24 1 6 10 15 ],2025-05-07_20-02-53-917
CSI_DATA,PASSIVE,5C:E9:31:E8:E9:4E,-84,11,0,0,0,0,0,0,0,0,0,-96,0,11,0,1994002379,0,128,0,0,1994.19,128,[-128 0 8 0 -15 3 -6 8 -4 7 -5 -4 -4 -8 -5 -9 4 -18 4 -18 -1 -13 -2 -14 11 -23 8 -25 7 -32 8 -22 9 -27 13 -28 16 -34 15 -15 12 -21 24 -18 18 -13 22 -4 24 -9 18 -5 15 -4 0 0 0 0 0 0 0 0 0 0 0 0 0 0 0 0 0 0 0 0 0 0 -2 -15 -3 -7 -4 -6 -12 -5 -13 -9 -23 -13 -9 -10 -14 -3 -23 -8 -23 -2 -17 -2 -23 -3 -28 -1 -28 -11 -28 6 -23 10 -27 12 -38 8 -36 7 -24 15 -28 19 -26 6 -22 25 -15 11 -19 15 -13 12 ],2025-05-07_20-02-53-923
CSI_DATA,PASSIVE,5C:E9:31:E8:E9:4E,-84,11,0,0,0,0,0,0,0,0,0,-96,0,11,0,1994002592,0,128,0,0,1994.19,128,[-128 0 8 0 -3 -3 -10 -12 -11 1 -7 -8 -1 -14 -5 0 8 -20 10 -9 12 -7 16 -25 8 -8 21 -11 23 -13 18 -11 26 -16 20 -18 22 -4 18 -1 25 -4 20 1 22 8 26 7 26 2 13 3 6 7 0 0 0 0 0 0 0 0 0 0 0 0 0 0 0 0 0 0 0 0 0 0 6 -7 0 -9 0 -8 5 -6 -8 -2 -7 -12 -7 -14 -6 -20 -9 -17 -9 -22 -14 -22 -17 -15 -22 -26 -20 -21 -20 -18 -16 -7 -18 -15 -27 -15 -21 -9 -18 -3 -27 0 -40 1 -17 0 -20 -10 -20 -11 -23 -10 ],2025-05-07_20-02-53-928
CSI_DATA,PASSIVE,5C:E9:31:E8:E9:4E,-85,11,0,0,0,0,0,0,0,0,0,-96,0,11,0,1994003123,0,128,0,0,1994.2,128,[-128 0 8 0 4 -4 -3 2 -3 -12 5 -6 4 -8 8 -4 7 -9 12 -2 11 -8 21 -3 18 -3 16 -15 20 -5 30 -3 22 -8 25 -6 27 -8 27 -1 20 2 9 0 23 6 12 4 17 8 11 15 11 15 0 0 0 0 0 0 0 0 0 0 0 0 0 0 0 0 0 0 0 0 0 0 7 8 11 13 12 1 14 1 4 -4 9 -4 11 -15 2 -4 5 -14 9 -18 11 -21 9 -17 16 -21 0 -21 -1 -20 11 -20 -9 -24 -9 -23 -5 -16 -4 -24 -11 -16 -15 -23 -13 -18 -13 -19 -20 -11 -1 -18 ],2025-05-07_20-02-53-934
CSI_DATA,PASSIVE,5C:E9:31:E8:E9:4E,-85,11,0,0,0,0,0,0,0,0,0,-96,0,11,0,1994003336,0,132,0,0,1994.2,128,[-124 64 8 0 1 -2 -2 -5 5 6 13 -4 5 17 -3 16 7 9 5 13 16 25 11 20 9 19 7 12 15 28 10 16 14 24 10 25 3 21 11 20 4 28 10 27 -6 23 4 19 -4 23 0 20 -6 17 0 0 0 0 0 0 0 0 0 0 0 0 0 0 0 0 0 0 0 0 0 0 -11 1 -14 11 -6 -8 -5 5 1 4 2 8 6 10 7 20 11 10 19 12 20 12 21 18 15 15 21 -1 17 -1 28 0 23 -6 21 -6 33 -7 26 -11 26 -10 14 -18 11 -8 15 -22 24 0 17 -6 ],2025-05-07_20-02-53-938
CSI_DATA,PASSIVE,5C:E9:31:E8:E9:4E,-86,11,0,0,0,0,0,0,0,0,0,-96,0,11,0,1994004015,0,112,0,0,1994.21,128,[112 0 7 0 -7 -1 -10 1 -9 -8 -6 -9 -4 -10 0 -18 5 -12 -3 -19 -3 -24 2 -22 -4 -25 1 -25 11 -27 6 -28 8 -28 15 -22 19 -30 21 -23 18 -21 15 -19 16 -8 16 -7 13 -6 17 -2 22 4 0 0 0 0 0 0 0 0 0 0 0 0 0 0 0 0 0 0 0 0 0 0 3 -7 -2 -9 2 -7 -3 -10 -10 -11 -9 -10 -5 -12 -12 -10 -20 -16 -19 -16 -28 -10 -18 -5 -24 -6 -35 0 -30 -1 -30 -2 -34 -1 -29 3 -35 5 -33 5 -26 16 -21 10 -27 4 -25 4 -18 14 -15 14 ],2025-05-07_20-02-53-944
CSI_DATA,PASSIVE,5C:E9:31:E8:E9:4E,-85,11,0,0,0,0,0,0,0,0,0,-96,0,11,0,1994009122,0,158,0,0,1994.21,128,[-98 -32 9 0 3 4 2 11 -3 5 -10 3 -7 4 -14 2 -23 8 -14 -1 -15 5 -22 2 -21 -5 -23 -6 -29 -6 -31 -11 -29 -12 -27 -8 -28 -10 -27 -12 -19 -20 -13 -19 -18 -21 -14 -14 -1 -19 -3 -23 -2 -23 0 0 0 0 0 0 0 0 0 0 0 0 0 0 0 0 0 0 0 0 0 0 -10 1 -12 1 -13 5 -8 5 -5 11 -5 11 -7 21 0 21 -1 19 0 24 -3 23 6 24 7 29 14 25 6 29 10 33 11 22 13 18 18 26 16 21 15 21 23 20 23 16 16 13 12 16 12 10 ],2025-05-07_20-02-53-950
CSI_DATA,PASSIVE,5C:E9:31:E8:F4:66,-77,11,0,0,0,0,0,0,0,0,0,-96,0,11,0,1994022013,0,154,0,0,1994.22,128,[-102 -96 9 0 -5 -14 -8 -18 -9 -19 -9 -21 -9 -23 -8 -23 -14 -26 -12 -22 -11 -24 -15 -25 -17 -26 -16 -28 -14 -26 -16 -21 -15 -20 -14 -19 -15 -15 -8 -15 -9 -14 -9 -8 -6 -8 -2 0 -1 -2 0 3 -1 6 0 0 0 0 0 0 0 0 0 0 0 0 0 0 0 0 0 0 0 0 0 0 13 29 10 28 14 29 13 28 14 31 13 29 13 33 11 29 11 28 7 24 4 23 5 22 8 19 2 18 2 15 1 10 -1 8 -1 8 -2 5 -7 2 0 -2 -3 -1 -6 -2 -5 -6 -8 -11 -8 -8 ],2025-05-07_20-02-53-956
CSI_DATA,PASSIVE,5C:E9:31:E8:F4:66,-78,11,0,0,0,0,0,0,0,0,0,-96,0,11,0,1994024781,0,158,0,0,1994.22,128,[-98 -32 9 0 -8 -13 -10 -11 -10 -9 -16 -9 -12 -21 -15 -16 -15 -22 -16 -15 -12 -31 -17 -29 -17 -21 -15 -30 -17 -25 -18 -17 0 -24 -17 -22 -8 -17 -1 -11 -3 -11 -3 -5 -10 0 0 -3 0 -2 -2 6 4 8 0 0 0 0 0 0 0 0 0 0 0 0 0 0 0 0 0 0 0 0 0 0 20 -19 18 -16 28 -20 19 -18 23 -12 26 -13 23 -15 23 -10 25 -11 24 -8 11 -4 21 7 21 -10 8 14 19 10 12 -7 10 -1 0 1 4 8 5 9 14 0 -4 -6 1 -3 -9 -1 -5 0 -8 -9 ],2025-05-07_20-02-53-961
CSI_DATA,PASSIVE,5C:E9:31:E8:E9:4E,-86,11,0,0,0,0,0,0,0,0,0,-96,0,11,0,1994079081,0,90,0,0,1994.25,128,[90 -96 5 0 -2 -8 1 -5 -3 -10 9 -11 5 -4 3 -1 6 -5 16 -5 13 -1 13 -5 12 2 14 -1 27 -1 16 -2 23 3 16 7 17 0 17 10 19 8 13 10 14 11 3 10 3 13 7 17 1 16 0 0 0 0 0 0 0 0 0 0 0 0 0 0 0 0 0 0 0 0 0 0 4 2 11 0 6 2 9 3 12 -5 7 -8 13 -8 5 -9 11 -11 7 -11 4 -20 5 -19 1 -19 4 -24 2 -29 -4 -21 -4 -22 -11 -21 -9 -27 -8 -22 -16 -18 -9 -23 -13 -16 -14 -14 -16 -19 -5 -5 ],2025-05-07_20-02-53-982
CSI_DATA,PASSIVE,5C:E9:31:E8:E9:4E,-85,11,0,0,0,0,0,0,0,0,0,-96,0,11,0,1994079526,0,130,0,0,1994.25,128,[-126 32 8 0 -11 14 2 -4 -4 -1 -2 -9 -3 -9 -7 -13 1 -11 7 -17 7 -17 7 -14 -3 -24 7 -27 16 -22 10 -23 13 -14 15 -22 17 -17 17 -15 17 -8 14 -12 22 -1 18 -6 22 8 16 2 18 11 0 0 0 0 0 0 0 0 0 0 0 0 0 0 0 0 0 0 0 0 0 0 -1 -11 -2 -12 -6 -4 -14 -15 -8 3 -13 -6 -8 -5 -27 4 -24 -3 -25 -5 -31 -4 -31 14 -22 1 -26 9 -40 13 -23 16 -27 11 -25 16 -28 22 -34 6 -20 21 -23 12 -11 22 -18 15 -20 9 1 10 ],2025-05-07_20-02-53-988
CSI_DATA,PASSIVE,5C:E9:31:E8:E9:4E,-86,11,0,0,0,0,0,0,0,0,0,-96,0,11,0,1994107930,0,205,0,0,1994.27,128,[-51 -48 12 0 -3 7 -8 1 -3 -4 -7 -5 5 -8 -5 -7 -3 -9 5 -12 -6 -21 2 -16 4 -29 -6 -24 7 -30 -1 -30 1 -19 2 -25 15 -21 14 -25 11 -23 9 -17 14 -15 15 -12 14 -5 12 -7 13 3 0 0 0 0 0 0 0 0 0 0 0 0 0 0 0 0 0 0 0 0 0 0 -5 -11 -3 -9 -10 -10 -2 -5 -14 -2 -8 -7 -15 2 -18 -1 -12 2 -16 0 -21 2 -16 7 -26 8 -21 11 -26 14 -15 11 -21 12 -22 12 -23 18 -19 17 -24 12 -18 17 -10 13 -15 15 -17 12 -10 18 ],2025-05-07_20-02-54-11
CSI_DATA,PASSIVE,5C:E9:31:E8:F4:66,-77,11,0,0,0,0,0,0,0,0,0,-96,0,11,0,1994124360,0,125,0,0,1994.29,128,[125 -48 7 0 25 -6 16 -3 16 -5 12 -10 21 -3 20 -7 26 5 25 -10 27 -14 29 -17 21 -14 27 -7 22 -9 21 -11 22 -12 20 -7 16 -9 14 -8 12 -6 4 -4 4 -6 2 -1 -3 -3 -5 0 -9 -1 0 0 0 0 0 0 0 0 0 0 0 0 0 0 0 0 0 0 0 0 0 0 -23 14 -25 13 -26 11 -25 13 -27 14 -27 12 -28 10 -26 9 -24 11 -22 9 -25 5 -22 8 -20 3 -18 5 -15 1 -10 2 -12 1 -8 1 -4 2 -1 -4 0 -4 2 -13 2 -2 7 -6 2 5 9 -3 ],2025-05-07_20-02-54-28
CSI_DATA,PASSIVE,5C:E9:31:E8:F4:66,-78,11,0,0,0,0,0,0,0,0,0,-96,0,11,0,1994124569,0,145,0,0,1994.3,128,[-111 16 9 0 3 -18 4 -18 3 -18 6 -21 4 -23 5 -28 4 -30 5 -31 -2 -28 -3 -24 4 -26 -4 -27 -3 -24 -8 -23 -4 -19 -3 -21 -4 -17 2 -16 -4 -5 -3 -11 -4 -6 -3 -3 -4 -2 2 1 0 5 0 0 0 0 0 0 0 0 0 0 0 0 0 0 0 0 0 0 0 0 0 0 -2 26 -2 27 -3 29 -2 28 -3 29 -2 28 -5 32 -5 30 -5 27 -6 27 -6 18 -9 22 -5 18 -9 20 -4 11 -2 10 -5 9 -6 1 -11 5 -8 -1 -1 -3 -8 0 -6 -9 -2 -4 -1 -7 0 -8 ],2025-05-07_20-02-54-33
CSI_DATA,PASSIVE,5C:E9:31:E8:F4:66,-78,11,0,0,0,0,0,0,0,0,0,-96,0,11,0,1994124806,0,94,0,0,1994.3,128,[94 -32 5 0 -3 -16 -7 -27 -4 -23 -9 -21 -13 -27 -10 -30 -15 -27 -10 -34 -11 -28 -19 -28 -17 -28 -14 -28 -17 -27 -19 -27 -13 -20 -13 -21 -15 -16 -12 -11 -9 -12 -4 -10 -4 -4 -8 -4 0 0 2 -3 1 5 0 0 0 0 0 0 0 0 0 0 0 0 0 0 0 0 0 0 0 0 0 0 11 30 14 33 10 27 9 31 11 30 7 29 10 32 4 33 7 30 4 29 2 26 6 21 -1 22 -2 18 2 17 -6 16 -3 10 -3 7 -3 7 -2 1 -2 4 -4 4 -6 -3 -5 0 -6 -9 -5 -10 ],2025-05-07_20-02-54-39
CSI_DATA,PASSIVE,5C:E9:31:E8:F4:66,-77,11,0,0,0,0,0,0,0,0,0,-96,0,11,0,1994124975,0,190,0,0,1994.31,128,[-66 -32 11 0 11 -12 13 -9 19 -11 15 -13 23 -13 21 -18 21 -22 20 -21 21 -27 21 -20 20 -24 16 -26 17 -22 20 -22 12 -21 18 -21 8 -17 8 -21 6 -13 4 -8 1 -10 -2 -3 2 -1 -3 4 -6 6 0 0 0 0 0 0 0 0 0 0 0 0 0 0 0 0 0 0 0 0 0 0 -20 17 -22 21 -23 23 -22 22 -22 22 -28 22 -26 21 -29 23 -25 19 -26 15 -22 15 -23 15 -20 8 -17 10 -17 5 -13 6 -13 -5 -6 5 -4 -1 -7 1 -1 -2 -3 -5 0 -11 4 -3 4 -10 9 -1 ],2025-05-07_20-02-54-44
CSI_DATA,PASSIVE,5C:E9:31:E8:F4:66,-78,11,0,0,0,0,0,0,0,0,0,-96,0,11,0,1994125272,0,210,0,0,1994.31,128,[-46 32 13 0 -6 -18 -6 -24 -7 -18 -8 -21 -12 -24 -13 -27 -14 -24 -20 -26 -16 -30 -21 -25 -24 -23 -18 -21 -22 -21 -19 -20 -21 -17 -16 -16 -14 -12 -15 -14 -11 -11 -9 -6 -3 -6 -4 -6 2 3 5 2 7 4 0 0 0 0 0 0 0 0 0 0 0 0 0 0 0 0 0 0 0 0 0 0 11 27 11 28 9 30 10 28 10 31 15 31 13 35 8 31 10 31 8 27 5 28 4 24 6 22 2 20 2 20 2 15 -6 12 -4 6 -3 2 -2 6 -4 3 -3 -2 -4 -2 -6 -6 -3 -6 -7 -6 ],2025-05-07_20-02-54-50
CSI_DATA,PASSIVE,5C:E9:31:E8:F4:66,-78,11,0,0,0,0,0,0,0,0,0,-96,0,11,0,1994125593,0,130,0,0,1994.32,128,[-126 32 8 0 6 18 3 20 3 23 6 26 10 22 11 25 12 25 11 26 16 27 13 26 19 31 14 26 14 22 16 29 15 17 12 18 12 15 9 11 11 12 3 6 4 5 5 -2 0 -3 -2 -5 -3 -7 0 0 0 0 0 0 0 0 0 0 0 0 0 0 0 0 0 0 0 0 0 0 -20 -25 -19 -28 -19 -28 -20 -26 -17 -33 -19 -25 -19 -27 -17 -30 -13 -26 -12 -23 -16 -25 -13 -23 -11 -23 -12 -21 -1 -17 0 -11 -2 -11 1 -11 2 -7 -1 -5 -2 -6 -2 1 5 1 2 6 6 2 4 8 ],2025-05-07_20-02-54-55
CSI_DATA,PASSIVE,5C:E9:31:E8:F4:66,-78,11,0,0,0,0,0,0,0,0,0,-96,0,11,0,1994125810,0,108,0,0,1994.32,128,[108 -64 6 0 15 -11 16 -9 20 -13 19 -13 20 -18 23 -17 22 -20 21 -23 20 -25 20 -25 20 -24 20 -22 15 -27 18 -22 15 -23 8 -20 10 -22 7 -15 6 -14 4 -8 2 -3 1 -2 -3 1 -3 4 -4 4 0 0 0 0 0 0 0 0 0 0 0 0 0 0 0 0 0 0 0 0 0 0 -25 16 -26 16 -28 19 -28 18 -31 17 -28 17 -28 18 -27 19 -27 16 -30 14 -27 15 -25 7 -19 8 -19 7 -18 8 -16 1 -13 0 -9 2 -9 -3 -4 -6 -1 -3 -2 -7 1 -4 4 -8 5 -8 9 -5 ],2025-05-07_20-02-54-61
CSI_DATA,PASSIVE,5C:E9:31:E8:F4:66,-78,11,0,0,0,0,0,0,0,0,0,-96,0,11,0,1994125995,0,124,0,0,1994.33,128,[124 -64 7 0 19 -1 19 0 19 -2 24 -3 22 -7 27 -5 27 -8 28 -10 25 -10 29 -10 27 -14 25 -12 28 -14 24 -16 22 -14 22 -13 15 -12 15 -10 13 -5 5 -7 5 -4 1 -1 -1 -1 -5 1 -6 4 0 0 0 0 0 0 0 0 0 0 0 0 0 0 0 0 0 0 0 0 0 0 -30 5 -31 5 -30 3 -32 5 -33 8 -38 7 -33 6 -34 4 -30 3 -28 3 -27 4 -23 1 -26 -2 -21 1 -18 -1 -15 -5 -13 -7 -7 -5 -7 -2 -4 -8 -1 -8 1 -4 4 -4 6 -4 8 0 7 0 ],2025-05-07_20-02-54-66
CSI_DATA,PASSIVE,5C:E9:31:E8:F4:66,-78,11,0,0,0,0,0,0,0,0,0,-96,0,11,0,1994126204,0,90,0,0,1994.34,128,[90 -96 5 0 6 -21 1 -21 3 -22 6 -21 5 -25 4 -25 0 -27 -1 -31 -1 -30 2 -29 -5 -30 -3 -31 -8 -29 -6 -26 -4 -26 -6 -27 -6 -21 -4 -16 -4 -14 -2 -11 -5 -9 -2 -1 1 -2 0 3 0 6 0 0 0 0 0 0 0 0 0 0 0 0 0 0 0 0 0 0 0 0 0 0 -2 32 -2 30 -1 34 -1 30 -4 33 -2 33 -2 36 -3 33 -2 32 -6 30 -6 24 -4 21 -7 22 -4 19 -9 14 -5 15 -5 9 -7 8 -5 4 -2 3 -7 -5 0 -2 -3 -5 -1 -7 1 -5 3 -11 ],2025-05-07_20-02-54-72
CSI_DATA,PASSIVE,5C:E9:31:E8:F4:66,-78,11,0,0,0,0,0,0,0,0,0,-96,0,11,0,1994126365,0,130,0,0,1994.34,128,[-126 32 8 0 15 10 19 10 19 5 22 5 23 9 25 6 26 5 34 5 26 5 29 4 30 0 27 1 27 2 28 2 28 -1 24 1 21 -3 15 -2 13 -2 8 -1 8 -1 4 0 -3 -1 -2 0 -6 0 0 0 0 0 0 0 0 0 0 0 0 0 0 0 0 0 0 0 0 0 0 0 -31 -10 -31 -10 -29 -8 -34 -8 -34 -8 -31 -7 -33 -10 -34 -8 -30 -11 -32 -11 -27 -10 -24 -14 -21 -11 -19 -7 -13 -9 -12 -9 -13 -5 -7 -8 -5 -8 -1 -4 0 -5 3 -2 4 2 6 -3 10 1 8 4 ],2025-05-07_20-02-54-77
CSI_DATA,PASSIVE,5C:E9:31:E8:E9:4E,-85,11,0,0,0,0,0,0,0,0,0,-96,0,11,0,1994155371,0,165,0,0,1994.35,128,[-91 80 10 0 -4 13 -1 6 1 10 -2 4 -14 -2 -6 -4 -18 1 -10 -1 -11 -7 -29 0 -20 -13 -21 -4 -25 -14 -22 -10 -24 -15 -26 -22 -19 -17 -15 -26 -13 -20 -13 -23 -6 -19 -4 -23 -4 -24 -4 -17 4 -18 0 0 0 0 0 0 0 0 0 0 0 0 0 0 0 0 0 0 0 0 0 0 -9 -9 -4 -1 -14 -3 -6 0 -10 -5 -15 7 -11 11 -19 5 -17 11 -9 17 -21 17 -21 25 -15 22 -15 21 -14 30 -10 24 -8 29 -8 24 -2 20 -2 23 -8 20 1 29 0 29 -4 20 10 17 0 15 ],2025-05-07_20-02-54-83
CSI_DATA,PASSIVE,5C:E9:31:E8:E9:4E,-84,11,0,0,0,0,0,0,0,0,0,-96,0,11,0,1994155632,0,185,0,0,1994.35,128,[-71 -112 11 0 -2 10 -6 3 -5 3 1 1 -7 -3 -7 -8 -10 -8 -10 -14 -3 -23 -6 -18 0 -16 -10 -23 -8 -24 -3 -23 -1 -31 -12 -33 -1 -30 5 -30 2 -15 9 -25 5 -22 12 -23 11 -15 15 -8 18 -10 0 0 0 0 0 0 0 0 0 0 0 0 0 0 0 0 0 0 0 0 0 0 -2 -11 -5 0 -5 -9 -8 -11 -6 2 -10 -2 -14 -2 -17 -2 -18 7 -23 -1 -28 6 -22 3 -29 3 -21 7 -28 16 -31 9 -22 19 -14 17 -17 25 -21 20 -25 21 -11 16 -20 21 -10 23 -9 15 -4 10 ],2025-05-07_20-02-54-88
CSI_DATA,PASSIVE,5C:E9:31:E8:E9:4E,-85,11,0,0,0,0,0,0,0,0,0,-96,0,11,0,1994156644,0,98,0,0,1994.36,128,[98 32 6 0 1 -13 7 -6 5 5 8 -8 8 0 8 -8 9 -2 9 1 17 4 24 -3 25 6 24 1 24 9 27 7 23 12 24 10 23 6 20 8 20 9 22 13 8 14 9 12 11 13 0 27 1 13 0 0 0 0 0 0 0 0 0 0 0 0 0 0 0 0 0 0 0 0 0 0 7 6 6 14 2 3 6 -4 -4 -3 13 -2 20 -7 18 -9 12 -12 14 -15 17 -29 23 -14 14 -17 12 -28 9 -25 14 -29 7 -26 0 -25 1 -29 -7 -27 -5 -21 -3 -18 -1 -24 -13 -16 -5 -18 -4 -10 ],2025-05-07_20-02-54-93
CSI_DATA,PASSIVE,5C:E9:31:E8:E9:4E,-84,11,0,0,0,0,0,0,0,0,0,-96,0,11,0,1994174077,0,98,0,0,1994.36,128,[98 32 6 0 -5 -8 -6 -2 -2 -7 -4 -13 3 -8 5 -11 5 -10 8 -8 11 -9 10 -22 6 -16 12 -18 14 -21 15 -20 16 -17 19 -10 20 -12 19 -13 16 -9 20 -8 15 -6 16 1 17 -2 14 1 15 8 0 0 0 0 0 0 0 0 0 0 0 0 0 0 0 0 0 0 0 0 0 0 3 -5 3 -2 5 -6 -1 -7 -2 -5 -4 -11 -9 -12 -10 -19 -7 -16 -9 -8 -11 -18 -13 -17 -13 -15 -23 -14 -19 -10 -20 -14 -24 -17 -20 -6 -22 -11 -18 -9 -23 -7 -23 -2 -23 -7 -24 1 -12 2 -11 0 ],2025-05-07_20-02-54-99
CSI_DATA,PASSIVE,5C:E9:31:E8:E9:4E,-85,11,0,0,0,0,0,0,0,0,0,-96,0,11,0,1994187179,0,120,0,0,1994.37,128,[120 -128 7 0 9 -3 2 -5 10 8 9 11 -2 9 -2 11 -2 18 5 22 -2 8 0 17 -10 23 -9 23 0 24 -4 18 -2 30 4 25 -6 23 -10 32 -12 18 -12 28 -16 20 -9 9 -13 8 -21 11 -20 6 0 0 0 0 0 0 0 0 0 0 0 0 0 0 0 0 0 0 0 0 0 0 -4 2 -4 3 -1 6 -6 7 -4 7 2 14 8 5 28 21 12 14 5 23 12 15 21 18 25 21 25 15 27 12 12 16 25 7 22 9 24 1 20 -1 29 -2 26 -3 29 7 23 -8 21 -3 13 0 ],2025-05-07_20-02-54-104
CSI_DATA,PASSIVE,5C:E9:31:E8:E9:4E,-85,11,0,0,0,0,0,0,0,0,0,-96,0,11,0,1994187745,0,140,0,0,1994.37,128,[-116 -64 8 0 3 -14 0 -10 1 -9 2 -8 14 -12 8 1 7 -6 10 -8 18 -17 17 -14 24 -11 23 -8 28 -6 22 -3 24 -10 32 -7 33 -6 23 3 25 -4 19 0 21 1 15 5 21 8 17 6 10 11 0 0 0 0 0 0 0 0 0 0 0 0 0 0 0 0 0 0 0 0 0 0 1 7 3 6 0 4 5 -3 4 -2 7 -4 14 -6 13 -2 20 -7 16 -21 16 -16 12 -22 13 -17 17 -23 7 -30 7 -23 2 -27 -3 -27 -3 -28 -2 -27 -5 -23 -7 -24 -11 -22 -12 -22 -9 -9 -3 -17 ],2025-05-07_20-02-54-110
CSI_DATA,PASSIVE,5C:E9:31:E8:F4:66,-77,11,0,0,0,0,0,0,0,0,0,-96,0,11,0,1994226420,0,128,0,0,1994.39,128,[-128 0 8 0 -9 -7 -20 -28 -10 -15 -7 -14 -6 -16 -25 -21 -19 -23 -15 -30 -17 -9 -26 -18 -24 -18 -23 -16 -26 -10 -23 -14 -23 -11 -20 -6 -13 -6 -15 -10 -7 -7 -10 -3 -7 -3 -6 3 2 0 3 2 9 4 0 0 0 0 0 0 0 0 0 0 0 0 0 0 0 0 0 0 0 0 0 0 11 25 13 26 12 27 13 27 15 29 16 28 16 30 13 27 11 26 11 23 11 22 9 22 4 24 6 16 4 18 6 11 4 15 -3 9 1 11 0 14 -1 -4 -3 -2 -1 2 3 5 -12 -7 -2 -9 ],2025-05-07_20-02-54-130
CSI_DATA,PASSIVE,5C:E9:31:E8:F4:66,-78,11,0,0,0,0,0,0,0,0,0,-96,0,11,0,1994226633,0,185,0,0,1994.4,128,[-71 -112 11 0 18 -60 2 -30 17 -60 15 -77 6 -77 28 -58 9 -62 -14 -73 29 -84 2 -76 10 -75 2 -92 4 -58 0 -66 -3 -46 0 -50 -7 -45 -7 -33 -8 -33 -6 -20 7 -2 3 3 5 5 -9 8 0 16 0 0 0 0 0 0 0 0 0 0 0 0 0 0 0 0 0 0 0 0 0 0 1 60 0 67 7 67 0 73 -3 72 -8 59 -7 71 -9 70 -9 72 -10 66 -10 66 -14 56 -11 54 -10 52 -7 44 -13 34 -21 33 -12 15 -12 10 -5 2 -10 9 14 4 -12 -24 -17 -33 20 1 -1 -9 ],2025-05-07_20-02-54-136
CSI_DATA,PASSIVE,5C:E9:31:E8:E9:4E,-84,11,0,0,0,0,0,0,0,0,0,-96,0,11,0,1994275564,0,98,0,0,1994.44,128,[98 32 6 0 -6 -4 -7 -2 3 -5 4 -4 13 -10 12 -14 9 -6 14 -7 17 -11 12 -15 18 -11 17 -6 22 -6 25 -9 28 -1 27 -8 28 -5 25 -3 15 2 23 5 15 7 16 8 11 12 8 9 4 12 0 0 0 0 0 0 0 0 0 0 0 0 0 0 0 0 0 0 0 0 0 0 5 -2 4 -11 2 -7 11 -6 5 -7 -3 -18 -2 -16 -5 -7 -2 -15 -3 -19 -6 -22 0 -18 -4 -20 -14 -18 -13 -16 -9 -17 -13 -16 -21 -18 -21 -12 -18 -9 -26 -15 -23 -11 -12 -10 -17 -10 -17 -8 -17 -10 ],2025-05-07_20-02-54-179
CSI_DATA,PASSIVE,5C:E9:31:E8:E9:4E,-84,11,0,0,0,0,0,0,0,0,0,-96,0,11,0,1994285516,0,108,0,0,1994.45,128,[108 -64 6 0 1 6 -5 5 -6 2 1 6 -4 16 -10 6 -9 9 -11 14 -12 23 -24 23 -13 14 -15 27 -15 18 -23 22 -21 21 -19 19 -17 18 -26 14 -20 12 -22 15 -25 7 -23 2 -20 0 -18 -1 -15 1 0 0 0 0 0 0 0 0 0 0 0 0 0 0 0 0 0 0 0 0 0 0 -7 -12 -10 -4 -9 1 -11 -5 -8 5 -12 4 -7 10 -12 12 -15 12 -5 17 -3 16 -2 23 -6 22 2 22 -3 27 6 23 12 22 17 18 14 26 14 29 18 21 15 20 15 19 18 11 16 7 15 20 ],2025-05-07_20-02-54-189
CSI_DATA,PASSIVE,5C:E9:31:E8:F4:66,-77,11,0,0,0,0,0,0,0,0,0,-96,0,11,0,1994329000,0,208,0,0,1994.5,128,[-48 0 13 0 -25 1 -16 9 -23 9 -14 4 -28 5 -27 2 -34 21 -29 6 -30 5 -30 5 -31 14 -25 7 -21 11 -22 14 -25 12 -24 12 -19 12 -16 9 -12 11 -10 5 -8 2 -7 4 -3 -1 2 2 3 -1 0 0 0 0 0 0 0 0 0 0 0 0 0 0 0 0 0 0 0 0 0 0 17 -25 21 -24 20 -27 20 -24 21 -26 22 -22 22 -23 21 -26 21 -17 21 -17 18 -17 18 -15 20 -11 15 -7 11 -7 14 -9 9 -5 2 -4 -2 -9 0 6 -5 6 7 2 -9 3 -3 7 -18 9 -13 3 ],2025-05-07_20-02-54-233
CSI_DATA,PASSIVE,5C:E9:31:E8:F4:66,-76,11,0,0,0,0,0,0,0,0,0,-96,0,11,0,1994329321,0,94,0,0,1994.5,128,[94 -32 5 0 14 7 16 6 17 11 19 11 24 11 25 9 22 18 24 14 16 16 25 15 19 12 23 14 29 12 18 4 22 2 19 14 11 -6 4 11 12 -1 11 14 14 1 7 1 -1 -8 -9 -2 -3 -5 0 0 0 0 0 0 0 0 0 0 0 0 0 0 0 0 0 0 0 0 0 0 -22 15 -20 19 -24 15 -21 17 -28 14 -27 11 -34 10 -30 12 -21 14 -32 9 -21 3 -18 8 -29 3 -8 7 -14 1 -4 -7 -8 -3 7 -7 2 -11 -7 -8 8 2 -4 -11 -2 -5 3 -1 8 3 13 6 ],2025-05-07_20-02-54-238
CSI_DATA,PASSIVE,5C:E9:31:E8:F4:66,-77,11,0,0,0,0,0,0,0,0,0,-96,0,11,0,1994329490,0,108,0,0,1994.51,128,[108 -64 6 0 3 18 5 21 6 21 5 23 4 30 3 23 5 32 6 24 0 38 2 36 9 33 1 25 -2 40 8 16 7 22 -2 31 12 16 10 13 -1 11 -7 10 0 7 -1 10 -2 7 3 5 5 -7 0 0 0 0 0 0 0 0 0 0 0 0 0 0 0 0 0 0 0 0 0 0 -29 -17 -27 -19 -24 -26 -29 -23 -25 -23 -22 -25 -28 -24 -27 -25 -22 -15 -12 -25 -14 -20 -17 -16 -17 -10 -11 -17 -6 -16 -7 0 -5 -6 -2 -8 2 -6 -7 8 10 -1 -6 3 -6 2 -3 11 12 13 -2 12 ],2025-05-07_20-02-54-243
CSI_DATA,PASSIVE,5C:E9:31:E8:F4:66,-77,11,0,0,0,0,0,0,0,0,0,-96,0,11,0,1994329675,0,128,0,0,1994.51,128,[-128 0 8 0 16 16 19 10 15 17 15 19 17 15 23 16 23 12 15 16 15 27 20 10 23 5 17 7 21 24 25 4 18 5 23 16 15 8 16 0 14 14 13 9 -2 -5 4 -2 -3 -9 -9 -6 -3 -4 0 0 0 0 0 0 0 0 0 0 0 0 0 0 0 0 0 0 0 0 0 0 -22 -12 -25 -17 -23 -15 -25 -18 -19 -18 -27 -18 -23 -25 -23 -20 -25 -10 -20 -10 -17 -19 -22 -18 -19 -10 -10 -18 -5 -10 -2 -11 10 -9 -1 -11 9 -6 1 6 7 -11 11 -1 8 -4 1 12 9 3 13 8 ],2025-05-07_20-02-54-249
CSI_DATA,PASSIVE,5C:E9:31:E8:F4:66,-80,11,0,0,0,0,0,0,0,0,0,-96,0,11,0,1994329888,0,125,0,0,1994.52,128,[125 -48 7 0 -50 -2 -56 -2 -52 3 -50 -4 -62 -2 -65 -3 -75 -1 -72 10 -73 6 -73 14 -66 3 -71 6 -64 15 -63 8 -61 6 -63 10 -47 12 -44 5 -29 4 -28 1 -14 2 -11 -1 -2 4 7 1 9 -2 0 0 0 0 0 0 0 0 0 0 0 0 0 0 0 0 0 0 0 0 0 0 67 -24 64 -28 67 -29 70 -31 76 -20 64 -18 72 -21 68 -20 66 -17 64 -15 61 -20 50 -7 49 -13 43 5 36 -9 29 -4 17 3 13 -9 10 -5 -4 -2 -4 6 -14 4 -17 -2 -15 2 -30 0 -38 5 ],2025-05-07_20-02-54-254
CSI_DATA,PASSIVE,5C:E9:31:E8:F4:66,-77,11,0,0,0,0,0,0,0,0,0,-96,0,11,0,1994330097,0,98,0,0,1994.52,128,[98 32 6 0 12 19 9 22 8 21 11 24 13 25 13 25 7 22 14 26 14 26 11 21 19 26 20 19 14 23 17 22 16 22 16 19 8 16 10 14 7 13 7 10 7 8 1 4 3 -1 1 0 -1 -2 0 0 0 0 0 0 0 0 0 0 0 0 0 0 0 0 0 0 0 0 0 0 -13 -28 -14 -29 -16 -28 -15 -29 -16 -28 -16 -32 -12 -28 -12 -33 -14 -26 -12 -25 -12 -22 -12 -23 -9 -20 -6 -16 -1 -18 -4 -14 -1 -7 -1 -6 -3 -3 1 0 5 -1 0 5 5 3 1 8 6 7 4 9 ],2025-05-07_20-02-54-260
CSI_DATA,PASSIVE,5C:E9:31:E8:F4:66,-76,11,0,0,0,0,0,0,0,0,0,-96,0,11,0,1994330270,0,145,0,0,1994.53,128,[-111 16 9 0 19 -3 20 0 20 -2 18 1 27 0 25 -1 30 -6 23 -5 26 -1 24 1 24 -3 25 -5 24 -11 20 -5 21 -5 22 0 17 2 16 -8 8 0 11 -1 5 -7 4 1 -2 -5 -1 2 -9 -5 0 0 0 0 0 0 0 0 0 0 0 0 0 0 0 0 0 0 0 0 0 0 -25 11 -23 6 -30 6 -29 7 -29 6 -28 5 -32 7 -28 7 -26 6 -22 5 -23 6 -23 -2 -17 3 -19 -1 -15 -5 -11 1 -7 -1 -8 4 -2 -5 -3 -3 2 3 5 -5 10 3 11 3 6 7 12 0 ],2025-05-07_20-02-54-265
CSI_DATA,PASSIVE,5C:E9:31:E8:F4:66,-77,11,0,0,0,0,0,0,0,0,0,-96,0,11,0,1994330507,0,472,0,0,1994.53,128,[-40 -127 29 0 9 -17 13 -19 11 -22 14 -19 15 -24 18 -23 15 -22 14 -26 10 -24 12 -27 12 -29 12 -26 9 -25 8 -25 6 -25 6 -25 9 -21 8 -20 5 -12 4 -13 3 -8 1 -5 -2 -3 -3 1 -3 3 0 0 0 0 0 0 0 0 0 0 0 0 0 0 0 0 0 0 0 0 0 0 -8 31 -7 28 -10 29 -9 31 -9 31 -10 31 -11 29 -10 30 -9 26 -11 24 -10 25 -8 21 -8 18 -7 17 -7 13 -4 7 -7 2 -5 3 1 -1 0 0 0 -7 1 -6 4 -5 3 -11 5 -15 8 -10 ],2025-05-07_20-02-54-270
CSI_DATA,PASSIVE,5C:E9:31:E8:F4:66,-77,11,0,0,0,0,0,0,0,0,0,-96,0,11,0,1994331180,0,98,0,0,1994.54,128,[98 32 6 0 -21 10 -26 7 -19 8 -20 9 -28 15 -28 15 -23 14 -22 9 -29 17 -24 22 -24 16 -25 19 -20 21 -24 14 -24 16 -19 14 -16 13 -16 10 -12 9 -8 6 -7 2 -8 2 -2 3 -2 -1 2 0 0 0 0 0 0 0 0 0 0 0 0 0 0 0 0 0 0 0 0 0 0 0 18 -24 18 -26 19 -24 19 -24 21 -24 17 -27 20 -28 18 -23 17 -23 18 -21 17 -18 16 -20 19 -13 11 -10 13 -11 9 -9 5 -10 3 -5 -6 -2 1 4 -4 6 -4 3 -2 3 -7 6 -8 6 -11 6 ],2025-05-07_20-02-54-276
CSI_DATA,PASSIVE,5C:E9:31:E8:F4:66,-77,11,0,0,0,0,0,0,0,0,0,-96,0,11,0,1994331353,0,492,0,0,1994.54,128,[-20 -63 30 0 13 17 11 21 12 15 13 23 18 16 18 24 18 19 17 20 22 15 22 16 21 20 22 18 22 18 24 15 24 15 17 10 18 11 11 10 14 8 6 6 7 0 5 1 1 1 -2 -4 -1 -4 0 0 0 0 0 0 0 0 0 0 0 0 0 0 0 0 0 0 0 0 0 0 -27 -19 -24 -20 -21 -20 -25 -22 -26 -22 -26 -21 -22 -22 -25 -22 -17 -19 -17 -20 -21 -18 -19 -17 -18 -17 -14 -14 -10 -12 -9 -13 -6 -6 -3 -2 -4 -3 -3 -3 -2 -3 7 1 6 6 7 7 7 6 11 5 ],2025-05-07_20-02-54-282
CSI_DATA,PASSIVE,5C:E9:31:E8:E9:4E,-85,11,0,0,0,0,0,0,0,0,0,-96,0,11,0,1994363693,0,350,0,0,1994.55,128,[94 -31 21 0 5 4 -1 -4 3 8 -5 8 -4 12 -9 11 -13 3 -7 10 -20 2 -20 16 -19 13 -23 20 -26 22 -25 12 -26 12 -29 8 -26 5 -17 9 -29 -1 -23 0 -30 -8 -12 -7 -15 -9 -17 -12 -14 -17 0 0 0 0 0 0 0 0 0 0 0 0 0 0 0 0 0 0 0 0 0 0 -15 -1 -8 -2 -9 -3 -14 7 -7 10 -10 14 -7 9 -6 21 -6 13 -5 17 4 26 3 26 7 28 9 31 10 25 17 19 19 20 22 22 9 25 22 28 16 20 19 21 17 19 10 15 19 0 7 7 ],2025-05-07_20-02-54-287
CSI_DATA,PASSIVE,5C:E9:31:E8:E9:4E,-84,11,0,0,0,0,0,0,0,0,0,-96,0,11,0,1994405214,0,210,0,0,1994.57,128,[-46 32 13 0 -7 -3 2 -8 -4 -10 6 -10 7 -14 7 -5 5 -12 13 -19 14 -11 15 -19 26 -14 16 -20 18 -11 19 -20 23 -16 19 -9 23 -10 29 -12 17 -4 17 0 16 1 15 7 12 8 17 6 9 9 0 0 0 0 0 0 0 0 0 0 0 0 0 0 0 0 0 0 0 0 0 0 4 -5 7 -6 5 -3 3 -7 5 -11 0 -12 0 -12 -4 -18 5 -14 -12 -19 -16 -18 -13 -20 -17 -22 -22 -23 -21 -18 -20 -14 -30 -11 -28 -5 -27 -13 -28 -12 -23 -11 -28 -10 -27 -6 -20 -10 -17 1 -15 -1 ],2025-05-07_20-02-54-309
CSI_DATA,PASSIVE,5C:E9:31:E8:F4:66,-77,11,0,0,0,0,0,0,0,0,0,-96,0,11,0,1994431408,0,350,0,0,1994.6,128,[94 -31 21 0 11 -13 13 -9 15 -15 18 -19 7 -10 11 -10 13 -25 22 -17 19 -28 13 -19 15 -18 8 -24 14 -24 14 -19 13 -18 11 -16 10 -19 6 -15 7 -10 7 -11 3 -9 -1 -1 1 -1 -2 1 -3 2 0 0 0 0 0 0 0 0 0 0 0 0 0 0 0 0 0 0 0 0 0 0 -2 28 -2 28 -2 27 -4 30 -5 32 -5 29 -4 29 -4 23 -5 26 -6 26 -7 23 -7 18 -6 14 -4 16 -9 11 -3 8 -5 6 -2 8 2 1 -4 2 -2 5 2 -5 3 -6 -5 -5 6 -7 5 -12 ],2025-05-07_20-02-54-335
CSI_DATA,PASSIVE,5C:E9:31:E8:F4:66,-77,11,0,0,0,0,0,0,0,0,0,-96,0,11,0,1994431917,0,330,0,0,1994.6,128,[74 -95 20 0 -3 -20 -5 -22 -6 -20 -10 -24 -9 -26 -7 -28 -9 -24 -14 -26 -14 -26 -16 -24 -14 -27 -14 -26 -15 -25 -16 -23 -17 -24 -11 -18 -10 -20 -11 -17 -8 -13 -8 -10 -4 -6 -4 -3 0 -2 1 1 -1 4 0 0 0 0 0 0 0 0 0 0 0 0 0 0 0 0 0 0 0 0 0 0 11 24 13 30 16 29 14 28 16 31 12 29 15 31 12 30 10 30 11 23 5 23 6 22 7 18 0 15 2 15 2 9 2 10 -4 5 -2 1 -1 -2 -3 3 -3 -3 -3 -10 -1 -9 0 -11 -2 -13 ],2025-05-07_20-02-54-340
CSI_DATA,PASSIVE,5C:E9:31:E8:F4:66,-78,11,0,0,0,0,0,0,0,0,0,-96,0,11,0,1994432398,0,158,0,0,1994.61,128,[-98 -32 9 0 -20 2 -22 4 -21 7 -25 7 -21 12 -23 12 -20 10 -26 14 -25 17 -24 16 -27 16 -24 20 -21 19 -22 13 -22 16 -20 15 -19 15 -17 10 -10 10 -10 7 -5 6 -4 2 2 2 3 -1 5 -2 0 0 0 0 0 0 0 0 0 0 0 0 0 0 0 0 0 0 0 0 0 0 21 -22 22 -22 23 -24 22 -23 24 -24 20 -25 24 -23 22 -19 20 -21 18 -19 18 -18 20 -11 17 -11 19 -9 13 -8 8 -3 6 -5 5 -4 4 -3 -3 5 -7 5 -7 1 -2 3 -10 4 -13 3 -11 3 ],2025-05-07_20-02-54-346
CSI_DATA,PASSIVE,5C:E9:31:E8:F4:66,-77,11,0,0,0,0,0,0,0,0,0,-96,0,11,0,1994432651,0,190,0,0,1994.61,128,[-66 -32 11 0 15 11 16 13 22 13 18 12 20 8 24 10 23 8 26 11 26 14 26 10 28 10 27 11 25 8 26 7 20 3 21 6 20 6 16 4 12 2 9 4 9 3 5 -4 0 -2 -3 -1 -3 -2 0 0 0 0 0 0 0 0 0 0 0 0 0 0 0 0 0 0 0 0 0 0 -34 -6 -31 -9 -31 -11 -30 -7 -36 -7 -32 -6 -35 -11 -31 -7 -30 -6 -29 -6 -26 -10 -21 -8 -25 -9 -16 -8 -11 -9 -11 -7 -6 -1 -6 -6 -5 -2 -1 3 6 2 7 7 12 1 7 7 8 6 12 7 ],2025-05-07_20-02-54-352
CSI_DATA,PASSIVE,5C:E9:31:E8:F4:66,-77,11,0,0,0,0,0,0,0,0,0,-96,0,11,0,1994432948,0,210,0,0,1994.62,128,[-46 32 13 0 16 -10 16 -15 18 -14 21 -14 17 -15 20 -20 20 -16 21 -22 19 -20 20 -23 18 -20 20 -24 17 -22 17 -20 16 -20 11 -22 14 -16 13 -13 9 -11 3 -12 2 -6 -1 -6 0 -5 -2 -2 -5 3 0 0 0 0 0 0 0 0 0 0 0 0 0 0 0 0 0 0 0 0 0 0 -17 25 -17 26 -21 27 -17 28 -19 29 -18 25 -19 28 -23 25 -20 25 -16 21 -16 22 -14 17 -12 16 -11 12 -10 5 -10 2 -8 4 -5 3 -1 1 0 -2 2 -5 3 -5 4 -6 12 -9 10 -8 11 -8 ],2025-05-07_20-02-54-357
CSI_DATA,PASSIVE,5C:E9:31:E8:F4:66,-77,11,0,0,0,0,0,0,0,0,0,-96,0,11,0,1994433269,0,94,0,0,1994.63,128,[94 -32 5 0 -24 2 -22 5 -24 5 -23 4 -27 6 -26 4 -29 6 -32 9 -27 9 -27 13 -28 10 -25 12 -23 11 -24 13 -22 12 -21 10 -19 9 -16 6 -11 4 -11 4 -6 1 -2 0 -2 0 2 0 4 -1 0 0 0 0 0 0 0 0 0 0 0 0 0 0 0 0 0 0 0 0 0 0 25 -14 27 -16 26 -15 30 -14 28 -17 30 -15 31 -12 29 -12 29 -13 27 -13 22 -9 24 -8 19 -7 15 -5 15 -2 9 -3 5 0 2 0 3 2 0 3 -4 1 -5 3 -6 2 -9 2 -13 -1 -13 -1 ],2025-05-07_20-02-54-362
CSI_DATA,PASSIVE,5C:E9:31:E8:F4:66,-77,11,0,0,0,0,0,0,0,0,0,-96,0,11,0,1994433438,0,132,0,0,1994.63,128,[-124 64 8 0 -8 -17 -9 -19 -9 -22 -11 -21 -11 -26 -14 -29 -15 -26 -16 -24 -15 -28 -16 -26 -17 -26 -18 -25 -17 -24 -19 -20 -17 -23 -14 -19 -15 -16 -9 -13 -8 -14 -9 -9 -6 -5 -6 -2 -3 -1 0 2 -1 2 0 0 0 0 0 0 0 0 0 0 0 0 0 0 0 0 0 0 0 0 0 0 21 20 21 24 21 24 22 25 21 26 20 23 22 24 21 24 17 24 14 22 15 21 11 19 10 18 6 16 6 14 5 10 3 5 0 3 1 2 2 0 2 -4 -2 -4 -5 -6 -5 -12 -5 -14 -3 -13 ],2025-05-07_20-02-54-368
CSI_DATA,PASSIVE,5C:E9:31:E8:F4:66,-77,11,0,0,0,0,0,0,0,0,0,-96,0,11,0,1994433655,0,112,0,0,1994.64,128,[112 0 7 0 -19 12 -16 16 -16 15 -21 19 -19 18 -19 19 -21 17 -22 23 -18 19 -21 25 -19 21 -19 21 -16 22 -18 20 -12 19 -12 20 -10 18 -11 13 -10 12 -6 11 -6 6 -3 3 3 1 2 0 5 -5 0 0 0 0 0 0 0 0 0 0 0 0 0 0 0 0 0 0 0 0 0 0 13 -27 12 -28 15 -30 16 -29 19 -29 16 -27 18 -30 14 -29 18 -24 15 -25 13 -20 13 -20 12 -15 13 -13 9 -12 7 -9 4 -8 3 -3 0 -3 -1 -2 -1 1 -5 3 -5 5 -8 5 -7 8 -11 8 ],2025-05-07_20-02-54-373
CSI_DATA,PASSIVE,5C:E9:31:E8:F4:66,-77,11,0,0,0,0,0,0,0,0,0,-96,0,11,0,1994433848,0,208,0,0,1994.64,128,[-48 0 13 0 -11 17 -7 21 -10 20 -11 20 -11 24 -9 27 -10 25 -8 28 -11 29 -8 27 -8 25 -5 27 -5 29 -2 28 -4 23 -3 22 -3 20 -3 18 -4 15 -1 13 0 6 1 2 0 0 1 -2 4 -4 0 0 0 0 0 0 0 0 0 0 0 0 0 0 0 0 0 0 0 0 0 0 1 -31 1 -32 1 -33 1 -32 4 -34 3 -34 2 -34 5 -34 6 -31 6 -29 6 -28 4 -23 4 -20 6 -14 5 -16 1 -9 2 -7 -1 -7 0 -2 0 0 -3 4 -1 3 -3 6 -5 12 -5 11 -8 10 ],2025-05-07_20-02-54-379
CSI_DATA,PASSIVE,5C:E9:31:E8:E9:4E,-83,11,0,0,0,0,0,0,0,0,0,-96,0,11,0,1994434719,0,112,0,0,1994.65,128,[112 0 7 0 1 -9 6 -3 4 -7 5 -5 8 0 14 -1 15 -13 23 -6 21 -6 29 -8 23 -2 29 1 37 -2 37 -6 22 -9 34 6 24 -1 21 11 25 6 15 9 16 21 6 16 17 15 6 14 0 18 0 0 0 0 0 0 0 0 0 0 0 0 0 0 0 0 0 0 0 0 0 0 11 -6 6 -7 10 -8 4 -18 0 -7 1 -10 -3 -17 3 -15 3 -19 -2 -19 -11 -33 -9 -27 -14 -18 -11 -26 -17 -24 -16 -27 -26 -19 -24 -22 -17 -15 -27 -17 -21 -13 -23 -14 -20 -18 -20 -10 -17 -12 -12 -13 ],2025-05-07_20-02-54-384
CSI_DATA,PASSIVE,5C:E9:31:E8:E9:4E,-84,11,0,0,0,0,0,0,0,0,0,-96,0,11,0,1994460236,0,158,0,0,1994.65,128,[-98 -32 9 0 -3 -21 2 -1 13 -2 12 -3 1 10 15 3 11 3 5 -2 28 5 26 5 20 16 30 22 20 20 23 7 28 6 23 21 21 14 21 20 21 8 10 19 16 21 11 24 5 19 1 13 0 17 0 0 0 0 0 0 0 0 0 0 0 0 0 0 0 0 0 0 0 0 0 0 5 5 -10 11 4 1 8 12 6 3 6 -2 7 1 24 -11 20 -1 30 -9 20 -10 24 -4 26 -12 12 -14 14 -16 21 -22 21 -21 16 -27 24 -23 13 -25 -1 -33 4 -20 2 -25 1 -30 -1 -23 7 -22 ],2025-05-07_20-02-54-390
CSI_DATA,PASSIVE,5C:E9:31:E8:E9:4E,-84,11,0,0,0,0,0,0,0,0,0,-96,0,11,0,1994503277,0,98,0,0,1994.67,128,[98 32 6 0 8 -1 3 0 0 3 -1 5 1 4 -10 10 -3 16 -8 13 -8 32 -15 23 -20 29 -18 22 -12 21 -12 24 -26 27 -23 26 -27 26 -26 16 -17 11 -28 7 -28 1 -20 5 -21 2 -19 -9 -19 -7 0 0 0 0 0 0 0 0 0 0 0 0 0 0 0 0 0 0 0 0 0 0 -4 12 -5 10 -7 8 -5 9 6 13 9 13 17 16 12 10 13 18 16 13 21 21 26 14 15 9 25 13 24 3 33 11 31 8 25 -3 38 5 37 2 36 -4 20 -3 22 -2 24 -4 17 0 18 -3 ],2025-05-07_20-02-54-406
CSI_DATA,PASSIVE,5C:E9:31:E8:E9:4E,-83,11,0,0,0,0,0,0,0,0,0,-96,0,11,0,1994508079,0,734,0,0,1994.68,128,[-34 -30 45 0 -9 5 -3 7 -5 2 -6 -2 -13 4 -20 1 -13 -11 -19 1 -19 -9 -25 -9 -31 -11 -33 -12 -22 -7 -28 -7 -24 -15 -27 -16 -21 -21 -15 -11 -20 -15 -9 -24 -9 -17 -9 -19 -6 -20 -8 -13 -9 -19 0 0 0 0 0 0 0 0 0 0 0 0 0 0 0 0 0 0 0 0 0 0 -5 -6 -9 -7 -14 -2 -13 -6 -8 -2 -5 7 -18 7 -17 3 -17 16 -16 8 -19 18 -15 24 -18 18 -18 18 -14 15 -12 26 -5 26 -11 36 -5 29 4 20 3 30 -3 22 13 26 1 20 3 13 4 18 ],2025-05-07_20-02-54-413
CSI_DATA,PASSIVE,5C:E9:31:E8:E9:4E,-85,11,0,0,0,0,0,0,0,0,0,-96,0,11,0,1994518511,0,210,0,0,1994.69,128,[-46 32 13 0 -7 7 -7 9 -4 -4 -3 -2 -13 -7 -12 -12 -19 -7 -9 -10 -15 -17 -21 -20 -11 -16 -16 -20 -18 -21 -15 -22 -10 -23 -16 -22 -7 -30 -7 -22 -5 -25 -6 -26 -2 -26 8 -17 10 -20 5 -14 9 -10 0 0 0 0 0 0 0 0 0 0 0 0 0 0 0 0 0 0 0 0 0 0 -7 -12 -3 -11 -7 -6 -10 -6 -8 -7 -12 1 -10 0 -15 0 -22 1 -22 6 -20 9 -20 11 -26 9 -28 15 -13 17 -17 19 -23 21 -11 27 -11 22 -17 22 -13 19 -10 23 -13 23 -8 24 -6 16 -8 8 ],2025-05-07_20-02-54-423
CSI_DATA,PASSIVE,5C:E9:31:E8:F4:66,-77,11,0,0,0,0,0,0,0,0,0,-96,0,11,0,1994540009,0,98,0,0,1994.71,128,[98 32 6 0 -16 -16 -16 -16 -18 -17 -19 -20 -19 -18 -21 -21 -23 -18 -24 -17 -23 -18 -24 -17 -28 -16 -26 -18 -26 -16 -25 -16 -24 -13 -18 -13 -19 -10 -14 -11 -11 -8 -10 -5 -7 -3 -7 -1 -4 -1 0 1 3 2 0 0 0 0 0 0 0 0 0 0 0 0 0 0 0 0 0 0 0 0 0 0 24 19 26 21 25 19 27 21 27 22 24 22 23 24 24 21 25 21 20 16 23 21 17 17 16 17 12 17 10 12 10 7 4 5 2 5 -1 4 -2 0 -3 -1 -4 -3 -6 -2 -7 -6 -7 -8 -10 -14 ],2025-05-07_20-02-54-444
CSI_DATA,PASSIVE,5C:E9:31:E8:F4:66,-76,11,0,0,0,0,0,0,0,0,0,-96,0,11,0,1994540182,0,250,0,0,1994.71,128,[-6 -96 15 0 -7 19 -8 19 -7 24 -11 24 -10 26 -9 29 -7 27 -7 28 -9 29 -8 28 -7 30 -6 29 -4 31 -4 29 -4 25 -4 24 -3 21 -3 20 0 14 -1 12 0 9 2 7 -3 0 0 -2 -1 -4 0 0 0 0 0 0 0 0 0 0 0 0 0 0 0 0 0 0 0 0 0 0 7 -32 7 -31 11 -33 8 -31 8 -34 10 -34 5 -36 6 -34 10 -31 9 -31 9 -25 10 -24 8 -20 6 -19 4 -14 5 -11 4 -6 1 -6 2 -1 -2 1 1 3 1 3 -4 9 -1 10 -5 11 -6 12 ],2025-05-07_20-02-54-449
CSI_DATA,PASSIVE,5C:E9:31:E8:F4:66,-77,11,0,0,0,0,0,0,0,0,0,-96,0,11,0,1994540559,0,158,0,0,1994.72,128,[-98 -32 9 0 3 13 -3 19 0 20 4 21 -1 21 0 25 0 24 1 27 4 27 6 26 4 29 6 27 9 29 9 23 4 21 2 23 7 19 3 15 1 15 1 13 1 8 3 6 0 -1 1 -4 1 -6 0 0 0 0 0 0 0 0 0 0 0 0 0 0 0 0 0 0 0 0 0 0 -15 -28 -12 -28 -10 -29 -13 -32 -12 -33 -15 -31 -9 -31 -12 -31 -9 -26 -8 -27 -4 -23 -7 -21 -3 -18 -4 -18 0 -15 -3 -11 2 -7 1 -7 1 -3 1 -1 0 3 0 5 0 7 1 10 -1 11 5 10 ],2025-05-07_20-02-54-454
CSI_DATA,PASSIVE,5C:E9:31:E8:F4:66,-76,11,0,0,0,0,0,0,0,0,0,-96,0,11,0,1994540812,0,168,0,0,1994.72,128,[-88 -128 10 0 19 -4 19 -3 22 -4 22 -4 20 -5 27 -11 28 -11 28 -11 28 -12 29 -13 31 -14 25 -16 26 -13 25 -15 21 -15 22 -15 14 -13 18 -12 9 -7 9 -8 6 -4 4 -3 1 -2 0 0 -5 1 0 0 0 0 0 0 0 0 0 0 0 0 0 0 0 0 0 0 0 0 0 0 -32 7 -31 7 -36 7 -32 9 -36 8 -32 8 -31 8 -34 4 -32 9 -31 5 -28 5 -25 2 -20 -1 -20 -2 -17 -2 -14 -1 -10 -3 -6 1 -1 0 -2 0 1 -3 4 -7 8 -7 7 -8 10 0 14 1 ],2025-05-07_20-02-54-460
CSI_DATA,PASSIVE,5C:E9:31:E8:F4:66,-77,11,0,0,0,0,0,0,0,0,0,-96,0,11,0,1994541077,0,94,0,0,1994.73,128,[94 -32 5 0 15 14 16 12 17 14 20 14 23 15 24 12 27 13 25 16 30 13 25 10 29 13 27 11 26 7 27 10 25 7 24 10 18 4 18 5 13 6 9 3 10 4 4 2 1 -1 -2 -2 -2 -3 0 0 0 0 0 0 0 0 0 0 0 0 0 0 0 0 0 0 0 0 0 0 -31 -11 -31 -13 -36 -10 -30 -8 -33 -11 -34 -13 -32 -12 -32 -8 -27 -11 -28 -14 -25 -9 -21 -10 -23 -11 -14 -9 -13 -9 -11 -10 -8 -5 -4 -5 -3 -5 -2 -5 3 -2 4 -1 5 0 8 0 9 5 12 7 ],2025-05-07_20-02-54-465
CSI_DATA,PASSIVE,5C:E9:31:E8:F4:66,-77,11,0,0,0,0,0,0,0,0,0,-96,0,11,0,1994541246,0,94,0,0,1994.73,128,[94 -32 5 0 -6 16 -1 18 -8 17 -8 22 -5 23 -6 26 -3 25 -4 29 -6 25 -1 23 1 26 -2 28 0 29 -1 23 -1 25 0 20 1 19 1 19 -1 12 1 13 -1 8 2 6 -2 1 -1 -3 2 -5 0 0 0 0 0 0 0 0 0 0 0 0 0 0 0 0 0 0 0 0 0 0 7 -25 8 -29 9 -29 9 -28 7 -31 10 -31 9 -30 8 -29 11 -30 8 -25 9 -23 8 -22 7 -20 7 -16 10 -13 6 -8 4 -6 4 -2 2 -1 1 2 0 -1 -1 5 -2 8 -3 10 -3 10 -3 9 ],2025-05-07_20-02-54-470
CSI_DATA,PASSIVE,5C:E9:31:E8:F4:66,-77,11,0,0,0,0,0,0,0,0,0,-96,0,11,0,1994541415,0,120,0,0,1994.74,128,[120 -128 7 0 -20 -3 -23 -8 -22 -8 -23 -6 -27 -7 -28 -5 -30 -5 -29 -6 -31 -5 -29 -2 -31 -2 -31 2 -30 0 -29 -2 -27 -3 -23 -4 -21 1 -19 1 -16 -1 -10 0 -7 0 -5 1 -3 2 1 2 3 1 0 0 0 0 0 0 0 0 0 0 0 0 0 0 0 0 0 0 0 0 0 0 32 2 32 0 32 -1 33 -1 35 -2 33 0 32 3 31 2 30 1 30 2 25 1 24 2 21 5 16 1 12 7 9 7 5 2 5 1 4 0 1 2 -2 -3 -4 -1 -9 1 -10 -4 -12 -2 -15 -3 ],2025-05-07_20-02-54-475
CSI_DATA,PASSIVE,5C:E9:31:E8:F4:66,-77,11,0,0,0,0,0,0,0,0,0,-96,0,11,0,1994541616,0,158,0,0,1994.74,128,[-98 -32 9 0 -15 12 -16 11 -19 11 -21 16 -23 16 -21 16 -23 18 -24 19 -21 22 -20 21 -21 22 -22 24 -20 22 -19 18 -18 20 -14 20 -16 16 -12 13 -13 12 -9 11 -2 7 -3 1 -3 1 0 -2 3 -2 0 0 0 0 0 0 0 0 0 0 0 0 0 0 0 0 0 0 0 0 0 0 18 -26 17 -27 20 -29 18 -26 20 -28 17 -29 19 -29 22 -25 21 -24 18 -25 16 -23 16 -18 14 -16 12 -11 10 -9 11 -7 7 -3 3 -7 2 0 1 0 -2 1 -3 5 -3 6 -5 7 -9 7 -10 4 ],2025-05-07_20-02-54-481
CSI_DATA,PASSIVE,5C:E9:31:E8:F4:66,-77,11,0,0,0,0,0,0,0,0,0,-96,0,11,0,1994541869,0,94,0,0,1994.75,128,[94 -32 5 0 6 17 4 22 4 20 4 22 8 27 10 25 11 25 11 27 9 26 9 26 15 28 10 26 12 27 14 23 15 23 12 17 11 19 10 15 6 13 5 10 6 5 2 5 0 -1 -2 -3 -3 -5 0 0 0 0 0 0 0 0 0 0 0 0 0 0 0 0 0 0 0 0 0 0 -13 -28 -15 -28 -16 -31 -14 -30 -15 -32 -16 -30 -15 -31 -11 -30 -14 -31 -12 -29 -8 -23 -7 -26 -7 -21 -4 -18 -2 -17 -2 -13 -1 -6 -1 -7 1 -3 2 -2 2 -1 0 7 3 8 2 9 3 8 4 14 ],2025-05-07_20-02-54-486
CSI_DATA,PASSIVE,5C:E9:31:E8:F4:66,-77,11,0,0,0,0,0,0,0,0,0,-96,0,11,0,1994542038,0,734,0,0,1994.76,128,[-34 -30 45 0 -15 10 -14 8 -19 13 -22 12 -25 13 -26 15 -23 17 -23 14 -24 18 -21 17 -21 20 -23 19 -22 19 -19 19 -17 14 -14 17 -10 17 -14 13 -11 11 -7 9 -3 7 -4 3 -2 2 1 -2 3 -2 0 0 0 0 0 0 0 0 0 0 0 0 0 0 0 0 0 0 0 0 0 0 26 -21 23 -18 26 -20 25 -19 28 -22 26 -19 29 -23 24 -20 28 -18 25 -20 22 -15 20 -11 18 -8 17 -8 14 -11 11 -5 10 0 4 -5 -2 0 2 1 -3 4 -7 3 -5 8 -7 4 -10 9 -13 3 ],2025-05-07_20-02-54-492
CSI_DATA,PASSIVE,5C:E9:31:E8:E9:4E,-85,11,0,0,0,0,0,0,0,0,0,-96,0,11,0,1994601171,0,90,0,0,1994.77,128,[90 -96 5 0 -12 3 -4 -5 -3 -14 -7 -13 4 -3 10 -18 7 -11 5 -13 9 -16 10 -19 9 -18 16 -16 13 -20 13 -20 14 -19 15 -15 18 -10 19 -6 16 -9 18 -7 15 -6 18 -5 15 -2 12 7 14 15 0 0 0 0 0 0 0 0 0 0 0 0 0 0 0 0 0 0 0 0 0 0 4 -10 5 -7 -1 -10 -9 -11 0 -9 -4 -4 -6 -8 -12 -21 -16 -10 -11 -14 -22 -12 -13 -14 -17 -13 -19 -3 -24 -7 -24 -5 -26 -5 -17 -4 -30 -5 -23 -4 -24 -5 -24 8 -25 10 -14 1 -20 3 -16 5 ],2025-05-07_20-02-54-505
CSI_DATA,PASSIVE,5C:E9:31:E8:F4:66,-76,11,0,0,0,0,0,0,0,0,0,-96,0,11,0,1994636215,0,188,0,0,1994.8,128,[-68 -64 11 0 -14 3 -18 15 -19 3 -19 7 -22 14 -25 8 -30 7 -28 6 -27 8 -20 7 -26 11 -22 14 -20 14 -20 14 -14 11 -21 10 -19 11 -12 7 -10 6 -9 7 -7 4 -3 0 -1 1 5 0 3 0 0 0 0 0 0 0 0 0 0 0 0 0 0 0 0 0 0 0 0 0 0 0 22 -17 21 -17 20 -14 22 -17 26 -19 22 -20 23 -15 22 -16 23 -13 23 -15 22 -11 21 -11 20 -7 15 -8 12 -5 9 -4 6 -7 5 -6 3 -1 1 1 -2 2 -1 1 -4 3 -14 6 -9 -3 -8 6 ],2025-05-07_20-02-54-540
CSI_DATA,PASSIVE,5C:E9:31:E8:F4:66,-77,11,0,0,0,0,0,0,0,0,0,-96,0,11,0,1994636508,0,94,0,0,1994.81,128,[94 -32 5 0 9 -16 11 -17 13 -20 10 -19 10 -22 11 -24 10 -24 13 -27 11 -29 12 -27 9 -30 5 -29 6 -28 9 -28 10 -24 7 -26 5 -23 4 -19 2 -16 2 -10 0 -7 -3 -5 -3 -1 -2 1 -8 3 0 0 0 0 0 0 0 0 0 0 0 0 0 0 0 0 0 0 0 0 0 0 -3 27 -3 29 -4 32 -3 29 -3 32 -6 29 -3 33 -3 30 -7 28 -8 30 -7 28 -8 24 -5 20 -10 16 -9 13 -8 11 -9 8 -5 7 -2 4 -3 1 -2 0 -3 -1 1 -4 2 -7 5 -7 4 -9 ],2025-05-07_20-02-54-545
CSI_DATA,PASSIVE,5C:E9:31:E8:F4:66,-77,11,0,0,0,0,0,0,0,0,0,-96,0,11,0,1994636677,0,98,0,0,1994.81,128,[98 32 6 0 16 4 19 1 17 9 22 7 24 5 27 5 26 7 28 7 28 7 30 6 31 6 34 0 30 5 28 1 26 2 22 -2 20 -1 18 -4 17 -1 11 -3 7 0 6 -1 -1 -1 -3 -8 -10 -1 0 0 0 0 0 0 0 0 0 0 0 0 0 0 0 0 0 0 0 0 0 0 -27 -1 -30 -3 -33 -4 -33 -7 -32 -6 -33 -4 -33 -6 -32 -5 -31 -5 -27 -4 -29 -7 -25 -9 -25 -7 -15 -10 -16 -9 -13 -5 -12 -5 -5 -5 -7 -7 -9 -2 -4 -9 -3 -3 4 -3 1 2 6 1 5 6 ],2025-05-07_20-02-54-551
CSI_DATA,PASSIVE,5C:E9:31:E8:F4:66,-77,11,0,0,0,0,0,0,0,0,0,-96,0,11,0,1994636850,0,94,0,0,1994.82,128,[94 -32 5 0 -14 -11 -13 -20 -11 -14 -15 -18 -16 -21 -18 -19 -20 -20 -20 -22 -25 -25 -28 -17 -24 -21 -25 -20 -25 -20 -26 -14 -18 -14 -23 -15 -20 -12 -14 -11 -12 -9 -11 -4 -9 -2 -5 0 -1 3 0 5 1 4 0 0 0 0 0 0 0 0 0 0 0 0 0 0 0 0 0 0 0 0 0 0 25 11 25 17 28 14 27 16 28 16 27 16 28 19 26 18 24 18 25 21 24 18 18 18 15 15 16 12 8 13 10 7 7 7 2 9 3 3 5 1 2 0 2 -1 -1 -5 -4 -5 -2 -6 -7 -7 ],2025-05-07_20-02-54-556
CSI_DATA,PASSIVE,5C:E9:31:E8:F4:66,-77,11,0,0,0,0,0,0,0,0,0,-96,0,11,0,1994637019,0,125,0,0,1994.82,128,[125 -48 7 0 15 -12 13 -10 18 -14 18 -16 18 -19 16 -21 18 -19 20 -18 20 -24 21 -24 18 -25 18 -25 15 -24 14 -24 15 -23 13 -20 9 -19 9 -19 8 -11 4 -9 5 -8 1 -1 -3 -2 -5 1 -6 0 0 0 0 0 0 0 0 0 0 0 0 0 0 0 0 0 0 0 0 0 0 0 -12 27 -12 25 -12 28 -14 29 -16 28 -13 28 -14 31 -12 31 -17 29 -16 24 -12 23 -15 24 -14 18 -13 16 -14 7 -11 10 -12 8 -5 8 -1 0 -5 0 -2 1 2 0 -1 -4 3 -2 8 -6 8 -9 ],2025-05-07_20-02-54-562
CSI_DATA,PASSIVE,5C:E9:31:E8:F4:66,-77,11,0,0,0,0,0,0,0,0,0,-96,0,11,0,1994637227,0,145,0,0,1994.83,128,[-111 16 9 0 -10 -13 -17 -14 -11 -16 -13 -17 -18 -21 -21 -18 -21 -17 -21 -19 -22 -17 -26 -17 -26 -19 -27 -14 -27 -16 -20 -17 -22 -9 -21 -11 -18 -9 -16 -7 -14 -7 -10 -2 -11 -1 -4 -2 -2 1 2 4 1 3 0 0 0 0 0 0 0 0 0 0 0 0 0 0 0 0 0 0 0 0 0 0 19 18 19 24 20 23 21 25 22 25 21 22 21 26 22 23 21 25 17 27 14 22 13 21 16 19 16 23 3 13 8 15 5 7 4 10 3 9 -4 8 -4 -3 0 -3 0 -5 -3 -5 -6 -6 -7 -7 ],2025-05-07_20-02-54-567
CSI_DATA,PASSIVE,5C:E9:31:E8:F4:66,-77,11,0,0,0,0,0,0,0,0,0,-96,0,11,0,1994637464,0,86,0,0,1994.84,128,[86 96 5 0 -10 -17 -10 -16 -9 -18 -9 -27 -10 -20 -14 -22 -13 -24 -16 -26 -14 -26 -22 -29 -19 -23 -20 -25 -20 -25 -24 -21 -16 -20 -17 -17 -14 -17 -10 -14 -12 -15 -7 -7 -6 -4 -3 -5 -1 -2 -1 1 0 7 0 0 0 0 0 0 0 0 0 0 0 0 0 0 0 0 0 0 0 0 0 0 24 20 20 20 20 21 24 22 23 22 19 22 22 23 20 24 22 22 16 23 14 21 13 22 13 23 6 20 5 13 11 14 8 7 4 6 2 11 -1 7 -1 0 3 3 1 -1 0 -3 -3 -13 -6 -7 ],2025-05-07_20-02-54-573
CSI_DATA,PASSIVE,5C:E9:31:E8:F4:66,-77,11,0,0,0,0,0,0,0,0,0,-96,0,11,0,1994637621,0,94,0,0,1994.84,128,[94 -32 5 0 -16 -7 -17 -8 -14 -9 -19 -8 -22 -12 -21 -10 -26 -7 -25 -8 -25 -8 -26 -6 -28 -4 -26 -4 -27 -5 -29 -4 -23 -2 -21 -2 -19 0 -16 -1 -14 0 -10 -2 -8 2 -4 0 -1 2 1 1 7 1 0 0 0 0 0 0 0 0 0 0 0 0 0 0 0 0 0 0 0 0 0 0 26 -1 25 0 26 -1 28 0 31 3 29 1 32 3 28 2 28 1 23 1 21 4 20 4 18 7 16 6 14 6 15 4 9 6 10 1 3 2 1 4 -1 0 0 3 -3 -2 -5 -2 -8 -4 -6 -4 ],2025-05-07_20-02-54-578
CSI_DATA,PASSIVE,5C:E9:31:E8:E9:4E,-85,11,0,0,0,0,0,0,0,0,0,-96,0,11,0,1994661040,0,205,0,0,1994.85,128,[-51 -48 12 0 -9 0 -9 -1 -4 -3 -4 -4 -1 -12 1 -6 4 -13 7 -13 3 -12 8 -17 5 -18 7 -18 6 -25 17 -19 19 -20 16 -20 14 -19 16 -10 22 -14 12 -7 10 -3 16 -1 17 -1 15 4 9 1 0 0 0 0 0 0 0 0 0 0 0 0 0 0 0 0 0 0 0 0 0 0 -1 -10 3 -8 -1 -11 -5 -10 -7 -11 -4 -7 -8 -9 -12 -8 -12 -7 -19 -11 -20 -5 -18 -8 -21 -2 -22 -4 -17 0 -21 -4 -25 -5 -23 5 -29 3 -25 7 -30 2 -17 8 -21 9 -11 7 -20 8 -9 3 ],2025-05-07_20-02-54-584
CSI_DATA,PASSIVE,5C:E9:31:E8:E9:4E,-83,11,0,0,0,0,0,0,0,0,0,-96,0,11,0,1994684491,0,158,0,0,1994.85,128,[-98 -32 9 0 10 -13 10 1 6 9 -6 3 7 4 9 -1 20 4 17 1 20 1 18 -1 23 0 25 9 23 3 23 0 22 0 19 2 22 4 14 16 21 1 18 13 13 10 11 4 16 7 2 12 9 15 0 0 0 0 0 0 0 0 0 0 0 0 0 0 0 0 0 0 0 0 0 0 -10 -1 -8 2 -10 4 -3 -3 3 11 -6 4 1 14 7 16 -8 20 0 13 9 8 26 25 4 10 13 10 21 6 23 15 24 13 21 -6 20 -4 17 1 22 -10 19 -3 13 -14 12 -16 15 -4 13 -20 ],2025-05-07_20-02-54-589
CSI_DATA,PASSIVE,5C:E9:31:E8:E9:4E,-85,11,0,0,0,0,0,0,0,0,0,-96,0,11,0,1994685019,0,165,0,0,1994.86,128,[-91 80 10 0 1 -4 5 4 14 1 -3 9 -2 1 10 8 3 17 11 14 2 19 9 28 9 20 13 23 6 15 10 27 6 30 3 26 -4 32 -9 28 -3 18 -11 20 -12 16 -9 9 -17 13 -13 5 -23 7 0 0 0 0 0 0 0 0 0 0 0 0 0 0 0 0 0 0 0 0 0 0 6 7 3 7 3 2 6 7 11 5 8 4 24 -1 9 10 16 -2 12 -2 29 -6 21 -13 13 -12 16 2 27 -7 19 -22 6 -19 16 -16 28 -21 18 -11 9 -23 10 -15 12 -17 7 -10 13 -6 0 -13 ],2025-05-07_20-02-54-594
CSI_DATA,PASSIVE,5C:E9:31:E8:E9:4E,-84,11,0,0,0,0,0,0,0,0,0,-96,0,11,0,1994685546,0,185,0,0,1994.86,128,[-71 -112 11 0 -2 0 -1 -5 4 -8 7 -2 6 -11 11 -7 8 -6 7 -8 6 -14 21 -11 24 -5 16 -17 30 -12 24 -10 23 -11 26 -20 29 -6 24 -4 27 2 24 -8 19 0 18 8 23 5 14 5 12 9 0 0 0 0 0 0 0 0 0 0 0 0 0 0 0 0 0 0 0 0 0 0 11 9 6 -1 10 -3 13 6 9 -3 10 -7 11 -26 16 -17 5 -5 15 -14 1 -19 -10 -15 -3 -27 -9 -32 13 -23 -10 -33 -8 -25 -10 -23 -9 -24 -17 -21 -15 -22 -14 -12 -18 -16 -22 -19 -8 -11 -20 -15 ],2025-05-07_20-02-54-599
CSI_DATA,PASSIVE,5C:E9:31:E8:E9:4E,-85,11,0,0,0,0,0,0,0,0,0,-96,0,11,0,1994690926,0,98,0,0,1994.87,128,[98 32 6 0 14 6 6 9 4 7 -5 6 2 8 1 13 0 12 -17 12 -6 18 -15 17 -10 19 -15 25 -14 19 -20 31 -22 20 -17 17 -19 15 -21 15 -17 7 -21 12 -28 3 -22 7 -20 -2 -14 -3 -19 -5 0 0 0 0 0 0 0 0 0 0 0 0 0 0 0 0 0 0 0 0 0 0 -8 5 -7 8 -4 7 -6 7 2 21 -4 10 1 19 8 21 5 15 10 16 12 16 16 18 16 20 14 17 27 10 21 11 24 12 27 7 25 1 23 2 23 -1 20 3 21 3 12 -1 15 -3 7 -4 ],2025-05-07_20-02-54-604
CSI_DATA,PASSIVE,5C:E9:31:E8:E9:4E,-84,11,0,0,0,0,0,0,0,0,0,-96,0,11,0,1994692490,0,98,0,0,1994.87,128,[98 32 6 0 2 9 3 1 -6 14 -5 5 -10 1 -22 2 -16 1 -17 11 -23 8 -26 6 -33 3 -29 2 -28 2 -34 3 -28 4 -29 5 -37 -4 -30 -10 -25 -10 -24 -14 -22 -6 -17 -8 -23 -12 -18 -14 -8 -16 0 0 0 0 0 0 0 0 0 0 0 0 0 0 0 0 0 0 0 0 0 0 -5 -6 -9 -7 -12 -4 -15 3 -15 1 -13 11 -23 14 -17 10 -14 16 -11 17 -11 19 -9 18 -14 19 -14 28 -9 24 -7 36 -1 27 1 32 0 19 8 30 10 23 14 23 12 19 7 19 18 13 6 21 ],2025-05-07_20-02-54-610
CSI_DATA,PASSIVE,5C:E9:31:E8:E9:4E,-84,11,0,0,0,0,0,0,0,0,0,-96,0,11,0,1994698807,0,98,0,0,1994.88,128,[98 32 6 0 -5 -3 -2 -6 -1 -3 2 -8 3 -7 10 -10 14 -7 11 -11 6 -9 15 -10 20 -10 22 -21 17 -12 20 -21 24 -12 22 -12 28 -10 29 -5 25 -1 20 0 16 1 27 7 13 8 8 5 10 21 0 0 0 0 0 0 0 0 0 0 0 0 0 0 0 0 0 0 0 0 0 0 10 -4 6 -5 8 -14 3 -6 -1 -13 -7 -18 -7 -16 7 -20 -2 -16 -5 -20 -12 -16 -1 -26 -16 -24 -16 -17 -19 -22 -15 -18 -25 -16 -22 -21 -32 -14 -19 -11 -15 -8 -15 -12 -22 -9 -20 -3 -13 -10 -13 -5 ],2025-05-07_20-02-54-616
CSI_DATA,PASSIVE,5C:E9:31:E8:E9:4E,-84,11,0,0,0,0,0,0,0,0,0,-96,0,11,0,1994700561,0,98,0,0,1994.88,128,[98 32 6 0 6 9 -3 3 -4 1 -10 -3 -6 -6 -13 -1 -9 -4 -24 -2 -18 -3 -17 -8 -20 -6 -24 -8 -21 -7 -20 -12 -26 -15 -18 -12 -18 -25 -20 -18 -14 -24 -18 -23 -12 -21 0 -20 4 -20 3 -10 5 -17 0 0 0 0 0 0 0 0 0 0 0 0 0 0 0 0 0 0 0 0 0 0 -12 -1 -8 -3 -5 6 -10 5 -13 6 -8 12 -10 12 -10 18 -7 9 -8 18 -16 21 -4 29 -2 21 -11 27 -4 25 -4 27 1 23 6 31 4 15 7 21 2 28 7 24 6 21 8 23 13 3 -5 12 ],2025-05-07_20-02-54-621
CSI_DATA,PASSIVE,5C:E9:31:E8:E9:4E,-85,11,0,0,0,0,0,0,0,0,0,-96,0,11,0,1994701940,0,158,0,0,1994.89,128,[-98 -32 9 0 -7 -2 1 -8 0 -3 9 3 9 -3 10 -1 15 -12 16 2 21 -3 23 -8 20 -5 23 2 24 -1 27 3 25 5 20 3 25 -4 18 7 17 11 17 14 16 13 16 7 7 10 7 11 4 11 0 0 0 0 0 0 0 0 0 0 0 0 0 0 0 0 0 0 0 0 0 0 -1 8 8 5 10 2 13 -1 7 -1 10 6 13 -1 23 -5 16 -6 8 -15 17 -15 12 -13 11 -12 11 -18 11 -16 5 -15 0 -25 -1 -22 -1 -24 1 -22 -8 -21 -10 -26 6 -23 -9 -16 0 -21 4 -20 ],2025-05-07_20-02-54-626
CSI_DATA,PASSIVE,5C:E9:31:E8:E9:4E,-84,11,0,0,0,0,0,0,0,0,0,-96,0,11,0,1994710172,0,98,0,0,1994.9,128,[98 32 6 0 -8 -12 -2 -5 0 -1 2 -13 5 -9 5 -15 6 -10 10 -10 16 -5 19 -11 26 -13 24 -9 27 -14 18 -10 31 -4 29 -7 26 -1 27 -1 28 -3 23 4 20 9 21 8 12 11 14 8 10 12 0 0 0 0 0 0 0 0 0 0 0 0 0 0 0 0 0 0 0 0 0 0 11 -4 3 4 8 -4 9 -5 1 -11 4 -9 12 -14 14 -14 7 -21 6 -18 0 -26 5 -27 0 -27 2 -27 -8 -19 -8 -25 -14 -21 -1 -25 -15 -22 -18 -29 -11 -11 -9 -10 -9 -15 -19 -9 -19 -12 -6 0 ],2025-05-07_20-02-54-632
CSI_DATA,PASSIVE,5C:E9:31:E8:E9:4E,-85,11,0,0,0,0,0,0,0,0,0,-96,0,11,0,1994718575,0,158,0,0,1994.9,128,[-98 -32 9 0 6 10 3 -2 0 5 -11 1 -9 6 -12 -1 -22 -2 -14 8 -29 18 -23 5 -17 6 -28 18 -25 5 -23 16 -19 10 -25 0 -33 6 -33 -4 -27 -4 -25 -11 -21 -17 -15 -10 -19 -18 -14 -9 -25 -21 0 0 0 0 0 0 0 0 0 0 0 0 0 0 0 0 0 0 0 0 0 0 -15 3 -10 3 -10 3 -16 3 -6 -1 -14 13 -13 17 -3 18 -3 11 -5 21 -5 26 -10 20 -6 22 6 32 4 31 4 30 7 28 7 27 14 30 9 18 19 22 20 25 19 14 13 11 5 14 -1 12 ],2025-05-07_20-02-54-638
CSI_DATA,PASSIVE,5C:E9:31:E8:E9:4E,-85,11,0,0,0,0,0,0,0,0,0,-96,0,11,0,1994731405,0,158,0,0,1994.91,128,[-98 -32 9 0 -3 14 -4 -9 5 -4 -2 11 -6 -13 -16 -8 -14 -7 -12 -20 -15 -12 -11 -19 -9 -27 -11 -25 -26 -26 -14 -23 -9 -26 -16 -26 -9 -26 -13 -19 -3 -23 -8 -28 8 -31 15 -25 12 -24 13 -17 11 -6 0 0 0 0 0 0 0 0 0 0 0 0 0 0 0 0 0 0 0 0 0 0 1 -8 -3 -11 -10 -12 -12 1 -9 -9 -13 -10 -21 -3 -20 2 -29 -1 -25 3 -31 -6 -23 6 -25 5 -30 3 -30 15 -18 13 -20 12 -25 16 -17 13 -21 18 -16 18 -10 27 -12 18 -9 19 -10 16 -12 6 ],2025-05-07_20-02-54-644
CSI_DATA,PASSIVE,5C:E9:31:E8:F4:66,-76,11,0,0,0,0,0,0,0,0,0,-96,0,11,0,1994739173,0,276,0,0,1994.91,128,[20 65 17 0 -7 14 -8 13 -9 17 -10 17 -10 18 -8 23 -6 23 -11 21 -7 24 -7 24 -4 25 -5 24 -6 24 -3 24 -2 20 -5 18 -3 20 -2 17 -2 14 0 8 1 5 1 7 1 -1 0 -2 1 -6 0 0 0 0 0 0 0 0 0 0 0 0 0 0 0 0 0 0 0 0 0 0 3 -24 4 -25 4 -26 6 -26 7 -28 6 -26 8 -27 9 -26 10 -23 9 -23 9 -20 9 -21 8 -17 6 -16 8 -12 6 -10 8 -7 4 -4 2 -7 1 -1 -1 0 2 0 -1 3 -3 4 -4 8 -5 5 ],2025-05-07_20-02-54-649
CSI_DATA,PASSIVE,5C:E9:31:E8:F4:66,-77,11,0,0,0,0,0,0,0,0,0,-96,0,11,0,1994739582,0,328,0,0,1994.92,128,[72 -127 20 0 6 -17 4 -20 2 -24 5 -24 4 -26 3 -27 -1 -27 0 -30 -3 -31 -3 -31 -4 -28 -7 -32 -5 -33 -6 -29 -7 -26 -6 -26 -7 -23 -3 -19 -5 -17 -6 -13 -4 -9 -5 -6 -1 -2 -3 1 -3 4 0 0 0 0 0 0 0 0 0 0 0 0 0 0 0 0 0 0 0 0 0 0 6 30 4 32 2 31 4 32 4 33 4 31 1 33 3 33 -1 31 -2 28 -2 27 -1 25 -6 22 -5 19 -4 16 -4 10 -3 10 -5 7 -2 3 1 4 -2 -1 -2 0 2 -4 0 -7 1 -5 0 -8 ],2025-05-07_20-02-54-654
CSI_DATA,PASSIVE,5C:E9:31:E8:F4:66,-77,11,0,0,0,0,0,0,0,0,0,-96,0,11,0,1994740063,0,348,0,0,1994.92,128,[92 -63 21 0 -20 -7 -20 -7 -19 -2 -23 -6 -27 -6 -27 -2 -32 -4 -26 -2 -28 0 -31 0 -31 4 -31 5 -32 2 -27 5 -30 3 -25 1 -24 4 -20 4 -15 3 -12 4 -9 4 -4 1 2 2 1 1 5 3 0 0 0 0 0 0 0 0 0 0 0 0 0 0 0 0 0 0 0 0 0 0 28 -7 29 -4 31 -7 37 -6 33 -6 35 -6 31 -3 28 -1 29 -2 29 -3 26 -4 24 2 21 0 18 1 13 3 12 7 12 3 7 0 5 6 4 0 -4 3 -6 0 -6 0 -6 4 -10 -3 -9 -1 ],2025-05-07_20-02-54-660
CSI_DATA,PASSIVE,5C:E9:31:E8:F4:66,-77,11,0,0,0,0,0,0,0,0,0,-96,0,11,0,1994740568,0,205,0,0,1994.93,128,[-51 -48 12 0 15 -11 16 -16 15 -16 17 -19 17 -20 21 -19 17 -22 16 -22 25 -23 19 -25 22 -22 17 -21 18 -25 14 -24 14 -24 8 -26 8 -18 7 -19 3 -14 4 -12 3 -10 2 -3 -5 -3 -2 2 -6 5 0 0 0 0 0 0 0 0 0 0 0 0 0 0 0 0 0 0 0 0 0 0 -15 25 -17 22 -18 25 -23 26 -21 26 -17 26 -17 26 -22 25 -17 27 -24 23 -18 18 -18 18 -16 16 -15 11 -15 9 -13 6 -8 5 -5 3 -5 3 -4 -2 -1 -4 3 -3 0 -4 4 -9 6 -6 13 -5 ],2025-05-07_20-02-54-665
CSI_DATA,PASSIVE,5C:E9:31:E8:F4:66,-77,11,0,0,0,0,0,0,0,0,0,-96,0,11,0,1994740885,0,158,0,0,1994.93,128,[-98 -32 9 0 14 -1 17 1 21 0 22 -3 26 -6 23 -8 25 -6 24 -9 31 -8 31 -10 27 -12 27 -10 26 -11 22 -10 22 -10 22 -15 20 -12 18 -9 13 -8 12 -9 8 -6 4 -4 1 -1 -3 -5 -5 2 0 0 0 0 0 0 0 0 0 0 0 0 0 0 0 0 0 0 0 0 0 0 -24 15 -26 18 -28 23 -26 20 -25 20 -28 15 -27 16 -27 17 -23 16 -28 16 -28 12 -26 8 -23 6 -20 2 -15 3 -18 4 -14 2 -8 1 -8 0 0 -3 -2 0 3 -2 4 0 5 -1 6 -4 8 -1 ],2025-05-07_20-02-54-670
CSI_DATA,PASSIVE,5C:E9:31:E8:F4:66,-76,11,0,0,0,0,0,0,0,0,0,-96,0,11,0,1994741138,0,158,0,0,1994.94,128,[-98 -32 9 0 -6 -17 -5 -18 -11 -18 -7 -22 -12 -24 -8 -22 -11 -26 -13 -27 -15 -27 -14 -27 -18 -28 -18 -24 -15 -25 -18 -19 -19 -18 -15 -22 -11 -17 -14 -17 -10 -13 -7 -10 -9 -7 -6 2 1 -2 2 3 4 4 0 0 0 0 0 0 0 0 0 0 0 0 0 0 0 0 0 0 0 0 0 0 18 23 14 22 17 26 18 25 22 27 13 26 17 28 15 29 16 26 13 25 8 23 9 22 5 18 7 18 4 14 0 12 4 10 4 8 -1 1 -3 2 0 0 -6 -1 -3 -4 -6 -4 -5 -11 -5 -13 ],2025-05-07_20-02-54-676
CSI_DATA,PASSIVE,5C:E9:31:E8:E9:4E,-85,11,0,0,0,0,0,0,0,0,0,-96,0,11,0,1994792116,0,98,0,0,1994.96,128,[98 32 6 0 -2 -9 7 -5 7 0 -5 1 15 -8 12 -1 11 4 17 -8 19 4 23 -3 25 6 24 2 23 5 29 -2 30 14 33 5 25 4 23 17 21 13 20 16 11 12 6 19 10 23 4 15 7 15 0 0 0 0 0 0 0 0 0 0 0 0 0 0 0 0 0 0 0 0 0 0 3 6 8 7 5 2 8 -1 5 2 14 -5 15 -8 21 -8 17 -8 14 -16 23 -20 19 -10 14 -20 18 -22 14 -21 10 -19 12 -26 11 -29 1 -24 8 -28 3 -29 -5 -26 -4 -18 1 -23 -8 -12 -10 -25 ],2025-05-07_20-02-54-695
CSI_DATA,PASSIVE,5C:E9:31:E8:E9:4E,-86,11,0,0,0,0,0,0,0,0,0,-96,0,11,0,1994812920,0,158,0,0,1994.98,128,[-98 -32 9 0 1 7 -11 6 -5 -5 -5 -7 -3 -10 -14 -7 -13 -15 -10 -5 -9 -13 -10 -13 -25 -16 -15 -19 -24 -17 -28 -16 -19 -22 -18 -21 -15 -27 -15 -25 -11 -21 -14 -19 -5 -15 -4 -14 -6 -19 2 -20 -1 -20 0 0 0 0 0 0 0 0 0 0 0 0 0 0 0 0 0 0 0 0 0 0 2 -9 -1 -12 -1 -7 -5 -14 -8 -10 -6 -9 -13 -6 -18 -7 -19 -12 -18 -3 -25 -1 -24 -1 -25 2 -23 -2 -26 3 -25 6 -19 2 -22 4 -19 17 -27 8 -17 17 -24 11 -6 9 -6 12 -16 16 -9 3 ],2025-05-07_20-02-54-717
CSI_DATA,PASSIVE,5C:E9:31:E8:E9:4E,-84,11,0,0,0,0,0,0,0,0,0,-96,0,11,0,1994831161,0,98,0,0,1995,128,[98 32 6 0 2 0 7 0 10 -1 4 5 0 8 7 8 2 16 6 15 -1 13 9 25 8 28 1 19 6 23 7 19 2 24 -1 33 3 28 -9 21 -3 20 -10 23 -15 21 -10 15 -15 12 -14 14 -15 8 0 0 0 0 0 0 0 0 0 0 0 0 0 0 0 0 0 0 0 0 0 0 -3 12 -1 7 -8 5 6 8 12 8 16 8 13 8 13 9 20 -1 22 -4 18 6 27 0 26 -1 27 -2 22 -6 27 -7 19 0 22 -12 24 -9 23 -11 22 -7 15 -12 25 -16 12 -12 16 -5 17 -18 ],2025-05-07_20-02-54-734
CSI_DATA,PASSIVE,5C:E9:31:E8:F4:66,-76,11,0,0,0,0,0,0,0,0,0,-96,0,11,0,1994841030,0,148,0,0,1995.01,128,[-108 64 9 0 -14 10 -5 21 -13 14 -15 10 -6 14 -7 21 -5 21 -5 23 -11 21 -3 29 -2 27 -2 24 -1 33 -8 25 -2 28 -5 26 -1 18 -3 18 0 18 -3 13 -2 11 1 4 -2 4 1 2 -2 -2 0 0 0 0 0 0 0 0 0 0 0 0 0 0 0 0 0 0 0 0 0 0 15 -27 18 -28 16 -27 16 -29 15 -30 15 -31 18 -27 18 -31 14 -30 15 -26 14 -25 13 -22 11 -18 10 -16 10 -16 11 -7 1 -6 6 -2 6 -6 5 1 3 -3 4 3 -3 4 -9 8 4 9 -1 10 ],2025-05-07_20-02-54-744
CSI_DATA,PASSIVE,5C:E9:31:E8:F4:66,-77,11,0,0,0,0,0,0,0,0,0,-96,0,11,0,1994841271,0,148,0,0,1995.01,128,[-108 64 9 0 -9 -14 -11 -15 -11 -18 -13 -18 -14 -19 -15 -18 -17 -21 -21 -22 -19 -19 -20 -24 -23 -20 -23 -20 -22 -22 -22 -20 -17 -19 -19 -16 -17 -13 -17 -13 -12 -12 -7 -8 -9 -5 -7 -1 -3 -2 0 -1 2 2 0 0 0 0 0 0 0 0 0 0 0 0 0 0 0 0 0 0 0 0 0 0 21 21 20 19 24 19 22 21 24 23 25 23 24 23 25 21 23 22 21 20 20 21 14 20 15 18 9 16 8 13 5 12 5 8 1 7 1 2 -1 2 1 1 -6 1 -5 -1 -5 -8 -9 -9 -8 -6 ],2025-05-07_20-02-54-750
CSI_DATA,PASSIVE,5C:E9:31:E8:F4:66,-76,11,0,0,0,0,0,0,0,0,0,-96,0,11,0,1994841512,0,148,0,0,1995.02,128,[-108 64 9 0 15 9 17 13 18 6 17 8 20 9 25 10 24 5 26 11 28 7 28 3 28 3 28 5 30 5 31 5 27 2 25 1 19 3 19 0 15 3 10 -2 10 -3 6 3 3 -3 -3 -4 -9 -1 0 0 0 0 0 0 0 0 0 0 0 0 0 0 0 0 0 0 0 0 0 0 -28 -12 -32 -16 -27 -18 -32 -21 -31 -18 -31 -15 -31 -15 -32 -17 -26 -21 -25 -14 -20 -11 -23 -14 -21 -17 -16 -13 -14 -14 -10 -7 -5 -8 -8 -6 -5 -4 -1 -7 4 -6 4 -4 5 -7 1 1 10 -6 5 1 ],2025-05-07_20-02-54-755
CSI_DATA,PASSIVE,5C:E9:31:E8:F4:66,-76,11,0,0,0,0,0,0,0,0,0,-96,0,11,0,1994841753,0,734,0,0,1995.02,128,[-34 -30 45 0 -17 7 -16 4 -20 4 -26 6 -25 6 -26 9 -24 8 -29 12 -26 12 -28 12 -27 11 -26 14 -28 15 -29 15 -25 13 -24 12 -20 12 -17 10 -16 9 -9 8 -9 4 -5 0 -4 1 5 -1 5 0 0 0 0 0 0 0 0 0 0 0 0 0 0 0 0 0 0 0 0 0 0 0 25 -15 25 -20 26 -20 27 -20 26 -17 27 -16 29 -19 28 -18 27 -17 27 -12 25 -12 20 -12 15 -11 16 -8 17 -7 16 -4 14 -2 9 -1 5 3 5 2 1 1 -1 6 -2 0 -4 4 -8 2 -9 3 ],2025-05-07_20-02-54-761
CSI_DATA,PASSIVE,5C:E9:31:E8:F4:66,-77,11,0,0,0,0,0,0,0,0,0,-96,0,11,0,1994842774,0,158,0,0,1995.03,128,[-98 -32 9 0 -14 -11 -15 -14 -16 -15 -14 -14 -20 -18 -23 -17 -20 -15 -22 -18 -25 -18 -28 -17 -23 -15 -27 -16 -26 -16 -25 -14 -27 -14 -20 -11 -22 -12 -17 -10 -16 -7 -11 -6 -9 -4 -7 -5 -1 -2 0 -2 2 3 0 0 0 0 0 0 0 0 0 0 0 0 0 0 0 0 0 0 0 0 0 0 23 18 22 21 26 19 28 18 26 18 27 21 28 18 25 20 22 22 20 17 21 19 16 16 12 15 11 12 10 10 4 11 4 8 1 4 3 4 0 2 -3 0 -2 -1 -6 -1 -7 -3 -9 -7 -9 -6 ],2025-05-07_20-02-54-766
CSI_DATA,PASSIVE,5C:E9:31:E8:F4:66,-76,11,0,0,0,0,0,0,0,0,0,-96,0,11,0,1994843027,0,130,0,0,1995.04,128,[-126 32 8 0 -15 11 -16 7 -15 12 -17 15 -17 14 -14 16 -19 16 -20 15 -19 18 -27 17 -20 19 -12 22 -23 20 -19 29 -14 21 -17 25 -10 19 -15 18 2 13 -14 8 -5 5 1 7 0 2 4 2 1 -5 0 0 0 0 0 0 0 0 0 0 0 0 0 0 0 0 0 0 0 0 0 0 23 -23 18 -18 26 -22 19 -21 24 -23 18 -21 21 -22 16 -24 26 -15 16 -19 26 -13 23 -16 12 -5 17 -16 19 -16 12 -10 13 -3 9 2 5 9 4 -3 -1 5 4 1 -2 6 -1 7 -1 9 -4 9 ],2025-05-07_20-02-54-772
CSI_DATA,PASSIVE,5C:E9:31:E8:F4:66,-77,11,0,0,0,0,0,0,0,0,0,-96,0,11,0,1994843244,0,94,0,0,1995.04,128,[94 -32 5 0 18 5 22 5 19 8 20 9 23 6 20 7 28 8 26 8 28 7 30 5 29 7 27 5 29 4 25 1 23 4 23 1 22 0 19 2 15 0 8 0 10 -4 9 1 2 1 -1 -1 -6 1 0 0 0 0 0 0 0 0 0 0 0 0 0 0 0 0 0 0 0 0 0 0 -30 -10 -29 -8 -32 -6 -31 -8 -33 -10 -34 -5 -35 -9 -30 -11 -30 -7 -27 -8 -26 -11 -24 -8 -22 -11 -15 -8 -14 -10 -11 -7 -4 -6 -1 -6 -1 -7 -3 -2 -4 -1 3 -5 5 0 9 0 9 4 10 3 ],2025-05-07_20-02-54-777
CSI_DATA,PASSIVE,5C:E9:31:E8:F4:66,-77,11,0,0,0,0,0,0,0,0,0,-96,0,11,0,1994843413,0,188,0,0,1995.05,128,[-68 -64 11 0 -6 19 -4 20 -6 20 -5 22 -4 26 -5 26 -1 26 0 29 -2 28 -2 28 0 28 -2 26 1 30 1 29 2 28 3 26 4 24 4 18 2 16 0 13 0 8 0 6 3 1 0 -1 0 -6 0 0 0 0 0 0 0 0 0 0 0 0 0 0 0 0 0 0 0 0 0 0 5 -33 4 -31 3 -32 3 -34 3 -32 3 -34 1 -35 4 -35 7 -32 5 -31 5 -26 5 -23 4 -23 3 -19 7 -17 5 -12 5 -10 6 -8 2 -1 5 -2 4 4 1 3 1 7 -4 8 -2 9 -2 12 ],2025-05-07_20-02-54-782
CSI_DATA,PASSIVE,5C:E9:31:E8:F4:66,-77,11,0,0,0,0,0,0,0,0,0,-96,0,11,0,1994843706,0,205,0,0,1995.05,128,[-51 -48 12 0 -14 -10 -18 -11 -22 -11 -18 -14 -21 -18 -23 -14 -24 -16 -24 -15 -26 -15 -26 -14 -30 -14 -28 -13 -26 -13 -27 -11 -24 -10 -24 -8 -22 -9 -16 -7 -15 -6 -13 -4 -8 -5 -4 -3 -4 0 2 0 4 2 0 0 0 0 0 0 0 0 0 0 0 0 0 0 0 0 0 0 0 0 0 0 26 15 27 16 27 14 29 14 30 15 28 15 27 15 29 15 29 16 24 13 20 15 19 12 17 14 13 11 12 11 10 7 6 7 3 6 1 4 0 2 -1 1 -5 1 -5 3 -5 -3 -10 -1 -9 -8 ],2025-05-07_20-02-54-788
CSI_DATA,PASSIVE,5C:E9:31:E8:F4:66,-77,11,0,0,0,0,0,0,0,0,0,-96,0,11,0,1994844023,0,181,0,0,1995.06,128,[-75 80 11 0 -9 -15 -10 -16 -11 -21 -8 -23 -7 -24 -10 -23 -11 -26 -16 -26 -11 -28 -18 -24 -18 -26 -20 -24 -19 -26 -18 -22 -21 -21 -18 -19 -14 -17 -13 -15 -11 -10 -7 -11 -6 -6 -5 -6 -1 -2 1 0 2 2 0 0 0 0 0 0 0 0 0 0 0 0 0 0 0 0 0 0 0 0 0 0 12 28 9 31 9 29 12 30 13 33 9 31 10 33 12 33 10 31 9 28 5 26 6 23 6 19 4 19 -1 16 -2 10 0 7 -2 3 -1 9 -4 4 -2 3 -3 1 -1 -6 -7 -9 -3 -7 -9 -9 ],2025-05-07_20-02-54-794
CSI_DATA,PASSIVE,5C:E9:31:E8:E9:4E,-84,11,0,0,0,0,0,0,0,0,0,-96,0,11,0,1994895151,0,130,0,0,1995.06,128,[-126 32 8 0 5 2 2 -1 0 -2 -8 -1 -7 6 -7 -1 -9 8 -26 1 -20 7 -24 11 -20 13 -20 9 -16 5 -33 9 -26 0 -27 2 -33 -3 -20 0 -24 -6 -18 -4 -20 -13 -11 -8 -8 -12 -6 -14 -1 -19 0 0 0 0 0 0 0 0 0 0 0 0 0 0 0 0 0 0 0 0 0 0 -9 6 -8 8 -5 9 -3 7 2 9 -1 17 14 16 3 20 9 22 10 16 7 18 15 17 13 17 16 21 22 14 17 15 23 15 24 19 29 12 18 13 29 14 20 9 17 12 23 5 23 2 17 10 ],2025-05-07_20-02-54-799
CSI_DATA,PASSIVE,5C:E9:31:E8:E9:4E,-85,11,0,0,0,0,0,0,0,0,0,-96,0,11,0,1994900951,0,128,0,0,1995.07,128,[-128 0 8 0 -3 -1 2 3 -3 3 -4 9 -9 1 -6 9 -15 4 -5 -1 -15 9 -19 8 -30 10 -19 9 -19 20 -21 9 -12 19 -24 17 -26 13 -18 7 -13 10 -25 2 -15 1 -17 -3 -17 3 -14 -1 -15 -16 0 0 0 0 0 0 0 0 0 0 0 0 0 0 0 0 0 0 0 0 0 0 -10 4 -8 0 -6 8 -8 12 -4 9 1 4 -7 10 3 17 -5 24 -12 16 -2 18 -5 21 4 27 10 31 7 18 10 21 18 14 12 21 14 19 16 17 15 10 10 7 15 9 18 10 11 8 5 5 ],2025-05-07_20-02-54-805
CSI_DATA,PASSIVE,5C:E9:31:E8:E9:4E,-85,11,0,0,0,0,0,0,0,0,0,-96,0,11,0,1994919139,0,183,0,0,1995.09,128,[-73 112 11 0 10 -3 4 3 0 1 2 9 4 6 6 8 0 24 -3 16 8 22 -8 19 -1 28 -1 23 4 32 -4 28 -12 25 -6 32 -14 26 -9 23 -12 20 -18 14 -16 13 -23 8 -18 10 -19 5 -21 0 0 0 0 0 0 0 0 0 0 0 0 0 0 0 0 0 0 0 0 0 0 0 -2 8 0 14 4 12 12 11 8 6 12 3 16 5 22 7 17 5 20 0 32 2 30 6 28 2 28 -4 26 -1 32 -5 32 -9 29 -18 26 -15 25 -4 24 -19 25 -15 14 -22 18 -16 20 -14 13 -19 ],2025-05-07_20-02-54-823
CSI_DATA,PASSIVE,5C:E9:31:E8:E9:4E,-84,11,0,0,0,0,0,0,0,0,0,-96,0,11,0,1994919902,0,98,0,0,1995.09,128,[98 32 6 0 -7 -4 -4 -5 0 2 1 -13 9 -11 13 -6 8 -10 8 -18 14 -14 16 -12 23 -11 14 -13 19 -6 24 -13 19 -18 28 -11 30 -8 24 -10 21 1 21 -2 23 8 18 6 13 6 15 3 18 9 0 0 0 0 0 0 0 0 0 0 0 0 0 0 0 0 0 0 0 0 0 0 6 2 9 -2 12 -4 9 -7 6 -2 4 -10 3 -12 9 -23 -2 -25 -1 -28 0 -22 -2 -30 -4 -31 -13 -33 -7 -31 -7 -16 -14 -25 -12 -16 -17 -16 -21 -16 -33 -24 -28 -28 -9 -20 -23 -16 -16 -6 -16 -9 ],2025-05-07_20-02-54-828
CSI_DATA,PASSIVE,5C:E9:31:E8:E9:4E,-83,11,0,0,0,0,0,0,0,0,0,-96,0,11,0,1994927581,0,246,0,0,1995.1,128,[-10 96 15 0 -12 -1 -14 -5 -4 1 3 -7 -1 -10 8 -11 6 -14 6 -16 2 -21 6 -21 10 -26 7 -21 12 -23 10 -30 11 -25 14 -25 12 -22 15 -20 15 -18 19 -3 16 -12 18 -5 20 -6 25 6 14 2 0 0 0 0 0 0 0 0 0 0 0 0 0 0 0 0 0 0 0 0 0 0 10 -12 3 -12 -4 -8 0 -10 -10 -9 -9 -9 -3 -14 -13 -10 -16 -9 -13 -15 -15 -7 -20 -12 -21 -10 -24 -8 -30 -4 -26 -8 -31 1 -26 -5 -24 -3 -33 -2 -21 5 -22 -3 -29 6 -23 5 -23 4 -19 2 ],2025-05-07_20-02-54-834
CSI_DATA,PASSIVE,5C:E9:31:E8:E9:4E,-85,11,0,0,0,0,0,0,0,0,0,-96,0,11,0,1994934904,0,163,0,0,1995.1,128,[-93 48 10 0 -8 -1 -16 2 -4 0 3 -5 -7 -9 -8 -16 -7 -15 -4 -17 -12 -24 5 -32 -3 -22 1 -23 0 -25 -4 -20 2 -29 5 -27 4 -18 4 -19 16 -18 11 -17 19 -12 16 -9 12 -11 12 -4 9 -1 0 0 0 0 0 0 0 0 0 0 0 0 0 0 0 0 0 0 0 0 0 0 -1 -13 2 -13 -7 -4 -6 -7 -13 -8 -15 -10 -10 -7 -14 -12 -16 -8 -21 -10 -24 1 -20 -3 -27 6 -23 2 -26 8 -19 8 -36 9 -26 14 -19 10 -25 9 -25 7 -23 18 -25 13 -19 15 -16 3 -8 15 ],2025-05-07_20-02-54-840
CSI_DATA,PASSIVE,5C:E9:31:E8:E9:4E,-85,11,0,0,0,0,0,0,0,0,0,-96,0,11,0,1994935164,0,183,0,0,1995.11,128,[-73 112 11 0 -6 -2 -14 -6 6 -9 2 -2 -2 -8 6 -12 0 -18 0 -15 10 -29 11 -25 8 -23 6 -27 12 -31 9 -29 16 -34 8 -31 20 -21 13 -25 18 -16 22 -16 18 -11 18 -13 22 -4 19 -1 14 3 0 0 0 0 0 0 0 0 0 0 0 0 0 0 0 0 0 0 0 0 0 0 5 -5 6 -9 2 -10 4 -11 3 -11 -2 -11 -2 -20 10 -23 -7 -18 -12 -27 -11 -27 -22 -17 -15 -24 -31 -22 -21 -20 -29 -19 -23 -14 -29 -15 -27 -4 -39 -3 -36 -8 -29 -4 -22 -1 -20 3 -23 -1 -15 -3 ],2025-05-07_20-02-54-846
CSI_DATA,PASSIVE,5C:E9:31:E8:E9:4E,-84,11,0,0,0,0,0,0,0,0,0,-96,0,11,0,1994935905,0,163,0,0,1995.11,128,[-93 48 10 0 -12 -7 7 -7 -6 2 4 -7 6 1 0 -7 18 -7 12 -9 16 -7 19 -16 20 -14 22 -18 18 -12 21 -12 20 -19 25 -7 28 -6 24 -8 29 -3 20 5 16 4 20 7 13 9 16 8 7 12 0 0 0 0 0 0 0 0 0 0 0 0 0 0 0 0 0 0 0 0 0 0 2 -3 6 -7 9 -5 4 -9 5 -10 2 -13 -6 -13 -5 -20 -3 -20 -11 -20 -7 -21 -6 -23 -16 -26 -18 -28 -21 -22 -21 -24 -22 -11 -25 -23 -24 -23 -27 -10 -25 -23 -21 -10 -29 -10 -27 -14 -23 1 -28 3 ],2025-05-07_20-02-54-851
CSI_DATA,PASSIVE,5C:E9:31:E8:E9:4E,-84,11,0,0,0,0,0,0,0,0,0,-96,0,11,0,1994936166,0,183,0,0,1995.12,128,[-73 112 11 0 1 2 -9 -2 1 -4 9 0 4 -21 12 -15 3 -6 4 -20 7 -18 10 -20 13 -21 15 -13 16 -16 11 -18 18 -24 13 -21 19 -11 23 -13 23 -10 25 -7 16 -1 14 -6 18 -2 18 5 18 10 0 0 0 0 0 0 0 0 0 0 0 0 0 0 0 0 0 0 0 0 0 0 5 0 14 0 9 -7 8 -8 8 -9 3 -16 9 -12 2 -21 5 -14 -7 -25 -2 -17 -3 -32 -12 -26 -11 -22 1 -28 -31 -20 -22 -25 -12 -18 -23 -7 -17 -22 -21 -16 -23 -22 -10 -14 -20 -14 -22 -15 -2 -2 ],2025-05-07_20-02-54-856
CSI_DATA,PASSIVE,5C:E9:31:E8:F4:66,-78,11,0,0,0,0,0,0,0,0,0,-96,0,11,0,1994943253,0,313,0,0,1995.13,128,[57 -111 19 0 -8 -18 -5 -20 -7 -8 -13 -15 -3 -15 -9 -17 -17 -17 -25 -21 -23 -11 -21 -20 -27 -18 -17 -18 -18 -14 -21 -13 -18 -12 -20 -13 -19 -13 -14 -7 -13 -8 -10 -5 -8 -3 -6 -2 -3 0 0 0 3 3 0 0 0 0 0 0 0 0 0 0 0 0 0 0 0 0 0 0 0 0 0 0 16 21 13 25 14 24 16 24 17 23 19 24 19 24 20 23 14 23 15 21 13 21 13 22 10 15 8 13 6 14 4 9 2 9 -1 6 -2 7 -3 2 -9 -1 -3 0 -4 -4 -5 -9 -3 -10 -3 -9 ],2025-05-07_20-02-54-862
CSI_DATA,PASSIVE,5C:E9:31:E8:F4:66,-77,11,0,0,0,0,0,0,0,0,0,-96,0,11,0,1994943714,0,333,0,0,1995.13,128,[77 -47 20 0 16 5 13 5 17 4 20 3 20 7 24 4 24 5 26 4 31 4 29 2 29 1 29 3 28 -2 28 -3 25 -1 21 -5 21 0 20 -2 12 -1 11 -3 7 0 7 1 2 -1 -2 -2 -4 -1 0 0 0 0 0 0 0 0 0 0 0 0 0 0 0 0 0 0 0 0 0 0 -31 0 -33 5 -32 2 -35 2 -38 3 -34 2 -34 0 -36 2 -32 3 -33 1 -29 -1 -25 -1 -24 -2 -17 -3 -18 -5 -12 -6 -13 -7 -8 -3 -8 -7 -7 -2 -2 -5 -2 -6 5 -3 2 -5 9 0 5 1 ],2025-05-07_20-02-54-867
CSI_DATA,PASSIVE,5C:E9:31:E8:F4:66,-77,11,0,0,0,0,0,0,0,0,0,-96,0,11,0,1994944199,0,255,0,0,1995.14,128,[-1 -16 15 0 6 19 6 17 6 20 1 17 7 22 3 23 3 29 11 26 7 28 16 24 6 13 10 25 11 25 12 25 19 9 11 25 10 22 7 20 20 19 9 8 7 10 4 7 -6 14 -1 -2 -4 -4 0 0 0 0 0 0 0 0 0 0 0 0 0 0 0 0 0 0 0 0 0 0 -17 -26 -17 -29 -27 -30 -18 -28 -20 -28 -18 -28 -28 -33 -15 -30 -18 -26 -16 -26 -7 -13 -12 -24 -13 -15 -2 -16 -10 -3 -2 -11 -3 -7 -5 -12 14 -10 1 -7 6 -2 0 7 12 10 3 9 5 5 3 6 ],2025-05-07_20-02-54-872
CSI_DATA,PASSIVE,5C:E9:31:E8:F4:66,-77,11,0,0,0,0,0,0,0,0,0,-96,0,11,0,1994947595,0,183,0,0,1995.14,128,[-73 112 11 0 -17 -7 -16 -7 -18 -8 -19 -10 -23 -4 -21 -9 -25 -10 -27 -11 -24 -7 -27 -5 -28 -9 -27 -7 -30 -6 -28 0 -26 -6 -24 -1 -25 -5 -17 0 -12 -3 -11 2 -9 -1 -4 -2 -2 -1 3 -1 2 -2 0 0 0 0 0 0 0 0 0 0 0 0 0 0 0 0 0 0 0 0 0 0 25 12 31 9 31 12 31 11 31 10 32 11 32 9 33 13 29 12 24 10 27 11 21 13 25 13 15 8 12 10 12 8 4 5 5 1 1 6 3 5 -1 5 -5 3 -7 1 -8 0 -12 -1 -11 -6 ],2025-05-07_20-02-54-878
CSI_DATA,PASSIVE,5C:E9:31:E8:F4:66,-76,11,0,0,0,0,0,0,0,0,0,-96,0,11,0,1995045834,0,328,0,0,1995.21,128,[72 -127 20 0 -10 16 -9 5 -15 13 -16 14 -21 26 -14 22 -13 16 -17 23 -16 10 -20 19 -20 16 -20 13 -16 22 -14 22 -11 18 -12 23 -9 15 -9 15 -11 8 -7 9 -6 5 -3 5 -1 0 0 -2 3 0 0 0 0 0 0 0 0 0 0 0 0 0 0 0 0 0 0 0 0 0 0 0 16 -22 16 -24 17 -23 19 -23 21 -26 20 -25 15 -25 16 -26 18 -24 17 -19 17 -18 16 -17 14 -13 14 -15 15 -9 9 -6 12 -2 3 -6 3 -2 0 2 3 7 0 7 -3 5 -8 2 -3 10 -5 2 ],2025-05-07_20-02-54-950
CSI_DATA,PASSIVE,5C:E9:31:E8:F4:66,-76,11,0,0,0,0,0,0,0,0,0,-96,0,11,0,1995046315,0,348,0,0,1995.22,128,[92 -63 21 0 8 15 9 15 5 15 9 18 9 18 14 19 12 18 14 19 17 20 16 23 16 21 19 19 18 19 18 16 17 14 17 17 13 12 12 9 9 10 7 6 4 5 2 1 1 0 -3 -4 -4 0 0 0 0 0 0 0 0 0 0 0 0 0 0 0 0 0 0 0 0 0 0 0 -9 -26 -9 -28 -11 -28 -12 -31 -11 -31 -11 -30 -11 -29 -11 -32 -10 -30 -9 -28 -9 -25 -8 -24 -5 -25 -2 -22 -3 -16 -2 -12 0 -10 1 -8 2 -6 5 -4 4 2 4 -1 2 4 6 2 6 6 5 9 ],2025-05-07_20-02-54-954
CSI_DATA,PASSIVE,5C:E9:31:E8:F4:66,-77,11,0,0,0,0,0,0,0,0,0,-96,0,11,0,1995046820,0,328,0,0,1995.22,128,[72 -127 20 0 -17 -8 -18 -11 -15 -8 -19 -12 -22 -11 -22 -15 -23 -13 -28 -9 -24 -13 -24 -13 -30 -8 -30 -7 -29 -12 -27 -9 -22 -5 -26 -4 -23 -7 -17 -5 -15 -6 -11 -5 -9 -1 -8 -2 -2 -2 3 -1 4 -1 0 0 0 0 0 0 0 0 0 0 0 0 0 0 0 0 0 0 0 0 0 0 25 20 26 18 25 22 30 19 27 19 25 15 27 19 27 16 25 16 23 19 18 18 23 15 14 18 14 16 10 8 5 11 7 9 2 4 3 5 0 8 -6 1 -4 2 -4 4 -11 -2 -14 -6 -10 -3 ],2025-05-07_20-02-54-961
CSI_DATA,PASSIVE,5C:E9:31:E8:F4:66,-77,11,0,0,0,0,0,0,0,0,0,-96,0,11,0,1995047301,0,348,0,0,1995.23,128,[92 -63 21 0 -2 15 -6 15 0 18 -2 23 -2 26 -5 29 2 25 4 28 -3 29 2 26 3 29 1 29 7 30 6 29 9 26 5 23 4 22 6 19 3 12 -3 13 1 4 0 4 -1 -2 -6 -4 -7 -6 0 0 0 0 0 0 0 0 0 0 0 0 0 0 0 0 0 0 0 0 0 0 10 -27 11 -30 12 -30 13 -31 12 -34 12 -32 13 -34 11 -32 10 -35 11 -29 13 -30 9 -23 9 -24 8 -21 10 -13 3 -16 5 -8 6 -6 2 -1 3 1 -3 0 5 3 6 4 5 8 1 9 1 5 ],2025-05-07_20-02-54-965
CSI_DATA,PASSIVE,5C:E9:31:E8:F4:66,-77,11,0,0,0,0,0,0,0,0,0,-96,0,11,0,1995047806,0,202,0,0,1995.23,128,[-54 -96 12 0 -1 -19 -3 -21 -1 -21 -2 -21 -1 -24 -5 -26 -6 -27 -4 -31 -8 -28 -11 -28 -10 -29 -12 -28 -15 -31 -12 -25 -13 -24 -9 -21 -8 -19 -5 -17 -6 -15 -7 -11 -4 -9 -4 -5 1 -1 3 1 3 5 0 0 0 0 0 0 0 0 0 0 0 0 0 0 0 0 0 0 0 0 0 0 0 31 0 29 3 31 2 33 1 34 2 34 2 33 -1 31 -1 30 1 28 -2 28 0 25 1 20 -4 21 -4 15 -3 15 -5 8 -3 7 -5 2 -7 2 -5 -1 -6 -2 -4 -8 -4 -10 -4 -10 -3 -10 ],2025-05-07_20-02-54-971
CSI_DATA,PASSIVE,5C:E9:31:E8:F4:66,-77,11,0,0,0,0,0,0,0,0,0,-96,0,11,0,1995048118,0,124,0,0,1995.24,128,[124 -64 7 0 -8 17 -10 17 -11 20 -10 21 -12 22 -13 23 -10 22 -11 25 -11 30 -6 28 -8 27 -8 30 -5 25 -7 30 -6 25 -1 29 -3 21 -2 16 -1 16 -1 9 -1 9 -2 4 -2 1 -3 -1 0 -6 0 0 0 0 0 0 0 0 0 0 0 0 0 0 0 0 0 0 0 0 0 0 13 -27 15 -28 15 -31 13 -29 13 -33 12 -31 15 -32 14 -26 12 -27 13 -23 12 -23 12 -23 11 -16 11 -17 7 -13 11 -13 8 -8 6 -7 2 1 4 -1 6 3 -1 4 2 5 -6 10 -2 9 -5 9 ],2025-05-07_20-02-54-977
CSI_DATA,PASSIVE,5C:E9:31:E8:F4:66,-77,11,0,0,0,0,0,0,0,0,0,-96,0,11,0,1995048327,0,94,0,0,1995.25,128,[94 -32 5 0 11 12 13 18 15 13 17 17 19 17 18 21 21 17 25 15 25 19 23 19 27 14 23 12 24 15 23 12 21 9 24 8 18 7 17 10 12 7 8 7 4 1 4 1 -2 0 -3 2 -4 -1 0 0 0 0 0 0 0 0 0 0 0 0 0 0 0 0 0 0 0 0 0 0 -19 -25 -19 -26 -22 -23 -21 -26 -23 -27 -21 -28 -22 -27 -21 -24 -18 -22 -19 -25 -17 -24 -14 -20 -14 -18 -11 -16 -3 -15 -3 -12 -3 -12 1 -9 0 -1 1 -1 5 -1 2 -2 4 3 6 4 12 3 8 6 ],2025-05-07_20-02-54-982
CSI_DATA,PASSIVE,5C:E9:31:E8:F4:66,-77,11,0,0,0,0,0,0,0,0,0,-96,0,11,0,1995048496,0,94,0,0,1995.25,128,[94 -32 5 0 -15 14 -19 14 -15 17 -17 17 -16 18 -16 18 -16 23 -19 23 -16 27 -18 23 -18 27 -12 28 -13 25 -12 23 -13 24 -11 26 -8 18 -10 17 -5 14 -7 11 -5 6 -1 0 -3 1 -2 -2 -1 -7 0 0 0 0 0 0 0 0 0 0 0 0 0 0 0 0 0 0 0 0 0 0 24 -17 23 -18 29 -22 23 -20 24 -20 26 -21 29 -22 27 -19 27 -18 21 -18 25 -16 20 -14 18 -10 20 -8 13 -4 13 -4 10 -2 6 -1 9 1 5 2 1 5 -1 7 0 7 -1 6 -7 7 -5 9 ],2025-05-07_20-02-54-988
CSI_DATA,PASSIVE,5C:E9:31:E8:F4:66,-76,11,0,0,0,0,0,0,0,0,0,-96,0,11,0,1995048665,0,190,0,0,1995.26,128,[-66 -32 11 0 -19 -10 -19 -11 -21 -14 -18 -17 -24 -14 -24 -12 -21 -15 -26 -14 -25 -11 -27 -12 -25 -12 -27 -11 -27 -11 -30 -7 -26 -7 -27 -6 -22 -7 -21 -6 -12 -4 -12 0 -8 -3 -4 -2 -3 -2 4 -2 6 -3 0 0 0 0 0 0 0 0 0 0 0 0 0 0 0 0 0 0 0 0 0 0 23 16 24 15 28 16 27 15 29 18 26 17 28 20 30 19 25 16 21 20 20 16 20 13 17 17 12 13 9 13 9 10 6 6 2 6 1 4 -3 5 -2 3 -3 1 -8 -4 -10 -4 -9 -3 -11 -3 ],2025-05-07_20-02-54-994
CSI_DATA,PASSIVE,5C:E9:31:E8:F4:66,-77,11,0,0,0,0,0,0,0,0,0,-96,0,11,0,1995048962,0,210,0,0,1995.26,128,[-46 32 13 0 -14 12 -15 13 -19 11 -19 14 -22 17 -22 16 -22 17 -22 21 -22 21 -19 21 -18 19 -20 22 -17 26 -18 22 -19 17 -14 20 -13 16 -14 12 -11 11 -11 12 -5 9 -1 2 -2 0 0 -3 0 -6 0 0 0 0 0 0 0 0 0 0 0 0 0 0 0 0 0 0 0 0 0 0 19 -22 22 -24 24 -22 22 -26 21 -29 22 -25 23 -23 21 -27 23 -24 22 -24 20 -24 16 -15 16 -15 14 -12 11 -6 11 -3 10 -2 5 -5 6 -3 5 -1 0 2 0 3 -1 8 0 2 -6 6 -7 7 ],2025-05-07_20-02-54-999
CSI_DATA,PASSIVE,5C:E9:31:E8:E9:4E,-84,11,0,0,0,0,0,0,0,0,0,-96,0,11,0,1995064172,0,217,0,0,1995.27,128,[-39 -112 13 0 5 -8 5 -3 6 -2 4 -2 1 0 5 9 3 9 -2 21 -3 22 2 18 0 26 5 26 0 24 -3 23 5 29 -4 26 -7 27 -9 26 -8 14 -13 14 -17 12 -20 11 -18 14 -20 4 -20 4 0 0 0 0 0 0 0 0 0 0 0 0 0 0 0 0 0 0 0 0 0 0 7 9 -1 7 5 13 4 7 11 7 9 5 22 6 19 5 18 -2 22 -5 21 -2 25 -4 29 -8 20 -7 27 -19 21 -8 25 -17 22 -19 24 -17 16 -20 21 -20 19 -20 20 -19 19 -14 10 -15 9 -15 ],2025-05-07_20-02-55-4
CSI_DATA,PASSIVE,5C:E9:31:E8:E9:4E,-83,11,0,0,0,0,0,0,0,0,0,-96,0,11,0,1995073674,0,98,0,0,1995.27,128,[98 32 6 0 -5 -10 8 1 0 -7 12 6 6 1 9 3 17 10 12 12 16 12 21 13 20 2 19 6 15 5 25 12 10 17 18 15 21 16 10 18 10 23 9 19 2 28 3 19 -7 12 -4 12 -5 8 0 0 0 0 0 0 0 0 0 0 0 0 0 0 0 0 0 0 0 0 0 0 12 3 15 3 2 -3 6 -4 6 -5 10 -16 9 -19 8 -16 7 -16 7 -26 6 -23 2 -33 3 -26 7 -22 10 -32 -6 -32 -5 -27 -13 -31 -1 -29 -3 -28 -6 -24 -8 -20 -19 -22 -2 -20 -10 -23 4 -10 ],2025-05-07_20-02-55-9
CSI_DATA,PASSIVE,5C:E9:31:E8:E9:4E,-85,11,0,0,0,0,0,0,0,0,0,-96,0,11,0,1995094472,0,254,0,0,1995.28,128,[-2 -32 15 0 -1 -15 -4 -11 6 -9 8 -3 8 -4 9 -1 12 -4 17 2 19 -3 20 -8 23 -5 29 -3 29 1 37 0 23 0 25 11 27 8 25 3 23 10 26 10 23 13 13 11 14 16 9 17 6 13 0 0 0 0 0 0 0 0 0 0 0 0 0 0 0 0 0 0 0 0 0 0 1 10 2 4 10 2 9 -2 7 1 13 -7 11 -6 15 -5 23 -9 12 -16 13 -20 16 -17 11 -18 4 -25 8 -21 1 -29 3 -25 0 -33 2 -29 -6 -32 -5 -28 -5 -21 -2 -14 -13 -19 -5 -19 -1 -16 ],2025-05-07_20-02-55-15
CSI_DATA,PASSIVE,5C:E9:31:E8:E9:4E,-84,11,0,0,0,0,0,0,0,0,0,-96,0,11,0,1995097602,0,190,0,0,1995.28,128,[-66 -32 11 0 -10 13 -2 8 3 2 -4 2 -12 3 -9 -7 -9 -2 -14 -4 -15 -1 -23 -9 -21 2 -21 -3 -25 -8 -23 -10 -15 -6 -25 -17 -17 -12 -15 -16 -17 -20 -15 -19 -14 -18 -4 -21 -3 -17 3 -11 7 -17 0 0 0 0 0 0 0 0 0 0 0 0 0 0 0 0 0 0 0 0 0 0 -8 -5 -7 -2 -8 -3 -9 6 -14 7 -6 11 -10 11 -8 20 -7 17 -8 17 -7 18 -10 19 -6 24 -1 21 -3 23 3 32 -1 25 1 20 0 30 0 26 12 19 4 18 3 15 5 22 6 9 8 14 ],2025-05-07_20-02-55-20
CSI_DATA,PASSIVE,5C:E9:31:E8:E9:4E,-85,11,0,0,0,0,0,0,0,0,0,-96,0,11,0,1995098707,0,210,0,0,1995.29,128,[-46 32 13 0 1 14 1 4 -3 12 -18 11 -5 12 -16 0 -18 5 -12 8 -22 2 -18 6 -28 1 -27 1 -23 3 -28 0 -26 -3 -29 0 -22 -9 -28 -13 -25 -10 -23 -14 -14 -14 -15 -17 -13 -16 -13 -18 -5 -14 0 0 0 0 0 0 0 0 0 0 0 0 0 0 0 0 0 0 0 0 0 0 -6 -5 -13 -8 -9 0 -10 6 -8 8 -10 15 -8 17 -6 13 -6 22 -5 19 -11 22 -1 20 0 22 -1 25 -1 29 0 25 3 21 11 26 9 27 8 32 16 14 7 22 12 20 4 22 12 18 13 15 ],2025-05-07_20-02-55-26
CSI_DATA,PASSIVE,5C:E9:31:E8:F4:66,-77,11,0,0,0,0,0,0,0,0,0,-96,0,11,0,1995150680,0,188,0,0,1995.32,128,[-68 -64 11 0 0 13 0 18 -2 18 -1 20 -1 22 -1 24 1 26 5 27 2 27 5 26 9 29 7 29 9 24 12 27 9 24 9 23 7 20 7 15 5 13 3 12 4 8 4 5 0 1 -2 -3 -4 -6 0 0 0 0 0 0 0 0 0 0 0 0 0 0 0 0 0 0 0 0 0 0 -4 -29 -2 -33 -2 -32 -6 -35 -3 -34 -2 -33 -3 -31 0 -32 3 -31 0 -30 1 -27 2 -23 -1 -22 2 -21 6 -15 6 -11 2 -11 3 -11 4 -7 1 -5 1 -1 -1 -1 -1 3 1 6 3 8 2 9 ],2025-05-07_20-02-55-55
CSI_DATA,PASSIVE,5C:E9:31:E8:F4:66,-77,11,0,0,0,0,0,0,0,0,0,-96,0,11,0,1995150973,0,254,0,0,1995.32,128,[-2 -32 15 0 -16 -7 -13 -9 -21 -12 -20 -10 -24 -12 -24 -9 -27 -9 -30 -8 -29 -8 -28 -9 -31 -9 -28 -7 -30 -8 -29 -5 -28 -5 -25 -4 -21 0 -21 -5 -14 0 -14 0 -10 0 -7 -2 -4 0 0 2 4 1 0 0 0 0 0 0 0 0 0 0 0 0 0 0 0 0 0 0 0 0 0 0 29 3 27 5 32 3 31 2 33 2 30 5 32 5 32 4 31 6 29 6 23 6 22 8 19 10 19 6 14 9 13 9 11 6 4 6 4 5 2 3 -3 4 -1 2 -4 3 -5 4 -5 -2 -11 -2 ],2025-05-07_20-02-55-59
CSI_DATA,PASSIVE,5C:E9:31:E8:F4:66,-77,11,0,0,0,0,0,0,0,0,0,-96,0,11,0,1995151354,0,328,0,0,1995.33,128,[72 -127 20 0 15 -6 11 -12 14 -13 12 -14 14 -19 17 -22 16 -21 21 -26 17 -27 13 -30 12 -26 14 -26 9 -26 12 -23 10 -22 10 -29 8 -24 6 -20 4 -18 1 -16 3 -9 0 -3 1 -5 -2 -4 -1 4 0 0 0 0 0 0 0 0 0 0 0 0 0 0 0 0 0 0 0 0 0 0 -20 22 -24 19 -27 21 -24 19 -21 20 -24 25 -29 22 -22 20 -24 19 -22 14 -22 15 -20 11 -21 6 -15 12 -16 5 -14 1 -12 1 -7 1 -7 1 -11 -3 -3 -3 3 -2 2 -8 5 -7 4 -7 3 -8 ],2025-05-07_20-02-55-65
CSI_DATA,PASSIVE,5C:E9:31:E8:E9:4E,-84,11,0,0,0,0,0,0,0,0,0,-96,0,11,0,1995224368,0,145,0,0,1995.39,128,[-111 16 9 0 -6 -2 -10 -3 2 -8 2 -8 6 -5 7 -15 4 -12 9 -15 11 -13 19 -17 17 -14 19 -20 22 -17 23 -13 21 -16 20 -12 20 -12 23 -12 20 -7 21 -2 16 3 21 -2 12 9 19 13 14 10 0 0 0 0 0 0 0 0 0 0 0 0 0 0 0 0 0 0 0 0 0 0 5 -5 1 -8 6 -10 5 -7 -2 -10 -1 -13 0 -13 -2 -14 -9 -15 -10 -15 -16 -17 -16 -25 -18 -20 -16 -17 -14 -14 -28 -17 -22 -13 -24 -11 -23 -10 -27 -5 -25 -6 -25 -11 -30 -3 -13 3 -24 -1 -15 -4 ],2025-05-07_20-02-55-128
CSI_DATA,PASSIVE,5C:E9:31:E8:F4:66,-77,11,0,0,0,0,0,0,0,0,0,-96,0,11,0,1995250920,0,348,0,0,1995.42,128,[92 -63 21 0 -5 14 -9 15 -7 16 -9 19 -9 19 -7 21 -9 25 -9 24 -6 26 -5 27 -5 28 -6 27 -3 29 -2 26 -2 23 -2 25 -2 20 1 19 -1 15 -2 13 -1 10 1 7 1 3 -2 -2 3 -2 0 0 0 0 0 0 0 0 0 0 0 0 0 0 0 0 0 0 0 0 0 0 4 -27 2 -27 1 -29 1 -31 3 -28 3 -29 2 -30 1 -28 4 -28 7 -24 5 -24 6 -19 4 -16 10 -14 5 -13 7 -10 8 -7 7 -5 3 -2 6 0 4 3 2 2 2 5 2 8 -1 7 1 8 ],2025-05-07_20-02-55-154
CSI_DATA,PASSIVE,5C:E9:31:E8:F4:66,-77,11,0,0,0,0,0,0,0,0,0,-96,0,11,0,1995251425,0,254,0,0,1995.42,128,[-2 -32 15 0 4 -16 1 -22 4 -17 9 -21 5 -22 5 -26 4 -26 2 -27 1 -27 0 -30 -2 -27 -3 -31 -3 -31 -6 -26 -7 -29 -8 -25 -6 -26 -4 -22 -4 -18 -4 -16 -2 -9 -7 -6 -1 -3 -2 -2 -1 2 0 0 0 0 0 0 0 0 0 0 0 0 0 0 0 0 0 0 0 0 0 0 -11 27 -10 30 -11 28 -12 29 -9 29 -11 27 -11 30 -11 28 -11 28 -11 28 -14 22 -12 22 -11 18 -15 15 -10 11 -12 8 -10 5 -9 1 -5 0 -5 2 -10 -3 -6 -5 -4 -4 -4 -6 -1 -8 1 -10 ],2025-05-07_20-02-55-160
CSI_DATA,PASSIVE,5C:E9:31:E8:F4:66,-77,11,0,0,0,0,0,0,0,0,0,-96,0,11,0,1995251806,0,274,0,0,1995.43,128,[18 33 17 0 7 13 12 14 15 14 13 17 13 16 15 15 20 15 21 15 22 16 26 17 24 15 23 17 25 15 27 19 25 13 27 9 23 10 17 9 17 8 11 4 9 6 8 2 1 0 2 -5 -3 -8 0 0 0 0 0 0 0 0 0 0 0 0 0 0 0 0 0 0 0 0 0 0 -24 -15 -26 -15 -27 -16 -26 -17 -26 -17 -27 -17 -26 -17 -23 -18 -22 -18 -20 -18 -18 -17 -19 -16 -12 -11 -9 -15 -10 -13 -6 -13 -6 -8 2 -5 1 -10 1 -2 6 -8 3 2 7 -3 8 -4 5 6 5 5 ],2025-05-07_20-02-55-165
CSI_DATA,PASSIVE,5C:E9:31:E8:F4:66,-77,11,0,0,0,0,0,0,0,0,0,-96,0,11,0,1995252215,0,188,0,0,1995.43,128,[-68 -64 11 0 -12 -6 -15 -7 -18 -10 -19 -11 -21 -10 -20 -12 -22 -13 -26 -12 -24 -11 -28 -5 -26 -9 -30 -5 -26 -5 -26 -4 -29 -3 -24 -4 -22 -1 -20 -3 -16 -4 -15 0 -14 1 -10 0 -4 0 1 -1 3 -1 0 0 0 0 0 0 0 0 0 0 0 0 0 0 0 0 0 0 0 0 0 0 22 12 26 14 26 17 23 12 22 10 23 12 22 10 24 12 19 13 16 14 15 12 15 10 15 14 10 10 7 8 5 4 9 8 0 8 -2 5 1 6 -1 4 -2 1 -8 2 -4 -6 -7 -2 -2 -2 ],2025-05-07_20-02-55-171
CSI_DATA,PASSIVE,5C:E9:31:E8:F4:66,-77,11,0,0,0,0,0,0,0,0,0,-96,0,11,0,1995252508,0,165,0,0,1995.44,128,[-91 80 10 0 10 -3 21 -8 16 -6 21 -5 20 -10 24 -12 25 -6 28 -10 24 -14 23 -17 24 -20 24 -22 22 -19 23 -15 21 -20 17 -15 16 -17 17 -14 11 -11 8 -12 7 -10 5 -5 4 -4 -1 -4 -2 2 0 0 0 0 0 0 0 0 0 0 0 0 0 0 0 0 0 0 0 0 0 0 -27 7 -31 6 -28 8 -32 10 -29 8 -31 11 -32 9 -29 5 -25 11 -28 8 -26 6 -24 1 -19 2 -22 2 -16 -4 -15 -6 -13 -2 -4 -5 -6 -4 -7 -10 -4 -9 -1 -3 2 -7 3 -6 5 -5 7 -4 ],2025-05-07_20-02-55-177
CSI_DATA,PASSIVE,5C:E9:31:E8:F4:66,-77,11,0,0,0,0,0,0,0,0,0,-96,0,11,0,1995252769,0,185,0,0,1995.45,128,[-71 -112 11 0 -10 -12 -10 -14 -13 -14 -13 -13 -16 -15 -16 -17 -17 -12 -22 -18 -20 -15 -22 -13 -23 -13 -25 -12 -27 -11 -23 -11 -26 -6 -22 -9 -18 -9 -14 -6 -15 -4 -15 0 -10 -2 -8 -4 -2 -2 0 2 3 -1 0 0 0 0 0 0 0 0 0 0 0 0 0 0 0 0 0 0 0 0 0 0 17 20 16 21 18 24 17 22 18 18 15 19 18 22 17 21 16 18 13 22 10 20 10 16 7 18 4 18 2 15 6 11 -2 8 -1 7 -4 4 -1 5 -6 0 -3 5 -6 2 -6 -3 -11 -5 -8 -6 ],2025-05-07_20-02-55-182
CSI_DATA,PASSIVE,5C:E9:31:E8:F4:66,-77,11,0,0,0,0,0,0,0,0,0,-96,0,11,0,1995253058,0,94,0,0,1995.45,128,[94 -32 5 0 -15 4 -18 0 -21 4 -20 1 -22 3 -22 4 -28 3 -29 4 -30 6 -34 9 -29 11 -30 12 -28 11 -27 15 -26 11 -21 11 -21 9 -17 13 -17 10 -13 6 -12 6 -8 2 -5 1 2 0 4 -3 0 0 0 0 0 0 0 0 0 0 0 0 0 0 0 0 0 0 0 0 0 0 28 -6 26 -11 30 -12 27 -12 28 -11 26 -11 32 -7 29 -9 24 -10 29 -5 23 -6 25 -1 21 -2 18 1 17 -1 11 8 10 8 8 3 4 4 5 4 -1 4 -1 8 -2 3 -5 6 -8 4 -8 -1 ],2025-05-07_20-02-55-187
CSI_DATA,PASSIVE,5C:E9:31:E8:F4:66,-77,11,0,0,0,0,0,0,0,0,0,-96,0,11,0,1995253227,0,125,0,0,1995.46,128,[125 -48 7 0 -4 -16 0 -16 0 -19 3 -24 -2 -29 -4 -25 -4 -29 -5 -29 -5 -29 -5 -31 -8 -28 -11 -30 -12 -29 -10 -30 -12 -26 -10 -22 -13 -25 -11 -19 -6 -18 -7 -13 -7 -9 -6 -6 -5 -2 0 1 2 0 0 0 0 0 0 0 0 0 0 0 0 0 0 0 0 0 0 0 0 0 0 0 4 28 4 26 2 28 3 29 7 32 3 29 6 32 5 28 1 27 2 25 -2 24 0 23 -3 21 -4 17 -8 15 -5 11 -5 8 -3 9 -4 4 -4 1 -5 0 -5 0 -7 -2 -6 -8 -5 -4 1 -10 ],2025-05-07_20-02-55-193
CSI_DATA,PASSIVE,5C:E9:31:E8:F4:66,-77,11,0,0,0,0,0,0,0,0,0,-96,0,11,0,1995253436,0,145,0,0,1995.46,128,[-111 16 9 0 -12 1 -19 -7 -20 0 -23 1 -28 0 -23 -3 -30 -2 -27 -1 -30 3 -29 4 -31 7 -29 12 -27 10 -29 6 -29 13 -24 6 -23 8 -24 9 -14 6 -13 7 -9 4 -8 5 -4 0 -3 1 3 -2 0 0 0 0 0 0 0 0 0 0 0 0 0 0 0 0 0 0 0 0 0 0 28 -7 27 -7 31 -5 29 -10 30 -6 30 -9 32 -5 28 -8 27 -4 22 -4 25 -7 21 -1 18 0 13 2 14 4 18 6 10 8 7 5 4 6 2 5 2 4 -3 6 -3 4 -5 5 -12 5 -6 3 ],2025-05-07_20-02-55-198
CSI_DATA,PASSIVE,5C:E9:31:E8:E9:4E,-85,11,0,0,0,0,0,0,0,0,0,-96,0,11,0,1995263003,0,205,0,0,1995.47,128,[-51 -48 12 0 2 -1 5 -5 7 4 2 10 -9 -2 -13 0 -9 8 -7 11 -12 4 -14 12 -19 7 -16 12 -23 9 -15 16 -11 13 -18 3 -18 8 -14 2 -23 5 -17 -2 -22 -1 -15 -10 -13 -12 -13 -10 -9 -16 0 0 0 0 0 0 0 0 0 0 0 0 0 0 0 0 0 0 0 0 0 0 -7 -4 -5 0 -3 0 -9 7 -3 8 -11 9 -3 18 -2 17 -7 7 3 17 1 20 5 23 5 20 -1 20 5 21 7 20 16 21 12 26 17 11 20 21 11 19 20 15 12 7 16 14 13 7 9 15 ],2025-05-07_20-02-55-204
CSI_DATA,PASSIVE,5C:E9:31:E8:E9:4E,-84,11,0,0,0,0,0,0,0,0,0,-96,0,11,0,1995336393,0,487,0,0,1995.5,128,[-25 113 30 0 -1 -10 2 -14 8 -2 12 -1 10 0 8 1 10 -2 18 3 14 3 19 9 25 6 23 4 26 4 29 11 26 11 27 10 24 12 21 17 18 12 18 14 12 16 7 14 12 18 5 20 -2 18 0 0 0 0 0 0 0 0 0 0 0 0 0 0 0 0 0 0 0 0 0 0 7 6 9 5 6 4 11 5 14 1 13 -9 17 -8 21 -10 12 -14 15 -14 20 -12 14 -16 17 -22 12 -22 2 -29 10 -19 3 -23 1 -25 3 -30 3 -34 -6 -28 -1 -27 -3 -20 4 -16 -2 -24 0 -12 ],2025-05-07_20-02-55-240
CSI_DATA,PASSIVE,5C:E9:31:E8:E9:4E,-84,11,0,0,0,0,0,0,0,0,0,-96,0,11,0,1995338083,0,507,0,0,1995.51,128,[-5 -79 31 0 -6 0 -7 3 -5 -4 -3 -3 -8 -13 0 -8 -3 -10 -2 -16 -6 -17 -4 -17 -4 -16 -5 -14 -4 -18 0 -19 2 -23 11 -22 0 -27 2 -22 9 -19 14 -20 8 -16 13 -6 11 -14 8 -6 10 -3 0 0 0 0 0 0 0 0 0 0 0 0 0 0 0 0 0 0 0 0 0 0 -3 -8 0 -4 -1 -11 -4 -8 -6 -10 -3 -9 -9 -11 -17 0 -13 -6 -19 -4 -19 -5 -15 -4 -19 -1 -22 1 -21 -6 -18 2 -21 8 -21 8 -12 7 -11 9 -24 10 -21 13 -14 6 -15 11 -10 6 -14 16 ],2025-05-07_20-02-55-246
CSI_DATA,PASSIVE,5C:E9:31:E8:F4:66,-77,11,0,0,0,0,0,0,0,0,0,-96,0,11,0,1995352974,0,205,0,0,1995.52,128,[-51 -48 12 0 16 -13 14 -10 12 -11 14 -15 18 -15 18 -17 18 -19 10 -19 22 -20 14 -17 4 -29 8 -25 2 -28 20 -23 1 -19 1 -33 22 -30 4 -29 12 -22 5 -22 10 -14 3 -14 9 -10 -2 0 6 -2 0 0 0 0 0 0 0 0 0 0 0 0 0 0 0 0 0 0 0 0 0 0 -22 15 -21 10 -26 18 -23 19 -27 17 -28 22 -22 19 -25 12 -23 16 -20 17 -18 12 -15 14 -19 11 -23 5 -19 6 -15 9 -6 5 1 3 -1 2 2 -3 5 3 6 3 3 -6 2 -1 7 -6 5 2 ],2025-05-07_20-02-55-257
CSI_DATA,PASSIVE,5C:E9:31:E8:F4:66,-77,11,0,0,0,0,0,0,0,0,0,-96,0,11,0,1995353291,0,94,0,0,1995.53,128,[94 -32 5 0 49 -21 32 -26 29 -39 56 -5 41 -44 69 -20 41 -33 46 -61 65 -45 62 -58 64 -45 65 -63 59 -67 47 -64 50 -53 45 -41 32 -42 33 -43 33 -39 22 -29 15 -14 12 -8 15 -16 -2 1 -4 -4 0 0 0 0 0 0 0 0 0 0 0 0 0 0 0 0 0 0 0 0 0 0 -55 37 -42 39 -55 47 -55 42 -64 45 -55 44 -52 44 -53 43 -53 39 -66 39 -54 30 -40 24 -40 21 -36 14 -37 28 -42 12 -29 -6 -8 6 -19 -3 -5 0 -8 1 7 -18 4 2 11 -10 24 -6 13 8 ],2025-05-07_20-02-55-262
CSI_DATA,PASSIVE,5C:E9:31:E8:F4:66,-77,11,0,0,0,0,0,0,0,0,0,-96,0,11,0,1995353460,0,163,0,0,1995.53,128,[-93 48 10 0 15 33 49 63 41 14 42 32 50 13 43 18 55 39 77 19 59 27 76 41 57 31 68 21 72 38 56 32 69 40 54 23 51 20 50 19 33 20 37 13 16 10 14 13 10 6 1 -10 -5 -3 0 0 0 0 0 0 0 0 0 0 0 0 0 0 0 0 0 0 0 0 0 0 -69 -16 -62 -19 -60 -19 -67 -27 -66 -21 -75 -27 -66 -35 -63 -30 -63 -31 -61 -38 -50 -24 -42 -27 -35 -33 -33 -32 -32 -33 -26 -26 -30 -8 -12 -8 -19 -12 -4 -32 1 -23 -4 9 15 0 -5 20 23 21 31 23 ],2025-05-07_20-02-55-268
CSI_DATA,PASSIVE,5C:E9:31:E8:F4:66,-77,11,0,0,0,0,0,0,0,0,0,-96,0,11,0,1995353721,0,183,0,0,1995.54,128,[-73 112 11 0 11 -60 14 -68 6 -49 19 -31 -10 -57 -7 -61 -10 -55 -18 -57 -7 -53 2 -80 -3 -69 -18 -83 11 -66 0 -72 -12 -70 -16 -54 -11 -63 -22 -53 -3 -49 -7 -34 -4 -29 -3 -28 -2 -6 -2 5 -5 5 0 0 0 0 0 0 0 0 0 0 0 0 0 0 0 0 0 0 0 0 0 0 6 67 9 57 3 62 9 68 5 70 7 66 0 74 -1 74 -3 72 0 65 -5 69 -1 66 -10 58 -13 49 -6 39 -7 34 -13 17 1 17 5 17 -7 14 6 11 -15 -3 2 -8 10 -29 -6 -37 9 -21 ],2025-05-07_20-02-55-274
CSI_DATA,PASSIVE,5C:E9:31:E8:F4:66,-76,11,0,0,0,0,0,0,0,0,0,-96,0,11,0,1995354006,0,205,0,0,1995.54,128,[-51 -48 12 0 31 29 20 54 3 29 25 36 37 33 32 70 42 47 56 27 53 55 53 48 40 32 69 40 62 44 70 51 65 36 49 24 50 22 43 30 27 18 23 11 12 10 20 7 7 5 -4 -4 -4 -2 0 0 0 0 0 0 0 0 0 0 0 0 0 0 0 0 0 0 0 0 0 0 -23 -64 -15 -62 -21 -66 -32 -80 -19 -71 -23 -74 -19 -71 -26 -70 -20 -70 -19 -62 -14 -63 -13 -56 -16 -57 -7 -46 3 -37 -16 -27 -2 -24 -7 -9 -11 -19 -18 -4 7 -12 18 4 -9 -4 13 15 8 8 15 31 ],2025-05-07_20-02-55-280
CSI_DATA,PASSIVE,5C:E9:31:E8:F4:66,-77,11,0,0,0,0,0,0,0,0,0,-96,0,11,0,1995354323,0,98,0,0,1995.55,128,[98 32 6 0 27 62 33 38 31 49 1 42 26 42 35 66 38 59 40 56 41 48 55 60 67 63 51 47 56 68 46 39 43 57 36 43 50 43 32 41 26 34 20 28 9 16 19 12 12 10 -6 -4 -3 -3 0 0 0 0 0 0 0 0 0 0 0 0 0 0 0 0 0 0 0 0 0 0 -36 -44 -36 -41 -48 -50 -46 -54 -41 -63 -48 -54 -38 -62 -30 -67 -29 -63 -20 -58 -35 -52 -21 -53 -22 -46 -12 -43 -28 -44 -13 -25 -7 -23 -4 -26 -15 -22 -5 -12 13 6 9 -1 10 -7 1 1 8 38 -8 13 ],2025-05-07_20-02-55-285
CSI_DATA,PASSIVE,5C:E9:31:E8:F4:66,-77,11,0,0,0,0,0,0,0,0,0,-96,0,11,0,1995354496,0,98,0,0,1995.55,128,[98 32 6 0 24 -27 39 -36 68 -26 58 -21 53 -38 74 -50 42 -36 48 -28 67 -51 52 -49 63 -48 46 -56 35 -50 41 -58 39 -47 43 -57 42 -45 35 -38 27 -42 29 -30 11 -13 11 -5 11 -6 3 1 -2 2 0 0 0 0 0 0 0 0 0 0 0 0 0 0 0 0 0 0 0 0 0 0 -29 56 -26 62 -29 61 -30 65 -38 65 -30 61 -33 67 -37 60 -33 57 -30 53 -41 47 -39 42 -45 28 -29 28 -25 36 -31 24 -22 12 -21 22 -17 12 -7 12 4 2 15 -6 -12 -2 13 -5 10 -1 28 -10 ],2025-05-07_20-02-55-291
CSI_DATA,PASSIVE,5C:E9:31:E8:F4:66,-76,11,0,0,0,0,0,0,0,0,0,-96,0,11,0,1995354669,0,98,0,0,1995.56,128,[98 32 6 0 -9 -35 -30 -37 -21 -31 -53 -12 -50 -38 -46 -38 -56 -44 -53 -52 -64 -28 -57 -49 -71 -43 -76 -39 -57 -22 -58 -45 -68 -40 -58 -25 -58 -29 -57 -25 -38 -24 -34 -13 -21 -14 -17 -6 -13 -4 0 3 -1 7 0 0 0 0 0 0 0 0 0 0 0 0 0 0 0 0 0 0 0 0 0 0 63 12 70 17 65 20 67 24 70 20 73 22 76 22 72 22 66 21 55 20 57 27 54 27 43 29 40 27 34 17 30 29 29 25 4 11 11 22 5 11 3 8 -9 8 -2 1 -7 -7 -26 -36 -9 -8 ],2025-05-07_20-02-55-297
CSI_DATA,PASSIVE,5C:E9:31:E8:F4:66,-77,11,0,0,0,0,0,0,0,0,0,-96,0,11,0,1995354842,0,487,0,0,1995.57,128,[-25 113 30 0 -20 45 13 28 28 34 24 54 16 44 22 63 19 51 30 61 24 61 39 67 39 52 58 60 48 72 36 43 52 56 45 41 46 41 36 32 28 30 22 25 22 17 15 8 9 6 -4 3 -4 -3 0 0 0 0 0 0 0 0 0 0 0 0 0 0 0 0 0 0 0 0 0 0 5 -60 6 -65 10 -65 9 -75 3 -82 8 -73 2 -71 9 -84 8 -68 7 -61 14 -65 16 -53 9 -50 2 -42 12 -39 2 -38 6 -29 9 -20 -1 -20 5 -7 9 4 9 8 -5 -1 3 28 -8 6 -19 25 ],2025-05-07_20-02-55-302
CSI_DATA,PASSIVE,5C:E9:31:E8:F4:66,-77,11,0,0,0,0,0,0,0,0,0,-96,0,11,0,1995355534,0,507,0,0,1995.57,128,[-5 -79 31 0 30 40 35 28 18 9 64 11 39 28 46 15 50 18 63 6 65 13 77 17 69 -9 76 11 77 7 60 -6 76 3 65 -7 64 1 46 -1 35 -8 34 -3 24 0 18 6 7 -3 -8 -1 -9 -3 0 0 0 0 0 0 0 0 0 0 0 0 0 0 0 0 0 0 0 0 0 0 -61 -22 -63 -24 -65 -27 -72 -32 -66 -31 -66 -22 -69 -29 -66 -26 -65 -27 -57 -31 -55 -28 -46 -29 -60 -31 -37 -28 -27 -35 -35 -21 -25 -12 -13 -5 -6 -17 -1 -14 6 -5 -13 7 4 9 14 2 22 15 29 32 ],2025-05-07_20-02-55-308
CSI_DATA,PASSIVE,5C:E9:31:E8:E9:4E,-84,11,0,0,0,0,0,0,0,0,0,-96,0,11,0,1995427898,0,158,0,0,1995.59,128,[-98 -32 9 0 8 9 -2 4 -3 4 -8 7 -7 -10 -13 0 -12 -3 -23 1 -23 3 -25 0 -25 -4 -22 0 -26 -12 -30 -9 -30 -14 -28 -10 -21 -11 -19 -17 -17 -16 -7 -18 -10 -16 -13 -18 -4 -23 1 -19 1 -17 0 0 0 0 0 0 0 0 0 0 0 0 0 0 0 0 0 0 0 0 0 0 -10 1 -9 6 -13 3 -12 9 -11 8 -5 9 -11 10 -6 17 -1 17 -8 12 1 25 3 20 10 18 6 24 6 26 6 28 7 21 6 34 13 20 14 20 22 22 4 26 6 21 14 25 17 16 16 9 ],2025-05-07_20-02-55-331
CSI_DATA,PASSIVE,5C:E9:31:E8:E9:4E,-85,11,0,0,0,0,0,0,0,0,0,-96,0,11,0,1995439170,0,125,0,0,1995.61,128,[125 -48 7 0 12 -4 5 3 -1 1 8 0 -3 9 -8 9 -6 7 -7 19 -10 12 -13 23 -13 19 -14 24 -10 22 -18 23 -24 23 -28 25 -24 15 -23 13 -21 8 -17 3 -24 -3 -19 2 -14 -4 -15 -3 -18 -5 0 0 0 0 0 0 0 0 0 0 0 0 0 0 0 0 0 0 0 0 0 0 -6 10 -2 5 -5 13 -4 10 1 12 1 9 6 15 11 12 14 11 9 10 8 19 15 17 19 7 23 9 19 10 25 -2 26 12 19 0 20 5 31 0 27 -4 16 2 24 -1 20 -8 14 0 10 -3 ],2025-05-07_20-02-55-342
CSI_DATA,PASSIVE,5C:E9:31:E8:E9:4E,-83,11,0,0,0,0,0,0,0,0,0,-96,0,11,0,1995440149,0,145,0,0,1995.61,128,[-111 16 9 0 -10 6 -8 9 -1 0 -4 2 -8 0 -7 6 -6 -12 -6 -9 -20 -4 -15 -15 -9 -16 -19 -15 -16 -12 -19 -14 -14 -16 -26 -18 -14 -15 -10 -15 -7 -23 -9 -24 -3 -26 -3 -24 0 -16 1 -24 3 -13 0 0 0 0 0 0 0 0 0 0 0 0 0 0 0 0 0 0 0 0 0 0 -3 -11 -8 -5 -11 -11 -5 -3 -15 -5 -11 -5 -11 -3 -11 -1 -20 6 -18 -5 -18 2 -30 -2 -13 5 -17 3 -20 16 -20 13 -21 14 -10 13 -6 19 -11 17 -12 14 -17 22 -9 17 -5 14 -3 12 4 9 ],2025-05-07_20-02-55-348
CSI_DATA,PASSIVE,5C:E9:31:E8:E9:4E,-84,11,0,0,0,0,0,0,0,0,0,-96,0,11,0,1995448725,0,250,0,0,1995.62,128,[-6 -96 15 0 -5 1 -4 -8 -4 -4 -6 -6 0 -10 -4 -11 4 -6 10 -17 8 -23 7 -22 11 -11 13 -20 15 -21 8 -13 12 -22 17 -20 19 -11 23 -11 17 -5 19 0 10 -3 15 0 8 1 13 8 15 8 0 0 0 0 0 0 0 0 0 0 0 0 0 0 0 0 0 0 0 0 0 0 3 -8 2 -5 -1 -8 -3 -6 -7 -10 -6 -6 -7 -14 -8 -14 -7 -14 -21 -9 -8 -5 -11 -8 -19 -3 -19 -4 -14 -6 -23 -7 -24 -10 -19 4 -20 2 -18 11 -32 -1 -21 -1 -18 4 -16 1 -25 -1 -17 13 ],2025-05-07_20-02-55-353
CSI_DATA,PASSIVE,5C:E9:31:E8:F4:66,-76,11,0,0,0,0,0,0,0,0,0,-96,0,11,0,1995455467,0,266,0,0,1995.62,128,[10 -95 16 0 3 -13 -8 -15 -13 -18 -17 -20 -16 -22 -16 -25 -10 -28 -13 -28 -16 -29 -19 -21 -23 -21 -26 -21 -25 -26 -19 -20 -21 -19 -23 -15 -23 -16 -18 -16 -14 -12 -12 -10 -13 -9 -10 -2 -5 -6 1 -3 0 3 0 0 0 0 0 0 0 0 0 0 0 0 0 0 0 0 0 0 0 0 0 0 3 26 5 26 7 26 7 27 8 27 7 27 9 28 7 28 5 22 1 22 3 21 4 21 -1 18 2 18 -1 15 -2 15 -4 7 -3 9 -5 8 -7 4 -3 0 -6 -3 -7 -4 -5 -7 2 -2 -3 -1 ],2025-05-07_20-02-55-359
CSI_DATA,PASSIVE,5C:E9:31:E8:F4:66,-77,11,0,0,0,0,0,0,0,0,0,-96,0,11,0,1995455864,0,350,0,0,1995.63,128,[94 -31 21 0 9 -11 13 -17 9 -16 11 -21 13 -19 16 -22 13 -22 10 -29 7 -20 16 -24 7 -19 17 -31 8 -30 0 -28 12 -21 6 -14 19 -23 4 -13 3 -14 12 -13 3 -18 5 -8 2 -12 -5 4 -6 -2 0 0 0 0 0 0 0 0 0 0 0 0 0 0 0 0 0 0 0 0 0 0 -15 20 -17 19 -13 20 -12 22 -14 18 -12 21 -14 25 -19 21 -13 21 -15 28 -13 11 -4 17 -11 17 -17 16 -12 13 -9 2 -4 1 -6 6 -11 3 -10 5 -4 -3 0 -7 7 -1 -5 -8 3 -8 -1 -8 ],2025-05-07_20-02-55-365
CSI_DATA,PASSIVE,5C:E9:31:E8:F4:66,-75,11,0,0,0,0,0,0,0,0,0,-96,0,11,0,1995456372,0,330,0,0,1995.63,128,[74 -95 20 0 -5 -12 -6 -12 -1 -17 -10 -24 -7 -22 -4 -21 -7 -22 -8 -25 -6 -30 -18 -26 -14 -26 -13 -33 -14 -27 -9 -21 -16 -19 -12 -23 -9 -25 -12 -18 -15 -18 -2 -14 1 -13 -3 -4 -8 -5 -4 -1 -10 1 0 0 0 0 0 0 0 0 0 0 0 0 0 0 0 0 0 0 0 0 0 0 22 11 22 17 20 11 17 12 21 21 19 18 27 16 16 21 16 14 7 18 13 18 18 9 8 17 10 12 3 11 3 17 9 3 3 -2 -5 14 -3 11 9 1 -1 -1 3 -6 -6 -5 -5 -12 -5 -12 ],2025-05-07_20-02-55-371
CSI_DATA,PASSIVE,5C:E9:31:E8:F4:66,-76,11,0,0,0,0,0,0,0,0,0,-96,0,11,0,1995456853,0,94,0,0,1995.64,128,[94 -32 5 0 -13 9 -21 9 -15 12 -20 11 -18 15 -25 12 -28 23 -25 22 -22 17 -20 17 -22 21 -22 25 -17 24 -18 24 -17 23 -16 24 -13 25 -16 19 -11 14 -11 14 -11 10 -7 3 -6 5 0 -2 2 -1 0 0 0 0 0 0 0 0 0 0 0 0 0 0 0 0 0 0 0 0 0 0 11 -25 10 -22 17 -26 12 -28 17 -19 16 -20 16 -23 18 -24 20 -20 17 -21 13 -19 11 -16 13 -12 13 -12 7 -8 11 -7 9 -3 8 -6 4 7 3 -2 1 2 0 3 0 2 -6 -1 -4 1 -6 5 ],2025-05-07_20-02-55-376
CSI_DATA,PASSIVE,5C:E9:31:E8:F4:66,-76,11,0,0,0,0,0,0,0,0,0,-96,0,11,0,1995457022,0,168,0,0,1995.64,128,[-88 -128 10 0 -11 -8 -11 -17 -11 -15 -15 -18 -18 -24 -22 -22 -20 -26 -24 -21 -17 -23 -25 -24 -26 -18 -25 -24 -28 -21 -27 -22 -23 -19 -23 -15 -18 -15 -20 -13 -15 -10 -14 -11 -10 -7 -9 -1 -3 -1 -6 -2 1 0 0 0 0 0 0 0 0 0 0 0 0 0 0 0 0 0 0 0 0 0 0 0 16 15 23 15 19 16 21 13 23 23 20 16 24 18 20 17 17 17 13 22 16 14 16 17 11 18 12 15 8 12 1 10 3 7 -3 6 -3 5 -1 10 -5 0 -5 3 -3 1 -5 -6 -8 -3 -5 -1 ],2025-05-07_20-02-55-382
CSI_DATA,PASSIVE,5C:E9:31:E8:F4:66,-76,11,0,0,0,0,0,0,0,0,0,-96,0,11,0,1995457287,0,158,0,0,1995.65,128,[-98 -32 9 0 6 -15 4 -17 3 -21 8 -20 5 -21 6 -24 7 -26 6 -29 5 -33 1 -33 3 -30 1 -32 0 -31 -2 -31 -4 -27 -5 -26 -1 -25 0 -25 0 -19 -2 -19 0 -13 -1 -9 -1 -6 1 -6 -2 -2 0 0 0 0 0 0 0 0 0 0 0 0 0 0 0 0 0 0 0 0 0 0 -5 26 -5 27 -6 28 -4 25 -6 28 -5 27 -6 29 -5 28 -6 25 -7 24 -9 21 -9 19 -9 18 -8 16 -9 8 -6 10 -9 4 -5 7 -3 3 -5 4 -6 -1 -4 -2 -1 -3 -1 -6 1 -10 0 -9 ],2025-05-07_20-02-55-387
CSI_DATA,PASSIVE,5C:E9:31:E8:F4:66,-76,11,0,0,0,0,0,0,0,0,0,-96,0,11,0,1995457540,0,125,0,0,1995.66,128,[125 -48 7 0 -16 -3 -19 -5 -22 -7 -19 -4 -26 -7 -26 -7 -29 -3 -32 -6 -35 -4 -33 0 -35 -1 -34 -1 -35 -1 -33 3 -32 2 -27 1 -29 1 -24 2 -23 2 -16 1 -12 0 -11 3 -5 2 -1 0 0 -2 0 0 0 0 0 0 0 0 0 0 0 0 0 0 0 0 0 0 0 0 0 0 28 -1 29 -5 30 -2 32 -3 29 -2 31 -1 31 -1 28 -4 28 0 30 1 24 1 21 3 22 7 19 4 16 7 15 9 11 7 3 5 2 6 5 8 1 5 -3 3 -3 3 -5 2 -9 -2 -13 -1 ],2025-05-07_20-02-55-392
CSI_DATA,PASSIVE,5C:E9:31:E8:F4:66,-76,11,0,0,0,0,0,0,0,0,0,-96,0,11,0,1995457749,0,145,0,0,1995.66,128,[-111 16 9 0 -9 14 -10 9 -11 17 -10 20 -14 18 -14 21 -14 23 -8 25 -10 27 -10 28 -9 29 -7 34 -5 30 -5 28 -3 29 -3 26 -1 26 0 24 -3 22 -3 17 -2 12 -1 4 -1 6 -2 2 0 -3 0 0 0 0 0 0 0 0 0 0 0 0 0 0 0 0 0 0 0 0 0 0 14 -22 14 -21 15 -22 16 -24 13 -27 14 -24 16 -24 13 -22 16 -22 17 -20 15 -23 14 -18 12 -14 12 -12 12 -10 11 -9 10 -3 7 -1 4 0 8 1 2 3 1 2 0 3 0 6 -2 4 -7 9 ],2025-05-07_20-02-55-398
CSI_DATA,PASSIVE,5C:E9:31:E8:F4:66,-77,11,0,0,0,0,0,0,0,0,0,-96,0,11,0,1995457986,0,86,0,0,1995.67,128,[86 96 5 0 -5 15 -8 13 -6 15 -5 17 -6 19 -6 26 -7 26 -10 27 -8 29 -4 31 -3 29 -3 29 -2 30 -1 30 0 28 1 27 1 24 0 21 0 20 0 15 -1 13 1 7 -1 5 -3 3 0 1 0 0 0 0 0 0 0 0 0 0 0 0 0 0 0 0 0 0 0 0 0 0 4 -25 7 -27 8 -28 4 -26 8 -27 8 -30 8 -27 8 -31 8 -27 7 -27 9 -22 6 -22 7 -15 7 -12 9 -16 9 -11 4 -5 6 -5 4 -5 5 -1 1 3 1 -2 0 6 -1 5 -3 5 -2 3 ],2025-05-07_20-02-55-402
CSI_DATA,PASSIVE,5C:E9:31:E8:F4:66,-76,11,0,0,0,0,0,0,0,0,0,-96,0,11,0,1995458143,0,250,0,0,1995.67,128,[-6 -96 15 0 13 12 12 15 13 16 12 23 17 21 17 25 17 20 22 22 23 26 25 23 26 25 28 21 28 23 25 23 20 21 25 20 18 13 16 16 14 11 13 8 10 7 9 6 2 2 0 0 -2 -1 0 0 0 0 0 0 0 0 0 0 0 0 0 0 0 0 0 0 0 0 0 0 -24 -20 -22 -19 -25 -20 -24 -20 -25 -21 -21 -20 -25 -22 -23 -21 -21 -23 -22 -20 -17 -19 -17 -19 -13 -20 -6 -18 -7 -17 -9 -11 -5 -13 -4 -12 -4 -6 1 -6 0 -2 2 1 3 -1 5 3 8 5 9 6 ],2025-05-07_20-02-55-409
CSI_DATA,PASSIVE,5C:E9:31:E8:E9:4E,-84,11,0,0,0,0,0,0,0,0,0,-96,0,11,0,1995489854,0,202,0,0,1995.68,128,[-54 -96 12 0 15 -9 10 11 13 8 6 -4 -5 15 -2 17 1 21 -3 15 -2 21 4 26 -8 19 1 29 -2 24 1 22 -4 29 -4 21 -14 22 -17 18 -24 11 -17 6 -13 6 -18 6 -17 -2 -12 2 -14 -12 0 0 0 0 0 0 0 0 0 0 0 0 0 0 0 0 0 0 0 0 0 0 1 7 2 12 -2 7 13 6 11 16 17 -1 10 -4 25 3 23 -7 18 0 23 0 8 1 22 3 23 6 31 -6 25 -6 23 -10 27 -9 16 -6 34 -11 16 -20 24 -12 22 -6 11 -22 18 6 12 -11 ],2025-05-07_20-02-55-414
CSI_DATA,PASSIVE,5C:E9:31:E8:E9:4E,-85,11,0,0,0,0,0,0,0,0,0,-96,0,11,0,1995514353,0,148,0,0,1995.68,128,[-108 64 9 0 -5 -7 -3 -11 -6 -11 -6 0 -2 -6 6 -16 6 -13 10 -19 12 -19 14 -24 18 -18 17 -14 20 -19 18 -18 22 -19 23 -16 26 -21 22 -10 19 -11 17 3 16 1 21 -1 17 4 17 7 17 10 0 0 0 0 0 0 0 0 0 0 0 0 0 0 0 0 0 0 0 0 0 0 7 -6 6 -10 7 -8 -2 -10 -3 -15 0 -14 -4 -9 -4 -19 -8 -14 -3 -9 -11 -11 -16 -25 -22 -30 -31 -19 -23 -13 -15 -14 -27 -8 -24 -16 -31 -6 -30 -7 -26 -8 -29 -5 -15 -2 -21 4 -17 -6 -17 -7 ],2025-05-07_20-02-55-420
CSI_DATA,PASSIVE,5C:E9:31:E8:E9:4E,-86,11,0,0,0,0,0,0,0,0,0,-96,0,11,0,1995514594,0,148,0,0,1995.69,128,[-108 64 9 0 -3 6 -3 4 -8 -4 -7 11 -7 -1 -8 -5 -16 -6 -14 -8 -14 -12 -14 -11 -16 -15 -20 -21 -21 -13 -21 -12 -21 -20 -21 -20 -15 -18 -18 -19 -15 -21 -9 -21 -6 -19 -3 -17 3 -16 4 -18 7 -19 0 0 0 0 0 0 0 0 0 0 0 0 0 0 0 0 0 0 0 0 0 0 -7 2 -9 -2 -7 -5 -13 -2 -9 3 -8 -1 -15 13 -13 13 -11 17 -6 19 -15 21 -8 24 -10 24 -13 22 -10 22 -6 28 -4 21 -1 26 5 24 8 25 10 16 8 22 -2 22 2 22 2 17 1 14 ],2025-05-07_20-02-55-425
CSI_DATA,PASSIVE,5C:E9:31:E8:E9:4E,-84,11,0,0,0,0,0,0,0,0,0,-96,0,11,0,1995515095,0,148,0,0,1995.69,128,[-108 64 9 0 3 -12 12 -6 4 -5 -2 5 7 -3 22 -2 26 -2 14 5 18 2 17 2 22 7 24 7 28 9 30 17 30 18 26 17 20 16 20 16 13 15 15 28 6 23 5 21 6 13 -6 18 -5 15 0 0 0 0 0 0 0 0 0 0 0 0 0 0 0 0 0 0 0 0 0 0 15 4 6 4 3 -11 14 -2 14 -1 8 -9 9 -11 13 -9 16 -17 9 -15 21 -20 16 -18 11 -28 9 -35 2 -24 11 -31 7 -28 7 -27 2 -32 3 -37 -5 -32 4 -33 -12 -29 -2 -18 3 -24 -11 -25 ],2025-05-07_20-02-55-430
CSI_DATA,PASSIVE,5C:E9:31:E8:E9:4E,-85,11,0,0,0,0,0,0,0,0,0,-96,0,11,0,1995541182,0,246,0,0,1995.71,128,[-10 96 15 0 -15 0 -8 -2 -13 -9 6 -10 -5 -7 -5 -11 3 -11 4 -14 -1 -20 -2 -17 3 -23 -6 -26 6 -22 6 -26 11 -30 3 -24 8 -16 15 -24 14 -21 9 -16 12 -9 10 -11 14 -6 20 -3 16 -2 0 0 0 0 0 0 0 0 0 0 0 0 0 0 0 0 0 0 0 0 0 0 0 -8 -2 -11 3 -10 -7 -7 -4 -10 -9 -8 -14 -10 -16 -11 -16 -8 -13 -6 -24 -5 -24 -1 -26 -1 -25 0 -25 -1 -28 5 -24 8 -31 11 -24 10 -29 9 -29 5 -25 -2 -28 6 -19 10 -19 4 -17 6 ],2025-05-07_20-02-55-445
CSI_DATA,PASSIVE,5C:E9:31:E8:F4:66,-76,11,0,0,0,0,0,0,0,0,0,-96,0,11,0,1995558069,0,94,0,0,1995.72,128,[94 -32 5 0 -19 -2 -19 -5 -17 -5 -22 -7 -24 -6 -27 -6 -27 -3 -28 -4 -28 1 -31 -1 -32 -2 -34 1 -33 2 -32 1 -32 4 -28 3 -23 2 -23 2 -18 0 -15 4 -12 4 -10 -2 -4 1 -1 0 2 1 0 0 0 0 0 0 0 0 0 0 0 0 0 0 0 0 0 0 0 0 0 0 25 -1 27 3 27 0 28 -1 29 1 30 0 28 3 27 1 26 2 26 6 22 3 22 2 19 7 15 4 13 6 10 6 8 7 5 3 3 4 4 5 -1 4 -3 3 -1 0 -4 -1 -6 1 -10 -3 ],2025-05-07_20-02-55-461
CSI_DATA,PASSIVE,5C:E9:31:E8:F4:66,-76,11,0,0,0,0,0,0,0,0,0,-96,0,11,0,1995558238,0,108,0,0,1995.73,128,[108 -64 6 0 1 -17 2 -18 3 -23 2 -23 2 -27 -1 -27 0 -26 -2 -28 -5 -33 -2 -33 -4 -32 -6 -31 -5 -33 -6 -28 -6 -29 -5 -28 -7 -25 -5 -23 -3 -20 -4 -16 0 -12 -1 -9 -3 -5 -3 -1 0 2 0 0 0 0 0 0 0 0 0 0 0 0 0 0 0 0 0 0 0 0 0 0 1 27 -3 27 0 28 -1 27 0 31 1 29 -2 31 -3 30 0 28 0 28 -3 24 -3 20 -3 21 -5 18 -6 15 -7 13 -7 7 -5 9 -3 3 -6 3 -1 0 -3 -4 -3 -5 -3 -5 -1 -5 -1 -8 ],2025-05-07_20-02-55-467
CSI_DATA,PASSIVE,5C:E9:31:E8:F4:66,-76,11,0,0,0,0,0,0,0,0,0,-96,0,11,0,1995558423,0,202,0,0,1995.74,128,[-54 -96 12 0 10 -17 10 -13 11 -18 9 -18 12 -22 11 -26 12 -22 10 -28 12 -29 10 -29 11 -33 12 -31 10 -29 7 -31 5 -26 8 -31 5 -25 7 -24 5 -19 5 -14 4 -11 -1 -7 1 -7 -3 -2 -1 0 0 0 0 0 0 0 0 0 0 0 0 0 0 0 0 0 0 0 0 0 0 0 -16 22 -16 21 -17 27 -16 23 -16 27 -16 23 -21 23 -18 22 -19 22 -19 19 -17 18 -16 14 -11 11 -17 12 -12 9 -14 4 -8 6 -6 4 -1 1 -6 1 2 -4 0 -5 0 -6 3 -7 0 -4 2 -7 ],2025-05-07_20-02-55-473
CSI_DATA,PASSIVE,5C:E9:31:E8:F4:66,-76,11,0,0,0,0,0,0,0,0,0,-96,0,11,0,1995558736,0,108,0,0,1995.74,128,[108 -64 6 0 -7 14 -7 14 -5 18 -10 21 -6 22 -9 24 -11 23 -11 28 -8 27 -6 32 -7 31 -7 31 -1 30 -4 31 -2 32 -5 28 -3 26 -3 23 -4 20 -2 15 -2 11 -1 4 -1 3 0 4 -1 0 0 0 0 0 0 0 0 0 0 0 0 0 0 0 0 0 0 0 0 0 0 0 6 -26 5 -32 8 -28 8 -29 5 -27 6 -30 8 -27 8 -29 6 -29 7 -28 6 -24 7 -21 9 -17 10 -17 8 -14 7 -10 9 -8 5 -6 4 -5 3 -2 5 2 3 4 -3 7 -1 7 -2 3 -4 8 ],2025-05-07_20-02-55-478
CSI_DATA,PASSIVE,5C:E9:31:E8:F4:66,-76,11,0,0,0,0,0,0,0,0,0,-96,0,11,0,1995558921,0,148,0,0,1995.75,128,[-108 64 9 0 -12 6 -21 11 -18 8 -18 15 -18 18 -21 16 -23 20 -20 16 -22 22 -22 22 -23 24 -20 21 -19 23 -23 21 -17 19 -16 26 -11 22 -14 22 -12 12 -8 13 -9 8 -4 6 -2 5 -2 0 2 -3 0 0 0 0 0 0 0 0 0 0 0 0 0 0 0 0 0 0 0 0 0 0 24 -13 24 -10 27 -15 24 -12 26 -14 25 -14 26 -14 26 -13 24 -13 24 -10 23 -10 20 -8 21 -8 16 -1 14 -4 13 -1 9 -3 8 2 8 -2 5 1 4 2 -5 6 -3 5 -6 4 -8 1 -10 5 ],2025-05-07_20-02-55-483
CSI_DATA,PASSIVE,5C:E9:31:E8:F4:66,-76,11,0,0,0,0,0,0,0,0,0,-96,0,11,0,1995559162,0,148,0,0,1995.75,128,[-108 64 9 0 1 -15 8 -18 4 -20 3 -25 1 -22 5 -27 0 -24 -2 -31 -2 -30 -3 -31 -3 -35 -6 -32 -8 -32 -4 -30 -3 -30 -9 -28 -8 -26 -3 -22 -3 -19 -6 -17 -4 -13 -2 -8 -3 -6 2 -1 1 4 0 0 0 0 0 0 0 0 0 0 0 0 0 0 0 0 0 0 0 0 0 0 -1 27 -1 28 0 29 -1 28 -1 26 -3 32 -2 27 1 30 -3 27 -6 23 -3 25 -5 20 -3 17 -6 19 -8 16 -7 9 -7 10 -7 6 -5 3 -4 2 -4 -2 0 -4 -2 -8 -3 -7 0 -8 4 -10 ],2025-05-07_20-02-55-489
CSI_DATA,PASSIVE,5C:E9:31:E8:F4:66,-75,11,0,0,0,0,0,0,0,0,0,-96,0,11,0,1995559403,0,148,0,0,1995.76,128,[-108 64 9 0 -3 15 -6 14 -5 13 -6 17 -2 21 -6 16 -3 23 -6 21 3 16 -4 25 0 25 4 30 1 28 6 23 11 27 3 18 -2 19 4 12 5 12 -3 17 3 5 -2 1 -1 4 2 -5 0 -1 0 0 0 0 0 0 0 0 0 0 0 0 0 0 0 0 0 0 0 0 0 0 -4 -21 -8 -21 -8 -22 -7 -26 -7 -25 -2 -26 -6 -22 -11 -23 -7 -23 -7 -16 -6 -17 -3 -21 2 -16 -1 -10 2 -16 7 -11 10 -6 8 -3 0 -9 6 4 3 -13 1 7 3 2 5 3 -4 1 -5 9 ],2025-05-07_20-02-55-493
CSI_DATA,PASSIVE,5C:E9:31:E8:F4:66,-76,11,0,0,0,0,0,0,0,0,0,-96,0,11,0,1995559644,0,331,0,0,1995.76,128,[75 -79 20 0 -21 -3 -20 -3 -19 -6 -24 -10 -22 -2 -22 -1 -32 1 -33 -2 -30 -8 -27 -3 -33 3 -36 6 -32 8 -34 11 -42 0 -24 10 -24 4 -20 11 -24 8 -14 -3 -7 -1 -8 9 -6 1 -4 -3 -1 5 0 0 0 0 0 0 0 0 0 0 0 0 0 0 0 0 0 0 0 0 0 0 20 12 25 8 26 9 27 4 30 8 29 12 23 10 30 11 22 12 22 12 15 14 20 15 17 10 19 10 19 18 13 14 4 8 14 9 4 3 -3 -5 -5 9 -2 -3 -7 -9 -4 5 -8 -2 -8 2 ],2025-05-07_20-02-55-499
CSI_DATA,PASSIVE,5C:E9:31:E8:F4:66,-76,11,0,0,0,0,0,0,0,0,0,-96,0,11,0,1995560129,0,351,0,0,1995.77,128,[95 -15 21 0 11 -15 10 -17 9 -19 9 -20 10 -23 12 -27 11 -25 10 -30 9 -25 9 -32 9 -32 6 -32 6 -35 8 -30 5 -27 4 -31 5 -25 4 -23 2 -19 2 -15 2 -13 1 -10 -3 -5 0 -2 1 0 0 0 0 0 0 0 0 0 0 0 0 0 0 0 0 0 0 0 0 0 0 0 -11 24 -12 26 -12 27 -13 27 -12 25 -15 27 -12 27 -11 24 -15 29 -14 22 -12 20 -14 19 -11 16 -11 13 -9 12 -10 7 -8 3 -8 3 -4 3 -4 1 -2 -5 0 -5 1 -4 4 -6 2 -4 2 -9 ],2025-05-07_20-02-55-504
CSI_DATA,PASSIVE,5C:E9:31:E8:F4:66,-76,11,0,0,0,0,0,0,0,0,0,-96,0,11,0,1995560638,0,246,0,0,1995.77,128,[-10 96 15 0 -1 -15 -1 -18 -2 -20 -1 -21 -3 -25 -4 -23 -8 -24 -6 -26 -9 -26 -11 -30 -12 -25 -12 -29 -14 -27 -16 -28 -13 -22 -11 -22 -11 -21 -10 -22 -9 -17 -8 -13 -7 -9 -5 -8 -2 -5 -1 -4 0 2 0 0 0 0 0 0 0 0 0 0 0 0 0 0 0 0 0 0 0 0 0 0 0 23 -1 25 -1 26 1 26 1 26 -1 25 -1 25 -1 24 0 23 -1 22 -2 22 -3 21 -3 18 -4 18 -8 12 -3 10 -6 7 -4 6 -2 4 -5 4 -5 1 -4 -4 -3 -5 0 -5 -6 -6 0 -9 ],2025-05-07_20-02-55-510
CSI_DATA,PASSIVE,5C:E9:31:E8:E9:4E,-85,11,0,0,0,0,0,0,0,0,0,-96,0,11,0,1995610131,0,124,0,0,1995.78,128,[124 -64 7 0 -9 -7 -10 -3 -4 2 -3 -5 -7 -11 -8 -14 -5 -24 -10 -16 -5 -24 -11 -19 1 -27 -3 -20 -7 -28 -2 -24 3 -30 -7 -29 5 -21 9 -26 12 -22 9 -16 10 -12 20 -8 21 -8 12 -8 26 -2 0 0 0 0 0 0 0 0 0 0 0 0 0 0 0 0 0 0 0 0 0 0 -2 -5 -3 -9 -5 -8 -12 -6 -17 -5 -12 -2 -12 0 -19 2 -25 -7 -22 -2 -25 13 -27 5 -23 10 -26 8 -31 13 -20 9 -22 12 -28 16 -21 20 -20 18 -25 23 -23 16 -26 10 -9 29 -11 5 -12 18 ],2025-05-07_20-02-55-516
CSI_DATA,PASSIVE,5C:E9:31:E8:E9:4E,-84,11,0,0,0,0,0,0,0,0,0,-96,0,11,0,1995614842,0,205,0,0,1995.78,128,[-51 -48 12 0 -10 11 -8 1 -10 1 -4 -2 -3 1 -3 -10 -2 -13 -5 -16 5 -25 -10 -18 1 -17 -6 -22 -3 -25 1 -29 -2 -20 2 -22 -3 -26 5 -26 7 -21 13 -19 9 -16 16 -14 13 -11 7 -3 16 -6 0 0 0 0 0 0 0 0 0 0 0 0 0 0 0 0 0 0 0 0 0 0 -3 -8 -5 -3 -7 -6 -3 -9 -12 -4 -13 -1 -11 2 -16 -3 -16 2 -21 2 -16 0 -25 10 -25 11 -19 17 -18 13 -16 14 -21 12 -27 10 -16 14 -5 18 -13 15 -16 21 -9 19 -17 20 -4 14 -13 10 ],2025-05-07_20-02-55-521
CSI_DATA,PASSIVE,5C:E9:31:E8:E9:4E,-86,11,0,0,0,0,0,0,0,0,0,-96,0,11,0,1995632007,0,148,0,0,1995.8,128,[-108 64 9 0 -4 -5 -1 -5 -1 -5 1 -11 5 -2 0 -10 10 -12 15 -13 20 -13 16 -10 24 -16 18 -12 19 -17 22 -15 24 -7 25 -4 22 -5 23 1 21 3 19 1 17 9 10 3 15 11 13 10 9 10 0 0 0 0 0 0 0 0 0 0 0 0 0 0 0 0 0 0 0 0 0 0 10 -4 8 -2 5 -10 2 -9 8 -11 4 -15 2 -18 1 -23 1 -23 -4 -22 -10 -20 -11 -19 -12 -24 -11 -23 -19 -23 -22 -16 -21 -18 -20 -22 -21 -16 -24 -21 -18 -19 -26 -6 -20 -3 -16 -10 -19 -7 -15 -10 ],2025-05-07_20-02-55-536
CSI_DATA,PASSIVE,5C:E9:31:E8:E9:4E,-85,11,0,0,0,0,0,0,0,0,0,-96,0,11,0,1995637035,0,380,0,0,1995.8,128,[124 -63 23 0 -7 -9 -1 -8 -5 -10 2 -10 11 -7 8 -7 12 -10 16 -15 26 -14 25 -16 19 -12 29 -12 31 -15 32 -10 33 -15 28 -5 27 -7 27 2 33 -1 25 6 11 5 18 10 16 16 15 11 17 13 0 0 0 0 0 0 0 0 0 0 0 0 0 0 0 0 0 0 0 0 0 0 13 -1 9 -11 12 -3 5 -10 3 -16 5 -12 8 -19 -2 -22 1 -21 -2 -22 -9 -27 -10 -20 -4 -20 -17 -25 -20 -22 -17 -21 -24 -13 -24 -22 -22 -22 -26 -19 -29 -12 -22 -20 -27 -12 -17 -15 -17 -9 -19 -11 ],2025-05-07_20-02-55-541
CSI_DATA,PASSIVE,5C:E9:31:E8:E9:4E,-85,11,0,0,0,0,0,0,0,0,0,-96,0,11,0,1995643245,0,108,0,0,1995.81,128,[108 -64 6 0 -1 -10 -5 -1 5 -9 10 -7 3 -2 10 -4 18 -1 19 -3 21 -2 17 -3 17 -4 22 8 28 -4 32 0 22 2 27 0 28 5 25 12 14 15 19 13 14 19 6 11 6 14 4 14 1 19 0 0 0 0 0 0 0 0 0 0 0 0 0 0 0 0 0 0 0 0 0 0 12 -2 8 6 12 -4 14 5 13 4 8 -10 17 -10 19 -10 17 -11 14 -18 13 -24 9 -16 8 -24 9 -26 10 -20 -1 -27 -4 -28 -7 -28 -8 -21 -9 -20 -8 -31 -15 -27 -9 -23 -6 -12 -5 -22 -9 -10 ],2025-05-07_20-02-55-547
CSI_DATA,PASSIVE,5C:E9:31:E8:E9:4E,-84,11,0,0,0,0,0,0,0,0,0,-96,0,11,0,1995644125,0,128,0,0,1995.82,128,[-128 0 8 0 8 -3 2 7 7 0 12 4 6 7 10 15 3 14 4 21 -2 19 -4 21 -8 27 2 25 -6 27 -7 23 -9 25 -10 24 -7 20 -8 24 -15 11 -12 23 -17 12 -17 11 -13 8 -18 1 -15 6 0 0 0 0 0 0 0 0 0 0 0 0 0 0 0 0 0 0 0 0 0 0 3 8 -2 13 4 11 3 13 8 10 5 6 13 13 12 11 10 9 17 8 26 10 21 12 26 5 22 -1 23 4 26 2 18 -5 31 -11 29 -16 18 -5 20 -17 29 -10 20 -20 21 -15 13 -10 14 -7 ],2025-05-07_20-02-55-552
CSI_DATA,PASSIVE,5C:E9:31:E8:E9:4E,-84,11,0,0,0,0,0,0,0,0,0,-96,0,11,0,1995650729,0,100,0,0,1995.82,128,[100 64 6 0 -12 -2 -10 -6 0 -2 7 -9 6 -9 3 -15 8 -14 12 -13 3 -20 5 -21 8 -25 10 -23 17 -21 13 -24 14 -25 18 -22 20 -16 16 -12 20 -10 17 -8 18 -6 22 1 14 3 16 7 15 7 0 0 0 0 0 0 0 0 0 0 0 0 0 0 0 0 0 0 0 0 0 0 5 -13 2 -8 -5 -12 -2 -17 -1 -14 -5 -10 -3 -15 -7 -12 -17 -19 -8 -21 -13 -17 -17 -14 -19 -21 -25 -13 -25 -5 -24 -12 -17 -8 -28 -9 -26 -6 -28 -4 -28 1 -24 0 -26 -1 -24 -5 -25 -1 -17 5 ],2025-05-07_20-02-55-558
CSI_DATA,PASSIVE,5C:E9:31:E8:E9:4E,-85,11,0,0,0,0,0,0,0,0,0,-96,0,11,0,1995652778,0,148,0,0,1995.83,128,[-108 64 9 0 -11 1 -10 -3 1 0 -14 -3 -3 -5 -11 -10 -16 -16 -11 -10 -22 -11 -14 -18 -11 -21 -16 -29 -25 -21 -28 -25 -19 -28 -14 -37 -17 -22 -12 -33 -3 -27 -9 -27 -1 -26 3 -21 7 -18 9 -23 12 -21 0 0 0 0 0 0 0 0 0 0 0 0 0 0 0 0 0 0 0 0 0 0 3 -7 1 -7 -4 -9 2 -5 -7 -14 -17 -10 -18 -14 -16 -18 -19 -6 -21 -22 -23 -15 -22 -9 -23 -13 -28 -7 -25 -2 -30 -7 -30 3 -36 4 -23 9 -24 21 -27 18 -20 13 -22 17 -15 14 -17 19 -17 14 ],2025-05-07_20-02-55-564
CSI_DATA,PASSIVE,5C:E9:31:E8:F4:66,-76,11,0,0,0,0,0,0,0,0,0,-96,0,11,0,1995660447,0,94,0,0,1995.83,128,[94 -32 5 0 19 -5 15 -6 17 -9 18 -7 25 -10 21 -12 22 -13 24 -14 21 -15 23 -22 25 -22 24 -21 26 -18 26 -22 24 -21 22 -17 18 -17 18 -15 15 -13 10 -9 8 -11 5 -4 2 -3 -1 -1 -4 -5 0 0 0 0 0 0 0 0 0 0 0 0 0 0 0 0 0 0 0 0 0 0 -18 15 -21 17 -20 16 -22 17 -22 16 -22 19 -24 17 -24 17 -24 14 -25 17 -22 14 -19 9 -16 7 -21 8 -18 3 -14 3 -12 3 -9 2 -9 -4 -6 -4 -5 -2 -1 -3 0 -6 0 -6 6 -3 7 -2 ],2025-05-07_20-02-55-569
CSI_DATA,PASSIVE,5C:E9:31:E8:F4:66,-76,11,0,0,0,0,0,0,0,0,0,-96,0,11,0,1995660616,0,94,0,0,1995.84,128,[94 -32 5 0 3 16 3 18 6 19 5 19 6 22 5 23 8 25 10 27 14 23 15 28 16 26 19 27 16 27 15 24 18 24 16 22 14 19 12 16 11 16 10 10 4 8 3 6 3 4 -1 1 1 -3 0 0 0 0 0 0 0 0 0 0 0 0 0 0 0 0 0 0 0 0 0 0 -9 -25 -9 -26 -7 -27 -6 -27 -10 -29 -8 -25 -8 -30 -7 -28 -5 -28 -3 -27 -3 -23 -2 -24 -2 -22 -1 -20 -1 -17 1 -15 3 -14 3 -9 1 -8 1 -4 3 -3 0 -2 2 2 0 1 -1 6 2 7 ],2025-05-07_20-02-55-574
CSI_DATA,PASSIVE,5C:E9:31:E8:F4:66,-76,11,0,0,0,0,0,0,0,0,0,-96,0,11,0,1995660785,0,128,0,0,1995.84,128,[-128 0 8 0 -16 10 -12 11 -15 14 -12 16 -16 19 -13 18 -16 20 -17 22 -18 23 -17 26 -17 27 -15 27 -15 29 -16 26 -13 24 -12 28 -10 25 -13 20 -7 15 -7 15 -4 9 -3 5 -3 4 -1 1 0 -1 0 0 0 0 0 0 0 0 0 0 0 0 0 0 0 0 0 0 0 0 0 0 11 -23 10 -25 11 -26 10 -28 13 -27 13 -27 13 -27 12 -24 14 -24 14 -22 14 -24 15 -17 13 -17 12 -14 11 -12 7 -7 9 -7 8 -8 3 -5 5 -3 4 2 0 3 1 0 -2 4 -1 1 -2 6 ],2025-05-07_20-02-55-581
CSI_DATA,PASSIVE,5C:E9:31:E8:F4:66,-76,11,0,0,0,0,0,0,0,0,0,-96,0,11,0,1995660998,0,124,0,0,1995.85,128,[124 -64 7 0 -10 -11 -15 -10 -15 -12 -20 -14 -23 -15 -26 -15 -18 -17 -26 -11 -26 -15 -29 -14 -30 -12 -30 -10 -31 -14 -30 -11 -28 -8 -24 -7 -22 -7 -21 -10 -17 -8 -17 -5 -9 -2 -8 -3 -5 0 -1 0 3 1 0 0 0 0 0 0 0 0 0 0 0 0 0 0 0 0 0 0 0 0 0 0 22 11 21 15 22 12 27 11 26 13 26 11 23 17 23 13 22 11 19 17 23 17 20 15 16 15 14 14 9 16 11 13 7 11 4 7 5 8 3 4 0 8 0 2 -3 -2 -2 1 -6 -5 -5 -7 ],2025-05-07_20-02-55-586
CSI_DATA,PASSIVE,5C:E9:31:E8:F4:66,-76,11,0,0,0,0,0,0,0,0,0,-96,0,11,0,1995661207,0,205,0,0,1995.85,128,[-51 -48 12 0 -10 14 -10 15 -13 15 -16 19 -12 20 -13 17 -14 21 -15 23 -16 24 -13 26 -16 31 -17 29 -12 26 -13 28 -12 24 -8 29 -10 22 -6 20 -8 18 -8 16 -3 10 -2 8 0 6 -2 2 2 0 0 0 0 0 0 0 0 0 0 0 0 0 0 0 0 0 0 0 0 0 0 0 9 -22 11 -26 10 -27 8 -27 10 -28 11 -29 12 -28 14 -27 14 -25 16 -24 12 -22 19 -19 15 -14 13 -11 13 -15 8 -5 11 -8 9 -8 2 -4 2 -4 4 0 3 0 -3 3 0 4 -2 3 -5 3 ],2025-05-07_20-02-55-591
CSI_DATA,PASSIVE,5C:E9:31:E8:F4:66,-76,11,0,0,0,0,0,0,0,0,0,-96,0,11,0,1995661524,0,148,0,0,1995.86,128,[-108 64 9 0 -13 6 -11 11 -15 10 -16 16 -18 20 -19 19 -17 18 -19 20 -15 23 -15 25 -19 24 -16 26 -17 24 -16 25 -16 25 -12 22 -11 19 -11 21 -7 18 -8 14 -7 10 -2 5 -2 5 2 2 2 -2 0 0 0 0 0 0 0 0 0 0 0 0 0 0 0 0 0 0 0 0 0 0 12 -21 15 -23 14 -25 17 -21 14 -23 17 -23 14 -23 18 -23 14 -24 17 -20 17 -19 17 -12 15 -13 15 -12 12 -12 12 -5 11 -6 9 -6 8 -1 7 -2 3 -1 3 0 2 2 -1 0 -2 7 -7 4 ],2025-05-07_20-02-55-597
CSI_DATA,PASSIVE,5C:E9:31:E8:F4:66,-76,11,0,0,0,0,0,0,0,0,0,-96,0,11,0,1995661765,0,380,0,0,1995.87,128,[124 -63 23 0 6 -14 8 -17 8 -16 11 -20 9 -20 13 -26 13 -24 13 -26 9 -26 8 -29 8 -28 9 -32 7 -32 6 -29 2 -28 5 -28 5 -27 2 -23 4 -19 1 -17 1 -13 1 -10 -2 -5 0 -2 -2 2 0 0 0 0 0 0 0 0 0 0 0 0 0 0 0 0 0 0 0 0 0 0 -8 25 -7 27 -7 30 -7 29 -7 24 -9 28 -11 28 -11 26 -12 27 -12 24 -11 22 -11 20 -10 19 -12 17 -13 13 -10 10 -8 9 -7 5 -7 4 -4 3 -3 0 -4 -3 2 0 -1 -2 2 -3 4 -4 ],2025-05-07_20-02-55-602
CSI_DATA,PASSIVE,5C:E9:31:E8:F4:66,-76,11,0,0,0,0,0,0,0,0,0,-96,0,11,0,1995662314,0,98,0,0,1995.87,128,[98 32 6 0 -1 15 0 20 -3 18 -1 20 1 24 5 23 6 31 5 30 6 30 7 33 6 30 11 30 12 32 11 31 10 30 9 28 7 28 9 21 6 20 7 12 5 9 5 5 3 4 0 1 -1 -3 0 0 0 0 0 0 0 0 0 0 0 0 0 0 0 0 0 0 0 0 0 0 -6 -25 -8 -28 -5 -30 -6 -30 -7 -34 -6 -31 -5 -33 -5 -34 -3 -34 -1 -28 0 -30 -3 -24 1 -23 2 -25 1 -19 1 -17 4 -13 4 -12 0 -10 0 -8 3 -1 0 -2 1 2 2 6 1 2 0 9 ],2025-05-07_20-02-55-608
CSI_DATA,PASSIVE,5C:E9:31:E8:E9:4E,-84,11,0,0,0,0,0,0,0,0,0,-96,0,11,0,1995688014,0,130,0,0,1995.88,128,[-126 32 8 0 -4 -4 -5 0 -1 -6 0 -8 -3 -13 -4 -18 2 -19 1 -18 -1 -26 -2 -15 2 -35 5 -27 -2 -27 -4 -29 6 -28 6 -22 14 -22 16 -22 11 -16 13 -16 13 -13 9 -11 13 -10 14 -1 19 -2 0 0 0 0 0 0 0 0 0 0 0 0 0 0 0 0 0 0 0 0 0 0 3 -10 -1 -10 0 -8 -1 -15 -2 -17 -8 -8 -10 -9 -16 -13 -8 -15 -17 -14 -14 -13 -16 -11 -24 -8 -28 -6 -24 -2 -27 -5 -26 -5 -23 1 -30 -2 -32 0 -17 0 -22 2 -25 5 -18 10 -23 -1 -16 9 ],2025-05-07_20-02-55-613
CSI_DATA,PASSIVE,5C:E9:31:E8:E9:4E,-83,11,0,0,0,0,0,0,0,0,0,-96,0,11,0,1995690453,0,98,0,0,1995.88,128,[98 32 6 0 -3 1 0 7 -6 6 -4 6 -8 6 -17 2 -13 11 -14 7 -24 -8 -19 9 -26 8 -31 1 -30 3 -39 -4 -27 -3 -22 -10 -27 -4 -28 -6 -26 -10 -18 -6 -24 -15 -17 -18 -6 -18 -9 -18 -8 -14 0 0 0 0 0 0 0 0 0 0 0 0 0 0 0 0 0 0 0 0 0 0 -13 -2 -3 -5 -11 -1 -11 7 -12 -1 -14 8 -10 8 -20 10 -18 12 -17 20 -21 26 -16 31 -7 18 -7 30 -9 26 -1 31 1 33 -5 37 -6 30 1 32 7 26 8 17 9 21 4 18 11 22 6 25 ],2025-05-07_20-02-55-619
CSI_DATA,PASSIVE,5C:E9:31:E8:E9:4E,-84,11,0,0,0,0,0,0,0,0,0,-96,0,11,0,1995747717,0,128,0,0,1995.91,128,[-128 0 8 0 12 1 6 12 -3 1 5 6 -10 7 -10 17 -5 13 -5 21 -13 23 -9 20 -7 22 -11 29 -9 29 -14 33 -9 27 -17 21 -14 23 -22 21 -19 15 -17 12 -21 9 -24 12 -19 4 -18 0 -16 -1 0 0 0 0 0 0 0 0 0 0 0 0 0 0 0 0 0 0 0 0 0 0 -12 8 -8 9 -13 6 -3 5 -2 16 8 23 2 23 -3 16 10 18 11 15 18 25 26 19 19 22 21 12 22 17 31 17 23 16 22 -2 24 10 32 3 29 13 31 -2 18 -1 26 -8 19 -5 25 4 ],2025-05-07_20-02-55-651
CSI_DATA,PASSIVE,5C:E9:31:E8:F4:66,-76,11,0,0,0,0,0,0,0,0,0,-96,0,11,0,1995763075,0,272,0,0,1995.93,128,[16 1 17 0 15 12 15 14 16 14 21 15 15 16 21 15 22 18 23 17 27 15 27 14 27 12 26 15 25 13 28 13 26 8 21 10 19 11 19 8 14 7 11 3 8 2 7 2 2 -4 -1 -1 -5 -1 0 0 0 0 0 0 0 0 0 0 0 0 0 0 0 0 0 0 0 0 0 0 -24 -14 -25 -13 -25 -15 -26 -14 -25 -16 -25 -13 -25 -14 -23 -15 -24 -14 -21 -14 -20 -14 -18 -11 -19 -14 -12 -12 -11 -13 -8 -12 -11 -9 -5 -7 -2 -8 -1 -7 -1 -2 2 0 4 -1 2 1 11 4 7 7 ],2025-05-07_20-02-55-667
CSI_DATA,PASSIVE,5C:E9:31:E8:F4:66,-77,11,0,0,0,0,0,0,0,0,0,-96,0,11,0,1995763480,0,98,0,0,1995.94,128,[98 32 6 0 7 13 13 13 16 14 14 17 18 18 19 15 21 15 24 21 23 18 23 18 25 17 26 20 25 14 23 15 20 15 22 16 19 11 17 13 15 7 8 4 10 4 6 3 2 -2 2 -3 -2 -2 0 0 0 0 0 0 0 0 0 0 0 0 0 0 0 0 0 0 0 0 0 0 -22 -15 -19 -19 -21 -16 -23 -18 -24 -19 -24 -17 -23 -19 -22 -20 -23 -20 -22 -18 -17 -18 -16 -16 -13 -17 -11 -13 -10 -16 -8 -15 -6 -10 -3 -10 0 -6 -2 -4 0 -4 0 1 3 2 4 3 5 5 10 7 ],2025-05-07_20-02-55-672
CSI_DATA,PASSIVE,5C:E9:31:E8:F4:66,-76,11,0,0,0,0,0,0,0,0,0,-96,0,11,0,1995763653,0,130,0,0,1995.94,128,[-126 32 8 0 9 -11 12 -17 12 -17 16 -21 16 -23 19 -21 16 -26 15 -25 13 -27 12 -23 15 -29 14 -30 17 -29 12 -27 11 -27 10 -24 10 -21 7 -18 9 -19 4 -14 7 -10 2 -5 1 -4 -5 0 2 7 0 0 0 0 0 0 0 0 0 0 0 0 0 0 0 0 0 0 0 0 0 0 -10 27 -11 25 -11 26 -14 27 -11 26 -13 29 -15 25 -11 23 -13 26 -10 25 -14 21 -8 22 -12 16 -14 18 -10 13 -9 7 -9 7 -8 5 -4 3 -6 -1 6 0 -2 -2 5 -7 1 -5 -1 -9 1 -9 ],2025-05-07_20-02-55-678
CSI_DATA,PASSIVE,5C:E9:31:E8:F4:66,-76,11,0,0,0,0,0,0,0,0,0,-96,0,11,0,1995763870,0,94,0,0,1995.95,128,[94 -32 5 0 -18 -1 -22 0 -25 0 -24 5 -26 1 -30 3 -29 2 -34 6 -29 6 -31 9 -33 2 -31 6 -30 8 -28 9 -25 10 -24 6 -22 6 -20 7 -14 5 -11 7 -10 2 -6 2 -5 -1 1 -2 1 -4 0 0 0 0 0 0 0 0 0 0 0 0 0 0 0 0 0 0 0 0 0 0 27 -2 26 2 25 -1 27 -5 29 0 24 -4 31 -1 27 0 26 -2 29 0 25 1 23 4 17 0 18 3 14 -1 14 5 9 4 6 -1 4 1 2 5 1 2 -4 1 -3 7 -4 2 -11 2 -12 -2 ],2025-05-07_20-02-55-683
CSI_DATA,PASSIVE,5C:E9:31:E8:F4:66,-76,11,0,0,0,0,0,0,0,0,0,-96,0,11,0,1995764039,0,736,0,0,1995.95,128,[-32 2 46 0 -12 -14 -13 -18 -17 -18 -14 -20 -19 -20 -19 -20 -19 -24 -22 -19 -24 -21 -26 -24 -24 -19 -26 -21 -24 -17 -26 -19 -23 -13 -18 -16 -23 -16 -14 -13 -15 -7 -11 -8 -8 -8 -7 -1 -2 -3 -2 2 0 1 0 0 0 0 0 0 0 0 0 0 0 0 0 0 0 0 0 0 0 0 0 0 16 19 15 18 17 19 18 22 20 21 18 22 21 21 15 21 21 21 16 19 11 22 13 18 11 18 6 15 9 14 6 14 3 14 2 7 1 5 0 6 -4 2 -3 -1 -4 -5 -9 -5 -7 -3 -6 -7 ],2025-05-07_20-02-55-689
CSI_DATA,PASSIVE,5C:E9:31:E8:F4:66,-76,11,0,0,0,0,0,0,0,0,0,-96,0,11,0,1995765064,0,94,0,0,1995.96,128,[94 -32 5 0 1 17 -1 20 -4 21 0 23 -1 23 -2 25 1 26 4 29 3 29 3 30 5 28 6 32 7 33 4 26 7 26 5 28 7 23 5 19 4 19 0 11 4 10 3 3 0 3 0 -2 -2 -3 0 0 0 0 0 0 0 0 0 0 0 0 0 0 0 0 0 0 0 0 0 0 -2 -27 -1 -29 -2 -27 -2 -28 -2 -30 -3 -29 -2 -32 0 -30 0 -27 0 -24 2 -24 2 -24 1 -19 6 -21 3 -16 2 -11 5 -12 1 -10 1 -7 2 -1 1 -2 1 6 2 4 0 8 -1 6 -1 9 ],2025-05-07_20-02-55-694
CSI_DATA,PASSIVE,5C:E9:31:E8:F4:66,-76,11,0,0,0,0,0,0,0,0,0,-96,0,11,0,1995765233,0,94,0,0,1995.96,128,[94 -32 5 0 -17 -4 -17 -4 -21 -1 -20 -5 -28 -4 -29 -2 -27 0 -32 0 -34 1 -32 1 -31 3 -33 6 -31 2 -31 3 -27 4 -25 2 -20 2 -23 4 -16 3 -10 1 -12 4 -7 -1 -5 1 -3 1 3 0 0 0 0 0 0 0 0 0 0 0 0 0 0 0 0 0 0 0 0 0 0 0 25 1 25 -1 28 -1 28 1 30 3 28 -1 30 -2 28 1 32 1 29 2 26 2 22 3 22 5 15 6 17 4 15 1 11 4 8 2 6 5 4 5 -1 1 -1 2 -5 1 -4 0 -6 -4 -9 -3 ],2025-05-07_20-02-55-698
CSI_DATA,PASSIVE,5C:E9:31:E8:F4:66,-76,11,0,0,0,0,0,0,0,0,0,-96,0,11,0,1995765402,0,756,0,0,1995.97,128,[-12 66 47 0 -5 -16 -4 -20 -5 -22 -6 -24 -5 -25 -6 -25 -8 -31 -10 -32 -10 -29 -11 -28 -16 -30 -11 -29 -16 -28 -13 -27 -11 -26 -10 -23 -11 -22 -9 -16 -10 -15 -6 -14 -8 -9 -4 -9 -3 -4 0 1 -3 0 0 0 0 0 0 0 0 0 0 0 0 0 0 0 0 0 0 0 0 0 0 0 12 20 13 25 14 23 11 24 11 24 11 26 13 25 8 24 11 24 7 26 6 23 8 22 9 21 3 19 3 19 0 12 -1 12 -1 9 -1 3 -1 3 -1 1 -2 -2 -1 -4 -2 -3 -3 -7 -3 -9 ],2025-05-07_20-02-55-704
CSI_DATA,PASSIVE,5C:E9:31:E8:F4:66,-76,11,0,0,0,0,0,0,0,0,0,-96,0,11,0,1995766451,0,214,0,0,1995.97,128,[-42 96 13 0 17 5 20 6 21 3 23 8 24 4 28 4 29 3 31 3 30 7 31 5 31 0 31 3 32 0 27 1 29 1 26 1 23 -2 24 0 18 -1 11 -2 11 -1 9 2 2 -2 1 -3 -3 -3 0 0 0 0 0 0 0 0 0 0 0 0 0 0 0 0 0 0 0 0 0 0 -27 0 -25 0 -29 0 -28 0 -29 -1 -29 -2 -28 0 -30 -3 -29 -1 -25 -4 -25 -4 -23 -5 -21 -7 -20 -6 -14 -6 -14 -4 -12 -5 -8 -3 -5 -2 -5 -5 -6 -4 1 -4 5 -6 3 -1 7 1 9 5 ],2025-05-07_20-02-55-709
CSI_DATA,PASSIVE,5C:E9:31:E8:F4:66,-76,11,0,0,0,0,0,0,0,0,0,-96,0,11,0,1995766779,0,128,0,0,1995.98,128,[-128 0 8 0 -15 7 -18 8 -21 6 -22 7 -25 11 -27 10 -30 11 -28 13 -28 13 -31 15 -29 18 -27 16 -32 13 -26 17 -25 16 -24 14 -21 15 -18 12 -15 11 -14 7 -10 7 -6 3 -2 2 1 1 1 -3 0 0 0 0 0 0 0 0 0 0 0 0 0 0 0 0 0 0 0 0 0 0 23 -17 20 -18 23 -16 20 -18 22 -15 22 -19 21 -19 25 -18 25 -16 24 -15 21 -11 21 -11 20 -6 16 -7 16 -6 12 -5 10 1 9 -2 5 0 4 0 0 1 1 3 -3 1 -4 3 -7 1 -7 2 ],2025-05-07_20-02-55-715
CSI_DATA,PASSIVE,5C:E9:31:E8:E9:4E,-85,11,0,0,0,0,0,0,0,0,0,-96,0,11,0,1995794453,0,163,0,0,1995.98,128,[-93 48 10 0 1 1 0 7 -1 6 -9 7 -25 2 -15 6 -14 4 -25 3 -22 3 -30 11 -27 -1 -31 6 -34 10 -26 10 -39 5 -30 -4 -27 -1 -29 -13 -20 -12 -18 -10 -24 -15 -13 -14 -12 -17 -10 -13 -3 -17 0 0 0 0 0 0 0 0 0 0 0 0 0 0 0 0 0 0 0 0 0 0 -16 1 -10 -1 -14 3 -13 8 -12 12 -7 11 -6 21 -14 25 -13 24 -9 15 -14 29 -7 28 -6 30 11 36 -1 34 7 25 14 30 11 27 16 27 10 21 14 31 16 25 16 24 5 16 11 15 16 16 ],2025-05-07_20-02-55-721
CSI_DATA,PASSIVE,5C:E9:31:E8:E9:4E,-85,11,0,0,0,0,0,0,0,0,0,-96,0,11,0,1995820696,0,98,0,0,1995.99,128,[98 32 6 0 -1 -3 -21 8 -5 -4 2 -5 9 -3 -11 -11 -11 -9 -10 -23 -6 -18 -10 -24 -3 -29 -10 -30 1 -33 11 -27 -2 -35 4 -22 -2 -31 1 -30 3 -25 13 -24 8 -16 11 -17 22 -9 25 -9 15 -3 0 0 0 0 0 0 0 0 0 0 0 0 0 0 0 0 0 0 0 0 0 0 15 -18 -2 -15 -4 -16 -8 -8 -20 -11 -7 -12 -12 -7 -17 -8 -24 -6 -29 -1 -23 -6 -23 -8 -30 1 -32 4 -25 6 -29 7 -32 5 -25 13 -32 17 -33 19 -25 11 -25 19 -26 12 -28 19 -12 14 -19 10 ],2025-05-07_20-02-55-726
CSI_DATA,PASSIVE,5C:E9:31:E8:E9:4E,-84,11,0,0,0,0,0,0,0,0,0,-96,0,11,0,1995832590,0,325,0,0,1996,128,[69 81 20 0 6 6 5 9 -7 5 -3 11 -13 7 -10 3 -13 7 -11 11 -17 5 -15 6 -11 6 -23 16 -30 11 -28 1 -27 5 -28 8 -27 2 -21 0 -18 -8 -21 -7 -21 -12 -20 -11 -13 -11 -10 -18 -8 -15 0 0 0 0 0 0 0 0 0 0 0 0 0 0 0 0 0 0 0 0 0 0 -9 -1 -12 -1 -5 4 -15 3 -7 8 -6 9 -2 16 -4 22 2 13 -5 23 -4 15 4 29 4 20 4 27 7 34 18 31 10 30 15 25 20 23 14 21 19 21 19 14 15 21 11 20 12 10 8 1 ],2025-05-07_20-02-55-736
CSI_DATA,PASSIVE,5C:E9:31:E8:E9:4E,-83,11,0,0,0,0,0,0,0,0,0,-96,0,11,0,1995833067,0,328,0,0,1996,128,[72 -127 20 0 1 -7 9 -5 4 -15 10 -4 4 0 1 5 10 8 20 4 21 12 17 -6 20 3 18 17 19 21 25 7 12 16 18 13 10 14 17 31 8 20 16 15 10 15 5 24 3 14 -4 12 -8 15 0 0 0 0 0 0 0 0 0 0 0 0 0 0 0 0 0 0 0 0 0 0 7 1 9 3 9 1 3 -5 8 -2 10 -10 13 -13 9 -12 11 -17 11 -17 4 -26 11 -27 5 -21 8 -33 6 -38 8 -20 1 -37 -2 -30 -7 -31 -4 -20 -8 -35 -1 -29 -3 -19 -9 -31 -5 -24 -4 -26 ],2025-05-07_20-02-55-741
CSI_DATA,PASSIVE,5C:E9:31:E8:E9:4E,-84,11,0,0,0,0,0,0,0,0,0,-96,0,11,0,1995833809,0,348,0,0,1996.01,128,[92 -63 21 0 16 10 13 13 3 -2 1 7 0 10 2 13 -8 10 -9 14 -15 26 -6 26 -24 11 -16 13 -16 11 -15 17 -17 13 -27 15 -22 7 -12 15 -20 0 -15 7 -17 3 -14 0 -14 -10 -15 -5 -10 -8 0 0 0 0 0 0 0 0 0 0 0 0 0 0 0 0 0 0 0 0 0 0 -6 6 -4 7 -2 10 -2 16 -2 3 8 2 7 10 3 18 10 11 11 14 13 7 11 9 17 15 20 13 26 9 23 15 27 8 28 3 21 4 20 5 26 -3 25 -13 24 -10 21 -7 15 11 25 10 ],2025-05-07_20-02-55-746
CSI_DATA,PASSIVE,5C:E9:31:E8:F4:66,-76,11,0,0,0,0,0,0,0,0,0,-96,0,11,0,1995865051,0,163,0,0,1996.03,128,[-93 48 10 0 3 14 5 18 5 20 7 22 7 21 10 26 8 26 12 25 12 27 15 28 15 29 15 28 16 26 15 27 15 23 15 23 13 21 12 17 12 14 8 12 4 9 4 4 3 1 0 0 0 -4 0 0 0 0 0 0 0 0 0 0 0 0 0 0 0 0 0 0 0 0 0 0 -5 -27 -6 -27 -7 -27 -6 -28 -6 -29 -4 -28 -8 -29 -4 -30 -3 -30 -1 -28 1 -29 -4 -26 -1 -24 3 -18 3 -18 2 -16 4 -12 1 -11 0 -7 5 -6 2 -4 3 -1 2 0 3 4 0 3 4 6 ],2025-05-07_20-02-55-768
CSI_DATA,PASSIVE,5C:E9:31:E8:F4:66,-76,11,0,0,0,0,0,0,0,0,0,-96,0,11,0,1995865312,0,183,0,0,1996.04,128,[-73 112 11 0 12 -9 15 -10 14 -12 16 -15 22 -18 18 -18 21 -18 22 -22 23 -23 22 -23 21 -26 19 -27 19 -29 15 -27 17 -25 15 -23 14 -21 11 -17 8 -16 7 -14 4 -12 5 -7 1 -5 -1 -2 -1 -1 0 0 0 0 0 0 0 0 0 0 0 0 0 0 0 0 0 0 0 0 0 0 -25 11 -24 10 -26 11 -26 9 -27 11 -28 14 -29 11 -28 12 -26 12 -27 8 -23 6 -23 4 -21 5 -21 4 -19 1 -19 1 -12 -1 -14 0 -10 -3 -3 -4 -2 -4 -3 -4 0 -7 1 -6 2 -7 4 -3 ],2025-05-07_20-02-55-774
CSI_DATA,PASSIVE,5C:E9:31:E8:F4:66,-76,11,0,0,0,0,0,0,0,0,0,-96,0,11,0,1995865597,0,94,0,0,1996.04,128,[94 -32 5 0 -7 17 -9 18 -8 19 -13 20 -10 23 -11 25 -10 27 -10 28 -9 29 -11 30 -9 32 -8 33 -6 31 -4 32 -3 30 -3 30 -3 22 -1 22 -1 19 -3 14 1 11 2 7 1 5 2 3 1 -3 0 0 0 0 0 0 0 0 0 0 0 0 0 0 0 0 0 0 0 0 0 0 16 -22 15 -22 16 -24 16 -25 16 -23 17 -22 16 -25 19 -24 16 -23 19 -21 20 -21 16 -20 14 -13 17 -12 14 -11 13 -7 12 -5 11 -5 7 -1 6 0 5 1 4 3 3 6 1 7 -2 8 -2 8 ],2025-05-07_20-02-55-780
CSI_DATA,PASSIVE,5C:E9:31:E8:F4:66,-75,11,0,0,0,0,0,0,0,0,0,-96,0,11,0,1995865766,0,325,0,0,1996.05,128,[69 81 20 0 -20 -4 -20 -1 -25 -3 -24 0 -29 -3 -27 -1 -32 0 -32 0 -30 3 -28 4 -36 6 -31 7 -31 8 -32 13 -28 8 -25 9 -24 10 -22 9 -13 3 -14 6 -15 5 -10 1 -4 0 1 1 1 -2 0 0 0 0 0 0 0 0 0 0 0 0 0 0 0 0 0 0 0 0 0 0 24 5 23 6 27 9 30 8 30 8 29 11 27 7 27 6 29 8 21 10 22 6 22 9 21 11 16 9 15 12 10 10 11 9 7 9 7 2 2 10 -3 6 -1 3 -4 3 -3 3 -4 1 -8 1 ],2025-05-07_20-02-55-784
CSI_DATA,PASSIVE,5C:E9:31:E8:F4:66,-75,11,0,0,0,0,0,0,0,0,0,-96,0,11,0,1995866243,0,348,0,0,1996.05,128,[92 -63 21 0 1 -13 -1 -21 -1 -24 0 -23 0 -25 -1 -29 -3 -28 -1 -32 -3 -33 -3 -32 -4 -34 -7 -31 -7 -35 -6 -32 -7 -32 -9 -27 -7 -27 -8 -22 -5 -19 -5 -18 -2 -12 -4 -7 -3 -6 -1 -1 -1 0 0 0 0 0 0 0 0 0 0 0 0 0 0 0 0 0 0 0 0 0 0 0 -4 23 -2 28 -2 29 -3 28 -1 25 -5 27 -3 27 -5 28 -7 28 -8 28 -6 23 -9 23 -7 19 -9 19 -9 16 -5 15 -8 9 -9 8 -7 6 -8 5 -3 1 -4 1 -4 -3 -3 -6 -3 -8 1 -8 ],2025-05-07_20-02-55-790
CSI_DATA,PASSIVE,5C:E9:31:E8:F4:66,-76,11,0,0,0,0,0,0,0,0,0,-96,0,11,0,1995866748,0,328,0,0,1996.06,128,[72 -127 20 0 -2 17 1 19 3 19 1 21 2 28 4 28 4 29 7 28 8 31 7 30 10 32 9 32 11 28 13 29 11 30 9 28 10 24 8 21 7 19 6 14 2 9 6 7 3 4 1 0 0 -4 0 0 0 0 0 0 0 0 0 0 0 0 0 0 0 0 0 0 0 0 0 0 -5 -26 -6 -26 -4 -29 -5 -28 -4 -29 -4 -26 -3 -31 -3 -28 2 -30 -1 -28 3 -26 3 -23 2 -25 5 -21 4 -17 5 -16 6 -11 4 -12 4 -7 6 -5 3 -7 5 -2 3 3 2 3 3 7 4 5 ],2025-05-07_20-02-55-795
CSI_DATA,PASSIVE,5C:E9:31:E8:F4:66,-75,11,0,0,0,0,0,0,0,0,0,-96,0,11,0,1995867229,0,94,0,0,1996.06,128,[94 -32 5 0 19 -5 20 -5 20 -6 20 -6 26 -8 28 -9 28 -12 27 -12 30 -16 27 -16 29 -17 28 -19 28 -17 27 -17 27 -15 23 -15 21 -15 19 -14 15 -13 13 -10 7 -8 6 -6 2 -6 -3 -3 -4 -1 0 0 0 0 0 0 0 0 0 0 0 0 0 0 0 0 0 0 0 0 0 0 -26 6 -25 7 -25 7 -28 6 -27 6 -27 9 -28 5 -36 1 -31 5 -27 6 -26 3 -22 -1 -24 1 -24 -4 -19 -3 -18 -4 -15 -3 -11 -2 -7 -4 -8 -7 -4 -6 -4 -5 0 -8 2 -3 5 -3 8 -3 ],2025-05-07_20-02-55-800
CSI_DATA,PASSIVE,5C:E9:31:E8:E9:4E,-83,11,0,0,0,0,0,0,0,0,0,-96,0,11,0,1995998386,0,108,0,0,1996.17,128,[108 -64 6 0 12 0 11 -4 6 1 4 7 -1 8 3 8 0 15 2 16 7 21 4 23 4 24 5 20 4 26 -1 25 1 29 -6 25 -6 28 -9 20 -5 20 -10 17 -16 15 -13 17 -13 6 -14 9 -14 3 0 0 0 0 0 0 0 0 0 0 0 0 0 0 0 0 0 0 0 0 0 0 -1 5 -1 8 -2 9 6 4 8 4 9 3 16 10 18 6 21 6 21 3 19 1 19 0 19 1 24 -1 33 0 25 -8 24 -10 27 -11 25 -6 25 -14 28 -18 20 -15 24 -17 18 -17 22 -16 11 -9 ],2025-05-07_20-02-55-901
CSI_DATA,PASSIVE,5C:E9:31:E8:E9:4E,-85,11,0,0,0,0,0,0,0,0,0,-96,0,11,0,1996009987,0,161,0,0,1996.18,128,[-95 16 10 0 -4 6 -6 0 -15 9 -8 -6 -2 -8 -15 -7 2 -13 -14 -15 1 -17 2 -19 -10 -25 -3 -27 -4 -26 -1 -21 5 -24 4 -26 3 -24 8 -24 6 -21 11 -16 11 -17 11 -11 12 -14 13 -2 9 -5 0 0 0 0 0 0 0 0 0 0 0 0 0 0 0 0 0 0 0 0 0 0 5 -10 5 -11 -1 -7 -2 -8 -5 -8 -7 -7 -10 -13 -12 -12 -12 -11 -13 -4 -19 -6 -22 -7 -24 -2 -22 -3 -19 1 -22 0 -27 6 -25 9 -22 -1 -18 12 -23 14 -20 8 -26 9 -17 6 -13 10 -17 16 ],2025-05-07_20-02-55-914
CSI_DATA,PASSIVE,5C:E9:31:E8:E9:4E,-86,11,0,0,0,0,0,0,0,0,0,-96,0,11,0,1996030112,0,128,0,0,1996.2,128,[-128 0 8 0 -10 -2 -5 4 -8 -6 6 -4 -10 -7 -4 -7 -5 -11 -7 -17 0 -19 -2 -21 1 -20 -2 -31 -10 -22 -1 -25 8 -21 7 -23 8 -23 9 -22 9 -17 12 -11 15 -15 16 -7 9 -8 11 -7 18 1 0 0 0 0 0 0 0 0 0 0 0 0 0 0 0 0 0 0 0 0 0 0 1 -13 -5 -7 -7 -6 -7 -3 -9 -9 -13 -4 -16 -7 -11 -2 -14 -1 -16 2 -18 -1 -25 2 -21 -1 -21 3 -31 6 -20 15 -23 3 -17 10 -20 19 -21 10 -15 19 -11 15 -16 19 -11 11 -11 11 -10 16 ],2025-05-07_20-02-55-934
CSI_DATA,PASSIVE,5C:E9:31:E8:E9:4E,-84,11,0,0,0,0,0,0,0,0,0,-96,0,11,0,1996036704,0,128,0,0,1996.2,128,[-128 0 8 0 -13 -2 -8 -3 -8 -9 -7 -12 -2 -8 -3 -9 -11 -10 0 -17 -5 -15 -1 -23 -2 -19 -7 -22 -8 -19 -1 -28 -2 -21 2 -24 6 -22 1 -21 1 -25 7 -19 5 -17 9 -15 9 -12 10 -9 13 -6 0 0 0 0 0 0 0 0 0 0 0 0 0 0 0 0 0 0 0 0 0 0 7 -5 6 -5 2 -3 1 -9 -7 -9 -9 -10 -6 -17 -3 -14 -9 -17 -9 -10 -16 -9 -19 -18 -21 -14 -18 -8 -21 -7 -24 -10 -26 -3 -27 0 -31 -5 -24 1 -20 -3 -28 4 -17 3 -21 2 -16 8 -17 8 ],2025-05-07_20-02-55-940
CSI_DATA,PASSIVE,5C:E9:31:E8:E9:4E,-84,11,0,0,0,0,0,0,0,0,0,-96,0,11,0,1996059737,0,190,0,0,1996.23,128,[-66 -32 11 0 0 -11 -7 -17 4 -8 5 -3 8 -8 7 -11 10 -1 10 2 22 1 22 -10 29 -7 29 -6 37 -3 30 3 25 -9 35 -5 29 2 34 -1 23 9 24 4 27 13 19 12 12 14 8 18 4 14 0 0 0 0 0 0 0 0 0 0 0 0 0 0 0 0 0 0 0 0 0 0 10 -3 3 2 13 0 7 2 8 -9 17 -11 13 -9 8 -14 5 -19 16 -18 13 -25 4 -28 0 -34 2 -24 0 -30 -7 -26 -11 -41 -14 -32 -7 -34 -18 -29 -15 -33 -15 -22 -12 -31 -20 -15 -12 -19 -9 -13 ],2025-05-07_20-02-55-963
CSI_DATA,PASSIVE,5C:E9:31:E8:E9:4E,-85,11,0,0,0,0,0,0,0,0,0,-96,0,11,0,1996060537,0,205,0,0,1996.23,128,[-51 -48 12 0 19 5 2 6 0 -2 9 10 10 6 4 5 4 12 5 11 -1 10 13 18 -1 28 2 25 2 26 9 33 1 29 5 35 1 26 -4 29 -9 19 -14 25 -4 23 -6 11 -12 17 -10 13 -15 14 0 0 0 0 0 0 0 0 0 0 0 0 0 0 0 0 0 0 0 0 0 0 -10 7 -5 12 -13 7 -6 5 -2 6 -3 11 1 12 2 11 12 13 12 17 4 18 13 13 17 10 20 16 27 9 32 16 27 11 24 2 28 4 41 7 23 -2 29 6 21 -11 20 4 12 -5 6 -2 ],2025-05-07_20-02-55-970
CSI_DATA,PASSIVE,5C:E9:31:E8:F4:66,-77,11,0,0,0,0,0,0,0,0,0,-96,0,11,0,1996070465,0,108,0,0,1996.24,128,[108 -64 6 0 1 -19 6 -18 3 -19 7 -21 7 -23 8 -25 7 -25 8 -29 9 -32 7 -33 7 -31 0 -31 5 -34 5 -32 0 -28 1 -32 1 -27 -1 -23 -2 -19 -2 -14 1 -12 -1 -4 -3 -4 -4 -1 -3 3 0 0 0 0 0 0 0 0 0 0 0 0 0 0 0 0 0 0 0 0 0 0 -24 18 -19 17 -19 19 -21 20 -22 21 -24 22 -20 23 -22 22 -23 22 -21 19 -21 18 -18 16 -19 13 -17 9 -13 7 -14 5 -13 1 -13 5 -10 -2 -10 -2 -7 -1 -5 -5 -4 -5 -3 -5 -3 -9 -4 -8 ],2025-05-07_20-02-55-973
CSI_DATA,PASSIVE,5C:E9:31:E8:F4:66,-77,11,0,0,0,0,0,0,0,0,0,-96,0,11,0,1996070650,0,161,0,0,1996.24,128,[-95 16 10 0 1 -15 7 -17 6 -15 10 -20 9 -23 8 -27 9 -21 13 -30 7 -24 8 -23 7 -31 7 -23 6 -32 1 -28 -3 -29 -1 -32 -2 -26 -4 -22 -3 -12 0 -26 -3 -5 6 -6 -8 -6 -9 -1 -2 1 0 0 0 0 0 0 0 0 0 0 0 0 0 0 0 0 0 0 0 0 0 0 -21 13 -24 11 -26 10 -20 9 -21 12 -24 12 -32 15 -27 10 -23 12 -28 6 -23 2 -14 4 -22 1 -24 2 -16 0 -12 -3 -7 -3 -6 11 -7 -3 -7 0 -6 -12 -8 -8 -5 -8 -4 -5 -7 -11 -4 -2 ],2025-05-07_20-02-55-980
CSI_DATA,PASSIVE,5C:E9:31:E8:F4:66,-76,11,0,0,0,0,0,0,0,0,0,-96,0,11,0,1996070907,0,128,0,0,1996.25,128,[-128 0 8 0 11 8 13 9 16 6 16 9 20 12 26 14 26 12 25 15 26 14 27 13 29 8 30 13 34 11 30 11 29 8 24 9 24 6 21 7 17 3 14 4 13 2 6 0 4 -1 -1 -3 -5 -4 0 0 0 0 0 0 0 0 0 0 0 0 0 0 0 0 0 0 0 0 0 0 -15 -22 -14 -27 -13 -25 -19 -25 -22 -26 -20 -25 -14 -24 -15 -25 -11 -23 -14 -22 -17 -23 -13 -21 -11 -20 -9 -19 -5 -17 -8 -16 -3 -13 2 -13 -3 -11 2 -9 2 -9 3 -6 1 -4 9 -4 5 0 7 0 ],2025-05-07_20-02-55-985
CSI_DATA,PASSIVE,5C:E9:31:E8:F4:66,-77,11,0,0,0,0,0,0,0,0,0,-96,0,11,0,1996071120,0,128,0,0,1996.25,128,[-128 0 8 0 0 14 3 18 1 21 -3 18 -2 25 2 25 2 28 0 28 4 32 2 30 0 32 3 33 5 37 4 32 8 28 9 27 7 23 7 22 6 16 4 14 4 8 4 7 1 5 1 0 1 -7 0 0 0 0 0 0 0 0 0 0 0 0 0 0 0 0 0 0 0 0 0 0 11 -25 12 -24 12 -30 13 -28 14 -25 12 -28 11 -28 12 -30 11 -26 14 -27 12 -24 11 -21 14 -19 11 -14 12 -15 14 -9 7 -9 9 -8 7 -3 7 2 4 2 6 1 7 3 8 5 2 6 4 4 ],2025-05-07_20-02-55-990
CSI_DATA,PASSIVE,5C:E9:31:E8:F4:66,-77,11,0,0,0,0,0,0,0,0,0,-96,0,11,0,1996071333,0,94,0,0,1996.26,128,[94 -32 5 0 -19 -2 -20 0 -23 -1 -23 -2 -27 -2 -26 0 -29 0 -32 4 -30 4 -35 2 -33 2 -30 1 -34 4 -31 7 -28 7 -28 7 -23 6 -23 7 -18 4 -17 5 -8 3 -6 3 -4 1 -1 2 4 4 0 0 0 0 0 0 0 0 0 0 0 0 0 0 0 0 0 0 0 0 0 0 23 9 23 8 28 7 26 6 31 8 25 8 29 6 27 7 26 7 26 10 20 9 20 12 18 10 15 9 7 11 12 8 6 8 6 8 7 7 6 5 -2 6 1 8 -1 5 -4 6 -6 4 -10 0 ],2025-05-07_20-02-55-995
CSI_DATA,PASSIVE,5C:E9:31:E8:F4:66,-76,11,0,0,0,0,0,0,0,0,0,-96,0,11,0,1996071502,0,128,0,0,1996.26,128,[-128 0 8 0 4 -21 0 -18 4 -19 2 -18 -1 -26 -3 -24 1 -25 2 -30 -1 -32 -7 -35 -7 -30 -7 -33 -4 -33 -6 -31 -8 -27 -7 -29 -9 -27 -1 -22 -6 -17 -5 -16 -5 -11 -5 -10 -2 -5 -5 2 -5 4 0 0 0 0 0 0 0 0 0 0 0 0 0 0 0 0 0 0 0 0 0 0 -14 21 -18 17 -22 20 -18 22 -16 23 -15 23 -19 28 -20 23 -20 24 -21 26 -18 19 -19 19 -16 14 -20 14 -13 10 -12 6 -12 9 -8 2 -11 0 -10 -1 -6 0 -3 -3 -5 1 -3 -4 -1 -4 0 -7 ],2025-05-07_20-02-56-1
CSI_DATA,PASSIVE,5C:E9:31:E8:F4:66,-76,11,0,0,0,0,0,0,0,0,0,-96,0,11,0,1996071715,0,94,0,0,1996.27,128,[94 -32 5 0 14 1 16 -3 18 -1 20 -4 27 0 28 -2 29 -6 31 -7 30 -8 32 -8 33 -7 31 -12 27 -9 29 -11 29 -9 24 -9 24 -13 23 -6 15 -6 14 -7 10 -6 5 -2 1 -1 -3 -2 1 -2 0 0 0 0 0 0 0 0 0 0 0 0 0 0 0 0 0 0 0 0 0 0 -26 -8 -27 -10 -29 -11 -28 -11 -31 -8 -27 -9 -32 -9 -29 -7 -29 -9 -26 -9 -26 -9 -21 -9 -23 -10 -17 -10 -13 -10 -17 -13 -12 -12 -8 -7 -7 -7 -10 -8 -3 -3 -1 -8 4 -5 2 -7 6 -3 7 -2 ],2025-05-07_20-02-56-6
CSI_DATA,PASSIVE,5C:E9:31:E8:F4:66,-77,11,0,0,0,0,0,0,0,0,0,-96,0,11,0,1996071884,0,190,0,0,1996.28,128,[-66 -32 11 0 2 17 4 17 -1 20 -3 23 2 24 2 28 2 26 3 32 8 29 7 29 12 28 7 31 8 29 8 29 6 31 9 26 8 26 7 19 8 17 4 17 4 8 3 8 4 2 -1 -2 1 -2 0 0 0 0 0 0 0 0 0 0 0 0 0 0 0 0 0 0 0 0 0 0 7 -24 8 -25 5 -28 9 -32 6 -27 9 -29 6 -29 9 -31 9 -27 7 -30 5 -24 10 -23 8 -21 10 -17 10 -14 10 -14 10 -9 6 -11 7 -6 7 -12 8 -4 6 -4 4 6 3 4 4 3 8 4 ],2025-05-07_20-02-56-12
CSI_DATA,PASSIVE,5C:E9:31:E8:F4:66,-77,11,0,0,0,0,0,0,0,0,0,-96,0,11,0,1996072181,0,205,0,0,1996.28,128,[-51 -48 12 0 12 -1 17 -2 21 -3 23 -1 25 -4 25 -3 27 -6 29 -5 29 -6 30 -5 30 -8 31 -10 34 -10 30 -9 28 -11 25 -10 21 -11 20 -8 16 -8 11 -8 6 -7 6 -4 5 -8 -1 -2 -6 -4 0 0 0 0 0 0 0 0 0 0 0 0 0 0 0 0 0 0 0 0 0 0 -27 -7 -27 -10 -26 -9 -26 -7 -29 -12 -29 -8 -29 -9 -29 -9 -27 -10 -27 -11 -24 -12 -22 -8 -21 -12 -16 -10 -13 -10 -13 -10 -11 -10 -8 -8 -7 -10 -4 -8 -4 -8 1 -6 -1 -5 3 -8 5 -4 7 -3 ],2025-05-07_20-02-56-18
CSI_DATA,PASSIVE,5C:E9:31:E8:F4:66,-77,11,0,0,0,0,0,0,0,0,0,-96,0,11,0,1996072498,0,210,0,0,1996.29,128,[-46 32 13 0 14 2 14 5 18 7 20 6 24 7 23 7 27 7 30 7 28 6 30 4 32 3 31 7 32 5 32 1 29 -2 29 -2 24 0 22 1 17 0 15 -2 9 -2 8 -4 3 -2 -2 -4 -6 -5 0 0 0 0 0 0 0 0 0 0 0 0 0 0 0 0 0 0 0 0 0 0 -17 -19 -20 -19 -22 -22 -22 -20 -23 -20 -22 -19 -21 -21 -21 -22 -20 -21 -16 -19 -20 -18 -14 -19 -18 -23 -8 -17 -9 -14 -8 -12 -9 -12 -2 -9 -6 -9 -2 -12 2 -8 3 -6 2 -6 4 -3 6 -4 8 0 ],2025-05-07_20-02-56-23
CSI_DATA,PASSIVE,5C:E9:31:E8:E9:4E,-84,11,0,0,0,0,0,0,0,0,0,-96,0,11,0,1996094456,0,205,0,0,1996.29,128,[-51 -48 12 0 -5 -4 -8 -3 -2 -5 3 3 0 -1 0 -19 5 -4 10 -14 16 -20 7 -13 19 -15 11 -16 21 -13 21 -20 19 -12 23 -13 19 -15 22 -8 23 -12 23 -4 15 0 15 -3 10 9 11 11 17 8 0 0 0 0 0 0 0 0 0 0 0 0 0 0 0 0 0 0 0 0 0 0 3 -5 4 -13 5 -16 -1 -11 4 -15 -1 -14 -2 -10 1 -12 -11 -10 -11 -19 -19 -11 -12 -13 -14 -11 -24 -12 -18 -10 -28 -13 -25 -12 -21 -1 -21 -8 -28 -7 -19 -2 -23 0 -26 -10 -23 -11 -13 6 -16 -4 ],2025-05-07_20-02-56-29
CSI_DATA,PASSIVE,5C:E9:31:E8:E9:4E,-85,11,0,0,0,0,0,0,0,0,0,-96,0,11,0,1996097095,0,158,0,0,1996.3,128,[-98 -32 9 0 0 -17 -6 -12 -2 -9 7 -3 11 -6 17 -5 13 -1 16 -3 15 3 30 3 31 -2 27 -1 29 3 30 0 23 9 25 6 24 5 20 14 19 8 18 13 14 14 11 15 4 14 -4 16 0 15 0 0 0 0 0 0 0 0 0 0 0 0 0 0 0 0 0 0 0 0 0 0 11 -2 16 -4 8 -11 8 -12 13 -15 10 -14 7 -10 2 -21 8 -21 4 -21 0 -23 -3 -22 -5 -27 2 -25 0 -28 -8 -26 -12 -26 -10 -28 -14 -22 -18 -19 -15 -22 -11 -19 -22 -20 -15 -28 -11 -19 -15 -12 ],2025-05-07_20-02-56-34
CSI_DATA,PASSIVE,5C:E9:31:E8:E9:4E,-84,11,0,0,0,0,0,0,0,0,0,-96,0,11,0,1996123457,0,127,0,0,1996.3,128,[127 -16 7 0 -11 0 -2 -8 3 -5 3 -5 0 -8 3 -14 14 -16 7 -10 13 -13 17 -14 14 -20 9 -16 9 -23 14 -15 17 -12 20 -11 27 -8 22 -15 23 -7 22 -1 25 1 12 1 16 10 11 9 15 7 0 0 0 0 0 0 0 0 0 0 0 0 0 0 0 0 0 0 0 0 0 0 -1 -11 6 -7 0 -16 -2 -14 -9 -14 -8 -10 -7 -16 -11 -19 -13 -18 -14 -12 -19 -9 -22 -11 -29 -12 -22 -14 -16 -11 -28 -10 -20 -9 -30 -9 -31 -5 -25 -7 -28 1 -20 -5 -23 -4 -18 -3 -19 5 -16 0 ],2025-05-07_20-02-56-40
CSI_DATA,PASSIVE,5C:E9:31:E8:E9:4E,-85,11,0,0,0,0,0,0,0,0,0,-96,0,11,0,1996123670,0,107,0,0,1996.31,128,[107 -80 6 0 0 -16 -3 -6 -3 0 2 -3 10 -2 10 1 14 2 13 1 19 3 18 4 25 -1 24 10 23 5 21 8 21 9 27 12 17 18 25 17 14 15 14 11 5 19 5 18 6 22 -7 18 -8 13 0 0 0 0 0 0 0 0 0 0 0 0 0 0 0 0 0 0 0 0 0 0 5 3 12 -1 12 -7 7 0 9 -3 9 -13 3 -10 7 -11 4 -17 9 -16 7 -27 9 -21 5 -30 6 -29 1 -21 -2 -31 -1 -22 -1 -25 -14 -22 -12 -25 -15 -25 -12 -20 -4 -21 -7 -23 -8 -18 -10 -14 ],2025-05-07_20-02-56-45
CSI_DATA,PASSIVE,5C:E9:31:E8:E9:4E,-85,11,0,0,0,0,0,0,0,0,0,-96,0,11,0,1996125648,0,128,0,0,1996.31,128,[-128 0 8 0 6 -10 11 -5 15 3 5 8 11 2 7 2 9 12 16 10 10 10 19 21 11 14 17 14 19 28 23 31 16 26 17 20 10 25 13 21 11 31 8 20 -4 24 -2 23 0 17 -5 22 -6 8 0 0 0 0 0 0 0 0 0 0 0 0 0 0 0 0 0 0 0 0 0 0 3 10 4 5 12 6 8 9 9 12 14 8 19 2 21 3 21 4 19 -3 18 -5 23 -4 21 -12 27 -19 25 -13 26 -15 17 -22 26 -13 24 -21 24 -27 23 -23 14 -27 10 -18 6 -28 13 -19 6 -24 ],2025-05-07_20-02-56-50
CSI_DATA,PASSIVE,5C:E9:31:E8:E9:4E,-84,11,0,0,0,0,0,0,0,0,0,-96,0,11,0,1996135438,0,217,0,0,1996.32,128,[-39 -112 13 0 3 5 4 10 -2 4 -6 1 -7 6 -17 6 -9 1 -22 6 -11 0 -22 1 -18 2 -21 -1 -27 6 -26 7 -26 7 -27 0 -20 -3 -24 -4 -24 -2 -21 -11 -19 -7 -19 -13 -9 -11 -2 -20 2 -18 0 0 0 0 0 0 0 0 0 0 0 0 0 0 0 0 0 0 0 0 0 0 -13 1 -8 -1 -16 3 -7 9 -11 -1 -12 10 -7 11 -10 13 -3 19 -10 19 -9 21 -9 19 -3 21 0 25 -3 27 -1 21 2 20 1 28 9 21 5 24 18 20 10 23 12 19 10 15 8 15 10 14 ],2025-05-07_20-02-56-56
CSI_DATA,PASSIVE,5C:E9:31:E8:E9:4E,-84,11,0,0,0,0,0,0,0,0,0,-96,0,11,0,1996143817,0,98,0,0,1996.32,128,[98 32 6 0 0 -5 3 4 3 0 10 -8 10 6 9 11 11 11 1 25 3 12 -2 13 0 20 -3 28 -6 30 0 31 -6 24 -10 31 -10 25 -3 22 -5 13 -9 20 -15 16 -20 18 -21 14 -19 8 -17 -2 0 0 0 0 0 0 0 0 0 0 0 0 0 0 0 0 0 0 0 0 0 0 -10 -3 -6 11 -4 12 -12 12 9 22 10 9 9 7 12 6 17 12 27 11 16 3 17 15 17 4 30 7 19 7 30 7 38 -4 27 -2 24 -8 22 1 25 -16 33 -13 31 -1 23 -10 15 -7 28 0 ],2025-05-07_20-02-56-61
CSI_DATA,PASSIVE,5C:E9:31:E8:E9:4E,-84,11,0,0,0,0,0,0,0,0,0,-96,0,11,0,1996159642,0,205,0,0,1996.33,128,[-51 -48 12 0 -8 -8 1 -5 1 -7 8 -6 10 -7 4 1 8 -5 12 2 24 7 16 2 20 -3 17 2 29 6 23 9 25 4 26 6 28 12 21 16 14 14 14 13 13 17 1 21 0 21 -2 18 -1 13 0 0 0 0 0 0 0 0 0 0 0 0 0 0 0 0 0 0 0 0 0 0 10 -8 7 -8 9 -5 2 -7 4 -5 8 -10 11 -16 -4 -16 8 -22 7 -19 0 -23 2 -21 1 -17 2 -21 5 -25 -14 -23 -11 -24 -7 -33 -7 -29 -13 -27 -17 -30 -20 -22 -3 -25 -17 -22 -1 -23 -22 -15 ],2025-05-07_20-02-56-66
CSI_DATA,PASSIVE,5C:E9:31:E8:E9:4E,-85,11,0,0,0,0,0,0,0,0,0,-96,0,11,0,1996164253,0,217,0,0,1996.34,128,[-39 -112 13 0 -13 8 -10 4 1 10 -2 -10 9 0 -1 -1 -4 -19 0 -17 2 -8 4 -17 5 -25 13 -19 2 -23 19 -27 1 -27 11 -25 9 -19 16 -15 16 -18 4 -14 11 -3 16 -9 14 0 9 -6 12 0 0 0 0 0 0 0 0 0 0 0 0 0 0 0 0 0 0 0 0 0 0 0 -2 -5 2 -9 3 -13 -1 -8 -5 -9 -12 -7 -14 -11 -11 -9 -18 -9 -21 -10 -24 -3 -14 -3 -19 -1 -23 8 -33 -3 -24 1 -27 -3 -32 7 -26 10 -31 7 -26 4 -22 11 -15 11 -25 15 -11 4 -19 -1 ],2025-05-07_20-02-56-72
CSI_DATA,PASSIVE,5C:E9:31:E8:F4:66,-78,11,0,0,0,0,0,0,0,0,0,-96,0,11,0,1996172447,0,108,0,0,1996.34,128,[108 -64 6 0 3 -10 8 -10 8 -15 10 -16 11 -21 12 -23 8 -24 11 -29 16 -29 13 -28 11 -29 13 -29 6 -31 6 -30 9 -28 6 -30 6 -24 4 -23 2 -19 0 -15 1 -15 2 -9 -2 -5 -1 -2 -1 1 0 0 0 0 0 0 0 0 0 0 0 0 0 0 0 0 0 0 0 0 0 0 -13 23 -14 22 -15 23 -12 24 -12 26 -14 27 -14 26 -18 21 -18 25 -16 20 -16 19 -18 17 -13 13 -15 10 -16 10 -16 10 -9 6 -11 4 -14 2 -7 4 -6 2 -7 3 -7 3 -4 4 -4 -5 -2 -3 ],2025-05-07_20-02-56-78
CSI_DATA,PASSIVE,5C:E9:31:E8:F4:66,-77,11,0,0,0,0,0,0,0,0,0,-96,0,11,0,1996172632,0,205,0,0,1996.35,128,[-51 -48 12 0 -1 -12 6 -17 2 -16 6 -20 5 -22 3 -20 3 -28 3 -30 9 -31 5 -31 1 -31 1 -33 -2 -32 0 -30 -1 -29 0 -32 -1 -27 -2 -26 -3 -20 -3 -17 -1 -12 -3 -8 0 -3 -5 -2 -4 1 0 0 0 0 0 0 0 0 0 0 0 0 0 0 0 0 0 0 0 0 0 0 -14 23 -14 20 -16 21 -17 24 -16 25 -13 21 -18 23 -17 25 -14 26 -17 20 -18 22 -14 15 -17 16 -15 13 -17 14 -14 12 -14 6 -12 9 -12 6 -9 4 -5 2 -10 2 -6 3 -4 -2 -6 -4 1 -2 ],2025-05-07_20-02-56-84
CSI_DATA,PASSIVE,5C:E9:31:E8:F4:66,-77,11,0,0,0,0,0,0,0,0,0,-96,0,11,0,1996172949,0,158,0,0,1996.35,128,[-98 -32 9 0 11 -5 11 -5 11 -10 16 -7 22 -9 21 -9 21 -11 20 -12 24 -16 20 -20 25 -13 21 -20 25 -19 22 -17 17 -20 19 -19 18 -17 16 -15 15 -14 9 -13 7 -8 3 -4 -2 -4 -4 -2 -7 -1 0 0 0 0 0 0 0 0 0 0 0 0 0 0 0 0 0 0 0 0 0 0 -22 12 -21 11 -21 13 -21 15 -26 10 -21 14 -22 14 -25 12 -22 14 -21 12 -24 8 -20 8 -23 2 -18 8 -16 -1 -17 2 -16 1 -13 1 -10 -3 -9 -1 -10 -5 -7 -4 -2 -3 1 -2 -2 -5 0 -4 ],2025-05-07_20-02-56-89
CSI_DATA,PASSIVE,5C:E9:31:E8:F4:66,-77,11,0,0,0,0,0,0,0,0,0,-96,0,11,0,1996173202,0,128,0,0,1996.36,128,[-128 0 8 0 -6 -10 -5 -15 -6 -15 -9 -17 -12 -23 -10 -20 -13 -24 -14 -26 -16 -29 -21 -24 -21 -24 -20 -30 -17 -30 -20 -28 -19 -24 -18 -22 -17 -21 -17 -18 -13 -15 -13 -14 -9 -8 -8 -6 -7 -1 -1 3 2 3 0 0 0 0 0 0 0 0 0 0 0 0 0 0 0 0 0 0 0 0 0 0 9 20 10 20 11 22 10 21 13 27 15 24 11 26 11 26 5 26 9 28 4 25 5 23 4 19 1 20 -4 17 -1 11 -5 18 -1 12 -3 11 1 10 -6 8 -1 8 1 7 -1 4 -6 1 -9 2 ],2025-05-07_20-02-56-95
CSI_DATA,PASSIVE,5C:E9:31:E8:F4:66,-77,11,0,0,0,0,0,0,0,0,0,-96,0,11,0,1996173415,0,472,0,0,1996.36,128,[-40 -127 29 0 10 -7 15 -7 18 -5 20 -7 20 -10 24 -10 30 -10 27 -16 32 -14 29 -18 32 -19 34 -22 28 -21 30 -23 28 -17 28 -19 25 -18 25 -14 14 -13 15 -12 10 -12 5 -9 4 -5 -1 -2 -5 -2 0 0 0 0 0 0 0 0 0 0 0 0 0 0 0 0 0 0 0 0 0 0 -25 12 -25 13 -27 12 -30 17 -27 15 -26 18 -28 14 -31 12 -28 15 -29 11 -28 10 -25 8 -25 3 -24 2 -20 2 -18 1 -22 -5 -15 -1 -14 -5 -13 -7 -12 -3 -9 -1 -3 -8 -3 -6 0 -2 2 -3 ],2025-05-07_20-02-56-100
CSI_DATA,PASSIVE,5C:E9:31:E8:F4:66,-77,11,0,0,0,0,0,0,0,0,0,-96,0,11,0,1996174784,0,128,0,0,1996.37,128,[-128 0 8 0 -7 -12 -2 -14 -4 -16 -3 -20 -4 -22 -8 -26 -5 -21 -9 -30 -8 -29 -14 -32 -10 -33 -10 -33 -13 -32 -14 -31 -11 -26 -14 -30 -8 -21 -14 -22 -11 -13 -10 -12 -6 -10 -9 -4 -7 -3 -1 -1 -2 5 0 0 0 0 0 0 0 0 0 0 0 0 0 0 0 0 0 0 0 0 0 0 3 24 4 22 6 26 5 27 8 28 5 27 6 29 3 24 2 29 2 31 -1 25 1 26 -3 24 -2 17 -5 16 -1 16 -4 16 -10 15 -1 10 -6 13 -3 7 -3 6 -4 3 -3 2 -4 1 -5 -3 ],2025-05-07_20-02-56-106
CSI_DATA,PASSIVE,5C:E9:31:E8:F4:66,-77,11,0,0,0,0,0,0,0,0,0,-96,0,11,0,1996174997,0,127,0,0,1996.37,128,[127 -16 7 0 11 -4 15 -2 13 -2 17 -6 18 -7 22 -4 23 -8 25 -6 26 -8 29 -10 31 -13 33 -13 29 -14 26 -14 28 -13 24 -14 22 -12 18 -11 15 -9 11 -7 11 -7 8 -5 5 -6 -2 -4 -7 -4 0 0 0 0 0 0 0 0 0 0 0 0 0 0 0 0 0 0 0 0 0 0 -26 2 -26 2 -27 6 -26 4 -30 4 -29 4 -30 0 -28 0 -30 4 -27 0 -26 -2 -21 -3 -22 -4 -21 -5 -21 -3 -18 -6 -14 -5 -13 -7 -16 -3 -10 -7 -8 -3 -6 -4 -4 -3 -1 -5 0 -3 1 -3 ],2025-05-07_20-02-56-111
