CSI_DATA,PA,MAC,RSSI,Rate,Sig_Mode,MCS,Bandwidth,Smoothing,Not_Sounding,Aggregation,STBC,FEC_Coding,SGI,Noise_Floor,AMPDU_CNT,Channel,Secondary_Channel,Local_Timestamp,Ant,Sig_Len,RX_State,Real_Time_Set,Real_Timestamp,Len,CSI_Data,Timestamp
CSI_DATA,PASSIVE,5C:E9:31:E8:F4:66,-77,11,0,0,0,0,0,0,0,0,0,-96,0,11,0,2297243275,0,350,0,0,2297.43,128,[94 -31 21 0 -16 13 -15 0,11,0,2297243275,0,350,0,0,2297.43,128,[94 -31 21 0 -16 13 -15 0,11,0,2297243275,0,350,0,0,2297.43,128,[94 -31 21 0 -16 13 -15 0,11,0,2297243275,0,350,0,0,2297.43,128,[94 -31 21 0 -16 13 -15 0,11,0,2297243275,0,350,0,0,2297.43,128, -18 -2 -25 -8 -28 -7 -27 -7 -24 -10 -28 -13 -30 -17 -29 -20 -29 -21 -29 -21 -26 -18 -25 -20 -26 -25 -20 -21 -19 -16 -17 -13 -16 -9 0 0 0 0 0 0 0 0 0 0 0 0 0 0 0 0 0 0 0 0 0 0 10 -17 9 -19 5 -18 6 -19 4 -21 1 -20 0 -19 -3 -20 -4 -18 -1 -19 -12 -18 -7 -17 -12 -15 -11 -14 -12 -9 -12 -10 -16 -5 -14 -7 -9 -6 -16 0 -12 1 -14 4 -13 3 -15 6 -15 5 -13 7 ],2025-05-07_20-07-57-157
CSI_DATA,PASSIVE,5C:E9:31:E8:F4:66,-77,11,0,0,0,0,0,0,0,0,0,-96,0,11,0,2297243784,0,130,0,0,2297.44,128,[-126 32 8 0 -7 15 -1 16 -3 19 -4 20 -6 17 -9 13 -9 14 -13 20 -19 16 -19 10 -23 15 -21 10 -24 18 -35 1 -28 4 -41 1 -51 3 -38 6 -29 8 -36 4 -36 13 -24 4 -32 0 -28 -5 -20 -1 0 0 0 0 0 0 0 0 0 0 0 0 0 0 0 0 0 0 0 0 0 0 -11 -23 -13 -18 -10 -15 -12 -15 -12 -13 -18 -11 -20 -6 -19 -6 -18 -9 -21 -3 -20 -3 -21 0 -22 5 -26 -2 -23 8 -17 4 -13 3 -17 2 -6 9 -13 10 -12 14 -8 14 -5 15 -3 14 0 10 -5 9 ],2025-05-07_20-07-57-163
CSI_DATA,PASSIVE,5C:E9:31:E8:F4:66,-77,11,0,0,0,0,0,0,0,0,0,-96,0,11,0,2297244001,0,94,0,0,2297.44,128,[94 -32 5 0 19 -1 20 -5 17 -3 16 -3 17 -1 16 3 21 6 21 7 19 10 18 11 19 16 18 16 19 22 21 24 20 29 16 26 16 29 17 30 10 28 13 25 13 25 9 25 10 21 10 18 8 16 0 0 0 0 0 0 0 0 0 0 0 0 0 0 0 0 0 0 0 0 0 0 -20 7 -19 8 -19 6 -18 8 -16 12 -13 12 -13 13 -9 14 -7 17 -8 18 -4 18 -3 21 -2 20 1 18 2 16 2 17 8 16 7 11 6 9 8 9 10 6 10 5 13 3 14 3 14 2 14 -1 ],2025-05-07_20-07-57-168
CSI_DATA,PASSIVE,5C:E9:31:E8:F4:66,-76,11,0,0,0,0,0,0,0,0,0,-96,0,11,0,2297349597,0,154,0,0,2297.52,128,[-102 -96 9 0 17 -4 18 -6 16 -1 19 1 21 1 19 4 18 6 22 11 20 10 20 14 18 18 21 20 18 24 18 25 16 28 16 27 15 29 12 27 13 27 12 26 9 24 11 24 9 19 12 14 11 15 0 0 0 0 0 0 0 0 0 0 0 0 0 0 0 0 0 0 0 0 0 0 -18 3 -18 3 -16 4 -15 7 -15 8 -12 9 -11 9 -9 13 -9 19 -8 18 -3 20 -5 20 -1 19 -3 19 1 18 1 15 2 15 7 14 5 13 8 9 12 9 11 5 13 0 11 1 13 -2 13 0 ],2025-05-07_20-07-57-241
CSI_DATA,PASSIVE,5C:E9:31:E8:F4:66,-76,11,0,0,0,0,0,0,0,0,0,-96,0,11,0,2297349846,0,174,0,0,2297.52,128,[-82 -32 10 0 -10 13 -11 13 -14 12 -16 12 -14 9 -17 8 -17 6 -18 5 -22 2 -23 2 -25 -3 -28 -4 -24 -8 -29 -10 -24 -9 -29 -12 -27 -13 -26 -13 -26 -13 -24 -14 -22 -14 -19 -13 -19 -10 -20 -6 -17 -6 0 0 0 0 0 0 0 0 0 0 0 0 0 0 0 0 0 0 0 0 0 0 7 -13 8 -13 4 -14 4 -17 1 -13 0 -16 -3 -17 -4 -16 -7 -17 -6 -16 -10 -17 -13 -16 -11 -12 -13 -14 -14 -12 -11 -10 -13 -8 -15 -8 -13 -3 -14 0 -14 -1 -13 3 -10 7 -12 10 -10 7 -10 8 ],2025-05-07_20-07-57-248
CSI_DATA,PASSIVE,5C:E9:31:E8:F4:66,-76,11,0,0,0,0,0,0,0,0,0,-96,0,11,0,2297350119,0,163,0,0,2297.53,128,[-93 48 10 0 -15 11 -12 15 -18 14 -19 10 -16 10 -20 9 -21 6 -21 3 -22 2 -27 0 -26 -4 -30 -6 -28 -10 -30 -9 -27 -12 -30 -15 -30 -14 -31 -16 -26 -16 -27 -14 -22 -11 -21 -12 -20 -10 -20 -9 -20 -9 0 0 0 0 0 0 0 0 0 0 0 0 0 0 0 0 0 0 0 0 0 0 12 -13 12 -14 10 -14 6 -17 6 -15 3 -15 2 -17 -1 -18 -4 -20 -5 -20 -6 -19 -7 -19 -6 -17 -11 -16 -13 -14 -10 -13 -14 -13 -15 -8 -16 -5 -14 -6 -11 1 -14 -3 -13 3 -11 8 -12 8 -14 9 ],2025-05-07_20-07-57-254
CSI_DATA,PASSIVE,5C:E9:31:E8:F4:66,-77,11,0,0,0,0,0,0,0,0,0,-96,0,11,0,2297350380,0,183,0,0,2297.53,128,[-73 112 11 0 13 13 16 12 11 17 9 14 10 18 11 22 11 22 3 22 2 26 -2 25 -2 30 -5 30 -6 33 -13 32 -13 34 -15 34 -14 32 -21 28 -20 29 -17 30 -15 24 -13 23 -12 25 -10 20 -7 19 0 0 0 0 0 0 0 0 0 0 0 0 0 0 0 0 0 0 0 0 0 0 -18 -11 -19 -12 -16 -8 -19 -8 -20 -2 -18 1 -19 1 -16 3 -18 4 -17 9 -22 6 -19 12 -21 14 -18 12 -16 13 -11 14 -13 16 -7 15 -7 15 -4 16 2 11 3 16 5 13 4 13 13 13 11 14 ],2025-05-07_20-07-57-259
CSI_DATA,PASSIVE,5C:E9:31:E8:E9:4E,-86,11,0,0,0,0,0,0,0,0,0,-96,0,11,0,2297374088,0,138,0,0,2297.54,128,[-118 -96 8 0 -4 6 -6 5 1 5 -2 10 -7 2 9 8 6 9 8 8 11 17 7 12 7 9 5 22 15 19 15 15 7 23 9 21 6 26 4 25 8 17 6 21 5 23 0 14 -10 18 -5 18 -10 12 0 0 0 0 0 0 0 0 0 0 0 0 0 0 0 0 0 0 0 0 0 0 11 5 3 4 9 3 13 0 9 -2 10 -7 14 -6 13 -10 12 -12 12 -14 13 -10 15 -8 12 -16 12 -18 13 -11 5 -17 6 -10 8 -17 2 -11 2 -6 5 -7 3 -13 5 -8 -8 -6 2 -8 -2 1 ],2025-05-07_20-07-57-265
CSI_DATA,PASSIVE,5C:E9:31:E8:E9:4E,-87,11,0,0,0,0,0,0,0,0,0,-96,0,11,0,2297374313,0,158,0,0,2297.55,128,[-98 -32 9 0 3 2 6 -5 10 1 7 3 8 1 7 -7 7 -12 19 -8 11 -7 12 1 18 -9 11 -12 11 -9 16 -9 16 -7 19 -11 24 -10 24 -8 18 -6 18 -3 25 -6 15 3 15 4 13 6 12 7 0 0 0 0 0 0 0 0 0 0 0 0 0 0 0 0 0 0 0 0 0 0 3 -7 -5 -9 -5 -6 -5 -15 -9 -10 -6 -12 -12 -15 -8 -11 -17 -8 -17 -11 -14 -8 -16 -8 -15 -5 -16 -9 -14 -13 -15 -6 -11 -5 -12 -5 -11 -4 -12 -4 -9 -1 -9 2 -3 1 -10 -9 -7 1 -7 4 ],2025-05-07_20-07-57-292
CSI_DATA,PASSIVE,5C:E9:31:E8:E9:4E,-87,11,0,0,0,0,0,0,0,0,0,-96,0,11,0,2297403108,0,124,0,0,2297.57,128,[124 -64 7 0 9 -6 1 1 7 -4 7 0 8 -13 3 -15 4 -14 0 -15 -7 -14 -5 -15 -5 -20 -3 -21 -1 -23 -6 -17 -5 -19 -14 -25 -4 -32 2 -26 -1 -23 3 -28 -4 -18 8 -29 9 -20 8 -16 7 -9 0 0 0 0 0 0 0 0 0 0 0 0 0 0 0 0 0 0 0 0 0 0 -9 -9 -7 -6 -13 -3 -6 -8 -10 -1 -5 -1 -13 -6 -16 1 -18 3 -14 3 -14 -1 -21 2 -16 11 -21 8 -20 7 -17 11 -15 11 -13 17 -15 10 -14 4 -5 10 -9 16 6 5 -3 10 1 8 -5 5 ],2025-05-07_20-07-57-296
CSI_DATA,PASSIVE,5C:E9:31:E8:E9:4E,-87,11,0,0,0,0,0,0,0,0,0,-96,0,11,0,2297409200,0,108,0,0,2297.58,128,[108 -64 6 0 2 -2 -5 11 -5 6 -2 7 0 9 -6 5 5 16 2 12 5 9 3 18 5 21 16 18 12 23 5 29 6 19 7 22 1 20 -3 26 1 26 -2 24 1 18 -6 23 -5 16 -8 11 -8 14 0 0 0 0 0 0 0 0 0 0 0 0 0 0 0 0 0 0 0 0 0 0 0 7 12 5 9 1 10 3 2 2 7 -6 14 7 16 -6 13 -9 15 -1 11 -15 13 -9 19 -11 9 -7 15 -6 15 -8 16 -8 19 -3 7 -13 8 -4 9 -12 1 -18 2 -9 2 -4 -10 -10 2 -14 ],2025-05-07_20-07-57-300
CSI_DATA,PASSIVE,5C:E9:31:E8:E9:4E,-87,11,0,0,0,0,0,0,0,0,0,-96,0,11,0,2297421650,0,205,0,0,2297.59,128,[-51 -48 12 0 2 -3 -4 -6 -6 2 -10 4 -10 6 -2 2 -8 11 -4 9 -11 14 -5 20 -8 20 1 21 5 22 -8 19 -12 26 -10 14 -6 17 -17 25 -14 17 -15 14 -5 10 -15 11 -17 8 -18 4 -20 2 0 0 0 0 0 0 0 0 0 0 0 0 0 0 0 0 0 0 0 0 0 0 -5 7 4 8 -1 9 2 9 3 5 6 0 16 -1 18 4 9 6 17 5 11 2 11 6 21 -3 24 3 21 4 25 -10 18 -3 12 -7 16 5 9 -4 4 -9 7 -1 8 -7 6 5 7 -9 -5 2 ],2025-05-07_20-07-57-314
CSI_DATA,PASSIVE,5C:E9:31:E8:E9:4E,-88,11,0,0,0,0,0,0,0,0,0,-96,0,11,0,2297430498,0,98,0,0,2297.6,128,[98 32 6 0 -8 -1 -5 -3 0 10 -5 1 4 10 -5 5 7 9 4 8 2 7 10 15 9 11 12 20 14 16 21 19 16 18 19 25 9 26 10 22 7 23 6 18 11 18 5 20 -15 24 -8 11 -5 17 0 0 0 0 0 0 0 0 0 0 0 0 0 0 0 0 0 0 0 0 0 0 0 8 5 3 12 8 -8 2 7 5 13 -2 15 -3 13 8 16 -5 14 -9 19 -2 17 -5 15 1 27 -8 10 -4 17 -9 17 -9 22 -9 8 -16 -2 -4 -1 -10 3 -8 8 -3 7 -5 -11 -13 2 9 ],2025-05-07_20-07-57-322
CSI_DATA,PASSIVE,5C:E9:31:E8:F4:66,-76,11,0,0,0,0,0,0,0,0,0,-96,0,11,0,2297446975,0,138,0,0,2297.61,128,[-118 -96 8 0 19 -1 19 -2 21 0 19 0 18 4 17 6 19 9 24 5 24 11 21 18 19 20 18 21 22 25 17 23 20 27 16 27 18 27 16 27 12 27 12 26 15 25 14 23 12 16 12 17 12 16 0 0 0 0 0 0 0 0 0 0 0 0 0 0 0 0 0 0 0 0 0 0 -20 -1 -18 -1 -17 3 -17 3 -14 5 -14 9 -12 11 -15 11 -9 14 -12 16 -10 16 -6 17 -8 16 -5 17 -1 15 -1 14 2 13 4 9 4 10 7 8 9 5 11 3 13 1 13 0 17 -2 19 -2 ],2025-05-07_20-07-57-338
CSI_DATA,PASSIVE,5C:E9:31:E8:F4:66,-76,11,0,0,0,0,0,0,0,0,0,-96,0,11,0,2297447200,0,158,0,0,2297.62,128,[-98 -32 9 0 -20 -12 -22 -12 -16 -17 -14 -15 -14 -16 -13 -19 -12 -20 -10 -25 -10 -27 -7 -27 -5 -28 -4 -30 -2 -33 1 -33 2 -34 1 -35 4 -35 3 -35 5 -31 3 -30 4 -27 2 -26 -2 -26 -2 -20 -3 -19 0 0 0 0 0 0 0 0 0 0 0 0 0 0 0 0 0 0 0 0 0 0 11 12 9 13 12 11 12 10 15 5 16 4 16 1 16 1 16 -3 18 -3 17 -6 16 -6 17 -7 13 -10 12 -9 9 -12 10 -10 5 -15 0 -13 0 -10 -4 -9 -6 -10 -8 -12 -7 -14 -13 -12 -12 -9 ],2025-05-07_20-07-57-345
CSI_DATA,PASSIVE,5C:E9:31:E8:F4:66,-76,11,0,0,0,0,0,0,0,0,0,-96,0,11,0,2297447453,0,94,0,0,2297.62,128,[94 -32 5 0 -20 12 -17 8 -19 12 -20 9 -17 9 -18 7 -19 5 -25 6 -26 -2 -24 -2 -29 -8 -31 -10 -33 -11 -32 -12 -30 -12 -31 -15 -29 -13 -28 -15 -29 -17 -26 -18 -26 -13 -22 -11 -23 -10 -23 -8 -22 -3 0 0 0 0 0 0 0 0 0 0 0 0 0 0 0 0 0 0 0 0 0 0 12 -12 12 -11 11 -9 9 -14 9 -16 5 -15 6 -16 4 -18 2 -20 -1 -20 -2 -22 -2 -16 -4 -15 -6 -18 -6 -17 -5 -17 -8 -14 -9 -8 -8 -2 -14 -1 -9 -3 -13 2 -16 6 -12 9 -13 11 -11 10 ],2025-05-07_20-07-57-351
CSI_DATA,PASSIVE,5C:E9:31:E8:F4:66,-76,11,0,0,0,0,0,0,0,0,0,-96,0,11,0,2297447622,0,124,0,0,2297.63,128,[124 -64 7 0 -13 -12 -20 -13 -14 -17 -13 -17 -12 -23 -12 -14 -8 -24 -11 -26 -4 -24 -6 -26 -2 -28 2 -33 4 -31 0 -33 4 -33 8 -34 8 -33 11 -34 11 -32 8 -30 7 -28 4 -27 6 -24 4 -19 4 -20 0 0 0 0 0 0 0 0 0 0 0 0 0 0 0 0 0 0 0 0 0 0 12 10 14 10 13 8 15 5 13 2 16 2 20 -6 16 -3 16 -3 16 -5 17 -5 17 -12 15 -13 16 -11 12 -13 10 -14 4 -12 4 -10 2 -9 0 -14 -5 -9 -5 -13 -11 -13 -14 -17 -12 -13 -17 -12 ],2025-05-07_20-07-57-356
CSI_DATA,PASSIVE,5C:E9:31:E8:F4:66,-76,11,0,0,0,0,0,0,0,0,0,-96,0,11,0,2297447831,0,108,0,0,2297.64,128,[108 -64 6 0 -20 12 -20 9 -20 10 -22 13 -22 9 -21 7 -28 6 -26 3 -26 1 -28 -1 -27 -3 -30 -6 -32 -6 -33 -10 -31 -13 -33 -12 -32 -14 -29 -12 -28 -12 -29 -8 -27 -11 -26 -12 -22 -7 -23 -6 -18 -4 0 0 0 0 0 0 0 0 0 0 0 0 0 0 0 0 0 0 0 0 0 0 13 -7 15 -8 14 -9 11 -9 11 -12 10 -14 7 -18 5 -19 4 -19 2 -19 -1 -18 -1 -20 0 -20 -4 -15 -6 -15 -7 -14 -7 -9 -9 -12 -9 -4 -13 -6 -13 0 -14 1 -12 5 -14 6 -15 7 -17 7 ],2025-05-07_20-07-57-362
CSI_DATA,PASSIVE,5C:E9:31:E8:F4:66,-76,11,0,0,0,0,0,0,0,0,0,-96,0,11,0,2297448016,0,205,0,0,2297.64,128,[-51 -48 12 0 -19 4 -22 6 -19 1 -22 1 -19 5 -22 0 -22 -7 -20 -4 -23 -7 -24 -13 -31 -17 -22 -16 -28 -19 -26 -23 -26 -22 -24 -24 -24 -25 -25 -25 -22 -25 -20 -21 -24 -19 -17 -17 -17 -17 -19 -11 -13 -12 0 0 0 0 0 0 0 0 0 0 0 0 0 0 0 0 0 0 0 0 0 0 17 -2 17 1 17 -1 14 -6 14 -9 13 -10 11 -11 10 -12 7 -14 7 -18 6 -17 4 -18 8 -17 6 -15 2 -14 -1 -17 0 -12 -4 -11 -6 -7 -9 -6 -14 -6 -10 -2 -14 0 -17 6 -17 -1 -17 5 ],2025-05-07_20-07-57-368
CSI_DATA,PASSIVE,5C:E9:31:E8:F4:66,-76,11,0,0,0,0,0,0,0,0,0,-96,0,11,0,2297448333,0,94,0,0,2297.65,128,[94 -32 5 0 -23 -4 -22 -3 -21 -5 -19 -9 -23 -10 -19 -11 -19 -13 -17 -17 -16 -20 -17 -21 -17 -27 -16 -28 -15 -29 -14 -31 -13 -34 -11 -32 -7 -33 -7 -34 -6 -33 -5 -29 -6 -27 -7 -27 -7 -24 -7 -20 -9 -18 0 0 0 0 0 0 0 0 0 0 0 0 0 0 0 0 0 0 0 0 0 0 16 4 18 1 17 1 17 -3 19 -4 13 -5 14 -10 12 -9 15 -10 13 -14 10 -15 12 -15 10 -13 8 -15 3 -14 2 -16 -1 -13 -3 -12 -6 -13 -4 -8 -8 -6 -8 -7 -9 -6 -13 -5 -16 -4 -17 -4 ],2025-05-07_20-07-57-374
CSI_DATA,PASSIVE,5C:E9:31:E8:E9:4E,-88,11,0,0,0,0,0,0,0,0,0,-96,0,11,0,2297542560,0,98,0,0,2297.71,128,[98 32 6 0 -13 -3 -6 -1 -2 11 -3 15 -6 9 -5 6 -10 10 1 19 -1 9 -14 11 0 22 -3 16 -2 9 -5 26 -15 21 -8 11 -14 7 -14 5 -18 12 -23 4 -14 -1 -12 3 -16 -9 -23 0 -12 -8 0 0 0 0 0 0 0 0 0 0 0 0 0 0 0 0 0 0 0 0 0 0 2 -17 9 -8 1 -13 -2 -7 -2 -7 -5 -15 1 -12 1 -27 -4 -18 4 -21 6 -33 -2 -33 -14 -14 6 -21 0 -21 8 -7 4 -15 3 -14 -6 -11 -9 -5 -6 -8 -6 -9 -11 -5 2 -12 10 -6 -6 -3 ],2025-05-07_20-07-57-434
CSI_DATA,PASSIVE,5C:E9:31:E8:F4:66,-77,11,0,0,0,0,0,0,0,0,0,-96,0,11,0,2297549258,0,94,0,0,2297.72,128,[94 -32 5 0 -17 15 -17 12 -15 13 -20 7 -19 9 -19 8 -21 6 -23 4 -26 1 -27 -1 -25 -6 -30 -5 -30 -12 -30 -10 -28 -13 -30 -17 -30 -14 -28 -16 -27 -14 -25 -12 -25 -13 -24 -12 -22 -8 -20 -6 -19 -5 0 0 0 0 0 0 0 0 0 0 0 0 0 0 0 0 0 0 0 0 0 0 15 -3 16 -3 12 -7 14 -9 14 -7 10 -14 11 -13 8 -15 6 -19 8 -21 4 -21 0 -21 5 -17 1 -17 -2 -16 -5 -15 -4 -10 -6 -9 -8 -7 -8 -2 -10 3 -9 2 -13 6 -13 9 -13 7 -14 7 ],2025-05-07_20-07-57-441
CSI_DATA,PASSIVE,5C:E9:31:E8:F4:66,-77,11,0,0,0,0,0,0,0,0,0,-96,0,11,0,2297549427,0,94,0,0,2297.72,128,[94 -32 5 0 -17 -15 -15 -18 -11 -20 -14 -18 -14 -21 -11 -25 -6 -25 -6 -28 -4 -31 -3 -31 0 -31 4 -32 5 -34 7 -38 7 -34 12 -33 12 -37 15 -33 15 -31 11 -32 10 -28 7 -26 6 -24 5 -25 1 -20 0 0 0 0 0 0 0 0 0 0 0 0 0 0 0 0 0 0 0 0 0 0 4 17 4 15 5 16 7 13 11 15 11 13 15 12 14 10 20 9 18 10 19 6 19 1 20 3 18 0 16 -3 14 -4 13 -8 6 -10 7 -9 3 -11 -1 -9 -2 -11 -8 -11 -10 -9 -12 -12 -10 -13 ],2025-05-07_20-07-57-447
CSI_DATA,PASSIVE,5C:E9:31:E8:F4:66,-76,11,0,0,0,0,0,0,0,0,0,-96,0,11,0,2297549595,0,158,0,0,2297.73,128,[-98 -32 9 0 15 -18 15 -22 12 -18 14 -18 18 -18 20 -19 19 -15 23 -11 25 -11 30 -7 31 -7 23 -5 32 2 35 1 35 6 37 2 36 0 37 3 32 9 33 4 28 3 24 2 25 -3 21 -2 20 3 0 0 0 0 0 0 0 0 0 0 0 0 0 0 0 0 0 0 0 0 0 0 -19 6 -16 7 -15 9 -12 14 -13 13 -9 17 -7 17 -8 22 -3 19 -3 20 1 19 -1 19 0 21 5 15 1 17 4 16 5 12 8 6 9 5 12 0 11 3 11 -10 10 -6 11 -10 10 -14 11 -16 ],2025-05-07_20-07-57-452
CSI_DATA,PASSIVE,5C:E9:31:E8:F4:66,-77,11,0,0,0,0,0,0,0,0,0,-96,0,11,0,2297549848,0,94,0,0,2297.73,128,[94 -32 5 0 -19 -15 -16 -15 -16 -23 -11 -22 -9 -22 -10 -23 -13 -22 0 -21 -4 -27 -1 -27 3 -31 7 -29 9 -31 10 -37 12 -31 17 -35 15 -33 15 -34 19 -33 14 -26 11 -27 8 -26 11 -21 9 -23 5 -26 0 0 0 0 0 0 0 0 0 0 0 0 0 0 0 0 0 0 0 0 0 0 5 15 9 12 7 15 12 12 14 12 11 10 15 12 15 9 19 4 22 5 16 3 23 -1 18 1 21 -1 15 -5 16 -8 10 -8 6 -7 8 -12 8 -8 -3 -12 -3 -13 -9 -17 -9 -13 -14 -12 -14 -15 ],2025-05-07_20-07-57-458
CSI_DATA,PASSIVE,5C:E9:31:E8:F4:66,-76,11,0,0,0,0,0,0,0,0,0,-96,0,11,0,2297550017,0,133,0,0,2297.74,128,[-123 80 8 0 10 -19 14 -16 11 -19 17 -17 16 -17 15 -13 20 -11 22 -9 23 -8 22 -7 30 -3 29 -2 32 0 29 2 29 3 30 8 32 6 30 8 30 5 28 5 24 6 21 4 23 3 21 2 18 -1 0 0 0 0 0 0 0 0 0 0 0 0 0 0 0 0 0 0 0 0 0 0 -15 7 -16 7 -14 11 -11 13 -11 13 -7 14 -8 14 -4 19 -5 18 1 18 0 18 3 14 1 15 3 14 6 15 4 10 8 9 6 8 9 3 10 0 9 -1 11 -6 9 -11 10 -12 8 -11 10 -13 ],2025-05-07_20-07-57-463
CSI_DATA,PASSIVE,5C:E9:31:E8:F4:66,-77,11,0,0,0,0,0,0,0,0,0,-96,0,11,0,2297550238,0,113,0,0,2297.74,128,[113 16 7 0 26 0 21 1 25 -1 27 7 22 7 26 9 19 12 18 15 16 16 19 23 19 28 17 23 15 28 14 28 15 33 14 35 9 33 7 34 15 32 8 28 8 25 10 27 13 22 10 22 13 16 0 0 0 0 0 0 0 0 0 0 0 0 0 0 0 0 0 0 0 0 0 0 -14 -15 -14 -9 -11 -9 -16 -8 -21 -5 -17 -5 -20 -3 -22 0 -17 5 -22 7 -21 9 -15 8 -17 12 -16 8 -12 10 -13 10 -10 12 -1 12 -4 9 3 9 5 6 12 4 10 2 14 -2 18 0 16 4 ],2025-05-07_20-07-57-468
CSI_DATA,PASSIVE,5C:E9:31:E8:F4:66,-77,11,0,0,0,0,0,0,0,0,0,-96,0,11,0,2297550431,0,128,0,0,2297.75,128,[-128 0 8 0 21 -3 23 4 24 0 23 2 22 7 22 11 26 7 23 13 16 17 19 16 20 19 18 27 23 25 17 29 17 32 17 32 15 31 13 32 16 31 14 26 10 25 8 27 11 22 12 19 12 14 0 0 0 0 0 0 0 0 0 0 0 0 0 0 0 0 0 0 0 0 0 0 -16 -6 -17 -8 -17 -2 -20 -2 -15 0 -20 3 -21 4 -19 12 -19 11 -18 12 -15 13 -19 12 -15 9 -14 11 -9 13 -6 13 -3 15 3 10 7 9 3 7 10 4 13 3 12 4 15 1 15 1 20 1 ],2025-05-07_20-07-57-474
CSI_DATA,PASSIVE,5C:E9:31:E8:F4:66,-77,11,0,0,0,0,0,0,0,0,0,-96,0,11,0,2297550644,0,163,0,0,2297.75,128,[-93 48 10 0 5 22 5 21 3 21 1 24 -1 24 -4 26 -7 25 -7 27 -12 18 -15 22 -17 24 -22 22 -22 23 -26 23 -27 20 -31 21 -32 22 -31 16 -29 17 -26 16 -26 16 -20 12 -19 15 -19 14 -16 17 0 0 0 0 0 0 0 0 0 0 0 0 0 0 0 0 0 0 0 0 0 0 4 -21 1 -18 0 -19 -3 -20 -5 -19 -8 -19 -9 -19 -11 -19 -11 -17 -14 -18 -13 -14 -19 -11 -18 -12 -18 -11 -16 -6 -14 -4 -15 -1 -10 -1 -12 4 -7 7 -3 10 -2 12 -1 12 -2 18 3 19 3 17 ],2025-05-07_20-07-57-480
CSI_DATA,PASSIVE,5C:E9:31:E8:F4:66,-76,11,0,0,0,0,0,0,0,0,0,-96,0,11,0,2297550905,0,128,0,0,2297.76,128,[-128 0 8 0 18 -7 23 -8 18 -6 21 -7 19 -4 23 -2 20 2 21 4 25 6 23 8 23 12 23 11 25 16 23 20 23 19 23 21 23 23 22 24 18 23 17 19 17 20 16 17 17 15 15 12 17 7 0 0 0 0 0 0 0 0 0 0 0 0 0 0 0 0 0 0 0 0 0 0 -17 0 -15 -2 -16 -1 -17 4 -18 6 -19 5 -15 10 -15 10 -13 11 -10 13 -9 17 -13 12 -10 15 -9 15 -8 15 -2 11 1 9 4 13 5 8 7 5 7 3 11 2 7 -2 12 -4 16 -4 17 -8 ],2025-05-07_20-07-57-485
CSI_DATA,PASSIVE,5C:E9:31:E8:F4:66,-77,11,0,0,0,0,0,0,0,0,0,-96,0,11,0,2297551118,0,158,0,0,2297.77,128,[-98 -32 9 0 14 16 17 17 11 17 9 15 8 19 7 21 3 23 2 24 -3 22 -5 25 -7 25 -12 26 -11 27 -17 28 -17 28 -18 27 -21 28 -20 25 -18 24 -16 22 -15 20 -10 22 -13 21 -10 20 -8 18 0 0 0 0 0 0 0 0 0 0 0 0 0 0 0 0 0 0 0 0 0 0 -5 -18 -4 -18 -6 -18 -9 -15 -11 -14 -12 -13 -14 -12 -16 -12 -15 -10 -17 -8 -18 -7 -18 -5 -19 1 -15 -2 -14 1 -14 0 -14 1 -10 3 -8 7 -3 10 0 13 1 10 4 11 4 14 12 13 13 12 ],2025-05-07_20-07-57-490
CSI_DATA,PASSIVE,5C:E9:31:E8:E9:4E,-89,11,0,0,0,0,0,0,0,0,0,-96,0,11,0,2297627707,0,190,0,0,2297.79,128,[-66 -32 11 0 1 1 -4 -1 -2 0 -1 3 -8 12 -8 12 -6 9 -7 8 -5 13 1 13 -7 17 1 21 -3 15 -9 15 -6 17 3 24 -3 18 -7 14 -19 23 -9 14 -15 16 -14 14 -6 15 -13 5 -8 6 0 0 0 0 0 0 0 0 0 0 0 0 0 0 0 0 0 0 0 0 0 0 0 8 -8 8 -7 5 -6 3 3 -1 7 9 3 4 7 9 5 7 15 6 12 11 7 8 18 8 9 11 19 10 18 12 7 7 11 9 12 -1 9 -2 6 -6 12 -4 14 -1 7 -12 5 -1 1 -9 ],2025-05-07_20-07-57-519
CSI_DATA,PASSIVE,5C:E9:31:E8:E9:4E,-90,11,0,0,0,0,0,0,0,0,0,-96,0,11,0,2297628558,0,210,0,0,2297.8,128,[-46 32 13 0 3 6 10 -1 -3 5 9 1 11 -2 9 2 19 5 9 -8 14 2 14 2 16 -6 16 2 16 -4 21 -1 21 2 26 2 21 1 14 5 24 9 18 12 18 0 9 14 15 16 12 8 14 12 0 0 0 0 0 0 0 0 0 0 0 0 0 0 0 0 0 0 0 0 0 0 8 -12 -1 -4 -1 -7 0 -13 2 -9 2 -6 -3 -11 -3 -14 -8 -16 0 -13 -12 -14 -10 -11 -9 -9 -13 -22 -10 -14 -11 -17 -9 -5 -8 -6 -7 0 -14 -4 -3 -12 -4 0 -10 -2 -4 -4 7 -8 -16 1 ],2025-05-07_20-07-57-524
CSI_DATA,PASSIVE,5C:E9:31:E8:E9:4E,-88,11,0,0,0,0,0,0,0,0,0,-96,0,11,0,2297635755,0,246,0,0,2297.8,128,[-10 96 15 0 1 -3 -5 6 1 3 -5 0 -2 17 -11 3 -5 19 -1 16 2 2 3 7 5 11 0 24 5 19 -2 24 -2 16 0 25 -13 24 -4 22 -4 15 -11 15 -14 13 -10 14 -15 11 -15 13 -16 4 0 0 0 0 0 0 0 0 0 0 0 0 0 0 0 0 0 0 0 0 0 0 2 7 7 5 9 1 7 -5 3 -6 10 -5 8 2 11 3 26 -11 9 -8 10 -5 19 -13 22 -11 15 -14 11 -9 8 -10 9 -12 9 -13 6 -9 6 -9 9 -10 9 -22 6 -4 -7 -1 -8 -5 2 -5 ],2025-05-07_20-07-57-529
CSI_DATA,PASSIVE,5C:E9:31:E8:F4:66,-77,11,0,0,0,0,0,0,0,0,0,-96,0,11,0,2297651615,0,94,0,0,2297.82,128,[94 -32 5 0 2 -19 0 -18 5 -18 5 -22 7 -18 11 -17 8 -19 13 -16 17 -14 21 -16 30 -14 21 -4 23 -9 32 -4 27 0 33 -6 28 2 38 3 20 -1 29 -3 26 1 24 -2 21 1 19 0 19 -4 0 0 0 0 0 0 0 0 0 0 0 0 0 0 0 0 0 0 0 0 0 0 -1 16 1 14 2 17 4 14 3 14 6 16 13 16 16 15 9 19 14 18 21 16 21 13 20 10 13 14 15 12 16 6 15 5 11 5 14 2 13 -6 9 -11 5 -10 7 -10 3 -11 4 -18 1 -16 ],2025-05-07_20-07-57-543
CSI_DATA,PASSIVE,5C:E9:31:E8:F4:66,-77,11,0,0,0,0,0,0,0,0,0,-96,0,11,0,2297651784,0,125,0,0,2297.82,128,[125 -48 7 0 18 2 21 5 19 6 18 5 18 11 15 10 16 12 13 16 17 14 15 20 12 26 6 21 6 32 7 27 10 30 -1 23 -2 23 3 33 -7 32 1 21 -1 25 -8 23 1 19 -3 19 8 17 0 0 0 0 0 0 0 0 0 0 0 0 0 0 0 0 0 0 0 0 0 0 -19 -7 -16 -6 -17 -2 -17 5 -21 3 -15 4 -13 9 -15 10 -15 16 -20 12 -16 6 -19 8 -15 14 -11 12 -6 9 -5 13 -8 15 -1 14 0 9 4 12 5 7 6 7 12 7 15 5 14 4 15 0 ],2025-05-07_20-07-57-548
CSI_DATA,PASSIVE,5C:E9:31:E8:F4:66,-77,11,0,0,0,0,0,0,0,0,0,-96,0,11,0,2297651993,0,145,0,0,2297.83,128,[-111 16 9 0 6 -23 7 -20 8 -20 10 -24 11 -22 12 -20 12 -17 20 -17 20 -14 23 -12 27 -11 29 -8 33 -7 37 -3 32 -4 35 1 30 -1 34 4 30 4 29 2 27 2 23 3 24 1 20 -5 19 -2 0 0 0 0 0 0 0 0 0 0 0 0 0 0 0 0 0 0 0 0 0 0 -6 18 -1 17 2 19 4 18 4 19 9 19 10 19 19 18 16 18 17 21 18 20 17 16 19 12 15 12 16 12 15 5 10 4 12 2 13 3 14 -2 10 -7 5 -5 4 -13 3 -13 3 -19 6 -16 ],2025-05-07_20-07-57-554
CSI_DATA,PASSIVE,5C:E9:31:E8:F4:66,-77,11,0,0,0,0,0,0,0,0,0,-96,0,11,0,2297652230,0,108,0,0,2297.83,128,[108 -64 6 0 1 -22 6 -21 4 -25 8 -23 10 -21 10 -26 11 -19 16 -18 20 -15 23 -15 26 -15 26 -13 30 -16 29 -9 29 -8 29 -9 37 -4 35 -1 29 -5 26 -3 26 -6 24 -5 21 -8 22 -9 18 -8 0 0 0 0 0 0 0 0 0 0 0 0 0 0 0 0 0 0 0 0 0 0 -8 17 -7 15 0 13 -4 19 2 20 6 18 10 23 8 21 12 21 13 20 17 22 16 24 14 17 13 17 15 14 15 8 11 5 9 2 10 -1 12 -4 11 -6 8 -9 7 -10 3 -11 4 -17 4 -15 ],2025-05-07_20-07-57-559
CSI_DATA,PASSIVE,5C:E9:31:E8:F4:66,-77,11,0,0,0,0,0,0,0,0,0,-96,0,11,0,2297652415,0,190,0,0,2297.84,128,[-66 -32 11 0 8 -17 14 -16 16 -14 13 -18 19 -16 18 -15 20 -10 23 -9 23 -9 23 -6 28 -6 30 3 30 7 27 9 26 14 31 15 33 15 28 16 28 16 27 14 24 14 20 8 24 7 18 7 19 6 0 0 0 0 0 0 0 0 0 0 0 0 0 0 0 0 0 0 0 0 0 0 -11 13 -7 17 -7 17 -5 16 -2 18 -3 18 -1 24 4 22 4 22 11 20 10 25 11 22 7 19 9 19 8 16 10 12 13 11 11 10 12 5 11 6 14 0 8 -2 13 -10 11 -12 9 -14 12 -16 ],2025-05-07_20-07-57-564
CSI_DATA,PASSIVE,5C:E9:31:E8:F4:66,-77,11,0,0,0,0,0,0,0,0,0,-96,0,11,0,2297652712,0,210,0,0,2297.84,128,[-46 32 13 0 -19 -14 -15 -14 -15 -14 -14 -18 -13 -16 -11 -23 -6 -23 0 -17 4 -18 6 -26 3 -24 11 -25 13 -23 17 -28 16 -26 19 -24 21 -20 23 -20 25 -20 19 -17 18 -15 15 -17 14 -16 13 -15 10 -15 0 0 0 0 0 0 0 0 0 0 0 0 0 0 0 0 0 0 0 0 0 0 13 11 12 8 15 7 13 5 20 2 18 1 20 -2 19 -2 21 -3 22 -2 22 -9 21 -7 19 -9 15 -4 14 -8 16 -12 12 -12 4 -9 5 -12 6 -12 2 -13 -2 -14 -9 -12 -11 -15 -11 -13 -12 -13 ],2025-05-07_20-07-57-570
CSI_DATA,PASSIVE,5C:E9:31:E8:F4:66,-77,11,0,0,0,0,0,0,0,0,0,-96,0,11,0,2297653033,0,246,0,0,2297.85,128,[-10 96 15 0 12 18 13 16 15 20 13 22 9 17 7 24 5 20 0 24 -1 24 -3 25 -4 25 -8 27 -14 27 -12 30 -19 27 -19 25 -21 26 -19 25 -18 24 -20 22 -16 23 -16 20 -13 19 -9 17 -9 14 0 0 0 0 0 0 0 0 0 0 0 0 0 0 0 0 0 0 0 0 0 0 -10 -15 -9 -15 -14 -13 -14 -14 -16 -11 -17 -11 -20 -11 -22 -4 -23 -8 -27 -6 -23 -5 -23 -3 -24 1 -19 -2 -20 2 -18 3 -16 6 -12 9 -12 9 -6 11 -1 12 -2 10 5 13 8 15 11 14 9 15 ],2025-05-07_20-07-57-576
CSI_DATA,PASSIVE,5C:E9:31:E8:F4:66,-77,11,0,0,0,0,0,0,0,0,0,-96,0,11,0,2297653402,0,128,0,0,2297.86,128,[-128 0 8 0 18 15 18 13 15 16 17 18 15 18 12 24 9 23 3 21 0 21 2 27 -2 28 -8 33 -5 31 -11 28 -17 30 -14 29 -16 29 -13 29 -16 23 -14 26 -12 25 -12 25 -9 21 -10 16 -5 14 0 0 0 0 0 0 0 0 0 0 0 0 0 0 0 0 0 0 0 0 0 0 -8 -16 -9 -16 -12 -14 -14 -13 -19 -12 -18 -9 -20 -8 -21 -7 -23 -3 -25 -5 -25 -5 -27 -3 -25 0 -21 2 -21 4 -20 6 -14 7 -12 6 -8 9 -6 9 0 11 2 11 6 12 5 11 11 16 10 12 ],2025-05-07_20-07-57-581
CSI_DATA,PASSIVE,5C:E9:31:E8:E9:4E,-88,11,0,0,0,0,0,0,0,0,0,-96,0,11,0,2297676094,0,158,0,0,2297.86,128,[-98 -32 9 0 -5 -5 -1 0 -4 -3 -16 -5 -14 0 -1 2 -5 9 -10 6 -2 5 -11 9 -3 12 -6 13 -3 9 -14 15 -7 20 -10 18 -28 21 -17 17 -20 12 -16 13 -17 5 -17 -1 -17 -1 -15 0 -11 2 0 0 0 0 0 0 0 0 0 0 0 0 0 0 0 0 0 0 0 0 0 0 -4 7 5 6 6 -3 2 3 12 -1 5 0 9 2 7 -6 9 -8 23 1 15 -7 15 -2 11 -9 17 -5 22 -3 13 1 9 -4 13 -5 10 -4 8 -15 16 -13 5 -19 3 -11 2 -5 -1 -8 -2 -6 ],2025-05-07_20-07-57-587
CSI_DATA,PASSIVE,5C:E9:31:E8:E9:4E,-89,11,0,0,0,0,0,0,0,0,0,-96,0,11,0,2297728708,0,120,0,0,2297.9,128,[120 -128 7 0 2 5 9 2 13 4 13 3 7 1 10 4 5 7 7 -7 12 -5 13 0 13 -13 23 -4 26 -9 17 -14 18 -13 22 0 17 -4 17 -3 17 4 19 4 16 8 16 2 6 5 11 4 12 11 0 0 0 0 0 0 0 0 0 0 0 0 0 0 0 0 0 0 0 0 0 0 3 -9 -8 -8 0 -1 -8 -10 -8 -2 -13 2 -14 -3 -17 -5 -18 -3 -17 3 -14 5 -24 -7 -25 -2 -16 -3 -20 -8 -20 0 -20 1 -17 -4 -13 -3 -9 3 -19 1 -9 4 -5 2 -6 3 -1 7 -2 1 ],2025-05-07_20-07-57-620
CSI_DATA,PASSIVE,5C:E9:31:E8:F4:66,-77,11,0,0,0,0,0,0,0,0,0,-96,0,11,0,2297754281,0,98,0,0,2297.92,128,[98 32 6 0 -21 -12 -21 -11 -15 -15 -19 -17 -17 -19 -14 -17 -15 -23 -13 -23 -9 -22 -8 -24 -6 -32 6 -31 3 -35 9 -32 9 -32 9 -32 11 -32 12 -33 13 -32 12 -23 14 -28 10 -30 10 -22 9 -24 7 -17 0 0 0 0 0 0 0 0 0 0 0 0 0 0 0 0 0 0 0 0 0 0 11 10 11 11 14 8 15 9 13 4 18 0 22 -3 23 -3 17 -7 25 -3 24 -6 17 -11 17 -15 18 -18 19 -10 12 -17 10 -16 7 -15 4 -15 0 -14 1 -14 -6 -14 -9 -10 -10 -12 -12 -14 -18 -8 ],2025-05-07_20-07-57-647
CSI_DATA,PASSIVE,5C:E9:31:E8:F4:66,-77,11,0,0,0,0,0,0,0,0,0,-96,0,11,0,2297754454,0,94,0,0,2297.93,128,[94 -32 5 0 -1 23 -2 23 -6 21 -4 25 -4 18 -9 23 -12 22 -15 17 -20 17 -22 18 -23 19 -30 11 -28 13 -29 16 -35 11 -36 6 -35 7 -32 2 -34 4 -30 3 -30 4 -26 -2 -25 3 -22 3 -21 6 0 0 0 0 0 0 0 0 0 0 0 0 0 0 0 0 0 0 0 0 0 0 -1 -18 2 -18 -8 -15 -5 -17 -9 -18 -9 -14 -14 -17 -15 -14 -20 -14 -21 -12 -24 -13 -22 -11 -25 -10 -23 -9 -24 -7 -22 -4 -19 1 -16 0 -15 3 -13 7 -15 8 -12 13 -7 13 -5 16 -6 15 -4 19 ],2025-05-07_20-07-57-652
CSI_DATA,PASSIVE,5C:E9:31:E8:F4:66,-76,11,0,0,0,0,0,0,0,0,0,-96,0,11,0,2297754623,0,128,0,0,2297.93,128,[-128 0 8 0 -19 5 -20 1 -24 -2 -21 -2 -23 -6 -19 -6 -23 -9 -24 -11 -22 -12 -21 -19 -18 -23 -24 -31 -19 -28 -20 -26 -16 -33 -12 -31 -12 -30 -5 -30 -9 -26 -6 -30 -9 -29 -7 -27 -5 -25 -5 -24 -14 -18 0 0 0 0 0 0 0 0 0 0 0 0 0 0 0 0 0 0 0 0 0 0 18 -3 16 -4 15 -3 14 -5 13 -12 13 -12 12 -14 10 -12 8 -19 9 -20 6 -24 9 -23 5 -24 7 -21 -2 -24 -1 -22 -3 -21 -2 -19 -4 -13 -7 -9 -16 -7 -10 -9 -15 -3 -13 -6 -15 -5 -20 -2 ],2025-05-07_20-07-57-658
CSI_DATA,PASSIVE,5C:E9:31:E8:F4:66,-76,11,0,0,0,0,0,0,0,0,0,-96,0,11,0,2297754836,0,734,0,0,2297.94,128,[-34 -30 45 0 2 -25 2 -19 3 -22 1 -22 6 -21 7 -18 7 -21 11 -21 18 -18 13 -18 21 -15 24 -16 25 -15 24 -15 28 -14 30 -12 30 -12 29 -8 30 -8 28 -7 24 -8 22 -7 21 -6 19 -10 15 -6 0 0 0 0 0 0 0 0 0 0 0 0 0 0 0 0 0 0 0 0 0 0 -4 15 -2 15 0 15 2 15 0 12 7 14 9 16 11 14 11 13 16 13 20 13 17 12 17 8 16 10 16 7 16 2 13 0 15 1 14 -4 12 -6 9 -9 6 -10 6 -12 8 -14 2 -18 1 -16 ],2025-05-07_20-07-57-663
CSI_DATA,PASSIVE,5C:E9:31:E8:F4:66,-76,11,0,0,0,0,0,0,0,0,0,-96,0,11,0,2297755857,0,158,0,0,2297.94,128,[-98 -32 9 0 15 -10 19 -9 18 -7 19 -7 21 -3 19 -4 21 -1 19 0 21 1 20 8 20 9 24 14 21 15 21 20 20 23 20 22 17 24 17 24 14 23 16 23 13 20 13 19 12 16 12 13 12 12 0 0 0 0 0 0 0 0 0 0 0 0 0 0 0 0 0 0 0 0 0 0 -17 7 -14 5 -12 10 -10 13 -8 12 -7 14 -6 16 -5 18 -1 20 0 19 1 21 2 20 4 23 5 20 6 21 5 16 6 15 7 13 9 8 8 4 10 2 14 3 14 -2 12 -1 15 -5 17 -8 ],2025-05-07_20-07-57-668
CSI_DATA,PASSIVE,5C:E9:31:E8:F4:66,-77,11,0,0,0,0,0,0,0,0,0,-96,0,11,0,2297756110,0,402,0,0,2297.95,128,[-110 33 25 0 -11 -20 -8 -21 -9 -22 -7 -22 -4 -24 -1 -23 4 -24 4 -21 9 -25 11 -24 13 -22 16 -24 17 -26 20 -23 23 -21 27 -18 28 -20 28 -19 28 -15 25 -14 25 -13 22 -14 21 -12 17 -13 15 -16 0 0 0 0 0 0 0 0 0 0 0 0 0 0 0 0 0 0 0 0 0 0 7 16 8 13 11 13 12 11 15 11 16 5 19 6 21 6 20 3 24 0 25 -3 22 -4 27 -5 23 -4 17 -6 18 -5 15 -10 12 -12 9 -10 7 -10 4 -13 1 -14 0 -15 -1 -16 -7 -18 -5 -18 ],2025-05-07_20-07-57-674
CSI_DATA,PASSIVE,5C:E9:31:E8:F4:66,-77,11,0,0,0,0,0,0,0,0,0,-96,0,11,0,2297756687,0,158,0,0,2297.95,128,[-98 -32 9 0 -15 15 -10 12 -16 14 -17 13 -19 12 -19 12 -20 6 -19 5 -22 0 -21 -1 -22 -3 -23 -4 -27 -11 -24 -14 -27 -14 -26 -15 -27 -15 -25 -18 -25 -17 -20 -17 -21 -15 -20 -14 -18 -11 -18 -11 -13 -9 0 0 0 0 0 0 0 0 0 0 0 0 0 0 0 0 0 0 0 0 0 0 9 -16 3 -16 3 -15 3 -16 -1 -18 -3 -19 -7 -16 -9 -20 -8 -19 -11 -21 -17 -19 -13 -17 -16 -17 -18 -13 -13 -13 -13 -13 -16 -7 -16 -9 -8 -5 -11 -1 -12 3 -10 5 -10 8 -13 7 -13 14 -11 11 ],2025-05-07_20-07-57-681
CSI_DATA,PASSIVE,5C:E9:31:E8:F4:66,-77,11,0,0,0,0,0,0,0,0,0,-96,0,11,0,2297756940,0,158,0,0,2297.96,128,[-98 -32 9 0 13 21 14 16 9 19 9 20 6 20 5 20 -2 21 -4 26 -5 19 -7 24 -10 26 -15 27 -17 26 -20 24 -21 26 -22 26 -24 24 -23 22 -24 21 -22 19 -23 20 -17 18 -15 16 -14 15 -12 14 0 0 0 0 0 0 0 0 0 0 0 0 0 0 0 0 0 0 0 0 0 0 -9 -19 -11 -15 -9 -13 -13 -13 -12 -8 -15 -10 -17 -8 -22 -5 -19 -3 -22 -1 -24 -3 -24 2 -29 1 -24 3 -19 4 -19 4 -17 9 -14 8 -12 11 -9 7 -5 15 -2 12 1 12 5 12 4 17 7 20 ],2025-05-07_20-07-57-686
CSI_DATA,PASSIVE,5C:E9:31:E8:F4:66,-77,11,0,0,0,0,0,0,0,0,0,-96,0,11,0,2297757193,0,128,0,0,2297.97,128,[-128 0 8 0 22 -8 22 -9 24 -3 23 -9 19 -5 22 -3 19 3 20 3 23 5 23 6 19 10 22 18 22 20 22 24 20 20 20 25 15 26 14 26 15 24 14 24 13 23 11 24 13 18 10 15 14 15 0 0 0 0 0 0 0 0 0 0 0 0 0 0 0 0 0 0 0 0 0 0 -15 11 -13 14 -11 13 -9 13 -10 16 -6 17 4 13 -1 18 -1 17 6 23 -4 17 4 26 5 25 8 22 11 12 8 18 7 17 8 11 7 12 9 7 16 3 12 -1 12 -2 16 -8 14 -5 16 -5 ],2025-05-07_20-07-57-691
CSI_DATA,PASSIVE,5C:E9:31:E8:F4:66,-77,11,0,0,0,0,0,0,0,0,0,-96,0,11,0,2297757406,0,222,0,0,2297.97,128,[-34 -32 13 0 10 16 11 15 9 17 5 20 4 19 3 22 0 20 -5 19 -5 20 -6 23 -12 21 -16 21 -17 21 -18 21 -22 21 -21 17 -26 16 -24 19 -25 15 -21 14 -22 13 -20 13 -18 12 -15 11 -12 10 0 0 0 0 0 0 0 0 0 0 0 0 0 0 0 0 0 0 0 0 0 0 -10 -14 -11 -11 -12 -11 -12 -10 -15 -7 -18 -5 -17 -5 -18 -1 -20 -2 -20 4 -22 1 -21 4 -23 5 -19 1 -17 6 -17 8 -14 8 -12 10 -8 12 -8 11 -3 14 -3 11 2 13 3 14 7 13 7 12 ],2025-05-07_20-07-57-697
CSI_DATA,PASSIVE,5C:E9:31:E8:F4:66,-77,11,0,0,0,0,0,0,0,0,0,-96,0,11,0,2297856592,0,154,0,0,2298.02,128,[-102 -96 9 0 20 3 21 6 23 7 24 7 21 8 18 12 20 14 17 18 13 15 9 21 14 26 11 27 8 29 8 29 6 35 5 30 1 31 3 32 4 29 1 28 0 27 2 19 3 19 4 17 5 17 0 0 0 0 0 0 0 0 0 0 0 0 0 0 0 0 0 0 0 0 0 0 -16 -5 -18 -4 -14 -4 -16 0 -16 1 -17 5 -17 9 -16 9 -16 12 -17 15 -12 14 -17 13 -15 15 -13 16 -11 18 -11 19 -6 14 -4 12 1 13 3 11 6 6 10 11 11 7 11 5 14 0 16 4 ],2025-05-07_20-07-57-748
CSI_DATA,PASSIVE,5C:E9:31:E8:F4:66,-77,11,0,0,0,0,0,0,0,0,0,-96,0,11,0,2297856841,0,94,0,0,2298.03,128,[94 -32 5 0 -14 14 -15 14 -18 17 -18 15 -17 12 -19 11 -22 10 -25 10 -27 2 -26 4 -28 2 -31 -5 -31 -8 -29 -8 -27 -7 -33 -12 -30 -14 -26 -14 -28 -15 -27 -14 -25 -10 -24 -10 -19 -6 -22 -5 -20 -2 0 0 0 0 0 0 0 0 0 0 0 0 0 0 0 0 0 0 0 0 0 0 12 -12 11 -10 8 -15 4 -15 5 -15 3 -17 1 -20 0 -19 -4 -18 -6 -20 -6 -23 -6 -21 -6 -19 -7 -18 -12 -16 -10 -13 -14 -10 -14 -10 -16 -2 -10 3 -11 2 -11 5 -13 6 -12 11 -12 13 -14 8 ],2025-05-07_20-07-57-755
CSI_DATA,PASSIVE,5C:E9:31:E8:F4:66,-76,11,0,0,0,0,0,0,0,0,0,-96,0,11,0,2297857010,0,174,0,0,2298.03,128,[-82 -32 10 0 -23 -6 -18 -14 -17 -13 -18 -14 -16 -16 -16 -14 -16 -19 -10 -18 -14 -12 -13 -26 -6 -28 -8 -31 -3 -31 1 -31 -2 -34 1 -32 2 -30 1 -32 5 -29 5 -26 1 -26 1 -22 0 -20 -3 -17 0 -20 0 0 0 0 0 0 0 0 0 0 0 0 0 0 0 0 0 0 0 0 0 0 13 7 11 6 11 5 16 3 15 3 18 -3 18 -4 17 -7 17 -9 15 -11 19 -9 19 -13 18 -12 15 -14 13 -15 13 -19 7 -16 4 -12 -3 -15 2 -9 -5 -11 -10 -12 -9 -13 -12 -10 -16 -10 -17 -13 ],2025-05-07_20-07-57-760
CSI_DATA,PASSIVE,5C:E9:31:E8:F4:66,-76,11,0,0,0,0,0,0,0,0,0,-96,0,11,0,2297857283,0,487,0,0,2298.04,128,[-25 113 30 0 -17 -17 -10 -20 -7 -19 -9 -18 -4 -22 -5 -28 -4 -26 2 -25 0 -21 1 -25 5 -28 11 -30 9 -25 8 -32 17 -32 19 -26 20 -26 17 -26 22 -25 16 -20 10 -24 13 -19 12 -18 7 -18 3 -15 0 0 0 0 0 0 0 0 0 0 0 0 0 0 0 0 0 0 0 0 0 0 4 17 9 12 8 10 7 9 14 8 14 8 17 6 17 4 18 2 22 2 21 1 23 -2 19 -1 21 0 16 -1 12 -4 12 -9 10 -7 6 -13 9 -11 2 -12 -1 -14 -8 -16 -11 -16 -9 -19 -11 -13 ],2025-05-07_20-07-57-766
CSI_DATA,PASSIVE,5C:E9:31:E8:F4:66,-76,11,0,0,0,0,0,0,0,0,0,-96,0,11,0,2297857976,0,507,0,0,2298.05,128,[-5 -79 31 0 -21 8 -19 4 -19 0 -25 3 -19 3 -26 2 -21 -1 -20 -4 -22 -7 -26 -12 -22 -16 -23 -17 -26 -15 -25 -19 -22 -22 -23 -25 -20 -23 -19 -26 -17 -23 -18 -21 -14 -20 -15 -18 -15 -16 -12 -11 -17 -13 0 0 0 0 0 0 0 0 0 0 0 0 0 0 0 0 0 0 0 0 0 0 15 -3 17 -3 16 -5 10 -4 14 -10 11 -12 9 -10 8 -15 9 -12 12 -20 8 -19 8 -17 6 -25 1 -16 -4 -18 3 -14 -6 -13 -7 -12 -11 -8 -11 -8 -10 -9 -9 -1 -13 -2 -15 -1 -17 2 -19 3 ],2025-05-07_20-07-57-772
CSI_DATA,PASSIVE,5C:E9:31:E8:F4:66,-77,11,0,0,0,0,0,0,0,0,0,-96,0,11,0,2297858693,0,128,0,0,2298.05,128,[-128 0 8 0 16 17 18 21 12 19 15 21 9 16 7 18 4 27 6 25 5 23 -2 27 -6 28 -10 31 -13 31 -15 28 -17 29 -23 31 -22 27 -20 30 -19 24 -17 24 -20 21 -13 20 -11 21 -10 17 -6 18 0 0 0 0 0 0 0 0 0 0 0 0 0 0 0 0 0 0 0 0 0 0 -11 -13 -13 -16 -11 -11 -15 -13 -19 -5 -18 -6 -16 -1 -19 -4 -22 -1 -23 -1 -23 1 -24 4 -19 7 -21 6 -15 10 -16 11 -14 11 -9 12 -5 12 -6 14 0 12 0 15 6 11 5 13 9 17 13 19 ],2025-05-07_20-07-57-777
CSI_DATA,PASSIVE,5C:E9:31:E8:F4:66,-77,11,0,0,0,0,0,0,0,0,0,-96,0,11,0,2297858906,0,217,0,0,2298.06,128,[-39 -112 13 0 -4 18 -5 23 -7 18 -8 23 -7 23 -10 20 -15 20 -16 19 -19 17 -22 12 -26 15 -24 14 -26 10 -30 10 -32 10 -31 8 -31 6 -32 6 -28 5 -27 8 -25 2 -21 4 -18 6 -20 8 -13 5 0 0 0 0 0 0 0 0 0 0 0 0 0 0 0 0 0 0 0 0 0 0 5 -14 6 -12 2 -16 2 -12 -1 -15 -3 -17 -5 -19 -8 -21 -12 -16 -13 -18 -13 -20 -15 -13 -18 -12 -16 -10 -17 -11 -13 -10 -13 -5 -13 -4 -10 3 -10 6 -8 7 -11 9 -6 9 -6 13 -4 14 -3 15 ],2025-05-07_20-07-57-783
CSI_DATA,PASSIVE,5C:E9:31:E8:F4:66,-77,11,0,0,0,0,0,0,0,0,0,-96,0,11,0,2297859452,0,161,0,0,2298.06,128,[-95 16 10 0 -17 12 -22 7 -25 8 -25 9 -24 3 -24 4 -23 3 -27 -2 -23 -7 -27 -7 -28 -10 -29 -13 -30 -19 -28 -19 -26 -27 -27 -26 -26 -24 -26 -24 -26 -24 -20 -21 -18 -19 -20 -18 -17 -14 -19 -10 -18 -10 0 0 0 0 0 0 0 0 0 0 0 0 0 0 0 0 0 0 0 0 0 0 15 -5 16 -10 14 -10 13 -13 12 -14 9 -14 7 -18 6 -18 7 -22 6 -24 2 -22 -1 -22 2 -24 -2 -21 -1 -20 -3 -19 -6 -14 -12 -8 -11 -10 -14 -9 -14 -8 -11 -3 -16 3 -16 9 -18 7 -17 3 ],2025-05-07_20-07-57-789
CSI_DATA,PASSIVE,5C:E9:31:E8:F4:66,-76,11,0,0,0,0,0,0,0,0,0,-96,0,11,0,2297859708,0,141,0,0,2298.07,128,[-115 -48 8 0 -17 -19 -17 -14 -10 -16 -8 -20 -8 -17 -6 -22 -8 -22 -1 -24 0 -26 -1 -24 11 -28 11 -25 13 -25 16 -25 17 -23 20 -25 21 -24 18 -21 21 -22 21 -20 18 -18 14 -18 10 -16 11 -15 7 -18 0 0 0 0 0 0 0 0 0 0 0 0 0 0 0 0 0 0 0 0 0 0 11 10 6 11 11 7 15 5 17 6 15 4 17 2 18 1 17 -1 17 -3 19 -3 18 -3 21 -6 16 -6 15 -9 15 -12 12 -10 6 -10 7 -16 5 -14 -3 -17 -4 -17 -2 -15 -9 -13 -9 -15 -12 -18 ],2025-05-07_20-07-57-794
CSI_DATA,PASSIVE,5C:E9:31:E8:F4:66,-76,11,0,0,0,0,0,0,0,0,0,-96,0,11,0,2297859937,0,190,0,0,2298.07,128,[-66 -32 11 0 -2 -22 -6 -27 -2 -21 -2 -20 2 -22 3 -22 8 -23 9 -21 9 -26 15 -21 15 -19 19 -19 22 -19 23 -17 24 -16 28 -19 26 -15 26 -12 26 -12 23 -10 23 -12 23 -14 19 -10 17 -12 15 -10 0 0 0 0 0 0 0 0 0 0 0 0 0 0 0 0 0 0 0 0 0 0 1 15 2 13 4 15 4 13 8 11 10 14 13 9 16 11 17 10 16 7 21 6 22 3 20 3 17 2 16 2 17 -2 11 -3 12 -6 9 -7 11 -13 7 -12 5 -14 4 -14 0 -12 -6 -17 -5 -19 ],2025-05-07_20-07-57-800
CSI_DATA,PASSIVE,5C:E9:31:E8:F4:66,-76,11,0,0,0,0,0,0,0,0,0,-96,0,11,0,2297862688,0,627,0,0,2298.08,128,[115 50 39 0 -6 -21 -6 -25 -3 -20 -1 -24 -2 -24 1 -22 2 -25 5 -24 8 -20 10 -26 15 -26 18 -24 18 -23 19 -24 24 -23 27 -21 28 -19 30 -17 24 -15 24 -15 23 -17 18 -14 14 -16 12 -14 11 -14 0 0 0 0 0 0 0 0 0 0 0 0 0 0 0 0 0 0 0 0 0 0 -1 16 2 12 3 10 5 14 11 10 10 10 16 11 14 9 17 10 18 6 20 9 20 4 21 5 19 4 19 1 19 1 14 -4 12 -8 13 -7 5 -9 4 -12 6 -11 1 -17 2 -15 -1 -18 -1 -19 ],2025-05-07_20-07-57-806
CSI_DATA,PASSIVE,5C:E9:31:E8:E9:4E,-89,11,0,0,0,0,0,0,0,0,0,-96,0,11,0,2297943313,0,190,0,0,2298.11,128,[-66 -32 11 0 9 -3 13 -4 8 4 3 -5 7 -1 1 -5 1 -8 -2 -9 4 -9 7 -15 -2 -13 6 -20 -8 -14 3 -15 9 -19 13 -28 12 -24 11 -25 18 -24 9 -15 17 -10 13 -13 11 -6 16 -5 14 1 0 0 0 0 0 0 0 0 0 0 0 0 0 0 0 0 0 0 0 0 0 0 -8 -7 -8 -6 -12 -6 -1 7 -8 4 -7 6 -14 -2 -22 5 -21 8 -17 7 -20 18 -13 12 -13 8 -19 3 -15 5 -11 8 -11 10 -9 5 -1 9 -5 9 -1 4 -9 3 -5 9 -5 5 5 1 1 3 ],2025-05-07_20-07-57-835
CSI_DATA,PASSIVE,5C:E9:31:E8:F4:66,-77,11,0,0,0,0,0,0,0,0,0,-96,0,11,0,2297958997,0,94,0,0,2298.13,128,[94 -32 5 0 -20 -6 -18 -10 -21 -9 -17 -12 -14 -10 -17 -19 -17 -17 -11 -20 -17 -22 -12 -24 -8 -25 -4 -30 -4 -31 -3 -33 1 -34 1 -32 4 -34 2 -33 1 -31 -2 -28 1 -29 -2 -25 -2 -23 -4 -21 -3 -18 0 0 0 0 0 0 0 0 0 0 0 0 0 0 0 0 0 0 0 0 0 0 7 11 9 9 11 7 10 7 14 1 15 2 17 1 12 1 16 -4 16 -9 16 -7 16 -7 13 -12 14 -10 14 -11 8 -11 6 -9 -1 -12 -1 -12 -2 -10 -6 -12 -7 -12 -12 -7 -12 -8 -18 -7 -16 -9 ],2025-05-07_20-07-57-851
CSI_DATA,PASSIVE,5C:E9:31:E8:F4:66,-77,11,0,0,0,0,0,0,0,0,0,-96,0,11,0,2297959165,0,734,0,0,2298.13,128,[-34 -30 45 0 5 -26 10 -26 9 -21 11 -24 13 -18 14 -22 14 -18 19 -20 23 -14 19 -19 24 -18 31 -14 33 -11 30 -10 38 -11 37 -6 36 -11 37 -7 34 -7 31 -9 30 -8 24 -8 22 -11 20 -9 19 -10 0 0 0 0 0 0 0 0 0 0 0 0 0 0 0 0 0 0 0 0 0 0 -10 11 -8 12 -6 12 -7 16 -3 14 3 17 0 17 6 14 6 19 8 18 10 21 12 18 13 15 12 12 15 10 14 5 9 4 10 3 13 -1 8 -4 7 -7 12 -10 11 -16 7 -15 2 -17 6 -21 ],2025-05-07_20-07-57-856
CSI_DATA,PASSIVE,5C:E9:31:E8:F4:66,-76,11,0,0,0,0,0,0,0,0,0,-96,0,11,0,2297960186,0,205,0,0,2298.14,128,[-51 -48 12 0 21 -8 22 -4 23 -4 20 -2 24 2 22 1 24 6 20 7 23 13 23 10 23 12 25 16 22 20 24 23 25 27 21 26 21 22 22 23 18 21 17 24 16 18 16 19 17 12 13 11 12 11 0 0 0 0 0 0 0 0 0 0 0 0 0 0 0 0 0 0 0 0 0 0 -12 -6 -13 -6 -13 -5 -17 0 -12 4 -13 6 -14 8 -16 5 -12 11 -10 16 -13 13 -7 16 -9 14 -10 16 -2 13 -5 10 -2 9 2 12 5 5 5 7 9 1 12 2 16 0 11 -3 15 -3 18 -3 ],2025-05-07_20-07-57-862
CSI_DATA,PASSIVE,5C:E9:31:E8:F4:66,-76,11,0,0,0,0,0,0,0,0,0,-96,0,11,0,2297960503,0,94,0,0,2298.14,128,[94 -32 5 0 21 4 22 6 22 8 24 8 19 12 17 16 19 17 15 20 18 19 15 26 13 27 13 30 8 33 11 36 7 36 9 37 8 34 3 39 5 32 4 32 5 33 9 26 6 23 6 19 8 16 0 0 0 0 0 0 0 0 0 0 0 0 0 0 0 0 0 0 0 0 0 0 -11 -12 -10 -12 -12 -9 -15 -8 -14 -2 -14 -2 -19 3 -20 1 -18 4 -19 6 -16 10 -18 13 -20 8 -17 10 -12 11 -8 12 -7 13 -3 11 2 10 3 7 4 8 12 7 15 11 15 7 16 10 21 9 ],2025-05-07_20-07-57-867
CSI_DATA,PASSIVE,5C:E9:31:E8:F4:66,-76,11,0,0,0,0,0,0,0,0,0,-96,0,11,0,2297960672,0,163,0,0,2298.15,128,[-93 48 10 0 -1 20 1 21 -4 22 -5 20 -11 21 -9 23 -12 20 -12 20 -13 17 -18 20 -22 19 -25 19 -29 18 -28 18 -32 16 -33 16 -31 16 -33 11 -28 12 -28 10 -23 11 -23 11 -21 11 -19 10 -17 12 0 0 0 0 0 0 0 0 0 0 0 0 0 0 0 0 0 0 0 0 0 0 9 -14 4 -14 2 -15 2 -15 -1 -16 -1 -13 -8 -15 -10 -15 -11 -13 -15 -14 -16 -14 -17 -12 -16 -9 -17 -9 -16 -8 -13 -5 -10 2 -11 0 -9 5 -9 6 -11 10 -8 11 -6 12 -5 15 -2 15 -4 18 ],2025-05-07_20-07-57-873
CSI_DATA,PASSIVE,5C:E9:31:E8:F4:66,-76,11,0,0,0,0,0,0,0,0,0,-96,0,11,0,2297960933,0,183,0,0,2298.15,128,[-73 112 11 0 19 -5 21 -5 18 -7 22 -3 23 -5 24 1 20 2 22 4 25 8 25 10 24 16 23 16 27 19 26 21 24 21 23 23 24 24 23 23 22 25 21 19 20 18 19 17 18 15 12 10 16 8 0 0 0 0 0 0 0 0 0 0 0 0 0 0 0 0 0 0 0 0 0 0 -16 0 -12 -2 -15 -1 -12 3 -16 7 -13 6 -12 8 -10 13 -11 12 -8 18 -6 16 -9 18 -8 15 -2 16 1 16 -4 15 4 13 7 10 9 5 11 5 10 3 13 1 9 -2 13 -6 14 -3 19 -5 ],2025-05-07_20-07-57-878
CSI_DATA,PASSIVE,5C:E9:31:E8:F4:66,-76,11,0,0,0,0,0,0,0,0,0,-96,0,11,0,2297961218,0,202,0,0,2298.16,128,[-54 -96 12 0 -19 11 -18 12 -18 10 -22 11 -24 8 -22 4 -22 5 -25 2 -29 -1 -23 -5 -29 -7 -31 -8 -32 -10 -29 -12 -33 -18 -32 -16 -32 -17 -30 -16 -28 -19 -27 -15 -24 -12 -23 -15 -22 -11 -21 -8 -19 -7 0 0 0 0 0 0 0 0 0 0 0 0 0 0 0 0 0 0 0 0 0 0 12 -4 12 -5 8 -8 9 -9 8 -10 6 -14 6 -16 2 -17 3 -19 -1 -20 -3 -19 -3 -21 -2 -16 -4 -17 -7 -14 -5 -12 -8 -9 -10 -10 -11 -7 -13 -1 -9 2 -15 2 -15 5 -15 8 -14 8 -18 10 ],2025-05-07_20-07-57-884
CSI_DATA,PASSIVE,5C:E9:31:E8:F4:66,-76,11,0,0,0,0,0,0,0,0,0,-96,0,11,0,2297961531,0,94,0,0,2298.16,128,[94 -32 5 0 21 -1 19 0 22 -3 21 -3 18 1 19 5 19 9 18 12 18 17 20 16 19 21 22 20 16 27 20 29 17 26 17 31 15 30 15 29 12 30 10 28 10 26 10 22 11 19 10 16 14 15 0 0 0 0 0 0 0 0 0 0 0 0 0 0 0 0 0 0 0 0 0 0 -14 -3 -19 -1 -14 1 -11 2 -15 5 -14 8 -13 11 -12 12 -10 15 -9 16 -9 15 -7 17 -10 17 -5 16 -2 13 -2 12 0 13 4 12 7 8 9 6 14 3 13 2 15 -4 14 0 15 -3 17 1 ],2025-05-07_20-07-57-889
CSI_DATA,PASSIVE,5C:E9:31:E8:F4:66,-77,11,0,0,0,0,0,0,0,0,0,-96,0,11,0,2297961700,0,190,0,0,2298.17,128,[-66 -32 11 0 10 18 8 17 5 19 3 22 0 24 -1 21 -4 22 -6 23 -10 20 -11 25 -14 31 -18 22 -20 23 -22 25 -23 25 -24 24 -23 20 -26 21 -27 17 -23 16 -22 18 -18 17 -17 16 -16 13 -10 17 0 0 0 0 0 0 0 0 0 0 0 0 0 0 0 0 0 0 0 0 0 0 -3 -14 -3 -14 -5 -14 -9 -10 -10 -9 -12 -9 -13 -12 -13 -8 -17 -7 -20 -5 -18 -7 -21 0 -20 -1 -18 -1 -17 0 -14 5 -11 4 -9 6 -7 9 -6 10 -1 11 0 13 3 13 5 14 5 17 6 19 ],2025-05-07_20-07-57-895
CSI_DATA,PASSIVE,5C:E9:31:E8:F4:66,-77,11,0,0,0,0,0,0,0,0,0,-96,0,11,0,2297961997,0,210,0,0,2298.18,128,[-46 32 13 0 20 -4 21 -2 20 -1 19 2 20 3 21 3 22 7 21 12 21 14 21 16 21 19 21 23 18 22 19 27 18 26 18 27 17 27 15 29 15 30 12 27 14 25 12 21 14 17 15 16 12 12 0 0 0 0 0 0 0 0 0 0 0 0 0 0 0 0 0 0 0 0 0 0 -15 -5 -14 -4 -12 -2 -13 1 -14 4 -14 6 -13 7 -11 11 -15 11 -11 13 -9 17 -12 17 -11 17 -6 15 -4 16 -4 11 -3 12 1 11 5 8 4 7 10 5 10 5 13 3 15 -1 17 3 18 -2 ],2025-05-07_20-07-57-900
CSI_DATA,PASSIVE,5C:E9:31:E8:E9:4E,-87,11,0,0,0,0,0,0,0,0,0,-96,0,11,0,2297981268,0,133,0,0,2298.18,128,[-123 80 8 0 -2 -7 -11 3 3 -8 -18 -6 -8 2 -9 1 -14 6 -16 2 -14 4 -10 4 -15 11 -18 13 -12 14 -21 13 -26 10 -24 5 -26 6 -22 0 -18 0 -18 -4 -19 -5 -16 -11 -26 -11 -11 -9 -9 -4 0 0 0 0 0 0 0 0 0 0 0 0 0 0 0 0 0 0 0 0 0 0 -1 9 2 6 -5 9 6 7 15 -3 5 6 12 9 13 4 16 6 10 1 18 -4 17 2 13 2 11 6 15 -6 9 -2 15 10 17 0 10 0 3 -9 10 2 2 0 7 -3 -5 -10 7 -4 -2 -9 ],2025-05-07_20-07-57-905
CSI_DATA,PASSIVE,5C:E9:31:E8:E9:4E,-88,11,0,0,0,0,0,0,0,0,0,-96,0,11,0,2298022943,0,165,0,0,2298.19,128,[-91 80 10 0 -4 7 0 8 -1 1 7 2 11 3 7 7 7 2 5 -3 8 4 13 -6 16 -10 19 0 19 -3 19 -9 15 -8 22 2 20 2 22 -5 16 3 31 2 19 8 18 -2 18 4 12 9 10 10 0 0 0 0 0 0 0 0 0 0 0 0 0 0 0 0 0 0 0 0 0 0 2 -5 7 -8 10 -11 1 -12 0 -12 0 -8 -5 -10 -2 -18 -4 -9 1 -14 -9 -23 -5 -23 -4 -19 -7 -17 2 -21 -9 -19 1 -14 -11 -12 -6 -10 -10 -10 -8 -6 -10 -5 -9 -8 -9 -5 -3 3 -2 -3 ],2025-05-07_20-07-57-914
CSI_DATA,PASSIVE,5C:E9:31:E8:E9:4E,-88,11,0,0,0,0,0,0,0,0,0,-96,0,11,0,2298026344,0,185,0,0,2298.19,128,[-71 -112 11 0 -2 6 11 0 8 -9 8 -4 2 -3 9 -1 -2 -5 1 2 8 -16 2 -15 -1 -15 1 -20 7 -30 9 -20 8 -23 6 -17 18 -20 19 -15 13 -16 13 -20 16 -11 10 -11 11 -9 14 -3 18 -5 0 0 0 0 0 0 0 0 0 0 0 0 0 0 0 0 0 0 0 0 0 0 -3 -4 -5 -8 -2 -14 -5 -7 -11 -4 -9 1 -12 -9 -16 -14 -14 -9 -22 -9 -18 -9 -19 1 -17 -13 -23 -12 -27 2 -9 -5 -8 -5 -5 9 -4 7 -17 -1 -4 1 -5 3 -18 -3 -10 -6 -4 4 3 12 ],2025-05-07_20-07-57-921
CSI_DATA,PASSIVE,5C:E9:31:E8:E9:4E,-88,11,0,0,0,0,0,0,0,0,0,-96,0,11,0,2298048680,0,98,0,0,2298.22,128,[98 32 6 0 -2 -3 -3 0 9 -7 -9 -2 -12 -5 -11 2 -1 -3 -12 7 -7 4 -8 3 -8 9 -11 15 -8 12 -13 12 -16 13 -19 15 -19 12 -19 11 -10 14 -26 11 -19 1 -19 -1 -23 0 -21 0 -14 -3 0 0 0 0 0 0 0 0 0 0 0 0 0 0 0 0 0 0 0 0 0 0 -2 15 1 6 -2 1 5 3 15 6 9 1 9 8 12 10 15 6 15 3 19 4 14 6 15 -1 16 -1 10 0 22 6 14 -7 13 1 15 0 17 -5 9 1 9 -7 14 -2 3 -1 3 -2 -7 3 ],2025-05-07_20-07-57-940
CSI_DATA,PASSIVE,5C:E9:31:E8:E9:4E,-88,11,0,0,0,0,0,0,0,0,0,-96,0,11,0,2298049200,0,116,0,0,2298.22,128,[116 64 7 0 -7 -1 -1 -4 -10 0 -10 0 -7 3 -13 1 -7 2 -3 10 -8 7 -14 5 -5 19 -19 8 -20 14 -17 9 -25 15 -24 7 -26 4 -20 -3 -26 -5 -20 4 -23 -3 -12 -8 -7 -5 -11 -12 -12 -17 0 0 0 0 0 0 0 0 0 0 0 0 0 0 0 0 0 0 0 0 0 0 11 3 4 5 6 -6 1 3 6 -2 10 -9 7 -9 14 -12 9 -14 8 -7 13 -7 10 -8 24 -14 15 -15 2 -13 12 -6 11 -14 9 -11 8 -9 3 -11 6 -12 7 -11 14 -26 -10 -4 1 -2 -2 -6 ],2025-05-07_20-07-57-945
CSI_DATA,PASSIVE,5C:E9:31:E8:F4:66,-77,11,0,0,0,0,0,0,0,0,0,-96,0,11,0,2298061225,0,94,0,0,2298.23,128,[94 -32 5 0 12 12 16 13 13 13 11 17 8 14 10 19 10 18 7 27 5 20 -4 29 -4 23 -4 30 -2 22 -1 34 0 31 -9 33 -12 27 -14 24 -7 24 -7 29 -7 29 -15 22 -10 21 -5 16 -10 14 0 0 0 0 0 0 0 0 0 0 0 0 0 0 0 0 0 0 0 0 0 0 -6 -14 -9 -12 -9 -12 -12 -10 -14 -10 -12 -7 -14 -7 -16 1 -21 0 -16 -2 -22 -3 -15 12 -16 -4 -19 10 -19 7 -13 13 -11 18 -9 5 -8 15 0 15 -3 12 2 13 6 12 7 13 8 9 12 11 ],2025-05-07_20-07-57-953
CSI_DATA,PASSIVE,5C:E9:31:E8:F4:66,-77,11,0,0,0,0,0,0,0,0,0,-96,0,11,0,2298061394,0,133,0,0,2298.23,128,[-123 80 8 0 -9 19 -13 20 -15 14 -9 21 -14 14 -18 17 -15 15 -16 8 -20 10 -24 10 -28 7 -27 -5 -27 -2 -35 -5 -34 -11 -38 -11 -29 -5 -26 -6 -28 -14 -26 -6 -32 -7 -18 -10 -21 -6 -18 2 -17 2 0 0 0 0 0 0 0 0 0 0 0 0 0 0 0 0 0 0 0 0 0 0 3 -15 5 -14 -1 -15 -1 -13 -4 -15 -7 -15 -6 -14 -14 -15 -8 -14 -9 -13 -16 -14 -18 -18 -14 -9 -23 -10 -11 -11 -17 -14 -18 -4 -18 -2 -10 -2 -16 3 -14 3 -15 7 -13 10 -9 16 -9 13 -6 16 ],2025-05-07_20-07-57-959
CSI_DATA,PASSIVE,5C:E9:31:E8:F4:66,-77,11,0,0,0,0,0,0,0,0,0,-96,0,11,0,2298061615,0,113,0,0,2298.24,128,[113 16 7 0 -18 6 -18 5 -25 -2 -22 1 -25 -1 -24 1 -24 -2 -26 -7 -23 -11 -24 -17 -20 -20 -19 -24 -21 -27 -18 -31 -19 -32 -13 -30 -8 -34 -15 -35 -10 -32 -10 -29 -11 -28 -10 -28 -7 -23 -11 -21 -12 -16 0 0 0 0 0 0 0 0 0 0 0 0 0 0 0 0 0 0 0 0 0 0 20 -3 16 -8 14 -5 12 -10 12 -13 14 -14 8 -16 10 -17 7 -20 4 -18 1 -24 0 -22 -1 -23 -3 -22 -7 -18 -6 -17 -7 -16 -10 -17 -8 -9 -10 -9 -18 -8 -20 -2 -14 -6 -20 -1 -21 3 -25 4 ],2025-05-07_20-07-57-965
CSI_DATA,PASSIVE,5C:E9:31:E8:F4:66,-76,11,0,0,0,0,0,0,0,0,0,-96,0,11,0,2298061808,0,120,0,0,2298.25,128,[120 -128 7 0 -20 1 -21 0 -24 2 -15 3 -24 2 -21 0 -22 -1 -23 -6 -21 -10 -20 -19 -20 -15 -22 -22 -17 -26 -19 -26 -16 -29 -19 -29 -14 -30 -13 -28 -12 -29 -11 -27 -12 -24 -12 -19 -13 -22 -10 -16 -14 -14 0 0 0 0 0 0 0 0 0 0 0 0 0 0 0 0 0 0 0 0 0 0 15 2 15 0 14 -6 12 -4 13 -7 11 -9 8 -12 12 -15 11 -18 10 -18 9 -19 10 -20 6 -20 6 -20 1 -18 -3 -14 -7 -18 -6 -15 -8 -14 -9 -11 -11 -10 -12 -2 -12 -3 -14 0 -15 4 -16 -3 ],2025-05-07_20-07-57-971
CSI_DATA,PASSIVE,5C:E9:31:E8:F4:66,-77,11,0,0,0,0,0,0,0,0,0,-96,0,11,0,2298062009,0,140,0,0,2298.25,128,[-116 -64 8 0 -7 19 -5 15 -6 20 -9 18 -10 13 -11 21 -15 16 -19 15 -23 11 -21 11 -23 11 -29 5 -28 3 -31 2 -29 1 -31 -2 -33 -3 -29 -7 -32 -1 -27 -6 -30 -5 -25 -6 -21 0 -21 0 -19 0 0 0 0 0 0 0 0 0 0 0 0 0 0 0 0 0 0 0 0 0 0 0 6 -15 4 -14 2 -15 -1 -17 -4 -15 -5 -16 -11 -14 -11 -15 -13 -15 -14 -17 -18 -16 -17 -11 -16 -13 -15 -15 -19 -8 -16 -6 -20 -7 -17 -3 -15 4 -12 5 -12 8 -11 11 -9 10 -9 13 -9 15 -7 13 ],2025-05-07_20-07-57-977
CSI_DATA,PASSIVE,5C:E9:31:E8:F4:66,-77,11,0,0,0,0,0,0,0,0,0,-96,0,11,0,2298062238,0,120,0,0,2298.26,128,[120 -128 7 0 -24 38 -33 36 -38 24 -39 40 -24 25 -57 28 -43 21 -43 11 -47 16 -55 17 -62 -17 -69 2 -76 -21 -79 -17 -66 -12 -71 -25 -73 -33 -66 -32 -66 -39 -62 -25 -56 -27 -46 -19 -50 -21 -46 -11 -31 -5 0 0 0 0 0 0 0 0 0 0 0 0 0 0 0 0 0 0 0 0 0 0 14 -32 27 -25 11 -32 5 -42 13 -40 -1 -43 -1 -36 -14 -40 -15 -52 -19 -42 -19 -45 -26 -42 -18 -41 -24 -28 -19 -27 -19 -26 -20 -14 -44 -20 -40 -6 -35 -8 -34 14 -20 14 -24 13 -42 26 -22 26 -28 28 ],2025-05-07_20-07-57-983
CSI_DATA,PASSIVE,5C:E9:31:E8:F4:66,-77,11,0,0,0,0,0,0,0,0,0,-96,0,11,0,2298062439,0,140,0,0,2298.26,128,[-116 -64 8 0 -10 41 5 62 7 46 -13 42 -10 55 -15 36 -32 52 -49 40 -34 50 -52 29 -53 25 -62 27 -58 35 -72 35 -74 17 -89 17 -90 12 -80 1 -68 -1 -70 3 -56 3 -54 -3 -44 8 -37 6 -38 10 0 0 0 0 0 0 0 0 0 0 0 0 0 0 0 0 0 0 0 0 0 0 -20 -44 -14 -23 -13 -37 -20 -34 -21 -28 -23 -16 -18 -23 -37 -27 -38 -27 -39 -18 -51 -24 -50 -5 -43 -6 -42 -6 -35 -3 -33 4 -36 8 -25 15 -29 7 -21 26 -11 22 -7 30 -15 37 -18 34 -2 46 13 41 ],2025-05-07_20-07-57-989
CSI_DATA,PASSIVE,5C:E9:31:E8:F4:66,-76,11,0,0,0,0,0,0,0,0,0,-96,0,11,0,2298062668,0,165,0,0,2298.27,128,[-91 80 10 0 -7 20 -5 23 -17 20 -8 23 -13 17 -19 22 -20 17 -21 14 -26 9 -23 8 -26 9 -27 3 -31 2 -34 -1 -32 -4 -39 -5 -35 -10 -35 -13 -31 -8 -30 -9 -27 -9 -25 -8 -25 -2 -21 -2 -19 1 0 0 0 0 0 0 0 0 0 0 0 0 0 0 0 0 0 0 0 0 0 0 8 -15 6 -13 4 -17 -1 -15 -3 -18 -3 -19 -7 -19 -7 -20 -10 -19 -13 -20 -16 -20 -16 -16 -18 -16 -18 -13 -19 -11 -15 -5 -20 -5 -18 -1 -11 -1 -17 3 -17 9 -14 10 -12 15 -11 16 -13 13 -12 16 ],2025-05-07_20-07-57-995
CSI_DATA,PASSIVE,5C:E9:31:E8:F4:66,-77,11,0,0,0,0,0,0,0,0,0,-96,0,11,0,2298062929,0,185,0,0,2298.27,128,[-71 -112 11 0 25 1 26 5 19 -1 18 8 25 8 18 9 20 9 18 14 18 13 17 18 16 23 14 29 11 29 11 31 9 34 6 34 5 33 6 33 3 35 2 29 5 29 5 25 5 23 7 22 7 20 0 0 0 0 0 0 0 0 0 0 0 0 0 0 0 0 0 0 0 0 0 0 -19 -2 -16 0 -16 2 -16 2 -17 5 -16 7 -15 9 -14 10 -14 16 -11 17 -13 17 -10 20 -8 19 -7 17 -6 18 -1 18 1 19 4 16 6 13 10 10 12 13 13 7 16 5 14 4 18 1 19 5 ],2025-05-07_20-07-57-999
CSI_DATA,PASSIVE,5C:E9:31:E8:F4:66,-76,11,0,0,0,0,0,0,0,0,0,-96,0,11,0,2298063218,0,94,0,0,2298.28,128,[94 -32 5 0 22 -8 21 -8 17 -6 19 -5 17 -5 18 -3 22 -2 26 2 23 3 25 9 25 14 22 14 20 17 21 20 21 23 22 24 17 23 18 25 17 25 18 22 13 21 13 20 13 18 13 13 13 9 0 0 0 0 0 0 0 0 0 0 0 0 0 0 0 0 0 0 0 0 0 0 -14 4 -15 6 -10 8 -10 8 -13 8 -9 11 -7 18 -6 16 -5 19 -3 18 -2 19 -1 18 1 20 1 20 3 16 4 12 4 12 12 12 10 7 12 8 17 1 15 3 14 -4 15 -2 16 -5 20 -3 ],2025-05-07_20-07-58-5
CSI_DATA,PASSIVE,5C:E9:31:E8:E9:4E,-89,11,0,0,0,0,0,0,0,0,0,-96,0,11,0,2298083339,0,98,0,0,2298.29,128,[98 32 6 0 2 10 -12 8 6 4 5 11 -5 2 13 3 2 14 7 4 10 6 2 6 14 13 17 4 12 14 24 8 23 8 14 10 24 13 12 10 12 6 18 14 0 13 10 16 3 16 3 13 9 24 0 0 0 0 0 0 0 0 0 0 0 0 0 0 0 0 0 0 0 0 0 0 13 -4 4 -12 6 -1 -5 -7 -1 -13 4 -9 6 -15 6 -15 -1 -14 6 -18 -1 -17 -7 -20 3 -15 5 -15 -6 -22 -1 -13 3 -11 1 -13 -4 -5 -12 -7 -4 -12 -13 -10 -6 -7 -2 -2 -8 -2 -6 1 ],2025-05-07_20-07-58-10
CSI_DATA,PASSIVE,5C:E9:31:E8:E9:4E,-88,11,0,0,0,0,0,0,0,0,0,-96,0,11,0,2298094152,0,124,0,0,2298.29,128,[124 -64 7 0 -2 -5 -4 -10 0 3 -9 0 -9 -5 -5 1 -11 -1 -1 -1 -4 9 -12 11 -15 11 -16 12 -13 13 -15 7 -14 25 -21 13 -16 14 -21 3 -25 3 -13 9 -18 5 -18 1 -22 1 -15 2 -14 4 0 0 0 0 0 0 0 0 0 0 0 0 0 0 0 0 0 0 0 0 0 0 -2 11 -2 12 -4 7 -2 8 -5 16 8 12 13 8 5 8 11 13 8 14 15 16 18 19 13 21 13 6 16 8 19 8 13 9 10 1 8 3 11 -6 9 9 10 -6 13 7 5 -2 1 -3 3 -7 ],2025-05-07_20-07-58-15
CSI_DATA,PASSIVE,5C:E9:31:E8:E9:4E,-89,11,0,0,0,0,0,0,0,0,0,-96,0,11,0,2298133040,0,266,0,0,2298.3,128,[10 -95 16 0 5 -6 -19 -4 -8 -8 0 -4 -9 -9 -7 -5 -2 -7 -8 -7 -10 -2 -19 -1 -15 0 -6 5 -15 7 -16 4 -19 11 -22 4 -19 9 -20 3 -15 1 -20 -3 -18 -4 -17 -6 -13 -8 -11 -10 -11 -8 0 0 0 0 0 0 0 0 0 0 0 0 0 0 0 0 0 0 0 0 0 0 -8 3 -7 4 -5 7 -6 7 -1 5 4 11 -2 13 -5 16 8 22 2 19 2 13 8 13 3 15 4 13 9 11 16 12 10 5 7 8 6 3 11 2 11 5 8 2 7 1 -3 1 5 -7 5 -3 ],2025-05-07_20-07-58-24
CSI_DATA,PASSIVE,5C:E9:31:E8:E9:4E,-88,11,0,0,0,0,0,0,0,0,0,-96,0,11,0,2298133437,0,286,0,0,2298.31,128,[30 -31 17 0 -5 0 -9 1 -8 0 -6 11 -7 4 -15 -2 -7 4 -2 9 0 13 -8 16 3 12 8 17 -3 17 3 15 0 13 -7 17 3 24 2 22 0 24 -9 16 -8 18 -9 19 -7 14 0 14 -19 17 0 0 0 0 0 0 0 0 0 0 0 0 0 0 0 0 0 0 0 0 0 0 9 10 4 7 -2 2 2 2 5 3 14 -3 14 -1 9 5 18 -2 22 -2 16 -1 21 9 13 0 10 -3 21 -10 19 -10 11 -15 10 -8 14 -6 14 -11 9 -8 11 -12 8 -10 -1 0 -2 -17 -3 -5 ],2025-05-07_20-07-58-30
CSI_DATA,PASSIVE,5C:E9:31:E8:E9:4E,-87,11,0,0,0,0,0,0,0,0,0,-96,0,11,0,2298155845,0,328,0,0,2298.32,128,[72 -127 20 0 3 2 5 -4 5 -2 -1 -5 7 -6 3 -3 3 -9 -4 -10 -1 -11 5 -9 -1 -13 -7 -15 -4 -22 -3 -16 0 -20 -8 -19 0 -13 6 -30 4 -19 8 -13 6 -16 10 -15 11 -12 6 -5 11 -6 0 0 0 0 0 0 0 0 0 0 0 0 0 0 0 0 0 0 0 0 0 0 -11 1 -6 -1 -5 4 -4 8 -4 6 -5 12 -8 13 -11 15 -10 17 -7 22 -15 17 -13 19 -11 19 3 20 0 16 -4 7 -5 13 -3 11 -2 17 2 12 -1 14 1 7 5 8 0 2 3 3 1 7 ],2025-05-07_20-07-58-47
CSI_DATA,PASSIVE,5C:E9:31:E8:F4:66,-77,11,0,0,0,0,0,0,0,0,0,-96,0,11,0,2298163818,0,94,0,0,2298.33,128,[94 -32 5 0 -5 18 -7 21 -4 21 -6 24 -9 23 -12 23 -11 19 -12 14 -17 16 -21 16 -20 12 -26 14 -30 12 -29 10 -31 8 -32 7 -31 4 -32 5 -30 5 -26 2 -25 3 -23 0 -21 2 -18 4 -17 2 0 0 0 0 0 0 0 0 0 0 0 0 0 0 0 0 0 0 0 0 0 0 3 -16 6 -19 0 -15 -3 -18 -3 -16 -7 -16 -9 -18 -10 -13 -14 -16 -13 -16 -13 -15 -17 -12 -12 -11 -16 -13 -16 -9 -15 -6 -12 -1 -16 4 -12 2 -16 6 -11 10 -9 13 -6 13 -7 14 -3 18 -2 17 ],2025-05-07_20-07-58-56
CSI_DATA,PASSIVE,5C:E9:31:E8:F4:66,-77,11,0,0,0,0,0,0,0,0,0,-96,0,11,0,2298163987,0,80,0,0,2298.34,128,[80 0 5 0 -25 -9 -24 -5 -23 -11 -20 -10 -22 -10 -20 -13 -22 -15 -20 -19 -18 -22 -14 -18 -18 -25 -13 -26 -13 -26 -12 -32 -7 -33 -4 -35 -5 -36 -4 -36 0 -31 -1 -31 -3 -28 -4 -28 -1 -24 -2 -21 -4 -16 0 0 0 0 0 0 0 0 0 0 0 0 0 0 0 0 0 0 0 0 0 0 15 9 16 4 16 5 15 -1 20 -2 18 -2 18 -3 15 -7 18 -8 17 -11 14 -12 17 -13 20 -15 14 -17 11 -15 7 -14 3 -17 1 -14 -2 -14 -6 -12 -8 -11 -9 -13 -15 -10 -15 -7 -19 -8 -19 -6 ],2025-05-07_20-07-58-62
CSI_DATA,PASSIVE,5C:E9:31:E8:F4:66,-76,11,0,0,0,0,0,0,0,0,0,-96,0,11,0,2298164136,0,124,0,0,2298.34,128,[124 -64 7 0 -16 6 -20 7 -19 2 -23 4 -20 2 -27 -2 -20 -2 -24 -2 -23 -9 -24 -11 -26 -11 -27 -13 -25 -15 -19 -18 -23 -23 -20 -21 -18 -27 -17 -25 -17 -24 -15 -21 -14 -22 -15 -21 -13 -17 -15 -13 -12 -11 0 0 0 0 0 0 0 0 0 0 0 0 0 0 0 0 0 0 0 0 0 0 15 -4 16 -2 14 -2 15 -4 13 -7 12 -10 11 -14 11 -14 7 -15 8 -19 7 -22 7 -18 4 -18 3 -22 -2 -17 -1 -14 -3 -12 -7 -12 -7 -7 -8 -6 -9 -3 -12 -3 -16 -4 -16 -1 -17 3 -16 3 ],2025-05-07_20-07-58-68
CSI_DATA,PASSIVE,5C:E9:31:E8:F4:66,-76,11,0,0,0,0,0,0,0,0,0,-96,0,11,0,2298164345,0,188,0,0,2298.35,128,[-68 -64 11 0 -1 23 3 23 -4 22 -6 19 -5 21 -5 23 -11 24 -9 21 -14 19 -12 16 -20 22 -20 21 -25 20 -25 18 -23 17 -25 17 -29 15 -29 15 -29 10 -26 8 -27 12 -23 10 -19 9 -17 10 -14 11 0 0 0 0 0 0 0 0 0 0 0 0 0 0 0 0 0 0 0 0 0 0 5 -19 5 -15 2 -14 -1 -17 -4 -17 -4 -19 -6 -16 -8 -18 -13 -17 -15 -18 -15 -18 -15 -10 -17 -15 -14 -13 -14 -9 -11 -5 -13 -3 -13 -1 -10 4 -10 7 -8 8 -10 11 -1 12 -4 14 -4 14 -2 14 ],2025-05-07_20-07-58-73
CSI_DATA,PASSIVE,5C:E9:31:E8:F4:66,-77,11,0,0,0,0,0,0,0,0,0,-96,0,11,0,2298164638,0,125,0,0,2298.35,128,[125 -48 7 0 -19 -11 -19 -14 -14 -19 -14 -18 -18 -17 -12 -22 -10 -24 -7 -27 -11 -26 -11 -28 -2 -30 3 -31 3 -34 6 -34 6 -34 9 -35 13 -30 11 -33 11 -29 12 -28 11 -27 11 -25 11 -21 9 -17 4 -19 0 0 0 0 0 0 0 0 0 0 0 0 0 0 0 0 0 0 0 0 0 0 11 14 14 12 13 11 17 10 17 5 19 3 21 5 18 -2 22 -3 19 -3 22 -4 20 -6 17 -6 14 -5 16 -8 13 -9 8 -12 2 -16 4 -13 -3 -14 -1 -13 -5 -12 -8 -13 -10 -14 -14 -15 -18 -15 ],2025-05-07_20-07-58-79
CSI_DATA,PASSIVE,5C:E9:31:E8:F4:66,-76,11,0,0,0,0,0,0,0,0,0,-96,0,11,0,2298164847,0,145,0,0,2298.36,128,[-111 16 9 0 -16 18 -15 17 -12 17 -18 14 -16 15 -18 16 -23 8 -19 13 -21 3 -25 2 -30 1 -27 -1 -32 0 -30 -6 -26 -10 -30 -10 -27 -10 -27 -12 -28 -9 -24 -10 -24 -9 -19 -10 -21 -8 -16 -4 -15 -2 0 0 0 0 0 0 0 0 0 0 0 0 0 0 0 0 0 0 0 0 0 0 12 -12 14 -10 9 -12 7 -14 5 -14 6 -15 4 -19 0 -18 -2 -18 -2 -21 -4 -20 -4 -19 -3 -18 -7 -15 -4 -11 -6 -10 -8 -7 -11 -10 -15 -6 -11 1 -12 4 -12 8 -13 8 -13 9 -13 12 -12 10 ],2025-05-07_20-07-58-85
CSI_DATA,PASSIVE,5C:E9:31:E8:F4:66,-77,11,0,0,0,0,0,0,0,0,0,-96,0,11,0,2298165401,0,120,0,0,2298.37,128,[120 -128 7 0 -15 17 -12 19 -18 13 -18 17 -17 15 -19 15 -25 7 -25 8 -27 7 -26 1 -27 -1 -32 -3 -32 -7 -33 -10 -33 -9 -34 -11 -33 -14 -32 -17 -28 -14 -26 -14 -26 -13 -22 -13 -21 -9 -17 -8 -16 -8 0 0 0 0 0 0 0 0 0 0 0 0 0 0 0 0 0 0 0 0 0 0 12 -10 13 -12 13 -15 8 -15 9 -16 6 -19 4 -21 3 -25 1 -24 -3 -28 -3 -21 -7 -20 -2 -19 -7 -14 -7 -14 -8 -8 -8 -7 -14 -13 -14 -2 -12 -2 -13 1 -18 7 -18 11 -16 9 -15 14 -19 12 ],2025-05-07_20-07-58-91
CSI_DATA,PASSIVE,5C:E9:31:E8:F4:66,-76,11,0,0,0,0,0,0,0,0,0,-96,0,11,0,2298165602,0,86,0,0,2298.37,128,[86 96 5 0 -4 20 -4 26 -4 25 -6 25 -8 22 -11 23 -12 20 -18 25 -21 15 -21 16 -25 13 -23 17 -24 15 -33 8 -33 8 -30 6 -45 5 -28 1 -33 -5 -32 -6 -35 4 -21 0 -21 1 -21 1 -22 6 0 0 0 0 0 0 0 0 0 0 0 0 0 0 0 0 0 0 0 0 0 0 1 -18 4 -20 -2 -15 -1 -16 -9 -22 -4 -20 -14 -16 -10 -20 -10 -14 -13 -16 -17 -22 -24 -9 -24 -7 -21 -14 -15 -6 -22 1 -14 -3 -17 2 -8 7 -15 7 -14 8 -14 17 -10 16 -6 13 -1 17 -2 20 ],2025-05-07_20-07-58-97
CSI_DATA,PASSIVE,5C:E9:31:E8:F4:66,-77,11,0,0,0,0,0,0,0,0,0,-96,0,11,0,2298165759,0,128,0,0,2298.38,128,[-128 0 8 0 14 19 13 19 13 18 12 21 14 22 9 24 7 23 3 23 -1 26 1 23 -3 30 -5 27 -10 31 -11 28 -14 32 -16 29 -18 29 -19 25 -17 23 -17 25 -15 23 -14 23 -10 21 -8 17 -7 18 0 0 0 0 0 0 0 0 0 0 0 0 0 0 0 0 0 0 0 0 0 0 -9 -20 -10 -14 -11 -14 -10 -13 -16 -9 -15 -8 -16 -7 -17 -5 -19 -3 -22 1 -21 0 -21 3 -24 -1 -20 2 -17 3 -15 9 -11 10 -12 9 -6 13 -7 15 -3 15 3 14 6 15 5 12 10 17 11 16 ],2025-05-07_20-07-58-102
CSI_DATA,PASSIVE,5C:E9:31:E8:F4:66,-77,11,0,0,0,0,0,0,0,0,0,-96,0,11,0,2298165972,0,286,0,0,2298.38,128,[30 -31 17 0 -17 17 -16 14 -18 16 -17 20 -18 16 -21 12 -22 13 -22 6 -28 4 -29 2 -30 0 -33 -2 -32 -4 -32 -5 -29 -10 -35 -9 -32 -10 -29 -14 -31 -12 -27 -13 -27 -12 -20 -13 -23 -8 -20 -5 -20 -5 0 0 0 0 0 0 0 0 0 0 0 0 0 0 0 0 0 0 0 0 0 0 14 -14 13 -11 13 -14 10 -16 8 -14 4 -18 3 -18 -1 -18 -1 -21 -4 -22 -5 -22 -5 -20 -6 -20 -10 -18 -8 -15 -11 -10 -12 -9 -13 -6 -16 -2 -15 -3 -16 2 -16 4 -16 8 -15 13 -12 10 -14 10 ],2025-05-07_20-07-58-109
CSI_DATA,PASSIVE,5C:E9:31:E8:E9:4E,-88,11,0,0,0,0,0,0,0,0,0,-96,0,11,0,2298253467,0,98,0,0,2298.42,128,[98 32 6 0 3 0 4 0 0 1 7 -5 -1 -7 -3 -1 1 -6 3 -7 -11 -4 -12 -6 -10 -10 -3 -12 -18 -8 -9 -7 -24 -17 -21 -9 -21 -15 -15 -19 -10 -5 -9 -13 -10 -13 -6 -12 -5 -11 -4 -18 -2 -15 0 0 0 0 0 0 0 0 0 0 0 0 0 0 0 0 0 0 0 0 0 0 -3 -11 4 -8 -3 -8 -7 2 -15 -1 -8 5 -13 4 -21 -2 -16 8 -17 7 -14 13 -21 11 -18 7 -17 4 -13 11 -15 13 -11 16 -10 15 -15 10 -7 7 -2 10 -3 16 -8 9 -3 2 -1 3 -1 4 ],2025-05-07_20-07-58-145
CSI_DATA,PASSIVE,5C:E9:31:E8:F4:66,-76,11,0,0,0,0,0,0,0,0,0,-96,0,11,0,2298266211,0,472,0,0,2298.43,128,[-40 -127 29 0 -4 25 -3 24 -11 22 -7 21 -10 25 -12 22 -17 18 -15 20 -21 12 -25 19 -28 13 -28 12 -30 7 -32 5 -31 6 -35 2 -36 3 -34 1 -30 2 -31 1 -27 2 -26 3 -22 2 -23 4 -19 4 0 0 0 0 0 0 0 0 0 0 0 0 0 0 0 0 0 0 0 0 0 0 4 -18 -1 -18 -3 -19 -5 -16 -4 -14 -7 -15 -9 -17 -12 -15 -16 -13 -18 -11 -19 -13 -18 -7 -15 -8 -18 -5 -16 -3 -16 -3 -13 1 -15 3 -16 4 -13 10 -12 11 -10 14 -8 14 -7 18 -3 18 -2 19 ],2025-05-07_20-07-58-159
CSI_DATA,PASSIVE,5C:E9:31:E8:F4:66,-77,11,0,0,0,0,0,0,0,0,0,-96,0,11,0,2298266884,0,492,0,0,2298.44,128,[-20 -63 30 0 36 -44 19 -41 28 -43 31 -43 37 -37 48 -27 38 -29 47 -17 45 -26 67 -16 66 -24 69 -11 64 -7 78 -2 85 3 83 8 76 19 82 10 68 15 65 11 63 9 50 0 48 8 44 5 39 -2 0 0 0 0 0 0 0 0 0 0 0 0 0 0 0 0 0 0 0 0 0 0 -23 21 -13 19 -19 31 -14 35 -1 32 1 38 2 34 6 37 12 37 15 36 21 46 20 41 28 33 34 32 23 22 27 19 24 15 37 4 29 -7 30 -4 18 -18 28 -16 22 -22 26 -32 30 -23 24 -24 ],2025-05-07_20-07-58-164
CSI_DATA,PASSIVE,5C:E9:31:E8:F4:66,-76,11,0,0,0,0,0,0,0,0,0,-96,0,11,0,2298267581,0,246,0,0,2298.44,128,[-10 96 15 0 20 14 19 15 15 19 15 17 16 26 17 20 11 23 9 26 -2 22 2 27 -6 27 -7 27 -9 28 -12 30 -13 31 -13 33 -16 29 -17 30 -16 26 -16 25 -15 27 -12 23 -12 24 -8 18 -8 18 0 0 0 0 0 0 0 0 0 0 0 0 0 0 0 0 0 0 0 0 0 0 -12 -16 -13 -11 -15 -11 -15 -7 -12 -5 -14 -4 -17 -1 -19 1 -18 4 -21 1 -20 8 -19 12 -20 11 -19 8 -13 10 -12 15 -8 12 -5 15 -1 14 2 17 0 11 8 17 11 14 9 15 10 13 14 15 ],2025-05-07_20-07-58-170
CSI_DATA,PASSIVE,5C:E9:31:E8:F4:66,-77,11,0,0,0,0,0,0,0,0,0,-96,0,11,0,2298267950,0,94,0,0,2298.45,128,[94 -32 5 0 19 14 16 12 11 12 16 17 12 20 8 20 8 21 3 22 -1 26 1 28 -6 29 -9 30 -11 33 -8 29 -11 31 -13 36 -16 29 -18 32 -19 27 -15 22 -12 21 -13 26 -9 23 -10 18 -7 18 0 0 0 0 0 0 0 0 0 0 0 0 0 0 0 0 0 0 0 0 0 0 -13 -18 -13 -14 -13 -13 -13 -10 -18 -7 -18 -6 -15 0 -23 0 -19 -2 -23 4 -19 3 -23 8 -21 10 -18 10 -12 10 -11 10 -9 10 -8 15 -5 12 -3 10 4 13 3 15 7 18 6 15 14 16 12 18 ],2025-05-07_20-07-58-175
CSI_DATA,PASSIVE,5C:E9:31:E8:F4:66,-77,11,0,0,0,0,0,0,0,0,0,-96,0,11,0,2298268119,0,148,0,0,2298.46,128,[-108 64 9 0 -16 18 -12 18 -17 20 -17 16 -21 13 -22 13 -22 9 -22 9 -23 5 -28 5 -31 -1 -28 -3 -36 -3 -28 -10 -36 -9 -35 -10 -33 -12 -31 -16 -31 -12 -31 -13 -28 -12 -27 -11 -21 -8 -20 -6 -18 -4 0 0 0 0 0 0 0 0 0 0 0 0 0 0 0 0 0 0 0 0 0 0 11 -11 12 -13 8 -15 5 -17 6 -16 2 -17 -1 -20 -3 -22 -4 -20 -7 -17 -6 -21 -10 -19 -10 -14 -14 -15 -11 -14 -15 -7 -16 -5 -16 -7 -16 -4 -15 3 -15 4 -15 6 -14 9 -15 11 -11 11 -11 14 ],2025-05-07_20-07-58-182
CSI_DATA,PASSIVE,5C:E9:31:E8:F4:66,-77,11,0,0,0,0,0,0,0,0,0,-96,0,11,0,2298268360,0,141,0,0,2298.46,128,[-115 -48 8 0 5 -25 2 -25 5 -24 10 -22 6 -23 15 -26 12 -20 16 -17 19 -18 24 -15 27 -11 25 -11 32 -12 32 -8 33 -6 35 -8 34 -4 34 -2 33 -2 30 -3 26 -3 26 -4 22 -4 20 -8 18 -6 0 0 0 0 0 0 0 0 0 0 0 0 0 0 0 0 0 0 0 0 0 0 -7 16 -5 15 -1 17 -2 16 2 13 4 13 7 18 10 16 12 15 15 14 17 13 16 7 19 9 15 10 15 6 17 4 14 0 15 -2 17 -5 14 -8 11 -11 10 -15 8 -13 10 -17 8 -20 7 -17 ],2025-05-07_20-07-58-187
CSI_DATA,PASSIVE,5C:E9:31:E8:F4:66,-77,11,0,0,0,0,0,0,0,0,0,-96,0,11,0,2298268589,0,161,0,0,2298.47,128,[-95 16 10 0 14 -20 9 -19 12 -17 13 -20 13 -16 17 -16 16 -15 20 -12 21 -11 22 -9 24 -5 27 -3 30 -3 31 1 30 4 31 4 31 5 30 8 26 8 26 5 27 7 22 6 22 1 19 2 17 -1 0 0 0 0 0 0 0 0 0 0 0 0 0 0 0 0 0 0 0 0 0 0 -9 13 -8 12 -6 11 -4 12 -1 12 3 13 2 14 6 17 7 13 11 15 11 17 8 12 12 9 13 9 15 9 14 5 9 2 18 -1 11 -5 12 -5 16 -7 12 -11 8 -9 9 -16 10 -10 8 -13 ],2025-05-07_20-07-58-192
CSI_DATA,PASSIVE,5C:E9:31:E8:F4:66,-77,11,0,0,0,0,0,0,0,0,0,-96,0,11,0,2298268845,0,128,0,0,2298.47,128,[-128 0 8 0 18 7 18 11 16 11 18 12 15 14 13 18 14 17 11 20 8 20 7 20 5 25 3 28 1 30 -1 30 -4 30 -6 30 -8 29 -7 31 -6 29 -6 26 -5 24 -3 25 -3 19 -1 19 2 18 0 0 0 0 0 0 0 0 0 0 0 0 0 0 0 0 0 0 0 0 0 0 -12 -10 -13 -8 -14 -9 -13 -5 -13 -3 -14 1 -14 -1 -14 3 -17 6 -18 6 -14 10 -16 10 -15 12 -9 13 -12 11 -7 12 -4 14 -3 12 2 12 1 11 5 14 9 11 11 7 10 8 10 10 14 10 ],2025-05-07_20-07-58-197
CSI_DATA,PASSIVE,5C:E9:31:E8:F4:66,-76,11,0,0,0,0,0,0,0,0,0,-96,0,11,0,2298269287,0,128,0,0,2298.48,128,[-128 0 8 0 -12 18 -12 16 -12 16 -16 17 -17 17 -20 15 -22 9 -23 10 -27 4 -24 8 -29 1 -28 1 -31 -2 -33 -4 -31 -4 -33 -6 -31 -8 -30 -6 -28 -6 -28 -7 -25 -7 -24 -6 -24 -3 -19 -1 -18 -1 0 0 0 0 0 0 0 0 0 0 0 0 0 0 0 0 0 0 0 0 0 0 10 -10 8 -12 10 -13 5 -11 5 -12 2 -13 0 -15 -1 -17 -3 -16 -7 -17 -10 -16 -8 -14 -7 -14 -11 -15 -10 -9 -16 -9 -13 -6 -13 -5 -18 -2 -13 0 -13 3 -13 4 -13 6 -13 9 -12 14 -11 12 ],2025-05-07_20-07-58-203
CSI_DATA,PASSIVE,5C:E9:31:E8:F4:66,-77,11,0,0,0,0,0,0,0,0,0,-96,0,11,0,2298269500,0,161,0,0,2298.48,128,[-95 16 10 0 -26 -9 -23 -11 -23 -9 -22 -10 -23 -12 -20 -17 -18 -19 -15 -24 -13 -25 -14 -26 -12 -26 -10 -33 -8 -31 -8 -34 -2 -35 -4 -35 -2 -37 -1 -35 4 -33 0 -32 -3 -30 -4 -25 -5 -23 -5 -19 -6 -19 0 0 0 0 0 0 0 0 0 0 0 0 0 0 0 0 0 0 0 0 0 0 12 11 10 11 14 9 14 5 14 4 14 1 16 -2 17 -7 16 -5 15 -4 18 -9 14 -10 17 -14 13 -13 11 -14 7 -16 5 -14 1 -13 3 -16 -2 -13 -4 -15 -8 -16 -10 -12 -15 -12 -15 -10 -16 -14 ],2025-05-07_20-07-58-209
CSI_DATA,PASSIVE,5C:E9:31:E8:F4:66,-77,11,0,0,0,0,0,0,0,0,0,-96,0,11,0,2298272913,0,185,0,0,2298.49,128,[-71 -112 11 0 10 -17 14 -17 13 -18 12 -18 14 -15 16 -16 17 -14 21 -14 21 -8 19 -10 25 -8 22 -6 31 -3 29 0 32 0 31 2 31 3 30 8 28 4 28 2 24 5 23 2 22 -1 18 -1 17 -3 0 0 0 0 0 0 0 0 0 0 0 0 0 0 0 0 0 0 0 0 0 0 -14 10 -9 10 -11 13 -6 9 -3 14 -5 16 0 14 3 16 7 15 5 15 8 15 8 14 7 14 11 13 13 12 10 2 10 6 10 1 14 -4 10 -3 11 -13 11 -10 6 -11 8 -12 5 -12 10 -17 ],2025-05-07_20-07-58-214
CSI_DATA,PASSIVE,5C:E9:31:E8:E9:4E,-87,11,0,0,0,0,0,0,0,0,0,-96,0,11,0,2298344119,0,98,0,0,2298.51,128,[98 32 6 0 6 1 1 3 3 -5 9 5 6 2 10 -3 13 -9 9 -2 16 -8 8 -5 12 -12 10 -8 19 -9 14 -20 12 -14 19 -11 14 -10 16 -10 13 -9 16 -5 22 -2 17 -5 16 5 15 0 16 0 0 0 0 0 0 0 0 0 0 0 0 0 0 0 0 0 0 0 0 0 0 0 3 -12 -6 -8 6 -4 -1 -2 0 -7 -3 -7 -11 -4 -12 -7 -15 -9 -9 -13 -10 -14 -16 -3 -21 -18 -15 -12 -5 -9 -20 -6 -11 -6 -18 -6 -22 -3 -19 -1 -18 -5 -5 -4 -16 7 -6 0 -8 -4 2 -4 ],2025-05-07_20-07-58-236
CSI_DATA,PASSIVE,5C:E9:31:E8:E9:4E,-88,11,0,0,0,0,0,0,0,0,0,-96,0,11,0,2298347798,0,98,0,0,2298.52,128,[98 32 6 0 0 9 -1 4 -4 7 -4 5 3 1 1 1 12 8 -3 9 3 9 9 10 17 10 10 13 15 8 24 7 17 -1 15 9 9 14 7 13 10 15 3 13 11 12 1 14 4 9 -5 16 -3 14 0 0 0 0 0 0 0 0 0 0 0 0 0 0 0 0 0 0 0 0 0 0 3 -7 -4 -9 2 -9 1 -11 -12 -8 -11 -2 -11 -2 -19 -14 -17 -3 -16 -17 -19 -10 -14 -14 -20 -13 -19 -7 -16 -13 -14 -18 -14 -7 -13 -16 -21 -8 -9 -9 -21 -23 -6 4 -13 -11 -3 -11 -4 -5 1 -1 ],2025-05-07_20-07-58-241
CSI_DATA,PASSIVE,5C:E9:31:E8:F4:66,-77,11,0,0,0,0,0,0,0,0,0,-96,0,11,0,2298368623,0,185,0,0,2298.54,128,[-71 -112 11 0 -18 9 -18 10 -21 9 -25 9 -22 1 -23 4 -28 3 -27 -6 -24 -6 -26 -10 -25 -7 -27 -13 -26 -15 -27 -19 -28 -23 -28 -23 -28 -23 -25 -26 -22 -23 -24 -24 -24 -23 -22 -23 -20 -16 -21 -14 -16 -14 0 0 0 0 0 0 0 0 0 0 0 0 0 0 0 0 0 0 0 0 0 0 16 -7 15 -8 14 -12 11 -11 9 -14 7 -19 6 -15 4 -20 6 -21 -2 -22 -2 -21 -3 -18 -2 -21 -6 -21 -7 -20 -9 -16 -9 -16 -12 -13 -14 -6 -14 -7 -16 -6 -17 -3 -16 -1 -19 1 -20 -2 -18 3 ],2025-05-07_20-07-58-261
CSI_DATA,PASSIVE,5C:E9:31:E8:F4:66,-77,11,0,0,0,0,0,0,0,0,0,-96,0,11,0,2298368912,0,165,0,0,2298.54,128,[-91 80 10 0 2 25 -2 17 -3 21 -5 21 -5 19 -9 19 -12 21 -18 18 -20 16 -19 15 -26 16 -28 12 -28 13 -34 11 -34 9 -38 10 -35 4 -34 2 -32 4 -30 0 -31 -1 -27 2 -26 2 -23 4 -18 6 0 0 0 0 0 0 0 0 0 0 0 0 0 0 0 0 0 0 0 0 0 0 -3 -20 -4 -17 -5 -16 -8 -15 -10 -17 -11 -16 -12 -14 -16 -10 -16 -10 -20 -8 -17 -10 -22 -6 -21 -5 -18 -4 -19 -2 -16 -1 -20 4 -19 7 -16 6 -14 8 -9 13 -10 13 -7 14 -5 15 -8 21 -3 21 ],2025-05-07_20-07-58-267
CSI_DATA,PASSIVE,5C:E9:31:E8:F4:66,-76,11,0,0,0,0,0,0,0,0,0,-96,0,11,0,2298369173,0,250,0,0,2298.55,128,[-6 -96 15 0 23 -6 19 -9 23 0 22 -5 19 -4 23 0 23 6 22 6 23 7 19 12 22 18 20 20 23 21 20 27 18 26 14 32 18 32 13 32 13 29 11 30 12 27 9 24 9 21 10 20 14 16 0 0 0 0 0 0 0 0 0 0 0 0 0 0 0 0 0 0 0 0 0 0 -18 9 -17 9 -14 9 -11 8 -11 14 -9 15 -4 17 -7 16 -2 18 -1 21 -2 23 3 25 -1 21 7 19 8 18 6 17 11 15 9 9 11 11 14 8 16 6 15 4 17 -1 17 0 19 -5 19 -1 ],2025-05-07_20-07-58-272
CSI_DATA,PASSIVE,5C:E9:31:E8:F4:66,-76,11,0,0,0,0,0,0,0,0,0,-96,0,11,0,2298369550,0,267,0,0,2298.55,128,[11 -79 16 0 5 -19 1 -21 11 -24 5 -23 11 -20 14 -17 12 -19 19 -15 20 -17 28 -17 25 -7 28 -7 31 -7 33 -4 31 -4 35 -2 36 2 34 0 33 3 32 3 29 1 26 1 24 0 22 1 18 -1 0 0 0 0 0 0 0 0 0 0 0 0 0 0 0 0 0 0 0 0 0 0 -6 15 -4 15 -1 16 0 18 2 16 7 17 12 15 12 15 13 14 16 14 13 15 15 12 19 5 23 6 16 7 20 3 16 0 18 -2 15 -2 13 -6 10 -9 13 -13 10 -14 12 -10 9 -17 7 -11 ],2025-05-07_20-07-58-277
CSI_DATA,PASSIVE,5C:E9:31:E8:F4:66,-77,11,0,0,0,0,0,0,0,0,0,-96,0,11,0,2298369947,0,287,0,0,2298.56,128,[31 -15 17 0 19 6 19 6 18 9 21 7 18 8 16 16 19 11 17 20 14 21 11 19 10 24 7 22 5 25 5 33 3 30 -1 33 -1 32 -1 33 -1 29 0 30 0 26 0 25 -2 20 0 18 2 19 0 0 0 0 0 0 0 0 0 0 0 0 0 0 0 0 0 0 0 0 0 0 -16 -5 -15 -6 -15 -3 -15 -2 -17 2 -12 4 -14 6 -13 8 -15 11 -15 13 -12 10 -11 14 -10 19 -9 16 -7 17 -6 16 -2 16 -2 17 2 15 4 12 8 11 9 9 11 9 8 10 12 8 13 5 ],2025-05-07_20-07-58-282
CSI_DATA,PASSIVE,5C:E9:31:E8:F4:66,-77,11,0,0,0,0,0,0,0,0,0,-96,0,11,0,2298370372,0,146,0,0,2298.56,128,[-110 32 9 0 -14 12 -15 10 -17 11 -18 9 -21 9 -19 7 -22 3 -24 1 -23 -3 -27 -2 -27 -7 -26 -7 -26 -10 -25 -15 -24 -14 -28 -16 -27 -19 -25 -22 -22 -19 -22 -19 -21 -18 -18 -13 -17 -15 -17 -10 -16 -12 0 0 0 0 0 0 0 0 0 0 0 0 0 0 0 0 0 0 0 0 0 0 14 -8 11 -8 9 -11 6 -12 5 -12 5 -15 -2 -16 -2 -16 -4 -18 -4 -20 -6 -17 -6 -19 -9 -18 -9 -18 -10 -16 -11 -14 -11 -11 -14 -12 -16 -7 -16 -4 -17 -3 -14 -1 -17 2 -17 6 -11 5 -15 8 ],2025-05-07_20-07-58-289
CSI_DATA,PASSIVE,5C:E9:31:E8:F4:66,-77,11,0,0,0,0,0,0,0,0,0,-96,0,11,0,2298370609,0,166,0,0,2298.57,128,[-90 96 10 0 -11 20 -9 16 -13 17 -12 20 -15 18 -19 16 -16 15 -22 15 -21 11 -23 11 -28 10 -29 4 -35 3 -33 0 -32 -1 -38 -4 -37 -5 -37 -3 -33 -7 -31 -9 -30 -7 -28 -5 -26 -4 -21 -3 -20 -2 0 0 0 0 0 0 0 0 0 0 0 0 0 0 0 0 0 0 0 0 0 0 5 -15 4 -15 1 -16 -1 -18 -2 -13 -8 -15 -9 -18 -12 -16 -12 -17 -15 -17 -17 -15 -16 -13 -19 -13 -20 -14 -20 -8 -19 -9 -17 -1 -16 -2 -17 3 -16 5 -20 5 -13 7 -13 10 -11 14 -10 15 -10 16 ],2025-05-07_20-07-58-295
CSI_DATA,PASSIVE,5C:E9:31:E8:F4:66,-77,11,0,0,0,0,0,0,0,0,0,-96,0,11,0,2298371191,0,80,0,0,2298.57,128,[80 0 5 0 -23 -11 -25 -13 -19 -10 -20 -13 -18 -13 -19 -16 -19 -20 -16 -21 -8 -22 -13 -25 -8 -29 -10 -29 -8 -34 0 -33 0 -39 1 -34 4 -34 4 -34 5 -34 1 -33 5 -28 0 -28 0 -24 1 -25 -1 -20 0 0 0 0 0 0 0 0 0 0 0 0 0 0 0 0 0 0 0 0 0 0 16 5 14 3 15 4 13 0 17 -2 18 -6 15 -8 16 -13 18 -11 14 -14 17 -16 16 -16 15 -15 12 -18 6 -22 7 -19 3 -16 0 -16 0 -14 0 -17 -8 -15 -13 -16 -12 -12 -13 -11 -15 -14 -17 -11 ],2025-05-07_20-07-58-300
CSI_DATA,PASSIVE,5C:E9:31:E8:F4:66,-76,11,0,0,0,0,0,0,0,0,0,-96,0,11,0,2298371340,0,94,0,0,2298.58,128,[94 -32 5 0 -24 7 -22 9 -25 6 -26 4 -24 4 -23 0 -24 -5 -27 -9 -24 -11 -25 -15 -22 -15 -25 -21 -24 -21 -22 -30 -20 -27 -20 -29 -19 -32 -18 -32 -14 -28 -13 -29 -12 -28 -14 -24 -12 -22 -13 -19 -15 -16 0 0 0 0 0 0 0 0 0 0 0 0 0 0 0 0 0 0 0 0 0 0 15 -6 13 -6 13 -8 14 -10 12 -11 11 -15 9 -15 5 -17 2 -20 5 -23 0 -22 2 -21 1 -20 0 -26 -5 -23 -5 -18 -4 -19 -13 -17 -7 -13 -13 -7 -16 -5 -14 -6 -16 -3 -13 2 -20 1 -21 0 ],2025-05-07_20-07-58-306
CSI_DATA,PASSIVE,5C:E9:31:E8:F4:66,-77,11,0,0,0,0,0,0,0,0,0,-96,0,11,0,2298371509,0,98,0,0,2298.59,128,[98 32 6 0 -9 -17 -12 -21 -6 -21 -7 -17 -4 -20 -1 -22 3 -22 1 -22 5 -22 9 -20 13 -24 18 -22 20 -24 20 -23 22 -19 27 -20 29 -20 27 -19 27 -14 26 -12 22 -13 20 -12 19 -11 16 -11 13 -12 0 0 0 0 0 0 0 0 0 0 0 0 0 0 0 0 0 0 0 0 0 0 5 16 10 10 10 10 13 7 12 3 16 3 17 2 18 4 18 1 16 1 20 -4 20 -7 21 -10 18 -8 19 -6 13 -9 9 -11 13 -10 6 -13 9 -12 5 -15 2 -14 -4 -18 -3 -16 -7 -18 -6 -13 ],2025-05-07_20-07-58-312
CSI_DATA,PASSIVE,5C:E9:31:E8:E9:4E,-87,11,0,0,0,0,0,0,0,0,0,-96,0,11,0,2298388776,0,377,0,0,2298.59,128,[121 -111 23 0 -5 0 -6 1 -6 -3 -3 1 -6 1 0 6 -3 -2 0 5 -4 7 -6 12 2 6 9 12 0 23 8 16 3 13 0 20 2 20 -4 24 4 22 -2 18 -1 17 -9 21 -13 14 -5 7 -9 8 0 0 0 0 0 0 0 0 0 0 0 0 0 0 0 0 0 0 0 0 0 0 5 8 8 6 7 3 6 -1 6 4 3 -2 9 3 12 -8 7 -5 13 -16 17 -9 21 -7 14 -10 16 -13 8 -11 13 -12 6 -7 13 -10 7 -13 5 -8 4 -11 -5 -8 4 -7 4 -4 -2 -9 -9 -7 ],2025-05-07_20-07-58-316
CSI_DATA,PASSIVE,5C:E9:31:E8:E9:4E,-88,11,0,0,0,0,0,0,0,0,0,-96,0,11,0,2298393077,0,267,0,0,2298.6,128,[11 -79 16 0 1 6 -4 -11 -3 0 -5 -4 -6 -8 -10 -4 -3 -4 -1 -10 -5 -12 -12 -9 -15 -9 -16 0 -21 -6 -18 -11 -21 -6 -26 -10 -24 -15 -11 -13 -14 -10 -20 -14 -11 -14 -13 -22 -6 -15 -10 -16 -2 -12 0 0 0 0 0 0 0 0 0 0 0 0 0 0 0 0 0 0 0 0 0 0 -13 -1 -11 2 -9 0 -10 2 -7 5 -8 5 -6 9 -5 10 -10 14 0 17 -3 20 -4 20 -6 22 -4 20 -6 18 -6 21 -5 16 -9 14 3 16 3 12 4 14 6 3 -7 9 8 5 -2 2 -1 -1 ],2025-05-07_20-07-58-322
CSI_DATA,PASSIVE,5C:E9:31:E8:E9:4E,-86,11,0,0,0,0,0,0,0,0,0,-96,0,11,0,2298396083,0,287,0,0,2298.6,128,[31 -15 17 0 11 -3 -1 1 7 8 13 -2 7 5 12 2 13 2 13 -3 11 -3 8 -1 6 -16 6 -13 10 -10 15 -5 12 -16 13 -19 23 -10 17 -12 17 -12 13 -7 16 0 15 -7 16 -1 9 6 9 9 0 0 0 0 0 0 0 0 0 0 0 0 0 0 0 0 0 0 0 0 0 0 4 -7 4 -7 10 -7 8 -8 -2 -19 -3 -12 -10 -22 -21 -14 -12 0 -10 -6 -8 -8 0 -1 -26 -7 -17 -19 -10 -9 -6 -4 -21 -5 -17 -16 -7 -2 -8 -4 -16 -3 -7 2 -19 -11 -5 -7 -8 -3 4 8 ],2025-05-07_20-07-58-328
CSI_DATA,PASSIVE,5C:E9:31:E8:E9:4E,-87,11,0,0,0,0,0,0,0,0,0,-96,0,11,0,2298431190,0,130,0,0,2298.61,128,[-126 32 8 0 -9 -1 -3 13 -2 11 -1 0 -4 10 -5 12 -8 7 6 3 4 9 6 11 11 11 7 6 15 11 22 12 15 12 17 19 16 13 17 15 20 11 15 16 14 16 11 18 0 13 11 19 0 21 0 0 0 0 0 0 0 0 0 0 0 0 0 0 0 0 0 0 0 0 0 0 -3 14 -4 4 5 1 6 2 12 -2 9 -1 9 6 9 9 2 14 17 -3 22 -4 23 2 19 -3 23 -4 14 -4 19 -3 16 4 12 -6 17 -9 15 -11 9 -20 9 -11 1 -4 -6 -9 13 -5 2 -5 ],2025-05-07_20-07-58-333
CSI_DATA,PASSIVE,5C:E9:31:E8:E9:4E,-88,11,0,0,0,0,0,0,0,0,0,-96,0,11,0,2298445486,0,98,0,0,2298.61,128,[98 32 6 0 -8 -1 -5 -2 -1 5 -7 7 -8 6 -7 1 -4 4 -5 11 -3 7 2 14 5 19 14 16 12 16 12 14 11 20 12 21 7 22 3 23 8 20 3 17 -9 17 -6 20 -2 14 -4 18 -2 10 0 0 0 0 0 0 0 0 0 0 0 0 0 0 0 0 0 0 0 0 0 0 12 7 -3 8 10 6 5 4 3 1 11 -7 9 -13 9 -11 16 -4 13 -11 13 -15 11 -16 18 -16 4 -14 16 -18 15 -15 20 -1 11 -10 3 -12 -3 -7 9 -7 5 -11 7 -9 6 -1 0 -2 1 -3 ],2025-05-07_20-07-58-338
CSI_DATA,PASSIVE,5C:E9:31:E8:E9:4E,-87,11,0,0,0,0,0,0,0,0,0,-96,0,11,0,2298456721,0,98,0,0,2298.62,128,[98 32 6 0 1 -4 -3 3 -11 -4 -1 7 -2 11 -4 -6 2 8 9 0 3 1 8 10 7 12 10 18 18 2 13 18 9 21 15 15 14 17 12 17 12 15 12 28 8 22 7 21 -1 23 3 13 -3 15 0 0 0 0 0 0 0 0 0 0 0 0 0 0 0 0 0 0 0 0 0 0 2 4 13 5 3 2 7 -5 7 0 9 -10 14 -9 14 -11 11 -11 10 -11 12 -18 17 -16 11 -14 9 -16 7 -21 8 -21 5 -14 4 -13 6 -20 7 -16 2 -16 -2 -13 1 -6 -3 -13 -3 -3 7 -6 ],2025-05-07_20-07-58-348
CSI_DATA,PASSIVE,5C:E9:31:E8:F4:66,-77,11,0,0,0,0,0,0,0,0,0,-96,0,11,0,2298470861,0,377,0,0,2298.64,128,[121 -111 23 0 20 -10 19 -9 16 -6 20 -5 24 1 17 -7 29 0 23 4 29 4 32 9 22 9 32 5 33 13 33 11 39 20 36 14 33 13 27 17 20 21 21 24 24 20 23 11 21 14 14 17 22 7 0 0 0 0 0 0 0 0 0 0 0 0 0 0 0 0 0 0 0 0 0 0 -19 6 -20 3 -19 5 -16 5 -18 7 -13 6 -15 5 -2 9 -9 21 -6 21 3 25 3 14 -7 20 -1 18 10 22 16 22 3 15 11 19 5 8 10 7 16 6 12 -1 16 -3 17 -4 17 -4 19 -3 ],2025-05-07_20-07-58-363
CSI_DATA,PASSIVE,5C:E9:31:E8:F4:66,-76,11,0,0,0,0,0,0,0,0,0,-96,0,11,0,2298471406,0,397,0,0,2298.64,128,[-115 -47 24 0 20 -9 13 -9 17 -8 16 -7 20 -6 20 -4 22 -1 24 0 24 3 24 3 27 4 29 7 26 10 29 10 30 15 27 19 27 16 26 19 27 16 25 16 22 18 20 15 20 11 17 8 18 9 0 0 0 0 0 0 0 0 0 0 0 0 0 0 0 0 0 0 0 0 0 0 -18 -1 -16 0 -17 3 -14 5 -15 5 -15 7 -9 7 -9 11 -10 13 -7 13 -3 15 -3 17 -1 15 -3 13 2 14 4 11 4 9 6 10 7 4 10 5 10 0 13 5 13 0 15 -2 14 -3 15 -4 ],2025-05-07_20-07-58-368
CSI_DATA,PASSIVE,5C:E9:31:E8:F4:66,-77,11,0,0,0,0,0,0,0,0,0,-96,0,11,0,2298471979,0,267,0,0,2298.65,128,[11 -79 16 0 13 13 14 12 12 11 8 16 12 16 8 17 12 19 5 23 5 24 3 22 -2 27 -3 25 -4 30 -7 29 -7 31 -9 32 -12 30 -10 28 -14 27 -15 25 -11 25 -8 21 -9 23 -7 20 -5 20 0 0 0 0 0 0 0 0 0 0 0 0 0 0 0 0 0 0 0 0 0 0 -12 -14 -13 -11 -11 -14 -12 -10 -14 -4 -14 -6 -16 -3 -16 -1 -14 1 -16 3 -16 3 -14 5 -15 10 -14 9 -12 8 -9 8 -9 11 -2 11 -3 13 -2 13 3 13 3 9 4 13 7 13 10 10 14 12 ],2025-05-07_20-07-58-374
CSI_DATA,PASSIVE,5C:E9:31:E8:F4:66,-76,11,0,0,0,0,0,0,0,0,0,-96,0,11,0,2298472376,0,287,0,0,2298.65,128,[31 -15 17 0 -9 18 -11 16 -13 16 -12 15 -15 14 -18 10 -15 8 -24 8 -24 8 -29 5 -28 5 -27 0 -30 -1 -37 -4 -33 -4 -34 -9 -33 -10 -33 -12 -32 -11 -28 -12 -28 -7 -25 -9 -23 -9 -23 -5 -21 -4 0 0 0 0 0 0 0 0 0 0 0 0 0 0 0 0 0 0 0 0 0 0 13 -15 9 -12 7 -17 8 -16 6 -16 1 -18 -4 -19 -4 -18 -3 -14 -5 -17 -4 -14 -6 -15 -9 -15 -11 -13 -10 -9 -13 -9 -14 -4 -11 -3 -11 -1 -15 4 -11 7 -12 9 -14 7 -15 10 -14 13 -13 14 ],2025-05-07_20-07-58-380
CSI_DATA,PASSIVE,5C:E9:31:E8:F4:66,-77,11,0,0,0,0,0,0,0,0,0,-96,0,11,0,2298472801,0,130,0,0,2298.66,128,[-126 32 8 0 -15 -18 -10 -15 -11 -19 -9 -18 -12 -22 -9 -26 -8 -23 -3 -28 1 -27 4 -27 4 -32 6 -33 10 -35 10 -35 9 -30 17 -35 18 -32 17 -33 18 -31 16 -29 13 -26 12 -25 11 -27 9 -24 5 -20 0 0 0 0 0 0 0 0 0 0 0 0 0 0 0 0 0 0 0 0 0 0 4 20 3 16 3 20 6 17 8 14 11 14 12 10 14 10 15 5 16 6 16 6 15 0 19 0 16 -2 16 -3 11 -9 11 -9 9 -7 9 -12 3 -15 7 -12 -1 -15 -5 -17 -5 -13 -10 -16 -7 -19 ],2025-05-07_20-07-58-385
CSI_DATA,PASSIVE,5C:E9:31:E8:F4:66,-77,11,0,0,0,0,0,0,0,0,0,-96,0,11,0,2298473018,0,94,0,0,2298.67,128,[94 -32 5 0 -14 13 -13 10 -17 14 -15 12 -16 10 -17 7 -24 3 -22 3 -23 0 -27 1 -26 -8 -31 -10 -31 -6 -30 -11 -30 -11 -29 -13 -30 -15 -31 -15 -30 -14 -25 -16 -25 -13 -21 -13 -22 -9 -21 -9 -18 -8 0 0 0 0 0 0 0 0 0 0 0 0 0 0 0 0 0 0 0 0 0 0 15 -7 13 -7 13 -10 10 -13 11 -12 7 -13 8 -17 3 -14 0 -16 0 -18 0 -16 -2 -17 -3 -15 -4 -13 -8 -14 -7 -12 -9 -8 -9 -7 -11 -4 -11 0 -13 -1 -13 3 -13 3 -14 7 -16 9 -11 7 ],2025-05-07_20-07-58-391
CSI_DATA,PASSIVE,5C:E9:31:E8:F4:66,-77,11,0,0,0,0,0,0,0,0,0,-96,0,11,0,2298473187,0,80,0,0,2298.67,128,[80 0 5 0 -18 -10 -18 -9 -18 -11 -16 -11 -14 -15 -11 -12 -12 -18 -9 -21 -8 -24 -11 -23 -10 -25 -9 -29 -6 -28 -7 -32 -3 -32 -5 -33 1 -34 -3 -33 4 -32 2 -29 3 -29 0 -27 -2 -26 -1 -19 -2 -18 0 0 0 0 0 0 0 0 0 0 0 0 0 0 0 0 0 0 0 0 0 0 13 14 12 13 9 10 13 10 13 5 15 9 16 3 15 -1 14 -1 14 -4 14 -5 14 -4 13 -7 12 -8 8 -11 6 -11 6 -11 -1 -13 2 -11 -1 -12 -4 -12 -5 -11 -7 -10 -12 -12 -12 -6 -13 -14 ],2025-05-07_20-07-58-397
CSI_DATA,PASSIVE,5C:E9:31:E8:E9:4E,-89,11,0,0,0,0,0,0,0,0,0,-96,0,11,0,2298494324,0,329,0,0,2298.68,128,[73 -111 20 0 -8 -1 1 3 -3 7 -2 9 0 10 -11 17 -4 5 -3 11 -6 10 -1 8 6 9 5 12 3 14 7 10 6 17 1 17 -4 25 7 32 -3 11 -4 22 -8 20 -9 14 -13 8 -4 8 -1 11 0 0 0 0 0 0 0 0 0 0 0 0 0 0 0 0 0 0 0 0 0 0 12 0 14 2 4 5 -1 -2 8 -10 11 0 9 -3 15 -15 10 -4 5 -21 -1 -19 -1 -13 13 -13 12 -13 5 -9 5 -12 1 -14 6 -25 3 -18 6 -14 -6 -20 1 -15 -9 -10 -7 -8 -4 6 -7 4 ],2025-05-07_20-07-58-402
CSI_DATA,PASSIVE,5C:E9:31:E8:E9:4E,-88,11,0,0,0,0,0,0,0,0,0,-96,0,11,0,2298502414,0,158,0,0,2298.68,128,[-98 -32 9 0 3 0 5 5 12 1 -1 -2 7 3 7 4 11 0 3 0 12 -6 10 -1 10 0 19 5 15 -2 22 -12 21 1 21 -1 18 1 14 -2 25 5 13 5 13 6 14 9 11 22 12 7 9 11 0 0 0 0 0 0 0 0 0 0 0 0 0 0 0 0 0 0 0 0 0 0 2 -9 -3 -10 3 -2 0 -9 -10 -9 -12 -5 -21 -8 -11 -2 -19 -6 -17 -10 -21 -11 -22 -19 -17 -8 -14 -10 -21 -7 -20 -7 -16 1 -17 -1 -9 -1 -18 -2 -14 -12 -14 -1 -16 -8 -14 -6 -12 3 -4 3 ],2025-05-07_20-07-58-407
CSI_DATA,PASSIVE,5C:E9:31:E8:E9:4E,-90,11,0,0,0,0,0,0,0,0,0,-96,0,11,0,2298537023,0,120,0,0,2298.7,128,[120 -128 7 0 4 -3 4 -3 -1 -4 3 -6 -4 -7 -1 -7 -5 -8 -2 3 0 -13 -5 -9 -16 -10 -9 -14 -6 -17 -9 -25 -14 -25 3 -27 0 -22 -7 -21 -5 -24 2 -19 0 -24 6 -20 2 -12 5 -13 3 -13 0 0 0 0 0 0 0 0 0 0 0 0 0 0 0 0 0 0 0 0 0 0 -8 -6 -10 -4 -1 -5 -11 -1 -10 1 -8 3 -5 6 -13 9 -7 9 -14 5 -13 8 -12 14 -14 23 -13 13 -16 11 -19 16 -11 15 -13 11 -3 14 -4 12 1 18 -5 6 2 7 -1 8 1 1 0 -3 ],2025-05-07_20-07-58-429
CSI_DATA,PASSIVE,5C:E9:31:E8:F4:66,-77,11,0,0,0,0,0,0,0,0,0,-96,0,11,0,2298573428,0,148,0,0,2298.74,128,[-108 64 9 0 -8 -19 -7 -20 -8 -24 -3 -21 -4 -22 -2 -24 3 -23 3 -25 5 -22 14 -23 15 -21 17 -23 21 -27 22 -24 23 -21 22 -19 27 -19 24 -19 25 -17 21 -20 21 -19 18 -17 16 -14 13 -15 12 -11 0 0 0 0 0 0 0 0 0 0 0 0 0 0 0 0 0 0 0 0 0 0 7 17 4 10 10 12 10 10 14 8 12 9 14 7 16 6 19 3 20 3 21 3 17 0 21 -3 17 -5 19 -2 14 -7 15 -11 6 -9 9 -11 4 -13 1 -12 2 -18 -1 -16 -3 -18 -4 -15 -7 -16 ],2025-05-07_20-07-58-465
CSI_DATA,PASSIVE,5C:E9:31:E8:F4:66,-76,11,0,0,0,0,0,0,0,0,0,-96,0,11,0,2298573669,0,329,0,0,2298.75,128,[73 -111 20 0 11 12 11 17 14 18 12 14 8 16 8 15 3 21 -2 26 -1 21 -2 24 -4 27 -8 28 -12 28 -17 28 -17 26 -16 26 -19 25 -15 25 -14 21 -16 27 -17 22 -17 19 -17 18 -15 18 -11 16 0 0 0 0 0 0 0 0 0 0 0 0 0 0 0 0 0 0 0 0 0 0 -15 -11 -12 -8 -13 -7 -14 -4 -16 -2 -15 -1 -20 2 -17 3 -18 4 -18 4 -16 11 -17 9 -18 11 -16 11 -13 12 -10 14 -8 14 -5 11 -3 13 -1 14 -1 12 7 15 4 11 6 12 9 15 13 13 ],2025-05-07_20-07-58-471
CSI_DATA,PASSIVE,5C:E9:31:E8:F4:66,-77,11,0,0,0,0,0,0,0,0,0,-96,0,11,0,2298574150,0,349,0,0,2298.75,128,[93 -47 21 0 13 -21 14 -19 15 -22 15 -23 16 -21 16 -19 24 -15 23 -11 24 -11 26 -7 28 -7 33 -3 33 -1 36 4 34 9 37 4 32 3 36 6 34 9 30 7 32 7 26 7 25 8 22 7 25 2 0 0 0 0 0 0 0 0 0 0 0 0 0 0 0 0 0 0 0 0 0 0 -8 16 -5 16 -4 17 -2 19 -1 15 3 15 5 18 12 17 9 19 14 12 15 16 12 14 17 18 19 12 17 12 16 11 13 5 17 2 14 -2 14 -5 13 -7 16 -10 14 -13 13 -14 7 -17 7 -15 ],2025-05-07_20-07-58-476
CSI_DATA,PASSIVE,5C:E9:31:E8:F4:66,-76,11,0,0,0,0,0,0,0,0,0,-96,0,11,0,2298574659,0,158,0,0,2298.76,128,[-98 -32 9 0 3 -23 -2 -21 7 -23 4 -21 1 -22 8 -23 10 -21 9 -22 17 -19 19 -19 19 -20 26 -15 28 -17 29 -15 30 -14 28 -13 36 -13 31 -10 27 -9 31 -11 25 -9 22 -8 23 -8 17 -8 16 -11 0 0 0 0 0 0 0 0 0 0 0 0 0 0 0 0 0 0 0 0 0 0 -7 15 -3 17 -3 16 0 13 4 12 6 13 9 14 11 16 12 12 17 11 17 12 15 9 14 5 15 9 14 6 16 3 12 -3 16 -1 14 -5 8 -7 13 -8 7 -11 4 -14 3 -13 1 -17 4 -13 ],2025-05-07_20-07-58-482
CSI_DATA,PASSIVE,5C:E9:31:E8:F4:66,-76,11,0,0,0,0,0,0,0,0,0,-96,0,11,0,2298574912,0,165,0,0,2298.76,128,[-91 80 10 0 -20 -4 -19 -5 -19 -6 -22 -6 -19 -12 -17 -14 -16 -16 -16 -17 -14 -18 -11 -23 -14 -30 -8 -29 -8 -31 -6 -31 -6 -35 -2 -33 -2 -33 -1 -32 1 -32 0 -28 1 -29 0 -24 -1 -23 -3 -21 -2 -22 0 0 0 0 0 0 0 0 0 0 0 0 0 0 0 0 0 0 0 0 0 0 14 3 16 1 16 -3 13 -2 15 -6 14 -6 13 -9 14 -12 12 -14 12 -17 12 -19 10 -19 10 -19 5 -19 7 -17 5 -18 -1 -18 -2 -13 -2 -14 -4 -9 -12 -12 -13 -9 -12 -7 -14 -10 -18 -7 -20 -6 ],2025-05-07_20-07-58-488
CSI_DATA,PASSIVE,5C:E9:31:E8:F4:66,-77,11,0,0,0,0,0,0,0,0,0,-96,0,11,0,2298575173,0,185,0,0,2298.77,128,[-71 -112 11 0 -1 22 3 20 0 21 -1 21 -2 22 -5 20 -8 24 -8 21 -13 20 -16 20 -19 23 -22 19 -26 18 -25 17 -30 15 -31 15 -33 13 -30 13 -30 11 -27 10 -28 9 -23 9 -22 10 -19 8 -18 10 0 0 0 0 0 0 0 0 0 0 0 0 0 0 0 0 0 0 0 0 0 0 1 -18 -2 -15 -4 -16 -6 -13 -7 -11 -10 -13 -12 -12 -14 -13 -15 -11 -17 -12 -20 -11 -20 -8 -19 -3 -19 -5 -20 -4 -19 1 -15 1 -15 4 -11 7 -12 9 -8 11 -6 10 -3 13 -2 13 0 14 -1 18 ],2025-05-07_20-07-58-493
CSI_DATA,PASSIVE,5C:E9:31:E8:F4:66,-77,11,0,0,0,0,0,0,0,0,0,-96,0,11,0,2298575462,0,193,0,0,2298.77,128,[-63 16 12 0 20 10 18 10 14 13 16 10 15 15 14 13 13 20 12 23 7 19 6 23 1 25 2 29 -4 32 -4 31 -8 30 -6 33 -11 30 -13 31 -12 29 -13 27 -11 25 -8 25 -5 20 -9 21 -5 21 0 0 0 0 0 0 0 0 0 0 0 0 0 0 0 0 0 0 0 0 0 0 -14 -13 -12 -8 -13 -8 -16 -1 -13 1 -15 0 -16 4 -15 9 -20 7 -13 10 -18 9 -19 11 -17 17 -18 13 -14 15 -8 16 -8 17 -5 9 -1 13 1 15 4 10 7 13 5 10 10 12 12 9 14 11 ],2025-05-07_20-07-58-499
CSI_DATA,PASSIVE,5C:E9:31:E8:F4:66,-76,11,0,0,0,0,0,0,0,0,0,-96,0,11,0,2298575763,0,173,0,0,2298.78,128,[-83 -48 10 0 -12 20 -16 16 -15 19 -16 15 -19 18 -20 17 -21 14 -28 8 -26 9 -31 7 -28 6 -36 4 -34 0 -39 -3 -35 -3 -40 -6 -38 -7 -32 -6 -34 -9 -32 -8 -30 -5 -28 -9 -27 -7 -21 -5 -20 -3 0 0 0 0 0 0 0 0 0 0 0 0 0 0 0 0 0 0 0 0 0 0 13 -12 11 -14 10 -11 5 -16 6 -15 1 -16 1 -21 -4 -22 0 -21 -6 -21 -10 -23 -10 -22 -11 -19 -12 -19 -12 -18 -16 -15 -14 -9 -15 -5 -15 -5 -14 0 -11 3 -13 5 -17 10 -14 11 -14 10 -12 15 ],2025-05-07_20-07-58-505
CSI_DATA,PASSIVE,5C:E9:31:E8:F4:66,-77,11,0,0,0,0,0,0,0,0,0,-96,0,11,0,2298576036,0,158,0,0,2298.78,128,[-98 -32 9 0 -15 18 -17 13 -15 15 -17 11 -20 8 -19 7 -24 6 -25 3 -22 6 -27 -2 -29 -3 -29 -4 -30 -8 -31 -11 -33 -13 -33 -14 -31 -17 -29 -18 -25 -14 -28 -13 -22 -16 -23 -14 -23 -10 -18 -9 -19 -3 0 0 0 0 0 0 0 0 0 0 0 0 0 0 0 0 0 0 0 0 0 0 12 -5 13 -9 10 -12 7 -12 11 -14 3 -13 3 -17 2 -19 0 -19 -2 -22 -3 -21 -7 -20 -7 -20 -5 -19 -11 -16 -7 -14 -10 -13 -10 -12 -10 -7 -11 -4 -11 1 -12 1 -14 5 -14 10 -10 6 -13 10 ],2025-05-07_20-07-58-511
CSI_DATA,PASSIVE,5C:E9:31:E8:F4:66,-77,11,0,0,0,0,0,0,0,0,0,-96,0,11,0,2298576289,0,120,0,0,2298.79,128,[120 -128 7 0 13 15 14 17 12 19 11 20 7 23 8 26 2 23 -1 30 -1 26 -5 30 -8 27 -12 33 -14 32 -15 34 -16 32 -22 33 -19 28 -22 27 -21 26 -25 25 -19 22 -17 24 -16 21 -9 16 -10 19 0 0 0 0 0 0 0 0 0 0 0 0 0 0 0 0 0 0 0 0 0 0 -6 -17 -8 -14 -9 -13 -14 -13 -14 -10 -14 -10 -18 -10 -20 -5 -20 -3 -24 -4 -20 -1 -25 2 -23 5 -23 4 -19 4 -18 6 -13 7 -12 7 -11 11 -5 14 -5 11 1 11 2 15 4 19 7 15 10 17 ],2025-05-07_20-07-58-516
CSI_DATA,PASSIVE,5C:E9:31:E8:E9:4E,-88,11,0,0,0,0,0,0,0,0,0,-96,0,11,0,2298654863,0,130,0,0,2298.82,128,[-126 32 8 0 7 -9 -13 -2 -8 2 -15 -6 -10 -6 -14 -3 -8 -4 -7 2 -9 0 -16 1 -22 11 -11 7 -20 9 -16 4 -24 12 -23 -1 -20 -2 -18 -2 -18 -8 -17 -6 -14 -9 -9 -6 -14 -8 -7 -13 -9 -9 0 0 0 0 0 0 0 0 0 0 0 0 0 0 0 0 0 0 0 0 0 0 1 6 8 8 7 5 11 5 4 -2 11 8 -7 -3 12 7 21 -4 11 -3 16 -6 15 -3 13 -2 19 -4 9 -16 19 -3 18 6 14 -2 6 -4 15 -14 10 -5 7 -3 26 -13 0 -1 5 -5 -12 -4 ],2025-05-07_20-07-58-546
CSI_DATA,PASSIVE,5C:E9:31:E8:E9:4E,-87,11,0,0,0,0,0,0,0,0,0,-96,0,11,0,2298663813,0,126,0,0,2298.83,128,[126 -32 7 0 5 -15 12 4 7 -1 4 -12 -1 -12 3 -16 -5 -7 -3 0 -3 -14 -11 -8 -11 -14 -5 -10 -9 -10 -20 -7 -6 -13 -16 -14 -10 -10 -15 -16 -15 -16 -5 -22 -7 -19 -7 -18 -13 -18 5 -18 3 -12 0 0 0 0 0 0 0 0 0 0 0 0 0 0 0 0 0 0 0 0 0 0 -10 -18 -10 -7 -8 -5 -15 -3 -10 1 -4 -2 -4 8 -17 9 -14 7 -26 16 -16 7 -13 11 -17 12 -19 2 -5 17 -9 16 -5 13 -1 5 -6 11 -9 13 -8 13 -6 12 -4 8 3 3 4 -1 -13 7 ],2025-05-07_20-07-58-556
CSI_DATA,PASSIVE,5C:E9:31:E8:F4:66,-76,11,0,0,0,0,0,0,0,0,0,-96,0,11,0,2298676563,0,94,0,0,2298.84,128,[94 -32 5 0 24 4 23 10 20 8 21 8 23 10 23 10 17 12 19 16 20 15 16 20 17 23 14 25 13 26 12 25 11 33 9 30 10 30 8 28 7 29 8 25 8 23 11 24 9 19 9 16 9 15 0 0 0 0 0 0 0 0 0 0 0 0 0 0 0 0 0 0 0 0 0 0 -10 -14 -11 -13 -12 -10 -11 -9 -14 -8 -16 -6 -18 -3 -17 2 -16 0 -20 5 -18 6 -18 9 -21 9 -17 8 -12 10 -12 7 -7 10 -6 11 -3 11 2 10 5 10 9 8 12 7 13 7 13 7 16 10 ],2025-05-07_20-07-58-568
CSI_DATA,PASSIVE,5C:E9:31:E8:F4:66,-76,11,0,0,0,0,0,0,0,0,0,-96,0,11,0,2298676732,0,108,0,0,2298.85,128,[108 -64 6 0 6 25 4 22 0 22 -1 22 1 22 -2 25 -3 25 -11 25 -10 23 -16 21 -19 20 -21 20 -20 18 -24 17 -24 16 -28 19 -27 12 -27 17 -28 13 -26 12 -23 9 -22 9 -21 10 -18 11 -15 11 0 0 0 0 0 0 0 0 0 0 0 0 0 0 0 0 0 0 0 0 0 0 1 -18 2 -16 -2 -18 -5 -15 -5 -15 -8 -15 -10 -13 -14 -12 -13 -12 -15 -11 -17 -8 -17 -7 -19 -7 -18 -5 -16 -3 -20 -3 -13 2 -13 3 -11 5 -10 10 -6 12 -1 14 -6 13 -3 15 2 18 2 18 ],2025-05-07_20-07-58-574
CSI_DATA,PASSIVE,5C:E9:31:E8:F4:66,-76,11,0,0,0,0,0,0,0,0,0,-96,0,11,0,2298676917,0,128,0,0,2298.85,128,[-128 0 8 0 1 21 -4 24 -1 19 -6 24 -6 27 -8 22 -11 19 -14 18 -13 21 -21 20 -23 15 -27 17 -26 16 -27 12 -32 14 -32 11 -28 13 -28 8 -30 8 -29 5 -25 9 -27 7 -23 5 -20 8 -22 13 0 0 0 0 0 0 0 0 0 0 0 0 0 0 0 0 0 0 0 0 0 0 8 -17 8 -13 6 -16 1 -15 2 -12 -2 -18 -5 -18 -7 -15 -11 -17 -12 -16 -16 -16 -14 -13 -16 -10 -19 -12 -14 -6 -13 -5 -12 -2 -12 -2 -13 6 -11 5 -3 8 -7 9 -4 13 -3 14 -6 15 -2 17 ],2025-05-07_20-07-58-580
CSI_DATA,PASSIVE,5C:E9:31:E8:F4:66,-76,11,0,0,0,0,0,0,0,0,0,-96,0,11,0,2298677130,0,158,0,0,2298.86,128,[-98 -32 9 0 -28 -3 -29 -3 -21 -4 -21 -12 -24 -11 -21 -10 -21 -12 -20 -14 -17 -19 -17 -20 -11 -27 -14 -24 -11 -30 -14 -28 -8 -31 -9 -34 -5 -33 -3 -32 -6 -29 -5 -28 -3 -29 -5 -24 -5 -21 -4 -17 -2 -19 0 0 0 0 0 0 0 0 0 0 0 0 0 0 0 0 0 0 0 0 0 0 14 12 12 10 14 8 15 4 15 1 14 -1 14 -3 15 -8 14 -8 19 -10 17 -13 10 -9 15 -11 13 -12 12 -14 5 -15 7 -14 -1 -13 0 -9 -1 -14 -10 -10 -13 -11 -11 -8 -12 -6 -16 -4 -19 -7 ],2025-05-07_20-07-58-586
CSI_DATA,PASSIVE,5C:E9:31:E8:F4:66,-76,11,0,0,0,0,0,0,0,0,0,-96,0,11,0,2298677383,0,130,0,0,2298.87,128,[-126 32 8 0 -6 21 -12 20 -12 20 -10 22 -17 17 -13 20 -15 18 -16 17 -20 14 -22 12 -27 9 -30 9 -29 11 -31 7 -33 5 -33 4 -33 1 -34 3 -31 1 -29 0 -29 1 -27 2 -22 3 -18 5 -22 5 0 0 0 0 0 0 0 0 0 0 0 0 0 0 0 0 0 0 0 0 0 0 12 -15 11 -11 6 -12 5 -12 5 -13 1 -20 -2 -19 -5 -19 -5 -12 -12 -19 -4 -19 -8 -21 -8 -13 -11 -13 -11 -12 -13 -12 -10 -3 -13 -5 -16 -3 -9 1 -13 5 -13 5 -10 8 -12 11 -11 14 -9 16 ],2025-05-07_20-07-58-591
CSI_DATA,PASSIVE,5C:E9:31:E8:F4:66,-76,11,0,0,0,0,0,0,0,0,0,-96,0,11,0,2298677599,0,126,0,0,2298.87,128,[126 -32 7 0 22 7 21 4 21 7 19 9 22 8 19 12 18 11 16 19 16 18 18 20 12 23 12 24 7 26 9 31 10 30 6 35 5 27 4 31 4 27 3 28 4 25 6 23 3 21 2 21 6 13 0 0 0 0 0 0 0 0 0 0 0 0 0 0 0 0 0 0 0 0 0 0 -14 -7 -15 -7 -14 -3 -13 -3 -17 -2 -15 -1 -15 5 -12 4 -18 8 -15 9 -14 13 -14 13 -16 12 -14 12 -8 12 -8 17 -2 14 -2 11 2 12 4 13 6 7 13 6 9 7 11 6 14 4 14 6 ],2025-05-07_20-07-58-596
CSI_DATA,PASSIVE,5C:E9:31:E8:E9:4E,-88,11,0,0,0,0,0,0,0,0,0,-96,0,11,0,2298689027,0,126,0,0,2298.88,128,[126 -32 7 0 2 -6 1 1 -2 2 0 -2 6 0 -6 -7 -9 -15 -9 -13 -5 -16 -7 -6 -10 -5 -7 -12 -13 -10 -25 -13 -25 -17 -22 -8 -19 -20 -11 -15 -20 -21 -12 -17 -5 -17 -13 -26 -7 -12 -2 -12 0 -15 0 0 0 0 0 0 0 0 0 0 0 0 0 0 0 0 0 0 0 0 0 0 -7 4 -3 2 -1 2 -10 8 -5 7 -2 2 -9 13 1 10 -4 9 -8 20 -3 20 -6 15 5 15 -7 27 0 12 2 11 16 14 15 13 7 17 10 5 -2 14 8 6 4 6 9 8 3 -2 0 1 ],2025-05-07_20-07-58-602
CSI_DATA,PASSIVE,5C:E9:31:E8:E9:4E,-88,11,0,0,0,0,0,0,0,0,0,-96,0,11,0,2298702847,0,222,0,0,2298.88,128,[-34 -32 13 0 -8 -13 2 1 -16 9 -6 -10 0 -2 -11 0 -15 -4 -10 -6 -17 2 -9 13 -15 -2 -10 4 -21 1 -24 11 -13 11 -21 8 -16 6 -25 2 -11 14 -20 -5 -15 -11 -14 -8 -15 1 -13 -10 -10 -8 0 0 0 0 0 0 0 0 0 0 0 0 0 0 0 0 0 0 0 0 0 0 -3 6 -8 5 -6 1 9 7 12 3 0 10 19 9 11 10 12 11 12 12 14 12 16 5 11 13 8 6 14 16 15 6 10 3 14 -1 14 -6 14 -4 11 5 15 -5 13 -16 8 7 4 -3 3 -3 ],2025-05-07_20-07-58-607
CSI_DATA,PASSIVE,5C:E9:31:E8:E9:4E,-89,11,0,0,0,0,0,0,0,0,0,-96,0,11,0,2298703184,0,242,0,0,2298.89,128,[-14 32 15 0 14 -2 13 6 17 -14 7 -7 11 -8 1 -18 16 -15 7 -4 3 -4 13 -15 7 -5 8 -10 -1 -17 8 -10 12 -19 7 -19 21 -18 16 -14 5 -20 17 -9 18 -18 18 -3 16 -7 17 1 17 1 0 0 0 0 0 0 0 0 0 0 0 0 0 0 0 0 0 0 0 0 0 0 -7 -11 -13 -2 -9 2 -7 -6 -7 -7 -3 3 -11 5 -14 6 -24 8 -11 4 -13 7 -16 6 -6 4 -17 6 -11 3 -2 14 -13 7 -16 12 -7 23 -13 2 3 13 -7 7 0 11 4 8 2 8 8 1 ],2025-05-07_20-07-58-612
CSI_DATA,PASSIVE,5C:E9:31:E8:E9:4E,-88,11,0,0,0,0,0,0,0,0,0,-96,0,11,0,2298713895,0,119,0,0,2298.89,128,[119 112 7 0 -13 0 -10 -13 4 -14 -6 -8 3 -13 -4 -1 -6 -2 -10 -4 -5 -3 -11 -1 -15 1 -19 -3 -19 2 -25 -1 -12 2 -21 3 -23 -3 -22 -5 -17 -13 -14 -8 -17 -2 -17 1 -18 -15 -15 -3 -11 -11 0 0 0 0 0 0 0 0 0 0 0 0 0 0 0 0 0 0 0 0 0 0 -9 2 -10 -3 -3 1 -16 9 -4 7 2 10 -3 12 -3 4 -10 16 -3 20 3 18 -7 15 3 20 5 19 -7 20 1 21 5 8 12 16 2 7 10 10 5 4 8 2 11 8 7 7 7 -5 -10 -1 ],2025-05-07_20-07-58-618
CSI_DATA,PASSIVE,5C:E9:31:E8:E9:4E,-89,11,0,0,0,0,0,0,0,0,0,-96,0,11,0,2298714096,0,139,0,0,2298.9,128,[-117 -80 8 0 0 -2 -11 0 -16 7 -13 1 -15 -5 -8 9 -2 8 -1 1 -14 5 -13 1 -5 16 -6 14 -12 10 -4 14 -14 7 -15 14 -14 11 -21 6 -18 8 -13 -3 -23 -3 -15 -5 -19 -4 -17 -7 -17 -6 0 0 0 0 0 0 0 0 0 0 0 0 0 0 0 0 0 0 0 0 0 0 5 6 8 6 4 1 7 -9 12 -4 8 -4 13 -8 7 -6 21 -9 15 -15 18 -5 20 -5 17 -2 14 -14 11 -18 14 -3 3 -10 14 -14 17 -5 13 -15 5 -9 9 -10 5 -6 2 -6 -1 0 -9 -4 ],2025-05-07_20-07-58-623
CSI_DATA,PASSIVE,5C:E9:31:E8:E9:4E,-89,11,0,0,0,0,0,0,0,0,0,-96,0,11,0,2298769895,0,127,0,0,2298.94,128,[127 -16 7 0 7 0 2 -4 12 -10 2 -14 8 -6 3 -15 0 -8 -2 -10 0 -12 -6 -16 -1 -14 -8 -17 -11 -21 -5 -15 -8 -14 -4 -20 6 -20 4 -21 8 -21 4 -19 2 -17 9 -19 11 -16 14 -13 6 -4 0 0 0 0 0 0 0 0 0 0 0 0 0 0 0 0 0 0 0 0 0 0 -11 6 -9 -3 -4 9 1 4 -2 9 -2 4 -5 9 -3 15 0 15 -1 13 1 18 3 18 2 10 -3 15 4 11 -1 15 4 18 8 12 4 12 3 9 3 10 7 9 4 6 7 13 3 1 -1 3 ],2025-05-07_20-07-58-661
CSI_DATA,PASSIVE,5C:E9:31:E8:E9:4E,-88,11,0,0,0,0,0,0,0,0,0,-96,0,11,0,2298770108,0,127,0,0,2298.94,128,[127 -16 7 0 1 0 7 -7 0 -3 4 -15 -5 -6 -5 -11 0 -7 -4 -9 -5 -7 -7 -12 -9 -20 -9 -11 -12 -15 -1 -8 0 -18 -6 -16 -2 -24 1 -22 -1 -18 -4 -19 4 -16 7 -12 3 -10 7 -6 9 -11 0 0 0 0 0 0 0 0 0 0 0 0 0 0 0 0 0 0 0 0 0 0 -9 6 -11 0 -9 -1 -8 10 -11 7 -2 3 2 5 -6 17 6 14 -1 17 -4 19 -4 17 -6 21 -3 18 2 25 -1 14 -3 13 -1 11 -2 14 0 10 7 6 1 7 2 6 6 0 3 7 5 -6 ],2025-05-07_20-07-58-666
CSI_DATA,PASSIVE,5C:E9:31:E8:F4:66,-77,11,0,0,0,0,0,0,0,0,0,-96,0,11,0,2298778275,0,126,0,0,2298.95,128,[126 -32 7 0 8 -22 1 -22 7 -25 10 -22 12 -21 14 -16 12 -20 13 -19 14 -17 23 -12 22 -18 29 -12 29 -7 29 -8 28 -4 36 -1 36 0 32 1 35 3 29 3 30 2 25 3 25 1 22 0 19 0 0 0 0 0 0 0 0 0 0 0 0 0 0 0 0 0 0 0 0 0 0 0 -4 19 -1 18 -3 19 0 17 2 15 5 15 7 18 9 15 13 13 11 14 15 15 17 10 14 10 19 8 16 5 15 2 12 1 17 -1 16 -4 11 -9 13 -14 8 -11 10 -20 6 -17 5 -20 4 -21 ],2025-05-07_20-07-58-672
CSI_DATA,PASSIVE,5C:E9:31:E8:F4:66,-77,11,0,0,0,0,0,0,0,0,0,-96,0,11,0,2298778484,0,222,0,0,2298.95,128,[-34 -32 13 0 -25 -7 -23 -3 -23 -9 -17 -9 -24 -9 -15 -8 -16 -13 -15 -14 -16 -19 -13 -21 -12 -24 -11 -23 -8 -27 -5 -29 -9 -28 -4 -31 -2 -31 0 -32 -1 -30 1 -27 2 -27 -1 -25 -1 -22 -1 -20 -1 -19 0 0 0 0 0 0 0 0 0 0 0 0 0 0 0 0 0 0 0 0 0 0 15 6 16 4 16 4 15 0 14 -1 15 -4 15 -5 13 -7 13 -8 13 -13 15 -8 9 -13 12 -17 9 -15 6 -12 5 -12 2 -15 -2 -11 -5 -13 -3 -12 -10 -12 -9 -9 -14 -8 -12 -9 -19 -7 -18 -7 ],2025-05-07_20-07-58-678
CSI_DATA,PASSIVE,5C:E9:31:E8:F4:66,-77,11,0,0,0,0,0,0,0,0,0,-96,0,11,0,2298778821,0,242,0,0,2298.96,128,[-14 32 15 0 19 -11 19 -10 23 -10 19 -6 23 -9 27 -4 27 2 25 3 25 1 25 7 19 16 22 14 28 12 25 17 26 18 25 22 23 24 26 22 21 25 21 21 23 21 21 18 19 17 13 11 14 13 0 0 0 0 0 0 0 0 0 0 0 0 0 0 0 0 0 0 0 0 0 0 -21 3 -18 5 -17 10 -16 7 -17 11 -10 11 -10 16 -6 20 -5 17 -3 16 -1 18 0 19 0 20 2 16 4 18 5 17 9 14 9 15 13 6 9 3 17 -1 12 -1 14 -3 11 -8 16 -9 19 -5 ],2025-05-07_20-07-58-683
CSI_DATA,PASSIVE,5C:E9:31:E8:F4:66,-77,11,0,0,0,0,0,0,0,0,0,-96,0,11,0,2298779186,0,158,0,0,2298.96,128,[-98 -32 9 0 -23 11 -22 10 -23 11 -23 13 -23 8 -26 2 -27 1 -22 0 -21 -7 -20 -9 -27 -13 -27 -17 -25 -19 -25 -20 -19 -19 -24 -26 -21 -28 -24 -27 -21 -25 -22 -24 -22 -20 -16 -20 -17 -18 -16 -14 -14 -16 0 0 0 0 0 0 0 0 0 0 0 0 0 0 0 0 0 0 0 0 0 0 18 -7 16 -9 15 -6 9 -11 13 -10 5 -15 7 -16 6 -18 2 -15 -3 -23 -2 -23 0 -19 0 -20 -3 -17 -5 -19 -7 -13 -9 -11 -11 -12 -10 -6 -14 -3 -12 -2 -20 -1 -15 4 -20 5 -19 10 -16 12 ],2025-05-07_20-07-58-689
CSI_DATA,PASSIVE,5C:E9:31:E8:F4:66,-77,11,0,0,0,0,0,0,0,0,0,-96,0,11,0,2298779439,0,119,0,0,2298.97,128,[119 112 7 0 12 23 5 22 7 27 5 23 0 21 0 21 -3 26 -7 21 -10 21 -11 21 -16 20 -24 19 -24 14 -23 20 -24 19 -31 15 -29 16 -33 15 -31 12 -26 11 -27 10 -25 8 -21 11 -23 10 -17 9 0 0 0 0 0 0 0 0 0 0 0 0 0 0 0 0 0 0 0 0 0 0 -6 -20 -8 -17 -8 -17 -9 -17 -9 -13 -13 -14 -15 -8 -17 -12 -18 -7 -17 -5 -19 -3 -20 -2 -18 -1 -18 0 -18 5 -14 8 -13 5 -13 8 -8 10 -10 13 -5 12 -3 19 -1 17 -1 19 6 21 4 21 ],2025-05-07_20-07-58-695
CSI_DATA,PASSIVE,5C:E9:31:E8:F4:66,-76,11,0,0,0,0,0,0,0,0,0,-96,0,11,0,2298780880,0,425,0,0,2298.98,128,[-87 -111 26 0 14 9 18 13 14 12 14 12 18 13 15 14 12 19 6 18 6 25 2 24 -4 20 -3 26 -1 28 -9 27 -1 34 -17 29 -8 28 -9 23 -19 22 -10 29 -9 22 -12 24 -7 16 -7 13 -1 20 0 0 0 0 0 0 0 0 0 0 0 0 0 0 0 0 0 0 0 0 0 0 -15 -11 -14 -8 -13 -10 -20 -4 -17 -6 -15 -3 -20 1 -15 4 -19 -1 -19 3 -21 9 -17 5 -18 0 -12 8 -10 10 -3 10 -3 19 0 12 -7 13 5 8 0 14 6 12 4 12 14 12 12 10 9 13 ],2025-05-07_20-07-58-700
CSI_DATA,PASSIVE,5C:E9:31:E8:F4:66,-76,11,0,0,0,0,0,0,0,0,0,-96,0,11,0,2298781489,0,158,0,0,2298.98,128,[-98 -32 9 0 -13 19 -13 21 -11 15 -10 19 -17 15 -18 16 -16 9 -15 16 -25 9 -26 7 -25 3 -27 5 -32 3 -29 -1 -26 -3 -28 0 -34 -4 -29 -5 -31 -6 -26 -5 -24 -1 -28 -5 -23 -2 -25 2 -24 0 0 0 0 0 0 0 0 0 0 0 0 0 0 0 0 0 0 0 0 0 0 0 14 -11 11 -12 12 -12 8 -10 9 -13 1 -12 4 -16 -1 -13 -2 -20 -8 -15 -2 -19 -10 -15 -6 -21 -6 -15 -9 -13 -10 -15 -11 -2 -13 -9 -14 1 -10 -1 -19 5 -13 5 -14 9 -16 11 -16 13 -10 16 ],2025-05-07_20-07-58-706
CSI_DATA,PASSIVE,5C:E9:31:E8:F4:66,-78,11,0,0,0,0,0,0,0,0,0,-96,0,11,0,2298781742,0,158,0,0,2298.99,128,[-98 -32 9 0 6 24 2 21 3 23 2 25 0 22 -4 23 -9 23 -8 19 -12 17 -17 21 -18 17 -19 16 -25 18 -27 16 -28 14 -31 14 -33 9 -33 10 -33 8 -29 6 -29 6 -26 10 -20 5 -27 10 -19 7 0 0 0 0 0 0 0 0 0 0 0 0 0 0 0 0 0 0 0 0 0 0 -4 -15 -6 -16 -7 -18 -14 -19 -9 -12 -15 -11 -15 -12 -15 -8 -21 -13 -24 -4 -23 -3 -22 -4 -20 -3 -15 0 -20 5 -14 8 -14 8 -12 8 -9 10 -12 10 -4 14 -5 17 -2 19 0 20 -3 18 2 19 ],2025-05-07_20-07-58-712
CSI_DATA,PASSIVE,5C:E9:31:E8:F4:66,-78,11,0,0,0,0,0,0,0,0,0,-96,0,11,0,2298783016,0,158,0,0,2298.99,128,[-98 -32 9 0 16 14 16 15 12 14 12 16 12 13 9 18 4 23 5 19 2 19 2 25 -4 20 -1 24 -6 24 -5 30 -18 29 -12 36 -19 28 -15 28 -11 19 -21 20 -13 24 -11 25 -8 20 -13 16 -12 19 0 0 0 0 0 0 0 0 0 0 0 0 0 0 0 0 0 0 0 0 0 0 -10 -18 -8 -13 -12 -13 -13 -12 -15 -7 -15 -3 -18 -1 -11 -2 -18 1 -21 5 -16 -1 -20 6 -11 8 -14 5 -15 9 -11 10 -7 10 -7 10 -5 10 1 13 3 17 3 15 2 13 10 14 13 14 12 16 ],2025-05-07_20-07-58-717
CSI_DATA,PASSIVE,5C:E9:31:E8:F4:66,-77,11,0,0,0,0,0,0,0,0,0,-96,0,11,0,2298783269,0,254,0,0,2299,128,[-2 -32 15 0 17 -10 17 -11 19 -12 20 -9 17 -8 16 2 25 -6 21 0 24 -2 17 3 21 4 20 3 27 9 27 15 20 9 32 16 30 12 28 17 24 18 24 16 26 17 23 7 22 10 18 11 14 5 0 0 0 0 0 0 0 0 0 0 0 0 0 0 0 0 0 0 0 0 0 0 -19 -2 -18 -3 -15 3 -13 9 -19 5 -12 5 -9 11 -4 8 -7 17 -8 21 -10 22 -2 17 3 21 -1 16 -1 19 -6 15 7 4 15 13 6 7 7 4 15 7 16 1 13 -7 14 -7 15 -5 15 -4 ],2025-05-07_20-07-58-722
CSI_DATA,PASSIVE,5C:E9:31:E8:E9:4E,-87,11,0,0,0,0,0,0,0,0,0,-96,0,11,0,2298827947,0,98,0,0,2299,128,[98 32 6 0 -6 1 -9 -5 0 4 -12 -9 -11 -2 -11 3 -10 14 -16 2 -12 12 -19 4 -10 19 -12 15 -19 17 -12 12 -17 13 -16 17 -17 18 -21 7 -19 2 -21 5 -22 3 -14 4 -13 -1 -12 -2 -11 -2 0 0 0 0 0 0 0 0 0 0 0 0 0 0 0 0 0 0 0 0 0 0 6 11 3 10 1 2 10 -2 7 -1 11 -1 10 -5 16 -2 7 -3 19 -6 19 -7 24 -5 16 -6 19 -10 21 -9 23 -5 15 -8 8 -7 8 -5 10 -14 21 -12 5 -8 6 -8 8 -6 1 -8 -1 -11 ],2025-05-07_20-07-58-728
CSI_DATA,PASSIVE,5C:E9:31:E8:E9:4E,-87,11,0,0,0,0,0,0,0,0,0,-96,0,11,0,2298838886,0,487,0,0,2299.01,128,[-25 113 30 0 4 4 2 6 1 3 1 0 -2 8 9 7 4 2 10 7 14 -2 13 1 16 -7 12 -6 21 -6 14 -4 16 -6 22 -10 30 -4 20 1 19 -3 16 4 20 0 12 -2 15 4 17 6 10 11 0 0 0 0 0 0 0 0 0 0 0 0 0 0 0 0 0 0 0 0 0 0 13 5 14 2 4 3 5 -7 5 2 7 -8 9 -6 -9 -8 1 -18 5 -12 0 -17 2 -15 -4 -22 1 -17 12 -17 0 -8 -1 -16 -10 -23 -2 -9 -6 -5 -10 -16 -14 -6 -7 -8 -15 -1 -9 -1 -8 -3 ],2025-05-07_20-07-58-733
CSI_DATA,PASSIVE,5C:E9:31:E8:E9:4E,-86,11,0,0,0,0,0,0,0,0,0,-96,0,11,0,2298843150,0,145,0,0,2299.01,128,[-111 16 9 0 -8 11 9 2 2 8 8 2 -1 15 9 17 5 2 6 2 13 -10 18 1 13 -1 1 -5 23 -12 15 -2 21 -1 20 -4 22 -13 14 -5 24 -4 19 -3 18 5 20 7 18 6 17 2 8 13 0 0 0 0 0 0 0 0 0 0 0 0 0 0 0 0 0 0 0 0 0 0 6 4 4 2 13 -3 9 1 4 -2 7 -6 5 -13 4 -9 12 -6 3 -11 4 -14 2 -24 -1 -17 1 -16 -2 -13 -2 -15 1 -11 -10 -16 -15 -12 -13 -15 3 -8 -6 -14 -6 -8 -9 2 -1 -12 2 -1 ],2025-05-07_20-07-58-738
CSI_DATA,PASSIVE,5C:E9:31:E8:F4:66,-76,11,0,0,0,0,0,0,0,0,0,-96,0,11,0,2298880480,0,126,0,0,2299.05,128,[126 -32 7 0 -16 9 -17 13 -20 12 -17 8 -21 10 -19 2 -24 4 -20 2 -22 -1 -27 -8 -21 -11 -29 -14 -31 -16 -25 -13 -30 -19 -33 -21 -17 -15 -23 -27 -24 -26 -18 -21 -28 -16 -24 -18 -11 -17 -18 -9 -17 -11 0 0 0 0 0 0 0 0 0 0 0 0 0 0 0 0 0 0 0 0 0 0 14 -6 16 -5 13 -9 5 -14 6 -12 4 -13 -1 -17 0 -19 1 -17 -1 -16 -6 -19 -3 -17 -4 -14 -1 -19 -9 -18 -2 -20 -8 -15 -15 -11 -16 -5 -16 -2 -14 0 -15 6 -13 3 -13 6 -16 7 -15 7 ],2025-05-07_20-07-58-773
CSI_DATA,PASSIVE,5C:E9:31:E8:F4:66,-77,11,0,0,0,0,0,0,0,0,0,-96,0,11,0,2298880689,0,94,0,0,2299.05,128,[94 -32 5 0 19 11 15 11 14 14 12 19 13 18 11 16 7 18 -1 22 -2 21 0 25 -9 25 -3 29 -5 24 -17 27 -15 29 -12 30 -19 25 -16 24 -10 22 -15 17 -21 24 -10 22 -9 19 -10 14 -7 17 0 0 0 0 0 0 0 0 0 0 0 0 0 0 0 0 0 0 0 0 0 0 -11 -12 -8 -8 -11 -9 -15 -5 -12 1 -15 -3 -21 3 -19 3 -19 5 -19 9 -12 8 -20 14 -18 12 -18 7 -12 12 -12 6 -8 8 -5 14 -6 15 -2 10 1 12 2 10 7 16 12 13 12 11 9 15 ],2025-05-07_20-07-58-778
CSI_DATA,PASSIVE,5C:E9:31:E8:F4:66,-77,11,0,0,0,0,0,0,0,0,0,-96,0,11,0,2298880858,0,94,0,0,2299.06,128,[94 -32 5 0 -14 18 -11 14 -11 15 -18 9 -22 14 -17 6 -16 5 -22 8 -26 4 -21 0 -22 -7 -24 -10 -28 -11 -30 -12 -28 -14 -28 -18 -29 -20 -27 -19 -25 -22 -23 -18 -20 -16 -19 -18 -20 -16 -21 -10 -19 -6 0 0 0 0 0 0 0 0 0 0 0 0 0 0 0 0 0 0 0 0 0 0 5 -13 5 -12 -1 -12 -1 -14 -1 -16 -7 -15 -6 -17 -7 -16 -13 -15 -14 -19 -17 -17 -13 -17 -12 -17 -15 -17 -14 -16 -14 -11 -13 -10 -12 -4 -13 -3 -11 2 -20 5 -13 9 -12 8 -10 11 -12 13 -16 12 ],2025-05-07_20-07-58-784
CSI_DATA,PASSIVE,5C:E9:31:E8:F4:66,-76,11,0,0,0,0,0,0,0,0,0,-96,0,11,0,2298881027,0,487,0,0,2299.06,128,[-25 113 30 0 -22 -14 -19 -18 -16 -20 -16 -16 -9 -14 -11 -21 -11 -19 -9 -22 -9 -23 -7 -28 4 -28 3 -30 8 -28 9 -35 7 -28 16 -33 13 -36 14 -29 15 -31 14 -29 15 -26 12 -24 9 -23 8 -23 4 -19 0 0 0 0 0 0 0 0 0 0 0 0 0 0 0 0 0 0 0 0 0 0 9 11 10 9 12 7 12 6 17 3 16 2 18 2 16 -3 18 -2 25 -6 21 -8 20 -7 19 -6 19 -15 16 -12 11 -16 11 -16 4 -12 5 -12 1 -15 -1 -14 -6 -15 -10 -16 -11 -15 -15 -14 -13 -18 ],2025-05-07_20-07-58-790
CSI_DATA,PASSIVE,5C:E9:31:E8:F4:66,-77,11,0,0,0,0,0,0,0,0,0,-96,0,11,0,2298881720,0,507,0,0,2299.07,128,[-5 -79 31 0 -21 9 -21 7 -23 -2 -25 1 -22 0 -23 -3 -19 -8 -20 -11 -20 -12 -21 -17 -22 -14 -22 -21 -20 -20 -20 -24 -17 -26 -19 -28 -12 -29 -13 -28 -15 -27 -14 -23 -12 -24 -11 -24 -13 -19 -12 -17 -12 -15 0 0 0 0 0 0 0 0 0 0 0 0 0 0 0 0 0 0 0 0 0 0 12 -3 14 -4 12 -3 12 -7 12 -8 9 -14 8 -13 3 -14 7 -19 6 -21 1 -17 1 -19 3 -19 0 -19 -5 -20 -5 -17 -4 -16 -11 -12 -6 -9 -9 -11 -13 -6 -14 -4 -14 -1 -16 -3 -17 7 -20 5 ],2025-05-07_20-07-58-796
CSI_DATA,PASSIVE,5C:E9:31:E8:F4:66,-77,11,0,0,0,0,0,0,0,0,0,-96,0,11,0,2298882437,0,86,0,0,2299.08,128,[86 96 5 0 17 7 19 9 20 14 22 11 18 14 21 20 17 15 14 17 14 23 12 24 7 27 6 28 3 32 3 36 -3 36 -5 38 -3 36 -4 33 -4 31 -6 33 -3 28 -1 27 -1 27 -2 19 1 17 0 0 0 0 0 0 0 0 0 0 0 0 0 0 0 0 0 0 0 0 0 0 -12 -9 -13 -8 -15 -6 -12 -4 -18 -3 -16 1 -17 5 -18 6 -21 10 -18 10 -16 10 -15 13 -17 13 -17 11 -11 15 -10 19 -5 15 -2 19 1 13 2 12 6 14 13 11 13 12 11 9 14 11 17 13 ],2025-05-07_20-07-58-801
CSI_DATA,PASSIVE,5C:E9:31:E8:F4:66,-77,11,0,0,0,0,0,0,0,0,0,-96,0,11,0,2298882594,0,125,0,0,2299.08,128,[125 -48 7 0 16 -3 18 -9 19 -2 22 -5 20 2 22 -4 19 1 19 1 21 4 22 5 25 14 25 20 23 18 22 18 22 23 21 23 20 25 18 26 18 18 16 21 16 20 15 19 11 15 13 18 10 10 0 0 0 0 0 0 0 0 0 0 0 0 0 0 0 0 0 0 0 0 0 0 -18 4 -14 4 -12 4 -12 4 -13 8 -8 10 -7 11 -10 14 -5 16 -8 17 -4 19 -3 19 -5 17 3 15 0 16 5 16 4 10 5 10 11 9 9 7 15 9 13 0 17 -1 15 -3 14 -2 14 -5 ],2025-05-07_20-07-58-806
CSI_DATA,PASSIVE,5C:E9:31:E8:F4:66,-77,11,0,0,0,0,0,0,0,0,0,-96,0,11,0,2298882803,0,145,0,0,2299.09,128,[-111 16 9 0 -13 -22 -7 -21 -7 -20 -8 -26 1 -26 1 -25 2 -26 7 -24 8 -21 9 -23 16 -31 13 -28 21 -27 20 -22 19 -24 31 -25 29 -24 27 -26 27 -21 24 -18 19 -18 22 -18 20 -15 12 -16 12 -18 0 0 0 0 0 0 0 0 0 0 0 0 0 0 0 0 0 0 0 0 0 0 2 15 4 12 3 16 8 12 11 11 13 8 15 7 17 13 22 6 19 6 24 5 22 1 20 -1 24 0 15 -3 17 -9 16 -9 12 -8 10 -7 10 -10 0 -14 2 -13 1 -22 -4 -21 -4 -16 -3 -22 ],2025-05-07_20-07-58-812
CSI_DATA,PASSIVE,5C:E9:31:E8:E9:4E,-87,11,0,0,0,0,0,0,0,0,0,-96,0,11,0,2298942454,0,127,0,0,2299.11,128,[127 -16 7 0 -10 0 -6 4 -5 6 -9 9 -1 9 2 7 -2 18 -3 6 1 9 -1 13 7 11 3 12 5 12 -2 14 2 14 2 19 7 21 -2 26 3 18 -6 18 1 15 -9 16 -8 11 -4 17 -13 6 0 0 0 0 0 0 0 0 0 0 0 0 0 0 0 0 0 0 0 0 0 0 10 7 4 2 6 0 7 -1 13 -5 14 -10 9 -4 3 -6 4 -15 12 -13 13 -15 13 -10 10 -13 12 -10 7 -17 12 -18 8 -13 6 -22 -1 -12 7 -7 11 -5 1 -8 -1 -9 0 -10 -6 -7 -3 -8 ],2025-05-07_20-07-58-834
CSI_DATA,PASSIVE,5C:E9:31:E8:E9:4E,-87,11,0,0,0,0,0,0,0,0,0,-96,0,11,0,2298943119,0,206,0,0,2299.11,128,[-50 -32 12 0 8 3 5 -1 9 -1 2 3 11 -1 8 5 8 -4 2 -11 -1 -13 24 -15 13 -14 12 -15 4 -14 4 -15 7 -16 15 -15 14 -18 19 -19 12 -26 18 -9 15 -12 15 -2 10 2 13 4 13 -2 0 0 0 0 0 0 0 0 0 0 0 0 0 0 0 0 0 0 0 0 0 0 6 -2 5 -9 1 -10 0 -9 2 -3 -3 -17 5 -12 -14 -15 -11 -7 -20 1 -9 -21 -9 -12 -14 -10 -18 -10 -11 -7 -11 -2 -16 -4 -6 -6 -9 -2 -16 -5 -9 -4 -9 3 -10 -6 -2 0 -6 -4 -1 4 ],2025-05-07_20-07-58-839
CSI_DATA,PASSIVE,5C:E9:31:E8:E9:4E,-87,11,0,0,0,0,0,0,0,0,0,-96,0,11,0,2298943436,0,226,0,0,2299.12,128,[-30 32 14 0 1 -9 7 0 7 -2 -5 -8 -1 -19 0 3 3 0 -3 -2 -9 -9 -9 -10 -10 -18 -9 -13 -16 -16 -11 -10 -13 -9 -17 -11 -6 -16 -17 -25 -13 -23 -6 -18 -1 -17 -4 -18 2 -13 9 -19 2 -9 0 0 0 0 0 0 0 0 0 0 0 0 0 0 0 0 0 0 0 0 0 0 -1 -5 -3 -10 -2 -9 -8 -8 -11 3 -4 -5 -15 -4 -16 -3 -17 3 -18 1 -17 3 -9 6 -10 10 -8 3 -13 11 -15 13 -15 5 -6 8 -8 9 -3 11 -18 0 -4 5 0 13 3 10 -1 -3 -1 0 ],2025-05-07_20-07-58-845
CSI_DATA,PASSIVE,5C:E9:31:E8:E9:4E,-88,11,0,0,0,0,0,0,0,0,0,-96,0,11,0,2298944404,0,98,0,0,2299.13,128,[98 32 6 0 8 -1 3 -1 11 0 5 -3 -5 -4 2 -1 6 -7 5 -15 4 -13 1 -10 -5 -5 -6 -17 -5 -20 0 -21 -5 -22 3 -22 -1 -25 0 -25 -4 -23 6 -28 9 -21 12 -19 15 -13 9 -13 7 -11 0 0 0 0 0 0 0 0 0 0 0 0 0 0 0 0 0 0 0 0 0 0 2 -12 -4 0 -4 -3 1 -5 -4 -8 -7 -4 -15 6 -17 -5 -20 -10 -17 -1 -15 0 -18 8 -15 0 -16 4 -31 5 -15 6 -19 -2 -11 11 -13 8 -7 5 -8 7 -16 4 -6 11 3 7 2 12 -3 1 ],2025-05-07_20-07-58-850
CSI_DATA,PASSIVE,5C:E9:31:E8:E9:4E,-89,11,0,0,0,0,0,0,0,0,0,-96,0,11,0,2298944577,0,108,0,0,2299.13,128,[108 -64 6 0 8 19 9 -6 10 -3 13 1 7 -8 5 -12 5 -6 -4 -13 1 -27 12 -11 9 -9 11 -18 3 -17 3 -33 4 -24 16 -17 2 -20 12 -18 14 -15 16 -8 13 -15 11 -12 13 -11 15 0 16 0 0 0 0 0 0 0 0 0 0 0 0 0 0 0 0 0 0 0 0 0 0 0 -8 -11 -1 -11 -5 -6 -13 -6 -11 2 -14 1 -17 -8 -14 6 -8 3 -19 2 -21 1 -17 -7 -8 5 -19 6 -11 2 -11 -5 -22 8 -17 5 -18 11 -2 15 -10 3 -14 5 -11 -1 -8 4 7 -1 -6 3 ],2025-05-07_20-07-58-856
CSI_DATA,PASSIVE,5C:E9:31:E8:E9:4E,-87,11,0,0,0,0,0,0,0,0,0,-96,0,11,0,2298951952,0,190,0,0,2299.14,128,[-66 -32 11 0 5 -1 11 -5 0 5 6 -2 6 -1 10 -13 2 -9 12 -5 12 -16 10 -15 13 -13 16 -14 15 -8 17 -14 26 -16 18 -11 22 -12 22 -7 23 -3 16 -2 20 2 16 -3 16 6 13 13 10 9 0 0 0 0 0 0 0 0 0 0 0 0 0 0 0 0 0 0 0 0 0 0 -10 -12 -5 -4 -14 -8 -15 0 -24 5 -14 -3 -16 9 -7 8 -9 6 -15 12 -15 4 -22 16 -16 8 -15 7 -14 15 -10 10 -13 4 -16 3 -12 12 -10 5 -18 11 3 7 -5 -1 0 -2 0 4 6 13 ],2025-05-07_20-07-58-861
CSI_DATA,PASSIVE,5C:E9:31:E8:E9:4E,-87,11,0,0,0,0,0,0,0,0,0,-96,0,11,0,2298958500,0,98,0,0,2299.14,128,[98 32 6 0 -1 7 -4 12 -2 5 0 10 -5 9 2 10 8 8 -2 14 6 4 7 12 6 12 13 17 15 11 8 13 6 13 5 25 7 10 2 23 12 17 0 22 6 18 -2 19 -12 10 -6 11 -7 9 0 0 0 0 0 0 0 0 0 0 0 0 0 0 0 0 0 0 0 0 0 0 12 8 10 0 4 -4 -1 -1 8 -4 2 -6 14 -9 5 -4 6 -16 15 -17 13 -13 14 -2 9 -22 13 -10 9 -12 12 -15 -1 -15 2 -12 4 -14 7 -11 3 -24 7 -3 -3 -3 3 -5 2 -8 -13 -4 ],2025-05-07_20-07-58-866
CSI_DATA,PASSIVE,5C:E9:31:E8:E9:4E,-87,11,0,0,0,0,0,0,0,0,0,-96,0,11,0,2298958673,0,138,0,0,2299.15,128,[-118 -96 8 0 1 -5 -7 -10 -7 0 -12 2 -15 2 -10 -8 -9 1 -8 2 -9 5 -15 -1 -13 -1 -12 7 -26 4 -21 4 -26 14 -23 6 -24 4 -25 0 -15 -1 -20 -8 -13 -10 -20 -7 -21 -12 -9 -5 -11 -9 0 0 0 0 0 0 0 0 0 0 0 0 0 0 0 0 0 0 0 0 0 0 5 7 -8 3 -2 10 -3 12 0 1 11 7 4 14 10 10 16 13 12 4 17 6 16 13 10 16 8 9 5 8 21 11 12 13 19 4 12 8 9 0 17 6 0 -7 3 3 11 -5 -6 -18 -1 0 ],2025-05-07_20-07-58-871
CSI_DATA,PASSIVE,5C:E9:31:E8:F4:66,-76,11,0,0,0,0,0,0,0,0,0,-96,0,11,0,2298983056,0,94,0,0,2299.15,128,[94 -32 5 0 -16 0 -21 -4 -20 -2 -18 -7 -13 -9 -17 -6 -19 -8 -14 -9 -14 -12 -17 -18 -19 -21 -17 -26 -12 -24 -17 -29 -14 -31 -12 -28 -10 -29 -13 -31 -8 -26 -9 -27 -8 -29 -11 -28 -9 -23 -7 -20 -8 -15 0 0 0 0 0 0 0 0 0 0 0 0 0 0 0 0 0 0 0 0 0 0 17 2 16 2 16 1 12 -5 15 -7 10 -7 13 -7 13 -10 10 -15 12 -13 11 -16 7 -18 10 -16 9 -14 5 -15 5 -13 1 -12 0 -13 -2 -10 -5 -8 -5 -6 -10 -6 -13 -5 -12 -4 -14 -5 -15 -3 ],2025-05-07_20-07-58-878
CSI_DATA,PASSIVE,5C:E9:31:E8:F4:66,-76,11,0,0,0,0,0,0,0,0,0,-96,0,11,0,2298983225,0,127,0,0,2299.16,128,[127 -16 7 0 -7 -17 -7 -19 -2 -19 -8 -18 -4 -22 -2 -24 4 -22 7 -21 10 -20 8 -24 13 -26 12 -23 16 -26 21 -25 23 -23 25 -22 24 -19 22 -19 28 -19 23 -18 22 -19 19 -19 18 -15 15 -14 13 -16 0 0 0 0 0 0 0 0 0 0 0 0 0 0 0 0 0 0 0 0 0 0 6 15 8 11 8 12 10 9 8 6 13 8 15 8 18 5 19 4 16 3 20 3 20 -1 19 -2 18 -1 17 -1 11 -4 10 -6 7 -7 11 -6 6 -12 3 -11 1 -13 -3 -15 -2 -14 -4 -18 -8 -16 ],2025-05-07_20-07-58-883
CSI_DATA,PASSIVE,5C:E9:31:E8:F4:66,-76,11,0,0,0,0,0,0,0,0,0,-96,0,11,0,2298983438,0,206,0,0,2299.16,128,[-50 -32 12 0 19 -10 12 -13 17 -9 15 -8 19 -12 21 -6 20 0 28 -1 31 3 26 6 28 7 29 12 27 15 29 19 31 19 30 20 29 19 32 23 23 22 20 20 23 19 21 19 20 17 19 10 18 8 0 0 0 0 0 0 0 0 0 0 0 0 0 0 0 0 0 0 0 0 0 0 -16 8 -16 9 -15 10 -14 10 -14 12 -9 15 -8 15 -3 16 -3 19 -2 18 -1 17 2 21 3 22 4 20 3 17 6 16 4 13 11 9 11 9 11 4 11 -1 13 1 14 -2 12 -4 14 -7 13 -11 ],2025-05-07_20-07-58-888
CSI_DATA,PASSIVE,5C:E9:31:E8:F4:66,-77,11,0,0,0,0,0,0,0,0,0,-96,0,11,0,2298983755,0,226,0,0,2299.17,128,[-30 32 14 0 16 -4 18 -1 18 0 25 4 22 0 20 6 24 4 19 12 20 11 14 15 20 22 20 24 17 26 20 28 18 33 17 31 14 28 13 35 13 32 12 29 12 27 10 28 10 21 9 18 11 18 0 0 0 0 0 0 0 0 0 0 0 0 0 0 0 0 0 0 0 0 0 0 -19 -3 -18 0 -18 2 -16 2 -16 3 -15 9 -16 12 -12 11 -13 15 -10 17 -12 17 -11 18 -7 18 -6 17 -1 17 0 17 -2 16 3 10 5 12 8 11 5 6 10 6 10 4 16 3 15 3 17 5 ],2025-05-07_20-07-58-893
CSI_DATA,PASSIVE,5C:E9:31:E8:F4:66,-77,11,0,0,0,0,0,0,0,0,0,-96,0,11,0,2298984100,0,94,0,0,2299.17,128,[94 -32 5 0 -1 19 -2 21 -4 18 -6 19 -6 17 -5 19 -8 16 -14 16 -15 19 -20 13 -18 16 -23 10 -26 17 -29 16 -23 9 -33 8 -31 6 -32 8 -30 7 -26 5 -29 7 -25 4 -22 6 -20 6 -17 7 0 0 0 0 0 0 0 0 0 0 0 0 0 0 0 0 0 0 0 0 0 0 2 -18 0 -13 -1 -17 -4 -12 -7 -16 -7 -11 -10 -15 -13 -13 -15 -12 -16 -12 -21 -11 -19 -9 -18 -8 -14 -8 -14 -3 -15 -3 -13 3 -15 1 -13 4 -11 7 -12 5 -6 10 -6 10 -2 13 -2 13 -2 16 ],2025-05-07_20-07-58-899
CSI_DATA,PASSIVE,5C:E9:31:E8:F4:66,-77,11,0,0,0,0,0,0,0,0,0,-96,0,11,0,2298985718,0,246,0,0,2299.18,128,[-10 96 15 0 -16 34 -13 15 -23 24 -29 22 -24 16 -34 16 -30 12 -31 7 -28 13 -45 3 -44 -2 -40 -9 -51 -11 -56 -17 -54 -15 -56 -19 -52 -20 -46 -22 -47 -24 -49 -15 -43 -22 -37 -18 -35 -14 -34 -11 -31 -10 0 0 0 0 0 0 0 0 0 0 0 0 0 0 0 0 0 0 0 0 0 0 23 -17 22 -16 17 -9 15 -19 18 -19 4 -24 0 -31 1 -31 0 -39 -4 -27 -6 -28 -13 -32 -15 -32 -15 -29 -22 -31 -10 -22 -15 -20 -22 -12 -24 -7 -29 -6 -19 -4 -24 8 -21 11 -21 17 -18 12 -9 8 ],2025-05-07_20-07-58-905
CSI_DATA,PASSIVE,5C:E9:31:E8:E9:4E,-90,11,0,0,0,0,0,0,0,0,0,-96,0,11,0,2299058882,0,98,0,0,2299.23,128,[98 32 6 0 -3 0 -11 0 -3 1 -7 1 -11 -13 -10 -5 -12 3 -7 -8 -7 2 -21 4 -19 -2 -12 -2 -19 -1 -22 4 -23 -2 -26 -8 -17 -2 -23 -4 -14 -5 -17 -13 -20 -14 -12 -6 -11 -17 -12 -12 -10 -13 0 0 0 0 0 0 0 0 0 0 0 0 0 0 0 0 0 0 0 0 0 0 -4 3 -3 6 -7 2 -1 10 -2 6 1 3 -3 11 6 13 3 13 5 17 11 11 4 20 9 12 -1 13 12 14 13 13 12 13 7 3 9 3 7 7 20 2 9 6 5 2 11 -6 -2 1 10 -4 ],2025-05-07_20-07-58-951
CSI_DATA,PASSIVE,5C:E9:31:E8:E9:4E,-87,11,0,0,0,0,0,0,0,0,0,-96,0,11,0,2299073324,0,130,0,0,2299.24,128,[-126 32 8 0 -9 -6 -2 -12 -3 3 -12 0 -4 7 3 16 -4 12 1 9 9 6 6 13 6 11 2 18 6 15 11 31 6 20 9 15 11 21 11 29 1 21 4 25 5 15 -2 18 0 15 1 21 0 17 0 0 0 0 0 0 0 0 0 0 0 0 0 0 0 0 0 0 0 0 0 0 -9 3 -12 -3 -6 1 0 5 -1 0 -10 7 6 14 -2 5 4 9 7 6 11 17 11 10 8 15 10 18 10 10 10 13 9 4 5 9 7 8 12 -2 1 -6 3 -2 5 -2 -6 2 -9 -15 4 0 ],2025-05-07_20-07-58-964
CSI_DATA,PASSIVE,5C:E9:31:E8:F4:66,-76,11,0,0,0,0,0,0,0,0,0,-96,0,11,0,2299085290,0,205,0,0,2299.25,128,[-51 -48 12 0 -7 -18 -8 -16 -7 -22 -6 -22 -6 -21 -2 -22 4 -20 2 -24 5 -24 11 -22 4 -25 9 -24 24 -26 14 -24 23 -24 25 -32 25 -19 27 -25 28 -25 22 -25 21 -19 20 -19 18 -11 13 -13 10 -15 0 0 0 0 0 0 0 0 0 0 0 0 0 0 0 0 0 0 0 0 0 0 -5 15 -4 13 -1 13 3 12 3 13 5 12 11 18 8 10 13 11 9 8 19 8 16 8 14 10 16 11 18 1 19 1 15 -3 17 1 3 -5 5 -11 3 -9 5 -12 0 -13 -4 -14 -3 -14 -8 -14 ],2025-05-07_20-07-58-977
CSI_DATA,PASSIVE,5C:E9:31:E8:F4:66,-76,11,0,0,0,0,0,0,0,0,0,-96,0,11,0,2299085607,0,119,0,0,2299.26,128,[119 112 7 0 5 -18 5 -19 7 -18 8 -15 11 -19 11 -15 10 -14 18 -15 21 -11 16 -10 25 -5 26 -2 30 -4 28 2 35 5 37 -4 28 3 34 1 30 3 32 5 25 1 24 11 27 5 20 6 23 0 0 0 0 0 0 0 0 0 0 0 0 0 0 0 0 0 0 0 0 0 0 0 -11 8 -10 8 -9 12 -5 12 -6 15 -4 13 1 17 4 21 12 14 3 16 7 25 0 18 6 14 6 12 9 3 8 11 8 6 15 3 11 -2 12 4 11 -8 9 -3 9 -7 10 -11 10 -9 11 -12 ],2025-05-07_20-07-58-982
CSI_DATA,PASSIVE,5C:E9:31:E8:F4:66,-77,11,0,0,0,0,0,0,0,0,0,-96,0,11,0,2299085807,0,139,0,0,2299.26,128,[-117 -80 8 0 -9 -21 -8 -21 -7 -22 -9 -18 -3 -19 -4 -19 -5 -23 6 -19 9 -23 9 -23 12 -23 17 -20 16 -23 19 -24 19 -23 26 -23 26 -22 27 -20 25 -21 25 -13 22 -18 21 -14 16 -14 17 -11 13 -12 0 0 0 0 0 0 0 0 0 0 0 0 0 0 0 0 0 0 0 0 0 0 -1 18 1 15 2 15 5 15 6 12 14 14 9 11 13 9 11 12 14 10 16 8 17 3 18 3 19 5 17 0 12 -5 11 -3 13 -5 14 -7 6 -5 9 -8 6 -12 -1 -13 1 -14 0 -13 1 -17 ],2025-05-07_20-07-58-988
CSI_DATA,PASSIVE,5C:E9:31:E8:F4:66,-77,11,0,0,0,0,0,0,0,0,0,-96,0,11,0,2299086036,0,119,0,0,2299.27,128,[119 112 7 0 6 -48 3 -49 6 -46 4 -45 7 -54 4 -48 11 -49 27 -56 32 -39 36 -50 41 -49 62 -42 53 -54 59 -50 65 -46 76 -47 73 -34 64 -42 74 -20 63 -30 55 -27 50 -37 44 -28 38 -26 35 -27 0 0 0 0 0 0 0 0 0 0 0 0 0 0 0 0 0 0 0 0 0 0 -25 34 -24 24 -15 26 -12 29 -9 36 -10 40 0 33 4 34 16 42 19 38 27 43 27 49 19 32 27 31 22 25 25 28 25 5 30 7 25 -9 16 -10 14 -7 27 -26 0 -25 23 -31 1 -28 8 -33 ],2025-05-07_20-07-58-994
CSI_DATA,PASSIVE,5C:E9:31:E8:F4:66,-77,11,0,0,0,0,0,0,0,0,0,-96,0,11,0,2299086237,0,139,0,0,2299.27,128,[-117 -80 8 0 -12 -22 -13 -16 -12 -21 -8 -24 -5 -24 -5 -24 3 -24 1 -28 2 -30 8 -25 8 -23 15 -26 19 -26 18 -26 26 -28 28 -27 27 -24 23 -23 25 -21 27 -22 23 -22 19 -22 17 -16 16 -17 9 -17 0 0 0 0 0 0 0 0 0 0 0 0 0 0 0 0 0 0 0 0 0 0 2 17 2 17 5 15 8 15 13 14 10 13 14 13 18 12 17 9 19 5 22 7 21 1 25 1 19 -2 19 -1 15 -5 13 -6 13 -8 12 -10 10 -11 5 -7 -2 -15 -5 -13 -1 -13 -4 -15 -4 -19 ],2025-05-07_20-07-58-999
CSI_DATA,PASSIVE,5C:E9:31:E8:F4:66,-76,11,0,0,0,0,0,0,0,0,0,-96,0,11,0,2299086466,0,119,0,0,2299.28,128,[119 112 7 0 -5 -24 -5 -29 -7 -20 -2 -25 -3 -21 0 -22 4 -22 6 -21 12 -25 12 -17 16 -28 18 -26 16 -29 23 -21 23 -23 27 -19 26 -19 31 -19 30 -19 31 -14 26 -15 24 -18 23 -13 17 -11 15 -12 0 0 0 0 0 0 0 0 0 0 0 0 0 0 0 0 0 0 0 0 0 0 -4 18 1 15 3 15 4 18 6 15 7 15 8 13 10 17 17 17 15 13 19 11 19 9 23 9 21 6 13 5 13 -1 13 -3 13 -3 12 -3 10 -12 13 -11 4 -7 5 -17 1 -19 1 -22 -1 -16 ],2025-05-07_20-07-59-5
CSI_DATA,PASSIVE,5C:E9:31:E8:F4:66,-76,11,0,0,0,0,0,0,0,0,0,-96,0,11,0,2299086667,0,119,0,0,2299.29,128,[119 112 7 0 -20 -12 -22 -6 -17 -6 -15 -7 -16 -12 -18 -12 -15 -10 -12 -19 -16 -18 -15 -20 -10 -23 -8 -27 -4 -26 -5 -33 -2 -35 -3 -32 0 -28 0 -32 6 -28 2 -27 3 -25 -2 -25 2 -26 1 -23 -2 -20 0 0 0 0 0 0 0 0 0 0 0 0 0 0 0 0 0 0 0 0 0 0 14 8 13 5 14 5 13 2 15 0 16 -2 16 -3 13 -10 17 -8 12 -15 14 -10 13 -12 13 -11 13 -14 8 -10 8 -18 3 -15 1 -12 0 -11 -2 -14 -6 -10 -4 -7 -9 -8 -13 -6 -14 -4 -16 -6 ],2025-05-07_20-07-59-11
CSI_DATA,PASSIVE,5C:E9:31:E8:F4:66,-76,11,0,0,0,0,0,0,0,0,0,-96,0,11,0,2299086868,0,139,0,0,2299.29,128,[-117 -80 8 0 -11 13 -17 10 -15 11 -18 14 -18 9 -20 7 -18 6 -27 3 -23 0 -24 2 -26 -4 -26 -5 -30 -2 -25 -12 -29 -15 -31 -17 -29 -15 -29 -17 -28 -19 -23 -16 -26 -18 -20 -13 -23 -10 -18 -9 -16 -9 0 0 0 0 0 0 0 0 0 0 0 0 0 0 0 0 0 0 0 0 0 0 14 -3 14 -4 14 -5 10 -8 11 -9 9 -12 9 -18 6 -14 5 -16 3 -20 0 -21 -1 -21 3 -21 -1 -18 -7 -18 -7 -14 -6 -14 -9 -10 -10 -9 -10 -7 -16 -4 -8 -2 -12 3 -14 5 -8 8 -13 8 ],2025-05-07_20-07-59-16
CSI_DATA,PASSIVE,5C:E9:31:E8:F4:66,-77,11,0,0,0,0,0,0,0,0,0,-96,0,11,0,2299087097,0,139,0,0,2299.3,128,[-117 -80 8 0 -22 5 -25 4 -18 6 -21 2 -22 5 -25 -2 -18 -3 -24 -6 -30 -6 -26 -7 -26 -18 -28 -14 -28 -21 -26 -21 -27 -25 -24 -26 -24 -27 -24 -29 -22 -27 -20 -28 -18 -25 -21 -22 -16 -18 -15 -16 -15 -15 0 0 0 0 0 0 0 0 0 0 0 0 0 0 0 0 0 0 0 0 0 0 17 4 17 2 16 3 17 -1 19 -2 16 -7 14 -8 15 -12 13 -13 12 -17 9 -20 11 -20 12 -17 8 -21 6 -15 7 -20 1 -18 2 -13 -2 -11 -5 -11 -12 -6 -10 -7 -13 -5 -14 -1 -14 1 -16 1 ],2025-05-07_20-07-59-22
CSI_DATA,PASSIVE,5C:E9:31:E8:F4:66,-77,11,0,0,0,0,0,0,0,0,0,-96,0,11,0,2299087326,0,94,0,0,2299.3,128,[94 -32 5 0 -16 -10 -18 0 -19 -3 -18 -3 -19 -5 -13 -9 -20 -7 -20 -13 -16 -12 -20 -18 -17 -20 -18 -26 -17 -29 -10 -27 -12 -29 -10 -27 -8 -31 -7 -29 -5 -31 -6 -28 -7 -29 -3 -24 -10 -23 -4 -22 -7 -18 0 0 0 0 0 0 0 0 0 0 0 0 0 0 0 0 0 0 0 0 0 0 13 9 11 9 14 5 13 3 16 0 15 -3 17 -4 14 -6 18 -6 16 -14 16 -12 16 -14 18 -14 13 -10 11 -12 8 -16 7 -11 1 -14 -1 -12 -2 -14 -6 -12 -7 -8 -11 -4 -15 -6 -12 -5 -16 -4 ],2025-05-07_20-07-59-28
CSI_DATA,PASSIVE,5C:E9:31:E8:E9:4E,-87,11,0,0,0,0,0,0,0,0,0,-96,0,11,0,2299135509,0,113,0,0,2299.31,128,[113 16 7 0 6 -6 2 14 -1 1 -8 -1 8 -6 10 -3 10 -10 3 -10 5 -12 5 -18 17 -17 -1 -15 2 -26 -6 -16 4 -23 6 -12 12 -25 7 -15 11 -17 1 -18 -4 -14 2 -15 7 -16 13 -16 12 -8 0 0 0 0 0 0 0 0 0 0 0 0 0 0 0 0 0 0 0 0 0 0 12 -4 9 -2 8 0 11 -6 11 -11 -1 -6 11 -14 7 -14 4 -10 9 -12 3 -22 9 -20 3 -23 -6 -22 3 -8 -11 -12 -9 -15 -8 -16 -7 -12 -10 -6 -15 -9 -17 -8 -8 -14 4 0 -6 2 -3 -2 ],2025-05-07_20-07-59-33
CSI_DATA,PASSIVE,5C:E9:31:E8:E9:4E,-88,11,0,0,0,0,0,0,0,0,0,-96,0,11,0,2299138521,0,330,0,0,2299.31,128,[74 -95 20 0 13 1 12 4 14 -2 10 0 -1 8 -3 -10 6 -12 2 -11 4 -9 -4 -20 2 -12 -1 -12 4 -23 -3 -23 9 -20 6 -17 10 -14 8 -16 9 -25 20 -22 7 -18 5 -7 9 -1 15 -6 20 -13 0 0 0 0 0 0 0 0 0 0 0 0 0 0 0 0 0 0 0 0 0 0 -3 -12 -4 -11 0 0 -12 -2 -3 -1 -5 -10 -16 0 -12 -9 -22 -9 -21 2 -28 -7 -21 -9 -16 -4 -14 12 -18 -1 -19 7 -20 5 -18 6 -15 2 -8 8 -14 3 -11 13 -7 6 -11 9 0 3 -2 8 ],2025-05-07_20-07-59-39
CSI_DATA,PASSIVE,5C:E9:31:E8:E9:4E,-88,11,0,0,0,0,0,0,0,0,0,-96,0,11,0,2299157933,0,328,0,0,2299.32,128,[72 -127 20 0 -3 -3 -11 3 2 0 -4 1 -4 13 3 11 2 11 3 8 7 14 3 17 3 12 10 16 14 8 3 16 4 24 5 22 -4 21 -1 25 -2 22 -7 16 -8 16 -5 14 -9 11 -15 13 -9 12 0 0 0 0 0 0 0 0 0 0 0 0 0 0 0 0 0 0 0 0 0 0 7 -5 7 -3 6 -10 2 -9 3 -6 -8 -10 0 -12 -1 -18 -3 -17 -7 -19 -3 -18 0 -16 -5 -15 -9 -19 3 -21 -2 -16 -2 -17 -5 -20 -10 -12 -1 -10 -9 -14 -2 -5 0 -6 -5 -8 -13 -1 -11 -2 ],2025-05-07_20-07-59-50
CSI_DATA,PASSIVE,5C:E9:31:E8:E9:4E,-88,11,0,0,0,0,0,0,0,0,0,-96,0,11,0,2299179189,0,124,0,0,2299.35,128,[124 -64 7 0 -12 6 -4 -4 -5 -8 -11 -13 -15 -4 -3 2 -8 2 -13 2 -10 -6 -11 12 -13 -2 -17 3 -30 6 -19 3 -25 2 -18 1 -29 1 -16 -6 -17 -2 -17 -7 -18 -10 -17 -13 -13 -13 -9 -15 -11 -6 0 0 0 0 0 0 0 0 0 0 0 0 0 0 0 0 0 0 0 0 0 0 -5 8 -2 12 3 -2 -5 9 5 12 6 7 7 8 3 7 7 10 10 9 14 7 15 4 6 16 6 4 14 13 16 9 15 3 15 5 16 8 12 0 16 4 14 11 7 0 8 -8 4 6 1 -10 ],2025-05-07_20-07-59-71
CSI_DATA,PASSIVE,5C:E9:31:E8:E9:4E,-89,11,0,0,0,0,0,0,0,0,0,-96,0,11,0,2299179773,0,130,0,0,2299.35,128,[-126 32 8 0 3 -7 2 -6 3 3 -1 1 -17 10 -9 3 -12 12 -7 14 -4 8 -12 5 -5 12 -7 9 -20 9 -23 20 -16 26 -17 21 -18 14 -25 13 -28 12 -15 7 -16 5 -19 -2 -15 -3 -11 1 -13 4 0 0 0 0 0 0 0 0 0 0 0 0 0 0 0 0 0 0 0 0 0 0 12 -3 5 3 17 -6 6 2 8 -3 10 -13 8 -7 9 -15 8 -11 12 -13 19 -19 7 -9 15 -22 22 -11 17 -13 6 -8 16 -18 8 -9 12 -11 21 -20 -2 -14 10 -8 5 -9 -14 -7 5 -8 -8 -6 ],2025-05-07_20-07-59-76
CSI_DATA,PASSIVE,5C:E9:31:E8:F4:66,-77,11,0,0,0,0,0,0,0,0,0,-96,0,11,0,2299190812,0,124,0,0,2299.36,128,[124 -64 7 0 5 17 3 16 5 15 -1 17 0 20 -3 18 -5 17 -7 20 -7 18 -11 21 -17 21 -17 25 -22 23 -27 19 -24 21 -29 22 -33 21 -33 18 -31 18 -27 14 -24 15 -25 13 -25 14 -23 15 -19 14 0 0 0 0 0 0 0 0 0 0 0 0 0 0 0 0 0 0 0 0 0 0 7 -18 7 -15 3 -20 3 -18 -3 -14 -3 -17 -10 -15 -7 -17 -11 -11 -18 -14 -15 -15 -15 -11 -19 -13 -17 -5 -19 -8 -16 -3 -15 -2 -13 -3 -11 1 -12 2 -10 9 -6 10 -8 11 -2 10 -2 14 1 9 ],2025-05-07_20-07-59-84
CSI_DATA,PASSIVE,5C:E9:31:E8:F4:66,-77,11,0,0,0,0,0,0,0,0,0,-96,0,11,0,2299191021,0,181,0,0,2299.36,128,[-75 80 11 0 17 -4 19 -3 20 -3 19 -4 18 -1 21 2 21 1 20 8 22 10 21 12 23 18 23 21 22 23 24 24 22 24 20 27 20 29 21 29 18 29 14 28 15 25 16 24 16 20 14 18 15 16 0 0 0 0 0 0 0 0 0 0 0 0 0 0 0 0 0 0 0 0 0 0 -19 -9 -16 -8 -16 -5 -15 -2 -17 1 -15 5 -13 6 -13 8 -12 12 -12 13 -10 14 -7 15 -10 16 -9 16 -5 15 -3 16 -3 15 2 14 4 12 4 7 8 6 10 5 10 6 9 2 10 -2 16 -1 ],2025-05-07_20-07-59-89
CSI_DATA,PASSIVE,5C:E9:31:E8:F4:66,-77,11,0,0,0,0,0,0,0,0,0,-96,0,11,0,2299191306,0,154,0,0,2299.37,128,[-102 -96 9 0 -11 7 -11 11 -13 12 -14 11 -16 11 -15 8 -17 8 -21 6 -18 2 -22 2 -24 -5 -22 -5 -25 -7 -37 -12 -31 -12 -30 -22 -32 -11 -32 -13 -31 -16 -25 -12 -20 -18 -24 -13 -27 -12 -22 -14 -13 -11 0 0 0 0 0 0 0 0 0 0 0 0 0 0 0 0 0 0 0 0 0 0 16 -12 9 -12 10 -9 8 -13 6 -14 3 -18 2 -17 -1 -21 -8 -18 -12 -18 -8 -18 -9 -20 -7 -18 -13 -14 -9 -11 -4 -15 -9 -9 -9 -7 -16 -5 -4 -7 -17 -4 -13 3 -8 2 -12 9 -9 7 -11 7 ],2025-05-07_20-07-59-95
CSI_DATA,PASSIVE,5C:E9:31:E8:F4:66,-77,11,0,0,0,0,0,0,0,0,0,-96,0,11,0,2299191555,0,174,0,0,2299.37,128,[-82 -32 10 0 -7 -19 -8 -17 -8 -17 -6 -17 -4 -21 -3 -17 -3 -24 3 -21 4 -25 7 -23 10 -31 20 -30 16 -28 24 -34 25 -18 28 -21 34 -24 24 -21 37 -20 28 -24 24 -21 16 -18 26 -22 21 -14 18 -20 0 0 0 0 0 0 0 0 0 0 0 0 0 0 0 0 0 0 0 0 0 0 -2 23 1 18 1 16 6 16 7 16 6 17 11 17 12 12 10 8 23 8 15 7 21 6 16 5 19 -2 17 1 18 2 14 -7 17 4 19 -8 11 -11 10 -9 3 -7 2 -19 2 -14 -1 -9 -4 -12 ],2025-05-07_20-07-59-100
CSI_DATA,PASSIVE,5C:E9:31:E8:F4:66,-77,11,0,0,0,0,0,0,0,0,0,-96,0,11,0,2299191828,0,276,0,0,2299.38,128,[20 65 17 0 -2 -15 -2 -15 -3 -15 -1 -21 0 -18 0 -20 7 -21 10 -15 11 -19 7 -17 11 -16 23 -21 28 -26 26 -22 22 -16 26 -21 20 -25 23 -20 25 -20 23 -20 24 -16 23 -7 15 -13 22 -15 16 -13 0 0 0 0 0 0 0 0 0 0 0 0 0 0 0 0 0 0 0 0 0 0 -7 14 -15 14 -6 15 -5 10 -1 8 -3 12 4 13 2 19 6 14 12 11 16 15 13 11 15 7 14 12 14 5 12 2 13 5 8 2 10 3 3 -4 5 -8 7 -6 5 -11 4 -7 2 -13 4 -11 ],2025-05-07_20-07-59-106
CSI_DATA,PASSIVE,5C:E9:31:E8:F4:66,-77,11,0,0,0,0,0,0,0,0,0,-96,0,11,0,2299192237,0,130,0,0,2299.39,128,[-126 32 8 0 -3 15 -5 16 -4 20 -9 20 -8 16 -10 17 -15 14 -16 17 -18 14 -22 13 -26 15 -29 11 -31 11 -33 9 -35 8 -34 6 -38 3 -37 2 -37 3 -34 2 -31 2 -29 3 -26 2 -23 3 -23 4 0 0 0 0 0 0 0 0 0 0 0 0 0 0 0 0 0 0 0 0 0 0 16 -13 11 -12 8 -12 7 -14 6 -13 3 -18 1 -19 -1 -15 -7 -18 -8 -18 -10 -17 -9 -17 -8 -19 -11 -19 -13 -14 -13 -11 -14 -9 -14 -6 -11 -4 -11 0 -12 3 -10 3 -8 8 -8 9 -8 11 -6 12 ],2025-05-07_20-07-59-111
CSI_DATA,PASSIVE,5C:E9:31:E8:F4:66,-77,11,0,0,0,0,0,0,0,0,0,-96,0,11,0,2299192454,0,119,0,0,2299.39,128,[119 112 7 0 16 3 16 -2 17 -2 18 3 18 3 16 3 20 7 19 11 22 16 17 16 19 23 18 24 18 26 20 29 19 31 15 32 15 30 10 33 10 35 10 32 11 30 11 28 8 24 10 20 12 18 0 0 0 0 0 0 0 0 0 0 0 0 0 0 0 0 0 0 0 0 0 0 -15 -11 -17 -8 -18 -6 -17 -5 -15 -4 -16 2 -15 6 -14 7 -12 7 -13 10 -10 12 -12 13 -13 13 -9 13 -7 15 -8 15 -5 15 -2 13 0 11 0 10 1 11 7 8 11 7 13 5 11 1 12 5 ],2025-05-07_20-07-59-116
CSI_DATA,PASSIVE,5C:E9:31:E8:F4:66,-77,11,0,0,0,0,0,0,0,0,0,-96,0,11,0,2299192655,0,133,0,0,2299.4,128,[-123 80 8 0 7 -17 8 -16 6 -17 7 -19 10 -15 15 -14 14 -16 17 -13 22 -12 21 -12 26 -10 27 -8 31 -6 33 -1 37 -3 37 1 36 -4 38 2 33 1 33 1 31 2 30 2 28 2 24 -1 19 -2 0 0 0 0 0 0 0 0 0 0 0 0 0 0 0 0 0 0 0 0 0 0 -15 10 -15 10 -13 9 -13 12 -8 11 -5 13 -1 14 -1 15 2 16 4 18 5 18 6 16 6 19 9 14 10 13 8 12 11 11 11 9 11 4 11 0 11 -1 12 -5 10 -6 11 -7 10 -5 7 -12 ],2025-05-07_20-07-59-122
CSI_DATA,PASSIVE,5C:E9:31:E8:F4:66,-77,11,0,0,0,0,0,0,0,0,0,-96,0,11,0,2299192876,0,113,0,0,2299.4,128,[113 16 7 0 18 -3 18 -5 17 -4 16 -4 20 0 21 1 19 5 21 7 21 8 20 13 21 19 26 15 23 18 24 24 21 30 19 30 22 27 18 28 21 31 15 27 16 25 14 19 16 21 13 16 13 18 0 0 0 0 0 0 0 0 0 0 0 0 0 0 0 0 0 0 0 0 0 0 -14 -8 -15 -9 -15 -8 -13 -3 -16 -2 -14 3 -15 4 -13 6 -13 8 -14 11 -11 12 -13 14 -11 20 -12 17 -10 13 -10 14 -4 12 1 15 3 7 1 11 6 8 6 6 11 7 14 6 15 3 13 1 ],2025-05-07_20-07-59-127
CSI_DATA,PASSIVE,5C:E9:31:E8:F4:66,-77,11,0,0,0,0,0,0,0,0,0,-96,0,11,0,2299193069,0,139,0,0,2299.41,128,[-117 -80 8 0 17 -2 18 -4 19 0 20 -2 19 1 17 3 16 10 17 11 22 12 19 19 18 19 22 22 18 28 20 30 19 33 16 32 15 31 12 33 9 31 10 32 10 28 5 24 11 24 7 23 9 16 0 0 0 0 0 0 0 0 0 0 0 0 0 0 0 0 0 0 0 0 0 0 -15 -6 -20 -3 -15 -3 -14 -4 -22 3 -17 4 -15 11 -14 10 -10 13 -9 11 -13 17 -15 18 -9 16 -8 13 -10 16 -3 15 -3 10 -3 12 2 16 3 10 3 12 11 9 8 5 11 1 11 5 14 -1 ],2025-05-07_20-07-59-132
CSI_DATA,PASSIVE,5C:E9:31:E8:F4:66,-77,11,0,0,0,0,0,0,0,0,0,-96,0,11,0,2299196922,0,130,0,0,2299.41,128,[-126 32 8 0 6 16 12 12 10 16 7 20 8 20 7 21 -1 19 2 19 -3 22 -10 23 -8 25 -13 28 -16 26 -20 29 -21 23 -25 29 -27 25 -21 25 -26 23 -26 21 -23 20 -21 19 -21 17 -17 15 -14 14 0 0 0 0 0 0 0 0 0 0 0 0 0 0 0 0 0 0 0 0 0 0 -5 -19 -3 -19 -5 -16 -7 -15 -7 -13 -12 -14 -15 -12 -18 -8 -18 -5 -23 -6 -21 -5 -20 0 -23 1 -21 3 -19 2 -13 7 -13 5 -14 6 -12 8 -8 8 -3 13 -5 9 0 11 -2 16 3 11 8 14 ],2025-05-07_20-07-59-138
CSI_DATA,PASSIVE,5C:E9:31:E8:E9:4E,-88,11,0,0,0,0,0,0,0,0,0,-96,0,11,0,2299237671,0,148,0,0,2299.42,128,[-108 64 9 0 9 4 1 -4 8 -9 6 -2 11 -10 2 -5 6 -15 2 -15 8 -14 10 -6 -1 -16 1 -14 -1 -19 1 -18 9 -16 14 -20 8 -22 11 -11 15 -21 10 -15 17 -12 12 2 17 -10 12 0 16 -4 0 0 0 0 0 0 0 0 0 0 0 0 0 0 0 0 0 0 0 0 0 0 -14 -9 -6 -5 -6 -7 -11 -2 -9 4 -7 4 -12 -3 -13 10 -9 11 -15 8 -17 12 -18 11 -12 22 -23 16 -21 18 -9 11 -14 12 -16 12 -10 10 -14 8 -5 4 -3 10 0 4 -2 8 -8 6 7 2 ],2025-05-07_20-07-59-143
CSI_DATA,PASSIVE,5C:E9:31:E8:E9:4E,-88,11,0,0,0,0,0,0,0,0,0,-96,0,11,0,2299249129,0,108,0,0,2299.42,128,[108 -64 6 0 -7 0 -4 9 0 2 -4 0 -3 4 -3 4 -8 9 -13 9 -6 17 -1 13 -12 8 -8 16 -6 10 -14 20 -16 19 -11 25 -23 13 -19 17 -18 8 -20 7 -17 0 -14 -2 -16 0 -8 -5 -18 -15 0 0 0 0 0 0 0 0 0 0 0 0 0 0 0 0 0 0 0 0 0 0 7 -9 4 -11 4 -4 8 -1 -2 -6 5 -10 6 -8 6 -10 -2 -19 6 -23 3 -22 1 -26 3 -20 10 -21 4 -23 8 -20 8 -26 -1 -14 1 -18 5 -6 2 -17 -4 -17 3 -14 1 -19 -9 -15 -11 -7 ],2025-05-07_20-07-59-148
CSI_DATA,PASSIVE,5C:E9:31:E8:E9:4E,-87,11,0,0,0,0,0,0,0,0,0,-96,0,11,0,2299260029,0,127,0,0,2299.43,128,[127 -16 7 0 8 1 -4 -4 2 -6 5 -5 6 -8 0 0 4 -9 -2 -18 9 -14 4 -22 1 -9 9 -16 0 -15 3 -13 7 -27 6 -27 8 -22 12 -14 11 -13 9 -15 15 -16 10 -10 16 -14 16 -5 11 -1 0 0 0 0 0 0 0 0 0 0 0 0 0 0 0 0 0 0 0 0 0 0 -6 -7 2 -5 -7 -1 -4 -2 -10 -3 -9 -1 -22 -1 -14 -3 -16 0 -19 2 -12 9 -19 -7 -29 -2 -16 2 -18 -5 -21 12 -18 1 -15 12 -12 -1 -14 10 -7 5 -4 3 0 8 -4 3 -8 7 3 7 ],2025-05-07_20-07-59-154
CSI_DATA,PASSIVE,5C:E9:31:E8:E9:4E,-89,11,0,0,0,0,0,0,0,0,0,-96,0,11,0,2299267166,0,584,0,0,2299.43,128,[72 -126 36 0 4 -9 0 -4 1 -5 -9 -9 0 -9 -6 -1 -8 -6 -16 3 -8 -7 -7 -2 -16 -7 -19 -4 -22 2 -17 -5 -22 -6 -23 -8 -18 -11 -17 -3 -12 -17 -22 -12 -16 -14 -11 -17 -10 -11 -3 -14 -2 -16 0 0 0 0 0 0 0 0 0 0 0 0 0 0 0 0 0 0 0 0 0 0 -7 0 -7 0 -9 0 -9 4 -3 6 -8 4 -3 11 -15 15 -5 15 -9 19 -1 16 -6 19 2 21 8 23 0 15 1 14 -2 11 0 9 3 22 2 8 2 16 0 7 -3 0 10 1 2 5 4 0 ],2025-05-07_20-07-59-159
CSI_DATA,PASSIVE,5C:E9:31:E8:E9:4E,-87,11,0,0,0,0,0,0,0,0,0,-96,0,11,0,2299273801,0,200,0,0,2299.44,128,[-56 -128 12 0 7 0 -2 -5 -8 -6 -3 -7 -8 -8 -15 -13 -1 -5 -13 -7 -9 -4 -21 -3 -21 -6 -25 4 -21 -5 -11 -12 -20 -9 -26 -11 -27 -10 -19 -14 -17 -13 -15 -21 -8 -9 -6 -12 0 -15 -7 -8 -3 -7 0 0 0 0 0 0 0 0 0 0 0 0 0 0 0 0 0 0 0 0 0 0 -14 1 -7 -5 -10 -2 -12 3 -2 2 -5 7 -6 2 -2 19 -7 11 2 21 -7 17 -3 13 -5 22 -1 17 -8 21 0 11 -2 18 5 16 4 18 6 10 -2 14 5 15 1 1 9 4 6 4 6 -16 ],2025-05-07_20-07-59-166
CSI_DATA,PASSIVE,5C:E9:31:E8:E9:4E,-87,11,0,0,0,0,0,0,0,0,0,-96,0,11,0,2299277872,0,200,0,0,2299.45,128,[-56 -128 12 0 1 -2 -1 -6 2 -3 5 -7 1 -6 -2 -13 -2 -4 -1 -7 -4 -11 -6 -17 0 -15 -2 -16 -11 -11 -8 -18 -5 -14 -11 -24 -11 -27 -7 -20 -3 -21 -2 -18 9 -25 6 -24 -1 -19 5 -19 11 -15 0 0 0 0 0 0 0 0 0 0 0 0 0 0 0 0 0 0 0 0 0 0 -7 -4 -7 -9 -6 2 -8 -4 -4 -9 -10 -5 -15 4 -15 4 -15 -2 -16 4 -23 3 -22 7 -15 3 -22 4 -8 10 -15 10 -20 6 -10 5 -2 14 -6 3 0 10 -7 10 -5 6 -3 3 6 9 6 -2 ],2025-05-07_20-07-59-172
CSI_DATA,PASSIVE,5C:E9:31:E8:E9:4E,-88,11,0,0,0,0,0,0,0,0,0,-96,0,11,0,2299282950,0,250,0,0,2299.45,128,[-6 -96 15 0 2 -2 0 -8 1 3 -8 3 -9 9 -6 6 2 -1 -2 4 6 11 5 8 8 16 6 17 10 17 6 16 7 13 13 14 1 15 10 21 12 18 1 15 0 20 1 12 3 15 2 14 4 14 0 0 0 0 0 0 0 0 0 0 0 0 0 0 0 0 0 0 0 0 0 0 -2 9 5 1 -2 10 5 6 4 6 5 2 12 8 12 2 19 -3 27 -12 22 3 12 5 8 -1 13 -8 11 2 11 -9 17 -8 15 -8 7 -11 5 -4 2 -13 11 -11 3 -13 8 -3 7 -1 -1 2 ],2025-05-07_20-07-59-176
CSI_DATA,PASSIVE,5C:E9:31:E8:E9:4E,-88,11,0,0,0,0,0,0,0,0,0,-96,0,11,0,2299291532,0,120,0,0,2299.46,128,[120 -128 7 0 4 -8 -7 -7 -1 -5 -9 4 -1 -8 -9 -8 -12 -4 -13 -3 -13 -6 -22 1 -13 -8 -20 -1 -21 1 -23 -1 -25 -5 -25 -1 -24 -9 -28 -8 -17 -12 -15 -11 -11 -14 -16 -11 -11 -12 0 -10 -6 -12 0 0 0 0 0 0 0 0 0 0 0 0 0 0 0 0 0 0 0 0 0 0 -5 10 0 8 -6 8 -4 6 1 7 2 4 8 9 9 10 3 11 4 14 8 16 11 21 12 22 11 11 13 18 15 11 12 11 12 16 4 15 10 8 10 12 9 2 10 1 5 -2 3 -6 8 -2 ],2025-05-07_20-07-59-184
CSI_DATA,PASSIVE,5C:E9:31:E8:E9:4E,-87,11,0,0,0,0,0,0,0,0,0,-96,0,11,0,2299292759,0,120,0,0,2299.46,128,[120 -128 7 0 -7 9 -2 -4 -9 -10 1 0 -6 10 -6 9 -5 10 4 18 1 20 1 15 3 15 9 17 13 23 2 22 -3 21 -7 17 -17 18 -3 19 -27 17 -11 20 -7 8 -11 11 -25 6 -14 2 -16 -2 0 0 0 0 0 0 0 0 0 0 0 0 0 0 0 0 0 0 0 0 0 0 13 -7 2 -3 1 1 3 -12 2 -4 5 -10 3 -4 11 -19 11 -14 -2 -23 -8 -16 4 -19 4 -15 6 -17 -4 -8 5 -14 10 -11 11 -24 -11 -11 7 -7 -1 -9 -9 -11 -9 4 -10 -2 2 -5 6 -6 ],2025-05-07_20-07-59-189
CSI_DATA,PASSIVE,5C:E9:31:E8:E9:4E,-88,11,0,0,0,0,0,0,0,0,0,-96,0,11,0,2299292960,0,98,0,0,2299.47,128,[98 32 6 0 5 -4 5 8 9 3 10 -1 17 1 4 -11 10 -7 4 -7 -1 -7 10 0 5 -12 8 -11 9 -13 20 -19 22 -22 12 -7 24 3 22 -9 22 -3 15 3 12 -2 16 4 15 -1 11 6 12 13 0 0 0 0 0 0 0 0 0 0 0 0 0 0 0 0 0 0 0 0 0 0 -3 -2 -12 -3 -13 0 -1 0 -11 3 -5 8 -16 13 -2 16 -10 16 -9 10 -8 12 -14 15 -14 11 -14 18 -18 9 -6 17 -14 19 -2 5 -15 6 -12 13 -6 11 -5 14 -8 3 0 4 6 12 -1 -3 ],2025-05-07_20-07-59-194
CSI_DATA,PASSIVE,5C:E9:31:E8:E9:4E,-89,11,0,0,0,0,0,0,0,0,0,-96,0,11,0,2299293456,0,140,0,0,2299.47,128,[-116 -64 8 0 -1 5 3 4 5 2 5 8 15 4 10 6 13 -1 7 -3 5 -7 13 -6 11 -16 15 -9 17 -11 15 -11 19 -10 22 -5 24 -5 22 -2 22 4 18 -3 21 1 13 2 16 10 19 6 7 13 0 0 0 0 0 0 0 0 0 0 0 0 0 0 0 0 0 0 0 0 0 0 3 0 2 -7 10 -4 1 -7 -5 -12 2 -7 0 -14 -5 -16 -1 -14 0 -19 4 -14 3 -15 -3 -14 -12 -16 -6 -14 -15 -15 -9 -14 -10 -14 -10 -6 -10 -6 -11 -10 -17 -2 -3 -6 -8 -2 -7 -3 -4 9 ],2025-05-07_20-07-59-199
CSI_DATA,PASSIVE,5C:E9:31:E8:F4:66,-77,11,0,0,0,0,0,0,0,0,0,-96,0,11,0,2299317145,0,80,0,0,2299.48,128,[80 0 5 0 3 -20 5 -18 6 -23 9 -24 10 -20 14 -20 15 -20 16 -19 19 -22 23 -14 23 -16 27 -15 31 -15 30 -14 33 -12 35 -10 34 -11 36 -9 33 -7 29 -6 29 -6 27 -7 24 -7 22 -7 18 -6 0 0 0 0 0 0 0 0 0 0 0 0 0 0 0 0 0 0 0 0 0 0 -17 8 -16 9 -13 8 -10 12 -10 11 -8 12 -4 17 0 18 1 18 3 17 3 18 6 15 6 15 10 17 9 11 11 9 7 5 9 5 10 0 7 -3 11 -3 11 -7 8 -9 7 -15 9 -15 7 -16 ],2025-05-07_20-07-59-209
CSI_DATA,PASSIVE,5C:E9:31:E8:F4:66,-77,11,0,0,0,0,0,0,0,0,0,-96,0,11,0,2299317294,0,126,0,0,2299.49,128,[126 -32 7 0 -4 -21 -3 -21 -1 -24 -1 -22 5 -25 4 -23 7 -24 9 -22 14 -22 19 -22 20 -23 19 -20 27 -22 28 -21 28 -18 31 -17 36 -19 34 -16 31 -14 30 -13 26 -11 23 -11 22 -13 20 -10 15 -11 0 0 0 0 0 0 0 0 0 0 0 0 0 0 0 0 0 0 0 0 0 0 -10 15 -8 12 -7 13 -6 18 -6 18 0 15 1 16 6 16 10 13 12 14 12 14 13 13 15 10 17 10 14 8 15 3 12 1 12 0 12 -6 8 -8 4 -9 9 -12 3 -11 5 -17 4 -18 -1 -17 ],2025-05-07_20-07-59-215
CSI_DATA,PASSIVE,5C:E9:31:E8:F4:66,-77,11,0,0,0,0,0,0,0,0,0,-96,0,11,0,2299317503,0,128,0,0,2299.49,128,[-128 0 8 0 -22 1 -21 2 -20 -3 -22 -1 -24 -3 -23 -5 -21 -10 -26 -14 -26 -13 -23 -15 -22 -19 -23 -24 -22 -26 -19 -29 -19 -31 -17 -34 -19 -33 -17 -33 -12 -35 -13 -27 -9 -26 -10 -25 -15 -20 -12 -17 -9 -16 0 0 0 0 0 0 0 0 0 0 0 0 0 0 0 0 0 0 0 0 0 0 15 11 14 11 13 7 16 4 13 2 16 4 14 -2 14 -6 13 -7 14 -9 14 -10 16 -13 12 -17 8 -13 4 -17 4 -12 1 -17 -1 -13 -2 -7 -5 -10 -5 -9 -9 -13 -12 -5 -13 -4 -14 -6 -18 -5 ],2025-05-07_20-07-59-220
CSI_DATA,PASSIVE,5C:E9:31:E8:F4:66,-77,11,0,0,0,0,0,0,0,0,0,-96,0,11,0,2299317716,0,148,0,0,2299.5,128,[-108 64 9 0 2 -23 6 -23 6 -22 8 -23 5 -23 9 -24 9 -24 14 -16 13 -21 18 -18 23 -18 28 -17 28 -15 29 -10 34 -15 33 -10 36 -8 38 -4 33 -6 32 -4 32 -4 25 -4 22 -5 25 -10 19 -4 0 0 0 0 0 0 0 0 0 0 0 0 0 0 0 0 0 0 0 0 0 0 -14 13 -13 13 -9 11 -9 14 -6 15 -2 17 -2 14 3 18 4 17 10 12 9 16 13 14 10 12 9 12 13 13 12 9 15 5 13 2 7 -3 12 -5 8 -6 11 -13 9 -13 6 -16 7 -16 1 -19 ],2025-05-07_20-07-59-226
CSI_DATA,PASSIVE,5C:E9:31:E8:F4:66,-77,11,0,0,0,0,0,0,0,0,0,-96,0,11,0,2299317957,0,190,0,0,2299.51,128,[-66 -32 11 0 9 20 7 15 6 18 5 19 2 22 3 19 -2 22 -2 23 -4 24 -9 25 -12 28 -17 27 -12 31 -20 28 -20 30 -23 30 -24 28 -20 27 -21 28 -23 22 -17 19 -16 24 -19 20 -14 17 -13 15 0 0 0 0 0 0 0 0 0 0 0 0 0 0 0 0 0 0 0 0 0 0 4 -16 5 -16 0 -15 2 -17 -4 -15 -3 -16 -7 -13 -10 -11 -14 -10 -14 -9 -15 -10 -16 -9 -18 -7 -19 -8 -14 -3 -15 -1 -17 0 -11 6 -9 5 -8 11 -6 13 -5 13 -1 9 1 17 3 11 1 16 ],2025-05-07_20-07-59-231
CSI_DATA,PASSIVE,5C:E9:31:E8:F4:66,-77,11,0,0,0,0,0,0,0,0,0,-96,0,11,0,2299318254,0,210,0,0,2299.51,128,[-46 32 13 0 18 -1 21 -5 21 0 20 0 22 4 24 3 21 7 17 10 21 9 26 14 21 19 20 21 21 23 17 29 21 28 19 29 19 31 18 30 18 33 15 28 13 25 13 22 13 22 14 20 14 18 0 0 0 0 0 0 0 0 0 0 0 0 0 0 0 0 0 0 0 0 0 0 -13 -13 -15 -11 -15 -10 -13 -6 -18 -4 -15 1 -15 4 -13 6 -13 5 -15 14 -17 14 -14 12 -14 17 -9 13 -8 13 -9 14 -5 11 0 9 1 10 4 11 6 6 8 3 12 5 14 1 16 5 16 2 ],2025-05-07_20-07-59-236
CSI_DATA,PASSIVE,5C:E9:31:E8:F4:66,-77,11,0,0,0,0,0,0,0,0,0,-96,0,11,0,2299318575,0,108,0,0,2299.52,128,[108 -64 6 0 -20 7 -23 3 -19 3 -23 2 -27 1 -24 -1 -25 -5 -26 -4 -27 -8 -26 -11 -24 -15 -27 -17 -28 -18 -29 -21 -26 -25 -26 -25 -24 -27 -25 -27 -22 -26 -22 -25 -20 -24 -19 -19 -19 -17 -19 -15 -16 -13 0 0 0 0 0 0 0 0 0 0 0 0 0 0 0 0 0 0 0 0 0 0 16 8 14 6 15 6 14 3 15 -2 13 -3 16 -4 12 -9 13 -10 15 -12 11 -15 11 -16 11 -18 8 -17 2 -17 0 -15 1 -12 -5 -15 -5 -12 -6 -10 -10 -5 -9 -2 -13 -3 -15 0 -16 1 -20 -2 ],2025-05-07_20-07-59-243
CSI_DATA,PASSIVE,5C:E9:31:E8:F4:66,-77,11,0,0,0,0,0,0,0,0,0,-96,0,11,0,2299318760,0,205,0,0,2299.52,128,[-51 -48 12 0 -17 -5 -20 -4 -16 -7 -17 -8 -19 -12 -19 -12 -16 -17 -15 -18 -16 -17 -14 -21 -13 -25 -13 -29 -9 -29 -5 -29 -7 -33 -6 -30 -5 -33 -2 -32 -2 -30 -2 -28 -2 -28 -3 -26 -6 -24 -4 -20 -5 -17 0 0 0 0 0 0 0 0 0 0 0 0 0 0 0 0 0 0 0 0 0 0 7 12 8 12 10 10 9 9 10 4 11 4 14 2 13 -1 16 -5 14 -5 13 -8 15 -9 17 -10 15 -10 8 -8 9 -8 5 -13 0 -14 1 -9 -2 -11 -2 -13 -5 -11 -8 -7 -10 -9 -13 -8 -12 -8 ],2025-05-07_20-07-59-248
CSI_DATA,PASSIVE,5C:E9:31:E8:F4:66,-78,11,0,0,0,0,0,0,0,0,0,-96,0,11,0,2299319077,0,127,0,0,2299.53,128,[127 -16 7 0 -18 -13 -19 -13 -16 -16 -18 -16 -16 -18 -16 -19 -11 -19 -10 -22 -9 -24 -8 -30 -3 -29 -3 -32 0 -30 2 -34 2 -35 6 -37 6 -36 7 -35 8 -33 7 -34 6 -27 6 -27 5 -23 4 -21 1 -20 0 0 0 0 0 0 0 0 0 0 0 0 0 0 0 0 0 0 0 0 0 0 4 18 4 13 4 12 7 13 9 8 11 10 14 7 15 3 15 2 16 2 16 0 23 -2 18 -6 13 -6 14 -9 12 -7 13 -9 5 -9 4 -7 3 -14 -3 -15 -4 -14 -3 -12 -7 -11 -15 -13 -13 -11 ],2025-05-07_20-07-59-254
CSI_DATA,PASSIVE,5C:E9:31:E8:F4:66,-77,11,0,0,0,0,0,0,0,0,0,-96,0,11,0,2299319290,0,564,0,0,2299.53,128,[52 66 35 0 8 -14 6 -20 6 -16 12 -16 12 -19 12 -15 16 -15 20 -11 22 -8 25 -10 25 -10 27 -4 27 -3 31 -2 30 4 34 3 33 3 32 5 29 4 28 2 28 4 26 3 24 4 20 1 18 0 0 0 0 0 0 0 0 0 0 0 0 0 0 0 0 0 0 0 0 0 0 0 -15 6 -15 9 -12 8 -12 9 -7 12 -3 11 0 12 0 14 -1 15 3 20 7 17 0 16 6 13 9 15 8 10 10 6 8 7 10 8 6 0 8 0 12 -7 11 -2 13 -7 8 -10 6 -12 7 -10 ],2025-05-07_20-07-59-259
CSI_DATA,PASSIVE,5C:E9:31:E8:F4:66,-77,11,0,0,0,0,0,0,0,0,0,-96,0,11,0,2299392549,0,94,0,0,2299.56,128,[94 -32 5 0 -16 6 -17 1 -20 2 -19 0 -22 0 -23 -3 -24 -6 -26 -9 -24 -8 -25 -12 -25 -15 -25 -17 -26 -16 -25 -20 -22 -23 -25 -22 -26 -26 -25 -25 -22 -26 -22 -20 -20 -24 -18 -19 -18 -19 -16 -12 -14 -9 0 0 0 0 0 0 0 0 0 0 0 0 0 0 0 0 0 0 0 0 0 0 5 11 6 10 5 9 10 8 12 5 11 3 12 -4 11 -1 11 -3 13 -8 12 -11 12 -9 12 -13 11 -10 6 -11 9 -12 5 -15 2 -12 -1 -12 -1 -10 -4 -9 -7 -3 -11 -5 -12 -5 -14 -2 -14 -4 ],2025-05-07_20-07-59-285
CSI_DATA,PASSIVE,5C:E9:31:E8:F4:66,-76,11,0,0,0,0,0,0,0,0,0,-96,0,11,0,2299392718,0,472,0,0,2299.56,128,[-40 -127 29 0 -8 -17 -10 -21 -9 -19 -4 -20 -3 -21 -4 -22 0 -22 3 -24 4 -27 6 -25 9 -26 9 -31 14 -26 18 -27 22 -26 20 -28 22 -28 20 -27 22 -23 22 -23 18 -25 15 -19 13 -20 13 -16 7 -14 0 0 0 0 0 0 0 0 0 0 0 0 0 0 0 0 0 0 0 0 0 0 -9 12 -8 10 -5 12 -3 10 0 11 2 11 4 12 9 8 8 12 11 11 12 11 16 9 15 7 16 8 14 2 15 2 13 -1 15 2 11 -4 7 -6 5 -10 4 -7 3 -14 2 -13 -3 -13 -3 -14 ],2025-05-07_20-07-59-290
CSI_DATA,PASSIVE,5C:E9:31:E8:F4:66,-76,11,0,0,0,0,0,0,0,0,0,-96,0,11,0,2299393391,0,492,0,0,2299.57,128,[-20 -63 30 0 0 20 -1 18 -6 24 -5 22 -10 21 -11 18 -14 21 -13 19 -16 18 -23 16 -25 18 -26 15 -28 17 -27 16 -30 12 -35 11 -34 9 -33 11 -31 10 -31 6 -28 8 -24 8 -23 6 -19 7 -17 8 0 0 0 0 0 0 0 0 0 0 0 0 0 0 0 0 0 0 0 0 0 0 12 -3 11 -5 9 -7 5 -5 9 -10 5 -12 0 -13 1 -15 -3 -14 -6 -17 -8 -14 -8 -19 -14 -14 -9 -14 -12 -15 -8 -11 -9 -7 -11 -9 -8 -4 -11 -3 -9 5 -10 5 -10 8 -6 9 -4 14 -4 12 ],2025-05-07_20-07-59-296
CSI_DATA,PASSIVE,5C:E9:31:E8:F4:66,-77,11,0,0,0,0,0,0,0,0,0,-96,0,11,0,2299394088,0,267,0,0,2299.58,128,[11 -79 16 0 -16 -11 -15 -11 -15 -14 -15 -13 -14 -11 -11 -18 -14 -20 -7 -25 -8 -26 -2 -27 0 -25 -2 -25 0 -34 4 -27 4 -34 11 -41 9 -39 10 -30 15 -22 13 -33 12 -29 11 -22 6 -22 10 -22 4 -22 0 0 0 0 0 0 0 0 0 0 0 0 0 0 0 0 0 0 0 0 0 0 1 17 1 9 4 14 4 11 8 7 10 6 13 6 14 7 10 2 15 -4 22 2 18 -3 22 -6 16 -2 18 -6 13 -12 11 -9 6 -7 9 -10 -1 -12 2 -7 -2 -11 -3 -15 -7 -11 -9 -8 -14 -7 ],2025-05-07_20-07-59-302
CSI_DATA,PASSIVE,5C:E9:31:E8:F4:66,-77,11,0,0,0,0,0,0,0,0,0,-96,0,11,0,2299394485,0,287,0,0,2299.58,128,[31 -15 17 0 -1 -23 2 -21 3 -26 4 -26 5 -26 7 -27 6 -26 9 -25 14 -25 19 -27 22 -24 23 -26 22 -26 28 -24 28 -24 31 -22 33 -24 32 -20 28 -19 27 -17 24 -16 22 -17 21 -16 15 -15 15 -14 0 0 0 0 0 0 0 0 0 0 0 0 0 0 0 0 0 0 0 0 0 0 -17 2 -11 2 -14 7 -11 6 -8 9 -5 13 -7 15 -3 13 -2 19 4 18 5 22 5 19 8 19 8 18 8 15 9 11 7 6 9 5 9 3 12 2 6 -3 9 -7 7 -10 8 -10 6 -17 5 -12 ],2025-05-07_20-07-59-307
CSI_DATA,PASSIVE,5C:E9:31:E8:F4:66,-77,11,0,0,0,0,0,0,0,0,0,-96,0,11,0,2299394910,0,94,0,0,2299.59,128,[94 -32 5 0 12 13 15 14 12 13 14 21 15 18 10 23 12 23 11 24 8 27 4 29 2 33 1 33 -4 32 -3 34 -6 31 -5 36 -11 35 -10 37 -6 31 -6 32 -7 30 -4 27 -4 25 -3 19 -1 19 0 0 0 0 0 0 0 0 0 0 0 0 0 0 0 0 0 0 0 0 0 0 5 -16 5 -15 -1 -15 1 -13 -2 -13 -5 -13 -8 -13 -12 -11 -16 -10 -17 -6 -18 -7 -15 -7 -21 -2 -17 -4 -17 -2 -18 4 -16 3 -13 3 -10 5 -7 4 -4 7 -1 11 -1 10 2 9 4 13 5 13 ],2025-05-07_20-07-59-312
CSI_DATA,PASSIVE,5C:E9:31:E8:F4:66,-76,11,0,0,0,0,0,0,0,0,0,-96,0,11,0,2299395079,0,124,0,0,2299.59,128,[124 -64 7 0 -12 16 -12 19 -7 17 -12 21 -11 17 -15 18 -19 18 -21 17 -23 15 -25 16 -28 14 -32 14 -36 15 -32 11 -35 7 -37 9 -41 4 -38 7 -35 5 -34 3 -31 4 -27 7 -24 7 -22 7 -19 8 0 0 0 0 0 0 0 0 0 0 0 0 0 0 0 0 0 0 0 0 0 0 16 -2 14 -3 11 -4 12 -5 10 -8 9 -14 8 -13 3 -16 1 -17 1 -19 0 -17 -1 -19 -5 -21 -5 -18 -10 -17 -4 -13 -5 -12 -6 -12 -12 -6 -9 -5 -10 -1 -10 1 -10 3 -10 11 -8 8 -8 10 ],2025-05-07_20-07-59-318
CSI_DATA,PASSIVE,5C:E9:31:E8:F4:66,-77,11,0,0,0,0,0,0,0,0,0,-96,0,11,0,2299395288,0,124,0,0,2299.6,128,[124 -64 7 0 13 10 12 12 14 13 12 16 12 15 12 17 11 20 8 23 6 26 5 26 3 27 -1 29 -2 32 -5 33 -4 30 -8 34 -7 31 -6 32 -6 29 -7 28 -5 24 -6 24 -5 22 -3 19 0 17 0 0 0 0 0 0 0 0 0 0 0 0 0 0 0 0 0 0 0 0 0 0 1 -16 -2 -13 -1 -15 -4 -14 -9 -12 -9 -9 -14 -10 -11 -9 -17 -8 -18 -8 -18 -2 -17 -1 -19 0 -17 -2 -14 1 -15 4 -14 5 -11 7 -9 6 -5 8 -3 7 0 11 3 8 4 5 6 9 10 12 ],2025-05-07_20-07-59-323
CSI_DATA,PASSIVE,5C:E9:31:E8:F4:66,-77,11,0,0,0,0,0,0,0,0,0,-96,0,11,0,2299395497,0,108,0,0,2299.6,128,[108 -64 6 0 9 -19 11 -14 13 -17 13 -17 15 -18 18 -15 21 -14 22 -15 26 -9 25 -9 29 -10 31 -10 34 -9 34 0 35 -3 35 0 39 0 38 1 35 3 33 -4 28 1 27 -3 25 -2 20 -4 20 -2 0 0 0 0 0 0 0 0 0 0 0 0 0 0 0 0 0 0 0 0 0 0 -19 -2 -16 -2 -16 2 -14 4 -12 8 -10 11 -10 12 -8 16 -8 14 -5 14 1 18 0 20 2 15 1 19 4 18 5 13 5 12 5 11 6 6 7 6 10 -3 10 -1 8 -7 14 -10 8 -9 12 -14 ],2025-05-07_20-07-59-329
CSI_DATA,PASSIVE,5C:E9:31:E8:E9:4E,-88,11,0,0,0,0,0,0,0,0,0,-96,0,11,0,2299465690,0,120,0,0,2299.63,128,[120 -128 7 0 -9 -2 -2 16 -10 10 7 17 -5 6 0 12 -5 10 0 12 0 18 -6 14 -4 14 2 25 0 21 3 17 -8 24 -10 24 -8 27 -17 18 -13 15 -16 16 -13 6 -10 5 -6 0 -14 4 -12 1 0 0 0 0 0 0 0 0 0 0 0 0 0 0 0 0 0 0 0 0 0 0 8 -5 -1 -10 1 -6 0 -9 4 -9 4 -9 0 -11 -1 -12 -4 -15 3 -11 5 -21 -5 -23 -6 -14 -7 -16 3 -17 3 -24 -7 -10 -5 -7 -4 -12 -5 -8 -15 -10 -4 -14 -6 -8 -6 -8 -13 7 -18 -4 ],2025-05-07_20-07-59-357
CSI_DATA,PASSIVE,5C:E9:31:E8:E9:4E,-87,11,0,0,0,0,0,0,0,0,0,-96,0,11,0,2299479483,0,98,0,0,2299.65,128,[98 32 6 0 -9 -2 -7 8 3 5 11 6 11 3 13 6 13 -1 17 6 17 0 13 -8 14 -1 15 3 19 -5 21 -9 26 2 18 -2 27 -1 22 -3 21 11 18 10 15 9 9 10 7 14 7 15 3 12 0 0 0 0 0 0 0 0 0 0 0 0 0 0 0 0 0 0 0 0 0 0 1 -6 2 -3 -2 -3 0 -11 -9 -6 -8 -11 -8 -12 -13 -7 -11 -11 -10 -8 -9 -5 -15 -15 -13 -9 -9 -14 -12 -2 -12 -14 -16 -8 -7 -7 -13 -5 -11 4 -14 -5 1 0 -10 -5 -9 -3 -11 9 -4 -1 ],2025-05-07_20-07-59-372
CSI_DATA,PASSIVE,5C:E9:31:E8:F4:66,-77,11,0,0,0,0,0,0,0,0,0,-96,0,11,0,2299495070,0,197,0,0,2299.66,128,[-59 80 12 0 -19 -3 -21 -6 -20 -2 -20 -9 -23 -10 -21 -8 -17 -9 -18 -13 -22 -14 -20 -18 -17 -25 -17 -25 -17 -27 -17 -28 -14 -30 -12 -30 -11 -28 -9 -30 -9 -28 -6 -26 -7 -26 -7 -21 -7 -19 -6 -20 -8 -14 0 0 0 0 0 0 0 0 0 0 0 0 0 0 0 0 0 0 0 0 0 0 8 12 10 11 10 10 10 7 13 4 12 0 14 -1 14 -1 14 -6 13 -7 12 -7 15 -12 16 -10 13 -11 9 -12 10 -12 7 -11 3 -15 2 -11 0 -12 -3 -12 -7 -11 -6 -7 -12 -4 -12 -7 -16 -5 ],2025-05-07_20-07-59-388
CSI_DATA,PASSIVE,5C:E9:31:E8:F4:66,-77,11,0,0,0,0,0,0,0,0,0,-96,0,11,0,2299495374,0,217,0,0,2299.67,128,[-39 -112 13 0 2 18 6 20 1 24 2 21 0 27 1 24 -4 29 -11 26 -10 23 -16 23 -17 26 -22 24 -23 22 -25 23 -30 23 -29 22 -30 19 -32 17 -30 17 -27 13 -25 14 -23 12 -21 12 -19 12 -16 10 0 0 0 0 0 0 0 0 0 0 0 0 0 0 0 0 0 0 0 0 0 0 7 -16 4 -14 4 -18 1 -17 -5 -16 -6 -17 -11 -14 -13 -18 -14 -18 -16 -15 -17 -15 -21 -12 -21 -10 -17 -8 -17 -9 -16 -5 -16 -2 -15 -1 -12 3 -12 6 -14 10 -10 9 -4 10 -5 17 -2 14 1 14 ],2025-05-07_20-07-59-394
CSI_DATA,PASSIVE,5C:E9:31:E8:F4:66,-76,11,0,0,0,0,0,0,0,0,0,-96,0,11,0,2299495707,0,119,0,0,2299.67,128,[119 112 7 0 15 15 14 15 14 13 12 13 18 19 16 20 9 19 16 24 8 26 7 22 7 30 0 31 -2 30 -1 32 -6 31 -6 33 -5 30 -7 30 -6 30 -8 28 -9 25 -4 21 -6 21 -4 19 -1 18 0 0 0 0 0 0 0 0 0 0 0 0 0 0 0 0 0 0 0 0 0 0 -5 -14 -4 -15 -9 -11 -11 -11 -12 -10 -15 -6 -10 -7 -19 -5 -15 -4 -19 0 -18 -1 -23 6 -21 5 -16 5 -16 9 -18 7 -14 10 -12 9 -9 8 -1 10 -1 8 0 13 1 9 7 10 9 11 13 15 ],2025-05-07_20-07-59-399
CSI_DATA,PASSIVE,5C:E9:31:E8:F4:66,-78,11,0,0,0,0,0,0,0,0,0,-96,0,11,0,2299495908,0,119,0,0,2299.68,128,[119 112 7 0 21 3 21 0 23 -1 23 1 19 2 20 6 18 8 23 9 24 13 24 15 20 19 25 20 27 24 18 29 22 28 17 29 19 27 18 29 14 31 13 28 18 24 14 23 12 19 12 17 13 14 0 0 0 0 0 0 0 0 0 0 0 0 0 0 0 0 0 0 0 0 0 0 -10 -12 -9 -9 -14 -13 -12 -7 -15 -1 -16 -2 -17 1 -17 4 -18 5 -18 10 -19 11 -21 15 -18 13 -13 13 -13 11 -10 14 -8 15 -5 13 -2 9 2 8 -1 7 12 12 10 10 9 6 13 5 13 5 ],2025-05-07_20-07-59-404
CSI_DATA,PASSIVE,5C:E9:31:E8:F4:66,-78,11,0,0,0,0,0,0,0,0,0,-96,0,11,0,2299496109,0,139,0,0,2299.68,128,[-117 -80 8 0 25 -39 35 -45 29 -30 30 -42 34 -34 39 -34 40 -34 46 -31 39 -26 56 -29 56 -32 77 -24 70 -23 79 -9 69 -25 89 -20 77 -10 77 -8 74 -6 71 0 55 2 54 -2 47 -6 42 0 46 -11 0 0 0 0 0 0 0 0 0 0 0 0 0 0 0 0 0 0 0 0 0 0 -35 10 -25 2 -35 15 -25 19 -30 20 -15 22 -16 43 -16 37 -8 33 7 37 -4 46 8 45 10 41 11 54 8 39 10 36 20 20 23 24 18 17 23 8 9 2 29 -10 23 -20 28 -14 25 -24 30 -27 ],2025-05-07_20-07-59-410
CSI_DATA,PASSIVE,5C:E9:31:E8:F4:66,-77,11,0,0,0,0,0,0,0,0,0,-96,0,11,0,2299496338,0,119,0,0,2299.69,128,[119 112 7 0 17 -9 17 -11 20 -9 22 -15 22 -12 23 -8 25 -10 28 -5 26 -4 26 -4 31 2 34 4 34 6 36 7 36 13 33 9 30 16 32 18 27 14 26 15 27 15 25 12 25 12 18 6 18 1 0 0 0 0 0 0 0 0 0 0 0 0 0 0 0 0 0 0 0 0 0 0 -18 -1 -15 1 -15 4 -12 8 -12 8 -14 7 -12 13 -8 11 -11 15 -8 20 -6 25 -6 19 -4 20 1 20 -4 19 3 18 4 19 8 18 6 10 8 6 10 3 11 3 11 -3 13 -10 13 -10 14 -4 ],2025-05-07_20-07-59-415
CSI_DATA,PASSIVE,5C:E9:31:E8:F4:66,-76,11,0,0,0,0,0,0,0,0,0,-96,0,11,0,2299496539,0,119,0,0,2299.7,128,[119 112 7 0 -1 -21 -2 -19 0 -19 1 -21 1 -25 2 -23 0 -23 4 -19 9 -22 13 -21 13 -23 16 -17 19 -16 27 -24 19 -16 22 -12 27 -19 30 -12 25 -9 21 -7 20 -11 17 -14 20 -10 12 -6 12 -7 0 0 0 0 0 0 0 0 0 0 0 0 0 0 0 0 0 0 0 0 0 0 -6 12 -5 10 -2 11 -2 15 1 13 2 15 4 11 3 13 8 13 11 10 14 14 15 9 12 8 15 8 11 8 14 0 8 0 14 2 11 -4 10 -8 8 -8 9 -9 7 -10 4 -10 2 -12 2 -13 ],2025-05-07_20-07-59-421
CSI_DATA,PASSIVE,5C:E9:31:E8:F4:66,-77,11,0,0,0,0,0,0,0,0,0,-96,0,11,0,2299496740,0,139,0,0,2299.7,128,[-117 -80 8 0 -20 -9 -20 -11 -21 -12 -23 -13 -20 -13 -20 -19 -19 -17 -18 -20 -17 -24 -13 -24 -15 -26 -12 -31 -10 -35 -9 -34 -5 -37 -2 -34 0 -36 -2 -34 2 -33 1 -32 -1 -30 0 -27 -1 -24 -4 -23 -4 -18 0 0 0 0 0 0 0 0 0 0 0 0 0 0 0 0 0 0 0 0 0 0 6 15 6 13 7 13 10 10 12 6 15 8 14 4 17 -1 17 -1 17 -1 22 -5 21 -9 20 -8 20 -9 15 -8 14 -13 13 -13 11 -14 9 -10 2 -13 1 -11 -2 -12 -7 -12 -8 -12 -13 -12 -12 -11 ],2025-05-07_20-07-59-426
CSI_DATA,PASSIVE,5C:E9:31:E8:F4:66,-77,11,0,0,0,0,0,0,0,0,0,-96,0,11,0,2299496969,0,139,0,0,2299.71,128,[-117 -80 8 0 -11 -16 -14 -17 -9 -18 -9 -22 -10 -21 -4 -23 -5 -23 -3 -27 -2 -25 -2 -28 -1 -30 4 -29 6 -30 11 -30 12 -29 13 -31 16 -29 15 -29 11 -23 15 -23 12 -22 12 -20 8 -19 6 -18 5 -15 0 0 0 0 0 0 0 0 0 0 0 0 0 0 0 0 0 0 0 0 0 0 -3 14 -1 13 0 15 0 12 4 10 8 9 11 8 11 10 15 9 16 7 15 7 22 5 19 4 18 0 17 1 16 -2 16 -4 13 -6 9 -8 12 -8 4 -8 3 -12 0 -12 -3 -11 -4 -13 -5 -15 ],2025-05-07_20-07-59-432
CSI_DATA,PASSIVE,5C:E9:31:E8:F4:66,-77,11,0,0,0,0,0,0,0,0,0,-96,0,11,0,2299497198,0,139,0,0,2299.71,128,[-117 -80 8 0 -6 -20 -6 -22 -7 -23 -3 -26 1 -25 -1 -26 2 -24 2 -29 4 -28 8 -26 13 -30 13 -32 17 -31 19 -30 23 -29 24 -27 25 -25 27 -20 24 -21 22 -21 22 -19 19 -18 16 -17 14 -15 10 -14 0 0 0 0 0 0 0 0 0 0 0 0 0 0 0 0 0 0 0 0 0 0 -10 13 -6 15 -5 15 -2 15 1 13 4 15 7 17 10 14 11 17 13 14 13 14 16 13 17 9 19 9 17 9 16 3 16 -1 11 0 12 -5 9 -7 7 -9 6 -8 5 -11 0 -13 0 -15 -3 -18 ],2025-05-07_20-07-59-437
CSI_DATA,PASSIVE,5C:E9:31:E8:F4:66,-76,11,0,0,0,0,0,0,0,0,0,-96,0,11,0,2299524688,0,108,0,0,2299.72,128,[108 -64 6 0 -25 -1 -24 3 -23 2 -28 2 -25 -2 -24 -3 -27 -5 -28 -11 -27 -10 -25 -13 -26 -14 -29 -20 -24 -23 -21 -26 -23 -26 -20 -28 -20 -24 -18 -29 -18 -27 -13 -25 -14 -26 -12 -23 -12 -19 -10 -15 -12 -15 0 0 0 0 0 0 0 0 0 0 0 0 0 0 0 0 0 0 0 0 0 0 13 8 13 8 11 5 15 1 16 -5 16 -5 13 -7 15 -9 15 -13 14 -12 14 -16 17 -18 9 -22 10 -21 7 -18 4 -21 4 -16 -1 -17 1 -15 -3 -15 -7 -10 -11 -9 -10 -8 -16 -7 -16 -3 -19 -5 ],2025-05-07_20-07-59-444
CSI_DATA,PASSIVE,5C:E9:31:E8:E9:4E,-88,11,0,0,0,0,0,0,0,0,0,-96,0,11,0,2299550569,0,127,0,0,2299.72,128,[127 -16 7 0 0 1 -3 3 8 6 2 -5 2 -9 6 2 12 -5 3 -9 3 -17 0 -14 5 -18 6 -15 6 -19 2 -18 8 -17 14 -25 17 -19 13 -15 15 -18 16 -15 10 -11 14 -11 19 -9 23 0 11 -1 0 0 0 0 0 0 0 0 0 0 0 0 0 0 0 0 0 0 0 0 0 0 -9 -11 -13 -9 -7 -6 -4 -2 -13 -6 -10 -1 -4 3 -18 1 -14 3 -15 -3 -17 3 -19 -2 -16 5 -10 5 -15 0 -18 -1 -11 13 -6 -1 -9 3 -12 8 -11 15 -4 5 -1 11 -5 4 -3 0 -6 3 ],2025-05-07_20-07-59-448
CSI_DATA,PASSIVE,5C:E9:31:E8:E9:4E,-87,11,0,0,0,0,0,0,0,0,0,-96,0,11,0,2299553405,0,113,0,0,2299.73,128,[113 16 7 0 -1 5 -5 11 2 10 7 8 12 12 -1 5 2 7 14 0 8 -2 16 5 4 7 20 4 18 1 20 3 26 9 23 18 18 15 19 14 19 20 15 16 7 13 14 12 2 14 4 13 4 15 0 0 0 0 0 0 0 0 0 0 0 0 0 0 0 0 0 0 0 0 0 0 7 -6 5 1 9 -3 7 -12 10 -4 0 -10 8 -13 7 -15 10 -17 3 -17 6 -14 11 -21 -2 -18 3 -16 9 -17 -1 -17 -5 -14 1 -11 -5 -17 -5 -11 -1 -3 -8 -5 -9 -7 -8 -9 -10 1 -5 -1 ],2025-05-07_20-07-59-453
CSI_DATA,PASSIVE,5C:E9:31:E8:E9:4E,-88,11,0,0,0,0,0,0,0,0,0,-96,0,11,0,2299554097,0,113,0,0,2299.73,128,[113 16 7 0 -6 4 1 6 -9 10 -12 -6 0 -2 -3 3 -4 11 -10 11 -10 11 -12 13 4 16 1 21 -1 27 -1 24 1 28 -4 27 4 14 -2 19 -6 17 -6 17 -8 19 -12 19 -9 22 -10 13 -13 4 0 0 0 0 0 0 0 0 0 0 0 0 0 0 0 0 0 0 0 0 0 0 -12 -3 -8 3 -4 9 1 9 -4 11 -2 7 11 8 0 18 -1 13 10 11 12 22 6 13 14 14 8 10 24 14 18 11 11 -3 8 -3 12 0 13 3 -2 2 13 -10 9 -12 10 -2 4 -8 -9 -3 ],2025-05-07_20-07-59-459
CSI_DATA,PASSIVE,5C:E9:31:E8:E9:4E,-87,11,0,0,0,0,0,0,0,0,0,-96,0,11,0,2299554290,0,119,0,0,2299.74,128,[119 112 7 0 -2 -3 3 8 2 -5 -3 -17 2 -11 -5 -4 1 -17 -5 -13 -5 -14 -13 -14 -12 -13 -12 -17 -12 -23 -7 -28 -18 -17 -9 -21 -1 -21 -6 -31 4 -19 7 -16 10 -16 -2 -16 1 -21 6 -16 10 -14 0 0 0 0 0 0 0 0 0 0 0 0 0 0 0 0 0 0 0 0 0 0 -8 -9 -4 0 -6 2 -6 -1 -11 -1 -15 1 -14 -4 -23 -4 -21 3 -19 -1 -10 8 -19 2 -19 9 -2 15 -9 11 -14 10 -11 7 -2 7 -5 10 -8 12 -5 4 -2 2 -3 -1 -1 6 -3 -1 -1 4 ],2025-05-07_20-07-59-465
CSI_DATA,PASSIVE,5C:E9:31:E8:E9:4E,-88,11,0,0,0,0,0,0,0,0,0,-96,0,11,0,2299562100,0,94,0,0,2299.74,128,[94 -32 5 0 -1 5 6 7 5 -7 1 8 -2 9 9 6 12 -2 12 4 14 -1 10 14 16 12 21 4 19 11 24 13 28 15 15 16 18 21 16 25 14 11 12 19 7 20 9 14 0 11 3 15 2 25 0 0 0 0 0 0 0 0 0 0 0 0 0 0 0 0 0 0 0 0 0 0 11 0 15 -6 17 -8 6 -7 4 0 7 -8 10 -13 2 -18 2 -10 5 -19 12 -14 1 -9 8 -19 -4 -14 0 -26 1 -10 -1 -7 3 -18 -3 -13 -6 -17 -1 -9 -7 -10 3 -16 -2 -11 -5 2 -8 -10 ],2025-05-07_20-07-59-470
CSI_DATA,PASSIVE,5C:E9:31:E8:E9:4E,-88,11,0,0,0,0,0,0,0,0,0,-96,0,11,0,2299574712,0,98,0,0,2299.75,128,[98 32 6 0 -1 -3 -2 3 -2 7 -6 4 -8 5 -8 10 2 8 -5 7 -6 13 -5 16 5 17 4 21 -6 23 -2 21 -9 31 -8 32 -9 21 -16 12 -5 23 -8 16 -19 12 -12 15 -15 13 -8 6 -11 5 0 0 0 0 0 0 0 0 0 0 0 0 0 0 0 0 0 0 0 0 0 0 -1 5 7 7 4 5 3 7 8 3 14 6 10 8 12 3 17 7 9 -4 18 1 19 3 18 6 20 -6 21 0 13 0 11 -6 14 -10 9 -6 14 -3 11 -13 -2 -2 0 -1 -2 -10 4 -5 8 -7 ],2025-05-07_20-07-59-474
CSI_DATA,PASSIVE,5C:E9:31:E8:F4:66,-77,11,0,0,0,0,0,0,0,0,0,-96,0,11,0,2299600144,0,267,0,0,2299.77,128,[11 -79 16 0 22 6 22 9 21 9 22 12 22 12 21 14 19 12 19 18 18 17 15 21 12 26 13 26 12 26 10 31 6 28 2 30 3 31 1 29 1 29 1 27 -2 24 3 24 -1 20 3 16 3 14 0 0 0 0 0 0 0 0 0 0 0 0 0 0 0 0 0 0 0 0 0 0 -11 -12 -12 -10 -13 -8 -12 -5 -16 -2 -15 0 -18 1 -16 4 -16 5 -18 8 -17 8 -17 12 -15 14 -15 13 -12 12 -10 13 -7 15 -4 14 -3 11 1 12 5 13 10 12 9 12 13 9 18 11 19 12 ],2025-05-07_20-07-59-492
CSI_DATA,PASSIVE,5C:E9:31:E8:F4:66,-77,11,0,0,0,0,0,0,0,0,0,-96,0,11,0,2299600541,0,287,0,0,2299.77,128,[31 -15 17 0 3 25 1 22 4 23 -1 24 0 27 -2 25 -5 26 -7 21 -10 27 -12 29 -20 27 -14 24 -27 19 -25 19 -24 20 -21 14 -22 9 -27 12 -25 13 -24 15 -23 18 -23 4 -23 12 -15 14 -11 12 0 0 0 0 0 0 0 0 0 0 0 0 0 0 0 0 0 0 0 0 0 0 -3 -12 1 -14 -4 -14 -8 -15 -8 -13 -9 -9 -13 -8 -17 -11 -18 -12 -14 -7 -19 -8 -23 -6 -26 -11 -23 4 -20 -4 -19 2 -18 -1 -10 7 -11 4 -12 10 -3 14 -5 11 -1 16 -2 19 2 15 4 17 ],2025-05-07_20-07-59-498
CSI_DATA,PASSIVE,5C:E9:31:E8:F4:66,-76,11,0,0,0,0,0,0,0,0,0,-96,0,11,0,2299601380,0,139,0,0,2299.78,128,[-117 -80 8 0 -19 -15 -16 -19 -18 -18 -18 -22 -17 -18 -14 -19 -13 -20 -9 -20 -3 -24 -10 -28 2 -26 -1 -29 3 -28 2 -30 4 -26 12 -32 12 -26 11 -27 11 -28 15 -23 9 -22 9 -22 7 -15 7 -20 5 -16 0 0 0 0 0 0 0 0 0 0 0 0 0 0 0 0 0 0 0 0 0 0 8 12 7 12 7 11 10 9 13 7 13 5 16 4 15 3 21 -1 20 -3 17 -2 17 -4 18 -8 15 -6 14 -9 11 -9 14 -15 7 -11 3 -11 2 -9 2 -15 -4 -17 -5 -15 -9 -16 -9 -19 -10 -14 ],2025-05-07_20-07-59-504
CSI_DATA,PASSIVE,5C:E9:31:E8:F4:66,-76,11,0,0,0,0,0,0,0,0,0,-96,0,11,0,2299601609,0,133,0,0,2299.78,128,[-123 80 8 0 -10 -23 -11 -23 -6 -23 -8 -26 -12 -23 -3 -28 -2 -26 0 -25 4 -28 7 -28 9 -26 11 -25 16 -27 14 -28 17 -25 24 -25 23 -25 21 -18 24 -21 22 -17 17 -15 15 -15 16 -15 16 -12 10 -11 0 0 0 0 0 0 0 0 0 0 0 0 0 0 0 0 0 0 0 0 0 0 3 16 3 11 8 14 8 9 9 11 10 8 14 10 15 10 17 5 16 6 17 5 20 3 19 2 18 -4 15 -2 16 -6 12 -10 14 -7 11 -12 8 -15 6 -18 3 -19 1 -19 -2 -15 -4 -19 -5 -19 ],2025-05-07_20-07-59-510
CSI_DATA,PASSIVE,5C:E9:31:E8:F4:66,-76,11,0,0,0,0,0,0,0,0,0,-96,0,11,0,2299601830,0,113,0,0,2299.79,128,[113 16 7 0 12 -22 13 -22 18 -24 19 -21 18 -23 19 -21 22 -19 25 -13 25 -15 27 -11 28 -7 34 -8 33 -4 32 0 33 2 34 1 30 4 32 6 31 7 25 6 27 7 23 4 22 4 20 1 20 2 0 0 0 0 0 0 0 0 0 0 0 0 0 0 0 0 0 0 0 0 0 0 -15 9 -16 8 -14 9 -9 10 -6 15 -3 16 -1 16 0 19 2 20 2 21 7 20 7 18 8 15 10 19 12 14 10 14 10 11 14 5 17 5 15 -2 13 -4 14 -7 16 -10 13 -12 15 -17 14 -18 ],2025-05-07_20-07-59-515
CSI_DATA,PASSIVE,5C:E9:31:E8:F4:66,-76,11,0,0,0,0,0,0,0,0,0,-96,0,11,0,2299602023,0,133,0,0,2299.79,128,[-123 80 8 0 10 -20 9 -27 8 -22 12 -24 12 -19 15 -25 16 -19 19 -17 21 -17 23 -12 24 -11 29 -10 27 -7 27 -5 31 0 32 1 31 2 31 6 29 2 28 5 23 2 22 2 20 3 16 1 17 0 0 0 0 0 0 0 0 0 0 0 0 0 0 0 0 0 0 0 0 0 0 0 -9 13 -6 9 -4 16 -3 11 -2 15 3 20 4 17 7 16 11 17 10 16 13 15 16 13 12 12 15 10 12 10 18 6 14 7 17 0 15 -1 10 -8 14 -8 15 -9 11 -13 8 -17 6 -12 4 -14 ],2025-05-07_20-07-59-520
CSI_DATA,PASSIVE,5C:E9:31:E8:F4:66,-76,11,0,0,0,0,0,0,0,0,0,-96,0,11,0,2299602244,0,113,0,0,2299.8,128,[113 16 7 0 20 -9 21 -9 22 -10 20 -9 19 -7 21 -5 23 -1 24 1 22 2 23 5 27 11 24 11 27 12 24 14 25 19 23 20 22 20 21 21 16 22 16 21 13 20 16 18 13 14 11 14 13 9 0 0 0 0 0 0 0 0 0 0 0 0 0 0 0 0 0 0 0 0 0 0 -14 -3 -14 1 -13 1 -13 4 -11 6 -12 9 -12 10 -11 14 1 16 -10 20 -9 20 -7 20 -10 21 1 17 -3 20 1 14 5 14 7 12 8 5 11 6 10 7 15 4 17 4 15 -3 17 -4 18 -2 ],2025-05-07_20-07-59-525
CSI_DATA,PASSIVE,5C:E9:31:E8:F4:66,-76,11,0,0,0,0,0,0,0,0,0,-96,0,11,0,2299602437,0,119,0,0,2299.81,128,[119 112 7 0 19 -8 21 -10 23 -13 19 -9 27 -7 24 -9 27 -4 26 0 27 4 27 7 29 12 29 12 28 18 27 19 26 21 27 22 29 22 22 23 20 23 22 25 20 19 15 18 18 15 16 11 13 9 0 0 0 0 0 0 0 0 0 0 0 0 0 0 0 0 0 0 0 0 0 0 -17 -2 -15 2 -16 3 -12 9 -14 7 -11 7 -11 11 -9 16 -12 17 -8 20 -3 24 -5 19 -3 20 -1 23 1 17 0 17 6 19 7 13 9 14 10 8 11 4 14 5 18 3 20 -5 17 -4 18 -3 ],2025-05-07_20-07-59-530
CSI_DATA,PASSIVE,5C:E9:31:E8:F4:66,-77,11,0,0,0,0,0,0,0,0,0,-96,0,11,0,2299602638,0,139,0,0,2299.81,128,[-117 -80 8 0 -1 -31 2 -29 2 -31 3 -29 4 -30 8 -27 9 -25 12 -28 15 -25 17 -24 19 -21 24 -19 25 -19 28 -16 29 -17 32 -14 32 -15 33 -11 33 -13 27 -13 28 -10 24 -5 18 -7 19 -11 14 -7 0 0 0 0 0 0 0 0 0 0 0 0 0 0 0 0 0 0 0 0 0 0 -7 14 -5 15 -6 15 -2 14 -1 13 2 17 7 17 11 16 12 17 8 15 17 13 17 11 15 9 16 7 16 5 17 3 15 1 12 -1 11 -3 12 -8 15 -10 11 -17 9 -18 11 -18 8 -16 1 -17 ],2025-05-07_20-07-59-536
CSI_DATA,PASSIVE,5C:E9:31:E8:F4:66,-76,11,0,0,0,0,0,0,0,0,0,-96,0,11,0,2299602867,0,94,0,0,2299.82,128,[94 -32 5 0 12 -21 7 -23 11 -22 14 -23 13 -21 15 -21 14 -23 15 -16 22 -16 20 -14 22 -14 27 -6 25 -6 30 -5 26 -3 32 0 30 2 30 4 28 4 26 3 24 6 22 5 19 0 21 1 15 2 0 0 0 0 0 0 0 0 0 0 0 0 0 0 0 0 0 0 0 0 0 0 -11 10 -9 10 -9 14 -5 10 -6 15 -5 16 -2 19 1 16 5 16 8 15 8 17 9 17 11 16 9 15 13 11 16 6 13 9 11 5 12 3 13 0 14 -5 17 -9 12 -13 14 -17 9 -14 14 -17 ],2025-05-07_20-07-59-541
CSI_DATA,PASSIVE,5C:E9:31:E8:F4:66,-77,11,0,0,0,0,0,0,0,0,0,-96,0,11,0,2299699718,0,258,0,0,2299.87,128,[2 33 16 0 22 4 22 7 22 4 25 6 27 10 25 13 23 18 22 19 21 19 17 24 17 21 18 26 13 30 15 32 13 34 7 31 7 33 5 32 3 29 4 28 1 29 6 26 4 22 3 20 6 15 0 0 0 0 0 0 0 0 0 0 0 0 0 0 0 0 0 0 0 0 0 0 -8 -14 -9 -14 -10 -10 -9 -11 -13 -5 -11 -6 -17 -1 -15 0 -16 0 -18 6 -17 5 -19 8 -19 13 -18 11 -13 9 -13 10 -9 14 -1 12 -2 16 1 12 5 13 8 11 11 9 10 11 12 12 22 7 ],2025-05-07_20-07-59-591
CSI_DATA,PASSIVE,5C:E9:31:E8:F4:66,-76,11,0,0,0,0,0,0,0,0,0,-96,0,11,0,2299700103,0,131,0,0,2299.87,128,[-125 48 8 0 18 -21 14 -20 13 -23 17 -19 18 -21 17 -19 19 -18 24 -16 23 -15 28 -11 28 -9 30 -6 35 -2 34 -2 32 -1 34 2 33 4 32 7 31 3 27 5 27 8 24 5 23 2 22 -3 19 1 0 0 0 0 0 0 0 0 0 0 0 0 0 0 0 0 0 0 0 0 0 0 -18 6 -15 7 -9 8 -9 8 -10 11 -7 12 -2 15 -1 19 2 18 5 17 6 19 6 17 9 17 7 16 10 14 10 15 10 10 14 7 11 4 14 -1 13 1 14 -9 14 -6 13 -14 14 -9 14 -15 ],2025-05-07_20-07-59-597
CSI_DATA,PASSIVE,5C:E9:31:E8:F4:66,-77,11,0,0,0,0,0,0,0,0,0,-96,0,11,0,2299700320,0,151,0,0,2299.88,128,[-105 112 9 0 -20 -6 -26 -1 -30 -7 -26 -1 -23 -7 -21 -9 -26 -9 -24 -15 -23 -16 -25 -19 -20 -24 -18 -22 -22 -28 -20 -31 -19 -28 -14 -32 -12 -31 -13 -33 -9 -32 -9 -30 -10 -28 -12 -25 -9 -22 -6 -20 -11 -20 0 0 0 0 0 0 0 0 0 0 0 0 0 0 0 0 0 0 0 0 0 0 11 14 12 11 11 9 12 5 12 3 13 0 14 -3 16 -2 15 -9 11 -10 14 -12 16 -17 14 -16 13 -16 9 -17 5 -16 8 -18 3 -11 0 -16 -6 -13 -5 -12 -4 -12 -14 -5 -15 -6 -18 -7 -14 -2 ],2025-05-07_20-07-59-604
CSI_DATA,PASSIVE,5C:E9:31:E8:F4:66,-76,11,0,0,0,0,0,0,0,0,0,-96,0,11,0,2299700565,0,158,0,0,2299.88,128,[-98 -32 9 0 -18 12 -17 10 -19 13 -22 14 -25 12 -25 9 -30 5 -22 4 -26 5 -24 2 -26 2 -30 -1 -28 -6 -27 -7 -31 -7 -29 -14 -26 -8 -28 -17 -24 -12 -26 -14 -25 -10 -21 -9 -22 -5 -16 -7 -18 -6 0 0 0 0 0 0 0 0 0 0 0 0 0 0 0 0 0 0 0 0 0 0 12 3 13 -1 15 -3 11 -4 13 -6 8 -11 11 -8 6 -12 4 -12 4 -17 3 -20 0 -16 4 -18 -3 -20 -4 -15 -6 -17 -9 -13 -10 -12 -12 -9 -11 -5 -12 -3 -10 1 -16 5 -16 4 -13 6 -17 7 ],2025-05-07_20-07-59-609
CSI_DATA,PASSIVE,5C:E9:31:E8:F4:66,-77,11,0,0,0,0,0,0,0,0,0,-96,0,11,0,2299700818,0,94,0,0,2299.89,128,[94 -32 5 0 3 21 7 23 6 24 1 26 -2 24 -1 25 -2 30 -9 25 -7 16 -9 27 -19 27 -14 22 -19 26 -21 23 -25 25 -29 21 -25 22 -26 19 -26 18 -25 18 -22 14 -21 14 -20 14 -15 12 -12 11 0 0 0 0 0 0 0 0 0 0 0 0 0 0 0 0 0 0 0 0 0 0 7 -13 6 -17 2 -15 -1 -15 -2 -11 -4 -15 -10 -13 -11 -16 -13 -15 -15 -9 -19 -14 -19 -12 -21 -9 -20 -8 -17 -5 -18 1 -15 6 -17 6 -15 7 -12 7 -11 14 -3 12 -6 16 -5 20 -3 19 -1 22 ],2025-05-07_20-07-59-614
CSI_DATA,PASSIVE,5C:E9:31:E8:F4:66,-77,11,0,0,0,0,0,0,0,0,0,-96,0,11,0,2299700987,0,94,0,0,2299.89,128,[94 -32 5 0 -21 12 -24 9 -24 8 -26 9 -26 5 -25 3 -27 -4 -26 0 -33 -6 -25 -3 -29 -11 -29 -13 -30 -12 -32 -16 -29 -20 -31 -21 -28 -20 -26 -21 -23 -21 -23 -22 -22 -16 -20 -16 -16 -10 -18 -15 -15 -12 0 0 0 0 0 0 0 0 0 0 0 0 0 0 0 0 0 0 0 0 0 0 14 7 17 1 13 1 9 -3 13 -6 16 -6 11 -11 16 -8 7 -17 14 -17 8 -20 9 -16 9 -21 4 -18 0 -18 1 -21 -1 -16 -4 -17 -9 -13 -8 -12 -16 -6 -12 -2 -14 -3 -18 -1 -18 -2 -17 2 ],2025-05-07_20-07-59-620
CSI_DATA,PASSIVE,5C:E9:31:E8:F4:66,-77,11,0,0,0,0,0,0,0,0,0,-96,0,11,0,2299701156,0,158,0,0,2299.9,128,[-98 -32 9 0 -14 -23 -16 -21 -12 -20 -9 -24 -12 -27 -11 -28 -6 -28 -8 -26 -1 -28 3 -30 3 -31 8 -30 11 -31 11 -27 16 -32 22 -30 18 -31 17 -30 21 -28 17 -25 17 -21 9 -25 9 -19 11 -19 10 -18 0 0 0 0 0 0 0 0 0 0 0 0 0 0 0 0 0 0 0 0 0 0 -2 16 -2 16 -1 15 2 12 6 9 9 10 12 9 16 11 14 6 12 8 17 4 16 4 22 -2 20 -4 15 -3 14 -6 14 -7 14 -11 13 -10 7 -12 4 -19 7 -17 -2 -16 -6 -18 -5 -15 -6 -20 ],2025-05-07_20-07-59-626
CSI_DATA,PASSIVE,5C:E9:31:E8:F4:66,-77,11,0,0,0,0,0,0,0,0,0,-96,0,11,0,2299701409,0,94,0,0,2299.91,128,[94 -32 5 0 -20 8 -22 8 -20 8 -21 7 -24 8 -26 5 -26 4 -25 -1 -22 -4 -26 -5 -27 -6 -25 -8 -29 -11 -27 -14 -28 -18 -26 -17 -24 -19 -27 -20 -21 -20 -22 -17 -20 -18 -18 -15 -18 -12 -15 -10 -17 -9 0 0 0 0 0 0 0 0 0 0 0 0 0 0 0 0 0 0 0 0 0 0 12 2 14 0 11 0 11 -2 10 -5 9 -10 9 -11 8 -12 8 -16 4 -16 5 -18 3 -16 3 -16 2 -19 -2 -18 -4 -13 -3 -14 -6 -12 -13 -6 -12 -8 -13 -6 -14 -4 -18 0 -16 3 -18 3 -17 4 ],2025-05-07_20-07-59-631
CSI_DATA,PASSIVE,5C:E9:31:E8:F4:66,-77,11,0,0,0,0,0,0,0,0,0,-96,0,11,0,2299701578,0,94,0,0,2299.91,128,[94 -32 5 0 -18 -16 -16 -18 -17 -22 -17 -18 -13 -19 -14 -23 -12 -24 -8 -28 -3 -30 0 -29 1 -30 5 -31 6 -33 8 -35 10 -31 14 -33 15 -31 13 -30 15 -26 17 -24 15 -25 12 -21 9 -21 10 -19 6 -19 0 0 0 0 0 0 0 0 0 0 0 0 0 0 0 0 0 0 0 0 0 0 3 15 5 11 6 14 8 10 10 8 12 5 17 5 13 4 15 -1 17 -1 20 -3 20 -4 20 -6 17 -7 15 -10 10 -9 11 -12 7 -13 9 -14 4 -14 -1 -15 -4 -16 -3 -13 -7 -16 -9 -18 -15 -16 ],2025-05-07_20-07-59-638
CSI_DATA,PASSIVE,5C:E9:31:E8:F4:66,-76,11,0,0,0,0,0,0,0,0,0,-96,0,11,0,2299701747,0,94,0,0,2299.92,128,[94 -32 5 0 13 -20 12 -20 14 -19 15 -19 16 -21 19 -15 17 -15 21 -12 22 -11 22 -8 19 -9 28 -6 26 -1 28 3 28 0 33 4 28 3 30 7 28 7 26 6 23 3 23 6 17 3 18 0 17 -1 0 0 0 0 0 0 0 0 0 0 0 0 0 0 0 0 0 0 0 0 0 0 -18 4 -13 3 -13 6 -9 8 -11 9 -4 13 -3 9 -1 14 -3 20 1 11 6 15 6 11 10 12 10 13 14 8 11 9 12 8 15 9 10 1 13 -1 16 -2 13 -5 12 -11 11 -11 12 -15 13 -13 ],2025-05-07_20-07-59-643
CSI_DATA,PASSIVE,5C:E9:31:E8:E9:4E,-87,11,0,0,0,0,0,0,0,0,0,-96,0,11,0,2299727861,0,158,0,0,2299.92,128,[-98 -32 9 0 1 -1 6 3 8 -3 -6 -8 4 -15 -2 -14 -2 -10 -10 -11 -2 -11 -11 -11 -3 -14 -11 -13 -17 -21 -15 -15 -11 -21 -11 -17 -8 -23 -5 -23 -5 -14 -3 -20 -5 -21 3 -20 4 -18 6 -14 6 -13 0 0 0 0 0 0 0 0 0 0 0 0 0 0 0 0 0 0 0 0 0 0 -1 -8 -7 -9 -2 -6 -6 -8 -8 0 -7 2 -7 8 -18 2 -16 1 -11 0 -21 7 -13 1 -18 2 -10 2 -12 3 -20 8 -11 10 -13 6 -14 1 -12 10 -4 11 -5 7 5 8 -9 3 -1 8 1 -3 ],2025-05-07_20-07-59-648
CSI_DATA,PASSIVE,5C:E9:31:E8:E9:4E,-87,11,0,0,0,0,0,0,0,0,0,-96,0,11,0,2299729812,0,127,0,0,2299.93,128,[127 -16 7 0 -5 -2 -4 -11 -20 -15 -7 -9 -3 -5 -7 -9 -1 -7 -16 -16 -11 -12 -19 -14 -30 -1 -18 -8 -23 -12 -18 -15 -19 -19 -17 -12 -14 -21 -9 -20 -6 -25 -3 -24 -2 -21 -1 -19 7 -15 1 -17 6 -15 0 0 0 0 0 0 0 0 0 0 0 0 0 0 0 0 0 0 0 0 0 0 -1 7 -5 10 10 3 -3 11 2 9 5 13 19 25 11 11 -1 12 6 12 31 12 3 16 9 13 5 11 -4 34 6 12 8 13 8 10 23 13 4 8 13 0 7 -6 -1 14 7 2 0 -7 2 -2 ],2025-05-07_20-07-59-654
CSI_DATA,PASSIVE,5C:E9:31:E8:E9:4E,-87,11,0,0,0,0,0,0,0,0,0,-96,0,11,0,2299734343,0,98,0,0,2299.93,128,[98 32 6 0 0 16 -2 -2 4 1 12 3 9 3 10 2 -7 -5 17 -7 5 0 1 -1 13 -20 9 -15 11 -12 2 -22 13 -27 7 -20 11 -17 3 -22 7 -15 2 -22 13 -9 12 -17 10 -12 4 -10 11 -17 0 0 0 0 0 0 0 0 0 0 0 0 0 0 0 0 0 0 0 0 0 0 -2 3 -2 12 6 2 14 10 3 6 0 1 6 -4 17 -6 18 -7 12 -11 10 -12 15 -12 13 -14 11 -14 10 -16 1 -4 -10 -17 -5 -18 -10 -15 -11 -16 -15 -15 2 -9 -5 1 -4 9 1 3 -3 -8 ],2025-05-07_20-07-59-659
CSI_DATA,PASSIVE,5C:E9:31:E8:E9:4E,-87,11,0,0,0,0,0,0,0,0,0,-96,0,11,0,2299789328,0,98,0,0,2299.96,128,[98 32 6 0 6 -13 7 1 0 0 -16 -2 -15 -3 -4 3 -4 8 -16 7 -17 2 -17 6 -10 7 -14 12 -14 25 -17 17 -11 19 -9 18 -21 14 -22 11 -15 9 -20 18 -18 11 -13 0 -17 9 -16 2 -11 -2 0 0 0 0 0 0 0 0 0 0 0 0 0 0 0 0 0 0 0 0 0 0 -7 4 -8 3 -14 0 -5 7 -6 8 -5 10 -5 13 2 16 6 19 7 16 -2 16 7 10 -10 14 13 11 4 14 12 8 8 11 13 10 13 8 8 8 7 0 12 5 5 -5 8 3 7 -2 0 1 ],2025-05-07_20-07-59-681
CSI_DATA,PASSIVE,5C:E9:31:E8:E9:4E,-88,11,0,0,0,0,0,0,0,0,0,-96,0,11,0,2299789501,0,158,0,0,2299.96,128,[-98 -32 9 0 2 -4 11 -4 9 -1 -1 -18 11 -16 -3 -12 1 -10 -7 -16 2 -16 -1 -18 -3 -22 3 -23 -5 -23 -1 -27 3 -19 -1 -26 0 -23 13 -20 4 -19 5 -22 10 -17 5 -15 11 -11 8 -11 11 -10 0 0 0 0 0 0 0 0 0 0 0 0 0 0 0 0 0 0 0 0 0 0 -7 -8 -4 -13 -6 -7 1 -10 -14 -2 -13 -1 -11 -3 -15 0 -13 -3 -21 2 -13 -2 -11 3 -16 1 -13 3 -23 4 -9 7 -15 11 -7 -1 -14 3 -12 11 -8 8 -2 -3 -5 6 1 3 8 4 11 5 ],2025-05-07_20-07-59-687
CSI_DATA,PASSIVE,5C:E9:31:E8:F4:66,-77,11,0,0,0,0,0,0,0,0,0,-96,0,11,0,2299802286,0,158,0,0,2299.97,128,[-98 -32 9 0 25 1 29 1 27 0 27 -3 27 1 32 0 27 2 26 5 27 7 25 10 24 16 27 19 25 19 23 21 24 26 22 26 20 23 20 27 17 23 15 20 17 19 15 18 15 14 13 11 13 10 0 0 0 0 0 0 0 0 0 0 0 0 0 0 0 0 0 0 0 0 0 0 -11 -11 -10 -11 -12 -6 -14 -4 -15 -3 -14 -1 -14 2 -19 6 -17 11 -15 10 -16 9 -17 14 -17 15 -9 11 -11 16 -6 13 -1 15 0 14 5 9 5 12 9 5 12 12 16 4 16 3 16 2 16 5 ],2025-05-07_20-07-59-694
CSI_DATA,PASSIVE,5C:E9:31:E8:F4:66,-77,11,0,0,0,0,0,0,0,0,0,-96,0,11,0,2299802539,0,133,0,0,2299.97,128,[-123 80 8 0 -10 -30 -4 -24 -2 -27 2 -26 1 -26 3 -28 3 -29 4 -26 10 -25 10 -26 15 -26 20 -24 21 -27 26 -26 22 -21 28 -18 28 -21 26 -15 27 -15 21 -11 21 -13 21 -11 17 -10 17 -13 12 -11 0 0 0 0 0 0 0 0 0 0 0 0 0 0 0 0 0 0 0 0 0 0 -7 11 -9 15 -1 14 0 13 2 13 3 14 5 17 7 18 13 12 14 13 15 14 17 12 16 10 16 9 15 6 14 5 16 0 14 -2 12 -8 11 -8 10 -11 7 -15 3 -17 4 -20 -3 -21 -1 -25 ],2025-05-07_20-07-59-700
CSI_DATA,PASSIVE,5C:E9:31:E8:F4:66,-76,11,0,0,0,0,0,0,0,0,0,-96,0,11,0,2299802760,0,153,0,0,2299.98,128,[-103 -112 9 0 14 -21 18 -21 19 -24 22 -22 17 -19 24 -20 19 -19 25 -22 21 -11 28 -13 27 -10 33 -8 28 -8 32 -4 32 -2 37 1 34 2 33 4 30 3 28 2 24 1 23 5 22 0 17 -1 20 -3 0 0 0 0 0 0 0 0 0 0 0 0 0 0 0 0 0 0 0 0 0 0 -14 -2 -15 3 -16 5 -11 10 -12 10 -11 11 -9 15 -2 17 -4 16 1 15 5 24 2 18 4 18 5 19 3 14 7 15 7 12 9 13 12 5 7 2 14 -7 12 -8 15 -10 12 -13 14 -13 12 -11 ],2025-05-07_20-07-59-706
CSI_DATA,PASSIVE,5C:E9:31:E8:F4:66,-76,11,0,0,0,0,0,0,0,0,0,-96,0,11,0,2299803005,0,94,0,0,2299.99,128,[94 -32 5 0 -2 -24 -5 -26 -2 -24 -2 -27 2 -27 3 -25 8 -20 8 -25 6 -21 11 -26 21 -19 20 -25 17 -18 23 -23 23 -17 24 -17 26 -17 23 -15 24 -13 22 -13 20 -7 18 -10 15 -9 15 -12 9 -9 0 0 0 0 0 0 0 0 0 0 0 0 0 0 0 0 0 0 0 0 0 0 -5 13 -4 13 1 12 1 14 5 13 6 10 12 12 10 11 15 15 17 11 17 10 16 9 18 7 21 4 13 5 15 0 14 -2 13 -1 9 -7 8 -10 5 -13 5 -11 1 -15 2 -16 -2 -18 1 -19 ],2025-05-07_20-07-59-711
CSI_DATA,PASSIVE,5C:E9:31:E8:F4:66,-77,11,0,0,0,0,0,0,0,0,0,-96,0,11,0,2299803174,0,158,0,0,2299.99,128,[-98 -32 9 0 21 -4 28 -7 21 -5 21 3 31 -1 28 -1 27 0 27 9 23 6 27 11 22 12 22 21 19 20 19 26 19 20 20 26 22 26 17 26 15 25 13 23 15 22 13 18 11 14 13 17 11 15 0 0 0 0 0 0 0 0 0 0 0 0 0 0 0 0 0 0 0 0 0 0 -10 -10 -13 -5 -14 -7 -14 -4 -17 0 -13 6 -17 6 -10 8 -10 10 -13 16 -13 14 -15 15 -12 17 -8 20 -8 16 -1 12 -3 14 1 17 2 12 7 3 8 5 14 9 14 4 18 3 19 2 20 2 ],2025-05-07_20-07-59-716
CSI_DATA,PASSIVE,5C:E9:31:E8:F4:66,-77,11,0,0,0,0,0,0,0,0,0,-96,0,11,0,2299803427,0,217,0,0,2300,128,[-39 -112 13 0 2 -25 3 -24 8 -23 9 -27 9 -24 5 -25 10 -18 12 -20 18 -20 17 -17 20 -18 25 -18 26 -15 27 -14 31 -13 34 -9 31 -4 28 -2 29 -2 27 -2 23 -2 18 -5 21 -2 17 -4 14 -9 0 0 0 0 0 0 0 0 0 0 0 0 0 0 0 0 0 0 0 0 0 0 -11 8 -8 9 -5 12 -7 11 2 14 0 11 5 13 5 17 7 13 7 14 8 16 11 15 15 13 13 12 13 14 15 6 14 5 11 1 12 -3 16 -6 11 -7 12 -11 9 -9 9 -16 4 -14 3 -15 ],2025-05-07_20-07-59-722
CSI_DATA,PASSIVE,5C:E9:31:E8:F4:66,-77,11,0,0,0,0,0,0,0,0,0,-96,0,11,0,2299803759,0,127,0,0,2300,128,[127 -16 7 0 -17 -18 -17 -23 -19 -21 -17 -25 -11 -24 -10 -26 -10 -23 -7 -27 -6 -28 -6 -30 2 -31 1 -29 4 -33 6 -31 11 -34 12 -31 11 -32 13 -31 14 -27 13 -24 11 -25 7 -22 6 -21 4 -15 2 -15 0 0 0 0 0 0 0 0 0 0 0 0 0 0 0 0 0 0 0 0 0 0 1 13 0 14 7 12 8 12 11 9 12 12 15 7 17 7 14 5 17 5 18 1 19 2 26 1 21 -4 15 -5 14 -8 13 -10 12 -10 8 -11 8 -14 3 -12 0 -17 -6 -15 -7 -16 -9 -17 -9 -17 ],2025-05-07_20-07-59-727
CSI_DATA,PASSIVE,5C:E9:31:E8:F4:66,-77,11,0,0,0,0,0,0,0,0,0,-96,0,11,0,2299803972,0,94,0,0,2300.01,128,[94 -32 5 0 18 -18 16 -16 15 -15 17 -15 21 -15 22 -15 19 -14 25 -10 25 -8 25 -7 24 -8 26 -3 27 -2 26 1 28 3 29 7 32 8 26 6 28 8 24 8 21 8 20 3 20 5 18 1 14 1 0 0 0 0 0 0 0 0 0 0 0 0 0 0 0 0 0 0 0 0 0 0 -16 -1 -11 1 -11 4 -10 8 -13 6 -7 9 -4 10 -8 15 -5 19 -5 23 3 24 2 21 -1 15 2 19 0 21 3 13 7 9 9 10 9 7 8 3 13 -2 15 1 14 -7 14 -11 14 -13 12 -10 ],2025-05-07_20-07-59-732
CSI_DATA,PASSIVE,5C:E9:31:E8:F4:66,-77,11,0,0,0,0,0,0,0,0,0,-96,0,11,0,2299804141,0,94,0,0,2300.01,128,[94 -32 5 0 20 13 17 16 15 11 19 7 21 14 18 18 12 12 15 19 16 22 12 24 12 32 10 24 -3 30 -3 32 1 30 -3 34 -1 29 -6 32 -3 27 -8 28 -7 22 0 19 -4 16 -5 19 2 17 0 0 0 0 0 0 0 0 0 0 0 0 0 0 0 0 0 0 0 0 0 0 -7 -15 -7 -8 -9 -8 -8 -5 -14 -4 -14 -5 -12 -6 -13 -4 -19 -1 -18 0 -21 9 -9 6 -17 3 -19 7 -16 10 -13 11 -9 10 -5 12 -2 12 -3 14 1 12 8 9 9 11 4 10 13 11 13 10 ],2025-05-07_20-07-59-738
CSI_DATA,PASSIVE,5C:E9:31:E8:F4:66,-77,11,0,0,0,0,0,0,0,0,0,-96,0,11,0,2299804310,0,158,0,0,2300.02,128,[-98 -32 9 0 -8 26 -7 25 -9 26 -7 27 -11 26 -16 24 -14 25 -21 22 -20 20 -19 23 -24 21 -25 15 -30 16 -29 13 -33 11 -30 8 -32 7 -33 7 -30 6 -27 3 -28 5 -24 2 -23 7 -16 7 -17 9 0 0 0 0 0 0 0 0 0 0 0 0 0 0 0 0 0 0 0 0 0 0 15 -8 10 -7 12 -9 5 -13 8 -12 5 -13 1 -16 -6 -18 -6 -17 -12 -16 -7 -21 -8 -19 -12 -15 -9 -22 -14 -12 -9 -12 -14 -7 -14 -8 -13 -2 -16 2 -13 1 -14 5 -10 10 -11 15 -7 14 -9 19 ],2025-05-07_20-07-59-743
CSI_DATA,PASSIVE,5C:E9:31:E8:E9:4E,-88,11,0,0,0,0,0,0,0,0,0,-96,0,11,0,2299863242,0,90,0,0,2300.03,128,[90 -96 5 0 -8 -2 8 -1 -6 -6 7 -15 -6 -7 0 -13 -8 -8 -2 -13 -6 -12 -8 -13 -10 -20 -11 -16 -13 -17 -12 -15 -7 -26 -12 -27 -8 -21 1 -24 5 -34 0 -24 -3 -24 0 -18 6 -17 2 -17 8 -9 0 0 0 0 0 0 0 0 0 0 0 0 0 0 0 0 0 0 0 0 0 0 -13 -3 -12 8 -15 1 -9 3 -8 -1 -4 6 -7 8 -6 5 -13 17 -9 14 -10 15 -1 15 -6 21 -14 16 -12 19 6 19 -15 9 7 8 0 11 -6 18 7 17 4 3 0 12 1 2 16 2 10 2 ],2025-05-07_20-07-59-755
CSI_DATA,PASSIVE,5C:E9:31:E8:E9:4E,-86,11,0,0,0,0,0,0,0,0,0,-96,0,11,0,2299865556,0,206,0,0,2300.04,128,[-50 -32 12 0 0 2 4 -4 6 -1 7 -10 5 -13 10 -3 7 0 14 -14 17 -9 7 -17 19 -16 8 -10 6 -19 20 -23 13 -24 6 -18 19 -12 17 -22 17 -13 13 -11 17 -11 17 -2 17 1 17 7 14 2 0 0 0 0 0 0 0 0 0 0 0 0 0 0 0 0 0 0 0 0 0 0 -3 -10 -4 -10 -3 -8 -9 -9 -7 -4 -12 -1 -14 -5 -13 -6 -17 -11 -19 -3 -17 -6 -23 -7 -12 -5 -22 -7 -18 -6 -18 5 -18 -6 -16 3 -17 3 -6 1 -11 4 -10 2 -12 7 2 -5 -6 5 1 3 ],2025-05-07_20-07-59-760
CSI_DATA,PASSIVE,5C:E9:31:E8:E9:4E,-87,11,0,0,0,0,0,0,0,0,0,-96,0,11,0,2299865873,0,226,0,0,2300.04,128,[-30 32 14 0 -2 8 3 4 8 4 15 -3 11 4 7 -3 12 -11 18 -3 19 -10 21 -6 20 -7 17 -7 25 -11 19 -14 25 -7 25 -13 23 -6 28 -10 21 -1 17 -7 17 -5 13 -1 20 0 16 5 12 4 0 0 0 0 0 0 0 0 0 0 0 0 0 0 0 0 0 0 0 0 0 0 7 -4 8 -5 9 -5 8 -8 8 -4 6 -7 -3 -12 5 -10 -1 -14 0 -18 0 -16 -4 -13 -5 -12 -10 -16 -6 -17 -7 -13 -8 -11 -8 -14 -8 -7 -9 -2 -11 -1 -5 -15 -3 -7 -9 2 -5 -3 -1 -3 ],2025-05-07_20-07-59-766
CSI_DATA,PASSIVE,5C:E9:31:E8:E9:4E,-88,11,0,0,0,0,0,0,0,0,0,-96,0,11,0,2299885546,0,205,0,0,2300.05,128,[-51 -48 12 0 0 -4 9 -5 4 -6 2 -10 4 -12 8 -16 -3 -12 4 -16 0 -19 -3 -17 -4 -25 -15 -26 -10 -25 -6 -31 -4 -29 -7 -31 -4 -26 0 -22 8 -27 8 -16 5 -15 11 -19 5 -15 10 -15 12 -13 0 0 0 0 0 0 0 0 0 0 0 0 0 0 0 0 0 0 0 0 0 0 -10 1 -5 -2 -8 1 -14 4 -11 3 -6 9 -11 0 -9 6 -11 17 -8 13 -8 14 -13 19 -10 13 -6 13 -5 12 -11 9 -11 11 -5 19 -3 16 -6 11 -2 14 0 8 -4 11 -3 9 8 -1 0 1 ],2025-05-07_20-07-59-778
CSI_DATA,PASSIVE,5C:E9:31:E8:E9:4E,-87,11,0,0,0,0,0,0,0,0,0,-96,0,11,0,2299886553,0,108,0,0,2300.06,128,[108 -64 6 0 2 7 -9 2 -2 -6 -18 3 -14 0 -16 -8 -15 -1 -19 2 -12 -1 -15 1 -20 0 -25 -6 -29 4 -37 -2 -28 3 -26 4 -29 -5 -27 -5 -24 -6 -25 -10 -10 -17 -9 -22 -20 -21 -13 -22 -12 -16 0 0 0 0 0 0 0 0 0 0 0 0 0 0 0 0 0 0 0 0 0 0 -2 12 2 4 1 5 -1 4 9 6 12 5 12 8 6 -7 2 4 12 9 23 4 25 9 19 0 24 2 17 -8 18 2 18 -3 12 7 16 -7 10 -6 3 -3 25 -1 -2 3 12 3 3 0 0 -1 ],2025-05-07_20-07-59-783
CSI_DATA,PASSIVE,5C:E9:31:E8:E9:4E,-87,11,0,0,0,0,0,0,0,0,0,-96,0,11,0,2299889966,0,130,0,0,2300.06,128,[-126 32 8 0 6 -5 3 -5 -2 -13 -5 -10 5 -10 1 -12 -1 -10 0 -16 4 -13 -4 -22 -2 -23 -4 -21 -4 -19 -10 -25 -2 -27 0 -18 2 -29 3 -25 0 -22 12 -16 9 -22 9 -16 10 -10 15 -11 7 -4 0 0 0 0 0 0 0 0 0 0 0 0 0 0 0 0 0 0 0 0 0 0 -13 -6 -10 -4 -6 4 -12 6 -6 -3 -7 4 -16 6 -5 13 -17 16 -9 18 -5 17 -11 14 -2 19 -7 9 -10 23 -5 18 -4 14 -2 11 1 18 0 14 -8 8 -5 12 -5 5 10 -4 2 6 7 6 ],2025-05-07_20-07-59-788
CSI_DATA,PASSIVE,5C:E9:31:E8:F4:66,-77,11,0,0,0,0,0,0,0,0,0,-96,0,11,0,2299904687,0,128,0,0,2300.07,128,[-128 0 8 0 20 10 20 15 18 11 19 16 16 12 16 18 19 16 15 20 12 21 11 22 13 27 10 27 7 28 9 29 4 28 3 30 3 30 1 31 0 27 0 25 -2 26 0 23 -1 19 2 16 2 16 0 0 0 0 0 0 0 0 0 0 0 0 0 0 0 0 0 0 0 0 0 0 -8 -11 -11 -10 -9 -7 -8 -6 -14 -3 -13 -3 -15 -1 -17 1 -16 2 -15 1 -15 5 -16 9 -16 8 -15 12 -12 9 -12 11 -9 11 -3 11 0 13 0 11 3 14 7 11 11 14 10 11 13 12 15 13 ],2025-05-07_20-07-59-797
CSI_DATA,PASSIVE,5C:E9:31:E8:F4:66,-77,11,0,0,0,0,0,0,0,0,0,-96,0,11,0,2299904900,0,164,0,0,2300.08,128,[-92 64 10 0 -9 21 -10 23 -10 21 -9 20 -14 22 -17 21 -17 19 -19 21 -18 18 -22 16 -24 16 -28 12 -27 16 -31 12 -30 8 -30 8 -31 8 -31 5 -29 4 -27 6 -23 4 -23 5 -22 4 -18 6 -15 3 0 0 0 0 0 0 0 0 0 0 0 0 0 0 0 0 0 0 0 0 0 0 7 -10 7 -11 4 -12 -1 -16 2 -13 -2 -17 -4 -19 -5 -14 -8 -14 -8 -16 -13 -17 -11 -13 -11 -11 -13 -14 -14 -9 -12 -6 -14 -4 -11 0 -13 2 -12 4 -11 9 -14 12 -13 13 -10 15 -10 17 -12 17 ],2025-05-07_20-07-59-803
CSI_DATA,PASSIVE,5C:E9:31:E8:F4:66,-77,11,0,0,0,0,0,0,0,0,0,-96,0,11,0,2299905161,0,184,0,0,2300.08,128,[-72 -128 11 0 25 -3 24 -3 24 -1 19 -3 22 -1 23 5 24 8 22 4 24 8 25 10 25 14 24 17 22 16 24 20 18 20 23 22 17 20 21 23 16 23 13 21 14 17 16 17 12 17 14 12 7 11 0 0 0 0 0 0 0 0 0 0 0 0 0 0 0 0 0 0 0 0 0 0 -12 -5 -14 -2 -14 -1 -9 3 -15 8 -12 5 -15 11 -9 10 -11 10 -13 11 -12 15 -8 17 -13 17 -7 16 -4 12 -3 13 0 13 5 11 4 8 9 11 9 8 13 3 17 2 16 2 18 1 19 5 ],2025-05-07_20-07-59-807
CSI_DATA,PASSIVE,5C:E9:31:E8:F4:66,-77,11,0,0,0,0,0,0,0,0,0,-96,0,11,0,2299905450,0,131,0,0,2300.09,128,[-125 48 8 0 17 -17 19 -18 20 -17 20 -16 22 -17 22 -13 22 -12 29 -12 26 -5 25 -5 32 -2 31 0 32 4 33 2 35 6 31 7 33 10 29 7 29 8 29 13 23 10 20 8 18 9 20 4 16 3 0 0 0 0 0 0 0 0 0 0 0 0 0 0 0 0 0 0 0 0 0 0 -15 9 -10 8 -9 13 -8 10 -6 14 -6 16 0 15 1 16 3 18 6 18 7 20 6 19 9 13 9 17 11 18 13 11 11 10 14 5 13 3 15 1 14 -6 16 -7 13 -10 13 -13 14 -13 13 -15 ],2025-05-07_20-07-59-813
CSI_DATA,PASSIVE,5C:E9:31:E8:F4:66,-77,11,0,0,0,0,0,0,0,0,0,-96,0,11,0,2299905667,0,151,0,0,2300.09,128,[-105 112 9 0 -24 -6 -23 -13 -25 -7 -24 -10 -31 -8 -24 -16 -21 -18 -24 -18 -23 -21 -15 -25 -16 -30 -22 -29 -12 -29 -12 -33 -14 -34 -7 -36 -11 -36 -8 -34 -5 -31 -5 -28 -4 -31 -3 -25 -5 -22 -7 -18 -5 -15 0 0 0 0 0 0 0 0 0 0 0 0 0 0 0 0 0 0 0 0 0 0 14 8 12 4 11 6 15 1 14 0 16 -2 10 -8 17 -7 16 -12 14 -14 15 -11 16 -11 13 -16 11 -18 5 -18 5 -16 4 -16 0 -18 -3 -17 -3 -14 -9 -11 -8 -14 -16 -10 -18 -11 -18 -10 -18 -7 ],2025-05-07_20-07-59-819
CSI_DATA,PASSIVE,5C:E9:31:E8:F4:66,-77,11,0,0,0,0,0,0,0,0,0,-96,0,11,0,2299905912,0,86,0,0,2300.1,128,[86 96 5 0 -19 12 -20 11 -21 10 -23 10 -20 11 -26 10 -22 6 -26 9 -24 2 -24 1 -26 -5 -28 -5 -29 -5 -31 -8 -29 -11 -28 -7 -29 -10 -27 -13 -27 -10 -24 -11 -23 -8 -22 -9 -16 -7 -15 -4 -15 -3 0 0 0 0 0 0 0 0 0 0 0 0 0 0 0 0 0 0 0 0 0 0 10 -2 11 -2 9 -6 9 -6 9 -9 6 -12 6 -12 6 -15 2 -15 4 -17 -1 -18 3 -16 -2 -14 -7 -15 -7 -17 -5 -14 -9 -16 -8 -11 -11 -8 -14 -3 -14 -5 -17 3 -14 1 -13 3 -17 8 -19 5 ],2025-05-07_20-07-59-825
CSI_DATA,PASSIVE,5C:E9:31:E8:F4:66,-77,11,0,0,0,0,0,0,0,0,0,-96,0,11,0,2299906069,0,226,0,0,2300.1,128,[-30 32 14 0 -7 27 -4 25 -7 23 -7 27 -7 24 -11 24 -11 23 -16 27 -16 21 -20 22 -23 22 -25 20 -30 18 -27 17 -31 16 -32 16 -29 13 -32 11 -27 7 -30 9 -28 5 -24 6 -20 10 -17 8 -15 7 0 0 0 0 0 0 0 0 0 0 0 0 0 0 0 0 0 0 0 0 0 0 4 -15 1 -13 0 -14 0 -14 -4 -15 -7 -17 -7 -15 -10 -12 -13 -16 -14 -16 -19 -13 -13 -14 -16 -10 -18 -9 -18 -6 -20 -4 -14 -1 -13 -1 -14 4 -16 6 -14 12 -8 17 -8 16 -9 15 -4 18 -2 18 ],2025-05-07_20-07-59-831
CSI_DATA,PASSIVE,5C:E9:31:E8:F4:66,-76,11,0,0,0,0,0,0,0,0,0,-96,0,11,0,2299906414,0,206,0,0,2300.11,128,[-50 -32 12 0 -23 -4 -25 -2 -23 -3 -24 -2 -26 -5 -22 -8 -24 -8 -22 -13 -21 -12 -22 -17 -24 -19 -24 -21 -22 -21 -20 -25 -19 -24 -18 -26 -17 -27 -16 -28 -13 -25 -12 -22 -12 -21 -14 -19 -12 -17 -11 -17 -10 -14 0 0 0 0 0 0 0 0 0 0 0 0 0 0 0 0 0 0 0 0 0 0 11 7 12 5 10 4 11 0 15 -4 11 -4 14 -6 14 -9 12 -9 12 -12 13 -11 11 -17 12 -13 9 -15 7 -15 4 -14 -1 -13 -2 -15 -3 -9 -6 -11 -8 -14 -12 -7 -13 -7 -15 -7 -19 -6 -17 -5 ],2025-05-07_20-07-59-837
CSI_DATA,PASSIVE,5C:E9:31:E8:F4:66,-77,11,0,0,0,0,0,0,0,0,0,-96,0,11,0,2299906731,0,205,0,0,2300.12,128,[-51 -48 12 0 -20 -26 -20 -22 -13 -22 -13 -26 -11 -21 -7 -24 -13 -28 -13 -30 -3 -31 -6 -31 -1 -28 -2 -32 5 -32 3 -36 10 -32 9 -32 13 -32 13 -29 13 -29 10 -26 12 -26 8 -25 5 -20 7 -21 4 -16 0 0 0 0 0 0 0 0 0 0 0 0 0 0 0 0 0 0 0 0 0 0 3 15 5 11 9 10 11 12 12 6 13 8 14 13 14 4 21 6 22 -2 24 -5 20 1 18 -7 19 -9 22 -4 11 -11 9 -12 6 -11 3 -11 -1 -10 -3 -10 -5 -19 -7 -12 -7 -17 -11 -23 -9 -17 ],2025-05-07_20-07-59-842
CSI_DATA,PASSIVE,5C:E9:31:E8:F4:66,-77,11,0,0,0,0,0,0,0,0,0,-96,0,11,0,2299907048,0,108,0,0,2300.12,128,[108 -64 6 0 -16 -19 -18 -19 -15 -22 -13 -22 -16 -23 -12 -24 -13 -26 -6 -27 -4 -26 -5 -27 -1 -30 1 -34 4 -32 6 -32 6 -34 12 -34 13 -30 11 -30 10 -29 11 -27 8 -23 8 -24 6 -21 4 -21 3 -19 0 0 0 0 0 0 0 0 0 0 0 0 0 0 0 0 0 0 0 0 0 0 8 13 9 10 11 11 12 8 12 8 14 7 14 1 19 1 16 -1 19 -1 19 -4 22 -5 23 -9 19 -11 15 -8 12 -12 10 -12 8 -13 6 -15 3 -13 -4 -18 -2 -15 -9 -15 -6 -17 -12 -15 -14 -17 ],2025-05-07_20-07-59-848
CSI_DATA,PASSIVE,5C:E9:31:E8:E9:4E,-87,11,0,0,0,0,0,0,0,0,0,-96,0,11,0,2299932521,0,130,0,0,2300.13,128,[-126 32 8 0 3 -1 2 -2 -4 1 -1 -12 0 -7 2 -15 0 -21 -10 -17 2 -16 -9 -12 -2 -20 -1 -23 -1 -16 6 -28 7 -30 1 -25 4 -25 8 -24 2 -16 12 -13 13 -12 16 -9 13 -12 13 -6 21 -4 0 0 0 0 0 0 0 0 0 0 0 0 0 0 0 0 0 0 0 0 0 0 -12 6 -14 6 -4 10 -5 11 -5 12 -3 10 3 15 -2 11 -1 20 7 17 4 18 -2 14 -2 18 0 13 -6 24 6 10 9 17 2 13 8 11 1 8 -4 20 14 10 -4 7 1 3 11 3 6 0 ],2025-05-07_20-07-59-852
CSI_DATA,PASSIVE,5C:E9:31:E8:E9:4E,-86,11,0,0,0,0,0,0,0,0,0,-96,0,11,0,2299953969,0,208,0,0,2300.13,128,[-48 0 13 0 -6 3 5 -13 6 -11 3 -19 1 -14 4 -14 1 -10 4 -17 -1 -19 -3 -19 -5 -32 -5 -20 -10 -21 -7 -28 -6 -24 -7 -19 2 -19 -4 -31 0 -24 3 -23 18 -17 -1 -19 5 -14 4 -12 15 -11 0 0 0 0 0 0 0 0 0 0 0 0 0 0 0 0 0 0 0 0 0 0 -3 -10 -10 -6 -12 -8 2 -11 -14 3 -7 2 -9 6 -13 -8 -12 12 -17 2 -23 3 -15 5 -18 9 -13 11 -15 15 -6 8 -9 16 -9 7 1 12 -13 11 -9 8 -9 5 -9 11 -1 4 -1 3 4 0 ],2025-05-07_20-07-59-858
CSI_DATA,PASSIVE,5C:E9:31:E8:E9:4E,-87,11,0,0,0,0,0,0,0,0,0,-96,0,11,0,2299957491,0,98,0,0,2300.14,128,[98 32 6 0 -7 -5 -7 -4 -12 0 -7 3 -8 5 -8 3 -11 1 -14 2 -18 6 -15 5 -25 13 -15 11 -18 8 -20 13 -28 7 -19 14 -28 10 -25 1 -28 -2 -23 -5 -19 -6 -21 -7 -12 -16 -18 -13 -16 -14 0 0 0 0 0 0 0 0 0 0 0 0 0 0 0 0 0 0 0 0 0 0 2 13 7 7 5 12 4 7 10 7 3 9 14 4 12 7 12 -4 11 2 20 1 16 4 23 -2 14 -5 18 3 21 0 16 -5 14 -13 10 -7 19 -6 13 -9 18 -2 7 -6 4 -6 2 -6 -4 -7 ],2025-05-07_20-07-59-863
CSI_DATA,PASSIVE,5C:E9:31:E8:E9:4E,-88,11,0,0,0,0,0,0,0,0,0,-96,0,11,0,2299982916,0,98,0,0,2300.15,128,[98 32 6 0 1 -12 6 -9 -3 -2 10 -12 -1 -7 2 -16 1 4 -5 -7 -3 -16 -17 -26 -4 -25 -8 -25 -9 -26 -11 -15 -9 -18 -4 -24 1 -25 -3 -29 -1 -23 -4 -29 2 -17 -2 -13 4 -21 3 -14 11 -12 0 0 0 0 0 0 0 0 0 0 0 0 0 0 0 0 0 0 0 0 0 0 -3 -13 -3 -12 -4 -5 -9 -6 -8 -5 -5 -4 -10 -3 -14 6 -7 -1 -12 4 -13 -2 -15 2 -14 12 -8 6 -4 2 -6 4 -13 8 -7 5 -22 10 -21 7 -6 16 -4 5 -5 5 -3 4 3 3 -2 5 ],2025-05-07_20-07-59-874
CSI_DATA,PASSIVE,5C:E9:31:E8:E9:4E,-86,11,0,0,0,0,0,0,0,0,0,-96,0,11,0,2299988023,0,206,0,0,2300.16,128,[-50 -32 12 0 -11 2 1 6 4 12 4 11 3 10 10 10 11 4 15 10 10 6 14 3 21 8 20 7 17 12 22 12 27 14 17 9 20 21 6 18 14 17 14 18 10 18 10 19 5 18 -6 14 -3 12 0 0 0 0 0 0 0 0 0 0 0 0 0 0 0 0 0 0 0 0 0 0 9 -12 6 -4 4 -5 3 -8 -6 -7 1 -9 -3 -18 -7 -18 -6 -15 -9 -18 -7 -5 -7 -14 -6 -17 -7 -14 -10 -9 -8 -15 -7 -12 -12 -14 -16 -9 -17 -6 -8 -7 -6 -3 -16 -5 -7 0 -13 4 2 5 ],2025-05-07_20-07-59-880
CSI_DATA,PASSIVE,5C:E9:31:E8:E9:4E,-88,11,0,0,0,0,0,0,0,0,0,-96,0,11,0,2299988340,0,226,0,0,2300.16,128,[-30 32 14 0 9 -5 11 5 6 -14 5 -12 2 -6 7 -14 -2 -16 0 -7 -9 -13 -9 -15 -6 -17 -10 -17 -10 -27 -3 -24 -6 -21 -4 -26 -7 -14 6 -31 0 -24 7 -23 1 -24 9 -18 8 -13 11 -13 4 -9 0 0 0 0 0 0 0 0 0 0 0 0 0 0 0 0 0 0 0 0 0 0 -9 -7 -6 -2 -8 -4 -2 -5 -7 1 -12 -1 -11 6 -15 2 -9 10 -9 15 -19 10 -16 12 -15 8 -19 15 -15 16 -12 11 -17 13 -9 17 -7 13 4 16 -4 21 -7 12 10 19 6 12 -6 9 -5 -3 ],2025-05-07_20-07-59-886
CSI_DATA,PASSIVE,5C:E9:31:E8:F4:66,-76,11,0,0,0,0,0,0,0,0,0,-96,0,11,0,2300007244,0,130,0,0,2300.17,128,[-126 32 8 0 -4 -25 -7 -25 -8 -19 -5 -20 -2 -24 -4 -25 -5 -22 3 -23 1 -24 3 -28 9 -29 10 -27 14 -27 14 -25 15 -29 18 -26 18 -26 19 -23 18 -20 18 -19 16 -18 13 -18 13 -16 8 -16 8 -14 0 0 0 0 0 0 0 0 0 0 0 0 0 0 0 0 0 0 0 0 0 0 1 16 -1 13 5 14 8 10 9 11 6 12 10 11 12 9 12 9 15 6 17 4 16 4 16 1 15 -1 12 -4 11 -8 12 -10 8 -9 8 -13 6 -12 3 -13 2 -18 -1 -16 -3 -19 -3 -19 -4 -22 ],2025-05-07_20-07-59-900
CSI_DATA,PASSIVE,5C:E9:31:E8:F4:66,-77,11,0,0,0,0,0,0,0,0,0,-96,0,11,0,2300007461,0,202,0,0,2300.18,128,[-54 -96 12 0 -18 23 -16 19 -18 18 -21 16 -21 18 -19 12 -23 14 -28 16 -25 5 -27 9 -30 8 -30 3 -35 -2 -36 -2 -31 1 -36 -4 -35 -5 -32 -6 -31 -6 -27 -7 -29 -4 -24 -6 -23 -4 -19 -2 -16 -1 0 0 0 0 0 0 0 0 0 0 0 0 0 0 0 0 0 0 0 0 0 0 14 -10 12 -11 10 -11 7 -14 7 -16 4 -16 2 -18 1 -18 -2 -21 -4 -19 -5 -18 -6 -19 -9 -17 -7 -16 -13 -12 -11 -8 -12 -8 -16 -4 -13 0 -14 3 -17 6 -17 5 -18 9 -17 13 -18 12 -17 13 ],2025-05-07_20-07-59-906
CSI_DATA,PASSIVE,5C:E9:31:E8:F4:66,-77,11,0,0,0,0,0,0,0,0,0,-96,0,11,0,2300010222,0,98,0,0,2300.19,128,[98 32 6 0 -18 8 -22 14 -17 12 -20 14 -21 10 -21 11 -19 8 -24 8 -28 2 -26 1 -25 -3 -31 -6 -27 -1 -28 -10 -28 -10 -28 -13 -31 -14 -28 -13 -25 -16 -21 -14 -19 -12 -19 -10 -19 -10 -15 -9 -14 -5 0 0 0 0 0 0 0 0 0 0 0 0 0 0 0 0 0 0 0 0 0 0 13 -10 12 -10 12 -11 8 -12 7 -16 6 -15 4 -16 0 -17 -3 -21 -1 -17 -4 -18 -6 -17 -11 -15 -7 -18 -10 -13 -13 -10 -13 -8 -14 -6 -13 -3 -12 2 -18 3 -15 5 -16 10 -19 7 -19 8 -15 9 ],2025-05-07_20-07-59-911
CSI_DATA,PASSIVE,5C:E9:31:E8:F4:66,-77,11,0,0,0,0,0,0,0,0,0,-96,0,11,0,2300010395,0,80,0,0,2300.19,128,[80 0 5 0 26 16 26 9 19 10 20 9 22 10 19 15 17 19 20 20 14 17 14 23 12 24 9 28 6 26 3 32 4 32 2 33 -1 30 -4 31 -4 28 -3 27 -2 26 -4 22 -1 18 -2 18 0 15 0 0 0 0 0 0 0 0 0 0 0 0 0 0 0 0 0 0 0 0 0 0 -15 -10 -18 -6 -16 -6 -16 -2 -18 -1 -15 2 -15 3 -19 5 -15 10 -16 9 -13 7 -14 11 -14 9 -9 16 -6 14 -9 11 -3 17 -3 14 -2 15 5 12 7 16 11 16 13 13 16 14 19 9 18 14 ],2025-05-07_20-07-59-916
CSI_DATA,PASSIVE,5C:E9:31:E8:F4:66,-77,11,0,0,0,0,0,0,0,0,0,-96,0,11,0,2300010544,0,164,0,0,2300.2,128,[-92 64 10 0 30 0 28 7 27 4 23 5 25 6 25 9 23 12 23 10 26 12 20 17 20 16 21 23 19 25 15 25 13 28 8 31 10 26 8 29 11 26 6 26 8 26 8 22 5 18 6 17 6 15 0 0 0 0 0 0 0 0 0 0 0 0 0 0 0 0 0 0 0 0 0 0 -15 -7 -15 -5 -17 -2 -17 -5 -22 0 -15 3 -16 3 -13 6 -16 13 -15 12 -10 13 -14 17 -11 15 -9 16 -5 15 0 14 1 13 7 14 6 15 10 11 13 12 19 10 18 9 17 8 20 8 23 9 ],2025-05-07_20-07-59-922
CSI_DATA,PASSIVE,5C:E9:31:E8:F4:66,-78,11,0,0,0,0,0,0,0,0,0,-96,0,11,0,2300010805,0,184,0,0,2300.2,128,[-72 -128 11 0 -18 -22 -23 -19 -15 -26 -17 -23 -16 -23 -15 -23 -12 -28 -7 -24 -4 -33 -3 -27 5 -24 5 -23 7 -33 3 -29 8 -24 13 -32 23 -22 20 -12 19 -27 14 -20 20 -18 14 -13 13 -17 8 -18 4 -12 0 0 0 0 0 0 0 0 0 0 0 0 0 0 0 0 0 0 0 0 0 0 11 12 16 8 12 6 12 5 14 2 14 4 18 0 21 -2 15 -3 16 0 17 -7 16 -14 17 -17 16 -15 11 -11 4 -18 3 -17 6 -13 -1 -16 -2 -19 -6 -16 -3 -15 -7 -22 -11 -21 -12 -19 -15 -17 ],2025-05-07_20-07-59-927
CSI_DATA,PASSIVE,5C:E9:31:E8:F4:66,-77,11,0,0,0,0,0,0,0,0,0,-96,0,11,0,2300011094,0,206,0,0,2300.21,128,[-50 -32 12 0 -24 -10 -28 -7 -25 -7 -23 -10 -27 -13 -27 -16 -22 -12 -24 -11 -19 -21 -20 -24 -17 -26 -15 -27 -15 -31 -14 -30 -10 -31 -7 -35 -6 -31 -4 -32 -1 -30 -3 -29 -1 -27 -5 -23 -5 -20 -4 -16 -3 -14 0 0 0 0 0 0 0 0 0 0 0 0 0 0 0 0 0 0 0 0 0 0 14 7 15 7 16 4 15 1 19 0 13 -4 12 -6 18 -10 16 -9 18 -10 11 -9 16 -16 14 -18 8 -20 11 -14 -1 -18 4 -14 -3 -18 -5 -15 -10 -13 -9 -12 -12 -9 -16 -10 -21 -7 -23 -11 -22 -9 ],2025-05-07_20-07-59-934
CSI_DATA,PASSIVE,5C:E9:31:E8:F4:66,-77,11,0,0,0,0,0,0,0,0,0,-96,0,11,0,2300011411,0,226,0,0,2300.21,128,[-30 32 14 0 -18 -16 -20 -14 -16 -15 -15 -19 -19 -16 -19 -17 -13 -21 -13 -22 -14 -21 -10 -23 -8 -27 -6 -26 -3 -30 -6 -29 -4 -31 1 -30 3 -30 3 -28 5 -28 4 -21 3 -21 2 -22 5 -20 -1 -16 1 -14 0 0 0 0 0 0 0 0 0 0 0 0 0 0 0 0 0 0 0 0 0 0 9 9 11 10 12 7 11 9 13 5 14 4 14 0 15 0 16 -4 16 -5 15 -5 16 -9 18 -8 12 -9 8 -10 6 -14 5 -15 -1 -14 -2 -16 -2 -15 -4 -14 -7 -19 -12 -16 -12 -19 -16 -16 -14 -15 ],2025-05-07_20-07-59-939
CSI_DATA,PASSIVE,5C:E9:31:E8:F4:66,-77,11,0,0,0,0,0,0,0,0,0,-96,0,11,0,2300011756,0,94,0,0,2300.22,128,[94 -32 5 0 18 -21 22 -20 18 -17 19 -19 22 -15 19 -16 18 -10 26 -12 27 -7 25 0 19 -4 32 1 31 2 30 9 24 -3 30 10 26 15 25 13 31 6 17 11 21 12 18 10 28 10 19 12 13 8 0 0 0 0 0 0 0 0 0 0 0 0 0 0 0 0 0 0 0 0 0 0 -13 13 -11 14 -7 11 -5 14 -5 18 -2 17 -1 14 -2 18 2 18 5 16 5 25 6 15 13 17 12 15 8 18 15 8 12 5 16 2 20 1 17 -5 20 -7 17 -10 19 -9 20 -12 19 -12 16 -18 ],2025-05-07_20-07-59-944
CSI_DATA,PASSIVE,5C:E9:31:E8:F4:66,-77,11,0,0,0,0,0,0,0,0,0,-96,0,11,0,2300111048,0,120,0,0,2300.28,128,[120 -128 7 0 1 -22 2 -23 2 -21 1 -25 3 -29 2 -27 5 -25 10 -26 9 -23 13 -22 17 -15 17 -19 22 -18 21 -16 24 -15 28 -12 29 -9 27 -7 27 -9 23 -5 23 -5 20 -6 17 -5 17 -5 14 -8 0 0 0 0 0 0 0 0 0 0 0 0 0 0 0 0 0 0 0 0 0 0 4 15 4 14 5 13 6 12 11 12 11 9 8 8 13 8 16 4 18 2 18 5 18 -1 18 -4 14 -5 15 -6 15 -8 13 -11 15 -14 12 -12 9 -14 9 -17 4 -20 1 -17 5 -23 3 -24 1 -24 ],2025-05-07_20-08-00-3
CSI_DATA,PASSIVE,5C:E9:31:E8:F4:66,-77,11,0,0,0,0,0,0,0,0,0,-96,0,11,0,2300111249,0,140,0,0,2300.28,128,[-116 -64 8 0 -28 -52 -46 -46 -28 -59 -26 -52 -12 -54 -5 -55 -2 -50 -8 -56 1 -50 2 -57 13 -50 29 -61 34 -57 30 -63 31 -53 46 -51 57 -48 45 -44 54 -33 41 -37 49 -39 30 -35 34 -32 32 -30 25 -16 0 0 0 0 0 0 0 0 0 0 0 0 0 0 0 0 0 0 0 0 0 0 32 22 24 15 28 18 35 9 32 -2 31 1 32 1 32 -11 32 0 31 -14 26 -9 36 -27 34 -24 20 -29 15 -29 16 -35 15 -34 8 -29 3 -41 0 -38 5 -45 -16 -46 -6 -36 -20 -51 -28 -52 -27 -41 ],2025-05-07_20-08-00-9
CSI_DATA,PASSIVE,5C:E9:31:E8:F4:66,-78,11,0,0,0,0,0,0,0,0,0,-96,0,11,0,2300111478,0,120,0,0,2300.29,128,[120 -128 7 0 -24 -47 -17 -40 -30 -56 -19 -63 -6 -58 -1 -58 2 -51 9 -58 10 -56 13 -56 23 -51 38 -54 31 -51 29 -57 38 -60 49 -54 46 -51 45 -52 55 -41 31 -40 45 -37 27 -27 37 -34 19 -35 19 -24 0 0 0 0 0 0 0 0 0 0 0 0 0 0 0 0 0 0 0 0 0 0 18 28 6 23 6 25 13 31 25 19 20 19 29 17 23 12 32 19 32 -3 34 12 40 -11 39 -14 36 -15 29 -9 36 -21 24 -28 14 -30 7 -46 12 -31 17 -28 7 -42 2 -48 -4 -50 -10 -49 -7 -55 ],2025-05-07_20-08-00-15
CSI_DATA,PASSIVE,5C:E9:31:E8:F4:66,-78,11,0,0,0,0,0,0,0,0,0,-96,0,11,0,2300111679,0,140,0,0,2300.29,128,[-116 -64 8 0 -40 -25 -50 -15 -44 -37 -53 -19 -61 -37 -50 -35 -61 -45 -38 -49 -40 -31 -31 -54 -29 -55 -17 -62 -17 -59 -12 -66 -17 -79 -5 -79 4 -76 -6 -61 2 -61 -4 -54 2 -60 -1 -51 -7 -43 -5 -35 5 -39 0 0 0 0 0 0 0 0 0 0 0 0 0 0 0 0 0 0 0 0 0 0 38 14 31 11 28 11 37 5 40 -4 27 -7 29 -12 27 -14 21 -11 24 -25 22 -24 33 -31 14 -44 19 -42 6 -37 7 -44 4 -33 -25 -51 -15 -25 -27 -23 -27 -27 -53 -37 -30 -26 -40 -36 -47 -34 -40 -7 ],2025-05-07_20-08-00-21
CSI_DATA,PASSIVE,5C:E9:31:E8:F4:66,-77,11,0,0,0,0,0,0,0,0,0,-96,0,11,0,2300111908,0,330,0,0,2300.3,128,[74 -95 20 0 -46 -23 -50 -30 -43 -26 -53 -37 -50 -24 -44 -38 -30 -36 -32 -53 -43 -36 -23 -53 -23 -52 -13 -65 -10 -63 -13 -72 -5 -70 -1 -75 10 -71 4 -70 8 -59 7 -53 10 -55 10 -38 12 -42 5 -36 7 -23 0 0 0 0 0 0 0 0 0 0 0 0 0 0 0 0 0 0 0 0 0 0 36 4 33 -6 27 6 30 -10 31 -14 28 -8 30 -15 18 -20 31 -18 21 -22 20 -26 13 -45 18 -36 25 -37 3 -36 2 -42 -7 -50 -16 -33 -24 -34 -17 -40 -27 -23 -34 -43 -38 -22 -37 -38 -46 -29 -52 -18 ],2025-05-07_20-08-00-27
CSI_DATA,PASSIVE,5C:E9:31:E8:F4:66,-77,11,0,0,0,0,0,0,0,0,0,-96,0,11,0,2300112389,0,350,0,0,2300.31,128,[94 -31 21 0 -33 40 -19 50 -29 49 -23 56 -36 51 -46 34 -39 37 -45 38 -40 14 -49 30 -49 28 -60 13 -67 16 -63 10 -65 1 -75 1 -71 -11 -78 -7 -64 -21 -58 -19 -51 -15 -50 -10 -43 -6 -38 -5 -38 -4 0 0 0 0 0 0 0 0 0 0 0 0 0 0 0 0 0 0 0 0 0 0 3 -35 0 -33 1 -35 -3 -34 -16 -33 -8 -33 -12 -27 -24 -27 -19 -31 -28 -28 -39 -26 -38 -15 -38 -20 -44 -12 -33 -7 -36 -5 -39 11 -40 11 -36 9 -35 19 -20 31 -21 34 -21 33 -27 26 -44 48 -25 43 ],2025-05-07_20-08-00-33
CSI_DATA,PASSIVE,5C:E9:31:E8:F4:66,-77,11,0,0,0,0,0,0,0,0,0,-96,0,11,0,2300112898,0,94,0,0,2300.31,128,[94 -32 5 0 12 51 1 64 6 47 2 50 -4 64 -1 62 -5 56 -18 64 -10 47 -14 59 -22 48 -37 59 -32 50 -47 49 -49 59 -60 54 -54 45 -48 48 -48 40 -50 35 -44 29 -37 27 -33 26 -27 31 -22 18 0 0 0 0 0 0 0 0 0 0 0 0 0 0 0 0 0 0 0 0 0 0 -14 -35 -12 -33 -7 -28 -18 -30 -23 -25 -26 -22 -23 -23 -24 -17 -29 -15 -38 -4 -40 -15 -42 -5 -37 6 -32 14 -40 9 -29 18 -30 28 -20 26 -18 30 -11 30 -2 47 -4 41 2 47 6 50 6 61 3 52 ],2025-05-07_20-08-00-39
CSI_DATA,PASSIVE,5C:E9:31:E8:F4:66,-77,11,0,0,0,0,0,0,0,0,0,-96,0,11,0,2300113067,0,108,0,0,2300.32,128,[108 -64 6 0 -40 12 -50 21 -57 22 -57 20 -57 11 -66 7 -55 -3 -55 -4 -52 -2 -66 -10 -53 -12 -60 -27 -59 -35 -53 -33 -59 -36 -56 -45 -59 -38 -56 -48 -51 -50 -46 -39 -42 -38 -36 -29 -35 -22 -29 -21 -24 -18 0 0 0 0 0 0 0 0 0 0 0 0 0 0 0 0 0 0 0 0 0 0 32 -15 29 -6 27 -12 26 -21 28 -22 25 -29 22 -27 14 -26 11 -28 3 -35 6 -40 -2 -45 -5 -46 -7 -33 -10 -25 -16 -33 -24 -28 -28 -24 -30 -18 -30 -14 -38 -6 -47 1 -44 7 -53 -4 -48 14 -43 12 ],2025-05-07_20-08-00-45
CSI_DATA,PASSIVE,5C:E9:31:E8:F4:66,-76,11,0,0,0,0,0,0,0,0,0,-96,0,11,0,2300113252,0,217,0,0,2300.32,128,[-39 -112 13 0 -25 -2 -29 -11 -26 -2 -25 -3 -27 -10 -26 -12 -25 -16 -23 -15 -20 -16 -22 -17 -18 -23 -18 -30 -18 -26 -14 -28 -12 -34 -7 -28 -7 -31 -1 -31 -1 -34 -3 -28 0 -27 0 -25 -3 -22 -6 -17 -3 -17 0 0 0 0 0 0 0 0 0 0 0 0 0 0 0 0 0 0 0 0 0 0 17 1 18 0 17 -1 18 -6 17 -9 16 -13 11 -8 10 -11 16 -15 11 -17 4 -13 7 -17 5 -20 3 -20 1 -20 1 -18 -6 -20 -10 -14 -13 -18 -13 -11 -16 -13 -17 -6 -23 -5 -19 -13 -26 -5 -20 -4 ],2025-05-07_20-08-00-51
CSI_DATA,PASSIVE,5C:E9:31:E8:F4:66,-77,11,0,0,0,0,0,0,0,0,0,-96,0,11,0,2300113585,0,158,0,0,2300.33,128,[-98 -32 9 0 -14 14 -11 18 -17 18 -19 23 -17 15 -18 14 -23 12 -16 9 -23 6 -21 10 -23 4 -26 3 -30 -1 -27 -3 -25 -3 -28 -5 -27 -10 -29 -11 -25 -12 -26 -10 -23 -8 -23 -8 -19 -8 -16 -7 -12 -4 0 0 0 0 0 0 0 0 0 0 0 0 0 0 0 0 0 0 0 0 0 0 8 -14 8 -11 6 -14 5 -17 2 -17 1 -19 -4 -15 -3 -17 -7 -16 -8 -16 -9 -14 -13 -15 -12 -14 -11 -12 -14 -11 -13 -8 -16 -2 -13 -2 -16 2 -15 4 -15 10 -13 12 -19 10 -16 14 -16 10 -14 17 ],2025-05-07_20-08-00-57
CSI_DATA,PASSIVE,5C:E9:31:E8:E9:4E,-87,11,0,0,0,0,0,0,0,0,0,-96,0,11,0,2300166067,0,126,0,0,2300.34,128,[126 -32 7 0 2 0 -3 -3 11 -15 -2 -7 0 -1 4 -1 -5 -10 1 -6 -6 -5 -10 -5 -11 -7 -11 -9 -10 -17 -12 -17 -22 -12 -17 -18 -21 -10 -25 -21 -14 -15 -7 -16 -18 -18 -1 -23 -14 -17 -5 -14 6 -13 0 0 0 0 0 0 0 0 0 0 0 0 0 0 0 0 0 0 0 0 0 0 -16 -6 -9 -5 -2 -2 -10 -6 -2 -5 -9 -2 -15 3 -11 14 -18 7 -13 9 -7 18 -16 19 -8 9 -8 8 -12 15 -5 19 -11 12 -10 11 -1 11 0 9 2 15 -4 16 -7 17 5 7 19 -3 0 4 ],2025-05-07_20-08-00-63
CSI_DATA,PASSIVE,5C:E9:31:E8:E9:4E,-87,11,0,0,0,0,0,0,0,0,0,-96,0,11,0,2300166558,0,98,0,0,2300.34,128,[98 32 6 0 7 -4 1 10 6 4 6 4 6 10 11 2 6 7 8 -2 15 -2 20 -4 15 -2 18 -6 18 -2 27 1 21 2 27 2 23 3 26 8 24 8 21 13 15 6 14 6 7 12 6 13 4 12 0 0 0 0 0 0 0 0 0 0 0 0 0 0 0 0 0 0 0 0 0 0 4 -5 -2 -9 -1 -5 -6 -7 2 -6 -8 -7 3 -9 -7 -16 -9 -7 -9 -10 -10 -11 -8 -10 -12 -16 -11 -9 -6 -10 -19 -4 -13 -6 -10 1 -10 -8 -6 -4 -14 -7 -16 6 -12 8 -6 4 -6 -6 -3 -2 ],2025-05-07_20-08-00-67
CSI_DATA,PASSIVE,5C:E9:31:E8:E9:4E,-88,11,0,0,0,0,0,0,0,0,0,-96,0,11,0,2300166731,0,98,0,0,2300.35,128,[98 32 6 0 -9 2 -9 -6 -5 -1 -13 0 -5 4 -9 2 -8 -3 -11 -4 -20 11 -18 7 -11 8 -17 9 -12 16 -10 11 -13 17 -23 13 -21 18 -21 10 -18 0 -22 13 -23 4 -17 -4 -20 -3 -22 -5 -18 -7 0 0 0 0 0 0 0 0 0 0 0 0 0 0 0 0 0 0 0 0 0 0 -2 6 -3 3 -3 9 1 8 2 10 4 6 12 9 19 5 9 3 17 10 11 2 18 13 11 14 10 2 12 -4 6 0 10 3 8 -3 4 -3 5 -4 6 0 9 -5 -2 -8 5 -6 7 -6 4 -5 ],2025-05-07_20-08-00-72
CSI_DATA,PASSIVE,5C:E9:31:E8:E9:4E,-87,11,0,0,0,0,0,0,0,0,0,-96,0,11,0,2300194662,0,126,0,0,2300.36,128,[126 -32 7 0 -1 1 -6 -1 3 -3 5 3 4 9 18 2 8 5 8 1 9 -6 17 -4 19 -9 10 -3 23 -3 21 2 24 -2 28 -6 24 0 27 4 24 3 20 7 19 3 19 4 18 5 11 1 8 7 0 0 0 0 0 0 0 0 0 0 0 0 0 0 0 0 0 0 0 0 0 0 3 -3 12 -1 7 -3 5 -2 9 -3 4 -1 14 -11 4 -7 7 -12 5 -15 7 -18 10 -20 8 -9 1 -18 6 -15 -6 -8 -2 -16 5 -6 -10 -13 -3 -10 -12 -15 -12 -10 -11 -7 -2 -4 -7 -1 -6 2 ],2025-05-07_20-08-00-86
CSI_DATA,PASSIVE,5C:E9:31:E8:F4:66,-77,11,0,0,0,0,0,0,0,0,0,-96,0,11,0,2300211908,0,86,0,0,2300.38,128,[86 96 5 0 -8 23 -9 26 -11 20 -12 23 -11 25 -12 27 -15 18 -16 22 -20 15 -18 18 -23 11 -24 7 -25 5 -27 7 -34 1 -29 3 -34 0 -29 -3 -28 -2 -28 -3 -27 -4 -22 -3 -19 -3 -19 -1 -18 1 0 0 0 0 0 0 0 0 0 0 0 0 0 0 0 0 0 0 0 0 0 0 6 -18 4 -15 1 -15 -1 -17 -4 -13 -6 -14 -11 -15 -11 -15 -13 -11 -14 -15 -17 -13 -16 -8 -19 -9 -18 -8 -20 -4 -22 -3 -19 0 -17 4 -19 5 -14 7 -12 11 -13 13 -10 16 -10 18 -9 20 -11 25 ],2025-05-07_20-08-00-105
CSI_DATA,PASSIVE,5C:E9:31:E8:F4:66,-77,11,0,0,0,0,0,0,0,0,0,-96,0,11,0,2300212065,0,108,0,0,2300.38,128,[108 -64 6 0 16 20 16 20 17 19 10 21 14 21 5 27 10 23 10 22 2 26 -1 22 -3 30 -6 26 -9 30 -11 23 -11 28 -17 26 -20 26 -17 22 -18 21 -17 19 -17 19 -13 15 -12 17 -12 15 -9 14 0 0 0 0 0 0 0 0 0 0 0 0 0 0 0 0 0 0 0 0 0 0 -9 -14 -9 -12 -8 -14 -12 -10 -12 -6 -14 -9 -17 -6 -19 -3 -17 1 -18 2 -19 5 -20 5 -19 7 -17 9 -18 11 -16 12 -11 13 -10 15 -6 16 -4 14 1 19 0 16 7 20 8 16 8 21 10 20 ],2025-05-07_20-08-00-110
CSI_DATA,PASSIVE,5C:E9:31:E8:F4:66,-77,11,0,0,0,0,0,0,0,0,0,-96,0,11,0,2300212250,0,126,0,0,2300.39,128,[126 -32 7 0 16 20 7 25 11 26 12 22 9 23 5 26 0 24 -1 25 -7 22 -8 24 -8 21 -15 17 -25 21 -25 20 -26 16 -25 15 -31 13 -30 18 -29 11 -24 8 -24 11 -22 9 -21 11 -17 5 -18 7 0 0 0 0 0 0 0 0 0 0 0 0 0 0 0 0 0 0 0 0 0 0 -11 -13 -9 -12 -14 -11 -11 -8 -13 -4 -18 -5 -21 -6 -18 -3 -16 1 -17 0 -18 3 -22 8 -16 6 -17 7 -17 11 -13 12 -15 14 -10 16 -5 18 -10 18 -3 25 0 21 0 19 5 22 0 18 9 24 ],2025-05-07_20-08-00-116
CSI_DATA,PASSIVE,5C:E9:31:E8:F4:66,-77,11,0,0,0,0,0,0,0,0,0,-96,0,11,0,2300212459,0,94,0,0,2300.4,128,[94 -32 5 0 22 3 22 11 24 5 24 6 25 8 20 10 16 12 15 15 14 18 9 18 14 20 12 22 6 22 4 28 6 25 -2 27 -3 25 -1 27 -5 24 -4 25 -7 26 -6 20 -4 17 -6 14 -2 15 0 0 0 0 0 0 0 0 0 0 0 0 0 0 0 0 0 0 0 0 0 0 -13 -5 -16 -3 -17 0 -14 0 -13 6 -12 7 -12 6 -11 10 -9 8 -13 16 -7 19 -7 13 -6 17 -8 17 -1 18 -1 15 0 16 4 18 6 13 9 8 13 9 13 5 15 10 15 10 20 7 21 7 ],2025-05-07_20-08-00-120
CSI_DATA,PASSIVE,5C:E9:31:E8:F4:66,-77,11,0,0,0,0,0,0,0,0,0,-96,0,11,0,2300212627,0,94,0,0,2300.4,128,[94 -32 5 0 9 25 9 23 9 30 4 30 3 24 1 18 1 24 -11 23 -9 21 -9 24 -12 26 -16 24 -17 22 -19 20 -21 21 -25 20 -24 17 -27 15 -26 16 -26 14 -24 9 -19 13 -18 10 -17 10 -13 10 0 0 0 0 0 0 0 0 0 0 0 0 0 0 0 0 0 0 0 0 0 0 -4 -16 -4 -17 -5 -15 -6 -14 -9 -11 -15 -11 -11 -9 -18 -11 -18 -8 -20 -5 -19 -2 -20 0 -21 2 -22 1 -18 3 -20 8 -15 9 -13 10 -13 13 -9 14 -7 14 -5 19 -2 18 -3 20 4 24 1 21 ],2025-05-07_20-08-00-126
CSI_DATA,PASSIVE,5C:E9:31:E8:F4:66,-77,11,0,0,0,0,0,0,0,0,0,-96,0,11,0,2300212796,0,126,0,0,2300.41,128,[126 -32 7 0 -13 16 -21 20 -20 14 -22 21 -18 14 -19 13 -25 16 -25 6 -23 2 -23 2 -29 2 -28 -3 -32 -7 -24 -6 -32 -8 -32 -9 -31 -10 -31 -13 -24 -14 -27 -14 -24 -11 -20 -11 -20 -7 -17 -4 -16 -3 0 0 0 0 0 0 0 0 0 0 0 0 0 0 0 0 0 0 0 0 0 0 15 -6 14 -5 14 -10 11 -8 11 -10 5 -16 3 -13 3 -17 0 -18 -1 -18 -8 -20 -6 -19 -1 -18 -11 -21 -8 -16 -8 -13 -14 -9 -15 -10 -13 -7 -19 1 -23 -2 -18 5 -19 5 -20 9 -20 9 -19 10 ],2025-05-07_20-08-00-132
CSI_DATA,PASSIVE,5C:E9:31:E8:E9:4E,-89,11,0,0,0,0,0,0,0,0,0,-96,0,11,0,2300235586,0,184,0,0,2300.41,128,[-72 -128 11 0 -5 -5 0 -8 -1 -3 1 -2 -1 -9 -7 -8 -8 -5 -11 -14 -18 -9 -9 -10 -19 -6 -16 -6 -16 -3 -18 -10 -25 -10 -20 -15 -22 -18 -21 -16 -20 -20 -16 -17 -7 -14 -8 -17 -5 -18 -2 -19 -2 -17 0 0 0 0 0 0 0 0 0 0 0 0 0 0 0 0 0 0 0 0 0 0 -8 0 -9 1 -8 3 -5 4 -2 5 -6 12 -8 8 -6 17 -3 9 -7 13 -3 7 -5 13 -2 18 -3 11 -2 13 -3 20 2 15 5 9 1 7 -1 7 8 10 4 -1 7 1 4 3 -5 -1 4 0 ],2025-05-07_20-08-00-138
CSI_DATA,PASSIVE,5C:E9:31:E8:E9:4E,-86,11,0,0,0,0,0,0,0,0,0,-96,0,11,0,2300242458,0,190,0,0,2300.42,128,[-66 -32 11 0 1 0 14 -9 8 1 -4 -11 -6 -3 -4 -5 -7 4 -10 4 -16 -1 -11 -7 -7 9 -21 6 -24 23 -27 5 -21 11 -31 9 -16 14 -31 9 -19 5 -24 -1 -18 -2 -13 -10 -20 -4 -16 -1 -18 -1 0 0 0 0 0 0 0 0 0 0 0 0 0 0 0 0 0 0 0 0 0 0 -11 -7 -14 -10 -16 4 -10 7 0 4 -8 7 -5 4 -1 14 -3 15 -14 6 1 9 -3 13 1 13 1 20 8 9 0 16 -6 7 11 6 10 11 -4 9 1 11 5 6 12 5 8 0 8 -2 6 -10 ],2025-05-07_20-08-00-142
CSI_DATA,PASSIVE,5C:E9:31:E8:E9:4E,-85,11,0,0,0,0,0,0,0,0,0,-96,0,11,0,2300272749,0,127,0,0,2300.44,128,[127 -16 7 0 1 6 -10 1 -4 3 6 6 6 5 5 8 9 0 10 -3 8 4 19 1 12 0 14 -10 13 -2 27 0 22 5 26 -4 26 1 18 1 20 7 21 0 24 2 16 2 16 6 15 6 10 2 0 0 0 0 0 0 0 0 0 0 0 0 0 0 0 0 0 0 0 0 0 0 10 12 3 2 4 6 5 4 5 0 6 -7 10 -9 6 -3 -7 -6 21 -14 -3 -11 18 -17 21 -4 -3 -13 -2 -19 0 -10 0 -12 -1 -23 10 -11 -2 -10 -9 -13 -7 -15 -10 -14 -15 -1 -5 -1 -4 -3 ],2025-05-07_20-08-00-166
CSI_DATA,PASSIVE,5C:E9:31:E8:E9:4E,-89,11,0,0,0,0,0,0,0,0,0,-96,0,11,0,2300278493,0,98,0,0,2300.45,128,[98 32 6 0 0 1 -4 -1 -1 7 -17 -2 -9 5 -10 -5 -13 7 -9 11 -10 4 -5 5 -7 21 -14 20 -18 15 -18 10 -25 20 -23 14 -18 15 -27 10 -22 13 -15 9 -19 9 -18 2 -18 0 -15 3 -15 0 0 0 0 0 0 0 0 0 0 0 0 0 0 0 0 0 0 0 0 0 0 0 -10 4 -7 11 -7 5 -3 13 -9 -1 -2 10 -9 10 -2 13 -1 7 -4 16 -5 19 5 13 5 11 -2 7 4 7 10 9 4 11 8 1 12 4 22 2 8 0 13 16 17 7 5 1 5 0 7 7 ],2025-05-07_20-08-00-169
CSI_DATA,PASSIVE,5C:E9:31:E8:E9:4E,-88,11,0,0,0,0,0,0,0,0,0,-96,0,11,0,2300289899,0,98,0,0,2300.46,128,[98 32 6 0 -9 3 -5 5 5 1 4 5 10 10 7 5 11 -1 11 2 4 4 13 3 17 4 17 2 22 9 19 7 27 9 18 8 22 14 15 10 20 17 16 15 13 12 8 14 3 12 4 8 1 19 0 0 0 0 0 0 0 0 0 0 0 0 0 0 0 0 0 0 0 0 0 0 7 -4 10 -2 6 0 9 -6 10 -6 7 -8 6 -14 9 -8 7 -17 8 -13 4 -7 7 -13 4 -12 5 -20 4 -18 5 -13 -13 -9 2 -10 -4 -11 -9 -9 -6 -10 -11 -5 -3 -7 -4 -8 -6 -10 -8 -6 ],2025-05-07_20-08-00-182
CSI_DATA,PASSIVE,5C:E9:31:E8:E9:4E,-88,11,0,0,0,0,0,0,0,0,0,-96,0,11,0,2300290338,0,98,0,0,2300.46,128,[98 32 6 0 0 3 -1 -3 5 -2 1 -4 6 -4 12 -7 8 -8 10 -8 0 -16 -7 -16 3 -15 8 -24 4 -23 15 -21 6 -22 3 -28 0 -25 10 -16 10 -20 12 -16 14 -14 16 -14 17 -11 18 -2 12 0 0 0 0 0 0 0 0 0 0 0 0 0 0 0 0 0 0 0 0 0 0 0 -4 -11 -5 -10 2 -5 -3 -7 -6 -5 -8 -9 -15 -12 -9 -7 -8 -11 -3 -10 -15 -9 -15 -7 -13 -6 -17 -2 -14 -16 -17 -1 -18 7 -17 1 -19 0 -4 7 -9 3 -6 6 -12 11 -10 4 -3 5 2 -7 ],2025-05-07_20-08-00-187
CSI_DATA,PASSIVE,5C:E9:31:E8:E9:4E,-88,11,0,0,0,0,0,0,0,0,0,-96,0,11,0,2300291144,0,125,0,0,2300.47,128,[125 -48 7 0 -8 -2 -2 3 13 9 14 0 12 -3 8 -3 8 -9 7 -2 18 -8 8 -10 28 -10 25 -13 15 -6 19 -10 19 -5 20 -3 24 1 21 12 17 6 14 17 14 10 13 11 9 11 6 16 10 15 0 0 0 0 0 0 0 0 0 0 0 0 0 0 0 0 0 0 0 0 0 0 -9 -2 -10 5 -8 3 -6 -2 -8 5 -7 10 -5 4 -9 7 -18 0 -18 12 -13 9 -13 4 -14 4 -7 7 -16 8 -12 12 -11 5 -11 9 -10 9 -5 10 -1 13 -5 9 -6 16 -4 11 -3 3 2 12 ],2025-05-07_20-08-00-192
CSI_DATA,PASSIVE,5C:E9:31:E8:E9:4E,-87,11,0,0,0,0,0,0,0,0,0,-96,0,11,0,2300291353,0,145,0,0,2300.47,128,[-111 16 9 0 0 3 -4 1 -6 -6 -5 -5 -9 -3 -6 1 -9 4 -9 5 -14 7 -18 11 -19 15 -17 11 -17 8 -23 3 -25 5 -20 13 -23 4 -24 -4 -28 -4 -16 3 -23 -4 -18 -6 -15 -2 -18 -3 -13 -10 0 0 0 0 0 0 0 0 0 0 0 0 0 0 0 0 0 0 0 0 0 0 -9 5 -5 3 -14 8 -10 5 -8 8 -4 9 -5 15 4 16 -8 7 -2 13 6 18 1 9 2 15 1 12 2 12 3 13 8 13 2 2 10 5 5 3 13 4 13 -3 4 2 8 4 3 6 3 -11 ],2025-05-07_20-08-00-197
CSI_DATA,PASSIVE,5C:E9:31:E8:E9:4E,-88,11,0,0,0,0,0,0,0,0,0,-96,0,11,0,2300297437,0,140,0,0,2300.48,128,[-116 -64 8 0 1 0 8 -9 2 -11 -3 -12 -5 -6 -4 -7 -2 -10 -9 -15 -11 -16 -15 -15 -11 -18 -11 -19 -13 -13 -12 -12 -13 -20 -18 -31 -16 -23 -13 -28 -6 -23 -4 -24 0 -20 7 -15 12 -15 6 -8 5 -15 0 0 0 0 0 0 0 0 0 0 0 0 0 0 0 0 0 0 0 0 0 0 -4 -3 -11 6 -4 5 -7 6 -10 4 -7 5 -18 11 -12 10 -11 14 -9 4 -4 15 -13 14 -12 11 -12 12 -1 9 -6 9 -4 15 8 13 5 12 2 8 0 7 6 21 3 2 -1 8 -4 13 0 1 ],2025-05-07_20-08-00-203
CSI_DATA,PASSIVE,5C:E9:31:E8:E9:4E,-89,11,0,0,0,0,0,0,0,0,0,-96,0,11,0,2300297986,0,120,0,0,2300.48,128,[120 -128 7 0 -1 7 -3 -1 -11 2 -7 12 2 7 -7 11 -8 13 -1 10 1 13 8 17 -4 16 5 20 2 18 6 21 -1 19 -3 25 -9 25 -7 23 -10 19 -12 12 -8 12 -14 11 -11 9 -11 5 -20 1 0 0 0 0 0 0 0 0 0 0 0 0 0 0 0 0 0 0 0 0 0 0 7 3 11 1 1 2 7 -1 11 0 14 -2 3 -5 8 -9 12 -12 17 -9 20 -9 13 -7 7 -10 12 -13 7 -13 7 -15 12 -13 7 -17 -3 -13 -3 -12 -2 -17 3 -6 -4 -16 -4 -3 -7 -9 -2 -3 ],2025-05-07_20-08-00-208
CSI_DATA,PASSIVE,5C:E9:31:E8:E9:4E,-87,11,0,0,0,0,0,0,0,0,0,-96,0,11,0,2300301730,0,98,0,0,2300.49,128,[98 32 6 0 -5 3 9 -7 3 4 -2 -2 2 -10 12 -10 7 -5 15 -8 4 -7 12 -16 13 -22 3 -21 0 -21 11 -23 15 -19 10 -27 15 -24 17 -20 12 -18 16 -17 11 -7 14 -5 12 -3 15 -16 14 -13 0 0 0 0 0 0 0 0 0 0 0 0 0 0 0 0 0 0 0 0 0 0 5 -10 1 -8 -1 -9 0 -9 -2 -9 -6 -7 -4 -12 1 -14 -6 -15 -8 -8 -13 -14 -12 -11 -4 -3 -13 -14 -14 -5 -10 -12 -14 -3 -13 6 -21 -1 -5 -3 -10 7 -15 5 1 10 -13 -5 -8 0 -1 2 ],2025-05-07_20-08-00-214
CSI_DATA,PASSIVE,5C:E9:31:E8:F4:66,-77,11,0,0,0,0,0,0,0,0,0,-96,0,11,0,2300315938,0,164,0,0,2300.49,128,[-92 64 10 0 -20 23 -12 24 -19 23 -17 23 -14 19 -17 22 -17 15 -24 11 -25 12 -26 12 -25 7 -25 6 -28 3 -30 0 -29 -3 -27 -5 -29 -6 -29 -10 -26 -7 -24 -8 -22 -9 -22 -9 -15 -5 -19 -6 -15 -4 0 0 0 0 0 0 0 0 0 0 0 0 0 0 0 0 0 0 0 0 0 0 4 -14 7 -14 4 -18 -2 -14 -1 -14 -7 -21 -8 -18 -5 -17 -18 -19 -19 -19 -15 -11 -19 -17 -16 -18 -16 -17 -17 -12 -22 -8 -18 -7 -21 -7 -20 3 -16 1 -23 11 -20 11 -18 14 -18 18 -16 16 -20 12 ],2025-05-07_20-08-00-220
CSI_DATA,PASSIVE,5C:E9:31:E8:F4:66,-77,11,0,0,0,0,0,0,0,0,0,-96,0,11,0,2300316199,0,190,0,0,2300.5,128,[-66 -32 11 0 26 2 28 5 26 1 28 0 26 5 21 10 22 7 25 14 21 13 17 14 16 23 17 22 15 22 13 25 9 29 6 27 5 28 4 27 0 26 2 26 -1 25 0 24 -1 18 0 13 2 14 0 0 0 0 0 0 0 0 0 0 0 0 0 0 0 0 0 0 0 0 0 0 -16 5 -18 9 -15 9 -17 10 -11 11 -13 12 -12 14 -9 17 -5 18 -8 22 -3 25 -6 22 -5 22 4 25 2 23 5 20 7 17 9 18 12 12 16 15 18 11 16 6 19 7 21 9 22 3 24 3 ],2025-05-07_20-08-00-224
CSI_DATA,PASSIVE,5C:E9:31:E8:F4:66,-77,11,0,0,0,0,0,0,0,0,0,-96,0,11,0,2300316496,0,210,0,0,2300.51,128,[-46 32 13 0 7 -24 5 -28 9 -25 6 -25 10 -24 10 -22 13 -21 13 -20 12 -16 18 -17 22 -14 22 -14 21 -11 25 -8 26 -8 26 -5 26 -3 25 -1 28 0 20 1 21 -1 19 0 19 2 16 0 14 -3 0 0 0 0 0 0 0 0 0 0 0 0 0 0 0 0 0 0 0 0 0 0 -4 17 -2 14 -2 15 3 13 -1 11 7 14 5 11 12 18 10 9 17 13 15 12 18 6 14 3 22 10 19 6 16 -3 15 -1 19 -7 17 -10 15 -10 16 -12 14 -18 15 -13 11 -20 8 -21 8 -17 ],2025-05-07_20-08-00-230
CSI_DATA,PASSIVE,5C:E9:31:E8:F4:66,-77,11,0,0,0,0,0,0,0,0,0,-96,0,11,0,2300316817,0,94,0,0,2300.51,128,[94 -32 5 0 -17 23 -19 23 -17 24 -18 20 -22 23 -22 16 -23 15 -21 14 -23 10 -25 6 -27 7 -29 5 -25 -5 -26 -2 -28 -9 -30 -11 -29 -11 -27 -16 -26 -15 -24 -15 -22 -15 -18 -11 -19 -11 -16 -10 -18 -4 0 0 0 0 0 0 0 0 0 0 0 0 0 0 0 0 0 0 0 0 0 0 6 -17 4 -18 1 -19 -3 -18 -4 -18 -4 -19 -6 -18 -9 -19 -11 -21 -14 -19 -17 -19 -18 -13 -17 -15 -19 -12 -20 -10 -20 -6 -22 -3 -21 -3 -19 -2 -16 6 -19 9 -21 11 -20 16 -16 12 -17 15 -16 13 ],2025-05-07_20-08-00-236
CSI_DATA,PASSIVE,5C:E9:31:E8:E9:4E,-88,11,0,0,0,0,0,0,0,0,0,-96,0,11,0,2300373252,0,130,0,0,2300.54,128,[-126 32 8 0 -10 0 6 1 -2 6 -6 8 -1 20 0 -1 -8 4 -9 13 5 21 0 18 6 18 1 19 6 22 -4 30 -7 26 -4 24 -2 19 -8 25 -16 14 -12 13 -13 19 -10 18 -18 12 -17 12 -16 11 0 0 0 0 0 0 0 0 0 0 0 0 0 0 0 0 0 0 0 0 0 0 7 10 11 8 6 2 4 1 19 -3 14 0 8 6 11 -1 12 1 5 -11 16 -4 18 -6 11 -10 13 -14 9 -6 6 -14 15 -16 12 -11 15 -10 1 -15 2 -6 -3 -8 0 -11 -12 -1 2 -8 -2 2 ],2025-05-07_20-08-00-264
CSI_DATA,PASSIVE,5C:E9:31:E8:F4:66,-77,11,0,0,0,0,0,0,0,0,0,-96,0,11,0,2300420505,0,94,0,0,2300.59,128,[94 -32 5 0 -25 14 -26 12 -23 13 -26 12 -26 14 -27 8 -27 7 -26 4 -28 1 -26 -2 -27 -2 -27 -6 -26 -9 -22 -13 -23 -12 -23 -18 -21 -16 -19 -18 -18 -18 -18 -18 -16 -15 -15 -15 -14 -15 -10 -12 -10 -10 0 0 0 0 0 0 0 0 0 0 0 0 0 0 0 0 0 0 0 0 0 0 15 -8 13 -11 13 -10 10 -12 9 -15 7 -15 7 -19 5 -19 0 -20 0 -22 -3 -22 -5 -21 -7 -20 -7 -20 -6 -18 -9 -16 -10 -14 -14 -13 -12 -10 -13 -7 -19 -1 -20 -1 -21 4 -22 3 -20 7 -21 6 ],2025-05-07_20-08-00-313
CSI_DATA,PASSIVE,5C:E9:31:E8:F4:66,-76,11,0,0,0,0,0,0,0,0,0,-96,0,11,0,2300420674,0,188,0,0,2300.59,128,[-68 -64 11 0 -21 -19 -20 -22 -20 -22 -17 -20 -17 -24 -16 -22 -9 -21 -9 -24 -6 -23 -6 -25 -1 -28 2 -28 6 -26 8 -25 8 -24 15 -25 16 -23 13 -20 16 -19 14 -19 17 -16 14 -15 10 -14 11 -15 8 -11 0 0 0 0 0 0 0 0 0 0 0 0 0 0 0 0 0 0 0 0 0 0 12 11 15 11 14 7 15 6 16 4 17 2 18 3 20 -2 23 -3 18 -6 20 -7 18 -8 18 -12 19 -9 13 -11 13 -15 9 -14 4 -18 2 -18 2 -18 -1 -22 -4 -18 -10 -19 -10 -20 -16 -22 -14 -22 ],2025-05-07_20-08-00-319
CSI_DATA,PASSIVE,5C:E9:31:E8:F4:66,-76,11,0,0,0,0,0,0,0,0,0,-96,0,11,0,2300420967,0,86,0,0,2300.6,128,[86 96 5 0 25 -10 24 -8 25 -9 26 -7 27 -6 25 -5 27 0 25 1 24 2 22 9 24 9 23 13 22 14 19 17 18 20 16 21 15 21 14 23 11 21 8 20 6 18 8 17 9 17 6 14 8 11 0 0 0 0 0 0 0 0 0 0 0 0 0 0 0 0 0 0 0 0 0 0 -15 7 -14 9 -14 10 -11 12 -13 14 -8 15 -8 16 -8 17 -4 17 -5 19 1 19 1 21 0 21 3 21 4 16 6 18 6 16 11 14 13 9 14 8 17 3 18 2 18 -3 21 -2 23 -4 21 -6 ],2025-05-07_20-08-00-325
CSI_DATA,PASSIVE,5C:E9:31:E8:F4:66,-76,11,0,0,0,0,0,0,0,0,0,-96,0,11,0,2300421124,0,141,0,0,2300.6,128,[-115 -48 8 0 13 -26 15 -24 16 -22 17 -23 17 -22 15 -22 20 -17 18 -17 22 -13 19 -9 24 -11 26 -4 25 -2 23 3 28 3 28 6 25 9 24 11 23 12 20 10 17 8 14 8 17 9 14 6 12 8 0 0 0 0 0 0 0 0 0 0 0 0 0 0 0 0 0 0 0 0 0 0 -7 16 -6 15 -2 17 -3 18 -1 16 2 20 5 17 11 21 8 19 11 19 11 20 14 16 13 14 14 13 17 12 15 8 17 3 16 5 18 -2 18 -7 16 -6 15 -11 14 -11 14 -13 16 -15 15 -18 ],2025-05-07_20-08-00-329
CSI_DATA,PASSIVE,5C:E9:31:E8:F4:66,-76,11,0,0,0,0,0,0,0,0,0,-96,0,11,0,2300421353,0,205,0,0,2300.61,128,[-51 -48 12 0 12 -26 14 -23 16 -25 15 -23 18 -25 17 -19 20 -20 24 -19 23 -12 21 -8 26 -5 23 -3 21 1 26 3 28 6 26 7 31 6 19 7 20 10 20 11 18 7 16 9 15 7 14 5 15 4 0 0 0 0 0 0 0 0 0 0 0 0 0 0 0 0 0 0 0 0 0 0 -9 15 -7 16 -5 14 -2 15 0 14 2 19 5 20 7 16 11 14 12 16 15 16 13 15 15 14 16 10 18 12 17 6 17 5 14 2 15 0 18 -4 13 -8 17 -11 16 -12 14 -18 14 -18 16 -16 ],2025-05-07_20-08-00-335
CSI_DATA,PASSIVE,5C:E9:31:E8:F4:66,-76,11,0,0,0,0,0,0,0,0,0,-96,0,11,0,2300421670,0,161,0,0,2300.61,128,[-95 16 10 0 21 -17 21 -21 20 -20 24 -16 25 -18 22 -14 23 -12 21 -8 22 -7 26 -6 25 -1 25 -3 24 7 26 8 22 11 21 9 23 12 21 14 18 15 16 14 18 15 15 14 14 11 13 10 11 8 0 0 0 0 0 0 0 0 0 0 0 0 0 0 0 0 0 0 0 0 0 0 -11 13 -10 11 -11 14 -6 14 -5 15 -5 15 2 16 2 17 2 22 4 21 1 20 8 19 13 19 14 17 15 18 12 11 13 7 13 8 15 3 15 1 16 -3 18 -10 18 -11 20 -8 21 -13 19 -15 ],2025-05-07_20-08-00-340
CSI_DATA,PASSIVE,5C:E9:31:E8:F4:66,-76,11,0,0,0,0,0,0,0,0,0,-96,0,11,0,2300421927,0,123,0,0,2300.62,128,[123 -80 7 0 16 22 18 21 15 20 15 22 13 21 12 20 10 24 8 25 2 24 1 25 -3 26 -4 26 -9 25 -9 25 -11 23 -13 21 -16 21 -18 21 -18 19 -16 15 -18 14 -14 15 -15 13 -12 12 -11 11 0 0 0 0 0 0 0 0 0 0 0 0 0 0 0 0 0 0 0 0 0 0 -10 -11 -15 -8 -14 -8 -17 -7 -18 -4 -19 -4 -20 -1 -18 1 -19 1 -21 5 -19 7 -18 7 -19 12 -16 13 -13 11 -12 16 -10 14 -8 15 -5 17 -2 17 3 19 2 18 5 18 8 19 12 15 14 19 ],2025-05-07_20-08-00-346
CSI_DATA,PASSIVE,5C:E9:31:E8:F4:66,-77,11,0,0,0,0,0,0,0,0,0,-96,0,11,0,2300422132,0,143,0,0,2300.63,128,[-113 -16 8 0 -22 12 -26 12 -22 13 -25 14 -25 11 -26 9 -24 6 -27 4 -27 0 -24 0 -23 -5 -26 -10 -27 -13 -21 -14 -22 -18 -22 -20 -17 -20 -16 -21 -16 -21 -14 -20 -12 -19 -11 -19 -12 -16 -11 -15 -9 -14 0 0 0 0 0 0 0 0 0 0 0 0 0 0 0 0 0 0 0 0 0 0 14 -10 12 -12 11 -11 10 -14 9 -13 6 -18 5 -19 2 -18 3 -20 -3 -25 -3 -20 -4 -20 -5 -22 -8 -20 -9 -18 -13 -17 -10 -12 -14 -9 -14 -7 -16 -6 -20 -3 -21 1 -22 4 -19 6 -21 8 -21 6 ],2025-05-07_20-08-00-352
CSI_DATA,PASSIVE,5C:E9:31:E8:F4:66,-76,11,0,0,0,0,0,0,0,0,0,-96,0,11,0,2300422365,0,130,0,0,2300.63,128,[-126 32 8 0 26 -13 26 -12 26 -10 24 -7 26 -7 27 -4 27 -2 24 -2 23 6 23 5 24 10 23 11 22 14 21 18 16 19 19 23 17 22 15 23 12 23 10 21 9 19 8 18 8 17 7 14 7 14 0 0 0 0 0 0 0 0 0 0 0 0 0 0 0 0 0 0 0 0 0 0 -17 5 -16 5 -15 8 -12 9 -12 11 -10 12 -9 13 -9 16 -6 17 -6 20 0 19 -1 20 1 20 5 19 6 17 6 16 9 13 16 12 12 10 16 9 15 6 18 3 21 1 19 -5 23 -1 21 -3 ],2025-05-07_20-08-00-356
CSI_DATA,PASSIVE,5C:E9:31:E8:F4:66,-77,11,0,0,0,0,0,0,0,0,0,-96,0,11,0,2300422582,0,130,0,0,2300.64,128,[-126 32 8 0 -22 -20 -24 -16 -19 -18 -21 -22 -18 -24 -15 -25 -13 -25 -13 -24 -11 -23 -7 -25 -7 -26 -2 -28 1 -28 2 -30 7 -28 8 -26 11 -24 10 -21 14 -24 14 -22 13 -23 11 -20 8 -16 9 -17 5 -15 0 0 0 0 0 0 0 0 0 0 0 0 0 0 0 0 0 0 0 0 0 0 11 11 11 9 13 8 15 7 16 2 14 3 18 -1 19 -2 18 -1 19 -6 20 -9 18 -11 17 -11 18 -11 14 -11 9 -15 9 -15 4 -19 3 -13 0 -21 2 -20 -5 -17 -11 -18 -11 -19 -12 -20 -15 -17 ],2025-05-07_20-08-00-363
CSI_DATA,PASSIVE,5C:E9:31:E8:E9:4E,-88,11,0,0,0,0,0,0,0,0,0,-96,0,11,0,2300510405,0,98,0,0,2300.68,128,[98 32 6 0 4 4 -1 7 12 1 8 5 15 -1 10 1 5 -3 9 -9 12 -11 14 -4 13 -14 15 -4 21 -12 21 -1 19 -6 19 -7 23 -2 15 -1 26 5 20 -5 16 2 14 7 17 10 13 4 12 12 0 0 0 0 0 0 0 0 0 0 0 0 0 0 0 0 0 0 0 0 0 0 -5 -8 -5 -14 -5 -8 -9 -5 -8 -8 -10 -9 -14 0 -12 -2 -4 -5 -17 0 -15 1 -13 -6 -24 -9 -9 -1 -7 1 -19 1 -19 2 -9 12 -12 6 -12 3 -14 10 -8 3 -2 4 -7 1 -4 2 -8 0 ],2025-05-07_20-08-00-402
CSI_DATA,PASSIVE,5C:E9:31:E8:F4:66,-77,11,0,0,0,0,0,0,0,0,0,-96,0,11,0,2300519077,0,472,0,0,2300.69,128,[-40 -127 29 0 -30 7 -29 7 -29 8 -29 4 -29 5 -27 1 -30 0 -28 0 -27 -8 -28 -9 -25 -13 -27 -12 -23 -14 -23 -17 -23 -20 -21 -20 -16 -20 -18 -23 -15 -22 -13 -20 -12 -19 -9 -18 -8 -14 -9 -11 -9 -13 0 0 0 0 0 0 0 0 0 0 0 0 0 0 0 0 0 0 0 0 0 0 16 -3 14 -4 14 -4 12 -8 16 -10 10 -11 12 -14 10 -15 6 -14 6 -19 5 -18 1 -20 0 -22 0 -18 -4 -19 -6 -18 -6 -17 -8 -16 -11 -12 -15 -11 -14 -6 -17 -5 -19 -1 -18 3 -22 0 -19 4 ],2025-05-07_20-08-00-412
CSI_DATA,PASSIVE,5C:E9:31:E8:F4:66,-76,11,0,0,0,0,0,0,0,0,0,-96,0,11,0,2300519750,0,492,0,0,2300.69,128,[-20 -63 30 0 28 -1 29 -6 29 -5 24 -6 29 -3 26 -2 27 -1 27 3 25 4 24 8 24 8 26 10 22 15 24 20 18 19 21 18 19 22 15 23 13 22 13 18 11 19 10 15 11 16 10 11 9 8 0 0 0 0 0 0 0 0 0 0 0 0 0 0 0 0 0 0 0 0 0 0 -16 -3 -16 1 -16 0 -17 2 -16 4 -13 5 -14 6 -12 11 -12 12 -11 14 -10 19 -8 18 -4 18 -2 20 -1 17 1 16 4 14 7 18 8 12 11 13 16 8 16 8 18 4 20 -1 20 2 18 2 ],2025-05-07_20-08-00-417
CSI_DATA,PASSIVE,5C:E9:31:E8:F4:66,-76,11,0,0,0,0,0,0,0,0,0,-96,0,11,0,2300520447,0,139,0,0,2300.7,128,[-117 -80 8 0 -5 25 2 23 -4 24 -5 26 -3 23 -4 25 -8 26 -6 24 -13 23 -17 20 -16 17 -20 17 -19 16 -23 13 -20 9 -24 13 -22 11 -24 5 -24 2 -20 2 -21 1 -17 3 -15 2 -12 2 -14 1 0 0 0 0 0 0 0 0 0 0 0 0 0 0 0 0 0 0 0 0 0 0 -1 -17 -3 -15 -3 -15 -7 -14 -4 -13 -11 -16 -12 -13 -14 -13 -14 -11 -14 -8 -18 -8 -18 -7 -18 -1 -19 -2 -18 -1 -17 -1 -14 4 -17 6 -13 12 -11 8 -13 12 -11 14 -5 16 -6 17 -4 19 -3 19 ],2025-05-07_20-08-00-423
CSI_DATA,PASSIVE,5C:E9:31:E8:F4:66,-76,11,0,0,0,0,0,0,0,0,0,-96,0,11,0,2300520676,0,119,0,0,2300.7,128,[119 112 7 0 -13 29 -8 24 -6 29 -10 24 -10 26 -13 27 -14 22 -19 22 -13 17 -17 19 -24 18 -22 17 -25 14 -28 12 -26 10 -30 4 -28 5 -28 1 -24 4 -23 0 -21 -1 -22 0 -18 1 -14 3 -10 0 0 0 0 0 0 0 0 0 0 0 0 0 0 0 0 0 0 0 0 0 0 0 5 -17 7 -14 4 -17 3 -18 2 -17 -3 -16 -5 -20 -7 -15 -15 -13 -14 -17 -15 -14 -14 -7 -14 -10 -24 -8 -20 -10 -18 -3 -15 -2 -19 0 -20 1 -17 7 -17 7 -17 13 -11 13 -12 17 -9 17 -5 18 ],2025-05-07_20-08-00-429
CSI_DATA,PASSIVE,5C:E9:31:E8:F4:66,-76,11,0,0,0,0,0,0,0,0,0,-96,0,11,0,2300520877,0,94,0,0,2300.71,128,[94 -32 5 0 16 22 15 25 17 22 13 23 13 26 13 26 11 24 8 23 6 25 1 29 -2 28 -5 28 -8 27 -10 28 -11 23 -14 22 -15 20 -16 21 -19 18 -16 17 -18 16 -14 15 -13 12 -11 11 -9 9 0 0 0 0 0 0 0 0 0 0 0 0 0 0 0 0 0 0 0 0 0 0 -12 -14 -15 -12 -14 -14 -15 -10 -16 -8 -16 -7 -18 -4 -19 0 -19 1 -20 3 -18 3 -21 7 -21 13 -17 12 -13 10 -13 14 -12 13 -9 13 -7 18 -3 17 0 19 3 19 4 17 8 20 9 21 11 18 ],2025-05-07_20-08-00-435
CSI_DATA,PASSIVE,5C:E9:31:E8:F4:66,-76,11,0,0,0,0,0,0,0,0,0,-96,0,11,0,2300521046,0,158,0,0,2300.71,128,[-98 -32 9 0 -13 25 -10 24 -13 27 -12 28 -15 28 -16 24 -14 23 -19 24 -22 17 -23 18 -24 15 -28 12 -26 9 -27 9 -28 5 -29 5 -30 -1 -29 -1 -25 -2 -25 -2 -23 -2 -18 1 -20 -1 -15 -1 -13 0 0 0 0 0 0 0 0 0 0 0 0 0 0 0 0 0 0 0 0 0 0 0 10 -14 7 -12 6 -15 3 -17 3 -16 -2 -18 -5 -18 -9 -16 -8 -20 -12 -17 -13 -20 -8 -16 -15 -15 -20 -16 -15 -9 -17 -8 -21 -6 -18 -5 -18 3 -14 4 -18 5 -18 9 -17 12 -12 14 -12 15 -12 13 ],2025-05-07_20-08-00-440
CSI_DATA,PASSIVE,5C:E9:31:E8:F4:66,-76,11,0,0,0,0,0,0,0,0,0,-96,0,11,0,2300521780,0,350,0,0,2300.72,128,[94 -31 21 0 18 -26 16 -22 18 -24 14 -26 18 -23 17 -23 15 -23 24 -16 19 -17 21 -16 23 -14 24 -10 29 -11 28 -4 28 -4 30 -1 28 2 25 2 25 5 23 1 23 5 19 6 19 3 17 2 11 1 0 0 0 0 0 0 0 0 0 0 0 0 0 0 0 0 0 0 0 0 0 0 -11 10 -10 11 -11 14 -11 13 -11 16 -8 19 1 18 -1 19 2 21 3 16 9 22 3 17 8 18 13 14 15 10 10 7 16 7 13 7 17 2 16 -2 18 -8 16 -7 17 -7 15 -12 15 -16 15 -15 ],2025-05-07_20-08-00-446
CSI_DATA,PASSIVE,5C:E9:31:E8:F4:66,-76,11,0,0,0,0,0,0,0,0,0,-96,0,11,0,2300522289,0,158,0,0,2300.73,128,[-98 -32 9 0 -5 -29 -6 -29 -10 -28 -2 -31 -3 -34 -5 -30 1 -28 3 -30 6 -28 6 -27 14 -25 14 -24 18 -24 21 -25 21 -15 24 -17 22 -15 26 -11 24 -8 24 -6 20 -7 18 -7 18 -6 13 -6 13 -7 0 0 0 0 0 0 0 0 0 0 0 0 0 0 0 0 0 0 0 0 0 0 6 17 6 13 5 17 10 11 10 14 14 11 17 9 15 9 18 6 14 5 23 -1 17 -5 17 0 21 0 19 -6 18 -4 16 -11 15 -8 16 -13 10 -15 7 -21 6 -21 1 -25 3 -24 -1 -21 -3 -26 ],2025-05-07_20-08-00-451
CSI_DATA,PASSIVE,5C:E9:31:E8:F4:66,-76,11,0,0,0,0,0,0,0,0,0,-96,0,11,0,2300522542,0,94,0,0,2300.73,128,[94 -32 5 0 -26 -6 -26 -1 -28 -2 -27 -3 -26 -3 -28 -8 -26 -5 -30 -4 -25 -8 -25 -14 -22 -11 -27 -17 -18 -16 -16 -18 -17 -20 -21 -20 -11 -21 -17 -21 -9 -24 -15 -20 -9 -22 -6 -22 -1 -16 -9 -13 -6 -11 0 0 0 0 0 0 0 0 0 0 0 0 0 0 0 0 0 0 0 0 0 0 17 5 17 3 20 -1 14 2 16 0 16 -4 11 -6 9 -11 14 -13 13 -8 9 -9 11 -17 9 -22 4 -20 3 -22 1 -16 1 -17 -9 -15 -4 -19 -11 -13 -15 -12 -17 -7 -18 -4 -16 -11 -17 -5 -20 -5 ],2025-05-07_20-08-00-457
CSI_DATA,PASSIVE,5C:E9:31:E8:F4:66,-76,11,0,0,0,0,0,0,0,0,0,-96,0,11,0,2300522710,0,158,0,0,2300.74,128,[-98 -32 9 0 -7 -29 -4 -27 -4 -24 -2 -24 -2 -25 -2 -28 -1 -29 3 -30 6 -24 6 -30 9 -28 18 -24 21 -25 14 -19 17 -7 19 -13 24 -14 27 -7 24 -14 20 -9 22 -6 21 -8 14 -12 14 -3 11 -8 0 0 0 0 0 0 0 0 0 0 0 0 0 0 0 0 0 0 0 0 0 0 7 12 7 14 9 12 9 8 17 10 9 9 13 12 16 11 16 3 15 4 17 7 12 0 18 0 19 -4 15 -3 14 -2 18 -9 17 -7 11 -15 8 -13 9 -17 8 -20 0 -19 -2 -20 -5 -22 -2 -18 ],2025-05-07_20-08-00-462
CSI_DATA,PASSIVE,5C:E9:31:E8:E9:4E,-88,11,0,0,0,0,0,0,0,0,0,-96,0,11,0,2300607234,0,238,0,0,2300.77,128,[-18 -32 14 0 2 -11 -10 -5 -15 -6 2 2 -8 -2 -20 -3 -13 2 -14 3 -12 7 -8 4 -14 13 -17 8 -18 13 -21 7 -24 12 -19 13 -16 7 -25 -1 -24 7 -27 1 -28 -1 -12 -4 -11 -2 -11 -10 -11 -13 0 0 0 0 0 0 0 0 0 0 0 0 0 0 0 0 0 0 0 0 0 0 9 14 3 12 3 2 5 5 3 2 3 7 5 8 10 9 15 6 17 0 24 7 18 8 15 3 20 6 22 -1 18 1 15 2 7 2 10 -2 14 2 8 -7 15 -5 14 3 3 -10 0 -4 12 -7 ],2025-05-07_20-08-00-500
CSI_DATA,PASSIVE,5C:E9:31:E8:E9:4E,-88,11,0,0,0,0,0,0,0,0,0,-96,0,11,0,2300614151,0,206,0,0,2300.78,128,[-50 -32 12 0 -2 -6 1 -1 -1 -7 3 -7 2 -3 10 -4 9 -6 11 -14 1 -11 4 -11 7 -14 10 -25 3 -17 9 -24 8 -27 13 -23 2 -25 19 -15 22 -12 2 -9 12 -11 17 -7 18 -6 13 -4 19 2 0 0 0 0 0 0 0 0 0 0 0 0 0 0 0 0 0 0 0 0 0 0 -8 -8 -8 -9 -9 -5 -5 -7 -8 -3 -6 0 -16 -3 -8 0 -24 0 -17 4 -12 1 -15 1 -14 4 -14 5 -8 5 -12 6 -13 3 -12 2 -14 7 -11 11 -6 3 -4 17 -5 5 -1 4 -9 5 3 9 ],2025-05-07_20-08-00-506
CSI_DATA,PASSIVE,5C:E9:31:E8:E9:4E,-87,11,0,0,0,0,0,0,0,0,0,-96,0,11,0,2300614468,0,226,0,0,2300.79,128,[-30 32 14 0 6 0 9 1 13 -2 17 -4 6 -5 9 -4 7 -6 10 -13 14 -13 11 -11 10 -13 12 -16 8 -11 20 -18 8 -19 12 -22 17 -18 16 -17 13 -21 17 -7 18 -8 18 -6 16 -7 16 1 11 3 0 0 0 0 0 0 0 0 0 0 0 0 0 0 0 0 0 0 0 0 0 0 6 -13 -6 -9 -4 -14 -7 -5 -10 -10 -9 -5 -6 -9 -7 -7 -14 -5 -18 -8 -14 -11 -24 -12 -13 -4 -13 -4 -12 -7 -24 9 -11 1 -23 -1 -15 -7 -11 -7 -8 -3 -2 9 -14 8 -11 4 -6 6 6 1 ],2025-05-07_20-08-00-512
CSI_DATA,PASSIVE,5C:E9:31:E8:F4:66,-77,11,0,0,0,0,0,0,0,0,0,-96,0,11,0,2300621509,0,164,0,0,2300.79,128,[-92 64 10 0 20 23 21 18 18 20 17 20 13 23 15 25 9 26 10 24 5 20 3 23 -1 27 2 28 -4 27 -8 25 -11 25 -9 24 -15 22 -17 19 -14 18 -16 15 -15 12 -11 12 -10 14 -10 13 -8 11 0 0 0 0 0 0 0 0 0 0 0 0 0 0 0 0 0 0 0 0 0 0 -13 -11 -16 -7 -14 -10 -16 -6 -17 -4 -18 -3 -21 -1 -17 2 -18 3 -20 6 -18 9 -19 7 -19 10 -20 9 -17 12 -12 12 -7 10 -7 14 -3 14 1 14 0 11 6 15 8 16 14 16 14 18 16 16 ],2025-05-07_20-08-00-517
CSI_DATA,PASSIVE,5C:E9:31:E8:F4:66,-77,11,0,0,0,0,0,0,0,0,0,-96,0,11,0,2300622058,0,119,0,0,2300.8,128,[119 112 7 0 -13 -26 -15 -28 -12 -31 -8 -28 -8 -28 -10 -27 -8 -23 -6 -28 -2 -27 5 -28 2 -23 9 -23 9 -25 11 -24 14 -21 19 -22 18 -19 18 -17 20 -15 17 -13 14 -14 12 -12 14 -9 9 -10 10 -12 0 0 0 0 0 0 0 0 0 0 0 0 0 0 0 0 0 0 0 0 0 0 6 15 4 12 8 13 9 11 11 9 10 6 14 7 16 6 15 7 18 2 21 1 19 0 21 0 18 -3 17 -3 18 -6 15 -10 9 -11 8 -13 5 -13 6 -14 1 -19 0 -23 0 -20 -7 -21 -12 -26 ],2025-05-07_20-08-00-523
CSI_DATA,PASSIVE,5C:E9:31:E8:F4:66,-77,11,0,0,0,0,0,0,0,0,0,-96,0,11,0,2300622259,0,139,0,0,2300.8,128,[-117 -80 8 0 -68 -16 -67 -19 -60 -3 -58 -25 -64 -20 -58 -35 -56 -33 -47 -36 -56 -33 -50 -46 -43 -38 -30 -49 -44 -57 -19 -51 -20 -70 0 -60 -12 -58 -9 -62 6 -52 0 -45 3 -45 5 -36 -4 -36 8 -28 -2 -23 0 0 0 0 0 0 0 0 0 0 0 0 0 0 0 0 0 0 0 0 0 0 33 -5 32 -8 33 -13 36 -16 40 -21 33 -26 26 -28 29 -38 26 -33 20 -32 20 -44 20 -38 22 -43 21 -39 7 -34 16 -30 2 -46 -17 -25 -17 -29 -11 -25 -27 -22 -38 -18 -28 -13 -37 -26 -51 -21 -60 -10 ],2025-05-07_20-08-00-529
CSI_DATA,PASSIVE,5C:E9:31:E8:F4:66,-76,11,0,0,0,0,0,0,0,0,0,-96,0,11,0,2300622488,0,119,0,0,2300.81,128,[119 112 7 0 -22 -16 -25 -19 -26 -16 -18 -18 -19 -16 -20 -18 -20 -23 -20 -18 -14 -21 -10 -24 -9 -25 -9 -25 -9 -32 -4 -24 -6 -27 -1 -26 0 -29 6 -22 7 -26 5 -18 3 -19 4 -19 0 -18 2 -13 2 -12 0 0 0 0 0 0 0 0 0 0 0 0 0 0 0 0 0 0 0 0 0 0 8 10 8 10 9 9 11 7 14 5 14 3 15 4 17 2 18 0 17 -6 18 -4 17 -7 22 -9 16 -11 15 -13 10 -13 12 -15 5 -18 1 -20 3 -14 0 -10 -11 -18 -11 -12 -14 -17 -16 -17 -17 -21 ],2025-05-07_20-08-00-535
CSI_DATA,PASSIVE,5C:E9:31:E8:F4:66,-78,11,0,0,0,0,0,0,0,0,0,-96,0,11,0,2300622689,0,139,0,0,2300.81,128,[-117 -80 8 0 -58 25 -69 13 -55 26 -63 33 -63 21 -78 16 -62 9 -74 14 -73 -5 -71 -6 -65 -8 -63 -20 -60 -13 -64 -22 -52 -18 -67 -27 -48 -29 -47 -43 -39 -39 -48 -32 -29 -27 -24 -19 -27 -12 -18 -10 -12 -20 0 0 0 0 0 0 0 0 0 0 0 0 0 0 0 0 0 0 0 0 0 0 30 -11 18 -5 33 -5 31 -20 30 -10 25 -21 24 -31 30 -29 27 -32 12 -49 16 -50 7 -50 10 -44 15 -40 4 -45 -6 -38 -20 -26 -12 -40 -18 -18 -31 -16 -30 -10 -40 -4 -39 7 -50 -13 -53 6 -60 -2 ],2025-05-07_20-08-00-540
CSI_DATA,PASSIVE,5C:E9:31:E8:F4:66,-77,11,0,0,0,0,0,0,0,0,0,-96,0,11,0,2300622918,0,119,0,0,2300.82,128,[119 112 7 0 -26 10 -30 12 -30 8 -26 8 -26 10 -26 6 -29 5 -31 0 -22 1 -26 1 -22 -3 -32 -3 -23 -13 -20 -11 -17 -11 -26 -18 -12 -18 -28 -18 -11 -13 -19 -14 -13 -15 -10 -9 -18 -8 -16 -10 -13 -9 0 0 0 0 0 0 0 0 0 0 0 0 0 0 0 0 0 0 0 0 0 0 10 -5 16 -5 12 -5 13 -8 12 -6 9 -13 8 -14 11 -18 5 -20 2 -19 10 -21 7 -23 6 -12 -2 -18 -8 -19 -7 -19 -3 -16 -12 -19 -17 -8 -8 -8 -18 -9 -21 -2 -18 -1 -20 1 -20 3 -26 3 ],2025-05-07_20-08-00-547
CSI_DATA,PASSIVE,5C:E9:31:E8:F4:66,-77,11,0,0,0,0,0,0,0,0,0,-96,0,11,0,2300625542,0,128,0,0,2300.83,128,[-128 0 8 0 14 -33 9 -29 15 -31 15 -25 20 -31 18 -31 24 -20 18 -21 24 -15 28 -19 26 -14 26 -10 30 -9 29 0 26 -1 32 1 34 4 29 4 27 2 23 3 23 5 16 3 17 0 18 2 12 4 0 0 0 0 0 0 0 0 0 0 0 0 0 0 0 0 0 0 0 0 0 0 -8 10 -9 14 -7 11 -4 17 -10 17 -3 16 -1 20 3 18 4 18 7 22 12 22 9 20 10 20 13 18 16 16 15 7 15 4 13 2 14 1 15 0 20 -13 16 -7 16 -14 22 -14 13 -17 19 -22 ],2025-05-07_20-08-00-552
CSI_DATA,PASSIVE,5C:E9:31:E8:F4:66,-76,11,0,0,0,0,0,0,0,0,0,-96,0,11,0,2300625755,0,94,0,0,2300.83,128,[94 -32 5 0 27 13 24 13 26 13 26 15 25 16 21 18 18 20 19 18 19 18 13 20 10 24 11 25 10 28 8 27 2 27 5 28 4 27 -2 22 -6 18 -4 21 -5 21 -1 17 -1 16 1 15 2 11 0 0 0 0 0 0 0 0 0 0 0 0 0 0 0 0 0 0 0 0 0 0 -11 -9 -11 -8 -13 -5 -14 -7 -19 -3 -18 2 -18 2 -19 3 -17 6 -17 5 -16 7 -19 8 -18 11 -15 11 -18 12 -11 12 -10 11 -10 18 0 17 3 17 7 12 8 16 12 13 15 10 18 19 15 19 ],2025-05-07_20-08-00-557
CSI_DATA,PASSIVE,5C:E9:31:E8:F4:66,-77,11,0,0,0,0,0,0,0,0,0,-96,0,11,0,2300625924,0,158,0,0,2300.84,128,[-98 -32 9 0 -5 28 -2 27 -4 31 -5 24 -3 30 -11 26 -12 26 -11 26 -15 22 -16 24 -18 18 -19 15 -19 17 -23 14 -24 12 -23 12 -29 7 -23 9 -22 6 -23 3 -23 4 -18 5 -20 3 -15 4 -11 3 0 0 0 0 0 0 0 0 0 0 0 0 0 0 0 0 0 0 0 0 0 0 3 -15 2 -15 1 -16 -5 -17 -1 -13 -7 -14 -9 -16 -9 -14 -16 -18 -15 -16 -17 -17 -17 -15 -17 -10 -17 -10 -19 -8 -20 -2 -17 0 -16 0 -13 7 -14 9 -14 13 -12 15 -11 18 -11 18 -7 19 -8 22 ],2025-05-07_20-08-00-563
CSI_DATA,PASSIVE,5C:E9:31:E8:F4:66,-77,11,0,0,0,0,0,0,0,0,0,-96,0,11,0,2300626177,0,734,0,0,2300.84,128,[-34 -30 45 0 24 13 21 16 23 14 21 16 26 14 24 15 20 16 18 18 14 19 13 21 12 25 13 23 9 21 7 27 3 25 2 25 0 22 -2 25 -2 24 -2 21 -5 21 -5 14 -3 17 -2 16 -1 14 0 0 0 0 0 0 0 0 0 0 0 0 0 0 0 0 0 0 0 0 0 0 -15 -9 -9 -6 -15 -10 -12 -3 -14 -4 -17 1 -15 0 -15 3 -18 8 -18 9 -15 9 -19 8 -17 11 -13 14 -11 15 -12 12 -3 12 -4 18 2 19 0 14 10 14 8 15 7 14 12 11 13 16 17 11 ],2025-05-07_20-08-00-568
CSI_DATA,PASSIVE,5C:E9:31:E8:F4:66,-77,11,0,0,0,0,0,0,0,0,0,-96,0,11,0,2300631171,0,188,0,0,2300.85,128,[-68 -64 11 0 29 9 28 6 27 9 24 9 28 12 25 14 25 14 23 18 25 18 20 21 17 23 16 27 12 27 8 27 5 27 4 28 4 24 2 27 -3 24 -1 21 -1 21 0 18 0 18 1 16 4 11 0 0 0 0 0 0 0 0 0 0 0 0 0 0 0 0 0 0 0 0 0 0 -16 -6 -16 -3 -18 -3 -17 3 -16 6 -15 8 -18 8 -15 10 -15 12 -15 14 -13 18 -13 19 -15 21 -11 19 -7 19 -6 21 -2 17 1 19 5 15 6 15 10 11 13 13 18 12 22 7 24 7 23 10 ],2025-05-07_20-08-00-574
CSI_DATA,PASSIVE,5C:E9:31:E8:E9:4E,-88,11,0,0,0,0,0,0,0,0,0,-96,0,11,0,2300675204,0,98,0,0,2300.85,128,[98 32 6 0 -2 -3 1 -3 -1 -22 -4 8 -17 -3 -7 0 5 -15 -13 -3 -15 -3 -14 2 -19 1 -18 -3 -13 -3 -30 -5 -25 2 -27 -12 -25 -13 -16 -22 -15 -18 -4 -9 -10 -17 -14 -18 -11 -15 -7 -23 5 -20 0 0 0 0 0 0 0 0 0 0 0 0 0 0 0 0 0 0 0 0 0 0 -10 8 -2 6 -10 13 -5 7 -1 9 -4 9 -1 19 6 7 -2 8 14 20 2 21 7 19 6 7 6 15 10 8 2 11 8 13 10 13 15 18 23 3 6 -2 14 -2 16 -9 15 -11 6 -1 9 -5 ],2025-05-07_20-08-00-579
CSI_DATA,PASSIVE,5C:E9:31:E8:E9:4E,-88,11,0,0,0,0,0,0,0,0,0,-96,0,11,0,2300678717,0,127,0,0,2300.86,128,[127 -16 7 0 0 12 -6 2 2 0 12 -2 13 6 9 6 5 6 13 10 17 7 24 -1 21 6 15 11 15 8 19 12 28 11 28 9 8 20 22 21 15 16 8 17 8 20 9 11 -7 20 -3 19 1 15 0 0 0 0 0 0 0 0 0 0 0 0 0 0 0 0 0 0 0 0 0 0 8 -15 3 -7 12 -7 1 -12 5 -6 -2 -12 1 -11 -9 -19 -4 -12 4 -21 -10 -17 -6 -19 -5 -15 -5 -25 -1 -15 -9 -13 -8 -16 -9 -7 -3 -14 -8 -19 -17 -4 -11 -14 0 -4 -6 -14 -4 -7 -7 -4 ],2025-05-07_20-08-00-584
CSI_DATA,PASSIVE,5C:E9:31:E8:E9:4E,-89,11,0,0,0,0,0,0,0,0,0,-96,0,11,0,2300699025,0,128,0,0,2300.87,128,[-128 0 8 0 6 1 -1 -6 -4 -8 0 -1 1 -6 -10 -2 -6 -12 -10 -13 -13 -10 -9 -13 -18 -19 -10 -15 -19 -10 -17 -28 -16 -6 -22 -17 -19 -19 -8 -21 -4 -19 -7 -23 -10 -23 1 -23 0 -11 -1 -18 -3 -15 0 0 0 0 0 0 0 0 0 0 0 0 0 0 0 0 0 0 0 0 0 0 -9 8 -10 1 -5 7 1 7 -3 5 1 12 8 14 5 9 0 11 -4 16 -1 10 -2 13 14 13 1 14 5 18 11 14 7 7 8 15 15 10 9 8 5 8 11 1 6 16 12 5 5 0 8 1 ],2025-05-07_20-08-00-591
CSI_DATA,PASSIVE,5C:E9:31:E8:F4:66,-76,11,0,0,0,0,0,0,0,0,0,-96,0,11,0,2300723927,0,158,0,0,2300.89,128,[-98 -32 9 0 2 -29 2 -27 3 -22 -3 -30 2 -28 1 -31 3 -26 10 -25 10 -21 11 -20 13 -21 17 -19 21 -15 18 -17 23 -13 27 -12 25 -9 23 -7 24 -5 21 -5 21 -3 18 -3 17 -6 11 -4 11 -3 0 0 0 0 0 0 0 0 0 0 0 0 0 0 0 0 0 0 0 0 0 0 -4 17 -3 17 1 16 4 14 1 14 7 14 10 14 12 13 12 13 14 13 16 11 17 9 20 4 16 7 11 3 15 0 12 -1 10 -3 15 -13 12 -11 9 -18 9 -18 10 -16 3 -21 0 -23 1 -22 ],2025-05-07_20-08-00-616
CSI_DATA,PASSIVE,5C:E9:31:E8:F4:66,-77,11,0,0,0,0,0,0,0,0,0,-96,0,11,0,2300724180,0,128,0,0,2300.9,128,[-128 0 8 0 -32 -3 -27 0 -27 -5 -31 -4 -25 -4 -25 -6 -26 -10 -24 -9 -23 -11 -21 -14 -22 -16 -19 -20 -18 -23 -14 -24 -10 -23 -9 -23 -8 -24 -10 -25 -6 -23 -7 -20 -2 -20 -7 -19 -3 -16 -3 -16 -5 -13 0 0 0 0 0 0 0 0 0 0 0 0 0 0 0 0 0 0 0 0 0 0 15 3 16 2 17 1 16 0 16 -4 14 -3 16 -5 12 -5 12 -11 14 -12 8 -14 14 -12 9 -17 5 -17 3 -14 1 -18 -1 -17 -9 -16 -12 -10 -11 -15 -16 -13 -17 -10 -20 -11 -19 -7 -26 -7 -21 -9 ],2025-05-07_20-08-00-622
CSI_DATA,PASSIVE,5C:E9:31:E8:F4:66,-77,11,0,0,0,0,0,0,0,0,0,-96,0,11,0,2300724393,0,128,0,0,2300.9,128,[-128 0 8 0 -5 -61 -9 -73 -1 -85 -1 -76 12 -62 13 -51 15 -67 25 -47 25 -54 23 -60 29 -63 42 -46 36 -45 42 -46 43 -46 47 -37 50 -19 52 -32 58 -29 52 -24 46 -21 27 -14 31 -14 25 -16 19 -1 0 0 0 0 0 0 0 0 0 0 0 0 0 0 0 0 0 0 0 0 0 0 -3 35 -3 31 -7 36 -1 36 10 40 14 35 15 34 10 28 26 32 31 18 35 28 39 19 34 8 30 14 15 17 34 -1 21 -13 21 -10 30 -22 17 -36 20 -44 10 -43 20 -49 20 -56 3 -65 13 -56 ],2025-05-07_20-08-00-628
CSI_DATA,PASSIVE,5C:E9:31:E8:F4:66,-76,11,0,0,0,0,0,0,0,0,0,-96,0,11,0,2300724606,0,126,0,0,2300.91,128,[126 -32 7 0 28 -5 25 -4 31 -3 30 -6 27 0 29 1 31 -1 31 6 25 13 27 11 22 11 24 19 24 20 20 21 19 19 18 22 13 24 10 23 7 21 9 21 8 20 7 19 6 18 8 13 8 16 0 0 0 0 0 0 0 0 0 0 0 0 0 0 0 0 0 0 0 0 0 0 -18 -4 -20 -1 -20 1 -19 1 -18 2 -17 7 -16 8 -15 9 -12 11 -12 14 -10 17 -11 16 -8 16 -4 16 3 19 -1 16 3 18 10 16 12 12 12 6 13 3 17 3 16 3 23 5 25 6 25 0 ],2025-05-07_20-08-00-632
CSI_DATA,PASSIVE,5C:E9:31:E8:F4:66,-77,11,0,0,0,0,0,0,0,0,0,-96,0,11,0,2300724815,0,126,0,0,2300.91,128,[126 -32 7 0 -14 -30 -6 -29 -6 -29 -10 -34 -7 -31 -4 -34 0 -33 3 -29 7 -25 6 -25 6 -31 13 -27 9 -23 20 -24 13 -22 18 -22 24 -19 22 -21 20 -16 19 -14 15 -13 17 -14 14 -11 14 -11 12 -9 0 0 0 0 0 0 0 0 0 0 0 0 0 0 0 0 0 0 0 0 0 0 0 22 0 18 2 19 2 15 5 15 8 15 11 17 14 12 15 14 19 11 21 10 18 8 17 2 17 1 17 0 16 -4 12 -11 12 -10 13 -11 9 -16 5 -26 6 -16 0 -20 -4 -25 -6 -25 -8 -29 ],2025-05-07_20-08-00-639
CSI_DATA,PASSIVE,5C:E9:31:E8:F4:66,-77,11,0,0,0,0,0,0,0,0,0,-96,0,11,0,2300725024,0,217,0,0,2300.92,128,[-39 -112 13 0 -68 -18 -49 -18 -77 -17 -65 -7 -58 -23 -62 -17 -66 -17 -59 -49 -43 -38 -45 -40 -42 -50 -27 -63 -32 -47 -25 -66 -33 -58 -20 -58 -7 -59 -16 -58 0 -59 0 -56 -4 -46 -5 -43 0 -39 1 -21 1 -28 0 0 0 0 0 0 0 0 0 0 0 0 0 0 0 0 0 0 0 0 0 0 41 4 30 1 35 -1 30 6 33 -15 30 -19 36 -17 34 -23 23 -31 23 -23 20 -26 21 -36 25 -33 24 -42 3 -33 1 -45 -7 -40 -20 -34 -18 -21 -30 -20 -28 -15 -49 -17 -38 -21 -39 -33 -55 -25 -64 -12 ],2025-05-07_20-08-00-644
CSI_DATA,PASSIVE,5C:E9:31:E8:F4:66,-77,11,0,0,0,0,0,0,0,0,0,-96,0,11,0,2300725357,0,94,0,0,2300.92,128,[94 -32 5 0 -31 19 -23 15 -23 16 -27 12 -23 14 -25 13 -23 11 -25 7 -25 5 -27 0 -24 -2 -25 -4 -25 -8 -24 -9 -23 -13 -24 -14 -23 -15 -20 -17 -17 -16 -17 -19 -16 -14 -12 -17 -12 -14 -10 -10 -11 -9 0 0 0 0 0 0 0 0 0 0 0 0 0 0 0 0 0 0 0 0 0 0 12 -11 11 -9 9 -14 9 -13 6 -17 2 -17 1 -16 0 -17 -3 -18 -1 -19 -6 -20 -7 -17 -6 -13 -9 -14 -10 -12 -11 -10 -14 -8 -13 -9 -18 -4 -15 0 -19 5 -14 7 -18 9 -20 11 -21 14 -19 9 ],2025-05-07_20-08-00-651
CSI_DATA,PASSIVE,5C:E9:31:E8:F4:66,-78,11,0,0,0,0,0,0,0,0,0,-96,0,11,0,2300725526,0,217,0,0,2300.93,128,[-39 -112 13 0 -69 -23 -67 -36 -48 -42 -50 -42 -56 -49 -40 -37 -30 -54 -28 -63 -40 -38 -33 -54 -24 -46 -6 -66 -18 -64 3 -68 -5 -70 7 -61 10 -57 16 -55 21 -49 16 -50 14 -37 15 -34 12 -36 7 -38 11 -14 0 0 0 0 0 0 0 0 0 0 0 0 0 0 0 0 0 0 0 0 0 0 39 17 31 8 27 19 28 17 33 0 39 1 36 -2 41 -10 45 -8 33 -18 39 -16 36 -20 35 -27 33 -29 18 -22 20 -30 6 -41 2 -31 -3 -36 -15 -26 -11 -30 -23 -35 -34 -39 -34 -35 -38 -46 -50 -44 ],2025-05-07_20-08-00-657
CSI_DATA,PASSIVE,5C:E9:31:E8:F4:66,-77,11,0,0,0,0,0,0,0,0,0,-96,0,11,0,2300725859,0,130,0,0,2300.94,128,[-126 32 8 0 -71 8 -51 15 -72 5 -58 8 -57 -8 -63 -1 -65 -4 -58 -13 -54 -13 -54 -17 -51 -26 -47 -33 -50 -35 -49 -35 -57 -47 -40 -44 -38 -60 -27 -51 -20 -52 -27 -43 -20 -47 -22 -35 -16 -37 -18 -30 -10 -20 0 0 0 0 0 0 0 0 0 0 0 0 0 0 0 0 0 0 0 0 0 0 33 -8 31 -6 29 -12 35 -19 35 -16 29 -21 29 -25 25 -32 27 -25 6 -31 16 -46 2 -36 16 -43 10 -42 6 -44 -11 -31 -4 -31 -18 -33 -19 -21 -32 -14 -35 -22 -47 -10 -56 -1 -64 7 -50 -5 -56 -4 ],2025-05-07_20-08-00-663
CSI_DATA,PASSIVE,5C:E9:31:E8:F4:66,-77,11,0,0,0,0,0,0,0,0,0,-96,0,11,0,2300726076,0,734,0,0,2300.94,128,[-34 -30 45 0 55 54 35 46 38 54 41 53 30 52 27 52 25 59 16 64 7 39 12 54 10 63 -9 70 -11 64 -16 54 -16 60 -23 54 -29 54 -27 55 -29 57 -32 47 -25 37 -24 33 -23 30 -13 28 -16 18 0 0 0 0 0 0 0 0 0 0 0 0 0 0 0 0 0 0 0 0 0 0 -22 -25 -21 -28 -27 -28 -26 -15 -27 -22 -24 -12 -29 -11 -42 -10 -40 -6 -46 4 -56 8 -39 8 -47 15 -47 16 -33 5 -27 14 -18 22 -15 23 -4 27 8 33 2 45 20 40 17 31 13 48 28 47 30 57 ],2025-05-07_20-08-00-669
CSI_DATA,PASSIVE,5C:E9:31:E8:F4:66,-77,11,0,0,0,0,0,0,0,0,0,-96,0,11,0,2300730217,0,141,0,0,2300.95,128,[-115 -48 8 0 28 -1 35 5 28 7 20 6 27 8 28 10 22 17 22 17 20 10 20 20 16 20 12 25 17 20 11 26 6 32 9 24 3 28 5 25 2 26 -1 23 1 24 0 18 0 15 2 14 6 13 0 0 0 0 0 0 0 0 0 0 0 0 0 0 0 0 0 0 0 0 0 0 -21 -1 -19 1 -15 0 -17 4 -16 6 -17 7 -16 9 -15 11 -15 13 -13 14 -13 18 -13 18 -12 20 -6 21 0 19 -6 13 3 17 8 19 9 16 10 14 13 11 17 7 17 5 19 9 23 9 25 9 ],2025-05-07_20-08-00-673
CSI_DATA,PASSIVE,5C:E9:31:E8:E9:4E,-88,11,0,0,0,0,0,0,0,0,0,-96,0,11,0,2300804452,0,253,0,0,2300.97,128,[-3 -48 15 0 -15 -5 -1 1 -10 -9 3 -12 -1 -6 -12 -10 -9 2 -8 -6 -9 -15 -28 -9 -20 -9 -26 -15 -21 -19 -24 -15 -18 -10 -11 -17 -13 -23 -15 -21 -16 -27 -5 -22 3 -21 -2 -17 1 -17 6 -16 6 -11 0 0 0 0 0 0 0 0 0 0 0 0 0 0 0 0 0 0 0 0 0 0 -9 5 -5 6 -4 7 -10 9 -2 9 1 6 0 8 -1 8 -2 10 8 17 2 17 3 15 13 16 8 16 10 13 15 11 13 11 7 11 15 1 13 7 15 -2 13 13 14 5 10 -4 -5 7 6 -5 ],2025-05-07_20-08-00-696
CSI_DATA,PASSIVE,5C:E9:31:E8:F4:66,-76,11,0,0,0,0,0,0,0,0,0,-96,0,11,0,2300826333,0,734,0,0,2300.99,128,[-34 -30 45 0 -22 16 -18 16 -25 18 -24 12 -24 14 -22 11 -20 7 -23 4 -21 5 -26 2 -28 -1 -26 -5 -27 -9 -21 -10 -23 -14 -25 -15 -20 -17 -19 -19 -17 -19 -14 -19 -13 -17 -11 -14 -13 -13 -11 -10 -11 -9 0 0 0 0 0 0 0 0 0 0 0 0 0 0 0 0 0 0 0 0 0 0 8 -15 5 -16 4 -16 2 -17 1 -18 0 -20 -2 -21 -2 -19 -7 -19 -6 -18 -11 -23 -9 -16 -12 -19 -13 -15 -13 -16 -13 -11 -16 -10 -18 -8 -21 -4 -19 0 -19 1 -19 3 -19 8 -19 10 -17 11 -20 9 ],2025-05-07_20-08-00-720
CSI_DATA,PASSIVE,5C:E9:31:E8:F4:66,-76,11,0,0,0,0,0,0,0,0,0,-96,0,11,0,2300827354,0,158,0,0,2301,128,[-98 -32 9 0 -25 9 -25 12 -26 11 -23 8 -24 11 -25 8 -28 4 -25 0 -25 -1 -24 -3 -27 -6 -25 -8 -25 -9 -21 -13 -20 -19 -23 -19 -16 -20 -18 -22 -14 -18 -13 -20 -11 -16 -9 -18 -8 -14 -9 -14 -9 -13 0 0 0 0 0 0 0 0 0 0 0 0 0 0 0 0 0 0 0 0 0 0 10 -14 9 -15 8 -15 6 -17 2 -19 1 -19 -1 -18 -2 -20 -4 -20 -5 -21 -8 -21 -8 -21 -9 -20 -11 -17 -12 -16 -14 -13 -16 -12 -16 -8 -17 -6 -19 -4 -18 2 -19 3 -21 3 -22 10 -23 7 -22 9 ],2025-05-07_20-08-00-725
CSI_DATA,PASSIVE,5C:E9:31:E8:F4:66,-76,11,0,0,0,0,0,0,0,0,0,-96,0,11,0,2300827607,0,94,0,0,2301.01,128,[94 -32 5 0 2 29 4 32 -1 27 1 31 -4 28 -2 25 -4 28 -7 24 -7 20 -13 25 -13 25 -14 20 -17 18 -21 19 -20 18 -26 13 -25 10 -25 8 -21 6 -24 6 -22 6 -21 6 -19 4 -12 4 -10 2 0 0 0 0 0 0 0 0 0 0 0 0 0 0 0 0 0 0 0 0 0 0 -4 -20 -8 -17 -9 -15 -11 -15 -13 -13 -14 -14 -16 -13 -17 -10 -18 -8 -19 -5 -20 -7 -25 -2 -23 -1 -21 2 -16 3 -18 5 -15 11 -16 11 -16 13 -10 14 -7 22 -9 22 -6 19 -4 19 -3 23 1 22 ],2025-05-07_20-08-00-732
CSI_DATA,PASSIVE,5C:E9:31:E8:F4:66,-76,11,0,0,0,0,0,0,0,0,0,-96,0,11,0,2300827776,0,217,0,0,2301.01,128,[-39 -112 13 0 -27 11 -25 10 -27 9 -27 3 -27 0 -27 -3 -22 -3 -24 -7 -26 -8 -24 -8 -20 -14 -18 -19 -20 -20 -19 -19 -13 -10 -13 -22 -10 -25 -8 -23 -6 -25 -5 -23 -3 -23 -3 -21 -7 -21 -5 -15 -3 -10 0 0 0 0 0 0 0 0 0 0 0 0 0 0 0 0 0 0 0 0 0 0 12 -13 10 -13 10 -17 6 -14 7 -15 3 -17 0 -22 1 -17 2 -19 3 -26 -3 -22 -5 -19 -7 -19 -6 -18 -11 -15 -14 -16 -8 -14 -15 -14 -15 -7 -20 -6 -15 -5 -21 -3 -26 1 -23 2 -22 6 -25 6 ],2025-05-07_20-08-00-738
CSI_DATA,PASSIVE,5C:E9:31:E8:F4:66,-76,11,0,0,0,0,0,0,0,0,0,-96,0,11,0,2300828109,0,127,0,0,2301.02,128,[127 -16 7 0 -3 26 -7 25 -4 29 -2 27 -5 26 -9 24 -10 22 -15 24 -19 19 -17 23 -25 20 -20 15 -26 11 -28 13 -24 11 -26 8 -31 6 -29 6 -23 3 -23 3 -21 2 -22 1 -16 3 -16 1 -14 1 0 0 0 0 0 0 0 0 0 0 0 0 0 0 0 0 0 0 0 0 0 0 -1 -18 -3 -16 -8 -18 -5 -19 -5 -19 -12 -16 -16 -17 -16 -15 -18 -12 -19 -12 -17 -11 -21 -5 -23 -5 -19 -6 -17 -4 -18 0 -14 0 -18 6 -15 10 -15 12 -12 13 -9 20 -7 21 -8 22 -9 25 -7 23 ],2025-05-07_20-08-00-743
CSI_DATA,PASSIVE,5C:E9:31:E8:F4:66,-76,11,0,0,0,0,0,0,0,0,0,-96,0,11,0,2300828703,0,273,0,0,2301.02,128,[17 17 17 0 22 -22 18 -20 18 -21 18 -18 19 -18 21 -14 23 -10 22 -13 26 -10 27 -8 23 -7 27 -2 25 0 26 5 23 5 27 6 24 11 20 10 21 12 19 14 18 11 15 8 12 6 13 8 11 7 0 0 0 0 0 0 0 0 0 0 0 0 0 0 0 0 0 0 0 0 0 0 -8 14 -7 12 -7 18 -4 15 -5 17 -4 17 3 14 2 19 8 14 11 21 15 19 10 15 10 19 14 18 12 10 13 10 15 6 15 5 19 0 13 -5 21 -7 20 -8 18 -11 17 -13 16 -13 18 -18 ],2025-05-07_20-08-00-748
CSI_DATA,PASSIVE,5C:E9:31:E8:F4:66,-77,11,0,0,0,0,0,0,0,0,0,-96,0,11,0,2300829108,0,164,0,0,2301.03,128,[-92 64 10 0 25 -13 23 -11 25 -9 24 -12 23 -9 24 -6 20 -3 22 -3 26 0 25 -2 22 7 23 11 23 10 22 15 21 14 23 19 17 19 18 20 15 20 12 19 12 17 11 17 9 13 9 12 10 12 0 0 0 0 0 0 0 0 0 0 0 0 0 0 0 0 0 0 0 0 0 0 -14 12 -11 11 -9 12 -7 12 -9 13 -4 17 -3 19 1 21 3 22 5 20 0 22 1 18 3 25 10 17 12 14 9 13 11 10 14 11 19 4 20 3 18 4 19 -3 23 -7 18 -1 21 -6 23 -4 ],2025-05-07_20-08-00-754
CSI_DATA,PASSIVE,5C:E9:31:E8:F4:66,-77,11,0,0,0,0,0,0,0,0,0,-96,0,11,0,2300829369,0,184,0,0,2301.03,128,[-72 -128 11 0 -15 -20 -17 -21 -14 -23 -17 -23 -13 -20 -10 -23 -11 -26 -10 -27 -4 -22 -2 -26 3 -26 3 -27 5 -24 8 -26 9 -26 12 -23 14 -22 15 -21 16 -19 14 -16 15 -18 13 -16 11 -13 10 -11 8 -12 0 0 0 0 0 0 0 0 0 0 0 0 0 0 0 0 0 0 0 0 0 0 15 10 15 8 16 5 15 5 14 6 17 3 20 -2 17 0 17 -3 20 -5 15 -5 15 -12 17 -12 19 -12 17 -12 13 -18 9 -15 7 -17 4 -14 1 -16 -3 -17 -6 -22 -10 -19 -11 -18 -12 -21 -12 -20 ],2025-05-07_20-08-00-760
CSI_DATA,PASSIVE,5C:E9:31:E8:E9:4E,-87,11,0,0,0,0,0,0,0,0,0,-96,0,11,0,2300909272,0,360,0,0,2301.08,128,[104 -127 22 0 -1 -7 4 -7 7 -4 7 -1 -6 -9 -8 -2 -2 -14 -4 -8 -6 -13 -10 -11 -21 -14 -12 -23 -16 -15 -17 -17 -13 -22 -13 -25 -17 -20 -17 -16 -14 -16 -8 -24 -13 -28 -4 -21 -5 -20 -3 -10 -5 -9 0 0 0 0 0 0 0 0 0 0 0 0 0 0 0 0 0 0 0 0 0 0 -3 -8 -7 -11 -11 -12 -6 -14 -3 -6 -5 -3 -18 -2 -20 -4 -16 -3 -17 -1 -19 -1 -13 2 -21 1 -13 10 -25 4 -16 4 -4 2 -7 10 -5 11 -11 6 -12 14 -6 19 -9 12 8 4 9 10 4 2 ],2025-05-07_20-08-00-802
CSI_DATA,PASSIVE,5C:E9:31:E8:E9:4E,-87,11,0,0,0,0,0,0,0,0,0,-96,0,11,0,2300912467,0,380,0,0,2301.08,128,[124 -63 23 0 5 -2 7 -7 12 9 9 0 0 14 5 11 7 7 12 7 19 -3 13 2 13 7 17 -4 17 -3 27 4 25 -7 25 -4 22 5 34 7 18 6 12 5 12 15 18 6 15 4 17 18 11 17 0 0 0 0 0 0 0 0 0 0 0 0 0 0 0 0 0 0 0 0 0 0 13 -9 12 -5 6 -7 5 -5 1 -6 1 -10 3 -11 2 -17 -4 -11 1 -15 2 -16 0 -16 -1 -12 -4 -14 -9 -15 -10 -18 -4 -10 -9 -19 -5 -13 -2 -6 0 -14 -10 -2 -3 7 -4 -3 -10 -2 -9 -1 ],2025-05-07_20-08-00-807
CSI_DATA,PASSIVE,5C:E9:31:E8:E9:4E,-87,11,0,0,0,0,0,0,0,0,0,-96,0,11,0,2300919647,0,151,0,0,2301.09,128,[-105 112 9 0 5 -1 -4 -2 -10 -3 -3 -12 -4 -2 -4 -17 -8 -10 -8 -6 -5 -12 -14 -9 -17 -9 -18 -8 -14 -12 -24 -8 -19 -14 -14 -15 -15 -16 -20 -19 -15 -19 -13 -18 -4 -17 -9 -12 -4 -21 1 -19 0 -18 0 0 0 0 0 0 0 0 0 0 0 0 0 0 0 0 0 0 0 0 0 0 -14 3 -7 8 -14 7 -7 7 -6 11 -6 9 -7 7 -12 9 -6 15 -5 12 -9 7 -2 19 -3 14 -1 18 2 15 -4 10 6 7 7 5 2 10 3 10 9 4 5 9 1 9 12 12 3 4 8 -3 ],2025-05-07_20-08-00-813
CSI_DATA,PASSIVE,5C:E9:31:E8:F4:66,-76,11,0,0,0,0,0,0,0,0,0,-96,0,11,0,2300930419,0,217,0,0,2301.1,128,[-39 -112 13 0 15 26 16 24 12 21 9 23 13 23 8 24 3 25 3 21 2 24 -4 25 -8 23 -10 23 -14 23 -14 25 -18 21 -18 19 -21 20 -22 19 -23 16 -19 16 -18 16 -19 11 -15 12 -14 10 -11 8 0 0 0 0 0 0 0 0 0 0 0 0 0 0 0 0 0 0 0 0 0 0 -10 -9 -15 -7 -11 -6 -15 -6 -17 -2 -16 -1 -18 -2 -19 0 -21 4 -18 0 -18 0 -20 6 -17 14 -14 10 -18 10 -9 17 -8 18 -8 18 -1 18 0 19 2 19 5 17 5 18 9 18 11 22 15 21 ],2025-05-07_20-08-00-823
CSI_DATA,PASSIVE,5C:E9:31:E8:F4:66,-76,11,0,0,0,0,0,0,0,0,0,-96,0,11,0,2300930752,0,120,0,0,2301.1,128,[120 -128 7 0 27 3 29 1 25 2 28 2 24 3 23 7 23 11 20 10 23 10 18 18 18 19 18 19 15 21 14 23 12 25 9 30 6 25 6 24 4 24 4 20 3 20 5 19 3 15 5 12 5 10 0 0 0 0 0 0 0 0 0 0 0 0 0 0 0 0 0 0 0 0 0 0 -17 -2 -13 0 -15 2 -16 4 -14 5 -15 6 -14 9 -13 11 -11 15 -10 15 -7 16 -9 18 -7 17 -7 20 -1 18 0 19 2 17 9 18 8 11 13 13 14 10 19 5 20 6 21 5 21 6 24 6 ],2025-05-07_20-08-00-828
CSI_DATA,PASSIVE,5C:E9:31:E8:F4:66,-77,11,0,0,0,0,0,0,0,0,0,-96,0,11,0,2300930953,0,120,0,0,2301.11,128,[120 -128 7 0 19 -18 20 -18 20 -18 23 -18 22 -12 21 -11 21 -13 20 -7 25 -8 25 -3 26 -3 29 4 25 8 27 7 28 13 26 15 24 12 23 14 22 17 18 14 18 14 16 10 12 12 14 9 10 2 0 0 0 0 0 0 0 0 0 0 0 0 0 0 0 0 0 0 0 0 0 0 -9 13 -10 15 -7 13 -4 14 -3 15 1 14 1 17 -1 20 4 17 6 17 8 19 6 17 8 14 11 15 15 9 16 7 15 6 17 2 17 1 16 0 17 -6 20 -12 21 -13 19 -16 23 -16 19 -15 ],2025-05-07_20-08-00-833
CSI_DATA,PASSIVE,5C:E9:31:E8:F4:66,-76,11,0,0,0,0,0,0,0,0,0,-96,0,11,0,2300931154,0,360,0,0,2301.11,128,[104 -127 22 0 -2 -28 0 -31 -3 -23 1 -32 2 -29 4 -25 9 -22 7 -26 14 -23 11 -25 15 -22 22 -21 20 -15 21 -16 26 -14 24 -12 27 -11 23 -7 26 -10 23 -9 23 -8 19 -6 14 -6 14 -4 14 -9 0 0 0 0 0 0 0 0 0 0 0 0 0 0 0 0 0 0 0 0 0 0 3 14 3 13 3 17 7 14 11 14 11 14 15 10 13 9 17 8 18 10 18 12 15 4 21 -2 17 1 17 0 13 -7 18 -13 13 -6 11 -13 5 -14 7 -17 7 -18 8 -23 0 -27 0 -25 1 -27 ],2025-05-07_20-08-00-839
CSI_DATA,PASSIVE,5C:E9:31:E8:F4:66,-76,11,0,0,0,0,0,0,0,0,0,-96,0,11,0,2300931675,0,380,0,0,2301.12,128,[124 -63 23 0 26 -9 24 -7 28 -3 26 -1 27 -2 26 2 22 4 22 3 20 7 23 12 25 14 21 15 19 16 20 20 19 23 15 23 14 24 15 22 10 22 10 21 10 17 7 15 5 14 8 13 5 10 0 0 0 0 0 0 0 0 0 0 0 0 0 0 0 0 0 0 0 0 0 0 -14 -1 -14 1 -17 1 -13 4 -16 8 -13 12 -11 11 -10 11 -7 12 -9 17 -6 18 -6 21 -5 20 -1 16 -3 18 5 15 4 14 8 12 13 12 16 8 17 6 19 4 21 1 23 0 23 0 25 2 ],2025-05-07_20-08-00-844
CSI_DATA,PASSIVE,5C:E9:31:E8:F4:66,-77,11,0,0,0,0,0,0,0,0,0,-96,0,11,0,2300932224,0,131,0,0,2301.12,128,[-125 48 8 0 -35 7 -30 12 -31 8 -29 5 -28 2 -28 4 -27 0 -27 -6 -30 -6 -26 -11 -24 -14 -25 -16 -26 -19 -24 -26 -21 -24 -20 -24 -18 -26 -19 -26 -14 -25 -12 -23 -12 -19 -10 -20 -10 -16 -10 -14 -10 -14 0 0 0 0 0 0 0 0 0 0 0 0 0 0 0 0 0 0 0 0 0 0 14 -9 13 -10 13 -8 14 -13 9 -17 9 -18 4 -18 6 -16 3 -23 5 -16 -3 -25 -7 -19 1 -19 -8 -17 -13 -14 -10 -17 -10 -17 -13 -10 -20 -6 -22 -8 -21 -4 -25 3 -25 1 -26 5 -27 5 -27 9 ],2025-05-07_20-08-00-850
CSI_DATA,PASSIVE,5C:E9:31:E8:F4:66,-77,11,0,0,0,0,0,0,0,0,0,-96,0,11,0,2300932441,0,151,0,0,2301.13,128,[-105 112 9 0 26 13 23 11 22 15 18 14 16 13 18 17 16 14 16 21 7 24 12 24 4 21 6 24 6 25 -6 23 -4 39 -7 23 -4 26 -8 23 -13 16 -8 20 -11 16 -6 11 -10 16 -13 12 -5 13 0 0 0 0 0 0 0 0 0 0 0 0 0 0 0 0 0 0 0 0 0 0 -19 -1 -18 2 -13 4 -14 3 -11 3 -14 4 -11 12 -15 13 -10 7 -15 13 -9 14 -5 17 -9 17 -1 15 -1 15 -3 13 -2 16 11 11 6 12 12 17 15 15 15 14 14 12 21 16 23 14 25 8 ],2025-05-07_20-08-00-855
CSI_DATA,PASSIVE,5C:E9:31:E8:F4:66,-77,11,0,0,0,0,0,0,0,0,0,-96,0,11,0,2300932686,0,128,0,0,2301.14,128,[-128 0 8 0 31 -1 31 -3 27 -2 24 1 26 1 26 3 24 4 23 7 22 7 24 13 20 17 17 19 17 21 14 22 14 22 17 27 9 24 7 23 8 25 4 22 6 20 5 18 5 17 6 11 10 8 0 0 0 0 0 0 0 0 0 0 0 0 0 0 0 0 0 0 0 0 0 0 -17 1 -16 2 -15 4 -14 9 -14 6 -14 9 -14 14 -13 15 -9 14 -6 17 -5 21 -6 16 -6 18 0 20 0 14 4 16 4 12 8 15 11 9 16 11 15 6 20 5 20 7 21 -2 24 0 25 2 ],2025-05-07_20-08-00-860
CSI_DATA,PASSIVE,5C:E9:31:E8:F4:66,-77,11,0,0,0,0,0,0,0,0,0,-96,0,11,0,2301030971,0,119,0,0,2301.2,128,[119 112 7 0 -23 12 -19 11 -23 10 -21 13 -26 12 -24 8 -23 6 -22 1 -25 -3 -30 -2 -27 -6 -31 -8 -31 -9 -28 -14 -27 -13 -29 -18 -30 -18 -31 -18 -25 -19 -22 -17 -21 -15 -20 -14 -20 -13 -16 -11 -12 -5 0 0 0 0 0 0 0 0 0 0 0 0 0 0 0 0 0 0 0 0 0 0 17 -5 15 -5 15 -7 13 -8 15 -9 9 -11 8 -10 8 -12 3 -14 1 -13 -3 -18 -6 -13 -7 -16 -9 -12 -8 -11 -12 -10 -15 -7 -21 -7 -16 -3 -17 0 -23 -2 -22 6 -23 4 -24 6 -22 12 -24 7 ],2025-05-07_20-08-00-924
CSI_DATA,PASSIVE,5C:E9:31:E8:F4:66,-77,11,0,0,0,0,0,0,0,0,0,-96,0,11,0,2301031172,0,119,0,0,2301.2,128,[119 112 7 0 -7 25 -6 18 -8 26 -6 22 -9 25 -6 26 -10 23 -13 21 -18 20 -19 15 -25 15 -26 18 -29 11 -30 12 -30 11 -33 7 -30 5 -32 4 -31 6 -30 4 -27 3 -25 4 -23 1 -20 3 -17 6 0 0 0 0 0 0 0 0 0 0 0 0 0 0 0 0 0 0 0 0 0 0 4 -19 8 -17 2 -16 2 -15 1 -14 -3 -13 -4 -16 -8 -12 -11 -13 -13 -10 -13 -10 -12 -4 -15 -6 -19 -3 -17 1 -19 3 -16 5 -17 8 -16 8 -12 13 -11 17 -15 18 -14 20 -11 22 -11 21 -3 22 ],2025-05-07_20-08-00-929
CSI_DATA,PASSIVE,5C:E9:31:E8:F4:66,-77,11,0,0,0,0,0,0,0,0,0,-96,0,11,0,2301031373,0,139,0,0,2301.21,128,[-117 -80 8 0 15 15 17 15 18 21 15 16 11 23 16 22 15 17 9 28 10 28 8 25 0 25 6 27 -4 29 -7 30 -6 32 -8 32 -9 25 -11 27 -9 28 -9 26 -12 25 -8 26 -7 20 -5 18 -3 20 0 0 0 0 0 0 0 0 0 0 0 0 0 0 0 0 0 0 0 0 0 0 -10 -16 -7 -16 -13 -16 -12 -15 -8 -10 -12 -6 -14 -6 -17 -3 -13 -2 -17 1 -12 5 -13 9 -16 9 -16 9 -10 15 -7 13 -3 17 1 15 -1 17 5 15 5 20 9 16 8 21 11 21 13 19 11 19 ],2025-05-07_20-08-00-935
CSI_DATA,PASSIVE,5C:E9:31:E8:F4:66,-77,11,0,0,0,0,0,0,0,0,0,-96,0,11,0,2301031602,0,119,0,0,2301.21,128,[119 112 7 0 7 27 5 25 6 22 4 24 6 23 -3 30 -3 22 -5 17 -2 25 -8 23 -12 28 -16 22 -14 24 -19 20 -21 24 -24 19 -22 23 -28 24 -24 19 -23 22 -19 19 -20 18 -16 15 -12 13 -14 12 0 0 0 0 0 0 0 0 0 0 0 0 0 0 0 0 0 0 0 0 0 0 2 -20 4 -19 -3 -19 -1 -19 -4 -15 -5 -15 -8 -12 -10 -9 -11 -10 -14 -6 -15 -6 -16 -3 -15 0 -16 0 -18 6 -14 3 -15 12 -10 10 -10 11 -6 17 -9 22 -2 14 2 23 1 23 3 22 2 25 ],2025-05-07_20-08-00-940
CSI_DATA,PASSIVE,5C:E9:31:E8:F4:66,-77,11,0,0,0,0,0,0,0,0,0,-96,0,11,0,2301031803,0,139,0,0,2301.22,128,[-117 -80 8 0 25 2 26 6 20 8 22 6 21 6 22 14 22 11 16 13 16 14 16 22 15 25 11 24 12 23 4 29 8 29 6 31 3 29 2 27 2 25 0 28 0 24 0 22 4 22 -2 20 2 18 0 0 0 0 0 0 0 0 0 0 0 0 0 0 0 0 0 0 0 0 0 0 -15 -6 -18 -5 -15 -5 -18 1 -17 2 -14 1 -13 2 -12 7 -10 8 -8 10 -5 11 -6 15 -3 17 -5 16 1 16 2 18 3 15 7 12 12 13 14 14 16 11 17 11 20 9 19 6 22 6 25 5 ],2025-05-07_20-08-00-945
CSI_DATA,PASSIVE,5C:E9:31:E8:F4:66,-77,11,0,0,0,0,0,0,0,0,0,-96,0,11,0,2301032032,0,119,0,0,2301.23,128,[119 112 7 0 27 16 21 16 21 8 17 21 17 24 13 20 13 25 9 25 10 27 9 32 3 33 0 34 -1 37 -5 34 -7 34 -5 38 -11 34 -13 33 -10 31 -9 33 -9 27 -7 25 -6 23 -6 20 -3 18 0 0 0 0 0 0 0 0 0 0 0 0 0 0 0 0 0 0 0 0 0 0 -18 -15 -16 -14 -14 -10 -16 -12 -16 -8 -13 -6 -12 1 -16 -2 -15 5 -17 5 -12 5 -15 13 -14 11 -9 11 -7 13 -6 21 -4 18 1 18 1 21 10 19 8 17 14 19 13 17 20 18 21 20 23 15 ],2025-05-07_20-08-00-951
CSI_DATA,PASSIVE,5C:E9:31:E8:F4:66,-77,11,0,0,0,0,0,0,0,0,0,-96,0,11,0,2301032233,0,139,0,0,2301.23,128,[-117 -80 8 0 24 -5 26 2 28 -4 24 2 25 2 29 2 20 8 25 11 19 10 20 12 19 20 20 20 20 19 19 25 14 26 14 28 10 29 13 30 13 28 7 24 8 24 8 21 5 19 8 18 11 16 0 0 0 0 0 0 0 0 0 0 0 0 0 0 0 0 0 0 0 0 0 0 -20 -5 -18 -5 -15 0 -14 4 -16 2 -15 3 -13 8 -13 10 -6 12 -6 12 -4 13 -4 12 -4 16 -1 17 4 11 6 13 9 11 13 15 11 10 19 8 14 12 20 2 24 2 22 3 24 2 26 2 ],2025-05-07_20-08-00-956
CSI_DATA,PASSIVE,5C:E9:31:E8:F4:66,-77,11,0,0,0,0,0,0,0,0,0,-96,0,11,0,2301032462,0,139,0,0,2301.24,128,[-117 -80 8 0 25 -5 23 -4 22 -7 22 -4 19 -2 21 2 22 3 26 7 21 6 22 10 24 13 21 16 22 20 21 23 18 24 20 22 20 25 15 26 15 25 17 26 12 20 13 20 12 17 12 17 13 12 0 0 0 0 0 0 0 0 0 0 0 0 0 0 0 0 0 0 0 0 0 0 -18 0 -18 0 -16 4 -14 2 -14 8 -16 10 -10 7 -9 9 -5 15 -4 10 -4 14 0 18 2 15 4 14 7 12 12 12 13 10 15 10 14 8 18 3 22 4 21 -1 22 1 21 -3 27 -8 24 -2 ],2025-05-07_20-08-00-961
CSI_DATA,PASSIVE,5C:E9:31:E8:F4:66,-77,11,0,0,0,0,0,0,0,0,0,-96,0,11,0,2301032691,0,128,0,0,2301.24,128,[-128 0 8 0 23 -7 20 -8 23 -6 25 -11 22 -8 16 -3 18 -1 23 1 24 5 23 11 19 8 21 6 14 12 27 14 25 18 16 22 22 23 13 27 12 27 14 24 11 15 12 23 16 19 6 9 9 12 0 0 0 0 0 0 0 0 0 0 0 0 0 0 0 0 0 0 0 0 0 0 -15 6 -14 9 -13 8 -11 10 -13 10 -13 11 -6 12 -4 6 0 17 0 11 9 14 7 18 2 12 10 7 3 13 16 13 15 14 18 6 18 5 19 -4 19 -5 15 -5 15 -6 20 -5 21 -6 19 -9 ],2025-05-07_20-08-00-967
CSI_DATA,PASSIVE,5C:E9:31:E8:F4:66,-77,11,0,0,0,0,0,0,0,0,0,-96,0,11,0,2301032904,0,133,0,0,2301.25,128,[-123 80 8 0 -5 29 -4 27 -8 25 -7 21 -8 21 -13 18 -11 12 -16 20 -23 16 -17 20 -23 16 -20 13 -33 4 -35 6 -38 2 -42 -3 -35 8 -24 -4 -34 -5 -31 0 -17 1 -25 1 -27 -1 -14 -1 -19 -3 0 0 0 0 0 0 0 0 0 0 0 0 0 0 0 0 0 0 0 0 0 0 -2 -16 0 -20 3 -18 -3 -12 -7 -18 -8 -14 -7 -13 -15 -13 -13 -4 -17 -8 -20 -11 -16 4 -14 0 -14 2 -10 8 -14 6 -8 12 -12 9 -9 14 -15 22 -8 19 -6 15 -7 23 -8 27 -4 23 -2 20 ],2025-05-07_20-08-00-972
CSI_DATA,PASSIVE,5C:E9:31:E8:E9:4E,-87,11,0,0,0,0,0,0,0,0,0,-96,0,11,0,2301058243,0,164,0,0,2301.25,128,[-92 64 10 0 6 -3 3 3 5 -2 17 10 0 8 3 0 11 -10 9 0 13 -10 16 -12 24 -20 11 -15 16 -15 12 -18 25 -21 17 -12 19 -16 21 -19 17 -14 16 -10 16 -19 20 -9 18 -10 21 -6 16 -2 0 0 0 0 0 0 0 0 0 0 0 0 0 0 0 0 0 0 0 0 0 0 3 0 -2 8 11 3 4 11 10 -8 12 1 10 1 10 -4 8 -12 2 -11 6 -14 11 -17 14 -22 0 -12 4 -16 7 -12 4 -20 0 -14 -14 -12 -10 -14 -7 -20 -2 -6 -1 -2 -8 -13 -13 -3 2 0 ],2025-05-07_20-08-00-977
CSI_DATA,PASSIVE,5C:E9:31:E8:E9:4E,-87,11,0,0,0,0,0,0,0,0,0,-96,0,11,0,2301123614,0,98,0,0,2301.29,128,[98 32 6 0 -4 -3 -3 1 2 -2 -10 1 -11 -2 -11 -5 -15 3 -10 6 -13 11 -17 14 -15 17 -14 13 -8 17 -10 14 -20 9 -23 19 -21 16 -16 11 -15 5 -20 17 -19 5 -16 0 -18 9 -17 1 -14 -4 0 0 0 0 0 0 0 0 0 0 0 0 0 0 0 0 0 0 0 0 0 0 -6 3 -2 6 -4 3 -4 5 -4 7 4 4 -1 12 4 13 4 14 13 19 7 15 11 16 9 8 6 6 13 11 12 13 10 6 18 8 20 10 8 4 6 0 18 -2 14 11 5 -1 -5 -3 6 -13 ],2025-05-07_20-08-01-15
CSI_DATA,PASSIVE,5C:E9:31:E8:F4:66,-77,11,0,0,0,0,0,0,0,0,0,-96,0,11,0,2301133545,0,126,0,0,2301.3,128,[126 -32 7 0 -9 -30 -12 -26 -7 -27 -8 -26 -5 -23 -1 -32 -1 -30 -3 -30 11 -29 10 -24 9 -27 14 -29 16 -28 18 -24 19 -24 23 -26 25 -23 24 -21 29 -19 23 -15 20 -18 19 -14 19 -12 14 -13 11 -11 0 0 0 0 0 0 0 0 0 0 0 0 0 0 0 0 0 0 0 0 0 0 1 17 -1 16 5 13 6 11 11 12 12 12 15 12 15 6 16 3 20 5 19 5 21 -1 23 -2 20 -3 20 -6 17 -9 19 -9 11 -11 12 -16 6 -15 5 -17 6 -21 2 -22 1 -23 -4 -27 -4 -24 ],2025-05-07_20-08-01-26
CSI_DATA,PASSIVE,5C:E9:31:E8:F4:66,-77,11,0,0,0,0,0,0,0,0,0,-96,0,11,0,2301133754,0,94,0,0,2301.31,128,[94 -32 5 0 -28 5 -20 8 -26 5 -24 5 -26 0 -24 1 -25 -1 -22 -3 -24 -5 -24 -10 -24 -14 -24 -14 -23 -14 -25 -20 -21 -23 -21 -21 -22 -23 -20 -24 -17 -22 -14 -23 -13 -21 -14 -17 -14 -14 -10 -13 -12 -12 0 0 0 0 0 0 0 0 0 0 0 0 0 0 0 0 0 0 0 0 0 0 15 3 10 -1 13 -4 10 -4 10 -10 9 -9 8 -11 9 -12 8 -16 3 -16 4 -17 -1 -20 1 -19 1 -16 -2 -16 -4 -18 -7 -15 -9 -16 -11 -12 -16 -7 -14 -4 -16 -5 -21 -3 -20 0 -25 4 -21 -2 ],2025-05-07_20-08-01-32
CSI_DATA,PASSIVE,5C:E9:31:E8:F4:66,-76,11,0,0,0,0,0,0,0,0,0,-96,0,11,0,2301133923,0,164,0,0,2301.31,128,[-92 64 10 0 -17 -24 -21 -18 -14 -25 -15 -23 -14 -23 -15 -27 -8 -24 -5 -24 -7 -27 -1 -30 7 -33 9 -30 9 -27 12 -33 12 -33 17 -29 20 -27 16 -30 16 -27 19 -21 18 -21 12 -20 10 -17 11 -15 6 -15 0 0 0 0 0 0 0 0 0 0 0 0 0 0 0 0 0 0 0 0 0 0 6 15 8 9 7 8 8 8 16 6 11 5 17 0 18 0 17 -3 19 -5 20 -7 17 -9 19 -14 20 -15 13 -13 11 -17 8 -17 9 -20 4 -13 1 -21 -3 -19 -2 -16 -7 -18 -9 -24 -10 -24 -13 -25 ],2025-05-07_20-08-01-37
CSI_DATA,PASSIVE,5C:E9:31:E8:F4:66,-76,11,0,0,0,0,0,0,0,0,0,-96,0,11,0,2301134184,0,184,0,0,2301.32,128,[-72 -128 11 0 -17 20 -13 21 -15 21 -13 19 -16 21 -19 21 -25 16 -19 12 -21 17 -19 8 -26 8 -26 3 -29 -1 -32 0 -33 -6 -33 -1 -31 -10 -31 -9 -28 -8 -27 -8 -25 -6 -22 -6 -18 -4 -17 -4 -19 -4 0 0 0 0 0 0 0 0 0 0 0 0 0 0 0 0 0 0 0 0 0 0 11 -11 12 -11 8 -11 7 -13 4 -11 0 -17 -2 -9 -7 -14 -7 -17 -8 -16 -10 -17 -11 -14 -14 -12 -13 -13 -13 -10 -16 -9 -16 -5 -19 -1 -19 -1 -15 0 -16 3 -16 9 -18 10 -18 16 -20 16 -15 17 ],2025-05-07_20-08-01-44
CSI_DATA,PASSIVE,5C:E9:31:E8:F4:66,-77,11,0,0,0,0,0,0,0,0,0,-96,0,11,0,2301134473,0,127,0,0,2301.32,128,[127 -16 7 0 1 23 -3 23 -4 23 -5 27 0 28 -7 18 -11 25 -12 20 -13 22 -16 20 -21 22 -18 21 -20 20 -24 17 -27 16 -28 15 -29 14 -28 10 -24 8 -26 8 -26 8 -19 6 -21 6 -17 8 -17 8 0 0 0 0 0 0 0 0 0 0 0 0 0 0 0 0 0 0 0 0 0 0 6 -12 4 -14 1 -15 -1 -14 -5 -12 -6 -12 -9 -12 -10 -10 -15 -10 -16 -10 -14 -7 -17 -6 -20 -5 -20 -5 -17 -1 -16 3 -17 1 -15 5 -15 6 -12 10 -10 14 -12 18 -10 24 -7 17 -3 16 -4 20 ],2025-05-07_20-08-01-49
CSI_DATA,PASSIVE,5C:E9:31:E8:F4:66,-76,11,0,0,0,0,0,0,0,0,0,-96,0,11,0,2301134686,0,94,0,0,2301.33,128,[94 -32 5 0 -18 12 -21 12 -24 11 -22 10 -20 6 -23 9 -22 3 -26 5 -26 1 -28 -2 -27 -3 -30 -6 -24 -8 -25 -14 -29 -11 -26 -18 -25 -22 -22 -21 -22 -20 -21 -18 -18 -17 -17 -17 -15 -13 -13 -12 -12 -9 0 0 0 0 0 0 0 0 0 0 0 0 0 0 0 0 0 0 0 0 0 0 13 -5 9 -6 13 -8 9 -10 6 -13 5 -13 2 -14 1 -14 -1 -15 -2 -18 -5 -16 -6 -20 -8 -18 -8 -15 -7 -14 -14 -14 -10 -10 -18 -10 -16 -7 -14 -8 -19 -1 -19 5 -19 4 -19 2 -20 7 -20 8 ],2025-05-07_20-08-01-55
CSI_DATA,PASSIVE,5C:E9:31:E8:F4:66,-77,11,0,0,0,0,0,0,0,0,0,-96,0,11,0,2301134855,0,127,0,0,2301.33,128,[127 -16 7 0 -21 -23 -14 -21 -11 -24 -12 -24 -13 -24 -10 -30 -8 -26 -10 -26 -1 -26 3 -31 1 -29 8 -34 10 -29 14 -32 11 -31 15 -31 22 -30 19 -27 19 -26 17 -23 14 -23 14 -22 12 -20 9 -18 10 -15 0 0 0 0 0 0 0 0 0 0 0 0 0 0 0 0 0 0 0 0 0 0 1 14 6 12 7 13 8 10 13 5 13 6 15 7 14 4 19 0 15 0 17 -3 24 -6 18 -12 22 -7 14 -8 15 -17 13 -16 9 -18 8 -14 1 -19 0 -28 -1 -21 -7 -21 -4 -21 -11 -23 -9 -22 ],2025-05-07_20-08-01-61
CSI_DATA,PASSIVE,5C:E9:31:E8:F4:66,-77,11,0,0,0,0,0,0,0,0,0,-96,0,11,0,2301135068,0,124,0,0,2301.34,128,[124 -64 7 0 15 -19 16 -21 15 -21 17 -22 18 -23 20 -21 18 -19 21 -14 24 -13 24 -10 28 -8 30 -7 30 -5 35 -4 34 0 35 1 32 2 33 7 30 7 29 7 26 5 24 3 22 0 18 2 14 0 0 0 0 0 0 0 0 0 0 0 0 0 0 0 0 0 0 0 0 0 0 0 -14 7 -12 8 -10 7 -8 14 -7 11 -3 11 0 14 0 16 6 17 6 16 7 22 11 18 11 16 11 14 14 12 14 9 16 9 17 7 16 0 17 -4 16 -7 18 -7 17 -13 17 -16 15 -17 18 -14 ],2025-05-07_20-08-01-66
CSI_DATA,PASSIVE,5C:E9:31:E8:F4:66,-77,11,0,0,0,0,0,0,0,0,0,-96,0,11,0,2301135277,0,94,0,0,2301.35,128,[94 -32 5 0 -19 -19 -22 -15 -16 -18 -16 -17 -16 -17 -12 -21 -16 -21 -11 -21 -10 -24 -6 -27 -5 -25 -2 -31 -2 -28 1 -30 5 -30 6 -30 8 -30 6 -29 11 -28 8 -27 7 -26 5 -22 4 -19 3 -18 2 -17 0 0 0 0 0 0 0 0 0 0 0 0 0 0 0 0 0 0 0 0 0 0 4 11 6 12 8 9 7 10 11 3 11 3 12 0 12 0 15 -2 18 -6 19 -8 14 -8 17 -11 15 -9 14 -13 11 -14 5 -15 5 -17 4 -18 2 -15 -5 -17 -6 -16 -8 -17 -11 -15 -13 -15 -14 -17 ],2025-05-07_20-08-01-72
CSI_DATA,PASSIVE,5C:E9:31:E8:F4:66,-76,11,0,0,0,0,0,0,0,0,0,-96,0,11,0,2301135446,0,94,0,0,2301.35,128,[94 -32 5 0 13 -19 13 -21 13 -20 13 -18 15 -21 14 -16 19 -18 19 -13 21 -12 25 -12 22 -9 27 -6 27 -3 31 2 29 0 32 2 29 5 28 9 29 7 26 9 22 6 20 7 19 7 19 4 16 2 0 0 0 0 0 0 0 0 0 0 0 0 0 0 0 0 0 0 0 0 0 0 -9 10 -8 11 -6 9 -4 13 -3 12 2 12 3 14 7 14 10 11 10 13 12 15 14 12 14 10 16 10 15 8 15 7 15 2 15 1 16 -5 15 -7 12 -11 11 -9 10 -13 12 -17 11 -17 9 -14 ],2025-05-07_20-08-01-77
CSI_DATA,PASSIVE,5C:E9:31:E8:E9:4E,-87,11,0,0,0,0,0,0,0,0,0,-96,0,11,0,2301193626,0,130,0,0,2301.36,128,[-126 32 8 0 -13 -4 6 8 -1 16 -2 13 9 14 3 15 9 10 8 9 4 10 14 13 5 13 18 9 8 19 9 4 11 19 8 19 11 21 6 23 12 25 6 17 -1 24 0 17 -5 20 0 15 -8 13 0 0 0 0 0 0 0 0 0 0 0 0 0 0 0 0 0 0 0 0 0 0 12 7 6 0 9 5 7 1 9 4 3 -2 9 -7 12 -8 10 -9 14 -10 18 -12 12 -4 11 -13 11 -6 1 -17 3 -16 -2 -14 7 -19 -3 -12 -3 -8 1 -14 3 -15 -8 -10 1 -4 -10 -18 -12 -7 ],2025-05-07_20-08-01-85
CSI_DATA,PASSIVE,5C:E9:31:E8:E9:4E,-88,11,0,0,0,0,0,0,0,0,0,-96,0,11,0,2301227913,0,140,0,0,2301.39,128,[-116 -64 8 0 1 -1 2 -1 4 8 1 13 5 14 7 6 12 15 12 15 8 8 15 16 17 10 11 8 14 18 17 7 9 20 17 19 14 22 7 18 7 16 2 17 6 16 -7 23 -4 17 1 16 -5 17 0 0 0 0 0 0 0 0 0 0 0 0 0 0 0 0 0 0 0 0 0 0 3 -6 11 -6 5 -5 6 -13 6 -6 5 -7 10 -8 7 -14 5 -14 1 -14 0 -17 4 -18 2 -20 -2 -16 -2 -14 -7 -16 -6 -22 -4 -12 -10 -15 -4 -14 -9 -4 -8 -6 -7 -7 -8 -3 -2 -5 -14 -4 ],2025-05-07_20-08-01-120
CSI_DATA,PASSIVE,5C:E9:31:E8:E9:4E,-88,11,0,0,0,0,0,0,0,0,0,-96,0,11,0,2301228420,0,120,0,0,2301.4,128,[120 -128 7 0 -10 -2 -7 10 -2 -2 -10 6 -8 6 -11 0 -7 5 -13 9 -11 6 -13 1 -23 4 -20 10 -21 5 -21 4 -22 14 -25 1 -23 -2 -24 -4 -22 4 -20 -7 -14 -7 -17 -2 -10 -13 -17 -11 -13 -9 0 0 0 0 0 0 0 0 0 0 0 0 0 0 0 0 0 0 0 0 0 0 -5 8 0 7 -3 4 3 6 2 8 5 8 9 12 7 6 13 5 9 10 14 7 8 13 11 18 10 9 18 3 11 4 15 -5 14 9 9 6 9 -6 4 -3 10 1 13 -4 4 -12 8 4 4 -3 ],2025-05-07_20-08-01-125
CSI_DATA,PASSIVE,5C:E9:31:E8:F4:66,-76,11,0,0,0,0,0,0,0,0,0,-96,0,11,0,2301235789,0,86,0,0,2301.41,128,[86 96 5 0 5 19 8 23 8 20 3 23 3 21 3 22 6 28 1 22 -8 17 -15 19 -11 20 -8 24 -20 26 -9 20 -22 29 -19 19 -25 22 -18 27 -21 15 -21 9 -12 23 -10 13 -20 18 -10 10 -10 5 0 0 0 0 0 0 0 0 0 0 0 0 0 0 0 0 0 0 0 0 0 0 -1 -16 -2 -16 -4 -16 -7 -11 -12 -14 -9 -15 -11 -11 -14 -7 -11 -1 -12 -3 -25 0 -16 -2 -18 1 -15 5 -14 9 -21 9 -15 7 -11 14 -11 6 -8 19 -5 17 -1 17 -2 18 2 17 4 17 1 19 ],2025-05-07_20-08-01-131
CSI_DATA,PASSIVE,5C:E9:31:E8:F4:66,-75,11,0,0,0,0,0,0,0,0,0,-96,0,11,0,2301235946,0,328,0,0,2301.41,128,[72 -127 20 0 27 0 23 2 21 1 21 0 21 7 18 2 23 7 14 7 22 13 19 13 20 19 19 18 18 24 10 30 16 27 11 22 11 27 7 29 15 27 9 29 9 22 3 22 8 18 5 20 11 11 0 0 0 0 0 0 0 0 0 0 0 0 0 0 0 0 0 0 0 0 0 0 -15 -3 -14 0 -13 1 -12 3 -13 8 -10 3 -16 6 -8 10 -6 11 -11 18 -11 16 -5 15 -6 16 -4 10 4 16 -2 12 -4 10 5 18 13 9 11 9 9 7 17 4 11 7 17 8 20 4 19 3 ],2025-05-07_20-08-01-136
CSI_DATA,PASSIVE,5C:E9:31:E8:F4:66,-76,11,0,0,0,0,0,0,0,0,0,-96,0,11,0,2301236427,0,348,0,0,2301.42,128,[92 -63 21 0 -7 -21 -6 -23 -8 -23 -2 -25 -7 -25 2 -24 -1 -25 4 -24 7 -24 10 -23 10 -28 10 -23 16 -22 22 -24 21 -23 21 -23 24 -23 24 -19 25 -14 19 -16 23 -17 14 -14 16 -14 16 -12 11 -13 0 0 0 0 0 0 0 0 0 0 0 0 0 0 0 0 0 0 0 0 0 0 4 14 3 14 5 9 6 9 8 9 8 8 14 7 14 4 14 7 16 2 18 2 18 -2 17 -4 15 -2 18 -6 14 -9 14 -9 9 -11 7 -15 7 -12 4 -18 1 -15 3 -20 -1 -19 -6 -21 -4 -18 ],2025-05-07_20-08-01-141
CSI_DATA,PASSIVE,5C:E9:31:E8:F4:66,-76,11,0,0,0,0,0,0,0,0,0,-96,0,11,0,2301236932,0,94,0,0,2301.42,128,[94 -32 5 0 20 9 18 10 14 13 13 16 16 15 19 17 9 24 13 21 11 16 7 23 2 25 5 30 3 25 1 32 -1 31 -3 28 -5 31 -7 28 -11 25 -7 27 -7 21 -5 22 -4 20 -3 18 -1 19 0 0 0 0 0 0 0 0 0 0 0 0 0 0 0 0 0 0 0 0 0 0 -11 -9 -12 -9 -13 -7 -12 -6 -11 0 -13 1 -13 1 -14 6 -12 6 -14 8 -12 9 -17 13 -14 12 -13 13 -8 13 -6 14 -5 19 -4 16 1 17 2 17 3 14 11 16 14 14 14 14 13 13 14 11 ],2025-05-07_20-08-01-146
CSI_DATA,PASSIVE,5C:E9:31:E8:F4:66,-76,11,0,0,0,0,0,0,0,0,0,-96,0,11,0,2301237101,0,473,0,0,2301.43,128,[-39 -111 29 0 -10 20 -11 21 -11 20 -11 20 -15 20 -13 14 -15 17 -20 13 -21 15 -21 13 -21 10 -31 10 -28 6 -27 7 -28 3 -30 1 -31 -2 -33 -6 -28 -1 -26 -4 -26 -3 -22 -4 -23 -1 -20 0 -19 0 0 0 0 0 0 0 0 0 0 0 0 0 0 0 0 0 0 0 0 0 0 0 5 -14 5 -12 4 -15 0 -13 -1 -14 -4 -14 -8 -12 -8 -15 -13 -12 -12 -10 -17 -12 -16 -9 -17 -8 -17 -7 -19 -6 -18 -5 -15 3 -17 2 -18 4 -13 6 -13 8 -14 14 -13 13 -14 18 -11 18 -9 18 ],2025-05-07_20-08-01-152
CSI_DATA,PASSIVE,5C:E9:31:E8:F4:66,-77,11,0,0,0,0,0,0,0,0,0,-96,0,11,0,2301237774,0,131,0,0,2301.43,128,[-125 48 8 0 18 -15 12 -15 16 -18 18 -20 18 -17 20 -14 20 -15 21 -10 22 -7 30 -6 21 -8 25 -4 28 -1 26 3 29 1 31 5 31 8 30 5 27 6 26 4 24 7 23 9 18 6 16 1 18 1 0 0 0 0 0 0 0 0 0 0 0 0 0 0 0 0 0 0 0 0 0 0 -11 8 -11 9 -8 6 -6 10 -4 9 -2 10 -5 14 5 14 3 14 3 16 6 16 8 14 10 15 9 13 13 11 15 10 13 7 16 5 16 2 16 -2 15 -5 17 -8 16 -11 18 -10 15 -12 12 -12 ],2025-05-07_20-08-01-157
CSI_DATA,PASSIVE,5C:E9:31:E8:F4:66,-77,11,0,0,0,0,0,0,0,0,0,-96,0,11,0,2301238937,0,130,0,0,2301.44,128,[-126 32 8 0 15 10 20 9 16 14 21 11 20 12 20 15 9 18 12 20 17 16 11 24 -1 31 7 25 5 28 4 28 -12 37 2 29 -1 28 -6 29 -19 25 0 24 -2 25 -2 21 -16 13 1 20 1 17 0 0 0 0 0 0 0 0 0 0 0 0 0 0 0 0 0 0 0 0 0 0 -11 -11 -12 -4 -15 -10 -13 -2 -15 1 -13 2 -21 0 -16 9 -13 11 -13 11 0 11 -14 16 -12 14 -7 14 2 14 -1 17 1 17 -1 17 -5 16 8 15 11 15 8 16 5 14 12 14 17 11 17 12 ],2025-05-07_20-08-01-163
CSI_DATA,PASSIVE,5C:E9:31:E8:F4:66,-77,11,0,0,0,0,0,0,0,0,0,-96,0,11,0,2301239752,0,120,0,0,2301.44,128,[120 -128 7 0 -2 -24 -4 -25 -4 -21 2 -23 -3 -23 1 -27 5 -24 8 -25 9 -24 10 -24 12 -23 18 -23 23 -24 20 -20 23 -21 25 -20 26 -19 30 -18 22 -13 24 -11 20 -12 16 -11 15 -11 14 -9 12 -9 0 0 0 0 0 0 0 0 0 0 0 0 0 0 0 0 0 0 0 0 0 0 -3 11 -3 14 3 9 2 10 6 11 8 10 7 12 12 9 15 8 16 6 17 7 17 -1 17 0 20 -2 18 -1 19 -6 15 -7 13 -10 12 -12 8 -15 9 -17 5 -17 4 -21 1 -21 -2 -19 0 -19 ],2025-05-07_20-08-01-168
CSI_DATA,PASSIVE,5C:E9:31:E8:F4:66,-76,11,0,0,0,0,0,0,0,0,0,-96,0,11,0,2301239953,0,140,0,0,2301.45,128,[-116 -64 8 0 -19 -15 -17 -15 -17 -14 -19 -17 -16 -19 -14 -18 -11 -21 -12 -22 -10 -22 -7 -25 -3 -29 -1 -29 3 -29 2 -27 8 -31 9 -29 10 -28 11 -28 9 -25 10 -24 11 -22 7 -22 7 -20 6 -19 3 -14 0 0 0 0 0 0 0 0 0 0 0 0 0 0 0 0 0 0 0 0 0 0 8 10 9 7 9 7 11 2 11 -1 12 1 13 -1 14 -5 13 -7 16 -6 16 -10 15 -11 15 -13 14 -15 10 -13 8 -17 6 -17 4 -15 4 -17 -3 -16 -7 -18 -6 -17 -12 -15 -12 -13 -13 -14 -17 -16 ],2025-05-07_20-08-01-174
CSI_DATA,PASSIVE,5C:E9:31:E8:F4:66,-77,11,0,0,0,0,0,0,0,0,0,-96,0,11,0,2301240182,0,120,0,0,2301.45,128,[120 -128 7 0 -16 -22 -16 -23 -15 -19 -14 -21 -12 -25 -10 -26 -10 -25 -4 -27 -3 -28 2 -32 4 -29 8 -33 11 -31 12 -34 14 -33 17 -29 19 -30 19 -29 20 -24 19 -24 16 -21 13 -20 13 -16 10 -17 8 -18 0 0 0 0 0 0 0 0 0 0 0 0 0 0 0 0 0 0 0 0 0 0 4 14 8 10 9 9 11 12 15 5 15 1 18 1 17 0 16 -1 20 -5 17 -6 21 -8 21 -13 16 -10 18 -13 16 -12 9 -16 6 -15 8 -17 7 -15 -1 -20 -4 -21 -5 -20 -9 -23 -13 -20 -9 -20 ],2025-05-07_20-08-01-180
CSI_DATA,PASSIVE,5C:E9:31:E8:E9:4E,-88,11,0,0,0,0,0,0,0,0,0,-96,0,11,0,2301303471,0,130,0,0,2301.47,128,[-126 32 8 0 4 1 4 -4 -3 -1 -7 13 -7 3 -6 8 -6 7 -7 18 0 13 3 16 -4 21 -7 24 -2 21 -1 20 -10 16 -2 25 -6 19 -10 19 -12 18 -16 18 -8 12 -17 12 -15 7 -17 5 -13 0 0 0 0 0 0 0 0 0 0 0 0 0 0 0 0 0 0 0 0 0 0 0 1 5 3 4 10 3 5 2 6 4 8 1 12 -1 22 -1 13 -4 16 -5 17 -1 20 0 6 -6 22 -7 6 -8 11 -10 13 -11 5 -5 13 -13 11 -15 -5 -8 10 -14 8 -4 -10 -28 0 -6 4 -6 ],2025-05-07_20-08-01-195
CSI_DATA,PASSIVE,5C:E9:31:E8:E9:4E,-88,11,0,0,0,0,0,0,0,0,0,-96,0,11,0,2301306440,0,250,0,0,2301.48,128,[-6 -96 15 0 4 -7 3 2 -4 -7 -2 -13 -5 -2 5 -8 0 -17 -6 -18 -4 -12 -9 -11 -17 -5 -6 -14 -15 -25 -1 -19 -8 -19 -11 -24 -12 -28 -6 -18 3 -26 5 -25 -2 -14 4 -16 8 -17 16 -15 9 -8 0 0 0 0 0 0 0 0 0 0 0 0 0 0 0 0 0 0 0 0 0 0 -8 -1 -2 0 -11 -4 -9 -2 -13 6 -13 13 -4 6 -8 4 -10 14 -11 6 -9 9 -10 18 -5 9 -10 21 -3 18 -15 15 -6 12 -6 19 3 8 4 7 -2 12 1 14 0 12 7 4 -3 10 -2 10 ],2025-05-07_20-08-01-200
CSI_DATA,PASSIVE,5C:E9:31:E8:E9:4E,-88,11,0,0,0,0,0,0,0,0,0,-96,0,11,0,2301307099,0,120,0,0,2301.48,128,[120 -128 7 0 2 15 11 9 -1 -4 6 8 4 11 7 7 4 6 7 -3 3 13 13 3 13 10 12 4 21 7 26 12 25 19 19 8 21 22 20 12 7 22 15 20 3 17 2 25 4 17 6 16 -2 12 0 0 0 0 0 0 0 0 0 0 0 0 0 0 0 0 0 0 0 0 0 0 -2 -9 5 -5 5 -9 1 -6 6 -21 5 -16 -7 -14 -6 -2 -16 -25 0 -9 -14 -17 -5 -10 0 -15 2 -25 5 -18 -3 -2 -7 -16 -10 -18 6 -14 -10 -17 -9 -11 -17 -14 -14 3 -15 -7 -6 6 -7 11 ],2025-05-07_20-08-01-206
CSI_DATA,PASSIVE,5C:E9:31:E8:E9:4E,-87,11,0,0,0,0,0,0,0,0,0,-96,0,11,0,2301307300,0,140,0,0,2301.49,128,[-116 -64 8 0 -2 -2 0 -8 -12 4 -2 9 -6 0 6 8 -7 1 -4 14 -1 13 -15 23 -10 22 -7 27 -6 15 0 19 -8 26 -11 18 -12 16 -10 31 -12 21 -19 14 -16 21 -11 8 -11 11 -25 6 -12 11 0 0 0 0 0 0 0 0 0 0 0 0 0 0 0 0 0 0 0 0 0 0 14 7 4 3 5 0 8 5 2 7 2 5 15 -2 0 2 21 8 13 2 18 14 5 -2 7 -3 6 3 16 -8 12 12 6 -5 9 -3 8 -14 6 -5 7 -2 8 -9 4 -9 9 -9 4 -11 -2 -8 ],2025-05-07_20-08-01-212
CSI_DATA,PASSIVE,5C:E9:31:E8:E9:4E,-86,11,0,0,0,0,0,0,0,0,0,-96,0,11,0,2301309230,0,120,0,0,2301.49,128,[120 -128 7 0 -7 6 -19 9 -9 9 -3 15 -1 6 -6 4 -10 -2 -6 15 -6 2 -10 12 -12 12 -9 15 -18 16 -19 14 -16 12 -23 21 -16 13 -18 17 -23 11 -24 -3 -28 4 -23 4 -18 -7 -13 -12 -21 -14 0 0 0 0 0 0 0 0 0 0 0 0 0 0 0 0 0 0 0 0 0 0 8 2 12 -4 7 1 7 4 4 0 6 -1 13 -1 11 -5 12 1 16 -14 7 -9 9 -7 16 -16 16 0 19 -16 12 -16 11 -13 13 -5 9 -10 16 -15 14 -9 11 -16 1 -10 3 -1 0 -5 6 -16 ],2025-05-07_20-08-01-216
CSI_DATA,PASSIVE,5C:E9:31:E8:E9:4E,-87,11,0,0,0,0,0,0,0,0,0,-96,0,11,0,2301309775,0,140,0,0,2301.5,128,[-116 -64 8 0 -4 -9 -1 4 -3 -3 -4 13 -8 17 -11 12 -9 10 -9 13 2 2 4 10 7 11 3 18 -1 15 -2 37 -5 20 4 17 3 26 -4 22 -8 29 -7 24 -10 21 3 15 -10 12 -3 12 -5 10 0 0 0 0 0 0 0 0 0 0 0 0 0 0 0 0 0 0 0 0 0 0 -5 7 -5 5 3 18 -6 7 4 2 4 11 1 11 9 0 8 19 22 6 10 0 13 0 9 -2 16 6 13 -3 13 -7 7 -3 9 -1 3 -4 2 -5 -2 -5 10 -14 1 -7 2 -9 -2 -2 5 -2 ],2025-05-07_20-08-01-221
CSI_DATA,PASSIVE,5C:E9:31:E8:E9:4E,-87,11,0,0,0,0,0,0,0,0,0,-96,0,11,0,2301316985,0,98,0,0,2301.5,128,[98 32 6 0 -6 -1 -1 -3 -3 -2 -5 -8 -1 -2 -10 -2 -17 7 -16 -5 -13 9 -26 1 -19 7 -23 10 -24 2 -20 8 -17 13 -17 6 -25 12 -25 3 -23 0 -16 4 -20 -8 -24 0 -20 -7 -16 -8 -13 -14 0 0 0 0 0 0 0 0 0 0 0 0 0 0 0 0 0 0 0 0 0 0 -10 -4 -9 -1 -6 0 -11 -1 -1 1 -10 6 -15 8 -7 11 -11 8 -8 7 -12 11 -6 1 -5 12 -1 15 -5 15 -3 17 4 11 5 9 6 11 20 13 3 4 2 9 14 7 5 1 0 7 2 0 ],2025-05-07_20-08-01-226
CSI_DATA,PASSIVE,5C:E9:31:E8:F4:66,-76,11,0,0,0,0,0,0,0,0,0,-96,0,11,0,2301338194,0,158,0,0,2301.51,128,[-98 -32 9 0 23 -10 20 -14 23 -16 19 -14 22 -10 26 -10 22 -3 23 0 28 -2 23 7 18 1 23 8 32 14 33 24 32 18 20 20 28 28 31 27 31 22 16 19 16 24 15 10 13 14 11 16 14 3 0 0 0 0 0 0 0 0 0 0 0 0 0 0 0 0 0 0 0 0 0 0 -12 7 -14 11 -10 10 -6 10 -8 17 -5 12 1 18 -7 20 -1 14 2 19 8 16 -1 24 4 21 4 23 8 15 13 15 12 11 12 14 10 4 23 5 17 8 18 2 18 1 18 -4 18 -7 21 -5 ],2025-05-07_20-08-01-232
CSI_DATA,PASSIVE,5C:E9:31:E8:F4:66,-77,11,0,0,0,0,0,0,0,0,0,-96,0,11,0,2301338447,0,94,0,0,2301.51,128,[94 -32 5 0 -11 -16 -13 -19 -9 -20 -10 -20 -11 -21 -6 -20 -4 -20 -11 -21 -10 -21 2 -25 4 -26 -2 -31 8 -25 15 -27 17 -35 7 -25 22 -28 18 -23 15 -20 18 -16 15 -23 16 -20 6 -13 5 -18 13 -14 0 0 0 0 0 0 0 0 0 0 0 0 0 0 0 0 0 0 0 0 0 0 4 11 3 11 8 11 4 9 12 5 13 5 12 4 10 3 15 1 20 3 21 1 18 -3 19 -10 22 -12 18 -10 11 -14 6 -11 6 -11 7 -17 9 -18 2 -17 3 -17 -4 -15 -6 -16 -9 -19 -7 -21 ],2025-05-07_20-08-01-238
CSI_DATA,PASSIVE,5C:E9:31:E8:F4:66,-77,11,0,0,0,0,0,0,0,0,0,-96,0,11,0,2301338616,0,108,0,0,2301.52,128,[108 -64 6 0 18 -13 16 -10 17 -11 19 -10 21 -14 19 -13 19 -7 23 -7 21 -6 24 -2 21 1 24 2 25 6 26 14 23 13 26 16 25 15 22 18 21 15 23 16 16 17 16 16 15 11 15 11 11 8 0 0 0 0 0 0 0 0 0 0 0 0 0 0 0 0 0 0 0 0 0 0 -11 8 -12 8 -11 9 -6 12 -7 13 -3 14 -2 19 -2 16 2 17 3 18 7 18 8 20 6 17 10 15 12 14 15 15 13 9 18 8 16 6 12 0 16 -3 17 -5 19 -5 20 -7 15 -9 19 -8 ],2025-05-07_20-08-01-243
CSI_DATA,PASSIVE,5C:E9:31:E8:F4:66,-77,11,0,0,0,0,0,0,0,0,0,-96,0,11,0,2301338801,0,130,0,0,2301.52,128,[-126 32 8 0 22 -11 22 -10 19 -8 22 -4 22 -7 22 0 23 -1 25 2 24 5 24 10 24 9 23 15 23 19 20 24 22 21 20 25 20 26 19 26 14 28 15 26 13 22 12 22 9 19 10 17 9 14 0 0 0 0 0 0 0 0 0 0 0 0 0 0 0 0 0 0 0 0 0 0 -13 6 -12 9 -10 10 -10 15 -8 13 -6 13 -3 14 -1 20 0 18 4 22 5 23 5 24 4 18 11 20 11 16 9 14 11 12 18 14 16 9 15 4 18 -1 17 0 17 -5 20 -4 20 -5 19 -7 ],2025-05-07_20-08-01-249
CSI_DATA,PASSIVE,5C:E9:31:E8:F4:66,-77,11,0,0,0,0,0,0,0,0,0,-96,0,11,0,2301340908,0,350,0,0,2301.53,128,[94 -31 21 0 -20 -20 -20 -18 -20 -20 -24 -19 -14 -20 -15 -23 -5 -23 -11 -18 -7 -29 -9 -31 0 -28 1 -29 4 -30 2 -28 8 -34 10 -34 10 -34 7 -29 12 -33 7 -28 11 -23 12 -24 9 -18 10 -17 5 -19 0 0 0 0 0 0 0 0 0 0 0 0 0 0 0 0 0 0 0 0 0 0 10 10 11 6 15 8 13 5 15 1 12 1 19 -3 18 -3 19 -7 16 -11 17 -14 18 -10 19 -17 18 -14 12 -17 15 -18 8 -18 8 -17 8 -17 -1 -19 -2 -20 -5 -16 -8 -21 -9 -17 -14 -22 -12 -18 ],2025-05-07_20-08-01-255
CSI_DATA,PASSIVE,5C:E9:31:E8:F4:66,-77,11,0,0,0,0,0,0,0,0,0,-96,0,11,0,2301440598,0,734,0,0,2301.61,128,[-34 -30 45 0 -24 4 -28 8 -19 7 -25 5 -25 4 -23 -2 -23 1 -17 -5 -21 -12 -21 -7 -14 -15 -26 -18 -23 -12 -14 -17 -20 -24 -17 -21 -19 -35 -12 -25 -16 -27 -10 -23 -14 -36 -14 -26 -5 -30 -5 -24 -2 -17 0 0 0 0 0 0 0 0 0 0 0 0 0 0 0 0 0 0 0 0 0 0 7 -15 13 -15 12 -10 12 -15 8 -18 -3 -17 1 -17 -1 -17 -2 -20 -6 -22 -14 -16 -9 -24 -10 -24 -6 -22 -13 -21 -15 -19 -12 -19 -19 -15 -12 -8 -16 -6 -19 -2 -21 -5 -22 2 -22 1 -25 2 -25 7 ],2025-05-07_20-08-01-334
CSI_DATA,PASSIVE,5C:E9:31:E8:F4:66,-77,11,0,0,0,0,0,0,0,0,0,-96,0,11,0,2301441619,0,108,0,0,2301.61,128,[108 -64 6 0 -25 0 -28 -4 -30 -4 -27 -6 -20 -7 -24 -9 -18 -6 -24 -10 -20 -15 -19 -19 -17 -21 -18 -23 -13 -28 -12 -33 -9 -34 -9 -34 -9 -33 -5 -32 -3 -33 -3 -27 -3 -29 -2 -27 -2 -24 -3 -20 -4 -20 0 0 0 0 0 0 0 0 0 0 0 0 0 0 0 0 0 0 0 0 0 0 18 -2 15 -4 17 -6 16 -8 12 -12 13 -10 8 -12 14 -15 10 -19 3 -20 3 -22 5 -20 2 -23 1 -21 -2 -22 -8 -22 -5 -18 -10 -17 -8 -16 -15 -17 -14 -13 -18 -10 -19 -13 -21 -4 -24 -4 -21 -4 ],2025-05-07_20-08-01-340
CSI_DATA,PASSIVE,5C:E9:31:E8:F4:66,-77,11,0,0,0,0,0,0,0,0,0,-96,0,11,0,2301441804,0,108,0,0,2301.62,128,[108 -64 6 0 -25 -12 -27 -4 -22 -8 -21 -4 -23 -10 -18 -10 -19 -14 -19 -20 -18 -15 -9 -23 -11 -23 -9 -31 -8 -27 -4 -31 -2 -34 0 -33 2 -31 5 -32 5 -30 6 -29 6 -29 6 -27 6 -24 4 -19 1 -16 0 0 0 0 0 0 0 0 0 0 0 0 0 0 0 0 0 0 0 0 0 0 17 -5 15 -5 16 -7 15 -10 19 -9 17 -10 10 -14 12 -18 7 -20 8 -21 3 -19 6 -19 2 -28 2 -22 -1 -18 -2 -23 -6 -22 -8 -18 -9 -18 -11 -17 -12 -13 -18 -14 -21 -11 -19 -8 -21 -7 -22 -8 ],2025-05-07_20-08-01-346
CSI_DATA,PASSIVE,5C:E9:31:E8:F4:66,-77,11,0,0,0,0,0,0,0,0,0,-96,0,11,0,2301441989,0,123,0,0,2301.63,128,[123 -80 7 0 -17 -15 -15 -10 -20 -16 -17 -15 -16 -13 -13 -20 -10 -23 -10 -26 -6 -23 -6 -25 1 -27 1 -27 4 -26 6 -30 6 -28 12 -28 12 -25 17 -21 9 -23 14 -23 15 -17 14 -20 10 -16 8 -15 7 -14 0 0 0 0 0 0 0 0 0 0 0 0 0 0 0 0 0 0 0 0 0 0 11 6 14 3 13 4 14 -1 14 -4 15 -3 18 -6 15 -9 18 -9 17 -16 14 -15 13 -15 14 -14 8 -16 10 -18 5 -19 2 -17 1 -18 0 -18 -6 -14 -9 -15 -7 -15 -7 -16 -9 -17 -19 -14 -18 -15 ],2025-05-07_20-08-01-352
CSI_DATA,PASSIVE,5C:E9:31:E8:F4:66,-77,11,0,0,0,0,0,0,0,0,0,-96,0,11,0,2301442194,0,143,0,0,2301.63,128,[-113 -16 8 0 13 -16 17 -19 16 -20 19 -15 17 -15 21 -13 17 -13 23 -12 21 -11 22 -2 31 -2 28 2 28 4 29 6 32 7 29 12 31 16 28 17 27 17 24 14 22 16 20 16 20 10 17 10 17 9 0 0 0 0 0 0 0 0 0 0 0 0 0 0 0 0 0 0 0 0 0 0 -9 15 -8 14 -7 16 -2 18 -4 17 1 17 4 17 6 15 9 18 10 17 15 15 12 15 14 16 17 11 18 12 17 8 17 6 18 2 19 0 18 -4 19 -10 19 -10 16 -10 15 -13 18 -11 16 -16 ],2025-05-07_20-08-01-357
CSI_DATA,PASSIVE,5C:E9:31:E8:F4:66,-77,11,0,0,0,0,0,0,0,0,0,-96,0,11,0,2301442427,0,94,0,0,2301.64,128,[94 -32 5 0 -20 13 -17 11 -23 14 -18 14 -21 9 -19 6 -25 2 -25 2 -27 1 -26 -6 -28 -11 -26 -11 -25 -14 -29 -16 -24 -19 -26 -22 -22 -22 -20 -24 -22 -24 -20 -25 -20 -22 -18 -23 -15 -20 -17 -16 -14 -16 0 0 0 0 0 0 0 0 0 0 0 0 0 0 0 0 0 0 0 0 0 0 11 -12 8 -11 10 -14 5 -15 7 -18 4 -19 0 -18 0 -20 -2 -22 -4 -19 -5 -23 -7 -20 -5 -20 -12 -19 -11 -16 -14 -12 -15 -14 -15 -11 -17 -6 -20 -4 -19 -5 -18 3 -22 3 -23 6 -25 10 -25 7 ],2025-05-07_20-08-01-363
CSI_DATA,PASSIVE,5C:E9:31:E8:F4:66,-77,11,0,0,0,0,0,0,0,0,0,-96,0,11,0,2301442596,0,350,0,0,2301.64,128,[94 -31 21 0 -18 -15 -12 -13 -15 -18 -11 -20 -14 -17 -7 -16 -5 -22 -1 -25 -1 -24 3 -26 3 -26 5 -25 9 -25 12 -28 15 -31 20 -25 20 -23 20 -24 19 -18 20 -15 22 -15 15 -13 15 -15 13 -9 10 -14 0 0 0 0 0 0 0 0 0 0 0 0 0 0 0 0 0 0 0 0 0 0 12 10 11 6 14 6 14 4 15 1 16 1 18 -5 15 -7 18 -6 20 -8 15 -13 16 -12 17 -15 14 -14 14 -10 11 -13 6 -15 3 -15 4 -16 1 -16 1 -18 -1 -17 -3 -18 -7 -18 -11 -16 -12 -18 ],2025-05-07_20-08-01-368
CSI_DATA,PASSIVE,5C:E9:31:E8:F4:66,-77,11,0,0,0,0,0,0,0,0,0,-96,0,11,0,2301443105,0,330,0,0,2301.65,128,[74 -95 20 0 -24 3 -21 3 -21 3 -24 4 -22 4 -25 -4 -23 -1 -17 -8 -20 -6 -20 -11 -23 -12 -21 -19 -19 -22 -20 -19 -18 -25 -14 -29 -15 -25 -12 -29 -10 -27 -10 -25 -9 -23 -9 -20 -9 -20 -10 -16 -10 -17 0 0 0 0 0 0 0 0 0 0 0 0 0 0 0 0 0 0 0 0 0 0 15 -5 13 -4 13 -6 12 -7 10 -10 11 -14 8 -11 7 -14 5 -17 4 -20 2 -19 2 -20 2 -22 -2 -19 -6 -20 -6 -17 -8 -15 -11 -15 -12 -12 -13 -10 -16 -9 -16 -5 -23 -4 -21 -3 -18 -2 -20 0 ],2025-05-07_20-08-01-375
CSI_DATA,PASSIVE,5C:E9:31:E8:F4:66,-77,11,0,0,0,0,0,0,0,0,0,-96,0,11,0,2301443586,0,356,0,0,2301.65,128,[100 65 22 0 7 20 2 23 2 23 4 19 2 21 -2 25 -2 22 -7 22 -14 17 -11 23 -16 23 -15 19 -16 21 -22 17 -22 20 -25 17 -29 15 -25 12 -25 12 -25 10 -22 10 -21 10 -19 9 -17 10 -13 6 0 0 0 0 0 0 0 0 0 0 0 0 0 0 0 0 0 0 0 0 0 0 -1 -16 -4 -12 -9 -16 -6 -12 -10 -12 -13 -9 -16 -12 -16 -12 -13 -8 -21 -6 -17 -6 -20 -4 -21 -1 -18 -2 -19 -2 -19 4 -15 7 -13 10 -15 10 -9 10 -11 15 -4 15 -4 17 -5 19 -5 19 -3 21 ],2025-05-07_20-08-01-381
CSI_DATA,PASSIVE,5C:E9:31:E8:F4:66,-76,11,0,0,0,0,0,0,0,0,0,-96,0,11,0,2301444103,0,376,0,0,2301.66,128,[120 -127 23 0 19 -10 17 -7 20 -8 20 -6 21 -3 20 -3 18 -3 15 0 22 5 25 5 18 4 24 12 20 12 22 17 14 12 27 18 21 19 13 14 14 15 15 9 24 21 8 14 11 21 12 15 10 9 0 0 0 0 0 0 0 0 0 0 0 0 0 0 0 0 0 0 0 0 0 0 -14 2 -10 3 -14 4 -13 5 -12 7 -9 9 -17 9 -7 12 -8 13 -4 14 -5 16 -4 11 -2 20 -2 14 6 18 5 14 8 16 4 10 9 5 13 12 14 6 16 7 13 0 13 2 18 -3 19 -1 ],2025-05-07_20-08-01-385
CSI_DATA,PASSIVE,5C:E9:31:E8:E9:4E,-88,11,0,0,0,0,0,0,0,0,0,-96,0,11,0,2301530244,0,125,0,0,2301.7,128,[125 -48 7 0 1 -7 -13 -2 -9 -7 -15 -2 -16 1 -5 3 -7 -2 -12 4 -12 8 -16 8 -21 8 -16 15 -28 10 -24 9 -24 10 -26 12 -26 8 -26 6 -26 2 -21 2 -22 -11 -25 -6 -17 -4 -21 -10 -10 -10 0 0 0 0 0 0 0 0 0 0 0 0 0 0 0 0 0 0 0 0 0 0 -3 3 -14 9 -5 8 -5 7 1 7 0 3 -2 12 6 13 0 16 9 8 8 16 10 14 12 14 12 9 14 6 1 4 8 3 19 11 10 8 9 4 21 2 8 -2 15 -3 4 2 5 -10 1 0 ],2025-05-07_20-08-01-422
CSI_DATA,PASSIVE,5C:E9:31:E8:E9:4E,-89,11,0,0,0,0,0,0,0,0,0,-96,0,11,0,2301530453,0,205,0,0,2301.7,128,[-51 -48 12 0 -1 2 3 6 11 3 4 9 2 2 0 8 11 14 2 9 9 9 10 20 12 15 10 13 10 17 12 16 18 23 10 15 15 26 7 16 8 21 6 28 5 19 1 21 -1 11 -3 19 -7 13 0 0 0 0 0 0 0 0 0 0 0 0 0 0 0 0 0 0 0 0 0 0 5 7 8 2 6 1 11 1 7 9 15 1 15 2 16 0 12 -3 9 -10 15 -4 12 -1 13 -11 13 -13 7 -13 7 -12 12 -10 4 -13 0 -16 3 -15 4 -10 -1 -19 0 -17 -1 0 -9 -10 -6 -6 ],2025-05-07_20-08-01-427
CSI_DATA,PASSIVE,5C:E9:31:E8:E9:4E,-88,11,0,0,0,0,0,0,0,0,0,-96,0,11,0,2301533074,0,145,0,0,2301.71,128,[-111 16 9 0 5 -7 1 6 -1 -3 -2 7 6 3 8 -5 3 -13 15 -7 15 -1 11 -9 15 -12 14 -15 22 -13 21 -12 24 -18 21 -9 19 -7 23 -11 22 -6 15 -4 19 0 21 3 14 8 9 11 14 5 0 0 0 0 0 0 0 0 0 0 0 0 0 0 0 0 0 0 0 0 0 0 4 -11 -3 -8 2 -12 -3 -8 -12 -5 -7 -5 -3 -11 -7 -4 -7 -9 -10 -4 -10 -18 -16 -14 -13 -5 -16 -11 -13 0 -18 -9 -15 -1 -16 -6 -12 -1 -17 1 -18 3 -6 5 -8 7 1 9 -3 2 -4 -4 ],2025-05-07_20-08-01-433
CSI_DATA,PASSIVE,5C:E9:31:E8:E9:4E,-88,11,0,0,0,0,0,0,0,0,0,-96,0,11,0,2301533943,0,128,0,0,2301.71,128,[-128 0 8 0 2 9 12 -11 1 1 -4 -9 4 -5 -2 -13 5 -10 1 -17 0 -5 -5 -20 0 -14 0 -21 2 -26 -5 -26 3 -19 5 -27 10 -24 8 -26 15 -14 14 -17 17 -16 14 -14 12 -5 16 -5 16 -10 0 0 0 0 0 0 0 0 0 0 0 0 0 0 0 0 0 0 0 0 0 0 -13 6 -1 -1 -6 7 -14 -3 -16 -5 -12 10 -11 20 -11 10 -9 7 -7 11 -15 12 -1 13 -4 10 -11 18 -6 14 7 13 -6 23 -9 0 -3 10 -3 5 -10 9 -1 14 15 7 -11 -4 4 2 -2 2 ],2025-05-07_20-08-01-438
CSI_DATA,PASSIVE,5C:E9:31:E8:F4:66,-76,11,0,0,0,0,0,0,0,0,0,-96,0,11,0,2301544974,0,131,0,0,2301.72,128,[-125 48 8 0 5 -23 1 -21 7 -25 9 -22 10 -22 11 -21 13 -19 13 -19 16 -14 18 -13 22 -13 23 -11 28 -12 27 -9 28 -4 31 -2 32 0 32 1 31 2 29 2 25 1 24 0 22 2 20 0 19 1 0 0 0 0 0 0 0 0 0 0 0 0 0 0 0 0 0 0 0 0 0 0 -3 13 -4 14 0 13 2 12 5 11 6 13 9 12 10 13 16 10 17 10 18 12 20 8 21 5 20 7 21 4 19 0 16 -1 18 -5 17 -7 13 -9 12 -12 11 -13 11 -18 9 -20 6 -19 9 -19 ],2025-05-07_20-08-01-443
CSI_DATA,PASSIVE,5C:E9:31:E8:F4:66,-77,11,0,0,0,0,0,0,0,0,0,-96,0,11,0,2301545191,0,151,0,0,2301.72,128,[-105 112 9 0 -25 6 -23 8 -23 6 -23 7 -24 5 -24 5 -24 0 -22 0 -25 -7 -23 -9 -21 -11 -24 -15 -23 -18 -22 -19 -23 -20 -24 -23 -20 -26 -23 -25 -17 -24 -17 -23 -16 -22 -16 -20 -15 -20 -13 -17 -11 -14 0 0 0 0 0 0 0 0 0 0 0 0 0 0 0 0 0 0 0 0 0 0 14 -2 12 -6 10 -5 11 -9 11 -13 10 -15 6 -15 2 -17 -2 -18 3 -19 -2 -19 -4 -23 -2 -20 -8 -22 -8 -20 -8 -18 -13 -18 -13 -15 -15 -12 -16 -5 -22 -3 -19 -5 -21 -3 -20 4 -21 4 -21 -1 ],2025-05-07_20-08-01-450
CSI_DATA,PASSIVE,5C:E9:31:E8:F4:66,-76,11,0,0,0,0,0,0,0,0,0,-96,0,11,0,2301545436,0,128,0,0,2301.73,128,[-128 0 8 0 -5 22 -8 22 -7 22 -8 21 -9 20 -13 19 -14 22 -15 15 -17 12 -18 15 -25 12 -24 10 -27 11 -31 5 -34 1 -31 3 -33 -2 -33 -4 -29 -4 -29 -3 -28 -3 -25 -3 -24 -4 -23 0 -19 0 0 0 0 0 0 0 0 0 0 0 0 0 0 0 0 0 0 0 0 0 0 0 2 -17 2 -16 0 -15 -1 -15 -3 -14 -5 -15 -10 -12 -14 -12 -13 -10 -16 -14 -19 -11 -20 -12 -18 -8 -19 -8 -20 -4 -18 0 -19 3 -20 2 -17 4 -16 10 -15 11 -14 15 -11 14 -12 19 -8 18 -7 20 ],2025-05-07_20-08-01-455
CSI_DATA,PASSIVE,5C:E9:31:E8:F4:66,-76,11,0,0,0,0,0,0,0,0,0,-96,0,11,0,2301545866,0,108,0,0,2301.74,128,[108 -64 6 0 5 19 7 19 8 21 5 23 4 23 -1 26 0 19 -2 22 -3 22 -9 20 -13 22 -13 24 -16 23 -23 23 -18 22 -24 20 -27 20 -25 17 -22 14 -23 14 -25 13 -20 12 -20 12 -18 11 -13 12 0 0 0 0 0 0 0 0 0 0 0 0 0 0 0 0 0 0 0 0 0 0 -6 -14 -8 -12 -9 -12 -11 -10 -12 -8 -15 -7 -16 -4 -16 -5 -17 -3 -21 2 -19 2 -21 7 -19 9 -18 10 -18 9 -16 8 -12 15 -11 11 -10 19 -7 15 -6 18 -4 16 -2 17 1 17 3 17 6 19 ],2025-05-07_20-08-01-461
CSI_DATA,PASSIVE,5C:E9:31:E8:F4:66,-77,11,0,0,0,0,0,0,0,0,0,-96,0,11,0,2301546385,0,141,0,0,2301.74,128,[-115 -48 8 0 3 24 1 23 1 20 -4 24 -4 23 -8 22 -3 23 -5 18 -10 19 -16 19 -17 20 -20 16 -20 17 -24 18 -28 16 -28 9 -32 9 -26 10 -30 6 -28 7 -26 6 -25 4 -19 5 -19 5 -16 9 0 0 0 0 0 0 0 0 0 0 0 0 0 0 0 0 0 0 0 0 0 0 -4 -16 -5 -13 -7 -13 -9 -12 -12 -13 -12 -8 -17 -10 -15 -5 -17 -3 -23 -1 -20 -2 -20 1 -18 5 -24 4 -19 7 -21 10 -14 10 -13 9 -15 12 -13 16 -9 14 -7 20 -6 21 -5 20 -1 19 0 19 ],2025-05-07_20-08-01-466
CSI_DATA,PASSIVE,5C:E9:31:E8:E9:4E,-88,11,0,0,0,0,0,0,0,0,0,-96,0,11,0,2301633315,0,472,0,0,2301.8,128,[-40 -127 29 0 -4 -7 -10 -1 0 -6 -12 6 0 1 -13 11 -3 10 0 15 -1 10 8 15 2 18 6 16 13 21 10 19 1 23 3 22 2 20 -2 27 -6 16 -16 20 -7 18 -7 16 -12 15 -11 6 -11 11 0 0 0 0 0 0 0 0 0 0 0 0 0 0 0 0 0 0 0 0 0 0 8 -1 2 -4 10 -4 8 2 4 -4 18 -4 12 -4 15 -4 13 -5 8 -14 12 -16 19 -15 13 -20 4 -14 0 -18 8 -5 -2 -20 11 -16 10 -22 7 -9 -8 -17 -1 -6 -5 -6 2 -9 4 -8 4 -10 ],2025-05-07_20-08-01-526
CSI_DATA,PASSIVE,5C:E9:31:E8:E9:4E,-87,11,0,0,0,0,0,0,0,0,0,-96,0,11,0,2301635770,0,492,0,0,2301.81,128,[-20 -63 30 0 4 3 8 -13 1 4 -6 -10 -4 0 -8 -9 1 -4 1 -18 4 -13 -2 -11 -15 -25 -2 -13 1 -14 -15 -24 -1 -24 -8 -28 7 -31 4 -24 1 -18 11 -21 11 -20 11 -10 16 -7 18 -16 22 0 0 0 0 0 0 0 0 0 0 0 0 0 0 0 0 0 0 0 0 0 0 0 -1 -10 -10 4 -8 -2 0 12 -15 4 -7 10 -9 7 -8 8 -13 7 -21 8 -8 21 -5 7 -15 16 0 7 0 8 -2 7 -1 9 -3 13 -9 25 11 16 -10 10 4 20 11 7 4 5 4 2 2 -11 ],2025-05-07_20-08-01-531
CSI_DATA,PASSIVE,5C:E9:31:E8:F4:66,-76,11,0,0,0,0,0,0,0,0,0,-96,0,11,0,2301646969,0,86,0,0,2301.81,128,[86 96 5 0 -17 16 -21 17 -17 14 -20 13 -18 13 -22 11 -22 7 -23 6 -24 1 -23 0 -32 -5 -27 -6 -25 -6 -26 -8 -28 -20 -27 -16 -23 -17 -21 -20 -26 -17 -25 -14 -16 -18 -19 -15 -15 -6 -19 -13 -13 -8 0 0 0 0 0 0 0 0 0 0 0 0 0 0 0 0 0 0 0 0 0 0 3 -14 6 -15 2 -14 -2 -16 -1 -16 -4 -17 -13 -15 -8 -17 -13 -17 -14 -12 -9 -20 -15 -12 -15 -10 -18 -12 -21 -9 -22 -7 -16 -5 -21 -1 -14 1 -18 6 -19 5 -16 8 -17 8 -17 16 -19 16 -15 15 ],2025-05-07_20-08-01-540
CSI_DATA,PASSIVE,5C:E9:31:E8:F4:66,-76,11,0,0,0,0,0,0,0,0,0,-96,0,11,0,2301647126,0,330,0,0,2301.82,128,[74 -95 20 0 8 25 10 23 8 24 3 23 5 23 4 21 -1 22 -2 22 -5 22 -7 24 -9 25 -11 25 -15 22 -17 24 -18 26 -20 23 -22 22 -23 17 -24 21 -20 17 -19 15 -16 16 -14 14 -13 12 -11 11 0 0 0 0 0 0 0 0 0 0 0 0 0 0 0 0 0 0 0 0 0 0 -8 -15 -8 -13 -12 -11 -10 -10 -14 -9 -14 -5 -18 -5 -17 -6 -20 -1 -19 -1 -22 2 -22 4 -21 6 -16 6 -16 8 -16 10 -13 16 -12 12 -9 15 -6 15 -2 18 -4 19 0 17 2 20 5 22 2 23 ],2025-05-07_20-08-01-545
CSI_DATA,PASSIVE,5C:E9:31:E8:F4:66,-76,11,0,0,0,0,0,0,0,0,0,-96,0,11,0,2301647607,0,350,0,0,2301.83,128,[94 -31 21 0 20 -18 17 -17 20 -12 22 -16 21 -13 23 -11 21 -9 21 -9 25 -7 27 0 29 1 30 2 22 2 26 9 26 10 28 13 33 14 26 14 25 16 21 13 21 11 17 11 21 9 16 5 15 7 0 0 0 0 0 0 0 0 0 0 0 0 0 0 0 0 0 0 0 0 0 0 -11 12 -8 11 -10 11 -5 13 -1 18 -1 13 -1 19 1 13 5 17 5 17 11 19 8 12 10 17 12 18 16 9 16 8 12 8 17 5 20 -3 17 -1 19 -7 17 -11 21 -6 16 -9 20 -9 19 -11 ],2025-05-07_20-08-01-550
CSI_DATA,PASSIVE,5C:E9:31:E8:F4:66,-77,11,0,0,0,0,0,0,0,0,0,-96,0,11,0,2301648116,0,360,0,0,2301.83,128,[104 -127 22 0 10 -21 6 -23 4 -23 12 -22 8 -22 11 -22 14 -17 12 -17 21 -11 18 -16 22 -12 26 -5 28 -5 27 -6 28 0 29 -1 31 1 32 1 26 7 23 6 22 3 19 5 22 4 19 1 19 -2 0 0 0 0 0 0 0 0 0 0 0 0 0 0 0 0 0 0 0 0 0 0 3 16 2 11 4 14 7 11 6 11 10 15 12 15 19 9 13 7 20 10 19 8 23 6 20 0 21 1 20 7 16 -2 17 -5 17 -6 18 -8 18 -13 13 -14 14 -20 14 -23 7 -19 9 -18 9 -21 ],2025-05-07_20-08-01-556
CSI_DATA,PASSIVE,5C:E9:31:E8:F4:66,-77,11,0,0,0,0,0,0,0,0,0,-96,0,11,0,2301648637,0,380,0,0,2301.84,128,[124 -63 23 0 23 1 25 2 24 3 24 2 21 3 22 9 18 7 22 12 19 12 17 14 11 16 17 21 14 22 11 27 13 25 11 26 9 28 6 29 6 29 3 25 5 23 4 24 4 21 6 16 4 15 0 0 0 0 0 0 0 0 0 0 0 0 0 0 0 0 0 0 0 0 0 0 -16 -1 -16 1 -14 1 -11 6 -15 11 -10 6 -10 16 -8 17 -6 22 -10 18 -5 17 0 18 -6 21 -6 19 3 17 2 18 5 17 7 16 11 12 11 12 14 11 19 10 17 3 18 5 22 6 22 6 ],2025-05-07_20-08-01-561
CSI_DATA,PASSIVE,5C:E9:31:E8:F4:66,-76,11,0,0,0,0,0,0,0,0,0,-96,0,11,0,2301649186,0,131,0,0,2301.84,128,[-125 48 8 0 -28 6 -25 4 -19 5 -24 2 -25 2 -24 1 -21 -1 -22 -4 -22 -11 -22 -10 -26 -15 -20 -16 -22 -18 -15 -20 -20 -22 -17 -22 -16 -26 -19 -25 -14 -26 -13 -25 -10 -21 -11 -23 -12 -17 -9 -14 -10 -13 0 0 0 0 0 0 0 0 0 0 0 0 0 0 0 0 0 0 0 0 0 0 14 -4 10 -5 13 -10 8 -9 10 -15 7 -13 4 -19 5 -18 2 -19 0 -20 -1 -21 -2 -25 -1 -21 -9 -24 -4 -19 -11 -17 -12 -14 -14 -14 -16 -13 -14 -7 -15 -7 -17 -6 -21 0 -21 2 -23 -2 -21 2 ],2025-05-07_20-08-01-567
CSI_DATA,PASSIVE,5C:E9:31:E8:F4:66,-77,11,0,0,0,0,0,0,0,0,0,-96,0,11,0,2301649403,0,151,0,0,2301.85,128,[-105 112 9 0 18 12 19 15 15 19 16 15 14 20 12 16 6 23 7 17 8 17 -2 24 -2 27 -5 25 -4 27 -10 28 -9 24 -12 28 -15 26 -17 25 -17 21 -16 19 -19 21 -14 18 -10 17 -10 13 -7 13 0 0 0 0 0 0 0 0 0 0 0 0 0 0 0 0 0 0 0 0 0 0 -14 -6 -12 -6 -14 -1 -14 -4 -16 5 -16 0 -21 7 -17 13 -12 10 -16 15 -16 14 -18 16 -14 15 -6 18 -8 21 -4 21 -4 17 -2 16 -1 17 6 19 4 18 4 17 9 12 10 14 15 15 16 14 ],2025-05-07_20-08-01-572
CSI_DATA,PASSIVE,5C:E9:31:E8:F4:66,-76,11,0,0,0,0,0,0,0,0,0,-96,0,11,0,2301649648,0,94,0,0,2301.85,128,[94 -32 5 0 22 -5 27 -6 23 -4 26 -5 25 2 23 -1 21 2 22 7 23 4 19 10 20 14 20 18 19 19 16 23 15 21 16 24 16 25 14 26 10 22 11 22 10 21 9 20 10 18 10 17 7 11 0 0 0 0 0 0 0 0 0 0 0 0 0 0 0 0 0 0 0 0 0 0 -17 6 -15 6 -14 7 -14 9 -9 10 -8 16 -8 16 -2 16 -7 16 -1 19 4 24 -4 19 -1 22 6 21 5 17 3 19 6 17 16 12 10 16 15 11 18 6 19 6 18 -1 21 2 21 0 22 0 ],2025-05-07_20-08-01-578
CSI_DATA,PASSIVE,5C:E9:31:E8:F4:66,-77,11,0,0,0,0,0,0,0,0,0,-96,0,11,0,2301649817,0,86,0,0,2301.86,128,[86 96 5 0 10 26 13 18 9 25 14 23 7 22 8 22 6 23 4 28 1 26 -7 24 -9 28 -15 26 -14 24 -18 27 -20 22 -24 24 -24 19 -24 21 -23 17 -25 17 -23 14 -19 17 -19 11 -16 11 -13 16 0 0 0 0 0 0 0 0 0 0 0 0 0 0 0 0 0 0 0 0 0 0 -12 -11 -14 -7 -13 -11 -13 -6 -18 -3 -18 0 -19 3 -24 4 -19 7 -15 10 -19 11 -21 18 -14 22 -15 20 -18 11 -15 21 -13 17 -9 16 -6 17 -7 18 -1 19 3 23 5 23 8 25 12 21 11 24 ],2025-05-07_20-08-01-583
CSI_DATA,PASSIVE,5C:E9:31:E8:F4:66,-76,11,0,0,0,0,0,0,0,0,0,-96,0,11,0,2301649974,0,246,0,0,2301.86,128,[-10 96 15 0 17 4 18 5 16 2 19 6 18 7 16 9 13 8 13 14 13 14 11 15 10 18 5 20 8 21 7 21 4 21 1 25 0 23 -1 24 -3 20 0 21 -4 17 -1 16 -3 17 -1 12 -1 12 0 0 0 0 0 0 0 0 0 0 0 0 0 0 0 0 0 0 0 0 0 0 -12 0 -12 1 -10 3 -11 5 -10 7 -10 9 -8 9 -9 11 -7 15 -4 14 -5 15 -3 16 -2 17 -1 14 -1 17 0 15 1 15 6 11 6 11 11 10 10 10 10 9 14 8 15 5 18 4 17 4 ],2025-05-07_20-08-01-588
CSI_DATA,PASSIVE,5C:E9:31:E8:F4:66,-76,11,0,0,0,0,0,0,0,0,0,-96,0,11,0,2301653415,0,492,0,0,2301.87,128,[-20 -63 30 0 -11 22 -13 22 -12 19 -16 20 -14 20 -17 14 -20 16 -20 15 -22 9 -23 5 -23 7 -26 4 -30 0 -29 0 -29 -4 -30 -8 -29 -8 -27 -13 -27 -12 -26 -10 -25 -12 -21 -8 -18 -10 -17 -9 -18 -4 0 0 0 0 0 0 0 0 0 0 0 0 0 0 0 0 0 0 0 0 0 0 2 -17 0 -14 1 -13 -5 -14 -1 -17 -8 -12 -9 -13 -13 -16 -12 -12 -17 -14 -20 -10 -18 -11 -20 -8 -20 -7 -19 -7 -18 -6 -21 1 -21 4 -18 8 -17 3 -19 17 -17 16 -14 17 -10 15 -14 17 -11 10 ],2025-05-07_20-08-01-595
CSI_DATA,PASSIVE,5C:E9:31:E8:E9:4E,-89,11,0,0,0,0,0,0,0,0,0,-96,0,11,0,2301712245,0,425,0,0,2301.88,128,[-87 -111 26 0 -3 -6 -5 0 -1 2 -9 9 -9 6 -6 7 -4 13 -3 10 -8 12 0 19 3 9 0 21 -8 19 -7 26 -8 20 -16 16 -9 20 -11 21 -10 11 -22 15 -18 12 -13 8 -15 10 -12 3 -16 2 0 0 0 0 0 0 0 0 0 0 0 0 0 0 0 0 0 0 0 0 0 0 -1 9 6 7 3 6 8 3 12 -1 10 3 15 6 13 3 8 1 15 -4 17 -3 18 -4 19 0 13 -1 13 0 17 -1 12 -2 5 -4 16 -13 7 -10 8 -8 11 -4 -2 -8 4 -8 -3 -15 -3 -4 ],2025-05-07_20-08-01-604
CSI_DATA,PASSIVE,5C:E9:31:E8:E9:4E,-87,11,0,0,0,0,0,0,0,0,0,-96,0,11,0,2301715190,0,445,0,0,2301.88,128,[-67 -47 27 0 -6 3 -1 8 4 9 2 1 12 2 17 2 11 2 12 3 15 -4 16 -4 17 -5 19 -5 23 -14 28 -19 21 -7 19 -10 21 -8 23 -6 19 -5 17 7 22 -1 18 2 17 6 18 11 7 13 0 0 0 0 0 0 0 0 0 0 0 0 0 0 0 0 0 0 0 0 0 0 11 -2 6 -5 3 -12 -1 -5 5 -12 0 -11 4 -12 4 -7 -4 -12 -11 -13 -2 -15 -5 -19 -11 -17 -5 -12 -16 -13 -8 -10 -9 1 -4 -7 -12 -10 -6 -9 -2 -9 -15 -2 -11 1 -7 -14 -6 -13 1 4 ],2025-05-07_20-08-01-609
CSI_DATA,PASSIVE,5C:E9:31:E8:E9:4E,-89,11,0,0,0,0,0,0,0,0,0,-96,0,11,0,2301721296,0,381,0,0,2301.89,128,[125 -47 23 0 0 -4 8 -6 4 -3 -2 -6 4 -11 -2 -9 -1 -5 -7 -8 -8 -14 -5 -13 -6 -14 -14 -17 -14 -15 -2 -20 -5 -31 3 -25 0 -21 -4 -19 -7 -16 -1 -22 -2 -32 5 -19 1 -15 6 -9 6 -14 0 0 0 0 0 0 0 0 0 0 0 0 0 0 0 0 0 0 0 0 0 0 1 -9 -8 -11 -1 -10 -6 -7 -8 -10 -2 -9 -13 -7 -13 -10 -14 -8 -18 -6 -8 -5 -13 -3 -14 -10 -16 1 -13 -5 -15 3 -10 9 -20 3 -10 9 -1 8 -12 22 -5 4 -5 6 -1 11 0 4 -2 6 ],2025-05-07_20-08-01-615
CSI_DATA,PASSIVE,5C:E9:31:E8:E9:4E,-87,11,0,0,0,0,0,0,0,0,0,-96,0,11,0,2301722703,0,98,0,0,2301.9,128,[98 32 6 0 -4 0 -7 -2 -2 -2 -2 1 -6 0 -11 6 -8 9 -7 12 -6 18 -4 13 -3 10 2 22 -9 14 -4 17 -3 17 -1 26 -6 33 -8 16 -12 22 -8 22 -15 21 -10 18 -3 16 -16 4 -12 10 0 0 0 0 0 0 0 0 0 0 0 0 0 0 0 0 0 0 0 0 0 0 -8 4 -6 9 -5 12 1 9 -2 5 1 5 2 8 -4 2 9 5 9 12 9 18 11 11 6 13 16 6 15 5 8 6 8 6 11 3 5 -3 16 0 12 6 2 -6 9 -6 11 -1 2 -2 -1 -2 ],2025-05-07_20-08-01-620
CSI_DATA,PASSIVE,5C:E9:31:E8:E9:4E,-88,11,0,0,0,0,0,0,0,0,0,-96,0,11,0,2301723151,0,98,0,0,2301.9,128,[98 32 6 0 3 -3 -1 2 4 -15 2 -9 1 -10 0 -14 -2 -13 -6 -20 -13 -10 -6 -9 -6 -23 -6 -19 10 -22 -5 -28 6 -24 5 -22 3 -26 8 -19 14 -15 6 -11 19 -18 11 -10 12 -2 20 -2 14 -1 0 0 0 0 0 0 0 0 0 0 0 0 0 0 0 0 0 0 0 0 0 0 -15 1 -5 9 -16 9 -1 9 -2 17 2 10 -6 16 0 15 -1 14 -1 17 12 11 1 17 -5 13 -3 23 1 13 2 16 5 13 0 11 2 20 1 6 0 0 7 12 8 5 -1 0 6 8 5 -2 ],2025-05-07_20-08-01-625
CSI_DATA,PASSIVE,5C:E9:31:E8:E9:4E,-89,11,0,0,0,0,0,0,0,0,0,-96,0,11,0,2301734971,0,507,0,0,2301.91,128,[-5 -79 31 0 -1 1 -4 -3 7 -10 0 0 -3 1 -17 -8 -19 -15 -3 -6 -13 0 -19 -8 -26 0 -16 -6 -20 -3 -16 -5 -23 -5 -19 -2 -18 -5 -22 -2 -23 -8 -22 -5 -17 -12 -15 -5 -21 -8 -20 -9 -9 -4 0 0 0 0 0 0 0 0 0 0 0 0 0 0 0 0 0 0 0 0 0 0 4 -9 3 -13 -3 -6 -1 -11 -5 -5 -9 -5 -15 -4 -8 -6 -16 -6 -16 3 -19 -21 -12 6 -11 3 -11 -2 -21 13 -7 6 -11 8 -12 17 -18 14 -12 1 -8 16 5 9 5 16 -9 9 -2 10 -2 -3 ],2025-05-07_20-08-01-631
CSI_DATA,PASSIVE,5C:E9:31:E8:F4:66,-76,11,0,0,0,0,0,0,0,0,0,-96,0,11,0,2301747973,0,94,0,0,2301.91,128,[94 -32 5 0 21 -8 23 -14 21 -10 22 -8 25 -10 22 -8 25 -3 22 -3 25 1 26 0 29 5 27 9 28 10 29 12 28 15 29 15 25 17 26 16 25 18 21 16 19 14 20 13 19 10 15 10 13 7 0 0 0 0 0 0 0 0 0 0 0 0 0 0 0 0 0 0 0 0 0 0 -18 5 -15 8 -15 7 -11 9 -11 13 -10 12 -9 17 -5 16 -3 18 -2 19 -1 20 -1 19 -1 17 6 19 4 17 10 13 9 10 14 8 12 6 12 3 17 2 18 0 17 -5 20 -6 22 -7 19 -6 ],2025-05-07_20-08-01-639
CSI_DATA,PASSIVE,5C:E9:31:E8:F4:66,-76,11,0,0,0,0,0,0,0,0,0,-96,0,11,0,2301748142,0,425,0,0,2301.92,128,[-87 -111 26 0 10 22 10 16 12 21 11 22 9 20 6 22 4 19 4 23 1 23 -1 24 -3 25 -5 26 -8 28 -7 26 -14 27 -11 26 -16 24 -14 23 -14 22 -15 21 -14 19 -11 17 -11 14 -11 14 -7 13 0 0 0 0 0 0 0 0 0 0 0 0 0 0 0 0 0 0 0 0 0 0 -7 -16 -9 -13 -11 -14 -9 -10 -13 -11 -12 -10 -12 -8 -14 -4 -16 -2 -17 -3 -16 -1 -16 0 -17 3 -15 5 -16 7 -13 7 -7 11 -7 10 -5 13 -3 14 -2 15 3 15 4 18 5 16 8 21 7 18 ],2025-05-07_20-08-01-646
CSI_DATA,PASSIVE,5C:E9:31:E8:F4:66,-76,11,0,0,0,0,0,0,0,0,0,-96,0,11,0,2301748751,0,445,0,0,2301.93,128,[-67 -47 27 0 -25 4 -24 9 -27 1 -24 5 -26 2 -23 -1 -26 -5 -27 -3 -27 -10 -25 -11 -30 -9 -26 -14 -26 -19 -27 -23 -25 -22 -24 -26 -21 -24 -23 -27 -20 -25 -19 -24 -16 -20 -12 -19 -15 -18 -11 -13 -12 -13 0 0 0 0 0 0 0 0 0 0 0 0 0 0 0 0 0 0 0 0 0 0 16 -3 16 -3 13 -5 15 -8 14 -10 11 -12 10 -16 9 -16 9 -18 4 -21 2 -21 1 -16 1 -16 1 -18 -7 -19 -7 -16 -7 -13 -10 -12 -9 -10 -15 -7 -14 -3 -18 -4 -19 2 -20 2 -19 4 -24 2 ],2025-05-07_20-08-01-652
CSI_DATA,PASSIVE,5C:E9:31:E8:F4:66,-76,11,0,0,0,0,0,0,0,0,0,-96,0,11,0,2301749388,0,361,0,0,2301.93,128,[105 -111 22 0 16 -16 18 -19 16 -18 18 -12 23 -17 22 -16 28 -13 28 -5 18 -9 29 -10 33 4 29 -4 28 5 27 8 20 10 33 10 30 13 26 12 26 5 29 7 23 10 26 11 18 12 22 6 18 4 0 0 0 0 0 0 0 0 0 0 0 0 0 0 0 0 0 0 0 0 0 0 -13 13 -13 15 -8 12 -7 14 -5 12 -5 20 0 18 0 12 5 18 10 23 13 16 7 11 17 15 9 10 15 11 16 15 12 7 17 8 21 2 15 -1 20 -4 14 -10 17 -13 17 -14 14 -12 15 -12 ],2025-05-07_20-08-01-656
CSI_DATA,PASSIVE,5C:E9:31:E8:F4:66,-76,11,0,0,0,0,0,0,0,0,0,-96,0,11,0,2301749913,0,381,0,0,2301.94,128,[125 -47 23 0 -28 -3 -26 -3 -24 -6 -22 -5 -23 -10 -24 -11 -23 -12 -21 -14 -21 -17 -21 -19 -16 -23 -18 -24 -17 -27 -14 -27 -14 -30 -12 -31 -11 -32 -10 -32 -5 -28 -6 -28 -6 -26 -5 -24 -4 -20 -8 -19 -7 -18 0 0 0 0 0 0 0 0 0 0 0 0 0 0 0 0 0 0 0 0 0 0 18 3 14 3 14 1 14 -1 17 -6 14 -7 13 -8 14 -10 10 -13 12 -13 10 -16 11 -17 8 -19 5 -18 5 -17 -2 -17 -1 -17 -5 -16 -8 -16 -10 -12 -13 -12 -14 -10 -17 -9 -18 -11 -19 -10 -22 -8 ],2025-05-07_20-08-01-663
CSI_DATA,PASSIVE,5C:E9:31:E8:F4:66,-76,11,0,0,0,0,0,0,0,0,0,-96,0,11,0,2301750461,0,94,0,0,2301.94,128,[94 -32 5 0 19 -10 25 -9 19 -12 24 -9 22 -10 25 -5 22 -3 27 -3 22 4 25 5 23 9 28 11 27 14 27 15 27 18 27 18 27 22 27 22 20 22 20 22 18 17 18 18 16 15 15 11 14 7 0 0 0 0 0 0 0 0 0 0 0 0 0 0 0 0 0 0 0 0 0 0 -17 5 -15 5 -13 7 -12 8 -11 12 -8 15 -9 14 -6 18 -4 18 0 20 2 18 0 18 3 17 4 19 5 16 7 15 9 9 12 12 14 6 12 5 15 4 13 -2 17 -4 17 -5 22 -6 17 -5 ],2025-05-07_20-08-01-668
CSI_DATA,PASSIVE,5C:E9:31:E8:F4:66,-76,11,0,0,0,0,0,0,0,0,0,-96,0,11,0,2301750630,0,94,0,0,2301.95,128,[94 -32 5 0 14 18 16 22 12 21 10 23 9 26 7 26 7 26 3 22 2 25 0 27 -5 28 -8 31 -11 27 -12 29 -12 30 -18 29 -17 25 -19 24 -20 22 -16 24 -18 21 -16 21 -14 20 -11 15 -10 16 0 0 0 0 0 0 0 0 0 0 0 0 0 0 0 0 0 0 0 0 0 0 -9 -16 -9 -14 -9 -13 -15 -12 -12 -8 -15 -6 -16 -8 -18 -6 -18 -4 -19 1 -18 1 -19 5 -19 7 -18 6 -17 8 -11 10 -12 13 -7 13 -8 15 -5 18 3 16 1 18 2 17 7 18 8 18 5 21 ],2025-05-07_20-08-01-673
CSI_DATA,PASSIVE,5C:E9:31:E8:F4:66,-76,11,0,0,0,0,0,0,0,0,0,-96,0,11,0,2301750799,0,487,0,0,2301.95,128,[-25 113 30 0 -13 17 -19 16 -17 22 -18 19 -20 17 -23 16 -26 10 -26 10 -28 6 -25 8 -29 -1 -33 -1 -31 -1 -31 -6 -33 -8 -32 -11 -32 -10 -33 -14 -30 -14 -28 -11 -26 -11 -25 -11 -22 -9 -19 -8 -20 -3 0 0 0 0 0 0 0 0 0 0 0 0 0 0 0 0 0 0 0 0 0 0 11 -12 9 -14 6 -16 5 -12 2 -15 3 -15 -3 -17 -5 -18 -9 -16 -7 -18 -10 -20 -10 -17 -9 -17 -15 -14 -14 -11 -16 -7 -15 -7 -14 -7 -14 -1 -18 3 -16 5 -15 6 -16 9 -18 11 -15 14 -14 12 ],2025-05-07_20-08-01-680
CSI_DATA,PASSIVE,5C:E9:31:E8:F4:66,-76,11,0,0,0,0,0,0,0,0,0,-96,0,11,0,2301751492,0,507,0,0,2301.96,128,[-5 -79 31 0 17 17 14 19 13 20 16 19 14 19 11 23 7 22 7 23 4 23 3 30 1 30 -1 30 -4 32 -5 32 -8 32 -10 31 -14 32 -11 31 -13 29 -12 25 -13 23 -10 21 -9 22 -5 18 -6 15 0 0 0 0 0 0 0 0 0 0 0 0 0 0 0 0 0 0 0 0 0 0 -8 -14 -10 -11 -12 -10 -14 -7 -15 -6 -13 -4 -16 -2 -16 2 -19 1 -18 5 -18 3 -19 6 -19 8 -15 10 -13 11 -12 16 -8 13 -2 13 -5 14 -2 14 4 15 8 15 6 16 8 15 13 17 16 15 ],2025-05-07_20-08-01-685
CSI_DATA,PASSIVE,5C:E9:31:E8:F4:66,-77,11,0,0,0,0,0,0,0,0,0,-96,0,11,0,2301752209,0,94,0,0,2301.97,128,[94 -32 5 0 -9 -23 -11 -23 -9 -23 -6 -24 -10 -23 -7 -26 -5 -27 0 -27 4 -27 1 -27 4 -29 6 -31 10 -29 16 -28 13 -29 20 -28 20 -29 18 -25 18 -23 19 -23 18 -21 15 -19 12 -17 8 -16 8 -17 0 0 0 0 0 0 0 0 0 0 0 0 0 0 0 0 0 0 0 0 0 0 3 16 2 14 4 13 4 14 7 9 12 12 13 9 12 7 14 6 15 4 19 2 20 0 21 -2 19 -3 16 -4 16 -8 16 -10 12 -11 8 -15 6 -15 2 -16 3 -15 -2 -16 -3 -19 -7 -20 -6 -20 ],2025-05-07_20-08-01-691
CSI_DATA,PASSIVE,5C:E9:31:E8:E9:4E,-87,11,0,0,0,0,0,0,0,0,0,-96,0,11,0,2301827715,0,390,0,0,2301.99,128,[-122 97 24 0 -1 3 1 -2 -9 -6 -8 4 -8 -1 -12 4 -12 1 -6 -4 -10 -1 -10 9 -23 6 -13 8 -21 5 -24 4 -25 3 -22 8 -23 -2 -25 1 -15 -4 -22 -10 -19 -9 -11 -7 -19 -10 -16 -7 -9 -13 0 0 0 0 0 0 0 0 0 0 0 0 0 0 0 0 0 0 0 0 0 0 -2 8 4 10 5 7 0 8 5 11 11 5 7 11 11 13 10 4 10 6 14 -1 13 6 20 4 8 3 18 14 20 2 13 4 9 3 3 -3 16 1 3 -4 15 6 12 4 4 -13 10 -9 1 1 ],2025-05-07_20-08-01-719
CSI_DATA,PASSIVE,5C:E9:31:E8:E9:4E,-87,11,0,0,0,0,0,0,0,0,0,-96,0,11,0,2301828276,0,158,0,0,2302,128,[-98 -32 9 0 -3 -8 1 15 0 5 1 3 -5 4 -8 9 -1 6 1 12 2 13 0 16 7 14 3 16 -2 13 1 22 2 31 3 20 0 21 -7 22 -3 32 -3 21 -6 21 -10 18 -8 14 -10 12 -12 4 0 0 0 0 0 0 0 0 0 0 0 0 0 0 0 0 0 0 0 0 0 0 4 11 4 5 12 6 8 1 11 11 10 -6 12 0 3 -1 8 -6 18 -2 8 -3 13 -6 7 -4 11 -16 6 -9 12 -8 3 -9 16 -11 5 -18 8 -8 0 -22 4 -13 8 -11 7 -10 8 -2 0 -11 ],2025-05-07_20-08-01-725
CSI_DATA,PASSIVE,5C:E9:31:E8:E9:4E,-87,11,0,0,0,0,0,0,0,0,0,-96,0,11,0,2301833582,0,131,0,0,2302.01,128,[-125 48 8 0 11 5 3 -5 15 -5 1 -7 -1 -6 8 -10 7 -12 5 -19 2 -20 13 -18 0 -20 -1 -21 -4 -21 8 -21 3 -21 -3 -20 10 -21 12 -20 10 -27 19 -15 13 -12 17 -9 14 -7 21 -5 17 -2 0 0 0 0 0 0 0 0 0 0 0 0 0 0 0 0 0 0 0 0 0 0 -6 -5 -5 -13 -4 -5 -10 -5 -4 -1 -10 3 -17 0 -16 0 -16 10 -17 -3 -18 7 -26 3 -21 9 -24 7 -16 7 -10 12 -4 7 -12 7 -11 11 -10 10 -7 11 1 11 4 4 -3 2 -1 12 3 10 ],2025-05-07_20-08-01-730
CSI_DATA,PASSIVE,5C:E9:31:E8:E9:4E,-88,11,0,0,0,0,0,0,0,0,0,-96,0,11,0,2301840353,0,98,0,0,2302.01,128,[98 32 6 0 -3 2 -1 8 6 7 7 4 0 -2 5 -2 14 0 15 -3 11 4 12 -2 16 -10 24 -2 23 -3 21 1 24 0 26 1 28 8 17 0 19 7 14 6 21 6 16 8 9 8 10 11 11 15 0 0 0 0 0 0 0 0 0 0 0 0 0 0 0 0 0 0 0 0 0 0 3 -4 0 -8 4 -2 8 -7 6 -9 1 -13 1 -14 -4 -7 -3 -16 -1 -18 4 -21 -5 -17 -4 -20 -2 -12 0 -8 -8 -20 -9 -5 0 -12 -12 -3 -12 -6 -4 -2 1 -2 -7 -10 -5 -7 -9 -6 -1 4 ],2025-05-07_20-08-01-739
CSI_DATA,PASSIVE,5C:E9:31:E8:F4:66,-76,11,0,0,0,0,0,0,0,0,0,-96,0,11,0,2301850578,0,390,0,0,2302.02,128,[-122 97 24 0 -23 -22 -17 -18 -18 -21 -14 -25 -15 -22 -8 -25 -9 -26 -7 -25 -4 -25 -1 -27 0 -27 5 -34 9 -29 11 -34 14 -29 14 -30 14 -27 16 -27 18 -24 16 -20 13 -21 13 -19 11 -18 9 -16 6 -16 0 0 0 0 0 0 0 0 0 0 0 0 0 0 0 0 0 0 0 0 0 0 10 11 10 11 12 8 14 8 13 6 12 6 18 2 18 2 17 -2 20 -2 18 -8 19 -6 18 -9 17 -8 15 -9 13 -14 9 -14 5 -18 2 -16 1 -17 -1 -17 -5 -18 -9 -19 -11 -19 -14 -20 -13 -22 ],2025-05-07_20-08-01-743
CSI_DATA,PASSIVE,5C:E9:31:E8:F4:66,-76,11,0,0,0,0,0,0,0,0,0,-96,0,11,0,2301851139,0,158,0,0,2302.02,128,[-98 -32 9 0 -26 8 -26 5 -28 5 -26 4 -23 2 -25 0 -26 -1 -26 -6 -26 -7 -25 -8 -26 -13 -26 -21 -27 -20 -27 -19 -28 -21 -23 -26 -23 -24 -22 -24 -21 -24 -17 -22 -16 -22 -15 -20 -12 -14 -12 -13 -13 -12 0 0 0 0 0 0 0 0 0 0 0 0 0 0 0 0 0 0 0 0 0 0 13 1 14 -1 13 -4 14 -6 13 -9 11 -12 12 -15 8 -15 8 -19 7 -18 4 -21 4 -19 1 -20 0 -18 -3 -19 -4 -19 -8 -15 -10 -12 -10 -13 -12 -8 -19 -4 -18 -2 -20 0 -22 3 -22 4 -22 2 ],2025-05-07_20-08-01-749
CSI_DATA,PASSIVE,5C:E9:31:E8:F4:66,-76,11,0,0,0,0,0,0,0,0,0,-96,0,11,0,2301851392,0,125,0,0,2302.03,128,[125 -48 7 0 9 26 9 17 9 21 6 26 5 20 6 27 0 26 -1 24 -8 28 -9 27 -8 27 -14 29 -16 25 -17 26 -21 25 -24 24 -24 22 -23 23 -25 18 -25 17 -21 14 -17 14 -16 13 -14 14 -8 16 0 0 0 0 0 0 0 0 0 0 0 0 0 0 0 0 0 0 0 0 0 0 -4 -13 -8 -15 -8 -12 -12 -11 -11 -11 -12 -9 -13 -9 -16 -8 -20 -3 -19 -3 -21 -2 -20 -1 -22 3 -17 4 -19 5 -16 8 -12 10 -9 11 -5 13 -4 17 -6 18 -1 18 5 22 2 20 6 23 9 18 ],2025-05-07_20-08-01-754
CSI_DATA,PASSIVE,5C:E9:31:E8:F4:66,-76,11,0,0,0,0,0,0,0,0,0,-96,0,11,0,2301851601,0,145,0,0,2302.03,128,[-111 16 9 0 33 -7 23 -7 23 -2 31 -4 29 0 26 -2 22 3 27 7 24 4 25 10 20 14 26 17 25 14 24 17 25 25 24 22 18 27 18 24 13 23 13 22 14 23 11 18 12 16 12 13 11 12 0 0 0 0 0 0 0 0 0 0 0 0 0 0 0 0 0 0 0 0 0 0 -20 3 -16 0 -15 2 -17 4 -15 8 -16 8 -10 10 -12 13 -7 11 -6 17 -5 19 -5 18 -2 19 -1 18 2 20 -2 18 3 14 10 13 9 8 13 9 14 8 15 6 20 2 18 -3 18 -1 22 0 ],2025-05-07_20-08-01-759
CSI_DATA,PASSIVE,5C:E9:31:E8:F4:66,-76,11,0,0,0,0,0,0,0,0,0,-96,0,11,0,2301851838,0,108,0,0,2302.04,128,[108 -64 6 0 28 -16 26 -10 28 -8 25 -13 21 -10 22 -8 24 -9 29 -5 23 2 29 4 25 8 28 11 28 9 30 11 29 15 28 17 27 19 24 17 24 18 21 18 21 16 20 15 15 12 15 8 13 4 0 0 0 0 0 0 0 0 0 0 0 0 0 0 0 0 0 0 0 0 0 0 -15 0 -16 3 -17 6 -16 7 -17 7 -13 11 -11 15 -9 11 -9 16 -5 17 -5 20 -3 17 -2 20 -2 18 -1 15 6 15 6 11 13 12 12 9 15 6 14 6 19 3 17 -3 20 -4 23 -3 21 -2 ],2025-05-07_20-08-01-765
CSI_DATA,PASSIVE,5C:E9:31:E8:F4:66,-76,11,0,0,0,0,0,0,0,0,0,-96,0,11,0,2301852023,0,131,0,0,2302.05,128,[-125 48 8 0 26 -10 19 -12 27 -9 22 -9 23 -7 24 -8 22 0 28 -5 25 1 21 2 27 7 27 13 27 11 23 19 27 17 26 21 21 19 21 21 21 21 20 22 19 16 15 19 16 15 15 11 12 8 0 0 0 0 0 0 0 0 0 0 0 0 0 0 0 0 0 0 0 0 0 0 -16 3 -14 3 -16 7 -12 10 -15 7 -12 14 -7 15 -4 15 -3 16 -4 16 -3 18 -7 20 -1 19 3 16 1 14 11 16 11 15 11 13 10 9 15 2 19 1 21 -2 19 -6 15 -6 21 -5 22 -2 ],2025-05-07_20-08-01-770
CSI_DATA,PASSIVE,5C:E9:31:E8:F4:66,-76,11,0,0,0,0,0,0,0,0,0,-96,0,11,0,2301852240,0,151,0,0,2302.05,128,[-105 112 9 0 -24 -11 -27 -9 -21 -13 -24 -16 -21 -13 -20 -17 -17 -20 -20 -19 -15 -23 -11 -25 -10 -29 -8 -28 -7 -28 -3 -31 -1 -33 1 -33 1 -33 5 -32 6 -29 3 -25 2 -27 2 -25 2 -22 2 -20 1 -17 0 0 0 0 0 0 0 0 0 0 0 0 0 0 0 0 0 0 0 0 0 0 14 8 13 7 16 4 16 3 16 -4 17 -2 15 -4 20 -6 15 -9 14 -7 18 -13 15 -12 13 -16 10 -16 9 -16 5 -18 3 -18 -1 -16 -4 -16 -8 -14 -10 -14 -14 -13 -16 -12 -15 -11 -18 -11 -22 -13 ],2025-05-07_20-08-01-777
CSI_DATA,PASSIVE,5C:E9:31:E8:F4:66,-76,11,0,0,0,0,0,0,0,0,0,-96,0,11,0,2301852485,0,94,0,0,2302.06,128,[94 -32 5 0 -26 8 -26 9 -24 7 -27 7 -25 9 -26 4 -28 0 -25 -3 -25 -4 -27 -9 -26 -10 -28 -15 -27 -18 -26 -19 -25 -19 -23 -21 -25 -23 -23 -24 -20 -24 -18 -21 -18 -21 -16 -20 -14 -16 -14 -13 -13 -11 0 0 0 0 0 0 0 0 0 0 0 0 0 0 0 0 0 0 0 0 0 0 16 -5 16 -4 15 -6 13 -8 13 -9 11 -12 9 -13 8 -14 6 -18 6 -19 5 -19 3 -19 -1 -19 0 -20 -5 -17 -8 -17 -8 -13 -11 -13 -11 -12 -14 -6 -16 -1 -19 -2 -19 1 -19 0 -22 5 -23 3 ],2025-05-07_20-08-01-783
CSI_DATA,PASSIVE,5C:E9:31:E8:F4:66,-76,11,0,0,0,0,0,0,0,0,0,-96,0,11,0,2301852654,0,734,0,0,2302.06,128,[-34 -30 45 0 -14 -22 -13 -24 -11 -24 -14 -25 -8 -27 -6 -25 -7 -26 -5 -25 2 -27 2 -26 6 -30 7 -30 9 -32 12 -32 12 -26 17 -27 18 -29 20 -26 18 -24 17 -21 17 -20 14 -19 12 -17 11 -15 8 -15 0 0 0 0 0 0 0 0 0 0 0 0 0 0 0 0 0 0 0 0 0 0 4 15 5 12 9 15 10 14 10 11 12 9 15 8 16 7 19 4 17 3 19 1 19 -2 17 -3 16 -6 14 -3 14 -10 11 -15 11 -11 8 -13 4 -15 3 -16 -2 -18 -6 -19 -7 -19 -8 -22 -13 -23 ],2025-05-07_20-08-01-788
CSI_DATA,PASSIVE,5C:E9:31:E8:E9:4E,-88,11,0,0,0,0,0,0,0,0,0,-96,0,11,0,2301883595,0,188,0,0,2302.07,128,[-68 -64 11 0 5 -15 -9 -9 0 -1 -5 5 -7 -8 -10 -9 -7 2 -18 5 -4 -7 -8 -3 -11 3 -18 8 -18 3 -27 -1 -29 0 -23 4 -19 -4 -27 2 -25 -1 -20 -4 -23 -5 -18 -10 -14 -12 -10 -10 -5 -14 0 0 0 0 0 0 0 0 0 0 0 0 0 0 0 0 0 0 0 0 0 0 -8 3 -7 9 -8 4 -10 14 -1 12 -2 14 -16 10 9 8 -1 14 20 12 11 7 7 6 9 11 -3 22 -1 13 15 13 10 2 14 17 11 16 8 10 6 15 10 -7 14 8 15 -7 13 4 4 -3 ],2025-05-07_20-08-01-794
CSI_DATA,PASSIVE,5C:E9:31:E8:E9:4E,-87,11,0,0,0,0,0,0,0,0,0,-96,0,11,0,2301927593,0,128,0,0,2302.09,128,[-128 0 8 0 -7 -11 -1 -2 -13 2 -8 7 -3 1 -11 9 -19 1 -15 7 -11 7 -6 11 -10 14 -15 14 -13 13 -21 25 -8 7 -17 20 -14 20 -16 14 -14 6 -18 6 -23 2 -18 -1 -19 1 -13 -6 -17 -7 0 0 0 0 0 0 0 0 0 0 0 0 0 0 0 0 0 0 0 0 0 0 -6 12 -2 7 4 7 -2 11 3 4 8 6 9 14 16 10 9 8 6 9 10 4 17 11 16 5 13 10 10 5 10 1 15 2 11 -5 16 -3 11 5 8 -3 2 -4 9 -7 4 -2 11 -5 4 -4 ],2025-05-07_20-08-01-819
CSI_DATA,PASSIVE,5C:E9:31:E8:E9:4E,-87,11,0,0,0,0,0,0,0,0,0,-96,0,11,0,2301937378,0,246,0,0,2302.1,128,[-10 96 15 0 6 -3 6 -7 8 -13 -3 0 1 -4 -2 -10 -9 -13 -7 -16 -13 -16 -8 -15 -8 -20 -20 -14 -16 -21 -17 -23 -11 -22 -11 -22 -10 -27 -6 -19 -3 -19 -10 -24 -10 -25 1 -13 5 -9 5 -18 11 -8 0 0 0 0 0 0 0 0 0 0 0 0 0 0 0 0 0 0 0 0 0 0 -10 4 -10 1 -5 0 -7 2 -11 3 -5 4 -8 12 -9 5 -5 14 -8 16 -7 14 -5 17 -6 11 -5 5 -4 13 -3 12 1 4 -2 1 -6 15 1 13 0 13 6 12 3 9 7 5 9 3 -1 5 ],2025-05-07_20-08-01-829
CSI_DATA,PASSIVE,5C:E9:31:E8:E9:4E,-87,11,0,0,0,0,0,0,0,0,0,-96,0,11,0,2301938373,0,98,0,0,2302.11,128,[98 32 6 0 -7 1 6 -6 -10 -2 7 -11 -1 -8 2 -11 -4 -8 0 -11 9 -16 -8 -15 -5 -14 -2 -17 -4 -20 -3 -21 4 -23 2 -23 -4 -21 4 -24 13 -26 5 -18 4 -19 7 -21 17 -11 9 -11 11 -17 0 0 0 0 0 0 0 0 0 0 0 0 0 0 0 0 0 0 0 0 0 0 -5 -6 -8 -5 -17 2 -15 -5 -14 -4 -17 0 -21 -3 -14 -2 -11 1 -16 -1 -17 4 -14 -1 -28 -3 -21 9 -16 3 -9 8 -7 6 -11 3 -2 17 6 9 -20 7 2 5 2 7 -10 9 -1 4 -2 1 ],2025-05-07_20-08-01-835
CSI_DATA,PASSIVE,5C:E9:31:E8:F4:66,-76,11,0,0,0,0,0,0,0,0,0,-96,0,11,0,2301954693,0,158,0,0,2302.12,128,[-98 -32 9 0 28 1 27 4 26 4 27 5 22 3 19 10 21 11 19 11 18 15 17 18 16 22 14 23 13 26 12 28 10 30 9 29 8 32 3 28 5 28 3 25 1 26 4 19 5 19 5 14 6 14 0 0 0 0 0 0 0 0 0 0 0 0 0 0 0 0 0 0 0 0 0 0 -13 -1 -15 -1 -16 0 -17 5 -15 3 -15 7 -16 7 -13 10 -15 11 -12 14 -10 14 -7 17 -8 18 -4 17 -3 18 2 12 3 15 9 10 7 9 10 8 15 6 19 8 16 5 18 4 23 1 24 3 ],2025-05-07_20-08-01-846
CSI_DATA,PASSIVE,5C:E9:31:E8:F4:66,-77,11,0,0,0,0,0,0,0,0,0,-96,0,11,0,2301955115,0,188,0,0,2302.13,128,[-68 -64 11 0 29 0 23 3 27 1 21 7 29 4 21 7 21 10 22 12 22 14 19 16 20 19 17 22 19 28 15 26 15 27 14 26 10 23 11 27 10 25 8 23 6 23 7 21 8 19 8 17 10 10 0 0 0 0 0 0 0 0 0 0 0 0 0 0 0 0 0 0 0 0 0 0 -13 -6 -14 -4 -15 -1 -15 2 -16 4 -17 7 -13 7 -14 6 -13 12 -12 12 -11 15 -10 15 -13 12 -5 15 -5 14 0 15 2 12 7 15 12 7 10 10 16 4 15 5 24 4 20 3 21 -1 24 4 ],2025-05-07_20-08-01-852
CSI_DATA,PASSIVE,5C:E9:31:E8:F4:66,-76,11,0,0,0,0,0,0,0,0,0,-96,0,11,0,2301955408,0,108,0,0,2302.13,128,[108 -64 6 0 -5 24 -4 27 -6 24 -7 28 -9 22 -9 22 -12 17 -16 24 -16 19 -21 17 -26 11 -27 12 -31 12 -28 11 -29 7 -31 6 -31 3 -28 7 -29 4 -24 2 -20 4 -25 1 -21 3 -17 5 -14 5 0 0 0 0 0 0 0 0 0 0 0 0 0 0 0 0 0 0 0 0 0 0 1 -15 -1 -13 -4 -16 -6 -15 -5 -17 -6 -18 -7 -15 -12 -14 -13 -13 -13 -11 -17 -12 -16 -8 -18 -7 -15 -6 -19 -4 -15 1 -15 1 -14 6 -13 10 -13 12 -7 18 -11 18 -10 18 -6 21 0 21 -8 25 ],2025-05-07_20-08-01-857
CSI_DATA,PASSIVE,5C:E9:31:E8:F4:66,-76,11,0,0,0,0,0,0,0,0,0,-96,0,11,0,2301955593,0,128,0,0,2302.14,128,[-128 0 8 0 -15 17 -21 17 -22 21 -21 19 -19 12 -20 12 -21 13 -24 8 -26 6 -27 1 -27 1 -30 -1 -30 -4 -31 -2 -26 -9 -32 -10 -29 -9 -27 -12 -28 -12 -24 -10 -23 -12 -18 -5 -19 -4 -20 -4 -20 -3 0 0 0 0 0 0 0 0 0 0 0 0 0 0 0 0 0 0 0 0 0 0 9 -11 11 -12 7 -13 6 -12 4 -14 5 -15 1 -19 -2 -19 -6 -15 -3 -19 -10 -19 -7 -15 -10 -14 -13 -18 -12 -11 -14 -8 -15 -5 -15 -3 -17 3 -19 4 -18 8 -12 7 -16 14 -15 18 -18 14 -18 15 ],2025-05-07_20-08-01-864
CSI_DATA,PASSIVE,5C:E9:31:E8:F4:66,-77,11,0,0,0,0,0,0,0,0,0,-96,0,11,0,2301955806,0,188,0,0,2302.14,128,[-68 -64 11 0 -20 -18 -24 -22 -16 -18 -17 -18 -16 -17 -19 -26 -14 -26 -16 -31 -10 -29 -7 -26 -1 -29 1 -28 1 -34 4 -34 3 -38 5 -32 12 -32 6 -33 10 -33 8 -30 4 -27 8 -26 5 -25 4 -17 0 -18 0 0 0 0 0 0 0 0 0 0 0 0 0 0 0 0 0 0 0 0 0 0 8 12 9 11 13 10 13 6 17 6 15 2 17 0 17 2 19 -1 21 -5 19 -4 18 -5 15 -13 14 -8 13 -12 11 -14 7 -14 1 -18 -2 -17 -7 -12 -10 -19 -12 -16 -18 -21 -14 -23 -17 -16 -17 -21 ],2025-05-07_20-08-01-869
CSI_DATA,PASSIVE,5C:E9:31:E8:F4:66,-76,11,0,0,0,0,0,0,0,0,0,-96,0,11,0,2301956099,0,130,0,0,2302.15,128,[-126 32 8 0 18 -22 16 -23 19 -21 19 -21 18 -17 21 -16 21 -11 23 -12 25 -7 28 -6 30 -4 33 0 30 1 32 6 32 8 32 8 30 9 28 11 28 9 26 12 24 9 25 8 21 5 18 3 17 3 0 0 0 0 0 0 0 0 0 0 0 0 0 0 0 0 0 0 0 0 0 0 -10 13 -10 14 -6 13 -4 13 -2 15 0 18 2 18 7 18 6 20 8 20 12 18 11 15 13 10 12 12 15 10 11 7 17 5 15 1 12 -5 17 -6 15 -12 17 -12 17 -17 15 -18 17 -20 16 -20 ],2025-05-07_20-08-01-874
CSI_DATA,PASSIVE,5C:E9:31:E8:F4:66,-77,11,0,0,0,0,0,0,0,0,0,-96,0,11,0,2301956316,0,130,0,0,2302.15,128,[-126 32 8 0 -30 -2 -28 0 -25 1 -26 -3 -24 -3 -21 -8 -22 -9 -21 -11 -24 -13 -20 -18 -17 -23 -19 -21 -18 -26 -16 -27 -14 -28 -14 -27 -11 -28 -10 -28 -7 -24 -8 -25 -7 -22 -8 -20 -9 -18 -6 -14 -9 -11 0 0 0 0 0 0 0 0 0 0 0 0 0 0 0 0 0 0 0 0 0 0 14 -2 14 -3 13 -3 12 -5 12 -10 11 -10 12 -13 10 -14 9 -13 8 -17 6 -14 5 -18 5 -17 3 -19 -2 -15 -5 -16 -9 -15 -12 -15 -13 -10 -13 -8 -17 -6 -18 -4 -19 -2 -22 -1 -24 -2 -24 2 ],2025-05-07_20-08-01-881
CSI_DATA,PASSIVE,5C:E9:31:E8:F4:66,-77,11,0,0,0,0,0,0,0,0,0,-96,0,11,0,2301956533,0,148,0,0,2302.16,128,[-108 64 9 0 17 26 11 27 11 26 10 27 7 25 7 30 1 26 -1 26 -2 26 -7 28 -8 30 -15 26 -16 30 -19 29 -18 23 -22 28 -24 28 -23 24 -23 23 -20 21 -17 16 -14 17 -14 16 -10 16 -9 18 0 0 0 0 0 0 0 0 0 0 0 0 0 0 0 0 0 0 0 0 0 0 -8 -16 -8 -13 -9 -13 -12 -12 -14 -10 -16 -12 -18 -8 -21 -5 -19 -5 -22 -5 -20 -1 -22 2 -22 6 -19 6 -13 6 -13 10 -10 13 -11 14 -10 16 -2 15 -1 19 3 18 6 22 7 21 10 19 14 24 ],2025-05-07_20-08-01-886
CSI_DATA,PASSIVE,5C:E9:31:E8:F4:66,-76,11,0,0,0,0,0,0,0,0,0,-96,0,11,0,2301956774,0,148,0,0,2302.17,128,[-108 64 9 0 -25 -10 -28 -10 -26 -14 -18 -12 -22 -14 -22 -16 -17 -16 -14 -19 -15 -22 -10 -24 -11 -28 -9 -29 -9 -28 -1 -31 -3 -34 0 -30 3 -31 2 -32 5 -29 5 -28 0 -23 2 -20 1 -23 -1 -19 -4 -17 0 0 0 0 0 0 0 0 0 0 0 0 0 0 0 0 0 0 0 0 0 0 12 4 11 4 13 -1 15 0 15 -3 13 -3 17 -7 15 -7 12 -12 11 -12 12 -14 13 -17 8 -15 7 -14 5 -16 3 -17 2 -16 -7 -16 -5 -16 -6 -14 -11 -13 -14 -13 -16 -11 -16 -10 -21 -10 -21 -7 ],2025-05-07_20-08-01-892
CSI_DATA,PASSIVE,5C:E9:31:E8:F4:66,-77,11,0,0,0,0,0,0,0,0,0,-96,0,11,0,2301957015,0,148,0,0,2302.17,128,[-108 64 9 0 24 -1 28 0 23 0 24 2 24 6 24 2 23 5 24 12 22 11 21 12 19 17 19 23 17 21 18 25 17 25 15 26 12 28 14 27 13 26 10 22 10 21 11 18 11 16 10 10 12 10 0 0 0 0 0 0 0 0 0 0 0 0 0 0 0 0 0 0 0 0 0 0 -17 -3 -14 -1 -13 1 -14 5 -14 5 -14 8 -11 8 -13 9 -13 16 -12 14 -8 18 -11 16 -9 16 -6 15 0 15 -3 14 2 12 5 11 8 10 13 8 16 5 19 4 20 2 21 3 23 -1 24 -1 ],2025-05-07_20-08-01-897
CSI_DATA,PASSIVE,5C:E9:31:E8:E9:4E,-87,11,0,0,0,0,0,0,0,0,0,-96,0,11,0,2302028645,0,158,0,0,2302.2,128,[-98 -32 9 0 -9 5 -6 -3 -6 3 -7 3 -5 2 -15 5 -4 5 -7 2 -10 8 -11 14 -15 13 -17 21 -8 20 -9 25 -19 20 -14 18 -20 16 -21 13 -25 11 -22 11 -19 2 -19 7 -18 -3 -18 0 -13 0 0 0 0 0 0 0 0 0 0 0 0 0 0 0 0 0 0 0 0 0 0 0 -9 5 -2 8 -4 14 -4 0 0 6 2 5 6 12 5 11 2 16 11 6 12 8 10 14 17 13 11 12 16 8 10 7 19 14 12 6 12 10 9 2 8 -5 14 -7 3 -6 8 -8 6 -2 -5 -7 ],2025-05-07_20-08-01-920
CSI_DATA,PASSIVE,5C:E9:31:E8:E9:4E,-88,11,0,0,0,0,0,0,0,0,0,-96,0,11,0,2302032615,0,98,0,0,2302.2,128,[98 32 6 0 -13 6 0 13 2 5 1 1 15 -1 13 0 2 -3 16 -11 14 -8 12 -4 14 -13 17 -21 13 -15 17 -14 21 -18 26 -13 19 -18 24 -5 28 -4 16 -1 9 0 16 -1 17 0 16 0 7 8 0 0 0 0 0 0 0 0 0 0 0 0 0 0 0 0 0 0 0 0 0 0 1 -13 3 -7 -2 -8 -2 -5 -2 -5 -8 -19 -2 -10 -12 -3 -13 -9 -9 -9 -14 -11 -6 -17 -18 -17 -17 -6 -16 -6 -15 -9 -14 -12 -21 -3 -16 -12 -16 -4 -14 1 -24 5 -15 5 -7 -2 -3 9 -6 2 ],2025-05-07_20-08-01-926
CSI_DATA,PASSIVE,5C:E9:31:E8:E9:4E,-87,11,0,0,0,0,0,0,0,0,0,-96,0,11,0,2302046230,0,98,0,0,2302.21,128,[98 32 6 0 1 -4 -2 4 3 4 2 1 6 3 8 3 12 7 4 -2 10 5 19 -3 16 2 26 -2 22 7 24 -2 22 -1 20 4 26 -1 22 6 22 4 25 7 21 9 19 6 10 8 11 12 7 16 0 0 0 0 0 0 0 0 0 0 0 0 0 0 0 0 0 0 0 0 0 0 7 1 10 2 8 1 5 -3 12 -6 4 -4 13 -11 5 -7 7 -16 12 -12 13 -16 13 -13 8 -18 11 -22 6 -14 2 -10 -3 -14 3 -17 -5 -17 -5 -11 -6 -7 -8 -9 -7 -8 -9 -10 -4 -3 7 1 ],2025-05-07_20-08-01-938
CSI_DATA,PASSIVE,5C:E9:31:E8:F4:66,-77,11,0,0,0,0,0,0,0,0,0,-96,0,11,0,2302055161,0,205,0,0,2302.22,128,[-51 -48 12 0 20 17 15 17 11 20 10 20 9 22 10 25 2 22 5 23 3 26 -1 27 0 28 -3 30 -7 33 -6 31 -10 29 -13 31 -13 29 -14 29 -13 26 -11 23 -10 24 -9 23 -7 19 -6 16 -2 13 0 0 0 0 0 0 0 0 0 0 0 0 0 0 0 0 0 0 0 0 0 0 0 -15 -3 -13 -5 -16 -7 -15 -8 -13 -8 -12 -12 -12 -12 -8 -14 -9 -13 -7 -16 -6 -18 -3 -16 -4 -13 -1 -15 3 -12 6 -5 8 -9 9 -4 12 -4 12 1 18 4 18 6 17 6 18 12 20 11 18 ],2025-05-07_20-08-01-948
CSI_DATA,PASSIVE,5C:E9:31:E8:F4:66,-76,11,0,0,0,0,0,0,0,0,0,-96,0,11,0,2302056540,0,158,0,0,2302.23,128,[-98 -32 9 0 21 -12 19 -16 20 -10 25 -11 23 -14 22 -10 23 -2 23 -1 26 4 29 2 29 4 27 8 28 11 29 13 26 10 28 13 28 12 26 18 24 14 23 13 21 11 18 10 18 9 15 7 14 4 0 0 0 0 0 0 0 0 0 0 0 0 0 0 0 0 0 0 0 0 0 0 -17 -2 -14 2 -16 3 -12 3 -14 7 -11 11 -13 10 -12 14 -9 14 -7 15 -5 14 -3 15 -2 12 2 13 2 13 3 12 5 6 9 8 7 4 14 0 19 -3 17 -3 17 -6 19 -7 17 -8 18 -7 ],2025-05-07_20-08-01-953
CSI_DATA,PASSIVE,5C:E9:31:E8:F4:66,-76,11,0,0,0,0,0,0,0,0,0,-96,0,11,0,2302056793,0,94,0,0,2302.23,128,[94 -32 5 0 -13 -23 -14 -20 -10 -22 -7 -24 -7 -24 -7 -29 -4 -28 -1 -27 1 -23 2 -24 7 -31 6 -29 8 -28 11 -28 19 -33 14 -26 17 -26 11 -26 10 -22 13 -22 14 -18 8 -17 13 -14 9 -16 4 -13 0 0 0 0 0 0 0 0 0 0 0 0 0 0 0 0 0 0 0 0 0 0 4 15 5 14 7 15 1 13 6 12 7 12 13 12 12 4 11 4 14 2 13 6 16 3 15 0 10 -5 8 -1 11 -5 11 -5 6 -9 8 -16 2 -11 1 -16 -5 -18 -8 -18 -7 -20 -9 -22 -9 -18 ],2025-05-07_20-08-01-958
CSI_DATA,PASSIVE,5C:E9:31:E8:F4:66,-76,11,0,0,0,0,0,0,0,0,0,-96,0,11,0,2302057952,0,94,0,0,2302.24,128,[94 -32 5 0 -27 10 -22 8 -24 11 -25 6 -22 4 -23 3 -24 2 -25 -1 -25 -4 -26 -8 -29 -9 -28 -11 -29 -15 -29 -17 -27 -17 -29 -20 -27 -20 -27 -17 -23 -21 -22 -19 -19 -15 -17 -16 -18 -11 -13 -10 -15 -6 0 0 0 0 0 0 0 0 0 0 0 0 0 0 0 0 0 0 0 0 0 0 15 -2 15 -4 15 -6 12 -9 12 -8 10 -11 11 -14 8 -14 3 -15 5 -17 4 -16 2 -15 1 -15 -4 -14 -6 -12 -4 -12 -7 -10 -15 -6 -13 -5 -15 0 -18 2 -19 6 -19 2 -18 8 -21 7 -21 7 ],2025-05-07_20-08-01-964
CSI_DATA,PASSIVE,5C:E9:31:E8:E9:4E,-86,11,0,0,0,0,0,0,0,0,0,-96,0,11,0,2302093032,0,131,0,0,2302.26,128,[-125 48 8 0 4 2 12 3 10 6 10 11 3 12 3 1 11 11 13 5 15 3 10 -6 8 -11 22 -3 16 -3 21 -9 24 -5 25 0 20 -3 22 -1 16 3 28 6 16 9 17 5 18 6 10 3 10 7 0 0 0 0 0 0 0 0 0 0 0 0 0 0 0 0 0 0 0 0 0 0 6 2 5 -5 8 -2 2 3 15 -8 6 -9 13 -10 10 -8 8 -15 15 -11 5 -19 6 -15 5 -11 3 -17 8 -18 4 -17 1 -12 -3 -20 -7 -17 5 -8 -3 -19 -1 -4 -6 -4 -4 0 10 1 -8 3 ],2025-05-07_20-08-01-984
CSI_DATA,PASSIVE,5C:E9:31:E8:E9:4E,-87,11,0,0,0,0,0,0,0,0,0,-96,0,11,0,2302093249,0,151,0,0,2302.26,128,[-105 112 9 0 -6 -2 5 -4 -7 -9 2 -11 4 -6 2 -3 4 -12 -1 -12 -9 -9 -4 -17 -2 -19 2 -23 -5 -22 5 -22 -9 -17 0 -20 -3 -25 -3 -24 8 -22 3 -16 11 -27 7 -15 7 -12 4 -14 8 -8 0 0 0 0 0 0 0 0 0 0 0 0 0 0 0 0 0 0 0 0 0 0 -9 -9 -4 -6 -14 -8 -6 -4 -13 -1 -14 1 -17 1 -12 3 -17 3 -20 3 -16 4 -5 0 -15 14 -13 15 -16 7 -25 9 -15 12 -15 9 -10 11 -10 9 -2 17 -7 12 7 10 -2 9 5 10 0 2 ],2025-05-07_20-08-01-990
CSI_DATA,PASSIVE,5C:E9:31:E8:E9:4E,-87,11,0,0,0,0,0,0,0,0,0,-96,0,11,0,2302141797,0,160,0,0,2302.31,128,[-96 0 10 0 14 -10 -1 -10 1 -4 10 -7 -10 -6 0 -12 3 -18 -9 -5 -3 -11 -2 -12 -15 -21 -8 -21 -9 -23 -13 -19 -14 -23 -13 -24 -3 -28 -6 -24 4 -19 0 -28 -3 -24 4 -16 12 -24 5 -16 8 -12 0 0 0 0 0 0 0 0 0 0 0 0 0 0 0 0 0 0 0 0 0 0 -13 1 -10 3 -11 1 -14 0 -10 3 -10 9 -12 6 -17 4 -6 2 -11 8 -13 5 -10 10 -14 12 -17 17 -15 5 -6 17 -4 15 -16 18 -12 15 -5 10 -1 9 11 5 1 6 5 8 3 4 7 8 ],2025-05-07_20-08-02-34
CSI_DATA,PASSIVE,5C:E9:31:E8:F4:66,-77,11,0,0,0,0,0,0,0,0,0,-96,0,11,0,2302157473,0,130,0,0,2302.32,128,[-126 32 8 0 -20 15 -18 14 -21 15 -24 15 -17 9 -20 11 -20 9 -27 9 -30 3 -25 6 -29 3 -29 -7 -28 -6 -43 -7 -36 -5 -29 -6 -36 -7 -33 -17 -33 -10 -29 -7 -29 -8 -31 -12 -23 -5 -21 -6 -14 -3 0 0 0 0 0 0 0 0 0 0 0 0 0 0 0 0 0 0 0 0 0 0 19 -5 12 -9 12 -7 11 -12 12 -12 10 -14 3 -10 7 -18 2 -20 2 -14 -3 -17 3 -19 2 -9 -4 -17 -4 -11 -12 -7 -9 -8 -12 -4 -13 -2 -16 0 -17 -1 -19 3 -20 8 -21 11 -20 12 -17 9 ],2025-05-07_20-08-02-49
CSI_DATA,PASSIVE,5C:E9:31:E8:F4:66,-77,11,0,0,0,0,0,0,0,0,0,-96,0,11,0,2302157690,0,131,0,0,2302.33,128,[-125 48 8 0 26 -7 24 -4 23 -3 19 -2 24 -7 22 2 23 1 23 3 22 8 26 6 30 10 24 10 27 17 23 15 26 22 27 28 32 28 25 26 22 22 20 18 17 18 17 14 13 22 14 16 11 4 0 0 0 0 0 0 0 0 0 0 0 0 0 0 0 0 0 0 0 0 0 0 -17 1 -14 -1 -13 3 -13 1 -17 4 -11 4 -11 9 -15 9 -5 13 -13 14 -6 13 -11 13 -4 12 3 13 4 18 7 15 12 9 7 8 9 11 14 9 14 6 13 0 19 2 17 -3 19 -1 21 -2 ],2025-05-07_20-08-02-54
CSI_DATA,PASSIVE,5C:E9:31:E8:F4:66,-76,11,0,0,0,0,0,0,0,0,0,-96,0,11,0,2302157906,0,151,0,0,2302.34,128,[-105 112 9 0 -12 -19 -13 -17 -13 -17 -14 -18 -15 -21 -12 -25 -8 -23 -7 -23 -5 -26 -3 -28 2 -34 1 -30 1 -33 2 -29 11 -35 9 -34 8 -31 12 -30 13 -31 10 -27 10 -24 9 -22 3 -22 4 -19 3 -15 0 0 0 0 0 0 0 0 0 0 0 0 0 0 0 0 0 0 0 0 0 0 5 15 6 15 6 13 8 12 10 11 12 13 11 10 11 7 12 5 17 2 16 2 14 -2 14 -6 14 -6 11 -7 6 -10 4 -14 6 -11 4 -17 -1 -16 -3 -18 -9 -17 -7 -18 -9 -20 -10 -19 -13 -15 ],2025-05-07_20-08-02-61
CSI_DATA,PASSIVE,5C:E9:31:E8:F4:66,-76,11,0,0,0,0,0,0,0,0,0,-96,0,11,0,2302158151,0,158,0,0,2302.34,128,[-98 -32 9 0 -21 -8 -26 -6 -20 -10 -22 -12 -19 -7 -22 -15 -14 -21 -22 -21 -19 -19 -10 -20 -14 -23 -12 -30 -10 -27 -7 -35 -10 -34 -5 -38 -3 -33 -2 -32 -1 -31 0 -28 -1 -27 -1 -25 -2 -21 0 -19 -4 -18 0 0 0 0 0 0 0 0 0 0 0 0 0 0 0 0 0 0 0 0 0 0 9 11 11 10 12 7 13 6 14 4 13 1 17 0 14 1 14 -3 13 -5 14 -9 9 -9 11 -12 8 -10 2 -9 8 -10 2 -14 -1 -13 -5 -13 -8 -11 -7 -11 -14 -12 -14 -16 -20 -16 -19 -12 -17 -11 ],2025-05-07_20-08-02-66
CSI_DATA,PASSIVE,5C:E9:31:E8:F4:66,-76,11,0,0,0,0,0,0,0,0,0,-96,0,11,0,2302158404,0,94,0,0,2302.35,128,[94 -32 5 0 -16 22 -13 20 -12 21 -15 21 -14 15 -16 12 -18 16 -18 16 -18 8 -24 10 -30 9 -27 10 -30 5 -33 1 -35 2 -34 0 -33 -2 -31 -3 -28 -5 -30 -4 -26 -4 -26 -4 -22 0 -19 0 -18 0 0 0 0 0 0 0 0 0 0 0 0 0 0 0 0 0 0 0 0 0 0 0 13 -10 9 -12 8 -14 7 -13 6 -15 4 -16 1 -15 3 -14 0 -18 -6 -13 -6 -16 -9 -12 -12 -11 -9 -8 -13 -9 -13 -3 -17 -1 -18 -3 -15 4 -13 4 -14 9 -14 10 -15 12 -14 13 -16 14 -17 16 ],2025-05-07_20-08-02-72
CSI_DATA,PASSIVE,5C:E9:31:E8:F4:66,-76,11,0,0,0,0,0,0,0,0,0,-96,0,11,0,2302158573,0,330,0,0,2302.35,128,[74 -95 20 0 -22 -5 -24 -7 -18 -7 -21 -13 -21 -12 -18 -16 -16 -22 -18 -17 -17 -22 -18 -16 -17 -23 -14 -26 -15 -27 -14 -32 -8 -34 -10 -33 -8 -31 -8 -32 -5 -28 -5 -29 -4 -29 -5 -24 -4 -20 -5 -20 -4 -16 0 0 0 0 0 0 0 0 0 0 0 0 0 0 0 0 0 0 0 0 0 0 11 11 9 9 14 5 12 4 13 2 14 5 15 2 14 3 15 -5 16 -6 14 -6 13 -6 13 -8 9 -9 2 -10 2 -16 -1 -18 -2 -13 -4 -15 -3 -13 -10 -15 -11 -12 -15 -12 -17 -13 -20 -11 -18 -11 ],2025-05-07_20-08-02-78
CSI_DATA,PASSIVE,5C:E9:31:E8:F4:66,-76,11,0,0,0,0,0,0,0,0,0,-96,0,11,0,2302159054,0,350,0,0,2302.36,128,[94 -31 21 0 8 24 8 23 3 29 2 25 3 22 3 27 -3 25 0 29 -3 29 -7 28 -10 30 -18 32 -16 30 -19 32 -19 29 -22 31 -23 26 -26 28 -24 25 -20 21 -20 20 -19 18 -16 19 -14 14 -10 11 0 0 0 0 0 0 0 0 0 0 0 0 0 0 0 0 0 0 0 0 0 0 5 -19 4 -18 2 -18 2 -16 -4 -16 -6 -18 -6 -19 -10 -14 -10 -11 -11 -12 -12 -10 -16 -10 -17 -1 -14 -3 -16 -1 -16 5 -11 8 -12 8 -12 13 -9 13 -6 18 -8 20 -6 19 -4 20 0 22 -1 24 ],2025-05-07_20-08-02-84
CSI_DATA,PASSIVE,5C:E9:31:E8:F4:66,-77,11,0,0,0,0,0,0,0,0,0,-96,0,11,0,2302159563,0,380,0,0,2302.36,128,[124 -63 23 0 20 8 20 7 22 10 20 12 19 8 22 11 16 11 18 18 18 21 20 23 13 27 11 24 12 33 7 32 3 33 6 31 2 30 4 30 0 27 3 27 0 26 1 21 1 21 5 20 2 12 0 0 0 0 0 0 0 0 0 0 0 0 0 0 0 0 0 0 0 0 0 0 -10 -12 -12 -13 -13 -8 -14 -11 -15 -6 -14 -6 -17 -3 -17 -1 -17 0 -12 4 -12 6 -13 9 -17 8 -7 13 -6 10 -5 14 -2 15 4 14 4 14 6 14 10 15 12 11 11 11 16 12 20 13 18 11 ],2025-05-07_20-08-02-88
CSI_DATA,PASSIVE,5C:E9:31:E8:F4:66,-76,11,0,0,0,0,0,0,0,0,0,-96,0,11,0,2302160112,0,400,0,0,2302.37,128,[-112 1 25 0 -23 -5 -27 -1 -22 -1 -27 -6 -27 -5 -24 -10 -23 -9 -23 -10 -23 -15 -23 -15 -20 -16 -25 -23 -26 -25 -19 -26 -23 -26 -21 -27 -18 -27 -15 -27 -16 -26 -11 -25 -10 -23 -13 -20 -11 -21 -10 -16 -12 -12 0 0 0 0 0 0 0 0 0 0 0 0 0 0 0 0 0 0 0 0 0 0 10 10 12 8 11 5 12 6 13 3 11 1 11 1 13 -5 15 -5 10 -8 10 -10 9 -14 10 -11 6 -13 1 -13 -2 -15 -5 -14 -6 -17 -10 -14 -11 -13 -10 -14 -14 -9 -19 -7 -18 -6 -20 -9 -23 -8 ],2025-05-07_20-08-02-95
CSI_DATA,PASSIVE,5C:E9:31:E8:F4:66,-77,11,0,0,0,0,0,0,0,0,0,-96,0,11,0,2302160689,0,151,0,0,2302.38,128,[-105 112 9 0 21 4 20 3 22 4 21 6 22 7 22 6 19 13 20 11 22 13 20 19 19 20 20 23 16 27 17 28 16 28 15 30 15 30 10 31 10 28 8 26 9 24 9 23 9 16 6 15 7 12 0 0 0 0 0 0 0 0 0 0 0 0 0 0 0 0 0 0 0 0 0 0 -12 -11 -11 -10 -12 -8 -13 -7 -13 -4 -12 -5 -13 -2 -12 2 -13 4 -11 6 -11 6 -12 10 -10 11 -8 9 -4 13 -3 13 1 13 2 14 6 15 7 14 12 11 16 8 14 8 16 7 18 4 20 8 ],2025-05-07_20-08-02-100
CSI_DATA,PASSIVE,5C:E9:31:E8:E9:4E,-86,11,0,0,0,0,0,0,0,0,0,-96,0,11,0,2302221455,0,158,0,0,2302.39,128,[-98 -32 9 0 5 -2 0 -6 -2 -5 -3 -12 -4 -6 -6 -13 -13 -5 -11 -10 -4 -16 -16 -9 -19 -13 -20 -5 -15 -10 -17 -13 -15 -11 -19 -19 -20 -18 -19 -18 -17 -27 -11 -18 -10 -21 -4 -16 -4 -18 1 -18 4 -18 0 0 0 0 0 0 0 0 0 0 0 0 0 0 0 0 0 0 0 0 0 0 -9 2 -11 0 -11 2 -7 9 -4 2 -11 8 -11 15 -1 9 -2 21 -6 18 -6 19 -1 16 -7 22 2 16 -1 18 -8 18 6 12 7 16 0 14 9 14 7 14 -3 2 7 6 3 1 5 -1 5 3 ],2025-05-07_20-08-02-113
CSI_DATA,PASSIVE,5C:E9:31:E8:E9:4E,-88,11,0,0,0,0,0,0,0,0,0,-96,0,11,0,2302221983,0,130,0,0,2302.39,128,[-126 32 8 0 0 -2 -6 2 -6 0 -4 -2 -8 7 -10 10 -4 0 -7 6 -8 6 -16 11 -8 14 -13 17 -11 18 -12 18 -11 21 -14 19 -20 16 -18 18 -18 10 -17 4 -22 8 -24 8 -18 3 -15 0 -17 2 0 0 0 0 0 0 0 0 0 0 0 0 0 0 0 0 0 0 0 0 0 0 3 9 7 11 5 6 4 8 14 8 12 0 13 -4 6 5 18 0 17 8 14 -2 18 2 18 8 13 -8 18 2 9 -6 12 -4 16 -6 11 -4 12 -6 14 -6 -2 -9 12 -4 10 -5 3 -4 9 2 ],2025-05-07_20-08-02-118
CSI_DATA,PASSIVE,5C:E9:31:E8:E9:4E,-86,11,0,0,0,0,0,0,0,0,0,-96,0,11,0,2302235710,0,120,0,0,2302.4,128,[120 -128 7 0 -3 2 -3 -16 1 -1 -3 -8 -12 -6 -3 -11 -9 -6 -13 -5 -8 -4 -6 7 -15 4 -26 4 -21 -1 -22 -1 -27 -7 -24 0 -20 -4 -23 -10 -21 -9 -29 -11 -21 -5 -21 -10 -20 -11 -13 -9 -13 -12 0 0 0 0 0 0 0 0 0 0 0 0 0 0 0 0 0 0 0 0 0 0 -7 1 -7 -5 -6 -4 -10 -2 -1 5 -14 8 -15 10 -12 9 -19 14 -8 12 -5 10 -9 9 -6 13 -8 16 -2 21 -5 13 3 15 2 11 9 6 6 8 10 10 7 5 7 9 7 13 4 7 4 1 ],2025-05-07_20-08-02-128
CSI_DATA,PASSIVE,5C:E9:31:E8:E9:4E,-88,11,0,0,0,0,0,0,0,0,0,-96,0,11,0,2302239277,0,120,0,0,2302.41,128,[120 -128 7 0 -2 0 -2 2 -8 0 -1 4 -13 -2 -6 5 -3 8 -11 14 -7 8 -11 5 -9 16 -4 13 -15 20 -12 24 -6 24 -23 19 -10 17 -17 7 -24 15 -19 12 -21 11 -15 8 -18 0 -17 8 -18 -2 0 0 0 0 0 0 0 0 0 0 0 0 0 0 0 0 0 0 0 0 0 0 -7 9 -2 6 -3 9 4 4 4 9 0 9 1 14 7 6 9 8 12 10 12 -1 20 7 15 8 16 8 17 13 9 2 10 -1 11 -4 12 1 8 -9 4 -6 13 -7 12 1 4 -7 -3 -9 0 -2 ],2025-05-07_20-08-02-133
CSI_DATA,PASSIVE,5C:E9:31:E8:E9:4E,-88,11,0,0,0,0,0,0,0,0,0,-96,0,11,0,2302240045,0,140,0,0,2302.41,128,[-116 -64 8 0 -3 -2 2 0 3 2 7 -11 12 -6 13 0 7 -19 6 -10 11 -15 4 -23 -1 -13 -2 -26 2 -24 4 -23 8 -19 11 -21 7 -25 9 -21 13 -16 19 -22 16 -10 5 -9 9 -7 20 -6 15 0 0 0 0 0 0 0 0 0 0 0 0 0 0 0 0 0 0 0 0 0 0 0 -2 0 -4 -10 -7 -9 -16 -7 -8 -6 -11 3 -14 -7 -17 4 -22 4 -21 -4 -19 4 -19 5 -16 0 -20 2 -21 3 -15 7 -10 4 -16 5 -8 12 -16 4 -17 3 -9 6 -8 4 3 11 -1 11 5 0 ],2025-05-07_20-08-02-138
CSI_DATA,PASSIVE,5C:E9:31:E8:F4:66,-77,11,0,0,0,0,0,0,0,0,0,-96,0,11,0,2302259819,0,158,0,0,2302.43,128,[-98 -32 9 0 -24 13 -20 11 -23 11 -22 11 -21 13 -25 11 -22 6 -27 5 -30 3 -28 3 -27 -1 -29 -6 -33 -6 -31 -8 -27 -10 -31 -10 -30 -11 -27 -9 -26 -11 -25 -12 -23 -10 -19 -9 -18 -4 -17 -2 -15 -2 0 0 0 0 0 0 0 0 0 0 0 0 0 0 0 0 0 0 0 0 0 0 15 -2 16 -1 14 -5 12 -4 12 -8 11 -11 10 -9 7 -12 7 -14 5 -11 0 -14 1 -14 -2 -14 -4 -11 -7 -10 -6 -9 -9 -7 -14 -9 -15 -3 -18 -1 -15 1 -19 6 -21 6 -18 10 -23 10 -23 6 ],2025-05-07_20-08-02-152
CSI_DATA,PASSIVE,5C:E9:31:E8:F4:66,-76,11,0,0,0,0,0,0,0,0,0,-96,0,11,0,2302260072,0,130,0,0,2302.43,128,[-126 32 8 0 11 23 13 21 11 20 12 21 9 22 7 21 7 22 1 28 3 22 1 27 -5 29 -7 30 -5 27 -9 28 -10 30 -14 28 -14 29 -15 27 -15 24 -16 25 -13 22 -10 18 -8 16 -5 18 -4 16 0 0 0 0 0 0 0 0 0 0 0 0 0 0 0 0 0 0 0 0 0 0 -5 -14 -3 -13 -7 -14 -7 -12 -8 -11 -11 -11 -12 -10 -13 -8 -13 -7 -13 -6 -13 -2 -14 -2 -13 5 -11 3 -12 6 -6 9 -9 11 -5 13 -2 14 1 15 3 18 4 19 7 20 9 19 10 18 10 20 ],2025-05-07_20-08-02-158
CSI_DATA,PASSIVE,5C:E9:31:E8:F4:66,-77,11,0,0,0,0,0,0,0,0,0,-96,0,11,0,2302260289,0,120,0,0,2302.44,128,[120 -128 7 0 15 -29 10 -22 13 -26 16 -23 16 -17 16 -20 18 -19 20 -24 24 -15 21 -20 29 -12 30 -15 32 -9 35 -15 34 -11 36 -10 33 -12 34 -5 34 -5 28 -4 26 -5 23 -6 22 -9 18 -5 11 -11 0 0 0 0 0 0 0 0 0 0 0 0 0 0 0 0 0 0 0 0 0 0 -15 11 -13 8 -12 12 -10 14 -10 14 -6 14 -3 15 -2 13 -3 18 2 14 3 18 4 14 8 6 7 8 7 11 15 5 13 1 11 -1 19 -4 11 -8 13 -16 13 -17 16 -18 13 -21 13 -22 13 -17 ],2025-05-07_20-08-02-163
CSI_DATA,PASSIVE,5C:E9:31:E8:F4:66,-77,11,0,0,0,0,0,0,0,0,0,-96,0,11,0,2302260490,0,140,0,0,2302.44,128,[-116 -64 8 0 -4 -25 -3 -23 1 -26 -2 -25 3 -22 4 -24 5 -19 7 -24 10 -21 12 -20 14 -26 20 -22 18 -24 18 -23 24 -19 26 -19 30 -17 24 -14 26 -12 21 -12 20 -11 20 -10 18 -8 11 -14 11 -10 0 0 0 0 0 0 0 0 0 0 0 0 0 0 0 0 0 0 0 0 0 0 0 15 6 17 2 13 4 14 6 12 7 10 6 12 9 9 11 8 12 6 11 4 15 1 14 0 11 -2 9 -3 10 -4 10 -9 7 -11 9 -15 2 -15 1 -21 -2 -21 -1 -22 0 -24 -4 -19 -5 -26 ],2025-05-07_20-08-02-168
CSI_DATA,PASSIVE,5C:E9:31:E8:F4:66,-77,11,0,0,0,0,0,0,0,0,0,-96,0,11,0,2302260719,0,120,0,0,2302.45,128,[120 -128 7 0 -15 -28 -20 -18 -19 -23 -18 -21 -15 -25 -15 -20 -10 -28 -12 -26 -10 -24 -10 -27 -7 -35 -4 -32 0 -33 2 -37 2 -34 3 -36 7 -35 7 -34 6 -33 4 -29 3 -27 5 -23 0 -23 1 -17 1 -20 0 0 0 0 0 0 0 0 0 0 0 0 0 0 0 0 0 0 0 0 0 0 5 14 4 16 6 14 10 16 10 10 11 13 11 10 14 10 14 5 15 2 15 3 14 0 12 -6 11 -4 7 -9 7 -12 3 -16 3 -12 -2 -17 -5 -21 -8 -18 -15 -21 -12 -23 -14 -20 -14 -22 -14 -22 ],2025-05-07_20-08-02-175
CSI_DATA,PASSIVE,5C:E9:31:E8:F4:66,-77,11,0,0,0,0,0,0,0,0,0,-96,0,11,0,2302260920,0,140,0,0,2302.45,128,[-116 -64 8 0 -21 -13 -18 -16 -16 -13 -20 -17 -11 -16 -17 -20 -13 -18 -9 -25 -11 -23 -7 -27 -6 -24 -6 -30 -6 -33 -7 -32 -1 -33 1 -33 1 -30 2 -30 6 -26 5 -26 1 -24 0 -24 -1 -19 -1 -13 -6 -17 0 0 0 0 0 0 0 0 0 0 0 0 0 0 0 0 0 0 0 0 0 0 8 12 8 10 7 15 13 9 8 10 10 9 10 6 13 5 11 1 12 5 11 -1 9 -2 11 -6 7 -9 5 -8 3 -12 1 -15 -1 -15 -1 -15 -4 -14 -8 -12 -10 -15 -12 -17 -13 -16 -18 -18 -16 -17 ],2025-05-07_20-08-02-181
CSI_DATA,PASSIVE,5C:E9:31:E8:F4:66,-77,11,0,0,0,0,0,0,0,0,0,-96,0,11,0,2302261149,0,119,0,0,2302.46,128,[119 112 7 0 -24 -18 -22 -16 -22 -17 -23 -21 -21 -19 -13 -23 -14 -23 -15 -23 -10 -28 -11 -28 -6 -27 -6 -29 -3 -34 -3 -35 0 -33 3 -36 4 -35 4 -31 4 -31 3 -31 1 -25 1 -28 -1 -26 0 -20 -6 -15 0 0 0 0 0 0 0 0 0 0 0 0 0 0 0 0 0 0 0 0 0 0 10 13 12 12 13 12 10 9 14 4 13 4 14 6 13 2 12 -2 17 -4 14 -3 14 -9 8 -7 10 -9 5 -10 2 -14 3 -14 -3 -15 -6 -15 -8 -14 -9 -13 -13 -15 -15 -23 -17 -18 -21 -20 -24 -20 ],2025-05-07_20-08-02-186
CSI_DATA,PASSIVE,5C:E9:31:E8:F4:66,-77,11,0,0,0,0,0,0,0,0,0,-96,0,11,0,2302261350,0,139,0,0,2302.47,128,[-117 -80 8 0 -30 7 -25 5 -26 7 -24 5 -23 4 -27 2 -25 2 -27 -3 -28 -4 -31 -8 -28 -9 -27 -11 -28 -13 -31 -16 -26 -17 -31 -22 -29 -20 -31 -24 -25 -20 -24 -18 -22 -18 -23 -13 -19 -13 -17 -7 -13 -9 0 0 0 0 0 0 0 0 0 0 0 0 0 0 0 0 0 0 0 0 0 0 18 -2 12 -1 14 -3 16 -7 15 -6 14 -7 12 -10 11 -15 9 -13 7 -14 3 -14 4 -16 2 -15 -7 -10 -8 -11 -7 -11 -6 -9 -16 -8 -15 -4 -17 -2 -17 0 -22 3 -22 5 -22 9 -24 6 -27 7 ],2025-05-07_20-08-02-192
CSI_DATA,PASSIVE,5C:E9:31:E8:F4:66,-77,11,0,0,0,0,0,0,0,0,0,-96,0,11,0,2302261579,0,119,0,0,2302.47,128,[119 112 7 0 -27 3 -26 5 -25 6 -22 3 -26 1 -24 1 -26 -4 -28 -1 -28 -7 -27 -11 -27 -12 -26 -14 -27 -18 -27 -18 -27 -19 -25 -23 -26 -21 -27 -21 -26 -23 -20 -21 -21 -16 -18 -17 -16 -13 -17 -12 -16 -8 0 0 0 0 0 0 0 0 0 0 0 0 0 0 0 0 0 0 0 0 0 0 16 -1 14 3 17 0 14 -4 16 -4 13 -6 13 -7 11 -9 11 -7 7 -11 7 -13 6 -14 3 -13 2 -15 -4 -8 -5 -11 -7 -14 -13 -10 -14 -9 -16 -5 -21 -2 -23 0 -23 -2 -26 1 -22 3 -22 -1 ],2025-05-07_20-08-02-198
CSI_DATA,PASSIVE,5C:E9:31:E8:F4:66,-77,11,0,0,0,0,0,0,0,0,0,-96,0,11,0,2302261780,0,139,0,0,2302.48,128,[-117 -80 8 0 -15 18 -14 23 -16 19 -13 23 -16 19 -22 20 -21 16 -23 17 -26 14 -23 12 -29 12 -30 10 -32 9 -32 9 -34 5 -35 5 -36 1 -35 3 -28 -1 -29 -3 -28 1 -22 -2 -25 2 -19 5 -18 7 0 0 0 0 0 0 0 0 0 0 0 0 0 0 0 0 0 0 0 0 0 0 12 -14 12 -12 11 -16 5 -17 7 -13 4 -17 2 -17 0 -18 -1 -17 -1 -17 -4 -16 -6 -14 -9 -12 -10 -10 -13 -7 -10 -4 -15 -1 -16 2 -16 8 -15 11 -17 14 -13 14 -16 16 -14 19 -16 20 -14 20 ],2025-05-07_20-08-02-203
CSI_DATA,PASSIVE,5C:E9:31:E8:E9:4E,-87,11,0,0,0,0,0,0,0,0,0,-96,0,11,0,2302304251,0,120,0,0,2302.48,128,[120 -128 7 0 -4 3 -2 10 -8 11 -2 3 -2 22 -9 14 -5 11 -5 17 -1 8 -5 22 4 8 6 13 6 19 2 21 -4 23 -4 22 1 23 -3 21 -8 26 -11 22 -10 22 -8 21 1 13 -13 11 -9 18 0 0 0 0 0 0 0 0 0 0 0 0 0 0 0 0 0 0 0 0 0 0 -8 11 -3 2 1 3 0 6 0 12 1 5 -1 1 -4 9 0 9 0 24 7 0 16 21 12 7 13 11 18 14 18 9 9 0 18 2 16 -1 -2 -2 14 -12 9 -4 10 -3 11 1 -5 -7 2 -10 ],2025-05-07_20-08-02-208
CSI_DATA,PASSIVE,5C:E9:31:E8:F4:66,-77,11,0,0,0,0,0,0,0,0,0,-96,0,11,0,2302362400,0,154,0,0,2302.53,128,[-102 -96 9 0 24 5 22 10 21 8 21 10 17 17 20 13 16 14 13 19 14 20 11 23 6 28 6 28 8 28 -1 29 1 31 -1 32 -4 30 -3 33 -6 29 -3 24 -6 25 -5 24 -3 20 -1 16 1 15 0 0 0 0 0 0 0 0 0 0 0 0 0 0 0 0 0 0 0 0 0 0 -17 -3 -18 -2 -17 -1 -15 -2 -18 1 -15 1 -16 3 -12 8 -12 9 -11 7 -7 8 -7 13 -5 17 0 16 -1 14 2 16 3 17 6 14 7 12 13 13 13 14 18 13 18 12 19 8 16 12 17 11 ],2025-05-07_20-08-02-254
CSI_DATA,PASSIVE,5C:E9:31:E8:F4:66,-77,11,0,0,0,0,0,0,0,0,0,-96,0,11,0,2302362649,0,174,0,0,2302.53,128,[-82 -32 10 0 -18 17 -17 13 -17 17 -14 19 -19 19 -15 16 -21 15 -25 8 -27 4 -26 7 -26 3 -34 0 -32 1 -30 -7 -33 -10 -33 -9 -33 -9 -29 -8 -32 -9 -28 -10 -28 -10 -22 -9 -22 -6 -19 -4 -16 -1 0 0 0 0 0 0 0 0 0 0 0 0 0 0 0 0 0 0 0 0 0 0 9 -15 10 -17 8 -15 5 -16 4 -16 2 -15 0 -17 -1 -13 -2 -16 -6 -13 -9 -16 -12 -12 -11 -7 -11 -8 -13 -2 -16 -2 -19 0 -19 1 -17 3 -17 8 -18 13 -20 12 -19 16 -21 11 -18 19 -19 16 ],2025-05-07_20-08-02-261
CSI_DATA,PASSIVE,5C:E9:31:E8:F4:66,-76,11,0,0,0,0,0,0,0,0,0,-96,0,11,0,2302362922,0,217,0,0,2302.54,128,[-39 -112 13 0 -21 14 -20 8 -24 10 -24 11 -21 6 -22 4 -25 6 -25 -2 -25 -4 -25 -4 -30 -12 -26 -8 -29 -16 -28 -17 -27 -17 -28 -22 -23 -23 -22 -22 -20 -21 -20 -21 -18 -17 -18 -18 -15 -14 -15 -14 -16 -10 0 0 0 0 0 0 0 0 0 0 0 0 0 0 0 0 0 0 0 0 0 0 15 -13 11 -13 12 -13 12 -13 10 -13 9 -15 6 -16 4 -17 1 -11 -3 -17 -6 -16 -9 -14 -10 -11 -9 -10 -14 -9 -14 -7 -13 -5 -18 -7 -18 -2 -20 0 -24 7 -21 6 -24 8 -26 9 -21 9 -21 9 ],2025-05-07_20-08-02-266
CSI_DATA,PASSIVE,5C:E9:31:E8:F4:66,-77,11,0,0,0,0,0,0,0,0,0,-96,0,11,0,2302363255,0,120,0,0,2302.55,128,[120 -128 7 0 6 57 -5 58 -13 55 0 54 -12 59 -8 49 -18 44 -29 59 -27 45 -31 55 -34 41 -41 48 -50 57 -54 56 -60 50 -68 51 -69 43 -61 35 -58 29 -50 37 -51 30 -39 28 -35 28 -30 27 -19 28 0 0 0 0 0 0 0 0 0 0 0 0 0 0 0 0 0 0 0 0 0 0 7 -45 9 -31 0 -37 -3 -38 -8 -30 -13 -29 -14 -28 -23 -25 -16 -23 -19 -24 -34 -20 -29 -8 -33 -5 -28 -4 -31 0 -31 13 -34 24 -20 17 -18 31 -16 38 -17 40 -16 47 -11 49 -14 52 -9 62 -18 49 ],2025-05-07_20-08-02-273
CSI_DATA,PASSIVE,5C:E9:31:E8:F4:66,-77,11,0,0,0,0,0,0,0,0,0,-96,0,11,0,2302363456,0,140,0,0,2302.55,128,[-116 -64 8 0 21 15 24 11 15 17 17 12 19 13 15 17 15 14 14 21 12 20 7 27 6 26 11 26 6 29 1 30 2 35 0 31 -1 32 0 32 -4 30 -1 27 -4 27 -2 22 -1 20 1 19 -1 17 0 0 0 0 0 0 0 0 0 0 0 0 0 0 0 0 0 0 0 0 0 0 -12 -9 -14 -9 -17 -10 -15 -9 -16 -4 -17 -2 -16 -1 -16 0 -12 2 -15 5 -11 6 -11 8 -12 10 -5 12 -4 15 0 18 1 15 7 17 8 18 8 16 9 16 13 15 17 16 18 18 17 12 20 15 ],2025-05-07_20-08-02-277
CSI_DATA,PASSIVE,5C:E9:31:E8:F4:66,-77,11,0,0,0,0,0,0,0,0,0,-96,0,11,0,2302363685,0,120,0,0,2302.56,128,[120 -128 7 0 20 14 19 10 21 13 14 13 16 13 14 11 18 7 21 15 23 17 16 20 16 21 12 17 15 11 23 19 25 28 16 29 10 21 16 15 18 14 25 19 17 23 8 14 11 4 19 -1 21 2 0 0 0 0 0 0 0 0 0 0 0 0 0 0 0 0 0 0 0 0 0 0 7 -14 7 -14 10 -19 5 -15 1 -11 -3 -11 -6 -15 -6 -19 -8 -16 -4 -8 -13 -1 -19 -1 -22 2 -17 -5 -10 1 -5 6 -7 17 -12 17 -9 14 -7 10 4 13 3 20 7 22 5 20 13 17 12 16 ],2025-05-07_20-08-02-282
CSI_DATA,PASSIVE,5C:E9:31:E8:F4:66,-77,11,0,0,0,0,0,0,0,0,0,-96,0,11,0,2302363886,0,140,0,0,2302.56,128,[-116 -64 8 0 27 -6 26 -6 27 0 19 -5 24 -2 25 1 29 1 25 6 24 8 26 10 19 10 19 12 31 16 28 13 16 14 30 27 14 23 21 17 21 32 19 26 22 26 12 19 9 14 13 7 16 7 0 0 0 0 0 0 0 0 0 0 0 0 0 0 0 0 0 0 0 0 0 0 -15 -4 -18 -3 -13 3 -13 -1 -12 10 -9 6 -10 2 -15 9 -12 4 -5 15 0 10 -10 14 -3 19 -2 14 10 16 6 14 10 12 11 7 11 12 19 5 18 5 19 8 17 -4 19 5 24 -2 20 -1 ],2025-05-07_20-08-02-287
CSI_DATA,PASSIVE,5C:E9:31:E8:F4:66,-76,11,0,0,0,0,0,0,0,0,0,-96,0,11,0,2302364115,0,120,0,0,2302.57,128,[120 -128 7 0 20 2 23 -1 23 0 27 5 23 8 26 10 18 11 20 13 14 12 17 17 22 26 18 20 20 19 16 34 13 30 5 26 4 40 4 38 9 29 12 32 6 31 4 18 12 20 4 17 4 12 0 0 0 0 0 0 0 0 0 0 0 0 0 0 0 0 0 0 0 0 0 0 -24 6 -20 7 -20 3 -19 5 -11 9 -12 11 -11 12 -6 12 -9 11 -4 13 -3 20 3 11 -4 20 -2 16 11 16 9 10 6 18 14 13 11 11 17 9 17 3 21 6 21 -2 22 0 28 2 22 2 ],2025-05-07_20-08-02-293
CSI_DATA,PASSIVE,5C:E9:31:E8:F4:66,-78,11,0,0,0,0,0,0,0,0,0,-96,0,11,0,2302364316,0,140,0,0,2302.57,128,[-116 -64 8 0 18 -20 13 -17 19 -20 16 -17 21 -17 20 -12 22 -9 25 -14 20 -9 28 0 27 -3 28 -6 27 -3 31 1 31 -3 39 9 27 11 33 20 30 23 21 14 30 9 16 3 22 0 20 -4 11 4 0 0 0 0 0 0 0 0 0 0 0 0 0 0 0 0 0 0 0 0 0 0 -16 7 -11 13 -13 11 -10 10 -4 10 -11 16 -9 14 -1 18 2 16 -3 21 9 10 -1 10 11 10 17 13 15 -2 19 0 14 -4 14 0 13 -9 16 -4 18 -8 16 -11 16 -10 20 -16 15 -16 18 -17 ],2025-05-07_20-08-02-299
CSI_DATA,PASSIVE,5C:E9:31:E8:F4:66,-77,11,0,0,0,0,0,0,0,0,0,-96,0,11,0,2302364545,0,120,0,0,2302.58,128,[120 -128 7 0 21 -8 22 -14 18 -14 22 -6 18 -10 19 -8 21 -2 23 -5 19 6 23 10 27 9 26 9 25 14 22 16 29 22 26 23 25 16 14 17 19 19 13 24 16 19 20 11 14 14 13 14 11 9 0 0 0 0 0 0 0 0 0 0 0 0 0 0 0 0 0 0 0 0 0 0 -15 13 -10 11 -11 14 -9 13 -8 14 0 12 0 11 -1 11 -1 12 2 10 4 12 9 11 10 9 3 8 9 6 11 1 8 4 14 4 16 -1 17 -4 17 -7 18 -8 16 -10 21 -10 18 -8 18 -7 ],2025-05-07_20-08-02-304
CSI_DATA,PASSIVE,5C:E9:31:E8:E9:4E,-87,11,0,0,0,0,0,0,0,0,0,-96,0,11,0,2302441729,0,202,0,0,2302.61,128,[-54 -96 12 0 8 6 -3 -5 6 -6 11 -8 13 -7 2 -9 7 -6 4 -7 11 -13 5 -17 11 -19 0 -24 5 -15 14 -27 11 -23 10 -22 17 -17 17 -14 20 -8 20 -6 20 -12 9 -10 18 0 19 2 12 4 0 0 0 0 0 0 0 0 0 0 0 0 0 0 0 0 0 0 0 0 0 0 -12 -5 -10 -6 -16 -6 -5 0 -11 4 -11 -4 -12 0 -16 1 -8 8 -14 8 -11 9 -14 3 -21 5 -15 14 -4 11 -12 10 -3 19 -15 10 -10 11 1 5 -6 11 -6 6 6 3 -9 8 3 15 -4 2 ],2025-05-07_20-08-02-334
CSI_DATA,PASSIVE,5C:E9:31:E8:E9:4E,-87,11,0,0,0,0,0,0,0,0,0,-96,0,11,0,2302442042,0,222,0,0,2302.61,128,[-34 -32 13 0 0 -9 -3 8 1 0 3 0 0 13 -4 5 -4 6 3 12 5 11 11 16 9 8 12 18 5 19 16 21 12 15 14 21 10 19 9 21 8 18 3 18 7 19 13 19 -2 16 2 15 -3 18 0 0 0 0 0 0 0 0 0 0 0 0 0 0 0 0 0 0 0 0 0 0 6 12 -1 10 2 6 1 4 9 3 7 6 14 3 8 -3 13 2 17 4 7 -4 13 2 23 0 17 -3 13 -7 17 -2 9 0 7 -4 6 -9 11 -14 8 -9 -4 -14 2 -20 5 -15 -3 -9 3 -5 ],2025-05-07_20-08-02-338
CSI_DATA,PASSIVE,5C:E9:31:E8:E9:4E,-88,11,0,0,0,0,0,0,0,0,0,-96,0,11,0,2302448445,0,205,0,0,2302.62,128,[-51 -48 12 0 -1 -2 -2 2 -9 7 -7 6 -14 11 1 10 -7 8 2 3 -2 25 2 11 0 13 8 8 2 21 2 20 8 24 -11 17 2 22 -9 21 -1 18 -2 22 -1 21 -9 21 -1 7 -3 11 -14 11 0 0 0 0 0 0 0 0 0 0 0 0 0 0 0 0 0 0 0 0 0 0 -7 10 1 6 1 8 -1 4 3 8 -4 6 4 16 5 7 13 6 11 6 18 10 21 0 22 5 13 7 10 -6 7 -2 11 -8 8 -8 11 -13 10 -11 14 -2 -4 -10 0 -10 1 -10 13 -8 -1 -3 ],2025-05-07_20-08-02-344
CSI_DATA,PASSIVE,5C:E9:31:E8:E9:4E,-87,11,0,0,0,0,0,0,0,0,0,-96,0,11,0,2302449064,0,138,0,0,2302.62,128,[-118 -96 8 0 -1 -3 2 -1 -4 -6 -10 4 -12 -2 -13 13 -3 8 -10 8 -16 4 -17 3 -15 7 -17 16 -19 11 -19 21 -20 2 -23 10 -25 7 -27 7 -21 3 -22 -7 -22 -8 -19 -1 -16 -5 -12 -8 -8 -17 0 0 0 0 0 0 0 0 0 0 0 0 0 0 0 0 0 0 0 0 0 0 6 7 2 10 6 4 4 7 13 7 21 10 9 9 18 10 15 0 13 2 17 5 16 -3 23 1 21 6 15 -5 11 1 16 3 14 -4 17 -6 6 -13 11 -1 15 -6 7 -11 5 -13 8 0 5 -3 ],2025-05-07_20-08-02-349
CSI_DATA,PASSIVE,5C:E9:31:E8:E9:4E,-89,11,0,0,0,0,0,0,0,0,0,-96,0,11,0,2302449289,0,158,0,0,2302.63,128,[-98 -32 9 0 -9 3 -2 7 13 4 -4 7 5 7 7 4 12 15 2 2 13 -3 12 -3 13 5 18 0 19 13 18 10 23 9 25 2 19 8 20 12 5 7 19 9 10 21 12 9 12 14 7 14 9 16 0 0 0 0 0 0 0 0 0 0 0 0 0 0 0 0 0 0 0 0 0 0 3 7 -1 6 4 3 3 0 9 1 11 -3 9 -6 14 -5 11 -8 16 -7 5 -7 20 -8 4 -10 11 -16 17 -13 5 -6 8 -14 2 -9 9 -19 -1 -10 5 -11 -1 -11 -5 -4 6 0 -4 -7 -9 -10 ],2025-05-07_20-08-02-354
CSI_DATA,PASSIVE,5C:E9:31:E8:E9:4E,-88,11,0,0,0,0,0,0,0,0,0,-96,0,11,0,2302450923,0,128,0,0,2302.63,128,[-128 0 8 0 4 -2 4 8 -1 6 -6 -2 -18 13 1 1 -12 5 -6 10 3 11 -9 14 -8 7 -2 22 -1 19 -7 23 -6 19 -12 13 -10 12 -15 16 -7 20 -11 13 -18 9 -16 12 -21 13 -15 0 -11 0 0 0 0 0 0 0 0 0 0 0 0 0 0 0 0 0 0 0 0 0 0 0 4 8 3 0 4 8 6 7 -1 6 14 6 7 6 10 13 19 6 17 1 19 1 11 6 16 1 18 4 15 4 20 3 13 -1 22 -2 9 -3 14 -15 12 -9 13 -8 11 4 7 4 4 -6 -2 -13 ],2025-05-07_20-08-02-359
CSI_DATA,PASSIVE,5C:E9:31:E8:F4:66,-77,11,0,0,0,0,0,0,0,0,0,-96,0,11,0,2302464668,0,126,0,0,2302.64,128,[126 -32 7 0 -24 13 -24 12 -20 13 -25 6 -22 5 -22 7 -25 3 -22 4 -26 0 -24 -6 -25 -4 -27 -8 -29 -11 -27 -17 -23 -14 -27 -17 -27 -17 -24 -18 -25 -17 -20 -17 -20 -16 -16 -15 -18 -11 -16 -10 -15 -5 0 0 0 0 0 0 0 0 0 0 0 0 0 0 0 0 0 0 0 0 0 0 17 -6 14 -7 15 -7 11 -10 12 -10 9 -9 9 -12 6 -12 2 -14 2 -15 -2 -15 -5 -11 -4 -15 -7 -12 -10 -12 -11 -10 -13 -9 -14 -7 -14 -5 -16 -4 -16 2 -18 6 -18 4 -23 5 -24 10 -20 9 ],2025-05-07_20-08-02-366
CSI_DATA,PASSIVE,5C:E9:31:E8:F4:66,-77,11,0,0,0,0,0,0,0,0,0,-96,0,11,0,2302464877,0,131,0,0,2302.65,128,[-125 48 8 0 0 23 -1 26 -3 26 -1 31 -7 25 -3 26 -15 26 -9 23 -12 23 -14 22 -22 21 -22 22 -23 19 -26 21 -31 15 -31 13 -31 14 -32 15 -32 10 -29 7 -25 9 -19 8 -21 6 -16 8 -15 10 0 0 0 0 0 0 0 0 0 0 0 0 0 0 0 0 0 0 0 0 0 0 2 -18 2 -16 -1 -18 -1 -16 -6 -16 -3 -16 -7 -15 -12 -12 -11 -11 -13 -10 -14 -9 -15 -4 -17 -2 -15 2 -15 -1 -18 2 -16 9 -12 9 -12 10 -12 15 -11 16 -7 19 -7 20 -7 21 -3 25 1 24 ],2025-05-07_20-08-02-371
CSI_DATA,PASSIVE,5C:E9:31:E8:F4:66,-76,11,0,0,0,0,0,0,0,0,0,-96,0,11,0,2302465094,0,151,0,0,2302.65,128,[-105 112 9 0 14 -21 15 -17 14 -20 16 -21 20 -19 15 -14 21 -14 22 -12 21 -7 24 -6 29 -8 27 -2 26 -2 28 0 30 2 32 4 28 4 28 7 29 5 24 6 26 5 20 7 19 3 18 3 18 2 0 0 0 0 0 0 0 0 0 0 0 0 0 0 0 0 0 0 0 0 0 0 -14 8 -12 8 -13 11 -12 10 -8 11 -9 11 -5 13 0 15 -1 13 1 16 4 12 4 13 5 10 8 11 10 8 11 3 11 5 15 2 17 -3 15 -8 15 -5 16 -13 15 -11 16 -11 16 -14 15 -16 ],2025-05-07_20-08-02-376
CSI_DATA,PASSIVE,5C:E9:31:E8:F4:66,-77,11,0,0,0,0,0,0,0,0,0,-96,0,11,0,2302465339,0,128,0,0,2302.66,128,[-128 0 8 0 -11 -22 -5 -26 -9 -29 -4 -31 -4 -29 -1 -27 -1 -28 4 -28 5 -26 12 -25 10 -27 18 -28 17 -28 23 -22 22 -26 27 -20 26 -20 27 -18 26 -18 23 -13 23 -15 20 -14 15 -12 16 -14 11 -13 0 0 0 0 0 0 0 0 0 0 0 0 0 0 0 0 0 0 0 0 0 0 3 18 4 16 7 14 8 16 9 9 9 10 11 10 15 9 11 7 18 5 16 5 16 -1 18 -7 16 -2 14 -7 9 -11 10 -11 10 -11 8 -16 5 -21 1 -19 3 -22 -2 -23 -5 -23 -10 -25 -7 -23 ],2025-05-07_20-08-02-382
CSI_DATA,PASSIVE,5C:E9:31:E8:F4:66,-77,11,0,0,0,0,0,0,0,0,0,-96,0,11,0,2302468175,0,128,0,0,2302.66,128,[-128 0 8 0 9 23 10 28 6 26 7 27 9 26 5 24 2 27 0 28 -2 26 -7 26 -9 31 -13 27 -16 30 -17 30 -23 26 -20 26 -22 23 -24 23 -24 18 -22 18 -19 18 -14 19 -15 16 -15 16 -8 12 0 0 0 0 0 0 0 0 0 0 0 0 0 0 0 0 0 0 0 0 0 0 -3 -19 -2 -19 -5 -17 -7 -16 -9 -15 -12 -13 -9 -17 -12 -13 -13 -9 -15 -7 -16 -4 -16 -1 -18 -2 -18 1 -19 6 -14 8 -12 10 -8 12 -9 14 -4 15 -3 18 -1 17 1 19 1 21 4 19 4 23 ],2025-05-07_20-08-02-387
CSI_DATA,PASSIVE,5C:E9:31:E8:E9:4E,-90,11,0,0,0,0,0,0,0,0,0,-96,0,11,0,2302493796,0,330,0,0,2302.67,128,[74 -95 20 0 7 -4 3 -7 2 -1 -9 -4 -8 -10 -5 -3 -5 -6 -8 -10 -19 -9 -13 -10 -21 -6 -13 -6 -26 -7 -23 -2 -22 -14 -20 -12 -20 -19 -16 -17 -11 -16 -16 -15 -9 -14 -15 -19 -13 -17 -3 -9 -6 -17 0 0 0 0 0 0 0 0 0 0 0 0 0 0 0 0 0 0 0 0 0 0 -7 -5 -8 -2 -10 1 -12 -2 -8 7 -5 6 -11 7 -10 12 -16 13 -14 7 -4 15 -4 14 -6 16 -8 14 -8 16 -4 14 -2 5 -2 13 11 13 2 8 8 14 5 15 2 7 4 0 2 5 -3 4 ],2025-05-07_20-08-02-394
CSI_DATA,PASSIVE,5C:E9:31:E8:E9:4E,-90,11,0,0,0,0,0,0,0,0,0,-96,0,11,0,2302554030,0,98,0,0,2302.72,128,[98 32 6 0 1 2 6 1 1 -12 4 -7 5 -15 0 -5 -3 -15 2 -3 -6 -13 0 -12 -7 -22 -13 -18 -7 -18 -2 -11 -9 -25 -7 -19 5 -25 4 -28 7 -28 7 -21 3 -19 8 -19 18 -11 11 -12 12 -5 0 0 0 0 0 0 0 0 0 0 0 0 0 0 0 0 0 0 0 0 0 0 -14 -4 -8 -3 -10 -1 -7 9 -10 4 -17 2 -15 8 -12 5 -6 11 -15 11 -10 15 -13 11 -13 14 -18 17 -2 9 -10 8 -11 5 -12 13 -4 8 -2 11 0 13 3 11 0 5 2 10 5 0 -6 -5 ],2025-05-07_20-08-02-446
CSI_DATA,PASSIVE,5C:E9:31:E8:F4:66,-76,11,0,0,0,0,0,0,0,0,0,-96,0,11,0,2302567211,0,98,0,0,2302.73,128,[98 32 6 0 22 16 24 15 19 17 15 14 16 20 19 18 12 21 14 21 11 27 10 25 6 29 3 28 1 30 0 31 -2 29 -5 28 -5 31 -5 30 -7 26 -7 26 -7 24 -1 23 -3 20 -2 17 1 16 0 0 0 0 0 0 0 0 0 0 0 0 0 0 0 0 0 0 0 0 0 0 -13 -13 -12 -11 -14 -8 -11 -9 -16 -7 -16 -6 -14 -3 -14 -2 -13 3 -13 3 -11 5 -15 9 -11 11 -13 9 -8 15 -8 13 -4 14 2 14 3 14 4 15 13 13 9 17 10 13 12 16 16 18 18 16 ],2025-05-07_20-08-02-459
CSI_DATA,PASSIVE,5C:E9:31:E8:F4:66,-77,11,0,0,0,0,0,0,0,0,0,-96,0,11,0,2302567384,0,330,0,0,2302.74,128,[74 -95 20 0 -10 -25 -3 -28 -3 -22 -5 -27 -2 -22 0 -24 2 -27 3 -27 4 -24 9 -28 14 -27 14 -28 17 -25 15 -26 21 -27 21 -23 24 -21 25 -21 26 -18 19 -15 19 -15 16 -14 17 -13 12 -14 11 -14 0 0 0 0 0 0 0 0 0 0 0 0 0 0 0 0 0 0 0 0 0 0 1 18 0 17 3 15 2 15 6 13 6 13 11 11 12 10 10 9 12 8 15 9 15 4 13 -1 15 -3 14 -5 12 -9 11 -11 14 -12 7 -13 7 -16 6 -18 4 -20 0 -19 -1 -26 -2 -24 -4 -26 ],2025-05-07_20-08-02-464
CSI_DATA,PASSIVE,5C:E9:31:E8:F4:66,-76,11,0,0,0,0,0,0,0,0,0,-96,0,11,0,2302567865,0,350,0,0,2302.74,128,[94 -31 21 0 -24 12 -28 8 -23 6 -25 6 -24 7 -28 10 -29 3 -27 3 -26 0 -23 -4 -29 -9 -28 -10 -29 -15 -29 -12 -28 -12 -26 -16 -25 -16 -31 -18 -24 -15 -23 -16 -19 -15 -17 -14 -16 -12 -17 -9 -18 -6 0 0 0 0 0 0 0 0 0 0 0 0 0 0 0 0 0 0 0 0 0 0 17 1 19 -3 15 -4 11 -3 12 -8 9 -9 11 -12 6 -13 7 -14 8 -13 1 -13 -1 -16 0 -15 -2 -17 -4 -16 -10 -12 -11 -12 -12 -9 -16 -6 -15 -3 -20 -5 -19 -1 -19 3 -18 4 -20 4 -19 1 ],2025-05-07_20-08-02-471
CSI_DATA,PASSIVE,5C:E9:31:E8:F4:66,-76,11,0,0,0,0,0,0,0,0,0,-96,0,11,0,2302568374,0,501,0,0,2302.75,128,[-11 81 31 0 -4 28 -8 23 -12 24 -8 22 -8 21 -12 21 -18 22 -19 20 -18 11 -23 16 -24 18 -27 10 -28 8 -29 11 -29 7 -32 4 -32 2 -30 4 -30 -2 -28 -4 -26 -1 -26 2 -24 1 -18 -1 -15 6 0 0 0 0 0 0 0 0 0 0 0 0 0 0 0 0 0 0 0 0 0 0 2 -18 2 -16 3 -18 0 -14 -5 -19 -1 -17 -6 -14 -9 -11 -10 -12 -10 -12 -11 -7 -16 -7 -17 -6 -15 -3 -16 0 -13 3 -14 7 -16 4 -14 10 -11 14 -10 16 -14 18 -9 20 -8 22 -9 21 -6 17 ],2025-05-07_20-08-02-476
CSI_DATA,PASSIVE,5C:E9:31:E8:F4:66,-77,11,0,0,0,0,0,0,0,0,0,-96,0,11,0,2302569083,0,521,0,0,2302.76,128,[9 -110 32 0 18 -14 19 -16 20 -15 18 -13 22 -14 21 -12 21 -11 24 -8 26 -6 24 -3 28 -1 29 -1 30 4 30 6 30 7 29 10 32 9 26 10 24 12 24 11 23 9 22 8 17 7 16 5 15 2 0 0 0 0 0 0 0 0 0 0 0 0 0 0 0 0 0 0 0 0 0 0 -17 9 -15 7 -14 6 -12 10 -13 8 -9 12 -5 15 -5 13 -2 14 1 14 5 16 1 12 5 14 8 12 10 11 11 10 13 5 15 4 14 1 15 0 15 -4 18 -5 18 -9 16 -11 18 -10 17 -10 ],2025-05-07_20-08-02-482
CSI_DATA,PASSIVE,5C:E9:31:E8:F4:66,-77,11,0,0,0,0,0,0,0,0,0,-96,0,11,0,2302569820,0,94,0,0,2302.76,128,[94 -32 5 0 -14 -19 -17 -23 -11 -23 -13 -25 -13 -24 -11 -26 -7 -25 -5 -25 -4 -28 -1 -28 2 -32 2 -33 4 -29 7 -33 5 -31 10 -29 13 -30 13 -31 12 -28 11 -24 10 -23 8 -21 7 -20 6 -20 4 -16 0 0 0 0 0 0 0 0 0 0 0 0 0 0 0 0 0 0 0 0 0 0 3 17 3 13 5 17 6 12 9 12 8 10 11 11 11 8 16 5 14 3 15 0 13 -3 16 -7 13 -5 11 -7 11 -14 10 -10 4 -12 4 -13 2 -17 -1 -19 -3 -18 -4 -21 -6 -21 -9 -19 -10 -21 ],2025-05-07_20-08-02-487
CSI_DATA,PASSIVE,5C:E9:31:E8:F4:66,-76,11,0,0,0,0,0,0,0,0,0,-96,0,11,0,2302569989,0,94,0,0,2302.77,128,[94 -32 5 0 18 -20 18 -19 18 -20 17 -15 19 -16 21 -12 20 -11 25 -11 26 -7 24 -6 28 -4 28 -1 31 2 30 1 27 5 32 8 29 5 27 10 28 8 26 6 24 8 22 7 19 2 18 3 18 2 0 0 0 0 0 0 0 0 0 0 0 0 0 0 0 0 0 0 0 0 0 0 -17 11 -16 8 -14 8 -13 10 -12 8 -8 10 -4 14 -6 13 -3 12 -1 14 3 14 9 14 5 13 7 11 10 9 13 6 10 2 18 2 15 -2 14 -1 13 -8 18 -8 18 -7 17 -13 19 -13 21 -15 ],2025-05-07_20-08-02-492
CSI_DATA,PASSIVE,5C:E9:31:E8:F4:66,-76,11,0,0,0,0,0,0,0,0,0,-96,0,11,0,2302570158,0,457,0,0,2302.77,128,[-55 -111 28 0 23 10 23 9 24 11 22 15 21 13 21 17 18 15 18 18 19 18 12 23 14 26 10 27 12 28 5 33 6 31 3 31 4 31 3 29 4 28 0 25 2 24 1 21 1 19 2 17 5 15 0 0 0 0 0 0 0 0 0 0 0 0 0 0 0 0 0 0 0 0 0 0 -14 -12 -15 -10 -13 -9 -13 -8 -16 -4 -18 -3 -12 -1 -12 1 -13 2 -15 5 -15 7 -12 9 -8 14 -9 11 -5 13 -5 17 -4 15 -1 13 5 13 7 14 8 15 12 13 14 9 13 13 16 12 16 10 ],2025-05-07_20-08-02-498
CSI_DATA,PASSIVE,5C:E9:31:E8:F4:66,-76,11,0,0,0,0,0,0,0,0,0,-96,0,11,0,2302570811,0,477,0,0,2302.78,128,[-35 -47 29 0 -17 20 -12 23 -12 21 -15 21 -14 21 -19 19 -19 16 -20 14 -23 14 -28 13 -27 9 -27 8 -32 6 -31 3 -34 4 -33 1 -31 2 -32 -2 -28 -3 -27 -1 -27 1 -23 -3 -21 1 -18 3 -17 2 0 0 0 0 0 0 0 0 0 0 0 0 0 0 0 0 0 0 0 0 0 0 14 -11 10 -13 10 -13 6 -13 6 -13 2 -18 1 -16 1 -15 -1 -14 -7 -17 -5 -16 -11 -14 -10 -11 -12 -12 -11 -10 -14 -5 -14 -1 -16 0 -13 1 -17 4 -13 12 -15 12 -15 15 -16 17 -14 18 -15 14 ],2025-05-07_20-08-02-504
CSI_DATA,PASSIVE,5C:E9:31:E8:F4:66,-76,11,0,0,0,0,0,0,0,0,0,-96,0,11,0,2302571488,0,94,0,0,2302.78,128,[94 -32 5 0 -5 26 0 23 -1 23 -3 27 -5 28 -9 29 -8 23 -13 24 -16 24 -18 20 -21 20 -24 20 -24 21 -29 19 -27 17 -30 14 -27 16 -28 12 -28 12 -26 9 -24 10 -19 9 -19 7 -16 8 -14 9 0 0 0 0 0 0 0 0 0 0 0 0 0 0 0 0 0 0 0 0 0 0 3 -19 3 -19 2 -19 -5 -17 -3 -16 -2 -13 -4 -15 -10 -10 -6 -14 -14 -14 -15 -4 -10 -4 -14 -8 -11 -5 -11 -1 -12 6 -9 2 -11 8 -12 10 -11 10 -8 18 -7 19 -5 18 -4 20 -3 22 -2 22 ],2025-05-07_20-08-02-509
CSI_DATA,PASSIVE,5C:E9:31:E8:E9:4E,-88,11,0,0,0,0,0,0,0,0,0,-96,0,11,0,2302627948,0,242,0,0,2302.79,128,[-14 32 15 0 -2 0 -7 9 -10 7 -10 1 -7 8 -10 9 -4 18 -6 15 7 11 7 9 -1 20 3 27 -2 27 0 24 -9 21 -11 15 -1 24 -7 17 -16 20 -5 14 -13 17 -10 6 -14 12 -11 7 -11 6 0 0 0 0 0 0 0 0 0 0 0 0 0 0 0 0 0 0 0 0 0 0 7 1 7 3 3 0 5 -4 12 2 9 -5 4 -2 16 2 8 4 17 -7 10 -10 13 -5 15 -5 9 -11 10 -12 14 -9 12 -11 3 -12 10 -8 6 -2 10 -12 1 -8 6 -6 0 -9 -3 -6 -3 5 ],2025-05-07_20-08-02-520
CSI_DATA,PASSIVE,5C:E9:31:E8:E9:4E,-87,11,0,0,0,0,0,0,0,0,0,-96,0,11,0,2302633995,0,158,0,0,2302.8,128,[-98 -32 9 0 -10 0 -3 -3 -2 -8 -5 -12 -3 -11 -12 -13 8 -1 -4 -11 -2 -15 -8 -19 -5 -13 -13 -17 -9 -29 -8 -15 -8 -29 -11 -22 -10 -21 -6 -25 -7 -16 -3 -23 4 -23 4 -28 2 -17 6 -14 9 -11 0 0 0 0 0 0 0 0 0 0 0 0 0 0 0 0 0 0 0 0 0 0 -5 4 -8 -2 -7 1 -8 7 -16 8 -7 16 1 7 -7 11 -10 6 -1 20 0 19 -1 17 -4 12 0 21 3 16 4 13 3 9 3 14 0 16 3 20 -8 12 3 19 0 4 7 10 4 6 -1 10 ],2025-05-07_20-08-02-526
CSI_DATA,PASSIVE,5C:E9:31:E8:E9:4E,-89,11,0,0,0,0,0,0,0,0,0,-96,0,11,0,2302647805,0,131,0,0,2302.81,128,[-125 48 8 0 2 -10 -10 -1 2 6 -12 -4 -4 -3 4 -13 -1 -10 -2 -17 -5 -17 -3 -16 1 -17 2 -14 -4 -24 -7 -22 -2 -22 0 -24 0 -19 9 -25 3 -21 10 -15 12 -20 10 -13 11 -13 9 1 22 -4 0 0 0 0 0 0 0 0 0 0 0 0 0 0 0 0 0 0 0 0 0 0 -9 10 -10 10 -3 8 -8 12 -5 2 -2 6 -6 10 -3 9 1 13 -3 9 -1 19 -1 17 1 13 -7 9 -2 12 0 16 -1 21 2 19 6 13 6 11 -1 8 -3 21 2 7 3 0 3 9 7 9 ],2025-05-07_20-08-02-540
CSI_DATA,PASSIVE,5C:E9:31:E8:F4:66,-76,11,0,0,0,0,0,0,0,0,0,-96,0,11,0,2302669656,0,94,0,0,2302.84,128,[94 -32 5 0 20 -7 25 -10 27 -7 21 -4 25 -6 23 -6 27 0 26 7 23 9 26 6 24 9 24 12 23 12 27 16 24 19 25 16 22 20 24 22 20 19 18 19 16 18 16 16 15 12 13 10 13 9 0 0 0 0 0 0 0 0 0 0 0 0 0 0 0 0 0 0 0 0 0 0 -17 8 -17 8 -15 8 -16 11 -15 12 -12 14 -7 15 -6 18 -6 16 -4 18 -2 19 -2 19 -2 15 4 15 10 10 5 11 7 9 12 8 11 8 16 5 17 5 18 -2 19 -3 18 -7 18 -6 19 -9 ],2025-05-07_20-08-02-561
CSI_DATA,PASSIVE,5C:E9:31:E8:F4:66,-77,11,0,0,0,0,0,0,0,0,0,-96,0,11,0,2302669825,0,108,0,0,2302.84,128,[108 -64 6 0 23 19 19 19 13 20 13 18 14 24 11 24 10 22 6 25 4 23 1 21 2 29 -2 31 -5 29 -7 32 -11 30 -10 29 -14 28 -15 26 -14 29 -13 23 -12 21 -10 20 -8 18 -9 19 -4 15 0 0 0 0 0 0 0 0 0 0 0 0 0 0 0 0 0 0 0 0 0 0 -17 -12 -13 -13 -14 -12 -17 -10 -16 -9 -16 -8 -19 -3 -20 -3 -18 -1 -16 2 -17 2 -16 7 -16 8 -16 9 -13 11 -11 9 -9 15 -5 17 -2 16 -2 16 3 18 7 20 10 17 9 12 9 17 14 22 ],2025-05-07_20-08-02-567
CSI_DATA,PASSIVE,5C:E9:31:E8:F4:66,-76,11,0,0,0,0,0,0,0,0,0,-96,0,11,0,2302670010,0,94,0,0,2302.85,128,[94 -32 5 0 15 15 16 23 9 20 10 20 6 23 6 22 2 23 1 26 -3 26 -3 27 -3 28 -6 26 -10 29 -10 27 -14 32 -19 23 -18 23 -19 26 -20 24 -15 20 -14 21 -13 16 -9 19 -9 15 -9 13 0 0 0 0 0 0 0 0 0 0 0 0 0 0 0 0 0 0 0 0 0 0 -9 -14 -13 -16 -11 -11 -13 -13 -14 -11 -15 -10 -18 -11 -20 -10 -18 -7 -17 0 -19 -1 -24 5 -18 5 -19 5 -15 6 -10 8 -9 12 -14 12 -3 16 -5 14 5 23 -2 19 5 14 4 17 9 22 9 20 ],2025-05-07_20-08-02-573
CSI_DATA,PASSIVE,5C:E9:31:E8:F4:66,-77,11,0,0,0,0,0,0,0,0,0,-96,0,11,0,2302670179,0,281,0,0,2302.85,128,[25 -111 17 0 -41 17 -71 19 -39 15 -62 11 -57 -2 -60 14 -58 11 -72 -2 -53 -15 -60 -7 -64 -15 -63 -34 -69 -22 -58 -43 -64 -30 -70 -40 -57 -43 -55 -38 -51 -45 -56 -37 -57 -32 -39 -20 -47 -16 -33 -13 -22 -14 0 0 0 0 0 0 0 0 0 0 0 0 0 0 0 0 0 0 0 0 0 0 36 -11 33 -3 42 -19 39 -19 39 -11 28 -14 23 -26 30 -25 27 -32 16 -33 11 -47 8 -37 2 -34 4 -39 0 -27 -16 -20 -26 -11 -19 -26 -39 -24 -42 -5 -30 -6 -40 -4 -43 12 -58 3 -61 12 -53 -2 ],2025-05-07_20-08-02-578
CSI_DATA,PASSIVE,5C:E9:31:E8:F4:66,-76,11,0,0,0,0,0,0,0,0,0,-96,0,11,0,2302670596,0,301,0,0,2302.86,128,[45 -47 18 0 -1 -27 0 -25 4 -27 4 -25 10 -29 8 -27 9 -21 8 -29 12 -25 14 -22 14 -27 20 -26 20 -24 25 -21 25 -21 25 -20 27 -18 25 -17 24 -14 23 -13 19 -13 19 -11 18 -14 14 -12 13 -11 0 0 0 0 0 0 0 0 0 0 0 0 0 0 0 0 0 0 0 0 0 0 -4 16 -5 17 -6 16 -1 16 -3 15 2 16 6 16 8 16 8 21 11 11 10 11 11 8 14 8 14 7 15 2 14 0 15 -5 16 -3 17 -10 9 -11 14 -15 9 -16 9 -20 7 -21 3 -24 8 -21 ],2025-05-07_20-08-02-584
CSI_DATA,PASSIVE,5C:E9:31:E8:F4:66,-77,11,0,0,0,0,0,0,0,0,0,-96,0,11,0,2302671041,0,117,0,0,2302.86,128,[117 80 7 0 -56 35 -52 23 -51 34 -69 31 -52 28 -54 28 -63 22 -66 12 -63 13 -70 14 -62 4 -74 -1 -72 -2 -73 -4 -86 -3 -80 -5 -71 -13 -68 -14 -68 -22 -63 -21 -54 -15 -44 -8 -43 -4 -42 -5 -33 -5 0 0 0 0 0 0 0 0 0 0 0 0 0 0 0 0 0 0 0 0 0 0 31 -24 29 -25 28 -30 26 -36 21 -34 19 -36 23 -38 13 -29 15 -36 1 -40 -5 -43 -11 -41 -7 -28 -10 -29 -17 -30 -26 -22 -32 -9 -36 -15 -30 -11 -37 5 -44 7 -42 14 -42 29 -52 12 -40 14 -53 19 ],2025-05-07_20-08-02-591
CSI_DATA,PASSIVE,5C:E9:31:E8:F4:66,-76,11,0,0,0,0,0,0,0,0,0,-96,0,11,0,2302671238,0,117,0,0,2302.87,128,[117 80 7 0 8 -28 6 -25 6 -27 9 -24 9 -26 12 -23 13 -22 15 -18 18 -18 19 -17 23 -18 24 -16 27 -14 28 -11 32 -9 31 -9 33 -6 31 -5 30 -2 27 -3 25 -3 23 -4 19 -4 17 -6 18 -6 0 0 0 0 0 0 0 0 0 0 0 0 0 0 0 0 0 0 0 0 0 0 -2 18 -2 17 1 16 2 17 5 18 7 18 7 17 10 16 10 14 11 12 14 13 15 7 16 4 15 4 17 1 15 -1 17 -6 15 -6 15 -12 12 -14 10 -16 11 -18 7 -17 9 -22 7 -22 6 -23 ],2025-05-07_20-08-02-596
CSI_DATA,PASSIVE,5C:E9:31:E8:F4:66,-76,11,0,0,0,0,0,0,0,0,0,-96,0,11,0,2302671435,0,94,0,0,2302.88,128,[94 -32 5 0 6 24 11 26 8 23 7 24 8 25 0 23 0 23 -3 27 -3 28 -11 26 -9 23 -16 24 -17 26 -18 24 -23 24 -25 21 -26 18 -25 16 -24 13 -27 13 -23 12 -20 13 -18 10 -17 9 -14 12 0 0 0 0 0 0 0 0 0 0 0 0 0 0 0 0 0 0 0 0 0 0 -13 -15 -12 -13 -14 -11 -18 -12 -17 -9 -21 -8 -19 -4 -16 -8 -21 -4 -18 5 -20 3 -22 4 -19 6 -12 4 -13 12 -13 14 -5 12 -5 12 -5 15 -1 16 -3 17 2 22 5 20 6 21 8 21 9 22 ],2025-05-07_20-08-02-601
CSI_DATA,PASSIVE,5C:E9:31:E8:F4:66,-76,11,0,0,0,0,0,0,0,0,0,-96,0,11,0,2302671604,0,157,0,0,2302.88,128,[-99 -48 9 0 -20 15 -20 18 -18 17 -20 16 -23 16 -24 14 -27 8 -25 11 -24 7 -27 3 -28 0 -27 2 -30 -6 -30 -5 -27 -10 -32 -9 -31 -12 -29 -12 -29 -15 -23 -13 -23 -12 -22 -12 -21 -11 -18 -8 -14 -5 0 0 0 0 0 0 0 0 0 0 0 0 0 0 0 0 0 0 0 0 0 0 10 -17 8 -18 6 -21 4 -17 5 -20 -3 -19 -1 -16 -3 -22 -9 -19 -8 -20 -10 -12 -5 -15 -12 -12 -14 -9 -12 -9 -16 -8 -15 -4 -19 -4 -14 2 -14 4 -22 6 -18 8 -18 12 -19 12 -18 16 -16 11 ],2025-05-07_20-08-02-607
CSI_DATA,PASSIVE,5C:E9:31:E8:F4:66,-76,11,0,0,0,0,0,0,0,0,0,-96,0,11,0,2302671857,0,177,0,0,2302.89,128,[-79 16 11 0 15 18 14 20 18 20 16 23 19 27 12 25 9 26 8 30 8 27 2 29 -2 29 -1 31 -3 32 -10 35 -10 31 -15 35 -13 28 -19 28 -17 27 -13 24 -13 22 -14 22 -9 21 -9 19 -6 16 0 0 0 0 0 0 0 0 0 0 0 0 0 0 0 0 0 0 0 0 0 0 -14 -13 -22 -7 -19 -13 -16 -7 -19 -8 -20 -3 -20 -3 -23 3 -19 2 -19 9 -17 8 -17 16 -19 12 -18 13 -9 14 -2 17 0 12 -1 16 0 19 6 17 5 19 5 19 14 18 13 19 12 21 16 19 ],2025-05-07_20-08-02-613
CSI_DATA,PASSIVE,5C:E9:31:E8:F4:66,-76,11,0,0,0,0,0,0,0,0,0,-96,0,11,0,2302675687,0,452,0,0,2302.89,128,[-60 65 28 0 -25 -9 -26 -13 -28 -8 -23 -13 -24 -11 -22 -15 -18 -15 -18 -19 -16 -16 -16 -20 -14 -24 -14 -27 -18 -26 -12 -29 -7 -34 -7 -31 -8 -27 -8 -32 -2 -30 -3 -27 -3 -26 -1 -24 -4 -23 -1 -22 -7 -15 0 0 0 0 0 0 0 0 0 0 0 0 0 0 0 0 0 0 0 0 0 0 16 5 17 7 17 2 17 2 16 -3 16 -1 16 -7 15 -9 15 -8 14 -9 12 -13 11 -9 9 -13 3 -17 4 -18 2 -19 -3 -17 -4 -22 -4 -15 -7 -17 -14 -13 -14 -15 -21 -11 -16 -10 -24 -9 -19 -15 ],2025-05-07_20-08-02-619
CSI_DATA,PASSIVE,5C:E9:31:E8:F4:66,-76,11,0,0,0,0,0,0,0,0,0,-96,0,11,0,2302680966,0,425,0,0,2302.9,128,[-87 -111 26 0 -5 -25 -7 -25 -8 -27 -7 -26 0 -28 -8 -20 2 -28 6 -30 7 -22 8 -28 14 -30 4 -27 18 -27 16 -20 19 -20 27 -21 19 -23 22 -16 19 -15 29 -12 20 -6 20 -18 19 -10 15 -13 11 -19 0 0 0 0 0 0 0 0 0 0 0 0 0 0 0 0 0 0 0 0 0 0 2 18 4 15 6 18 7 14 8 17 8 9 14 11 13 9 13 6 13 4 13 2 15 1 20 1 18 -1 13 -2 13 -6 9 -16 16 -18 6 -20 10 -15 -4 -20 2 -21 -2 -14 -1 -24 -2 -23 -2 -22 ],2025-05-07_20-08-02-624
CSI_DATA,PASSIVE,5C:E9:31:E8:F4:66,-76,11,0,0,0,0,0,0,0,0,0,-96,0,11,0,2302772907,0,133,0,0,2302.94,128,[-123 80 8 0 -15 -21 -19 -22 -17 -20 -16 -24 -18 -23 -12 -29 -8 -23 -10 -29 -3 -28 1 -29 4 -27 8 -26 8 -25 12 -25 13 -31 14 -28 15 -26 15 -26 17 -22 17 -22 15 -22 12 -20 11 -18 10 -18 6 -17 0 0 0 0 0 0 0 0 0 0 0 0 0 0 0 0 0 0 0 0 0 0 6 16 6 16 7 14 8 12 10 12 11 11 12 8 12 8 14 6 16 2 20 1 16 -3 17 -5 14 -8 11 -9 11 -13 11 -12 8 -14 4 -18 0 -17 0 -22 -5 -19 -4 -20 -7 -20 -10 -22 -12 -21 ],2025-05-07_20-08-02-665
CSI_DATA,PASSIVE,5C:E9:31:E8:F4:66,-76,11,0,0,0,0,0,0,0,0,0,-96,0,11,0,2302773128,0,113,0,0,2302.95,128,[113 16 7 0 8 -28 8 -28 7 -28 11 -23 12 -25 10 -25 15 -19 14 -19 20 -23 23 -16 24 -12 27 -11 27 -9 26 -8 31 -3 31 -4 33 1 32 1 29 6 27 3 22 3 21 3 22 1 19 0 14 0 0 0 0 0 0 0 0 0 0 0 0 0 0 0 0 0 0 0 0 0 0 0 -7 17 -5 17 -1 16 0 16 0 15 3 15 4 17 6 14 9 14 9 15 14 11 15 8 16 8 15 5 18 -2 13 -1 15 -3 14 -7 17 -10 16 -12 13 -15 11 -17 10 -17 8 -21 11 -19 7 -25 ],2025-05-07_20-08-02-670
CSI_DATA,PASSIVE,5C:E9:31:E8:F4:66,-76,11,0,0,0,0,0,0,0,0,0,-96,0,11,0,2302773321,0,139,0,0,2302.95,128,[-117 -80 8 0 -13 -22 -10 -23 -11 -25 -14 -24 -9 -29 -7 -25 -6 -24 -7 -28 3 -26 1 -29 4 -27 8 -28 10 -29 12 -30 15 -26 18 -24 21 -23 22 -22 18 -19 21 -18 18 -18 14 -19 13 -17 11 -15 10 -18 0 0 0 0 0 0 0 0 0 0 0 0 0 0 0 0 0 0 0 0 0 0 3 19 4 18 7 17 7 16 11 13 9 12 12 11 15 10 14 4 17 4 16 3 17 -2 17 -6 14 -4 11 -6 10 -11 11 -16 8 -14 7 -17 1 -17 1 -20 0 -24 0 -23 -7 -22 -8 -23 -5 -21 ],2025-05-07_20-08-02-676
CSI_DATA,PASSIVE,5C:E9:31:E8:F4:66,-76,11,0,0,0,0,0,0,0,0,0,-96,0,11,0,2302773550,0,119,0,0,2302.96,128,[119 112 7 0 -6 -25 -2 -26 -3 -23 0 -25 0 -25 3 -29 5 -26 5 -24 3 -24 12 -24 13 -17 18 -22 23 -23 25 -18 26 -13 26 -15 27 -12 19 -12 24 -8 20 -7 24 -8 13 -16 14 -11 16 -6 11 -12 0 0 0 0 0 0 0 0 0 0 0 0 0 0 0 0 0 0 0 0 0 0 -4 16 1 18 1 15 1 16 -2 14 6 13 7 11 11 11 7 6 12 7 12 8 10 4 19 -2 20 -3 20 -1 13 0 7 -7 12 -11 15 -14 10 -10 5 -20 6 -14 10 -23 3 -19 2 -22 1 -22 ],2025-05-07_20-08-02-681
CSI_DATA,PASSIVE,5C:E9:31:E8:F4:66,-76,11,0,0,0,0,0,0,0,0,0,-96,0,11,0,2302773751,0,139,0,0,2302.96,128,[-117 -80 8 0 -23 -12 -26 -13 -28 -14 -17 -15 -16 -11 -19 -25 -14 -19 -16 -21 -17 -22 -8 -31 -5 -25 -3 -31 -8 -32 -4 -24 2 -26 4 -34 13 -40 12 -28 10 -29 10 -21 4 -25 5 -19 -4 -18 4 -17 4 -15 0 0 0 0 0 0 0 0 0 0 0 0 0 0 0 0 0 0 0 0 0 0 10 13 11 11 18 9 15 7 14 6 11 3 20 0 13 -3 14 -2 13 -5 14 -12 16 -13 5 -12 5 -9 9 -14 6 -17 2 -17 -7 -18 -2 -16 -6 -16 -12 -17 -9 -21 -13 -14 -21 -16 -21 -16 -20 -12 ],2025-05-07_20-08-02-688
CSI_DATA,PASSIVE,5C:E9:31:E8:F4:66,-77,11,0,0,0,0,0,0,0,0,0,-96,0,11,0,2302773980,0,128,0,0,2302.97,128,[-128 0 8 0 -31 -45 -36 -39 -35 -62 -34 -44 -38 -49 -31 -58 -18 -56 -15 -54 -17 -52 -14 -64 -5 -67 9 -80 5 -56 10 -74 16 -71 16 -76 27 -67 28 -71 25 -57 20 -54 19 -54 13 -46 15 -40 16 -37 7 -20 0 0 0 0 0 0 0 0 0 0 0 0 0 0 0 0 0 0 0 0 0 0 14 49 21 19 1 36 25 32 26 18 23 21 20 23 27 6 25 7 32 2 33 4 40 -15 36 -5 35 -12 28 -19 18 -35 25 -36 14 -27 11 -32 -3 -37 -4 -37 -16 -46 -7 -40 -18 -42 -28 -46 -18 -42 ],2025-05-07_20-08-02-693
CSI_DATA,PASSIVE,5C:E9:31:E8:F4:66,-76,11,0,0,0,0,0,0,0,0,0,-96,0,11,0,2302774902,0,521,0,0,2302.97,128,[9 -110 32 0 -21 13 -20 9 -21 9 -16 9 -25 11 -23 6 -17 6 -25 1 -24 2 -21 -2 -23 -5 -26 -6 -25 -10 -25 -14 -23 -13 -23 -13 -23 -16 -20 -19 -19 -18 -17 -14 -18 -17 -14 -16 -14 -11 -13 -11 -16 -10 0 0 0 0 0 0 0 0 0 0 0 0 0 0 0 0 0 0 0 0 0 0 14 -5 15 -6 13 -6 11 -7 11 -9 10 -10 8 -11 6 -13 2 -14 5 -14 2 -17 -2 -16 -5 -12 -6 -16 -8 -14 -8 -12 -12 -13 -14 -5 -17 -5 -14 -4 -16 1 -20 1 -21 4 -20 3 -21 11 -21 7 ],2025-05-07_20-08-02-699
CSI_DATA,PASSIVE,5C:E9:31:E8:F4:66,-77,11,0,0,0,0,0,0,0,0,0,-96,0,11,0,2302775639,0,158,0,0,2302.98,128,[-98 -32 9 0 31 51 24 59 15 69 17 73 12 63 12 54 -1 60 -5 60 -9 50 -4 57 -19 58 -30 59 -28 62 -32 58 -42 62 -39 53 -51 58 -41 49 -47 46 -42 40 -42 44 -30 34 -35 40 -25 25 -27 24 0 0 0 0 0 0 0 0 0 0 0 0 0 0 0 0 0 0 0 0 0 0 -8 -42 2 -31 -1 -37 -9 -37 -18 -37 -26 -27 -24 -29 -29 -21 -34 -20 -32 -8 -31 -16 -41 -8 -33 1 -38 2 -34 7 -27 3 -22 19 -26 30 -13 33 -6 41 -12 46 -4 33 6 51 -9 50 8 59 0 58 ],2025-05-07_20-08-02-705
CSI_DATA,PASSIVE,5C:E9:31:E8:F4:66,-76,11,0,0,0,0,0,0,0,0,0,-96,0,11,0,2302775892,0,94,0,0,2302.98,128,[94 -32 5 0 22 -12 27 -13 28 -5 24 -8 19 -8 24 -9 26 -6 22 -2 23 -2 23 6 26 7 27 10 27 10 22 13 24 17 22 18 21 21 21 23 18 22 15 24 15 17 14 17 14 14 13 12 14 10 0 0 0 0 0 0 0 0 0 0 0 0 0 0 0 0 0 0 0 0 0 0 -20 -1 -22 4 -21 5 -15 6 -15 6 -16 8 -14 10 -12 13 -9 12 -6 17 -4 17 -6 16 -3 20 1 15 3 15 4 13 13 17 12 13 9 7 13 2 18 -2 18 -2 18 -4 16 -3 22 -9 25 -4 ],2025-05-07_20-08-02-710
CSI_DATA,PASSIVE,5C:E9:31:E8:F4:66,-76,11,0,0,0,0,0,0,0,0,0,-96,0,11,0,2302776061,0,158,0,0,2302.99,128,[-98 -32 9 0 9 21 12 24 10 25 5 24 9 24 7 25 5 27 1 24 -1 23 -4 25 -7 27 -11 25 -14 28 -15 25 -17 24 -18 23 -24 21 -21 20 -21 21 -20 17 -22 16 -16 15 -16 14 -14 13 -12 13 0 0 0 0 0 0 0 0 0 0 0 0 0 0 0 0 0 0 0 0 0 0 -10 -18 -8 -15 -10 -18 -13 -15 -13 -12 -13 -11 -14 -10 -14 -10 -18 -5 -14 -6 -19 -3 -20 1 -17 7 -18 5 -15 7 -14 11 -7 11 -9 11 -9 13 -8 17 -1 17 1 21 3 19 4 23 9 19 9 22 ],2025-05-07_20-08-02-716
CSI_DATA,PASSIVE,5C:E9:31:E8:E9:4E,-88,11,0,0,0,0,0,0,0,0,0,-96,0,11,0,2302840747,0,158,0,0,2303.01,128,[-98 -32 9 0 -5 0 6 1 9 1 7 -8 6 -6 4 -8 5 -14 9 -4 6 -18 3 -17 -1 -20 2 -20 14 -25 8 -15 3 -20 4 -15 11 -22 9 -20 11 -20 18 -15 18 -15 16 -13 11 -17 15 -5 14 2 0 0 0 0 0 0 0 0 0 0 0 0 0 0 0 0 0 0 0 0 0 0 10 -7 4 -8 -1 -11 -2 -9 -2 -13 0 -12 -3 -9 -8 -8 -10 -15 -8 -10 -8 -15 -12 -8 -22 -12 -10 -9 -22 -10 -14 -3 -15 2 -18 -9 -22 -5 -20 1 -15 1 -7 -1 -6 1 -7 0 3 2 -2 4 ],2025-05-07_20-08-02-733
CSI_DATA,PASSIVE,5C:E9:31:E8:F4:66,-76,11,0,0,0,0,0,0,0,0,0,-96,0,11,0,2302874426,0,80,0,0,2303.04,128,[80 0 5 0 -28 19 -25 13 -25 13 -21 13 -26 11 -25 8 -24 6 -23 5 -27 1 -23 0 -28 -5 -23 -10 -28 -14 -28 -19 -22 -14 -25 -18 -24 -19 -22 -21 -19 -20 -20 -21 -17 -17 -16 -15 -18 -14 -17 -11 -15 -13 0 0 0 0 0 0 0 0 0 0 0 0 0 0 0 0 0 0 0 0 0 0 16 -10 13 -11 11 -14 13 -13 12 -15 8 -15 7 -15 5 -17 2 -17 -2 -18 -3 -17 -6 -16 -5 -16 -9 -18 -11 -14 -11 -10 -15 -10 -19 -9 -17 -4 -19 -2 -19 0 -22 6 -22 6 -23 7 -25 10 -23 7 ],2025-05-07_20-08-02-767
CSI_DATA,PASSIVE,5C:E9:31:E8:F4:66,-76,11,0,0,0,0,0,0,0,0,0,-96,0,11,0,2302874575,0,94,0,0,2303.05,128,[94 -32 5 0 -14 23 -13 24 -19 22 -20 17 -18 18 -21 18 -23 14 -25 14 -23 8 -26 9 -27 2 -26 0 -27 -5 -28 -4 -31 -8 -30 -11 -31 -10 -29 -11 -28 -12 -27 -11 -21 -11 -20 -11 -22 -6 -18 -4 -16 -4 0 0 0 0 0 0 0 0 0 0 0 0 0 0 0 0 0 0 0 0 0 0 9 -18 8 -16 7 -17 5 -18 3 -18 2 -17 1 -19 -3 -16 -4 -17 -8 -15 -12 -16 -12 -13 -14 -12 -14 -10 -15 -11 -14 -6 -18 -5 -20 -2 -18 3 -20 8 -19 6 -19 12 -19 11 -20 14 -17 16 -16 16 ],2025-05-07_20-08-02-773
CSI_DATA,PASSIVE,5C:E9:31:E8:F4:66,-76,11,0,0,0,0,0,0,0,0,0,-96,0,11,0,2302874744,0,115,0,0,2303.05,128,[115 48 7 0 -22 -8 -28 -14 -21 -15 -21 -13 -21 -14 -21 -14 -18 -21 -15 -21 -21 -20 -12 -23 -9 -27 -5 -25 -6 -26 0 -32 -2 -28 2 -28 7 -30 5 -29 7 -28 7 -27 6 -26 5 -23 5 -20 4 -18 4 -16 0 0 0 0 0 0 0 0 0 0 0 0 0 0 0 0 0 0 0 0 0 0 19 5 16 4 17 5 18 2 15 -3 17 -1 14 -4 15 -8 16 -9 12 -12 12 -11 11 -15 10 -13 6 -18 4 -16 1 -20 -2 -17 -5 -17 -4 -16 -6 -17 -11 -18 -13 -16 -16 -17 -20 -11 -20 -17 -20 -13 ],2025-05-07_20-08-02-779
CSI_DATA,PASSIVE,5C:E9:31:E8:F4:66,-76,11,0,0,0,0,0,0,0,0,0,-96,0,11,0,2302874941,0,128,0,0,2303.06,128,[-128 0 8 0 24 -3 27 1 29 2 25 7 29 3 25 2 28 10 24 13 26 14 26 16 24 17 16 22 19 21 16 30 19 31 13 25 12 26 7 33 9 28 4 27 7 25 9 22 3 23 9 14 9 12 0 0 0 0 0 0 0 0 0 0 0 0 0 0 0 0 0 0 0 0 0 0 -23 -2 -20 -3 -22 2 -17 -1 -20 4 -16 7 -13 9 -18 9 -14 12 -11 16 -13 17 -9 17 -7 17 -5 19 -4 16 3 18 4 16 8 18 10 12 17 13 23 10 22 8 25 4 24 5 27 10 24 6 ],2025-05-07_20-08-02-783
CSI_DATA,PASSIVE,5C:E9:31:E8:F4:66,-77,11,0,0,0,0,0,0,0,0,0,-96,0,11,0,2302875153,0,174,0,0,2303.06,128,[-82 -32 10 0 17 19 19 20 16 24 15 24 11 24 9 22 9 22 8 27 6 24 0 24 -4 26 -5 28 -12 25 -7 25 -10 27 -12 26 -14 22 -18 22 -19 24 -17 20 -16 21 -15 18 -14 17 -11 15 -10 13 0 0 0 0 0 0 0 0 0 0 0 0 0 0 0 0 0 0 0 0 0 0 -14 -12 -16 -12 -15 -13 -16 -11 -16 -6 -16 -7 -18 -6 -18 -1 -16 0 -19 5 -17 4 -17 6 -15 10 -16 12 -10 11 -10 15 -7 18 -3 15 -4 18 2 21 6 22 4 20 9 20 10 19 11 19 12 19 ],2025-05-07_20-08-02-789
CSI_DATA,PASSIVE,5C:E9:31:E8:F4:66,-77,11,0,0,0,0,0,0,0,0,0,-96,0,11,0,2302875426,0,174,0,0,2303.07,128,[-82 -32 10 0 5 67 -1 71 -5 61 -4 70 -9 56 -9 53 -10 63 -16 55 -17 43 -27 56 -41 44 -50 45 -43 51 -55 34 -56 39 -64 40 -64 24 -58 29 -65 26 -50 17 -62 9 -43 15 -34 15 -38 20 -25 15 0 0 0 0 0 0 0 0 0 0 0 0 0 0 0 0 0 0 0 0 0 0 -11 -46 -6 -34 -15 -39 -15 -37 -16 -34 -22 -27 -28 -29 -37 -17 -25 -23 -32 -16 -41 -19 -37 -11 -43 -9 -48 -7 -37 2 -30 13 -31 28 -28 30 -23 35 -16 37 -23 42 -6 47 -11 55 -10 58 -10 60 -11 50 ],2025-05-07_20-08-02-796
CSI_DATA,PASSIVE,5C:E9:31:E8:F4:66,-76,11,0,0,0,0,0,0,0,0,0,-96,0,11,0,2302875699,0,194,0,0,2303.08,128,[-62 32 12 0 -2 28 -2 28 -6 26 -6 26 -5 26 -5 26 -6 26 -11 24 -13 22 -14 19 -22 15 -22 18 -22 17 -25 16 -30 18 -29 11 -31 11 -28 7 -19 7 -27 10 -25 6 -20 5 -22 0 -19 8 -16 8 0 0 0 0 0 0 0 0 0 0 0 0 0 0 0 0 0 0 0 0 0 0 0 -19 1 -17 -3 -15 -4 -19 -5 -17 -10 -16 -8 -23 -11 -14 -12 -13 -13 -10 -10 -12 -17 -6 -17 -4 -18 -4 -20 0 -16 2 -18 6 -14 8 -16 10 -12 15 -13 18 -9 22 -7 24 -8 20 -7 23 -6 25 ],2025-05-07_20-08-02-801
CSI_DATA,PASSIVE,5C:E9:31:E8:F4:66,-77,11,0,0,0,0,0,0,0,0,0,-96,0,11,0,2302876000,0,194,0,0,2303.08,128,[-62 32 12 0 -56 -9 -67 3 -65 -6 -57 2 -53 -10 -65 -11 -61 -9 -52 -29 -54 -25 -53 -26 -43 -27 -42 -46 -46 -52 -40 -68 -39 -64 -39 -60 -30 -67 -28 -64 -20 -69 -20 -56 -16 -50 -21 -48 -11 -40 -13 -34 -15 -34 0 0 0 0 0 0 0 0 0 0 0 0 0 0 0 0 0 0 0 0 0 0 33 -15 39 -10 36 -10 33 -13 36 -14 35 -30 30 -27 27 -24 16 -32 6 -33 9 -35 11 -38 8 -44 6 -40 -6 -40 -7 -29 -23 -35 -33 -29 -33 -22 -36 -20 -38 -11 -45 -2 -50 -8 -52 -23 -59 -5 -70 -6 ],2025-05-07_20-08-02-808
CSI_DATA,PASSIVE,5C:E9:31:E8:F4:66,-76,11,0,0,0,0,0,0,0,0,0,-96,0,11,0,2302876301,0,190,0,0,2303.09,128,[-66 -32 11 0 -15 -25 -11 -25 -12 -27 -10 -25 -7 -25 -7 -27 -2 -25 -2 -25 3 -23 3 -23 6 -24 11 -25 14 -24 16 -27 19 -25 21 -22 23 -19 21 -20 22 -17 21 -17 19 -15 16 -16 15 -13 13 -13 12 -12 0 0 0 0 0 0 0 0 0 0 0 0 0 0 0 0 0 0 0 0 0 0 8 16 9 15 8 14 11 12 13 8 13 11 16 8 15 6 16 3 19 1 18 -2 17 -3 14 -6 18 -8 13 -9 11 -13 10 -14 6 -16 5 -16 2 -20 2 -21 -2 -21 -3 -24 -4 -23 -8 -24 -8 -26 ],2025-05-07_20-08-02-813
CSI_DATA,PASSIVE,5C:E9:31:E8:F4:66,-76,11,0,0,0,0,0,0,0,0,0,-96,0,11,0,2302876598,0,210,0,0,2303.09,128,[-46 32 13 0 -27 8 -29 5 -21 6 -26 5 -27 2 -27 2 -25 -5 -27 -4 -24 -7 -23 -11 -24 -15 -20 -18 -19 -16 -19 -24 -16 -24 -19 -26 -15 -24 -14 -26 -12 -27 -14 -24 -10 -25 -10 -22 -9 -16 -9 -16 -12 -16 0 0 0 0 0 0 0 0 0 0 0 0 0 0 0 0 0 0 0 0 0 0 17 -10 16 -8 15 -14 15 -11 14 -16 10 -13 7 -16 5 -11 5 -15 7 -19 -2 -18 -2 -17 -2 -18 -4 -17 -9 -10 -10 -17 -12 -13 -16 -12 -19 -8 -18 -5 -20 -3 -22 -2 -22 4 -22 4 -26 4 -26 0 ],2025-05-07_20-08-02-819
CSI_DATA,PASSIVE,5C:E9:31:E8:E9:4E,-88,11,0,0,0,0,0,0,0,0,0,-96,0,11,0,2302926451,0,98,0,0,2303.1,128,[98 32 6 0 1 -3 14 -1 -1 -10 3 -8 -1 -4 7 -14 6 -19 5 -12 1 -5 -1 -14 4 -12 1 -15 11 -19 3 -22 10 -20 11 -15 20 -25 13 -13 9 -9 22 -7 12 -12 23 -7 17 0 7 1 9 -1 0 0 0 0 0 0 0 0 0 0 0 0 0 0 0 0 0 0 0 0 0 0 -14 6 -11 -7 -9 5 -10 -1 -20 12 -16 4 -10 12 -17 9 -3 10 -6 6 -7 13 -9 15 -7 9 -4 8 -13 5 -9 16 0 8 -13 5 -3 7 -8 12 1 12 0 0 -4 5 0 7 5 7 1 -1 ],2025-05-07_20-08-02-824
CSI_DATA,PASSIVE,5C:E9:31:E8:E9:4E,-88,11,0,0,0,0,0,0,0,0,0,-96,0,11,0,2302927731,0,98,0,0,2303.1,128,[98 32 6 0 3 3 2 1 10 2 17 -3 6 -6 4 2 2 -3 17 4 3 -5 14 -9 12 -10 18 -17 7 -13 12 -14 19 -7 13 -22 21 -6 24 -3 17 -2 16 -4 13 -1 15 6 20 10 12 6 9 6 0 0 0 0 0 0 0 0 0 0 0 0 0 0 0 0 0 0 0 0 0 0 0 -9 -10 -1 -12 -9 -2 -8 -3 -10 -11 -2 -11 -3 -6 -4 -9 -5 -7 -7 -13 -18 -2 1 -14 -9 -16 -8 -11 -2 -8 -4 -20 2 -14 0 -16 7 -17 6 -11 9 -9 4 -7 2 -3 12 -8 0 -9 5 ],2025-05-07_20-08-02-829
CSI_DATA,PASSIVE,5C:E9:31:E8:E9:4E,-87,11,0,0,0,0,0,0,0,0,0,-96,0,11,0,2302965568,0,98,0,0,2303.13,128,[98 32 6 0 2 -2 9 0 6 2 2 -5 8 -1 3 4 4 -4 14 -3 7 -5 13 -7 9 -14 16 -13 12 -10 11 -24 16 -17 15 -15 13 -19 19 -11 9 -15 27 -17 20 -12 20 -9 15 -4 20 -3 18 1 0 0 0 0 0 0 0 0 0 0 0 0 0 0 0 0 0 0 0 0 0 0 4 -4 5 -7 2 -12 9 -5 -2 -16 0 -17 0 -17 -3 -1 3 -17 -7 -13 -5 -16 -8 -12 -13 -14 -11 -14 -15 -15 -21 -14 -21 -15 -11 -13 -16 -8 -11 -11 -11 -3 -12 -1 -9 4 1 3 -4 1 1 2 ],2025-05-07_20-08-02-858
CSI_DATA,PASSIVE,5C:E9:31:E8:F4:66,-77,11,0,0,0,0,0,0,0,0,0,-96,0,11,0,2302977059,0,254,0,0,2303.14,128,[-2 -32 15 0 22 19 20 19 19 22 18 20 16 20 12 23 8 21 5 21 4 22 3 26 0 24 -5 31 -7 27 -9 21 -12 26 -21 25 -17 26 -13 15 -21 22 -15 19 -17 17 -16 18 -15 11 -11 19 -8 13 0 0 0 0 0 0 0 0 0 0 0 0 0 0 0 0 0 0 0 0 0 0 -12 -12 -15 -9 -17 -10 -16 -9 -16 -5 -13 -5 -18 -2 -20 3 -20 6 -14 2 -14 9 -14 4 -12 11 -11 6 -4 8 -7 8 -2 17 2 14 -4 14 3 18 7 18 15 20 13 16 18 16 17 17 19 17 ],2025-05-07_20-08-02-869
CSI_DATA,PASSIVE,5C:E9:31:E8:F4:66,-76,11,0,0,0,0,0,0,0,0,0,-96,0,11,0,2302977440,0,120,0,0,2303.15,128,[120 -128 7 0 -27 6 -30 1 -31 4 -22 4 -28 1 -24 -4 -22 4 -22 -2 -20 -13 -25 -11 -19 -18 -20 -17 -22 -22 -20 -24 -17 -25 -15 -24 -18 -29 -13 -27 -13 -27 -10 -25 -12 -21 -11 -19 -10 -20 -11 -17 -10 -13 0 0 0 0 0 0 0 0 0 0 0 0 0 0 0 0 0 0 0 0 0 0 15 2 18 0 14 0 15 -2 15 -6 15 -5 12 -7 13 -10 11 -12 9 -13 7 -13 4 -15 6 -17 -1 -16 -1 -14 -1 -9 -8 -17 -9 -11 -13 -10 -16 -8 -19 -7 -24 -3 -19 -2 -20 2 -28 -1 -25 0 ],2025-05-07_20-08-02-875
CSI_DATA,PASSIVE,5C:E9:31:E8:F4:66,-76,11,0,0,0,0,0,0,0,0,0,-96,0,11,0,2302977641,0,120,0,0,2303.16,128,[120 -128 7 0 -10 23 -9 21 -8 26 -14 26 -19 22 -15 19 -18 19 -25 17 -23 12 -23 11 -23 10 -26 5 -26 3 -26 1 -27 0 -29 -6 -33 -4 -30 -9 -27 -7 -26 -7 -26 -4 -21 -6 -21 -1 -16 -2 -17 -1 0 0 0 0 0 0 0 0 0 0 0 0 0 0 0 0 0 0 0 0 0 0 12 -17 11 -12 8 -14 3 -15 5 -16 -1 -17 -3 -17 -5 -18 -7 -17 -7 -19 -8 -16 -13 -12 -18 -9 -13 -9 -13 -9 -14 -5 -17 -2 -16 1 -15 4 -15 12 -11 16 -14 14 -16 19 -13 22 -12 19 -12 25 ],2025-05-07_20-08-02-881
CSI_DATA,PASSIVE,5C:E9:31:E8:F4:66,-76,11,0,0,0,0,0,0,0,0,0,-96,0,11,0,2302978479,0,381,0,0,2303.16,128,[125 -47 23 0 -26 -10 -25 -15 -24 -10 -21 -12 -23 -21 -21 -17 -15 -20 -14 -19 -19 -24 -10 -19 -7 -27 -3 -28 -4 -28 -1 -32 1 -32 5 -30 6 -28 8 -33 8 -25 7 -26 6 -26 5 -23 6 -21 5 -17 7 -18 0 0 0 0 0 0 0 0 0 0 0 0 0 0 0 0 0 0 0 0 0 0 10 12 10 11 12 9 12 8 15 3 12 3 17 2 14 -1 17 -1 12 -6 14 -7 17 -13 13 -13 6 -10 8 -11 2 -18 3 -17 -1 -14 -10 -14 -8 -16 -8 -14 -12 -15 -17 -22 -17 -13 -22 -12 -26 -13 ],2025-05-07_20-08-02-887
CSI_DATA,PASSIVE,5C:E9:31:E8:F4:66,-76,11,0,0,0,0,0,0,0,0,0,-96,0,11,0,2302979028,0,465,0,0,2303.17,128,[-47 17 29 0 28 -6 30 -3 24 -4 29 -2 29 -1 22 5 25 7 22 10 22 11 15 13 21 15 18 16 18 19 14 24 13 22 13 26 10 27 9 26 9 23 7 23 8 23 10 20 8 19 8 15 7 10 0 0 0 0 0 0 0 0 0 0 0 0 0 0 0 0 0 0 0 0 0 0 -17 -5 -16 -3 -16 -3 -16 2 -16 3 -15 6 -16 7 -13 11 -11 13 -12 12 -6 13 -5 18 -4 18 -3 15 -1 14 4 13 1 16 8 13 11 12 13 9 18 6 16 5 21 1 21 2 23 1 24 2 ],2025-05-07_20-08-02-892
CSI_DATA,PASSIVE,5C:E9:31:E8:F4:66,-77,11,0,0,0,0,0,0,0,0,0,-96,0,11,0,2302979689,0,158,0,0,2303.17,128,[-98 -32 9 0 18 22 20 24 18 20 16 20 15 20 16 25 11 19 8 20 6 23 2 28 -3 25 -5 30 -11 29 -9 27 -8 25 -15 27 -14 22 -16 23 -14 20 -16 21 -13 20 -13 16 -9 18 -7 17 -5 14 0 0 0 0 0 0 0 0 0 0 0 0 0 0 0 0 0 0 0 0 0 0 -9 -14 -10 -17 -10 -13 -9 -13 -15 -12 -14 -10 -16 -7 -15 -6 -17 0 -18 1 -16 3 -16 6 -15 6 -14 7 -13 7 -8 14 -8 15 1 17 0 17 0 16 5 17 9 15 11 17 12 17 15 19 15 17 ],2025-05-07_20-08-02-898
CSI_DATA,PASSIVE,5C:E9:31:E8:F4:66,-77,11,0,0,0,0,0,0,0,0,0,-96,0,11,0,2302979942,0,401,0,0,2303.18,128,[-111 17 25 0 21 -20 16 -18 21 -20 18 -19 20 -17 22 -13 23 -8 25 -9 23 -7 24 -8 24 0 29 5 28 7 26 10 26 7 27 10 26 14 25 16 21 13 20 16 19 12 19 10 17 9 15 8 15 5 0 0 0 0 0 0 0 0 0 0 0 0 0 0 0 0 0 0 0 0 0 0 -16 6 -15 9 -12 9 -11 12 -9 12 -7 13 -7 15 -1 18 2 17 3 17 3 16 8 13 7 15 9 13 9 10 11 10 15 5 15 2 18 0 17 -4 20 -10 20 -11 17 -14 19 -14 17 -16 20 -15 ],2025-05-07_20-08-02-903
CSI_DATA,PASSIVE,5C:E9:31:E8:F4:66,-76,11,0,0,0,0,0,0,0,0,0,-96,0,11,0,2302980519,0,94,0,0,2303.18,128,[94 -32 5 0 -25 15 -24 13 -27 16 -21 8 -27 9 -28 6 -25 1 -27 5 -22 2 -23 -4 -14 -13 -30 -11 -34 -14 -22 -16 -25 -20 -19 -13 -14 -18 -19 -17 -25 -27 -20 -22 -20 -26 -11 -16 -13 -16 -17 -15 -14 -9 0 0 0 0 0 0 0 0 0 0 0 0 0 0 0 0 0 0 0 0 0 0 15 -2 17 -8 16 -9 13 -7 15 -14 10 -14 13 -16 6 -7 5 -20 2 -21 3 -20 -3 -18 -1 -12 -1 -17 -1 -13 -10 -20 -13 -12 -15 -3 -11 -4 -12 1 -21 0 -22 2 -24 8 -19 8 -25 10 -27 7 ],2025-05-07_20-08-02-909
CSI_DATA,PASSIVE,5C:E9:31:E8:F4:66,-76,11,0,0,0,0,0,0,0,0,0,-96,0,11,0,2302980688,0,94,0,0,2303.19,128,[94 -32 5 0 -16 -23 -16 -22 -13 -20 -16 -22 -10 -21 -12 -23 -8 -21 -6 -22 0 -20 -5 -24 -2 -21 -4 -22 7 -32 7 -29 11 -23 10 -31 17 -22 9 -32 13 -27 13 -17 13 -18 12 -19 1 -13 2 -18 2 -15 0 0 0 0 0 0 0 0 0 0 0 0 0 0 0 0 0 0 0 0 0 0 1 14 0 12 5 11 7 13 4 8 8 8 16 9 16 8 9 7 14 3 18 -2 11 4 13 8 12 -3 15 -9 9 -7 6 -7 3 -14 3 -14 2 -14 -1 -15 -1 -19 -3 -22 -8 -14 -9 -22 -12 -19 ],2025-05-07_20-08-02-914
CSI_DATA,PASSIVE,5C:E9:31:E8:F4:66,-76,11,0,0,0,0,0,0,0,0,0,-96,0,11,0,2302980857,0,158,0,0,2303.19,128,[-98 -32 9 0 25 -16 24 -16 22 -15 21 -13 21 -9 25 -9 24 -8 22 -4 22 4 23 3 22 6 23 8 24 11 20 14 23 18 24 19 22 18 19 21 17 21 16 19 16 16 15 16 14 15 13 10 11 11 0 0 0 0 0 0 0 0 0 0 0 0 0 0 0 0 0 0 0 0 0 0 -13 7 -16 10 -13 9 -8 11 -11 12 -8 13 -8 17 -3 15 -6 17 3 18 3 20 9 15 6 17 3 15 6 10 13 11 13 4 13 8 11 1 17 -1 20 -8 23 -8 20 -9 19 -10 18 -13 19 -15 ],2025-05-07_20-08-02-919
CSI_DATA,PASSIVE,5C:E9:31:E8:F4:66,-77,11,0,0,0,0,0,0,0,0,0,-96,0,11,0,2302983216,0,194,0,0,2303.2,128,[-62 32 12 0 24 -5 25 -12 25 -5 23 -2 26 -2 25 -2 25 2 23 8 22 7 24 1 27 11 24 21 21 8 27 23 28 15 25 13 10 28 23 18 27 20 18 14 13 15 12 17 9 11 16 14 13 5 0 0 0 0 0 0 0 0 0 0 0 0 0 0 0 0 0 0 0 0 0 0 -20 -3 -17 -1 -17 2 -13 -1 -15 0 -16 7 -11 9 -13 7 -5 7 -4 8 -6 19 -7 16 -2 18 -5 16 -2 15 3 19 5 14 10 9 9 7 13 3 14 2 19 -3 27 -5 25 0 17 -2 27 0 ],2025-05-07_20-08-02-925
CSI_DATA,PASSIVE,5C:E9:31:E8:E9:4E,-88,11,0,0,0,0,0,0,0,0,0,-96,0,11,0,2303047457,0,98,0,0,2303.21,128,[98 32 6 0 2 5 1 -1 2 -1 11 -2 4 2 12 4 11 -1 9 -3 11 -1 10 -6 9 -9 10 -12 12 -12 15 -16 24 -9 23 -6 18 -15 20 -6 17 -2 18 -6 19 -4 13 5 21 6 11 2 19 11 0 0 0 0 0 0 0 0 0 0 0 0 0 0 0 0 0 0 0 0 0 0 1 -11 4 -8 3 -8 0 -6 -1 -11 -10 -8 -6 -5 -9 -11 -5 -11 -6 -8 -5 -11 -14 -11 -13 -17 -14 -7 -11 -9 -15 -15 -11 -9 -15 -4 -12 -9 -11 -3 -17 7 -11 4 -10 -2 -9 2 -8 4 -7 9 ],2025-05-07_20-08-02-939
CSI_DATA,PASSIVE,5C:E9:31:E8:E9:4E,-89,11,0,0,0,0,0,0,0,0,0,-96,0,11,0,2303058548,0,98,0,0,2303.23,128,[98 32 6 0 -3 4 -3 3 -2 0 -4 5 11 -4 2 6 -6 9 9 7 10 4 3 2 17 8 22 11 13 15 22 16 21 11 9 18 18 22 18 20 9 22 4 19 3 16 -2 9 -3 13 0 14 -4 7 0 0 0 0 0 0 0 0 0 0 0 0 0 0 0 0 0 0 0 0 0 0 13 -5 9 -6 8 0 10 -12 8 -6 -5 -7 5 -16 -5 -17 2 -21 0 -15 4 -13 3 -18 -2 -15 6 -22 -5 -15 2 -20 -6 -15 -11 -15 2 -14 -3 -15 -6 -16 -10 -18 -4 0 -3 -6 -13 6 2 1 ],2025-05-07_20-08-02-950
CSI_DATA,PASSIVE,5C:E9:31:E8:E9:4E,-87,11,0,0,0,0,0,0,0,0,0,-96,0,11,0,2303058721,0,98,0,0,2303.23,128,[98 32 6 0 0 -3 -4 2 -6 0 -9 3 -18 -2 -5 11 -8 9 2 9 -4 3 -7 14 -7 15 -8 16 -6 16 -19 16 -13 16 -9 18 -19 19 -13 16 -16 1 -16 17 -21 12 -20 5 -17 7 -18 -4 -16 0 0 0 0 0 0 0 0 0 0 0 0 0 0 0 0 0 0 0 0 0 0 0 1 6 10 7 8 10 10 7 13 2 13 5 13 3 12 2 13 2 16 5 13 4 16 -1 12 1 15 5 9 -2 12 -2 18 -2 9 -13 10 -6 3 -7 13 -14 8 -4 7 -8 5 -9 4 -5 4 -10 ],2025-05-07_20-08-02-967
CSI_DATA,PASSIVE,5C:E9:31:E8:F4:66,-77,11,0,0,0,0,0,0,0,0,0,-96,0,11,0,2303079057,0,94,0,0,2303.25,128,[94 -32 5 0 25 -9 26 -3 21 -4 24 -1 25 -1 23 -1 23 0 19 6 21 8 19 14 18 14 17 16 17 16 16 22 15 25 10 25 9 27 12 26 8 25 8 24 8 23 6 22 5 20 6 16 7 18 0 0 0 0 0 0 0 0 0 0 0 0 0 0 0 0 0 0 0 0 0 0 -19 0 -20 1 -19 2 -16 3 -20 6 -15 8 -17 10 -14 10 -10 15 -9 15 -7 15 -4 16 -7 16 -3 16 2 15 3 16 7 14 10 13 12 11 13 9 17 7 17 4 18 2 21 -1 27 2 20 2 ],2025-05-07_20-08-02-970
CSI_DATA,PASSIVE,5C:E9:31:E8:F4:66,-77,11,0,0,0,0,0,0,0,0,0,-96,0,11,0,2303079226,0,329,0,0,2303.25,128,[73 -111 20 0 19 25 15 19 17 26 11 24 11 25 8 27 7 24 2 24 -5 20 -10 24 -7 26 -12 21 -17 23 -20 19 -24 19 -28 19 -28 18 -28 14 -29 14 -25 12 -28 10 -25 9 -22 7 -21 9 -18 9 0 0 0 0 0 0 0 0 0 0 0 0 0 0 0 0 0 0 0 0 0 0 -18 -14 -19 -10 -20 -12 -18 -8 -16 -5 -22 -2 -20 -6 -20 1 -20 4 -19 7 -18 6 -18 9 -17 14 -15 14 -14 15 -10 18 -7 16 -7 18 -4 18 1 17 5 22 4 21 7 18 10 20 12 20 15 22 ],2025-05-07_20-08-02-976
CSI_DATA,PASSIVE,5C:E9:31:E8:F4:66,-76,11,0,0,0,0,0,0,0,0,0,-96,0,11,0,2303079707,0,349,0,0,2303.26,128,[93 -47 21 0 11 -23 12 -21 14 -23 15 -20 17 -15 15 -16 17 -13 20 -11 20 -9 21 -4 24 -1 24 -4 25 2 25 8 25 6 25 12 29 10 27 13 20 14 21 16 17 14 17 9 16 10 15 11 14 9 0 0 0 0 0 0 0 0 0 0 0 0 0 0 0 0 0 0 0 0 0 0 -7 18 -8 16 -4 16 -2 16 -4 17 3 18 2 18 5 14 6 16 13 15 12 15 12 14 9 14 13 8 14 6 13 3 14 4 17 -4 14 -2 19 -7 15 -12 15 -12 13 -13 13 -14 15 -16 14 -18 ],2025-05-07_20-08-02-982
CSI_DATA,PASSIVE,5C:E9:31:E8:F4:66,-77,11,0,0,0,0,0,0,0,0,0,-96,0,11,0,2303080216,0,128,0,0,2303.26,128,[-128 0 8 0 2 -24 -2 -27 2 -25 0 -21 3 -25 10 -23 13 -22 10 -22 11 -14 14 -17 14 -14 21 -14 26 -5 23 -8 24 -6 27 -3 30 -5 28 0 25 1 28 4 24 2 24 0 22 1 20 3 18 0 0 0 0 0 0 0 0 0 0 0 0 0 0 0 0 0 0 0 0 0 0 0 2 19 2 19 5 18 5 18 7 17 8 17 10 10 13 12 15 11 16 11 18 7 21 4 22 1 15 0 19 -1 17 -6 17 -10 16 -11 15 -11 8 -14 7 -18 11 -21 7 -25 5 -22 2 -24 5 -19 ],2025-05-07_20-08-02-987
CSI_DATA,PASSIVE,5C:E9:31:E8:F4:66,-76,11,0,0,0,0,0,0,0,0,0,-96,0,11,0,2303080429,0,356,0,0,2303.27,128,[100 65 22 0 37 -16 35 -28 40 -26 36 -16 44 -18 40 -9 40 -6 37 1 36 5 37 7 33 14 37 23 39 27 26 28 32 31 32 34 31 40 25 43 25 33 22 39 21 38 18 33 17 32 18 28 12 23 0 0 0 0 0 0 0 0 0 0 0 0 0 0 0 0 0 0 0 0 0 0 -27 23 -25 21 -24 21 -20 22 -20 28 -12 30 -9 31 -6 33 -2 33 3 29 6 30 11 34 6 31 16 29 17 22 17 21 26 18 29 12 29 11 27 3 32 -2 35 -5 41 -8 34 -14 43 -12 39 -13 ],2025-05-07_20-08-02-992
CSI_DATA,PASSIVE,5C:E9:31:E8:F4:66,-76,11,0,0,0,0,0,0,0,0,0,-96,0,11,0,2303080946,0,376,0,0,2303.27,128,[120 -127 23 0 -12 -24 -9 -24 -6 -26 -8 -26 -6 -26 -2 -24 1 -22 3 -23 6 -22 8 -22 13 -20 17 -18 18 -20 21 -16 22 -16 26 -12 27 -12 27 -9 24 -8 23 -7 22 -9 22 -7 18 -9 17 -6 16 -7 0 0 0 0 0 0 0 0 0 0 0 0 0 0 0 0 0 0 0 0 0 0 12 14 11 15 13 12 12 10 13 9 14 8 16 5 18 5 20 1 20 -1 18 0 19 -5 19 -8 15 -7 13 -11 13 -13 9 -13 9 -15 4 -18 4 -19 3 -20 1 -24 -3 -22 -5 -20 -5 -24 -7 -22 ],2025-05-07_20-08-02-998
CSI_DATA,PASSIVE,5C:E9:31:E8:F4:66,-76,11,0,0,0,0,0,0,0,0,0,-96,0,11,0,2303081491,0,94,0,0,2303.28,128,[94 -32 5 0 -19 -22 -18 -23 -17 -25 -16 -26 -11 -21 -12 -26 -7 -26 -4 -26 -1 -21 2 -25 7 -29 6 -25 10 -26 13 -27 19 -26 19 -27 25 -24 22 -20 24 -20 23 -18 22 -16 20 -17 17 -18 16 -15 13 -15 0 0 0 0 0 0 0 0 0 0 0 0 0 0 0 0 0 0 0 0 0 0 17 16 16 12 16 11 18 10 19 8 18 6 18 5 20 1 18 -1 18 -3 17 -7 16 -7 17 -10 13 -13 13 -12 9 -17 7 -17 3 -19 3 -17 -4 -22 -3 -23 -6 -24 -11 -22 -12 -23 -14 -25 -17 -23 ],2025-05-07_20-08-03-4
CSI_DATA,PASSIVE,5C:E9:31:E8:F4:66,-76,11,0,0,0,0,0,0,0,0,0,-96,0,11,0,2303081660,0,94,0,0,2303.28,128,[94 -32 5 0 13 -19 16 -19 19 -19 21 -15 18 -15 18 -18 20 -10 21 -9 22 -5 22 0 21 3 24 2 24 6 24 8 21 12 24 14 23 16 23 16 23 18 22 17 17 15 16 16 14 12 13 11 14 9 0 0 0 0 0 0 0 0 0 0 0 0 0 0 0 0 0 0 0 0 0 0 -11 17 -10 17 -5 16 -6 16 -5 15 -2 15 -1 19 3 15 5 17 7 16 7 17 8 14 11 8 11 10 17 9 14 6 16 1 15 2 16 -2 20 -4 18 -9 20 -7 18 -13 20 -16 18 -16 18 -15 ],2025-05-07_20-08-03-9
CSI_DATA,PASSIVE,5C:E9:31:E8:F4:66,-77,11,0,0,0,0,0,0,0,0,0,-96,0,11,0,2303081829,0,94,0,0,2303.29,128,[94 -32 5 0 26 8 25 4 25 7 21 8 19 9 18 11 15 11 13 15 14 17 10 19 8 21 10 19 3 27 2 25 1 26 -1 28 -5 30 -5 29 -6 26 -7 23 -4 22 -4 23 -5 22 -1 15 0 17 0 0 0 0 0 0 0 0 0 0 0 0 0 0 0 0 0 0 0 0 0 0 -23 -3 -18 -1 -17 -1 -18 0 -18 5 -14 4 -16 6 -13 8 -13 9 -10 11 -10 15 -11 17 -8 18 -4 17 1 17 1 15 1 18 7 16 8 12 10 11 16 10 17 10 17 10 18 7 19 9 23 9 ],2025-05-07_20-08-03-14
CSI_DATA,PASSIVE,5C:E9:31:E8:F4:66,-77,11,0,0,0,0,0,0,0,0,0,-96,0,11,0,2303081998,0,94,0,0,2303.29,128,[94 -32 5 0 -6 26 -7 24 -7 27 -9 22 -11 22 -13 24 -13 17 -16 15 -19 10 -20 12 -22 10 -23 6 -26 6 -27 5 -27 2 -32 -3 -32 -3 -30 -10 -29 -8 -26 -7 -26 -6 -22 -8 -21 -6 -20 -3 -19 -1 0 0 0 0 0 0 0 0 0 0 0 0 0 0 0 0 0 0 0 0 0 0 1 -20 0 -19 -2 -19 -5 -17 -2 -16 -6 -16 -10 -13 -12 -17 -15 -14 -16 -11 -19 -12 -16 -7 -18 -7 -18 -5 -19 -3 -16 1 -18 4 -17 7 -15 10 -14 14 -16 14 -13 19 -9 22 -10 19 -8 21 -8 17 ],2025-05-07_20-08-03-20
CSI_DATA,PASSIVE,5C:E9:31:E8:E9:4E,-88,11,0,0,0,0,0,0,0,0,0,-96,0,11,0,2303137740,0,217,0,0,2303.3,128,[-39 -112 13 0 -3 -3 -1 4 -2 13 -11 10 4 5 6 2 4 12 11 12 8 9 14 12 14 10 16 10 17 5 15 17 19 7 22 18 7 15 19 14 12 13 14 22 1 22 4 11 2 17 4 16 0 18 0 0 0 0 0 0 0 0 0 0 0 0 0 0 0 0 0 0 0 0 0 0 4 -9 8 -4 6 -11 4 -5 8 -8 5 -15 4 -12 -2 -17 2 -12 4 -20 7 -13 0 -18 0 -16 9 -15 -2 -18 0 -20 -14 -12 -7 -8 -8 -4 -4 -15 -14 -17 -9 -5 -14 -4 -9 -6 -5 -5 6 -14 ],2025-05-07_20-08-03-30
CSI_DATA,PASSIVE,5C:E9:31:E8:E9:4E,-89,11,0,0,0,0,0,0,0,0,0,-96,0,11,0,2303138073,0,276,0,0,2303.31,128,[20 65 17 0 -3 2 -2 -1 5 0 6 -5 0 -1 10 -4 6 -2 6 -6 8 -12 11 -10 14 -12 12 -12 7 -17 11 -20 12 -19 17 -10 15 -15 21 -10 18 -12 13 -10 18 -10 16 -11 18 -3 19 -1 19 6 0 0 0 0 0 0 0 0 0 0 0 0 0 0 0 0 0 0 0 0 0 0 4 -6 -3 -10 10 -10 -1 -9 -13 -12 -10 -13 -11 -12 -9 -4 -14 -7 -15 -11 -11 -13 -14 -11 -16 -14 -14 -6 -19 -7 -14 -9 -12 -2 -15 -6 -16 5 -14 -1 -16 -1 -15 8 -12 -2 -7 10 -4 7 2 4 ],2025-05-07_20-08-03-35
CSI_DATA,PASSIVE,5C:E9:31:E8:F4:66,-77,11,0,0,0,0,0,0,0,0,0,-96,0,11,0,2303183085,0,217,0,0,2303.35,128,[-39 -112 13 0 -26 -1 -25 3 -27 0 -25 -4 -27 -3 -22 -6 -19 -8 -20 -12 -21 -12 -15 -17 -17 -18 -19 -26 -17 -23 -18 -25 -10 -29 -9 -29 -10 -28 -8 -30 -6 -29 -4 -27 -2 -24 -1 -25 -7 -22 -4 -17 -6 -16 0 0 0 0 0 0 0 0 0 0 0 0 0 0 0 0 0 0 0 0 0 0 16 3 17 1 15 2 15 0 14 -6 12 -4 11 -8 8 -10 9 -14 7 -15 6 -15 5 -18 3 -20 1 -16 -3 -16 -4 -17 -7 -17 -10 -18 -10 -11 -16 -9 -15 -8 -17 -9 -17 -4 -20 -6 -25 -5 -23 -1 ],2025-05-07_20-08-03-76
CSI_DATA,PASSIVE,5C:E9:31:E8:F4:66,-77,11,0,0,0,0,0,0,0,0,0,-96,0,11,0,2303183418,0,207,0,0,2303.36,128,[-49 -16 12 0 -8 20 -11 21 -10 20 -9 20 -12 18 -15 18 -16 14 -18 10 -22 11 -22 10 -28 9 -30 9 -29 3 -28 1 -32 -2 -31 -4 -34 -3 -30 -7 -30 -10 -26 -8 -25 -3 -22 -7 -17 -5 -20 -3 -17 -2 0 0 0 0 0 0 0 0 0 0 0 0 0 0 0 0 0 0 0 0 0 0 11 -16 7 -16 7 -16 1 -13 3 -17 -1 -15 -5 -17 -4 -14 -9 -12 -12 -15 -11 -15 -15 -9 -16 -9 -16 -7 -18 -8 -18 -5 -18 0 -20 1 -18 5 -14 5 -15 10 -13 14 -12 15 -10 18 -11 17 -10 19 ],2025-05-07_20-08-03-81
CSI_DATA,PASSIVE,5C:E9:31:E8:F4:66,-76,11,0,0,0,0,0,0,0,0,0,-96,0,11,0,2303183735,0,217,0,0,2303.36,128,[-39 -112 13 0 -17 21 -15 19 -17 19 -15 18 -13 14 -18 14 -20 14 -20 5 -23 4 -25 1 -24 1 -30 0 -32 -5 -32 -10 -31 -12 -29 -12 -28 -13 -29 -16 -26 -18 -22 -12 -21 -16 -20 -13 -22 -10 -16 -10 -17 -8 0 0 0 0 0 0 0 0 0 0 0 0 0 0 0 0 0 0 0 0 0 0 11 -16 8 -17 5 -14 4 -18 4 -15 0 -15 -2 -17 -7 -14 -6 -15 -11 -12 -11 -14 -13 -13 -13 -8 -15 -10 -16 -8 -16 -5 -19 -3 -18 2 -16 3 -19 4 -18 7 -17 11 -18 13 -11 14 -15 15 -13 18 ],2025-05-07_20-08-03-87
CSI_DATA,PASSIVE,5C:E9:31:E8:F4:66,-77,11,0,0,0,0,0,0,0,0,0,-96,0,11,0,2303184068,0,133,0,0,2303.37,128,[-123 80 8 0 9 39 20 44 20 49 -3 51 13 49 -1 53 15 48 -8 59 -11 47 -17 57 -16 54 -35 55 -32 55 -47 51 -48 57 -56 49 -54 49 -57 48 -52 48 -55 38 -51 31 -40 31 -41 31 -32 21 -22 24 0 0 0 0 0 0 0 0 0 0 0 0 0 0 0 0 0 0 0 0 0 0 -2 -40 6 -32 -11 -36 -6 -31 -6 -34 -23 -27 -21 -25 -32 -23 -24 -15 -27 -15 -39 -12 -46 -4 -45 -8 -37 -1 -33 7 -36 13 -38 21 -23 30 -28 30 -9 41 -7 35 6 49 8 43 -11 51 2 53 7 48 ],2025-05-07_20-08-03-93
CSI_DATA,PASSIVE,5C:E9:31:E8:F4:66,-76,11,0,0,0,0,0,0,0,0,0,-96,0,11,0,2303184289,0,113,0,0,2303.37,128,[113 16 7 0 -11 18 -13 23 -12 17 -16 16 -13 21 -13 16 -14 12 -17 8 -23 13 -21 10 -19 6 -26 1 -27 3 -30 -1 -31 -4 -26 -5 -27 -8 -27 -5 -27 -9 -25 -7 -22 -7 -23 -8 -21 -5 -15 -4 -14 -4 0 0 0 0 0 0 0 0 0 0 0 0 0 0 0 0 0 0 0 0 0 0 10 -13 10 -13 6 -13 8 -11 6 -16 5 -12 0 -10 -4 -14 -2 -15 -6 -15 -10 -14 -9 -10 -8 -12 -13 -12 -11 -10 -13 -6 -13 -4 -19 -3 -14 4 -14 3 -13 5 -16 11 -13 14 -10 14 -12 16 -8 16 ],2025-05-07_20-08-03-99
CSI_DATA,PASSIVE,5C:E9:31:E8:F4:66,-78,11,0,0,0,0,0,0,0,0,0,-96,0,11,0,2303184482,0,133,0,0,2303.38,128,[-123 80 8 0 -7 54 0 50 -5 67 -26 48 -21 48 -12 59 -15 47 -19 50 -32 40 -34 45 -47 50 -50 39 -55 34 -60 43 -56 37 -79 36 -68 36 -64 29 -66 20 -54 23 -63 21 -49 13 -39 23 -37 20 -26 10 0 0 0 0 0 0 0 0 0 0 0 0 0 0 0 0 0 0 0 0 0 0 13 -39 17 -26 23 -34 15 -39 6 -30 2 -35 -3 -31 -9 -23 -17 -36 -31 -29 -23 -34 -34 -23 -33 -23 -46 -12 -34 -10 -45 8 -30 4 -32 14 -25 28 -32 33 -22 31 -20 25 -15 35 -22 34 -18 54 -20 44 ],2025-05-07_20-08-03-105
CSI_DATA,PASSIVE,5C:E9:31:E8:F4:66,-78,11,0,0,0,0,0,0,0,0,0,-96,0,11,0,2303184703,0,119,0,0,2303.39,128,[119 112 7 0 -21 49 -26 49 -35 40 -44 37 -45 33 -40 36 -43 35 -47 20 -53 26 -51 11 -57 8 -64 6 -73 -5 -69 -8 -70 -8 -78 -13 -75 -21 -72 -23 -68 -22 -67 -27 -61 -18 -41 -17 -46 -19 -45 -12 -35 -16 0 0 0 0 0 0 0 0 0 0 0 0 0 0 0 0 0 0 0 0 0 0 27 -29 25 -28 24 -28 12 -30 20 -34 16 -27 13 -30 1 -30 -9 -33 -17 -30 -12 -33 -24 -30 -16 -37 -28 -27 -27 -23 -20 -22 -35 2 -44 -10 -37 5 -34 12 -45 14 -49 23 -37 25 -36 22 -29 40 -24 32 ],2025-05-07_20-08-03-111
CSI_DATA,PASSIVE,5C:E9:31:E8:F4:66,-77,11,0,0,0,0,0,0,0,0,0,-96,0,11,0,2303184904,0,113,0,0,2303.39,128,[113 16 7 0 8 51 6 59 11 64 5 53 -1 51 -7 46 -5 52 -7 55 -9 47 -25 54 -22 50 -45 59 -43 53 -50 61 -49 56 -66 46 -60 38 -56 47 -58 44 -51 39 -54 34 -39 31 -38 30 -33 28 -26 20 0 0 0 0 0 0 0 0 0 0 0 0 0 0 0 0 0 0 0 0 0 0 1 -47 2 -32 0 -34 -4 -29 -13 -33 -25 -28 -17 -26 -31 -23 -24 -19 -35 -13 -42 -17 -46 -2 -46 -4 -33 0 -29 4 -33 14 -26 22 -24 26 -18 27 -17 33 -15 42 0 39 -2 46 -7 43 -11 61 -5 57 ],2025-05-07_20-08-03-117
CSI_DATA,PASSIVE,5C:E9:31:E8:F4:66,-77,11,0,0,0,0,0,0,0,0,0,-96,0,11,0,2303185097,0,119,0,0,2303.4,128,[119 112 7 0 24 47 37 46 35 48 25 53 24 34 14 54 24 51 -1 58 9 48 2 55 -7 63 -18 61 -18 58 -37 58 -38 72 -41 64 -49 58 -48 62 -38 57 -48 50 -39 38 -34 48 -32 36 -28 37 -18 34 0 0 0 0 0 0 0 0 0 0 0 0 0 0 0 0 0 0 0 0 0 0 -24 -34 -15 -35 -23 -28 -22 -30 -32 -28 -33 -19 -37 -15 -36 -4 -38 -13 -34 -1 -39 5 -36 12 -38 13 -35 20 -31 13 -21 28 -17 26 -12 35 -5 32 -5 32 3 43 16 43 17 42 19 50 34 44 21 46 ],2025-05-07_20-08-03-122
CSI_DATA,PASSIVE,5C:E9:31:E8:F4:66,-78,11,0,0,0,0,0,0,0,0,0,-96,0,11,0,2303185298,0,139,0,0,2303.4,128,[-117 -80 8 0 53 7 58 -17 58 5 38 14 57 5 46 10 49 19 52 27 48 26 50 25 48 32 51 52 46 50 39 53 44 60 43 71 37 68 28 58 26 64 25 62 28 48 20 41 21 35 25 37 19 28 0 0 0 0 0 0 0 0 0 0 0 0 0 0 0 0 0 0 0 0 0 0 -46 -7 -34 -17 -33 -21 -40 -11 -34 -5 -37 -9 -34 11 -24 12 -27 14 -31 26 -17 30 -19 27 -22 39 -10 38 -12 31 14 37 16 22 13 38 19 36 26 29 21 22 36 15 52 -4 37 7 46 16 55 22 ],2025-05-07_20-08-03-128
CSI_DATA,PASSIVE,5C:E9:31:E8:E9:4E,-88,11,0,0,0,0,0,0,0,0,0,-96,0,11,0,2303231656,0,98,0,0,2303.41,128,[98 32 6 0 -1 -2 1 -1 3 -3 7 -9 6 2 4 2 3 -9 7 -13 13 -8 2 -23 -6 -19 3 -22 -2 -18 7 -22 2 -21 6 -19 13 -18 6 -15 7 -25 9 -23 10 -8 14 -11 13 -14 16 -9 15 -5 0 0 0 0 0 0 0 0 0 0 0 0 0 0 0 0 0 0 0 0 0 0 1 -12 4 -13 -1 -8 0 -5 -2 -6 -10 -11 -1 -7 -11 -9 -13 -4 -13 -5 -12 -5 -19 1 -20 -12 -19 -5 -17 -1 -10 -4 -18 2 -19 3 -15 10 -17 4 -3 -3 -1 3 -10 9 2 1 -6 5 -4 16 ],2025-05-07_20-08-03-134
CSI_DATA,PASSIVE,5C:E9:31:E8:E9:4E,-89,11,0,0,0,0,0,0,0,0,0,-96,0,11,0,2303275063,0,127,0,0,2303.44,128,[127 -16 7 0 -9 1 4 4 -4 1 0 3 -7 7 -4 6 1 8 5 10 4 10 4 7 5 20 9 15 9 19 8 23 9 22 3 20 7 18 2 19 2 23 -5 25 -4 16 -6 11 -11 14 -14 12 -11 9 0 0 0 0 0 0 0 0 0 0 0 0 0 0 0 0 0 0 0 0 0 0 7 1 8 -1 13 -4 11 0 8 -6 7 -8 7 -13 7 -11 8 -13 5 -18 9 -10 8 -8 4 -13 2 -18 -1 -17 3 -11 -1 -10 -1 -15 -1 -17 -4 -9 0 -16 2 -7 -2 -13 -10 -14 -7 -8 2 2 ],2025-05-07_20-08-03-167
CSI_DATA,PASSIVE,5C:E9:31:E8:E9:4E,-88,11,0,0,0,0,0,0,0,0,0,-96,0,11,0,2303275276,0,127,0,0,2303.45,128,[127 -16 7 0 -3 -4 -1 1 -3 -1 -5 -7 -13 -3 -12 -6 -6 -6 -3 6 -15 1 -12 8 -19 3 -13 13 -21 9 -17 11 -17 13 -15 3 -24 10 -20 10 -24 6 -18 6 -16 7 -22 -2 -16 0 -18 -7 -16 -8 0 0 0 0 0 0 0 0 0 0 0 0 0 0 0 0 0 0 0 0 0 0 -6 7 -14 4 -11 7 -10 12 -1 9 8 13 2 16 5 8 8 15 -5 16 -3 24 4 15 9 12 -1 14 8 11 7 9 13 6 10 13 18 6 5 8 13 4 13 3 2 1 12 -6 14 3 3 0 ],2025-05-07_20-08-03-171
CSI_DATA,PASSIVE,5C:E9:31:E8:F4:66,-77,11,0,0,0,0,0,0,0,0,0,-96,0,11,0,2303284119,0,126,0,0,2303.45,128,[126 -32 7 0 16 -21 16 -19 19 -22 20 -20 17 -11 19 -19 23 -12 17 -7 22 -7 28 -5 30 1 27 -1 29 0 33 5 31 9 32 9 32 10 31 11 29 12 28 9 26 10 23 8 23 8 17 7 17 2 0 0 0 0 0 0 0 0 0 0 0 0 0 0 0 0 0 0 0 0 0 0 -13 12 -12 14 -12 14 -9 15 -6 13 -3 16 -2 15 0 13 4 18 6 15 10 12 8 14 14 10 14 10 16 9 15 2 19 4 21 -7 19 -6 19 -10 19 -12 14 -11 19 -14 18 -15 18 -17 19 -17 ],2025-05-07_20-08-03-177
CSI_DATA,PASSIVE,5C:E9:31:E8:F4:66,-76,11,0,0,0,0,0,0,0,0,0,-96,0,11,0,2303284328,0,128,0,0,2303.46,128,[-128 0 8 0 -16 -20 -18 -18 -20 -17 -16 -17 -14 -21 -14 -20 -14 -23 -14 -25 -7 -22 -6 -32 0 -25 0 -31 10 -35 10 -33 11 -31 13 -28 16 -32 17 -28 17 -29 11 -28 13 -28 11 -25 13 -22 8 -19 5 -20 0 0 0 0 0 0 0 0 0 0 0 0 0 0 0 0 0 0 0 0 0 0 14 14 12 10 13 12 14 7 16 5 14 6 16 2 17 2 13 -6 14 -8 13 -5 13 -11 14 -13 11 -14 7 -12 4 -17 1 -21 -2 -19 -2 -21 -5 -20 -6 -22 -12 -23 -16 -21 -12 -21 -16 -19 -17 -19 ],2025-05-07_20-08-03-184
CSI_DATA,PASSIVE,5C:E9:31:E8:F4:66,-77,11,0,0,0,0,0,0,0,0,0,-96,0,11,0,2303284540,0,315,0,0,2303.46,128,[59 -79 19 0 6 -28 7 -24 13 -22 13 -25 17 -24 15 -25 21 -17 21 -13 22 -17 20 -11 28 -9 29 -9 29 -8 29 -7 32 -6 31 -3 33 -4 34 -1 31 3 29 0 29 -3 26 -4 24 -5 19 -5 20 -1 0 0 0 0 0 0 0 0 0 0 0 0 0 0 0 0 0 0 0 0 0 0 -11 16 -12 15 -8 17 -5 16 -6 15 0 15 -1 12 5 10 6 15 9 13 14 12 14 8 15 6 18 3 16 1 17 -1 15 -4 16 -6 15 -9 17 -12 19 -19 16 -18 15 -19 13 -21 10 -22 12 -20 ],2025-05-07_20-08-03-188
CSI_DATA,PASSIVE,5C:E9:31:E8:F4:66,-77,11,0,0,0,0,0,0,0,0,0,-96,0,11,0,2303285001,0,335,0,0,2303.47,128,[79 -15 20 0 5 24 5 24 5 22 4 23 -3 26 0 23 -7 21 -11 20 -11 20 -14 18 -20 22 -19 17 -22 18 -23 18 -26 16 -27 11 -28 13 -27 10 -29 8 -28 9 -25 8 -22 8 -20 10 -16 8 -16 11 0 0 0 0 0 0 0 0 0 0 0 0 0 0 0 0 0 0 0 0 0 0 -4 -19 -6 -14 -7 -15 -10 -11 -9 -11 -12 -11 -12 -9 -15 -8 -11 -5 -14 -4 -14 -3 -15 5 -15 4 -14 5 -15 6 -12 12 -13 11 -12 12 -4 16 -3 16 -2 23 -1 22 0 21 1 24 6 24 2 21 ],2025-05-07_20-08-03-194
CSI_DATA,PASSIVE,5C:E9:31:E8:F4:66,-77,11,0,0,0,0,0,0,0,0,0,-96,0,11,0,2303285490,0,158,0,0,2303.47,128,[-98 -32 9 0 7 -25 5 -24 13 -26 10 -23 13 -20 15 -19 16 -15 20 -16 20 -11 21 -11 24 -8 27 -3 28 -2 28 -3 28 -1 27 5 27 7 28 7 32 2 24 4 25 3 23 4 19 11 16 3 15 -2 0 0 0 0 0 0 0 0 0 0 0 0 0 0 0 0 0 0 0 0 0 0 -4 19 -2 14 -3 15 -3 15 1 12 4 12 4 11 9 12 7 11 10 8 15 6 12 4 16 5 18 1 17 3 15 -5 18 0 17 -9 14 -11 13 -17 15 -16 14 -20 12 -21 9 -21 13 -22 8 -21 ],2025-05-07_20-08-03-200
CSI_DATA,PASSIVE,5C:E9:31:E8:F4:66,-76,11,0,0,0,0,0,0,0,0,0,-96,0,11,0,2303285912,0,158,0,0,2303.48,128,[-98 -32 9 0 1 -29 -1 -26 0 -25 3 -26 5 -25 2 -21 10 -22 14 -18 15 -22 15 -18 19 -15 21 -18 23 -13 26 -15 28 -15 27 -11 29 -12 27 -9 26 -9 27 -10 23 -5 23 -5 21 -10 18 -7 16 -5 0 0 0 0 0 0 0 0 0 0 0 0 0 0 0 0 0 0 0 0 0 0 -5 18 -5 17 -3 16 1 16 2 12 3 14 7 13 9 12 6 10 15 5 14 4 16 3 12 -2 13 -2 16 -4 13 -4 14 -9 14 -10 12 -13 11 -15 7 -21 8 -19 6 -23 5 -21 6 -23 5 -22 ],2025-05-07_20-08-03-205
CSI_DATA,PASSIVE,5C:E9:31:E8:F4:66,-77,11,0,0,0,0,0,0,0,0,0,-96,0,11,0,2303286165,0,158,0,0,2303.49,128,[-98 -32 9 0 -26 3 -29 1 -21 4 -30 7 -23 5 -20 1 -26 -4 -23 -5 -21 -6 -24 -12 -25 -11 -28 -17 -23 -17 -22 -21 -24 -29 -16 -28 -20 -27 -19 -28 -18 -28 -16 -28 -18 -23 -15 -21 -12 -23 -14 -14 -14 -18 0 0 0 0 0 0 0 0 0 0 0 0 0 0 0 0 0 0 0 0 0 0 15 -5 20 -5 13 -1 14 -6 13 -7 11 -8 13 -10 2 -15 6 -12 3 -18 -4 -14 -2 -17 -6 -16 -7 -20 -9 -19 -8 -15 -15 -10 -20 -12 -17 -4 -20 -6 -25 -1 -20 -6 -27 -2 -27 3 -27 4 -27 2 ],2025-05-07_20-08-03-211
CSI_DATA,PASSIVE,5C:E9:31:E8:F4:66,-77,11,0,0,0,0,0,0,0,0,0,-96,0,11,0,2303286418,0,127,0,0,2303.49,128,[127 -16 7 0 -3 28 -2 23 -2 26 -8 24 -7 27 -4 25 -10 22 -13 20 -17 16 -16 19 -25 15 -28 11 -29 8 -29 12 -33 5 -33 7 -34 1 -34 1 -32 0 -34 0 -29 -1 -28 5 -23 3 -21 2 -20 1 0 0 0 0 0 0 0 0 0 0 0 0 0 0 0 0 0 0 0 0 0 0 -2 -18 -2 -16 -3 -19 -8 -15 -6 -16 -10 -13 -13 -12 -15 -7 -14 -8 -18 -3 -14 -7 -15 2 -19 3 -21 5 -16 1 -17 11 -14 12 -16 13 -13 15 -11 20 -11 23 -6 21 -5 25 -7 26 2 24 -1 25 ],2025-05-07_20-08-03-217
CSI_DATA,PASSIVE,5C:E9:31:E8:F4:66,-76,11,0,0,0,0,0,0,0,0,0,-96,0,11,0,2303286631,0,127,0,0,2303.5,128,[127 -16 7 0 -33 1 -26 -2 -27 -3 -26 -4 -24 -2 -25 -6 -20 -8 -26 -13 -22 -14 -16 -18 -18 -22 -16 -24 -13 -20 -17 -32 -14 -29 -13 -35 -9 -34 -6 -34 -9 -30 -5 -25 -8 -28 -4 -22 -7 -23 -9 -22 -12 -19 0 0 0 0 0 0 0 0 0 0 0 0 0 0 0 0 0 0 0 0 0 0 21 -2 15 -4 17 -3 14 -4 19 -7 10 -6 9 -13 6 -13 8 -15 4 -13 0 -16 2 -15 0 -20 -4 -18 -7 -18 -9 -16 -12 -17 -15 -14 -11 -15 -17 -8 -26 -8 -22 -6 -27 -8 -22 -4 -28 -3 -29 -9 ],2025-05-07_20-08-03-223
CSI_DATA,PASSIVE,5C:E9:31:E8:E9:4E,-87,11,0,0,0,0,0,0,0,0,0,-96,0,11,0,2303338425,0,98,0,0,2303.51,128,[98 32 6 0 -6 -6 -5 -10 -3 -3 -8 -1 -7 -1 -9 1 -14 2 -5 6 -10 10 -18 1 -13 3 -18 9 -23 6 -20 12 -21 3 -24 8 -26 6 -27 10 -17 -4 -22 -5 -21 -8 -18 -2 -15 -10 -17 -6 -12 -11 0 0 0 0 0 0 0 0 0 0 0 0 0 0 0 0 0 0 0 0 0 0 4 8 3 7 8 9 8 5 3 4 9 3 13 5 14 8 12 2 16 -2 17 5 19 -1 13 -1 12 -1 11 0 15 3 16 1 15 0 11 -2 9 -2 11 2 14 -7 11 -3 5 -5 4 -9 -6 4 ],2025-05-07_20-08-03-230
CSI_DATA,PASSIVE,5C:E9:31:E8:E9:4E,-87,11,0,0,0,0,0,0,0,0,0,-96,0,11,0,2303343185,0,98,0,0,2303.51,128,[98 32 6 0 7 5 11 8 -8 -7 -7 -5 7 -11 6 -17 12 -10 0 -9 -5 -18 -8 -11 -13 -17 -4 -13 -9 -19 -13 -17 -24 -19 -12 -20 -19 -29 -13 -32 1 -24 -13 -18 -7 -23 -6 -21 -6 -19 4 -16 -2 -23 0 0 0 0 0 0 0 0 0 0 0 0 0 0 0 0 0 0 0 0 0 0 -2 -8 -1 -11 2 -11 -3 -11 -11 -3 -9 -7 -12 -19 -7 -15 -14 -7 -17 -6 -22 1 -16 -2 -17 -1 -21 2 -20 8 -17 6 -12 5 -17 7 -13 9 -3 8 -2 2 -5 14 -1 18 -6 6 2 12 1 17 ],2025-05-07_20-08-03-236
CSI_DATA,PASSIVE,5C:E9:31:E8:E9:4E,-86,11,0,0,0,0,0,0,0,0,0,-96,0,11,0,2303348198,0,158,0,0,2303.52,128,[-98 -32 9 0 1 11 8 3 5 3 7 3 18 0 9 4 17 -8 0 -2 4 -8 10 -11 11 -5 17 -3 26 -4 18 -6 27 -3 30 -1 23 -2 21 9 25 7 17 5 19 7 12 8 7 12 15 13 7 5 0 0 0 0 0 0 0 0 0 0 0 0 0 0 0 0 0 0 0 0 0 0 -11 -8 0 -5 -6 -14 -5 -11 -13 -7 -12 -1 -7 -5 -13 4 -10 -6 -15 -14 0 4 -17 -10 -11 -18 -20 3 -20 -6 -10 0 -8 -3 -13 14 -4 2 -4 -5 -5 5 -17 6 -9 -4 -14 6 -8 0 -9 10 ],2025-05-07_20-08-03-240
CSI_DATA,PASSIVE,5C:E9:31:E8:E9:4E,-90,11,0,0,0,0,0,0,0,0,0,-96,0,11,0,2303378976,0,128,0,0,2303.55,128,[-128 0 8 0 1 -5 -14 -2 -8 2 1 2 -12 3 -3 -1 -8 8 -2 15 -6 9 -7 12 -13 13 -8 14 -7 20 -14 19 -11 11 -12 12 -15 12 -18 16 -14 10 -17 4 -22 4 -19 7 -18 8 -18 8 -12 -6 0 0 0 0 0 0 0 0 0 0 0 0 0 0 0 0 0 0 0 0 0 0 1 9 -3 9 6 9 6 8 4 4 6 10 9 14 3 9 17 15 13 5 15 8 9 5 16 14 17 9 12 -1 15 -1 16 2 13 -3 8 -3 7 -9 12 -9 11 -3 26 -3 9 -1 8 -2 9 2 ],2025-05-07_20-08-03-270
CSI_DATA,PASSIVE,5C:E9:31:E8:F4:66,-76,11,0,0,0,0,0,0,0,0,0,-96,0,11,0,2303386459,0,128,0,0,2303.55,128,[-128 0 8 0 10 -18 13 -21 12 -21 14 -21 13 -18 14 -20 15 -17 15 -17 21 -10 19 -14 23 -11 26 -9 26 -4 27 -5 35 -4 30 0 32 2 32 3 28 3 27 3 26 3 22 1 23 1 18 1 20 0 0 0 0 0 0 0 0 0 0 0 0 0 0 0 0 0 0 0 0 0 0 0 -11 10 -11 10 -11 12 -7 14 -6 11 -3 11 -4 13 2 14 4 13 6 12 9 12 10 11 13 11 14 10 13 8 15 4 16 0 15 0 14 -5 16 -4 11 -6 15 -9 16 -16 16 -11 11 -16 15 -17 ],2025-05-07_20-08-03-278
CSI_DATA,PASSIVE,5C:E9:31:E8:F4:66,-77,11,0,0,0,0,0,0,0,0,0,-96,0,11,0,2303386672,0,734,0,0,2303.56,128,[-34 -30 45 0 23 1 20 0 24 -2 27 3 22 0 24 5 18 8 17 9 23 14 18 16 18 20 17 19 18 20 18 25 14 23 11 25 11 29 9 26 13 26 9 24 10 24 6 21 9 18 7 17 9 15 0 0 0 0 0 0 0 0 0 0 0 0 0 0 0 0 0 0 0 0 0 0 -16 -5 -16 -5 -15 -4 -16 1 -17 3 -12 3 -12 5 -10 7 -10 10 -9 12 -8 15 -6 18 -5 15 -3 16 2 15 2 15 4 16 9 12 10 10 10 12 13 10 18 7 19 5 21 3 19 4 18 3 ],2025-05-07_20-08-03-283
CSI_DATA,PASSIVE,5C:E9:31:E8:F4:66,-77,11,0,0,0,0,0,0,0,0,0,-96,0,11,0,2303387693,0,158,0,0,2303.56,128,[-98 -32 9 0 21 13 15 13 17 15 15 18 16 11 13 15 11 18 11 21 5 24 1 21 0 23 4 27 -2 25 -10 29 -8 29 -8 33 -10 29 -9 26 -10 28 -11 26 -8 25 -10 23 -8 19 -5 19 -6 16 0 0 0 0 0 0 0 0 0 0 0 0 0 0 0 0 0 0 0 0 0 0 -12 -10 -13 -9 -12 -8 -16 -6 -13 -4 -16 -3 -12 4 -16 3 -11 6 -15 9 -11 9 -14 10 -13 15 -9 11 -7 16 -5 13 -2 15 3 15 2 13 8 17 6 13 9 16 11 17 13 13 16 13 21 13 ],2025-05-07_20-08-03-289
CSI_DATA,PASSIVE,5C:E9:31:E8:F4:66,-77,11,0,0,0,0,0,0,0,0,0,-96,0,11,0,2303387946,0,710,0,0,2303.57,128,[-58 98 44 0 9 -22 13 -21 11 -20 14 -21 14 -20 15 -16 18 -14 19 -13 21 -8 24 -8 23 0 27 -3 28 1 27 1 30 7 29 5 30 9 29 10 29 12 26 11 24 10 23 10 22 8 19 8 15 5 0 0 0 0 0 0 0 0 0 0 0 0 0 0 0 0 0 0 0 0 0 0 -11 13 -10 13 -4 13 -3 12 -2 14 2 14 3 14 7 14 6 13 9 13 9 13 11 10 11 8 15 8 16 6 13 -1 13 0 16 0 17 -4 14 -7 13 -9 15 -13 14 -17 15 -15 13 -17 12 -19 ],2025-05-07_20-08-03-294
CSI_DATA,PASSIVE,5C:E9:31:E8:F4:66,-77,11,0,0,0,0,0,0,0,0,0,-96,0,11,0,2303388935,0,730,0,0,2303.57,128,[-38 -94 45 0 -2 22 -3 21 -8 17 -9 23 -9 22 -11 24 -13 20 -19 19 -18 16 -20 13 -23 13 -24 14 -28 11 -28 12 -30 9 -33 8 -31 2 -32 3 -32 4 -28 2 -27 4 -26 4 -21 1 -18 4 -18 5 0 0 0 0 0 0 0 0 0 0 0 0 0 0 0 0 0 0 0 0 0 0 5 -15 2 -14 1 -15 -2 -15 -1 -13 -4 -13 -6 -14 -7 -15 -11 -11 -12 -10 -16 -9 -15 -7 -17 -6 -15 -5 -17 -1 -18 2 -14 6 -15 6 -11 9 -15 9 -13 16 -13 17 -8 16 -8 21 -10 21 -7 18 ],2025-05-07_20-08-03-300
CSI_DATA,PASSIVE,5C:E9:31:E8:F4:66,-77,11,0,0,0,0,0,0,0,0,0,-96,0,11,0,2303389952,0,94,0,0,2303.58,128,[94 -32 5 0 12 -20 10 -20 12 -22 15 -20 13 -26 15 -16 19 -17 18 -16 24 -11 22 -6 25 -6 27 -7 28 -5 30 0 31 1 31 1 29 4 30 6 28 5 25 3 26 4 24 6 20 4 20 4 18 1 0 0 0 0 0 0 0 0 0 0 0 0 0 0 0 0 0 0 0 0 0 0 -10 13 -9 12 -6 14 -4 13 -2 15 0 15 3 12 4 14 6 12 10 14 11 14 9 10 11 7 20 6 14 5 16 1 17 0 17 -3 18 -7 15 -9 18 -11 13 -11 14 -14 17 -14 12 -17 12 -17 ],2025-05-07_20-08-03-305
CSI_DATA,PASSIVE,5C:E9:31:E8:F4:66,-78,11,0,0,0,0,0,0,0,0,0,-96,0,11,0,2303390121,0,94,0,0,2303.59,128,[94 -32 5 0 51 30 50 17 52 23 55 29 40 26 37 32 42 22 29 43 32 39 36 42 22 49 26 63 12 55 25 66 21 70 13 76 8 76 6 74 -3 65 3 63 2 55 9 58 11 47 12 44 5 44 0 0 0 0 0 0 0 0 0 0 0 0 0 0 0 0 0 0 0 0 0 0 -40 -11 -20 -16 -27 -5 -35 -6 -32 -6 -29 1 -28 11 -25 1 -20 15 -30 24 -31 22 -27 40 -16 41 -19 36 -11 31 3 36 7 36 10 36 9 36 14 31 22 29 33 38 39 31 39 39 46 32 40 39 ],2025-05-07_20-08-03-311
CSI_DATA,PASSIVE,5C:E9:31:E8:F4:66,-77,11,0,0,0,0,0,0,0,0,0,-96,0,11,0,2303390290,0,94,0,0,2303.59,128,[94 -32 5 0 0 49 -5 50 -4 54 -9 42 -22 54 -16 53 -24 44 -36 56 -31 34 -33 51 -54 45 -55 41 -50 43 -65 36 -67 44 -75 23 -75 21 -67 22 -69 21 -63 12 -64 9 -55 18 -45 16 -43 23 -28 15 0 0 0 0 0 0 0 0 0 0 0 0 0 0 0 0 0 0 0 0 0 0 -3 -37 1 -30 5 -33 -3 -38 -12 -27 -15 -22 -23 -29 -23 -17 -29 -17 -36 -13 -39 -22 -42 -6 -39 -3 -45 4 -36 8 -37 16 -39 28 -34 26 -29 22 -26 27 -11 50 -15 40 -15 37 -22 44 -10 44 -19 54 ],2025-05-07_20-08-03-317
CSI_DATA,PASSIVE,5C:E9:31:E8:F4:66,-77,11,0,0,0,0,0,0,0,0,0,-96,0,11,0,2303390459,0,158,0,0,2303.6,128,[-98 -32 9 0 -54 11 -48 2 -54 10 -52 2 -65 1 -52 -5 -57 -11 -55 -14 -47 -27 -55 -27 -50 -31 -54 -48 -50 -47 -56 -48 -57 -54 -51 -64 -45 -62 -47 -64 -47 -66 -45 -52 -31 -51 -36 -41 -29 -41 -23 -31 -30 -24 0 0 0 0 0 0 0 0 0 0 0 0 0 0 0 0 0 0 0 0 0 0 28 -8 30 -10 27 -5 24 -12 31 -16 18 -25 15 -21 12 -27 11 -30 -2 -29 10 -44 -1 -37 -1 -29 -4 -36 -10 -35 -15 -34 -17 -24 -31 -22 -34 -19 -35 -11 -29 -18 -47 -10 -53 -6 -48 3 -48 5 -46 -2 ],2025-05-07_20-08-03-323
CSI_DATA,PASSIVE,5C:E9:31:E8:F4:66,-77,11,0,0,0,0,0,0,0,0,0,-96,0,11,0,2303390712,0,128,0,0,2303.6,128,[-128 0 8 0 1 67 17 46 -7 53 4 48 -12 50 -5 64 -5 53 -17 53 -13 52 -19 56 -31 55 -42 58 -46 51 -50 51 -60 52 -61 50 -60 43 -64 45 -56 40 -51 39 -53 28 -43 25 -40 30 -32 30 -30 19 0 0 0 0 0 0 0 0 0 0 0 0 0 0 0 0 0 0 0 0 0 0 -15 -37 -5 -33 -18 -35 -8 -33 -17 -32 -17 -19 -23 -17 -35 -12 -36 -14 -36 0 -37 -7 -40 1 -40 7 -34 6 -41 11 -20 17 -25 27 -30 32 -21 33 -21 42 -5 39 -7 43 -15 42 -8 43 2 67 6 50 ],2025-05-07_20-08-03-328
CSI_DATA,PASSIVE,5C:E9:31:E8:E9:4E,-89,11,0,0,0,0,0,0,0,0,0,-96,0,11,0,2303438543,0,130,0,0,2303.61,128,[-126 32 8 0 -8 -3 -11 7 -2 1 -6 11 7 9 -3 15 0 10 7 9 5 10 17 6 26 6 14 2 7 7 16 26 16 22 9 22 18 23 13 15 7 15 6 24 1 21 4 18 -2 18 -2 18 -12 26 0 0 0 0 0 0 0 0 0 0 0 0 0 0 0 0 0 0 0 0 0 0 4 4 11 -1 8 -3 3 -4 9 -1 11 -1 2 -5 18 -10 14 -4 13 -18 15 -12 14 -9 4 -8 9 -16 8 -24 1 -13 1 -22 6 -15 9 -9 -2 -4 -5 -10 -8 -7 -1 -13 -10 -16 -20 -7 -3 -15 ],2025-05-07_20-08-03-334
CSI_DATA,PASSIVE,5C:E9:31:E8:E9:4E,-90,11,0,0,0,0,0,0,0,0,0,-96,0,11,0,2303449001,0,116,0,0,2303.62,128,[116 64 7 0 8 -2 -5 7 -7 -4 -6 -4 -13 -4 -10 1 -8 2 -11 2 -15 1 -14 5 -12 11 -14 10 -16 8 -20 7 -21 9 -22 5 -22 11 -19 2 -24 -2 -25 -2 -20 -1 -19 -3 -18 -11 -10 -5 -14 -7 0 0 0 0 0 0 0 0 0 0 0 0 0 0 0 0 0 0 0 0 0 0 -6 8 -9 7 2 6 2 5 -1 5 0 13 0 12 3 10 2 11 -1 10 12 18 3 9 13 6 9 10 6 10 18 10 9 9 11 3 14 3 11 -1 15 7 9 -3 9 0 1 -3 11 -2 1 -7 ],2025-05-07_20-08-03-340
CSI_DATA,PASSIVE,5C:E9:31:E8:E9:4E,-87,11,0,0,0,0,0,0,0,0,0,-96,0,11,0,2303449464,0,98,0,0,2303.62,128,[98 32 6 0 -5 0 -4 -8 -7 -2 -6 -2 -5 8 4 8 -4 4 -3 10 1 14 0 13 13 14 8 17 8 23 8 14 4 30 8 22 2 22 4 22 2 20 -3 19 -4 18 1 17 -10 16 -6 11 -7 16 0 0 0 0 0 0 0 0 0 0 0 0 0 0 0 0 0 0 0 0 0 0 3 6 7 2 5 12 3 6 7 8 7 2 7 5 9 0 14 8 19 4 9 -2 20 0 19 2 5 3 4 -7 7 -2 14 -8 4 -4 11 -8 0 -10 14 -11 -4 -2 7 -9 0 -8 1 -5 0 -6 ],2025-05-07_20-08-03-345
CSI_DATA,PASSIVE,5C:E9:31:E8:E9:4E,-87,11,0,0,0,0,0,0,0,0,0,-96,0,11,0,2303449637,0,136,0,0,2303.63,128,[-120 -128 8 0 2 -8 -3 -4 -7 -8 -3 -3 -4 -5 -16 -14 -12 -2 -15 -5 -12 -8 -15 -6 -20 -3 -24 -1 -20 -11 -18 1 -21 -5 -27 -5 -22 -3 -26 -15 -20 -20 -16 -13 -17 -7 -12 -16 -7 -10 -9 -12 -2 -14 0 0 0 0 0 0 0 0 0 0 0 0 0 0 0 0 0 0 0 0 0 0 -6 -6 -15 3 -10 3 -11 8 -9 6 -7 1 -6 17 -17 13 -8 17 -6 24 -4 16 -4 11 -6 13 1 4 3 23 8 15 -4 7 11 13 8 16 3 7 8 1 4 6 13 1 0 -5 13 6 -4 -1 ],2025-05-07_20-08-03-351
CSI_DATA,PASSIVE,5C:E9:31:E8:E9:4E,-89,11,0,0,0,0,0,0,0,0,0,-96,0,11,0,2303469505,0,254,0,0,2303.64,128,[-2 -32 15 0 -9 -2 2 -3 -3 -1 -5 1 -2 2 -7 2 -3 8 -3 9 -3 13 -8 13 -11 15 -7 17 -6 19 -12 20 -16 22 -12 21 -24 13 -23 17 -20 14 -17 6 -16 8 -20 5 -20 6 -16 7 -19 1 0 0 0 0 0 0 0 0 0 0 0 0 0 0 0 0 0 0 0 0 0 0 4 11 7 11 6 4 3 9 10 13 12 1 7 9 15 2 9 0 14 2 20 1 17 8 15 4 12 0 14 -2 25 -1 11 -3 12 -1 6 -6 11 -1 11 3 10 -9 -3 0 12 -12 3 -18 7 -9 ],2025-05-07_20-08-03-361
CSI_DATA,PASSIVE,5C:E9:31:E8:F4:66,-77,11,0,0,0,0,0,0,0,0,0,-96,0,11,0,2303488853,0,120,0,0,2303.66,128,[120 -128 7 0 11 -20 13 -22 10 -23 12 -23 12 -23 11 -17 16 -20 19 -14 19 -11 22 -13 22 -7 23 -6 26 -4 30 -2 30 -1 28 -1 31 -1 31 5 26 7 25 6 24 4 23 4 20 4 19 1 18 4 0 0 0 0 0 0 0 0 0 0 0 0 0 0 0 0 0 0 0 0 0 0 -11 16 -9 15 -4 16 -6 15 -5 15 -2 16 0 17 2 14 5 16 7 14 8 11 8 12 10 11 11 8 10 4 12 2 16 -2 14 -1 14 -6 13 -9 16 -9 13 -11 15 -14 15 -16 11 -16 10 -18 ],2025-05-07_20-08-03-381
CSI_DATA,PASSIVE,5C:E9:31:E8:F4:66,-77,11,0,0,0,0,0,0,0,0,0,-96,0,11,0,2303489054,0,188,0,0,2303.66,128,[-68 -64 11 0 -21 -19 -18 -15 -18 -20 -19 -20 -18 -25 -18 -18 -15 -21 -14 -25 -10 -25 -5 -26 -6 -31 -5 -35 4 -30 3 -31 4 -32 6 -30 9 -31 10 -32 13 -33 10 -27 11 -26 8 -24 7 -22 5 -23 3 -23 0 0 0 0 0 0 0 0 0 0 0 0 0 0 0 0 0 0 0 0 0 0 15 11 13 10 17 10 18 8 16 2 16 6 15 3 13 3 16 -2 18 -5 15 -5 14 -11 13 -11 13 -13 8 -11 4 -13 0 -20 -7 -16 -3 -20 -7 -18 -9 -17 -11 -15 -12 -18 -10 -20 -17 -18 -15 -14 ],2025-05-07_20-08-03-386
CSI_DATA,PASSIVE,5C:E9:31:E8:F4:66,-77,11,0,0,0,0,0,0,0,0,0,-96,0,11,0,2303489347,0,130,0,0,2303.67,128,[-126 32 8 0 25 -12 25 -9 20 -8 25 -9 26 -5 22 -10 29 -4 28 -1 23 0 27 3 28 4 27 10 29 13 26 13 26 13 28 16 27 18 28 21 22 17 22 16 23 15 20 15 21 12 18 7 19 8 0 0 0 0 0 0 0 0 0 0 0 0 0 0 0 0 0 0 0 0 0 0 -19 -1 -22 1 -18 0 -21 2 -18 8 -15 8 -15 11 -13 10 -9 12 -7 13 -4 14 -2 18 0 16 3 14 3 14 6 11 8 11 11 11 16 9 13 5 19 4 20 3 18 0 21 -5 17 -7 23 -5 ],2025-05-07_20-08-03-392
CSI_DATA,PASSIVE,5C:E9:31:E8:F4:66,-77,11,0,0,0,0,0,0,0,0,0,-96,0,11,0,2303489564,0,148,0,0,2303.67,128,[-108 64 9 0 -14 -24 -10 -22 -12 -25 -7 -29 -7 -23 -1 -26 -1 -29 -7 -28 5 -26 9 -27 10 -28 12 -26 18 -23 14 -32 17 -24 21 -24 22 -26 21 -23 19 -20 24 -18 19 -21 18 -21 16 -20 16 -17 12 -16 0 0 0 0 0 0 0 0 0 0 0 0 0 0 0 0 0 0 0 0 0 0 3 20 3 18 5 16 4 16 11 14 7 11 10 15 8 12 11 6 13 6 15 3 15 3 20 1 16 -1 13 -5 12 -9 10 -11 9 -15 9 -16 3 -19 4 -23 -1 -20 -6 -20 -4 -18 -2 -27 -2 -27 ],2025-05-07_20-08-03-397
CSI_DATA,PASSIVE,5C:E9:31:E8:F4:66,-77,11,0,0,0,0,0,0,0,0,0,-96,0,11,0,2303489805,0,148,0,0,2303.68,128,[-108 64 9 0 23 3 21 -2 21 2 19 2 21 7 23 2 17 8 23 9 18 12 16 15 17 19 15 18 19 22 15 27 16 23 11 25 10 27 11 29 6 25 7 26 8 23 6 21 6 22 7 16 7 17 0 0 0 0 0 0 0 0 0 0 0 0 0 0 0 0 0 0 0 0 0 0 -19 -3 -15 0 -17 -1 -15 -1 -15 4 -16 5 -18 7 -15 4 -10 7 -13 8 -10 11 -5 14 -4 12 -4 13 -2 12 1 11 4 13 6 11 11 8 9 11 16 12 16 2 17 8 18 2 18 4 21 3 ],2025-05-07_20-08-03-403
CSI_DATA,PASSIVE,5C:E9:31:E8:F4:66,-77,11,0,0,0,0,0,0,0,0,0,-96,0,11,0,2303490046,0,148,0,0,2303.68,128,[-108 64 9 0 -21 13 -25 17 -21 15 -25 12 -24 11 -22 12 -26 0 -25 10 -26 2 -30 3 -27 -4 -33 -3 -29 -8 -33 -15 -30 -14 -30 -14 -29 -20 -24 -17 -23 -18 -28 -16 -24 -15 -18 -17 -18 -16 -20 -15 -17 -8 0 0 0 0 0 0 0 0 0 0 0 0 0 0 0 0 0 0 0 0 0 0 16 -10 17 -10 13 -13 13 -15 9 -12 10 -17 7 -14 5 -15 2 -17 -1 -16 1 -19 -6 -14 -5 -15 -10 -8 -12 -10 -10 -14 -10 -8 -14 -6 -14 -5 -15 0 -17 5 -18 4 -17 9 -20 6 -27 5 -22 12 ],2025-05-07_20-08-03-409
CSI_DATA,PASSIVE,5C:E9:31:E8:F4:66,-77,11,0,0,0,0,0,0,0,0,0,-96,0,11,0,2303490287,0,94,0,0,2303.69,128,[94 -32 5 0 6 -23 11 -21 11 -23 12 -20 13 -20 14 -21 15 -17 16 -15 22 -11 18 -13 25 -12 26 -8 27 -9 27 -7 30 -6 31 -3 30 1 29 2 28 3 25 -1 24 0 24 1 22 3 18 -1 15 -1 0 0 0 0 0 0 0 0 0 0 0 0 0 0 0 0 0 0 0 0 0 0 -10 14 -9 16 -6 16 -5 16 -3 15 -2 15 0 14 3 15 5 15 8 11 9 14 11 8 10 6 11 5 12 6 10 -1 10 -3 12 -4 14 -9 12 -11 11 -10 11 -12 11 -13 12 -17 11 -19 9 -20 ],2025-05-07_20-08-03-414
CSI_DATA,PASSIVE,5C:E9:31:E8:F4:66,-77,11,0,0,0,0,0,0,0,0,0,-96,0,11,0,2303490456,0,124,0,0,2303.69,128,[124 -64 7 0 25 4 27 1 23 2 25 1 26 2 24 6 27 14 23 12 21 15 20 14 19 18 21 20 20 25 20 25 16 32 17 29 14 30 13 32 12 29 12 27 11 25 9 23 12 18 10 18 10 17 0 0 0 0 0 0 0 0 0 0 0 0 0 0 0 0 0 0 0 0 0 0 -18 -12 -19 -8 -16 -8 -18 -6 -20 -4 -15 -3 -22 0 -15 1 -16 4 -15 9 -8 10 -10 12 -11 12 -9 13 -4 13 -2 13 1 13 4 12 9 12 11 10 13 12 16 8 17 11 22 7 24 9 18 8 ],2025-05-07_20-08-03-419
CSI_DATA,PASSIVE,5C:E9:31:E8:F4:66,-77,11,0,0,0,0,0,0,0,0,0,-96,0,11,0,2303490665,0,130,0,0,2303.7,128,[-126 32 8 0 -2 -23 -5 -27 -1 -29 2 -26 0 -26 3 -25 5 -25 8 -24 9 -27 13 -26 16 -24 23 -24 24 -23 24 -24 26 -20 28 -20 27 -19 30 -16 29 -15 26 -14 24 -12 22 -13 18 -11 19 -13 16 -12 0 0 0 0 0 0 0 0 0 0 0 0 0 0 0 0 0 0 0 0 0 0 -4 19 -1 19 -4 16 2 16 3 16 4 16 8 17 7 14 9 13 12 11 11 6 12 8 16 2 15 2 16 -3 15 -7 12 -7 11 -11 10 -15 9 -15 9 -17 7 -17 5 -21 8 -22 1 -24 2 -21 ],2025-05-07_20-08-03-425
CSI_DATA,PASSIVE,5C:E9:31:E8:F4:66,-77,11,0,0,0,0,0,0,0,0,0,-96,0,11,0,2303490882,0,158,0,0,2303.71,128,[-98 -32 9 0 -24 10 -25 9 -24 8 -26 8 -26 8 -24 5 -26 4 -22 2 -25 0 -26 -4 -25 -9 -28 -10 -27 -12 -29 -17 -26 -19 -25 -20 -28 -20 -26 -24 -21 -20 -20 -22 -21 -22 -19 -20 -18 -16 -20 -15 -17 -10 0 0 0 0 0 0 0 0 0 0 0 0 0 0 0 0 0 0 0 0 0 0 19 -7 17 -8 15 -9 11 -11 13 -13 12 -13 10 -15 8 -16 4 -13 3 -20 -1 -19 -1 -16 -5 -13 -4 -15 -6 -17 -10 -12 -10 -10 -16 -10 -13 -8 -16 -3 -20 0 -19 4 -21 6 -19 4 -23 7 -21 2 ],2025-05-07_20-08-03-431
CSI_DATA,PASSIVE,5C:E9:31:E8:E9:4E,-89,11,0,0,0,0,0,0,0,0,0,-96,0,11,0,2303552463,0,98,0,0,2303.72,128,[98 32 6 0 3 -9 -8 -6 -1 0 -9 3 -8 0 -10 1 -1 8 1 8 -15 13 -8 6 -15 11 -7 17 -4 22 -4 19 -9 15 -14 20 -20 19 -17 17 -21 14 -13 13 -11 13 -23 12 -13 8 -13 8 -16 2 0 0 0 0 0 0 0 0 0 0 0 0 0 0 0 0 0 0 0 0 0 0 -7 6 -4 3 -6 7 -6 0 -3 9 2 12 6 12 1 17 3 10 7 15 5 13 11 11 9 11 11 11 11 8 11 7 10 10 5 4 9 -7 7 0 8 -2 6 -2 3 -5 12 -5 9 -5 4 -3 ],2025-05-07_20-08-03-444
CSI_DATA,PASSIVE,5C:E9:31:E8:E9:4E,-87,11,0,0,0,0,0,0,0,0,0,-96,0,11,0,2303572420,0,98,0,0,2303.74,128,[98 32 6 0 -1 1 -2 -8 -3 2 2 1 -7 -12 -1 -9 -3 -9 -9 -1 -11 -7 -15 -9 -11 -14 -19 -9 -21 -12 -17 -19 -21 -10 -27 -16 -18 -17 -20 -15 -18 -20 -13 -22 -14 -10 -13 -10 -8 -18 -10 -15 -10 -12 0 0 0 0 0 0 0 0 0 0 0 0 0 0 0 0 0 0 0 0 0 0 -2 -7 -5 -11 3 -13 4 -12 2 -13 -4 0 -9 -10 -14 0 -15 -10 -7 -4 -19 2 -13 0 -18 2 -19 -1 -7 2 -10 9 -4 10 -12 7 -10 14 -6 11 -1 1 -5 4 1 9 -1 15 6 15 1 7 ],2025-05-07_20-08-03-465
CSI_DATA,PASSIVE,5C:E9:31:E8:F4:66,-77,11,0,0,0,0,0,0,0,0,0,-96,0,11,0,2303591268,0,330,0,0,2303.76,128,[74 -95 20 0 6 -24 1 -18 7 -24 9 -22 7 -22 10 -23 11 -23 16 -23 15 -20 19 -19 20 -17 24 -15 29 -14 29 -15 31 -12 29 -9 29 -9 30 -7 29 -7 27 -7 23 -8 24 -4 19 -6 16 -6 16 -6 0 0 0 0 0 0 0 0 0 0 0 0 0 0 0 0 0 0 0 0 0 0 -10 18 -8 15 -5 16 -2 15 -2 16 1 14 2 19 6 15 7 14 6 15 9 11 10 7 11 3 13 5 12 0 13 -3 11 -7 11 -5 12 -6 11 -9 13 -15 12 -16 9 -18 8 -20 9 -21 6 -21 ],2025-05-07_20-08-03-484
CSI_DATA,PASSIVE,5C:E9:31:E8:F4:66,-77,11,0,0,0,0,0,0,0,0,0,-96,0,11,0,2303591749,0,350,0,0,2303.76,128,[94 -31 21 0 -21 9 -24 10 -23 7 -26 2 -24 7 -29 2 -22 0 -27 -6 -25 -3 -22 -7 -25 -13 -25 -9 -27 -13 -24 -17 -21 -19 -23 -20 -25 -20 -21 -21 -22 -21 -20 -20 -21 -17 -17 -18 -16 -17 -14 -13 -15 -11 0 0 0 0 0 0 0 0 0 0 0 0 0 0 0 0 0 0 0 0 0 0 18 -4 18 -5 15 -6 13 -8 14 -10 13 -10 11 -14 8 -14 8 -12 4 -14 0 -13 1 -14 -3 -16 -7 -13 -4 -13 -10 -13 -12 -9 -15 -10 -14 -11 -17 -6 -18 -1 -21 -2 -20 -1 -21 3 -21 1 -23 4 ],2025-05-07_20-08-03-489
CSI_DATA,PASSIVE,5C:E9:31:E8:F4:66,-77,11,0,0,0,0,0,0,0,0,0,-96,0,11,0,2303592258,0,108,0,0,2303.77,128,[108 -64 6 0 -29 38 -37 40 -38 49 -33 54 -39 50 -39 41 -44 41 -56 35 -45 35 -65 37 -51 31 -67 23 -62 17 -69 21 -75 16 -80 9 -81 3 -65 5 -67 -2 -63 -4 -50 6 -56 13 -46 9 -40 9 -46 16 0 0 0 0 0 0 0 0 0 0 0 0 0 0 0 0 0 0 0 0 0 0 22 -40 22 -34 25 -33 18 -38 16 -40 15 -33 5 -30 9 -29 -6 -28 -16 -34 -6 -32 -26 -24 -13 -14 -19 -25 -19 -15 -29 -11 -30 11 -36 7 -37 16 -35 24 -26 17 -37 27 -37 37 -30 37 -35 40 -29 28 ],2025-05-07_20-08-03-496
CSI_DATA,PASSIVE,5C:E9:31:E8:F4:66,-76,11,0,0,0,0,0,0,0,0,0,-96,0,11,0,2303592443,0,128,0,0,2303.78,128,[-128 0 8 0 -23 18 -21 14 -22 17 -21 12 -24 15 -30 10 -25 8 -29 6 -25 -1 -28 -2 -27 0 -28 -10 -34 -9 -29 -10 -33 -15 -32 -17 -32 -17 -27 -19 -26 -16 -25 -20 -23 -17 -22 -14 -19 -10 -17 -10 -15 -7 0 0 0 0 0 0 0 0 0 0 0 0 0 0 0 0 0 0 0 0 0 0 14 -15 18 -12 14 -14 10 -16 13 -13 9 -15 5 -17 0 -23 3 -18 -3 -17 -7 -19 -4 -16 -9 -13 -7 -16 -13 -11 -10 -10 -17 -5 -17 -4 -20 1 -22 -2 -22 4 -20 7 -21 7 -21 11 -18 15 -20 10 ],2025-05-07_20-08-03-502
CSI_DATA,PASSIVE,5C:E9:31:E8:F4:66,-76,11,0,0,0,0,0,0,0,0,0,-96,0,11,0,2303592656,0,185,0,0,2303.78,128,[-71 -112 11 0 -23 -13 -24 -12 -25 -19 -21 -18 -21 -19 -18 -21 -16 -17 -15 -21 -15 -23 -10 -22 -9 -26 -9 -29 -9 -35 -6 -32 -2 -36 -1 -35 5 -32 2 -35 3 -29 5 -27 1 -27 2 -25 1 -24 1 -24 -4 -19 0 0 0 0 0 0 0 0 0 0 0 0 0 0 0 0 0 0 0 0 0 0 15 10 18 11 20 10 17 5 20 4 15 2 18 0 15 -2 18 -1 16 -6 11 -5 12 -9 9 -12 9 -16 6 -15 4 -19 2 -18 0 -18 -6 -16 -8 -20 -9 -16 -13 -13 -17 -18 -16 -16 -20 -14 -19 -15 ],2025-05-07_20-08-03-507
CSI_DATA,PASSIVE,5C:E9:31:E8:F4:66,-77,11,0,0,0,0,0,0,0,0,0,-96,0,11,0,2303592945,0,205,0,0,2303.79,128,[-51 -48 12 0 -21 15 -21 15 -21 12 -20 11 -19 14 -20 11 -21 10 -22 4 -24 1 -27 0 -28 0 -29 -6 -29 -3 -29 -4 -31 -10 -28 -8 -29 -11 -27 -14 -25 -13 -24 -13 -22 -12 -21 -12 -19 -8 -18 -7 -16 -6 0 0 0 0 0 0 0 0 0 0 0 0 0 0 0 0 0 0 0 0 0 0 16 -10 16 -9 13 -10 15 -12 12 -14 9 -12 8 -15 6 -14 2 -17 3 -17 -4 -15 -3 -16 -7 -14 -7 -13 -12 -10 -10 -10 -13 -7 -15 -5 -16 -2 -18 -1 -18 2 -18 4 -21 6 -19 7 -19 10 -21 9 ],2025-05-07_20-08-03-513
CSI_DATA,PASSIVE,5C:E9:31:E8:F4:66,-77,11,0,0,0,0,0,0,0,0,0,-96,0,11,0,2303593431,0,94,0,0,2303.79,128,[94 -32 5 0 -21 -23 -16 -25 -10 -23 -12 -25 -13 -20 -13 -27 -9 -27 -7 -24 -5 -23 -2 -25 5 -33 3 -31 6 -34 6 -33 12 -31 15 -33 16 -31 14 -27 18 -24 16 -26 15 -24 12 -24 11 -20 8 -21 6 -20 0 0 0 0 0 0 0 0 0 0 0 0 0 0 0 0 0 0 0 0 0 0 14 15 16 13 15 14 16 9 10 9 14 11 14 6 21 5 17 2 15 -2 17 -2 11 -9 10 -9 10 -10 13 -18 7 -15 9 -16 4 -16 2 -19 -2 -17 -6 -23 -9 -19 -10 -17 -9 -22 -13 -22 -13 -19 ],2025-05-07_20-08-03-519
CSI_DATA,PASSIVE,5C:E9:31:E8:F4:66,-77,11,0,0,0,0,0,0,0,0,0,-96,0,11,0,2303593599,0,94,0,0,2303.8,128,[94 -32 5 0 18 -14 17 -18 16 -12 18 -17 20 -12 24 -12 26 -16 21 -7 22 -3 23 -2 23 1 26 3 29 0 29 9 27 9 28 12 29 11 26 8 26 13 22 10 24 12 22 8 18 9 18 6 18 8 0 0 0 0 0 0 0 0 0 0 0 0 0 0 0 0 0 0 0 0 0 0 -15 9 -16 8 -15 9 -14 13 -15 12 -6 12 -6 16 -7 13 -7 16 -2 15 3 15 4 12 4 10 11 11 11 10 12 8 14 4 17 9 12 0 14 1 18 -4 16 -7 16 -10 17 -8 17 -6 19 -8 ],2025-05-07_20-08-03-524
CSI_DATA,PASSIVE,5C:E9:31:E8:F4:66,-76,11,0,0,0,0,0,0,0,0,0,-96,0,11,0,2303593768,0,86,0,0,2303.8,128,[86 96 5 0 20 15 18 16 17 17 14 16 20 17 13 20 10 12 10 22 7 24 6 24 0 26 -1 24 -1 30 -2 30 -6 30 -11 31 -10 29 -13 27 -10 25 -10 23 -10 21 -8 19 -7 18 -8 18 -6 16 0 0 0 0 0 0 0 0 0 0 0 0 0 0 0 0 0 0 0 0 0 0 -18 -10 -17 -6 -18 -8 -20 -7 -19 -4 -17 -2 -16 -2 -14 -2 -16 2 -15 2 -13 4 -16 9 -11 10 -10 10 -8 12 -7 16 -2 16 5 17 6 16 2 18 8 14 10 21 11 18 11 13 14 15 16 15 ],2025-05-07_20-08-03-530
CSI_DATA,PASSIVE,5C:E9:31:E8:E9:4E,-88,11,0,0,0,0,0,0,0,0,0,-96,0,11,0,2303653359,0,98,0,0,2303.82,128,[98 32 6 0 6 0 1 -10 -6 -9 -5 3 -8 -2 -12 -1 -7 -2 -16 -1 -11 2 -13 6 -13 6 -20 10 -19 14 -24 11 -28 4 -27 9 -27 6 -23 -5 -18 -10 -18 1 -22 -2 -23 -5 -21 -8 -21 -8 -14 -8 0 0 0 0 0 0 0 0 0 0 0 0 0 0 0 0 0 0 0 0 0 0 -3 5 -2 9 1 10 -3 8 -3 11 5 11 7 10 3 16 12 7 3 8 7 13 8 9 13 8 11 4 14 6 12 9 12 2 10 3 10 -6 12 3 20 2 13 -1 12 -2 18 1 5 -6 4 -2 ],2025-05-07_20-08-03-545
CSI_DATA,PASSIVE,5C:E9:31:E8:E9:4E,-89,11,0,0,0,0,0,0,0,0,0,-96,0,11,0,2303653532,0,98,0,0,2303.83,128,[98 32 6 0 -3 3 -1 -2 1 -10 -4 -4 -7 -1 -8 -8 -6 -5 -13 -4 -14 -12 -16 0 -15 -8 -18 -10 -21 -9 -23 -8 -20 -11 -28 -17 -21 -20 -18 -17 -18 -20 -16 -20 -10 -18 -7 -21 -6 -17 -4 -17 -2 -14 0 0 0 0 0 0 0 0 0 0 0 0 0 0 0 0 0 0 0 0 0 0 -13 3 -14 7 -11 12 -13 7 -9 5 -9 8 -8 14 -5 18 5 17 -5 22 0 15 -5 20 5 14 4 16 2 10 2 10 11 4 4 7 9 14 9 15 13 4 10 11 9 7 9 6 6 3 5 -1 ],2025-05-07_20-08-03-550
CSI_DATA,PASSIVE,5C:E9:31:E8:E9:4E,-87,11,0,0,0,0,0,0,0,0,0,-96,0,11,0,2303681973,0,98,0,0,2303.85,128,[98 32 6 0 -12 -13 -1 2 -1 -3 -14 6 -10 6 -11 2 3 5 -6 14 -9 15 -13 2 -8 12 -6 26 -10 26 -14 22 -13 26 -8 21 -11 25 -19 22 -15 8 -13 18 -19 16 -16 16 -18 8 -11 7 -13 7 0 0 0 0 0 0 0 0 0 0 0 0 0 0 0 0 0 0 0 0 0 0 -9 -1 -6 6 -11 10 -1 7 -7 12 -1 11 -4 7 2 12 1 17 1 14 14 10 7 17 13 13 12 5 12 3 14 5 12 10 12 8 19 -1 15 8 11 1 7 -6 10 -7 12 -9 6 4 2 -3 ],2025-05-07_20-08-03-574
CSI_DATA,PASSIVE,5C:E9:31:E8:F4:66,-76,11,0,0,0,0,0,0,0,0,0,-96,0,11,0,2303694099,0,117,0,0,2303.86,128,[117 80 7 0 -24 -9 -24 -8 -27 -7 -24 -10 -19 -17 -20 -14 -15 -18 -13 -19 -10 -23 -10 -24 -12 -27 -14 -33 -9 -37 -4 -25 -4 -34 2 -27 9 -28 1 -23 4 -31 2 -33 8 -29 3 -28 0 -23 -6 -20 -3 -23 0 0 0 0 0 0 0 0 0 0 0 0 0 0 0 0 0 0 0 0 0 0 21 9 19 5 17 1 21 -1 15 -2 14 0 17 -8 17 -6 12 -7 15 -4 5 -13 11 -17 4 -11 7 -9 0 -9 -3 -19 -7 -13 -2 -11 -8 -17 -13 -9 -14 -11 -20 -13 -18 -14 -16 -10 -20 -9 -22 -6 ],2025-05-07_20-08-03-587
CSI_DATA,PASSIVE,5C:E9:31:E8:F4:66,-77,11,0,0,0,0,0,0,0,0,0,-96,0,11,0,2303694295,0,98,0,0,2303.87,128,[98 32 6 0 21 14 19 16 20 16 15 17 15 20 13 25 12 20 9 20 9 21 6 28 7 24 4 26 -2 31 3 31 -3 31 -4 32 -6 30 -6 30 -8 25 -6 24 -6 25 -3 23 -2 21 1 20 1 16 0 0 0 0 0 0 0 0 0 0 0 0 0 0 0 0 0 0 0 0 0 0 -10 -19 -10 -19 -9 -16 -12 -14 -15 -12 -13 -12 -13 -7 -13 -7 -16 -6 -16 0 -15 1 -15 2 -15 5 -11 6 -9 10 -7 10 -6 13 -3 13 -3 13 1 14 3 14 7 16 9 19 10 13 15 16 14 18 ],2025-05-07_20-08-03-592
CSI_DATA,PASSIVE,5C:E9:31:E8:F4:66,-77,11,0,0,0,0,0,0,0,0,0,-96,0,11,0,2303694468,0,94,0,0,2303.87,128,[94 -32 5 0 3 -25 6 -24 6 -28 12 -25 11 -26 16 -23 17 -24 16 -18 16 -16 21 -19 25 -17 26 -13 29 -12 29 -9 29 -6 31 -7 31 -5 30 -5 26 -3 25 -3 22 -6 24 -6 21 -4 16 -8 15 -6 0 0 0 0 0 0 0 0 0 0 0 0 0 0 0 0 0 0 0 0 0 0 -13 16 -10 18 -7 14 -4 14 -6 15 -1 17 0 16 1 14 7 13 7 12 6 13 10 9 10 2 12 5 12 2 13 2 12 -5 15 -4 14 -8 11 -9 12 -15 12 -16 11 -18 11 -20 7 -20 5 -17 ],2025-05-07_20-08-03-597
CSI_DATA,PASSIVE,5C:E9:31:E8:F4:66,-76,11,0,0,0,0,0,0,0,0,0,-96,0,11,0,2303694637,0,94,0,0,2303.88,128,[94 -32 5 0 27 -1 23 4 20 2 24 2 26 -1 24 2 26 9 22 10 19 13 21 13 23 19 20 26 23 21 16 25 18 26 17 26 15 26 14 23 13 23 12 21 14 22 12 18 12 15 14 15 10 13 0 0 0 0 0 0 0 0 0 0 0 0 0 0 0 0 0 0 0 0 0 0 -21 -5 -18 -5 -17 -4 -16 -3 -18 0 -14 1 -16 4 -14 3 -13 10 -11 9 -11 13 -7 13 -8 14 -5 14 -2 14 -2 14 7 13 6 9 9 9 12 7 14 7 18 6 18 1 18 3 22 -1 19 -1 ],2025-05-07_20-08-03-602
CSI_DATA,PASSIVE,5C:E9:31:E8:F4:66,-76,11,0,0,0,0,0,0,0,0,0,-96,0,11,0,2303694806,0,217,0,0,2303.88,128,[-39 -112 13 0 11 27 18 24 14 26 8 25 7 31 3 28 4 26 -2 30 -6 30 -2 29 -4 28 -14 26 -16 28 -21 30 -18 29 -20 26 -21 24 -23 21 -25 25 -20 21 -21 18 -16 20 -14 16 -12 16 -12 17 0 0 0 0 0 0 0 0 0 0 0 0 0 0 0 0 0 0 0 0 0 0 -10 -20 -11 -18 -11 -20 -12 -17 -14 -12 -12 -11 -16 -9 -14 -9 -16 -5 -18 -6 -15 -4 -18 3 -16 8 -15 1 -10 7 -11 12 -10 16 -7 11 -8 14 -2 15 1 17 2 17 9 19 8 26 11 21 14 19 ],2025-05-07_20-08-03-608
CSI_DATA,PASSIVE,5C:E9:31:E8:F4:66,-77,11,0,0,0,0,0,0,0,0,0,-96,0,11,0,2303695139,0,217,0,0,2303.89,128,[-39 -112 13 0 20 17 22 16 22 13 18 13 13 14 19 13 14 18 15 27 8 21 11 20 8 24 4 31 2 27 2 27 0 31 -2 28 -5 29 -4 29 -4 26 -5 25 -2 24 -7 23 -3 20 -2 15 -1 21 0 0 0 0 0 0 0 0 0 0 0 0 0 0 0 0 0 0 0 0 0 0 -17 -13 -14 -12 -15 -8 -16 -9 -18 -5 -16 -4 -15 -1 -15 1 -15 2 -13 7 -15 8 -11 9 -11 7 -11 13 -8 11 -5 16 -2 13 4 15 1 13 8 14 7 17 12 15 18 16 16 10 15 12 17 14 ],2025-05-07_20-08-03-614
CSI_DATA,PASSIVE,5C:E9:31:E8:F4:66,-76,11,0,0,0,0,0,0,0,0,0,-96,0,11,0,2303695472,0,94,0,0,2303.89,128,[94 -32 5 0 23 -13 19 -14 21 -15 21 -12 24 -9 25 -8 22 -5 28 -3 27 -4 25 2 24 5 28 4 28 7 29 13 26 15 26 16 26 19 23 19 23 15 19 14 19 14 19 14 17 11 15 8 16 7 0 0 0 0 0 0 0 0 0 0 0 0 0 0 0 0 0 0 0 0 0 0 -18 7 -18 8 -14 7 -15 10 -14 13 -10 13 -7 13 -7 14 -3 12 -1 14 1 13 1 13 5 10 6 13 9 11 8 8 12 6 14 6 15 2 15 1 19 -4 20 -9 19 -8 18 -9 17 -10 21 -12 ],2025-05-07_20-08-03-618
CSI_DATA,PASSIVE,5C:E9:31:E8:F4:66,-76,11,0,0,0,0,0,0,0,0,0,-96,0,11,0,2303695641,0,94,0,0,2303.9,128,[94 -32 5 0 23 15 20 15 16 16 20 20 15 18 11 20 15 19 12 24 7 21 9 25 4 28 0 28 0 29 -2 29 -5 27 -7 31 -7 29 -8 30 -7 28 -10 25 -8 23 -7 21 -4 21 -3 19 1 17 0 0 0 0 0 0 0 0 0 0 0 0 0 0 0 0 0 0 0 0 0 0 -12 -16 -14 -15 -12 -17 -13 -12 -13 -9 -13 -6 -15 -4 -14 -5 -15 -3 -15 2 -11 5 -15 6 -11 7 -13 10 -12 9 -7 11 -4 14 0 15 1 13 3 17 5 13 9 16 11 16 13 15 18 16 15 15 ],2025-05-07_20-08-03-624
CSI_DATA,PASSIVE,5C:E9:31:E8:F4:66,-76,11,0,0,0,0,0,0,0,0,0,-96,0,11,0,2303695810,0,94,0,0,2303.9,128,[94 -32 5 0 -17 22 -14 19 -17 18 -19 13 -19 19 -21 15 -21 10 -23 13 -24 11 -24 8 -29 5 -28 4 -31 3 -31 -1 -33 -5 -35 -8 -31 -8 -29 -7 -26 -8 -30 -6 -27 -7 -22 -8 -21 -5 -20 -4 -19 -3 0 0 0 0 0 0 0 0 0 0 0 0 0 0 0 0 0 0 0 0 0 0 12 -13 13 -13 12 -17 8 -15 8 -15 2 -17 2 -18 1 -16 -4 -15 -3 -13 -6 -16 -10 -16 -10 -12 -9 -10 -13 -9 -14 -8 -14 -4 -16 -3 -14 1 -15 5 -17 8 -17 7 -17 14 -11 17 -14 19 -13 16 ],2025-05-07_20-08-03-630
CSI_DATA,PASSIVE,5C:E9:31:E8:E9:4E,-89,11,0,0,0,0,0,0,0,0,0,-96,0,11,0,2303750611,0,158,0,0,2303.92,128,[-98 -32 9 0 -4 5 -3 5 -1 1 7 -2 4 8 5 8 9 1 14 7 13 5 21 5 26 8 25 4 30 6 19 8 27 3 22 8 25 9 18 12 19 14 13 18 15 16 14 12 11 14 9 11 6 14 0 0 0 0 0 0 0 0 0 0 0 0 0 0 0 0 0 0 0 0 0 0 7 5 11 0 9 0 8 -2 14 -8 12 -2 7 -8 13 -9 1 -13 13 -14 6 -16 4 -8 5 -7 -1 -15 11 -12 4 -9 1 -19 -1 -15 2 -13 -6 -15 -4 -14 -8 -11 -11 -11 -7 -17 -6 -7 -5 -5 ],2025-05-07_20-08-03-647
CSI_DATA,PASSIVE,5C:E9:31:E8:E9:4E,-87,11,0,0,0,0,0,0,0,0,0,-96,0,11,0,2303759371,0,98,0,0,2303.93,128,[98 32 6 0 -6 -7 -5 4 2 -2 -8 2 3 4 -9 10 -2 13 -1 7 -2 12 -11 6 -15 23 -4 19 -16 8 -14 18 -16 16 -13 13 -19 10 -25 19 -20 5 -31 9 -17 2 -16 11 -23 -2 -13 -8 -12 -11 0 0 0 0 0 0 0 0 0 0 0 0 0 0 0 0 0 0 0 0 0 0 7 -4 7 3 11 -1 15 -1 10 -2 17 -6 19 -7 16 -8 0 0 12 2 7 -15 3 -13 19 2 9 -19 11 -15 13 -3 0 -14 -2 -1 9 -12 9 -19 2 -14 1 -7 16 -9 7 -12 9 -5 2 -3 ],2025-05-07_20-08-03-651
CSI_DATA,PASSIVE,5C:E9:31:E8:F4:66,-75,11,0,0,0,0,0,0,0,0,0,-96,0,11,0,2303795923,0,158,0,0,2303.96,128,[-98 -32 9 0 -18 -15 -20 -13 -16 -14 -20 -18 -22 -15 -15 -20 -13 -17 -13 -18 -5 -27 -13 -31 -5 -29 -9 -25 1 -29 1 -37 2 -34 6 -31 6 -32 2 -21 7 -30 -1 -31 8 -22 2 -20 0 -18 -1 -17 -4 -18 0 0 0 0 0 0 0 0 0 0 0 0 0 0 0 0 0 0 0 0 0 0 16 18 14 12 14 12 15 8 14 10 11 7 8 7 8 1 17 4 16 -3 10 -7 10 -4 9 -6 13 -9 6 -8 1 -10 1 -9 3 -14 -3 -20 -7 -15 -10 -15 -12 -10 -12 -13 -14 -12 -19 -16 -13 -14 ],2025-05-07_20-08-03-688
CSI_DATA,PASSIVE,5C:E9:31:E8:F4:66,-76,11,0,0,0,0,0,0,0,0,0,-96,0,11,0,2303796176,0,94,0,0,2303.97,128,[94 -32 5 0 -10 18 -8 19 -9 21 -10 20 -13 21 -11 21 -15 17 -17 19 -19 13 -18 16 -21 9 -23 10 -24 6 -28 -2 -30 2 -26 2 -36 1 -26 -5 -35 -4 -28 2 -26 -3 -26 4 -22 0 -17 3 -17 -1 0 0 0 0 0 0 0 0 0 0 0 0 0 0 0 0 0 0 0 0 0 0 5 -21 4 -17 0 -18 2 -18 -2 -15 -5 -15 -4 -13 -2 -11 -1 -18 -11 -11 -13 -10 -13 -9 -11 -6 -10 -3 -12 -2 -14 -1 -9 3 -20 3 -12 6 -13 7 -11 11 -10 16 -11 16 -6 16 -6 12 -8 16 ],2025-05-07_20-08-03-694
CSI_DATA,PASSIVE,5C:E9:31:E8:F4:66,-77,11,0,0,0,0,0,0,0,0,0,-96,0,11,0,2303796345,0,199,0,0,2303.97,128,[-57 112 12 0 -20 -8 -24 -6 -25 -5 -21 -14 -25 -7 -20 -10 -21 -15 -23 -20 -13 -19 -19 -21 -19 -22 -17 -28 -12 -30 -11 -30 -10 -31 -9 -31 -5 -28 -7 -34 -6 -32 -6 -26 -5 -27 -6 -27 -3 -23 -8 -21 -5 -19 0 0 0 0 0 0 0 0 0 0 0 0 0 0 0 0 0 0 0 0 0 0 18 9 22 7 16 8 17 5 21 0 16 0 14 -1 13 -2 11 -6 10 -7 12 -10 8 -10 13 -12 4 -13 2 -13 -1 -14 -1 -13 -5 -15 -8 -11 -13 -13 -12 -9 -16 -8 -19 -12 -17 -9 -21 -12 -19 -6 ],2025-05-07_20-08-03-700
CSI_DATA,PASSIVE,5C:E9:31:E8:F4:66,-76,11,0,0,0,0,0,0,0,0,0,-96,0,11,0,2303796654,0,219,0,0,2303.98,128,[-37 -80 13 0 -11 -20 -12 -20 -12 -28 -9 -22 -8 -23 -6 -24 -9 -26 -3 -26 -3 -31 -3 -33 6 -30 6 -30 8 -31 13 -32 11 -29 17 -32 18 -30 13 -26 13 -24 12 -25 15 -23 12 -21 10 -24 6 -20 7 -17 0 0 0 0 0 0 0 0 0 0 0 0 0 0 0 0 0 0 0 0 0 0 5 24 6 15 6 16 7 17 8 16 8 14 12 8 12 10 12 9 13 2 13 2 14 2 17 -1 13 -4 11 -6 7 -13 8 -14 6 -13 3 -12 0 -14 -1 -21 -2 -18 -2 -18 -6 -19 -11 -21 -10 -19 ],2025-05-07_20-08-03-706
CSI_DATA,PASSIVE,5C:E9:31:E8:F4:66,-76,11,0,0,0,0,0,0,0,0,0,-96,0,11,0,2303796987,0,217,0,0,2303.99,128,[-39 -112 13 0 -27 -3 -26 -2 -26 -6 -26 -10 -19 -9 -22 -13 -24 -10 -24 -14 -22 -21 -21 -21 -20 -19 -14 -27 -14 -25 -16 -30 -17 -33 -15 -31 -14 -30 -13 -32 -12 -31 -11 -25 -11 -22 -10 -22 -11 -22 -5 -17 -13 -16 0 0 0 0 0 0 0 0 0 0 0 0 0 0 0 0 0 0 0 0 0 0 18 10 18 11 19 11 17 4 18 3 13 2 15 3 9 0 9 -3 14 -7 9 -8 10 -11 9 -11 6 -13 2 -10 0 -10 -3 -12 -5 -17 -10 -13 -11 -13 -14 -14 -14 -12 -12 -9 -16 -11 -19 -9 -19 -9 ],2025-05-07_20-08-03-712
CSI_DATA,PASSIVE,5C:E9:31:E8:E9:4E,-88,11,0,0,0,0,0,0,0,0,0,-96,0,11,0,2303844489,0,217,0,0,2304.01,128,[-39 -112 13 0 -6 -1 -7 6 0 -1 -6 4 -4 15 -3 16 3 16 -7 9 -3 18 5 12 0 18 1 16 3 18 -6 24 -1 26 1 31 -10 25 -6 18 -7 26 -16 21 -13 18 -12 14 -14 10 -16 16 -13 10 0 0 0 0 0 0 0 0 0 0 0 0 0 0 0 0 0 0 0 0 0 0 2 13 -1 8 8 4 3 2 8 7 11 -2 18 2 11 0 13 -4 14 1 17 -1 15 -4 16 -1 14 -2 11 -10 11 -3 6 -7 12 -9 14 -9 9 -13 7 -17 4 -8 4 -10 6 -3 6 -11 -2 1 ],2025-05-07_20-08-03-736
CSI_DATA,PASSIVE,5C:E9:31:E8:E9:4E,-87,11,0,0,0,0,0,0,0,0,0,-96,0,11,0,2303844822,0,217,0,0,2304.02,128,[-39 -112 13 0 -6 9 0 -3 -10 7 10 -1 15 -4 0 -5 17 3 6 -5 15 -5 20 -5 2 -5 19 -3 18 -5 21 -2 26 -6 22 6 22 3 22 6 23 6 22 7 15 12 12 15 6 13 15 12 1 18 0 0 0 0 0 0 0 0 0 0 0 0 0 0 0 0 0 0 0 0 0 0 4 -8 -2 -10 3 -13 -6 -7 -5 -6 -2 -12 -5 -14 -12 -12 -9 -14 -13 -11 -20 -2 -13 -7 -7 -11 -16 -15 -9 -2 -8 -8 -26 -4 -17 -11 -13 0 -8 -2 -13 7 -11 6 -21 -5 -2 -1 -10 6 0 14 ],2025-05-07_20-08-03-742
CSI_DATA,PASSIVE,5C:E9:31:E8:E9:4E,-88,11,0,0,0,0,0,0,0,0,0,-96,0,11,0,2303857774,0,217,0,0,2304.02,128,[-39 -112 13 0 0 -4 -1 -2 7 6 -5 9 1 2 1 16 -13 4 2 9 11 19 4 13 7 19 -10 24 2 23 4 27 1 22 -2 22 0 25 4 27 -5 23 -5 21 -15 17 -8 21 -1 17 -4 17 -7 20 0 0 0 0 0 0 0 0 0 0 0 0 0 0 0 0 0 0 0 0 0 0 -5 3 -9 2 -3 3 -7 8 2 7 2 3 4 12 1 19 11 11 9 6 4 7 12 9 13 13 11 7 13 7 18 -1 8 0 8 -1 14 -10 15 -7 3 -2 11 -15 6 -7 -3 5 4 -4 2 -1 ],2025-05-07_20-08-03-749
CSI_DATA,PASSIVE,5C:E9:31:E8:F4:66,-76,11,0,0,0,0,0,0,0,0,0,-96,0,11,0,2303899053,0,217,0,0,2304.07,128,[-39 -112 13 0 -22 -14 -21 -15 -17 -16 -18 -18 -16 -18 -15 -21 -16 -25 -12 -25 -11 -25 -9 -25 -6 -31 -7 -32 -2 -30 -2 -34 0 -33 3 -34 5 -33 4 -31 4 -31 5 -29 5 -26 2 -26 2 -23 0 -21 -2 -19 0 0 0 0 0 0 0 0 0 0 0 0 0 0 0 0 0 0 0 0 0 0 10 17 8 17 11 17 12 12 10 12 13 9 14 8 15 4 14 2 12 -1 14 -1 12 -2 16 -4 12 -5 9 -9 7 -10 6 -13 2 -13 1 -13 -2 -13 -5 -13 -7 -14 -9 -16 -12 -17 -13 -16 -17 -15 ],2025-05-07_20-08-03-792
CSI_DATA,PASSIVE,5C:E9:31:E8:F4:66,-76,11,0,0,0,0,0,0,0,0,0,-96,0,11,0,2303899386,0,217,0,0,2304.07,128,[-39 -112 13 0 -23 5 -21 5 -25 3 -25 2 -22 1 -27 -1 -26 -2 -24 -4 -25 -7 -25 -11 -25 -14 -23 -17 -24 -17 -24 -22 -25 -23 -23 -25 -22 -20 -20 -25 -19 -22 -18 -23 -18 -22 -18 -18 -16 -16 -17 -13 -15 -15 0 0 0 0 0 0 0 0 0 0 0 0 0 0 0 0 0 0 0 0 0 0 22 1 20 0 20 -1 15 -3 20 -5 13 -6 15 -10 13 -10 8 -11 9 -15 4 -13 4 -13 3 -14 4 -13 -1 -14 -3 -11 -4 -10 -8 -10 -11 -5 -12 -5 -15 -4 -17 -4 -19 -1 -18 1 -20 0 -24 2 ],2025-05-07_20-08-03-798
CSI_DATA,PASSIVE,5C:E9:31:E8:F4:66,-76,11,0,0,0,0,0,0,0,0,0,-96,0,11,0,2303899719,0,217,0,0,2304.08,128,[-39 -112 13 0 -10 26 -8 21 -5 20 -8 19 -13 25 -14 21 -16 18 -17 16 -18 14 -21 17 -24 16 -27 14 -26 12 -30 13 -30 12 -30 9 -29 6 -32 6 -31 6 -29 3 -27 8 -25 3 -23 6 -18 7 -19 8 0 0 0 0 0 0 0 0 0 0 0 0 0 0 0 0 0 0 0 0 0 0 12 -17 13 -14 10 -18 9 -15 9 -15 5 -16 -1 -18 -3 -16 -5 -15 -3 -15 -7 -13 -10 -13 -7 -13 -14 -8 -11 -9 -13 -8 -9 1 -14 -2 -10 4 -13 10 -11 11 -9 8 -10 16 -11 19 -12 15 -12 17 ],2025-05-07_20-08-03-803
CSI_DATA,PASSIVE,5C:E9:31:E8:E9:4E,-89,11,0,0,0,0,0,0,0,0,0,-96,0,11,0,2303992313,0,158,0,0,2304.16,128,[-98 -32 9 0 0 5 4 3 5 1 4 4 11 5 7 4 7 2 7 -1 20 -1 15 1 18 -2 17 -6 20 1 16 -2 26 9 26 1 27 8 24 7 20 13 14 8 19 11 11 15 12 20 9 9 4 13 0 0 0 0 0 0 0 0 0 0 0 0 0 0 0 0 0 0 0 0 0 0 2 -8 4 -9 3 -5 -3 -7 2 -16 -3 -14 -4 -8 -4 -8 -3 -14 -11 -13 -10 -7 -5 -7 -7 -13 -17 -6 -12 -5 -22 -5 -16 -10 -16 -3 -13 0 -18 -9 -14 0 -12 1 -14 -2 -6 5 -3 -1 -5 -1 ],2025-05-07_20-08-03-884
CSI_DATA,PASSIVE,5C:E9:31:E8:E9:4E,-87,11,0,0,0,0,0,0,0,0,0,-96,0,11,0,2303993381,0,210,0,0,2304.16,128,[-46 32 13 0 2 -1 4 4 -4 4 9 4 13 -14 4 2 15 1 9 -7 7 -13 11 3 14 -15 17 -17 17 -26 31 -18 16 -20 19 -16 13 -10 24 -4 20 2 19 0 23 1 17 2 19 9 11 -4 19 15 0 0 0 0 0 0 0 0 0 0 0 0 0 0 0 0 0 0 0 0 0 0 -6 -13 -4 -7 -2 -15 -2 -12 -4 -10 -14 1 -12 -6 -5 -1 -10 -6 -10 -7 -24 -10 -12 -8 -18 2 -19 4 -15 -7 -19 -2 -14 -4 -22 2 -8 7 -23 5 -19 8 -8 1 -2 16 -8 3 -6 7 2 2 ],2025-05-07_20-08-03-889
CSI_DATA,PASSIVE,5C:E9:31:E8:E9:4E,-88,11,0,0,0,0,0,0,0,0,0,-96,0,11,0,2304000449,0,190,0,0,2304.17,128,[-66 -32 11 0 4 -3 -3 3 -7 -6 -9 -7 -7 -2 -10 -9 -7 4 -7 6 0 20 -15 10 -18 21 -7 11 -15 13 -20 9 -14 14 -19 18 -19 13 -18 9 -22 2 -21 6 -16 3 -15 -1 -24 -6 -16 0 -17 -10 0 0 0 0 0 0 0 0 0 0 0 0 0 0 0 0 0 0 0 0 0 0 -8 -3 -8 5 -13 -1 -7 9 -11 8 -1 12 4 15 -3 13 1 20 0 8 6 15 -1 19 4 16 13 9 10 10 15 9 13 9 4 0 6 0 7 4 4 3 10 -3 10 -6 8 0 9 0 1 0 ],2025-05-07_20-08-03-895
CSI_DATA,PASSIVE,5C:E9:31:E8:E9:4E,-87,11,0,0,0,0,0,0,0,0,0,-96,0,11,0,2304000746,0,210,0,0,2304.17,128,[-46 32 13 0 -4 -1 1 -1 -3 -1 0 -5 2 -5 17 -8 17 -5 7 -4 17 -7 16 -15 8 -9 17 -16 10 -16 17 -19 19 -14 21 -13 20 -18 20 -8 16 -11 24 -9 17 -7 18 0 21 -5 15 3 20 -2 0 0 0 0 0 0 0 0 0 0 0 0 0 0 0 0 0 0 0 0 0 0 7 -9 0 -5 0 -8 9 -3 6 -8 9 -7 6 -5 2 -14 -2 -15 -1 -13 -3 -11 -3 -16 -11 -16 -10 -17 -8 -5 -11 -6 -17 -5 -9 -7 -18 3 -21 0 -18 4 -23 -4 -2 0 -9 10 -6 0 -5 7 ],2025-05-07_20-08-03-900
CSI_DATA,PASSIVE,5C:E9:31:E8:F4:66,-77,11,0,0,0,0,0,0,0,0,0,-96,0,11,0,2304023516,0,128,0,0,2304.19,128,[-128 0 8 0 -22 8 -24 6 -21 6 -25 5 -24 3 -26 1 -24 0 -27 -1 -29 -6 -27 -9 -30 -9 -28 -17 -29 -16 -25 -20 -30 -24 -27 -27 -29 -23 -24 -27 -23 -22 -22 -19 -24 -20 -23 -21 -19 -17 -18 -16 -18 -13 0 0 0 0 0 0 0 0 0 0 0 0 0 0 0 0 0 0 0 0 0 0 23 3 20 3 19 2 19 -3 15 -3 16 -4 15 -10 12 -9 8 -15 6 -10 5 -18 1 -19 3 -19 0 -17 -2 -14 -4 -13 -8 -15 -7 -12 -11 -9 -16 -7 -12 -6 -14 -3 -16 1 -20 2 -20 2 -22 0 ],2025-05-07_20-08-03-916
CSI_DATA,PASSIVE,5C:E9:31:E8:F4:66,-77,11,0,0,0,0,0,0,0,0,0,-96,0,11,0,2304023729,0,350,0,0,2304.2,128,[94 -31 21 0 -15 -20 -16 -21 -14 -19 -11 -23 -12 -23 -10 -23 -7 -24 -4 -29 0 -26 1 -29 9 -30 8 -28 12 -29 15 -30 15 -34 18 -31 22 -30 21 -26 20 -24 19 -24 19 -22 16 -22 13 -21 13 -19 10 -21 0 0 0 0 0 0 0 0 0 0 0 0 0 0 0 0 0 0 0 0 0 0 9 21 6 17 8 18 8 16 10 11 13 12 15 10 12 7 15 3 16 0 16 -1 17 -5 18 -8 16 -6 14 -10 10 -9 12 -17 8 -14 8 -16 1 -17 1 -17 -1 -18 -5 -19 -8 -17 -5 -15 -11 -16 ],2025-05-07_20-08-03-921
CSI_DATA,PASSIVE,5C:E9:31:E8:F4:66,-77,11,0,0,0,0,0,0,0,0,0,-96,0,11,0,2304024238,0,330,0,0,2304.2,128,[74 -95 20 0 -26 -4 -26 -9 -23 -12 -24 -9 -21 -12 -21 -12 -21 -13 -24 -18 -20 -18 -22 -25 -18 -26 -15 -29 -13 -33 -11 -33 -14 -36 -10 -33 -7 -35 -8 -35 0 -29 -2 -29 -3 -30 -6 -29 -8 -26 -7 -26 -7 -19 0 0 0 0 0 0 0 0 0 0 0 0 0 0 0 0 0 0 0 0 0 0 15 12 16 9 17 12 14 5 14 8 13 1 14 -3 13 -3 14 -6 11 -6 9 -8 14 -10 11 -15 7 -15 10 -19 4 -16 3 -17 -3 -13 -4 -18 -5 -15 -6 -11 -12 -13 -13 -8 -14 -6 -17 -12 -21 -11 ],2025-05-07_20-08-03-928
CSI_DATA,PASSIVE,5C:E9:31:E8:F4:66,-77,11,0,0,0,0,0,0,0,0,0,-96,0,11,0,2304024719,0,158,0,0,2304.21,128,[-98 -32 9 0 6 23 10 24 6 25 5 23 3 23 1 26 -2 28 -9 24 -6 20 -12 23 -9 31 -18 22 -25 24 -25 19 -15 26 -28 14 -32 19 -30 15 -21 25 -31 15 -28 16 -21 15 -20 25 -17 9 -17 13 0 0 0 0 0 0 0 0 0 0 0 0 0 0 0 0 0 0 0 0 0 0 -5 -23 -3 -21 -7 -17 -7 -16 -12 -14 -9 -16 -13 -1 -11 -14 -15 -10 -13 -6 -16 -13 -15 -1 -22 1 -16 5 -17 -4 -17 8 -14 9 -11 8 -5 17 -9 16 -4 12 -2 13 1 20 -1 16 2 18 5 21 ],2025-05-07_20-08-03-933
CSI_DATA,PASSIVE,5C:E9:31:E8:F4:66,-77,11,0,0,0,0,0,0,0,0,0,-96,0,11,0,2304024972,0,190,0,0,2304.21,128,[-66 -32 11 0 21 -6 22 -2 20 -6 22 -1 22 -2 22 0 24 2 23 7 22 10 24 12 21 12 20 18 21 18 20 22 18 23 18 24 17 25 14 25 16 25 17 22 12 21 13 17 13 15 13 16 14 15 0 0 0 0 0 0 0 0 0 0 0 0 0 0 0 0 0 0 0 0 0 0 -17 -4 -19 -3 -18 -1 -14 -2 -16 2 -15 4 -13 5 -12 7 -8 9 -8 11 -5 13 -4 12 -6 14 0 14 1 13 4 15 2 14 8 14 10 10 10 8 12 3 17 8 16 1 16 2 17 -2 18 1 ],2025-05-07_20-08-03-938
CSI_DATA,PASSIVE,5C:E9:31:E8:F4:66,-78,11,0,0,0,0,0,0,0,0,0,-96,0,11,0,2304025269,0,210,0,0,2304.22,128,[-46 32 13 0 -3 -22 0 -27 -1 -24 2 -23 6 -25 7 -28 11 -24 15 -26 11 -21 12 -25 17 -21 26 -17 23 -16 28 -19 26 -19 34 -15 35 -12 29 -13 31 -10 24 -11 33 -8 21 -12 20 -10 20 -10 14 -12 0 0 0 0 0 0 0 0 0 0 0 0 0 0 0 0 0 0 0 0 0 0 -6 22 -6 20 -1 17 2 18 2 12 6 17 6 16 5 14 11 9 11 13 11 14 13 8 14 0 15 -1 16 0 16 -2 13 -8 12 -9 13 -9 7 -14 7 -12 5 -19 6 -18 5 -20 1 -19 0 -21 ],2025-05-07_20-08-03-944
CSI_DATA,PASSIVE,5C:E9:31:E8:F4:66,-77,11,0,0,0,0,0,0,0,0,0,-96,0,11,0,2304025590,0,94,0,0,2304.22,128,[94 -32 5 0 7 20 11 24 7 26 9 21 14 15 8 29 5 22 -2 23 -4 28 -4 27 -13 29 -18 29 -13 31 -22 27 -10 29 -20 34 -29 33 -26 30 -17 25 -21 25 -16 20 -17 22 -18 21 -15 24 -12 21 0 0 0 0 0 0 0 0 0 0 0 0 0 0 0 0 0 0 0 0 0 0 2 -22 7 -19 0 -20 0 -17 -6 -13 -1 -16 -6 -15 -7 -15 -10 -13 -13 -10 -18 -7 -14 -8 -17 7 -16 2 -20 5 -13 5 -15 8 -11 7 -9 18 -6 18 -5 14 -6 14 3 19 1 16 2 21 3 19 ],2025-05-07_20-08-03-949
CSI_DATA,PASSIVE,5C:E9:31:E8:F4:66,-77,11,0,0,0,0,0,0,0,0,0,-96,0,11,0,2304025758,0,210,0,0,2304.23,128,[-46 32 13 0 -18 14 -19 13 -18 11 -19 11 -22 15 -23 7 -23 8 -27 6 -22 -1 -28 -1 -29 -3 -30 -8 -33 -13 -31 -11 -32 -16 -35 -16 -30 -16 -28 -17 -32 -18 -29 -18 -24 -16 -23 -16 -23 -13 -20 -9 -22 -9 0 0 0 0 0 0 0 0 0 0 0 0 0 0 0 0 0 0 0 0 0 0 21 -4 19 -3 16 -7 16 -7 11 -11 9 -10 6 -12 6 -14 3 -15 -2 -16 -1 -15 -6 -16 -4 -15 -8 -15 -10 -13 -14 -12 -11 -9 -15 -7 -16 -8 -15 -4 -21 2 -18 5 -16 1 -17 4 -17 8 -16 4 ],2025-05-07_20-08-03-956
CSI_DATA,PASSIVE,5C:E9:31:E8:F4:66,-76,11,0,0,0,0,0,0,0,0,0,-96,0,11,0,2304026079,0,190,0,0,2304.24,128,[-66 -32 11 0 16 -11 18 -12 17 -13 20 -12 19 -7 26 -7 22 -3 22 -1 23 1 23 -2 24 2 29 5 25 8 28 9 30 13 29 13 27 13 27 16 22 18 23 15 22 15 19 13 19 10 18 8 19 5 0 0 0 0 0 0 0 0 0 0 0 0 0 0 0 0 0 0 0 0 0 0 -17 4 -16 5 -16 2 -16 7 -11 9 -14 5 -9 11 -8 9 -6 10 -4 12 1 15 -2 11 2 14 3 13 6 9 7 9 7 11 11 11 15 5 17 2 14 1 15 -1 15 -4 15 -7 14 -6 18 -8 ],2025-05-07_20-08-03-960
CSI_DATA,PASSIVE,5C:E9:31:E8:F4:66,-77,11,0,0,0,0,0,0,0,0,0,-96,0,11,0,2304026376,0,158,0,0,2304.24,128,[-98 -32 9 0 -12 -20 -15 -22 -14 -23 -11 -20 -9 -24 -7 -24 -6 -27 0 -30 -1 -26 3 -27 5 -29 14 -32 14 -30 14 -33 17 -33 20 -28 23 -28 22 -29 21 -27 19 -25 16 -24 15 -19 15 -20 13 -21 8 -17 0 0 0 0 0 0 0 0 0 0 0 0 0 0 0 0 0 0 0 0 0 0 7 18 6 19 9 20 7 16 10 12 8 12 11 10 12 10 13 7 12 4 15 2 15 -2 18 -7 15 -6 15 -8 13 -12 7 -13 8 -14 7 -15 2 -16 4 -16 -2 -13 -3 -20 -4 -19 -4 -22 -10 -18 ],2025-05-07_20-08-03-966
CSI_DATA,PASSIVE,5C:E9:31:E8:F4:66,-77,11,0,0,0,0,0,0,0,0,0,-96,0,11,0,2304103290,0,266,0,0,2304.27,128,[10 -95 16 0 -10 16 -14 17 -11 14 -14 17 -14 18 -17 15 -17 13 -20 11 -19 9 -23 9 -30 5 -27 4 -31 1 -31 2 -31 -3 -32 -4 -34 -5 -32 -5 -32 -7 -28 -6 -25 -3 -23 -5 -23 -5 -22 -3 -20 -1 0 0 0 0 0 0 0 0 0 0 0 0 0 0 0 0 0 0 0 0 0 0 11 -16 11 -16 7 -17 8 -18 6 -16 3 -19 -1 -14 -1 -14 -4 -16 -6 -13 -10 -13 -10 -11 -11 -11 -12 -9 -10 -10 -17 -5 -11 0 -17 -2 -14 2 -15 8 -14 6 -17 9 -18 10 -15 11 -11 12 -12 16 ],2025-05-07_20-08-03-996
CSI_DATA,PASSIVE,5C:E9:31:E8:F4:66,-77,11,0,0,0,0,0,0,0,0,0,-96,0,11,0,2304103687,0,158,0,0,2304.28,128,[-98 -32 9 0 -23 3 -29 4 -23 4 -20 0 -30 5 -26 -2 -22 -5 -28 -8 -26 -11 -29 -12 -27 -14 -26 -20 -25 -23 -26 -25 -21 -26 -21 -28 -22 -31 -18 -28 -17 -28 -18 -27 -18 -26 -16 -24 -15 -20 -16 -17 -16 -18 0 0 0 0 0 0 0 0 0 0 0 0 0 0 0 0 0 0 0 0 0 0 20 -4 19 -1 19 -3 17 -7 17 -7 15 -8 13 -11 12 -13 10 -15 5 -15 7 -14 4 -16 -2 -17 -3 -17 -7 -14 -8 -12 -9 -15 -12 -12 -13 -8 -12 -8 -15 -6 -18 -3 -19 -1 -19 -3 -25 0 -22 0 ],2025-05-07_20-08-04-3
CSI_DATA,PASSIVE,5C:E9:31:E8:F4:66,-77,11,0,0,0,0,0,0,0,0,0,-96,0,11,0,2304103940,0,380,0,0,2304.28,128,[124 -63 23 0 8 20 10 17 12 20 12 25 10 26 5 26 2 23 -1 22 -6 24 -3 29 -11 29 -10 26 -14 30 -16 30 -17 27 -19 29 -24 27 -22 24 -22 28 -20 24 -17 22 -14 21 -19 22 -15 20 -13 18 0 0 0 0 0 0 0 0 0 0 0 0 0 0 0 0 0 0 0 0 0 0 -9 -19 -9 -17 -7 -19 -10 -18 -11 -14 -13 -15 -15 -13 -12 -9 -17 -6 -13 -6 -18 -4 -20 1 -20 5 -22 4 -18 7 -13 10 -9 9 -8 16 -8 11 -6 19 -6 15 -1 19 2 12 2 17 9 17 7 14 ],2025-05-07_20-08-04-8
CSI_DATA,PASSIVE,5C:E9:31:E8:F4:66,-77,11,0,0,0,0,0,0,0,0,0,-96,0,11,0,2304104489,0,108,0,0,2304.29,128,[108 -64 6 0 -20 -15 -17 -13 -15 -20 -13 -18 -12 -20 -10 -20 -7 -22 -7 -24 -2 -26 0 -25 3 -30 6 -31 8 -31 8 -31 12 -31 15 -37 16 -29 18 -29 17 -26 16 -25 19 -26 15 -23 11 -25 10 -19 7 -21 0 0 0 0 0 0 0 0 0 0 0 0 0 0 0 0 0 0 0 0 0 0 16 11 17 9 13 11 14 9 13 6 14 8 17 5 14 4 20 -1 14 -4 17 -2 16 -9 13 -13 8 -13 9 -12 8 -14 4 -14 5 -14 2 -16 0 -15 -6 -17 -3 -19 -9 -17 -10 -19 -11 -18 -15 -19 ],2025-05-07_20-08-04-13
CSI_DATA,PASSIVE,5C:E9:31:E8:F4:66,-77,11,0,0,0,0,0,0,0,0,0,-96,0,11,0,2304104674,0,269,0,0,2304.29,128,[13 -47 16 0 -11 -16 -10 -16 -7 -20 -6 -20 -8 -18 -4 -20 -2 -19 -4 -23 0 -26 6 -21 6 -24 11 -24 12 -22 17 -23 18 -24 19 -20 22 -22 20 -19 17 -20 16 -18 17 -19 15 -18 14 -17 11 -15 11 -18 0 0 0 0 0 0 0 0 0 0 0 0 0 0 0 0 0 0 0 0 0 0 10 13 11 14 11 12 10 13 10 8 11 9 13 7 10 3 13 3 15 2 13 -1 12 -3 12 -5 13 -6 11 -6 6 -7 8 -10 5 -11 4 -13 4 -15 1 -15 -2 -13 0 -14 -5 -17 -7 -16 -7 -16 ],2025-05-07_20-08-04-19
CSI_DATA,PASSIVE,5C:E9:31:E8:F4:66,-77,11,0,0,0,0,0,0,0,0,0,-96,0,11,0,2304105075,0,289,0,0,2304.3,128,[33 17 18 0 2 24 3 24 2 23 -1 25 -3 24 -2 23 -3 24 -7 26 -11 21 -12 23 -17 24 -18 25 -22 22 -25 21 -25 21 -29 19 -29 21 -29 18 -27 16 -24 15 -26 16 -22 14 -22 14 -20 14 -17 11 0 0 0 0 0 0 0 0 0 0 0 0 0 0 0 0 0 0 0 0 0 0 -6 -23 -2 -22 -4 -20 -9 -20 -11 -18 -12 -18 -12 -13 -17 -12 -14 -12 -16 -10 -18 -7 -16 -5 -18 0 -18 2 -15 2 -15 2 -15 6 -15 8 -11 13 -7 15 -7 15 -4 19 -4 15 -4 19 -1 20 -1 18 ],2025-05-07_20-08-04-24
CSI_DATA,PASSIVE,5C:E9:31:E8:F4:66,-77,11,0,0,0,0,0,0,0,0,0,-96,0,11,0,2304105504,0,94,0,0,2304.3,128,[94 -32 5 0 22 -5 22 -8 25 0 23 -1 25 -2 23 3 20 2 21 7 21 11 22 12 23 14 22 12 15 18 23 19 21 22 19 24 16 24 19 27 13 20 16 24 15 22 16 19 13 18 12 17 15 14 0 0 0 0 0 0 0 0 0 0 0 0 0 0 0 0 0 0 0 0 0 0 -20 3 -17 3 -18 5 -18 6 -17 9 -15 8 -12 7 -10 11 -8 10 -6 17 -4 15 -3 15 -4 17 1 13 1 11 2 13 7 14 9 11 11 8 13 9 13 3 13 6 17 -2 12 -2 21 -2 18 -1 ],2025-05-07_20-08-04-30
CSI_DATA,PASSIVE,5C:E9:31:E8:F4:66,-77,11,0,0,0,0,0,0,0,0,0,-96,0,11,0,2304105842,0,158,0,0,2304.31,128,[-98 -32 9 0 -19 21 -13 14 -15 17 -17 17 -17 16 -17 11 -21 11 -21 9 -24 5 -23 6 -27 1 -23 1 -28 -4 -33 -8 -29 -5 -29 -11 -29 -13 -28 -13 -26 -13 -21 -13 -22 -14 -23 -12 -22 -7 -19 -6 -18 -6 0 0 0 0 0 0 0 0 0 0 0 0 0 0 0 0 0 0 0 0 0 0 10 -18 10 -17 5 -16 5 -18 6 -18 2 -18 0 -16 -1 -17 -4 -13 -6 -19 -9 -17 -10 -12 -12 -10 -14 -10 -14 -8 -16 -8 -10 -5 -15 -3 -13 4 -13 5 -14 5 -11 9 -16 10 -15 11 -10 11 -13 16 ],2025-05-07_20-08-04-36
CSI_DATA,PASSIVE,5C:E9:31:E8:F4:66,-78,11,0,0,0,0,0,0,0,0,0,-96,0,11,0,2304106095,0,94,0,0,2304.32,128,[94 -32 5 0 28 34 31 39 29 46 19 41 31 37 23 50 12 54 6 51 6 49 3 58 -1 62 -6 68 -17 70 -19 71 -32 73 -24 75 -30 68 -26 65 -39 62 -30 60 -29 53 -21 53 -12 55 -18 49 -19 43 0 0 0 0 0 0 0 0 0 0 0 0 0 0 0 0 0 0 0 0 0 0 -32 -32 -23 -34 -36 -35 -31 -26 -36 -26 -30 -22 -34 -13 -38 -1 -31 -4 -28 2 -38 5 -43 19 -37 22 -26 18 -21 14 -17 18 -16 29 -9 26 0 42 8 32 7 27 19 42 25 23 14 36 25 35 21 37 ],2025-05-07_20-08-04-41
CSI_DATA,PASSIVE,5C:E9:31:E8:F4:66,-77,11,0,0,0,0,0,0,0,0,0,-96,0,11,0,2304106264,0,94,0,0,2304.32,128,[94 -32 5 0 -18 47 -19 42 -34 48 -25 43 -38 32 -49 27 -43 25 -49 8 -59 19 -56 20 -58 9 -72 8 -75 3 -70 5 -83 -4 -78 -13 -75 -10 -78 -15 -68 -18 -62 -13 -63 -12 -56 0 -52 -8 -53 2 -40 -1 0 0 0 0 0 0 0 0 0 0 0 0 0 0 0 0 0 0 0 0 0 0 18 -37 28 -36 22 -39 15 -42 12 -40 15 -36 6 -29 -10 -33 -9 -31 -20 -34 -11 -32 -25 -33 -25 -24 -34 -25 -20 -21 -24 -13 -34 2 -28 -5 -33 3 -42 16 -33 21 -40 30 -47 28 -29 25 -31 34 -35 37 ],2025-05-07_20-08-04-47
CSI_DATA,PASSIVE,5C:E9:31:E8:E9:4E,-87,11,0,0,0,0,0,0,0,0,0,-96,0,11,0,2304188409,0,108,0,0,2304.36,128,[108 -64 6 0 2 1 -8 -2 -10 5 -9 1 -6 -10 -4 -3 -13 3 -6 2 -10 7 -16 5 -15 5 -29 10 -25 3 -28 6 -26 4 -22 6 -24 1 -23 3 -25 -2 -24 3 -17 3 -24 -1 -21 -5 -10 -14 -15 -11 0 0 0 0 0 0 0 0 0 0 0 0 0 0 0 0 0 0 0 0 0 0 -8 4 -10 4 -3 2 -2 6 -8 5 -10 10 -6 7 -12 12 -1 10 1 17 0 10 2 8 -1 16 2 13 5 13 -1 12 3 14 15 13 13 9 -1 7 12 9 6 -2 12 10 12 1 7 3 5 -1 ],2025-05-07_20-08-04-79
CSI_DATA,PASSIVE,5C:E9:31:E8:F4:66,-78,11,0,0,0,0,0,0,0,0,0,-96,0,11,0,2304205905,0,94,0,0,2304.37,128,[94 -32 5 0 -3 -20 0 -18 2 -23 1 -17 2 -21 6 -17 15 -26 12 -24 18 -20 12 -24 20 -21 24 -20 26 -17 30 -15 30 -13 30 -17 32 -9 32 -12 31 -10 27 -8 27 -9 23 -8 22 -10 19 -9 17 -12 0 0 0 0 0 0 0 0 0 0 0 0 0 0 0 0 0 0 0 0 0 0 -5 23 -2 19 -3 17 -1 17 -2 14 3 16 3 14 4 11 10 10 11 8 14 7 14 2 14 2 16 1 16 -1 17 -6 12 -2 13 -6 16 -7 10 -10 10 -12 11 -14 5 -16 8 -16 1 -15 0 -14 ],2025-05-07_20-08-04-98
CSI_DATA,PASSIVE,5C:E9:31:E8:F4:66,-78,11,0,0,0,0,0,0,0,0,0,-96,0,11,0,2304206074,0,120,0,0,2304.38,128,[120 -128 7 0 36 -17 40 -23 46 -19 48 -17 44 -9 57 1 59 -1 48 17 52 6 55 20 56 22 69 31 65 29 64 34 74 31 70 39 61 46 57 40 59 44 55 31 52 40 45 32 49 28 45 18 43 25 0 0 0 0 0 0 0 0 0 0 0 0 0 0 0 0 0 0 0 0 0 0 -49 -13 -35 -12 -43 -9 -32 -3 -35 0 -27 7 -22 14 -13 13 -16 22 -12 20 -11 33 2 32 0 31 11 36 0 33 11 27 17 34 19 24 26 14 29 7 22 5 38 18 36 14 34 5 42 4 38 8 ],2025-05-07_20-08-04-103
CSI_DATA,PASSIVE,5C:E9:31:E8:F4:66,-77,11,0,0,0,0,0,0,0,0,0,-96,0,11,0,2304206275,0,130,0,0,2304.38,128,[-126 32 8 0 6 -17 -2 -16 2 -23 6 -25 2 -22 9 -26 16 -21 12 -16 21 -16 16 -17 21 -18 30 -20 27 -14 25 -15 30 -15 32 -17 32 -15 35 -14 29 -11 29 -12 24 -11 22 -12 24 -11 21 -11 18 -11 0 0 0 0 0 0 0 0 0 0 0 0 0 0 0 0 0 0 0 0 0 0 -14 14 -12 13 -11 12 -9 14 -8 12 -5 10 -1 10 4 17 5 11 8 12 8 11 10 10 12 8 11 5 14 5 18 1 15 -2 17 0 20 -1 14 -5 15 -8 13 -7 10 -10 5 -15 7 -17 8 -15 ],2025-05-07_20-08-04-109
CSI_DATA,PASSIVE,5C:E9:31:E8:F4:66,-77,11,0,0,0,0,0,0,0,0,0,-96,0,11,0,2304206492,0,94,0,0,2304.39,128,[94 -32 5 0 -18 8 -22 6 -19 2 -20 2 -21 3 -18 2 -19 1 -20 -4 -28 -6 -24 -9 -27 -9 -29 -16 -29 -19 -25 -21 -27 -22 -26 -23 -27 -20 -24 -28 -19 -26 -21 -21 -23 -24 -20 -17 -20 -16 -19 -16 -21 -13 0 0 0 0 0 0 0 0 0 0 0 0 0 0 0 0 0 0 0 0 0 0 21 2 20 3 17 1 14 0 15 -5 10 -7 7 -2 6 -6 5 -12 4 -12 2 -14 1 -18 0 -15 -4 -17 -5 -14 -10 -14 -9 -14 -11 -9 -11 -10 -15 -16 -16 -8 -13 -5 -17 -3 -13 0 -22 1 -17 -4 ],2025-05-07_20-08-04-115
CSI_DATA,PASSIVE,5C:E9:31:E8:F4:66,-78,11,0,0,0,0,0,0,0,0,0,-96,0,11,0,2304206661,0,94,0,0,2304.39,128,[94 -32 5 0 -12 -16 -10 -19 -9 -17 -13 -22 -7 -23 -7 -23 -8 -23 -3 -24 2 -26 2 -28 8 -28 12 -28 11 -29 13 -27 15 -29 17 -29 21 -28 20 -26 20 -26 19 -23 16 -21 16 -19 13 -21 13 -18 10 -17 0 0 0 0 0 0 0 0 0 0 0 0 0 0 0 0 0 0 0 0 0 0 6 20 8 16 8 16 9 15 9 11 10 10 12 11 12 4 11 1 12 -2 11 -2 12 -4 13 -7 13 -10 12 -10 7 -15 8 -14 7 -13 10 -18 4 -16 -2 -16 -3 -17 -2 -23 -6 -18 -13 -18 -7 -10 ],2025-05-07_20-08-04-120
CSI_DATA,PASSIVE,5C:E9:31:E8:F4:66,-78,11,0,0,0,0,0,0,0,0,0,-96,0,11,0,2304206830,0,94,0,0,2304.4,128,[94 -32 5 0 18 -6 22 -10 24 -11 18 -9 24 -4 22 2 25 2 18 -5 23 4 25 4 28 11 26 9 26 15 19 18 32 15 27 21 28 21 29 26 22 20 21 18 17 22 19 16 16 12 15 13 17 9 0 0 0 0 0 0 0 0 0 0 0 0 0 0 0 0 0 0 0 0 0 0 -18 5 -19 2 -18 7 -13 5 -13 9 -8 7 -11 12 -5 12 -2 12 3 19 -2 15 0 14 5 14 6 11 8 9 12 13 12 11 12 8 13 8 16 1 15 5 16 -6 13 -1 15 -1 13 -2 18 -3 ],2025-05-07_20-08-04-125
CSI_DATA,PASSIVE,5C:E9:31:E8:F4:66,-78,11,0,0,0,0,0,0,0,0,0,-96,0,11,0,2304206999,0,199,0,0,2304.41,128,[-57 112 12 0 8 14 9 20 13 14 2 20 2 19 5 24 -2 17 -10 22 4 26 -8 26 -7 25 -12 27 -18 32 -17 30 -20 29 -20 26 -19 27 -22 23 -22 25 -24 22 -16 21 -18 18 -13 19 -14 20 -14 16 0 0 0 0 0 0 0 0 0 0 0 0 0 0 0 0 0 0 0 0 0 0 -2 -21 -3 -20 -6 -20 -7 -16 -8 -13 -10 -13 -9 -8 -7 -9 -11 -4 -11 -6 -13 0 -14 1 -18 1 -13 -3 -16 6 -14 10 -11 7 -9 13 -8 16 -4 13 -4 14 -2 18 -4 18 1 14 7 14 3 17 ],2025-05-07_20-08-04-131
CSI_DATA,PASSIVE,5C:E9:31:E8:F4:66,-77,11,0,0,0,0,0,0,0,0,0,-96,0,11,0,2304207308,0,219,0,0,2304.41,128,[-37 -80 13 0 -2 24 4 15 0 20 -2 23 -6 23 -4 24 -7 22 -7 22 -9 25 -16 22 -19 23 -21 23 -24 19 -22 18 -25 18 -30 19 -27 20 -30 14 -31 17 -28 15 -25 18 -20 16 -19 14 -17 12 -15 14 0 0 0 0 0 0 0 0 0 0 0 0 0 0 0 0 0 0 0 0 0 0 3 -22 2 -19 1 -18 1 -17 -2 -15 -8 -14 -3 -12 -9 -13 -10 -10 -13 -8 -15 -7 -14 -3 -19 -2 -14 1 -14 1 -14 7 -15 8 -12 8 -16 10 -11 12 -9 12 -5 16 -9 19 -7 16 1 14 -1 17 ],2025-05-07_20-08-04-137
CSI_DATA,PASSIVE,5C:E9:31:E8:F4:66,-77,11,0,0,0,0,0,0,0,0,0,-96,0,11,0,2304207641,0,108,0,0,2304.42,128,[108 -64 6 0 14 10 15 11 16 12 13 13 9 16 10 16 9 16 7 21 7 17 3 22 8 33 7 30 -3 18 2 25 1 27 -12 32 -2 28 -10 30 -4 31 -8 24 -3 27 1 19 -7 21 2 18 -4 17 0 0 0 0 0 0 0 0 0 0 0 0 0 0 0 0 0 0 0 0 0 0 -10 -17 -10 -14 -7 -13 -13 -13 -10 -6 -10 -7 -13 -5 -12 0 -13 -2 -12 4 -7 3 -10 12 -15 10 -6 8 -15 12 -7 13 -1 15 -3 12 -2 10 0 10 -1 10 5 16 5 15 6 7 10 13 9 10 ],2025-05-07_20-08-04-142
CSI_DATA,PASSIVE,5C:E9:31:E8:F4:66,-78,11,0,0,0,0,0,0,0,0,0,-96,0,11,0,2304207826,0,130,0,0,2304.42,128,[-126 32 8 0 10 16 14 18 8 16 9 21 5 19 5 23 2 22 -2 22 -2 21 -6 25 -7 24 -10 25 -12 30 -14 26 -22 26 -19 25 -24 24 -23 21 -23 22 -19 21 -19 21 -17 19 -14 20 -13 18 -11 18 0 0 0 0 0 0 0 0 0 0 0 0 0 0 0 0 0 0 0 0 0 0 -7 -20 -7 -18 -7 -18 -8 -15 -12 -11 -10 -9 -9 -8 -10 -6 -12 -4 -12 0 -14 2 -13 5 -15 6 -13 9 -13 11 -11 12 -11 14 -8 13 -9 12 -5 16 -1 16 0 16 1 13 0 15 6 15 8 16 ],2025-05-07_20-08-04-147
CSI_DATA,PASSIVE,5C:E9:31:E8:E9:4E,-88,11,0,0,0,0,0,0,0,0,0,-96,0,11,0,2304239352,0,98,0,0,2304.43,128,[98 32 6 0 -11 3 -8 4 -5 -1 -11 2 -9 1 -2 1 -17 9 -6 3 -12 6 -19 17 -23 14 -20 20 -21 18 -16 5 -15 8 -22 1 -29 -1 -22 1 -20 -3 -24 -3 -19 -7 -19 -5 -18 -14 -3 -5 -8 -4 0 0 0 0 0 0 0 0 0 0 0 0 0 0 0 0 0 0 0 0 0 0 1 4 0 4 14 -5 11 -8 2 6 12 5 14 -7 10 2 10 -10 11 -1 16 -10 13 -2 8 -4 16 -1 14 -10 3 -5 12 -4 13 -21 5 -11 14 -3 0 -13 11 -5 7 -6 -2 -9 -4 -13 -3 -2 ],2025-05-07_20-08-04-153
CSI_DATA,PASSIVE,5C:E9:31:E8:F4:66,-77,11,0,0,0,0,0,0,0,0,0,-96,0,11,0,2304307931,0,120,0,0,2304.47,128,[120 -128 7 0 -18 -10 -17 -9 -17 -15 -16 -12 -14 -13 -11 -16 -8 -17 -6 -20 -5 -23 -6 -24 7 -27 -2 -30 8 -29 17 -28 2 -30 12 -28 12 -40 10 -34 10 -30 14 -30 6 -15 5 -19 9 -24 14 -17 5 -15 0 0 0 0 0 0 0 0 0 0 0 0 0 0 0 0 0 0 0 0 0 0 14 11 14 6 17 8 17 5 12 2 18 0 13 0 13 -3 9 -5 10 -5 10 -9 15 -8 12 -14 11 -17 6 -17 9 -13 2 -19 4 -13 0 -11 -5 -18 -7 -11 -8 -14 -12 -17 -12 -10 -12 -14 -8 -5 ],2025-05-07_20-08-04-200
CSI_DATA,PASSIVE,5C:E9:31:E8:F4:66,-78,11,0,0,0,0,0,0,0,0,0,-96,0,11,0,2304308132,0,899,0,0,2304.48,128,[-125 51 56 0 -18 -2 -21 -2 -22 -5 -19 0 -22 -8 -23 -10 -19 -9 -26 -11 -14 -13 -12 -25 -12 -19 -11 -29 -8 -27 -11 -41 -14 -39 -11 -28 -12 -34 1 -35 3 -27 2 -30 -5 -28 -9 -22 0 -24 -5 -24 -7 -21 0 0 0 0 0 0 0 0 0 0 0 0 0 0 0 0 0 0 0 0 0 0 21 9 17 5 20 4 18 2 17 -3 13 1 11 -2 9 -6 12 -12 4 -6 2 -22 9 -17 2 -16 5 -19 -1 -18 -1 -11 2 -12 -5 -15 -7 -12 -13 -8 -10 -10 -13 -4 -14 -12 -14 -4 -19 -5 -19 -3 ],2025-05-07_20-08-04-206
CSI_DATA,PASSIVE,5C:E9:31:E8:F4:66,-77,11,0,0,0,0,0,0,0,0,0,-96,0,11,0,2304309373,0,919,0,0,2304.49,128,[-105 115 57 0 -25 -5 -19 -3 -22 -9 -22 -10 -21 -18 -19 -12 -17 -14 -16 -22 -16 -24 -11 -22 -12 -29 -7 -32 -9 -32 -10 -31 -8 -36 -1 -37 -2 -36 -1 -32 0 -32 1 -30 -3 -27 -2 -28 -4 -24 -4 -19 -5 -21 0 0 0 0 0 0 0 0 0 0 0 0 0 0 0 0 0 0 0 0 0 0 15 12 11 12 11 12 12 8 13 4 13 3 13 3 12 -1 15 -5 13 -11 14 -10 11 -14 10 -15 8 -13 6 -18 4 -18 1 -17 1 -17 -3 -17 0 -15 -8 -12 -7 -13 -11 -11 -17 -11 -14 -11 -15 -7 ],2025-05-07_20-08-04-212
CSI_DATA,PASSIVE,5C:E9:31:E8:F4:66,-77,11,0,0,0,0,0,0,0,0,0,-96,0,11,0,2304310642,0,94,0,0,2304.49,128,[94 -32 5 0 13 -15 11 -26 11 -21 11 -17 14 -15 18 -15 18 -19 24 -11 28 -10 30 -9 26 -7 34 -1 33 0 32 2 34 0 34 5 32 9 32 9 30 5 30 2 28 6 27 5 25 1 19 0 18 0 0 0 0 0 0 0 0 0 0 0 0 0 0 0 0 0 0 0 0 0 0 0 -15 13 -18 12 -15 9 -12 12 -9 8 -9 13 -5 12 -3 12 2 14 4 15 10 18 8 14 11 14 13 10 12 10 12 10 17 5 15 3 17 -1 16 0 12 0 12 -11 10 -11 13 -12 9 -12 9 -16 ],2025-05-07_20-08-04-217
CSI_DATA,PASSIVE,5C:E9:31:E8:F4:66,-77,11,0,0,0,0,0,0,0,0,0,-96,0,11,0,2304310811,0,94,0,0,2304.5,128,[94 -32 5 0 19 1 21 2 20 2 23 1 26 3 24 3 22 9 24 14 25 12 18 18 22 20 20 24 18 26 17 25 19 28 16 32 17 31 14 31 10 25 9 25 10 23 10 23 11 20 11 17 15 16 0 0 0 0 0 0 0 0 0 0 0 0 0 0 0 0 0 0 0 0 0 0 -19 -9 -17 -7 -14 -6 -15 -3 -19 -1 -16 -1 -12 3 -12 5 -10 9 -11 8 -7 13 -8 16 -5 17 -3 16 -2 16 0 14 4 16 5 16 8 13 8 10 9 9 15 5 16 8 14 5 16 4 17 2 ],2025-05-07_20-08-04-222
CSI_DATA,PASSIVE,5C:E9:31:E8:F4:66,-77,11,0,0,0,0,0,0,0,0,0,-96,0,11,0,2304310980,0,242,0,0,2304.5,128,[-14 32 15 0 2 22 5 22 1 24 2 19 1 22 0 17 -1 20 -8 26 -12 21 -14 27 -14 22 -22 23 -23 24 -31 23 -28 21 -29 21 -32 20 -30 18 -25 13 -24 13 -24 15 -23 12 -18 15 -19 14 -15 13 0 0 0 0 0 0 0 0 0 0 0 0 0 0 0 0 0 0 0 0 0 0 2 -21 4 -21 1 -21 0 -15 -1 -14 -6 -15 -10 -12 -9 -9 -12 -13 -12 -11 -16 -9 -19 0 -13 -5 -19 -2 -19 1 -16 1 -16 6 -15 6 -14 9 -9 10 -6 14 -10 14 -9 13 1 20 1 16 2 14 ],2025-05-07_20-08-04-228
CSI_DATA,PASSIVE,5C:E9:31:E8:F4:66,-77,11,0,0,0,0,0,0,0,0,0,-96,0,11,0,2304311345,0,222,0,0,2304.51,128,[-34 -32 13 0 -8 -25 -6 -24 -6 -22 1 -26 -1 -30 3 -31 3 -33 7 -28 12 -26 18 -28 19 -31 25 -28 25 -28 28 -29 26 -25 34 -22 33 -24 31 -20 32 -15 32 -17 26 -15 26 -16 20 -15 21 -15 17 -17 0 0 0 0 0 0 0 0 0 0 0 0 0 0 0 0 0 0 0 0 0 0 0 21 -1 21 3 18 5 19 5 16 8 11 9 15 13 10 15 6 15 3 16 7 16 -3 22 -3 19 -3 18 -5 16 -10 16 -12 14 -9 16 -14 11 -18 11 -18 7 -20 2 -15 1 -16 -1 -21 -7 -18 ],2025-05-07_20-08-04-233
CSI_DATA,PASSIVE,5C:E9:31:E8:F4:66,-77,11,0,0,0,0,0,0,0,0,0,-96,0,11,0,2304311682,0,222,0,0,2304.51,128,[-34 -32 13 0 20 4 22 5 19 10 18 5 16 5 17 8 23 12 17 15 15 16 14 21 11 24 11 24 9 28 8 26 6 30 7 28 5 28 1 31 2 29 0 24 1 24 5 25 4 19 4 21 6 20 0 0 0 0 0 0 0 0 0 0 0 0 0 0 0 0 0 0 0 0 0 0 -15 -15 -14 -11 -13 -11 -13 -7 -14 -8 -13 -6 -15 -2 -10 -2 -12 2 -10 6 -11 9 -12 8 -14 9 -9 11 -5 12 -6 15 -4 14 -2 16 2 13 4 13 8 11 9 9 12 13 11 6 16 4 13 8 ],2025-05-07_20-08-04-238
CSI_DATA,PASSIVE,5C:E9:31:E8:F4:66,-77,11,0,0,0,0,0,0,0,0,0,-96,0,11,0,2304312019,0,120,0,0,2304.52,128,[120 -128 7 0 -10 18 -10 23 -17 19 -15 18 -12 13 -15 9 -20 15 -21 11 -21 1 -27 6 -28 4 -28 4 -33 -2 -34 -1 -33 -4 -39 -7 -33 -11 -30 -8 -31 -10 -29 -11 -26 -5 -22 -6 -21 -3 -24 -3 -22 -1 0 0 0 0 0 0 0 0 0 0 0 0 0 0 0 0 0 0 0 0 0 0 16 -12 16 -12 11 -14 10 -13 9 -12 7 -15 2 -14 0 -17 -4 -12 -7 -15 -10 -17 -12 -16 -9 -12 -13 -14 -12 -8 -15 -7 -14 0 -17 -2 -15 2 -15 -2 -18 -1 -13 8 -11 8 -17 16 -14 10 -12 16 ],2025-05-07_20-08-04-245
CSI_DATA,PASSIVE,5C:E9:31:E8:F4:66,-78,11,0,0,0,0,0,0,0,0,0,-96,0,11,0,2304312220,0,140,0,0,2304.52,128,[-116 -64 8 0 11 40 39 44 24 39 9 45 25 40 6 50 6 49 -7 54 -2 56 -11 60 -17 67 -34 70 -29 65 -28 70 -37 75 -45 69 -43 68 -43 60 -42 58 -44 56 -36 49 -28 42 -24 45 -21 45 -19 42 0 0 0 0 0 0 0 0 0 0 0 0 0 0 0 0 0 0 0 0 0 0 -2 -42 -1 -44 -8 -35 -2 -34 -12 -31 -21 -24 -18 -20 -20 -24 -24 -18 -28 -1 -28 -7 -31 2 -41 5 -39 14 -29 4 -26 18 -19 24 -21 25 -17 23 -8 21 -8 31 -9 33 2 34 -2 27 13 45 10 30 ],2025-05-07_20-08-04-251
CSI_DATA,PASSIVE,5C:E9:31:E8:F4:66,-78,11,0,0,0,0,0,0,0,0,0,-96,0,11,0,2304314528,0,492,0,0,2304.53,128,[-20 -63 30 0 -20 -13 -14 -15 -18 -15 -14 -17 -17 -21 -14 -21 -11 -17 -10 -22 -10 -24 -4 -27 -2 -32 -1 -31 1 -32 5 -31 3 -34 9 -36 10 -35 10 -36 10 -33 7 -27 10 -30 7 -25 4 -23 4 -21 2 -24 0 0 0 0 0 0 0 0 0 0 0 0 0 0 0 0 0 0 0 0 0 0 14 19 12 20 13 17 12 15 11 10 11 9 9 5 14 5 13 3 14 -4 10 -5 11 -9 15 -10 10 -13 10 -10 7 -16 5 -17 9 -15 2 -13 -2 -16 -3 -21 -8 -16 -10 -13 -11 -13 -10 -15 -11 -12 ],2025-05-07_20-08-04-257
CSI_DATA,PASSIVE,5C:E9:31:E8:F4:66,-77,11,0,0,0,0,0,0,0,0,0,-96,0,11,0,2304410698,0,140,0,0,2304.58,128,[-116 -64 8 0 -20 -6 -24 -6 -18 -4 -20 -10 -19 -17 -17 -13 -18 -16 -14 -17 -12 -21 -12 -28 -8 -24 -8 -31 -8 -35 0 -33 -2 -34 2 -36 3 -35 4 -34 8 -33 4 -32 3 -30 1 -27 2 -24 1 -22 -5 -21 0 0 0 0 0 0 0 0 0 0 0 0 0 0 0 0 0 0 0 0 0 0 19 8 16 6 18 5 16 4 17 1 16 1 15 -4 16 -5 12 -7 10 -10 9 -13 11 -16 8 -19 6 -17 6 -13 5 -20 0 -17 -3 -12 -4 -14 -5 -16 -6 -15 -12 -15 -16 -8 -13 -12 -14 -7 -15 -7 ],2025-05-07_20-08-04-303
CSI_DATA,PASSIVE,5C:E9:31:E8:F4:66,-77,11,0,0,0,0,0,0,0,0,0,-96,0,11,0,2304410927,0,120,0,0,2304.58,128,[120 -128 7 0 -18 -14 -16 -13 -17 -12 -11 -12 -13 -16 -11 -18 -14 -22 -9 -22 -3 -22 0 -24 -1 -26 3 -30 4 -33 7 -33 7 -32 11 -31 12 -30 12 -30 14 -28 13 -24 12 -26 10 -21 7 -22 6 -17 5 -18 0 0 0 0 0 0 0 0 0 0 0 0 0 0 0 0 0 0 0 0 0 0 14 14 15 11 15 12 13 7 14 5 14 3 15 1 13 0 14 -4 12 -7 14 -7 14 -10 12 -12 11 -9 7 -11 6 -14 6 -15 4 -15 2 -16 1 -14 -5 -16 -5 -10 -9 -12 -8 -15 -10 -15 -12 -14 ],2025-05-07_20-08-04-308
CSI_DATA,PASSIVE,5C:E9:31:E8:F4:66,-77,11,0,0,0,0,0,0,0,0,0,-96,0,11,0,2304411127,0,140,0,0,2304.59,128,[-116 -64 8 0 -49 5 -40 17 -48 12 -38 8 -40 8 -53 -8 -58 -19 -57 -30 -51 -18 -57 -35 -52 -36 -48 -52 -60 -50 -47 -48 -65 -61 -50 -65 -47 -66 -45 -65 -51 -67 -44 -50 -32 -59 -38 -42 -35 -46 -33 -33 -34 -30 0 0 0 0 0 0 0 0 0 0 0 0 0 0 0 0 0 0 0 0 0 0 41 -16 39 -18 25 -10 27 -19 39 -21 27 -21 20 -23 18 -30 12 -29 2 -37 2 -37 6 -32 4 -36 -8 -34 -11 -30 -13 -29 -13 -31 -26 -19 -20 -23 -18 -14 -27 -12 -36 -8 -30 -4 -40 -4 -36 4 -45 9 ],2025-05-07_20-08-04-315
CSI_DATA,PASSIVE,5C:E9:31:E8:F4:66,-77,11,0,0,0,0,0,0,0,0,0,-96,0,11,0,2304411356,0,98,0,0,2304.59,128,[98 32 6 0 -25 -5 -25 -2 -21 -2 -16 -2 -20 -7 -26 -3 -26 -11 -25 -14 -22 -18 -20 -15 -19 -22 -21 -25 -22 -29 -16 -30 -18 -32 -18 -32 -15 -35 -15 -32 -12 -36 -9 -31 -12 -29 -14 -26 -14 -18 -14 -17 -11 -19 0 0 0 0 0 0 0 0 0 0 0 0 0 0 0 0 0 0 0 0 0 0 19 6 17 6 18 5 18 4 19 2 18 -2 15 -2 12 -4 10 -6 11 -8 9 -7 9 -15 13 -18 8 -13 3 -16 0 -14 3 -18 -3 -18 -6 -16 -7 -12 -13 -12 -15 -15 -14 -3 -18 -5 -14 -10 -17 -5 ],2025-05-07_20-08-04-321
CSI_DATA,PASSIVE,5C:E9:31:E8:F4:66,-77,11,0,0,0,0,0,0,0,0,0,-96,0,11,0,2304411529,0,125,0,0,2304.6,128,[125 -48 7 0 13 18 10 12 12 15 7 23 7 17 6 22 2 22 0 22 0 23 -4 25 -6 26 -14 30 -13 27 -15 30 -20 31 -21 29 -23 29 -23 24 -24 28 -19 24 -19 22 -16 21 -17 23 -11 19 -11 18 0 0 0 0 0 0 0 0 0 0 0 0 0 0 0 0 0 0 0 0 0 0 -10 -21 -10 -19 -11 -17 -11 -14 -13 -11 -12 -9 -12 -10 -13 -4 -14 -4 -19 -2 -15 -2 -19 3 -18 5 -16 5 -14 7 -15 11 -11 10 -10 12 -8 13 -3 14 -8 17 0 13 3 16 1 13 3 17 9 15 ],2025-05-07_20-08-04-326
CSI_DATA,PASSIVE,5C:E9:31:E8:F4:66,-77,11,0,0,0,0,0,0,0,0,0,-96,0,11,0,2304411738,0,145,0,0,2304.61,128,[-111 16 9 0 19 -7 14 -4 23 -2 18 -1 17 -2 18 0 22 4 21 8 19 10 21 15 20 18 15 19 21 23 19 24 10 26 17 25 17 28 15 26 14 28 13 24 9 22 11 21 9 19 10 17 12 13 0 0 0 0 0 0 0 0 0 0 0 0 0 0 0 0 0 0 0 0 0 0 -21 0 -19 -2 -17 2 -15 2 -14 4 -13 8 -14 7 -12 11 -12 11 -8 14 -4 17 -5 15 -4 14 1 17 3 16 5 16 2 13 8 15 7 10 11 5 14 6 11 1 12 3 17 0 13 -1 15 3 ],2025-05-07_20-08-04-331
CSI_DATA,PASSIVE,5C:E9:31:E8:F4:66,-77,11,0,0,0,0,0,0,0,0,0,-96,0,11,0,2304411975,0,205,0,0,2304.61,128,[-51 -48 12 0 14 -13 18 -10 19 -9 18 -7 20 -4 20 -6 22 -1 15 4 26 10 25 5 21 9 22 19 27 14 29 13 16 21 28 15 27 14 16 25 21 31 14 23 11 22 18 26 21 21 17 13 13 14 0 0 0 0 0 0 0 0 0 0 0 0 0 0 0 0 0 0 0 0 0 0 -19 15 -11 9 -14 11 -10 9 -12 13 -3 10 -12 14 -5 12 -4 14 3 13 4 16 6 20 7 17 7 20 8 7 6 14 10 13 9 5 15 5 13 5 11 -4 10 -1 11 -2 13 -8 13 -5 13 -4 ],2025-05-07_20-08-04-336
CSI_DATA,PASSIVE,5C:E9:31:E8:F4:66,-77,11,0,0,0,0,0,0,0,0,0,-96,0,11,0,2304412292,0,375,0,0,2304.62,128,[119 113 23 0 44 -25 31 -36 35 -38 32 -26 36 -22 36 -32 40 -9 58 -14 49 -10 69 4 91 -17 85 8 59 18 78 10 52 16 86 28 86 28 69 30 77 63 61 26 57 29 53 24 69 -7 44 3 39 15 0 0 0 0 0 0 0 0 0 0 0 0 0 0 0 0 0 0 0 0 0 0 -34 38 -30 24 -24 23 -25 32 -18 31 -16 34 -23 40 -5 30 4 28 8 33 -6 40 20 36 25 30 19 24 33 24 29 17 31 18 29 17 43 6 27 -6 33 -12 35 -16 13 -31 29 -13 28 -12 26 -13 ],2025-05-07_20-08-04-342
CSI_DATA,PASSIVE,5C:E9:31:E8:F4:66,-78,11,0,0,0,0,0,0,0,0,0,-96,0,11,0,2304412833,0,395,0,0,2304.62,128,[-117 -79 24 0 -34 25 -32 26 -43 28 -48 21 -50 16 -66 4 -50 6 -53 -1 -49 -9 -62 -12 -59 -25 -67 -24 -69 -24 -63 -33 -65 -43 -73 -50 -65 -53 -69 -43 -58 -44 -63 -40 -48 -40 -47 -27 -50 -26 -41 -24 -39 -23 0 0 0 0 0 0 0 0 0 0 0 0 0 0 0 0 0 0 0 0 0 0 33 -20 34 -19 35 -22 23 -33 31 -31 25 -35 13 -29 4 -33 11 -30 6 -33 1 -43 -14 -47 -9 -41 -12 -32 -14 -32 -19 -35 -12 -28 -21 -24 -28 -4 -32 -4 -39 -10 -39 7 -27 18 -34 2 -31 16 -32 9 ],2025-05-07_20-08-04-348
CSI_DATA,PASSIVE,5C:E9:31:E8:F4:66,-77,11,0,0,0,0,0,0,0,0,0,-96,0,11,0,2304413402,0,117,0,0,2304.63,128,[117 80 7 0 34 11 35 16 36 17 31 18 40 25 35 30 33 35 27 33 26 42 25 49 21 54 25 52 15 61 12 60 12 72 14 70 5 70 0 66 -4 64 2 60 -1 53 3 53 7 44 7 39 9 38 0 0 0 0 0 0 0 0 0 0 0 0 0 0 0 0 0 0 0 0 0 0 -33 -23 -27 -28 -27 -23 -29 -16 -34 -12 -28 -8 -29 -5 -27 -3 -30 2 -29 7 -27 12 -28 15 -29 24 -20 25 -24 16 -14 28 -11 28 -2 29 1 26 6 19 12 21 16 21 24 18 19 18 29 14 26 14 ],2025-05-07_20-08-04-354
CSI_DATA,PASSIVE,5C:E9:31:E8:F4:66,-78,11,0,0,0,0,0,0,0,0,0,-96,0,11,0,2304512740,0,124,0,0,2304.68,128,[124 -64 7 0 22 1 22 0 22 0 20 4 25 2 19 9 22 8 17 11 24 10 21 20 21 23 17 31 7 24 6 35 21 27 13 28 11 28 4 36 7 23 6 34 13 38 3 20 9 24 5 17 10 18 0 0 0 0 0 0 0 0 0 0 0 0 0 0 0 0 0 0 0 0 0 0 -24 5 -22 1 -23 2 -18 0 -16 3 -15 4 -12 8 -9 4 -14 7 -10 8 -2 15 -8 15 -4 19 3 19 2 12 1 18 13 17 15 14 10 11 9 15 16 15 15 3 16 3 15 2 18 2 18 3 ],2025-05-07_20-08-04-404
CSI_DATA,PASSIVE,5C:E9:31:E8:F4:66,-77,11,0,0,0,0,0,0,0,0,0,-96,0,11,0,2304512949,0,94,0,0,2304.68,128,[94 -32 5 0 -9 -18 -10 -19 -7 -18 -7 -22 -5 -21 -9 -20 -4 -22 -1 -27 2 -24 6 -26 10 -25 10 -33 15 -26 24 -24 22 -37 24 -35 18 -25 24 -37 25 -16 24 -26 19 -18 11 -18 19 -18 12 -22 8 -21 0 0 0 0 0 0 0 0 0 0 0 0 0 0 0 0 0 0 0 0 0 0 6 22 3 16 8 15 9 17 8 13 15 13 14 12 13 2 14 4 11 1 15 -7 10 0 8 -13 14 -12 12 -7 11 -16 8 -9 8 -17 12 -19 -1 -18 2 -21 1 -20 -1 -16 -3 -16 -3 -14 -8 -20 ],2025-05-07_20-08-04-410
CSI_DATA,PASSIVE,5C:E9:31:E8:F4:66,-77,11,0,0,0,0,0,0,0,0,0,-96,0,11,0,2304513118,0,246,0,0,2304.69,128,[-10 96 15 0 7 -18 5 -18 14 -17 9 -18 15 -15 15 -15 16 -16 16 -15 24 -11 23 -9 27 -8 27 -1 31 -2 31 3 35 3 34 4 32 5 34 6 35 5 30 7 27 5 28 5 25 5 24 2 25 1 0 0 0 0 0 0 0 0 0 0 0 0 0 0 0 0 0 0 0 0 0 0 -10 20 -11 19 -10 18 -8 19 -7 16 -1 15 -1 14 5 17 5 13 7 13 11 10 11 8 8 9 16 10 17 4 12 3 15 -4 18 1 16 -3 15 -5 15 -9 15 -11 12 -14 8 -15 12 -18 13 -16 ],2025-05-07_20-08-04-415
CSI_DATA,PASSIVE,5C:E9:31:E8:F4:66,-77,11,0,0,0,0,0,0,0,0,0,-96,0,11,0,2304513487,0,188,0,0,2304.7,128,[-68 -64 11 0 13 -12 14 -19 7 -16 14 -16 13 -13 15 -13 25 -12 18 -6 26 2 27 -4 28 0 30 2 31 5 29 12 32 13 29 12 33 14 30 15 30 13 26 13 25 11 21 11 21 12 20 9 17 5 0 0 0 0 0 0 0 0 0 0 0 0 0 0 0 0 0 0 0 0 0 0 -11 21 -11 20 -8 17 -5 19 -5 17 -2 15 2 18 3 16 7 13 8 13 11 10 12 10 14 9 15 6 18 5 14 4 15 -1 19 -4 17 -4 16 -6 14 -9 14 -12 8 -10 14 -13 12 -12 10 -15 ],2025-05-07_20-08-04-420
CSI_DATA,PASSIVE,5C:E9:31:E8:F4:66,-77,11,0,0,0,0,0,0,0,0,0,-96,0,11,0,2304513780,0,124,0,0,2304.7,128,[124 -64 7 0 16 20 11 16 12 15 12 19 8 19 10 26 5 19 -1 22 -2 23 -4 25 -7 31 -14 28 -14 27 -19 27 -19 28 -21 30 -20 29 -20 25 -27 23 -23 19 -22 23 -17 22 -15 20 -13 16 -12 13 0 0 0 0 0 0 0 0 0 0 0 0 0 0 0 0 0 0 0 0 0 0 -11 -19 -17 -18 -15 -18 -13 -14 -11 -10 -14 -10 -16 -7 -17 -3 -17 -5 -17 1 -18 4 -16 8 -15 8 -14 10 -13 10 -8 11 -10 12 -10 13 -3 14 -7 14 3 13 3 13 2 17 4 19 8 18 9 16 ],2025-05-07_20-08-04-426
CSI_DATA,PASSIVE,5C:E9:31:E8:E9:4E,-89,11,0,0,0,0,0,0,0,0,0,-96,0,11,0,2304565583,0,283,0,0,2304.73,128,[27 -79 17 0 -3 -1 3 10 8 -14 -3 -5 7 0 14 -6 12 -11 10 -9 14 -13 11 -13 19 -8 20 -15 16 -15 18 -9 23 -8 21 -2 23 4 26 5 17 2 22 4 15 19 15 10 15 14 12 11 7 11 0 0 0 0 0 0 0 0 0 0 0 0 0 0 0 0 0 0 0 0 0 0 -12 5 -1 2 -6 5 -8 8 -11 14 -4 3 -10 1 -7 9 -6 9 -8 13 -8 19 -10 15 -5 14 -7 12 -7 19 -13 11 -6 10 -5 13 -8 16 -5 18 -6 13 -4 10 -3 2 2 15 10 9 7 -6 ],2025-05-07_20-08-04-458
CSI_DATA,PASSIVE,5C:E9:31:E8:E9:4E,-88,11,0,0,0,0,0,0,0,0,0,-96,0,11,0,2304602930,0,117,0,0,2304.77,128,[117 80 7 0 5 -8 -6 1 -8 12 -7 10 -6 8 -5 5 -8 12 -11 8 1 11 -3 17 3 16 1 20 -5 22 -4 22 -11 21 -9 28 -11 28 -8 14 -18 20 -12 22 -15 21 -15 10 -18 17 -15 8 -16 8 0 0 0 0 0 0 0 0 0 0 0 0 0 0 0 0 0 0 0 0 0 0 4 6 7 8 5 4 6 4 7 4 8 5 18 1 15 3 14 -1 15 -5 14 -1 17 -3 24 -2 13 -6 22 -10 14 -8 13 -10 9 -10 17 -12 10 -6 8 -12 7 -9 0 -15 2 -7 -5 -5 0 -3 ],2025-05-07_20-08-04-494
CSI_DATA,PASSIVE,5C:E9:31:E8:E9:4E,-86,11,0,0,0,0,0,0,0,0,0,-96,0,11,0,2304606740,0,205,0,0,2304.77,128,[-51 -48 12 0 -1 -2 2 5 -2 4 6 5 6 9 12 4 13 1 13 -8 16 -3 14 -9 13 -9 12 -9 26 -4 21 -10 24 -10 27 -5 25 -8 25 -3 24 -4 12 2 21 -7 18 3 16 -5 20 4 9 13 0 0 0 0 0 0 0 0 0 0 0 0 0 0 0 0 0 0 0 0 0 0 3 -2 10 -2 15 -5 4 -8 12 -6 -3 -5 3 -9 -4 -11 2 -13 6 -16 2 -20 -10 -15 -10 -10 -4 -15 -10 -10 -2 -13 -13 -3 -10 -8 -18 -14 -8 -13 -8 2 -11 1 -12 2 -7 -3 -7 0 -5 0 ],2025-05-07_20-08-04-500
CSI_DATA,PASSIVE,5C:E9:31:E8:E9:4E,-88,11,0,0,0,0,0,0,0,0,0,-96,0,11,0,2304607057,0,225,0,0,2304.78,128,[-31 16 14 0 -3 6 -5 -4 0 6 5 7 -9 5 -4 5 -4 17 9 14 6 7 6 14 11 11 10 18 5 17 5 28 10 19 3 26 1 22 -1 20 -5 24 0 24 1 23 -9 13 -13 13 -15 6 -15 9 0 0 0 0 0 0 0 0 0 0 0 0 0 0 0 0 0 0 0 0 0 0 0 -3 11 -3 6 -12 6 -7 15 -6 3 -2 -2 -11 7 -12 4 -13 11 -15 4 -16 0 -14 6 -18 1 -15 -3 -11 1 -13 1 -14 -5 -10 -8 -14 -14 -10 1 -7 -5 0 3 -8 -5 -9 -13 -11 -4 -6 ],2025-05-07_20-08-04-505
CSI_DATA,PASSIVE,5C:E9:31:E8:F4:66,-77,11,0,0,0,0,0,0,0,0,0,-96,0,11,0,2304615307,0,937,0,0,2304.79,128,[-87 -109 58 0 22 3 20 1 21 4 15 6 23 10 18 14 18 13 19 18 18 18 17 21 7 25 14 30 12 30 9 32 7 34 6 33 3 33 4 34 2 30 3 29 2 28 2 25 2 25 5 19 5 20 0 0 0 0 0 0 0 0 0 0 0 0 0 0 0 0 0 0 0 0 0 0 -22 -4 -22 -6 -20 -3 -19 1 -19 1 -19 6 -15 5 -12 8 -10 11 -13 10 -4 11 -8 14 -9 18 -6 15 -4 15 -2 17 3 14 7 16 7 10 7 12 9 9 15 4 17 9 17 3 20 4 20 4 ],2025-05-07_20-08-04-511
CSI_DATA,PASSIVE,5C:E9:31:E8:F4:66,-77,11,0,0,0,0,0,0,0,0,0,-96,0,11,0,2304616600,0,957,0,0,2304.79,128,[-67 -45 59 0 20 4 23 4 18 7 20 4 21 8 20 11 19 11 16 19 17 18 18 23 15 28 12 31 10 30 11 32 7 36 7 32 7 37 6 33 6 30 6 31 7 30 6 25 7 20 9 20 9 20 0 0 0 0 0 0 0 0 0 0 0 0 0 0 0 0 0 0 0 0 0 0 -19 -12 -19 -9 -16 -8 -18 -7 -21 -5 -16 -3 -20 0 -17 2 -14 5 -13 7 -15 9 -14 12 -15 11 -8 12 -7 13 -2 14 -1 13 1 14 3 12 4 10 8 10 6 9 11 8 12 8 14 4 17 7 ],2025-05-07_20-08-04-515
CSI_DATA,PASSIVE,5C:E9:31:E8:F4:66,-77,11,0,0,0,0,0,0,0,0,0,-96,0,11,0,2304617917,0,330,0,0,2304.8,128,[74 -95 20 0 -3 -25 0 -22 0 -22 0 -22 1 -24 5 -24 9 -23 11 -21 17 -20 18 -19 21 -18 25 -15 27 -15 32 -16 31 -15 34 -14 35 -10 33 -9 32 -10 34 -10 28 -8 25 -9 23 -9 22 -12 17 -11 0 0 0 0 0 0 0 0 0 0 0 0 0 0 0 0 0 0 0 0 0 0 0 21 2 19 1 21 4 20 3 16 7 15 8 15 12 15 13 10 12 12 13 8 14 3 17 1 15 0 14 -2 14 -4 15 -7 12 -7 12 -10 6 -10 8 -16 6 -17 1 -15 3 -18 -2 -19 -3 -19 ],2025-05-07_20-08-04-521
CSI_DATA,PASSIVE,5C:E9:31:E8:F4:66,-77,11,0,0,0,0,0,0,0,0,0,-96,0,11,0,2304618398,0,350,0,0,2304.8,128,[94 -31 21 0 -18 9 -16 11 -18 10 -20 12 -18 8 -22 5 -21 1 -25 1 -28 -4 -27 -7 -31 -9 -26 -12 -30 -12 -30 -17 -30 -19 -30 -17 -29 -21 -28 -22 -27 -22 -24 -20 -23 -20 -24 -17 -19 -11 -20 -12 -18 -10 0 0 0 0 0 0 0 0 0 0 0 0 0 0 0 0 0 0 0 0 0 0 19 -9 17 -8 16 -10 15 -10 13 -11 11 -14 6 -15 7 -15 5 -17 1 -16 -2 -20 -2 -16 -4 -18 -8 -15 -8 -12 -10 -15 -9 -9 -16 -8 -16 -5 -11 -3 -15 -2 -19 1 -14 7 -13 5 -14 6 -15 6 ],2025-05-07_20-08-04-527
CSI_DATA,PASSIVE,5C:E9:31:E8:F4:66,-76,11,0,0,0,0,0,0,0,0,0,-96,0,11,0,2304618907,0,202,0,0,2304.81,128,[-54 -96 12 0 -2 19 -2 16 -1 20 -4 15 -5 18 -7 16 -11 16 -12 16 -19 13 -16 15 -18 6 -23 14 -25 17 -29 6 -33 14 -30 9 -29 15 -34 1 -33 4 -26 6 -26 1 -27 8 -21 2 -23 1 -12 8 0 0 0 0 0 0 0 0 0 0 0 0 0 0 0 0 0 0 0 0 0 0 -4 -21 1 -22 -5 -20 -6 -19 -2 -17 -6 -13 -7 -15 -13 -13 -10 -8 -13 -7 -12 -7 -10 -10 -15 -3 -15 -2 -13 -3 -12 -5 -15 -2 -10 4 -13 5 -7 9 -12 11 -8 12 -4 16 -2 14 -3 12 -6 14 ],2025-05-07_20-08-04-533
CSI_DATA,PASSIVE,5C:E9:31:E8:F4:66,-77,11,0,0,0,0,0,0,0,0,0,-96,0,11,0,2304619220,0,222,0,0,2304.81,128,[-34 -32 13 0 10 -18 8 -20 10 -18 9 -20 15 -17 18 -16 19 -15 18 -13 20 -8 25 -7 25 -6 26 -2 31 -4 33 0 35 2 32 6 35 6 35 6 31 6 28 9 30 8 28 3 27 1 23 -2 20 0 0 0 0 0 0 0 0 0 0 0 0 0 0 0 0 0 0 0 0 0 0 0 -11 20 -9 15 -8 17 -8 18 -2 16 -4 19 -2 14 2 14 4 17 9 14 9 14 12 11 11 13 11 9 14 4 10 8 11 5 17 1 16 -2 17 -4 14 -9 10 -11 12 -8 10 -15 9 -13 10 -15 ],2025-05-07_20-08-04-538
CSI_DATA,PASSIVE,5C:E9:31:E8:F4:66,-77,11,0,0,0,0,0,0,0,0,0,-96,0,11,0,2304619557,0,131,0,0,2304.82,128,[-125 48 8 0 16 17 15 12 13 20 15 15 10 14 10 19 12 19 7 23 2 24 -3 23 -5 29 -8 27 -7 29 -14 31 -17 27 -15 30 -16 31 -19 29 -18 29 -13 27 -16 26 -15 22 -10 26 -12 21 -8 18 0 0 0 0 0 0 0 0 0 0 0 0 0 0 0 0 0 0 0 0 0 0 -15 -17 -16 -14 -16 -15 -14 -11 -16 -10 -14 -5 -21 -7 -15 -3 -17 1 -20 4 -15 1 -15 4 -15 7 -11 9 -11 10 -9 13 -7 14 -4 17 -5 14 0 17 3 13 2 16 10 17 11 15 12 12 12 12 ],2025-05-07_20-08-04-544
CSI_DATA,PASSIVE,5C:E9:31:E8:F4:66,-76,11,0,0,0,0,0,0,0,0,0,-96,0,11,0,2304619774,0,283,0,0,2304.82,128,[27 -79 17 0 10 -18 10 -14 11 -20 11 -15 16 -23 14 -17 20 -11 22 -17 19 -11 23 -5 29 -7 30 -1 33 0 31 0 32 -2 36 7 33 10 37 7 32 8 31 8 31 4 25 4 23 4 21 4 22 -4 0 0 0 0 0 0 0 0 0 0 0 0 0 0 0 0 0 0 0 0 0 0 -8 21 -10 20 -8 17 -2 17 -2 19 1 19 2 21 6 15 6 13 10 11 12 14 10 10 10 12 12 8 16 3 13 9 15 -3 15 -1 10 -8 14 -4 11 -7 12 -13 11 -12 11 -16 7 -13 11 -17 ],2025-05-07_20-08-04-549
CSI_DATA,PASSIVE,5C:E9:31:E8:F4:66,-77,11,0,0,0,0,0,0,0,0,0,-96,0,11,0,2304620195,0,303,0,0,2304.83,128,[47 -15 18 0 -6 -17 -9 -23 -6 -21 -5 -21 0 -20 -3 -22 4 -23 6 -21 5 -24 11 -20 16 -25 22 -25 21 -21 27 -24 27 -23 29 -21 28 -17 29 -17 28 -18 28 -14 26 -14 21 -14 23 -17 18 -12 17 -12 0 0 0 0 0 0 0 0 0 0 0 0 0 0 0 0 0 0 0 0 0 0 10 18 12 18 12 18 13 13 11 13 12 12 14 9 15 7 17 5 15 2 16 1 18 -1 20 -4 15 -7 16 -6 14 -10 10 -12 8 -8 7 -12 4 -13 5 -17 4 -21 -1 -19 -4 -16 -5 -16 -9 -19 ],2025-05-07_20-08-04-555
CSI_DATA,PASSIVE,5C:E9:31:E8:F4:66,-77,11,0,0,0,0,0,0,0,0,0,-96,0,11,0,2304620640,0,117,0,0,2304.83,128,[117 80 7 0 6 21 2 24 0 21 0 24 -2 21 -4 17 -9 20 -8 18 -15 20 -16 19 -19 19 -21 19 -26 19 -31 18 -32 16 -32 13 -31 11 -32 8 -33 8 -28 9 -30 9 -26 7 -26 8 -20 11 -20 10 0 0 0 0 0 0 0 0 0 0 0 0 0 0 0 0 0 0 0 0 0 0 -5 -22 -2 -20 -2 -19 -7 -20 -5 -16 -9 -18 -12 -16 -9 -14 -14 -10 -15 -9 -17 -13 -18 -5 -17 -4 -18 -1 -16 3 -16 2 -17 9 -16 7 -14 10 -10 13 -8 12 -7 12 -3 17 -5 17 0 17 1 20 ],2025-05-07_20-08-04-560
CSI_DATA,PASSIVE,5C:E9:31:E8:E9:4E,-87,11,0,0,0,0,0,0,0,0,0,-96,0,11,0,2304640274,0,380,0,0,2304.84,128,[124 -63 23 0 -8 -8 -7 -1 -5 6 -6 2 -5 5 -7 8 7 4 -4 16 6 13 2 14 -3 20 1 19 3 19 5 31 2 26 -7 26 -1 24 -5 18 -9 22 -9 23 -9 16 -17 17 -17 12 -13 12 -13 9 0 0 0 0 0 0 0 0 0 0 0 0 0 0 0 0 0 0 0 0 0 0 5 4 4 8 8 6 6 3 14 5 9 1 15 6 16 6 10 -7 14 -5 14 -8 17 -2 18 4 13 -8 11 -1 10 -7 9 -6 8 -16 11 -12 3 -9 10 -10 7 -14 0 -14 2 -3 4 -7 -3 -11 ],2025-05-07_20-08-04-565
CSI_DATA,PASSIVE,5C:E9:31:E8:E9:4E,-87,11,0,0,0,0,0,0,0,0,0,-96,0,11,0,2304650013,0,108,0,0,2304.85,128,[108 -64 6 0 1 -2 9 -3 -7 -7 2 -13 1 -4 1 -10 -4 -6 2 -12 -1 -10 -1 -18 -3 -21 -2 -23 -6 -26 -6 -20 -2 -27 -1 -24 -3 -24 8 -26 1 -25 3 -13 13 -13 9 -16 7 -13 7 -11 18 -8 0 0 0 0 0 0 0 0 0 0 0 0 0 0 0 0 0 0 0 0 0 0 -7 1 -13 3 -9 -4 -15 4 -8 6 -7 5 -9 7 -10 8 -9 1 -11 10 -5 17 -9 12 -8 19 -9 7 0 16 -9 18 -2 13 0 13 4 16 -4 7 -5 19 -6 8 5 16 4 11 3 9 -1 10 ],2025-05-07_20-08-04-571
CSI_DATA,PASSIVE,5C:E9:31:E8:E9:4E,-88,11,0,0,0,0,0,0,0,0,0,-96,0,11,0,2304662557,0,98,0,0,2304.85,128,[98 32 6 0 3 -9 -4 6 -2 -1 -10 6 -12 7 -12 9 -3 1 -4 14 -3 16 -5 24 -1 21 5 25 -5 22 3 26 3 15 -4 29 -6 22 -5 32 -10 22 -13 18 -6 20 -7 16 -14 16 -15 9 -11 6 0 0 0 0 0 0 0 0 0 0 0 0 0 0 0 0 0 0 0 0 0 0 1 6 -1 3 0 11 2 8 12 11 1 12 4 4 10 11 17 9 14 2 11 6 14 -6 24 7 12 0 13 2 14 -7 17 -13 8 -3 15 -5 14 -5 13 -11 7 -10 4 -11 5 -10 2 3 -1 -4 ],2025-05-07_20-08-04-585
CSI_DATA,PASSIVE,5C:E9:31:E8:E9:4E,-89,11,0,0,0,0,0,0,0,0,0,-96,0,11,0,2304696687,0,98,0,0,2304.86,128,[98 32 6 0 -1 6 5 9 0 5 7 7 1 4 8 -6 7 8 12 -1 14 -4 13 1 21 -4 22 4 17 5 18 -5 18 1 18 0 21 7 24 10 16 7 11 8 13 17 9 9 7 14 10 9 1 16 0 0 0 0 0 0 0 0 0 0 0 0 0 0 0 0 0 0 0 0 0 0 3 -11 2 -7 0 -6 -1 -4 -3 -13 -5 -15 -7 -8 -12 -9 -8 -16 -15 -13 -18 -8 -4 -2 -11 -16 -7 -14 -17 -9 -13 -12 -7 -6 -12 -9 -17 1 -15 -1 -19 -7 -9 -6 -17 -4 -9 0 -9 2 1 1 ],2025-05-07_20-08-04-588
CSI_DATA,PASSIVE,5C:E9:31:E8:F4:66,-77,11,0,0,0,0,0,0,0,0,0,-96,0,11,0,2304719852,0,318,0,0,2304.89,128,[62 -31 19 0 8 -18 8 -19 7 -20 4 -22 14 -15 11 -19 15 -17 16 -15 24 -11 26 -9 25 -9 27 -4 31 -1 31 -2 34 2 35 4 31 6 33 4 31 5 28 6 28 6 25 6 23 0 21 1 17 0 0 0 0 0 0 0 0 0 0 0 0 0 0 0 0 0 0 0 0 0 0 0 -6 21 -5 18 -3 21 0 18 1 17 4 14 6 16 6 18 10 13 12 12 15 15 13 9 14 4 11 5 18 6 13 -2 13 -3 15 -3 11 -7 13 -8 11 -12 10 -11 12 -19 7 -17 6 -20 4 -19 ],2025-05-07_20-08-04-612
CSI_DATA,PASSIVE,5C:E9:31:E8:F4:66,-78,11,0,0,0,0,0,0,0,0,0,-96,0,11,0,2304720317,0,338,0,0,2304.89,128,[82 33 21 0 -24 -31 -32 -38 -21 -33 -28 -40 -26 -48 -3 -38 -8 -49 -2 -47 -10 -47 18 -49 23 -53 35 -57 34 -57 38 -66 43 -64 57 -61 45 -58 48 -57 55 -47 50 -46 49 -44 39 -39 31 -43 29 -42 22 -36 0 0 0 0 0 0 0 0 0 0 0 0 0 0 0 0 0 0 0 0 0 0 36 36 30 25 29 29 32 25 34 11 34 14 33 12 27 2 35 1 35 -8 31 -14 40 -15 33 -11 34 -24 18 -21 24 -25 23 -34 16 -24 12 -25 2 -29 -1 -28 -7 -33 -18 -34 -5 -26 -35 -30 -25 -27 ],2025-05-07_20-08-04-618
CSI_DATA,PASSIVE,5C:E9:31:E8:F4:66,-78,11,0,0,0,0,0,0,0,0,0,-96,0,11,0,2304720810,0,94,0,0,2304.9,128,[94 -32 5 0 -6 -16 -12 -22 -8 -16 -7 -25 -5 -22 -4 -21 4 -19 2 -22 6 -23 10 -23 14 -28 13 -22 20 -21 24 -25 26 -20 26 -23 28 -23 28 -21 29 -16 24 -16 23 -18 19 -14 17 -16 19 -15 12 -16 0 0 0 0 0 0 0 0 0 0 0 0 0 0 0 0 0 0 0 0 0 0 7 20 8 18 11 15 9 17 10 13 15 11 13 11 15 4 15 4 17 2 16 3 15 -3 15 -3 16 -5 19 -10 12 -5 9 -13 10 -13 4 -15 4 -14 2 -18 -1 -22 3 -13 -2 -16 -7 -17 -7 -14 ],2025-05-07_20-08-04-623
CSI_DATA,PASSIVE,5C:E9:31:E8:F4:66,-77,11,0,0,0,0,0,0,0,0,0,-96,0,11,0,2304720979,0,108,0,0,2304.9,128,[108 -64 6 0 12 -17 19 -14 13 -16 15 -13 19 -10 19 -15 22 -5 25 -8 20 -2 21 2 31 8 26 6 25 14 32 13 28 20 30 18 26 15 25 24 25 20 22 17 18 18 18 16 20 15 18 11 13 8 0 0 0 0 0 0 0 0 0 0 0 0 0 0 0 0 0 0 0 0 0 0 -13 19 -12 18 -10 20 -4 16 -3 18 -2 18 0 18 1 16 3 15 7 14 11 15 10 13 7 13 11 9 11 10 10 5 14 1 14 5 16 0 15 -7 10 -4 17 -7 12 -15 9 -8 20 -14 8 -16 ],2025-05-07_20-08-04-629
CSI_DATA,PASSIVE,5C:E9:31:E8:F4:66,-77,11,0,0,0,0,0,0,0,0,0,-96,0,11,0,2304721164,0,128,0,0,2304.91,128,[-128 0 8 0 13 -10 13 -13 18 -9 16 -12 14 -5 14 -5 22 -4 23 -3 21 2 23 5 21 14 22 9 24 12 25 18 22 16 25 17 22 19 21 22 18 21 17 18 19 17 17 17 15 13 19 8 17 10 0 0 0 0 0 0 0 0 0 0 0 0 0 0 0 0 0 0 0 0 0 0 -15 11 -14 11 -16 11 -9 11 -9 11 -4 10 -3 12 -3 14 0 15 -1 18 3 15 3 18 8 14 10 14 9 12 11 9 10 6 13 4 12 0 10 0 16 -2 16 -4 14 -5 14 -5 10 -7 10 -6 ],2025-05-07_20-08-04-634
CSI_DATA,PASSIVE,5C:E9:31:E8:F4:66,-78,11,0,0,0,0,0,0,0,0,0,-96,0,11,0,2304721377,0,158,0,0,2304.91,128,[-98 -32 9 0 17 12 11 13 10 15 11 15 10 20 11 21 6 20 1 22 2 23 -2 25 -8 29 -9 27 -15 27 -16 28 -23 25 -20 28 -18 26 -22 24 -21 24 -22 22 -16 21 -16 22 -15 17 -17 14 -10 19 0 0 0 0 0 0 0 0 0 0 0 0 0 0 0 0 0 0 0 0 0 0 -16 -13 -18 -12 -17 -12 -17 -9 -17 -9 -17 -7 -17 -4 -19 -2 -16 3 -17 4 -15 7 -13 8 -14 15 -12 12 -13 11 -6 14 -6 18 -1 15 -1 15 5 16 -1 15 4 17 11 15 7 13 12 13 14 14 ],2025-05-07_20-08-04-640
CSI_DATA,PASSIVE,5C:E9:31:E8:F4:66,-77,11,0,0,0,0,0,0,0,0,0,-96,0,11,0,2304721630,0,94,0,0,2304.92,128,[94 -32 5 0 18 -11 20 -12 17 -10 18 -12 18 -8 18 -6 21 -2 22 4 21 4 24 4 21 11 24 15 23 15 20 21 21 22 25 24 22 26 19 24 19 27 17 22 18 22 15 21 16 18 13 13 13 10 0 0 0 0 0 0 0 0 0 0 0 0 0 0 0 0 0 0 0 0 0 0 -17 14 -14 12 -11 16 -10 14 -12 15 -4 17 -4 14 0 16 1 18 3 16 7 17 5 13 6 15 9 15 11 11 10 9 12 7 15 8 15 4 18 1 14 -1 19 -2 16 -2 15 -9 15 -9 22 -9 ],2025-05-07_20-08-04-645
CSI_DATA,PASSIVE,5C:E9:31:E8:F4:66,-77,11,0,0,0,0,0,0,0,0,0,-96,0,11,0,2304721799,0,197,0,0,2304.93,128,[-59 80 12 0 18 10 19 11 16 14 11 16 12 18 9 18 9 20 7 19 4 20 0 24 -1 28 -5 27 -10 31 -12 32 -15 30 -14 29 -15 27 -17 27 -19 24 -18 25 -16 22 -12 20 -12 21 -11 20 -8 17 0 0 0 0 0 0 0 0 0 0 0 0 0 0 0 0 0 0 0 0 0 0 -21 -16 -19 -13 -16 -12 -17 -7 -18 -5 -17 -3 -18 -3 -15 2 -18 7 -13 8 -15 9 -13 10 -15 11 -12 11 -10 14 -9 16 -7 16 -5 14 -5 15 2 14 2 14 8 15 8 14 9 9 13 14 15 11 ],2025-05-07_20-08-04-650
CSI_DATA,PASSIVE,5C:E9:31:E8:F4:66,-77,11,0,0,0,0,0,0,0,0,0,-96,0,11,0,2304722104,0,217,0,0,2304.93,128,[-39 -112 13 0 7 -23 4 -21 4 -23 8 -20 6 -20 10 -19 11 -15 17 -15 18 -13 19 -10 25 -12 29 -6 29 -6 31 -3 34 0 35 0 32 3 34 4 32 3 30 3 24 4 22 1 22 1 20 0 20 -2 0 0 0 0 0 0 0 0 0 0 0 0 0 0 0 0 0 0 0 0 0 0 -3 19 -3 18 -1 18 0 17 1 17 3 14 5 15 7 16 10 13 13 12 16 7 16 6 15 7 14 5 15 1 14 -1 15 -2 18 -2 12 -7 12 -11 13 -11 8 -13 5 -14 10 -17 5 -20 5 -18 ],2025-05-07_20-08-04-655
CSI_DATA,PASSIVE,5C:E9:31:E8:F4:66,-77,11,0,0,0,0,0,0,0,0,0,-96,0,11,0,2304722437,0,158,0,0,2304.94,128,[-98 -32 9 0 -18 -13 -16 -16 -14 -16 -7 -17 -10 -20 -9 -19 -7 -23 -4 -24 -5 -26 4 -26 3 -28 10 -28 11 -29 10 -27 13 -28 16 -29 20 -25 19 -26 20 -26 19 -24 16 -25 13 -23 15 -18 11 -20 9 -19 0 0 0 0 0 0 0 0 0 0 0 0 0 0 0 0 0 0 0 0 0 0 13 15 11 13 15 12 12 11 13 6 12 6 16 3 16 -1 17 -2 17 -7 14 -4 15 -10 20 -11 12 -12 15 -13 8 -16 8 -15 4 -14 2 -15 2 -15 -7 -16 -6 -17 -8 -17 -14 -17 -11 -14 -10 -18 ],2025-05-07_20-08-04-662
CSI_DATA,PASSIVE,5C:E9:31:E8:E9:4E,-88,11,0,0,0,0,0,0,0,0,0,-96,0,11,0,2304773431,0,98,0,0,2304.94,128,[98 32 6 0 6 -6 3 -9 4 -3 3 3 3 -3 10 -8 -4 -6 -1 -13 3 -10 -9 -17 -2 -14 3 -20 -3 -21 8 -18 -3 -25 -4 -20 0 -29 6 -26 7 -14 5 -19 15 -20 11 -19 11 -17 7 -9 14 -9 0 0 0 0 0 0 0 0 0 0 0 0 0 0 0 0 0 0 0 0 0 0 -11 -3 -11 -2 -9 4 -8 -5 -8 7 -9 4 -10 10 -10 12 -10 7 0 8 -17 11 -12 16 -15 20 -9 12 -10 19 -8 11 -2 13 -2 14 3 13 -1 10 -6 12 -4 12 2 5 1 7 12 2 5 4 ],2025-05-07_20-08-04-666
CSI_DATA,PASSIVE,5C:E9:31:E8:E9:4E,-86,11,0,0,0,0,0,0,0,0,0,-96,0,11,0,2304781301,0,465,0,0,2304.95,128,[-47 17 29 0 1 1 -3 -1 0 5 0 5 -1 7 5 12 1 13 4 11 1 16 3 21 2 19 13 12 9 20 4 18 8 17 1 26 4 26 0 24 -5 25 2 21 -8 18 -4 19 -3 14 -11 11 -11 17 0 0 0 0 0 0 0 0 0 0 0 0 0 0 0 0 0 0 0 0 0 0 9 8 7 0 4 -1 12 -1 4 0 12 -6 9 0 5 -9 12 -8 9 -21 8 -16 14 -19 10 -10 5 -13 5 -11 4 -11 8 -16 8 -14 -4 -20 8 -13 -6 -3 -11 -20 -9 -17 -12 -7 -3 1 -3 -4 ],2025-05-07_20-08-04-674
CSI_DATA,PASSIVE,5C:E9:31:E8:E9:4E,-87,11,0,0,0,0,0,0,0,0,0,-96,0,11,0,2304782525,0,485,0,0,2304.95,128,[-27 81 30 0 -2 -4 -5 2 -3 4 -2 8 -10 14 -4 9 2 10 3 4 14 9 13 10 10 10 15 11 24 9 18 13 20 15 17 13 18 14 16 14 12 11 18 17 4 18 12 9 10 11 8 16 2 13 0 0 0 0 0 0 0 0 0 0 0 0 0 0 0 0 0 0 0 0 0 0 0 7 -3 7 0 6 2 4 7 9 0 2 9 4 3 8 12 9 14 6 15 0 15 7 10 6 10 -2 14 0 12 3 16 1 0 -5 8 -14 8 -18 4 -4 6 -10 0 -5 -1 -8 -2 -8 -2 -8 ],2025-05-07_20-08-04-678
CSI_DATA,PASSIVE,5C:E9:31:E8:F4:66,-77,11,0,0,0,0,0,0,0,0,0,-96,0,11,0,2304819953,0,158,0,0,2304.99,128,[-98 -32 9 0 -20 -7 -19 -7 -21 -9 -15 -8 -19 -10 -17 -14 -17 -13 -14 -15 -15 -17 -14 -19 -10 -24 -5 -25 -1 -25 0 -30 2 -32 3 -31 1 -32 2 -31 6 -32 5 -28 3 -27 3 -26 1 -22 1 -23 0 -21 0 0 0 0 0 0 0 0 0 0 0 0 0 0 0 0 0 0 0 0 0 0 18 13 15 14 14 10 15 11 18 9 15 5 16 2 15 1 15 -4 16 -8 15 -8 14 -11 13 -11 11 -13 7 -15 7 -18 5 -17 -2 -17 -1 -18 -5 -11 -8 -14 -12 -11 -14 -8 -16 -11 -18 -7 -17 -13 ],2025-05-07_20-08-04-712
CSI_DATA,PASSIVE,5C:E9:31:E8:F4:66,-77,11,0,0,0,0,0,0,0,0,0,-96,0,11,0,2304820205,0,141,0,0,2304.99,128,[-115 -48 8 0 0 24 -6 18 -5 24 -5 21 -7 17 -12 16 -11 12 -14 11 -17 17 -20 10 -22 15 -27 8 -31 7 -32 5 -32 2 -32 0 -34 -2 -36 -3 -32 -6 -29 -4 -27 -4 -24 -4 -26 1 -23 0 -19 3 0 0 0 0 0 0 0 0 0 0 0 0 0 0 0 0 0 0 0 0 0 0 5 -22 4 -20 3 -22 1 -20 1 -20 -3 -16 -5 -16 -8 -17 -13 -15 -11 -12 -13 -14 -13 -7 -16 -8 -16 -6 -17 -7 -16 1 -16 0 -16 1 -14 4 -11 9 -11 11 -11 11 -9 14 -5 18 -7 18 -6 19 ],2025-05-07_20-08-04-718
CSI_DATA,PASSIVE,5C:E9:31:E8:F4:66,-77,11,0,0,0,0,0,0,0,0,0,-96,0,11,0,2304820434,0,161,0,0,2305,128,[-95 16 10 0 -11 18 -7 22 -9 18 -16 17 -12 17 -15 7 -19 15 -17 12 -22 4 -21 3 -21 2 -25 -1 -30 -2 -28 -7 -28 -9 -28 -9 -26 -12 -27 -14 -26 -12 -28 -11 -23 -10 -20 -12 -21 -5 -19 -4 -16 -6 0 0 0 0 0 0 0 0 0 0 0 0 0 0 0 0 0 0 0 0 0 0 10 -17 10 -17 10 -15 8 -16 5 -17 3 -15 1 -15 -7 -15 -5 -17 -8 -14 -8 -15 -12 -11 -11 -9 -14 -7 -15 -12 -13 -6 -12 -6 -12 -1 -16 5 -11 6 -12 4 -9 10 -9 11 -12 16 -11 15 -5 18 ],2025-05-07_20-08-04-724
CSI_DATA,PASSIVE,5C:E9:31:E8:F4:66,-78,11,0,0,0,0,0,0,0,0,0,-96,0,11,0,2304820691,0,205,0,0,2305,128,[-51 -48 12 0 -33 -18 -45 -15 -35 -15 -33 -16 -35 -23 -46 -26 -29 -23 -40 -47 -33 -33 -26 -48 -18 -46 -8 -59 -20 -55 -8 -67 -6 -70 4 -76 11 -83 4 -75 26 -68 12 -61 11 -51 4 -54 4 -53 4 -43 -4 -40 0 0 0 0 0 0 0 0 0 0 0 0 0 0 0 0 0 0 0 0 0 0 49 13 44 15 42 16 41 19 44 2 38 -5 33 -1 36 -12 30 -9 30 -21 31 -24 31 -28 22 -29 24 -39 12 -30 11 -35 1 -40 -8 -28 -15 -24 -11 -24 -20 -14 -34 -28 -32 -14 -24 -28 -30 -29 -35 -19 ],2025-05-07_20-08-04-730
CSI_DATA,PASSIVE,5C:E9:31:E8:F4:66,-77,11,0,0,0,0,0,0,0,0,0,-96,0,11,0,2304821008,0,225,0,0,2305.01,128,[-31 16 14 0 -20 -13 -18 -15 -15 -11 -17 -12 -18 -14 -13 -20 -17 -12 -10 -23 -9 -23 -5 -24 -7 -30 4 -26 0 -27 8 -31 9 -30 7 -30 13 -33 14 -32 19 -30 9 -25 9 -26 7 -28 8 -26 1 -22 0 -22 0 0 0 0 0 0 0 0 0 0 0 0 0 0 0 0 0 0 0 0 0 0 17 19 12 17 14 15 17 12 14 8 15 9 16 6 15 3 15 -2 15 -6 20 -6 21 -7 18 -13 12 -11 12 -9 9 -11 3 -17 4 -15 4 -15 1 -12 -2 -14 -8 -14 -14 -9 -12 -11 -15 -15 -16 -12 ],2025-05-07_20-08-04-736
CSI_DATA,PASSIVE,5C:E9:31:E8:F4:66,-78,11,0,0,0,0,0,0,0,0,0,-96,0,11,0,2304821349,0,94,0,0,2305.02,128,[94 -32 5 0 -32 39 -26 37 -39 37 -42 26 -32 26 -38 28 -48 18 -38 6 -42 5 -45 0 -54 -8 -61 -11 -54 -16 -66 -14 -65 -31 -64 -23 -65 -30 -68 -33 -59 -38 -57 -32 -58 -31 -50 -24 -52 -22 -41 -17 -41 -16 0 0 0 0 0 0 0 0 0 0 0 0 0 0 0 0 0 0 0 0 0 0 30 -36 31 -31 24 -37 25 -42 23 -37 12 -42 15 -30 9 -40 -4 -37 -15 -36 -11 -40 -19 -33 -10 -35 -20 -26 -28 -27 -29 -23 -30 -7 -28 -17 -30 -5 -33 3 -29 8 -27 10 -31 23 -31 23 -30 28 -26 25 ],2025-05-07_20-08-04-742
CSI_DATA,PASSIVE,5C:E9:31:E8:F4:66,-77,11,0,0,0,0,0,0,0,0,0,-96,0,11,0,2304821518,0,465,0,0,2305.02,128,[-47 17 29 0 -22 -13 -20 -13 -18 -12 -16 -12 -14 -14 -12 -18 -13 -16 -9 -18 -8 -19 -4 -23 0 -27 -1 -25 4 -26 7 -30 7 -31 8 -29 10 -31 11 -29 12 -29 12 -23 10 -25 10 -23 7 -20 6 -20 3 -19 0 0 0 0 0 0 0 0 0 0 0 0 0 0 0 0 0 0 0 0 0 0 20 13 17 15 13 12 16 11 17 8 17 6 17 2 15 -1 18 -2 17 -4 15 -8 16 -10 15 -13 13 -12 8 -11 7 -16 6 -15 -1 -15 -1 -13 -3 -15 -6 -14 -10 -14 -13 -14 -16 -13 -13 -10 -14 -14 ],2025-05-07_20-08-04-747
CSI_DATA,PASSIVE,5C:E9:31:E8:F4:66,-78,11,0,0,0,0,0,0,0,0,0,-96,0,11,0,2304822868,0,131,0,0,2305.03,128,[-125 48 8 0 21 2 24 -1 19 3 21 5 19 7 23 10 16 11 19 15 14 17 11 21 9 26 7 28 6 29 0 30 1 34 -2 33 -3 34 -8 34 -8 28 -6 30 -8 29 -8 27 -5 24 -2 26 1 22 0 0 0 0 0 0 0 0 0 0 0 0 0 0 0 0 0 0 0 0 0 0 -24 -2 -22 2 -23 1 -21 0 -20 6 -17 6 -20 10 -15 10 -12 13 -10 14 -9 14 -8 20 -9 18 -4 20 1 16 1 17 2 16 3 15 9 16 6 11 10 9 12 9 15 9 19 3 21 7 21 5 ],2025-05-07_20-08-04-752
CSI_DATA,PASSIVE,5C:E9:31:E8:F4:66,-77,11,0,0,0,0,0,0,0,0,0,-96,0,11,0,2304823085,0,128,0,0,2305.03,128,[-128 0 8 0 -13 -17 -8 -17 -8 -19 -9 -22 -3 -19 -1 -23 2 -24 1 -20 7 -20 11 -20 15 -22 21 -21 19 -18 25 -17 25 -18 27 -16 30 -12 29 -14 29 -13 26 -10 26 -9 24 -11 23 -8 17 -9 14 -12 0 0 0 0 0 0 0 0 0 0 0 0 0 0 0 0 0 0 0 0 0 0 10 17 10 16 7 17 12 15 11 10 10 11 14 8 17 10 18 4 17 1 19 -1 17 -2 18 -5 16 -5 15 -7 12 -10 13 -11 4 -13 9 -14 2 -14 4 -15 1 -16 -2 -15 -5 -20 -6 -17 -5 -17 ],2025-05-07_20-08-04-758
CSI_DATA,PASSIVE,5C:E9:31:E8:F4:66,-77,11,0,0,0,0,0,0,0,0,0,-96,0,11,0,2304823298,0,283,0,0,2305.04,128,[27 -79 17 0 13 -14 9 -20 13 -18 15 -13 17 -7 21 -8 19 1 24 0 17 2 20 8 22 8 21 14 22 16 23 19 22 22 21 22 13 25 22 26 20 24 17 22 14 23 16 19 14 17 12 14 12 11 0 0 0 0 0 0 0 0 0 0 0 0 0 0 0 0 0 0 0 0 0 0 -12 20 -13 15 -10 18 -7 19 -9 16 -2 14 -4 16 -2 18 4 13 1 18 6 20 3 14 2 17 10 17 13 12 9 10 13 10 16 9 15 0 15 -1 13 -7 12 -6 13 -8 14 -8 15 -10 17 -9 ],2025-05-07_20-08-04-763
CSI_DATA,PASSIVE,5C:E9:31:E8:E9:4E,-87,11,0,0,0,0,0,0,0,0,0,-96,0,11,0,2304868728,0,158,0,0,2305.04,128,[-98 -32 9 0 0 2 -12 -9 -9 14 4 3 3 10 7 -7 10 -1 9 8 -5 6 13 14 1 16 9 10 15 21 16 21 20 24 8 19 4 29 2 12 1 17 -2 25 -3 26 -3 18 -3 13 -4 15 -13 8 0 0 0 0 0 0 0 0 0 0 0 0 0 0 0 0 0 0 0 0 0 0 5 5 6 -3 7 -11 2 -2 9 -5 5 -10 7 -10 2 -12 7 -14 5 -16 10 -18 8 -16 3 -19 4 -14 1 -15 1 -16 0 -11 5 -13 -2 -20 -8 -10 -1 -4 -9 -10 -10 -15 -8 -12 -6 -8 -3 -4 ],2025-05-07_20-08-04-769
CSI_DATA,PASSIVE,5C:E9:31:E8:F4:66,-77,11,0,0,0,0,0,0,0,0,0,-96,0,11,0,2304923891,0,108,0,0,2305.09,128,[108 -64 6 0 19 -18 17 -19 16 -13 22 -18 19 -17 20 -12 22 -9 18 0 20 3 21 3 23 6 26 9 26 12 17 18 24 16 21 16 18 26 23 29 18 21 20 17 15 25 16 18 8 21 19 14 12 15 0 0 0 0 0 0 0 0 0 0 0 0 0 0 0 0 0 0 0 0 0 0 -15 15 -14 16 -14 13 -11 19 -8 13 -3 16 0 19 -2 16 1 15 10 15 3 20 6 14 10 14 10 17 12 16 16 12 14 6 17 5 16 4 20 2 21 -6 20 -7 18 -8 18 -11 17 -11 16 -13 ],2025-05-07_20-08-04-815
CSI_DATA,PASSIVE,5C:E9:31:E8:F4:66,-77,11,0,0,0,0,0,0,0,0,0,-96,0,11,0,2304924317,0,158,0,0,2305.1,128,[-98 -32 9 0 -15 22 -12 17 -14 18 -12 16 -15 21 -19 16 -17 10 -19 14 -23 9 -23 7 -27 8 -28 0 -34 2 -28 -5 -35 -2 -32 -9 -32 -10 -33 -10 -32 -9 -30 -10 -26 -12 -22 -10 -25 -7 -21 -3 -20 -4 0 0 0 0 0 0 0 0 0 0 0 0 0 0 0 0 0 0 0 0 0 0 12 -17 16 -17 11 -18 9 -17 6 -17 2 -19 3 -20 -1 -16 -3 -16 -8 -19 -7 -16 -12 -17 -13 -15 -11 -16 -12 -12 -17 -11 -19 -8 -18 -5 -18 -3 -17 2 -16 4 -18 8 -14 13 -17 15 -12 16 -18 15 ],2025-05-07_20-08-04-821
CSI_DATA,PASSIVE,5C:E9:31:E8:F4:66,-77,11,0,0,0,0,0,0,0,0,0,-96,0,11,0,2304924570,0,94,0,0,2305.1,128,[94 -32 5 0 20 -1 23 2 18 1 21 5 20 6 17 7 17 11 12 11 14 13 14 16 12 17 10 22 8 24 4 26 3 30 1 26 0 29 -3 29 -5 26 -5 26 -5 23 -2 20 -3 20 -2 18 2 18 0 0 0 0 0 0 0 0 0 0 0 0 0 0 0 0 0 0 0 0 0 0 -19 -3 -18 -1 -20 -1 -17 1 -13 4 -17 3 -14 5 -14 11 -10 10 -11 11 -8 16 -10 17 -7 17 -4 18 -3 13 1 16 4 15 3 14 5 13 9 9 12 12 12 9 13 9 16 7 18 6 19 5 ],2025-05-07_20-08-04-826
CSI_DATA,PASSIVE,5C:E9:31:E8:F4:66,-77,11,0,0,0,0,0,0,0,0,0,-96,0,11,0,2304924739,0,514,0,0,2305.11,128,[2 34 32 0 -13 20 -9 18 -14 18 -16 19 -14 16 -19 11 -17 8 -19 10 -25 4 -25 6 -24 -3 -23 -1 -28 -1 -30 -8 -23 -10 -29 -14 -27 -10 -25 -12 -24 -18 -24 -16 -23 -16 -19 -14 -18 -10 -17 -8 -13 -6 0 0 0 0 0 0 0 0 0 0 0 0 0 0 0 0 0 0 0 0 0 0 9 -20 8 -19 4 -18 2 -16 0 -20 -1 -19 -6 -18 -6 -20 -8 -17 -9 -16 -10 -16 -13 -15 -12 -11 -15 -14 -17 -5 -16 -5 -14 -3 -16 0 -13 0 -14 5 -18 7 -12 9 -14 12 -14 13 -13 13 -11 15 ],2025-05-07_20-08-04-833
CSI_DATA,PASSIVE,5C:E9:31:E8:F4:66,-77,11,0,0,0,0,0,0,0,0,0,-96,0,11,0,2304925468,0,534,0,0,2305.11,128,[22 98 33 0 11 24 9 23 9 21 3 23 4 24 2 24 -1 25 -6 24 -6 21 -9 22 -16 20 -17 23 -18 19 -24 19 -26 15 -29 15 -30 12 -30 11 -29 10 -28 9 -27 8 -23 8 -19 9 -20 9 -19 11 0 0 0 0 0 0 0 0 0 0 0 0 0 0 0 0 0 0 0 0 0 0 -9 -21 -9 -18 -13 -16 -11 -15 -14 -15 -15 -12 -15 -11 -16 -6 -18 -4 -19 -4 -22 -1 -19 1 -20 3 -17 5 -16 6 -16 10 -12 14 -10 13 -10 13 -7 17 -2 18 0 19 0 17 1 19 7 21 5 23 ],2025-05-07_20-08-04-839
CSI_DATA,PASSIVE,5C:E9:31:E8:F4:66,-77,11,0,0,0,0,0,0,0,0,0,-96,0,11,0,2304926221,0,158,0,0,2305.12,128,[-98 -32 9 0 1 -24 4 -25 6 -22 9 -22 12 -19 12 -20 14 -20 19 -17 20 -12 19 -11 26 -8 28 -7 27 -6 29 -6 32 1 34 2 32 5 32 6 31 8 27 7 26 3 23 6 23 3 21 0 19 -2 0 0 0 0 0 0 0 0 0 0 0 0 0 0 0 0 0 0 0 0 0 0 -7 20 -7 19 -7 19 -2 16 -1 17 2 17 4 16 7 15 10 16 12 16 16 13 14 9 12 9 18 9 13 7 14 2 17 0 17 -3 15 -7 15 -11 17 -11 12 -14 9 -14 7 -15 9 -15 8 -18 ],2025-05-07_20-08-04-843
CSI_DATA,PASSIVE,5C:E9:31:E8:F4:66,-77,11,0,0,0,0,0,0,0,0,0,-96,0,11,0,2304926474,0,130,0,0,2305.12,128,[-126 32 8 0 -23 -13 -22 -11 -18 -12 -19 -14 -16 -12 -17 -14 -14 -18 -12 -20 -6 -22 -8 -23 -5 -23 0 -27 2 -29 4 -32 9 -31 12 -29 12 -29 12 -30 11 -28 13 -24 10 -25 8 -24 7 -21 6 -21 6 -17 0 0 0 0 0 0 0 0 0 0 0 0 0 0 0 0 0 0 0 0 0 0 18 15 13 14 13 13 14 7 17 4 16 6 18 3 16 5 18 -3 17 -4 14 -5 15 -12 16 -11 13 -8 13 -14 6 -16 2 -19 3 -17 2 -16 -4 -14 -4 -14 -5 -17 -10 -14 -14 -14 -11 -16 -16 -10 ],2025-05-07_20-08-04-850
CSI_DATA,PASSIVE,5C:E9:31:E8:E9:4E,-88,11,0,0,0,0,0,0,0,0,0,-96,0,11,0,2304987687,0,210,0,0,2305.15,128,[-46 32 13 0 -4 -8 4 1 -7 -5 -2 -8 -3 -7 -4 -8 -8 -8 -6 -9 -7 -10 -14 -11 -13 -3 -17 -6 -17 -7 -16 -7 -11 -7 -20 -11 -16 -13 -16 -19 -15 -12 -11 -17 -4 -13 -6 -17 -5 -17 1 -15 0 -14 0 0 0 0 0 0 0 0 0 0 0 0 0 0 0 0 0 0 0 0 0 0 -1 7 -4 12 -2 10 7 7 4 8 2 6 6 11 5 10 13 9 10 13 8 14 12 10 9 4 5 5 20 13 18 9 9 10 13 4 13 3 12 3 9 1 11 0 8 -7 11 -2 7 -3 10 1 ],2025-05-07_20-08-04-879
CSI_DATA,PASSIVE,5C:E9:31:E8:E9:4E,-88,11,0,0,0,0,0,0,0,0,0,-96,0,11,0,2305008030,0,98,0,0,2305.17,128,[98 32 6 0 -5 -5 -1 -8 -11 -7 -7 -6 -6 3 -8 1 -10 3 -23 6 -10 0 -19 5 -17 6 -14 15 -22 9 -18 9 -15 12 -22 15 -26 1 -23 -4 -21 -3 -25 -1 -23 2 -29 -4 -18 -7 -17 -8 -15 -9 0 0 0 0 0 0 0 0 0 0 0 0 0 0 0 0 0 0 0 0 0 0 -7 3 -6 1 -5 6 -9 6 -6 10 -4 10 -6 11 -6 17 -3 8 0 12 1 17 -2 20 4 15 2 15 13 16 6 16 4 9 3 11 7 8 13 13 15 0 16 6 12 -1 10 8 9 -7 5 -7 ],2025-05-07_20-08-04-899
CSI_DATA,PASSIVE,5C:E9:31:E8:E9:4E,-87,11,0,0,0,0,0,0,0,0,0,-96,0,11,0,2305013960,0,98,0,0,2305.18,128,[98 32 6 0 -1 -4 0 3 -16 7 -8 0 -5 -3 1 12 0 6 -1 5 5 3 11 11 13 7 21 17 15 9 23 11 14 18 29 10 23 18 18 9 14 17 12 12 11 16 14 18 8 14 11 13 5 13 0 0 0 0 0 0 0 0 0 0 0 0 0 0 0 0 0 0 0 0 0 0 -6 9 -4 12 -3 6 -1 8 3 8 1 8 7 16 4 7 13 11 14 13 13 3 15 6 11 9 9 6 10 -10 17 1 20 -7 16 -10 16 -11 5 2 0 -11 7 -10 2 -8 -1 -5 -2 -9 4 -5 ],2025-05-07_20-08-04-905
CSI_DATA,PASSIVE,5C:E9:31:E8:F4:66,-77,11,0,0,0,0,0,0,0,0,0,-96,0,11,0,2305025190,0,130,0,0,2305.19,128,[-126 32 8 0 -25 -11 -31 -12 -22 -9 -19 -11 -21 -13 -20 -18 -12 -19 -7 -18 -6 -24 -7 -24 -5 -27 -4 -27 3 -27 3 -28 7 -30 9 -29 13 -31 10 -24 15 -27 11 -23 11 -24 10 -21 8 -21 4 -20 1 -21 0 0 0 0 0 0 0 0 0 0 0 0 0 0 0 0 0 0 0 0 0 0 21 2 20 0 18 -1 19 -2 15 -5 17 -6 15 -8 15 -11 14 -11 12 -13 14 -15 10 -17 8 -21 5 -17 3 -14 4 -19 -3 -16 -7 -15 -8 -14 -12 -15 -12 -12 -14 -14 -11 -8 -19 -10 -22 -8 -22 -10 ],2025-05-07_20-08-04-918
CSI_DATA,PASSIVE,5C:E9:31:E8:F4:66,-78,11,0,0,0,0,0,0,0,0,0,-96,0,11,0,2305025407,0,94,0,0,2305.2,128,[94 -32 5 0 4 22 5 27 -1 29 -1 21 1 26 -7 23 -4 24 -10 19 -10 19 -16 19 -22 20 -20 20 -25 17 -27 12 -27 15 -28 12 -29 8 -34 8 -28 8 -26 5 -25 7 -22 6 -21 6 -17 10 -15 11 0 0 0 0 0 0 0 0 0 0 0 0 0 0 0 0 0 0 0 0 0 0 -4 -24 -6 -18 -8 -18 -10 -16 -9 -13 -12 -15 -13 -15 -16 -10 -18 -8 -21 -8 -20 -4 -21 -3 -18 -2 -18 -1 -18 3 -15 5 -13 10 -10 11 -9 12 -7 16 -6 16 -4 16 -5 20 0 23 1 21 0 21 ],2025-05-07_20-08-04-923
CSI_DATA,PASSIVE,5C:E9:31:E8:F4:66,-77,11,0,0,0,0,0,0,0,0,0,-96,0,11,0,2305025576,0,94,0,0,2305.2,128,[94 -32 5 0 -20 3 -21 3 -21 -1 -23 1 -26 -3 -18 -4 -21 -10 -19 -11 -20 -7 -14 -17 -9 -17 -17 -24 -13 -23 -13 -19 -10 -28 -7 -27 -8 -28 -3 -26 -5 -24 -6 -22 -3 -25 -7 -21 -5 -18 -6 -17 -8 -22 0 0 0 0 0 0 0 0 0 0 0 0 0 0 0 0 0 0 0 0 0 0 17 -7 13 -9 11 -6 14 -8 11 -12 14 -12 5 -14 6 -12 6 -15 1 -15 4 -16 2 -17 -3 -18 -4 -12 -7 -14 -7 -14 -7 -11 -10 -8 -9 -7 -15 -7 -11 -8 -19 -2 -17 -1 -20 0 -19 1 -26 2 ],2025-05-07_20-08-04-929
CSI_DATA,PASSIVE,5C:E9:31:E8:F4:66,-77,11,0,0,0,0,0,0,0,0,0,-96,0,11,0,2305025745,0,188,0,0,2305.21,128,[-68 -64 11 0 -16 -19 -15 -19 -14 -24 -11 -24 -14 -21 -7 -21 -2 -24 2 -24 4 -28 5 -28 9 -31 10 -27 18 -26 19 -24 23 -23 24 -18 24 -22 25 -17 23 -17 24 -14 19 -12 20 -15 16 -19 15 -16 15 -15 0 0 0 0 0 0 0 0 0 0 0 0 0 0 0 0 0 0 0 0 0 0 10 17 12 13 11 15 14 12 13 10 13 8 19 4 16 3 16 3 18 0 22 1 18 -3 16 -7 12 -8 14 -7 13 -12 8 -14 3 -10 3 -19 2 -14 -1 -19 -5 -18 -5 -19 -4 -17 -5 -23 -14 -20 ],2025-05-07_20-08-04-935
CSI_DATA,PASSIVE,5C:E9:31:E8:F4:66,-78,11,0,0,0,0,0,0,0,0,0,-96,0,11,0,2305026038,0,190,0,0,2305.21,128,[-66 -32 11 0 20 -13 18 -13 22 -11 20 -10 27 -10 26 -7 19 2 24 -2 20 6 23 10 23 8 23 13 23 17 25 19 20 20 20 24 21 24 20 24 14 23 15 20 15 18 17 15 16 13 15 11 15 9 0 0 0 0 0 0 0 0 0 0 0 0 0 0 0 0 0 0 0 0 0 0 -21 6 -18 3 -18 7 -19 10 -14 9 -13 13 -11 13 -9 16 -6 17 -5 17 -1 15 -3 19 1 17 4 17 10 14 6 12 9 11 13 7 14 4 16 4 16 0 20 -5 19 -6 17 -3 18 -8 20 -7 ],2025-05-07_20-08-04-940
CSI_DATA,PASSIVE,5C:E9:31:E8:F4:66,-77,11,0,0,0,0,0,0,0,0,0,-96,0,11,0,2305026335,0,210,0,0,2305.22,128,[-46 32 13 0 1 -25 1 -23 4 -24 4 -26 8 -25 12 -26 10 -20 17 -18 16 -18 20 -15 23 -14 21 -13 26 -12 26 -6 31 -4 29 -3 31 -1 30 -2 28 0 27 1 26 -1 23 -3 21 -4 20 -6 18 -7 0 0 0 0 0 0 0 0 0 0 0 0 0 0 0 0 0 0 0 0 0 0 -7 22 -6 18 -2 17 -2 16 0 17 3 17 5 15 8 17 8 16 11 9 13 14 15 7 17 9 20 6 17 4 15 -2 13 -5 12 -7 14 -8 8 -12 10 -16 11 -14 4 -18 5 -22 3 -20 3 -21 ],2025-05-07_20-08-04-945
CSI_DATA,PASSIVE,5C:E9:31:E8:F4:66,-78,11,0,0,0,0,0,0,0,0,0,-96,0,11,0,2305026656,0,94,0,0,2305.23,128,[94 -32 5 0 2 23 3 25 -1 22 -5 26 -5 20 -4 22 -8 21 -10 20 -15 20 -16 18 -22 16 -26 14 -24 9 -29 9 -32 8 -31 8 -31 4 -30 -1 -29 0 -28 -2 -25 -1 -24 2 -22 3 -21 2 -19 4 0 0 0 0 0 0 0 0 0 0 0 0 0 0 0 0 0 0 0 0 0 0 -9 -20 -9 -18 -14 -21 -13 -17 -10 -15 -11 -12 -16 -11 -18 -12 -15 -8 -17 -6 -20 -5 -20 0 -17 0 -16 0 -14 3 -12 6 -15 6 -12 10 -12 11 -8 14 -8 17 -5 19 -1 20 -2 22 4 20 4 19 ],2025-05-07_20-08-04-951
CSI_DATA,PASSIVE,5C:E9:31:E8:F4:66,-77,11,0,0,0,0,0,0,0,0,0,-96,0,11,0,2305026825,0,158,0,0,2305.23,128,[-98 -32 9 0 -22 7 -25 10 -19 15 -27 11 -22 7 -23 3 -25 3 -25 -1 -24 -5 -24 -5 -27 -13 -26 -14 -25 -16 -22 -20 -24 -24 -20 -24 -21 -24 -19 -26 -16 -25 -16 -23 -17 -24 -17 -18 -17 -15 -18 -14 -14 -11 0 0 0 0 0 0 0 0 0 0 0 0 0 0 0 0 0 0 0 0 0 0 15 -8 16 -10 14 -12 11 -11 13 -11 11 -13 8 -14 4 -18 5 -19 1 -18 0 -18 -1 -19 -3 -14 -5 -16 -5 -17 -11 -12 -10 -11 -12 -9 -14 -4 -13 -5 -17 -3 -19 2 -20 4 -15 10 -21 8 -21 10 ],2025-05-07_20-08-04-957
CSI_DATA,PASSIVE,5C:E9:31:E8:F4:66,-78,11,0,0,0,0,0,0,0,0,0,-96,0,11,0,2305027078,0,94,0,0,2305.24,128,[94 -32 5 0 14 19 14 18 10 18 15 21 10 21 8 21 6 21 -2 24 1 23 -4 24 -7 24 -11 25 -14 23 -15 25 -21 27 -20 22 -25 22 -23 20 -26 18 -22 15 -20 16 -15 15 -17 16 -14 15 -10 14 0 0 0 0 0 0 0 0 0 0 0 0 0 0 0 0 0 0 0 0 0 0 -15 -18 -15 -14 -15 -14 -15 -12 -15 -9 -16 -9 -19 -7 -18 -4 -17 -2 -20 -3 -20 4 -17 5 -18 7 -14 6 -16 11 -10 12 -9 10 -4 10 -3 16 -1 12 4 16 5 17 6 14 9 17 12 20 13 17 ],2025-05-07_20-08-04-963
CSI_DATA,PASSIVE,5C:E9:31:E8:F4:66,-77,11,0,0,0,0,0,0,0,0,0,-96,0,11,0,2305027247,0,158,0,0,2305.24,128,[-98 -32 9 0 -22 10 -23 6 -25 2 -22 8 -26 2 -26 0 -20 -2 -24 -6 -22 -12 -20 -15 -15 -15 -21 -21 -20 -21 -15 -24 -15 -27 -15 -29 -12 -28 -12 -30 -10 -32 -6 -25 -7 -26 -4 -25 -13 -21 -12 -20 -11 -18 0 0 0 0 0 0 0 0 0 0 0 0 0 0 0 0 0 0 0 0 0 0 15 -14 17 -11 16 -10 11 -15 13 -15 10 -15 9 -12 8 -18 4 -17 2 -21 -11 -24 -4 -19 -4 -17 -7 -15 -12 -14 -11 -12 -11 -11 -14 -13 -16 -10 -17 -2 -15 -2 -17 -2 -22 -2 -18 4 -22 5 -21 5 ],2025-05-07_20-08-04-969
CSI_DATA,PASSIVE,5C:E9:31:E8:E9:4E,-88,11,0,0,0,0,0,0,0,0,0,-96,0,11,0,2305050323,0,283,0,0,2305.25,128,[27 -79 17 0 -13 1 -9 -2 -4 7 -4 14 0 0 -12 6 -4 1 -2 18 -3 9 13 10 15 8 17 12 13 19 10 9 19 16 20 12 26 19 18 22 11 18 5 14 7 15 11 14 16 12 6 9 2 18 0 0 0 0 0 0 0 0 0 0 0 0 0 0 0 0 0 0 0 0 0 0 -6 9 -10 12 -7 0 0 14 -6 6 2 -3 -2 12 6 8 4 22 -4 16 16 17 10 11 14 11 13 6 19 6 20 8 5 6 4 9 8 -6 11 -6 6 -14 8 -5 -3 3 -7 -17 12 -3 5 -11 ],2025-05-07_20-08-04-974
CSI_DATA,PASSIVE,5C:E9:31:E8:E9:4E,-88,11,0,0,0,0,0,0,0,0,0,-96,0,11,0,2305116062,0,98,0,0,2305.28,128,[98 32 6 0 3 9 1 -1 3 -4 1 3 5 3 3 -3 10 3 6 -7 5 -7 8 -10 11 -10 10 -9 13 -16 12 -18 17 -13 9 -19 22 -8 21 -7 22 -5 15 0 17 0 17 0 17 4 14 8 9 9 0 0 0 0 0 0 0 0 0 0 0 0 0 0 0 0 0 0 0 0 0 0 -2 -7 -2 -13 -9 -12 -7 -5 -8 -1 -4 -6 -15 -6 -11 -6 -12 -6 -20 0 -18 -9 -17 4 -18 -4 -19 -3 -16 -2 -25 -1 -9 9 -15 0 -18 5 -15 6 -9 10 -15 9 -11 10 -11 -1 -3 -1 2 4 ],2025-05-07_20-08-05-8
CSI_DATA,PASSIVE,5C:E9:31:E8:E9:4E,-86,11,0,0,0,0,0,0,0,0,0,-96,0,11,0,2305116235,0,98,0,0,2305.29,128,[98 32 6 0 -4 4 -1 -5 -6 -7 -6 -1 -6 -1 -3 4 2 7 -4 2 -7 13 0 7 -1 15 1 15 -1 17 4 15 2 21 -9 20 -4 25 -5 15 -17 21 -8 17 -11 17 -11 11 -16 17 -15 11 -10 8 0 0 0 0 0 0 0 0 0 0 0 0 0 0 0 0 0 0 0 0 0 0 9 -2 1 -4 5 -3 5 2 7 -8 7 -7 3 -8 15 -8 12 -6 8 -10 8 -10 5 -16 7 -14 11 -20 8 -14 2 -25 8 -22 1 -13 -2 -10 -4 -11 0 -13 3 0 -2 -14 3 -9 5 -8 -1 -13 ],2025-05-07_20-08-05-13
CSI_DATA,PASSIVE,5C:E9:31:E8:F4:66,-77,11,0,0,0,0,0,0,0,0,0,-96,0,11,0,2305127339,0,158,0,0,2305.29,128,[-98 -32 9 0 17 -22 15 -22 20 -22 17 -21 22 -16 16 -18 23 -11 23 -10 26 -8 26 -4 28 4 30 -1 34 4 27 10 27 12 31 13 29 13 26 18 26 15 24 16 23 14 20 10 19 9 18 9 15 8 0 0 0 0 0 0 0 0 0 0 0 0 0 0 0 0 0 0 0 0 0 0 -9 19 -10 23 -6 21 -3 21 -6 20 0 19 2 24 4 21 6 22 5 21 9 18 11 20 11 17 13 13 16 16 16 10 16 5 17 3 15 -2 18 -2 15 -6 18 -9 20 -11 16 -15 15 -17 9 -18 ],2025-05-07_20-08-05-19
CSI_DATA,PASSIVE,5C:E9:31:E8:F4:66,-77,11,0,0,0,0,0,0,0,0,0,-96,0,11,0,2305127592,0,128,0,0,2305.3,128,[-128 0 8 0 -21 -16 -26 -16 -20 -12 -17 -17 -17 -16 -11 -21 -9 -25 -12 -18 -5 -25 -4 -27 2 -27 6 -27 0 -28 5 -30 9 -27 12 -29 15 -26 16 -22 15 -26 15 -19 16 -22 12 -21 11 -22 9 -19 7 -18 0 0 0 0 0 0 0 0 0 0 0 0 0 0 0 0 0 0 0 0 0 0 19 0 20 2 17 3 18 -1 21 -2 19 -5 19 -9 17 -6 20 -7 16 -13 16 -12 13 -17 14 -16 12 -13 5 -15 5 -14 1 -15 -1 -14 -2 -16 -6 -15 -8 -12 -12 -13 -13 -16 -14 -12 -19 -18 -23 -13 ],2025-05-07_20-08-05-26
CSI_DATA,PASSIVE,5C:E9:31:E8:F4:66,-77,11,0,0,0,0,0,0,0,0,0,-96,0,11,0,2305127805,0,94,0,0,2305.31,128,[94 -32 5 0 7 -20 10 -21 9 -20 10 -24 10 -22 12 -19 17 -21 19 -17 20 -7 25 -8 21 -8 29 -2 30 -2 31 9 26 2 29 3 25 12 27 13 26 10 23 8 24 6 22 8 19 8 19 4 17 5 0 0 0 0 0 0 0 0 0 0 0 0 0 0 0 0 0 0 0 0 0 0 3 20 5 18 10 18 4 16 5 14 8 13 11 15 15 18 14 15 20 14 14 12 14 13 14 12 21 8 14 6 16 2 18 -4 18 -4 17 -8 19 -6 13 -16 15 -13 8 -16 12 -17 8 -19 10 -22 ],2025-05-07_20-08-05-30
CSI_DATA,PASSIVE,5C:E9:31:E8:F4:66,-77,11,0,0,0,0,0,0,0,0,0,-96,0,11,0,2305127974,0,94,0,0,2305.31,128,[94 -32 5 0 25 -3 27 -2 22 2 24 -2 15 5 22 0 23 10 19 6 19 7 17 16 10 21 17 21 14 21 8 28 10 26 7 30 3 29 0 32 1 26 1 27 3 25 3 24 4 22 6 20 7 20 0 0 0 0 0 0 0 0 0 0 0 0 0 0 0 0 0 0 0 0 0 0 -19 3 -22 2 -21 2 -19 4 -18 7 -18 9 -16 11 -15 11 -13 12 -16 13 -10 15 -7 17 -8 19 -3 16 1 15 0 15 2 15 9 16 7 10 8 9 14 9 13 4 15 4 16 0 18 1 22 1 ],2025-05-07_20-08-05-35
CSI_DATA,PASSIVE,5C:E9:31:E8:F4:66,-77,11,0,0,0,0,0,0,0,0,0,-96,0,11,0,2305128143,0,283,0,0,2305.32,128,[27 -79 17 0 -7 19 -3 21 -7 20 -4 22 -9 22 -11 21 -15 29 -19 16 -18 12 -24 12 -22 10 -24 8 -29 7 -29 3 -33 2 -33 1 -31 1 -28 -1 -26 -4 -26 -2 -26 -2 -22 -3 -23 2 -18 -1 -21 2 0 0 0 0 0 0 0 0 0 0 0 0 0 0 0 0 0 0 0 0 0 0 -1 -22 -2 -19 -4 -18 -5 -19 -5 -20 -7 -19 -13 -18 -14 -14 -15 -17 -15 -12 -17 -13 -17 -11 -15 -8 -18 -8 -15 -7 -17 -2 -17 3 -9 -5 -13 6 -16 8 -15 11 -10 15 -9 16 -10 17 -9 19 -6 19 ],2025-05-07_20-08-05-42
CSI_DATA,PASSIVE,5C:E9:31:E8:F4:66,-78,11,0,0,0,0,0,0,0,0,0,-96,0,11,0,2305128564,0,303,0,0,2305.32,128,[47 -15 18 0 27 12 15 18 16 16 19 20 13 16 14 18 2 19 11 20 7 18 6 23 0 26 -1 27 -6 27 -5 29 -15 28 -15 27 -13 24 -15 25 -12 24 -12 24 -10 20 -6 22 -10 20 -8 20 -5 21 0 0 0 0 0 0 0 0 0 0 0 0 0 0 0 0 0 0 0 0 0 0 -16 -19 -10 -13 -15 -18 -15 -14 -17 -12 -17 -8 -19 -7 -19 -6 -20 2 -24 -1 -18 1 -21 2 -23 2 -15 7 -16 11 -14 11 -12 10 -3 14 -4 12 -4 11 3 13 10 19 5 15 7 15 12 15 10 17 ],2025-05-07_20-08-05-47
CSI_DATA,PASSIVE,5C:E9:31:E8:F4:66,-77,11,0,0,0,0,0,0,0,0,0,-96,0,11,0,2305129008,0,94,0,0,2305.33,128,[94 -32 5 0 -9 -25 -7 -23 -8 -27 -5 -26 -4 -26 2 -28 2 -23 5 -22 10 -22 12 -20 14 -25 19 -20 21 -20 21 -19 23 -14 29 -13 28 -12 27 -10 26 -10 25 -9 23 -9 21 -8 17 -6 19 -10 16 -10 0 0 0 0 0 0 0 0 0 0 0 0 0 0 0 0 0 0 0 0 0 0 12 19 11 15 12 16 14 11 14 13 16 10 16 9 19 8 19 6 18 3 20 -1 20 -3 22 -4 19 -5 17 -4 15 -10 13 -6 12 -12 8 -13 7 -16 4 -20 1 -19 0 -18 0 -20 -5 -22 -4 -20 ],2025-05-07_20-08-05-53
CSI_DATA,PASSIVE,5C:E9:31:E8:F4:66,-76,11,0,0,0,0,0,0,0,0,0,-96,0,11,0,2305129177,0,158,0,0,2305.33,128,[-98 -32 9 0 17 -13 16 -13 18 -17 21 -12 20 -17 17 -10 20 -8 19 -7 20 1 20 -1 23 10 21 11 25 11 17 13 24 4 19 16 23 17 14 22 20 13 11 19 17 12 19 14 14 13 19 12 15 5 0 0 0 0 0 0 0 0 0 0 0 0 0 0 0 0 0 0 0 0 0 0 -10 12 -16 12 -6 11 -8 11 -10 17 -3 15 -5 17 -5 17 2 14 -2 18 4 17 9 17 1 18 7 19 9 11 12 7 17 8 11 9 7 5 13 -1 12 -3 20 -5 15 -8 18 -8 18 -9 16 -12 ],2025-05-07_20-08-05-58
CSI_DATA,PASSIVE,5C:E9:31:E8:F4:66,-77,11,0,0,0,0,0,0,0,0,0,-96,0,11,0,2305129430,0,94,0,0,2305.34,128,[94 -32 5 0 -5 -25 -3 -24 1 -21 2 -23 3 -24 5 -23 5 -20 6 -20 12 -18 11 -20 15 -18 16 -18 19 -17 24 -14 24 -12 26 -10 27 -8 27 -6 26 -5 22 -6 24 -4 20 -5 18 -7 18 -6 16 -9 0 0 0 0 0 0 0 0 0 0 0 0 0 0 0 0 0 0 0 0 0 0 6 19 7 16 6 17 10 16 11 13 11 12 13 11 14 12 16 8 15 7 18 9 17 4 17 3 18 4 13 -2 15 -5 14 -7 11 -9 8 -10 10 -14 7 -14 7 -13 1 -14 -1 -18 0 -17 0 -22 ],2025-05-07_20-08-05-63
CSI_DATA,PASSIVE,5C:E9:31:E8:F4:66,-77,11,0,0,0,0,0,0,0,0,0,-96,0,11,0,2305129599,0,734,0,0,2305.34,128,[-34 -30 45 0 18 -16 21 -12 17 -15 20 -15 24 -15 24 -11 20 -11 24 -6 23 -6 26 1 25 0 27 8 29 5 31 14 26 13 27 13 24 20 27 15 22 14 21 14 19 14 19 12 18 9 17 10 18 7 0 0 0 0 0 0 0 0 0 0 0 0 0 0 0 0 0 0 0 0 0 0 -14 13 -16 12 -13 14 -8 16 -7 15 -7 15 -5 19 -2 19 4 20 -2 19 3 19 4 18 8 16 7 15 10 13 11 12 16 9 12 6 13 3 21 0 17 -3 15 -5 16 -5 16 -8 17 -14 18 -9 ],2025-05-07_20-08-05-68
CSI_DATA,PASSIVE,5C:E9:31:E8:E9:4E,-90,11,0,0,0,0,0,0,0,0,0,-96,0,11,0,2305188369,0,124,0,0,2305.36,128,[124 -64 7 0 -14 -6 -9 0 -15 -1 -7 6 -7 -7 -3 1 -1 4 -4 4 -5 6 -14 15 -16 13 -19 4 -19 14 -13 11 -23 10 -25 12 -17 7 -22 -1 -28 -2 -16 -10 -23 -10 -15 -10 -7 -5 -11 -9 -15 -12 0 0 0 0 0 0 0 0 0 0 0 0 0 0 0 0 0 0 0 0 0 0 4 0 15 3 7 -1 5 -6 15 -2 8 -8 10 -11 5 -6 13 1 14 -4 15 -1 12 -9 14 -9 9 -8 6 -10 3 -7 18 -8 12 -18 16 -12 9 -13 5 -8 6 -4 9 -11 8 -7 1 -16 -7 -6 ],2025-05-07_20-08-05-80
CSI_DATA,PASSIVE,5C:E9:31:E8:E9:4E,-89,11,0,0,0,0,0,0,0,0,0,-96,0,11,0,2305214354,0,734,0,0,2305.38,128,[-34 -30 45 0 9 -4 6 -12 -2 -10 0 -9 -6 -5 -2 -12 -2 -9 -6 -7 -7 -17 -11 -11 -16 -15 -20 -10 -17 -12 -13 -12 -18 -9 -21 -20 -21 -23 -21 -18 -15 -22 -6 -23 -6 -15 0 -17 -8 -20 -2 -20 6 -12 0 0 0 0 0 0 0 0 0 0 0 0 0 0 0 0 0 0 0 0 0 0 -9 -2 -3 0 -9 3 -4 0 -4 7 -6 7 -10 7 -7 19 -9 14 -5 12 -5 23 -4 18 -1 20 -6 16 3 16 -1 9 7 15 11 10 -1 11 -2 12 9 8 -2 7 10 9 -3 -4 6 7 6 2 ],2025-05-07_20-08-05-107
CSI_DATA,PASSIVE,5C:E9:31:E8:E9:4E,-89,11,0,0,0,0,0,0,0,0,0,-96,0,11,0,2305217475,0,158,0,0,2305.39,128,[-98 -32 9 0 5 3 6 -1 -5 -3 2 0 4 -5 -1 -10 1 -13 3 -10 1 -8 -9 -8 -3 -15 -4 -12 -4 -24 0 -22 -2 -22 0 -19 -6 -24 6 -27 0 -17 6 -17 2 -19 3 -19 6 -21 7 -14 5 -13 0 0 0 0 0 0 0 0 0 0 0 0 0 0 0 0 0 0 0 0 0 0 -3 -10 2 -3 -8 -9 -6 -12 1 -13 -8 -8 -12 -1 -15 -8 -16 -1 -19 -2 -20 -6 -16 -8 -19 -8 -22 -5 -13 -2 -16 3 -11 5 -15 -4 -5 -3 2 3 -9 8 -5 1 -12 11 0 12 2 6 6 10 ],2025-05-07_20-08-05-112
CSI_DATA,PASSIVE,5C:E9:31:E8:E9:4E,-89,11,0,0,0,0,0,0,0,0,0,-96,0,11,0,2305218021,0,380,0,0,2305.39,128,[124 -63 23 0 2 0 -7 6 3 5 3 -4 11 -2 13 -1 7 -2 7 -10 4 -3 3 -6 9 -13 2 -16 14 -22 10 -11 16 -20 14 -12 20 -11 22 -18 14 -6 16 -10 17 -4 15 -5 18 1 22 0 12 6 0 0 0 0 0 0 0 0 0 0 0 0 0 0 0 0 0 0 0 0 0 0 0 -11 -1 -6 -4 -9 -5 -10 -8 -6 -7 -11 -6 -13 -10 -12 -16 -11 -18 -8 -27 -4 -15 -1 -13 -12 -19 -4 -13 -4 -12 -3 -18 -5 -19 -9 -13 1 -14 7 -19 6 -11 2 -9 3 -2 2 1 10 -6 2 ],2025-05-07_20-08-05-118
CSI_DATA,PASSIVE,5C:E9:31:E8:E9:4E,-87,11,0,0,0,0,0,0,0,0,0,-96,0,11,0,2305218836,0,158,0,0,2305.4,128,[-98 -32 9 0 5 -2 10 10 2 3 9 -3 9 -5 6 1 6 -1 9 1 5 0 13 -3 20 -4 20 -3 18 -1 17 -4 20 -5 23 -3 25 0 22 -2 21 5 22 3 16 -1 11 2 23 0 15 6 8 9 0 0 0 0 0 0 0 0 0 0 0 0 0 0 0 0 0 0 0 0 0 0 9 -3 8 -4 -2 -7 -2 -14 1 -10 1 -13 0 -12 -1 -9 -4 -13 -10 -19 -1 -6 0 -7 -9 -17 -12 -18 -9 -17 -16 -7 -6 -9 -12 0 -12 -11 -19 -9 -15 -1 -15 -3 -4 -4 -12 -5 -12 -7 -2 -3 ],2025-05-07_20-08-05-123
CSI_DATA,PASSIVE,5C:E9:31:E8:F4:66,-76,11,0,0,0,0,0,0,0,0,0,-96,0,11,0,2305229565,0,276,0,0,2305.4,128,[20 65 17 0 2 17 -1 24 3 20 2 19 3 29 -3 26 -4 23 -9 21 -7 25 -10 22 -14 21 -16 22 -20 23 -22 21 -23 19 -24 19 -25 18 -27 13 -25 14 -23 15 -20 13 -19 11 -18 12 -14 10 -13 13 0 0 0 0 0 0 0 0 0 0 0 0 0 0 0 0 0 0 0 0 0 0 -1 -20 1 -17 0 -20 -3 -17 -4 -16 -8 -17 -11 -15 -9 -13 -12 -15 -13 -13 -16 -13 -17 -8 -18 -6 -16 -7 -17 -5 -17 -5 -15 4 -14 5 -12 7 -12 11 -9 11 -7 10 -3 12 -2 15 -2 17 -2 15 ],2025-05-07_20-08-05-129
CSI_DATA,PASSIVE,5C:E9:31:E8:F4:66,-77,11,0,0,0,0,0,0,0,0,0,-96,0,11,0,2305229974,0,94,0,0,2305.41,128,[94 -32 5 0 -16 -32 -23 -38 -16 -38 -18 -37 -16 -38 -18 -46 -2 -43 -1 -52 -3 -46 13 -48 15 -54 24 -47 24 -46 25 -46 34 -49 37 -45 40 -38 44 -38 41 -37 37 -34 30 -32 28 -28 25 -28 26 -27 21 -27 0 0 0 0 0 0 0 0 0 0 0 0 0 0 0 0 0 0 0 0 0 0 9 36 14 27 18 33 15 31 26 22 25 20 28 20 30 18 31 19 31 12 34 13 33 -1 40 1 34 -6 32 -1 25 -17 26 -17 20 -17 15 -12 15 -19 5 -20 3 -21 -4 -29 -3 -26 -11 -30 -11 -33 ],2025-05-07_20-08-05-135
CSI_DATA,PASSIVE,5C:E9:31:E8:F4:66,-77,11,0,0,0,0,0,0,0,0,0,-96,0,11,0,2305230143,0,181,0,0,2305.42,128,[-75 80 11 0 16 -8 15 -9 17 -11 21 -14 17 -9 18 -7 21 -8 24 -3 22 -1 23 3 24 3 25 6 24 8 22 12 22 15 25 16 24 19 21 21 19 22 18 20 16 15 16 14 16 14 15 11 14 10 0 0 0 0 0 0 0 0 0 0 0 0 0 0 0 0 0 0 0 0 0 0 -19 9 -16 12 -15 12 -12 12 -14 12 -11 14 -9 17 -3 14 -5 17 -2 17 -1 22 -1 16 1 18 3 14 5 17 8 12 8 13 9 8 9 6 10 8 10 0 12 -1 13 -4 15 -4 15 -7 15 -5 ],2025-05-07_20-08-05-140
CSI_DATA,PASSIVE,5C:E9:31:E8:F4:66,-77,11,0,0,0,0,0,0,0,0,0,-96,0,11,0,2305230428,0,269,0,0,2305.42,128,[13 -47 16 0 -16 60 -23 44 -22 46 -23 40 -34 39 -28 46 -40 30 -35 45 -49 43 -47 30 -49 23 -64 20 -56 25 -68 21 -67 16 -83 11 -76 7 -69 10 -72 -7 -62 1 -50 10 -48 4 -42 10 -41 11 -42 13 0 0 0 0 0 0 0 0 0 0 0 0 0 0 0 0 0 0 0 0 0 0 22 -42 19 -32 20 -40 10 -45 7 -42 5 -44 1 -40 -1 -44 -6 -35 -8 -49 -12 -48 -28 -42 -18 -32 -19 -32 -20 -32 -27 -23 -28 -12 -29 -21 -26 -2 -23 4 -27 12 -27 18 -18 24 -25 12 -21 39 -27 26 ],2025-05-07_20-08-05-146
CSI_DATA,PASSIVE,5C:E9:31:E8:F4:66,-77,11,0,0,0,0,0,0,0,0,0,-96,0,11,0,2305232488,0,158,0,0,2305.43,128,[-98 -32 9 0 -22 6 -23 3 -23 2 -26 0 -20 -4 -23 -3 -21 -10 -25 -10 -28 -15 -22 -18 -19 -23 -17 -21 -18 -25 -23 -26 -17 -28 -14 -29 -11 -33 -11 -28 -5 -28 -9 -28 -9 -24 -7 -27 -10 -23 -7 -17 -10 -18 0 0 0 0 0 0 0 0 0 0 0 0 0 0 0 0 0 0 0 0 0 0 20 2 22 2 20 0 19 -4 18 -10 20 -7 16 -4 21 -11 16 -13 13 -17 10 -16 12 -18 9 -15 5 -16 5 -14 2 -15 -1 -12 -3 -17 -5 -10 -11 -13 -9 -9 -12 -13 -14 -6 -17 -6 -18 0 -18 -3 ],2025-05-07_20-08-05-152
CSI_DATA,PASSIVE,5C:E9:31:E8:F4:66,-77,11,0,0,0,0,0,0,0,0,0,-96,0,11,0,2305332031,0,94,0,0,2305.5,128,[94 -32 5 0 -22 -1 -19 -4 -21 -5 -21 -3 -20 -9 -17 -9 -21 -10 -25 -15 -20 -19 -16 -22 -17 -29 -14 -28 -13 -29 -12 -32 -12 -31 -4 -35 -5 -32 -7 -33 -2 -30 -5 -27 -3 -24 -9 -23 -3 -23 -5 -20 -10 -17 0 0 0 0 0 0 0 0 0 0 0 0 0 0 0 0 0 0 0 0 0 0 19 0 21 -2 18 -1 17 -3 16 -7 15 -8 14 -8 13 -14 10 -11 9 -10 8 -14 4 -18 7 -18 4 -17 1 -17 -2 -19 -3 -15 -6 -11 -4 -13 -8 -11 -7 -11 -11 -7 -17 -9 -17 -5 -18 -3 -21 -2 ],2025-05-07_20-08-05-225
CSI_DATA,PASSIVE,5C:E9:31:E8:F4:66,-77,11,0,0,0,0,0,0,0,0,0,-96,0,11,0,2305332200,0,124,0,0,2305.5,128,[124 -64 7 0 5 -24 0 -19 8 -21 9 -22 10 -21 12 -18 16 -18 16 -15 22 -12 23 -12 22 -8 26 -11 29 -7 30 -7 32 -4 35 0 32 4 35 6 31 3 30 4 27 3 23 0 23 0 20 -3 19 -1 0 0 0 0 0 0 0 0 0 0 0 0 0 0 0 0 0 0 0 0 0 0 -4 19 -3 19 -1 18 1 17 3 13 4 16 5 17 13 13 14 14 14 13 16 11 18 10 16 9 17 5 14 6 15 2 15 -2 14 -2 15 -4 10 -12 11 -9 7 -13 7 -15 6 -17 7 -17 3 -18 ],2025-05-07_20-08-05-229
CSI_DATA,PASSIVE,5C:E9:31:E8:F4:66,-77,11,0,0,0,0,0,0,0,0,0,-96,0,11,0,2305332409,0,138,0,0,2305.51,128,[-118 -96 8 0 -25 -1 -25 -4 -22 1 -22 -6 -28 -9 -25 -12 -18 -13 -22 -15 -18 -14 -14 -21 -19 -29 -14 -28 -14 -28 -8 -28 -8 -31 -6 -38 -5 -33 -3 -37 -2 -32 -1 -30 -1 -31 -4 -24 -1 -23 -5 -23 -9 -18 0 0 0 0 0 0 0 0 0 0 0 0 0 0 0 0 0 0 0 0 0 0 19 1 17 3 18 -1 19 -2 18 -5 15 -7 13 -9 13 -12 12 -11 11 -14 8 -16 10 -16 7 -21 5 -15 3 -15 0 -15 -3 -16 -6 -13 -8 -10 -7 -16 -11 -9 -8 -10 -19 -6 -17 -4 -18 -5 -22 -7 ],2025-05-07_20-08-05-236
CSI_DATA,PASSIVE,5C:E9:31:E8:F4:66,-77,11,0,0,0,0,0,0,0,0,0,-96,0,11,0,2305332634,0,158,0,0,2305.52,128,[-98 -32 9 0 15 16 16 17 12 16 9 22 7 20 3 26 5 26 0 26 -4 21 -9 27 -11 30 -13 26 -11 31 -14 31 -16 28 -20 30 -22 27 -23 27 -18 23 -19 21 -19 21 -15 19 -10 18 -10 21 -10 19 0 0 0 0 0 0 0 0 0 0 0 0 0 0 0 0 0 0 0 0 0 0 -12 -16 -14 -16 -10 -13 -12 -15 -14 -11 -15 -9 -16 -9 -18 -7 -13 -5 -17 1 -16 1 -18 5 -20 7 -15 7 -15 3 -16 10 -13 10 -9 11 -5 15 -2 11 -1 14 -2 16 2 12 2 16 6 16 8 15 ],2025-05-07_20-08-05-241
CSI_DATA,PASSIVE,5C:E9:31:E8:F4:66,-77,11,0,0,0,0,0,0,0,0,0,-96,0,11,0,2305332887,0,328,0,0,2305.52,128,[72 -127 20 0 15 -17 13 -11 14 -21 14 -20 19 -15 18 -15 20 -13 16 -13 30 -8 25 -3 30 1 32 0 31 7 33 7 29 9 33 12 32 12 27 16 25 15 26 10 24 11 21 9 21 9 19 2 16 3 0 0 0 0 0 0 0 0 0 0 0 0 0 0 0 0 0 0 0 0 0 0 -15 12 -14 12 -12 13 -7 15 -6 18 -3 14 -1 16 2 14 3 18 6 18 6 14 8 15 9 14 11 14 16 11 13 7 13 5 12 5 12 1 14 2 13 -4 11 -10 16 -7 13 -10 16 -15 11 -14 ],2025-05-07_20-08-05-246
CSI_DATA,PASSIVE,5C:E9:31:E8:F4:66,-77,11,0,0,0,0,0,0,0,0,0,-96,0,11,0,2305333368,0,124,0,0,2305.53,128,[124 -64 7 0 -20 -9 -20 -9 -19 -9 -17 -11 -16 -16 -16 -17 -15 -19 -13 -22 -16 -20 -11 -25 -10 -29 -6 -32 0 -34 -3 -36 0 -34 2 -32 5 -36 7 -34 6 -30 4 -29 4 -29 1 -24 -2 -23 -2 -21 -1 -23 0 0 0 0 0 0 0 0 0 0 0 0 0 0 0 0 0 0 0 0 0 0 19 10 17 7 15 4 17 6 17 -1 16 -3 15 -2 16 -5 14 -8 15 -10 13 -10 14 -16 12 -14 10 -15 8 -15 3 -16 5 -16 -2 -15 -3 -16 -5 -12 -9 -14 -12 -13 -13 -11 -14 -8 -15 -11 -17 -12 ],2025-05-07_20-08-05-253
CSI_DATA,PASSIVE,5C:E9:31:E8:F4:66,-77,11,0,0,0,0,0,0,0,0,0,-96,0,11,0,2305333577,0,348,0,0,2305.53,128,[92 -63 21 0 -2 21 -7 21 -9 22 -12 20 -11 22 -14 23 -16 17 -20 16 -21 12 -24 10 -24 10 -31 8 -32 6 -33 3 -30 2 -36 1 -33 -2 -35 0 -32 0 -29 -4 -27 2 -25 -2 -23 -1 -21 0 -18 3 0 0 0 0 0 0 0 0 0 0 0 0 0 0 0 0 0 0 0 0 0 0 4 -22 2 -20 1 -22 -1 -17 -1 -21 -6 -18 -8 -18 -11 -15 -9 -14 -12 -12 -17 -12 -17 -12 -15 -7 -16 -5 -19 -5 -16 -3 -12 0 -16 0 -15 2 -13 6 -15 11 -10 12 -5 13 -9 16 -6 15 -7 15 ],2025-05-07_20-08-05-258
CSI_DATA,PASSIVE,5C:E9:31:E8:F4:66,-77,11,0,0,0,0,0,0,0,0,0,-96,0,11,0,2305334082,0,145,0,0,2305.54,128,[-111 16 9 0 -3 -24 -2 -23 -1 -24 0 -23 2 -22 6 -26 8 -22 11 -23 14 -25 17 -21 18 -21 20 -22 26 -19 23 -19 25 -20 31 -17 28 -15 28 -14 27 -13 27 -14 23 -10 24 -11 20 -12 19 -10 13 -12 0 0 0 0 0 0 0 0 0 0 0 0 0 0 0 0 0 0 0 0 0 0 4 22 0 17 4 18 5 16 6 14 9 16 10 13 9 15 13 11 15 11 15 7 19 5 18 4 17 0 16 0 15 -3 14 -7 12 -7 11 -8 7 -14 7 -15 4 -16 5 -14 -1 -18 0 -15 0 -20 ],2025-05-07_20-08-05-263
CSI_DATA,PASSIVE,5C:E9:31:E8:F4:66,-77,11,0,0,0,0,0,0,0,0,0,-96,0,11,0,2305334319,0,222,0,0,2305.54,128,[-34 -32 13 0 -14 -21 -11 -21 -9 -21 -4 -19 -6 -23 -6 -24 -1 -25 -1 -27 5 -25 5 -26 8 -27 13 -28 16 -28 17 -29 17 -27 23 -26 24 -23 23 -26 22 -22 20 -21 19 -22 12 -19 12 -20 11 -19 11 -16 0 0 0 0 0 0 0 0 0 0 0 0 0 0 0 0 0 0 0 0 0 0 8 19 9 17 9 17 10 13 12 12 13 10 15 10 14 6 12 5 17 2 15 1 17 -1 18 -3 17 -5 17 -5 13 -9 11 -10 8 -9 7 -10 6 -14 3 -17 1 -16 -4 -17 -2 -19 -10 -15 -7 -18 ],2025-05-07_20-08-05-269
CSI_DATA,PASSIVE,5C:E9:31:E8:F4:66,-77,11,0,0,0,0,0,0,0,0,0,-96,0,11,0,2305334656,0,242,0,0,2305.55,128,[-14 32 15 0 22 -4 21 -5 21 -8 20 -2 23 -2 24 5 21 5 21 9 22 12 21 12 19 17 20 21 20 24 20 27 15 29 16 30 15 27 12 27 11 27 10 26 10 26 11 22 9 16 13 15 13 14 0 0 0 0 0 0 0 0 0 0 0 0 0 0 0 0 0 0 0 0 0 0 -20 7 -21 6 -18 8 -18 8 -15 12 -12 10 -9 11 -9 13 -7 17 -8 14 -1 14 -3 17 -3 17 2 18 -2 14 1 16 6 12 11 10 13 10 11 6 15 5 11 1 16 0 18 -1 17 -2 16 -7 ],2025-05-07_20-08-05-274
CSI_DATA,PASSIVE,5C:E9:31:E8:E9:4E,-88,11,0,0,0,0,0,0,0,0,0,-96,0,11,0,2305364417,0,113,0,0,2305.55,128,[113 16 7 0 -10 -1 -6 -1 -9 -5 -13 2 -4 1 2 2 -10 8 -9 10 -12 16 -6 7 -13 16 -4 8 -13 10 -18 14 -12 6 -20 9 -23 8 -26 1 -28 -3 -25 5 -20 2 -25 -5 -22 -2 -11 -6 -6 -12 0 0 0 0 0 0 0 0 0 0 0 0 0 0 0 0 0 0 0 0 0 0 4 3 10 -3 9 7 10 -6 9 4 10 -4 8 -4 9 2 17 -6 13 0 17 -8 2 0 19 -3 11 -10 13 -4 18 0 8 -4 7 -13 19 -15 10 -9 6 -14 14 -8 9 -12 4 -11 -7 -14 -8 -5 ],2025-05-07_20-08-05-280
CSI_DATA,PASSIVE,5C:E9:31:E8:E9:4E,-86,11,0,0,0,0,0,0,0,0,0,-96,0,11,0,2305427153,0,466,0,0,2305.59,128,[-46 33 29 0 -12 1 7 7 2 6 12 11 6 6 -6 14 15 0 13 -1 7 -5 16 10 16 7 11 3 17 8 17 5 28 15 24 18 20 18 22 14 14 13 15 17 9 13 6 13 3 22 2 11 4 18 0 0 0 0 0 0 0 0 0 0 0 0 0 0 0 0 0 0 0 0 0 0 5 -7 1 -9 7 -11 7 -1 2 -4 6 -11 6 -16 -5 -21 2 -17 5 -14 2 -11 10 -21 -1 -26 -10 -16 -3 -19 0 -19 -1 -11 -5 -12 -9 -1 -8 -16 -11 -17 -8 6 -12 -10 -3 -8 -2 7 -3 -4 ],2025-05-07_20-08-05-319
CSI_DATA,PASSIVE,5C:E9:31:E8:F4:66,-77,11,0,0,0,0,0,0,0,0,0,-96,0,11,0,2305434523,0,113,0,0,2305.6,128,[113 16 7 0 11 12 13 15 12 12 9 15 12 14 7 21 5 20 3 22 2 24 2 27 -4 30 -8 33 -10 30 -11 29 -9 29 -13 33 -15 28 -14 29 -17 27 -12 30 -15 27 -8 23 -6 25 -6 20 -3 21 0 0 0 0 0 0 0 0 0 0 0 0 0 0 0 0 0 0 0 0 0 0 -16 -14 -18 -15 -15 -13 -14 -11 -17 -3 -14 -2 -18 0 -21 -2 -18 -1 -16 0 -18 4 -21 4 -15 8 -15 12 -14 10 -15 9 -10 12 -6 12 -6 10 -3 12 1 13 2 9 5 9 7 11 9 8 9 11 ],2025-05-07_20-08-05-326
CSI_DATA,PASSIVE,5C:E9:31:E8:F4:66,-77,11,0,0,0,0,0,0,0,0,0,-96,0,11,0,2305434716,0,998,0,0,2305.61,128,[-26 99 62 0 18 3 16 8 15 0 22 4 21 4 22 9 18 13 21 16 11 17 13 18 13 24 16 23 12 30 7 32 7 36 8 33 7 33 8 30 7 29 6 27 5 26 5 23 7 25 7 20 11 17 0 0 0 0 0 0 0 0 0 0 0 0 0 0 0 0 0 0 0 0 0 0 -21 -4 -22 1 -18 0 -15 2 -18 5 -16 9 -18 7 -16 8 -10 12 -9 14 -12 17 -3 20 -7 16 -10 14 -6 17 -4 14 0 17 4 13 10 12 5 8 7 11 8 10 12 6 10 6 12 3 13 4 ],2025-05-07_20-08-05-331
CSI_DATA,PASSIVE,5C:E9:31:E8:F4:66,-77,11,0,0,0,0,0,0,0,0,0,-96,0,11,0,2305437490,0,117,0,0,2305.61,128,[117 80 7 0 -15 8 -17 12 -18 9 -21 7 -19 6 -21 1 -24 3 -26 -6 -29 -6 -28 -6 -28 -11 -27 -13 -31 -18 -28 -16 -30 -19 -26 -23 -30 -24 -26 -27 -21 -22 -22 -20 -21 -20 -19 -16 -21 -14 -19 -12 -19 -9 0 0 0 0 0 0 0 0 0 0 0 0 0 0 0 0 0 0 0 0 0 0 14 -15 12 -12 9 -15 5 -17 5 -17 6 -16 -1 -20 0 -18 -2 -24 -2 -23 -4 -21 -6 -18 -9 -18 -8 -18 -11 -17 -11 -12 -10 -14 -11 -11 -13 -7 -11 -3 -13 0 -17 3 -15 2 -15 5 -14 7 -13 5 ],2025-05-07_20-08-05-338
CSI_DATA,PASSIVE,5C:E9:31:E8:F4:66,-77,11,0,0,0,0,0,0,0,0,0,-96,0,11,0,2305437687,0,94,0,0,2305.62,128,[94 -32 5 0 6 -18 7 -17 10 -21 10 -20 10 -18 14 -17 18 -18 17 -16 23 -12 25 -11 30 -14 29 -4 31 -5 31 -5 33 2 36 0 34 3 35 2 33 4 29 2 27 1 26 -2 21 -2 21 -3 17 -4 0 0 0 0 0 0 0 0 0 0 0 0 0 0 0 0 0 0 0 0 0 0 -3 19 -4 15 -1 17 3 17 2 17 8 14 7 14 10 17 11 16 13 13 15 15 16 10 18 10 19 10 16 11 16 5 16 3 18 -2 13 -3 9 -5 10 -5 9 -10 9 -12 8 -15 6 -14 5 -16 ],2025-05-07_20-08-05-343
CSI_DATA,PASSIVE,5C:E9:31:E8:F4:66,-77,11,0,0,0,0,0,0,0,0,0,-96,0,11,0,2305437856,0,466,0,0,2305.62,128,[-46 33 29 0 17 3 17 3 18 3 19 5 21 6 16 9 17 12 19 15 16 17 16 19 10 23 13 26 12 29 11 29 9 33 6 33 5 34 4 31 2 29 3 29 4 27 5 24 4 24 6 19 9 18 0 0 0 0 0 0 0 0 0 0 0 0 0 0 0 0 0 0 0 0 0 0 -20 1 -20 0 -19 2 -17 6 -15 8 -16 9 -10 11 -15 14 -12 12 -10 18 -10 18 -10 20 -10 17 -6 18 -3 18 -2 15 -3 16 4 9 6 12 5 9 11 8 13 6 13 6 14 4 14 4 12 1 ],2025-05-07_20-08-05-348
CSI_DATA,PASSIVE,5C:E9:31:E8:F4:66,-77,11,0,0,0,0,0,0,0,0,0,-96,0,11,0,2305438521,0,486,0,0,2305.63,128,[-26 97 30 0 -19 -13 -18 -12 -14 -13 -13 -15 -10 -17 -12 -22 -8 -23 -9 -25 -4 -25 -4 -27 3 -30 2 -29 5 -32 8 -35 10 -31 13 -32 14 -32 15 -32 15 -27 14 -27 10 -24 9 -26 8 -21 5 -21 5 -22 0 0 0 0 0 0 0 0 0 0 0 0 0 0 0 0 0 0 0 0 0 0 21 8 20 8 17 5 20 1 19 0 16 -3 19 -1 16 -5 16 -6 18 -11 17 -9 16 -13 17 -15 17 -10 12 -13 8 -14 7 -13 5 -14 2 -15 -1 -13 0 -12 -6 -14 -9 -15 -10 -12 -10 -15 -16 -14 ],2025-05-07_20-08-05-354
CSI_DATA,PASSIVE,5C:E9:31:E8:F4:66,-77,11,0,0,0,0,0,0,0,0,0,-96,0,11,0,2305439210,0,148,0,0,2305.63,128,[-108 64 9 0 16 -16 14 -12 16 -10 21 -11 25 -8 20 -6 19 -3 22 2 26 3 25 7 26 12 23 14 28 20 25 19 24 22 24 24 21 26 20 25 19 24 17 22 13 21 16 18 17 16 14 15 17 14 0 0 0 0 0 0 0 0 0 0 0 0 0 0 0 0 0 0 0 0 0 0 -15 16 -12 17 -9 14 -8 15 -8 18 -3 19 -1 17 2 19 1 19 4 19 5 22 8 19 8 17 5 18 7 13 8 12 7 13 12 9 14 4 14 1 16 -2 15 -3 15 -6 13 -5 17 -5 14 -10 ],2025-05-07_20-08-05-359
CSI_DATA,PASSIVE,5C:E9:31:E8:F4:66,-77,11,0,0,0,0,0,0,0,0,0,-96,0,11,0,2305439451,0,501,0,0,2305.64,128,[-11 81 31 0 1 20 -2 19 -7 19 -2 18 -10 22 -10 20 -13 18 -15 16 -21 13 -25 16 -26 13 -30 10 -32 9 -32 14 -31 6 -35 9 -35 1 -34 2 -31 1 -29 0 -29 2 -26 2 -22 3 -22 1 -21 9 0 0 0 0 0 0 0 0 0 0 0 0 0 0 0 0 0 0 0 0 0 0 -2 -21 -2 -21 -5 -22 -6 -18 -6 -16 -13 -17 -13 -18 -16 -16 -17 -12 -15 -13 -19 -8 -20 -9 -15 -6 -19 -7 -17 -7 -14 -2 -16 0 -17 0 -15 7 -12 8 -11 8 -9 11 -9 10 -4 16 -2 15 -5 15 ],2025-05-07_20-08-05-365
CSI_DATA,PASSIVE,5C:E9:31:E8:F4:66,-77,11,0,0,0,0,0,0,0,0,0,-96,0,11,0,2305536957,0,521,0,0,2305.7,128,[9 -110 32 0 -17 -15 -13 -15 -9 -15 -14 -16 -6 -20 -11 -21 -5 -21 -5 -25 0 -27 -1 -31 3 -34 6 -27 8 -29 12 -30 15 -25 14 -31 16 -27 16 -26 15 -26 13 -26 11 -24 9 -25 7 -25 6 -23 6 -19 0 0 0 0 0 0 0 0 0 0 0 0 0 0 0 0 0 0 0 0 0 0 14 14 11 12 15 12 14 9 16 4 16 7 17 5 19 3 17 -1 17 -1 20 0 19 -3 18 -10 15 -8 16 -8 12 -12 9 -11 7 -12 5 -11 3 -12 -1 -10 -2 -16 -4 -10 -6 -10 -8 -12 -9 -17 ],2025-05-07_20-08-05-430
CSI_DATA,PASSIVE,5C:E9:31:E8:F4:66,-78,11,0,0,0,0,0,0,0,0,0,-96,0,11,0,2305537694,0,154,0,0,2305.71,128,[-102 -96 9 0 -27 29 -30 20 -39 27 -29 22 -37 18 -47 6 -59 12 -60 1 -49 2 -58 3 -67 -11 -73 -18 -67 -27 -69 -34 -77 -31 -77 -37 -70 -35 -73 -42 -59 -39 -60 -32 -61 -22 -53 -25 -50 -11 -47 -13 -48 -10 0 0 0 0 0 0 0 0 0 0 0 0 0 0 0 0 0 0 0 0 0 0 26 -34 26 -26 21 -32 21 -36 22 -37 16 -32 7 -31 8 -41 0 -40 -12 -40 -8 -48 -15 -43 -9 -39 -10 -40 -21 -29 -15 -28 -24 -18 -25 -19 -20 -10 -25 -7 -19 -8 -26 7 -22 5 -24 8 -26 15 -30 11 ],2025-05-07_20-08-05-435
CSI_DATA,PASSIVE,5C:E9:31:E8:F4:66,-78,11,0,0,0,0,0,0,0,0,0,-96,0,11,0,2305537943,0,174,0,0,2305.72,128,[-82 -32 10 0 -18 -38 -29 -39 -14 -34 -26 -50 -5 -39 -6 -41 1 -46 14 -48 17 -48 30 -62 30 -62 43 -50 42 -62 37 -66 46 -51 56 -68 52 -52 63 -53 63 -49 44 -51 42 -41 40 -42 27 -42 31 -38 33 -41 0 0 0 0 0 0 0 0 0 0 0 0 0 0 0 0 0 0 0 0 0 0 24 40 9 32 20 31 23 23 24 22 20 22 39 21 33 16 33 11 48 7 48 20 40 2 55 1 35 -1 33 -7 36 -10 17 -19 21 -13 10 -18 8 -23 9 -26 -3 -35 -8 -28 -5 -29 -12 -20 -10 -28 ],2025-05-07_20-08-05-441
CSI_DATA,PASSIVE,5C:E9:31:E8:F4:66,-77,11,0,0,0,0,0,0,0,0,0,-96,0,11,0,2305538216,0,640,0,0,2305.72,128,[-128 2 40 0 -3 -16 -6 -22 -9 -22 1 -22 2 -21 8 -26 7 -21 15 -22 14 -19 16 -24 19 -19 17 -18 25 -19 30 -15 32 -24 30 -12 31 -17 33 -15 32 -10 27 -13 26 -12 25 -16 23 -13 19 -13 14 -15 0 0 0 0 0 0 0 0 0 0 0 0 0 0 0 0 0 0 0 0 0 0 2 20 1 17 4 16 6 15 4 15 10 14 12 14 14 10 15 9 16 11 19 8 19 8 16 2 16 2 16 5 15 -2 15 -3 12 -6 12 -7 8 -4 8 -12 2 -14 3 -13 4 -11 -1 -13 -1 -15 ],2025-05-07_20-08-05-447
CSI_DATA,PASSIVE,5C:E9:31:E8:F4:66,-77,11,0,0,0,0,0,0,0,0,0,-96,0,11,0,2305539113,0,108,0,0,2305.73,128,[108 -64 6 0 -7 -19 -8 -18 -5 -24 0 -25 -1 -20 0 -22 3 -23 6 -24 12 -26 12 -24 15 -25 19 -24 20 -23 22 -27 27 -20 28 -24 29 -21 30 -20 27 -17 26 -16 24 -18 17 -18 18 -17 15 -17 14 -16 0 0 0 0 0 0 0 0 0 0 0 0 0 0 0 0 0 0 0 0 0 0 0 19 -1 18 4 19 4 19 6 15 9 13 11 14 14 10 13 10 13 13 16 11 18 5 18 4 16 2 15 2 13 0 13 -3 14 -3 9 -5 8 -8 6 -9 4 -11 2 -10 2 -13 -1 -14 -3 -11 ],2025-05-07_20-08-05-453
CSI_DATA,PASSIVE,5C:E9:31:E8:F4:66,-77,11,0,0,0,0,0,0,0,0,0,-96,0,11,0,2305539297,0,185,0,0,2305.73,128,[-71 -112 11 0 -4 -22 3 -18 2 -21 6 -20 5 -23 9 -20 11 -19 12 -18 19 -19 24 -19 22 -15 30 -16 28 -12 30 -15 35 -9 35 -6 36 -9 35 -8 30 -7 31 -7 28 -6 25 -7 25 -6 24 -8 20 -10 0 0 0 0 0 0 0 0 0 0 0 0 0 0 0 0 0 0 0 0 0 0 -4 18 -1 17 0 20 3 17 2 16 6 15 8 13 11 15 13 14 14 10 17 13 15 9 15 8 18 7 15 6 14 0 14 -3 14 -3 12 -3 8 -9 6 -7 6 -15 4 -11 4 -12 1 -15 -1 -14 ],2025-05-07_20-08-05-457
CSI_DATA,PASSIVE,5C:E9:31:E8:F4:66,-77,11,0,0,0,0,0,0,0,0,0,-96,0,11,0,2305539586,0,205,0,0,2305.74,128,[-51 -48 12 0 -10 -16 -11 -17 -12 -15 -5 -18 -6 -20 -3 -20 0 -21 -1 -27 7 -27 7 -25 11 -26 10 -27 15 -28 15 -30 21 -25 26 -26 21 -26 23 -20 22 -24 23 -23 19 -22 17 -22 13 -20 13 -24 7 -18 0 0 0 0 0 0 0 0 0 0 0 0 0 0 0 0 0 0 0 0 0 0 9 18 7 15 8 16 12 13 11 10 14 6 13 7 16 7 13 0 17 2 19 5 16 -2 19 -1 14 -1 14 -1 15 -3 12 -8 9 -8 8 -13 10 -6 5 -8 -1 -13 -1 -13 -6 -13 -6 -12 -8 -14 ],2025-05-07_20-08-05-463
CSI_DATA,PASSIVE,5C:E9:31:E8:E9:4E,-87,11,0,0,0,0,0,0,0,0,0,-96,0,11,0,2305562906,0,128,0,0,2305.74,128,[-128 0 8 0 -2 -4 3 6 3 10 11 4 1 4 3 3 9 4 2 1 14 9 12 4 9 9 19 2 19 -6 23 0 24 0 22 6 21 -3 10 8 19 15 16 17 11 15 7 17 9 11 1 17 -1 14 0 0 0 0 0 0 0 0 0 0 0 0 0 0 0 0 0 0 0 0 0 0 7 -5 13 -4 7 -7 4 -11 6 -4 -1 -13 3 -6 7 -13 -2 -10 -4 -12 -2 -14 4 -15 3 -21 8 -15 -5 -19 0 -19 -6 -15 -12 -14 -8 -12 -4 2 -12 -8 -4 -3 -10 -5 -7 0 -10 2 -5 -10 ],2025-05-07_20-08-05-468
CSI_DATA,PASSIVE,5C:E9:31:E8:E9:4E,-87,11,0,0,0,0,0,0,0,0,0,-96,0,11,0,2305608073,0,128,0,0,2305.77,128,[-128 0 8 0 14 -7 2 -1 6 -14 0 1 -3 -5 -3 -10 -11 -4 -8 -8 -18 -7 -16 -1 -19 -3 -22 -11 -12 -13 -21 -15 -15 -17 -22 -14 -9 -16 -12 -20 -11 -19 -2 -20 -8 -18 -6 -20 -1 -18 9 -15 4 -17 0 0 0 0 0 0 0 0 0 0 0 0 0 0 0 0 0 0 0 0 0 0 -17 -6 -9 -5 -12 4 -8 6 1 4 -10 -1 2 4 3 4 -8 13 -16 -1 -8 28 -11 23 -3 12 -15 12 -5 15 2 15 0 10 5 19 -7 17 10 15 4 6 3 5 14 6 8 10 11 -3 12 5 ],2025-05-07_20-08-05-500
CSI_DATA,PASSIVE,5C:E9:31:E8:E9:4E,-88,11,0,0,0,0,0,0,0,0,0,-96,0,11,0,2305630662,0,98,0,0,2305.8,128,[98 32 6 0 -9 -2 -3 -4 -6 -3 -4 0 -9 -3 -2 -1 -14 -2 -12 5 -7 7 -8 16 -13 2 -6 4 -22 4 -16 9 -22 8 -21 5 -25 5 -21 2 -18 -1 -19 0 -18 -6 -17 -14 -14 -6 -13 -9 -8 -11 0 0 0 0 0 0 0 0 0 0 0 0 0 0 0 0 0 0 0 0 0 0 3 7 4 7 12 4 6 3 12 2 5 2 13 5 13 3 12 -2 13 4 14 -3 22 -1 17 -7 12 -8 10 -5 12 -9 17 -8 8 -1 12 -5 5 -7 9 -13 3 -5 3 -2 6 -1 5 -3 -7 -7 ],2025-05-07_20-08-05-522
CSI_DATA,PASSIVE,5C:E9:31:E8:F4:66,-77,11,0,0,0,0,0,0,0,0,0,-96,0,11,0,2305639638,0,94,0,0,2305.81,128,[94 -32 5 0 14 21 10 17 9 20 8 19 9 19 0 23 -3 18 -2 20 -4 26 -13 24 -17 25 -16 22 -19 27 -19 23 -24 24 -27 22 -32 19 -28 20 -26 14 -27 18 -24 15 -22 15 -21 18 -19 14 -17 16 0 0 0 0 0 0 0 0 0 0 0 0 0 0 0 0 0 0 0 0 0 0 -15 -16 -13 -16 -15 -15 -19 -14 -16 -11 -19 -11 -20 -8 -22 -5 -21 -2 -24 -2 -23 -3 -22 0 -22 6 -21 6 -19 5 -14 7 -18 6 -9 8 -10 12 -5 12 -3 14 -1 14 3 16 4 14 4 19 6 15 ],2025-05-07_20-08-05-532
CSI_DATA,PASSIVE,5C:E9:31:E8:F4:66,-77,11,0,0,0,0,0,0,0,0,0,-96,0,11,0,2305639807,0,266,0,0,2305.81,128,[10 -95 16 0 -30 25 -37 25 -51 26 -44 27 -43 18 -50 -4 -46 1 -49 3 -55 -12 -47 -18 -61 -32 -65 -33 -62 -42 -65 -43 -57 -38 -67 -45 -59 -43 -50 -55 -50 -61 -42 -50 -48 -44 -40 -38 -42 -32 -37 -26 -34 -22 0 0 0 0 0 0 0 0 0 0 0 0 0 0 0 0 0 0 0 0 0 0 27 -32 27 -26 27 -32 21 -41 23 -38 24 -35 20 -44 14 -41 8 -44 -1 -46 -4 -43 -11 -46 -6 -48 -9 -41 -5 -39 -16 -30 -16 -28 -23 -26 -17 -13 -25 -10 -30 -4 -32 1 -28 13 -33 4 -40 14 -35 16 ],2025-05-07_20-08-05-538
CSI_DATA,PASSIVE,5C:E9:31:E8:F4:66,-77,11,0,0,0,0,0,0,0,0,0,-96,0,11,0,2305640204,0,128,0,0,2305.82,128,[-128 0 8 0 -53 -15 -46 -13 -46 -20 -48 -29 -30 -28 -25 -28 -41 -36 -27 -54 -23 -51 -36 -48 -12 -51 -6 -68 -3 -56 -1 -81 3 -79 9 -75 20 -72 14 -68 26 -71 10 -62 21 -61 6 -60 10 -44 8 -42 2 -40 0 0 0 0 0 0 0 0 0 0 0 0 0 0 0 0 0 0 0 0 0 0 42 -1 41 -8 30 -4 41 -9 39 -13 38 -17 35 -12 38 -35 30 -25 32 -31 36 -34 25 -43 31 -40 32 -32 23 -34 22 -37 13 -32 4 -28 -4 -24 -12 -21 -14 -29 -18 -21 -25 -15 -27 -21 -23 -42 -41 -20 ],2025-05-07_20-08-05-544
CSI_DATA,PASSIVE,5C:E9:31:E8:F4:66,-77,11,0,0,0,0,0,0,0,0,0,-96,0,11,0,2305640417,0,94,0,0,2305.82,128,[94 -32 5 0 -5 -39 -10 -44 -6 -41 -8 -49 -1 -46 8 -56 3 -51 15 -48 13 -46 20 -56 34 -52 46 -50 48 -38 57 -51 56 -45 63 -43 60 -38 59 -38 73 -42 59 -36 55 -32 40 -38 50 -35 35 -36 35 -30 0 0 0 0 0 0 0 0 0 0 0 0 0 0 0 0 0 0 0 0 0 0 23 43 13 37 14 37 23 44 19 34 26 30 31 24 37 22 35 18 37 16 46 15 49 13 43 8 41 5 34 4 36 0 26 -4 26 -9 30 -13 16 -15 3 -23 12 -29 9 -28 16 -41 -3 -40 -6 -39 ],2025-05-07_20-08-05-550
CSI_DATA,PASSIVE,5C:E9:31:E8:F4:66,-77,11,0,0,0,0,0,0,0,0,0,-96,0,11,0,2305640586,0,94,0,0,2305.83,128,[94 -32 5 0 17 -2 24 -3 20 1 21 1 19 3 22 4 21 6 17 9 18 16 20 17 17 20 18 20 17 27 15 28 13 33 13 32 9 34 11 30 11 30 7 27 9 27 9 24 7 22 8 21 14 21 0 0 0 0 0 0 0 0 0 0 0 0 0 0 0 0 0 0 0 0 0 0 -19 6 -21 8 -19 7 -14 8 -18 12 -13 14 -12 13 -10 17 -12 20 -8 20 -7 19 -6 18 -4 20 -3 20 1 20 1 14 3 12 7 12 6 12 6 8 11 7 19 3 18 2 14 2 16 2 19 2 ],2025-05-07_20-08-05-556
CSI_DATA,PASSIVE,5C:E9:31:E8:F4:66,-76,11,0,0,0,0,0,0,0,0,0,-96,0,11,0,2305640755,0,128,0,0,2305.83,128,[-128 0 8 0 4 19 4 18 0 21 -1 16 -1 21 -5 20 -10 21 -13 19 -16 20 -14 14 -19 17 -18 11 -19 19 -20 11 -36 9 -26 15 -18 7 -35 12 -27 7 -24 7 -25 5 -20 13 -25 9 -22 9 -17 9 0 0 0 0 0 0 0 0 0 0 0 0 0 0 0 0 0 0 0 0 0 0 -6 -19 -7 -17 -11 -17 -7 -16 -4 -9 -13 -12 -18 -15 -10 -9 -16 -10 -13 -8 -17 -8 -22 -1 -19 2 -16 -11 -13 -3 -20 3 -12 3 -15 -2 -8 4 -11 7 -9 9 -10 11 1 12 -4 14 -5 18 -2 13 ],2025-05-07_20-08-05-560
CSI_DATA,PASSIVE,5C:E9:31:E8:F4:66,-77,11,0,0,0,0,0,0,0,0,0,-96,0,11,0,2305640968,0,128,0,0,2305.84,128,[-128 0 8 0 -14 18 -13 14 -14 14 -16 13 -19 13 -18 11 -19 8 -22 6 -28 2 -22 3 -31 -3 -30 -4 -32 -5 -27 -8 -33 -11 -31 -11 -32 -13 -31 -14 -27 -14 -28 -14 -26 -14 -24 -11 -27 -10 -24 -8 -21 -7 0 0 0 0 0 0 0 0 0 0 0 0 0 0 0 0 0 0 0 0 0 0 11 -17 7 -16 4 -17 3 -20 5 -20 -2 -21 -1 -23 -2 -21 -6 -17 -14 -21 -11 -24 -13 -21 -12 -23 -12 -19 -11 -14 -16 -13 -12 -6 -13 -9 -15 -5 -14 3 -16 3 -12 5 -14 8 -12 12 -14 10 -12 10 ],2025-05-07_20-08-05-566
CSI_DATA,PASSIVE,5C:E9:31:E8:F4:66,-77,11,0,0,0,0,0,0,0,0,0,-96,0,11,0,2305641181,0,98,0,0,2305.85,128,[98 32 6 0 -21 -11 -21 -13 -19 -13 -18 -13 -18 -16 -14 -14 -12 -18 -11 -20 -8 -24 -8 -25 -4 -27 2 -30 0 -30 4 -30 6 -34 7 -32 10 -32 11 -29 11 -33 11 -27 9 -26 10 -27 5 -25 4 -23 1 -22 0 0 0 0 0 0 0 0 0 0 0 0 0 0 0 0 0 0 0 0 0 0 19 5 18 3 18 2 20 1 18 -2 15 -1 15 -5 18 -7 18 -11 18 -11 15 -14 16 -15 15 -17 13 -15 13 -15 8 -16 3 -17 2 -15 3 -13 -4 -13 -7 -11 -7 -14 -11 -10 -11 -10 -14 -11 -14 -8 ],2025-05-07_20-08-05-572
CSI_DATA,PASSIVE,5C:E9:31:E8:F4:66,-78,11,0,0,0,0,0,0,0,0,0,-96,0,11,0,2305641687,0,250,0,0,2305.85,128,[-6 -96 15 0 15 16 14 18 14 15 10 17 10 22 7 22 5 21 7 23 -4 26 2 27 -5 27 -11 24 -14 26 -17 29 -17 29 -19 30 -18 25 -21 25 -19 21 -18 23 -19 22 -15 21 -17 23 -15 20 -13 20 0 0 0 0 0 0 0 0 0 0 0 0 0 0 0 0 0 0 0 0 0 0 -15 -17 -12 -16 -15 -13 -16 -11 -21 -9 -15 -7 -19 -2 -18 -3 -21 -3 -24 1 -21 0 -21 6 -20 7 -20 6 -16 7 -11 9 -13 9 -8 7 -9 10 -10 12 -2 15 -1 18 4 11 6 14 6 16 11 17 ],2025-05-07_20-08-05-578
CSI_DATA,PASSIVE,5C:E9:31:E8:F4:66,-77,11,0,0,0,0,0,0,0,0,0,-96,0,11,0,2305642064,0,94,0,0,2305.86,128,[94 -32 5 0 21 -2 19 -3 20 0 20 0 21 4 20 6 21 6 20 11 19 13 16 15 17 20 16 21 14 27 16 25 12 30 11 31 8 30 11 33 6 26 8 29 7 24 8 27 11 22 8 21 9 20 0 0 0 0 0 0 0 0 0 0 0 0 0 0 0 0 0 0 0 0 0 0 -20 2 -21 -1 -17 2 -18 8 -16 6 -19 8 -17 11 -14 11 -11 15 -11 19 -9 16 -9 18 -8 18 -3 19 -2 17 -1 18 0 14 2 17 5 10 5 9 4 7 12 5 13 5 14 1 18 2 16 3 ],2025-05-07_20-08-05-582
CSI_DATA,PASSIVE,5C:E9:31:E8:E9:4E,-89,11,0,0,0,0,0,0,0,0,0,-96,0,11,0,2305666812,0,124,0,0,2305.86,128,[124 -64 7 0 1 6 -2 -12 -7 -9 -2 -15 -3 -4 -6 2 -8 -10 -4 -14 -10 -2 -15 -10 -21 -1 -11 -6 -25 -12 -15 -11 -27 -9 -24 -7 -18 -11 -14 -7 -18 -13 -6 -20 -17 -7 -6 -16 -8 -16 1 -19 -5 -9 0 0 0 0 0 0 0 0 0 0 0 0 0 0 0 0 0 0 0 0 0 0 -11 0 -5 5 -6 5 2 10 -5 8 5 5 -1 10 1 14 4 19 5 14 8 20 0 23 9 11 21 14 5 19 12 7 12 1 9 18 8 21 -1 4 15 10 10 -3 14 -12 -2 -8 5 -1 1 5 ],2025-05-07_20-08-05-588
CSI_DATA,PASSIVE,5C:E9:31:E8:E9:4E,-88,11,0,0,0,0,0,0,0,0,0,-96,0,11,0,2305710855,0,128,0,0,2305.88,128,[-128 0 8 0 -1 2 2 4 -1 1 -3 3 3 10 0 6 10 -1 8 1 4 4 14 7 16 6 25 5 20 4 19 6 21 6 21 14 17 12 11 17 14 14 9 13 9 11 8 9 1 13 2 17 3 14 0 0 0 0 0 0 0 0 0 0 0 0 0 0 0 0 0 0 0 0 0 0 10 -6 1 -3 10 -8 7 -2 1 -7 8 -11 4 -16 3 -16 4 -17 4 -13 6 -17 -3 -20 -4 -19 -1 -22 -3 -18 -4 -18 -2 -9 -7 -10 1 -1 -14 -6 -15 -14 -8 -9 -10 -9 -4 -3 -3 1 2 -2 ],2025-05-07_20-08-05-630
CSI_DATA,PASSIVE,5C:E9:31:E8:F4:66,-77,11,0,0,0,0,0,0,0,0,0,-96,0,11,0,2305741597,0,94,0,0,2305.91,128,[94 -32 5 0 17 -9 23 -9 23 -8 19 -3 22 -2 19 -1 26 1 22 7 24 3 18 9 16 10 25 18 23 23 18 20 22 19 12 25 12 22 20 29 11 24 9 23 15 27 12 17 16 15 16 17 12 17 0 0 0 0 0 0 0 0 0 0 0 0 0 0 0 0 0 0 0 0 0 0 -19 13 -12 10 -11 13 -13 13 -12 16 -5 20 -6 17 -2 18 -9 19 3 20 2 23 1 21 9 15 9 20 5 15 3 15 8 9 14 10 9 9 16 4 13 -1 14 -4 22 -8 17 -4 21 -10 20 -8 ],2025-05-07_20-08-05-633
CSI_DATA,PASSIVE,5C:E9:31:E8:F4:66,-76,11,0,0,0,0,0,0,0,0,0,-96,0,11,0,2305741766,0,267,0,0,2305.91,128,[11 -79 16 0 12 18 15 21 14 19 9 19 12 19 6 21 -1 21 -4 23 -1 22 -7 27 -4 27 -11 19 -15 33 -15 29 -17 22 -22 25 -30 17 -21 17 -21 21 -19 10 -20 17 -24 15 -19 16 -24 17 -12 20 0 0 0 0 0 0 0 0 0 0 0 0 0 0 0 0 0 0 0 0 0 0 -18 -10 -19 -9 -15 -9 -20 -3 -21 -3 -19 1 -16 -1 -19 -3 -21 5 -21 11 -21 12 -17 8 -19 9 -15 10 -10 10 -13 4 -8 9 -5 14 1 14 2 13 -1 10 0 17 6 19 4 13 9 16 10 18 ],2025-05-07_20-08-05-639
CSI_DATA,PASSIVE,5C:E9:31:E8:F4:66,-78,11,0,0,0,0,0,0,0,0,0,-96,0,11,0,2305742163,0,287,0,0,2305.92,128,[31 -15 17 0 6 26 5 22 0 28 3 20 2 24 3 20 -3 25 -7 22 -7 21 -14 22 -12 25 -22 24 -18 23 -22 22 -23 19 -25 19 -28 19 -26 17 -27 12 -26 14 -25 13 -21 14 -19 13 -20 11 -15 14 0 0 0 0 0 0 0 0 0 0 0 0 0 0 0 0 0 0 0 0 0 0 -8 -17 -10 -16 -10 -15 -12 -15 -11 -13 -15 -13 -18 -12 -19 -8 -21 -8 -23 -7 -20 -6 -23 -3 -19 0 -17 1 -18 0 -16 3 -10 9 -10 9 -9 13 -4 13 -5 15 -3 17 2 17 1 20 2 16 4 19 ],2025-05-07_20-08-05-645
CSI_DATA,PASSIVE,5C:E9:31:E8:F4:66,-77,11,0,0,0,0,0,0,0,0,0,-96,0,11,0,2305742588,0,124,0,0,2305.92,128,[124 -64 7 0 -23 -14 -20 -14 -17 -17 -14 -20 -15 -15 -12 -23 -8 -23 -6 -22 -3 -27 -5 -24 -3 -26 6 -27 5 -30 8 -26 6 -28 11 -27 14 -30 12 -31 15 -27 12 -24 9 -24 9 -22 8 -21 8 -22 5 -18 0 0 0 0 0 0 0 0 0 0 0 0 0 0 0 0 0 0 0 0 0 0 14 9 14 10 16 6 17 5 22 4 20 2 17 2 21 -1 19 -3 21 -7 15 -8 18 -11 18 -12 14 -11 12 -8 6 -15 6 -12 3 -13 2 -16 -1 -16 -3 -15 -8 -16 -10 -14 -11 -14 -11 -10 -18 -22 ],2025-05-07_20-08-05-651
CSI_DATA,PASSIVE,5C:E9:31:E8:F4:66,-77,11,0,0,0,0,0,0,0,0,0,-96,0,11,0,2305742797,0,130,0,0,2305.93,128,[-126 32 8 0 -11 15 -14 15 -15 20 -17 17 -17 11 -21 13 -19 11 -18 14 -21 2 -28 4 -27 2 -29 2 -31 -4 -29 -3 -32 -6 -28 -7 -33 -13 -28 -15 -28 -11 -28 -11 -22 -11 -23 -10 -23 -9 -22 -10 -17 -6 0 0 0 0 0 0 0 0 0 0 0 0 0 0 0 0 0 0 0 0 0 0 5 -21 5 -21 4 -18 2 -18 1 -19 -5 -22 -7 -21 -10 -17 -10 -18 -11 -19 -12 -18 -14 -15 -13 -17 -17 -11 -17 -12 -13 -8 -14 -3 -18 1 -12 2 -12 7 -17 8 -14 8 -9 9 -15 17 -13 13 -9 15 ],2025-05-07_20-08-05-656
CSI_DATA,PASSIVE,5C:E9:31:E8:F4:66,-77,11,0,0,0,0,0,0,0,0,0,-96,0,11,0,2305743014,0,128,0,0,2305.94,128,[-128 0 8 0 22 6 23 7 21 4 21 0 21 4 21 11 16 13 22 12 14 15 14 21 15 22 11 26 10 27 7 29 4 33 3 28 2 30 0 29 -2 31 -2 27 2 25 0 24 0 23 3 19 5 19 0 0 0 0 0 0 0 0 0 0 0 0 0 0 0 0 0 0 0 0 0 0 -18 3 -19 3 -18 7 -19 7 -19 10 -16 13 -16 14 -10 14 -11 14 -10 19 -9 22 -7 17 -9 19 -6 16 -4 19 0 14 4 14 4 13 7 10 11 11 12 5 13 8 19 2 16 4 18 6 20 5 ],2025-05-07_20-08-05-661
CSI_DATA,PASSIVE,5C:E9:31:E8:E9:4E,-87,11,0,0,0,0,0,0,0,0,0,-96,0,11,0,2305790805,0,115,0,0,2305.96,128,[115 48 7 0 2 10 -1 5 0 7 8 -2 0 -1 7 -3 10 -2 16 0 16 -9 4 -10 8 -19 10 -13 11 -22 13 -17 13 -6 16 -7 22 -10 18 -5 19 -2 26 2 24 4 25 -4 16 2 13 3 13 5 0 0 0 0 0 0 0 0 0 0 0 0 0 0 0 0 0 0 0 0 0 0 3 -5 -5 -10 -1 -5 -6 -12 -7 -1 -12 -10 -10 -5 -11 -4 -16 -7 -11 -7 -18 -7 -14 -8 -14 -8 -15 0 -11 -7 -15 1 -15 -1 -7 1 -15 2 -7 -1 -6 6 -12 -2 -8 -1 -8 3 2 8 -9 -1 ],2025-05-07_20-08-05-683
CSI_DATA,PASSIVE,5C:E9:31:E8:E9:4E,-88,11,0,0,0,0,0,0,0,0,0,-96,0,11,0,2305818976,0,98,0,0,2305.99,128,[98 32 6 0 -4 -6 7 -4 -6 2 -1 7 2 10 -8 6 -7 9 6 9 -1 11 1 9 13 8 4 14 15 13 10 17 10 17 13 21 9 26 10 17 12 14 2 20 4 13 -1 19 5 17 -5 18 -7 15 0 0 0 0 0 0 0 0 0 0 0 0 0 0 0 0 0 0 0 0 0 0 1 0 0 16 0 17 -1 8 4 10 9 6 5 11 12 9 11 8 16 7 12 8 9 7 18 6 11 11 11 -1 16 -3 6 8 15 -8 3 -6 10 -6 13 -3 7 -15 10 -4 -1 -10 0 -1 1 -4 ],2025-05-07_20-08-05-710
CSI_DATA,PASSIVE,5C:E9:31:E8:F4:66,-77,11,0,0,0,0,0,0,0,0,0,-96,0,11,0,2305843985,0,330,0,0,2306.01,128,[74 -95 20 0 -18 -37 -12 -50 -2 -38 -11 -38 -3 -47 -2 -54 2 -43 2 -46 22 -45 19 -59 25 -43 32 -53 39 -51 36 -44 43 -57 52 -56 55 -51 54 -40 57 -35 49 -46 49 -43 40 -36 33 -33 32 -31 30 -23 0 0 0 0 0 0 0 0 0 0 0 0 0 0 0 0 0 0 0 0 0 0 44 28 39 27 45 33 46 22 40 22 44 19 41 14 42 15 42 9 46 -2 50 0 44 -7 45 -10 38 -9 26 -9 29 -22 19 -26 10 -30 10 -34 7 -30 -6 -33 -7 -38 -5 -35 -8 -51 -14 -40 -9 -37 ],2025-05-07_20-08-05-737
CSI_DATA,PASSIVE,5C:E9:31:E8:F4:66,-77,11,0,0,0,0,0,0,0,0,0,-96,0,11,0,2305844466,0,350,0,0,2306.02,128,[94 -31 21 0 -15 15 -13 16 -19 15 -16 15 -20 14 -23 11 -24 7 -20 4 -22 -2 -26 -1 -25 -6 -28 -9 -30 -10 -27 -13 -27 -17 -28 -19 -27 -20 -32 -17 -25 -20 -24 -18 -23 -18 -20 -18 -20 -16 -21 -12 -19 -11 0 0 0 0 0 0 0 0 0 0 0 0 0 0 0 0 0 0 0 0 0 0 3 -23 -3 -23 -1 -26 -3 -21 -4 -23 -7 -21 -9 -22 -11 -23 -13 -19 -12 -20 -15 -15 -16 -18 -14 -15 -16 -13 -15 -8 -15 -5 -10 -2 -16 1 -14 1 -14 6 -14 10 -15 11 -15 9 -17 14 -15 15 -14 14 ],2025-05-07_20-08-05-742
CSI_DATA,PASSIVE,5C:E9:31:E8:F4:66,-77,11,0,0,0,0,0,0,0,0,0,-96,0,11,0,2305844975,0,115,0,0,2306.02,128,[115 48 7 0 -5 29 -2 17 -3 25 -5 22 -4 20 -10 17 -10 17 -17 15 -18 13 -21 9 -25 11 -25 9 -33 11 -27 4 -33 3 -31 1 -34 2 -32 2 -30 -3 -31 -3 -30 -3 -24 0 -25 1 -24 1 -21 1 0 0 0 0 0 0 0 0 0 0 0 0 0 0 0 0 0 0 0 0 0 0 -11 -18 -14 -20 -13 -18 -16 -21 -21 -14 -15 -13 -19 -12 -22 -14 -20 -13 -20 -10 -22 -7 -15 -6 -22 -3 -17 -2 -15 1 -12 3 -15 7 -11 6 -13 12 -12 12 -6 15 -8 14 -3 19 -3 18 -5 18 -2 22 ],2025-05-07_20-08-05-749
CSI_DATA,PASSIVE,5C:E9:31:E8:F4:66,-77,11,0,0,0,0,0,0,0,0,0,-96,0,11,0,2305845172,0,98,0,0,2306.03,128,[98 32 6 0 -12 -19 -13 -21 -10 -18 -9 -18 -2 -17 -2 -20 -2 -17 1 -18 2 -20 7 -21 9 -19 14 -22 15 -20 19 -23 24 -14 25 -19 22 -16 21 -17 19 -16 21 -17 23 -15 18 -12 14 -16 17 -15 13 -15 0 0 0 0 0 0 0 0 0 0 0 0 0 0 0 0 0 0 0 0 0 0 20 4 18 4 16 6 22 5 21 0 17 2 18 0 20 -1 19 -4 15 -3 18 -5 16 -10 15 -9 13 -9 12 -12 10 -7 7 -13 3 -9 1 -14 -3 -14 -3 -21 -1 -15 -3 -18 -7 -15 -9 -19 -12 -18 ],2025-05-07_20-08-05-754
CSI_DATA,PASSIVE,5C:E9:31:E8:E9:4E,-87,11,0,0,0,0,0,0,0,0,0,-96,0,11,0,2305888350,0,188,0,0,2306.06,128,[-68 -64 11 0 2 -3 -6 10 0 9 0 11 -5 8 0 5 7 12 -7 12 -2 15 7 4 13 12 8 17 21 20 21 11 20 12 16 8 18 16 13 22 21 23 15 17 10 18 6 17 4 12 8 14 9 16 0 0 0 0 0 0 0 0 0 0 0 0 0 0 0 0 0 0 0 0 0 0 6 4 3 4 3 7 7 1 9 -4 10 -14 12 -1 3 -7 11 -5 2 -21 22 -10 22 -14 14 -5 9 -8 11 -8 3 -18 11 -16 0 -13 4 -17 7 -9 5 -8 -10 -12 -7 -11 -6 -12 -6 -16 -3 1 ],2025-05-07_20-08-05-780
CSI_DATA,PASSIVE,5C:E9:31:E8:F4:66,-77,11,0,0,0,0,0,0,0,0,0,-96,0,11,0,2305948092,0,128,0,0,2306.11,128,[-128 0 8 0 -26 -7 -23 -4 -21 -6 -23 -7 -19 -9 -21 -11 -19 -15 -17 -14 -19 -20 -16 -20 -19 -23 -15 -27 -14 -30 -11 -29 -10 -34 -9 -29 -6 -33 -5 -33 -6 -30 -6 -30 -4 -29 -6 -24 -7 -25 -7 -21 -6 -21 0 0 0 0 0 0 0 0 0 0 0 0 0 0 0 0 0 0 0 0 0 0 21 1 21 0 21 -1 19 -2 23 -5 18 -7 17 -8 17 -10 19 -11 11 -14 10 -15 11 -16 7 -17 6 -14 4 -14 5 -13 -3 -16 -7 -14 -7 -13 -7 -11 -12 -11 -13 -9 -18 -6 -17 -6 -18 -8 -18 -7 ],2025-05-07_20-08-05-841
CSI_DATA,PASSIVE,5C:E9:31:E8:F4:66,-77,11,0,0,0,0,0,0,0,0,0,-96,0,11,0,2305948305,0,113,0,0,2306.12,128,[113 16 7 0 -6 -21 -8 -23 -6 -24 -6 -24 -2 -19 -2 -26 2 -23 7 -25 7 -21 9 -24 17 -27 18 -23 19 -21 20 -22 24 -21 26 -19 26 -20 28 -16 27 -17 24 -11 22 -14 22 -11 20 -11 18 -12 16 -14 0 0 0 0 0 0 0 0 0 0 0 0 0 0 0 0 0 0 0 0 0 0 11 20 10 19 12 18 13 17 16 14 16 11 20 10 18 9 19 7 19 3 19 5 16 0 19 -1 18 3 16 -4 11 -6 11 -10 11 -11 7 -15 6 -16 6 -15 2 -19 1 -16 -3 -16 -7 -21 -8 -20 ],2025-05-07_20-08-05-846
CSI_DATA,PASSIVE,5C:E9:31:E8:F4:66,-77,11,0,0,0,0,0,0,0,0,0,-96,0,11,0,2305948498,0,94,0,0,2306.13,128,[94 -32 5 0 -14 -19 -12 -20 -14 -23 -11 -19 -12 -21 -5 -22 -2 -21 -3 -25 -1 -25 5 -30 8 -25 13 -24 14 -27 18 -29 16 -28 22 -26 24 -25 21 -23 25 -20 19 -23 20 -21 20 -17 14 -18 14 -17 13 -17 0 0 0 0 0 0 0 0 0 0 0 0 0 0 0 0 0 0 0 0 0 0 22 13 21 11 16 7 20 10 19 5 18 6 22 3 22 -2 20 1 23 -1 19 -6 18 -8 18 -8 16 -8 10 -11 9 -11 5 -17 4 -11 2 -17 -1 -19 0 -17 -2 -16 -5 -14 -9 -17 -12 -16 -9 -18 ],2025-05-07_20-08-05-852
CSI_DATA,PASSIVE,5C:E9:31:E8:F4:66,-77,11,0,0,0,0,0,0,0,0,0,-96,0,11,0,2305948666,0,188,0,0,2306.13,128,[-68 -64 11 0 17 -18 17 -18 19 -14 20 -12 21 -11 21 -11 20 -7 26 -6 22 -3 26 -2 26 -1 28 8 27 5 27 14 27 15 29 13 28 15 26 17 25 19 21 18 21 18 18 16 20 10 20 10 16 7 0 0 0 0 0 0 0 0 0 0 0 0 0 0 0 0 0 0 0 0 0 0 -13 18 -11 20 -11 21 -8 19 -8 20 -4 20 -3 23 0 21 3 19 1 18 5 17 8 18 11 14 9 16 10 12 11 10 10 3 14 4 15 0 14 -1 13 -9 16 -7 17 -12 16 -12 17 -10 18 -14 ],2025-05-07_20-08-05-857
CSI_DATA,PASSIVE,5C:E9:31:E8:E9:4E,-88,11,0,0,0,0,0,0,0,0,0,-96,0,11,0,2305975354,0,128,0,0,2306.14,128,[-128 0 8 0 -3 0 6 -4 -1 9 5 -3 2 6 -2 1 -2 0 16 2 2 12 11 8 15 -5 22 6 16 2 20 5 24 3 11 11 21 4 20 19 18 15 10 11 10 7 13 14 9 18 6 10 3 17 0 0 0 0 0 0 0 0 0 0 0 0 0 0 0 0 0 0 0 0 0 0 6 -7 13 -3 2 -7 1 -8 1 -9 -6 -12 -1 -7 0 -14 -3 -17 -5 -24 -8 -17 2 -19 -2 -15 -6 -14 -8 -17 -10 -10 -5 -10 -9 -21 -17 -10 -19 -8 -8 -11 -14 1 -18 -12 -14 1 -10 1 -6 11 ],2025-05-07_20-08-05-866
CSI_DATA,PASSIVE,5C:E9:31:E8:E9:4E,-89,11,0,0,0,0,0,0,0,0,0,-96,0,11,0,2306007800,0,108,0,0,2306.17,128,[108 -64 6 0 4 0 -6 -3 -12 -11 -8 -4 -9 -3 -10 4 -8 6 -3 2 -2 7 -12 18 -10 13 -12 11 -5 12 -13 8 -16 20 -15 19 -13 11 -16 15 -21 13 -10 13 -21 0 -21 1 -22 5 -15 -1 -13 2 0 0 0 0 0 0 0 0 0 0 0 0 0 0 0 0 0 0 0 0 0 0 1 8 -3 13 4 13 -10 8 7 10 5 16 5 10 14 11 10 9 13 10 14 8 5 11 8 9 8 6 6 3 2 -1 12 4 12 1 15 -2 14 -2 15 4 11 -5 19 -6 7 1 -4 -9 11 1 ],2025-05-07_20-08-05-899
CSI_DATA,PASSIVE,5C:E9:31:E8:E9:4E,-87,11,0,0,0,0,0,0,0,0,0,-96,0,11,0,2306035684,0,98,0,0,2306.2,128,[98 32 6 0 5 -2 5 4 1 -4 2 -5 -3 -1 4 -9 -6 -13 -7 -8 -15 -9 -12 -10 -12 -9 -15 -9 -16 -16 -19 -18 -16 -21 -14 -18 -14 -25 -8 -28 -8 -19 -9 -25 -9 -26 -6 -15 2 -20 -1 -17 4 -12 0 0 0 0 0 0 0 0 0 0 0 0 0 0 0 0 0 0 0 0 0 0 -6 -8 -9 -9 -10 -1 -8 0 -10 -3 -10 3 -15 8 -13 7 -15 10 -10 10 -11 10 -8 19 -9 15 -4 15 -5 12 -6 14 3 18 -10 17 3 6 0 3 5 14 4 7 0 7 4 0 13 5 0 2 ],2025-05-07_20-08-05-927
CSI_DATA,PASSIVE,5C:E9:31:E8:E9:4E,-89,11,0,0,0,0,0,0,0,0,0,-96,0,11,0,2306038826,0,138,0,0,2306.21,128,[-118 -96 8 0 -5 -4 -8 7 -9 11 -3 4 -1 0 1 17 -11 9 2 6 11 7 9 8 6 10 9 14 6 21 8 24 10 24 5 21 5 16 -2 22 -8 23 -3 26 3 20 -6 17 -9 16 -9 18 -14 5 0 0 0 0 0 0 0 0 0 0 0 0 0 0 0 0 0 0 0 0 0 0 10 -3 13 -3 9 2 7 -6 6 -2 2 -12 15 -2 13 -22 11 -9 6 -15 9 -16 3 -17 11 -15 6 -16 6 -12 11 -15 7 -20 -8 -9 1 -6 6 -15 -3 -4 -1 -15 -9 -6 -12 -5 -16 -4 -7 -5 ],2025-05-07_20-08-05-932
CSI_DATA,PASSIVE,5C:E9:31:E8:E9:4E,-87,11,0,0,0,0,0,0,0,0,0,-96,0,11,0,2306039542,0,158,0,0,2306.21,128,[-98 -32 9 0 -9 0 1 1 -14 5 -1 4 -1 4 12 9 7 7 4 -2 11 2 11 -2 21 7 7 12 19 3 22 9 21 6 20 7 21 8 17 18 16 9 13 18 18 15 12 17 2 10 8 18 -1 14 0 0 0 0 0 0 0 0 0 0 0 0 0 0 0 0 0 0 0 0 0 0 6 3 2 3 12 -6 7 -4 11 -10 13 -6 10 -12 5 -11 1 -10 8 -8 5 -12 4 -14 -1 -16 7 -10 5 -10 -2 -19 -1 -23 -5 -9 -8 -13 -9 -17 -12 -6 -7 1 0 -12 -6 1 -3 -15 1 0 ],2025-05-07_20-08-05-938
CSI_DATA,PASSIVE,5C:E9:31:E8:F4:66,-76,11,0,0,0,0,0,0,0,0,0,-96,0,11,0,2306048970,0,128,0,0,2306.22,128,[-128 0 8 0 20 -3 21 1 19 -2 23 2 22 6 19 2 20 7 16 14 18 9 15 16 14 18 15 24 11 23 7 24 9 28 9 27 4 29 6 29 3 23 2 25 1 25 1 25 3 22 5 17 4 19 0 0 0 0 0 0 0 0 0 0 0 0 0 0 0 0 0 0 0 0 0 0 -17 16 -16 15 -13 16 -11 19 -14 16 -11 17 -9 19 -6 19 -3 20 -3 20 1 19 0 18 1 21 4 18 3 16 5 13 8 12 9 13 11 9 15 8 16 3 18 -3 12 0 15 2 17 0 14 -3 ],2025-05-07_20-08-05-942
CSI_DATA,PASSIVE,5C:E9:31:E8:F4:66,-77,11,0,0,0,0,0,0,0,0,0,-96,0,11,0,2306049183,0,108,0,0,2306.22,128,[108 -64 6 0 3 24 6 20 7 21 7 23 2 19 -1 28 -7 23 -5 22 -7 21 -12 22 -20 26 -19 22 -24 23 -25 19 -25 19 -31 20 -27 13 -30 16 -26 10 -26 14 -21 14 -22 13 -21 13 -14 12 -17 13 0 0 0 0 0 0 0 0 0 0 0 0 0 0 0 0 0 0 0 0 0 0 -18 -18 -17 -15 -21 -14 -19 -13 -20 -9 -24 -11 -20 -8 -25 -3 -25 -3 -26 -2 -24 -1 -24 1 -22 4 -17 7 -13 7 -19 10 -15 11 -13 15 -8 14 -7 14 -4 21 2 18 4 20 0 22 4 18 3 17 ],2025-05-07_20-08-05-949
CSI_DATA,PASSIVE,5C:E9:31:E8:F4:66,-77,11,0,0,0,0,0,0,0,0,0,-96,0,11,0,2306049368,0,124,0,0,2306.23,128,[124 -64 7 0 9 22 5 19 4 19 1 21 -2 21 -2 22 -3 19 -5 18 -10 16 -11 17 -20 16 -19 19 -23 18 -25 16 -24 13 -27 11 -26 10 -29 8 -28 10 -26 9 -20 7 -25 7 -22 8 -18 7 -16 6 0 0 0 0 0 0 0 0 0 0 0 0 0 0 0 0 0 0 0 0 0 0 -21 -10 -18 -7 -19 -8 -20 -9 -23 -4 -21 -4 -23 -2 -18 -3 -20 2 -20 3 -21 4 -21 9 -19 10 -17 10 -17 7 -11 11 -11 14 -7 13 -6 12 -2 19 0 19 0 15 1 18 5 17 7 18 7 16 ],2025-05-07_20-08-05-954
CSI_DATA,PASSIVE,5C:E9:31:E8:F4:66,-76,11,0,0,0,0,0,0,0,0,0,-96,0,11,0,2306049577,0,94,0,0,2306.23,128,[94 -32 5 0 21 -4 25 1 21 -3 25 1 26 1 18 7 22 5 19 12 20 15 20 16 19 23 17 23 14 26 11 30 9 30 14 27 6 31 8 29 6 28 6 28 7 25 6 25 6 22 7 19 8 19 0 0 0 0 0 0 0 0 0 0 0 0 0 0 0 0 0 0 0 0 0 0 -21 14 -22 13 -22 16 -15 14 -16 14 -15 18 -10 19 -13 19 -9 18 -7 21 -5 22 -4 20 0 22 1 17 3 18 1 16 6 14 11 17 10 9 12 7 16 7 17 9 21 2 19 -3 20 -1 18 0 ],2025-05-07_20-08-05-959
CSI_DATA,PASSIVE,5C:E9:31:E8:F4:66,-77,11,0,0,0,0,0,0,0,0,0,-96,0,11,0,2306049746,0,138,0,0,2306.24,128,[-118 -96 8 0 13 16 7 13 11 17 7 23 8 17 5 16 3 19 -4 21 -9 18 -9 24 -11 20 -15 21 -16 19 -20 19 -20 20 -23 16 -24 17 -25 17 -22 14 -23 14 -21 11 -20 11 -14 14 -15 14 -15 12 0 0 0 0 0 0 0 0 0 0 0 0 0 0 0 0 0 0 0 0 0 0 -20 -7 -19 -9 -21 -6 -22 -8 -22 -3 -21 -4 -24 -1 -24 -1 -21 2 -19 7 -19 4 -19 7 -17 9 -14 10 -13 9 -10 12 -9 13 -5 14 -6 14 -2 17 2 16 6 15 3 14 5 17 7 17 10 18 ],2025-05-07_20-08-05-965
CSI_DATA,PASSIVE,5C:E9:31:E8:E9:4E,-88,11,0,0,0,0,0,0,0,0,0,-96,0,11,0,2306080117,0,98,0,0,2306.25,128,[98 32 6 0 -3 -2 3 -2 -2 -5 -13 10 -3 4 -11 3 -7 -5 -14 5 -16 18 -13 9 -14 14 -13 19 -14 15 -20 5 -26 6 -24 6 -24 4 -18 4 -23 9 -24 -4 -22 -7 -22 -5 -20 -9 -9 -3 -12 -10 0 0 0 0 0 0 0 0 0 0 0 0 0 0 0 0 0 0 0 0 0 0 9 7 3 0 6 4 2 -1 6 4 6 3 14 -2 19 -2 15 0 18 -5 14 -5 13 -4 20 -3 17 -8 9 -6 11 -5 11 -6 9 -6 12 -8 3 -6 11 -11 13 -9 5 -11 0 -7 7 -5 0 -14 ],2025-05-07_20-08-05-971
CSI_DATA,PASSIVE,5C:E9:31:E8:E9:4E,-89,11,0,0,0,0,0,0,0,0,0,-96,0,11,0,2306080555,0,186,0,0,2306.25,128,[-70 -96 11 0 -1 -7 0 -3 -3 5 -7 2 -7 1 -4 5 -8 5 -10 7 -6 11 -3 18 -9 16 2 17 -6 19 4 20 -8 20 -12 20 -8 20 -10 22 -15 18 -11 13 -22 18 -20 10 -17 11 -17 9 -14 3 0 0 0 0 0 0 0 0 0 0 0 0 0 0 0 0 0 0 0 0 0 0 -5 9 -5 9 -4 7 4 10 0 6 7 12 12 13 9 6 14 10 9 9 15 7 14 6 13 6 16 9 13 4 13 4 11 0 10 -3 12 -1 10 -1 3 -8 1 2 11 -8 -2 -6 4 -6 1 0 ],2025-05-07_20-08-05-977
CSI_DATA,PASSIVE,5C:E9:31:E8:E9:4E,-88,11,0,0,0,0,0,0,0,0,0,-96,0,11,0,2306080844,0,206,0,0,2306.26,128,[-50 -32 12 0 -6 -4 -6 -8 1 -7 -5 -6 -12 0 -14 3 -11 1 -12 -5 -12 2 -13 0 -12 7 -23 11 -24 4 -21 8 -25 -4 -23 -3 -25 -4 -22 -9 -20 -6 -17 -7 -16 -12 -19 -15 -10 -12 -8 -14 -5 -8 0 0 0 0 0 0 0 0 0 0 0 0 0 0 0 0 0 0 0 0 0 0 -4 7 -3 10 5 13 1 14 5 10 6 8 13 7 9 -3 11 0 5 12 12 9 17 9 17 7 16 11 13 6 14 -1 10 6 10 3 20 -3 10 -2 9 -3 15 -10 8 -3 4 2 7 -11 -3 -4 ],2025-05-07_20-08-05-982
CSI_DATA,PASSIVE,5C:E9:31:E8:F4:66,-76,11,0,0,0,0,0,0,0,0,0,-96,0,11,0,2306151375,0,94,0,0,2306.32,128,[94 -32 5 0 -6 -19 -8 -21 -8 -20 -5 -19 -1 -21 -1 -22 3 -19 7 -22 8 -19 14 -20 13 -19 12 -21 18 -20 21 -18 25 -20 25 -13 24 -11 26 -9 23 -10 22 -9 21 -7 16 -7 18 -8 15 -9 14 -10 0 0 0 0 0 0 0 0 0 0 0 0 0 0 0 0 0 0 0 0 0 0 14 15 14 12 14 13 17 10 19 9 19 6 20 7 22 6 20 4 21 2 23 2 20 -2 21 -4 19 -3 15 -4 14 -8 13 -11 10 -9 7 -12 8 -12 3 -13 1 -15 -2 -17 0 -18 -4 -16 -3 -18 ],2025-05-07_20-08-06-43
CSI_DATA,PASSIVE,5C:E9:31:E8:F4:66,-76,11,0,0,0,0,0,0,0,0,0,-96,0,11,0,2306151544,0,186,0,0,2306.32,128,[-70 -96 11 0 18 -16 19 -14 17 -11 19 -12 17 -6 18 -9 22 -6 24 -1 28 0 23 4 25 8 27 5 26 13 22 16 24 19 26 20 21 21 22 21 19 22 16 22 18 19 16 18 16 13 15 15 12 12 0 0 0 0 0 0 0 0 0 0 0 0 0 0 0 0 0 0 0 0 0 0 -8 21 -8 19 -6 20 -6 20 -4 23 0 21 1 23 3 25 4 23 5 23 8 23 9 22 8 21 12 17 11 14 14 12 13 9 13 6 15 5 14 0 15 -4 18 -4 15 -7 16 -9 13 -9 15 -10 ],2025-05-07_20-08-06-48
CSI_DATA,PASSIVE,5C:E9:31:E8:F4:66,-76,11,0,0,0,0,0,0,0,0,0,-96,0,11,0,2306151833,0,206,0,0,2306.33,128,[-50 -32 12 0 2 -24 -3 -18 5 -23 4 -23 10 -23 7 -21 7 -19 11 -20 17 -20 15 -15 23 -15 21 -14 28 -14 30 -9 32 -7 30 -6 31 -5 29 -5 30 0 25 0 24 0 23 -1 21 -1 20 -2 18 -3 0 0 0 0 0 0 0 0 0 0 0 0 0 0 0 0 0 0 0 0 0 0 14 17 14 17 16 16 16 15 16 14 19 12 22 11 22 8 23 8 21 8 22 8 19 6 22 1 23 -1 19 -3 20 -5 15 -9 14 -9 13 -13 11 -15 7 -11 6 -18 1 -19 2 -23 2 -21 2 -23 ],2025-05-07_20-08-06-54
CSI_DATA,PASSIVE,5C:E9:31:E8:F4:66,-76,11,0,0,0,0,0,0,0,0,0,-96,0,11,0,2306152150,0,165,0,0,2306.33,128,[-91 80 10 0 8 -23 11 -22 9 -18 11 -19 11 -19 15 -18 19 -14 20 -13 23 -9 22 -8 22 -6 26 -3 28 3 28 -2 29 4 32 4 31 9 28 10 26 10 26 9 25 9 22 8 18 6 17 5 19 4 0 0 0 0 0 0 0 0 0 0 0 0 0 0 0 0 0 0 0 0 0 0 5 23 5 19 6 21 6 20 9 20 11 19 14 18 14 18 14 22 18 18 20 15 19 13 21 12 16 11 17 7 18 2 15 0 17 -2 14 -4 13 -7 15 -9 13 -12 12 -14 10 -17 8 -15 8 -15 ],2025-05-07_20-08-06-59
CSI_DATA,PASSIVE,5C:E9:31:E8:F4:66,-77,11,0,0,0,0,0,0,0,0,0,-96,0,11,0,2306152411,0,185,0,0,2306.34,128,[-71 -112 11 0 -49 1 -48 2 -47 -6 -41 -14 -42 -5 -54 -17 -50 -24 -50 -45 -44 -30 -46 -36 -39 -35 -33 -54 -38 -60 -42 -74 -35 -70 -29 -74 -25 -66 -20 -73 -16 -74 -14 -66 -17 -52 -10 -55 -10 -46 -5 -34 -15 -31 0 0 0 0 0 0 0 0 0 0 0 0 0 0 0 0 0 0 0 0 0 0 37 -30 34 -33 33 -33 31 -39 38 -48 27 -46 22 -49 23 -50 20 -49 6 -59 10 -57 4 -57 7 -54 6 -45 0 -45 -5 -39 -9 -30 -24 -29 -19 -26 -20 -24 -32 -5 -39 -1 -42 -5 -35 -11 -55 -13 -48 -2 ],2025-05-07_20-08-06-66
CSI_DATA,PASSIVE,5C:E9:31:E8:F4:66,-76,11,0,0,0,0,0,0,0,0,0,-96,0,11,0,2306152700,0,622,0,0,2306.35,128,[110 -30 38 0 -9 20 -8 21 -12 18 -13 17 -13 18 -17 17 -17 14 -19 15 -23 10 -24 7 -27 7 -26 3 -31 2 -30 -2 -31 -4 -32 -6 -32 -9 -29 -9 -28 -11 -29 -7 -23 -8 -25 -8 -21 -5 -21 -3 -19 -4 0 0 0 0 0 0 0 0 0 0 0 0 0 0 0 0 0 0 0 0 0 0 -3 -24 -3 -21 -6 -22 -7 -21 -8 -22 -12 -21 -13 -18 -14 -18 -14 -18 -20 -17 -17 -18 -18 -15 -19 -12 -19 -10 -20 -7 -17 -5 -16 0 -18 -1 -17 2 -14 6 -13 11 -14 12 -12 15 -9 17 -9 14 -10 16 ],2025-05-07_20-08-06-72
CSI_DATA,PASSIVE,5C:E9:31:E8:F4:66,-76,11,0,0,0,0,0,0,0,0,0,-96,0,11,0,2306154470,0,165,0,0,2306.35,128,[-91 80 10 0 -19 -10 -22 -8 -20 -7 -17 -12 -18 -13 -12 -11 -14 -14 -11 -18 -9 -19 -8 -22 -4 -24 -8 -26 -4 -26 -1 -30 2 -29 3 -29 4 -28 7 -26 7 -25 5 -23 3 -22 5 -21 1 -19 -1 -18 -1 -17 0 0 0 0 0 0 0 0 0 0 0 0 0 0 0 0 0 0 0 0 0 0 19 -2 20 -6 20 -6 18 -8 18 -6 20 -9 16 -9 15 -14 14 -13 15 -13 11 -14 13 -17 11 -18 8 -16 6 -15 2 -16 2 -15 -5 -16 -8 -15 -10 -13 -7 -11 -11 -8 -18 -10 -13 -5 -14 -8 -13 -10 ],2025-05-07_20-08-06-78
CSI_DATA,PASSIVE,5C:E9:31:E8:F4:66,-76,11,0,0,0,0,0,0,0,0,0,-96,0,11,0,2306154731,0,185,0,0,2306.36,128,[-71 -112 11 0 9 19 11 19 7 21 10 21 5 19 5 20 3 21 0 21 -3 23 -9 22 -11 24 -15 23 -16 24 -20 26 -22 22 -25 20 -23 18 -25 18 -23 17 -21 16 -20 14 -19 12 -17 13 -12 14 -13 16 0 0 0 0 0 0 0 0 0 0 0 0 0 0 0 0 0 0 0 0 0 0 -19 -12 -18 -11 -21 -11 -20 -10 -23 -9 -22 -5 -26 -1 -24 -2 -23 -1 -25 2 -23 2 -21 5 -20 10 -19 8 -17 9 -13 12 -10 15 -7 12 -7 11 -2 14 -2 15 2 16 3 14 5 18 7 17 8 19 ],2025-05-07_20-08-06-83
CSI_DATA,PASSIVE,5C:E9:31:E8:F4:66,-76,11,0,0,0,0,0,0,0,0,0,-96,0,11,0,2306155020,0,94,0,0,2306.36,128,[94 -32 5 0 25 5 21 7 20 7 17 8 21 9 16 17 13 11 15 15 12 18 8 24 9 21 7 25 1 26 0 27 -3 28 -5 30 -4 30 -8 30 -7 26 -7 22 -2 23 -4 22 -3 21 -2 19 0 18 0 0 0 0 0 0 0 0 0 0 0 0 0 0 0 0 0 0 0 0 0 0 -20 8 -22 9 -21 8 -20 10 -19 9 -17 12 -18 13 -17 17 -17 16 -13 17 -13 18 -10 18 -11 21 -7 17 -4 17 2 20 2 12 6 17 9 14 8 11 13 8 17 10 14 8 19 9 22 7 20 8 ],2025-05-07_20-08-06-88
CSI_DATA,PASSIVE,5C:E9:31:E8:F4:66,-76,11,0,0,0,0,0,0,0,0,0,-96,0,11,0,2306155189,0,94,0,0,2306.37,128,[94 -32 5 0 5 21 2 18 -2 22 -3 24 -4 24 -8 22 -8 19 -11 21 -13 16 -17 16 -19 15 -23 15 -23 15 -25 11 -27 12 -29 8 -30 6 -28 5 -28 5 -26 3 -25 4 -23 4 -20 6 -15 6 -16 9 0 0 0 0 0 0 0 0 0 0 0 0 0 0 0 0 0 0 0 0 0 0 -14 -20 -15 -18 -17 -17 -17 -17 -16 -13 -20 -14 -20 -11 -22 -12 -21 -8 -24 -8 -23 -7 -22 -5 -20 -2 -20 0 -18 3 -15 4 -13 8 -11 10 -11 12 -6 12 -4 14 -3 18 0 19 -4 23 0 20 -1 20 ],2025-05-07_20-08-06-94
CSI_DATA,PASSIVE,5C:E9:31:E8:E9:4E,-87,11,0,0,0,0,0,0,0,0,0,-96,0,11,0,2306227701,0,242,0,0,2306.39,128,[-14 32 15 0 -6 5 -1 6 12 -5 -4 12 -1 -3 -1 8 12 2 10 1 4 10 9 11 8 8 12 14 17 8 19 2 16 11 21 12 17 15 20 20 13 18 10 20 7 16 5 22 3 22 3 12 -6 13 0 0 0 0 0 0 0 0 0 0 0 0 0 0 0 0 0 0 0 0 0 0 12 1 11 -6 10 -2 11 2 6 -8 14 -10 10 -13 17 -4 7 -8 11 -9 12 -17 8 -19 7 -11 6 -10 -2 -15 3 -11 -4 -17 -2 -16 -3 -19 -5 -16 -7 -5 -2 -9 -12 -12 -7 -14 -9 -5 1 -5 ],2025-05-07_20-08-06-120
CSI_DATA,PASSIVE,5C:E9:31:E8:E9:4E,-87,11,0,0,0,0,0,0,0,0,0,-96,0,11,0,2306240516,0,337,0,0,2306.41,128,[81 17 21 0 9 6 7 -19 4 -1 3 -2 7 -12 -6 8 5 -14 13 -20 6 -15 9 -13 6 -17 17 -20 10 -20 17 -17 14 -14 16 -22 23 -16 30 -7 25 -4 18 -3 23 -5 16 6 17 -4 19 4 15 5 0 0 0 0 0 0 0 0 0 0 0 0 0 0 0 0 0 0 0 0 0 0 -8 -8 -5 -1 -8 -5 -11 -2 -3 1 -8 -2 -14 0 -16 4 -9 5 -17 8 -10 1 -10 2 -11 14 -6 9 -15 5 -20 7 -9 18 -10 11 -1 9 -9 5 -10 4 -8 18 -3 8 -1 16 6 -2 -8 -3 ],2025-05-07_20-08-06-133
CSI_DATA,PASSIVE,5C:E9:31:E8:E9:4E,-88,11,0,0,0,0,0,0,0,0,0,-96,0,11,0,2306242600,0,98,0,0,2306.41,128,[98 32 6 0 1 -1 4 -4 -1 -7 -2 -8 -1 -6 -4 -6 -1 -11 -6 -14 -7 -10 -8 -13 -16 -13 -12 -24 -10 -22 -9 -20 -6 -27 -1 -28 0 -34 1 -24 -6 -25 6 -20 7 -17 3 -18 4 -12 14 -8 10 -14 0 0 0 0 0 0 0 0 0 0 0 0 0 0 0 0 0 0 0 0 0 0 -7 -7 -7 -12 -4 -4 -10 -4 -6 -2 -9 4 -7 -9 -17 -3 -23 9 -17 3 -4 24 -15 2 -13 0 -9 5 -5 2 -7 9 -11 3 -13 10 3 13 -3 12 -8 15 -2 16 -1 4 -1 5 8 8 4 7 ],2025-05-07_20-08-06-138
CSI_DATA,PASSIVE,5C:E9:31:E8:F4:66,-77,11,0,0,0,0,0,0,0,0,0,-96,0,11,0,2306253621,0,80,0,0,2306.42,128,[80 0 5 0 -22 0 -23 0 -17 -2 -12 -3 -19 -5 -22 -4 -16 -5 -17 -13 -15 -17 -14 -24 -12 -22 -20 -23 0 -28 -2 -26 -7 -31 -6 -25 2 -36 -5 -29 -8 -26 1 -25 6 -20 -3 -23 -5 -18 5 -19 -6 -20 0 0 0 0 0 0 0 0 0 0 0 0 0 0 0 0 0 0 0 0 0 0 21 -9 22 -15 18 -9 20 -9 14 -11 14 -13 14 -14 9 -16 11 -16 9 -12 0 -19 3 -26 2 -25 -1 -13 2 -23 -7 -13 -5 -11 -6 -9 -12 -5 -12 -8 -16 -7 -11 -4 -21 2 -19 1 -16 -2 -18 1 ],2025-05-07_20-08-06-146
CSI_DATA,PASSIVE,5C:E9:31:E8:F4:66,-77,11,0,0,0,0,0,0,0,0,0,-96,0,11,0,2306253770,0,852,0,0,2306.43,128,[84 67 53 0 -16 8 -15 9 -12 10 -13 11 -14 8 -19 1 -16 -1 -19 -5 -22 -5 -20 -4 -18 -9 -16 -17 -26 -17 -16 -21 -18 -15 -14 -23 -14 -21 -18 -33 -16 -20 -11 -19 -22 -16 -11 -15 -18 -15 -11 -12 -6 -10 0 0 0 0 0 0 0 0 0 0 0 0 0 0 0 0 0 0 0 0 0 0 9 -21 8 -17 7 -18 6 -22 1 -22 3 -22 -5 -24 -6 -16 -3 -17 -4 -18 0 -11 -12 -16 -8 -14 -7 -17 -6 -10 -14 -6 -10 -3 -10 -3 -11 2 -11 2 -13 5 -7 9 -14 9 -14 9 -11 7 -13 7 ],2025-05-07_20-08-06-151
CSI_DATA,PASSIVE,5C:E9:31:E8:F4:66,-78,11,0,0,0,0,0,0,0,0,0,-96,0,11,0,2306254947,0,872,0,0,2306.43,128,[104 -125 54 0 -9 14 -6 16 -5 15 -8 16 -14 9 -19 12 -18 7 -17 8 -22 1 -24 1 -28 -1 -24 -1 -27 -9 -28 -6 -26 -12 -29 -12 -29 -16 -25 -17 -22 -17 -23 -15 -22 -18 -20 -12 -21 -11 -22 -13 -17 -7 0 0 0 0 0 0 0 0 0 0 0 0 0 0 0 0 0 0 0 0 0 0 -2 -24 -3 -24 -2 -23 -6 -23 -4 -23 -8 -18 -8 -21 -11 -21 -12 -19 -14 -17 -16 -16 -14 -11 -17 -11 -14 -8 -14 -6 -16 -3 -19 0 -14 1 -11 3 -12 9 -12 10 -11 11 -11 14 -7 14 -7 17 -6 15 ],2025-05-07_20-08-06-158
CSI_DATA,PASSIVE,5C:E9:31:E8:F4:66,-77,11,0,0,0,0,0,0,0,0,0,-96,0,11,0,2306256152,0,124,0,0,2306.44,128,[124 -64 7 0 -5 17 -5 17 -2 17 -7 13 -8 17 -12 12 -13 17 -8 12 -19 7 -19 9 -23 4 -26 10 -27 9 -34 2 -32 1 -30 -1 -33 -6 -28 -7 -28 -5 -28 -8 -26 -6 -24 -3 -22 -4 -19 -4 -18 -4 0 0 0 0 0 0 0 0 0 0 0 0 0 0 0 0 0 0 0 0 0 0 -8 -24 -3 -23 -7 -21 -9 -21 -11 -19 -13 -19 -14 -20 -16 -15 -17 -12 -15 -16 -18 -15 -19 -10 -18 -6 -17 -5 -14 -3 -16 -2 -12 3 -13 5 -11 6 -9 9 -8 14 -7 14 -7 14 -4 16 -5 19 -4 19 ],2025-05-07_20-08-06-163
CSI_DATA,PASSIVE,5C:E9:31:E8:F4:66,-77,11,0,0,0,0,0,0,0,0,0,-96,0,11,0,2306256361,0,146,0,0,2306.44,128,[-110 32 9 0 18 1 19 3 21 6 17 6 16 7 16 14 12 13 17 12 9 18 10 22 7 18 6 28 3 25 -2 29 1 29 -2 34 -6 33 -5 29 -7 24 -7 26 -7 24 -8 23 -3 21 -4 19 1 18 0 0 0 0 0 0 0 0 0 0 0 0 0 0 0 0 0 0 0 0 0 0 -25 2 -23 2 -24 1 -20 4 -22 12 -19 5 -20 12 -15 12 -16 10 -12 15 -11 14 -11 16 -10 14 -7 17 -5 17 -3 16 3 14 2 14 6 8 7 11 11 10 14 10 13 7 14 1 16 4 18 4 ],2025-05-07_20-08-06-169
CSI_DATA,PASSIVE,5C:E9:31:E8:F4:66,-77,11,0,0,0,0,0,0,0,0,0,-96,0,11,0,2306256598,0,166,0,0,2306.45,128,[-90 96 10 0 18 -10 17 -4 20 -8 19 -3 12 -4 18 -2 18 4 20 3 20 3 20 10 18 13 23 22 20 20 15 23 18 27 11 27 14 29 11 28 10 25 10 24 7 22 7 20 9 19 11 15 9 17 0 0 0 0 0 0 0 0 0 0 0 0 0 0 0 0 0 0 0 0 0 0 -19 11 -19 12 -18 12 -17 12 -16 16 -14 21 -10 17 -13 17 -8 19 -8 19 -1 16 -4 16 -1 19 -1 16 3 15 6 10 5 11 7 9 14 7 12 5 15 -3 19 2 18 1 11 -7 17 -4 18 -7 ],2025-05-07_20-08-06-174
CSI_DATA,PASSIVE,5C:E9:31:E8:F4:66,-77,11,0,0,0,0,0,0,0,0,0,-96,0,11,0,2306256863,0,205,0,0,2306.45,128,[-51 -48 12 0 18 7 16 9 16 8 15 8 12 11 9 15 10 13 7 17 6 14 3 16 4 25 6 28 1 30 -4 23 -3 31 -13 29 -14 26 -12 28 -23 29 -6 19 -17 22 -14 26 -13 24 -3 17 -3 16 0 0 0 0 0 0 0 0 0 0 0 0 0 0 0 0 0 0 0 0 0 0 -22 -5 -26 -5 -25 -7 -23 -2 -23 1 -23 0 -17 0 -23 3 -16 9 -17 10 -13 13 -16 18 -18 15 -15 13 -8 13 -9 10 1 13 -2 16 3 12 5 10 5 10 7 11 12 5 14 5 18 7 16 5 ],2025-05-07_20-08-06-179
CSI_DATA,PASSIVE,5C:E9:31:E8:F4:66,-77,11,0,0,0,0,0,0,0,0,0,-96,0,11,0,2306257180,0,222,0,0,2306.46,128,[-34 -32 13 0 19 6 16 11 14 12 10 12 13 14 10 16 9 19 5 19 4 19 -1 21 -5 25 -6 24 -12 25 -14 32 -15 29 -16 26 -19 24 -21 23 -20 22 -19 20 -18 19 -17 20 -15 17 -10 16 -6 17 0 0 0 0 0 0 0 0 0 0 0 0 0 0 0 0 0 0 0 0 0 0 -25 -5 -22 -4 -23 -3 -22 -2 -25 4 -21 4 -20 1 -20 8 -17 8 -16 9 -17 9 -16 12 -14 13 -11 12 -8 13 -7 14 -6 14 -3 16 3 10 3 15 7 11 10 13 10 9 11 8 15 12 13 9 ],2025-05-07_20-08-06-185
CSI_DATA,PASSIVE,5C:E9:31:E8:F4:66,-78,11,0,0,0,0,0,0,0,0,0,-96,0,11,0,2306257517,0,242,0,0,2306.47,128,[-14 32 15 0 -18 10 -18 9 -17 11 -16 9 -17 5 -17 3 -23 1 -24 -4 -21 -5 -21 -10 -20 -16 -22 -16 -21 -19 -20 -24 -19 -24 -19 -26 -20 -27 -16 -27 -14 -25 -11 -24 -15 -24 -15 -23 -11 -18 -11 -14 -13 -15 0 0 0 0 0 0 0 0 0 0 0 0 0 0 0 0 0 0 0 0 0 0 13 -24 10 -19 9 -21 4 -23 4 -21 5 -20 -3 -21 -1 -21 -3 -22 -6 -20 -8 -22 -8 -20 -11 -21 -9 -15 -13 -16 -8 -12 -16 -10 -14 -3 -13 -1 -15 1 -14 3 -17 4 -16 4 -14 7 -17 11 -17 7 ],2025-05-07_20-08-06-191
CSI_DATA,PASSIVE,5C:E9:31:E8:F4:66,-77,11,0,0,0,0,0,0,0,0,0,-96,0,11,0,2306257881,0,337,0,0,2306.47,128,[81 17 21 0 14 -14 14 -16 14 -14 18 -12 12 -11 18 -11 18 -3 19 -2 24 1 23 0 18 2 24 8 23 9 25 16 27 18 26 19 24 20 23 21 21 19 22 16 15 19 15 15 15 13 15 13 12 9 0 0 0 0 0 0 0 0 0 0 0 0 0 0 0 0 0 0 0 0 0 0 -14 22 -11 19 -10 19 -10 18 -6 17 -3 19 0 20 1 18 4 20 3 20 4 19 4 17 7 15 10 15 10 11 10 8 13 6 13 4 14 3 11 -1 14 -5 14 -3 12 -7 11 -10 12 -13 10 -11 ],2025-05-07_20-08-06-196
CSI_DATA,PASSIVE,5C:E9:31:E8:E9:4E,-89,11,0,0,0,0,0,0,0,0,0,-96,0,11,0,2306277997,0,287,0,0,2306.48,128,[31 -15 17 0 14 0 1 -3 -4 -4 2 -7 0 -2 -8 -1 -3 -7 -7 -11 3 -18 -8 -7 -14 -17 -18 -17 -23 -14 -13 -11 -10 -17 -20 -10 -21 -20 -13 -24 -9 -22 -11 -27 -5 -24 -3 -20 1 -12 -7 -18 1 -13 0 0 0 0 0 0 0 0 0 0 0 0 0 0 0 0 0 0 0 0 0 0 -6 -1 -2 -8 -11 -1 -7 4 -10 -2 -11 -3 -1 7 -5 -2 1 3 -14 6 -21 15 -10 16 -15 20 -13 14 -14 11 -6 9 -8 12 1 13 -9 12 -11 10 8 19 2 10 -6 0 10 3 8 4 4 -11 ],2025-05-07_20-08-06-202
CSI_DATA,PASSIVE,5C:E9:31:E8:E9:4E,-87,11,0,0,0,0,0,0,0,0,0,-96,0,11,0,2306298312,0,90,0,0,2306.48,128,[90 -96 5 0 1 -7 0 11 -1 1 -1 -5 -16 -2 -8 -11 -11 0 -11 -4 -15 2 -20 -4 -16 -3 -14 1 -23 -6 -27 3 -28 8 -23 0 -26 2 -28 -2 -20 -5 -20 -13 -21 -15 -20 -9 -18 -8 -4 -8 -14 -14 0 0 0 0 0 0 0 0 0 0 0 0 0 0 0 0 0 0 0 0 0 0 -10 2 -4 2 -10 6 -11 2 -5 11 -10 11 -7 15 3 10 3 4 -10 8 4 15 -7 14 -7 16 -6 6 4 9 3 13 11 5 8 11 12 15 9 0 6 15 7 5 8 11 -4 8 6 -2 6 -2 ],2025-05-07_20-08-06-206
CSI_DATA,PASSIVE,5C:E9:31:E8:E9:4E,-88,11,0,0,0,0,0,0,0,0,0,-96,0,11,0,2306348546,0,117,0,0,2306.52,128,[117 80 7 0 5 3 2 9 5 4 -2 0 8 10 7 -2 10 2 8 0 16 5 13 3 16 -5 19 5 25 -4 21 2 22 6 23 0 17 8 21 8 26 17 17 5 18 16 15 11 8 14 8 16 5 13 0 0 0 0 0 0 0 0 0 0 0 0 0 0 0 0 0 0 0 0 0 0 10 -6 8 -7 7 -7 5 -7 -3 -9 7 -8 0 -8 4 -16 2 -9 -2 -17 1 -18 -6 -18 -2 -11 -10 -14 -5 -11 -10 -13 -12 -11 -7 -12 -11 -9 -12 -8 -12 -12 -12 -10 -10 -4 -9 -5 0 -7 -4 -4 ],2025-05-07_20-08-06-240
CSI_DATA,PASSIVE,5C:E9:31:E8:F4:66,-76,11,0,0,0,0,0,0,0,0,0,-96,0,11,0,2306356186,0,267,0,0,2306.52,128,[11 -79 16 0 -23 -5 -21 -11 -15 -8 -19 -15 -19 -15 -18 -15 -18 -15 -17 -19 -10 -19 -8 -20 -7 -24 -6 -24 -6 -28 1 -28 2 -27 4 -26 7 -26 8 -27 7 -26 7 -21 7 -22 7 -22 3 -17 6 -16 1 -17 0 0 0 0 0 0 0 0 0 0 0 0 0 0 0 0 0 0 0 0 0 0 24 -5 23 -3 21 -5 20 -10 24 -9 20 -8 20 -10 20 -10 17 -14 17 -14 17 -16 13 -18 12 -16 12 -16 8 -15 3 -14 1 -15 -3 -15 -7 -12 -7 -14 -8 -10 -9 -15 -14 -11 -13 -9 -19 -9 -17 -9 ],2025-05-07_20-08-06-248
CSI_DATA,PASSIVE,5C:E9:31:E8:F4:66,-77,11,0,0,0,0,0,0,0,0,0,-96,0,11,0,2306356583,0,287,0,0,2306.53,128,[31 -15 17 0 -15 -24 -15 -22 -9 -17 -12 -24 -6 -24 -6 -20 -4 -21 1 -26 1 -25 7 -28 8 -22 13 -19 16 -23 17 -20 24 -20 25 -19 27 -19 26 -12 26 -14 21 -11 24 -11 22 -15 21 -10 17 -12 15 -13 0 0 0 0 0 0 0 0 0 0 0 0 0 0 0 0 0 0 0 0 0 0 25 6 26 2 23 4 25 4 25 -3 25 0 26 1 25 0 28 -5 24 -9 20 -5 23 -7 18 -11 19 -12 13 -14 11 -15 9 -14 4 -13 5 -20 4 -14 1 -14 -4 -19 -7 -15 -9 -19 -12 -19 -14 -18 ],2025-05-07_20-08-06-254
CSI_DATA,PASSIVE,5C:E9:31:E8:F4:66,-76,11,0,0,0,0,0,0,0,0,0,-96,0,11,0,2306357008,0,86,0,0,2306.53,128,[86 96 5 0 21 -6 15 -4 19 -1 25 2 20 -1 13 2 23 6 16 9 15 10 18 13 13 14 15 21 12 24 10 24 8 30 9 27 1 26 2 32 0 25 -1 23 0 26 0 24 3 17 2 16 1 16 0 0 0 0 0 0 0 0 0 0 0 0 0 0 0 0 0 0 0 0 0 0 -18 19 -14 16 -14 17 -12 19 -14 25 -10 19 -12 20 -9 22 -6 23 -4 20 -5 20 -4 20 -1 19 1 16 3 18 4 16 5 14 8 10 6 12 13 6 12 7 12 3 13 -1 12 -1 20 4 21 0 ],2025-05-07_20-08-06-259
CSI_DATA,PASSIVE,5C:E9:31:E8:F4:66,-77,11,0,0,0,0,0,0,0,0,0,-96,0,11,0,2306357165,0,128,0,0,2306.54,128,[-128 0 8 0 13 -22 14 -17 16 -16 13 -18 17 -19 14 -11 20 -12 21 -9 24 -10 27 -5 26 -6 29 0 29 3 31 6 28 11 29 13 28 15 27 16 25 20 23 14 19 12 18 14 20 12 16 10 18 8 0 0 0 0 0 0 0 0 0 0 0 0 0 0 0 0 0 0 0 0 0 0 -1 26 -1 24 1 28 3 25 5 23 7 25 9 26 11 20 9 24 15 21 13 19 13 14 15 14 14 14 19 13 13 4 15 2 20 4 13 -5 15 -5 13 -7 15 -9 14 -13 11 -17 11 -18 11 -16 ],2025-05-07_20-08-06-265
CSI_DATA,PASSIVE,5C:E9:31:E8:F4:66,-76,11,0,0,0,0,0,0,0,0,0,-96,0,11,0,2306357378,0,899,0,0,2306.55,128,[-125 51 56 0 22 5 22 7 22 11 26 11 17 10 18 5 20 16 13 16 13 22 16 20 5 28 7 28 0 28 1 35 0 34 -4 29 -8 35 -2 31 -12 28 -11 28 -9 26 -4 22 -4 20 -5 18 -5 19 0 0 0 0 0 0 0 0 0 0 0 0 0 0 0 0 0 0 0 0 0 0 -29 4 -29 3 -25 5 -25 10 -26 12 -26 10 -25 11 -26 11 -19 14 -16 17 -18 15 -14 17 -16 17 -10 14 -7 19 -8 14 -4 16 -1 16 7 12 7 12 6 13 13 14 18 10 19 9 19 11 20 7 ],2025-05-07_20-08-06-270
CSI_DATA,PASSIVE,5C:E9:31:E8:F4:66,-76,11,0,0,0,0,0,0,0,0,0,-96,0,11,0,2306358619,0,919,0,0,2306.55,128,[-105 115 57 0 14 14 16 17 14 18 13 14 11 15 9 17 6 21 7 19 1 22 -1 25 -6 25 -7 22 -12 24 -12 25 -13 23 -18 23 -17 22 -18 18 -16 18 -20 17 -18 14 -15 14 -13 13 -11 15 -11 12 0 0 0 0 0 0 0 0 0 0 0 0 0 0 0 0 0 0 0 0 0 0 -23 -10 -23 -6 -23 -5 -25 -5 -19 -1 -30 1 -23 0 -23 4 -25 9 -23 8 -21 4 -20 9 -18 6 -16 14 -16 8 -12 7 -7 17 -4 11 -5 11 -2 15 -1 15 2 18 7 16 9 12 12 15 11 15 ],2025-05-07_20-08-06-276
CSI_DATA,PASSIVE,5C:E9:31:E8:F4:66,-76,11,0,0,0,0,0,0,0,0,0,-96,0,11,0,2306359888,0,205,0,0,2306.56,128,[-51 -48 12 0 -17 12 -15 12 -17 14 -23 7 -19 6 -20 6 -21 1 -21 3 -22 -4 -24 -8 -23 -1 -24 -11 -24 -9 -25 -15 -25 -18 -23 -21 -22 -20 -20 -19 -18 -18 -13 -21 -14 -17 -13 -17 -13 -17 -15 -11 -11 -12 0 0 0 0 0 0 0 0 0 0 0 0 0 0 0 0 0 0 0 0 0 0 9 -22 7 -20 2 -23 5 -25 5 -23 -2 -27 -4 -23 0 -21 -1 -28 -3 -26 -8 -20 -7 -24 -6 -16 -12 -13 -13 -15 -10 -12 -14 -10 -15 -8 -16 0 -15 4 -14 3 -16 6 -18 8 -15 5 -16 12 -16 10 ],2025-05-07_20-08-06-282
CSI_DATA,PASSIVE,5C:E9:31:E8:F4:66,-77,11,0,0,0,0,0,0,0,0,0,-96,0,11,0,2306360205,0,165,0,0,2306.56,128,[-91 80 10 0 -16 16 -18 11 -19 13 -19 10 -16 9 -19 9 -22 7 -22 4 -23 -1 -24 -2 -22 -4 -24 -7 -24 -8 -25 -9 -25 -12 -23 -16 -25 -15 -24 -17 -22 -17 -17 -17 -20 -15 -15 -16 -16 -13 -16 -11 -12 -8 0 0 0 0 0 0 0 0 0 0 0 0 0 0 0 0 0 0 0 0 0 0 10 -22 12 -21 10 -21 7 -22 8 -23 4 -24 2 -24 5 -26 -1 -26 -3 -23 -2 -24 -7 -21 -3 -20 -9 -18 -7 -16 -11 -12 -15 -12 -14 -9 -12 -1 -16 0 -18 5 -16 5 -14 8 -15 7 -17 10 -19 7 ],2025-05-07_20-08-06-288
CSI_DATA,PASSIVE,5C:E9:31:E8:F4:66,-77,11,0,0,0,0,0,0,0,0,0,-96,0,11,0,2306360466,0,185,0,0,2306.57,128,[-71 -112 11 0 17 7 23 4 18 8 20 13 20 13 19 16 17 12 14 15 10 22 9 21 8 23 3 26 0 30 -4 27 -3 31 -9 27 -10 28 -6 26 -12 25 -13 23 -12 23 -6 23 -7 21 -7 17 -5 19 0 0 0 0 0 0 0 0 0 0 0 0 0 0 0 0 0 0 0 0 0 0 -26 5 -28 8 -21 9 -24 13 -29 13 -24 10 -27 10 -21 13 -19 17 -21 15 -16 17 -16 18 -10 24 -9 13 -3 19 -3 13 0 16 -1 12 5 14 6 14 12 12 14 14 13 8 10 8 17 8 19 9 ],2025-05-07_20-08-06-293
CSI_DATA,PASSIVE,5C:E9:31:E8:F4:66,-76,11,0,0,0,0,0,0,0,0,0,-96,0,11,0,2306360755,0,128,0,0,2306.57,128,[-128 0 8 0 18 -9 19 -13 18 -13 20 -10 17 -9 22 -8 19 -4 21 0 20 1 18 5 20 8 21 14 23 16 20 15 16 17 18 21 19 20 14 22 11 19 11 20 8 21 11 18 10 14 11 12 12 11 0 0 0 0 0 0 0 0 0 0 0 0 0 0 0 0 0 0 0 0 0 0 -7 24 -6 23 -5 21 -4 22 -3 26 1 23 1 22 5 21 2 23 8 23 9 20 9 18 8 18 6 15 11 14 12 11 12 5 14 7 12 4 14 1 16 -2 14 -1 22 -8 18 -9 18 -12 18 -9 ],2025-05-07_20-08-06-298
CSI_DATA,PASSIVE,5C:E9:31:E8:E9:4E,-88,11,0,0,0,0,0,0,0,0,0,-96,0,11,0,2306428965,0,205,0,0,2306.6,128,[-51 -48 12 0 -4 2 0 4 -6 -5 -5 5 4 -3 3 -12 7 -11 6 -12 2 -13 1 -17 -3 -14 -7 -20 0 -22 3 -24 -2 -19 -3 -19 -3 -22 3 -26 5 -21 4 -15 9 -21 9 -17 11 -14 15 -7 8 -3 0 0 0 0 0 0 0 0 0 0 0 0 0 0 0 0 0 0 0 0 0 0 7 -7 1 -8 5 -11 0 -10 -7 -9 -5 -8 -12 -8 -14 -6 -12 -7 -11 -13 -9 -7 -11 -9 -21 -5 -17 -4 -16 -2 -16 -4 -13 0 -19 -6 -14 -3 -9 0 -17 3 -4 12 -8 16 -12 3 -2 3 5 5 ],2025-05-07_20-08-06-321
CSI_DATA,PASSIVE,5C:E9:31:E8:E9:4E,-88,11,0,0,0,0,0,0,0,0,0,-96,0,11,0,2306441926,0,976,0,0,2306.61,128,[-48 3 61 0 3 -2 3 -6 -2 -8 -2 -1 5 -11 -5 -15 -10 -5 -9 -2 -11 -2 -13 -8 -10 -5 -7 -8 -18 -13 -21 -12 -20 -13 -21 -11 -18 -19 -20 -23 -18 -20 -8 -16 -2 -23 -8 -22 -4 -19 -1 -13 -2 -16 0 0 0 0 0 0 0 0 0 0 0 0 0 0 0 0 0 0 0 0 0 0 -4 9 -9 -1 -6 -1 -4 9 -7 7 3 6 -2 7 2 13 -2 16 2 16 3 18 -1 17 3 17 1 14 4 11 -1 14 13 5 5 3 18 7 13 1 13 8 3 8 3 9 10 10 2 12 5 3 ],2025-05-07_20-08-06-335
CSI_DATA,PASSIVE,5C:E9:31:E8:F4:66,-76,11,0,0,0,0,0,0,0,0,0,-96,0,11,0,2306458608,0,94,0,0,2306.63,128,[94 -32 5 0 12 19 13 18 9 22 5 21 6 22 2 19 -3 21 0 25 -4 22 -8 21 -11 19 -16 20 -16 20 -16 20 -18 16 -19 17 -25 15 -23 14 -24 12 -21 11 -20 12 -17 10 -14 10 -17 10 -13 10 0 0 0 0 0 0 0 0 0 0 0 0 0 0 0 0 0 0 0 0 0 0 -17 -13 -18 -12 -19 -11 -17 -10 -18 -7 -19 -6 -20 -8 -21 -6 -22 -4 -17 -2 -21 0 -16 5 -19 3 -18 7 -15 7 -13 9 -9 13 -5 14 -4 14 -2 16 0 17 0 17 5 17 7 19 8 24 10 18 ],2025-05-07_20-08-06-351
CSI_DATA,PASSIVE,5C:E9:31:E8:F4:66,-76,11,0,0,0,0,0,0,0,0,0,-96,0,11,0,2306458777,0,94,0,0,2306.63,128,[94 -32 5 0 -17 20 -15 16 -15 19 -19 16 -19 15 -15 16 -21 14 -23 13 -21 9 -22 10 -23 4 -24 0 -25 -2 -28 -4 -26 -8 -28 -9 -27 -11 -28 -13 -23 -10 -24 -10 -19 -13 -18 -9 -21 -11 -18 -6 -16 -6 0 0 0 0 0 0 0 0 0 0 0 0 0 0 0 0 0 0 0 0 0 0 7 -23 6 -21 3 -22 3 -21 2 -22 -2 -21 -5 -23 -6 -19 -5 -19 -9 -21 -11 -19 -12 -17 -11 -12 -15 -12 -13 -11 -16 -3 -17 -3 -16 -3 -13 3 -17 9 -16 10 -14 13 -13 13 -15 16 -13 14 -12 17 ],2025-05-07_20-08-06-356
CSI_DATA,PASSIVE,5C:E9:31:E8:F4:66,-77,11,0,0,0,0,0,0,0,0,0,-96,0,11,0,2306458946,0,205,0,0,2306.64,128,[-51 -48 12 0 -48 -23 -59 -20 -41 -33 -42 -38 -40 -23 -39 -32 -28 -36 -19 -59 -12 -27 -30 -48 -19 -54 5 -64 -9 -65 9 -70 4 -64 19 -69 12 -65 10 -57 19 -63 14 -51 13 -56 9 -51 7 -40 6 -36 6 -33 0 0 0 0 0 0 0 0 0 0 0 0 0 0 0 0 0 0 0 0 0 0 45 16 54 14 41 19 57 12 54 3 52 3 48 5 45 -4 46 -10 43 -12 51 -14 35 -24 42 -22 36 -25 15 -23 15 -29 2 -25 -9 -28 -12 -31 -13 -25 -33 -28 -27 -30 -32 -26 -39 -29 -36 -39 -40 -27 ],2025-05-07_20-08-06-363
CSI_DATA,PASSIVE,5C:E9:31:E8:F4:66,-77,11,0,0,0,0,0,0,0,0,0,-96,0,11,0,2306459263,0,117,0,0,2306.64,128,[117 80 7 0 -28 -7 -25 -9 -23 -10 -24 -10 -25 -14 -23 -16 -20 -17 -17 -23 -11 -22 -11 -20 -9 -27 -8 -29 -4 -24 -3 -32 0 -29 0 -29 5 -28 5 -31 6 -31 5 -24 3 -25 5 -23 3 -23 2 -19 0 -19 0 0 0 0 0 0 0 0 0 0 0 0 0 0 0 0 0 0 0 0 0 0 24 3 23 4 20 2 24 1 23 -2 25 -2 21 -7 18 -7 20 -10 19 -13 15 -13 17 -12 9 -20 12 -15 6 -16 3 -16 1 -16 -5 -17 -9 -12 -10 -17 -11 -15 -17 -12 -18 -17 -17 -12 -25 -9 -21 -11 ],2025-05-07_20-08-06-369
CSI_DATA,PASSIVE,5C:E9:31:E8:F4:66,-76,11,0,0,0,0,0,0,0,0,0,-96,0,11,0,2306459460,0,976,0,0,2306.65,128,[-48 3 61 0 24 8 29 3 22 2 22 10 29 10 18 6 19 10 22 14 20 14 18 17 14 22 13 21 13 29 11 26 7 30 1 27 2 28 3 30 -3 27 2 26 1 24 4 26 2 20 1 19 4 20 0 0 0 0 0 0 0 0 0 0 0 0 0 0 0 0 0 0 0 0 0 0 -28 6 -21 6 -24 5 -22 7 -22 8 -25 12 -21 11 -17 10 -19 14 -15 11 -13 18 -9 17 -8 16 -6 17 -6 20 -3 13 4 16 7 15 9 10 13 11 15 10 14 5 18 1 21 2 23 5 23 6 ],2025-05-07_20-08-06-373
CSI_DATA,PASSIVE,5C:E9:31:E8:F4:66,-77,11,0,0,0,0,0,0,0,0,0,-96,0,11,0,2306460805,0,996,0,0,2306.65,128,[-28 67 62 0 21 -19 19 -19 21 -15 23 -10 20 -14 21 -7 27 -6 25 -4 24 -2 24 6 26 6 23 12 21 13 22 14 26 20 24 25 18 24 24 22 19 25 14 19 14 21 13 19 11 15 13 16 14 14 0 0 0 0 0 0 0 0 0 0 0 0 0 0 0 0 0 0 0 0 0 0 -12 19 -10 21 -10 21 -10 24 -6 23 -4 24 -2 22 -1 22 0 23 1 21 5 22 5 19 8 17 5 16 12 16 13 8 15 7 13 5 16 2 18 -1 18 -8 20 -9 19 -13 19 -14 20 -12 20 -11 ],2025-05-07_20-08-06-379
CSI_DATA,PASSIVE,5C:E9:31:E8:F4:66,-76,11,0,0,0,0,0,0,0,0,0,-96,0,11,0,2306462174,0,130,0,0,2306.66,128,[-126 32 8 0 -28 2 -26 3 -23 0 -25 -3 -23 -2 -21 -2 -19 -6 -17 -13 -19 -14 -19 -15 -19 -17 -14 -20 -12 -24 -10 -27 -8 -27 -5 -28 -6 -30 -4 -28 -4 -26 -2 -24 -1 -23 -4 -22 -2 -22 -4 -18 -5 -16 0 0 0 0 0 0 0 0 0 0 0 0 0 0 0 0 0 0 0 0 0 0 18 -10 20 -13 15 -10 18 -14 16 -16 14 -14 14 -16 10 -19 10 -20 9 -21 5 -19 5 -19 2 -18 0 -17 -4 -12 -4 -14 -5 -12 -11 -13 -12 -9 -14 -9 -14 -6 -18 -1 -18 0 -21 -3 -22 -5 -22 -3 ],2025-05-07_20-08-06-385
CSI_DATA,PASSIVE,5C:E9:31:E8:E9:4E,-88,11,0,0,0,0,0,0,0,0,0,-96,0,11,0,2306479123,0,405,0,0,2306.67,128,[-107 81 25 0 -3 6 -4 2 1 3 6 14 -4 7 2 5 0 11 5 15 6 10 7 11 8 11 7 12 15 22 14 16 9 18 12 15 11 25 2 19 2 17 0 23 -6 18 -2 12 -6 9 -13 11 -14 11 0 0 0 0 0 0 0 0 0 0 0 0 0 0 0 0 0 0 0 0 0 0 17 1 5 -3 9 -7 9 -8 7 -7 9 -12 6 1 14 -12 5 -11 5 -11 7 -9 8 -15 1 -13 10 -21 10 -20 -3 -15 2 -9 1 -21 -7 -16 -6 -16 -2 -13 -4 -7 -1 -5 -3 -5 -4 -2 -2 -8 ],2025-05-07_20-08-06-390
CSI_DATA,PASSIVE,5C:E9:31:E8:E9:4E,-89,11,0,0,0,0,0,0,0,0,0,-96,0,11,0,2306479704,0,425,0,0,2306.67,128,[-87 -111 26 0 3 -6 4 -5 -4 -5 -10 1 -4 -7 -9 0 -14 -2 -8 -12 -9 -7 -15 -1 -16 -6 -25 1 -11 2 -10 -7 -27 -2 -23 -4 -21 -6 -28 -7 -23 -15 -15 -17 -18 -18 -9 -16 -16 -17 -5 -15 -10 -8 0 0 0 0 0 0 0 0 0 0 0 0 0 0 0 0 0 0 0 0 0 0 -2 4 -5 7 -6 6 2 3 5 11 -2 6 -2 5 -3 13 7 11 1 9 2 11 3 6 8 17 14 21 11 12 9 13 0 10 2 11 8 9 11 8 13 1 10 2 2 1 1 -3 4 5 11 -5 ],2025-05-07_20-08-06-395
CSI_DATA,PASSIVE,5C:E9:31:E8:E9:4E,-88,11,0,0,0,0,0,0,0,0,0,-96,0,11,0,2306480793,0,124,0,0,2306.68,128,[124 -64 7 0 -11 0 0 11 3 6 4 6 -2 8 0 -2 13 -2 10 6 3 -1 12 -11 17 -3 17 -9 21 -15 15 -10 21 -9 25 -6 24 -4 18 -7 18 0 16 -2 21 -3 16 0 18 -2 18 -3 13 2 0 0 0 0 0 0 0 0 0 0 0 0 0 0 0 0 0 0 0 0 0 0 8 2 1 5 2 -4 1 -2 9 0 11 -8 18 -6 5 -3 6 -16 11 -7 7 -19 -1 -12 6 -17 2 -15 4 -16 -3 -13 -9 -23 3 -11 -4 -19 -2 -9 -11 -15 -6 -16 -3 -5 -5 -12 -4 -8 -11 -11 ],2025-05-07_20-08-06-400
CSI_DATA,PASSIVE,5C:E9:31:E8:E9:4E,-88,11,0,0,0,0,0,0,0,0,0,-96,0,11,0,2306538582,0,98,0,0,2306.71,128,[98 32 6 0 -4 -2 6 5 3 7 -5 4 11 -4 16 1 18 -3 11 -3 11 1 10 -11 15 -5 18 -11 14 -13 23 -13 16 -9 26 -10 22 -13 25 -4 20 6 19 -3 18 0 15 -1 14 -1 11 7 13 9 0 0 0 0 0 0 0 0 0 0 0 0 0 0 0 0 0 0 0 0 0 0 10 -6 2 -3 4 -9 5 -9 3 -16 5 -9 -1 -13 -5 -12 -3 -13 -5 -6 0 -14 -8 -11 -11 -19 -8 -13 -12 -10 -9 -11 -8 -11 -11 -8 -14 -2 -15 -6 -10 -9 -4 0 -9 -10 -14 1 -5 3 -1 7 ],2025-05-07_20-08-06-431
CSI_DATA,PASSIVE,5C:E9:31:E8:E9:4E,-88,11,0,0,0,0,0,0,0,0,0,-96,0,11,0,2306539021,0,98,0,0,2306.71,128,[98 32 6 0 4 3 4 -7 0 -1 10 3 -1 -9 2 -8 5 -9 3 -17 4 -11 1 -14 0 -18 -9 -16 0 -16 -5 -28 -5 -20 -2 -28 -2 -25 0 -22 3 -20 11 -22 3 -20 5 -19 5 -17 11 -14 10 -11 0 0 0 0 0 0 0 0 0 0 0 0 0 0 0 0 0 0 0 0 0 0 -6 -13 -6 -14 -2 -14 -4 -4 -5 -9 -1 -9 -5 -10 -11 -4 -2 0 -18 -3 -28 -3 -13 -2 -17 -4 -19 0 -14 3 -25 -1 -4 0 -15 1 -19 8 -12 4 -5 -4 8 8 -6 4 -2 -1 4 3 1 0 ],2025-05-07_20-08-06-435
CSI_DATA,PASSIVE,5C:E9:31:E8:E9:4E,-87,11,0,0,0,0,0,0,0,0,0,-96,0,11,0,2306543841,0,158,0,0,2306.72,128,[-98 -32 9 0 1 -4 0 0 -6 -4 -12 -2 -8 -5 -9 0 -14 -4 -1 2 -14 -6 -16 9 -26 0 -12 8 -24 6 -22 5 -29 4 -27 3 -29 2 -30 -2 -20 -5 -19 -4 -23 -13 -13 -7 -9 -17 -19 -15 -10 -16 0 0 0 0 0 0 0 0 0 0 0 0 0 0 0 0 0 0 0 0 0 0 -3 3 -4 5 -9 14 4 8 -4 4 2 13 7 11 8 8 4 12 6 17 9 15 8 16 13 13 7 13 6 17 5 7 12 12 6 8 5 5 14 4 18 3 18 -9 11 -9 18 3 2 -7 8 -14 ],2025-05-07_20-08-06-440
CSI_DATA,PASSIVE,5C:E9:31:E8:E9:4E,-88,11,0,0,0,0,0,0,0,0,0,-96,0,11,0,2306562909,0,98,0,0,2306.73,128,[98 32 6 0 5 6 1 11 -3 1 -1 1 9 6 7 3 5 -2 10 -3 10 1 12 -8 9 -12 13 -14 24 -14 9 -17 20 -21 19 -8 16 -7 15 -5 16 -4 17 0 21 -2 13 -2 14 4 20 3 15 7 0 0 0 0 0 0 0 0 0 0 0 0 0 0 0 0 0 0 0 0 0 0 4 -7 3 -8 9 -12 -3 -7 3 -11 1 -13 -6 -16 -4 -10 -6 -9 -1 -9 -7 -15 -8 -13 -9 -12 -5 -17 -17 -14 -11 -11 -15 -11 -15 -13 -13 -13 -5 -9 -10 -6 -13 -3 -9 3 -6 -8 -5 -2 3 4 ],2025-05-07_20-08-06-454
CSI_DATA,PASSIVE,5C:E9:31:E8:F4:66,-76,11,0,0,0,0,0,0,0,0,0,-96,0,11,0,2306566727,0,405,0,0,2306.73,128,[-107 81 25 0 4 -26 3 -22 7 -24 7 -22 11 -22 10 -19 13 -20 18 -16 19 -12 22 -13 25 -10 25 -8 27 -6 30 -6 28 -6 35 1 35 1 30 7 29 5 27 7 27 3 24 3 25 2 21 1 19 0 0 0 0 0 0 0 0 0 0 0 0 0 0 0 0 0 0 0 0 0 0 0 7 23 9 21 10 23 11 21 13 21 12 18 16 17 14 16 17 16 18 15 19 11 19 7 21 3 22 5 16 0 13 0 9 -4 10 -7 12 -10 11 -12 9 -13 10 -19 8 -16 10 -19 7 -22 4 -20 ],2025-05-07_20-08-06-460
CSI_DATA,PASSIVE,5C:E9:31:E8:F4:66,-76,11,0,0,0,0,0,0,0,0,0,-96,0,11,0,2306567308,0,425,0,0,2306.74,128,[-87 -111 26 0 5 -22 10 -23 12 -22 15 -22 11 -21 17 -19 19 -19 19 -13 22 -6 25 -12 24 -6 30 -3 27 -1 27 3 31 4 32 10 32 8 33 10 30 9 29 7 26 9 25 7 21 5 20 3 20 1 0 0 0 0 0 0 0 0 0 0 0 0 0 0 0 0 0 0 0 0 0 0 2 23 2 24 5 22 5 22 5 22 7 24 7 20 10 19 13 17 13 16 17 16 15 10 15 7 18 7 15 6 15 1 16 -4 12 -2 13 -5 14 -12 11 -14 12 -16 12 -15 10 -18 9 -18 11 -20 ],2025-05-07_20-08-06-466
CSI_DATA,PASSIVE,5C:E9:31:E8:F4:66,-77,11,0,0,0,0,0,0,0,0,0,-96,0,11,0,2306567917,0,124,0,0,2306.75,128,[124 -64 7 0 23 7 19 9 20 6 19 8 19 12 16 12 14 12 12 15 12 19 10 21 10 24 5 27 6 29 2 27 1 32 -1 30 -2 30 -3 32 -5 27 -4 24 -1 24 -1 19 0 20 0 17 3 14 0 0 0 0 0 0 0 0 0 0 0 0 0 0 0 0 0 0 0 0 0 0 -22 0 -23 -1 -22 -2 -21 2 -21 4 -20 4 -22 4 -17 7 -18 7 -15 10 -14 12 -10 14 -12 12 -8 13 -6 11 -3 14 0 13 5 13 6 13 6 13 11 12 13 8 15 6 18 5 17 8 18 5 ],2025-05-07_20-08-06-470
CSI_DATA,PASSIVE,5C:E9:31:E8:F4:66,-76,11,0,0,0,0,0,0,0,0,0,-96,0,11,0,2306568126,0,158,0,0,2306.75,128,[-98 -32 9 0 8 -21 9 -20 12 -20 13 -20 13 -16 14 -15 16 -13 20 -12 18 -11 24 -8 25 -7 24 -2 27 1 28 3 28 4 29 7 26 5 26 7 26 7 26 8 21 6 17 7 21 2 18 3 16 2 0 0 0 0 0 0 0 0 0 0 0 0 0 0 0 0 0 0 0 0 0 0 -6 22 -4 23 -4 22 -1 22 -1 20 0 23 2 18 4 20 7 19 9 18 11 14 11 14 9 14 10 11 12 9 9 4 13 -1 12 1 12 -6 14 -8 11 -11 14 -12 11 -15 13 -17 9 -16 9 -14 ],2025-05-07_20-08-06-475
CSI_DATA,PASSIVE,5C:E9:31:E8:F4:66,-77,11,0,0,0,0,0,0,0,0,0,-96,0,11,0,2306568379,0,128,0,0,2306.76,128,[-128 0 8 0 -25 -9 -26 -9 -19 -10 -20 -10 -21 -15 -19 -16 -15 -16 -13 -20 -13 -24 -10 -30 -5 -26 -2 -30 2 -29 2 -33 3 -33 9 -32 10 -31 11 -31 12 -31 10 -26 7 -25 6 -25 6 -25 3 -22 2 -21 0 0 0 0 0 0 0 0 0 0 0 0 0 0 0 0 0 0 0 0 0 0 24 -1 23 -5 23 -4 20 -6 20 -8 21 -7 20 -11 19 -7 15 -12 17 -13 15 -14 16 -17 13 -18 7 -18 4 -16 -1 -15 1 -17 -5 -18 -7 -11 -11 -14 -10 -12 -16 -11 -16 -10 -19 -12 -19 -8 -20 -8 ],2025-05-07_20-08-06-482
CSI_DATA,PASSIVE,5C:E9:31:E8:F4:66,-77,11,0,0,0,0,0,0,0,0,0,-96,0,11,0,2306568592,0,113,0,0,2306.76,128,[113 16 7 0 3 -22 6 -23 5 -25 4 -22 7 -21 9 -18 10 -17 13 -17 16 -16 18 -16 21 -14 24 -12 25 -12 26 -4 30 -4 28 -6 30 -2 29 -2 28 0 25 0 25 -3 26 -2 20 -5 20 -5 18 -4 0 0 0 0 0 0 0 0 0 0 0 0 0 0 0 0 0 0 0 0 0 0 0 23 0 23 1 21 5 20 5 19 8 21 9 19 10 20 13 14 10 15 15 12 13 9 13 8 14 7 13 6 10 -2 11 -2 13 -4 14 -10 9 -8 9 -16 10 -14 4 -17 3 -18 4 -18 6 -22 ],2025-05-07_20-08-06-487
CSI_DATA,PASSIVE,5C:E9:31:E8:F4:66,-77,11,0,0,0,0,0,0,0,0,0,-96,0,11,0,2306568785,0,94,0,0,2306.77,128,[94 -32 5 0 -2 -30 -4 -25 -4 -27 -2 -24 1 -25 0 -26 6 -22 5 -22 10 -20 15 -22 23 -22 25 -21 26 -16 26 -15 24 -19 29 -15 30 -11 28 -12 30 -11 28 -9 26 -10 27 -10 24 -10 20 -8 16 -15 0 0 0 0 0 0 0 0 0 0 0 0 0 0 0 0 0 0 0 0 0 0 6 23 7 20 9 22 10 20 11 18 16 19 15 15 15 16 15 13 15 12 16 9 17 5 17 2 16 3 18 -4 12 -5 10 -6 7 -12 11 -15 9 -15 4 -19 -1 -20 2 -22 0 -22 1 -23 0 -22 ],2025-05-07_20-08-06-493
CSI_DATA,PASSIVE,5C:E9:31:E8:F4:66,-77,11,0,0,0,0,0,0,0,0,0,-96,0,11,0,2306568954,0,94,0,0,2306.77,128,[94 -32 5 0 22 1 21 -5 22 2 21 4 21 1 20 6 18 6 21 14 16 17 12 10 19 14 15 21 13 19 7 28 11 24 12 25 9 24 8 26 10 28 7 22 11 24 7 25 8 18 6 16 9 15 0 0 0 0 0 0 0 0 0 0 0 0 0 0 0 0 0 0 0 0 0 0 -24 5 -22 4 -24 2 -20 5 -20 7 -17 10 -20 13 -15 16 -12 14 -8 9 -10 10 -14 16 -10 10 1 13 -5 17 3 9 1 10 8 8 4 12 15 9 16 -1 17 2 15 1 18 -2 22 -1 17 -1 ],2025-05-07_20-08-06-497
CSI_DATA,PASSIVE,5C:E9:31:E8:F4:66,-76,11,0,0,0,0,0,0,0,0,0,-96,0,11,0,2306569123,0,94,0,0,2306.78,128,[94 -32 5 0 15 17 14 21 9 22 10 22 6 24 7 21 4 23 2 25 -4 22 -4 26 -9 27 -12 31 -15 28 -17 29 -17 28 -21 24 -24 21 -24 23 -23 21 -21 21 -18 21 -18 18 -15 18 -11 15 -11 15 0 0 0 0 0 0 0 0 0 0 0 0 0 0 0 0 0 0 0 0 0 0 -17 -25 -17 -18 -18 -17 -18 -15 -21 -12 -23 -14 -21 -18 -19 -9 -21 -5 -21 -6 -18 -5 -18 6 -22 7 -18 1 -18 9 -10 8 -12 11 -8 11 -2 15 0 15 -2 13 7 15 5 16 10 20 11 20 12 19 ],2025-05-07_20-08-06-504
CSI_DATA,PASSIVE,5C:E9:31:E8:F4:66,-77,11,0,0,0,0,0,0,0,0,0,-96,0,11,0,2306569292,0,158,0,0,2306.78,128,[-98 -32 9 0 -20 10 -20 15 -18 10 -22 14 -22 11 -23 5 -25 5 -23 0 -22 -2 -20 -4 -28 -6 -26 -9 -27 -12 -25 -13 -22 -18 -23 -20 -25 -22 -23 -24 -20 -23 -17 -21 -20 -21 -17 -18 -16 -10 -14 -12 -15 -12 0 0 0 0 0 0 0 0 0 0 0 0 0 0 0 0 0 0 0 0 0 0 17 -18 16 -17 13 -18 14 -17 10 -20 10 -18 8 -21 5 -20 5 -22 -2 -20 -5 -24 -3 -19 -2 -17 -3 -15 -8 -15 -9 -9 -11 -7 -14 -8 -18 -1 -13 0 -17 -2 -17 4 -17 0 -18 12 -18 8 -21 8 ],2025-05-07_20-08-06-510
CSI_DATA,PASSIVE,5C:E9:31:E8:F4:66,-77,11,0,0,0,0,0,0,0,0,0,-96,0,11,0,2306666320,0,94,0,0,2306.83,128,[94 -32 5 0 2 -26 1 -23 6 -22 7 -24 3 -22 4 -20 13 -22 18 -19 18 -18 19 -15 20 -13 22 -15 24 -14 27 -9 27 -6 26 -7 30 -4 27 -4 27 -2 25 -3 21 -4 18 -4 21 -5 19 -6 17 -8 0 0 0 0 0 0 0 0 0 0 0 0 0 0 0 0 0 0 0 0 0 0 -5 19 -3 19 -4 20 1 19 0 19 4 18 4 19 4 20 6 17 11 18 10 16 10 12 10 10 10 9 9 8 10 4 9 -1 10 2 11 -5 7 -9 6 -11 7 -17 6 -19 2 -21 3 -19 4 -21 ],2025-05-07_20-08-06-558
CSI_DATA,PASSIVE,5C:E9:31:E8:F4:66,-77,11,0,0,0,0,0,0,0,0,0,-96,0,11,0,2306666489,0,185,0,0,2306.84,128,[-71 -112 11 0 27 -6 26 -5 24 -4 27 -3 28 -2 23 1 25 0 26 6 25 11 27 11 24 16 21 19 22 20 21 22 21 25 20 25 19 25 14 26 16 26 15 23 16 20 14 18 13 15 12 13 14 12 0 0 0 0 0 0 0 0 0 0 0 0 0 0 0 0 0 0 0 0 0 0 -24 0 -24 1 -20 -1 -22 2 -21 5 -20 9 -20 10 -17 13 -17 10 -16 16 -11 12 -14 14 -8 14 -8 14 -2 12 -2 13 2 10 9 7 8 5 10 8 17 6 16 3 19 -3 17 -3 20 -1 22 -4 ],2025-05-07_20-08-06-563
CSI_DATA,PASSIVE,5C:E9:31:E8:F4:66,-77,11,0,0,0,0,0,0,0,0,0,-96,0,11,0,2306666778,0,165,0,0,2306.84,128,[-91 80 10 0 12 -23 14 -21 13 -20 15 -20 14 -15 16 -15 19 -15 22 -12 21 -10 21 -6 24 -2 25 -3 28 4 26 4 29 4 28 7 28 6 28 10 23 10 24 8 22 8 19 6 19 1 17 -1 15 0 0 0 0 0 0 0 0 0 0 0 0 0 0 0 0 0 0 0 0 0 0 0 -14 16 -11 17 -8 17 -9 18 -7 19 -3 21 -2 19 0 19 5 20 -1 15 3 21 4 14 11 16 9 14 8 9 8 3 12 6 7 2 11 -3 10 -3 13 -8 12 -13 9 -14 12 -16 10 -14 12 -18 ],2025-05-07_20-08-06-568
CSI_DATA,PASSIVE,5C:E9:31:E8:F4:66,-77,11,0,0,0,0,0,0,0,0,0,-96,0,11,0,2306667039,0,165,0,0,2306.85,128,[-91 80 10 0 -29 -3 -28 -5 -26 -5 -24 -7 -24 -7 -24 -10 -21 -14 -23 -14 -22 -21 -23 -17 -18 -23 -17 -28 -13 -30 -12 -29 -9 -32 -7 -32 -5 -32 -8 -33 -4 -28 -4 -28 -7 -24 -4 -23 -6 -19 -10 -18 -9 -15 0 0 0 0 0 0 0 0 0 0 0 0 0 0 0 0 0 0 0 0 0 0 20 8 22 3 23 3 20 0 21 -4 24 -1 20 -6 17 -11 20 -13 21 -6 19 -14 14 -18 9 -11 12 -11 8 -9 3 -13 -4 -11 -3 -14 -8 -10 -13 -10 -10 -9 -17 -6 -16 -8 -24 -4 -25 -3 -21 -2 ],2025-05-07_20-08-06-575
CSI_DATA,PASSIVE,5C:E9:31:E8:F4:66,-76,11,0,0,0,0,0,0,0,0,0,-96,0,11,0,2306667300,0,185,0,0,2306.85,128,[-71 -112 11 0 4 27 4 27 2 28 0 26 -4 27 -5 25 -11 25 -8 27 -15 21 -18 19 -17 21 -23 21 -22 21 -28 21 -27 12 -29 13 -29 14 -32 13 -27 9 -28 11 -26 10 -19 10 -21 12 -15 11 -14 9 0 0 0 0 0 0 0 0 0 0 0 0 0 0 0 0 0 0 0 0 0 0 -4 -22 -3 -23 -9 -20 -10 -22 -11 -22 -11 -20 -13 -17 -15 -17 -18 -17 -15 -16 -17 -12 -18 -8 -15 -6 -19 -2 -13 -4 -17 3 -11 3 -10 6 -9 9 -5 12 -2 16 -2 17 0 19 4 20 3 22 2 24 ],2025-05-07_20-08-06-581
CSI_DATA,PASSIVE,5C:E9:31:E8:F4:66,-77,11,0,0,0,0,0,0,0,0,0,-96,0,11,0,2306667589,0,94,0,0,2306.86,128,[94 -32 5 0 24 9 24 6 21 7 22 12 20 10 20 12 18 15 15 19 12 18 10 21 8 27 3 29 4 29 3 30 4 33 1 31 1 31 -1 29 -2 26 -3 27 -3 23 -1 25 1 18 2 17 2 19 0 0 0 0 0 0 0 0 0 0 0 0 0 0 0 0 0 0 0 0 0 0 -23 -10 -21 -7 -19 -5 -22 -6 -25 1 -20 -2 -20 2 -22 4 -19 6 -21 7 -16 7 -16 12 -10 12 -9 10 -6 9 -7 13 -5 16 4 12 5 13 6 8 8 11 13 10 21 8 18 4 17 8 18 7 ],2025-05-07_20-08-06-585
CSI_DATA,PASSIVE,5C:E9:31:E8:F4:66,-77,11,0,0,0,0,0,0,0,0,0,-96,0,11,0,2306667758,0,94,0,0,2306.87,128,[94 -32 5 0 -6 24 -5 23 -6 26 -7 29 -6 24 -12 23 -15 22 -14 21 -17 19 -19 19 -22 17 -28 16 -29 16 -30 15 -30 15 -34 9 -31 10 -33 8 -32 5 -28 8 -26 8 -19 5 -22 9 -17 8 -15 8 0 0 0 0 0 0 0 0 0 0 0 0 0 0 0 0 0 0 0 0 0 0 7 -25 4 -23 4 -23 1 -23 4 -22 -2 -24 -2 -23 -4 -22 -8 -23 -9 -19 -11 -22 -11 -17 -14 -13 -11 -12 -12 -10 -13 -3 -10 -3 -11 2 -9 5 -8 7 -8 13 -9 15 -6 16 -5 22 -6 21 -4 22 ],2025-05-07_20-08-06-591
CSI_DATA,PASSIVE,5C:E9:31:E8:F4:66,-76,11,0,0,0,0,0,0,0,0,0,-96,0,11,0,2306667927,0,217,0,0,2306.87,128,[-39 -112 13 0 -21 5 -21 10 -19 4 -22 7 -24 2 -23 -1 -21 -4 -22 -5 -21 -4 -23 -6 -23 -13 -19 -16 -26 -13 -18 -15 -20 -21 -28 -22 -20 -21 -21 -20 -15 -24 -15 -26 -14 -26 -16 -14 -13 -13 -11 -9 -8 -9 0 0 0 0 0 0 0 0 0 0 0 0 0 0 0 0 0 0 0 0 0 0 18 -8 16 -8 18 -10 15 -11 18 -17 15 -14 11 -17 16 -14 6 -13 14 -17 5 -22 3 -21 8 -17 3 -19 -2 -15 -1 -11 -2 -7 -9 -11 -8 -5 -11 -4 -14 -1 -11 0 -13 2 -18 2 -19 6 -18 5 ],2025-05-07_20-08-06-597
CSI_DATA,PASSIVE,5C:E9:31:E8:F4:66,-77,11,0,0,0,0,0,0,0,0,0,-96,0,11,0,2306668259,0,217,0,0,2306.88,128,[-39 -112 13 0 -13 26 -13 23 -12 21 -15 25 -16 23 -16 20 -21 17 -19 17 -26 15 -25 13 -26 10 -28 8 -29 12 -33 7 -35 2 -33 1 -34 0 -32 2 -30 -1 -28 0 -26 0 -25 1 -21 3 -17 5 -16 8 0 0 0 0 0 0 0 0 0 0 0 0 0 0 0 0 0 0 0 0 0 0 14 -17 14 -17 14 -16 8 -20 8 -20 4 -19 4 -21 3 -24 1 -20 -2 -21 -3 -20 -5 -17 -6 -15 -8 -14 -11 -9 -10 -8 -10 -5 -11 -3 -14 4 -11 8 -14 12 -13 12 -14 14 -12 19 -10 18 -12 17 ],2025-05-07_20-08-06-603
CSI_DATA,PASSIVE,5C:E9:31:E8:E9:4E,-88,11,0,0,0,0,0,0,0,0,0,-96,0,11,0,2306681287,0,98,0,0,2306.88,128,[98 32 6 0 -13 3 -1 13 5 11 -10 4 -5 9 -1 8 6 10 4 10 0 13 -1 17 0 19 3 18 0 24 2 17 -16 24 3 23 -8 15 -9 13 -24 13 -13 11 -10 8 -16 11 -23 6 -21 2 -12 3 0 0 0 0 0 0 0 0 0 0 0 0 0 0 0 0 0 0 0 0 0 0 0 -11 7 -4 7 -12 -1 -10 5 -6 4 -8 2 -11 -4 -13 0 -13 5 -18 2 -16 -1 -17 3 -19 2 -17 0 -19 -9 -11 1 -15 -2 -24 -11 -20 -1 -13 -5 -10 3 -8 -1 -16 2 -6 -7 -5 5 -9 ],2025-05-07_20-08-06-608
CSI_DATA,PASSIVE,5C:E9:31:E8:E9:4E,-87,11,0,0,0,0,0,0,0,0,0,-96,0,11,0,2306726773,0,246,0,0,2306.89,128,[-10 96 15 0 -5 -3 0 -1 -4 -10 -8 -2 -3 7 -2 1 -6 4 -4 6 -9 9 -1 8 -14 20 -3 10 -10 15 -11 15 -15 17 -3 21 -15 19 -15 17 -14 16 -14 7 -17 11 -20 8 -17 7 -15 3 -14 5 0 0 0 0 0 0 0 0 0 0 0 0 0 0 0 0 0 0 0 0 0 0 2 5 -1 8 -6 10 -2 8 -1 6 7 10 6 10 13 6 11 10 10 14 12 9 18 9 10 11 9 0 13 1 13 5 9 7 8 4 5 -13 14 3 19 -4 11 -2 9 -17 7 -7 -1 4 3 -8 ],2025-05-07_20-08-06-619
CSI_DATA,PASSIVE,5C:E9:31:E8:E9:4E,-89,11,0,0,0,0,0,0,0,0,0,-96,0,11,0,2306731863,0,98,0,0,2306.9,128,[98 32 6 0 -3 -5 -7 8 -10 -6 -9 6 -6 0 0 1 -9 2 -5 6 -5 7 3 14 -6 18 -8 13 -5 13 7 15 -1 29 -2 24 -2 25 -2 26 -2 19 -8 14 -7 17 -7 15 -6 13 -6 16 -12 12 0 0 0 0 0 0 0 0 0 0 0 0 0 0 0 0 0 0 0 0 0 0 -12 4 -3 10 -5 5 -2 12 1 12 -2 8 3 12 4 19 2 17 15 15 5 17 5 6 19 6 9 11 15 2 10 8 15 4 10 -3 8 -1 9 3 1 2 1 -10 5 -1 9 -11 8 -7 2 1 ],2025-05-07_20-08-06-623
CSI_DATA,PASSIVE,5C:E9:31:E8:E9:4E,-87,11,0,0,0,0,0,0,0,0,0,-96,0,11,0,2306735500,0,158,0,0,2306.9,128,[-98 -32 9 0 -4 11 -3 3 -2 12 0 11 5 7 8 5 9 22 5 6 12 6 9 -7 15 0 16 -12 16 1 16 -2 20 -5 28 1 25 -1 26 2 27 -1 20 3 22 5 20 11 3 11 9 11 8 18 0 0 0 0 0 0 0 0 0 0 0 0 0 0 0 0 0 0 0 0 0 0 9 2 6 2 6 0 8 2 8 4 16 -1 13 -3 10 -11 10 -11 18 -11 8 -13 9 -20 13 -14 11 -16 2 -7 3 -13 0 -12 -3 -13 4 -12 -1 -13 0 -9 -3 -4 -2 -11 -3 -6 -4 0 -11 -7 ],2025-05-07_20-08-06-628
CSI_DATA,PASSIVE,5C:E9:31:E8:E9:4E,-88,11,0,0,0,0,0,0,0,0,0,-96,0,11,0,2306741165,0,98,0,0,2306.91,128,[98 32 6 0 -11 0 -7 3 -4 0 1 8 -4 4 -3 0 -3 11 6 12 8 15 1 11 3 9 9 9 3 16 12 19 9 23 1 20 4 28 2 35 -5 18 -1 15 -4 18 -1 16 -4 18 -12 11 -12 18 0 0 0 0 0 0 0 0 0 0 0 0 0 0 0 0 0 0 0 0 0 0 4 8 2 10 7 6 7 7 9 1 5 0 18 4 14 -1 19 4 9 -1 19 -4 15 -4 9 -3 17 -9 9 -1 13 -7 13 -5 14 -11 3 -9 4 -12 3 -13 -5 -18 -3 -8 0 -8 6 -11 4 -7 ],2025-05-07_20-08-06-634
CSI_DATA,PASSIVE,5C:E9:31:E8:F4:66,-77,11,0,0,0,0,0,0,0,0,0,-96,0,11,0,2306765653,0,94,0,0,2306.93,128,[94 -32 5 0 -25 -6 -24 -6 -17 -9 -15 -8 -17 -12 -14 -16 -14 -13 -12 -22 -15 -21 -13 -24 -13 -26 -14 -27 -1 -28 0 -31 -5 -36 4 -29 3 -27 5 -37 -4 -25 5 -32 -7 -25 -6 -22 -8 -22 0 -18 -3 -16 0 0 0 0 0 0 0 0 0 0 0 0 0 0 0 0 0 0 0 0 0 0 24 7 24 3 20 -3 20 6 21 -1 16 -5 22 -2 16 -2 14 1 17 -8 15 -13 11 -6 7 -8 8 -12 -3 -8 1 -8 -1 -9 -3 -10 -7 -6 -12 -9 -10 -4 -13 -9 -20 -10 -18 -4 -19 -2 -21 -7 ],2025-05-07_20-08-06-658
CSI_DATA,PASSIVE,5C:E9:31:E8:F4:66,-77,11,0,0,0,0,0,0,0,0,0,-96,0,11,0,2306765822,0,94,0,0,2306.94,128,[94 -32 5 0 -12 -17 -11 -18 -8 -18 -5 -18 -5 -21 -4 -21 -1 -24 3 -17 0 -26 9 -25 9 -21 15 -23 15 -24 19 -24 14 -24 19 -18 18 -22 17 -19 17 -21 22 -12 15 -21 13 -20 11 -16 12 -21 11 -18 0 0 0 0 0 0 0 0 0 0 0 0 0 0 0 0 0 0 0 0 0 0 5 20 5 19 6 17 11 20 10 17 11 12 9 18 15 15 15 2 10 11 13 1 7 3 13 -2 13 -4 10 -5 1 -3 0 -10 5 -14 3 -10 -2 -10 -6 -14 -5 -18 -6 -13 -7 -18 -9 -13 -9 -19 ],2025-05-07_20-08-06-663
CSI_DATA,PASSIVE,5C:E9:31:E8:F4:66,-78,11,0,0,0,0,0,0,0,0,0,-96,0,11,0,2306765991,0,94,0,0,2306.94,128,[94 -32 5 0 14 -21 18 -16 14 -12 15 -14 18 -13 22 -9 20 -4 20 -3 18 -4 24 9 24 4 25 10 28 14 16 17 29 15 22 24 29 17 16 19 30 14 22 21 19 13 23 12 19 10 25 8 16 8 0 0 0 0 0 0 0 0 0 0 0 0 0 0 0 0 0 0 0 0 0 0 -18 18 -17 20 -11 18 -12 18 -11 12 -8 21 -13 16 -3 21 2 14 0 21 4 14 3 20 14 11 9 5 8 7 12 6 8 -4 10 3 10 -4 7 -6 10 -9 16 -17 10 -16 12 -10 11 -17 17 -18 ],2025-05-07_20-08-06-669
CSI_DATA,PASSIVE,5C:E9:31:E8:F4:66,-78,11,0,0,0,0,0,0,0,0,0,-96,0,11,0,2306766160,0,125,0,0,2306.95,128,[125 -48 7 0 12 11 15 20 17 17 6 16 10 19 5 19 -5 22 4 24 -3 22 -10 21 -9 26 -10 28 -16 21 -17 23 -18 26 -20 26 -19 20 -24 25 -23 18 -18 20 -16 18 -14 19 -16 16 -12 15 -13 18 0 0 0 0 0 0 0 0 0 0 0 0 0 0 0 0 0 0 0 0 0 0 -16 -18 -16 -15 -19 -18 -17 -16 -22 -14 -17 -12 -19 -11 -16 -10 -17 -5 -16 -3 -16 -2 -14 1 -14 6 -10 5 -10 6 -5 5 0 11 0 9 0 12 8 11 10 12 10 16 12 14 8 15 14 17 15 12 ],2025-05-07_20-08-06-675
CSI_DATA,PASSIVE,5C:E9:31:E8:F4:66,-77,11,0,0,0,0,0,0,0,0,0,-96,0,11,0,2306766369,0,86,0,0,2306.95,128,[86 96 5 0 18 -11 22 -6 20 -11 21 -10 21 -7 20 -4 21 -1 23 4 22 7 21 7 23 10 23 8 25 14 25 19 21 26 24 20 24 21 24 21 22 20 18 20 21 17 17 14 18 12 19 11 19 9 0 0 0 0 0 0 0 0 0 0 0 0 0 0 0 0 0 0 0 0 0 0 -24 10 -19 12 -18 9 -19 11 -16 12 -14 15 -17 12 -8 15 -6 16 -8 16 -3 16 -5 13 1 12 1 11 5 8 7 7 10 1 12 1 12 -2 12 -3 14 -6 17 -6 15 -7 18 -11 17 -13 17 -12 ],2025-05-07_20-08-06-680
CSI_DATA,PASSIVE,5C:E9:31:E8:F4:66,-77,11,0,0,0,0,0,0,0,0,0,-96,0,11,0,2306766526,0,246,0,0,2306.96,128,[-10 96 15 0 -6 -24 4 -22 5 -28 1 -26 6 -17 3 -23 11 -19 15 -20 15 -14 18 -17 20 -15 22 -15 27 -16 31 -12 27 -11 32 -13 34 -11 29 -9 28 -12 27 -10 23 -14 20 -10 15 -16 16 -12 16 -12 0 0 0 0 0 0 0 0 0 0 0 0 0 0 0 0 0 0 0 0 0 0 -8 20 -7 20 -4 22 -5 22 -2 22 -2 21 2 20 2 18 5 14 7 12 5 13 10 8 7 8 8 5 15 -2 8 -3 8 -5 11 -3 3 -13 4 -12 3 -17 2 -22 1 -20 1 -17 1 -22 2 -22 ],2025-05-07_20-08-06-685
CSI_DATA,PASSIVE,5C:E9:31:E8:F4:66,-78,11,0,0,0,0,0,0,0,0,0,-96,0,11,0,2306766895,0,94,0,0,2306.97,128,[94 -32 5 0 -1 -22 -1 -22 1 -26 -1 -19 2 -24 3 -22 10 -19 8 -21 8 -22 17 -19 21 -21 22 -19 23 -14 26 -15 28 -16 32 -12 30 -15 29 -13 26 -9 24 -12 26 -16 23 -14 20 -10 15 -12 11 -12 0 0 0 0 0 0 0 0 0 0 0 0 0 0 0 0 0 0 0 0 0 0 -5 22 -2 21 -3 21 -2 19 1 19 3 20 4 17 6 20 7 14 9 13 11 15 9 9 13 1 13 4 9 0 7 -3 5 -6 10 -10 10 -12 4 -16 4 -16 2 -19 2 -15 -5 -17 -5 -22 -2 -19 ],2025-05-07_20-08-06-690
CSI_DATA,PASSIVE,5C:E9:31:E8:F4:66,-77,11,0,0,0,0,0,0,0,0,0,-96,0,11,0,2306767064,0,202,0,0,2306.97,128,[-54 -96 12 0 17 -13 13 -11 16 -11 24 -11 18 -7 21 -3 18 1 20 -1 21 6 25 5 22 8 22 13 25 17 25 20 25 20 22 20 22 22 22 20 22 20 21 17 20 17 19 12 14 14 19 8 16 10 0 0 0 0 0 0 0 0 0 0 0 0 0 0 0 0 0 0 0 0 0 0 -20 13 -20 13 -17 13 -17 14 -14 13 -12 14 -12 15 -9 16 -7 14 -3 14 -3 16 0 13 4 12 2 8 7 8 6 6 7 6 10 4 12 -2 11 -3 15 -6 16 -10 13 -10 16 -11 20 -11 14 -12 ],2025-05-07_20-08-06-696
CSI_DATA,PASSIVE,5C:E9:31:E8:F4:66,-78,11,0,0,0,0,0,0,0,0,0,-96,0,11,0,2306767377,0,158,0,0,2306.98,128,[-98 -32 9 0 -25 4 -25 0 -26 -2 -23 -3 -19 -3 -26 -9 -18 -10 -24 -11 -19 -18 -18 -17 -19 -18 -13 -26 -15 -27 -14 -27 -13 -32 -12 -31 -10 -28 -7 -29 -7 -29 -9 -28 -8 -25 -11 -22 -10 -21 -8 -18 -10 -16 0 0 0 0 0 0 0 0 0 0 0 0 0 0 0 0 0 0 0 0 0 0 24 -4 24 -2 23 -3 18 -7 20 -5 16 -8 17 -7 14 -10 14 -12 11 -12 9 -10 8 -16 5 -17 0 -13 -2 -11 -4 -9 -4 -8 -10 -8 -13 -6 -16 -9 -14 -2 -14 -3 -22 -2 -21 1 -24 3 -23 3 ],2025-05-07_20-08-06-702
CSI_DATA,PASSIVE,5C:E9:31:E8:F4:66,-78,11,0,0,0,0,0,0,0,0,0,-96,0,11,0,2306767630,0,94,0,0,2306.98,128,[94 -32 5 0 -6 23 -1 22 -9 23 -5 17 -6 21 -14 16 -13 21 -19 12 -15 10 -23 12 -24 13 -27 9 -24 8 -33 7 -30 6 -35 4 -35 3 -30 1 -33 1 -31 2 -27 0 -25 2 -21 5 -20 5 -18 6 0 0 0 0 0 0 0 0 0 0 0 0 0 0 0 0 0 0 0 0 0 0 1 -26 -1 -24 -4 -21 -3 -20 -1 -23 -3 -21 -8 -18 -9 -17 -9 -15 -12 -15 -13 -12 -9 -8 -12 -6 -13 -4 -10 -5 -10 2 -12 3 -12 7 -12 9 -5 11 -3 13 -6 16 -7 19 -4 19 -1 21 -3 19 ],2025-05-07_20-08-06-708
CSI_DATA,PASSIVE,5C:E9:31:E8:E9:4E,-86,11,0,0,0,0,0,0,0,0,0,-96,0,11,0,2306836501,0,350,0,0,2307,128,[94 -31 21 0 6 -4 4 2 9 -4 6 -4 -1 -3 7 -15 11 -7 -5 -5 5 -11 -10 -14 2 -19 1 -26 -5 -23 2 -26 -2 -17 -2 -18 -1 -20 0 -28 1 -15 3 -22 8 -12 6 -15 4 -17 13 -13 5 -12 0 0 0 0 0 0 0 0 0 0 0 0 0 0 0 0 0 0 0 0 0 0 0 -11 3 -15 0 -9 -11 -11 -3 -17 -13 2 -10 -7 -7 -7 -7 -8 -21 0 -4 -8 -6 -7 -19 2 -20 -10 -12 -3 -23 7 -14 9 -10 2 -4 8 -9 18 -12 9 -5 15 -8 3 -14 11 -5 12 -4 -3 ],2025-05-07_20-08-06-728
CSI_DATA,PASSIVE,5C:E9:31:E8:E9:4E,-89,11,0,0,0,0,0,0,0,0,0,-96,0,11,0,2306846513,0,330,0,0,2307.01,128,[74 -95 20 0 5 1 1 8 -8 10 9 -5 8 -1 10 -11 -5 3 13 -9 7 -15 3 -10 5 -8 8 -21 1 -15 9 -26 8 -16 8 -24 18 -25 13 -13 14 -10 12 -14 14 -13 17 -7 14 1 14 -9 13 2 0 0 0 0 0 0 0 0 0 0 0 0 0 0 0 0 0 0 0 0 0 0 -1 -7 -5 -8 -5 1 -4 -2 -11 -7 -12 -5 -16 -1 -11 -6 -20 -9 -16 6 -20 0 -23 -4 -15 -6 -20 0 -14 8 -10 5 -11 5 -16 3 -15 5 -15 7 -8 18 -8 6 -5 16 -9 1 -4 2 -3 8 ],2025-05-07_20-08-06-738
CSI_DATA,PASSIVE,5C:E9:31:E8:E9:4E,-88,11,0,0,0,0,0,0,0,0,0,-96,0,11,0,2306857224,0,98,0,0,2307.02,128,[98 32 6 0 1 -3 -6 -4 -7 -1 -1 -4 -9 -4 -14 5 -4 3 -13 6 -13 7 -7 6 -18 8 -11 6 -23 9 -19 5 -20 8 -22 8 -26 6 -19 -3 -20 2 -21 2 -15 -5 -21 -5 -10 -8 -13 -6 -15 -10 0 0 0 0 0 0 0 0 0 0 0 0 0 0 0 0 0 0 0 0 0 0 0 11 -1 7 -3 6 6 8 6 11 12 3 13 12 16 3 9 -1 17 6 17 6 17 5 17 11 17 8 12 4 16 -2 12 1 11 -2 12 -4 7 -1 11 -8 9 -5 0 -3 1 -7 7 -1 0 -3 ],2025-05-07_20-08-06-748
CSI_DATA,PASSIVE,5C:E9:31:E8:F4:66,-77,11,0,0,0,0,0,0,0,0,0,-96,0,11,0,2306871371,0,98,0,0,2307.04,128,[98 32 6 0 22 -11 23 -9 25 -8 23 -4 23 -4 22 -4 23 3 22 8 24 9 24 14 25 20 25 23 21 22 23 28 25 29 22 32 18 27 20 33 19 30 18 29 16 26 18 23 18 19 16 14 17 16 0 0 0 0 0 0 0 0 0 0 0 0 0 0 0 0 0 0 0 0 0 0 -23 9 -21 13 -17 13 -17 15 -19 15 -15 17 -14 18 -10 18 -9 16 -9 16 -3 19 -5 15 -3 16 3 16 3 13 5 11 7 8 10 3 12 4 13 1 19 -3 13 -5 18 -4 17 -6 19 -11 22 -10 ],2025-05-07_20-08-06-763
CSI_DATA,PASSIVE,5C:E9:31:E8:F4:66,-77,11,0,0,0,0,0,0,0,0,0,-96,0,11,0,2306871544,0,98,0,0,2307.04,128,[98 32 6 0 -21 -6 -21 -9 -22 -11 -18 -10 -19 -12 -16 -15 -14 -21 -15 -19 -9 -20 -11 -27 -7 -27 -3 -27 -5 -29 -4 -33 -3 -36 0 -34 1 -36 1 -32 3 -31 0 -32 0 -29 -2 -28 -2 -26 -4 -21 -4 -19 0 0 0 0 0 0 0 0 0 0 0 0 0 0 0 0 0 0 0 0 0 0 19 12 18 10 18 8 17 5 18 2 17 3 18 0 16 -1 16 -5 13 -9 14 -8 10 -10 13 -11 13 -9 3 -10 3 -16 3 -10 -1 -10 -5 -10 -8 -9 -10 -8 -13 -7 -18 -10 -17 -8 -21 -8 -21 -6 ],2025-05-07_20-08-06-769
CSI_DATA,PASSIVE,5C:E9:31:E8:F4:66,-77,11,0,0,0,0,0,0,0,0,0,-96,0,11,0,2306871717,0,188,0,0,2307.05,128,[-68 -64 11 0 4 21 0 23 0 21 -4 18 -4 20 -7 19 -9 17 -11 20 -12 16 -22 19 -23 15 -25 12 -29 12 -31 17 -29 11 -34 15 -32 13 -34 13 -31 10 -29 9 -29 11 -24 10 -21 8 -22 8 -21 11 0 0 0 0 0 0 0 0 0 0 0 0 0 0 0 0 0 0 0 0 0 0 -2 -25 -1 -20 -4 -22 -9 -19 -7 -22 -8 -20 -13 -20 -11 -16 -14 -16 -14 -14 -13 -10 -15 -10 -17 -5 -16 -3 -11 -4 -14 2 -7 3 -11 8 -9 10 -8 11 -1 14 0 15 -1 19 2 21 1 20 -1 18 ],2025-05-07_20-08-06-775
CSI_DATA,PASSIVE,5C:E9:31:E8:F4:66,-76,11,0,0,0,0,0,0,0,0,0,-96,0,11,0,2306872010,0,130,0,0,2307.05,128,[-126 32 8 0 -24 -3 -21 1 -18 -10 -22 -4 -15 -8 -15 -16 -12 -15 -13 -17 -19 -18 -8 -26 -11 -25 -5 -23 -3 -33 -4 -22 -6 -30 -2 -29 1 -29 -6 -27 0 -36 -1 -33 0 -20 -4 -19 -7 -20 -8 -27 -7 -21 0 0 0 0 0 0 0 0 0 0 0 0 0 0 0 0 0 0 0 0 0 0 18 9 16 7 16 7 19 5 23 2 16 5 17 2 9 0 10 0 15 -7 13 -7 7 -7 8 -11 5 -5 8 -9 4 -9 4 -10 -6 -7 -8 -7 -6 -7 -5 -9 -15 -6 -17 -7 -16 -2 -20 -9 -19 -4 ],2025-05-07_20-08-06-780
CSI_DATA,PASSIVE,5C:E9:31:E8:F4:66,-77,11,0,0,0,0,0,0,0,0,0,-96,0,11,0,2306872227,0,350,0,0,2307.06,128,[94 -31 21 0 9 24 6 21 4 20 -3 18 0 21 -1 21 -6 19 -6 20 -13 21 -11 22 -21 18 -27 21 -24 19 -25 18 -30 17 -32 17 -33 14 -30 14 -33 12 -28 11 -25 12 -21 17 -18 13 -20 12 -14 13 0 0 0 0 0 0 0 0 0 0 0 0 0 0 0 0 0 0 0 0 0 0 -9 -21 -8 -16 -13 -23 -13 -15 -14 -14 -12 -13 -16 -16 -17 -13 -19 -11 -17 -8 -18 -6 -19 -2 -15 -3 -14 0 -16 4 -12 3 -10 6 -5 9 -6 11 1 13 0 11 1 18 4 18 4 18 7 19 4 21 ],2025-05-07_20-08-06-786
CSI_DATA,PASSIVE,5C:E9:31:E8:F4:66,-77,11,0,0,0,0,0,0,0,0,0,-96,0,11,0,2306872736,0,330,0,0,2307.07,128,[74 -95 20 0 22 11 20 7 19 10 18 13 14 14 16 15 12 17 11 20 8 20 3 24 2 26 1 28 -2 30 -5 31 -3 33 -5 33 -8 34 -9 31 -9 31 -5 30 -7 28 -3 28 -2 21 -1 21 1 22 0 0 0 0 0 0 0 0 0 0 0 0 0 0 0 0 0 0 0 0 0 0 -23 -9 -22 -8 -18 -5 -20 -3 -21 -2 -22 -1 -22 3 -20 3 -16 5 -17 7 -16 6 -14 11 -16 11 -11 12 -8 11 -4 13 -2 12 2 11 3 13 7 8 11 11 12 8 15 7 18 7 17 4 20 10 ],2025-05-07_20-08-06-791
CSI_DATA,PASSIVE,5C:E9:31:E8:F4:66,-76,11,0,0,0,0,0,0,0,0,0,-96,0,11,0,2306873217,0,330,0,0,2307.07,128,[74 -95 20 0 -3 -24 2 -25 3 -25 6 -23 7 -22 8 -20 10 -20 14 -20 16 -18 21 -14 21 -17 27 -15 28 -11 30 -16 32 -12 31 -13 33 -10 32 -10 31 -8 28 -11 27 -9 26 -12 21 -12 20 -11 17 -10 0 0 0 0 0 0 0 0 0 0 0 0 0 0 0 0 0 0 0 0 0 0 -3 22 -2 18 -2 20 0 21 2 18 4 20 7 20 8 18 12 16 12 15 13 13 15 9 14 9 16 6 13 3 12 -2 10 -3 11 -6 8 -10 3 -11 4 -15 -1 -19 4 -19 1 -20 0 -23 0 -21 ],2025-05-07_20-08-06-797
CSI_DATA,PASSIVE,5C:E9:31:E8:F4:66,-77,11,0,0,0,0,0,0,0,0,0,-96,0,11,0,2306873698,0,350,0,0,2307.08,128,[94 -31 21 0 -19 14 -21 12 -20 8 -19 6 -21 5 -24 3 -20 -2 -25 -7 -28 -4 -22 -11 -27 -16 -23 -19 -24 -21 -25 -26 -22 -24 -23 -25 -21 -30 -22 -25 -21 -25 -18 -23 -19 -23 -18 -19 -18 -17 -19 -14 -18 -13 0 0 0 0 0 0 0 0 0 0 0 0 0 0 0 0 0 0 0 0 0 0 17 -10 19 -12 15 -13 15 -12 15 -12 13 -18 10 -17 8 -19 4 -21 6 -16 4 -16 2 -15 -1 -16 -6 -13 -5 -13 -8 -12 -6 -8 -15 -7 -11 -2 -15 1 -15 4 -17 5 -18 8 -17 7 -19 11 -19 9 ],2025-05-07_20-08-06-803
CSI_DATA,PASSIVE,5C:E9:31:E8:F4:66,-77,11,0,0,0,0,0,0,0,0,0,-96,0,11,0,2306874207,0,188,0,0,2307.08,128,[-68 -64 11 0 2 23 -3 20 -3 26 -7 20 -13 19 -13 20 -16 16 -21 16 -24 15 -27 13 -28 9 -28 8 -30 4 -33 5 -33 1 -40 1 -35 -2 -35 -1 -34 -3 -28 -2 -32 -1 -28 0 -25 5 -24 3 -19 3 0 0 0 0 0 0 0 0 0 0 0 0 0 0 0 0 0 0 0 0 0 0 0 -23 -3 -20 -3 -22 -5 -23 -3 -21 -11 -21 -11 -20 -14 -20 -12 -18 -11 -14 -15 -17 -14 -10 -17 -5 -15 -7 -15 -4 -14 2 -10 3 -11 4 -9 7 -8 10 -4 12 -6 14 -7 18 -4 20 -5 20 -1 21 ],2025-05-07_20-08-06-808
CSI_DATA,PASSIVE,5C:E9:31:E8:F4:66,-77,11,0,0,0,0,0,0,0,0,0,-96,0,11,0,2306874500,0,94,0,0,2307.09,128,[94 -32 5 0 -24 -8 -23 -11 -19 -12 -19 -10 -20 -14 -14 -14 -17 -19 -16 -20 -11 -21 -9 -24 -8 -27 -4 -32 -3 -30 -1 -36 1 -37 3 -36 4 -35 4 -32 6 -33 3 -30 2 -30 1 -27 -1 -25 -3 -24 -2 -18 0 0 0 0 0 0 0 0 0 0 0 0 0 0 0 0 0 0 0 0 0 0 20 7 22 8 23 5 18 4 19 -1 18 0 21 -2 18 -3 19 -5 19 -9 12 -8 14 -9 14 -14 8 -12 6 -14 3 -14 -1 -13 -4 -9 -5 -10 -11 -10 -14 -12 -14 -10 -17 -10 -17 -4 -22 -8 -19 -7 ],2025-05-07_20-08-06-814
CSI_DATA,PASSIVE,5C:E9:31:E8:E9:4E,-88,11,0,0,0,0,0,0,0,0,0,-96,0,11,0,2306928509,0,98,0,0,2307.1,128,[98 32 6 0 -3 -14 2 0 -1 1 -5 2 -1 -11 -1 0 -8 -4 -7 -14 -8 -3 -9 2 -16 -5 -19 4 -17 3 -18 14 -28 10 -16 6 -17 -2 -26 -3 -26 -8 -29 -5 -16 -7 -15 -3 -12 -9 -17 -14 -16 -11 0 0 0 0 0 0 0 0 0 0 0 0 0 0 0 0 0 0 0 0 0 0 -4 12 -9 7 -1 7 0 8 7 8 8 7 6 7 3 9 2 13 14 8 2 12 10 12 8 14 10 6 9 8 15 10 13 2 8 4 10 -5 2 9 14 5 14 0 3 4 3 -8 15 3 17 -9 ],2025-05-07_20-08-06-820
CSI_DATA,PASSIVE,5C:E9:31:E8:E9:4E,-87,11,0,0,0,0,0,0,0,0,0,-96,0,11,0,2306950322,0,188,0,0,2307.12,128,[-68 -64 11 0 0 -3 -5 0 -9 -2 -1 -4 -1 -1 -2 -4 -9 -3 -11 -8 -10 -1 -13 -7 -9 -17 -12 -12 -17 -10 -18 -15 -16 -12 -22 -19 -6 -17 -12 -26 -13 -19 -5 -21 -5 -20 -4 -20 -3 -18 0 -13 5 -11 0 0 0 0 0 0 0 0 0 0 0 0 0 0 0 0 0 0 0 0 0 0 -2 -1 -12 1 -5 9 -10 4 0 8 -7 9 -5 7 -12 6 -11 15 -7 12 -14 17 -2 21 -2 15 -12 10 -8 10 4 12 6 10 7 5 0 11 7 1 -2 8 -2 10 4 9 4 5 -1 -5 8 3 ],2025-05-07_20-08-06-842
CSI_DATA,PASSIVE,5C:E9:31:E8:F4:66,-78,11,0,0,0,0,0,0,0,0,0,-96,0,11,0,2306970668,0,158,0,0,2307.14,128,[-98 -32 9 0 22 19 23 13 19 18 16 21 14 15 6 21 7 17 3 22 0 23 -1 21 -4 23 -5 27 -13 29 -11 28 -17 31 -16 31 -19 27 -18 26 -20 24 -16 26 -13 24 -12 22 -10 22 -8 18 -7 21 0 0 0 0 0 0 0 0 0 0 0 0 0 0 0 0 0 0 0 0 0 0 -15 -18 -13 -20 -16 -18 -16 -14 -17 -12 -20 -12 -20 -8 -17 -5 -16 -5 -18 -2 -18 0 -15 2 -16 4 -9 5 -12 5 -4 10 -1 10 -1 11 1 13 7 14 10 16 13 13 16 18 14 15 18 17 19 18 ],2025-05-07_20-08-06-862
CSI_DATA,PASSIVE,5C:E9:31:E8:F4:66,-78,11,0,0,0,0,0,0,0,0,0,-96,0,11,0,2306970921,0,253,0,0,2307.14,128,[-3 -48 15 0 22 -14 22 -14 20 -14 22 -16 23 -4 21 -6 18 -6 22 2 22 5 19 6 23 14 23 18 20 20 22 23 20 26 21 25 19 26 20 28 18 26 17 26 16 22 17 21 16 18 17 17 17 14 0 0 0 0 0 0 0 0 0 0 0 0 0 0 0 0 0 0 0 0 0 0 -18 11 -20 13 -18 13 -17 12 -18 14 -8 16 -12 20 -6 19 -6 17 -3 17 1 16 -1 15 0 16 5 13 5 13 7 6 10 3 12 5 17 0 17 -5 17 -4 18 -8 19 -14 18 -12 21 -11 22 -14 ],2025-05-07_20-08-06-868
CSI_DATA,PASSIVE,5C:E9:31:E8:F4:66,-78,11,0,0,0,0,0,0,0,0,0,-96,0,11,0,2306971302,0,273,0,0,2307.15,128,[17 17 17 0 15 17 17 20 14 20 10 16 1 21 1 23 -1 20 -7 24 -7 22 -10 27 -11 23 -20 23 -21 21 -28 22 -25 19 -27 19 -28 19 -25 17 -29 18 -27 13 -27 13 -27 17 -21 14 -18 17 -12 11 0 0 0 0 0 0 0 0 0 0 0 0 0 0 0 0 0 0 0 0 0 0 -19 -19 -17 -13 -18 -14 -19 -10 -20 -8 -19 -8 -22 -5 -19 -6 -19 -5 -16 -2 -20 -1 -19 3 -15 9 -15 7 -7 9 -7 10 -4 16 1 9 -1 15 9 13 6 22 8 20 12 17 16 18 13 20 15 17 ],2025-05-07_20-08-06-873
CSI_DATA,PASSIVE,5C:E9:31:E8:F4:66,-78,11,0,0,0,0,0,0,0,0,0,-96,0,11,0,2306971707,0,80,0,0,2307.15,128,[80 0 5 0 3 22 0 27 4 22 -6 22 -4 20 -8 22 -12 20 -17 15 -13 13 -15 11 -25 9 -35 10 -25 9 -31 9 -30 7 -28 5 -38 4 -36 3 -35 4 -33 4 -30 4 -29 3 -24 4 -24 5 -18 5 0 0 0 0 0 0 0 0 0 0 0 0 0 0 0 0 0 0 0 0 0 0 1 -26 -2 -23 1 -23 -2 -19 -2 -21 -7 -17 -11 -18 -11 -18 -12 -16 -13 -10 -19 -9 -18 -9 -13 -2 -17 -5 -13 -3 -9 0 -12 3 -4 10 -5 15 -5 16 -1 19 -5 19 -3 17 -2 25 0 22 0 28 ],2025-05-07_20-08-06-879
CSI_DATA,PASSIVE,5C:E9:31:E8:F4:66,-78,11,0,0,0,0,0,0,0,0,0,-96,0,11,0,2306971856,0,94,0,0,2307.16,128,[94 -32 5 0 11 21 6 18 6 25 3 22 0 20 0 15 -4 17 -4 13 -9 17 -15 17 -12 19 -15 18 -21 17 -26 14 -22 13 -28 19 -27 13 -26 13 -29 11 -25 12 -19 15 -23 17 -22 11 -16 16 -16 17 0 0 0 0 0 0 0 0 0 0 0 0 0 0 0 0 0 0 0 0 0 0 -7 -23 -6 -20 -4 -16 -10 -15 -11 -14 -11 -12 -14 -13 -13 -11 -15 -13 -19 -7 -14 -5 -14 -5 -18 -4 -13 -2 -10 0 -12 5 -6 10 -10 10 -2 12 -4 16 1 15 -1 19 2 21 3 17 11 21 8 18 ],2025-05-07_20-08-06-885
CSI_DATA,PASSIVE,5C:E9:31:E8:F4:66,-79,11,0,0,0,0,0,0,0,0,0,-96,0,11,0,2306972025,0,254,0,0,2307.17,128,[-2 -32 15 0 -47 19 -45 28 -49 21 -41 11 -37 8 -48 2 -46 -2 -44 -10 -46 -12 -38 -29 -46 -32 -48 -36 -50 -44 -44 -41 -52 -56 -47 -60 -39 -53 -38 -60 -35 -54 -41 -52 -42 -49 -39 -39 -35 -34 -30 -33 -33 -27 0 0 0 0 0 0 0 0 0 0 0 0 0 0 0 0 0 0 0 0 0 0 38 -19 39 -18 32 -26 33 -24 32 -24 29 -30 18 -32 22 -34 22 -34 5 -32 9 -38 -2 -33 2 -25 -3 -24 -10 -20 -10 -22 -24 -9 -30 -5 -31 0 -28 8 -34 10 -35 13 -41 18 -45 23 -39 21 -43 25 ],2025-05-07_20-08-06-891
CSI_DATA,PASSIVE,5C:E9:31:E8:F4:66,-78,11,0,0,0,0,0,0,0,0,0,-96,0,11,0,2306972406,0,148,0,0,2307.17,128,[-108 64 9 0 -15 -21 -20 -17 -15 -19 -13 -21 -11 -22 -9 -25 0 -23 2 -26 8 -21 7 -25 8 -26 14 -24 22 -27 19 -24 21 -28 26 -25 25 -26 25 -25 27 -22 25 -16 21 -21 18 -20 20 -18 16 -17 9 -18 0 0 0 0 0 0 0 0 0 0 0 0 0 0 0 0 0 0 0 0 0 0 14 19 15 17 15 15 17 13 17 9 18 7 20 7 19 10 20 3 10 -2 15 -5 19 -6 15 -11 13 -10 3 -12 9 -12 4 -14 3 -11 -2 -14 -4 -17 -9 -19 -7 -18 -10 -18 -12 -24 -21 -21 -12 -20 ],2025-05-07_20-08-06-897
CSI_DATA,PASSIVE,5C:E9:31:E8:F4:66,-77,11,0,0,0,0,0,0,0,0,0,-96,0,11,0,2306972647,0,188,0,0,2307.18,128,[-68 -64 11 0 16 17 17 18 16 14 8 17 12 17 9 16 4 20 4 19 0 20 -4 17 -8 21 -13 23 -13 19 -18 22 -21 23 -20 23 -22 22 -23 21 -20 16 -21 18 -20 16 -15 16 -14 16 -13 15 -13 14 0 0 0 0 0 0 0 0 0 0 0 0 0 0 0 0 0 0 0 0 0 0 -21 -10 -20 -8 -20 -8 -17 -6 -21 -3 -19 -6 -16 -3 -15 3 -15 1 -19 1 -19 7 -12 10 -10 7 -6 9 -3 9 -3 11 0 13 2 14 1 11 9 17 10 16 12 15 11 12 16 10 19 14 15 11 ],2025-05-07_20-08-06-903
CSI_DATA,PASSIVE,5C:E9:31:E8:E9:4E,-88,11,0,0,0,0,0,0,0,0,0,-96,0,11,0,2307054158,0,197,0,0,2307.22,128,[-59 80 12 0 -1 -1 -8 5 -9 2 -6 -4 2 3 -6 1 -6 6 -9 5 -4 0 -7 11 -5 17 -7 14 -10 23 -5 13 -15 23 -4 20 -5 18 -9 17 -13 17 -23 10 -13 9 -11 12 -12 10 -21 13 -15 6 0 0 0 0 0 0 0 0 0 0 0 0 0 0 0 0 0 0 0 0 0 0 -5 8 -8 7 -3 8 -1 6 5 14 0 11 1 14 2 16 5 13 7 11 1 17 1 12 8 18 8 14 9 11 9 10 9 6 10 7 8 -3 12 -3 9 -3 10 -7 4 -4 10 -6 0 -1 -2 -1 ],2025-05-07_20-08-06-946
CSI_DATA,PASSIVE,5C:E9:31:E8:E9:4E,-87,11,0,0,0,0,0,0,0,0,0,-96,0,11,0,2307055510,0,190,0,0,2307.23,128,[-66 -32 11 0 -1 3 -6 -2 2 -2 -8 7 -8 10 -7 5 -4 3 -9 4 0 6 0 11 0 12 -8 16 -3 20 10 25 -2 19 -6 25 0 28 0 20 -14 18 -21 21 -16 12 -17 14 -15 9 -27 3 -15 5 0 0 0 0 0 0 0 0 0 0 0 0 0 0 0 0 0 0 0 0 0 0 10 3 10 -1 13 0 10 1 16 -1 9 -3 13 -1 17 -13 9 -7 8 -12 16 -10 15 -12 19 -12 4 -12 14 -12 6 -14 4 -7 9 -9 1 -7 6 -14 -13 -20 10 -7 -6 -12 2 -4 -5 -2 -4 -13 ],2025-05-07_20-08-06-951
CSI_DATA,PASSIVE,5C:E9:31:E8:E9:4E,-90,11,0,0,0,0,0,0,0,0,0,-96,0,11,0,2307055807,0,210,0,0,2307.23,128,[-46 32 13 0 5 -1 6 2 7 4 6 0 11 1 2 7 12 -12 11 -9 4 -11 7 -8 2 -9 6 -24 20 -17 15 -20 13 -24 14 -15 15 -14 14 -15 23 -8 20 -7 12 -12 17 -10 18 -8 16 1 11 -7 0 0 0 0 0 0 0 0 0 0 0 0 0 0 0 0 0 0 0 0 0 0 -1 -9 1 -12 -2 -11 -6 -13 -6 -9 -10 -8 -8 -11 -17 -7 -7 -5 -13 -7 -11 -12 -19 -4 -17 -9 -19 -3 -13 -2 -22 1 -25 -2 -13 3 -23 -11 -13 2 -13 0 -1 7 -4 3 -3 5 -3 5 -4 -2 ],2025-05-07_20-08-06-957
CSI_DATA,PASSIVE,5C:E9:31:E8:F4:66,-78,11,0,0,0,0,0,0,0,0,0,-96,0,11,0,2307073577,0,394,0,0,2307.24,128,[-118 -95 24 0 36 -29 19 -35 37 -31 38 -18 40 -9 36 -17 41 -7 47 6 44 4 49 26 46 28 53 41 47 46 52 53 52 54 48 54 46 61 43 59 33 52 34 55 37 44 29 37 32 40 34 34 37 23 0 0 0 0 0 0 0 0 0 0 0 0 0 0 0 0 0 0 0 0 0 0 -28 35 -28 23 -28 30 -21 35 -17 30 -5 45 -6 35 -5 40 2 44 4 40 9 40 11 40 10 45 15 34 13 21 12 27 19 16 28 12 25 -2 23 -14 26 -18 30 -19 25 -21 24 -30 37 -36 34 -34 ],2025-05-07_20-08-06-966
CSI_DATA,PASSIVE,5C:E9:31:E8:F4:66,-78,11,0,0,0,0,0,0,0,0,0,-96,0,11,0,2307074146,0,128,0,0,2307.25,128,[-128 0 8 0 -22 -7 -18 -6 -19 -9 -19 -11 -18 -11 -15 -17 -7 -13 -8 -19 -4 -21 -5 -19 4 -25 3 -26 6 -30 10 -30 14 -26 14 -29 16 -29 16 -28 15 -26 14 -25 11 -27 10 -19 8 -22 6 -20 2 -20 0 0 0 0 0 0 0 0 0 0 0 0 0 0 0 0 0 0 0 0 0 0 16 5 16 4 18 4 19 2 16 -4 16 -4 20 -6 17 -9 19 -13 12 -7 15 -14 13 -10 9 -17 8 -16 7 -14 1 -15 2 -12 -1 -13 -6 -12 -8 -11 -13 -9 -11 -9 -16 -9 -18 -6 -18 -5 -21 -9 ],2025-05-07_20-08-06-972
CSI_DATA,PASSIVE,5C:E9:31:E8:F4:66,-77,11,0,0,0,0,0,0,0,0,0,-96,0,11,0,2307074359,0,197,0,0,2307.25,128,[-59 80 12 0 4 -22 5 -22 4 -18 4 -17 7 -21 16 -14 16 -14 14 -12 20 -8 20 -5 20 -3 23 -2 25 -1 33 2 31 5 30 9 32 9 31 11 29 9 27 7 20 6 26 5 20 2 18 -1 17 -2 0 0 0 0 0 0 0 0 0 0 0 0 0 0 0 0 0 0 0 0 0 0 -5 18 -2 16 -1 21 1 16 3 17 8 16 8 15 10 17 13 15 12 14 16 14 13 7 14 10 18 7 14 5 15 -2 12 -3 13 -6 12 -10 4 -10 10 -13 5 -14 4 -18 5 -21 0 -22 8 -19 ],2025-05-07_20-08-06-977
CSI_DATA,PASSIVE,5C:E9:31:E8:F4:66,-77,11,0,0,0,0,0,0,0,0,0,-96,0,11,0,2307074996,0,190,0,0,2307.26,128,[-66 -32 11 0 -15 19 -17 17 -19 12 -19 16 -15 8 -21 9 -23 2 -18 0 -22 -6 -18 -7 -21 -12 -22 -16 -23 -21 -22 -17 -19 -25 -21 -21 -19 -27 -21 -27 -14 -23 -16 -24 -13 -20 -13 -18 -16 -18 -16 -13 -14 -10 0 0 0 0 0 0 0 0 0 0 0 0 0 0 0 0 0 0 0 0 0 0 9 -17 4 -16 5 -18 0 -18 0 -22 -2 -19 -5 -20 -6 -17 -7 -21 -9 -18 -9 -17 -11 -19 -15 -16 -14 -13 -9 -15 -12 -7 -8 -6 -19 -5 -16 1 -17 2 -17 8 -6 10 -16 10 -10 18 -14 14 -13 15 ],2025-05-07_20-08-06-983
CSI_DATA,PASSIVE,5C:E9:31:E8:F4:66,-78,11,0,0,0,0,0,0,0,0,0,-96,0,11,0,2307075293,0,210,0,0,2307.26,128,[-46 32 13 0 17 14 17 15 12 15 12 14 9 18 8 16 6 18 -2 18 -1 17 -9 21 -13 23 -16 24 -15 24 -20 24 -18 23 -22 21 -24 21 -25 21 -24 20 -20 19 -19 17 -17 18 -15 18 -15 14 -9 18 0 0 0 0 0 0 0 0 0 0 0 0 0 0 0 0 0 0 0 0 0 0 -14 -11 -17 -11 -16 -10 -16 -6 -19 -4 -17 -5 -17 -1 -19 -1 -17 2 -17 3 -19 4 -16 10 -17 8 -13 10 -15 9 -10 10 -7 12 -2 11 -1 13 4 11 6 12 8 13 11 12 13 9 15 13 13 13 ],2025-05-07_20-08-06-988
CSI_DATA,PASSIVE,5C:E9:31:E8:F4:66,-78,11,0,0,0,0,0,0,0,0,0,-96,0,11,0,2307075614,0,278,0,0,2307.27,128,[22 97 17 0 -20 -12 -19 -13 -17 -13 -15 -14 -11 -16 -11 -17 -6 -19 -6 -18 0 -21 2 -19 7 -26 5 -23 15 -25 15 -27 15 -28 17 -26 19 -24 19 -25 20 -25 18 -22 15 -20 12 -20 13 -19 8 -16 7 -21 0 0 0 0 0 0 0 0 0 0 0 0 0 0 0 0 0 0 0 0 0 0 17 9 16 9 16 7 14 4 17 0 17 1 20 -3 17 -3 18 -10 17 -8 13 -10 14 -11 15 -14 11 -10 5 -13 5 -14 4 -16 -2 -13 -4 -12 -6 -12 -9 -10 -11 -13 -13 -12 -14 -9 -16 -10 -19 -10 ],2025-05-07_20-08-06-995
CSI_DATA,PASSIVE,5C:E9:31:E8:F4:66,-78,11,0,0,0,0,0,0,0,0,0,-96,0,11,0,2307076027,0,128,0,0,2307.27,128,[-128 0 8 0 -24 2 -19 2 -19 -4 -23 -3 -18 -5 -18 -11 -16 -9 -14 -15 -15 -19 -20 -20 -4 -22 -2 -30 -1 -29 -2 -23 -9 -31 -5 -42 -3 -24 -2 -39 -2 -38 0 -33 -2 -27 3 -30 -7 -20 -9 -19 -8 -20 0 0 0 0 0 0 0 0 0 0 0 0 0 0 0 0 0 0 0 0 0 0 15 -1 19 -2 13 0 16 1 15 -6 21 -8 17 -10 14 -12 1 -15 7 -18 4 -15 7 -16 4 -19 9 -20 -5 -13 -1 -12 -7 -15 -14 -14 -7 -12 -8 -2 -14 -8 -16 0 -17 -6 -21 -4 -22 1 -24 0 ],2025-05-07_20-08-06-0
CSI_DATA,PASSIVE,5C:E9:31:E8:F4:66,-78,11,0,0,0,0,0,0,0,0,0,-96,0,11,0,2307076240,0,94,0,0,2307.28,128,[94 -32 5 0 7 -24 7 -23 10 -20 13 -25 10 -15 14 -16 18 -12 21 -7 18 -5 24 1 26 0 27 6 29 7 30 13 33 13 34 15 33 17 29 19 28 13 24 16 21 15 23 16 20 10 21 9 22 7 0 0 0 0 0 0 0 0 0 0 0 0 0 0 0 0 0 0 0 0 0 0 -4 23 2 21 2 19 4 20 6 18 8 19 11 20 10 17 14 16 15 15 17 13 18 13 17 5 14 8 14 6 15 2 15 0 11 -8 16 -4 11 -9 11 -14 10 -16 5 -19 5 -18 4 -21 2 -22 ],2025-05-07_20-08-07-5
CSI_DATA,PASSIVE,5C:E9:31:E8:E9:4E,-89,11,0,0,0,0,0,0,0,0,0,-96,0,11,0,2307131646,0,145,0,0,2307.3,128,[-111 16 9 0 3 2 10 -3 10 1 0 -8 13 -4 8 -6 12 -7 8 -11 5 -13 5 -6 8 -15 9 -15 5 -17 4 -16 13 -10 11 -18 16 -19 13 -17 21 -17 16 -13 15 -2 13 -6 22 3 15 -5 9 2 0 0 0 0 0 0 0 0 0 0 0 0 0 0 0 0 0 0 0 0 0 0 -9 -8 -11 1 -8 -3 -10 -1 -10 1 -13 -3 -13 -3 -16 11 -10 11 -19 11 -13 13 -14 12 -11 5 -9 16 -12 11 -10 8 -6 8 2 7 -11 10 -9 7 1 5 -1 2 2 9 -2 5 -4 0 1 11 ],2025-05-07_20-08-07-23
CSI_DATA,PASSIVE,5C:E9:31:E8:E9:4E,-88,11,0,0,0,0,0,0,0,0,0,-96,0,11,0,2307132149,0,205,0,0,2307.3,128,[-51 -48 12 0 -1 3 0 2 0 -9 -7 -6 -7 -11 -8 -12 -8 -6 -10 -12 -2 -5 -9 -9 -19 -9 -14 -12 -21 -14 -17 -9 -12 -8 -11 -19 -12 -12 -14 -17 -6 -23 -2 -27 -3 -17 5 -23 3 -17 -1 -18 7 -14 0 0 0 0 0 0 0 0 0 0 0 0 0 0 0 0 0 0 0 0 0 0 -5 8 -8 6 -7 8 -8 10 -7 6 1 11 -2 9 -1 15 -6 13 -1 14 0 15 0 16 4 13 4 9 0 17 3 13 9 14 8 5 0 15 13 17 13 5 6 11 -2 6 12 5 5 -1 2 -1 ],2025-05-07_20-08-07-29
CSI_DATA,PASSIVE,5C:E9:31:E8:E9:4E,-88,11,0,0,0,0,0,0,0,0,0,-96,0,11,0,2307156810,0,98,0,0,2307.32,128,[98 32 6 0 -5 -10 -3 -7 -15 -2 -8 0 -13 2 -15 5 -4 5 -2 7 -7 12 -11 10 -12 16 -6 21 -12 13 -11 16 -9 14 -18 20 -16 15 -19 13 -13 8 -16 10 -16 1 -19 2 -23 4 -17 -2 -16 -6 0 0 0 0 0 0 0 0 0 0 0 0 0 0 0 0 0 0 0 0 0 0 8 5 4 1 6 10 7 1 9 4 12 9 14 9 13 -4 12 4 12 7 13 0 11 6 16 1 13 1 18 0 10 -8 8 -4 12 -6 6 -4 4 4 11 -21 10 -9 4 -8 2 0 3 -2 -10 -1 ],2025-05-07_20-08-07-48
CSI_DATA,PASSIVE,5C:E9:31:E8:F4:66,-78,11,0,0,0,0,0,0,0,0,0,-96,0,11,0,2307175572,0,141,0,0,2307.34,128,[-115 -48 8 0 -8 -25 -4 -23 -3 -25 -2 -22 8 -17 8 -20 9 -17 8 -15 9 -12 19 -9 25 -11 30 -6 29 -8 33 -2 33 -6 33 2 35 0 37 0 31 3 29 2 30 -2 28 -2 26 0 23 -4 21 -4 0 0 0 0 0 0 0 0 0 0 0 0 0 0 0 0 0 0 0 0 0 0 10 20 8 17 13 17 13 14 15 16 15 12 18 12 19 13 20 8 21 3 22 4 19 3 18 1 16 -2 12 -3 14 -7 9 -3 8 -10 4 -12 3 -11 3 -15 -1 -19 -1 -20 -8 -17 -5 -20 -6 -17 ],2025-05-07_20-08-07-68
CSI_DATA,PASSIVE,5C:E9:31:E8:F4:66,-78,11,0,0,0,0,0,0,0,0,0,-96,0,11,0,2307175801,0,161,0,0,2307.35,128,[-95 16 10 0 1 -47 2 -43 15 -40 20 -28 19 -26 22 -24 26 -30 33 -17 37 -10 41 2 56 -1 55 2 56 10 53 18 62 19 64 27 62 25 57 29 56 31 48 25 47 24 44 18 47 22 38 8 39 8 0 0 0 0 0 0 0 0 0 0 0 0 0 0 0 0 0 0 0 0 0 0 1 39 5 34 4 35 7 38 9 35 18 34 17 30 29 36 23 27 28 25 28 28 33 26 31 14 33 11 25 9 19 3 22 1 24 -7 25 -12 18 -19 16 -26 7 -37 12 -33 9 -37 11 -35 12 -38 ],2025-05-07_20-08-07-73
CSI_DATA,PASSIVE,5C:E9:31:E8:F4:66,-78,11,0,0,0,0,0,0,0,0,0,-96,0,11,0,2307176058,0,94,0,0,2307.35,128,[94 -32 5 0 55 -9 33 -9 38 4 34 -14 33 1 25 13 22 20 29 22 24 31 19 28 11 41 8 49 -6 46 0 60 -4 53 -17 63 -12 53 -17 54 -13 47 -18 49 -16 51 -16 43 -8 40 -7 36 1 44 0 0 0 0 0 0 0 0 0 0 0 0 0 0 0 0 0 0 0 0 0 0 -25 25 -23 20 -25 29 -24 25 -23 27 -17 28 -15 29 -14 34 -12 37 -9 32 -8 36 1 36 -8 37 9 27 2 24 10 26 12 17 17 20 12 11 18 10 25 3 26 -1 30 -7 35 -4 28 -17 42 -10 ],2025-05-07_20-08-07-78
CSI_DATA,PASSIVE,5C:E9:31:E8:F4:66,-77,11,0,0,0,0,0,0,0,0,0,-96,0,11,0,2307176227,0,472,0,0,2307.36,128,[-40 -127 29 0 13 16 8 23 8 19 8 17 1 19 0 25 -9 17 -13 18 -18 9 -20 14 -22 16 -24 13 -35 13 -25 12 -33 13 -35 11 -35 7 -32 3 -34 7 -33 2 -29 5 -27 8 -24 9 -23 12 -19 9 0 0 0 0 0 0 0 0 0 0 0 0 0 0 0 0 0 0 0 0 0 0 -11 -14 -15 -14 -16 -14 -17 -14 -17 -11 -22 -14 -19 -13 -19 -8 -24 1 -21 -2 -26 -1 -18 -1 -22 4 -18 3 -19 6 -13 7 -13 10 -9 12 -8 12 -3 15 0 14 5 17 10 17 8 17 2 19 8 17 ],2025-05-07_20-08-07-84
CSI_DATA,PASSIVE,5C:E9:31:E8:F4:66,-79,11,0,0,0,0,0,0,0,0,0,-96,0,11,0,2307176900,0,492,0,0,2307.36,128,[-20 -63 30 0 -11 -18 -10 -18 -6 -23 -6 -22 -7 -20 2 -18 3 -22 4 -20 12 -14 17 -17 20 -16 26 -12 28 -10 30 -12 32 -9 31 -7 31 -4 33 -3 34 -3 29 0 27 -4 21 -5 23 -7 22 -5 19 -8 0 0 0 0 0 0 0 0 0 0 0 0 0 0 0 0 0 0 0 0 0 0 12 17 13 14 13 13 16 11 13 7 19 9 20 8 21 5 18 3 19 3 21 -1 20 -4 21 -6 18 -7 16 -3 13 -8 11 -11 9 -10 6 -13 3 -13 0 -17 -1 -16 -5 -19 -8 -17 -13 -17 -11 -20 ],2025-05-07_20-08-07-90
CSI_DATA,PASSIVE,5C:E9:31:E8:F4:66,-78,11,0,0,0,0,0,0,0,0,0,-96,0,11,0,2307177597,0,94,0,0,2307.37,128,[94 -32 5 0 24 -16 19 -11 20 -15 17 -11 18 -3 22 1 17 3 16 6 16 6 15 18 12 19 10 19 7 25 7 31 5 32 8 29 4 32 3 30 3 33 0 28 -2 26 3 26 5 25 6 21 8 22 0 0 0 0 0 0 0 0 0 0 0 0 0 0 0 0 0 0 0 0 0 0 -14 14 -12 15 -11 16 -9 13 -7 15 -6 18 -2 16 0 21 0 20 4 23 8 22 3 22 4 17 6 19 8 12 6 13 11 12 13 6 12 0 12 1 14 0 14 -2 16 -7 20 -10 21 -9 19 -8 ],2025-05-07_20-08-07-94
CSI_DATA,PASSIVE,5C:E9:31:E8:F4:66,-78,11,0,0,0,0,0,0,0,0,0,-96,0,11,0,2307177766,0,145,0,0,2307.37,128,[-111 16 9 0 18 17 13 24 9 17 5 17 8 20 5 18 0 24 -5 17 -11 18 -12 22 -20 17 -20 20 -24 17 -24 15 -25 13 -31 15 -30 9 -32 9 -30 6 -24 8 -28 8 -25 11 -22 8 -21 9 -15 13 0 0 0 0 0 0 0 0 0 0 0 0 0 0 0 0 0 0 0 0 0 0 -15 -16 -18 -13 -16 -10 -17 -9 -21 -6 -18 -6 -19 -5 -19 0 -23 0 -20 3 -22 3 -20 10 -20 2 -22 7 -16 9 -13 12 -7 9 -7 14 -8 12 -5 17 8 16 6 16 5 18 9 16 11 15 12 17 ],2025-05-07_20-08-07-100
CSI_DATA,PASSIVE,5C:E9:31:E8:F4:66,-78,11,0,0,0,0,0,0,0,0,0,-96,0,11,0,2307178003,0,205,0,0,2307.38,128,[-51 -48 12 0 22 11 21 14 17 12 14 12 13 16 11 15 5 15 4 17 -2 19 -6 19 -14 23 -13 21 -15 24 -20 24 -25 23 -28 20 -26 19 -24 19 -25 16 -24 14 -22 18 -20 16 -19 15 -17 12 -14 15 0 0 0 0 0 0 0 0 0 0 0 0 0 0 0 0 0 0 0 0 0 0 -18 -8 -18 -5 -17 -6 -17 0 -17 3 -22 0 -20 2 -22 8 -20 11 -20 12 -22 13 -19 13 -13 13 -13 14 -8 12 -9 14 -4 14 -2 12 -6 15 2 15 8 14 9 11 13 11 15 13 19 10 17 13 ],2025-05-07_20-08-07-106
CSI_DATA,PASSIVE,5C:E9:31:E8:F4:66,-78,11,0,0,0,0,0,0,0,0,0,-96,0,11,0,2307178320,0,276,0,0,2307.39,128,[20 65 17 0 23 9 20 11 18 13 13 10 13 14 14 15 6 18 2 20 3 18 -7 18 -9 24 -8 27 -16 27 -15 26 -18 25 -20 27 -21 24 -23 21 -24 19 -20 20 -19 22 -16 21 -11 17 -10 18 -9 16 0 0 0 0 0 0 0 0 0 0 0 0 0 0 0 0 0 0 0 0 0 0 -17 -11 -16 -11 -15 -7 -18 -4 -19 -2 -19 -2 -21 0 -22 5 -23 3 -20 6 -21 11 -19 10 -20 15 -15 9 -11 9 -9 15 -7 15 2 9 -1 13 2 14 8 15 9 14 11 11 10 10 19 9 17 11 ],2025-05-07_20-08-07-111
CSI_DATA,PASSIVE,5C:E9:31:E8:F4:66,-78,11,0,0,0,0,0,0,0,0,0,-96,0,11,0,2307178729,0,94,0,0,2307.39,128,[94 -32 5 0 -24 -6 -21 -7 -22 -8 -19 -9 -16 -9 -18 -13 -13 -15 -6 -19 -5 -20 -3 -25 2 -23 5 -25 5 -29 9 -32 11 -32 12 -28 15 -28 17 -29 19 -27 13 -23 11 -22 8 -25 7 -23 4 -18 2 -21 0 0 0 0 0 0 0 0 0 0 0 0 0 0 0 0 0 0 0 0 0 0 20 5 16 2 17 0 18 -3 18 -6 14 -5 19 -9 17 -12 17 -10 18 -13 14 -14 14 -16 12 -20 14 -16 9 -18 6 -16 3 -17 2 -15 -5 -13 -4 -11 -10 -13 -13 -11 -15 -6 -20 -5 -17 -6 -23 -9 ],2025-05-07_20-08-07-117
